reference_date,location,horizon,target,target_end_date,output_type,output_type_id,value
2026-04-11,01,0,wk inc flu hosp,2026-04-11,quantile,0.01,5
2026-04-11,01,0,wk inc flu hosp,2026-04-11,quantile,0.025,7
2026-04-11,01,0,wk inc flu hosp,2026-04-11,quantile,0.05,8
2026-04-11,01,0,wk inc flu hosp,2026-04-11,quantile,0.1,10
2026-04-11,01,0,wk inc flu hosp,2026-04-11,quantile,0.15,12
2026-04-11,01,0,wk inc flu hosp,2026-04-11,quantile,0.2,13
2026-04-11,01,0,wk inc flu hosp,2026-04-11,quantile,0.25,14
2026-04-11,01,0,wk inc flu hosp,2026-04-11,quantile,0.3,16
2026-04-11,01,0,wk inc flu hosp,2026-04-11,quantile,0.35,18
2026-04-11,01,0,wk inc flu hosp,2026-04-11,quantile,0.4,19
2026-04-11,01,0,wk inc flu hosp,2026-04-11,quantile,0.45,21
2026-04-11,01,0,wk inc flu hosp,2026-04-11,quantile,0.5,23
2026-04-11,01,0,wk inc flu hosp,2026-04-11,quantile,0.55,25
2026-04-11,01,0,wk inc flu hosp,2026-04-11,quantile,0.6,28
2026-04-11,01,0,wk inc flu hosp,2026-04-11,quantile,0.65,29
2026-04-11,01,0,wk inc flu hosp,2026-04-11,quantile,0.7,31
2026-04-11,01,0,wk inc flu hosp,2026-04-11,quantile,0.75,33
2026-04-11,01,0,wk inc flu hosp,2026-04-11,quantile,0.8,36
2026-04-11,01,0,wk inc flu hosp,2026-04-11,quantile,0.85,40
2026-04-11,01,0,wk inc flu hosp,2026-04-11,quantile,0.9,45
2026-04-11,01,0,wk inc flu hosp,2026-04-11,quantile,0.95,55
2026-04-11,01,0,wk inc flu hosp,2026-04-11,quantile,0.975,61
2026-04-11,01,0,wk inc flu hosp,2026-04-11,quantile,0.99,74
2026-04-11,01,1,wk inc flu hosp,2026-04-18,quantile,0.01,2
2026-04-11,01,1,wk inc flu hosp,2026-04-18,quantile,0.025,3
2026-04-11,01,1,wk inc flu hosp,2026-04-18,quantile,0.05,4
2026-04-11,01,1,wk inc flu hosp,2026-04-18,quantile,0.1,6
2026-04-11,01,1,wk inc flu hosp,2026-04-18,quantile,0.15,7
2026-04-11,01,1,wk inc flu hosp,2026-04-18,quantile,0.2,9
2026-04-11,01,1,wk inc flu hosp,2026-04-18,quantile,0.25,11
2026-04-11,01,1,wk inc flu hosp,2026-04-18,quantile,0.3,13
2026-04-11,01,1,wk inc flu hosp,2026-04-18,quantile,0.35,14
2026-04-11,01,1,wk inc flu hosp,2026-04-18,quantile,0.4,16
2026-04-11,01,1,wk inc flu hosp,2026-04-18,quantile,0.45,17
2026-04-11,01,1,wk inc flu hosp,2026-04-18,quantile,0.5,20
2026-04-11,01,1,wk inc flu hosp,2026-04-18,quantile,0.55,21
2026-04-11,01,1,wk inc flu hosp,2026-04-18,quantile,0.6,23
2026-04-11,01,1,wk inc flu hosp,2026-04-18,quantile,0.65,26
2026-04-11,01,1,wk inc flu hosp,2026-04-18,quantile,0.7,29
2026-04-11,01,1,wk inc flu hosp,2026-04-18,quantile,0.75,32
2026-04-11,01,1,wk inc flu hosp,2026-04-18,quantile,0.8,35
2026-04-11,01,1,wk inc flu hosp,2026-04-18,quantile,0.85,38
2026-04-11,01,1,wk inc flu hosp,2026-04-18,quantile,0.9,44
2026-04-11,01,1,wk inc flu hosp,2026-04-18,quantile,0.95,55
2026-04-11,01,1,wk inc flu hosp,2026-04-18,quantile,0.975,64
2026-04-11,01,1,wk inc flu hosp,2026-04-18,quantile,0.99,78
2026-04-11,01,2,wk inc flu hosp,2026-04-25,quantile,0.01,0
2026-04-11,01,2,wk inc flu hosp,2026-04-25,quantile,0.025,0
2026-04-11,01,2,wk inc flu hosp,2026-04-25,quantile,0.05,1
2026-04-11,01,2,wk inc flu hosp,2026-04-25,quantile,0.1,3
2026-04-11,01,2,wk inc flu hosp,2026-04-25,quantile,0.15,4
2026-04-11,01,2,wk inc flu hosp,2026-04-25,quantile,0.2,7
2026-04-11,01,2,wk inc flu hosp,2026-04-25,quantile,0.25,8
2026-04-11,01,2,wk inc flu hosp,2026-04-25,quantile,0.3,10
2026-04-11,01,2,wk inc flu hosp,2026-04-25,quantile,0.35,12
2026-04-11,01,2,wk inc flu hosp,2026-04-25,quantile,0.4,12
2026-04-11,01,2,wk inc flu hosp,2026-04-25,quantile,0.45,14
2026-04-11,01,2,wk inc flu hosp,2026-04-25,quantile,0.5,16
2026-04-11,01,2,wk inc flu hosp,2026-04-25,quantile,0.55,19
2026-04-11,01,2,wk inc flu hosp,2026-04-25,quantile,0.6,21
2026-04-11,01,2,wk inc flu hosp,2026-04-25,quantile,0.65,25
2026-04-11,01,2,wk inc flu hosp,2026-04-25,quantile,0.7,27
2026-04-11,01,2,wk inc flu hosp,2026-04-25,quantile,0.75,31
2026-04-11,01,2,wk inc flu hosp,2026-04-25,quantile,0.8,33
2026-04-11,01,2,wk inc flu hosp,2026-04-25,quantile,0.85,38
2026-04-11,01,2,wk inc flu hosp,2026-04-25,quantile,0.9,43
2026-04-11,01,2,wk inc flu hosp,2026-04-25,quantile,0.95,53
2026-04-11,01,2,wk inc flu hosp,2026-04-25,quantile,0.975,65
2026-04-11,01,2,wk inc flu hosp,2026-04-25,quantile,0.99,81
2026-04-11,01,3,wk inc flu hosp,2026-05-02,quantile,0.01,0
2026-04-11,01,3,wk inc flu hosp,2026-05-02,quantile,0.025,0
2026-04-11,01,3,wk inc flu hosp,2026-05-02,quantile,0.05,1
2026-04-11,01,3,wk inc flu hosp,2026-05-02,quantile,0.1,2
2026-04-11,01,3,wk inc flu hosp,2026-05-02,quantile,0.15,4
2026-04-11,01,3,wk inc flu hosp,2026-05-02,quantile,0.2,6
2026-04-11,01,3,wk inc flu hosp,2026-05-02,quantile,0.25,7
2026-04-11,01,3,wk inc flu hosp,2026-05-02,quantile,0.3,8
2026-04-11,01,3,wk inc flu hosp,2026-05-02,quantile,0.35,9
2026-04-11,01,3,wk inc flu hosp,2026-05-02,quantile,0.4,10
2026-04-11,01,3,wk inc flu hosp,2026-05-02,quantile,0.45,12
2026-04-11,01,3,wk inc flu hosp,2026-05-02,quantile,0.5,14
2026-04-11,01,3,wk inc flu hosp,2026-05-02,quantile,0.55,17
2026-04-11,01,3,wk inc flu hosp,2026-05-02,quantile,0.6,19
2026-04-11,01,3,wk inc flu hosp,2026-05-02,quantile,0.65,21
2026-04-11,01,3,wk inc flu hosp,2026-05-02,quantile,0.7,24
2026-04-11,01,3,wk inc flu hosp,2026-05-02,quantile,0.75,28
2026-04-11,01,3,wk inc flu hosp,2026-05-02,quantile,0.8,31
2026-04-11,01,3,wk inc flu hosp,2026-05-02,quantile,0.85,36
2026-04-11,01,3,wk inc flu hosp,2026-05-02,quantile,0.9,40
2026-04-11,01,3,wk inc flu hosp,2026-05-02,quantile,0.95,47
2026-04-11,01,3,wk inc flu hosp,2026-05-02,quantile,0.975,62
2026-04-11,01,3,wk inc flu hosp,2026-05-02,quantile,0.99,81
2026-04-11,02,0,wk inc flu hosp,2026-04-11,quantile,0.01,0
2026-04-11,02,0,wk inc flu hosp,2026-04-11,quantile,0.025,1
2026-04-11,02,0,wk inc flu hosp,2026-04-11,quantile,0.05,1
2026-04-11,02,0,wk inc flu hosp,2026-04-11,quantile,0.1,2
2026-04-11,02,0,wk inc flu hosp,2026-04-11,quantile,0.15,3
2026-04-11,02,0,wk inc flu hosp,2026-04-11,quantile,0.2,3
2026-04-11,02,0,wk inc flu hosp,2026-04-11,quantile,0.25,3
2026-04-11,02,0,wk inc flu hosp,2026-04-11,quantile,0.3,4
2026-04-11,02,0,wk inc flu hosp,2026-04-11,quantile,0.35,4
2026-04-11,02,0,wk inc flu hosp,2026-04-11,quantile,0.4,5
2026-04-11,02,0,wk inc flu hosp,2026-04-11,quantile,0.45,5
2026-04-11,02,0,wk inc flu hosp,2026-04-11,quantile,0.5,7
2026-04-11,02,0,wk inc flu hosp,2026-04-11,quantile,0.55,7
2026-04-11,02,0,wk inc flu hosp,2026-04-11,quantile,0.6,7
2026-04-11,02,0,wk inc flu hosp,2026-04-11,quantile,0.65,8
2026-04-11,02,0,wk inc flu hosp,2026-04-11,quantile,0.7,8
2026-04-11,02,0,wk inc flu hosp,2026-04-11,quantile,0.75,9
2026-04-11,02,0,wk inc flu hosp,2026-04-11,quantile,0.8,10
2026-04-11,02,0,wk inc flu hosp,2026-04-11,quantile,0.85,11
2026-04-11,02,0,wk inc flu hosp,2026-04-11,quantile,0.9,13
2026-04-11,02,0,wk inc flu hosp,2026-04-11,quantile,0.95,15
2026-04-11,02,0,wk inc flu hosp,2026-04-11,quantile,0.975,16
2026-04-11,02,0,wk inc flu hosp,2026-04-11,quantile,0.99,21
2026-04-11,02,1,wk inc flu hosp,2026-04-18,quantile,0.01,0
2026-04-11,02,1,wk inc flu hosp,2026-04-18,quantile,0.025,0
2026-04-11,02,1,wk inc flu hosp,2026-04-18,quantile,0.05,1
2026-04-11,02,1,wk inc flu hosp,2026-04-18,quantile,0.1,1
2026-04-11,02,1,wk inc flu hosp,2026-04-18,quantile,0.15,2
2026-04-11,02,1,wk inc flu hosp,2026-04-18,quantile,0.2,2
2026-04-11,02,1,wk inc flu hosp,2026-04-18,quantile,0.25,2
2026-04-11,02,1,wk inc flu hosp,2026-04-18,quantile,0.3,3
2026-04-11,02,1,wk inc flu hosp,2026-04-18,quantile,0.35,3
2026-04-11,02,1,wk inc flu hosp,2026-04-18,quantile,0.4,4
2026-04-11,02,1,wk inc flu hosp,2026-04-18,quantile,0.45,5
2026-04-11,02,1,wk inc flu hosp,2026-04-18,quantile,0.5,5
2026-04-11,02,1,wk inc flu hosp,2026-04-18,quantile,0.55,6
2026-04-11,02,1,wk inc flu hosp,2026-04-18,quantile,0.6,7
2026-04-11,02,1,wk inc flu hosp,2026-04-18,quantile,0.65,8
2026-04-11,02,1,wk inc flu hosp,2026-04-18,quantile,0.7,9
2026-04-11,02,1,wk inc flu hosp,2026-04-18,quantile,0.75,10
2026-04-11,02,1,wk inc flu hosp,2026-04-18,quantile,0.8,10
2026-04-11,02,1,wk inc flu hosp,2026-04-18,quantile,0.85,12
2026-04-11,02,1,wk inc flu hosp,2026-04-18,quantile,0.9,13
2026-04-11,02,1,wk inc flu hosp,2026-04-18,quantile,0.95,16
2026-04-11,02,1,wk inc flu hosp,2026-04-18,quantile,0.975,20
2026-04-11,02,1,wk inc flu hosp,2026-04-18,quantile,0.99,24
2026-04-11,02,2,wk inc flu hosp,2026-04-25,quantile,0.01,0
2026-04-11,02,2,wk inc flu hosp,2026-04-25,quantile,0.025,0
2026-04-11,02,2,wk inc flu hosp,2026-04-25,quantile,0.05,0
2026-04-11,02,2,wk inc flu hosp,2026-04-25,quantile,0.1,1
2026-04-11,02,2,wk inc flu hosp,2026-04-25,quantile,0.15,1
2026-04-11,02,2,wk inc flu hosp,2026-04-25,quantile,0.2,1
2026-04-11,02,2,wk inc flu hosp,2026-04-25,quantile,0.25,2
2026-04-11,02,2,wk inc flu hosp,2026-04-25,quantile,0.3,2
2026-04-11,02,2,wk inc flu hosp,2026-04-25,quantile,0.35,3
2026-04-11,02,2,wk inc flu hosp,2026-04-25,quantile,0.4,3
2026-04-11,02,2,wk inc flu hosp,2026-04-25,quantile,0.45,4
2026-04-11,02,2,wk inc flu hosp,2026-04-25,quantile,0.5,5
2026-04-11,02,2,wk inc flu hosp,2026-04-25,quantile,0.55,5
2026-04-11,02,2,wk inc flu hosp,2026-04-25,quantile,0.6,6
2026-04-11,02,2,wk inc flu hosp,2026-04-25,quantile,0.65,7
2026-04-11,02,2,wk inc flu hosp,2026-04-25,quantile,0.7,8
2026-04-11,02,2,wk inc flu hosp,2026-04-25,quantile,0.75,9
2026-04-11,02,2,wk inc flu hosp,2026-04-25,quantile,0.8,10
2026-04-11,02,2,wk inc flu hosp,2026-04-25,quantile,0.85,11
2026-04-11,02,2,wk inc flu hosp,2026-04-25,quantile,0.9,14
2026-04-11,02,2,wk inc flu hosp,2026-04-25,quantile,0.95,16
2026-04-11,02,2,wk inc flu hosp,2026-04-25,quantile,0.975,20
2026-04-11,02,2,wk inc flu hosp,2026-04-25,quantile,0.99,25
2026-04-11,02,3,wk inc flu hosp,2026-05-02,quantile,0.01,0
2026-04-11,02,3,wk inc flu hosp,2026-05-02,quantile,0.025,0
2026-04-11,02,3,wk inc flu hosp,2026-05-02,quantile,0.05,0
2026-04-11,02,3,wk inc flu hosp,2026-05-02,quantile,0.1,0
2026-04-11,02,3,wk inc flu hosp,2026-05-02,quantile,0.15,1
2026-04-11,02,3,wk inc flu hosp,2026-05-02,quantile,0.2,1
2026-04-11,02,3,wk inc flu hosp,2026-05-02,quantile,0.25,1
2026-04-11,02,3,wk inc flu hosp,2026-05-02,quantile,0.3,2
2026-04-11,02,3,wk inc flu hosp,2026-05-02,quantile,0.35,2
2026-04-11,02,3,wk inc flu hosp,2026-05-02,quantile,0.4,3
2026-04-11,02,3,wk inc flu hosp,2026-05-02,quantile,0.45,3
2026-04-11,02,3,wk inc flu hosp,2026-05-02,quantile,0.5,5
2026-04-11,02,3,wk inc flu hosp,2026-05-02,quantile,0.55,5
2026-04-11,02,3,wk inc flu hosp,2026-05-02,quantile,0.6,6
2026-04-11,02,3,wk inc flu hosp,2026-05-02,quantile,0.65,7
2026-04-11,02,3,wk inc flu hosp,2026-05-02,quantile,0.7,7
2026-04-11,02,3,wk inc flu hosp,2026-05-02,quantile,0.75,8
2026-04-11,02,3,wk inc flu hosp,2026-05-02,quantile,0.8,10
2026-04-11,02,3,wk inc flu hosp,2026-05-02,quantile,0.85,11
2026-04-11,02,3,wk inc flu hosp,2026-05-02,quantile,0.9,14
2026-04-11,02,3,wk inc flu hosp,2026-05-02,quantile,0.95,17
2026-04-11,02,3,wk inc flu hosp,2026-05-02,quantile,0.975,21
2026-04-11,02,3,wk inc flu hosp,2026-05-02,quantile,0.99,27
2026-04-11,04,0,wk inc flu hosp,2026-04-11,quantile,0.01,19
2026-04-11,04,0,wk inc flu hosp,2026-04-11,quantile,0.025,24
2026-04-11,04,0,wk inc flu hosp,2026-04-11,quantile,0.05,29
2026-04-11,04,0,wk inc flu hosp,2026-04-11,quantile,0.1,35
2026-04-11,04,0,wk inc flu hosp,2026-04-11,quantile,0.15,39
2026-04-11,04,0,wk inc flu hosp,2026-04-11,quantile,0.2,43
2026-04-11,04,0,wk inc flu hosp,2026-04-11,quantile,0.25,47
2026-04-11,04,0,wk inc flu hosp,2026-04-11,quantile,0.3,50
2026-04-11,04,0,wk inc flu hosp,2026-04-11,quantile,0.35,54
2026-04-11,04,0,wk inc flu hosp,2026-04-11,quantile,0.4,57
2026-04-11,04,0,wk inc flu hosp,2026-04-11,quantile,0.45,62
2026-04-11,04,0,wk inc flu hosp,2026-04-11,quantile,0.5,66
2026-04-11,04,0,wk inc flu hosp,2026-04-11,quantile,0.55,69
2026-04-11,04,0,wk inc flu hosp,2026-04-11,quantile,0.6,73
2026-04-11,04,0,wk inc flu hosp,2026-04-11,quantile,0.65,77
2026-04-11,04,0,wk inc flu hosp,2026-04-11,quantile,0.7,80
2026-04-11,04,0,wk inc flu hosp,2026-04-11,quantile,0.75,85
2026-04-11,04,0,wk inc flu hosp,2026-04-11,quantile,0.8,92
2026-04-11,04,0,wk inc flu hosp,2026-04-11,quantile,0.85,98
2026-04-11,04,0,wk inc flu hosp,2026-04-11,quantile,0.9,108
2026-04-11,04,0,wk inc flu hosp,2026-04-11,quantile,0.95,122
2026-04-11,04,0,wk inc flu hosp,2026-04-11,quantile,0.975,138
2026-04-11,04,0,wk inc flu hosp,2026-04-11,quantile,0.99,162
2026-04-11,04,1,wk inc flu hosp,2026-04-18,quantile,0.01,9
2026-04-11,04,1,wk inc flu hosp,2026-04-18,quantile,0.025,12
2026-04-11,04,1,wk inc flu hosp,2026-04-18,quantile,0.05,17
2026-04-11,04,1,wk inc flu hosp,2026-04-18,quantile,0.1,23
2026-04-11,04,1,wk inc flu hosp,2026-04-18,quantile,0.15,27
2026-04-11,04,1,wk inc flu hosp,2026-04-18,quantile,0.2,30
2026-04-11,04,1,wk inc flu hosp,2026-04-18,quantile,0.25,33
2026-04-11,04,1,wk inc flu hosp,2026-04-18,quantile,0.3,37
2026-04-11,04,1,wk inc flu hosp,2026-04-18,quantile,0.35,40
2026-04-11,04,1,wk inc flu hosp,2026-04-18,quantile,0.4,44
2026-04-11,04,1,wk inc flu hosp,2026-04-18,quantile,0.45,48
2026-04-11,04,1,wk inc flu hosp,2026-04-18,quantile,0.5,53
2026-04-11,04,1,wk inc flu hosp,2026-04-18,quantile,0.55,57
2026-04-11,04,1,wk inc flu hosp,2026-04-18,quantile,0.6,62
2026-04-11,04,1,wk inc flu hosp,2026-04-18,quantile,0.65,67
2026-04-11,04,1,wk inc flu hosp,2026-04-18,quantile,0.7,73
2026-04-11,04,1,wk inc flu hosp,2026-04-18,quantile,0.75,78
2026-04-11,04,1,wk inc flu hosp,2026-04-18,quantile,0.8,84
2026-04-11,04,1,wk inc flu hosp,2026-04-18,quantile,0.85,92
2026-04-11,04,1,wk inc flu hosp,2026-04-18,quantile,0.9,102
2026-04-11,04,1,wk inc flu hosp,2026-04-18,quantile,0.95,120
2026-04-11,04,1,wk inc flu hosp,2026-04-18,quantile,0.975,139
2026-04-11,04,1,wk inc flu hosp,2026-04-18,quantile,0.99,168
2026-04-11,04,2,wk inc flu hosp,2026-04-25,quantile,0.01,3
2026-04-11,04,2,wk inc flu hosp,2026-04-25,quantile,0.025,5
2026-04-11,04,2,wk inc flu hosp,2026-04-25,quantile,0.05,7
2026-04-11,04,2,wk inc flu hosp,2026-04-25,quantile,0.1,11
2026-04-11,04,2,wk inc flu hosp,2026-04-25,quantile,0.15,16
2026-04-11,04,2,wk inc flu hosp,2026-04-25,quantile,0.2,21
2026-04-11,04,2,wk inc flu hosp,2026-04-25,quantile,0.25,23
2026-04-11,04,2,wk inc flu hosp,2026-04-25,quantile,0.3,26
2026-04-11,04,2,wk inc flu hosp,2026-04-25,quantile,0.35,29
2026-04-11,04,2,wk inc flu hosp,2026-04-25,quantile,0.4,34
2026-04-11,04,2,wk inc flu hosp,2026-04-25,quantile,0.45,38
2026-04-11,04,2,wk inc flu hosp,2026-04-25,quantile,0.5,45
2026-04-11,04,2,wk inc flu hosp,2026-04-25,quantile,0.55,50
2026-04-11,04,2,wk inc flu hosp,2026-04-25,quantile,0.6,55
2026-04-11,04,2,wk inc flu hosp,2026-04-25,quantile,0.65,61
2026-04-11,04,2,wk inc flu hosp,2026-04-25,quantile,0.7,67
2026-04-11,04,2,wk inc flu hosp,2026-04-25,quantile,0.75,72
2026-04-11,04,2,wk inc flu hosp,2026-04-25,quantile,0.8,79
2026-04-11,04,2,wk inc flu hosp,2026-04-25,quantile,0.85,89
2026-04-11,04,2,wk inc flu hosp,2026-04-25,quantile,0.9,102
2026-04-11,04,2,wk inc flu hosp,2026-04-25,quantile,0.95,122
2026-04-11,04,2,wk inc flu hosp,2026-04-25,quantile,0.975,146
2026-04-11,04,2,wk inc flu hosp,2026-04-25,quantile,0.99,180
2026-04-11,04,3,wk inc flu hosp,2026-05-02,quantile,0.01,2
2026-04-11,04,3,wk inc flu hosp,2026-05-02,quantile,0.025,3
2026-04-11,04,3,wk inc flu hosp,2026-05-02,quantile,0.05,6
2026-04-11,04,3,wk inc flu hosp,2026-05-02,quantile,0.1,11
2026-04-11,04,3,wk inc flu hosp,2026-05-02,quantile,0.15,13
2026-04-11,04,3,wk inc flu hosp,2026-05-02,quantile,0.2,17
2026-04-11,04,3,wk inc flu hosp,2026-05-02,quantile,0.25,21
2026-04-11,04,3,wk inc flu hosp,2026-05-02,quantile,0.3,23
2026-04-11,04,3,wk inc flu hosp,2026-05-02,quantile,0.35,26
2026-04-11,04,3,wk inc flu hosp,2026-05-02,quantile,0.4,31
2026-04-11,04,3,wk inc flu hosp,2026-05-02,quantile,0.45,33
2026-04-11,04,3,wk inc flu hosp,2026-05-02,quantile,0.5,40
2026-04-11,04,3,wk inc flu hosp,2026-05-02,quantile,0.55,45
2026-04-11,04,3,wk inc flu hosp,2026-05-02,quantile,0.6,51
2026-04-11,04,3,wk inc flu hosp,2026-05-02,quantile,0.65,55
2026-04-11,04,3,wk inc flu hosp,2026-05-02,quantile,0.7,61
2026-04-11,04,3,wk inc flu hosp,2026-05-02,quantile,0.75,68
2026-04-11,04,3,wk inc flu hosp,2026-05-02,quantile,0.8,75
2026-04-11,04,3,wk inc flu hosp,2026-05-02,quantile,0.85,85
2026-04-11,04,3,wk inc flu hosp,2026-05-02,quantile,0.9,99
2026-04-11,04,3,wk inc flu hosp,2026-05-02,quantile,0.95,128
2026-04-11,04,3,wk inc flu hosp,2026-05-02,quantile,0.975,158
2026-04-11,04,3,wk inc flu hosp,2026-05-02,quantile,0.99,203
2026-04-11,05,0,wk inc flu hosp,2026-04-11,quantile,0.01,2
2026-04-11,05,0,wk inc flu hosp,2026-04-11,quantile,0.025,3
2026-04-11,05,0,wk inc flu hosp,2026-04-11,quantile,0.05,5
2026-04-11,05,0,wk inc flu hosp,2026-04-11,quantile,0.1,6
2026-04-11,05,0,wk inc flu hosp,2026-04-11,quantile,0.15,7
2026-04-11,05,0,wk inc flu hosp,2026-04-11,quantile,0.2,8
2026-04-11,05,0,wk inc flu hosp,2026-04-11,quantile,0.25,9
2026-04-11,05,0,wk inc flu hosp,2026-04-11,quantile,0.3,10
2026-04-11,05,0,wk inc flu hosp,2026-04-11,quantile,0.35,11
2026-04-11,05,0,wk inc flu hosp,2026-04-11,quantile,0.4,12
2026-04-11,05,0,wk inc flu hosp,2026-04-11,quantile,0.45,13
2026-04-11,05,0,wk inc flu hosp,2026-04-11,quantile,0.5,14
2026-04-11,05,0,wk inc flu hosp,2026-04-11,quantile,0.55,16
2026-04-11,05,0,wk inc flu hosp,2026-04-11,quantile,0.6,17
2026-04-11,05,0,wk inc flu hosp,2026-04-11,quantile,0.65,18
2026-04-11,05,0,wk inc flu hosp,2026-04-11,quantile,0.7,21
2026-04-11,05,0,wk inc flu hosp,2026-04-11,quantile,0.75,22
2026-04-11,05,0,wk inc flu hosp,2026-04-11,quantile,0.8,25
2026-04-11,05,0,wk inc flu hosp,2026-04-11,quantile,0.85,27
2026-04-11,05,0,wk inc flu hosp,2026-04-11,quantile,0.9,29
2026-04-11,05,0,wk inc flu hosp,2026-04-11,quantile,0.95,36
2026-04-11,05,0,wk inc flu hosp,2026-04-11,quantile,0.975,43
2026-04-11,05,0,wk inc flu hosp,2026-04-11,quantile,0.99,54
2026-04-11,05,1,wk inc flu hosp,2026-04-18,quantile,0.01,0
2026-04-11,05,1,wk inc flu hosp,2026-04-18,quantile,0.025,1
2026-04-11,05,1,wk inc flu hosp,2026-04-18,quantile,0.05,2
2026-04-11,05,1,wk inc flu hosp,2026-04-18,quantile,0.1,3
2026-04-11,05,1,wk inc flu hosp,2026-04-18,quantile,0.15,3
2026-04-11,05,1,wk inc flu hosp,2026-04-18,quantile,0.2,4
2026-04-11,05,1,wk inc flu hosp,2026-04-18,quantile,0.25,5
2026-04-11,05,1,wk inc flu hosp,2026-04-18,quantile,0.3,6
2026-04-11,05,1,wk inc flu hosp,2026-04-18,quantile,0.35,7
2026-04-11,05,1,wk inc flu hosp,2026-04-18,quantile,0.4,8
2026-04-11,05,1,wk inc flu hosp,2026-04-18,quantile,0.45,9
2026-04-11,05,1,wk inc flu hosp,2026-04-18,quantile,0.5,10
2026-04-11,05,1,wk inc flu hosp,2026-04-18,quantile,0.55,11
2026-04-11,05,1,wk inc flu hosp,2026-04-18,quantile,0.6,12
2026-04-11,05,1,wk inc flu hosp,2026-04-18,quantile,0.65,14
2026-04-11,05,1,wk inc flu hosp,2026-04-18,quantile,0.7,15
2026-04-11,05,1,wk inc flu hosp,2026-04-18,quantile,0.75,17
2026-04-11,05,1,wk inc flu hosp,2026-04-18,quantile,0.8,20
2026-04-11,05,1,wk inc flu hosp,2026-04-18,quantile,0.85,22
2026-04-11,05,1,wk inc flu hosp,2026-04-18,quantile,0.9,25
2026-04-11,05,1,wk inc flu hosp,2026-04-18,quantile,0.95,32
2026-04-11,05,1,wk inc flu hosp,2026-04-18,quantile,0.975,40
2026-04-11,05,1,wk inc flu hosp,2026-04-18,quantile,0.99,51
2026-04-11,05,2,wk inc flu hosp,2026-04-25,quantile,0.01,0
2026-04-11,05,2,wk inc flu hosp,2026-04-25,quantile,0.025,0
2026-04-11,05,2,wk inc flu hosp,2026-04-25,quantile,0.05,0
2026-04-11,05,2,wk inc flu hosp,2026-04-25,quantile,0.1,2
2026-04-11,05,2,wk inc flu hosp,2026-04-25,quantile,0.15,2
2026-04-11,05,2,wk inc flu hosp,2026-04-25,quantile,0.2,3
2026-04-11,05,2,wk inc flu hosp,2026-04-25,quantile,0.25,4
2026-04-11,05,2,wk inc flu hosp,2026-04-25,quantile,0.3,4
2026-04-11,05,2,wk inc flu hosp,2026-04-25,quantile,0.35,5
2026-04-11,05,2,wk inc flu hosp,2026-04-25,quantile,0.4,6
2026-04-11,05,2,wk inc flu hosp,2026-04-25,quantile,0.45,6
2026-04-11,05,2,wk inc flu hosp,2026-04-25,quantile,0.5,8
2026-04-11,05,2,wk inc flu hosp,2026-04-25,quantile,0.55,9
2026-04-11,05,2,wk inc flu hosp,2026-04-25,quantile,0.6,10
2026-04-11,05,2,wk inc flu hosp,2026-04-25,quantile,0.65,12
2026-04-11,05,2,wk inc flu hosp,2026-04-25,quantile,0.7,14
2026-04-11,05,2,wk inc flu hosp,2026-04-25,quantile,0.75,15
2026-04-11,05,2,wk inc flu hosp,2026-04-25,quantile,0.8,17
2026-04-11,05,2,wk inc flu hosp,2026-04-25,quantile,0.85,20
2026-04-11,05,2,wk inc flu hosp,2026-04-25,quantile,0.9,23
2026-04-11,05,2,wk inc flu hosp,2026-04-25,quantile,0.95,32
2026-04-11,05,2,wk inc flu hosp,2026-04-25,quantile,0.975,41
2026-04-11,05,2,wk inc flu hosp,2026-04-25,quantile,0.99,53
2026-04-11,05,3,wk inc flu hosp,2026-05-02,quantile,0.01,0
2026-04-11,05,3,wk inc flu hosp,2026-05-02,quantile,0.025,0
2026-04-11,05,3,wk inc flu hosp,2026-05-02,quantile,0.05,0
2026-04-11,05,3,wk inc flu hosp,2026-05-02,quantile,0.1,0
2026-04-11,05,3,wk inc flu hosp,2026-05-02,quantile,0.15,1
2026-04-11,05,3,wk inc flu hosp,2026-05-02,quantile,0.2,2
2026-04-11,05,3,wk inc flu hosp,2026-05-02,quantile,0.25,2
2026-04-11,05,3,wk inc flu hosp,2026-05-02,quantile,0.3,3
2026-04-11,05,3,wk inc flu hosp,2026-05-02,quantile,0.35,3
2026-04-11,05,3,wk inc flu hosp,2026-05-02,quantile,0.4,4
2026-04-11,05,3,wk inc flu hosp,2026-05-02,quantile,0.45,4
2026-04-11,05,3,wk inc flu hosp,2026-05-02,quantile,0.5,6
2026-04-11,05,3,wk inc flu hosp,2026-05-02,quantile,0.55,7
2026-04-11,05,3,wk inc flu hosp,2026-05-02,quantile,0.6,8
2026-04-11,05,3,wk inc flu hosp,2026-05-02,quantile,0.65,10
2026-04-11,05,3,wk inc flu hosp,2026-05-02,quantile,0.7,11
2026-04-11,05,3,wk inc flu hosp,2026-05-02,quantile,0.75,12
2026-04-11,05,3,wk inc flu hosp,2026-05-02,quantile,0.8,16
2026-04-11,05,3,wk inc flu hosp,2026-05-02,quantile,0.85,18
2026-04-11,05,3,wk inc flu hosp,2026-05-02,quantile,0.9,21
2026-04-11,05,3,wk inc flu hosp,2026-05-02,quantile,0.95,30
2026-04-11,05,3,wk inc flu hosp,2026-05-02,quantile,0.975,42
2026-04-11,05,3,wk inc flu hosp,2026-05-02,quantile,0.99,56
2026-04-11,06,0,wk inc flu hosp,2026-04-11,quantile,0.01,97
2026-04-11,06,0,wk inc flu hosp,2026-04-11,quantile,0.025,109
2026-04-11,06,0,wk inc flu hosp,2026-04-11,quantile,0.05,130
2026-04-11,06,0,wk inc flu hosp,2026-04-11,quantile,0.1,150
2026-04-11,06,0,wk inc flu hosp,2026-04-11,quantile,0.15,170
2026-04-11,06,0,wk inc flu hosp,2026-04-11,quantile,0.2,183
2026-04-11,06,0,wk inc flu hosp,2026-04-11,quantile,0.25,192
2026-04-11,06,0,wk inc flu hosp,2026-04-11,quantile,0.3,205
2026-04-11,06,0,wk inc flu hosp,2026-04-11,quantile,0.35,215
2026-04-11,06,0,wk inc flu hosp,2026-04-11,quantile,0.4,227
2026-04-11,06,0,wk inc flu hosp,2026-04-11,quantile,0.45,234
2026-04-11,06,0,wk inc flu hosp,2026-04-11,quantile,0.5,246
2026-04-11,06,0,wk inc flu hosp,2026-04-11,quantile,0.55,265
2026-04-11,06,0,wk inc flu hosp,2026-04-11,quantile,0.6,275
2026-04-11,06,0,wk inc flu hosp,2026-04-11,quantile,0.65,290
2026-04-11,06,0,wk inc flu hosp,2026-04-11,quantile,0.7,305
2026-04-11,06,0,wk inc flu hosp,2026-04-11,quantile,0.75,315
2026-04-11,06,0,wk inc flu hosp,2026-04-11,quantile,0.8,323
2026-04-11,06,0,wk inc flu hosp,2026-04-11,quantile,0.85,344
2026-04-11,06,0,wk inc flu hosp,2026-04-11,quantile,0.9,371
2026-04-11,06,0,wk inc flu hosp,2026-04-11,quantile,0.95,415
2026-04-11,06,0,wk inc flu hosp,2026-04-11,quantile,0.975,470
2026-04-11,06,0,wk inc flu hosp,2026-04-11,quantile,0.99,524
2026-04-11,06,1,wk inc flu hosp,2026-04-18,quantile,0.01,62
2026-04-11,06,1,wk inc flu hosp,2026-04-18,quantile,0.025,76
2026-04-11,06,1,wk inc flu hosp,2026-04-18,quantile,0.05,88
2026-04-11,06,1,wk inc flu hosp,2026-04-18,quantile,0.1,106
2026-04-11,06,1,wk inc flu hosp,2026-04-18,quantile,0.15,123
2026-04-11,06,1,wk inc flu hosp,2026-04-18,quantile,0.2,134
2026-04-11,06,1,wk inc flu hosp,2026-04-18,quantile,0.25,144
2026-04-11,06,1,wk inc flu hosp,2026-04-18,quantile,0.3,152
2026-04-11,06,1,wk inc flu hosp,2026-04-18,quantile,0.35,161
2026-04-11,06,1,wk inc flu hosp,2026-04-18,quantile,0.4,177
2026-04-11,06,1,wk inc flu hosp,2026-04-18,quantile,0.45,188
2026-04-11,06,1,wk inc flu hosp,2026-04-18,quantile,0.5,196
2026-04-11,06,1,wk inc flu hosp,2026-04-18,quantile,0.55,212
2026-04-11,06,1,wk inc flu hosp,2026-04-18,quantile,0.6,225
2026-04-11,06,1,wk inc flu hosp,2026-04-18,quantile,0.65,241
2026-04-11,06,1,wk inc flu hosp,2026-04-18,quantile,0.7,254
2026-04-11,06,1,wk inc flu hosp,2026-04-18,quantile,0.75,270
2026-04-11,06,1,wk inc flu hosp,2026-04-18,quantile,0.8,290
2026-04-11,06,1,wk inc flu hosp,2026-04-18,quantile,0.85,314
2026-04-11,06,1,wk inc flu hosp,2026-04-18,quantile,0.9,345
2026-04-11,06,1,wk inc flu hosp,2026-04-18,quantile,0.95,395
2026-04-11,06,1,wk inc flu hosp,2026-04-18,quantile,0.975,465
2026-04-11,06,1,wk inc flu hosp,2026-04-18,quantile,0.99,559
2026-04-11,06,2,wk inc flu hosp,2026-04-25,quantile,0.01,35
2026-04-11,06,2,wk inc flu hosp,2026-04-25,quantile,0.025,52
2026-04-11,06,2,wk inc flu hosp,2026-04-25,quantile,0.05,62
2026-04-11,06,2,wk inc flu hosp,2026-04-25,quantile,0.1,75
2026-04-11,06,2,wk inc flu hosp,2026-04-25,quantile,0.15,90
2026-04-11,06,2,wk inc flu hosp,2026-04-25,quantile,0.2,99
2026-04-11,06,2,wk inc flu hosp,2026-04-25,quantile,0.25,102
2026-04-11,06,2,wk inc flu hosp,2026-04-25,quantile,0.3,122
2026-04-11,06,2,wk inc flu hosp,2026-04-25,quantile,0.35,129
2026-04-11,06,2,wk inc flu hosp,2026-04-25,quantile,0.4,140
2026-04-11,06,2,wk inc flu hosp,2026-04-25,quantile,0.45,149
2026-04-11,06,2,wk inc flu hosp,2026-04-25,quantile,0.5,165
2026-04-11,06,2,wk inc flu hosp,2026-04-25,quantile,0.55,178
2026-04-11,06,2,wk inc flu hosp,2026-04-25,quantile,0.6,195
2026-04-11,06,2,wk inc flu hosp,2026-04-25,quantile,0.65,207
2026-04-11,06,2,wk inc flu hosp,2026-04-25,quantile,0.7,222
2026-04-11,06,2,wk inc flu hosp,2026-04-25,quantile,0.75,241
2026-04-11,06,2,wk inc flu hosp,2026-04-25,quantile,0.8,262
2026-04-11,06,2,wk inc flu hosp,2026-04-25,quantile,0.85,297
2026-04-11,06,2,wk inc flu hosp,2026-04-25,quantile,0.9,341
2026-04-11,06,2,wk inc flu hosp,2026-04-25,quantile,0.95,417
2026-04-11,06,2,wk inc flu hosp,2026-04-25,quantile,0.975,479
2026-04-11,06,2,wk inc flu hosp,2026-04-25,quantile,0.99,571
2026-04-11,06,3,wk inc flu hosp,2026-05-02,quantile,0.01,19
2026-04-11,06,3,wk inc flu hosp,2026-05-02,quantile,0.025,32
2026-04-11,06,3,wk inc flu hosp,2026-05-02,quantile,0.05,45
2026-04-11,06,3,wk inc flu hosp,2026-05-02,quantile,0.1,62
2026-04-11,06,3,wk inc flu hosp,2026-05-02,quantile,0.15,69
2026-04-11,06,3,wk inc flu hosp,2026-05-02,quantile,0.2,77
2026-04-11,06,3,wk inc flu hosp,2026-05-02,quantile,0.25,86
2026-04-11,06,3,wk inc flu hosp,2026-05-02,quantile,0.3,95
2026-04-11,06,3,wk inc flu hosp,2026-05-02,quantile,0.35,108
2026-04-11,06,3,wk inc flu hosp,2026-05-02,quantile,0.4,116
2026-04-11,06,3,wk inc flu hosp,2026-05-02,quantile,0.45,124
2026-04-11,06,3,wk inc flu hosp,2026-05-02,quantile,0.5,137
2026-04-11,06,3,wk inc flu hosp,2026-05-02,quantile,0.55,152
2026-04-11,06,3,wk inc flu hosp,2026-05-02,quantile,0.6,164
2026-04-11,06,3,wk inc flu hosp,2026-05-02,quantile,0.65,182
2026-04-11,06,3,wk inc flu hosp,2026-05-02,quantile,0.7,199
2026-04-11,06,3,wk inc flu hosp,2026-05-02,quantile,0.75,221
2026-04-11,06,3,wk inc flu hosp,2026-05-02,quantile,0.8,250
2026-04-11,06,3,wk inc flu hosp,2026-05-02,quantile,0.85,290
2026-04-11,06,3,wk inc flu hosp,2026-05-02,quantile,0.9,339
2026-04-11,06,3,wk inc flu hosp,2026-05-02,quantile,0.95,417
2026-04-11,06,3,wk inc flu hosp,2026-05-02,quantile,0.975,514
2026-04-11,06,3,wk inc flu hosp,2026-05-02,quantile,0.99,649
2026-04-11,08,0,wk inc flu hosp,2026-04-11,quantile,0.01,3
2026-04-11,08,0,wk inc flu hosp,2026-04-11,quantile,0.025,4
2026-04-11,08,0,wk inc flu hosp,2026-04-11,quantile,0.05,7
2026-04-11,08,0,wk inc flu hosp,2026-04-11,quantile,0.1,8
2026-04-11,08,0,wk inc flu hosp,2026-04-11,quantile,0.15,12
2026-04-11,08,0,wk inc flu hosp,2026-04-11,quantile,0.2,13
2026-04-11,08,0,wk inc flu hosp,2026-04-11,quantile,0.25,15
2026-04-11,08,0,wk inc flu hosp,2026-04-11,quantile,0.3,17
2026-04-11,08,0,wk inc flu hosp,2026-04-11,quantile,0.35,18
2026-04-11,08,0,wk inc flu hosp,2026-04-11,quantile,0.4,20
2026-04-11,08,0,wk inc flu hosp,2026-04-11,quantile,0.45,21
2026-04-11,08,0,wk inc flu hosp,2026-04-11,quantile,0.5,24
2026-04-11,08,0,wk inc flu hosp,2026-04-11,quantile,0.55,25
2026-04-11,08,0,wk inc flu hosp,2026-04-11,quantile,0.6,27
2026-04-11,08,0,wk inc flu hosp,2026-04-11,quantile,0.65,29
2026-04-11,08,0,wk inc flu hosp,2026-04-11,quantile,0.7,31
2026-04-11,08,0,wk inc flu hosp,2026-04-11,quantile,0.75,33
2026-04-11,08,0,wk inc flu hosp,2026-04-11,quantile,0.8,35
2026-04-11,08,0,wk inc flu hosp,2026-04-11,quantile,0.85,40
2026-04-11,08,0,wk inc flu hosp,2026-04-11,quantile,0.9,46
2026-04-11,08,0,wk inc flu hosp,2026-04-11,quantile,0.95,52
2026-04-11,08,0,wk inc flu hosp,2026-04-11,quantile,0.975,63
2026-04-11,08,0,wk inc flu hosp,2026-04-11,quantile,0.99,82
2026-04-11,08,1,wk inc flu hosp,2026-04-18,quantile,0.01,1
2026-04-11,08,1,wk inc flu hosp,2026-04-18,quantile,0.025,2
2026-04-11,08,1,wk inc flu hosp,2026-04-18,quantile,0.05,2
2026-04-11,08,1,wk inc flu hosp,2026-04-18,quantile,0.1,5
2026-04-11,08,1,wk inc flu hosp,2026-04-18,quantile,0.15,7
2026-04-11,08,1,wk inc flu hosp,2026-04-18,quantile,0.2,8
2026-04-11,08,1,wk inc flu hosp,2026-04-18,quantile,0.25,11
2026-04-11,08,1,wk inc flu hosp,2026-04-18,quantile,0.3,12
2026-04-11,08,1,wk inc flu hosp,2026-04-18,quantile,0.35,14
2026-04-11,08,1,wk inc flu hosp,2026-04-18,quantile,0.4,14
2026-04-11,08,1,wk inc flu hosp,2026-04-18,quantile,0.45,16
2026-04-11,08,1,wk inc flu hosp,2026-04-18,quantile,0.5,19
2026-04-11,08,1,wk inc flu hosp,2026-04-18,quantile,0.55,21
2026-04-11,08,1,wk inc flu hosp,2026-04-18,quantile,0.6,24
2026-04-11,08,1,wk inc flu hosp,2026-04-18,quantile,0.65,26
2026-04-11,08,1,wk inc flu hosp,2026-04-18,quantile,0.7,28
2026-04-11,08,1,wk inc flu hosp,2026-04-18,quantile,0.75,30
2026-04-11,08,1,wk inc flu hosp,2026-04-18,quantile,0.8,35
2026-04-11,08,1,wk inc flu hosp,2026-04-18,quantile,0.85,39
2026-04-11,08,1,wk inc flu hosp,2026-04-18,quantile,0.9,44
2026-04-11,08,1,wk inc flu hosp,2026-04-18,quantile,0.95,56
2026-04-11,08,1,wk inc flu hosp,2026-04-18,quantile,0.975,66
2026-04-11,08,1,wk inc flu hosp,2026-04-18,quantile,0.99,85
2026-04-11,08,2,wk inc flu hosp,2026-04-25,quantile,0.01,0
2026-04-11,08,2,wk inc flu hosp,2026-04-25,quantile,0.025,0
2026-04-11,08,2,wk inc flu hosp,2026-04-25,quantile,0.05,1
2026-04-11,08,2,wk inc flu hosp,2026-04-25,quantile,0.1,2
2026-04-11,08,2,wk inc flu hosp,2026-04-25,quantile,0.15,4
2026-04-11,08,2,wk inc flu hosp,2026-04-25,quantile,0.2,5
2026-04-11,08,2,wk inc flu hosp,2026-04-25,quantile,0.25,6
2026-04-11,08,2,wk inc flu hosp,2026-04-25,quantile,0.3,7
2026-04-11,08,2,wk inc flu hosp,2026-04-25,quantile,0.35,9
2026-04-11,08,2,wk inc flu hosp,2026-04-25,quantile,0.4,10
2026-04-11,08,2,wk inc flu hosp,2026-04-25,quantile,0.45,12
2026-04-11,08,2,wk inc flu hosp,2026-04-25,quantile,0.5,14
2026-04-11,08,2,wk inc flu hosp,2026-04-25,quantile,0.55,16
2026-04-11,08,2,wk inc flu hosp,2026-04-25,quantile,0.6,18
2026-04-11,08,2,wk inc flu hosp,2026-04-25,quantile,0.65,22
2026-04-11,08,2,wk inc flu hosp,2026-04-25,quantile,0.7,24
2026-04-11,08,2,wk inc flu hosp,2026-04-25,quantile,0.75,28
2026-04-11,08,2,wk inc flu hosp,2026-04-25,quantile,0.8,30
2026-04-11,08,2,wk inc flu hosp,2026-04-25,quantile,0.85,35
2026-04-11,08,2,wk inc flu hosp,2026-04-25,quantile,0.9,41
2026-04-11,08,2,wk inc flu hosp,2026-04-25,quantile,0.95,55
2026-04-11,08,2,wk inc flu hosp,2026-04-25,quantile,0.975,68
2026-04-11,08,2,wk inc flu hosp,2026-04-25,quantile,0.99,83
2026-04-11,08,3,wk inc flu hosp,2026-05-02,quantile,0.01,0
2026-04-11,08,3,wk inc flu hosp,2026-05-02,quantile,0.025,0
2026-04-11,08,3,wk inc flu hosp,2026-05-02,quantile,0.05,0
2026-04-11,08,3,wk inc flu hosp,2026-05-02,quantile,0.1,1
2026-04-11,08,3,wk inc flu hosp,2026-05-02,quantile,0.15,2
2026-04-11,08,3,wk inc flu hosp,2026-05-02,quantile,0.2,4
2026-04-11,08,3,wk inc flu hosp,2026-05-02,quantile,0.25,5
2026-04-11,08,3,wk inc flu hosp,2026-05-02,quantile,0.3,6
2026-04-11,08,3,wk inc flu hosp,2026-05-02,quantile,0.35,7
2026-04-11,08,3,wk inc flu hosp,2026-05-02,quantile,0.4,7
2026-04-11,08,3,wk inc flu hosp,2026-05-02,quantile,0.45,10
2026-04-11,08,3,wk inc flu hosp,2026-05-02,quantile,0.5,13
2026-04-11,08,3,wk inc flu hosp,2026-05-02,quantile,0.55,14
2026-04-11,08,3,wk inc flu hosp,2026-05-02,quantile,0.6,17
2026-04-11,08,3,wk inc flu hosp,2026-05-02,quantile,0.65,20
2026-04-11,08,3,wk inc flu hosp,2026-05-02,quantile,0.7,23
2026-04-11,08,3,wk inc flu hosp,2026-05-02,quantile,0.75,25
2026-04-11,08,3,wk inc flu hosp,2026-05-02,quantile,0.8,28
2026-04-11,08,3,wk inc flu hosp,2026-05-02,quantile,0.85,34
2026-04-11,08,3,wk inc flu hosp,2026-05-02,quantile,0.9,42
2026-04-11,08,3,wk inc flu hosp,2026-05-02,quantile,0.95,58
2026-04-11,08,3,wk inc flu hosp,2026-05-02,quantile,0.975,72
2026-04-11,08,3,wk inc flu hosp,2026-05-02,quantile,0.99,92
2026-04-11,09,0,wk inc flu hosp,2026-04-11,quantile,0.01,7
2026-04-11,09,0,wk inc flu hosp,2026-04-11,quantile,0.025,9
2026-04-11,09,0,wk inc flu hosp,2026-04-11,quantile,0.05,11
2026-04-11,09,0,wk inc flu hosp,2026-04-11,quantile,0.1,14
2026-04-11,09,0,wk inc flu hosp,2026-04-11,quantile,0.15,16
2026-04-11,09,0,wk inc flu hosp,2026-04-11,quantile,0.2,17
2026-04-11,09,0,wk inc flu hosp,2026-04-11,quantile,0.25,19
2026-04-11,09,0,wk inc flu hosp,2026-04-11,quantile,0.3,21
2026-04-11,09,0,wk inc flu hosp,2026-04-11,quantile,0.35,23
2026-04-11,09,0,wk inc flu hosp,2026-04-11,quantile,0.4,24
2026-04-11,09,0,wk inc flu hosp,2026-04-11,quantile,0.45,26
2026-04-11,09,0,wk inc flu hosp,2026-04-11,quantile,0.5,29
2026-04-11,09,0,wk inc flu hosp,2026-04-11,quantile,0.55,30
2026-04-11,09,0,wk inc flu hosp,2026-04-11,quantile,0.6,32
2026-04-11,09,0,wk inc flu hosp,2026-04-11,quantile,0.65,34
2026-04-11,09,0,wk inc flu hosp,2026-04-11,quantile,0.7,36
2026-04-11,09,0,wk inc flu hosp,2026-04-11,quantile,0.75,38
2026-04-11,09,0,wk inc flu hosp,2026-04-11,quantile,0.8,40
2026-04-11,09,0,wk inc flu hosp,2026-04-11,quantile,0.85,43
2026-04-11,09,0,wk inc flu hosp,2026-04-11,quantile,0.9,47
2026-04-11,09,0,wk inc flu hosp,2026-04-11,quantile,0.95,54
2026-04-11,09,0,wk inc flu hosp,2026-04-11,quantile,0.975,64
2026-04-11,09,0,wk inc flu hosp,2026-04-11,quantile,0.99,74
2026-04-11,09,1,wk inc flu hosp,2026-04-18,quantile,0.01,3
2026-04-11,09,1,wk inc flu hosp,2026-04-18,quantile,0.025,5
2026-04-11,09,1,wk inc flu hosp,2026-04-18,quantile,0.05,6
2026-04-11,09,1,wk inc flu hosp,2026-04-18,quantile,0.1,8
2026-04-11,09,1,wk inc flu hosp,2026-04-18,quantile,0.15,10
2026-04-11,09,1,wk inc flu hosp,2026-04-18,quantile,0.2,13
2026-04-11,09,1,wk inc flu hosp,2026-04-18,quantile,0.25,14
2026-04-11,09,1,wk inc flu hosp,2026-04-18,quantile,0.3,16
2026-04-11,09,1,wk inc flu hosp,2026-04-18,quantile,0.35,18
2026-04-11,09,1,wk inc flu hosp,2026-04-18,quantile,0.4,20
2026-04-11,09,1,wk inc flu hosp,2026-04-18,quantile,0.45,22
2026-04-11,09,1,wk inc flu hosp,2026-04-18,quantile,0.5,25
2026-04-11,09,1,wk inc flu hosp,2026-04-18,quantile,0.55,27
2026-04-11,09,1,wk inc flu hosp,2026-04-18,quantile,0.6,29
2026-04-11,09,1,wk inc flu hosp,2026-04-18,quantile,0.65,32
2026-04-11,09,1,wk inc flu hosp,2026-04-18,quantile,0.7,34
2026-04-11,09,1,wk inc flu hosp,2026-04-18,quantile,0.75,36
2026-04-11,09,1,wk inc flu hosp,2026-04-18,quantile,0.8,39
2026-04-11,09,1,wk inc flu hosp,2026-04-18,quantile,0.85,42
2026-04-11,09,1,wk inc flu hosp,2026-04-18,quantile,0.9,48
2026-04-11,09,1,wk inc flu hosp,2026-04-18,quantile,0.95,59
2026-04-11,09,1,wk inc flu hosp,2026-04-18,quantile,0.975,70
2026-04-11,09,1,wk inc flu hosp,2026-04-18,quantile,0.99,93
2026-04-11,09,2,wk inc flu hosp,2026-04-25,quantile,0.01,1
2026-04-11,09,2,wk inc flu hosp,2026-04-25,quantile,0.025,3
2026-04-11,09,2,wk inc flu hosp,2026-04-25,quantile,0.05,5
2026-04-11,09,2,wk inc flu hosp,2026-04-25,quantile,0.1,7
2026-04-11,09,2,wk inc flu hosp,2026-04-25,quantile,0.15,7
2026-04-11,09,2,wk inc flu hosp,2026-04-25,quantile,0.2,9
2026-04-11,09,2,wk inc flu hosp,2026-04-25,quantile,0.25,11
2026-04-11,09,2,wk inc flu hosp,2026-04-25,quantile,0.3,13
2026-04-11,09,2,wk inc flu hosp,2026-04-25,quantile,0.35,14
2026-04-11,09,2,wk inc flu hosp,2026-04-25,quantile,0.4,16
2026-04-11,09,2,wk inc flu hosp,2026-04-25,quantile,0.45,19
2026-04-11,09,2,wk inc flu hosp,2026-04-25,quantile,0.5,23
2026-04-11,09,2,wk inc flu hosp,2026-04-25,quantile,0.55,24
2026-04-11,09,2,wk inc flu hosp,2026-04-25,quantile,0.6,26
2026-04-11,09,2,wk inc flu hosp,2026-04-25,quantile,0.65,29
2026-04-11,09,2,wk inc flu hosp,2026-04-25,quantile,0.7,32
2026-04-11,09,2,wk inc flu hosp,2026-04-25,quantile,0.75,35
2026-04-11,09,2,wk inc flu hosp,2026-04-25,quantile,0.8,38
2026-04-11,09,2,wk inc flu hosp,2026-04-25,quantile,0.85,43
2026-04-11,09,2,wk inc flu hosp,2026-04-25,quantile,0.9,49
2026-04-11,09,2,wk inc flu hosp,2026-04-25,quantile,0.95,64
2026-04-11,09,2,wk inc flu hosp,2026-04-25,quantile,0.975,79
2026-04-11,09,2,wk inc flu hosp,2026-04-25,quantile,0.99,97
2026-04-11,09,3,wk inc flu hosp,2026-05-02,quantile,0.01,0
2026-04-11,09,3,wk inc flu hosp,2026-05-02,quantile,0.025,2
2026-04-11,09,3,wk inc flu hosp,2026-05-02,quantile,0.05,3
2026-04-11,09,3,wk inc flu hosp,2026-05-02,quantile,0.1,5
2026-04-11,09,3,wk inc flu hosp,2026-05-02,quantile,0.15,6
2026-04-11,09,3,wk inc flu hosp,2026-05-02,quantile,0.2,7
2026-04-11,09,3,wk inc flu hosp,2026-05-02,quantile,0.25,8
2026-04-11,09,3,wk inc flu hosp,2026-05-02,quantile,0.3,10
2026-04-11,09,3,wk inc flu hosp,2026-05-02,quantile,0.35,11
2026-04-11,09,3,wk inc flu hosp,2026-05-02,quantile,0.4,12
2026-04-11,09,3,wk inc flu hosp,2026-05-02,quantile,0.45,15
2026-04-11,09,3,wk inc flu hosp,2026-05-02,quantile,0.5,19
2026-04-11,09,3,wk inc flu hosp,2026-05-02,quantile,0.55,21
2026-04-11,09,3,wk inc flu hosp,2026-05-02,quantile,0.6,23
2026-04-11,09,3,wk inc flu hosp,2026-05-02,quantile,0.65,25
2026-04-11,09,3,wk inc flu hosp,2026-05-02,quantile,0.7,29
2026-04-11,09,3,wk inc flu hosp,2026-05-02,quantile,0.75,32
2026-04-11,09,3,wk inc flu hosp,2026-05-02,quantile,0.8,36
2026-04-11,09,3,wk inc flu hosp,2026-05-02,quantile,0.85,42
2026-04-11,09,3,wk inc flu hosp,2026-05-02,quantile,0.9,49
2026-04-11,09,3,wk inc flu hosp,2026-05-02,quantile,0.95,62
2026-04-11,09,3,wk inc flu hosp,2026-05-02,quantile,0.975,87
2026-04-11,09,3,wk inc flu hosp,2026-05-02,quantile,0.99,110
2026-04-11,10,0,wk inc flu hosp,2026-04-11,quantile,0.01,0
2026-04-11,10,0,wk inc flu hosp,2026-04-11,quantile,0.025,0
2026-04-11,10,0,wk inc flu hosp,2026-04-11,quantile,0.05,1
2026-04-11,10,0,wk inc flu hosp,2026-04-11,quantile,0.1,1
2026-04-11,10,0,wk inc flu hosp,2026-04-11,quantile,0.15,1
2026-04-11,10,0,wk inc flu hosp,2026-04-11,quantile,0.2,2
2026-04-11,10,0,wk inc flu hosp,2026-04-11,quantile,0.25,2
2026-04-11,10,0,wk inc flu hosp,2026-04-11,quantile,0.3,3
2026-04-11,10,0,wk inc flu hosp,2026-04-11,quantile,0.35,3
2026-04-11,10,0,wk inc flu hosp,2026-04-11,quantile,0.4,3
2026-04-11,10,0,wk inc flu hosp,2026-04-11,quantile,0.45,4
2026-04-11,10,0,wk inc flu hosp,2026-04-11,quantile,0.5,5
2026-04-11,10,0,wk inc flu hosp,2026-04-11,quantile,0.55,6
2026-04-11,10,0,wk inc flu hosp,2026-04-11,quantile,0.6,6
2026-04-11,10,0,wk inc flu hosp,2026-04-11,quantile,0.65,7
2026-04-11,10,0,wk inc flu hosp,2026-04-11,quantile,0.7,8
2026-04-11,10,0,wk inc flu hosp,2026-04-11,quantile,0.75,8
2026-04-11,10,0,wk inc flu hosp,2026-04-11,quantile,0.8,9
2026-04-11,10,0,wk inc flu hosp,2026-04-11,quantile,0.85,11
2026-04-11,10,0,wk inc flu hosp,2026-04-11,quantile,0.9,13
2026-04-11,10,0,wk inc flu hosp,2026-04-11,quantile,0.95,16
2026-04-11,10,0,wk inc flu hosp,2026-04-11,quantile,0.975,19
2026-04-11,10,0,wk inc flu hosp,2026-04-11,quantile,0.99,23
2026-04-11,10,1,wk inc flu hosp,2026-04-18,quantile,0.01,0
2026-04-11,10,1,wk inc flu hosp,2026-04-18,quantile,0.025,0
2026-04-11,10,1,wk inc flu hosp,2026-04-18,quantile,0.05,0
2026-04-11,10,1,wk inc flu hosp,2026-04-18,quantile,0.1,0
2026-04-11,10,1,wk inc flu hosp,2026-04-18,quantile,0.15,1
2026-04-11,10,1,wk inc flu hosp,2026-04-18,quantile,0.2,1
2026-04-11,10,1,wk inc flu hosp,2026-04-18,quantile,0.25,1
2026-04-11,10,1,wk inc flu hosp,2026-04-18,quantile,0.3,2
2026-04-11,10,1,wk inc flu hosp,2026-04-18,quantile,0.35,2
2026-04-11,10,1,wk inc flu hosp,2026-04-18,quantile,0.4,2
2026-04-11,10,1,wk inc flu hosp,2026-04-18,quantile,0.45,3
2026-04-11,10,1,wk inc flu hosp,2026-04-18,quantile,0.5,4
2026-04-11,10,1,wk inc flu hosp,2026-04-18,quantile,0.55,5
2026-04-11,10,1,wk inc flu hosp,2026-04-18,quantile,0.6,5
2026-04-11,10,1,wk inc flu hosp,2026-04-18,quantile,0.65,6
2026-04-11,10,1,wk inc flu hosp,2026-04-18,quantile,0.7,7
2026-04-11,10,1,wk inc flu hosp,2026-04-18,quantile,0.75,7
2026-04-11,10,1,wk inc flu hosp,2026-04-18,quantile,0.8,8
2026-04-11,10,1,wk inc flu hosp,2026-04-18,quantile,0.85,10
2026-04-11,10,1,wk inc flu hosp,2026-04-18,quantile,0.9,13
2026-04-11,10,1,wk inc flu hosp,2026-04-18,quantile,0.95,17
2026-04-11,10,1,wk inc flu hosp,2026-04-18,quantile,0.975,21
2026-04-11,10,1,wk inc flu hosp,2026-04-18,quantile,0.99,25
2026-04-11,10,2,wk inc flu hosp,2026-04-25,quantile,0.01,0
2026-04-11,10,2,wk inc flu hosp,2026-04-25,quantile,0.025,0
2026-04-11,10,2,wk inc flu hosp,2026-04-25,quantile,0.05,0
2026-04-11,10,2,wk inc flu hosp,2026-04-25,quantile,0.1,0
2026-04-11,10,2,wk inc flu hosp,2026-04-25,quantile,0.15,0
2026-04-11,10,2,wk inc flu hosp,2026-04-25,quantile,0.2,0
2026-04-11,10,2,wk inc flu hosp,2026-04-25,quantile,0.25,1
2026-04-11,10,2,wk inc flu hosp,2026-04-25,quantile,0.3,1
2026-04-11,10,2,wk inc flu hosp,2026-04-25,quantile,0.35,1
2026-04-11,10,2,wk inc flu hosp,2026-04-25,quantile,0.4,1
2026-04-11,10,2,wk inc flu hosp,2026-04-25,quantile,0.45,2
2026-04-11,10,2,wk inc flu hosp,2026-04-25,quantile,0.5,3
2026-04-11,10,2,wk inc flu hosp,2026-04-25,quantile,0.55,4
2026-04-11,10,2,wk inc flu hosp,2026-04-25,quantile,0.6,4
2026-04-11,10,2,wk inc flu hosp,2026-04-25,quantile,0.65,5
2026-04-11,10,2,wk inc flu hosp,2026-04-25,quantile,0.7,6
2026-04-11,10,2,wk inc flu hosp,2026-04-25,quantile,0.75,7
2026-04-11,10,2,wk inc flu hosp,2026-04-25,quantile,0.8,8
2026-04-11,10,2,wk inc flu hosp,2026-04-25,quantile,0.85,10
2026-04-11,10,2,wk inc flu hosp,2026-04-25,quantile,0.9,13
2026-04-11,10,2,wk inc flu hosp,2026-04-25,quantile,0.95,17
2026-04-11,10,2,wk inc flu hosp,2026-04-25,quantile,0.975,22
2026-04-11,10,2,wk inc flu hosp,2026-04-25,quantile,0.99,27
2026-04-11,10,3,wk inc flu hosp,2026-05-02,quantile,0.01,0
2026-04-11,10,3,wk inc flu hosp,2026-05-02,quantile,0.025,0
2026-04-11,10,3,wk inc flu hosp,2026-05-02,quantile,0.05,0
2026-04-11,10,3,wk inc flu hosp,2026-05-02,quantile,0.1,0
2026-04-11,10,3,wk inc flu hosp,2026-05-02,quantile,0.15,0
2026-04-11,10,3,wk inc flu hosp,2026-05-02,quantile,0.2,0
2026-04-11,10,3,wk inc flu hosp,2026-05-02,quantile,0.25,0
2026-04-11,10,3,wk inc flu hosp,2026-05-02,quantile,0.3,0
2026-04-11,10,3,wk inc flu hosp,2026-05-02,quantile,0.35,1
2026-04-11,10,3,wk inc flu hosp,2026-05-02,quantile,0.4,1
2026-04-11,10,3,wk inc flu hosp,2026-05-02,quantile,0.45,1
2026-04-11,10,3,wk inc flu hosp,2026-05-02,quantile,0.5,2
2026-04-11,10,3,wk inc flu hosp,2026-05-02,quantile,0.55,3
2026-04-11,10,3,wk inc flu hosp,2026-05-02,quantile,0.6,4
2026-04-11,10,3,wk inc flu hosp,2026-05-02,quantile,0.65,4
2026-04-11,10,3,wk inc flu hosp,2026-05-02,quantile,0.7,5
2026-04-11,10,3,wk inc flu hosp,2026-05-02,quantile,0.75,6
2026-04-11,10,3,wk inc flu hosp,2026-05-02,quantile,0.8,7
2026-04-11,10,3,wk inc flu hosp,2026-05-02,quantile,0.85,8
2026-04-11,10,3,wk inc flu hosp,2026-05-02,quantile,0.9,12
2026-04-11,10,3,wk inc flu hosp,2026-05-02,quantile,0.95,16
2026-04-11,10,3,wk inc flu hosp,2026-05-02,quantile,0.975,21
2026-04-11,10,3,wk inc flu hosp,2026-05-02,quantile,0.99,28
2026-04-11,11,0,wk inc flu hosp,2026-04-11,quantile,0.01,0
2026-04-11,11,0,wk inc flu hosp,2026-04-11,quantile,0.025,0
2026-04-11,11,0,wk inc flu hosp,2026-04-11,quantile,0.05,0
2026-04-11,11,0,wk inc flu hosp,2026-04-11,quantile,0.1,0
2026-04-11,11,0,wk inc flu hosp,2026-04-11,quantile,0.15,0
2026-04-11,11,0,wk inc flu hosp,2026-04-11,quantile,0.2,0
2026-04-11,11,0,wk inc flu hosp,2026-04-11,quantile,0.25,0
2026-04-11,11,0,wk inc flu hosp,2026-04-11,quantile,0.3,0
2026-04-11,11,0,wk inc flu hosp,2026-04-11,quantile,0.35,0
2026-04-11,11,0,wk inc flu hosp,2026-04-11,quantile,0.4,1
2026-04-11,11,0,wk inc flu hosp,2026-04-11,quantile,0.45,1
2026-04-11,11,0,wk inc flu hosp,2026-04-11,quantile,0.5,1
2026-04-11,11,0,wk inc flu hosp,2026-04-11,quantile,0.55,2
2026-04-11,11,0,wk inc flu hosp,2026-04-11,quantile,0.6,2
2026-04-11,11,0,wk inc flu hosp,2026-04-11,quantile,0.65,2
2026-04-11,11,0,wk inc flu hosp,2026-04-11,quantile,0.7,2
2026-04-11,11,0,wk inc flu hosp,2026-04-11,quantile,0.75,3
2026-04-11,11,0,wk inc flu hosp,2026-04-11,quantile,0.8,3
2026-04-11,11,0,wk inc flu hosp,2026-04-11,quantile,0.85,4
2026-04-11,11,0,wk inc flu hosp,2026-04-11,quantile,0.9,5
2026-04-11,11,0,wk inc flu hosp,2026-04-11,quantile,0.95,6
2026-04-11,11,0,wk inc flu hosp,2026-04-11,quantile,0.975,7
2026-04-11,11,0,wk inc flu hosp,2026-04-11,quantile,0.99,11
2026-04-11,11,1,wk inc flu hosp,2026-04-18,quantile,0.01,0
2026-04-11,11,1,wk inc flu hosp,2026-04-18,quantile,0.025,0
2026-04-11,11,1,wk inc flu hosp,2026-04-18,quantile,0.05,0
2026-04-11,11,1,wk inc flu hosp,2026-04-18,quantile,0.1,0
2026-04-11,11,1,wk inc flu hosp,2026-04-18,quantile,0.15,0
2026-04-11,11,1,wk inc flu hosp,2026-04-18,quantile,0.2,0
2026-04-11,11,1,wk inc flu hosp,2026-04-18,quantile,0.25,0
2026-04-11,11,1,wk inc flu hosp,2026-04-18,quantile,0.3,0
2026-04-11,11,1,wk inc flu hosp,2026-04-18,quantile,0.35,0
2026-04-11,11,1,wk inc flu hosp,2026-04-18,quantile,0.4,0
2026-04-11,11,1,wk inc flu hosp,2026-04-18,quantile,0.45,1
2026-04-11,11,1,wk inc flu hosp,2026-04-18,quantile,0.5,1
2026-04-11,11,1,wk inc flu hosp,2026-04-18,quantile,0.55,2
2026-04-11,11,1,wk inc flu hosp,2026-04-18,quantile,0.6,2
2026-04-11,11,1,wk inc flu hosp,2026-04-18,quantile,0.65,2
2026-04-11,11,1,wk inc flu hosp,2026-04-18,quantile,0.7,2
2026-04-11,11,1,wk inc flu hosp,2026-04-18,quantile,0.75,3
2026-04-11,11,1,wk inc flu hosp,2026-04-18,quantile,0.8,3
2026-04-11,11,1,wk inc flu hosp,2026-04-18,quantile,0.85,3
2026-04-11,11,1,wk inc flu hosp,2026-04-18,quantile,0.9,5
2026-04-11,11,1,wk inc flu hosp,2026-04-18,quantile,0.95,6
2026-04-11,11,1,wk inc flu hosp,2026-04-18,quantile,0.975,11
2026-04-11,11,1,wk inc flu hosp,2026-04-18,quantile,0.99,13
2026-04-11,11,2,wk inc flu hosp,2026-04-25,quantile,0.01,0
2026-04-11,11,2,wk inc flu hosp,2026-04-25,quantile,0.025,0
2026-04-11,11,2,wk inc flu hosp,2026-04-25,quantile,0.05,0
2026-04-11,11,2,wk inc flu hosp,2026-04-25,quantile,0.1,0
2026-04-11,11,2,wk inc flu hosp,2026-04-25,quantile,0.15,0
2026-04-11,11,2,wk inc flu hosp,2026-04-25,quantile,0.2,0
2026-04-11,11,2,wk inc flu hosp,2026-04-25,quantile,0.25,0
2026-04-11,11,2,wk inc flu hosp,2026-04-25,quantile,0.3,0
2026-04-11,11,2,wk inc flu hosp,2026-04-25,quantile,0.35,0
2026-04-11,11,2,wk inc flu hosp,2026-04-25,quantile,0.4,1
2026-04-11,11,2,wk inc flu hosp,2026-04-25,quantile,0.45,1
2026-04-11,11,2,wk inc flu hosp,2026-04-25,quantile,0.5,1
2026-04-11,11,2,wk inc flu hosp,2026-04-25,quantile,0.55,2
2026-04-11,11,2,wk inc flu hosp,2026-04-25,quantile,0.6,2
2026-04-11,11,2,wk inc flu hosp,2026-04-25,quantile,0.65,2
2026-04-11,11,2,wk inc flu hosp,2026-04-25,quantile,0.7,3
2026-04-11,11,2,wk inc flu hosp,2026-04-25,quantile,0.75,3
2026-04-11,11,2,wk inc flu hosp,2026-04-25,quantile,0.8,3
2026-04-11,11,2,wk inc flu hosp,2026-04-25,quantile,0.85,4
2026-04-11,11,2,wk inc flu hosp,2026-04-25,quantile,0.9,5
2026-04-11,11,2,wk inc flu hosp,2026-04-25,quantile,0.95,8
2026-04-11,11,2,wk inc flu hosp,2026-04-25,quantile,0.975,12
2026-04-11,11,2,wk inc flu hosp,2026-04-25,quantile,0.99,14
2026-04-11,11,3,wk inc flu hosp,2026-05-02,quantile,0.01,0
2026-04-11,11,3,wk inc flu hosp,2026-05-02,quantile,0.025,0
2026-04-11,11,3,wk inc flu hosp,2026-05-02,quantile,0.05,0
2026-04-11,11,3,wk inc flu hosp,2026-05-02,quantile,0.1,0
2026-04-11,11,3,wk inc flu hosp,2026-05-02,quantile,0.15,0
2026-04-11,11,3,wk inc flu hosp,2026-05-02,quantile,0.2,0
2026-04-11,11,3,wk inc flu hosp,2026-05-02,quantile,0.25,0
2026-04-11,11,3,wk inc flu hosp,2026-05-02,quantile,0.3,0
2026-04-11,11,3,wk inc flu hosp,2026-05-02,quantile,0.35,0
2026-04-11,11,3,wk inc flu hosp,2026-05-02,quantile,0.4,0
2026-04-11,11,3,wk inc flu hosp,2026-05-02,quantile,0.45,0
2026-04-11,11,3,wk inc flu hosp,2026-05-02,quantile,0.5,1
2026-04-11,11,3,wk inc flu hosp,2026-05-02,quantile,0.55,1
2026-04-11,11,3,wk inc flu hosp,2026-05-02,quantile,0.6,2
2026-04-11,11,3,wk inc flu hosp,2026-05-02,quantile,0.65,2
2026-04-11,11,3,wk inc flu hosp,2026-05-02,quantile,0.7,2
2026-04-11,11,3,wk inc flu hosp,2026-05-02,quantile,0.75,3
2026-04-11,11,3,wk inc flu hosp,2026-05-02,quantile,0.8,3
2026-04-11,11,3,wk inc flu hosp,2026-05-02,quantile,0.85,3
2026-04-11,11,3,wk inc flu hosp,2026-05-02,quantile,0.9,5
2026-04-11,11,3,wk inc flu hosp,2026-05-02,quantile,0.95,9
2026-04-11,11,3,wk inc flu hosp,2026-05-02,quantile,0.975,13
2026-04-11,11,3,wk inc flu hosp,2026-05-02,quantile,0.99,15
2026-04-11,12,0,wk inc flu hosp,2026-04-11,quantile,0.01,54
2026-04-11,12,0,wk inc flu hosp,2026-04-11,quantile,0.025,64
2026-04-11,12,0,wk inc flu hosp,2026-04-11,quantile,0.05,76
2026-04-11,12,0,wk inc flu hosp,2026-04-11,quantile,0.1,96
2026-04-11,12,0,wk inc flu hosp,2026-04-11,quantile,0.15,109
2026-04-11,12,0,wk inc flu hosp,2026-04-11,quantile,0.2,117
2026-04-11,12,0,wk inc flu hosp,2026-04-11,quantile,0.25,125
2026-04-11,12,0,wk inc flu hosp,2026-04-11,quantile,0.3,128
2026-04-11,12,0,wk inc flu hosp,2026-04-11,quantile,0.35,132
2026-04-11,12,0,wk inc flu hosp,2026-04-11,quantile,0.4,138
2026-04-11,12,0,wk inc flu hosp,2026-04-11,quantile,0.45,146
2026-04-11,12,0,wk inc flu hosp,2026-04-11,quantile,0.5,157
2026-04-11,12,0,wk inc flu hosp,2026-04-11,quantile,0.55,162
2026-04-11,12,0,wk inc flu hosp,2026-04-11,quantile,0.6,172
2026-04-11,12,0,wk inc flu hosp,2026-04-11,quantile,0.65,179
2026-04-11,12,0,wk inc flu hosp,2026-04-11,quantile,0.7,192
2026-04-11,12,0,wk inc flu hosp,2026-04-11,quantile,0.75,204
2026-04-11,12,0,wk inc flu hosp,2026-04-11,quantile,0.8,221
2026-04-11,12,0,wk inc flu hosp,2026-04-11,quantile,0.85,240
2026-04-11,12,0,wk inc flu hosp,2026-04-11,quantile,0.9,263
2026-04-11,12,0,wk inc flu hosp,2026-04-11,quantile,0.95,299
2026-04-11,12,0,wk inc flu hosp,2026-04-11,quantile,0.975,336
2026-04-11,12,0,wk inc flu hosp,2026-04-11,quantile,0.99,399
2026-04-11,12,1,wk inc flu hosp,2026-04-18,quantile,0.01,32
2026-04-11,12,1,wk inc flu hosp,2026-04-18,quantile,0.025,38
2026-04-11,12,1,wk inc flu hosp,2026-04-18,quantile,0.05,47
2026-04-11,12,1,wk inc flu hosp,2026-04-18,quantile,0.1,69
2026-04-11,12,1,wk inc flu hosp,2026-04-18,quantile,0.15,80
2026-04-11,12,1,wk inc flu hosp,2026-04-18,quantile,0.2,90
2026-04-11,12,1,wk inc flu hosp,2026-04-18,quantile,0.25,93
2026-04-11,12,1,wk inc flu hosp,2026-04-18,quantile,0.3,100
2026-04-11,12,1,wk inc flu hosp,2026-04-18,quantile,0.35,106
2026-04-11,12,1,wk inc flu hosp,2026-04-18,quantile,0.4,112
2026-04-11,12,1,wk inc flu hosp,2026-04-18,quantile,0.45,122
2026-04-11,12,1,wk inc flu hosp,2026-04-18,quantile,0.5,132
2026-04-11,12,1,wk inc flu hosp,2026-04-18,quantile,0.55,138
2026-04-11,12,1,wk inc flu hosp,2026-04-18,quantile,0.6,146
2026-04-11,12,1,wk inc flu hosp,2026-04-18,quantile,0.65,156
2026-04-11,12,1,wk inc flu hosp,2026-04-18,quantile,0.7,170
2026-04-11,12,1,wk inc flu hosp,2026-04-18,quantile,0.75,189
2026-04-11,12,1,wk inc flu hosp,2026-04-18,quantile,0.8,207
2026-04-11,12,1,wk inc flu hosp,2026-04-18,quantile,0.85,237
2026-04-11,12,1,wk inc flu hosp,2026-04-18,quantile,0.9,261
2026-04-11,12,1,wk inc flu hosp,2026-04-18,quantile,0.95,316
2026-04-11,12,1,wk inc flu hosp,2026-04-18,quantile,0.975,358
2026-04-11,12,1,wk inc flu hosp,2026-04-18,quantile,0.99,403
2026-04-11,12,2,wk inc flu hosp,2026-04-25,quantile,0.01,10
2026-04-11,12,2,wk inc flu hosp,2026-04-25,quantile,0.025,18
2026-04-11,12,2,wk inc flu hosp,2026-04-25,quantile,0.05,28
2026-04-11,12,2,wk inc flu hosp,2026-04-25,quantile,0.1,40
2026-04-11,12,2,wk inc flu hosp,2026-04-25,quantile,0.15,49
2026-04-11,12,2,wk inc flu hosp,2026-04-25,quantile,0.2,60
2026-04-11,12,2,wk inc flu hosp,2026-04-25,quantile,0.25,69
2026-04-11,12,2,wk inc flu hosp,2026-04-25,quantile,0.3,75
2026-04-11,12,2,wk inc flu hosp,2026-04-25,quantile,0.35,79
2026-04-11,12,2,wk inc flu hosp,2026-04-25,quantile,0.4,88
2026-04-11,12,2,wk inc flu hosp,2026-04-25,quantile,0.45,97
2026-04-11,12,2,wk inc flu hosp,2026-04-25,quantile,0.5,110
2026-04-11,12,2,wk inc flu hosp,2026-04-25,quantile,0.55,119
2026-04-11,12,2,wk inc flu hosp,2026-04-25,quantile,0.6,127
2026-04-11,12,2,wk inc flu hosp,2026-04-25,quantile,0.65,138
2026-04-11,12,2,wk inc flu hosp,2026-04-25,quantile,0.7,152
2026-04-11,12,2,wk inc flu hosp,2026-04-25,quantile,0.75,172
2026-04-11,12,2,wk inc flu hosp,2026-04-25,quantile,0.8,192
2026-04-11,12,2,wk inc flu hosp,2026-04-25,quantile,0.85,225
2026-04-11,12,2,wk inc flu hosp,2026-04-25,quantile,0.9,257
2026-04-11,12,2,wk inc flu hosp,2026-04-25,quantile,0.95,308
2026-04-11,12,2,wk inc flu hosp,2026-04-25,quantile,0.975,336
2026-04-11,12,2,wk inc flu hosp,2026-04-25,quantile,0.99,385
2026-04-11,12,3,wk inc flu hosp,2026-05-02,quantile,0.01,8
2026-04-11,12,3,wk inc flu hosp,2026-05-02,quantile,0.025,14
2026-04-11,12,3,wk inc flu hosp,2026-05-02,quantile,0.05,22
2026-04-11,12,3,wk inc flu hosp,2026-05-02,quantile,0.1,31
2026-04-11,12,3,wk inc flu hosp,2026-05-02,quantile,0.15,42
2026-04-11,12,3,wk inc flu hosp,2026-05-02,quantile,0.2,48
2026-04-11,12,3,wk inc flu hosp,2026-05-02,quantile,0.25,56
2026-04-11,12,3,wk inc flu hosp,2026-05-02,quantile,0.3,64
2026-04-11,12,3,wk inc flu hosp,2026-05-02,quantile,0.35,70
2026-04-11,12,3,wk inc flu hosp,2026-05-02,quantile,0.4,80
2026-04-11,12,3,wk inc flu hosp,2026-05-02,quantile,0.45,85
2026-04-11,12,3,wk inc flu hosp,2026-05-02,quantile,0.5,93
2026-04-11,12,3,wk inc flu hosp,2026-05-02,quantile,0.55,103
2026-04-11,12,3,wk inc flu hosp,2026-05-02,quantile,0.6,114
2026-04-11,12,3,wk inc flu hosp,2026-05-02,quantile,0.65,125
2026-04-11,12,3,wk inc flu hosp,2026-05-02,quantile,0.7,140
2026-04-11,12,3,wk inc flu hosp,2026-05-02,quantile,0.75,166
2026-04-11,12,3,wk inc flu hosp,2026-05-02,quantile,0.8,197
2026-04-11,12,3,wk inc flu hosp,2026-05-02,quantile,0.85,224
2026-04-11,12,3,wk inc flu hosp,2026-05-02,quantile,0.9,264
2026-04-11,12,3,wk inc flu hosp,2026-05-02,quantile,0.95,318
2026-04-11,12,3,wk inc flu hosp,2026-05-02,quantile,0.975,356
2026-04-11,12,3,wk inc flu hosp,2026-05-02,quantile,0.99,409
2026-04-11,13,0,wk inc flu hosp,2026-04-11,quantile,0.01,14
2026-04-11,13,0,wk inc flu hosp,2026-04-11,quantile,0.025,18
2026-04-11,13,0,wk inc flu hosp,2026-04-11,quantile,0.05,21
2026-04-11,13,0,wk inc flu hosp,2026-04-11,quantile,0.1,28
2026-04-11,13,0,wk inc flu hosp,2026-04-11,quantile,0.15,33
2026-04-11,13,0,wk inc flu hosp,2026-04-11,quantile,0.2,37
2026-04-11,13,0,wk inc flu hosp,2026-04-11,quantile,0.25,39
2026-04-11,13,0,wk inc flu hosp,2026-04-11,quantile,0.3,42
2026-04-11,13,0,wk inc flu hosp,2026-04-11,quantile,0.35,45
2026-04-11,13,0,wk inc flu hosp,2026-04-11,quantile,0.4,49
2026-04-11,13,0,wk inc flu hosp,2026-04-11,quantile,0.45,53
2026-04-11,13,0,wk inc flu hosp,2026-04-11,quantile,0.5,57
2026-04-11,13,0,wk inc flu hosp,2026-04-11,quantile,0.55,60
2026-04-11,13,0,wk inc flu hosp,2026-04-11,quantile,0.6,63
2026-04-11,13,0,wk inc flu hosp,2026-04-11,quantile,0.65,68
2026-04-11,13,0,wk inc flu hosp,2026-04-11,quantile,0.7,70
2026-04-11,13,0,wk inc flu hosp,2026-04-11,quantile,0.75,75
2026-04-11,13,0,wk inc flu hosp,2026-04-11,quantile,0.8,82
2026-04-11,13,0,wk inc flu hosp,2026-04-11,quantile,0.85,87
2026-04-11,13,0,wk inc flu hosp,2026-04-11,quantile,0.9,94
2026-04-11,13,0,wk inc flu hosp,2026-04-11,quantile,0.95,110
2026-04-11,13,0,wk inc flu hosp,2026-04-11,quantile,0.975,128
2026-04-11,13,0,wk inc flu hosp,2026-04-11,quantile,0.99,147
2026-04-11,13,1,wk inc flu hosp,2026-04-18,quantile,0.01,7
2026-04-11,13,1,wk inc flu hosp,2026-04-18,quantile,0.025,8
2026-04-11,13,1,wk inc flu hosp,2026-04-18,quantile,0.05,14
2026-04-11,13,1,wk inc flu hosp,2026-04-18,quantile,0.1,21
2026-04-11,13,1,wk inc flu hosp,2026-04-18,quantile,0.15,23
2026-04-11,13,1,wk inc flu hosp,2026-04-18,quantile,0.2,25
2026-04-11,13,1,wk inc flu hosp,2026-04-18,quantile,0.25,29
2026-04-11,13,1,wk inc flu hosp,2026-04-18,quantile,0.3,31
2026-04-11,13,1,wk inc flu hosp,2026-04-18,quantile,0.35,34
2026-04-11,13,1,wk inc flu hosp,2026-04-18,quantile,0.4,38
2026-04-11,13,1,wk inc flu hosp,2026-04-18,quantile,0.45,41
2026-04-11,13,1,wk inc flu hosp,2026-04-18,quantile,0.5,47
2026-04-11,13,1,wk inc flu hosp,2026-04-18,quantile,0.55,50
2026-04-11,13,1,wk inc flu hosp,2026-04-18,quantile,0.6,55
2026-04-11,13,1,wk inc flu hosp,2026-04-18,quantile,0.65,59
2026-04-11,13,1,wk inc flu hosp,2026-04-18,quantile,0.7,63
2026-04-11,13,1,wk inc flu hosp,2026-04-18,quantile,0.75,68
2026-04-11,13,1,wk inc flu hosp,2026-04-18,quantile,0.8,78
2026-04-11,13,1,wk inc flu hosp,2026-04-18,quantile,0.85,89
2026-04-11,13,1,wk inc flu hosp,2026-04-18,quantile,0.9,98
2026-04-11,13,1,wk inc flu hosp,2026-04-18,quantile,0.95,122
2026-04-11,13,1,wk inc flu hosp,2026-04-18,quantile,0.975,142
2026-04-11,13,1,wk inc flu hosp,2026-04-18,quantile,0.99,158
2026-04-11,13,2,wk inc flu hosp,2026-04-25,quantile,0.01,3
2026-04-11,13,2,wk inc flu hosp,2026-04-25,quantile,0.025,5
2026-04-11,13,2,wk inc flu hosp,2026-04-25,quantile,0.05,8
2026-04-11,13,2,wk inc flu hosp,2026-04-25,quantile,0.1,13
2026-04-11,13,2,wk inc flu hosp,2026-04-25,quantile,0.15,15
2026-04-11,13,2,wk inc flu hosp,2026-04-25,quantile,0.2,19
2026-04-11,13,2,wk inc flu hosp,2026-04-25,quantile,0.25,21
2026-04-11,13,2,wk inc flu hosp,2026-04-25,quantile,0.3,24
2026-04-11,13,2,wk inc flu hosp,2026-04-25,quantile,0.35,27
2026-04-11,13,2,wk inc flu hosp,2026-04-25,quantile,0.4,31
2026-04-11,13,2,wk inc flu hosp,2026-04-25,quantile,0.45,33
2026-04-11,13,2,wk inc flu hosp,2026-04-25,quantile,0.5,40
2026-04-11,13,2,wk inc flu hosp,2026-04-25,quantile,0.55,43
2026-04-11,13,2,wk inc flu hosp,2026-04-25,quantile,0.6,47
2026-04-11,13,2,wk inc flu hosp,2026-04-25,quantile,0.65,52
2026-04-11,13,2,wk inc flu hosp,2026-04-25,quantile,0.7,57
2026-04-11,13,2,wk inc flu hosp,2026-04-25,quantile,0.75,62
2026-04-11,13,2,wk inc flu hosp,2026-04-25,quantile,0.8,71
2026-04-11,13,2,wk inc flu hosp,2026-04-25,quantile,0.85,79
2026-04-11,13,2,wk inc flu hosp,2026-04-25,quantile,0.9,91
2026-04-11,13,2,wk inc flu hosp,2026-04-25,quantile,0.95,109
2026-04-11,13,2,wk inc flu hosp,2026-04-25,quantile,0.975,137
2026-04-11,13,2,wk inc flu hosp,2026-04-25,quantile,0.99,169
2026-04-11,13,3,wk inc flu hosp,2026-05-02,quantile,0.01,1
2026-04-11,13,3,wk inc flu hosp,2026-05-02,quantile,0.025,2
2026-04-11,13,3,wk inc flu hosp,2026-05-02,quantile,0.05,5
2026-04-11,13,3,wk inc flu hosp,2026-05-02,quantile,0.1,8
2026-04-11,13,3,wk inc flu hosp,2026-05-02,quantile,0.15,13
2026-04-11,13,3,wk inc flu hosp,2026-05-02,quantile,0.2,14
2026-04-11,13,3,wk inc flu hosp,2026-05-02,quantile,0.25,17
2026-04-11,13,3,wk inc flu hosp,2026-05-02,quantile,0.3,20
2026-04-11,13,3,wk inc flu hosp,2026-05-02,quantile,0.35,22
2026-04-11,13,3,wk inc flu hosp,2026-05-02,quantile,0.4,25
2026-04-11,13,3,wk inc flu hosp,2026-05-02,quantile,0.45,28
2026-04-11,13,3,wk inc flu hosp,2026-05-02,quantile,0.5,33
2026-04-11,13,3,wk inc flu hosp,2026-05-02,quantile,0.55,37
2026-04-11,13,3,wk inc flu hosp,2026-05-02,quantile,0.6,42
2026-04-11,13,3,wk inc flu hosp,2026-05-02,quantile,0.65,46
2026-04-11,13,3,wk inc flu hosp,2026-05-02,quantile,0.7,53
2026-04-11,13,3,wk inc flu hosp,2026-05-02,quantile,0.75,60
2026-04-11,13,3,wk inc flu hosp,2026-05-02,quantile,0.8,67
2026-04-11,13,3,wk inc flu hosp,2026-05-02,quantile,0.85,77
2026-04-11,13,3,wk inc flu hosp,2026-05-02,quantile,0.9,88
2026-04-11,13,3,wk inc flu hosp,2026-05-02,quantile,0.95,110
2026-04-11,13,3,wk inc flu hosp,2026-05-02,quantile,0.975,135
2026-04-11,13,3,wk inc flu hosp,2026-05-02,quantile,0.99,174
2026-04-11,15,0,wk inc flu hosp,2026-04-11,quantile,0.01,0
2026-04-11,15,0,wk inc flu hosp,2026-04-11,quantile,0.025,0
2026-04-11,15,0,wk inc flu hosp,2026-04-11,quantile,0.05,0
2026-04-11,15,0,wk inc flu hosp,2026-04-11,quantile,0.1,0
2026-04-11,15,0,wk inc flu hosp,2026-04-11,quantile,0.15,0
2026-04-11,15,0,wk inc flu hosp,2026-04-11,quantile,0.2,0
2026-04-11,15,0,wk inc flu hosp,2026-04-11,quantile,0.25,0
2026-04-11,15,0,wk inc flu hosp,2026-04-11,quantile,0.3,1
2026-04-11,15,0,wk inc flu hosp,2026-04-11,quantile,0.35,1
2026-04-11,15,0,wk inc flu hosp,2026-04-11,quantile,0.4,1
2026-04-11,15,0,wk inc flu hosp,2026-04-11,quantile,0.45,1
2026-04-11,15,0,wk inc flu hosp,2026-04-11,quantile,0.5,3
2026-04-11,15,0,wk inc flu hosp,2026-04-11,quantile,0.55,3
2026-04-11,15,0,wk inc flu hosp,2026-04-11,quantile,0.6,4
2026-04-11,15,0,wk inc flu hosp,2026-04-11,quantile,0.65,4
2026-04-11,15,0,wk inc flu hosp,2026-04-11,quantile,0.7,5
2026-04-11,15,0,wk inc flu hosp,2026-04-11,quantile,0.75,6
2026-04-11,15,0,wk inc flu hosp,2026-04-11,quantile,0.8,7
2026-04-11,15,0,wk inc flu hosp,2026-04-11,quantile,0.85,8
2026-04-11,15,0,wk inc flu hosp,2026-04-11,quantile,0.9,9
2026-04-11,15,0,wk inc flu hosp,2026-04-11,quantile,0.95,11
2026-04-11,15,0,wk inc flu hosp,2026-04-11,quantile,0.975,13
2026-04-11,15,0,wk inc flu hosp,2026-04-11,quantile,0.99,15
2026-04-11,15,1,wk inc flu hosp,2026-04-18,quantile,0.01,0
2026-04-11,15,1,wk inc flu hosp,2026-04-18,quantile,0.025,0
2026-04-11,15,1,wk inc flu hosp,2026-04-18,quantile,0.05,0
2026-04-11,15,1,wk inc flu hosp,2026-04-18,quantile,0.1,0
2026-04-11,15,1,wk inc flu hosp,2026-04-18,quantile,0.15,0
2026-04-11,15,1,wk inc flu hosp,2026-04-18,quantile,0.2,0
2026-04-11,15,1,wk inc flu hosp,2026-04-18,quantile,0.25,0
2026-04-11,15,1,wk inc flu hosp,2026-04-18,quantile,0.3,0
2026-04-11,15,1,wk inc flu hosp,2026-04-18,quantile,0.35,1
2026-04-11,15,1,wk inc flu hosp,2026-04-18,quantile,0.4,2
2026-04-11,15,1,wk inc flu hosp,2026-04-18,quantile,0.45,2
2026-04-11,15,1,wk inc flu hosp,2026-04-18,quantile,0.5,3
2026-04-11,15,1,wk inc flu hosp,2026-04-18,quantile,0.55,4
2026-04-11,15,1,wk inc flu hosp,2026-04-18,quantile,0.6,4
2026-04-11,15,1,wk inc flu hosp,2026-04-18,quantile,0.65,5
2026-04-11,15,1,wk inc flu hosp,2026-04-18,quantile,0.7,6
2026-04-11,15,1,wk inc flu hosp,2026-04-18,quantile,0.75,6
2026-04-11,15,1,wk inc flu hosp,2026-04-18,quantile,0.8,7
2026-04-11,15,1,wk inc flu hosp,2026-04-18,quantile,0.85,7
2026-04-11,15,1,wk inc flu hosp,2026-04-18,quantile,0.9,10
2026-04-11,15,1,wk inc flu hosp,2026-04-18,quantile,0.95,12
2026-04-11,15,1,wk inc flu hosp,2026-04-18,quantile,0.975,16
2026-04-11,15,1,wk inc flu hosp,2026-04-18,quantile,0.99,19
2026-04-11,15,2,wk inc flu hosp,2026-04-25,quantile,0.01,0
2026-04-11,15,2,wk inc flu hosp,2026-04-25,quantile,0.025,0
2026-04-11,15,2,wk inc flu hosp,2026-04-25,quantile,0.05,0
2026-04-11,15,2,wk inc flu hosp,2026-04-25,quantile,0.1,0
2026-04-11,15,2,wk inc flu hosp,2026-04-25,quantile,0.15,0
2026-04-11,15,2,wk inc flu hosp,2026-04-25,quantile,0.2,0
2026-04-11,15,2,wk inc flu hosp,2026-04-25,quantile,0.25,0
2026-04-11,15,2,wk inc flu hosp,2026-04-25,quantile,0.3,0
2026-04-11,15,2,wk inc flu hosp,2026-04-25,quantile,0.35,1
2026-04-11,15,2,wk inc flu hosp,2026-04-25,quantile,0.4,2
2026-04-11,15,2,wk inc flu hosp,2026-04-25,quantile,0.45,2
2026-04-11,15,2,wk inc flu hosp,2026-04-25,quantile,0.5,3
2026-04-11,15,2,wk inc flu hosp,2026-04-25,quantile,0.55,4
2026-04-11,15,2,wk inc flu hosp,2026-04-25,quantile,0.6,4
2026-04-11,15,2,wk inc flu hosp,2026-04-25,quantile,0.65,5
2026-04-11,15,2,wk inc flu hosp,2026-04-25,quantile,0.7,5
2026-04-11,15,2,wk inc flu hosp,2026-04-25,quantile,0.75,6
2026-04-11,15,2,wk inc flu hosp,2026-04-25,quantile,0.8,6
2026-04-11,15,2,wk inc flu hosp,2026-04-25,quantile,0.85,7
2026-04-11,15,2,wk inc flu hosp,2026-04-25,quantile,0.9,9
2026-04-11,15,2,wk inc flu hosp,2026-04-25,quantile,0.95,13
2026-04-11,15,2,wk inc flu hosp,2026-04-25,quantile,0.975,17
2026-04-11,15,2,wk inc flu hosp,2026-04-25,quantile,0.99,21
2026-04-11,15,3,wk inc flu hosp,2026-05-02,quantile,0.01,0
2026-04-11,15,3,wk inc flu hosp,2026-05-02,quantile,0.025,0
2026-04-11,15,3,wk inc flu hosp,2026-05-02,quantile,0.05,0
2026-04-11,15,3,wk inc flu hosp,2026-05-02,quantile,0.1,0
2026-04-11,15,3,wk inc flu hosp,2026-05-02,quantile,0.15,0
2026-04-11,15,3,wk inc flu hosp,2026-05-02,quantile,0.2,0
2026-04-11,15,3,wk inc flu hosp,2026-05-02,quantile,0.25,0
2026-04-11,15,3,wk inc flu hosp,2026-05-02,quantile,0.3,1
2026-04-11,15,3,wk inc flu hosp,2026-05-02,quantile,0.35,1
2026-04-11,15,3,wk inc flu hosp,2026-05-02,quantile,0.4,1
2026-04-11,15,3,wk inc flu hosp,2026-05-02,quantile,0.45,2
2026-04-11,15,3,wk inc flu hosp,2026-05-02,quantile,0.5,3
2026-04-11,15,3,wk inc flu hosp,2026-05-02,quantile,0.55,4
2026-04-11,15,3,wk inc flu hosp,2026-05-02,quantile,0.6,4
2026-04-11,15,3,wk inc flu hosp,2026-05-02,quantile,0.65,4
2026-04-11,15,3,wk inc flu hosp,2026-05-02,quantile,0.7,5
2026-04-11,15,3,wk inc flu hosp,2026-05-02,quantile,0.75,5
2026-04-11,15,3,wk inc flu hosp,2026-05-02,quantile,0.8,6
2026-04-11,15,3,wk inc flu hosp,2026-05-02,quantile,0.85,8
2026-04-11,15,3,wk inc flu hosp,2026-05-02,quantile,0.9,10
2026-04-11,15,3,wk inc flu hosp,2026-05-02,quantile,0.95,14
2026-04-11,15,3,wk inc flu hosp,2026-05-02,quantile,0.975,17
2026-04-11,15,3,wk inc flu hosp,2026-05-02,quantile,0.99,23
2026-04-11,16,0,wk inc flu hosp,2026-04-11,quantile,0.01,4
2026-04-11,16,0,wk inc flu hosp,2026-04-11,quantile,0.025,6
2026-04-11,16,0,wk inc flu hosp,2026-04-11,quantile,0.05,8
2026-04-11,16,0,wk inc flu hosp,2026-04-11,quantile,0.1,10
2026-04-11,16,0,wk inc flu hosp,2026-04-11,quantile,0.15,11
2026-04-11,16,0,wk inc flu hosp,2026-04-11,quantile,0.2,14
2026-04-11,16,0,wk inc flu hosp,2026-04-11,quantile,0.25,16
2026-04-11,16,0,wk inc flu hosp,2026-04-11,quantile,0.3,17
2026-04-11,16,0,wk inc flu hosp,2026-04-11,quantile,0.35,18
2026-04-11,16,0,wk inc flu hosp,2026-04-11,quantile,0.4,19
2026-04-11,16,0,wk inc flu hosp,2026-04-11,quantile,0.45,20
2026-04-11,16,0,wk inc flu hosp,2026-04-11,quantile,0.5,21
2026-04-11,16,0,wk inc flu hosp,2026-04-11,quantile,0.55,22
2026-04-11,16,0,wk inc flu hosp,2026-04-11,quantile,0.6,23
2026-04-11,16,0,wk inc flu hosp,2026-04-11,quantile,0.65,25
2026-04-11,16,0,wk inc flu hosp,2026-04-11,quantile,0.7,26
2026-04-11,16,0,wk inc flu hosp,2026-04-11,quantile,0.75,27
2026-04-11,16,0,wk inc flu hosp,2026-04-11,quantile,0.8,29
2026-04-11,16,0,wk inc flu hosp,2026-04-11,quantile,0.85,32
2026-04-11,16,0,wk inc flu hosp,2026-04-11,quantile,0.9,36
2026-04-11,16,0,wk inc flu hosp,2026-04-11,quantile,0.95,42
2026-04-11,16,0,wk inc flu hosp,2026-04-11,quantile,0.975,47
2026-04-11,16,0,wk inc flu hosp,2026-04-11,quantile,0.99,53
2026-04-11,16,1,wk inc flu hosp,2026-04-18,quantile,0.01,2
2026-04-11,16,1,wk inc flu hosp,2026-04-18,quantile,0.025,3
2026-04-11,16,1,wk inc flu hosp,2026-04-18,quantile,0.05,4
2026-04-11,16,1,wk inc flu hosp,2026-04-18,quantile,0.1,6
2026-04-11,16,1,wk inc flu hosp,2026-04-18,quantile,0.15,7
2026-04-11,16,1,wk inc flu hosp,2026-04-18,quantile,0.2,8
2026-04-11,16,1,wk inc flu hosp,2026-04-18,quantile,0.25,10
2026-04-11,16,1,wk inc flu hosp,2026-04-18,quantile,0.3,11
2026-04-11,16,1,wk inc flu hosp,2026-04-18,quantile,0.35,13
2026-04-11,16,1,wk inc flu hosp,2026-04-18,quantile,0.4,14
2026-04-11,16,1,wk inc flu hosp,2026-04-18,quantile,0.45,15
2026-04-11,16,1,wk inc flu hosp,2026-04-18,quantile,0.5,17
2026-04-11,16,1,wk inc flu hosp,2026-04-18,quantile,0.55,18
2026-04-11,16,1,wk inc flu hosp,2026-04-18,quantile,0.6,19
2026-04-11,16,1,wk inc flu hosp,2026-04-18,quantile,0.65,21
2026-04-11,16,1,wk inc flu hosp,2026-04-18,quantile,0.7,22
2026-04-11,16,1,wk inc flu hosp,2026-04-18,quantile,0.75,24
2026-04-11,16,1,wk inc flu hosp,2026-04-18,quantile,0.8,26
2026-04-11,16,1,wk inc flu hosp,2026-04-18,quantile,0.85,29
2026-04-11,16,1,wk inc flu hosp,2026-04-18,quantile,0.9,32
2026-04-11,16,1,wk inc flu hosp,2026-04-18,quantile,0.95,39
2026-04-11,16,1,wk inc flu hosp,2026-04-18,quantile,0.975,47
2026-04-11,16,1,wk inc flu hosp,2026-04-18,quantile,0.99,56
2026-04-11,16,2,wk inc flu hosp,2026-04-25,quantile,0.01,0
2026-04-11,16,2,wk inc flu hosp,2026-04-25,quantile,0.025,1
2026-04-11,16,2,wk inc flu hosp,2026-04-25,quantile,0.05,2
2026-04-11,16,2,wk inc flu hosp,2026-04-25,quantile,0.1,3
2026-04-11,16,2,wk inc flu hosp,2026-04-25,quantile,0.15,5
2026-04-11,16,2,wk inc flu hosp,2026-04-25,quantile,0.2,6
2026-04-11,16,2,wk inc flu hosp,2026-04-25,quantile,0.25,7
2026-04-11,16,2,wk inc flu hosp,2026-04-25,quantile,0.3,7
2026-04-11,16,2,wk inc flu hosp,2026-04-25,quantile,0.35,8
2026-04-11,16,2,wk inc flu hosp,2026-04-25,quantile,0.4,10
2026-04-11,16,2,wk inc flu hosp,2026-04-25,quantile,0.45,11
2026-04-11,16,2,wk inc flu hosp,2026-04-25,quantile,0.5,14
2026-04-11,16,2,wk inc flu hosp,2026-04-25,quantile,0.55,15
2026-04-11,16,2,wk inc flu hosp,2026-04-25,quantile,0.6,16
2026-04-11,16,2,wk inc flu hosp,2026-04-25,quantile,0.65,18
2026-04-11,16,2,wk inc flu hosp,2026-04-25,quantile,0.7,19
2026-04-11,16,2,wk inc flu hosp,2026-04-25,quantile,0.75,21
2026-04-11,16,2,wk inc flu hosp,2026-04-25,quantile,0.8,23
2026-04-11,16,2,wk inc flu hosp,2026-04-25,quantile,0.85,26
2026-04-11,16,2,wk inc flu hosp,2026-04-25,quantile,0.9,30
2026-04-11,16,2,wk inc flu hosp,2026-04-25,quantile,0.95,38
2026-04-11,16,2,wk inc flu hosp,2026-04-25,quantile,0.975,46
2026-04-11,16,2,wk inc flu hosp,2026-04-25,quantile,0.99,55
2026-04-11,16,3,wk inc flu hosp,2026-05-02,quantile,0.01,0
2026-04-11,16,3,wk inc flu hosp,2026-05-02,quantile,0.025,0
2026-04-11,16,3,wk inc flu hosp,2026-05-02,quantile,0.05,1
2026-04-11,16,3,wk inc flu hosp,2026-05-02,quantile,0.1,2
2026-04-11,16,3,wk inc flu hosp,2026-05-02,quantile,0.15,3
2026-04-11,16,3,wk inc flu hosp,2026-05-02,quantile,0.2,4
2026-04-11,16,3,wk inc flu hosp,2026-05-02,quantile,0.25,5
2026-04-11,16,3,wk inc flu hosp,2026-05-02,quantile,0.3,5
2026-04-11,16,3,wk inc flu hosp,2026-05-02,quantile,0.35,6
2026-04-11,16,3,wk inc flu hosp,2026-05-02,quantile,0.4,7
2026-04-11,16,3,wk inc flu hosp,2026-05-02,quantile,0.45,8
2026-04-11,16,3,wk inc flu hosp,2026-05-02,quantile,0.5,11
2026-04-11,16,3,wk inc flu hosp,2026-05-02,quantile,0.55,12
2026-04-11,16,3,wk inc flu hosp,2026-05-02,quantile,0.6,14
2026-04-11,16,3,wk inc flu hosp,2026-05-02,quantile,0.65,15
2026-04-11,16,3,wk inc flu hosp,2026-05-02,quantile,0.7,17
2026-04-11,16,3,wk inc flu hosp,2026-05-02,quantile,0.75,19
2026-04-11,16,3,wk inc flu hosp,2026-05-02,quantile,0.8,21
2026-04-11,16,3,wk inc flu hosp,2026-05-02,quantile,0.85,25
2026-04-11,16,3,wk inc flu hosp,2026-05-02,quantile,0.9,31
2026-04-11,16,3,wk inc flu hosp,2026-05-02,quantile,0.95,38
2026-04-11,16,3,wk inc flu hosp,2026-05-02,quantile,0.975,47
2026-04-11,16,3,wk inc flu hosp,2026-05-02,quantile,0.99,59
2026-04-11,17,0,wk inc flu hosp,2026-04-11,quantile,0.01,10
2026-04-11,17,0,wk inc flu hosp,2026-04-11,quantile,0.025,13
2026-04-11,17,0,wk inc flu hosp,2026-04-11,quantile,0.05,17
2026-04-11,17,0,wk inc flu hosp,2026-04-11,quantile,0.1,23
2026-04-11,17,0,wk inc flu hosp,2026-04-11,quantile,0.15,27
2026-04-11,17,0,wk inc flu hosp,2026-04-11,quantile,0.2,31
2026-04-11,17,0,wk inc flu hosp,2026-04-11,quantile,0.25,34
2026-04-11,17,0,wk inc flu hosp,2026-04-11,quantile,0.3,37
2026-04-11,17,0,wk inc flu hosp,2026-04-11,quantile,0.35,41
2026-04-11,17,0,wk inc flu hosp,2026-04-11,quantile,0.4,45
2026-04-11,17,0,wk inc flu hosp,2026-04-11,quantile,0.45,48
2026-04-11,17,0,wk inc flu hosp,2026-04-11,quantile,0.5,53
2026-04-11,17,0,wk inc flu hosp,2026-04-11,quantile,0.55,55
2026-04-11,17,0,wk inc flu hosp,2026-04-11,quantile,0.6,59
2026-04-11,17,0,wk inc flu hosp,2026-04-11,quantile,0.65,61
2026-04-11,17,0,wk inc flu hosp,2026-04-11,quantile,0.7,65
2026-04-11,17,0,wk inc flu hosp,2026-04-11,quantile,0.75,70
2026-04-11,17,0,wk inc flu hosp,2026-04-11,quantile,0.8,74
2026-04-11,17,0,wk inc flu hosp,2026-04-11,quantile,0.85,81
2026-04-11,17,0,wk inc flu hosp,2026-04-11,quantile,0.9,88
2026-04-11,17,0,wk inc flu hosp,2026-04-11,quantile,0.95,111
2026-04-11,17,0,wk inc flu hosp,2026-04-11,quantile,0.975,130
2026-04-11,17,0,wk inc flu hosp,2026-04-11,quantile,0.99,155
2026-04-11,17,1,wk inc flu hosp,2026-04-18,quantile,0.01,6
2026-04-11,17,1,wk inc flu hosp,2026-04-18,quantile,0.025,7
2026-04-11,17,1,wk inc flu hosp,2026-04-18,quantile,0.05,7
2026-04-11,17,1,wk inc flu hosp,2026-04-18,quantile,0.1,13
2026-04-11,17,1,wk inc flu hosp,2026-04-18,quantile,0.15,16
2026-04-11,17,1,wk inc flu hosp,2026-04-18,quantile,0.2,18
2026-04-11,17,1,wk inc flu hosp,2026-04-18,quantile,0.25,22
2026-04-11,17,1,wk inc flu hosp,2026-04-18,quantile,0.3,26
2026-04-11,17,1,wk inc flu hosp,2026-04-18,quantile,0.35,30
2026-04-11,17,1,wk inc flu hosp,2026-04-18,quantile,0.4,33
2026-04-11,17,1,wk inc flu hosp,2026-04-18,quantile,0.45,36
2026-04-11,17,1,wk inc flu hosp,2026-04-18,quantile,0.5,43
2026-04-11,17,1,wk inc flu hosp,2026-04-18,quantile,0.55,47
2026-04-11,17,1,wk inc flu hosp,2026-04-18,quantile,0.6,49
2026-04-11,17,1,wk inc flu hosp,2026-04-18,quantile,0.65,52
2026-04-11,17,1,wk inc flu hosp,2026-04-18,quantile,0.7,61
2026-04-11,17,1,wk inc flu hosp,2026-04-18,quantile,0.75,67
2026-04-11,17,1,wk inc flu hosp,2026-04-18,quantile,0.8,73
2026-04-11,17,1,wk inc flu hosp,2026-04-18,quantile,0.85,83
2026-04-11,17,1,wk inc flu hosp,2026-04-18,quantile,0.9,94
2026-04-11,17,1,wk inc flu hosp,2026-04-18,quantile,0.95,113
2026-04-11,17,1,wk inc flu hosp,2026-04-18,quantile,0.975,135
2026-04-11,17,1,wk inc flu hosp,2026-04-18,quantile,0.99,213
2026-04-11,17,2,wk inc flu hosp,2026-04-25,quantile,0.01,2
2026-04-11,17,2,wk inc flu hosp,2026-04-25,quantile,0.025,3
2026-04-11,17,2,wk inc flu hosp,2026-04-25,quantile,0.05,6
2026-04-11,17,2,wk inc flu hosp,2026-04-25,quantile,0.1,7
2026-04-11,17,2,wk inc flu hosp,2026-04-25,quantile,0.15,11
2026-04-11,17,2,wk inc flu hosp,2026-04-25,quantile,0.2,13
2026-04-11,17,2,wk inc flu hosp,2026-04-25,quantile,0.25,16
2026-04-11,17,2,wk inc flu hosp,2026-04-25,quantile,0.3,19
2026-04-11,17,2,wk inc flu hosp,2026-04-25,quantile,0.35,22
2026-04-11,17,2,wk inc flu hosp,2026-04-25,quantile,0.4,24
2026-04-11,17,2,wk inc flu hosp,2026-04-25,quantile,0.45,30
2026-04-11,17,2,wk inc flu hosp,2026-04-25,quantile,0.5,37
2026-04-11,17,2,wk inc flu hosp,2026-04-25,quantile,0.55,41
2026-04-11,17,2,wk inc flu hosp,2026-04-25,quantile,0.6,45
2026-04-11,17,2,wk inc flu hosp,2026-04-25,quantile,0.65,49
2026-04-11,17,2,wk inc flu hosp,2026-04-25,quantile,0.7,53
2026-04-11,17,2,wk inc flu hosp,2026-04-25,quantile,0.75,61
2026-04-11,17,2,wk inc flu hosp,2026-04-25,quantile,0.8,67
2026-04-11,17,2,wk inc flu hosp,2026-04-25,quantile,0.85,85
2026-04-11,17,2,wk inc flu hosp,2026-04-25,quantile,0.9,102
2026-04-11,17,2,wk inc flu hosp,2026-04-25,quantile,0.95,130
2026-04-11,17,2,wk inc flu hosp,2026-04-25,quantile,0.975,158
2026-04-11,17,2,wk inc flu hosp,2026-04-25,quantile,0.99,198
2026-04-11,17,3,wk inc flu hosp,2026-05-02,quantile,0.01,0
2026-04-11,17,3,wk inc flu hosp,2026-05-02,quantile,0.025,2
2026-04-11,17,3,wk inc flu hosp,2026-05-02,quantile,0.05,3
2026-04-11,17,3,wk inc flu hosp,2026-05-02,quantile,0.1,6
2026-04-11,17,3,wk inc flu hosp,2026-05-02,quantile,0.15,7
2026-04-11,17,3,wk inc flu hosp,2026-05-02,quantile,0.2,9
2026-04-11,17,3,wk inc flu hosp,2026-05-02,quantile,0.25,12
2026-04-11,17,3,wk inc flu hosp,2026-05-02,quantile,0.3,14
2026-04-11,17,3,wk inc flu hosp,2026-05-02,quantile,0.35,17
2026-04-11,17,3,wk inc flu hosp,2026-05-02,quantile,0.4,21
2026-04-11,17,3,wk inc flu hosp,2026-05-02,quantile,0.45,25
2026-04-11,17,3,wk inc flu hosp,2026-05-02,quantile,0.5,30
2026-04-11,17,3,wk inc flu hosp,2026-05-02,quantile,0.55,33
2026-04-11,17,3,wk inc flu hosp,2026-05-02,quantile,0.6,37
2026-04-11,17,3,wk inc flu hosp,2026-05-02,quantile,0.65,43
2026-04-11,17,3,wk inc flu hosp,2026-05-02,quantile,0.7,48
2026-04-11,17,3,wk inc flu hosp,2026-05-02,quantile,0.75,56
2026-04-11,17,3,wk inc flu hosp,2026-05-02,quantile,0.8,64
2026-04-11,17,3,wk inc flu hosp,2026-05-02,quantile,0.85,81
2026-04-11,17,3,wk inc flu hosp,2026-05-02,quantile,0.9,98
2026-04-11,17,3,wk inc flu hosp,2026-05-02,quantile,0.95,127
2026-04-11,17,3,wk inc flu hosp,2026-05-02,quantile,0.975,154
2026-04-11,17,3,wk inc flu hosp,2026-05-02,quantile,0.99,173
2026-04-11,18,0,wk inc flu hosp,2026-04-11,quantile,0.01,7
2026-04-11,18,0,wk inc flu hosp,2026-04-11,quantile,0.025,10
2026-04-11,18,0,wk inc flu hosp,2026-04-11,quantile,0.05,13
2026-04-11,18,0,wk inc flu hosp,2026-04-11,quantile,0.1,18
2026-04-11,18,0,wk inc flu hosp,2026-04-11,quantile,0.15,22
2026-04-11,18,0,wk inc flu hosp,2026-04-11,quantile,0.2,24
2026-04-11,18,0,wk inc flu hosp,2026-04-11,quantile,0.25,28
2026-04-11,18,0,wk inc flu hosp,2026-04-11,quantile,0.3,30
2026-04-11,18,0,wk inc flu hosp,2026-04-11,quantile,0.35,31
2026-04-11,18,0,wk inc flu hosp,2026-04-11,quantile,0.4,34
2026-04-11,18,0,wk inc flu hosp,2026-04-11,quantile,0.45,35
2026-04-11,18,0,wk inc flu hosp,2026-04-11,quantile,0.5,38
2026-04-11,18,0,wk inc flu hosp,2026-04-11,quantile,0.55,40
2026-04-11,18,0,wk inc flu hosp,2026-04-11,quantile,0.6,44
2026-04-11,18,0,wk inc flu hosp,2026-04-11,quantile,0.65,46
2026-04-11,18,0,wk inc flu hosp,2026-04-11,quantile,0.7,52
2026-04-11,18,0,wk inc flu hosp,2026-04-11,quantile,0.75,54
2026-04-11,18,0,wk inc flu hosp,2026-04-11,quantile,0.8,57
2026-04-11,18,0,wk inc flu hosp,2026-04-11,quantile,0.85,59
2026-04-11,18,0,wk inc flu hosp,2026-04-11,quantile,0.9,66
2026-04-11,18,0,wk inc flu hosp,2026-04-11,quantile,0.95,80
2026-04-11,18,0,wk inc flu hosp,2026-04-11,quantile,0.975,97
2026-04-11,18,0,wk inc flu hosp,2026-04-11,quantile,0.99,112
2026-04-11,18,1,wk inc flu hosp,2026-04-18,quantile,0.01,2
2026-04-11,18,1,wk inc flu hosp,2026-04-18,quantile,0.025,3
2026-04-11,18,1,wk inc flu hosp,2026-04-18,quantile,0.05,6
2026-04-11,18,1,wk inc flu hosp,2026-04-18,quantile,0.1,9
2026-04-11,18,1,wk inc flu hosp,2026-04-18,quantile,0.15,15
2026-04-11,18,1,wk inc flu hosp,2026-04-18,quantile,0.2,18
2026-04-11,18,1,wk inc flu hosp,2026-04-18,quantile,0.25,19
2026-04-11,18,1,wk inc flu hosp,2026-04-18,quantile,0.3,21
2026-04-11,18,1,wk inc flu hosp,2026-04-18,quantile,0.35,23
2026-04-11,18,1,wk inc flu hosp,2026-04-18,quantile,0.4,26
2026-04-11,18,1,wk inc flu hosp,2026-04-18,quantile,0.45,28
2026-04-11,18,1,wk inc flu hosp,2026-04-18,quantile,0.5,31
2026-04-11,18,1,wk inc flu hosp,2026-04-18,quantile,0.55,34
2026-04-11,18,1,wk inc flu hosp,2026-04-18,quantile,0.6,36
2026-04-11,18,1,wk inc flu hosp,2026-04-18,quantile,0.65,40
2026-04-11,18,1,wk inc flu hosp,2026-04-18,quantile,0.7,45
2026-04-11,18,1,wk inc flu hosp,2026-04-18,quantile,0.75,48
2026-04-11,18,1,wk inc flu hosp,2026-04-18,quantile,0.8,54
2026-04-11,18,1,wk inc flu hosp,2026-04-18,quantile,0.85,60
2026-04-11,18,1,wk inc flu hosp,2026-04-18,quantile,0.9,70
2026-04-11,18,1,wk inc flu hosp,2026-04-18,quantile,0.95,82
2026-04-11,18,1,wk inc flu hosp,2026-04-18,quantile,0.975,103
2026-04-11,18,1,wk inc flu hosp,2026-04-18,quantile,0.99,137
2026-04-11,18,2,wk inc flu hosp,2026-04-25,quantile,0.01,0
2026-04-11,18,2,wk inc flu hosp,2026-04-25,quantile,0.025,0
2026-04-11,18,2,wk inc flu hosp,2026-04-25,quantile,0.05,2
2026-04-11,18,2,wk inc flu hosp,2026-04-25,quantile,0.1,5
2026-04-11,18,2,wk inc flu hosp,2026-04-25,quantile,0.15,8
2026-04-11,18,2,wk inc flu hosp,2026-04-25,quantile,0.2,11
2026-04-11,18,2,wk inc flu hosp,2026-04-25,quantile,0.25,13
2026-04-11,18,2,wk inc flu hosp,2026-04-25,quantile,0.3,16
2026-04-11,18,2,wk inc flu hosp,2026-04-25,quantile,0.35,17
2026-04-11,18,2,wk inc flu hosp,2026-04-25,quantile,0.4,19
2026-04-11,18,2,wk inc flu hosp,2026-04-25,quantile,0.45,20
2026-04-11,18,2,wk inc flu hosp,2026-04-25,quantile,0.5,24
2026-04-11,18,2,wk inc flu hosp,2026-04-25,quantile,0.55,26
2026-04-11,18,2,wk inc flu hosp,2026-04-25,quantile,0.6,28
2026-04-11,18,2,wk inc flu hosp,2026-04-25,quantile,0.65,33
2026-04-11,18,2,wk inc flu hosp,2026-04-25,quantile,0.7,36
2026-04-11,18,2,wk inc flu hosp,2026-04-25,quantile,0.75,39
2026-04-11,18,2,wk inc flu hosp,2026-04-25,quantile,0.8,47
2026-04-11,18,2,wk inc flu hosp,2026-04-25,quantile,0.85,53
2026-04-11,18,2,wk inc flu hosp,2026-04-25,quantile,0.9,64
2026-04-11,18,2,wk inc flu hosp,2026-04-25,quantile,0.95,94
2026-04-11,18,2,wk inc flu hosp,2026-04-25,quantile,0.975,113
2026-04-11,18,2,wk inc flu hosp,2026-04-25,quantile,0.99,146
2026-04-11,18,3,wk inc flu hosp,2026-05-02,quantile,0.01,0
2026-04-11,18,3,wk inc flu hosp,2026-05-02,quantile,0.025,0
2026-04-11,18,3,wk inc flu hosp,2026-05-02,quantile,0.05,1
2026-04-11,18,3,wk inc flu hosp,2026-05-02,quantile,0.1,3
2026-04-11,18,3,wk inc flu hosp,2026-05-02,quantile,0.15,6
2026-04-11,18,3,wk inc flu hosp,2026-05-02,quantile,0.2,8
2026-04-11,18,3,wk inc flu hosp,2026-05-02,quantile,0.25,8
2026-04-11,18,3,wk inc flu hosp,2026-05-02,quantile,0.3,11
2026-04-11,18,3,wk inc flu hosp,2026-05-02,quantile,0.35,13
2026-04-11,18,3,wk inc flu hosp,2026-05-02,quantile,0.4,15
2026-04-11,18,3,wk inc flu hosp,2026-05-02,quantile,0.45,16
2026-04-11,18,3,wk inc flu hosp,2026-05-02,quantile,0.5,20
2026-04-11,18,3,wk inc flu hosp,2026-05-02,quantile,0.55,23
2026-04-11,18,3,wk inc flu hosp,2026-05-02,quantile,0.6,26
2026-04-11,18,3,wk inc flu hosp,2026-05-02,quantile,0.65,28
2026-04-11,18,3,wk inc flu hosp,2026-05-02,quantile,0.7,32
2026-04-11,18,3,wk inc flu hosp,2026-05-02,quantile,0.75,36
2026-04-11,18,3,wk inc flu hosp,2026-05-02,quantile,0.8,43
2026-04-11,18,3,wk inc flu hosp,2026-05-02,quantile,0.85,51
2026-04-11,18,3,wk inc flu hosp,2026-05-02,quantile,0.9,61
2026-04-11,18,3,wk inc flu hosp,2026-05-02,quantile,0.95,84
2026-04-11,18,3,wk inc flu hosp,2026-05-02,quantile,0.975,112
2026-04-11,18,3,wk inc flu hosp,2026-05-02,quantile,0.99,155
2026-04-11,19,0,wk inc flu hosp,2026-04-11,quantile,0.01,2
2026-04-11,19,0,wk inc flu hosp,2026-04-11,quantile,0.025,3
2026-04-11,19,0,wk inc flu hosp,2026-04-11,quantile,0.05,4
2026-04-11,19,0,wk inc flu hosp,2026-04-11,quantile,0.1,6
2026-04-11,19,0,wk inc flu hosp,2026-04-11,quantile,0.15,7
2026-04-11,19,0,wk inc flu hosp,2026-04-11,quantile,0.2,8
2026-04-11,19,0,wk inc flu hosp,2026-04-11,quantile,0.25,9
2026-04-11,19,0,wk inc flu hosp,2026-04-11,quantile,0.3,10
2026-04-11,19,0,wk inc flu hosp,2026-04-11,quantile,0.35,11
2026-04-11,19,0,wk inc flu hosp,2026-04-11,quantile,0.4,13
2026-04-11,19,0,wk inc flu hosp,2026-04-11,quantile,0.45,14
2026-04-11,19,0,wk inc flu hosp,2026-04-11,quantile,0.5,15
2026-04-11,19,0,wk inc flu hosp,2026-04-11,quantile,0.55,16
2026-04-11,19,0,wk inc flu hosp,2026-04-11,quantile,0.6,17
2026-04-11,19,0,wk inc flu hosp,2026-04-11,quantile,0.65,19
2026-04-11,19,0,wk inc flu hosp,2026-04-11,quantile,0.7,21
2026-04-11,19,0,wk inc flu hosp,2026-04-11,quantile,0.75,23
2026-04-11,19,0,wk inc flu hosp,2026-04-11,quantile,0.8,25
2026-04-11,19,0,wk inc flu hosp,2026-04-11,quantile,0.85,28
2026-04-11,19,0,wk inc flu hosp,2026-04-11,quantile,0.9,33
2026-04-11,19,0,wk inc flu hosp,2026-04-11,quantile,0.95,38
2026-04-11,19,0,wk inc flu hosp,2026-04-11,quantile,0.975,46
2026-04-11,19,0,wk inc flu hosp,2026-04-11,quantile,0.99,51
2026-04-11,19,1,wk inc flu hosp,2026-04-18,quantile,0.01,0
2026-04-11,19,1,wk inc flu hosp,2026-04-18,quantile,0.025,1
2026-04-11,19,1,wk inc flu hosp,2026-04-18,quantile,0.05,2
2026-04-11,19,1,wk inc flu hosp,2026-04-18,quantile,0.1,3
2026-04-11,19,1,wk inc flu hosp,2026-04-18,quantile,0.15,4
2026-04-11,19,1,wk inc flu hosp,2026-04-18,quantile,0.2,4
2026-04-11,19,1,wk inc flu hosp,2026-04-18,quantile,0.25,5
2026-04-11,19,1,wk inc flu hosp,2026-04-18,quantile,0.3,6
2026-04-11,19,1,wk inc flu hosp,2026-04-18,quantile,0.35,7
2026-04-11,19,1,wk inc flu hosp,2026-04-18,quantile,0.4,8
2026-04-11,19,1,wk inc flu hosp,2026-04-18,quantile,0.45,9
2026-04-11,19,1,wk inc flu hosp,2026-04-18,quantile,0.5,11
2026-04-11,19,1,wk inc flu hosp,2026-04-18,quantile,0.55,12
2026-04-11,19,1,wk inc flu hosp,2026-04-18,quantile,0.6,14
2026-04-11,19,1,wk inc flu hosp,2026-04-18,quantile,0.65,15
2026-04-11,19,1,wk inc flu hosp,2026-04-18,quantile,0.7,17
2026-04-11,19,1,wk inc flu hosp,2026-04-18,quantile,0.75,19
2026-04-11,19,1,wk inc flu hosp,2026-04-18,quantile,0.8,22
2026-04-11,19,1,wk inc flu hosp,2026-04-18,quantile,0.85,25
2026-04-11,19,1,wk inc flu hosp,2026-04-18,quantile,0.9,29
2026-04-11,19,1,wk inc flu hosp,2026-04-18,quantile,0.95,35
2026-04-11,19,1,wk inc flu hosp,2026-04-18,quantile,0.975,44
2026-04-11,19,1,wk inc flu hosp,2026-04-18,quantile,0.99,53
2026-04-11,19,2,wk inc flu hosp,2026-04-25,quantile,0.01,0
2026-04-11,19,2,wk inc flu hosp,2026-04-25,quantile,0.025,0
2026-04-11,19,2,wk inc flu hosp,2026-04-25,quantile,0.05,0
2026-04-11,19,2,wk inc flu hosp,2026-04-25,quantile,0.1,1
2026-04-11,19,2,wk inc flu hosp,2026-04-25,quantile,0.15,2
2026-04-11,19,2,wk inc flu hosp,2026-04-25,quantile,0.2,2
2026-04-11,19,2,wk inc flu hosp,2026-04-25,quantile,0.25,3
2026-04-11,19,2,wk inc flu hosp,2026-04-25,quantile,0.3,3
2026-04-11,19,2,wk inc flu hosp,2026-04-25,quantile,0.35,4
2026-04-11,19,2,wk inc flu hosp,2026-04-25,quantile,0.4,5
2026-04-11,19,2,wk inc flu hosp,2026-04-25,quantile,0.45,6
2026-04-11,19,2,wk inc flu hosp,2026-04-25,quantile,0.5,8
2026-04-11,19,2,wk inc flu hosp,2026-04-25,quantile,0.55,9
2026-04-11,19,2,wk inc flu hosp,2026-04-25,quantile,0.6,10
2026-04-11,19,2,wk inc flu hosp,2026-04-25,quantile,0.65,12
2026-04-11,19,2,wk inc flu hosp,2026-04-25,quantile,0.7,14
2026-04-11,19,2,wk inc flu hosp,2026-04-25,quantile,0.75,16
2026-04-11,19,2,wk inc flu hosp,2026-04-25,quantile,0.8,18
2026-04-11,19,2,wk inc flu hosp,2026-04-25,quantile,0.85,22
2026-04-11,19,2,wk inc flu hosp,2026-04-25,quantile,0.9,26
2026-04-11,19,2,wk inc flu hosp,2026-04-25,quantile,0.95,33
2026-04-11,19,2,wk inc flu hosp,2026-04-25,quantile,0.975,41
2026-04-11,19,2,wk inc flu hosp,2026-04-25,quantile,0.99,50
2026-04-11,19,3,wk inc flu hosp,2026-05-02,quantile,0.01,0
2026-04-11,19,3,wk inc flu hosp,2026-05-02,quantile,0.025,0
2026-04-11,19,3,wk inc flu hosp,2026-05-02,quantile,0.05,0
2026-04-11,19,3,wk inc flu hosp,2026-05-02,quantile,0.1,0
2026-04-11,19,3,wk inc flu hosp,2026-05-02,quantile,0.15,1
2026-04-11,19,3,wk inc flu hosp,2026-05-02,quantile,0.2,1
2026-04-11,19,3,wk inc flu hosp,2026-05-02,quantile,0.25,2
2026-04-11,19,3,wk inc flu hosp,2026-05-02,quantile,0.3,3
2026-04-11,19,3,wk inc flu hosp,2026-05-02,quantile,0.35,3
2026-04-11,19,3,wk inc flu hosp,2026-05-02,quantile,0.4,4
2026-04-11,19,3,wk inc flu hosp,2026-05-02,quantile,0.45,4
2026-04-11,19,3,wk inc flu hosp,2026-05-02,quantile,0.5,6
2026-04-11,19,3,wk inc flu hosp,2026-05-02,quantile,0.55,7
2026-04-11,19,3,wk inc flu hosp,2026-05-02,quantile,0.6,8
2026-04-11,19,3,wk inc flu hosp,2026-05-02,quantile,0.65,10
2026-04-11,19,3,wk inc flu hosp,2026-05-02,quantile,0.7,11
2026-04-11,19,3,wk inc flu hosp,2026-05-02,quantile,0.75,14
2026-04-11,19,3,wk inc flu hosp,2026-05-02,quantile,0.8,16
2026-04-11,19,3,wk inc flu hosp,2026-05-02,quantile,0.85,20
2026-04-11,19,3,wk inc flu hosp,2026-05-02,quantile,0.9,24
2026-04-11,19,3,wk inc flu hosp,2026-05-02,quantile,0.95,31
2026-04-11,19,3,wk inc flu hosp,2026-05-02,quantile,0.975,39
2026-04-11,19,3,wk inc flu hosp,2026-05-02,quantile,0.99,51
2026-04-11,20,0,wk inc flu hosp,2026-04-11,quantile,0.01,1
2026-04-11,20,0,wk inc flu hosp,2026-04-11,quantile,0.025,2
2026-04-11,20,0,wk inc flu hosp,2026-04-11,quantile,0.05,3
2026-04-11,20,0,wk inc flu hosp,2026-04-11,quantile,0.1,4
2026-04-11,20,0,wk inc flu hosp,2026-04-11,quantile,0.15,6
2026-04-11,20,0,wk inc flu hosp,2026-04-11,quantile,0.2,7
2026-04-11,20,0,wk inc flu hosp,2026-04-11,quantile,0.25,7
2026-04-11,20,0,wk inc flu hosp,2026-04-11,quantile,0.3,8
2026-04-11,20,0,wk inc flu hosp,2026-04-11,quantile,0.35,9
2026-04-11,20,0,wk inc flu hosp,2026-04-11,quantile,0.4,9
2026-04-11,20,0,wk inc flu hosp,2026-04-11,quantile,0.45,10
2026-04-11,20,0,wk inc flu hosp,2026-04-11,quantile,0.5,11
2026-04-11,20,0,wk inc flu hosp,2026-04-11,quantile,0.55,12
2026-04-11,20,0,wk inc flu hosp,2026-04-11,quantile,0.6,13
2026-04-11,20,0,wk inc flu hosp,2026-04-11,quantile,0.65,14
2026-04-11,20,0,wk inc flu hosp,2026-04-11,quantile,0.7,15
2026-04-11,20,0,wk inc flu hosp,2026-04-11,quantile,0.75,17
2026-04-11,20,0,wk inc flu hosp,2026-04-11,quantile,0.8,19
2026-04-11,20,0,wk inc flu hosp,2026-04-11,quantile,0.85,21
2026-04-11,20,0,wk inc flu hosp,2026-04-11,quantile,0.9,23
2026-04-11,20,0,wk inc flu hosp,2026-04-11,quantile,0.95,28
2026-04-11,20,0,wk inc flu hosp,2026-04-11,quantile,0.975,34
2026-04-11,20,0,wk inc flu hosp,2026-04-11,quantile,0.99,40
2026-04-11,20,1,wk inc flu hosp,2026-04-18,quantile,0.01,0
2026-04-11,20,1,wk inc flu hosp,2026-04-18,quantile,0.025,1
2026-04-11,20,1,wk inc flu hosp,2026-04-18,quantile,0.05,1
2026-04-11,20,1,wk inc flu hosp,2026-04-18,quantile,0.1,2
2026-04-11,20,1,wk inc flu hosp,2026-04-18,quantile,0.15,3
2026-04-11,20,1,wk inc flu hosp,2026-04-18,quantile,0.2,4
2026-04-11,20,1,wk inc flu hosp,2026-04-18,quantile,0.25,4
2026-04-11,20,1,wk inc flu hosp,2026-04-18,quantile,0.3,5
2026-04-11,20,1,wk inc flu hosp,2026-04-18,quantile,0.35,6
2026-04-11,20,1,wk inc flu hosp,2026-04-18,quantile,0.4,7
2026-04-11,20,1,wk inc flu hosp,2026-04-18,quantile,0.45,7
2026-04-11,20,1,wk inc flu hosp,2026-04-18,quantile,0.5,8
2026-04-11,20,1,wk inc flu hosp,2026-04-18,quantile,0.55,9
2026-04-11,20,1,wk inc flu hosp,2026-04-18,quantile,0.6,11
2026-04-11,20,1,wk inc flu hosp,2026-04-18,quantile,0.65,12
2026-04-11,20,1,wk inc flu hosp,2026-04-18,quantile,0.7,14
2026-04-11,20,1,wk inc flu hosp,2026-04-18,quantile,0.75,15
2026-04-11,20,1,wk inc flu hosp,2026-04-18,quantile,0.8,16
2026-04-11,20,1,wk inc flu hosp,2026-04-18,quantile,0.85,18
2026-04-11,20,1,wk inc flu hosp,2026-04-18,quantile,0.9,23
2026-04-11,20,1,wk inc flu hosp,2026-04-18,quantile,0.95,31
2026-04-11,20,1,wk inc flu hosp,2026-04-18,quantile,0.975,39
2026-04-11,20,1,wk inc flu hosp,2026-04-18,quantile,0.99,46
2026-04-11,20,2,wk inc flu hosp,2026-04-25,quantile,0.01,0
2026-04-11,20,2,wk inc flu hosp,2026-04-25,quantile,0.025,0
2026-04-11,20,2,wk inc flu hosp,2026-04-25,quantile,0.05,0
2026-04-11,20,2,wk inc flu hosp,2026-04-25,quantile,0.1,0
2026-04-11,20,2,wk inc flu hosp,2026-04-25,quantile,0.15,1
2026-04-11,20,2,wk inc flu hosp,2026-04-25,quantile,0.2,2
2026-04-11,20,2,wk inc flu hosp,2026-04-25,quantile,0.25,2
2026-04-11,20,2,wk inc flu hosp,2026-04-25,quantile,0.3,3
2026-04-11,20,2,wk inc flu hosp,2026-04-25,quantile,0.35,4
2026-04-11,20,2,wk inc flu hosp,2026-04-25,quantile,0.4,4
2026-04-11,20,2,wk inc flu hosp,2026-04-25,quantile,0.45,5
2026-04-11,20,2,wk inc flu hosp,2026-04-25,quantile,0.5,7
2026-04-11,20,2,wk inc flu hosp,2026-04-25,quantile,0.55,8
2026-04-11,20,2,wk inc flu hosp,2026-04-25,quantile,0.6,9
2026-04-11,20,2,wk inc flu hosp,2026-04-25,quantile,0.65,11
2026-04-11,20,2,wk inc flu hosp,2026-04-25,quantile,0.7,11
2026-04-11,20,2,wk inc flu hosp,2026-04-25,quantile,0.75,13
2026-04-11,20,2,wk inc flu hosp,2026-04-25,quantile,0.8,14
2026-04-11,20,2,wk inc flu hosp,2026-04-25,quantile,0.85,16
2026-04-11,20,2,wk inc flu hosp,2026-04-25,quantile,0.9,21
2026-04-11,20,2,wk inc flu hosp,2026-04-25,quantile,0.95,31
2026-04-11,20,2,wk inc flu hosp,2026-04-25,quantile,0.975,40
2026-04-11,20,2,wk inc flu hosp,2026-04-25,quantile,0.99,48
2026-04-11,20,3,wk inc flu hosp,2026-05-02,quantile,0.01,0
2026-04-11,20,3,wk inc flu hosp,2026-05-02,quantile,0.025,0
2026-04-11,20,3,wk inc flu hosp,2026-05-02,quantile,0.05,0
2026-04-11,20,3,wk inc flu hosp,2026-05-02,quantile,0.1,0
2026-04-11,20,3,wk inc flu hosp,2026-05-02,quantile,0.15,1
2026-04-11,20,3,wk inc flu hosp,2026-05-02,quantile,0.2,1
2026-04-11,20,3,wk inc flu hosp,2026-05-02,quantile,0.25,2
2026-04-11,20,3,wk inc flu hosp,2026-05-02,quantile,0.3,3
2026-04-11,20,3,wk inc flu hosp,2026-05-02,quantile,0.35,3
2026-04-11,20,3,wk inc flu hosp,2026-05-02,quantile,0.4,4
2026-04-11,20,3,wk inc flu hosp,2026-05-02,quantile,0.45,5
2026-04-11,20,3,wk inc flu hosp,2026-05-02,quantile,0.5,6
2026-04-11,20,3,wk inc flu hosp,2026-05-02,quantile,0.55,7
2026-04-11,20,3,wk inc flu hosp,2026-05-02,quantile,0.6,8
2026-04-11,20,3,wk inc flu hosp,2026-05-02,quantile,0.65,9
2026-04-11,20,3,wk inc flu hosp,2026-05-02,quantile,0.7,10
2026-04-11,20,3,wk inc flu hosp,2026-05-02,quantile,0.75,13
2026-04-11,20,3,wk inc flu hosp,2026-05-02,quantile,0.8,14
2026-04-11,20,3,wk inc flu hosp,2026-05-02,quantile,0.85,16
2026-04-11,20,3,wk inc flu hosp,2026-05-02,quantile,0.9,23
2026-04-11,20,3,wk inc flu hosp,2026-05-02,quantile,0.95,30
2026-04-11,20,3,wk inc flu hosp,2026-05-02,quantile,0.975,36
2026-04-11,20,3,wk inc flu hosp,2026-05-02,quantile,0.99,43
2026-04-11,21,0,wk inc flu hosp,2026-04-11,quantile,0.01,6
2026-04-11,21,0,wk inc flu hosp,2026-04-11,quantile,0.025,9
2026-04-11,21,0,wk inc flu hosp,2026-04-11,quantile,0.05,12
2026-04-11,21,0,wk inc flu hosp,2026-04-11,quantile,0.1,15
2026-04-11,21,0,wk inc flu hosp,2026-04-11,quantile,0.15,18
2026-04-11,21,0,wk inc flu hosp,2026-04-11,quantile,0.2,20
2026-04-11,21,0,wk inc flu hosp,2026-04-11,quantile,0.25,21
2026-04-11,21,0,wk inc flu hosp,2026-04-11,quantile,0.3,24
2026-04-11,21,0,wk inc flu hosp,2026-04-11,quantile,0.35,26
2026-04-11,21,0,wk inc flu hosp,2026-04-11,quantile,0.4,27
2026-04-11,21,0,wk inc flu hosp,2026-04-11,quantile,0.45,29
2026-04-11,21,0,wk inc flu hosp,2026-04-11,quantile,0.5,32
2026-04-11,21,0,wk inc flu hosp,2026-04-11,quantile,0.55,34
2026-04-11,21,0,wk inc flu hosp,2026-04-11,quantile,0.6,37
2026-04-11,21,0,wk inc flu hosp,2026-04-11,quantile,0.65,40
2026-04-11,21,0,wk inc flu hosp,2026-04-11,quantile,0.7,43
2026-04-11,21,0,wk inc flu hosp,2026-04-11,quantile,0.75,46
2026-04-11,21,0,wk inc flu hosp,2026-04-11,quantile,0.8,50
2026-04-11,21,0,wk inc flu hosp,2026-04-11,quantile,0.85,55
2026-04-11,21,0,wk inc flu hosp,2026-04-11,quantile,0.9,61
2026-04-11,21,0,wk inc flu hosp,2026-04-11,quantile,0.95,73
2026-04-11,21,0,wk inc flu hosp,2026-04-11,quantile,0.975,83
2026-04-11,21,0,wk inc flu hosp,2026-04-11,quantile,0.99,102
2026-04-11,21,1,wk inc flu hosp,2026-04-18,quantile,0.01,1
2026-04-11,21,1,wk inc flu hosp,2026-04-18,quantile,0.025,4
2026-04-11,21,1,wk inc flu hosp,2026-04-18,quantile,0.05,5
2026-04-11,21,1,wk inc flu hosp,2026-04-18,quantile,0.1,7
2026-04-11,21,1,wk inc flu hosp,2026-04-18,quantile,0.15,10
2026-04-11,21,1,wk inc flu hosp,2026-04-18,quantile,0.2,12
2026-04-11,21,1,wk inc flu hosp,2026-04-18,quantile,0.25,14
2026-04-11,21,1,wk inc flu hosp,2026-04-18,quantile,0.3,16
2026-04-11,21,1,wk inc flu hosp,2026-04-18,quantile,0.35,18
2026-04-11,21,1,wk inc flu hosp,2026-04-18,quantile,0.4,20
2026-04-11,21,1,wk inc flu hosp,2026-04-18,quantile,0.45,21
2026-04-11,21,1,wk inc flu hosp,2026-04-18,quantile,0.5,24
2026-04-11,21,1,wk inc flu hosp,2026-04-18,quantile,0.55,26
2026-04-11,21,1,wk inc flu hosp,2026-04-18,quantile,0.6,28
2026-04-11,21,1,wk inc flu hosp,2026-04-18,quantile,0.65,31
2026-04-11,21,1,wk inc flu hosp,2026-04-18,quantile,0.7,34
2026-04-11,21,1,wk inc flu hosp,2026-04-18,quantile,0.75,38
2026-04-11,21,1,wk inc flu hosp,2026-04-18,quantile,0.8,42
2026-04-11,21,1,wk inc flu hosp,2026-04-18,quantile,0.85,47
2026-04-11,21,1,wk inc flu hosp,2026-04-18,quantile,0.9,53
2026-04-11,21,1,wk inc flu hosp,2026-04-18,quantile,0.95,69
2026-04-11,21,1,wk inc flu hosp,2026-04-18,quantile,0.975,86
2026-04-11,21,1,wk inc flu hosp,2026-04-18,quantile,0.99,101
2026-04-11,21,2,wk inc flu hosp,2026-04-25,quantile,0.01,0
2026-04-11,21,2,wk inc flu hosp,2026-04-25,quantile,0.025,1
2026-04-11,21,2,wk inc flu hosp,2026-04-25,quantile,0.05,3
2026-04-11,21,2,wk inc flu hosp,2026-04-25,quantile,0.1,5
2026-04-11,21,2,wk inc flu hosp,2026-04-25,quantile,0.15,6
2026-04-11,21,2,wk inc flu hosp,2026-04-25,quantile,0.2,7
2026-04-11,21,2,wk inc flu hosp,2026-04-25,quantile,0.25,7
2026-04-11,21,2,wk inc flu hosp,2026-04-25,quantile,0.3,10
2026-04-11,21,2,wk inc flu hosp,2026-04-25,quantile,0.35,14
2026-04-11,21,2,wk inc flu hosp,2026-04-25,quantile,0.4,15
2026-04-11,21,2,wk inc flu hosp,2026-04-25,quantile,0.45,16
2026-04-11,21,2,wk inc flu hosp,2026-04-25,quantile,0.5,18
2026-04-11,21,2,wk inc flu hosp,2026-04-25,quantile,0.55,21
2026-04-11,21,2,wk inc flu hosp,2026-04-25,quantile,0.6,23
2026-04-11,21,2,wk inc flu hosp,2026-04-25,quantile,0.65,25
2026-04-11,21,2,wk inc flu hosp,2026-04-25,quantile,0.7,28
2026-04-11,21,2,wk inc flu hosp,2026-04-25,quantile,0.75,30
2026-04-11,21,2,wk inc flu hosp,2026-04-25,quantile,0.8,34
2026-04-11,21,2,wk inc flu hosp,2026-04-25,quantile,0.85,40
2026-04-11,21,2,wk inc flu hosp,2026-04-25,quantile,0.9,48
2026-04-11,21,2,wk inc flu hosp,2026-04-25,quantile,0.95,69
2026-04-11,21,2,wk inc flu hosp,2026-04-25,quantile,0.975,84
2026-04-11,21,2,wk inc flu hosp,2026-04-25,quantile,0.99,114
2026-04-11,21,3,wk inc flu hosp,2026-05-02,quantile,0.01,0
2026-04-11,21,3,wk inc flu hosp,2026-05-02,quantile,0.025,1
2026-04-11,21,3,wk inc flu hosp,2026-05-02,quantile,0.05,2
2026-04-11,21,3,wk inc flu hosp,2026-05-02,quantile,0.1,3
2026-04-11,21,3,wk inc flu hosp,2026-05-02,quantile,0.15,4
2026-04-11,21,3,wk inc flu hosp,2026-05-02,quantile,0.2,6
2026-04-11,21,3,wk inc flu hosp,2026-05-02,quantile,0.25,7
2026-04-11,21,3,wk inc flu hosp,2026-05-02,quantile,0.3,10
2026-04-11,21,3,wk inc flu hosp,2026-05-02,quantile,0.35,12
2026-04-11,21,3,wk inc flu hosp,2026-05-02,quantile,0.4,13
2026-04-11,21,3,wk inc flu hosp,2026-05-02,quantile,0.45,15
2026-04-11,21,3,wk inc flu hosp,2026-05-02,quantile,0.5,16
2026-04-11,21,3,wk inc flu hosp,2026-05-02,quantile,0.55,17
2026-04-11,21,3,wk inc flu hosp,2026-05-02,quantile,0.6,19
2026-04-11,21,3,wk inc flu hosp,2026-05-02,quantile,0.65,21
2026-04-11,21,3,wk inc flu hosp,2026-05-02,quantile,0.7,24
2026-04-11,21,3,wk inc flu hosp,2026-05-02,quantile,0.75,27
2026-04-11,21,3,wk inc flu hosp,2026-05-02,quantile,0.8,31
2026-04-11,21,3,wk inc flu hosp,2026-05-02,quantile,0.85,35
2026-04-11,21,3,wk inc flu hosp,2026-05-02,quantile,0.9,43
2026-04-11,21,3,wk inc flu hosp,2026-05-02,quantile,0.95,63
2026-04-11,21,3,wk inc flu hosp,2026-05-02,quantile,0.975,84
2026-04-11,21,3,wk inc flu hosp,2026-05-02,quantile,0.99,108
2026-04-11,22,0,wk inc flu hosp,2026-04-11,quantile,0.01,4
2026-04-11,22,0,wk inc flu hosp,2026-04-11,quantile,0.025,7
2026-04-11,22,0,wk inc flu hosp,2026-04-11,quantile,0.05,8
2026-04-11,22,0,wk inc flu hosp,2026-04-11,quantile,0.1,11
2026-04-11,22,0,wk inc flu hosp,2026-04-11,quantile,0.15,13
2026-04-11,22,0,wk inc flu hosp,2026-04-11,quantile,0.2,14
2026-04-11,22,0,wk inc flu hosp,2026-04-11,quantile,0.25,15
2026-04-11,22,0,wk inc flu hosp,2026-04-11,quantile,0.3,17
2026-04-11,22,0,wk inc flu hosp,2026-04-11,quantile,0.35,18
2026-04-11,22,0,wk inc flu hosp,2026-04-11,quantile,0.4,19
2026-04-11,22,0,wk inc flu hosp,2026-04-11,quantile,0.45,21
2026-04-11,22,0,wk inc flu hosp,2026-04-11,quantile,0.5,22
2026-04-11,22,0,wk inc flu hosp,2026-04-11,quantile,0.55,23
2026-04-11,22,0,wk inc flu hosp,2026-04-11,quantile,0.6,25
2026-04-11,22,0,wk inc flu hosp,2026-04-11,quantile,0.65,27
2026-04-11,22,0,wk inc flu hosp,2026-04-11,quantile,0.7,29
2026-04-11,22,0,wk inc flu hosp,2026-04-11,quantile,0.75,32
2026-04-11,22,0,wk inc flu hosp,2026-04-11,quantile,0.8,36
2026-04-11,22,0,wk inc flu hosp,2026-04-11,quantile,0.85,40
2026-04-11,22,0,wk inc flu hosp,2026-04-11,quantile,0.9,46
2026-04-11,22,0,wk inc flu hosp,2026-04-11,quantile,0.95,55
2026-04-11,22,0,wk inc flu hosp,2026-04-11,quantile,0.975,62
2026-04-11,22,0,wk inc flu hosp,2026-04-11,quantile,0.99,75
2026-04-11,22,1,wk inc flu hosp,2026-04-18,quantile,0.01,1
2026-04-11,22,1,wk inc flu hosp,2026-04-18,quantile,0.025,3
2026-04-11,22,1,wk inc flu hosp,2026-04-18,quantile,0.05,6
2026-04-11,22,1,wk inc flu hosp,2026-04-18,quantile,0.1,8
2026-04-11,22,1,wk inc flu hosp,2026-04-18,quantile,0.15,10
2026-04-11,22,1,wk inc flu hosp,2026-04-18,quantile,0.2,11
2026-04-11,22,1,wk inc flu hosp,2026-04-18,quantile,0.25,12
2026-04-11,22,1,wk inc flu hosp,2026-04-18,quantile,0.3,13
2026-04-11,22,1,wk inc flu hosp,2026-04-18,quantile,0.35,14
2026-04-11,22,1,wk inc flu hosp,2026-04-18,quantile,0.4,16
2026-04-11,22,1,wk inc flu hosp,2026-04-18,quantile,0.45,17
2026-04-11,22,1,wk inc flu hosp,2026-04-18,quantile,0.5,19
2026-04-11,22,1,wk inc flu hosp,2026-04-18,quantile,0.55,21
2026-04-11,22,1,wk inc flu hosp,2026-04-18,quantile,0.6,22
2026-04-11,22,1,wk inc flu hosp,2026-04-18,quantile,0.65,24
2026-04-11,22,1,wk inc flu hosp,2026-04-18,quantile,0.7,28
2026-04-11,22,1,wk inc flu hosp,2026-04-18,quantile,0.75,31
2026-04-11,22,1,wk inc flu hosp,2026-04-18,quantile,0.8,35
2026-04-11,22,1,wk inc flu hosp,2026-04-18,quantile,0.85,41
2026-04-11,22,1,wk inc flu hosp,2026-04-18,quantile,0.9,48
2026-04-11,22,1,wk inc flu hosp,2026-04-18,quantile,0.95,61
2026-04-11,22,1,wk inc flu hosp,2026-04-18,quantile,0.975,70
2026-04-11,22,1,wk inc flu hosp,2026-04-18,quantile,0.99,81
2026-04-11,22,2,wk inc flu hosp,2026-04-25,quantile,0.01,0
2026-04-11,22,2,wk inc flu hosp,2026-04-25,quantile,0.025,2
2026-04-11,22,2,wk inc flu hosp,2026-04-25,quantile,0.05,3
2026-04-11,22,2,wk inc flu hosp,2026-04-25,quantile,0.1,4
2026-04-11,22,2,wk inc flu hosp,2026-04-25,quantile,0.15,6
2026-04-11,22,2,wk inc flu hosp,2026-04-25,quantile,0.2,8
2026-04-11,22,2,wk inc flu hosp,2026-04-25,quantile,0.25,9
2026-04-11,22,2,wk inc flu hosp,2026-04-25,quantile,0.3,11
2026-04-11,22,2,wk inc flu hosp,2026-04-25,quantile,0.35,11
2026-04-11,22,2,wk inc flu hosp,2026-04-25,quantile,0.4,13
2026-04-11,22,2,wk inc flu hosp,2026-04-25,quantile,0.45,15
2026-04-11,22,2,wk inc flu hosp,2026-04-25,quantile,0.5,17
2026-04-11,22,2,wk inc flu hosp,2026-04-25,quantile,0.55,20
2026-04-11,22,2,wk inc flu hosp,2026-04-25,quantile,0.6,22
2026-04-11,22,2,wk inc flu hosp,2026-04-25,quantile,0.65,24
2026-04-11,22,2,wk inc flu hosp,2026-04-25,quantile,0.7,27
2026-04-11,22,2,wk inc flu hosp,2026-04-25,quantile,0.75,29
2026-04-11,22,2,wk inc flu hosp,2026-04-25,quantile,0.8,33
2026-04-11,22,2,wk inc flu hosp,2026-04-25,quantile,0.85,38
2026-04-11,22,2,wk inc flu hosp,2026-04-25,quantile,0.9,43
2026-04-11,22,2,wk inc flu hosp,2026-04-25,quantile,0.95,58
2026-04-11,22,2,wk inc flu hosp,2026-04-25,quantile,0.975,75
2026-04-11,22,2,wk inc flu hosp,2026-04-25,quantile,0.99,87
2026-04-11,22,3,wk inc flu hosp,2026-05-02,quantile,0.01,0
2026-04-11,22,3,wk inc flu hosp,2026-05-02,quantile,0.025,1
2026-04-11,22,3,wk inc flu hosp,2026-05-02,quantile,0.05,1
2026-04-11,22,3,wk inc flu hosp,2026-05-02,quantile,0.1,3
2026-04-11,22,3,wk inc flu hosp,2026-05-02,quantile,0.15,4
2026-04-11,22,3,wk inc flu hosp,2026-05-02,quantile,0.2,6
2026-04-11,22,3,wk inc flu hosp,2026-05-02,quantile,0.25,7
2026-04-11,22,3,wk inc flu hosp,2026-05-02,quantile,0.3,9
2026-04-11,22,3,wk inc flu hosp,2026-05-02,quantile,0.35,10
2026-04-11,22,3,wk inc flu hosp,2026-05-02,quantile,0.4,11
2026-04-11,22,3,wk inc flu hosp,2026-05-02,quantile,0.45,13
2026-04-11,22,3,wk inc flu hosp,2026-05-02,quantile,0.5,16
2026-04-11,22,3,wk inc flu hosp,2026-05-02,quantile,0.55,17
2026-04-11,22,3,wk inc flu hosp,2026-05-02,quantile,0.6,20
2026-04-11,22,3,wk inc flu hosp,2026-05-02,quantile,0.65,21
2026-04-11,22,3,wk inc flu hosp,2026-05-02,quantile,0.7,23
2026-04-11,22,3,wk inc flu hosp,2026-05-02,quantile,0.75,26
2026-04-11,22,3,wk inc flu hosp,2026-05-02,quantile,0.8,29
2026-04-11,22,3,wk inc flu hosp,2026-05-02,quantile,0.85,35
2026-04-11,22,3,wk inc flu hosp,2026-05-02,quantile,0.9,43
2026-04-11,22,3,wk inc flu hosp,2026-05-02,quantile,0.95,53
2026-04-11,22,3,wk inc flu hosp,2026-05-02,quantile,0.975,65
2026-04-11,22,3,wk inc flu hosp,2026-05-02,quantile,0.99,80
2026-04-11,23,0,wk inc flu hosp,2026-04-11,quantile,0.01,0
2026-04-11,23,0,wk inc flu hosp,2026-04-11,quantile,0.025,0
2026-04-11,23,0,wk inc flu hosp,2026-04-11,quantile,0.05,1
2026-04-11,23,0,wk inc flu hosp,2026-04-11,quantile,0.1,1
2026-04-11,23,0,wk inc flu hosp,2026-04-11,quantile,0.15,2
2026-04-11,23,0,wk inc flu hosp,2026-04-11,quantile,0.2,2
2026-04-11,23,0,wk inc flu hosp,2026-04-11,quantile,0.25,2
2026-04-11,23,0,wk inc flu hosp,2026-04-11,quantile,0.3,3
2026-04-11,23,0,wk inc flu hosp,2026-04-11,quantile,0.35,3
2026-04-11,23,0,wk inc flu hosp,2026-04-11,quantile,0.4,4
2026-04-11,23,0,wk inc flu hosp,2026-04-11,quantile,0.45,4
2026-04-11,23,0,wk inc flu hosp,2026-04-11,quantile,0.5,5
2026-04-11,23,0,wk inc flu hosp,2026-04-11,quantile,0.55,6
2026-04-11,23,0,wk inc flu hosp,2026-04-11,quantile,0.6,6
2026-04-11,23,0,wk inc flu hosp,2026-04-11,quantile,0.65,7
2026-04-11,23,0,wk inc flu hosp,2026-04-11,quantile,0.7,8
2026-04-11,23,0,wk inc flu hosp,2026-04-11,quantile,0.75,8
2026-04-11,23,0,wk inc flu hosp,2026-04-11,quantile,0.8,9
2026-04-11,23,0,wk inc flu hosp,2026-04-11,quantile,0.85,11
2026-04-11,23,0,wk inc flu hosp,2026-04-11,quantile,0.9,12
2026-04-11,23,0,wk inc flu hosp,2026-04-11,quantile,0.95,15
2026-04-11,23,0,wk inc flu hosp,2026-04-11,quantile,0.975,18
2026-04-11,23,0,wk inc flu hosp,2026-04-11,quantile,0.99,23
2026-04-11,23,1,wk inc flu hosp,2026-04-18,quantile,0.01,0
2026-04-11,23,1,wk inc flu hosp,2026-04-18,quantile,0.025,0
2026-04-11,23,1,wk inc flu hosp,2026-04-18,quantile,0.05,0
2026-04-11,23,1,wk inc flu hosp,2026-04-18,quantile,0.1,1
2026-04-11,23,1,wk inc flu hosp,2026-04-18,quantile,0.15,1
2026-04-11,23,1,wk inc flu hosp,2026-04-18,quantile,0.2,1
2026-04-11,23,1,wk inc flu hosp,2026-04-18,quantile,0.25,2
2026-04-11,23,1,wk inc flu hosp,2026-04-18,quantile,0.3,2
2026-04-11,23,1,wk inc flu hosp,2026-04-18,quantile,0.35,2
2026-04-11,23,1,wk inc flu hosp,2026-04-18,quantile,0.4,3
2026-04-11,23,1,wk inc flu hosp,2026-04-18,quantile,0.45,3
2026-04-11,23,1,wk inc flu hosp,2026-04-18,quantile,0.5,4
2026-04-11,23,1,wk inc flu hosp,2026-04-18,quantile,0.55,5
2026-04-11,23,1,wk inc flu hosp,2026-04-18,quantile,0.6,5
2026-04-11,23,1,wk inc flu hosp,2026-04-18,quantile,0.65,6
2026-04-11,23,1,wk inc flu hosp,2026-04-18,quantile,0.7,7
2026-04-11,23,1,wk inc flu hosp,2026-04-18,quantile,0.75,8
2026-04-11,23,1,wk inc flu hosp,2026-04-18,quantile,0.8,9
2026-04-11,23,1,wk inc flu hosp,2026-04-18,quantile,0.85,10
2026-04-11,23,1,wk inc flu hosp,2026-04-18,quantile,0.9,12
2026-04-11,23,1,wk inc flu hosp,2026-04-18,quantile,0.95,15
2026-04-11,23,1,wk inc flu hosp,2026-04-18,quantile,0.975,18
2026-04-11,23,1,wk inc flu hosp,2026-04-18,quantile,0.99,24
2026-04-11,23,2,wk inc flu hosp,2026-04-25,quantile,0.01,0
2026-04-11,23,2,wk inc flu hosp,2026-04-25,quantile,0.025,0
2026-04-11,23,2,wk inc flu hosp,2026-04-25,quantile,0.05,0
2026-04-11,23,2,wk inc flu hosp,2026-04-25,quantile,0.1,0
2026-04-11,23,2,wk inc flu hosp,2026-04-25,quantile,0.15,0
2026-04-11,23,2,wk inc flu hosp,2026-04-25,quantile,0.2,1
2026-04-11,23,2,wk inc flu hosp,2026-04-25,quantile,0.25,1
2026-04-11,23,2,wk inc flu hosp,2026-04-25,quantile,0.3,1
2026-04-11,23,2,wk inc flu hosp,2026-04-25,quantile,0.35,2
2026-04-11,23,2,wk inc flu hosp,2026-04-25,quantile,0.4,2
2026-04-11,23,2,wk inc flu hosp,2026-04-25,quantile,0.45,2
2026-04-11,23,2,wk inc flu hosp,2026-04-25,quantile,0.5,3
2026-04-11,23,2,wk inc flu hosp,2026-04-25,quantile,0.55,4
2026-04-11,23,2,wk inc flu hosp,2026-04-25,quantile,0.6,5
2026-04-11,23,2,wk inc flu hosp,2026-04-25,quantile,0.65,5
2026-04-11,23,2,wk inc flu hosp,2026-04-25,quantile,0.7,6
2026-04-11,23,2,wk inc flu hosp,2026-04-25,quantile,0.75,7
2026-04-11,23,2,wk inc flu hosp,2026-04-25,quantile,0.8,8
2026-04-11,23,2,wk inc flu hosp,2026-04-25,quantile,0.85,9
2026-04-11,23,2,wk inc flu hosp,2026-04-25,quantile,0.9,11
2026-04-11,23,2,wk inc flu hosp,2026-04-25,quantile,0.95,16
2026-04-11,23,2,wk inc flu hosp,2026-04-25,quantile,0.975,19
2026-04-11,23,2,wk inc flu hosp,2026-04-25,quantile,0.99,25
2026-04-11,23,3,wk inc flu hosp,2026-05-02,quantile,0.01,0
2026-04-11,23,3,wk inc flu hosp,2026-05-02,quantile,0.025,0
2026-04-11,23,3,wk inc flu hosp,2026-05-02,quantile,0.05,0
2026-04-11,23,3,wk inc flu hosp,2026-05-02,quantile,0.1,0
2026-04-11,23,3,wk inc flu hosp,2026-05-02,quantile,0.15,0
2026-04-11,23,3,wk inc flu hosp,2026-05-02,quantile,0.2,0
2026-04-11,23,3,wk inc flu hosp,2026-05-02,quantile,0.25,1
2026-04-11,23,3,wk inc flu hosp,2026-05-02,quantile,0.3,1
2026-04-11,23,3,wk inc flu hosp,2026-05-02,quantile,0.35,1
2026-04-11,23,3,wk inc flu hosp,2026-05-02,quantile,0.4,2
2026-04-11,23,3,wk inc flu hosp,2026-05-02,quantile,0.45,2
2026-04-11,23,3,wk inc flu hosp,2026-05-02,quantile,0.5,3
2026-04-11,23,3,wk inc flu hosp,2026-05-02,quantile,0.55,3
2026-04-11,23,3,wk inc flu hosp,2026-05-02,quantile,0.6,4
2026-04-11,23,3,wk inc flu hosp,2026-05-02,quantile,0.65,5
2026-04-11,23,3,wk inc flu hosp,2026-05-02,quantile,0.7,5
2026-04-11,23,3,wk inc flu hosp,2026-05-02,quantile,0.75,6
2026-04-11,23,3,wk inc flu hosp,2026-05-02,quantile,0.8,8
2026-04-11,23,3,wk inc flu hosp,2026-05-02,quantile,0.85,9
2026-04-11,23,3,wk inc flu hosp,2026-05-02,quantile,0.9,11
2026-04-11,23,3,wk inc flu hosp,2026-05-02,quantile,0.95,15
2026-04-11,23,3,wk inc flu hosp,2026-05-02,quantile,0.975,21
2026-04-11,23,3,wk inc flu hosp,2026-05-02,quantile,0.99,26
2026-04-11,24,0,wk inc flu hosp,2026-04-11,quantile,0.01,0
2026-04-11,24,0,wk inc flu hosp,2026-04-11,quantile,0.025,0
2026-04-11,24,0,wk inc flu hosp,2026-04-11,quantile,0.05,1
2026-04-11,24,0,wk inc flu hosp,2026-04-11,quantile,0.1,2
2026-04-11,24,0,wk inc flu hosp,2026-04-11,quantile,0.15,3
2026-04-11,24,0,wk inc flu hosp,2026-04-11,quantile,0.2,4
2026-04-11,24,0,wk inc flu hosp,2026-04-11,quantile,0.25,5
2026-04-11,24,0,wk inc flu hosp,2026-04-11,quantile,0.3,6
2026-04-11,24,0,wk inc flu hosp,2026-04-11,quantile,0.35,7
2026-04-11,24,0,wk inc flu hosp,2026-04-11,quantile,0.4,8
2026-04-11,24,0,wk inc flu hosp,2026-04-11,quantile,0.45,9
2026-04-11,24,0,wk inc flu hosp,2026-04-11,quantile,0.5,10
2026-04-11,24,0,wk inc flu hosp,2026-04-11,quantile,0.55,12
2026-04-11,24,0,wk inc flu hosp,2026-04-11,quantile,0.6,13
2026-04-11,24,0,wk inc flu hosp,2026-04-11,quantile,0.65,14
2026-04-11,24,0,wk inc flu hosp,2026-04-11,quantile,0.7,15
2026-04-11,24,0,wk inc flu hosp,2026-04-11,quantile,0.75,17
2026-04-11,24,0,wk inc flu hosp,2026-04-11,quantile,0.8,20
2026-04-11,24,0,wk inc flu hosp,2026-04-11,quantile,0.85,22
2026-04-11,24,0,wk inc flu hosp,2026-04-11,quantile,0.9,28
2026-04-11,24,0,wk inc flu hosp,2026-04-11,quantile,0.95,34
2026-04-11,24,0,wk inc flu hosp,2026-04-11,quantile,0.975,43
2026-04-11,24,0,wk inc flu hosp,2026-04-11,quantile,0.99,53
2026-04-11,24,1,wk inc flu hosp,2026-04-18,quantile,0.01,0
2026-04-11,24,1,wk inc flu hosp,2026-04-18,quantile,0.025,0
2026-04-11,24,1,wk inc flu hosp,2026-04-18,quantile,0.05,0
2026-04-11,24,1,wk inc flu hosp,2026-04-18,quantile,0.1,0
2026-04-11,24,1,wk inc flu hosp,2026-04-18,quantile,0.15,1
2026-04-11,24,1,wk inc flu hosp,2026-04-18,quantile,0.2,3
2026-04-11,24,1,wk inc flu hosp,2026-04-18,quantile,0.25,3
2026-04-11,24,1,wk inc flu hosp,2026-04-18,quantile,0.3,4
2026-04-11,24,1,wk inc flu hosp,2026-04-18,quantile,0.35,4
2026-04-11,24,1,wk inc flu hosp,2026-04-18,quantile,0.4,7
2026-04-11,24,1,wk inc flu hosp,2026-04-18,quantile,0.45,8
2026-04-11,24,1,wk inc flu hosp,2026-04-18,quantile,0.5,9
2026-04-11,24,1,wk inc flu hosp,2026-04-18,quantile,0.55,10
2026-04-11,24,1,wk inc flu hosp,2026-04-18,quantile,0.6,13
2026-04-11,24,1,wk inc flu hosp,2026-04-18,quantile,0.65,15
2026-04-11,24,1,wk inc flu hosp,2026-04-18,quantile,0.7,16
2026-04-11,24,1,wk inc flu hosp,2026-04-18,quantile,0.75,18
2026-04-11,24,1,wk inc flu hosp,2026-04-18,quantile,0.8,20
2026-04-11,24,1,wk inc flu hosp,2026-04-18,quantile,0.85,22
2026-04-11,24,1,wk inc flu hosp,2026-04-18,quantile,0.9,29
2026-04-11,24,1,wk inc flu hosp,2026-04-18,quantile,0.95,38
2026-04-11,24,1,wk inc flu hosp,2026-04-18,quantile,0.975,46
2026-04-11,24,1,wk inc flu hosp,2026-04-18,quantile,0.99,63
2026-04-11,24,2,wk inc flu hosp,2026-04-25,quantile,0.01,0
2026-04-11,24,2,wk inc flu hosp,2026-04-25,quantile,0.025,0
2026-04-11,24,2,wk inc flu hosp,2026-04-25,quantile,0.05,0
2026-04-11,24,2,wk inc flu hosp,2026-04-25,quantile,0.1,0
2026-04-11,24,2,wk inc flu hosp,2026-04-25,quantile,0.15,1
2026-04-11,24,2,wk inc flu hosp,2026-04-25,quantile,0.2,2
2026-04-11,24,2,wk inc flu hosp,2026-04-25,quantile,0.25,2
2026-04-11,24,2,wk inc flu hosp,2026-04-25,quantile,0.3,2
2026-04-11,24,2,wk inc flu hosp,2026-04-25,quantile,0.35,4
2026-04-11,24,2,wk inc flu hosp,2026-04-25,quantile,0.4,4
2026-04-11,24,2,wk inc flu hosp,2026-04-25,quantile,0.45,6
2026-04-11,24,2,wk inc flu hosp,2026-04-25,quantile,0.5,8
2026-04-11,24,2,wk inc flu hosp,2026-04-25,quantile,0.55,9
2026-04-11,24,2,wk inc flu hosp,2026-04-25,quantile,0.6,10
2026-04-11,24,2,wk inc flu hosp,2026-04-25,quantile,0.65,12
2026-04-11,24,2,wk inc flu hosp,2026-04-25,quantile,0.7,14
2026-04-11,24,2,wk inc flu hosp,2026-04-25,quantile,0.75,15
2026-04-11,24,2,wk inc flu hosp,2026-04-25,quantile,0.8,18
2026-04-11,24,2,wk inc flu hosp,2026-04-25,quantile,0.85,20
2026-04-11,24,2,wk inc flu hosp,2026-04-25,quantile,0.9,26
2026-04-11,24,2,wk inc flu hosp,2026-04-25,quantile,0.95,37
2026-04-11,24,2,wk inc flu hosp,2026-04-25,quantile,0.975,47
2026-04-11,24,2,wk inc flu hosp,2026-04-25,quantile,0.99,61
2026-04-11,24,3,wk inc flu hosp,2026-05-02,quantile,0.01,0
2026-04-11,24,3,wk inc flu hosp,2026-05-02,quantile,0.025,0
2026-04-11,24,3,wk inc flu hosp,2026-05-02,quantile,0.05,0
2026-04-11,24,3,wk inc flu hosp,2026-05-02,quantile,0.1,0
2026-04-11,24,3,wk inc flu hosp,2026-05-02,quantile,0.15,0
2026-04-11,24,3,wk inc flu hosp,2026-05-02,quantile,0.2,1
2026-04-11,24,3,wk inc flu hosp,2026-05-02,quantile,0.25,2
2026-04-11,24,3,wk inc flu hosp,2026-05-02,quantile,0.3,3
2026-04-11,24,3,wk inc flu hosp,2026-05-02,quantile,0.35,3
2026-04-11,24,3,wk inc flu hosp,2026-05-02,quantile,0.4,4
2026-04-11,24,3,wk inc flu hosp,2026-05-02,quantile,0.45,5
2026-04-11,24,3,wk inc flu hosp,2026-05-02,quantile,0.5,7
2026-04-11,24,3,wk inc flu hosp,2026-05-02,quantile,0.55,8
2026-04-11,24,3,wk inc flu hosp,2026-05-02,quantile,0.6,9
2026-04-11,24,3,wk inc flu hosp,2026-05-02,quantile,0.65,11
2026-04-11,24,3,wk inc flu hosp,2026-05-02,quantile,0.7,13
2026-04-11,24,3,wk inc flu hosp,2026-05-02,quantile,0.75,16
2026-04-11,24,3,wk inc flu hosp,2026-05-02,quantile,0.8,18
2026-04-11,24,3,wk inc flu hosp,2026-05-02,quantile,0.85,21
2026-04-11,24,3,wk inc flu hosp,2026-05-02,quantile,0.9,29
2026-04-11,24,3,wk inc flu hosp,2026-05-02,quantile,0.95,40
2026-04-11,24,3,wk inc flu hosp,2026-05-02,quantile,0.975,53
2026-04-11,24,3,wk inc flu hosp,2026-05-02,quantile,0.99,81
2026-04-11,25,0,wk inc flu hosp,2026-04-11,quantile,0.01,5
2026-04-11,25,0,wk inc flu hosp,2026-04-11,quantile,0.025,6
2026-04-11,25,0,wk inc flu hosp,2026-04-11,quantile,0.05,8
2026-04-11,25,0,wk inc flu hosp,2026-04-11,quantile,0.1,10
2026-04-11,25,0,wk inc flu hosp,2026-04-11,quantile,0.15,13
2026-04-11,25,0,wk inc flu hosp,2026-04-11,quantile,0.2,14
2026-04-11,25,0,wk inc flu hosp,2026-04-11,quantile,0.25,17
2026-04-11,25,0,wk inc flu hosp,2026-04-11,quantile,0.3,19
2026-04-11,25,0,wk inc flu hosp,2026-04-11,quantile,0.35,20
2026-04-11,25,0,wk inc flu hosp,2026-04-11,quantile,0.4,22
2026-04-11,25,0,wk inc flu hosp,2026-04-11,quantile,0.45,24
2026-04-11,25,0,wk inc flu hosp,2026-04-11,quantile,0.5,25
2026-04-11,25,0,wk inc flu hosp,2026-04-11,quantile,0.55,28
2026-04-11,25,0,wk inc flu hosp,2026-04-11,quantile,0.6,30
2026-04-11,25,0,wk inc flu hosp,2026-04-11,quantile,0.65,32
2026-04-11,25,0,wk inc flu hosp,2026-04-11,quantile,0.7,34
2026-04-11,25,0,wk inc flu hosp,2026-04-11,quantile,0.75,35
2026-04-11,25,0,wk inc flu hosp,2026-04-11,quantile,0.8,39
2026-04-11,25,0,wk inc flu hosp,2026-04-11,quantile,0.85,43
2026-04-11,25,0,wk inc flu hosp,2026-04-11,quantile,0.9,49
2026-04-11,25,0,wk inc flu hosp,2026-04-11,quantile,0.95,56
2026-04-11,25,0,wk inc flu hosp,2026-04-11,quantile,0.975,69
2026-04-11,25,0,wk inc flu hosp,2026-04-11,quantile,0.99,79
2026-04-11,25,1,wk inc flu hosp,2026-04-18,quantile,0.01,1
2026-04-11,25,1,wk inc flu hosp,2026-04-18,quantile,0.025,2
2026-04-11,25,1,wk inc flu hosp,2026-04-18,quantile,0.05,3
2026-04-11,25,1,wk inc flu hosp,2026-04-18,quantile,0.1,7
2026-04-11,25,1,wk inc flu hosp,2026-04-18,quantile,0.15,9
2026-04-11,25,1,wk inc flu hosp,2026-04-18,quantile,0.2,11
2026-04-11,25,1,wk inc flu hosp,2026-04-18,quantile,0.25,13
2026-04-11,25,1,wk inc flu hosp,2026-04-18,quantile,0.3,15
2026-04-11,25,1,wk inc flu hosp,2026-04-18,quantile,0.35,17
2026-04-11,25,1,wk inc flu hosp,2026-04-18,quantile,0.4,18
2026-04-11,25,1,wk inc flu hosp,2026-04-18,quantile,0.45,20
2026-04-11,25,1,wk inc flu hosp,2026-04-18,quantile,0.5,23
2026-04-11,25,1,wk inc flu hosp,2026-04-18,quantile,0.55,25
2026-04-11,25,1,wk inc flu hosp,2026-04-18,quantile,0.6,28
2026-04-11,25,1,wk inc flu hosp,2026-04-18,quantile,0.65,30
2026-04-11,25,1,wk inc flu hosp,2026-04-18,quantile,0.7,32
2026-04-11,25,1,wk inc flu hosp,2026-04-18,quantile,0.75,35
2026-04-11,25,1,wk inc flu hosp,2026-04-18,quantile,0.8,40
2026-04-11,25,1,wk inc flu hosp,2026-04-18,quantile,0.85,45
2026-04-11,25,1,wk inc flu hosp,2026-04-18,quantile,0.9,51
2026-04-11,25,1,wk inc flu hosp,2026-04-18,quantile,0.95,63
2026-04-11,25,1,wk inc flu hosp,2026-04-18,quantile,0.975,76
2026-04-11,25,1,wk inc flu hosp,2026-04-18,quantile,0.99,96
2026-04-11,25,2,wk inc flu hosp,2026-04-25,quantile,0.01,0
2026-04-11,25,2,wk inc flu hosp,2026-04-25,quantile,0.025,0
2026-04-11,25,2,wk inc flu hosp,2026-04-25,quantile,0.05,0
2026-04-11,25,2,wk inc flu hosp,2026-04-25,quantile,0.1,4
2026-04-11,25,2,wk inc flu hosp,2026-04-25,quantile,0.15,6
2026-04-11,25,2,wk inc flu hosp,2026-04-25,quantile,0.2,7
2026-04-11,25,2,wk inc flu hosp,2026-04-25,quantile,0.25,9
2026-04-11,25,2,wk inc flu hosp,2026-04-25,quantile,0.3,10
2026-04-11,25,2,wk inc flu hosp,2026-04-25,quantile,0.35,12
2026-04-11,25,2,wk inc flu hosp,2026-04-25,quantile,0.4,14
2026-04-11,25,2,wk inc flu hosp,2026-04-25,quantile,0.45,16
2026-04-11,25,2,wk inc flu hosp,2026-04-25,quantile,0.5,18
2026-04-11,25,2,wk inc flu hosp,2026-04-25,quantile,0.55,21
2026-04-11,25,2,wk inc flu hosp,2026-04-25,quantile,0.6,24
2026-04-11,25,2,wk inc flu hosp,2026-04-25,quantile,0.65,27
2026-04-11,25,2,wk inc flu hosp,2026-04-25,quantile,0.7,29
2026-04-11,25,2,wk inc flu hosp,2026-04-25,quantile,0.75,32
2026-04-11,25,2,wk inc flu hosp,2026-04-25,quantile,0.8,36
2026-04-11,25,2,wk inc flu hosp,2026-04-25,quantile,0.85,43
2026-04-11,25,2,wk inc flu hosp,2026-04-25,quantile,0.9,51
2026-04-11,25,2,wk inc flu hosp,2026-04-25,quantile,0.95,63
2026-04-11,25,2,wk inc flu hosp,2026-04-25,quantile,0.975,75
2026-04-11,25,2,wk inc flu hosp,2026-04-25,quantile,0.99,99
2026-04-11,25,3,wk inc flu hosp,2026-05-02,quantile,0.01,0
2026-04-11,25,3,wk inc flu hosp,2026-05-02,quantile,0.025,0
2026-04-11,25,3,wk inc flu hosp,2026-05-02,quantile,0.05,0
2026-04-11,25,3,wk inc flu hosp,2026-05-02,quantile,0.1,2
2026-04-11,25,3,wk inc flu hosp,2026-05-02,quantile,0.15,3
2026-04-11,25,3,wk inc flu hosp,2026-05-02,quantile,0.2,5
2026-04-11,25,3,wk inc flu hosp,2026-05-02,quantile,0.25,6
2026-04-11,25,3,wk inc flu hosp,2026-05-02,quantile,0.3,8
2026-04-11,25,3,wk inc flu hosp,2026-05-02,quantile,0.35,9
2026-04-11,25,3,wk inc flu hosp,2026-05-02,quantile,0.4,11
2026-04-11,25,3,wk inc flu hosp,2026-05-02,quantile,0.45,12
2026-04-11,25,3,wk inc flu hosp,2026-05-02,quantile,0.5,15
2026-04-11,25,3,wk inc flu hosp,2026-05-02,quantile,0.55,18
2026-04-11,25,3,wk inc flu hosp,2026-05-02,quantile,0.6,22
2026-04-11,25,3,wk inc flu hosp,2026-05-02,quantile,0.65,24
2026-04-11,25,3,wk inc flu hosp,2026-05-02,quantile,0.7,27
2026-04-11,25,3,wk inc flu hosp,2026-05-02,quantile,0.75,31
2026-04-11,25,3,wk inc flu hosp,2026-05-02,quantile,0.8,35
2026-04-11,25,3,wk inc flu hosp,2026-05-02,quantile,0.85,41
2026-04-11,25,3,wk inc flu hosp,2026-05-02,quantile,0.9,48
2026-04-11,25,3,wk inc flu hosp,2026-05-02,quantile,0.95,62
2026-04-11,25,3,wk inc flu hosp,2026-05-02,quantile,0.975,85
2026-04-11,25,3,wk inc flu hosp,2026-05-02,quantile,0.99,115
2026-04-11,26,0,wk inc flu hosp,2026-04-11,quantile,0.01,15
2026-04-11,26,0,wk inc flu hosp,2026-04-11,quantile,0.025,20
2026-04-11,26,0,wk inc flu hosp,2026-04-11,quantile,0.05,25
2026-04-11,26,0,wk inc flu hosp,2026-04-11,quantile,0.1,30
2026-04-11,26,0,wk inc flu hosp,2026-04-11,quantile,0.15,35
2026-04-11,26,0,wk inc flu hosp,2026-04-11,quantile,0.2,39
2026-04-11,26,0,wk inc flu hosp,2026-04-11,quantile,0.25,43
2026-04-11,26,0,wk inc flu hosp,2026-04-11,quantile,0.3,47
2026-04-11,26,0,wk inc flu hosp,2026-04-11,quantile,0.35,51
2026-04-11,26,0,wk inc flu hosp,2026-04-11,quantile,0.4,55
2026-04-11,26,0,wk inc flu hosp,2026-04-11,quantile,0.45,57
2026-04-11,26,0,wk inc flu hosp,2026-04-11,quantile,0.5,63
2026-04-11,26,0,wk inc flu hosp,2026-04-11,quantile,0.55,64
2026-04-11,26,0,wk inc flu hosp,2026-04-11,quantile,0.6,70
2026-04-11,26,0,wk inc flu hosp,2026-04-11,quantile,0.65,75
2026-04-11,26,0,wk inc flu hosp,2026-04-11,quantile,0.7,77
2026-04-11,26,0,wk inc flu hosp,2026-04-11,quantile,0.75,83
2026-04-11,26,0,wk inc flu hosp,2026-04-11,quantile,0.8,88
2026-04-11,26,0,wk inc flu hosp,2026-04-11,quantile,0.85,96
2026-04-11,26,0,wk inc flu hosp,2026-04-11,quantile,0.9,105
2026-04-11,26,0,wk inc flu hosp,2026-04-11,quantile,0.95,125
2026-04-11,26,0,wk inc flu hosp,2026-04-11,quantile,0.975,140
2026-04-11,26,0,wk inc flu hosp,2026-04-11,quantile,0.99,161
2026-04-11,26,1,wk inc flu hosp,2026-04-18,quantile,0.01,5
2026-04-11,26,1,wk inc flu hosp,2026-04-18,quantile,0.025,7
2026-04-11,26,1,wk inc flu hosp,2026-04-18,quantile,0.05,14
2026-04-11,26,1,wk inc flu hosp,2026-04-18,quantile,0.1,17
2026-04-11,26,1,wk inc flu hosp,2026-04-18,quantile,0.15,22
2026-04-11,26,1,wk inc flu hosp,2026-04-18,quantile,0.2,27
2026-04-11,26,1,wk inc flu hosp,2026-04-18,quantile,0.25,30
2026-04-11,26,1,wk inc flu hosp,2026-04-18,quantile,0.3,35
2026-04-11,26,1,wk inc flu hosp,2026-04-18,quantile,0.35,39
2026-04-11,26,1,wk inc flu hosp,2026-04-18,quantile,0.4,42
2026-04-11,26,1,wk inc flu hosp,2026-04-18,quantile,0.45,43
2026-04-11,26,1,wk inc flu hosp,2026-04-18,quantile,0.5,48
2026-04-11,26,1,wk inc flu hosp,2026-04-18,quantile,0.55,54
2026-04-11,26,1,wk inc flu hosp,2026-04-18,quantile,0.6,58
2026-04-11,26,1,wk inc flu hosp,2026-04-18,quantile,0.65,62
2026-04-11,26,1,wk inc flu hosp,2026-04-18,quantile,0.7,67
2026-04-11,26,1,wk inc flu hosp,2026-04-18,quantile,0.75,76
2026-04-11,26,1,wk inc flu hosp,2026-04-18,quantile,0.8,81
2026-04-11,26,1,wk inc flu hosp,2026-04-18,quantile,0.85,90
2026-04-11,26,1,wk inc flu hosp,2026-04-18,quantile,0.9,102
2026-04-11,26,1,wk inc flu hosp,2026-04-18,quantile,0.95,123
2026-04-11,26,1,wk inc flu hosp,2026-04-18,quantile,0.975,140
2026-04-11,26,1,wk inc flu hosp,2026-04-18,quantile,0.99,165
2026-04-11,26,2,wk inc flu hosp,2026-04-25,quantile,0.01,1
2026-04-11,26,2,wk inc flu hosp,2026-04-25,quantile,0.025,6
2026-04-11,26,2,wk inc flu hosp,2026-04-25,quantile,0.05,7
2026-04-11,26,2,wk inc flu hosp,2026-04-25,quantile,0.1,11
2026-04-11,26,2,wk inc flu hosp,2026-04-25,quantile,0.15,15
2026-04-11,26,2,wk inc flu hosp,2026-04-25,quantile,0.2,17
2026-04-11,26,2,wk inc flu hosp,2026-04-25,quantile,0.25,19
2026-04-11,26,2,wk inc flu hosp,2026-04-25,quantile,0.3,21
2026-04-11,26,2,wk inc flu hosp,2026-04-25,quantile,0.35,28
2026-04-11,26,2,wk inc flu hosp,2026-04-25,quantile,0.4,29
2026-04-11,26,2,wk inc flu hosp,2026-04-25,quantile,0.45,33
2026-04-11,26,2,wk inc flu hosp,2026-04-25,quantile,0.5,38
2026-04-11,26,2,wk inc flu hosp,2026-04-25,quantile,0.55,44
2026-04-11,26,2,wk inc flu hosp,2026-04-25,quantile,0.6,51
2026-04-11,26,2,wk inc flu hosp,2026-04-25,quantile,0.65,57
2026-04-11,26,2,wk inc flu hosp,2026-04-25,quantile,0.7,62
2026-04-11,26,2,wk inc flu hosp,2026-04-25,quantile,0.75,71
2026-04-11,26,2,wk inc flu hosp,2026-04-25,quantile,0.8,77
2026-04-11,26,2,wk inc flu hosp,2026-04-25,quantile,0.85,86
2026-04-11,26,2,wk inc flu hosp,2026-04-25,quantile,0.9,97
2026-04-11,26,2,wk inc flu hosp,2026-04-25,quantile,0.95,127
2026-04-11,26,2,wk inc flu hosp,2026-04-25,quantile,0.975,155
2026-04-11,26,2,wk inc flu hosp,2026-04-25,quantile,0.99,184
2026-04-11,26,3,wk inc flu hosp,2026-05-02,quantile,0.01,0
2026-04-11,26,3,wk inc flu hosp,2026-05-02,quantile,0.025,2
2026-04-11,26,3,wk inc flu hosp,2026-05-02,quantile,0.05,3
2026-04-11,26,3,wk inc flu hosp,2026-05-02,quantile,0.1,7
2026-04-11,26,3,wk inc flu hosp,2026-05-02,quantile,0.15,11
2026-04-11,26,3,wk inc flu hosp,2026-05-02,quantile,0.2,14
2026-04-11,26,3,wk inc flu hosp,2026-05-02,quantile,0.25,16
2026-04-11,26,3,wk inc flu hosp,2026-05-02,quantile,0.3,19
2026-04-11,26,3,wk inc flu hosp,2026-05-02,quantile,0.35,23
2026-04-11,26,3,wk inc flu hosp,2026-05-02,quantile,0.4,25
2026-04-11,26,3,wk inc flu hosp,2026-05-02,quantile,0.45,28
2026-04-11,26,3,wk inc flu hosp,2026-05-02,quantile,0.5,32
2026-04-11,26,3,wk inc flu hosp,2026-05-02,quantile,0.55,38
2026-04-11,26,3,wk inc flu hosp,2026-05-02,quantile,0.6,47
2026-04-11,26,3,wk inc flu hosp,2026-05-02,quantile,0.65,52
2026-04-11,26,3,wk inc flu hosp,2026-05-02,quantile,0.7,58
2026-04-11,26,3,wk inc flu hosp,2026-05-02,quantile,0.75,64
2026-04-11,26,3,wk inc flu hosp,2026-05-02,quantile,0.8,75
2026-04-11,26,3,wk inc flu hosp,2026-05-02,quantile,0.85,84
2026-04-11,26,3,wk inc flu hosp,2026-05-02,quantile,0.9,99
2026-04-11,26,3,wk inc flu hosp,2026-05-02,quantile,0.95,122
2026-04-11,26,3,wk inc flu hosp,2026-05-02,quantile,0.975,163
2026-04-11,26,3,wk inc flu hosp,2026-05-02,quantile,0.99,199
2026-04-11,27,0,wk inc flu hosp,2026-04-11,quantile,0.01,3
2026-04-11,27,0,wk inc flu hosp,2026-04-11,quantile,0.025,6
2026-04-11,27,0,wk inc flu hosp,2026-04-11,quantile,0.05,7
2026-04-11,27,0,wk inc flu hosp,2026-04-11,quantile,0.1,10
2026-04-11,27,0,wk inc flu hosp,2026-04-11,quantile,0.15,11
2026-04-11,27,0,wk inc flu hosp,2026-04-11,quantile,0.2,13
2026-04-11,27,0,wk inc flu hosp,2026-04-11,quantile,0.25,16
2026-04-11,27,0,wk inc flu hosp,2026-04-11,quantile,0.3,19
2026-04-11,27,0,wk inc flu hosp,2026-04-11,quantile,0.35,21
2026-04-11,27,0,wk inc flu hosp,2026-04-11,quantile,0.4,22
2026-04-11,27,0,wk inc flu hosp,2026-04-11,quantile,0.45,23
2026-04-11,27,0,wk inc flu hosp,2026-04-11,quantile,0.5,26
2026-04-11,27,0,wk inc flu hosp,2026-04-11,quantile,0.55,28
2026-04-11,27,0,wk inc flu hosp,2026-04-11,quantile,0.6,30
2026-04-11,27,0,wk inc flu hosp,2026-04-11,quantile,0.65,32
2026-04-11,27,0,wk inc flu hosp,2026-04-11,quantile,0.7,34
2026-04-11,27,0,wk inc flu hosp,2026-04-11,quantile,0.75,36
2026-04-11,27,0,wk inc flu hosp,2026-04-11,quantile,0.8,40
2026-04-11,27,0,wk inc flu hosp,2026-04-11,quantile,0.85,45
2026-04-11,27,0,wk inc flu hosp,2026-04-11,quantile,0.9,53
2026-04-11,27,0,wk inc flu hosp,2026-04-11,quantile,0.95,65
2026-04-11,27,0,wk inc flu hosp,2026-04-11,quantile,0.975,77
2026-04-11,27,0,wk inc flu hosp,2026-04-11,quantile,0.99,93
2026-04-11,27,1,wk inc flu hosp,2026-04-18,quantile,0.01,2
2026-04-11,27,1,wk inc flu hosp,2026-04-18,quantile,0.025,3
2026-04-11,27,1,wk inc flu hosp,2026-04-18,quantile,0.05,4
2026-04-11,27,1,wk inc flu hosp,2026-04-18,quantile,0.1,5
2026-04-11,27,1,wk inc flu hosp,2026-04-18,quantile,0.15,7
2026-04-11,27,1,wk inc flu hosp,2026-04-18,quantile,0.2,7
2026-04-11,27,1,wk inc flu hosp,2026-04-18,quantile,0.25,11
2026-04-11,27,1,wk inc flu hosp,2026-04-18,quantile,0.3,12
2026-04-11,27,1,wk inc flu hosp,2026-04-18,quantile,0.35,13
2026-04-11,27,1,wk inc flu hosp,2026-04-18,quantile,0.4,15
2026-04-11,27,1,wk inc flu hosp,2026-04-18,quantile,0.45,17
2026-04-11,27,1,wk inc flu hosp,2026-04-18,quantile,0.5,20
2026-04-11,27,1,wk inc flu hosp,2026-04-18,quantile,0.55,22
2026-04-11,27,1,wk inc flu hosp,2026-04-18,quantile,0.6,23
2026-04-11,27,1,wk inc flu hosp,2026-04-18,quantile,0.65,26
2026-04-11,27,1,wk inc flu hosp,2026-04-18,quantile,0.7,28
2026-04-11,27,1,wk inc flu hosp,2026-04-18,quantile,0.75,31
2026-04-11,27,1,wk inc flu hosp,2026-04-18,quantile,0.8,35
2026-04-11,27,1,wk inc flu hosp,2026-04-18,quantile,0.85,40
2026-04-11,27,1,wk inc flu hosp,2026-04-18,quantile,0.9,49
2026-04-11,27,1,wk inc flu hosp,2026-04-18,quantile,0.95,68
2026-04-11,27,1,wk inc flu hosp,2026-04-18,quantile,0.975,78
2026-04-11,27,1,wk inc flu hosp,2026-04-18,quantile,0.99,101
2026-04-11,27,2,wk inc flu hosp,2026-04-25,quantile,0.01,0
2026-04-11,27,2,wk inc flu hosp,2026-04-25,quantile,0.025,1
2026-04-11,27,2,wk inc flu hosp,2026-04-25,quantile,0.05,2
2026-04-11,27,2,wk inc flu hosp,2026-04-25,quantile,0.1,3
2026-04-11,27,2,wk inc flu hosp,2026-04-25,quantile,0.15,4
2026-04-11,27,2,wk inc flu hosp,2026-04-25,quantile,0.2,6
2026-04-11,27,2,wk inc flu hosp,2026-04-25,quantile,0.25,7
2026-04-11,27,2,wk inc flu hosp,2026-04-25,quantile,0.3,8
2026-04-11,27,2,wk inc flu hosp,2026-04-25,quantile,0.35,9
2026-04-11,27,2,wk inc flu hosp,2026-04-25,quantile,0.4,10
2026-04-11,27,2,wk inc flu hosp,2026-04-25,quantile,0.45,13
2026-04-11,27,2,wk inc flu hosp,2026-04-25,quantile,0.5,15
2026-04-11,27,2,wk inc flu hosp,2026-04-25,quantile,0.55,17
2026-04-11,27,2,wk inc flu hosp,2026-04-25,quantile,0.6,20
2026-04-11,27,2,wk inc flu hosp,2026-04-25,quantile,0.65,23
2026-04-11,27,2,wk inc flu hosp,2026-04-25,quantile,0.7,25
2026-04-11,27,2,wk inc flu hosp,2026-04-25,quantile,0.75,28
2026-04-11,27,2,wk inc flu hosp,2026-04-25,quantile,0.8,31
2026-04-11,27,2,wk inc flu hosp,2026-04-25,quantile,0.85,36
2026-04-11,27,2,wk inc flu hosp,2026-04-25,quantile,0.9,46
2026-04-11,27,2,wk inc flu hosp,2026-04-25,quantile,0.95,63
2026-04-11,27,2,wk inc flu hosp,2026-04-25,quantile,0.975,78
2026-04-11,27,2,wk inc flu hosp,2026-04-25,quantile,0.99,101
2026-04-11,27,3,wk inc flu hosp,2026-05-02,quantile,0.01,0
2026-04-11,27,3,wk inc flu hosp,2026-05-02,quantile,0.025,0
2026-04-11,27,3,wk inc flu hosp,2026-05-02,quantile,0.05,0
2026-04-11,27,3,wk inc flu hosp,2026-05-02,quantile,0.1,1
2026-04-11,27,3,wk inc flu hosp,2026-05-02,quantile,0.15,2
2026-04-11,27,3,wk inc flu hosp,2026-05-02,quantile,0.2,4
2026-04-11,27,3,wk inc flu hosp,2026-05-02,quantile,0.25,5
2026-04-11,27,3,wk inc flu hosp,2026-05-02,quantile,0.3,6
2026-04-11,27,3,wk inc flu hosp,2026-05-02,quantile,0.35,7
2026-04-11,27,3,wk inc flu hosp,2026-05-02,quantile,0.4,7
2026-04-11,27,3,wk inc flu hosp,2026-05-02,quantile,0.45,10
2026-04-11,27,3,wk inc flu hosp,2026-05-02,quantile,0.5,13
2026-04-11,27,3,wk inc flu hosp,2026-05-02,quantile,0.55,15
2026-04-11,27,3,wk inc flu hosp,2026-05-02,quantile,0.6,16
2026-04-11,27,3,wk inc flu hosp,2026-05-02,quantile,0.65,19
2026-04-11,27,3,wk inc flu hosp,2026-05-02,quantile,0.7,22
2026-04-11,27,3,wk inc flu hosp,2026-05-02,quantile,0.75,25
2026-04-11,27,3,wk inc flu hosp,2026-05-02,quantile,0.8,29
2026-04-11,27,3,wk inc flu hosp,2026-05-02,quantile,0.85,35
2026-04-11,27,3,wk inc flu hosp,2026-05-02,quantile,0.9,46
2026-04-11,27,3,wk inc flu hosp,2026-05-02,quantile,0.95,59
2026-04-11,27,3,wk inc flu hosp,2026-05-02,quantile,0.975,78
2026-04-11,27,3,wk inc flu hosp,2026-05-02,quantile,0.99,110
2026-04-11,28,0,wk inc flu hosp,2026-04-11,quantile,0.01,3
2026-04-11,28,0,wk inc flu hosp,2026-04-11,quantile,0.025,4
2026-04-11,28,0,wk inc flu hosp,2026-04-11,quantile,0.05,6
2026-04-11,28,0,wk inc flu hosp,2026-04-11,quantile,0.1,8
2026-04-11,28,0,wk inc flu hosp,2026-04-11,quantile,0.15,9
2026-04-11,28,0,wk inc flu hosp,2026-04-11,quantile,0.2,10
2026-04-11,28,0,wk inc flu hosp,2026-04-11,quantile,0.25,12
2026-04-11,28,0,wk inc flu hosp,2026-04-11,quantile,0.3,12
2026-04-11,28,0,wk inc flu hosp,2026-04-11,quantile,0.35,14
2026-04-11,28,0,wk inc flu hosp,2026-04-11,quantile,0.4,15
2026-04-11,28,0,wk inc flu hosp,2026-04-11,quantile,0.45,16
2026-04-11,28,0,wk inc flu hosp,2026-04-11,quantile,0.5,18
2026-04-11,28,0,wk inc flu hosp,2026-04-11,quantile,0.55,20
2026-04-11,28,0,wk inc flu hosp,2026-04-11,quantile,0.6,21
2026-04-11,28,0,wk inc flu hosp,2026-04-11,quantile,0.65,22
2026-04-11,28,0,wk inc flu hosp,2026-04-11,quantile,0.7,23
2026-04-11,28,0,wk inc flu hosp,2026-04-11,quantile,0.75,25
2026-04-11,28,0,wk inc flu hosp,2026-04-11,quantile,0.8,28
2026-04-11,28,0,wk inc flu hosp,2026-04-11,quantile,0.85,30
2026-04-11,28,0,wk inc flu hosp,2026-04-11,quantile,0.9,33
2026-04-11,28,0,wk inc flu hosp,2026-04-11,quantile,0.95,40
2026-04-11,28,0,wk inc flu hosp,2026-04-11,quantile,0.975,45
2026-04-11,28,0,wk inc flu hosp,2026-04-11,quantile,0.99,53
2026-04-11,28,1,wk inc flu hosp,2026-04-18,quantile,0.01,1
2026-04-11,28,1,wk inc flu hosp,2026-04-18,quantile,0.025,2
2026-04-11,28,1,wk inc flu hosp,2026-04-18,quantile,0.05,3
2026-04-11,28,1,wk inc flu hosp,2026-04-18,quantile,0.1,5
2026-04-11,28,1,wk inc flu hosp,2026-04-18,quantile,0.15,6
2026-04-11,28,1,wk inc flu hosp,2026-04-18,quantile,0.2,7
2026-04-11,28,1,wk inc flu hosp,2026-04-18,quantile,0.25,8
2026-04-11,28,1,wk inc flu hosp,2026-04-18,quantile,0.3,10
2026-04-11,28,1,wk inc flu hosp,2026-04-18,quantile,0.35,11
2026-04-11,28,1,wk inc flu hosp,2026-04-18,quantile,0.4,12
2026-04-11,28,1,wk inc flu hosp,2026-04-18,quantile,0.45,13
2026-04-11,28,1,wk inc flu hosp,2026-04-18,quantile,0.5,15
2026-04-11,28,1,wk inc flu hosp,2026-04-18,quantile,0.55,17
2026-04-11,28,1,wk inc flu hosp,2026-04-18,quantile,0.6,19
2026-04-11,28,1,wk inc flu hosp,2026-04-18,quantile,0.65,20
2026-04-11,28,1,wk inc flu hosp,2026-04-18,quantile,0.7,22
2026-04-11,28,1,wk inc flu hosp,2026-04-18,quantile,0.75,25
2026-04-11,28,1,wk inc flu hosp,2026-04-18,quantile,0.8,27
2026-04-11,28,1,wk inc flu hosp,2026-04-18,quantile,0.85,31
2026-04-11,28,1,wk inc flu hosp,2026-04-18,quantile,0.9,35
2026-04-11,28,1,wk inc flu hosp,2026-04-18,quantile,0.95,42
2026-04-11,28,1,wk inc flu hosp,2026-04-18,quantile,0.975,48
2026-04-11,28,1,wk inc flu hosp,2026-04-18,quantile,0.99,58
2026-04-11,28,2,wk inc flu hosp,2026-04-25,quantile,0.01,0
2026-04-11,28,2,wk inc flu hosp,2026-04-25,quantile,0.025,0
2026-04-11,28,2,wk inc flu hosp,2026-04-25,quantile,0.05,1
2026-04-11,28,2,wk inc flu hosp,2026-04-25,quantile,0.1,2
2026-04-11,28,2,wk inc flu hosp,2026-04-25,quantile,0.15,3
2026-04-11,28,2,wk inc flu hosp,2026-04-25,quantile,0.2,4
2026-04-11,28,2,wk inc flu hosp,2026-04-25,quantile,0.25,5
2026-04-11,28,2,wk inc flu hosp,2026-04-25,quantile,0.3,7
2026-04-11,28,2,wk inc flu hosp,2026-04-25,quantile,0.35,8
2026-04-11,28,2,wk inc flu hosp,2026-04-25,quantile,0.4,9
2026-04-11,28,2,wk inc flu hosp,2026-04-25,quantile,0.45,11
2026-04-11,28,2,wk inc flu hosp,2026-04-25,quantile,0.5,14
2026-04-11,28,2,wk inc flu hosp,2026-04-25,quantile,0.55,16
2026-04-11,28,2,wk inc flu hosp,2026-04-25,quantile,0.6,17
2026-04-11,28,2,wk inc flu hosp,2026-04-25,quantile,0.65,19
2026-04-11,28,2,wk inc flu hosp,2026-04-25,quantile,0.7,22
2026-04-11,28,2,wk inc flu hosp,2026-04-25,quantile,0.75,23
2026-04-11,28,2,wk inc flu hosp,2026-04-25,quantile,0.8,25
2026-04-11,28,2,wk inc flu hosp,2026-04-25,quantile,0.85,28
2026-04-11,28,2,wk inc flu hosp,2026-04-25,quantile,0.9,32
2026-04-11,28,2,wk inc flu hosp,2026-04-25,quantile,0.95,41
2026-04-11,28,2,wk inc flu hosp,2026-04-25,quantile,0.975,48
2026-04-11,28,2,wk inc flu hosp,2026-04-25,quantile,0.99,60
2026-04-11,28,3,wk inc flu hosp,2026-05-02,quantile,0.01,0
2026-04-11,28,3,wk inc flu hosp,2026-05-02,quantile,0.025,0
2026-04-11,28,3,wk inc flu hosp,2026-05-02,quantile,0.05,0
2026-04-11,28,3,wk inc flu hosp,2026-05-02,quantile,0.1,1
2026-04-11,28,3,wk inc flu hosp,2026-05-02,quantile,0.15,3
2026-04-11,28,3,wk inc flu hosp,2026-05-02,quantile,0.2,4
2026-04-11,28,3,wk inc flu hosp,2026-05-02,quantile,0.25,5
2026-04-11,28,3,wk inc flu hosp,2026-05-02,quantile,0.3,6
2026-04-11,28,3,wk inc flu hosp,2026-05-02,quantile,0.35,6
2026-04-11,28,3,wk inc flu hosp,2026-05-02,quantile,0.4,8
2026-04-11,28,3,wk inc flu hosp,2026-05-02,quantile,0.45,10
2026-04-11,28,3,wk inc flu hosp,2026-05-02,quantile,0.5,12
2026-04-11,28,3,wk inc flu hosp,2026-05-02,quantile,0.55,14
2026-04-11,28,3,wk inc flu hosp,2026-05-02,quantile,0.6,16
2026-04-11,28,3,wk inc flu hosp,2026-05-02,quantile,0.65,17
2026-04-11,28,3,wk inc flu hosp,2026-05-02,quantile,0.7,20
2026-04-11,28,3,wk inc flu hosp,2026-05-02,quantile,0.75,22
2026-04-11,28,3,wk inc flu hosp,2026-05-02,quantile,0.8,25
2026-04-11,28,3,wk inc flu hosp,2026-05-02,quantile,0.85,27
2026-04-11,28,3,wk inc flu hosp,2026-05-02,quantile,0.9,32
2026-04-11,28,3,wk inc flu hosp,2026-05-02,quantile,0.95,40
2026-04-11,28,3,wk inc flu hosp,2026-05-02,quantile,0.975,49
2026-04-11,28,3,wk inc flu hosp,2026-05-02,quantile,0.99,64
2026-04-11,29,0,wk inc flu hosp,2026-04-11,quantile,0.01,7
2026-04-11,29,0,wk inc flu hosp,2026-04-11,quantile,0.025,9
2026-04-11,29,0,wk inc flu hosp,2026-04-11,quantile,0.05,13
2026-04-11,29,0,wk inc flu hosp,2026-04-11,quantile,0.1,16
2026-04-11,29,0,wk inc flu hosp,2026-04-11,quantile,0.15,20
2026-04-11,29,0,wk inc flu hosp,2026-04-11,quantile,0.2,22
2026-04-11,29,0,wk inc flu hosp,2026-04-11,quantile,0.25,25
2026-04-11,29,0,wk inc flu hosp,2026-04-11,quantile,0.3,27
2026-04-11,29,0,wk inc flu hosp,2026-04-11,quantile,0.35,29
2026-04-11,29,0,wk inc flu hosp,2026-04-11,quantile,0.4,32
2026-04-11,29,0,wk inc flu hosp,2026-04-11,quantile,0.45,34
2026-04-11,29,0,wk inc flu hosp,2026-04-11,quantile,0.5,37
2026-04-11,29,0,wk inc flu hosp,2026-04-11,quantile,0.55,40
2026-04-11,29,0,wk inc flu hosp,2026-04-11,quantile,0.6,43
2026-04-11,29,0,wk inc flu hosp,2026-04-11,quantile,0.65,46
2026-04-11,29,0,wk inc flu hosp,2026-04-11,quantile,0.7,49
2026-04-11,29,0,wk inc flu hosp,2026-04-11,quantile,0.75,52
2026-04-11,29,0,wk inc flu hosp,2026-04-11,quantile,0.8,56
2026-04-11,29,0,wk inc flu hosp,2026-04-11,quantile,0.85,62
2026-04-11,29,0,wk inc flu hosp,2026-04-11,quantile,0.9,68
2026-04-11,29,0,wk inc flu hosp,2026-04-11,quantile,0.95,84
2026-04-11,29,0,wk inc flu hosp,2026-04-11,quantile,0.975,94
2026-04-11,29,0,wk inc flu hosp,2026-04-11,quantile,0.99,128
2026-04-11,29,1,wk inc flu hosp,2026-04-18,quantile,0.01,3
2026-04-11,29,1,wk inc flu hosp,2026-04-18,quantile,0.025,6
2026-04-11,29,1,wk inc flu hosp,2026-04-18,quantile,0.05,8
2026-04-11,29,1,wk inc flu hosp,2026-04-18,quantile,0.1,11
2026-04-11,29,1,wk inc flu hosp,2026-04-18,quantile,0.15,14
2026-04-11,29,1,wk inc flu hosp,2026-04-18,quantile,0.2,16
2026-04-11,29,1,wk inc flu hosp,2026-04-18,quantile,0.25,18
2026-04-11,29,1,wk inc flu hosp,2026-04-18,quantile,0.3,20
2026-04-11,29,1,wk inc flu hosp,2026-04-18,quantile,0.35,21
2026-04-11,29,1,wk inc flu hosp,2026-04-18,quantile,0.4,23
2026-04-11,29,1,wk inc flu hosp,2026-04-18,quantile,0.45,27
2026-04-11,29,1,wk inc flu hosp,2026-04-18,quantile,0.5,29
2026-04-11,29,1,wk inc flu hosp,2026-04-18,quantile,0.55,31
2026-04-11,29,1,wk inc flu hosp,2026-04-18,quantile,0.6,35
2026-04-11,29,1,wk inc flu hosp,2026-04-18,quantile,0.65,39
2026-04-11,29,1,wk inc flu hosp,2026-04-18,quantile,0.7,43
2026-04-11,29,1,wk inc flu hosp,2026-04-18,quantile,0.75,47
2026-04-11,29,1,wk inc flu hosp,2026-04-18,quantile,0.8,51
2026-04-11,29,1,wk inc flu hosp,2026-04-18,quantile,0.85,57
2026-04-11,29,1,wk inc flu hosp,2026-04-18,quantile,0.9,68
2026-04-11,29,1,wk inc flu hosp,2026-04-18,quantile,0.95,92
2026-04-11,29,1,wk inc flu hosp,2026-04-18,quantile,0.975,115
2026-04-11,29,1,wk inc flu hosp,2026-04-18,quantile,0.99,139
2026-04-11,29,2,wk inc flu hosp,2026-04-25,quantile,0.01,1
2026-04-11,29,2,wk inc flu hosp,2026-04-25,quantile,0.025,2
2026-04-11,29,2,wk inc flu hosp,2026-04-25,quantile,0.05,4
2026-04-11,29,2,wk inc flu hosp,2026-04-25,quantile,0.1,7
2026-04-11,29,2,wk inc flu hosp,2026-04-25,quantile,0.15,9
2026-04-11,29,2,wk inc flu hosp,2026-04-25,quantile,0.2,11
2026-04-11,29,2,wk inc flu hosp,2026-04-25,quantile,0.25,12
2026-04-11,29,2,wk inc flu hosp,2026-04-25,quantile,0.3,15
2026-04-11,29,2,wk inc flu hosp,2026-04-25,quantile,0.35,16
2026-04-11,29,2,wk inc flu hosp,2026-04-25,quantile,0.4,18
2026-04-11,29,2,wk inc flu hosp,2026-04-25,quantile,0.45,20
2026-04-11,29,2,wk inc flu hosp,2026-04-25,quantile,0.5,23
2026-04-11,29,2,wk inc flu hosp,2026-04-25,quantile,0.55,25
2026-04-11,29,2,wk inc flu hosp,2026-04-25,quantile,0.6,28
2026-04-11,29,2,wk inc flu hosp,2026-04-25,quantile,0.65,32
2026-04-11,29,2,wk inc flu hosp,2026-04-25,quantile,0.7,36
2026-04-11,29,2,wk inc flu hosp,2026-04-25,quantile,0.75,42
2026-04-11,29,2,wk inc flu hosp,2026-04-25,quantile,0.8,45
2026-04-11,29,2,wk inc flu hosp,2026-04-25,quantile,0.85,51
2026-04-11,29,2,wk inc flu hosp,2026-04-25,quantile,0.9,63
2026-04-11,29,2,wk inc flu hosp,2026-04-25,quantile,0.95,85
2026-04-11,29,2,wk inc flu hosp,2026-04-25,quantile,0.975,108
2026-04-11,29,2,wk inc flu hosp,2026-04-25,quantile,0.99,141
2026-04-11,29,3,wk inc flu hosp,2026-05-02,quantile,0.01,0
2026-04-11,29,3,wk inc flu hosp,2026-05-02,quantile,0.025,1
2026-04-11,29,3,wk inc flu hosp,2026-05-02,quantile,0.05,2
2026-04-11,29,3,wk inc flu hosp,2026-05-02,quantile,0.1,4
2026-04-11,29,3,wk inc flu hosp,2026-05-02,quantile,0.15,6
2026-04-11,29,3,wk inc flu hosp,2026-05-02,quantile,0.2,7
2026-04-11,29,3,wk inc flu hosp,2026-05-02,quantile,0.25,8
2026-04-11,29,3,wk inc flu hosp,2026-05-02,quantile,0.3,11
2026-04-11,29,3,wk inc flu hosp,2026-05-02,quantile,0.35,12
2026-04-11,29,3,wk inc flu hosp,2026-05-02,quantile,0.4,14
2026-04-11,29,3,wk inc flu hosp,2026-05-02,quantile,0.45,16
2026-04-11,29,3,wk inc flu hosp,2026-05-02,quantile,0.5,18
2026-04-11,29,3,wk inc flu hosp,2026-05-02,quantile,0.55,20
2026-04-11,29,3,wk inc flu hosp,2026-05-02,quantile,0.6,23
2026-04-11,29,3,wk inc flu hosp,2026-05-02,quantile,0.65,25
2026-04-11,29,3,wk inc flu hosp,2026-05-02,quantile,0.7,30
2026-04-11,29,3,wk inc flu hosp,2026-05-02,quantile,0.75,36
2026-04-11,29,3,wk inc flu hosp,2026-05-02,quantile,0.8,40
2026-04-11,29,3,wk inc flu hosp,2026-05-02,quantile,0.85,46
2026-04-11,29,3,wk inc flu hosp,2026-05-02,quantile,0.9,64
2026-04-11,29,3,wk inc flu hosp,2026-05-02,quantile,0.95,92
2026-04-11,29,3,wk inc flu hosp,2026-05-02,quantile,0.975,115
2026-04-11,29,3,wk inc flu hosp,2026-05-02,quantile,0.99,156
2026-04-11,30,0,wk inc flu hosp,2026-04-11,quantile,0.01,1
2026-04-11,30,0,wk inc flu hosp,2026-04-11,quantile,0.025,2
2026-04-11,30,0,wk inc flu hosp,2026-04-11,quantile,0.05,3
2026-04-11,30,0,wk inc flu hosp,2026-04-11,quantile,0.1,3
2026-04-11,30,0,wk inc flu hosp,2026-04-11,quantile,0.15,4
2026-04-11,30,0,wk inc flu hosp,2026-04-11,quantile,0.2,5
2026-04-11,30,0,wk inc flu hosp,2026-04-11,quantile,0.25,6
2026-04-11,30,0,wk inc flu hosp,2026-04-11,quantile,0.3,7
2026-04-11,30,0,wk inc flu hosp,2026-04-11,quantile,0.35,7
2026-04-11,30,0,wk inc flu hosp,2026-04-11,quantile,0.4,7
2026-04-11,30,0,wk inc flu hosp,2026-04-11,quantile,0.45,9
2026-04-11,30,0,wk inc flu hosp,2026-04-11,quantile,0.5,11
2026-04-11,30,0,wk inc flu hosp,2026-04-11,quantile,0.55,11
2026-04-11,30,0,wk inc flu hosp,2026-04-11,quantile,0.6,12
2026-04-11,30,0,wk inc flu hosp,2026-04-11,quantile,0.65,13
2026-04-11,30,0,wk inc flu hosp,2026-04-11,quantile,0.7,14
2026-04-11,30,0,wk inc flu hosp,2026-04-11,quantile,0.75,15
2026-04-11,30,0,wk inc flu hosp,2026-04-11,quantile,0.8,17
2026-04-11,30,0,wk inc flu hosp,2026-04-11,quantile,0.85,18
2026-04-11,30,0,wk inc flu hosp,2026-04-11,quantile,0.9,21
2026-04-11,30,0,wk inc flu hosp,2026-04-11,quantile,0.95,25
2026-04-11,30,0,wk inc flu hosp,2026-04-11,quantile,0.975,29
2026-04-11,30,0,wk inc flu hosp,2026-04-11,quantile,0.99,32
2026-04-11,30,1,wk inc flu hosp,2026-04-18,quantile,0.01,0
2026-04-11,30,1,wk inc flu hosp,2026-04-18,quantile,0.025,1
2026-04-11,30,1,wk inc flu hosp,2026-04-18,quantile,0.05,1
2026-04-11,30,1,wk inc flu hosp,2026-04-18,quantile,0.1,2
2026-04-11,30,1,wk inc flu hosp,2026-04-18,quantile,0.15,2
2026-04-11,30,1,wk inc flu hosp,2026-04-18,quantile,0.2,3
2026-04-11,30,1,wk inc flu hosp,2026-04-18,quantile,0.25,4
2026-04-11,30,1,wk inc flu hosp,2026-04-18,quantile,0.3,4
2026-04-11,30,1,wk inc flu hosp,2026-04-18,quantile,0.35,5
2026-04-11,30,1,wk inc flu hosp,2026-04-18,quantile,0.4,6
2026-04-11,30,1,wk inc flu hosp,2026-04-18,quantile,0.45,7
2026-04-11,30,1,wk inc flu hosp,2026-04-18,quantile,0.5,8
2026-04-11,30,1,wk inc flu hosp,2026-04-18,quantile,0.55,9
2026-04-11,30,1,wk inc flu hosp,2026-04-18,quantile,0.6,10
2026-04-11,30,1,wk inc flu hosp,2026-04-18,quantile,0.65,11
2026-04-11,30,1,wk inc flu hosp,2026-04-18,quantile,0.7,12
2026-04-11,30,1,wk inc flu hosp,2026-04-18,quantile,0.75,13
2026-04-11,30,1,wk inc flu hosp,2026-04-18,quantile,0.8,14
2026-04-11,30,1,wk inc flu hosp,2026-04-18,quantile,0.85,17
2026-04-11,30,1,wk inc flu hosp,2026-04-18,quantile,0.9,20
2026-04-11,30,1,wk inc flu hosp,2026-04-18,quantile,0.95,24
2026-04-11,30,1,wk inc flu hosp,2026-04-18,quantile,0.975,28
2026-04-11,30,1,wk inc flu hosp,2026-04-18,quantile,0.99,35
2026-04-11,30,2,wk inc flu hosp,2026-04-25,quantile,0.01,0
2026-04-11,30,2,wk inc flu hosp,2026-04-25,quantile,0.025,0
2026-04-11,30,2,wk inc flu hosp,2026-04-25,quantile,0.05,0
2026-04-11,30,2,wk inc flu hosp,2026-04-25,quantile,0.1,1
2026-04-11,30,2,wk inc flu hosp,2026-04-25,quantile,0.15,1
2026-04-11,30,2,wk inc flu hosp,2026-04-25,quantile,0.2,2
2026-04-11,30,2,wk inc flu hosp,2026-04-25,quantile,0.25,2
2026-04-11,30,2,wk inc flu hosp,2026-04-25,quantile,0.3,2
2026-04-11,30,2,wk inc flu hosp,2026-04-25,quantile,0.35,3
2026-04-11,30,2,wk inc flu hosp,2026-04-25,quantile,0.4,4
2026-04-11,30,2,wk inc flu hosp,2026-04-25,quantile,0.45,4
2026-04-11,30,2,wk inc flu hosp,2026-04-25,quantile,0.5,6
2026-04-11,30,2,wk inc flu hosp,2026-04-25,quantile,0.55,7
2026-04-11,30,2,wk inc flu hosp,2026-04-25,quantile,0.6,8
2026-04-11,30,2,wk inc flu hosp,2026-04-25,quantile,0.65,9
2026-04-11,30,2,wk inc flu hosp,2026-04-25,quantile,0.7,10
2026-04-11,30,2,wk inc flu hosp,2026-04-25,quantile,0.75,12
2026-04-11,30,2,wk inc flu hosp,2026-04-25,quantile,0.8,13
2026-04-11,30,2,wk inc flu hosp,2026-04-25,quantile,0.85,15
2026-04-11,30,2,wk inc flu hosp,2026-04-25,quantile,0.9,17
2026-04-11,30,2,wk inc flu hosp,2026-04-25,quantile,0.95,22
2026-04-11,30,2,wk inc flu hosp,2026-04-25,quantile,0.975,28
2026-04-11,30,2,wk inc flu hosp,2026-04-25,quantile,0.99,35
2026-04-11,30,3,wk inc flu hosp,2026-05-02,quantile,0.01,0
2026-04-11,30,3,wk inc flu hosp,2026-05-02,quantile,0.025,0
2026-04-11,30,3,wk inc flu hosp,2026-05-02,quantile,0.05,0
2026-04-11,30,3,wk inc flu hosp,2026-05-02,quantile,0.1,0
2026-04-11,30,3,wk inc flu hosp,2026-05-02,quantile,0.15,1
2026-04-11,30,3,wk inc flu hosp,2026-05-02,quantile,0.2,1
2026-04-11,30,3,wk inc flu hosp,2026-05-02,quantile,0.25,1
2026-04-11,30,3,wk inc flu hosp,2026-05-02,quantile,0.3,2
2026-04-11,30,3,wk inc flu hosp,2026-05-02,quantile,0.35,2
2026-04-11,30,3,wk inc flu hosp,2026-05-02,quantile,0.4,2
2026-04-11,30,3,wk inc flu hosp,2026-05-02,quantile,0.45,3
2026-04-11,30,3,wk inc flu hosp,2026-05-02,quantile,0.5,5
2026-04-11,30,3,wk inc flu hosp,2026-05-02,quantile,0.55,6
2026-04-11,30,3,wk inc flu hosp,2026-05-02,quantile,0.6,7
2026-04-11,30,3,wk inc flu hosp,2026-05-02,quantile,0.65,8
2026-04-11,30,3,wk inc flu hosp,2026-05-02,quantile,0.7,9
2026-04-11,30,3,wk inc flu hosp,2026-05-02,quantile,0.75,10
2026-04-11,30,3,wk inc flu hosp,2026-05-02,quantile,0.8,12
2026-04-11,30,3,wk inc flu hosp,2026-05-02,quantile,0.85,14
2026-04-11,30,3,wk inc flu hosp,2026-05-02,quantile,0.9,17
2026-04-11,30,3,wk inc flu hosp,2026-05-02,quantile,0.95,22
2026-04-11,30,3,wk inc flu hosp,2026-05-02,quantile,0.975,28
2026-04-11,30,3,wk inc flu hosp,2026-05-02,quantile,0.99,34
2026-04-11,31,0,wk inc flu hosp,2026-04-11,quantile,0.01,1
2026-04-11,31,0,wk inc flu hosp,2026-04-11,quantile,0.025,2
2026-04-11,31,0,wk inc flu hosp,2026-04-11,quantile,0.05,3
2026-04-11,31,0,wk inc flu hosp,2026-04-11,quantile,0.1,4
2026-04-11,31,0,wk inc flu hosp,2026-04-11,quantile,0.15,5
2026-04-11,31,0,wk inc flu hosp,2026-04-11,quantile,0.2,6
2026-04-11,31,0,wk inc flu hosp,2026-04-11,quantile,0.25,7
2026-04-11,31,0,wk inc flu hosp,2026-04-11,quantile,0.3,7
2026-04-11,31,0,wk inc flu hosp,2026-04-11,quantile,0.35,8
2026-04-11,31,0,wk inc flu hosp,2026-04-11,quantile,0.4,8
2026-04-11,31,0,wk inc flu hosp,2026-04-11,quantile,0.45,9
2026-04-11,31,0,wk inc flu hosp,2026-04-11,quantile,0.5,11
2026-04-11,31,0,wk inc flu hosp,2026-04-11,quantile,0.55,11
2026-04-11,31,0,wk inc flu hosp,2026-04-11,quantile,0.6,12
2026-04-11,31,0,wk inc flu hosp,2026-04-11,quantile,0.65,13
2026-04-11,31,0,wk inc flu hosp,2026-04-11,quantile,0.7,14
2026-04-11,31,0,wk inc flu hosp,2026-04-11,quantile,0.75,15
2026-04-11,31,0,wk inc flu hosp,2026-04-11,quantile,0.8,16
2026-04-11,31,0,wk inc flu hosp,2026-04-11,quantile,0.85,18
2026-04-11,31,0,wk inc flu hosp,2026-04-11,quantile,0.9,20
2026-04-11,31,0,wk inc flu hosp,2026-04-11,quantile,0.95,24
2026-04-11,31,0,wk inc flu hosp,2026-04-11,quantile,0.975,29
2026-04-11,31,0,wk inc flu hosp,2026-04-11,quantile,0.99,35
2026-04-11,31,1,wk inc flu hosp,2026-04-18,quantile,0.01,0
2026-04-11,31,1,wk inc flu hosp,2026-04-18,quantile,0.025,1
2026-04-11,31,1,wk inc flu hosp,2026-04-18,quantile,0.05,1
2026-04-11,31,1,wk inc flu hosp,2026-04-18,quantile,0.1,2
2026-04-11,31,1,wk inc flu hosp,2026-04-18,quantile,0.15,3
2026-04-11,31,1,wk inc flu hosp,2026-04-18,quantile,0.2,3
2026-04-11,31,1,wk inc flu hosp,2026-04-18,quantile,0.25,4
2026-04-11,31,1,wk inc flu hosp,2026-04-18,quantile,0.3,5
2026-04-11,31,1,wk inc flu hosp,2026-04-18,quantile,0.35,5
2026-04-11,31,1,wk inc flu hosp,2026-04-18,quantile,0.4,6
2026-04-11,31,1,wk inc flu hosp,2026-04-18,quantile,0.45,7
2026-04-11,31,1,wk inc flu hosp,2026-04-18,quantile,0.5,8
2026-04-11,31,1,wk inc flu hosp,2026-04-18,quantile,0.55,9
2026-04-11,31,1,wk inc flu hosp,2026-04-18,quantile,0.6,10
2026-04-11,31,1,wk inc flu hosp,2026-04-18,quantile,0.65,11
2026-04-11,31,1,wk inc flu hosp,2026-04-18,quantile,0.7,12
2026-04-11,31,1,wk inc flu hosp,2026-04-18,quantile,0.75,14
2026-04-11,31,1,wk inc flu hosp,2026-04-18,quantile,0.8,15
2026-04-11,31,1,wk inc flu hosp,2026-04-18,quantile,0.85,16
2026-04-11,31,1,wk inc flu hosp,2026-04-18,quantile,0.9,19
2026-04-11,31,1,wk inc flu hosp,2026-04-18,quantile,0.95,24
2026-04-11,31,1,wk inc flu hosp,2026-04-18,quantile,0.975,29
2026-04-11,31,1,wk inc flu hosp,2026-04-18,quantile,0.99,38
2026-04-11,31,2,wk inc flu hosp,2026-04-25,quantile,0.01,0
2026-04-11,31,2,wk inc flu hosp,2026-04-25,quantile,0.025,0
2026-04-11,31,2,wk inc flu hosp,2026-04-25,quantile,0.05,0
2026-04-11,31,2,wk inc flu hosp,2026-04-25,quantile,0.1,1
2026-04-11,31,2,wk inc flu hosp,2026-04-25,quantile,0.15,1
2026-04-11,31,2,wk inc flu hosp,2026-04-25,quantile,0.2,2
2026-04-11,31,2,wk inc flu hosp,2026-04-25,quantile,0.25,2
2026-04-11,31,2,wk inc flu hosp,2026-04-25,quantile,0.3,3
2026-04-11,31,2,wk inc flu hosp,2026-04-25,quantile,0.35,4
2026-04-11,31,2,wk inc flu hosp,2026-04-25,quantile,0.4,4
2026-04-11,31,2,wk inc flu hosp,2026-04-25,quantile,0.45,4
2026-04-11,31,2,wk inc flu hosp,2026-04-25,quantile,0.5,6
2026-04-11,31,2,wk inc flu hosp,2026-04-25,quantile,0.55,7
2026-04-11,31,2,wk inc flu hosp,2026-04-25,quantile,0.6,8
2026-04-11,31,2,wk inc flu hosp,2026-04-25,quantile,0.65,9
2026-04-11,31,2,wk inc flu hosp,2026-04-25,quantile,0.7,10
2026-04-11,31,2,wk inc flu hosp,2026-04-25,quantile,0.75,12
2026-04-11,31,2,wk inc flu hosp,2026-04-25,quantile,0.8,14
2026-04-11,31,2,wk inc flu hosp,2026-04-25,quantile,0.85,15
2026-04-11,31,2,wk inc flu hosp,2026-04-25,quantile,0.9,18
2026-04-11,31,2,wk inc flu hosp,2026-04-25,quantile,0.95,24
2026-04-11,31,2,wk inc flu hosp,2026-04-25,quantile,0.975,29
2026-04-11,31,2,wk inc flu hosp,2026-04-25,quantile,0.99,37
2026-04-11,31,3,wk inc flu hosp,2026-05-02,quantile,0.01,0
2026-04-11,31,3,wk inc flu hosp,2026-05-02,quantile,0.025,0
2026-04-11,31,3,wk inc flu hosp,2026-05-02,quantile,0.05,0
2026-04-11,31,3,wk inc flu hosp,2026-05-02,quantile,0.1,0
2026-04-11,31,3,wk inc flu hosp,2026-05-02,quantile,0.15,1
2026-04-11,31,3,wk inc flu hosp,2026-05-02,quantile,0.2,1
2026-04-11,31,3,wk inc flu hosp,2026-05-02,quantile,0.25,2
2026-04-11,31,3,wk inc flu hosp,2026-05-02,quantile,0.3,2
2026-04-11,31,3,wk inc flu hosp,2026-05-02,quantile,0.35,2
2026-04-11,31,3,wk inc flu hosp,2026-05-02,quantile,0.4,3
2026-04-11,31,3,wk inc flu hosp,2026-05-02,quantile,0.45,3
2026-04-11,31,3,wk inc flu hosp,2026-05-02,quantile,0.5,5
2026-04-11,31,3,wk inc flu hosp,2026-05-02,quantile,0.55,6
2026-04-11,31,3,wk inc flu hosp,2026-05-02,quantile,0.6,7
2026-04-11,31,3,wk inc flu hosp,2026-05-02,quantile,0.65,8
2026-04-11,31,3,wk inc flu hosp,2026-05-02,quantile,0.7,9
2026-04-11,31,3,wk inc flu hosp,2026-05-02,quantile,0.75,11
2026-04-11,31,3,wk inc flu hosp,2026-05-02,quantile,0.8,12
2026-04-11,31,3,wk inc flu hosp,2026-05-02,quantile,0.85,14
2026-04-11,31,3,wk inc flu hosp,2026-05-02,quantile,0.9,18
2026-04-11,31,3,wk inc flu hosp,2026-05-02,quantile,0.95,23
2026-04-11,31,3,wk inc flu hosp,2026-05-02,quantile,0.975,28
2026-04-11,31,3,wk inc flu hosp,2026-05-02,quantile,0.99,36
2026-04-11,32,0,wk inc flu hosp,2026-04-11,quantile,0.01,8
2026-04-11,32,0,wk inc flu hosp,2026-04-11,quantile,0.025,10
2026-04-11,32,0,wk inc flu hosp,2026-04-11,quantile,0.05,12
2026-04-11,32,0,wk inc flu hosp,2026-04-11,quantile,0.1,15
2026-04-11,32,0,wk inc flu hosp,2026-04-11,quantile,0.15,17
2026-04-11,32,0,wk inc flu hosp,2026-04-11,quantile,0.2,18
2026-04-11,32,0,wk inc flu hosp,2026-04-11,quantile,0.25,21
2026-04-11,32,0,wk inc flu hosp,2026-04-11,quantile,0.3,21
2026-04-11,32,0,wk inc flu hosp,2026-04-11,quantile,0.35,24
2026-04-11,32,0,wk inc flu hosp,2026-04-11,quantile,0.4,26
2026-04-11,32,0,wk inc flu hosp,2026-04-11,quantile,0.45,28
2026-04-11,32,0,wk inc flu hosp,2026-04-11,quantile,0.5,29
2026-04-11,32,0,wk inc flu hosp,2026-04-11,quantile,0.55,30
2026-04-11,32,0,wk inc flu hosp,2026-04-11,quantile,0.6,32
2026-04-11,32,0,wk inc flu hosp,2026-04-11,quantile,0.65,33
2026-04-11,32,0,wk inc flu hosp,2026-04-11,quantile,0.7,35
2026-04-11,32,0,wk inc flu hosp,2026-04-11,quantile,0.75,37
2026-04-11,32,0,wk inc flu hosp,2026-04-11,quantile,0.8,39
2026-04-11,32,0,wk inc flu hosp,2026-04-11,quantile,0.85,42
2026-04-11,32,0,wk inc flu hosp,2026-04-11,quantile,0.9,46
2026-04-11,32,0,wk inc flu hosp,2026-04-11,quantile,0.95,53
2026-04-11,32,0,wk inc flu hosp,2026-04-11,quantile,0.975,57
2026-04-11,32,0,wk inc flu hosp,2026-04-11,quantile,0.99,67
2026-04-11,32,1,wk inc flu hosp,2026-04-18,quantile,0.01,3
2026-04-11,32,1,wk inc flu hosp,2026-04-18,quantile,0.025,5
2026-04-11,32,1,wk inc flu hosp,2026-04-18,quantile,0.05,7
2026-04-11,32,1,wk inc flu hosp,2026-04-18,quantile,0.1,9
2026-04-11,32,1,wk inc flu hosp,2026-04-18,quantile,0.15,11
2026-04-11,32,1,wk inc flu hosp,2026-04-18,quantile,0.2,14
2026-04-11,32,1,wk inc flu hosp,2026-04-18,quantile,0.25,14
2026-04-11,32,1,wk inc flu hosp,2026-04-18,quantile,0.3,16
2026-04-11,32,1,wk inc flu hosp,2026-04-18,quantile,0.35,19
2026-04-11,32,1,wk inc flu hosp,2026-04-18,quantile,0.4,20
2026-04-11,32,1,wk inc flu hosp,2026-04-18,quantile,0.45,21
2026-04-11,32,1,wk inc flu hosp,2026-04-18,quantile,0.5,24
2026-04-11,32,1,wk inc flu hosp,2026-04-18,quantile,0.55,26
2026-04-11,32,1,wk inc flu hosp,2026-04-18,quantile,0.6,28
2026-04-11,32,1,wk inc flu hosp,2026-04-18,quantile,0.65,30
2026-04-11,32,1,wk inc flu hosp,2026-04-18,quantile,0.7,32
2026-04-11,32,1,wk inc flu hosp,2026-04-18,quantile,0.75,34
2026-04-11,32,1,wk inc flu hosp,2026-04-18,quantile,0.8,37
2026-04-11,32,1,wk inc flu hosp,2026-04-18,quantile,0.85,40
2026-04-11,32,1,wk inc flu hosp,2026-04-18,quantile,0.9,45
2026-04-11,32,1,wk inc flu hosp,2026-04-18,quantile,0.95,52
2026-04-11,32,1,wk inc flu hosp,2026-04-18,quantile,0.975,62
2026-04-11,32,1,wk inc flu hosp,2026-04-18,quantile,0.99,74
2026-04-11,32,2,wk inc flu hosp,2026-04-25,quantile,0.01,2
2026-04-11,32,2,wk inc flu hosp,2026-04-25,quantile,0.025,3
2026-04-11,32,2,wk inc flu hosp,2026-04-25,quantile,0.05,5
2026-04-11,32,2,wk inc flu hosp,2026-04-25,quantile,0.1,6
2026-04-11,32,2,wk inc flu hosp,2026-04-25,quantile,0.15,7
2026-04-11,32,2,wk inc flu hosp,2026-04-25,quantile,0.2,8
2026-04-11,32,2,wk inc flu hosp,2026-04-25,quantile,0.25,10
2026-04-11,32,2,wk inc flu hosp,2026-04-25,quantile,0.3,12
2026-04-11,32,2,wk inc flu hosp,2026-04-25,quantile,0.35,14
2026-04-11,32,2,wk inc flu hosp,2026-04-25,quantile,0.4,16
2026-04-11,32,2,wk inc flu hosp,2026-04-25,quantile,0.45,18
2026-04-11,32,2,wk inc flu hosp,2026-04-25,quantile,0.5,20
2026-04-11,32,2,wk inc flu hosp,2026-04-25,quantile,0.55,22
2026-04-11,32,2,wk inc flu hosp,2026-04-25,quantile,0.6,25
2026-04-11,32,2,wk inc flu hosp,2026-04-25,quantile,0.65,27
2026-04-11,32,2,wk inc flu hosp,2026-04-25,quantile,0.7,29
2026-04-11,32,2,wk inc flu hosp,2026-04-25,quantile,0.75,32
2026-04-11,32,2,wk inc flu hosp,2026-04-25,quantile,0.8,35
2026-04-11,32,2,wk inc flu hosp,2026-04-25,quantile,0.85,38
2026-04-11,32,2,wk inc flu hosp,2026-04-25,quantile,0.9,42
2026-04-11,32,2,wk inc flu hosp,2026-04-25,quantile,0.95,52
2026-04-11,32,2,wk inc flu hosp,2026-04-25,quantile,0.975,59
2026-04-11,32,2,wk inc flu hosp,2026-04-25,quantile,0.99,74
2026-04-11,32,3,wk inc flu hosp,2026-05-02,quantile,0.01,1
2026-04-11,32,3,wk inc flu hosp,2026-05-02,quantile,0.025,3
2026-04-11,32,3,wk inc flu hosp,2026-05-02,quantile,0.05,4
2026-04-11,32,3,wk inc flu hosp,2026-05-02,quantile,0.1,5
2026-04-11,32,3,wk inc flu hosp,2026-05-02,quantile,0.15,6
2026-04-11,32,3,wk inc flu hosp,2026-05-02,quantile,0.2,7
2026-04-11,32,3,wk inc flu hosp,2026-05-02,quantile,0.25,7
2026-04-11,32,3,wk inc flu hosp,2026-05-02,quantile,0.3,9
2026-04-11,32,3,wk inc flu hosp,2026-05-02,quantile,0.35,11
2026-04-11,32,3,wk inc flu hosp,2026-05-02,quantile,0.4,12
2026-04-11,32,3,wk inc flu hosp,2026-05-02,quantile,0.45,14
2026-04-11,32,3,wk inc flu hosp,2026-05-02,quantile,0.5,16
2026-04-11,32,3,wk inc flu hosp,2026-05-02,quantile,0.55,19
2026-04-11,32,3,wk inc flu hosp,2026-05-02,quantile,0.6,21
2026-04-11,32,3,wk inc flu hosp,2026-05-02,quantile,0.65,23
2026-04-11,32,3,wk inc flu hosp,2026-05-02,quantile,0.7,27
2026-04-11,32,3,wk inc flu hosp,2026-05-02,quantile,0.75,29
2026-04-11,32,3,wk inc flu hosp,2026-05-02,quantile,0.8,32
2026-04-11,32,3,wk inc flu hosp,2026-05-02,quantile,0.85,36
2026-04-11,32,3,wk inc flu hosp,2026-05-02,quantile,0.9,42
2026-04-11,32,3,wk inc flu hosp,2026-05-02,quantile,0.95,49
2026-04-11,32,3,wk inc flu hosp,2026-05-02,quantile,0.975,60
2026-04-11,32,3,wk inc flu hosp,2026-05-02,quantile,0.99,75
2026-04-11,33,0,wk inc flu hosp,2026-04-11,quantile,0.01,2
2026-04-11,33,0,wk inc flu hosp,2026-04-11,quantile,0.025,3
2026-04-11,33,0,wk inc flu hosp,2026-04-11,quantile,0.05,4
2026-04-11,33,0,wk inc flu hosp,2026-04-11,quantile,0.1,5
2026-04-11,33,0,wk inc flu hosp,2026-04-11,quantile,0.15,6
2026-04-11,33,0,wk inc flu hosp,2026-04-11,quantile,0.2,7
2026-04-11,33,0,wk inc flu hosp,2026-04-11,quantile,0.25,8
2026-04-11,33,0,wk inc flu hosp,2026-04-11,quantile,0.3,9
2026-04-11,33,0,wk inc flu hosp,2026-04-11,quantile,0.35,10
2026-04-11,33,0,wk inc flu hosp,2026-04-11,quantile,0.4,11
2026-04-11,33,0,wk inc flu hosp,2026-04-11,quantile,0.45,12
2026-04-11,33,0,wk inc flu hosp,2026-04-11,quantile,0.5,13
2026-04-11,33,0,wk inc flu hosp,2026-04-11,quantile,0.55,14
2026-04-11,33,0,wk inc flu hosp,2026-04-11,quantile,0.6,15
2026-04-11,33,0,wk inc flu hosp,2026-04-11,quantile,0.65,15
2026-04-11,33,0,wk inc flu hosp,2026-04-11,quantile,0.7,16
2026-04-11,33,0,wk inc flu hosp,2026-04-11,quantile,0.75,17
2026-04-11,33,0,wk inc flu hosp,2026-04-11,quantile,0.8,19
2026-04-11,33,0,wk inc flu hosp,2026-04-11,quantile,0.85,20
2026-04-11,33,0,wk inc flu hosp,2026-04-11,quantile,0.9,22
2026-04-11,33,0,wk inc flu hosp,2026-04-11,quantile,0.95,26
2026-04-11,33,0,wk inc flu hosp,2026-04-11,quantile,0.975,29
2026-04-11,33,0,wk inc flu hosp,2026-04-11,quantile,0.99,35
2026-04-11,33,1,wk inc flu hosp,2026-04-18,quantile,0.01,1
2026-04-11,33,1,wk inc flu hosp,2026-04-18,quantile,0.025,1
2026-04-11,33,1,wk inc flu hosp,2026-04-18,quantile,0.05,2
2026-04-11,33,1,wk inc flu hosp,2026-04-18,quantile,0.1,3
2026-04-11,33,1,wk inc flu hosp,2026-04-18,quantile,0.15,4
2026-04-11,33,1,wk inc flu hosp,2026-04-18,quantile,0.2,5
2026-04-11,33,1,wk inc flu hosp,2026-04-18,quantile,0.25,5
2026-04-11,33,1,wk inc flu hosp,2026-04-18,quantile,0.3,6
2026-04-11,33,1,wk inc flu hosp,2026-04-18,quantile,0.35,7
2026-04-11,33,1,wk inc flu hosp,2026-04-18,quantile,0.4,8
2026-04-11,33,1,wk inc flu hosp,2026-04-18,quantile,0.45,8
2026-04-11,33,1,wk inc flu hosp,2026-04-18,quantile,0.5,10
2026-04-11,33,1,wk inc flu hosp,2026-04-18,quantile,0.55,12
2026-04-11,33,1,wk inc flu hosp,2026-04-18,quantile,0.6,12
2026-04-11,33,1,wk inc flu hosp,2026-04-18,quantile,0.65,14
2026-04-11,33,1,wk inc flu hosp,2026-04-18,quantile,0.7,15
2026-04-11,33,1,wk inc flu hosp,2026-04-18,quantile,0.75,16
2026-04-11,33,1,wk inc flu hosp,2026-04-18,quantile,0.8,18
2026-04-11,33,1,wk inc flu hosp,2026-04-18,quantile,0.85,20
2026-04-11,33,1,wk inc flu hosp,2026-04-18,quantile,0.9,22
2026-04-11,33,1,wk inc flu hosp,2026-04-18,quantile,0.95,28
2026-04-11,33,1,wk inc flu hosp,2026-04-18,quantile,0.975,32
2026-04-11,33,1,wk inc flu hosp,2026-04-18,quantile,0.99,38
2026-04-11,33,2,wk inc flu hosp,2026-04-25,quantile,0.01,0
2026-04-11,33,2,wk inc flu hosp,2026-04-25,quantile,0.025,0
2026-04-11,33,2,wk inc flu hosp,2026-04-25,quantile,0.05,1
2026-04-11,33,2,wk inc flu hosp,2026-04-25,quantile,0.1,2
2026-04-11,33,2,wk inc flu hosp,2026-04-25,quantile,0.15,2
2026-04-11,33,2,wk inc flu hosp,2026-04-25,quantile,0.2,3
2026-04-11,33,2,wk inc flu hosp,2026-04-25,quantile,0.25,3
2026-04-11,33,2,wk inc flu hosp,2026-04-25,quantile,0.3,4
2026-04-11,33,2,wk inc flu hosp,2026-04-25,quantile,0.35,4
2026-04-11,33,2,wk inc flu hosp,2026-04-25,quantile,0.4,5
2026-04-11,33,2,wk inc flu hosp,2026-04-25,quantile,0.45,6
2026-04-11,33,2,wk inc flu hosp,2026-04-25,quantile,0.5,8
2026-04-11,33,2,wk inc flu hosp,2026-04-25,quantile,0.55,9
2026-04-11,33,2,wk inc flu hosp,2026-04-25,quantile,0.6,11
2026-04-11,33,2,wk inc flu hosp,2026-04-25,quantile,0.65,11
2026-04-11,33,2,wk inc flu hosp,2026-04-25,quantile,0.7,13
2026-04-11,33,2,wk inc flu hosp,2026-04-25,quantile,0.75,14
2026-04-11,33,2,wk inc flu hosp,2026-04-25,quantile,0.8,16
2026-04-11,33,2,wk inc flu hosp,2026-04-25,quantile,0.85,18
2026-04-11,33,2,wk inc flu hosp,2026-04-25,quantile,0.9,21
2026-04-11,33,2,wk inc flu hosp,2026-04-25,quantile,0.95,27
2026-04-11,33,2,wk inc flu hosp,2026-04-25,quantile,0.975,32
2026-04-11,33,2,wk inc flu hosp,2026-04-25,quantile,0.99,39
2026-04-11,33,3,wk inc flu hosp,2026-05-02,quantile,0.01,0
2026-04-11,33,3,wk inc flu hosp,2026-05-02,quantile,0.025,0
2026-04-11,33,3,wk inc flu hosp,2026-05-02,quantile,0.05,0
2026-04-11,33,3,wk inc flu hosp,2026-05-02,quantile,0.1,1
2026-04-11,33,3,wk inc flu hosp,2026-05-02,quantile,0.15,1
2026-04-11,33,3,wk inc flu hosp,2026-05-02,quantile,0.2,2
2026-04-11,33,3,wk inc flu hosp,2026-05-02,quantile,0.25,2
2026-04-11,33,3,wk inc flu hosp,2026-05-02,quantile,0.3,3
2026-04-11,33,3,wk inc flu hosp,2026-05-02,quantile,0.35,3
2026-04-11,33,3,wk inc flu hosp,2026-05-02,quantile,0.4,4
2026-04-11,33,3,wk inc flu hosp,2026-05-02,quantile,0.45,5
2026-04-11,33,3,wk inc flu hosp,2026-05-02,quantile,0.5,7
2026-04-11,33,3,wk inc flu hosp,2026-05-02,quantile,0.55,8
2026-04-11,33,3,wk inc flu hosp,2026-05-02,quantile,0.6,9
2026-04-11,33,3,wk inc flu hosp,2026-05-02,quantile,0.65,10
2026-04-11,33,3,wk inc flu hosp,2026-05-02,quantile,0.7,11
2026-04-11,33,3,wk inc flu hosp,2026-05-02,quantile,0.75,13
2026-04-11,33,3,wk inc flu hosp,2026-05-02,quantile,0.8,15
2026-04-11,33,3,wk inc flu hosp,2026-05-02,quantile,0.85,17
2026-04-11,33,3,wk inc flu hosp,2026-05-02,quantile,0.9,21
2026-04-11,33,3,wk inc flu hosp,2026-05-02,quantile,0.95,26
2026-04-11,33,3,wk inc flu hosp,2026-05-02,quantile,0.975,33
2026-04-11,33,3,wk inc flu hosp,2026-05-02,quantile,0.99,40
2026-04-11,34,0,wk inc flu hosp,2026-04-11,quantile,0.01,14
2026-04-11,34,0,wk inc flu hosp,2026-04-11,quantile,0.025,19
2026-04-11,34,0,wk inc flu hosp,2026-04-11,quantile,0.05,26
2026-04-11,34,0,wk inc flu hosp,2026-04-11,quantile,0.1,32
2026-04-11,34,0,wk inc flu hosp,2026-04-11,quantile,0.15,38
2026-04-11,34,0,wk inc flu hosp,2026-04-11,quantile,0.2,41
2026-04-11,34,0,wk inc flu hosp,2026-04-11,quantile,0.25,46
2026-04-11,34,0,wk inc flu hosp,2026-04-11,quantile,0.3,49
2026-04-11,34,0,wk inc flu hosp,2026-04-11,quantile,0.35,53
2026-04-11,34,0,wk inc flu hosp,2026-04-11,quantile,0.4,57
2026-04-11,34,0,wk inc flu hosp,2026-04-11,quantile,0.45,60
2026-04-11,34,0,wk inc flu hosp,2026-04-11,quantile,0.5,64
2026-04-11,34,0,wk inc flu hosp,2026-04-11,quantile,0.55,68
2026-04-11,34,0,wk inc flu hosp,2026-04-11,quantile,0.6,71
2026-04-11,34,0,wk inc flu hosp,2026-04-11,quantile,0.65,76
2026-04-11,34,0,wk inc flu hosp,2026-04-11,quantile,0.7,79
2026-04-11,34,0,wk inc flu hosp,2026-04-11,quantile,0.75,81
2026-04-11,34,0,wk inc flu hosp,2026-04-11,quantile,0.8,89
2026-04-11,34,0,wk inc flu hosp,2026-04-11,quantile,0.85,97
2026-04-11,34,0,wk inc flu hosp,2026-04-11,quantile,0.9,107
2026-04-11,34,0,wk inc flu hosp,2026-04-11,quantile,0.95,122
2026-04-11,34,0,wk inc flu hosp,2026-04-11,quantile,0.975,138
2026-04-11,34,0,wk inc flu hosp,2026-04-11,quantile,0.99,158
2026-04-11,34,1,wk inc flu hosp,2026-04-18,quantile,0.01,5
2026-04-11,34,1,wk inc flu hosp,2026-04-18,quantile,0.025,8
2026-04-11,34,1,wk inc flu hosp,2026-04-18,quantile,0.05,13
2026-04-11,34,1,wk inc flu hosp,2026-04-18,quantile,0.1,19
2026-04-11,34,1,wk inc flu hosp,2026-04-18,quantile,0.15,23
2026-04-11,34,1,wk inc flu hosp,2026-04-18,quantile,0.2,26
2026-04-11,34,1,wk inc flu hosp,2026-04-18,quantile,0.25,31
2026-04-11,34,1,wk inc flu hosp,2026-04-18,quantile,0.3,34
2026-04-11,34,1,wk inc flu hosp,2026-04-18,quantile,0.35,38
2026-04-11,34,1,wk inc flu hosp,2026-04-18,quantile,0.4,43
2026-04-11,34,1,wk inc flu hosp,2026-04-18,quantile,0.45,47
2026-04-11,34,1,wk inc flu hosp,2026-04-18,quantile,0.5,52
2026-04-11,34,1,wk inc flu hosp,2026-04-18,quantile,0.55,56
2026-04-11,34,1,wk inc flu hosp,2026-04-18,quantile,0.6,63
2026-04-11,34,1,wk inc flu hosp,2026-04-18,quantile,0.65,67
2026-04-11,34,1,wk inc flu hosp,2026-04-18,quantile,0.7,74
2026-04-11,34,1,wk inc flu hosp,2026-04-18,quantile,0.75,80
2026-04-11,34,1,wk inc flu hosp,2026-04-18,quantile,0.8,87
2026-04-11,34,1,wk inc flu hosp,2026-04-18,quantile,0.85,96
2026-04-11,34,1,wk inc flu hosp,2026-04-18,quantile,0.9,110
2026-04-11,34,1,wk inc flu hosp,2026-04-18,quantile,0.95,135
2026-04-11,34,1,wk inc flu hosp,2026-04-18,quantile,0.975,159
2026-04-11,34,1,wk inc flu hosp,2026-04-18,quantile,0.99,191
2026-04-11,34,2,wk inc flu hosp,2026-04-25,quantile,0.01,2
2026-04-11,34,2,wk inc flu hosp,2026-04-25,quantile,0.025,5
2026-04-11,34,2,wk inc flu hosp,2026-04-25,quantile,0.05,6
2026-04-11,34,2,wk inc flu hosp,2026-04-25,quantile,0.1,12
2026-04-11,34,2,wk inc flu hosp,2026-04-25,quantile,0.15,15
2026-04-11,34,2,wk inc flu hosp,2026-04-25,quantile,0.2,19
2026-04-11,34,2,wk inc flu hosp,2026-04-25,quantile,0.25,21
2026-04-11,34,2,wk inc flu hosp,2026-04-25,quantile,0.3,25
2026-04-11,34,2,wk inc flu hosp,2026-04-25,quantile,0.35,29
2026-04-11,34,2,wk inc flu hosp,2026-04-25,quantile,0.4,35
2026-04-11,34,2,wk inc flu hosp,2026-04-25,quantile,0.45,37
2026-04-11,34,2,wk inc flu hosp,2026-04-25,quantile,0.5,43
2026-04-11,34,2,wk inc flu hosp,2026-04-25,quantile,0.55,47
2026-04-11,34,2,wk inc flu hosp,2026-04-25,quantile,0.6,51
2026-04-11,34,2,wk inc flu hosp,2026-04-25,quantile,0.65,55
2026-04-11,34,2,wk inc flu hosp,2026-04-25,quantile,0.7,65
2026-04-11,34,2,wk inc flu hosp,2026-04-25,quantile,0.75,72
2026-04-11,34,2,wk inc flu hosp,2026-04-25,quantile,0.8,78
2026-04-11,34,2,wk inc flu hosp,2026-04-25,quantile,0.85,86
2026-04-11,34,2,wk inc flu hosp,2026-04-25,quantile,0.9,103
2026-04-11,34,2,wk inc flu hosp,2026-04-25,quantile,0.95,137
2026-04-11,34,2,wk inc flu hosp,2026-04-25,quantile,0.975,172
2026-04-11,34,2,wk inc flu hosp,2026-04-25,quantile,0.99,203
2026-04-11,34,3,wk inc flu hosp,2026-05-02,quantile,0.01,1
2026-04-11,34,3,wk inc flu hosp,2026-05-02,quantile,0.025,3
2026-04-11,34,3,wk inc flu hosp,2026-05-02,quantile,0.05,5
2026-04-11,34,3,wk inc flu hosp,2026-05-02,quantile,0.1,8
2026-04-11,34,3,wk inc flu hosp,2026-05-02,quantile,0.15,11
2026-04-11,34,3,wk inc flu hosp,2026-05-02,quantile,0.2,15
2026-04-11,34,3,wk inc flu hosp,2026-05-02,quantile,0.25,18
2026-04-11,34,3,wk inc flu hosp,2026-05-02,quantile,0.3,20
2026-04-11,34,3,wk inc flu hosp,2026-05-02,quantile,0.35,23
2026-04-11,34,3,wk inc flu hosp,2026-05-02,quantile,0.4,27
2026-04-11,34,3,wk inc flu hosp,2026-05-02,quantile,0.45,28
2026-04-11,34,3,wk inc flu hosp,2026-05-02,quantile,0.5,36
2026-04-11,34,3,wk inc flu hosp,2026-05-02,quantile,0.55,37
2026-04-11,34,3,wk inc flu hosp,2026-05-02,quantile,0.6,43
2026-04-11,34,3,wk inc flu hosp,2026-05-02,quantile,0.65,49
2026-04-11,34,3,wk inc flu hosp,2026-05-02,quantile,0.7,57
2026-04-11,34,3,wk inc flu hosp,2026-05-02,quantile,0.75,66
2026-04-11,34,3,wk inc flu hosp,2026-05-02,quantile,0.8,72
2026-04-11,34,3,wk inc flu hosp,2026-05-02,quantile,0.85,81
2026-04-11,34,3,wk inc flu hosp,2026-05-02,quantile,0.9,95
2026-04-11,34,3,wk inc flu hosp,2026-05-02,quantile,0.95,135
2026-04-11,34,3,wk inc flu hosp,2026-05-02,quantile,0.975,183
2026-04-11,34,3,wk inc flu hosp,2026-05-02,quantile,0.99,209
2026-04-11,35,0,wk inc flu hosp,2026-04-11,quantile,0.01,0
2026-04-11,35,0,wk inc flu hosp,2026-04-11,quantile,0.025,0
2026-04-11,35,0,wk inc flu hosp,2026-04-11,quantile,0.05,1
2026-04-11,35,0,wk inc flu hosp,2026-04-11,quantile,0.1,1
2026-04-11,35,0,wk inc flu hosp,2026-04-11,quantile,0.15,2
2026-04-11,35,0,wk inc flu hosp,2026-04-11,quantile,0.2,3
2026-04-11,35,0,wk inc flu hosp,2026-04-11,quantile,0.25,3
2026-04-11,35,0,wk inc flu hosp,2026-04-11,quantile,0.3,4
2026-04-11,35,0,wk inc flu hosp,2026-04-11,quantile,0.35,5
2026-04-11,35,0,wk inc flu hosp,2026-04-11,quantile,0.4,5
2026-04-11,35,0,wk inc flu hosp,2026-04-11,quantile,0.45,6
2026-04-11,35,0,wk inc flu hosp,2026-04-11,quantile,0.5,7
2026-04-11,35,0,wk inc flu hosp,2026-04-11,quantile,0.55,7
2026-04-11,35,0,wk inc flu hosp,2026-04-11,quantile,0.6,8
2026-04-11,35,0,wk inc flu hosp,2026-04-11,quantile,0.65,9
2026-04-11,35,0,wk inc flu hosp,2026-04-11,quantile,0.7,11
2026-04-11,35,0,wk inc flu hosp,2026-04-11,quantile,0.75,12
2026-04-11,35,0,wk inc flu hosp,2026-04-11,quantile,0.8,13
2026-04-11,35,0,wk inc flu hosp,2026-04-11,quantile,0.85,15
2026-04-11,35,0,wk inc flu hosp,2026-04-11,quantile,0.9,18
2026-04-11,35,0,wk inc flu hosp,2026-04-11,quantile,0.95,22
2026-04-11,35,0,wk inc flu hosp,2026-04-11,quantile,0.975,27
2026-04-11,35,0,wk inc flu hosp,2026-04-11,quantile,0.99,35
2026-04-11,35,1,wk inc flu hosp,2026-04-18,quantile,0.01,0
2026-04-11,35,1,wk inc flu hosp,2026-04-18,quantile,0.025,0
2026-04-11,35,1,wk inc flu hosp,2026-04-18,quantile,0.05,0
2026-04-11,35,1,wk inc flu hosp,2026-04-18,quantile,0.1,1
2026-04-11,35,1,wk inc flu hosp,2026-04-18,quantile,0.15,1
2026-04-11,35,1,wk inc flu hosp,2026-04-18,quantile,0.2,2
2026-04-11,35,1,wk inc flu hosp,2026-04-18,quantile,0.25,2
2026-04-11,35,1,wk inc flu hosp,2026-04-18,quantile,0.3,3
2026-04-11,35,1,wk inc flu hosp,2026-04-18,quantile,0.35,3
2026-04-11,35,1,wk inc flu hosp,2026-04-18,quantile,0.4,4
2026-04-11,35,1,wk inc flu hosp,2026-04-18,quantile,0.45,4
2026-04-11,35,1,wk inc flu hosp,2026-04-18,quantile,0.5,5
2026-04-11,35,1,wk inc flu hosp,2026-04-18,quantile,0.55,6
2026-04-11,35,1,wk inc flu hosp,2026-04-18,quantile,0.6,7
2026-04-11,35,1,wk inc flu hosp,2026-04-18,quantile,0.65,8
2026-04-11,35,1,wk inc flu hosp,2026-04-18,quantile,0.7,9
2026-04-11,35,1,wk inc flu hosp,2026-04-18,quantile,0.75,11
2026-04-11,35,1,wk inc flu hosp,2026-04-18,quantile,0.8,12
2026-04-11,35,1,wk inc flu hosp,2026-04-18,quantile,0.85,14
2026-04-11,35,1,wk inc flu hosp,2026-04-18,quantile,0.9,16
2026-04-11,35,1,wk inc flu hosp,2026-04-18,quantile,0.95,22
2026-04-11,35,1,wk inc flu hosp,2026-04-18,quantile,0.975,29
2026-04-11,35,1,wk inc flu hosp,2026-04-18,quantile,0.99,38
2026-04-11,35,2,wk inc flu hosp,2026-04-25,quantile,0.01,0
2026-04-11,35,2,wk inc flu hosp,2026-04-25,quantile,0.025,0
2026-04-11,35,2,wk inc flu hosp,2026-04-25,quantile,0.05,0
2026-04-11,35,2,wk inc flu hosp,2026-04-25,quantile,0.1,0
2026-04-11,35,2,wk inc flu hosp,2026-04-25,quantile,0.15,0
2026-04-11,35,2,wk inc flu hosp,2026-04-25,quantile,0.2,1
2026-04-11,35,2,wk inc flu hosp,2026-04-25,quantile,0.25,1
2026-04-11,35,2,wk inc flu hosp,2026-04-25,quantile,0.3,2
2026-04-11,35,2,wk inc flu hosp,2026-04-25,quantile,0.35,2
2026-04-11,35,2,wk inc flu hosp,2026-04-25,quantile,0.4,3
2026-04-11,35,2,wk inc flu hosp,2026-04-25,quantile,0.45,3
2026-04-11,35,2,wk inc flu hosp,2026-04-25,quantile,0.5,4
2026-04-11,35,2,wk inc flu hosp,2026-04-25,quantile,0.55,5
2026-04-11,35,2,wk inc flu hosp,2026-04-25,quantile,0.6,6
2026-04-11,35,2,wk inc flu hosp,2026-04-25,quantile,0.65,7
2026-04-11,35,2,wk inc flu hosp,2026-04-25,quantile,0.7,8
2026-04-11,35,2,wk inc flu hosp,2026-04-25,quantile,0.75,10
2026-04-11,35,2,wk inc flu hosp,2026-04-25,quantile,0.8,11
2026-04-11,35,2,wk inc flu hosp,2026-04-25,quantile,0.85,12
2026-04-11,35,2,wk inc flu hosp,2026-04-25,quantile,0.9,15
2026-04-11,35,2,wk inc flu hosp,2026-04-25,quantile,0.95,22
2026-04-11,35,2,wk inc flu hosp,2026-04-25,quantile,0.975,32
2026-04-11,35,2,wk inc flu hosp,2026-04-25,quantile,0.99,42
2026-04-11,35,3,wk inc flu hosp,2026-05-02,quantile,0.01,0
2026-04-11,35,3,wk inc flu hosp,2026-05-02,quantile,0.025,0
2026-04-11,35,3,wk inc flu hosp,2026-05-02,quantile,0.05,0
2026-04-11,35,3,wk inc flu hosp,2026-05-02,quantile,0.1,0
2026-04-11,35,3,wk inc flu hosp,2026-05-02,quantile,0.15,0
2026-04-11,35,3,wk inc flu hosp,2026-05-02,quantile,0.2,0
2026-04-11,35,3,wk inc flu hosp,2026-05-02,quantile,0.25,1
2026-04-11,35,3,wk inc flu hosp,2026-05-02,quantile,0.3,2
2026-04-11,35,3,wk inc flu hosp,2026-05-02,quantile,0.35,2
2026-04-11,35,3,wk inc flu hosp,2026-05-02,quantile,0.4,2
2026-04-11,35,3,wk inc flu hosp,2026-05-02,quantile,0.45,3
2026-04-11,35,3,wk inc flu hosp,2026-05-02,quantile,0.5,4
2026-04-11,35,3,wk inc flu hosp,2026-05-02,quantile,0.55,5
2026-04-11,35,3,wk inc flu hosp,2026-05-02,quantile,0.6,6
2026-04-11,35,3,wk inc flu hosp,2026-05-02,quantile,0.65,6
2026-04-11,35,3,wk inc flu hosp,2026-05-02,quantile,0.7,8
2026-04-11,35,3,wk inc flu hosp,2026-05-02,quantile,0.75,9
2026-04-11,35,3,wk inc flu hosp,2026-05-02,quantile,0.8,11
2026-04-11,35,3,wk inc flu hosp,2026-05-02,quantile,0.85,11
2026-04-11,35,3,wk inc flu hosp,2026-05-02,quantile,0.9,15
2026-04-11,35,3,wk inc flu hosp,2026-05-02,quantile,0.95,25
2026-04-11,35,3,wk inc flu hosp,2026-05-02,quantile,0.975,35
2026-04-11,35,3,wk inc flu hosp,2026-05-02,quantile,0.99,45
2026-04-11,36,0,wk inc flu hosp,2026-04-11,quantile,0.01,38
2026-04-11,36,0,wk inc flu hosp,2026-04-11,quantile,0.025,47
2026-04-11,36,0,wk inc flu hosp,2026-04-11,quantile,0.05,59
2026-04-11,36,0,wk inc flu hosp,2026-04-11,quantile,0.1,70
2026-04-11,36,0,wk inc flu hosp,2026-04-11,quantile,0.15,90
2026-04-11,36,0,wk inc flu hosp,2026-04-11,quantile,0.2,100
2026-04-11,36,0,wk inc flu hosp,2026-04-11,quantile,0.25,105
2026-04-11,36,0,wk inc flu hosp,2026-04-11,quantile,0.3,112
2026-04-11,36,0,wk inc flu hosp,2026-04-11,quantile,0.35,118
2026-04-11,36,0,wk inc flu hosp,2026-04-11,quantile,0.4,129
2026-04-11,36,0,wk inc flu hosp,2026-04-11,quantile,0.45,136
2026-04-11,36,0,wk inc flu hosp,2026-04-11,quantile,0.5,143
2026-04-11,36,0,wk inc flu hosp,2026-04-11,quantile,0.55,152
2026-04-11,36,0,wk inc flu hosp,2026-04-11,quantile,0.6,158
2026-04-11,36,0,wk inc flu hosp,2026-04-11,quantile,0.65,166
2026-04-11,36,0,wk inc flu hosp,2026-04-11,quantile,0.7,171
2026-04-11,36,0,wk inc flu hosp,2026-04-11,quantile,0.75,177
2026-04-11,36,0,wk inc flu hosp,2026-04-11,quantile,0.8,184
2026-04-11,36,0,wk inc flu hosp,2026-04-11,quantile,0.85,196
2026-04-11,36,0,wk inc flu hosp,2026-04-11,quantile,0.9,216
2026-04-11,36,0,wk inc flu hosp,2026-04-11,quantile,0.95,247
2026-04-11,36,0,wk inc flu hosp,2026-04-11,quantile,0.975,267
2026-04-11,36,0,wk inc flu hosp,2026-04-11,quantile,0.99,327
2026-04-11,36,1,wk inc flu hosp,2026-04-18,quantile,0.01,17
2026-04-11,36,1,wk inc flu hosp,2026-04-18,quantile,0.025,27
2026-04-11,36,1,wk inc flu hosp,2026-04-18,quantile,0.05,33
2026-04-11,36,1,wk inc flu hosp,2026-04-18,quantile,0.1,49
2026-04-11,36,1,wk inc flu hosp,2026-04-18,quantile,0.15,61
2026-04-11,36,1,wk inc flu hosp,2026-04-18,quantile,0.2,66
2026-04-11,36,1,wk inc flu hosp,2026-04-18,quantile,0.25,82
2026-04-11,36,1,wk inc flu hosp,2026-04-18,quantile,0.3,89
2026-04-11,36,1,wk inc flu hosp,2026-04-18,quantile,0.35,92
2026-04-11,36,1,wk inc flu hosp,2026-04-18,quantile,0.4,98
2026-04-11,36,1,wk inc flu hosp,2026-04-18,quantile,0.45,109
2026-04-11,36,1,wk inc flu hosp,2026-04-18,quantile,0.5,118
2026-04-11,36,1,wk inc flu hosp,2026-04-18,quantile,0.55,127
2026-04-11,36,1,wk inc flu hosp,2026-04-18,quantile,0.6,135
2026-04-11,36,1,wk inc flu hosp,2026-04-18,quantile,0.65,143
2026-04-11,36,1,wk inc flu hosp,2026-04-18,quantile,0.7,153
2026-04-11,36,1,wk inc flu hosp,2026-04-18,quantile,0.75,164
2026-04-11,36,1,wk inc flu hosp,2026-04-18,quantile,0.8,176
2026-04-11,36,1,wk inc flu hosp,2026-04-18,quantile,0.85,192
2026-04-11,36,1,wk inc flu hosp,2026-04-18,quantile,0.9,212
2026-04-11,36,1,wk inc flu hosp,2026-04-18,quantile,0.95,249
2026-04-11,36,1,wk inc flu hosp,2026-04-18,quantile,0.975,296
2026-04-11,36,1,wk inc flu hosp,2026-04-18,quantile,0.99,372
2026-04-11,36,2,wk inc flu hosp,2026-04-25,quantile,0.01,5
2026-04-11,36,2,wk inc flu hosp,2026-04-25,quantile,0.025,13
2026-04-11,36,2,wk inc flu hosp,2026-04-25,quantile,0.05,20
2026-04-11,36,2,wk inc flu hosp,2026-04-25,quantile,0.1,28
2026-04-11,36,2,wk inc flu hosp,2026-04-25,quantile,0.15,43
2026-04-11,36,2,wk inc flu hosp,2026-04-25,quantile,0.2,51
2026-04-11,36,2,wk inc flu hosp,2026-04-25,quantile,0.25,61
2026-04-11,36,2,wk inc flu hosp,2026-04-25,quantile,0.3,70
2026-04-11,36,2,wk inc flu hosp,2026-04-25,quantile,0.35,76
2026-04-11,36,2,wk inc flu hosp,2026-04-25,quantile,0.4,81
2026-04-11,36,2,wk inc flu hosp,2026-04-25,quantile,0.45,92
2026-04-11,36,2,wk inc flu hosp,2026-04-25,quantile,0.5,102
2026-04-11,36,2,wk inc flu hosp,2026-04-25,quantile,0.55,110
2026-04-11,36,2,wk inc flu hosp,2026-04-25,quantile,0.6,118
2026-04-11,36,2,wk inc flu hosp,2026-04-25,quantile,0.65,129
2026-04-11,36,2,wk inc flu hosp,2026-04-25,quantile,0.7,140
2026-04-11,36,2,wk inc flu hosp,2026-04-25,quantile,0.75,152
2026-04-11,36,2,wk inc flu hosp,2026-04-25,quantile,0.8,163
2026-04-11,36,2,wk inc flu hosp,2026-04-25,quantile,0.85,184
2026-04-11,36,2,wk inc flu hosp,2026-04-25,quantile,0.9,210
2026-04-11,36,2,wk inc flu hosp,2026-04-25,quantile,0.95,265
2026-04-11,36,2,wk inc flu hosp,2026-04-25,quantile,0.975,312
2026-04-11,36,2,wk inc flu hosp,2026-04-25,quantile,0.99,371
2026-04-11,36,3,wk inc flu hosp,2026-05-02,quantile,0.01,3
2026-04-11,36,3,wk inc flu hosp,2026-05-02,quantile,0.025,8
2026-04-11,36,3,wk inc flu hosp,2026-05-02,quantile,0.05,14
2026-04-11,36,3,wk inc flu hosp,2026-05-02,quantile,0.1,21
2026-04-11,36,3,wk inc flu hosp,2026-05-02,quantile,0.15,28
2026-04-11,36,3,wk inc flu hosp,2026-05-02,quantile,0.2,37
2026-04-11,36,3,wk inc flu hosp,2026-05-02,quantile,0.25,43
2026-04-11,36,3,wk inc flu hosp,2026-05-02,quantile,0.3,57
2026-04-11,36,3,wk inc flu hosp,2026-05-02,quantile,0.35,63
2026-04-11,36,3,wk inc flu hosp,2026-05-02,quantile,0.4,67
2026-04-11,36,3,wk inc flu hosp,2026-05-02,quantile,0.45,78
2026-04-11,36,3,wk inc flu hosp,2026-05-02,quantile,0.5,92
2026-04-11,36,3,wk inc flu hosp,2026-05-02,quantile,0.55,97
2026-04-11,36,3,wk inc flu hosp,2026-05-02,quantile,0.6,105
2026-04-11,36,3,wk inc flu hosp,2026-05-02,quantile,0.65,112
2026-04-11,36,3,wk inc flu hosp,2026-05-02,quantile,0.7,128
2026-04-11,36,3,wk inc flu hosp,2026-05-02,quantile,0.75,143
2026-04-11,36,3,wk inc flu hosp,2026-05-02,quantile,0.8,157
2026-04-11,36,3,wk inc flu hosp,2026-05-02,quantile,0.85,177
2026-04-11,36,3,wk inc flu hosp,2026-05-02,quantile,0.9,209
2026-04-11,36,3,wk inc flu hosp,2026-05-02,quantile,0.95,265
2026-04-11,36,3,wk inc flu hosp,2026-05-02,quantile,0.975,343
2026-04-11,36,3,wk inc flu hosp,2026-05-02,quantile,0.99,428
2026-04-11,37,0,wk inc flu hosp,2026-04-11,quantile,0.01,2
2026-04-11,37,0,wk inc flu hosp,2026-04-11,quantile,0.025,5
2026-04-11,37,0,wk inc flu hosp,2026-04-11,quantile,0.05,7
2026-04-11,37,0,wk inc flu hosp,2026-04-11,quantile,0.1,7
2026-04-11,37,0,wk inc flu hosp,2026-04-11,quantile,0.15,13
2026-04-11,37,0,wk inc flu hosp,2026-04-11,quantile,0.2,14
2026-04-11,37,0,wk inc flu hosp,2026-04-11,quantile,0.25,15
2026-04-11,37,0,wk inc flu hosp,2026-04-11,quantile,0.3,19
2026-04-11,37,0,wk inc flu hosp,2026-04-11,quantile,0.35,21
2026-04-11,37,0,wk inc flu hosp,2026-04-11,quantile,0.4,24
2026-04-11,37,0,wk inc flu hosp,2026-04-11,quantile,0.45,25
2026-04-11,37,0,wk inc flu hosp,2026-04-11,quantile,0.5,29
2026-04-11,37,0,wk inc flu hosp,2026-04-11,quantile,0.55,30
2026-04-11,37,0,wk inc flu hosp,2026-04-11,quantile,0.6,32
2026-04-11,37,0,wk inc flu hosp,2026-04-11,quantile,0.65,35
2026-04-11,37,0,wk inc flu hosp,2026-04-11,quantile,0.7,36
2026-04-11,37,0,wk inc flu hosp,2026-04-11,quantile,0.75,39
2026-04-11,37,0,wk inc flu hosp,2026-04-11,quantile,0.8,42
2026-04-11,37,0,wk inc flu hosp,2026-04-11,quantile,0.85,47
2026-04-11,37,0,wk inc flu hosp,2026-04-11,quantile,0.9,57
2026-04-11,37,0,wk inc flu hosp,2026-04-11,quantile,0.95,72
2026-04-11,37,0,wk inc flu hosp,2026-04-11,quantile,0.975,85
2026-04-11,37,0,wk inc flu hosp,2026-04-11,quantile,0.99,105
2026-04-11,37,1,wk inc flu hosp,2026-04-18,quantile,0.01,0
2026-04-11,37,1,wk inc flu hosp,2026-04-18,quantile,0.025,1
2026-04-11,37,1,wk inc flu hosp,2026-04-18,quantile,0.05,2
2026-04-11,37,1,wk inc flu hosp,2026-04-18,quantile,0.1,4
2026-04-11,37,1,wk inc flu hosp,2026-04-18,quantile,0.15,7
2026-04-11,37,1,wk inc flu hosp,2026-04-18,quantile,0.2,9
2026-04-11,37,1,wk inc flu hosp,2026-04-18,quantile,0.25,11
2026-04-11,37,1,wk inc flu hosp,2026-04-18,quantile,0.3,14
2026-04-11,37,1,wk inc flu hosp,2026-04-18,quantile,0.35,16
2026-04-11,37,1,wk inc flu hosp,2026-04-18,quantile,0.4,19
2026-04-11,37,1,wk inc flu hosp,2026-04-18,quantile,0.45,20
2026-04-11,37,1,wk inc flu hosp,2026-04-18,quantile,0.5,23
2026-04-11,37,1,wk inc flu hosp,2026-04-18,quantile,0.55,25
2026-04-11,37,1,wk inc flu hosp,2026-04-18,quantile,0.6,28
2026-04-11,37,1,wk inc flu hosp,2026-04-18,quantile,0.65,32
2026-04-11,37,1,wk inc flu hosp,2026-04-18,quantile,0.7,34
2026-04-11,37,1,wk inc flu hosp,2026-04-18,quantile,0.75,38
2026-04-11,37,1,wk inc flu hosp,2026-04-18,quantile,0.8,46
2026-04-11,37,1,wk inc flu hosp,2026-04-18,quantile,0.85,57
2026-04-11,37,1,wk inc flu hosp,2026-04-18,quantile,0.9,73
2026-04-11,37,1,wk inc flu hosp,2026-04-18,quantile,0.95,90
2026-04-11,37,1,wk inc flu hosp,2026-04-18,quantile,0.975,112
2026-04-11,37,1,wk inc flu hosp,2026-04-18,quantile,0.99,148
2026-04-11,37,2,wk inc flu hosp,2026-04-25,quantile,0.01,0
2026-04-11,37,2,wk inc flu hosp,2026-04-25,quantile,0.025,0
2026-04-11,37,2,wk inc flu hosp,2026-04-25,quantile,0.05,1
2026-04-11,37,2,wk inc flu hosp,2026-04-25,quantile,0.1,2
2026-04-11,37,2,wk inc flu hosp,2026-04-25,quantile,0.15,4
2026-04-11,37,2,wk inc flu hosp,2026-04-25,quantile,0.2,6
2026-04-11,37,2,wk inc flu hosp,2026-04-25,quantile,0.25,8
2026-04-11,37,2,wk inc flu hosp,2026-04-25,quantile,0.3,10
2026-04-11,37,2,wk inc flu hosp,2026-04-25,quantile,0.35,13
2026-04-11,37,2,wk inc flu hosp,2026-04-25,quantile,0.4,15
2026-04-11,37,2,wk inc flu hosp,2026-04-25,quantile,0.45,17
2026-04-11,37,2,wk inc flu hosp,2026-04-25,quantile,0.5,18
2026-04-11,37,2,wk inc flu hosp,2026-04-25,quantile,0.55,22
2026-04-11,37,2,wk inc flu hosp,2026-04-25,quantile,0.6,24
2026-04-11,37,2,wk inc flu hosp,2026-04-25,quantile,0.65,29
2026-04-11,37,2,wk inc flu hosp,2026-04-25,quantile,0.7,32
2026-04-11,37,2,wk inc flu hosp,2026-04-25,quantile,0.75,36
2026-04-11,37,2,wk inc flu hosp,2026-04-25,quantile,0.8,44
2026-04-11,37,2,wk inc flu hosp,2026-04-25,quantile,0.85,59
2026-04-11,37,2,wk inc flu hosp,2026-04-25,quantile,0.9,74
2026-04-11,37,2,wk inc flu hosp,2026-04-25,quantile,0.95,95
2026-04-11,37,2,wk inc flu hosp,2026-04-25,quantile,0.975,115
2026-04-11,37,2,wk inc flu hosp,2026-04-25,quantile,0.99,154
2026-04-11,37,3,wk inc flu hosp,2026-05-02,quantile,0.01,0
2026-04-11,37,3,wk inc flu hosp,2026-05-02,quantile,0.025,0
2026-04-11,37,3,wk inc flu hosp,2026-05-02,quantile,0.05,0
2026-04-11,37,3,wk inc flu hosp,2026-05-02,quantile,0.1,2
2026-04-11,37,3,wk inc flu hosp,2026-05-02,quantile,0.15,2
2026-04-11,37,3,wk inc flu hosp,2026-05-02,quantile,0.2,4
2026-04-11,37,3,wk inc flu hosp,2026-05-02,quantile,0.25,6
2026-04-11,37,3,wk inc flu hosp,2026-05-02,quantile,0.3,8
2026-04-11,37,3,wk inc flu hosp,2026-05-02,quantile,0.35,10
2026-04-11,37,3,wk inc flu hosp,2026-05-02,quantile,0.4,12
2026-04-11,37,3,wk inc flu hosp,2026-05-02,quantile,0.45,14
2026-04-11,37,3,wk inc flu hosp,2026-05-02,quantile,0.5,16
2026-04-11,37,3,wk inc flu hosp,2026-05-02,quantile,0.55,17
2026-04-11,37,3,wk inc flu hosp,2026-05-02,quantile,0.6,22
2026-04-11,37,3,wk inc flu hosp,2026-05-02,quantile,0.65,26
2026-04-11,37,3,wk inc flu hosp,2026-05-02,quantile,0.7,30
2026-04-11,37,3,wk inc flu hosp,2026-05-02,quantile,0.75,34
2026-04-11,37,3,wk inc flu hosp,2026-05-02,quantile,0.8,40
2026-04-11,37,3,wk inc flu hosp,2026-05-02,quantile,0.85,54
2026-04-11,37,3,wk inc flu hosp,2026-05-02,quantile,0.9,69
2026-04-11,37,3,wk inc flu hosp,2026-05-02,quantile,0.95,93
2026-04-11,37,3,wk inc flu hosp,2026-05-02,quantile,0.975,118
2026-04-11,37,3,wk inc flu hosp,2026-05-02,quantile,0.99,163
2026-04-11,38,0,wk inc flu hosp,2026-04-11,quantile,0.01,0
2026-04-11,38,0,wk inc flu hosp,2026-04-11,quantile,0.025,1
2026-04-11,38,0,wk inc flu hosp,2026-04-11,quantile,0.05,2
2026-04-11,38,0,wk inc flu hosp,2026-04-11,quantile,0.1,3
2026-04-11,38,0,wk inc flu hosp,2026-04-11,quantile,0.15,4
2026-04-11,38,0,wk inc flu hosp,2026-04-11,quantile,0.2,4
2026-04-11,38,0,wk inc flu hosp,2026-04-11,quantile,0.25,5
2026-04-11,38,0,wk inc flu hosp,2026-04-11,quantile,0.3,5
2026-04-11,38,0,wk inc flu hosp,2026-04-11,quantile,0.35,6
2026-04-11,38,0,wk inc flu hosp,2026-04-11,quantile,0.4,6
2026-04-11,38,0,wk inc flu hosp,2026-04-11,quantile,0.45,6
2026-04-11,38,0,wk inc flu hosp,2026-04-11,quantile,0.5,8
2026-04-11,38,0,wk inc flu hosp,2026-04-11,quantile,0.55,8
2026-04-11,38,0,wk inc flu hosp,2026-04-11,quantile,0.6,9
2026-04-11,38,0,wk inc flu hosp,2026-04-11,quantile,0.65,10
2026-04-11,38,0,wk inc flu hosp,2026-04-11,quantile,0.7,11
2026-04-11,38,0,wk inc flu hosp,2026-04-11,quantile,0.75,11
2026-04-11,38,0,wk inc flu hosp,2026-04-11,quantile,0.8,12
2026-04-11,38,0,wk inc flu hosp,2026-04-11,quantile,0.85,14
2026-04-11,38,0,wk inc flu hosp,2026-04-11,quantile,0.9,16
2026-04-11,38,0,wk inc flu hosp,2026-04-11,quantile,0.95,18
2026-04-11,38,0,wk inc flu hosp,2026-04-11,quantile,0.975,21
2026-04-11,38,0,wk inc flu hosp,2026-04-11,quantile,0.99,25
2026-04-11,38,1,wk inc flu hosp,2026-04-18,quantile,0.01,0
2026-04-11,38,1,wk inc flu hosp,2026-04-18,quantile,0.025,0
2026-04-11,38,1,wk inc flu hosp,2026-04-18,quantile,0.05,1
2026-04-11,38,1,wk inc flu hosp,2026-04-18,quantile,0.1,1
2026-04-11,38,1,wk inc flu hosp,2026-04-18,quantile,0.15,2
2026-04-11,38,1,wk inc flu hosp,2026-04-18,quantile,0.2,2
2026-04-11,38,1,wk inc flu hosp,2026-04-18,quantile,0.25,3
2026-04-11,38,1,wk inc flu hosp,2026-04-18,quantile,0.3,3
2026-04-11,38,1,wk inc flu hosp,2026-04-18,quantile,0.35,4
2026-04-11,38,1,wk inc flu hosp,2026-04-18,quantile,0.4,4
2026-04-11,38,1,wk inc flu hosp,2026-04-18,quantile,0.45,5
2026-04-11,38,1,wk inc flu hosp,2026-04-18,quantile,0.5,6
2026-04-11,38,1,wk inc flu hosp,2026-04-18,quantile,0.55,7
2026-04-11,38,1,wk inc flu hosp,2026-04-18,quantile,0.6,8
2026-04-11,38,1,wk inc flu hosp,2026-04-18,quantile,0.65,8
2026-04-11,38,1,wk inc flu hosp,2026-04-18,quantile,0.7,9
2026-04-11,38,1,wk inc flu hosp,2026-04-18,quantile,0.75,11
2026-04-11,38,1,wk inc flu hosp,2026-04-18,quantile,0.8,12
2026-04-11,38,1,wk inc flu hosp,2026-04-18,quantile,0.85,13
2026-04-11,38,1,wk inc flu hosp,2026-04-18,quantile,0.9,15
2026-04-11,38,1,wk inc flu hosp,2026-04-18,quantile,0.95,18
2026-04-11,38,1,wk inc flu hosp,2026-04-18,quantile,0.975,21
2026-04-11,38,1,wk inc flu hosp,2026-04-18,quantile,0.99,25
2026-04-11,38,2,wk inc flu hosp,2026-04-25,quantile,0.01,0
2026-04-11,38,2,wk inc flu hosp,2026-04-25,quantile,0.025,0
2026-04-11,38,2,wk inc flu hosp,2026-04-25,quantile,0.05,0
2026-04-11,38,2,wk inc flu hosp,2026-04-25,quantile,0.1,0
2026-04-11,38,2,wk inc flu hosp,2026-04-25,quantile,0.15,1
2026-04-11,38,2,wk inc flu hosp,2026-04-25,quantile,0.2,1
2026-04-11,38,2,wk inc flu hosp,2026-04-25,quantile,0.25,2
2026-04-11,38,2,wk inc flu hosp,2026-04-25,quantile,0.3,2
2026-04-11,38,2,wk inc flu hosp,2026-04-25,quantile,0.35,3
2026-04-11,38,2,wk inc flu hosp,2026-04-25,quantile,0.4,3
2026-04-11,38,2,wk inc flu hosp,2026-04-25,quantile,0.45,4
2026-04-11,38,2,wk inc flu hosp,2026-04-25,quantile,0.5,5
2026-04-11,38,2,wk inc flu hosp,2026-04-25,quantile,0.55,6
2026-04-11,38,2,wk inc flu hosp,2026-04-25,quantile,0.6,7
2026-04-11,38,2,wk inc flu hosp,2026-04-25,quantile,0.65,8
2026-04-11,38,2,wk inc flu hosp,2026-04-25,quantile,0.7,8
2026-04-11,38,2,wk inc flu hosp,2026-04-25,quantile,0.75,9
2026-04-11,38,2,wk inc flu hosp,2026-04-25,quantile,0.8,10
2026-04-11,38,2,wk inc flu hosp,2026-04-25,quantile,0.85,12
2026-04-11,38,2,wk inc flu hosp,2026-04-25,quantile,0.9,14
2026-04-11,38,2,wk inc flu hosp,2026-04-25,quantile,0.95,17
2026-04-11,38,2,wk inc flu hosp,2026-04-25,quantile,0.975,21
2026-04-11,38,2,wk inc flu hosp,2026-04-25,quantile,0.99,25
2026-04-11,38,3,wk inc flu hosp,2026-05-02,quantile,0.01,0
2026-04-11,38,3,wk inc flu hosp,2026-05-02,quantile,0.025,0
2026-04-11,38,3,wk inc flu hosp,2026-05-02,quantile,0.05,0
2026-04-11,38,3,wk inc flu hosp,2026-05-02,quantile,0.1,0
2026-04-11,38,3,wk inc flu hosp,2026-05-02,quantile,0.15,0
2026-04-11,38,3,wk inc flu hosp,2026-05-02,quantile,0.2,1
2026-04-11,38,3,wk inc flu hosp,2026-05-02,quantile,0.25,1
2026-04-11,38,3,wk inc flu hosp,2026-05-02,quantile,0.3,2
2026-04-11,38,3,wk inc flu hosp,2026-05-02,quantile,0.35,2
2026-04-11,38,3,wk inc flu hosp,2026-05-02,quantile,0.4,2
2026-04-11,38,3,wk inc flu hosp,2026-05-02,quantile,0.45,3
2026-04-11,38,3,wk inc flu hosp,2026-05-02,quantile,0.5,4
2026-04-11,38,3,wk inc flu hosp,2026-05-02,quantile,0.55,4
2026-04-11,38,3,wk inc flu hosp,2026-05-02,quantile,0.6,5
2026-04-11,38,3,wk inc flu hosp,2026-05-02,quantile,0.65,6
2026-04-11,38,3,wk inc flu hosp,2026-05-02,quantile,0.7,7
2026-04-11,38,3,wk inc flu hosp,2026-05-02,quantile,0.75,8
2026-04-11,38,3,wk inc flu hosp,2026-05-02,quantile,0.8,10
2026-04-11,38,3,wk inc flu hosp,2026-05-02,quantile,0.85,11
2026-04-11,38,3,wk inc flu hosp,2026-05-02,quantile,0.9,14
2026-04-11,38,3,wk inc flu hosp,2026-05-02,quantile,0.95,17
2026-04-11,38,3,wk inc flu hosp,2026-05-02,quantile,0.975,21
2026-04-11,38,3,wk inc flu hosp,2026-05-02,quantile,0.99,26
2026-04-11,39,0,wk inc flu hosp,2026-04-11,quantile,0.01,3
2026-04-11,39,0,wk inc flu hosp,2026-04-11,quantile,0.025,4
2026-04-11,39,0,wk inc flu hosp,2026-04-11,quantile,0.05,6
2026-04-11,39,0,wk inc flu hosp,2026-04-11,quantile,0.1,11
2026-04-11,39,0,wk inc flu hosp,2026-04-11,quantile,0.15,14
2026-04-11,39,0,wk inc flu hosp,2026-04-11,quantile,0.2,16
2026-04-11,39,0,wk inc flu hosp,2026-04-11,quantile,0.25,17
2026-04-11,39,0,wk inc flu hosp,2026-04-11,quantile,0.3,19
2026-04-11,39,0,wk inc flu hosp,2026-04-11,quantile,0.35,23
2026-04-11,39,0,wk inc flu hosp,2026-04-11,quantile,0.4,26
2026-04-11,39,0,wk inc flu hosp,2026-04-11,quantile,0.45,28
2026-04-11,39,0,wk inc flu hosp,2026-04-11,quantile,0.5,31
2026-04-11,39,0,wk inc flu hosp,2026-04-11,quantile,0.55,35
2026-04-11,39,0,wk inc flu hosp,2026-04-11,quantile,0.6,39
2026-04-11,39,0,wk inc flu hosp,2026-04-11,quantile,0.65,41
2026-04-11,39,0,wk inc flu hosp,2026-04-11,quantile,0.7,43
2026-04-11,39,0,wk inc flu hosp,2026-04-11,quantile,0.75,51
2026-04-11,39,0,wk inc flu hosp,2026-04-11,quantile,0.8,56
2026-04-11,39,0,wk inc flu hosp,2026-04-11,quantile,0.85,66
2026-04-11,39,0,wk inc flu hosp,2026-04-11,quantile,0.9,77
2026-04-11,39,0,wk inc flu hosp,2026-04-11,quantile,0.95,95
2026-04-11,39,0,wk inc flu hosp,2026-04-11,quantile,0.975,114
2026-04-11,39,0,wk inc flu hosp,2026-04-11,quantile,0.99,145
2026-04-11,39,1,wk inc flu hosp,2026-04-18,quantile,0.01,0
2026-04-11,39,1,wk inc flu hosp,2026-04-18,quantile,0.025,0
2026-04-11,39,1,wk inc flu hosp,2026-04-18,quantile,0.05,1
2026-04-11,39,1,wk inc flu hosp,2026-04-18,quantile,0.1,2
2026-04-11,39,1,wk inc flu hosp,2026-04-18,quantile,0.15,9
2026-04-11,39,1,wk inc flu hosp,2026-04-18,quantile,0.2,11
2026-04-11,39,1,wk inc flu hosp,2026-04-18,quantile,0.25,13
2026-04-11,39,1,wk inc flu hosp,2026-04-18,quantile,0.3,14
2026-04-11,39,1,wk inc flu hosp,2026-04-18,quantile,0.35,16
2026-04-11,39,1,wk inc flu hosp,2026-04-18,quantile,0.4,16
2026-04-11,39,1,wk inc flu hosp,2026-04-18,quantile,0.45,21
2026-04-11,39,1,wk inc flu hosp,2026-04-18,quantile,0.5,23
2026-04-11,39,1,wk inc flu hosp,2026-04-18,quantile,0.55,28
2026-04-11,39,1,wk inc flu hosp,2026-04-18,quantile,0.6,31
2026-04-11,39,1,wk inc flu hosp,2026-04-18,quantile,0.65,35
2026-04-11,39,1,wk inc flu hosp,2026-04-18,quantile,0.7,35
2026-04-11,39,1,wk inc flu hosp,2026-04-18,quantile,0.75,42
2026-04-11,39,1,wk inc flu hosp,2026-04-18,quantile,0.8,44
2026-04-11,39,1,wk inc flu hosp,2026-04-18,quantile,0.85,50
2026-04-11,39,1,wk inc flu hosp,2026-04-18,quantile,0.9,69
2026-04-11,39,1,wk inc flu hosp,2026-04-18,quantile,0.95,98
2026-04-11,39,1,wk inc flu hosp,2026-04-18,quantile,0.975,127
2026-04-11,39,1,wk inc flu hosp,2026-04-18,quantile,0.99,178
2026-04-11,39,2,wk inc flu hosp,2026-04-25,quantile,0.01,0
2026-04-11,39,2,wk inc flu hosp,2026-04-25,quantile,0.025,0
2026-04-11,39,2,wk inc flu hosp,2026-04-25,quantile,0.05,0
2026-04-11,39,2,wk inc flu hosp,2026-04-25,quantile,0.1,0
2026-04-11,39,2,wk inc flu hosp,2026-04-25,quantile,0.15,1
2026-04-11,39,2,wk inc flu hosp,2026-04-25,quantile,0.2,5
2026-04-11,39,2,wk inc flu hosp,2026-04-25,quantile,0.25,7
2026-04-11,39,2,wk inc flu hosp,2026-04-25,quantile,0.3,8
2026-04-11,39,2,wk inc flu hosp,2026-04-25,quantile,0.35,10
2026-04-11,39,2,wk inc flu hosp,2026-04-25,quantile,0.4,11
2026-04-11,39,2,wk inc flu hosp,2026-04-25,quantile,0.45,14
2026-04-11,39,2,wk inc flu hosp,2026-04-25,quantile,0.5,17
2026-04-11,39,2,wk inc flu hosp,2026-04-25,quantile,0.55,20
2026-04-11,39,2,wk inc flu hosp,2026-04-25,quantile,0.6,24
2026-04-11,39,2,wk inc flu hosp,2026-04-25,quantile,0.65,27
2026-04-11,39,2,wk inc flu hosp,2026-04-25,quantile,0.7,30
2026-04-11,39,2,wk inc flu hosp,2026-04-25,quantile,0.75,33
2026-04-11,39,2,wk inc flu hosp,2026-04-25,quantile,0.8,39
2026-04-11,39,2,wk inc flu hosp,2026-04-25,quantile,0.85,48
2026-04-11,39,2,wk inc flu hosp,2026-04-25,quantile,0.9,66
2026-04-11,39,2,wk inc flu hosp,2026-04-25,quantile,0.95,101
2026-04-11,39,2,wk inc flu hosp,2026-04-25,quantile,0.975,138
2026-04-11,39,2,wk inc flu hosp,2026-04-25,quantile,0.99,178
2026-04-11,39,3,wk inc flu hosp,2026-05-02,quantile,0.01,0
2026-04-11,39,3,wk inc flu hosp,2026-05-02,quantile,0.025,0
2026-04-11,39,3,wk inc flu hosp,2026-05-02,quantile,0.05,0
2026-04-11,39,3,wk inc flu hosp,2026-05-02,quantile,0.1,1
2026-04-11,39,3,wk inc flu hosp,2026-05-02,quantile,0.15,2
2026-04-11,39,3,wk inc flu hosp,2026-05-02,quantile,0.2,3
2026-04-11,39,3,wk inc flu hosp,2026-05-02,quantile,0.25,5
2026-04-11,39,3,wk inc flu hosp,2026-05-02,quantile,0.3,7
2026-04-11,39,3,wk inc flu hosp,2026-05-02,quantile,0.35,8
2026-04-11,39,3,wk inc flu hosp,2026-05-02,quantile,0.4,9
2026-04-11,39,3,wk inc flu hosp,2026-05-02,quantile,0.45,14
2026-04-11,39,3,wk inc flu hosp,2026-05-02,quantile,0.5,16
2026-04-11,39,3,wk inc flu hosp,2026-05-02,quantile,0.55,21
2026-04-11,39,3,wk inc flu hosp,2026-05-02,quantile,0.6,25
2026-04-11,39,3,wk inc flu hosp,2026-05-02,quantile,0.65,28
2026-04-11,39,3,wk inc flu hosp,2026-05-02,quantile,0.7,31
2026-04-11,39,3,wk inc flu hosp,2026-05-02,quantile,0.75,35
2026-04-11,39,3,wk inc flu hosp,2026-05-02,quantile,0.8,45
2026-04-11,39,3,wk inc flu hosp,2026-05-02,quantile,0.85,52
2026-04-11,39,3,wk inc flu hosp,2026-05-02,quantile,0.9,70
2026-04-11,39,3,wk inc flu hosp,2026-05-02,quantile,0.95,114
2026-04-11,39,3,wk inc flu hosp,2026-05-02,quantile,0.975,146
2026-04-11,39,3,wk inc flu hosp,2026-05-02,quantile,0.99,186
2026-04-11,40,0,wk inc flu hosp,2026-04-11,quantile,0.01,7
2026-04-11,40,0,wk inc flu hosp,2026-04-11,quantile,0.025,8
2026-04-11,40,0,wk inc flu hosp,2026-04-11,quantile,0.05,11
2026-04-11,40,0,wk inc flu hosp,2026-04-11,quantile,0.1,13
2026-04-11,40,0,wk inc flu hosp,2026-04-11,quantile,0.15,17
2026-04-11,40,0,wk inc flu hosp,2026-04-11,quantile,0.2,20
2026-04-11,40,0,wk inc flu hosp,2026-04-11,quantile,0.25,22
2026-04-11,40,0,wk inc flu hosp,2026-04-11,quantile,0.3,24
2026-04-11,40,0,wk inc flu hosp,2026-04-11,quantile,0.35,25
2026-04-11,40,0,wk inc flu hosp,2026-04-11,quantile,0.4,27
2026-04-11,40,0,wk inc flu hosp,2026-04-11,quantile,0.45,29
2026-04-11,40,0,wk inc flu hosp,2026-04-11,quantile,0.5,31
2026-04-11,40,0,wk inc flu hosp,2026-04-11,quantile,0.55,33
2026-04-11,40,0,wk inc flu hosp,2026-04-11,quantile,0.6,37
2026-04-11,40,0,wk inc flu hosp,2026-04-11,quantile,0.65,39
2026-04-11,40,0,wk inc flu hosp,2026-04-11,quantile,0.7,41
2026-04-11,40,0,wk inc flu hosp,2026-04-11,quantile,0.75,45
2026-04-11,40,0,wk inc flu hosp,2026-04-11,quantile,0.8,50
2026-04-11,40,0,wk inc flu hosp,2026-04-11,quantile,0.85,54
2026-04-11,40,0,wk inc flu hosp,2026-04-11,quantile,0.9,59
2026-04-11,40,0,wk inc flu hosp,2026-04-11,quantile,0.95,73
2026-04-11,40,0,wk inc flu hosp,2026-04-11,quantile,0.975,85
2026-04-11,40,0,wk inc flu hosp,2026-04-11,quantile,0.99,97
2026-04-11,40,1,wk inc flu hosp,2026-04-18,quantile,0.01,2
2026-04-11,40,1,wk inc flu hosp,2026-04-18,quantile,0.025,4
2026-04-11,40,1,wk inc flu hosp,2026-04-18,quantile,0.05,5
2026-04-11,40,1,wk inc flu hosp,2026-04-18,quantile,0.1,10
2026-04-11,40,1,wk inc flu hosp,2026-04-18,quantile,0.15,12
2026-04-11,40,1,wk inc flu hosp,2026-04-18,quantile,0.2,13
2026-04-11,40,1,wk inc flu hosp,2026-04-18,quantile,0.25,16
2026-04-11,40,1,wk inc flu hosp,2026-04-18,quantile,0.3,18
2026-04-11,40,1,wk inc flu hosp,2026-04-18,quantile,0.35,20
2026-04-11,40,1,wk inc flu hosp,2026-04-18,quantile,0.4,22
2026-04-11,40,1,wk inc flu hosp,2026-04-18,quantile,0.45,24
2026-04-11,40,1,wk inc flu hosp,2026-04-18,quantile,0.5,27
2026-04-11,40,1,wk inc flu hosp,2026-04-18,quantile,0.55,31
2026-04-11,40,1,wk inc flu hosp,2026-04-18,quantile,0.6,34
2026-04-11,40,1,wk inc flu hosp,2026-04-18,quantile,0.65,36
2026-04-11,40,1,wk inc flu hosp,2026-04-18,quantile,0.7,40
2026-04-11,40,1,wk inc flu hosp,2026-04-18,quantile,0.75,43
2026-04-11,40,1,wk inc flu hosp,2026-04-18,quantile,0.8,50
2026-04-11,40,1,wk inc flu hosp,2026-04-18,quantile,0.85,56
2026-04-11,40,1,wk inc flu hosp,2026-04-18,quantile,0.9,65
2026-04-11,40,1,wk inc flu hosp,2026-04-18,quantile,0.95,81
2026-04-11,40,1,wk inc flu hosp,2026-04-18,quantile,0.975,97
2026-04-11,40,1,wk inc flu hosp,2026-04-18,quantile,0.99,113
2026-04-11,40,2,wk inc flu hosp,2026-04-25,quantile,0.01,1
2026-04-11,40,2,wk inc flu hosp,2026-04-25,quantile,0.025,2
2026-04-11,40,2,wk inc flu hosp,2026-04-25,quantile,0.05,3
2026-04-11,40,2,wk inc flu hosp,2026-04-25,quantile,0.1,6
2026-04-11,40,2,wk inc flu hosp,2026-04-25,quantile,0.15,8
2026-04-11,40,2,wk inc flu hosp,2026-04-25,quantile,0.2,11
2026-04-11,40,2,wk inc flu hosp,2026-04-25,quantile,0.25,12
2026-04-11,40,2,wk inc flu hosp,2026-04-25,quantile,0.3,14
2026-04-11,40,2,wk inc flu hosp,2026-04-25,quantile,0.35,16
2026-04-11,40,2,wk inc flu hosp,2026-04-25,quantile,0.4,18
2026-04-11,40,2,wk inc flu hosp,2026-04-25,quantile,0.45,20
2026-04-11,40,2,wk inc flu hosp,2026-04-25,quantile,0.5,24
2026-04-11,40,2,wk inc flu hosp,2026-04-25,quantile,0.55,28
2026-04-11,40,2,wk inc flu hosp,2026-04-25,quantile,0.6,29
2026-04-11,40,2,wk inc flu hosp,2026-04-25,quantile,0.65,32
2026-04-11,40,2,wk inc flu hosp,2026-04-25,quantile,0.7,36
2026-04-11,40,2,wk inc flu hosp,2026-04-25,quantile,0.75,39
2026-04-11,40,2,wk inc flu hosp,2026-04-25,quantile,0.8,46
2026-04-11,40,2,wk inc flu hosp,2026-04-25,quantile,0.85,56
2026-04-11,40,2,wk inc flu hosp,2026-04-25,quantile,0.9,66
2026-04-11,40,2,wk inc flu hosp,2026-04-25,quantile,0.95,83
2026-04-11,40,2,wk inc flu hosp,2026-04-25,quantile,0.975,105
2026-04-11,40,2,wk inc flu hosp,2026-04-25,quantile,0.99,128
2026-04-11,40,3,wk inc flu hosp,2026-05-02,quantile,0.01,0
2026-04-11,40,3,wk inc flu hosp,2026-05-02,quantile,0.025,1
2026-04-11,40,3,wk inc flu hosp,2026-05-02,quantile,0.05,2
2026-04-11,40,3,wk inc flu hosp,2026-05-02,quantile,0.1,4
2026-04-11,40,3,wk inc flu hosp,2026-05-02,quantile,0.15,7
2026-04-11,40,3,wk inc flu hosp,2026-05-02,quantile,0.2,8
2026-04-11,40,3,wk inc flu hosp,2026-05-02,quantile,0.25,10
2026-04-11,40,3,wk inc flu hosp,2026-05-02,quantile,0.3,12
2026-04-11,40,3,wk inc flu hosp,2026-05-02,quantile,0.35,13
2026-04-11,40,3,wk inc flu hosp,2026-05-02,quantile,0.4,14
2026-04-11,40,3,wk inc flu hosp,2026-05-02,quantile,0.45,17
2026-04-11,40,3,wk inc flu hosp,2026-05-02,quantile,0.5,20
2026-04-11,40,3,wk inc flu hosp,2026-05-02,quantile,0.55,22
2026-04-11,40,3,wk inc flu hosp,2026-05-02,quantile,0.6,25
2026-04-11,40,3,wk inc flu hosp,2026-05-02,quantile,0.65,29
2026-04-11,40,3,wk inc flu hosp,2026-05-02,quantile,0.7,34
2026-04-11,40,3,wk inc flu hosp,2026-05-02,quantile,0.75,40
2026-04-11,40,3,wk inc flu hosp,2026-05-02,quantile,0.8,46
2026-04-11,40,3,wk inc flu hosp,2026-05-02,quantile,0.85,55
2026-04-11,40,3,wk inc flu hosp,2026-05-02,quantile,0.9,68
2026-04-11,40,3,wk inc flu hosp,2026-05-02,quantile,0.95,89
2026-04-11,40,3,wk inc flu hosp,2026-05-02,quantile,0.975,109
2026-04-11,40,3,wk inc flu hosp,2026-05-02,quantile,0.99,136
2026-04-11,41,0,wk inc flu hosp,2026-04-11,quantile,0.01,0
2026-04-11,41,0,wk inc flu hosp,2026-04-11,quantile,0.025,1
2026-04-11,41,0,wk inc flu hosp,2026-04-11,quantile,0.05,1
2026-04-11,41,0,wk inc flu hosp,2026-04-11,quantile,0.1,2
2026-04-11,41,0,wk inc flu hosp,2026-04-11,quantile,0.15,3
2026-04-11,41,0,wk inc flu hosp,2026-04-11,quantile,0.2,4
2026-04-11,41,0,wk inc flu hosp,2026-04-11,quantile,0.25,4
2026-04-11,41,0,wk inc flu hosp,2026-04-11,quantile,0.3,4
2026-04-11,41,0,wk inc flu hosp,2026-04-11,quantile,0.35,5
2026-04-11,41,0,wk inc flu hosp,2026-04-11,quantile,0.4,6
2026-04-11,41,0,wk inc flu hosp,2026-04-11,quantile,0.45,6
2026-04-11,41,0,wk inc flu hosp,2026-04-11,quantile,0.5,8
2026-04-11,41,0,wk inc flu hosp,2026-04-11,quantile,0.55,9
2026-04-11,41,0,wk inc flu hosp,2026-04-11,quantile,0.6,11
2026-04-11,41,0,wk inc flu hosp,2026-04-11,quantile,0.65,13
2026-04-11,41,0,wk inc flu hosp,2026-04-11,quantile,0.7,14
2026-04-11,41,0,wk inc flu hosp,2026-04-11,quantile,0.75,15
2026-04-11,41,0,wk inc flu hosp,2026-04-11,quantile,0.8,17
2026-04-11,41,0,wk inc flu hosp,2026-04-11,quantile,0.85,20
2026-04-11,41,0,wk inc flu hosp,2026-04-11,quantile,0.9,23
2026-04-11,41,0,wk inc flu hosp,2026-04-11,quantile,0.95,32
2026-04-11,41,0,wk inc flu hosp,2026-04-11,quantile,0.975,39
2026-04-11,41,0,wk inc flu hosp,2026-04-11,quantile,0.99,47
2026-04-11,41,1,wk inc flu hosp,2026-04-18,quantile,0.01,0
2026-04-11,41,1,wk inc flu hosp,2026-04-18,quantile,0.025,0
2026-04-11,41,1,wk inc flu hosp,2026-04-18,quantile,0.05,0
2026-04-11,41,1,wk inc flu hosp,2026-04-18,quantile,0.1,1
2026-04-11,41,1,wk inc flu hosp,2026-04-18,quantile,0.15,1
2026-04-11,41,1,wk inc flu hosp,2026-04-18,quantile,0.2,2
2026-04-11,41,1,wk inc flu hosp,2026-04-18,quantile,0.25,3
2026-04-11,41,1,wk inc flu hosp,2026-04-18,quantile,0.3,3
2026-04-11,41,1,wk inc flu hosp,2026-04-18,quantile,0.35,4
2026-04-11,41,1,wk inc flu hosp,2026-04-18,quantile,0.4,4
2026-04-11,41,1,wk inc flu hosp,2026-04-18,quantile,0.45,5
2026-04-11,41,1,wk inc flu hosp,2026-04-18,quantile,0.5,6
2026-04-11,41,1,wk inc flu hosp,2026-04-18,quantile,0.55,7
2026-04-11,41,1,wk inc flu hosp,2026-04-18,quantile,0.6,9
2026-04-11,41,1,wk inc flu hosp,2026-04-18,quantile,0.65,11
2026-04-11,41,1,wk inc flu hosp,2026-04-18,quantile,0.7,12
2026-04-11,41,1,wk inc flu hosp,2026-04-18,quantile,0.75,13
2026-04-11,41,1,wk inc flu hosp,2026-04-18,quantile,0.8,15
2026-04-11,41,1,wk inc flu hosp,2026-04-18,quantile,0.85,19
2026-04-11,41,1,wk inc flu hosp,2026-04-18,quantile,0.9,22
2026-04-11,41,1,wk inc flu hosp,2026-04-18,quantile,0.95,30
2026-04-11,41,1,wk inc flu hosp,2026-04-18,quantile,0.975,37
2026-04-11,41,1,wk inc flu hosp,2026-04-18,quantile,0.99,46
2026-04-11,41,2,wk inc flu hosp,2026-04-25,quantile,0.01,0
2026-04-11,41,2,wk inc flu hosp,2026-04-25,quantile,0.025,0
2026-04-11,41,2,wk inc flu hosp,2026-04-25,quantile,0.05,0
2026-04-11,41,2,wk inc flu hosp,2026-04-25,quantile,0.1,0
2026-04-11,41,2,wk inc flu hosp,2026-04-25,quantile,0.15,0
2026-04-11,41,2,wk inc flu hosp,2026-04-25,quantile,0.2,1
2026-04-11,41,2,wk inc flu hosp,2026-04-25,quantile,0.25,1
2026-04-11,41,2,wk inc flu hosp,2026-04-25,quantile,0.3,2
2026-04-11,41,2,wk inc flu hosp,2026-04-25,quantile,0.35,2
2026-04-11,41,2,wk inc flu hosp,2026-04-25,quantile,0.4,3
2026-04-11,41,2,wk inc flu hosp,2026-04-25,quantile,0.45,4
2026-04-11,41,2,wk inc flu hosp,2026-04-25,quantile,0.5,6
2026-04-11,41,2,wk inc flu hosp,2026-04-25,quantile,0.55,7
2026-04-11,41,2,wk inc flu hosp,2026-04-25,quantile,0.6,7
2026-04-11,41,2,wk inc flu hosp,2026-04-25,quantile,0.65,9
2026-04-11,41,2,wk inc flu hosp,2026-04-25,quantile,0.7,10
2026-04-11,41,2,wk inc flu hosp,2026-04-25,quantile,0.75,12
2026-04-11,41,2,wk inc flu hosp,2026-04-25,quantile,0.8,14
2026-04-11,41,2,wk inc flu hosp,2026-04-25,quantile,0.85,17
2026-04-11,41,2,wk inc flu hosp,2026-04-25,quantile,0.9,24
2026-04-11,41,2,wk inc flu hosp,2026-04-25,quantile,0.95,32
2026-04-11,41,2,wk inc flu hosp,2026-04-25,quantile,0.975,42
2026-04-11,41,2,wk inc flu hosp,2026-04-25,quantile,0.99,57
2026-04-11,41,3,wk inc flu hosp,2026-05-02,quantile,0.01,0
2026-04-11,41,3,wk inc flu hosp,2026-05-02,quantile,0.025,0
2026-04-11,41,3,wk inc flu hosp,2026-05-02,quantile,0.05,0
2026-04-11,41,3,wk inc flu hosp,2026-05-02,quantile,0.1,0
2026-04-11,41,3,wk inc flu hosp,2026-05-02,quantile,0.15,0
2026-04-11,41,3,wk inc flu hosp,2026-05-02,quantile,0.2,0
2026-04-11,41,3,wk inc flu hosp,2026-05-02,quantile,0.25,1
2026-04-11,41,3,wk inc flu hosp,2026-05-02,quantile,0.3,1
2026-04-11,41,3,wk inc flu hosp,2026-05-02,quantile,0.35,2
2026-04-11,41,3,wk inc flu hosp,2026-05-02,quantile,0.4,3
2026-04-11,41,3,wk inc flu hosp,2026-05-02,quantile,0.45,4
2026-04-11,41,3,wk inc flu hosp,2026-05-02,quantile,0.5,6
2026-04-11,41,3,wk inc flu hosp,2026-05-02,quantile,0.55,7
2026-04-11,41,3,wk inc flu hosp,2026-05-02,quantile,0.6,8
2026-04-11,41,3,wk inc flu hosp,2026-05-02,quantile,0.65,9
2026-04-11,41,3,wk inc flu hosp,2026-05-02,quantile,0.7,10
2026-04-11,41,3,wk inc flu hosp,2026-05-02,quantile,0.75,11
2026-04-11,41,3,wk inc flu hosp,2026-05-02,quantile,0.8,13
2026-04-11,41,3,wk inc flu hosp,2026-05-02,quantile,0.85,17
2026-04-11,41,3,wk inc flu hosp,2026-05-02,quantile,0.9,24
2026-04-11,41,3,wk inc flu hosp,2026-05-02,quantile,0.95,36
2026-04-11,41,3,wk inc flu hosp,2026-05-02,quantile,0.975,47
2026-04-11,41,3,wk inc flu hosp,2026-05-02,quantile,0.99,61
2026-04-11,42,0,wk inc flu hosp,2026-04-11,quantile,0.01,110
2026-04-11,42,0,wk inc flu hosp,2026-04-11,quantile,0.025,128
2026-04-11,42,0,wk inc flu hosp,2026-04-11,quantile,0.05,154
2026-04-11,42,0,wk inc flu hosp,2026-04-11,quantile,0.1,175
2026-04-11,42,0,wk inc flu hosp,2026-04-11,quantile,0.15,192
2026-04-11,42,0,wk inc flu hosp,2026-04-11,quantile,0.2,209
2026-04-11,42,0,wk inc flu hosp,2026-04-11,quantile,0.25,225
2026-04-11,42,0,wk inc flu hosp,2026-04-11,quantile,0.3,243
2026-04-11,42,0,wk inc flu hosp,2026-04-11,quantile,0.35,255
2026-04-11,42,0,wk inc flu hosp,2026-04-11,quantile,0.4,268
2026-04-11,42,0,wk inc flu hosp,2026-04-11,quantile,0.45,280
2026-04-11,42,0,wk inc flu hosp,2026-04-11,quantile,0.5,288
2026-04-11,42,0,wk inc flu hosp,2026-04-11,quantile,0.55,299
2026-04-11,42,0,wk inc flu hosp,2026-04-11,quantile,0.6,320
2026-04-11,42,0,wk inc flu hosp,2026-04-11,quantile,0.65,334
2026-04-11,42,0,wk inc flu hosp,2026-04-11,quantile,0.7,345
2026-04-11,42,0,wk inc flu hosp,2026-04-11,quantile,0.75,364
2026-04-11,42,0,wk inc flu hosp,2026-04-11,quantile,0.8,394
2026-04-11,42,0,wk inc flu hosp,2026-04-11,quantile,0.85,422
2026-04-11,42,0,wk inc flu hosp,2026-04-11,quantile,0.9,456
2026-04-11,42,0,wk inc flu hosp,2026-04-11,quantile,0.95,508
2026-04-11,42,0,wk inc flu hosp,2026-04-11,quantile,0.975,570
2026-04-11,42,0,wk inc flu hosp,2026-04-11,quantile,0.99,641
2026-04-11,42,1,wk inc flu hosp,2026-04-18,quantile,0.01,61
2026-04-11,42,1,wk inc flu hosp,2026-04-18,quantile,0.025,74
2026-04-11,42,1,wk inc flu hosp,2026-04-18,quantile,0.05,96
2026-04-11,42,1,wk inc flu hosp,2026-04-18,quantile,0.1,119
2026-04-11,42,1,wk inc flu hosp,2026-04-18,quantile,0.15,139
2026-04-11,42,1,wk inc flu hosp,2026-04-18,quantile,0.2,155
2026-04-11,42,1,wk inc flu hosp,2026-04-18,quantile,0.25,169
2026-04-11,42,1,wk inc flu hosp,2026-04-18,quantile,0.3,187
2026-04-11,42,1,wk inc flu hosp,2026-04-18,quantile,0.35,203
2026-04-11,42,1,wk inc flu hosp,2026-04-18,quantile,0.4,217
2026-04-11,42,1,wk inc flu hosp,2026-04-18,quantile,0.45,228
2026-04-11,42,1,wk inc flu hosp,2026-04-18,quantile,0.5,238
2026-04-11,42,1,wk inc flu hosp,2026-04-18,quantile,0.55,252
2026-04-11,42,1,wk inc flu hosp,2026-04-18,quantile,0.6,269
2026-04-11,42,1,wk inc flu hosp,2026-04-18,quantile,0.65,289
2026-04-11,42,1,wk inc flu hosp,2026-04-18,quantile,0.7,308
2026-04-11,42,1,wk inc flu hosp,2026-04-18,quantile,0.75,331
2026-04-11,42,1,wk inc flu hosp,2026-04-18,quantile,0.8,358
2026-04-11,42,1,wk inc flu hosp,2026-04-18,quantile,0.85,387
2026-04-11,42,1,wk inc flu hosp,2026-04-18,quantile,0.9,426
2026-04-11,42,1,wk inc flu hosp,2026-04-18,quantile,0.95,489
2026-04-11,42,1,wk inc flu hosp,2026-04-18,quantile,0.975,554
2026-04-11,42,1,wk inc flu hosp,2026-04-18,quantile,0.99,636
2026-04-11,42,2,wk inc flu hosp,2026-04-25,quantile,0.01,40
2026-04-11,42,2,wk inc flu hosp,2026-04-25,quantile,0.025,45
2026-04-11,42,2,wk inc flu hosp,2026-04-25,quantile,0.05,59
2026-04-11,42,2,wk inc flu hosp,2026-04-25,quantile,0.1,82
2026-04-11,42,2,wk inc flu hosp,2026-04-25,quantile,0.15,102
2026-04-11,42,2,wk inc flu hosp,2026-04-25,quantile,0.2,117
2026-04-11,42,2,wk inc flu hosp,2026-04-25,quantile,0.25,131
2026-04-11,42,2,wk inc flu hosp,2026-04-25,quantile,0.3,146
2026-04-11,42,2,wk inc flu hosp,2026-04-25,quantile,0.35,159
2026-04-11,42,2,wk inc flu hosp,2026-04-25,quantile,0.4,169
2026-04-11,42,2,wk inc flu hosp,2026-04-25,quantile,0.45,181
2026-04-11,42,2,wk inc flu hosp,2026-04-25,quantile,0.5,195
2026-04-11,42,2,wk inc flu hosp,2026-04-25,quantile,0.55,204
2026-04-11,42,2,wk inc flu hosp,2026-04-25,quantile,0.6,219
2026-04-11,42,2,wk inc flu hosp,2026-04-25,quantile,0.65,242
2026-04-11,42,2,wk inc flu hosp,2026-04-25,quantile,0.7,264
2026-04-11,42,2,wk inc flu hosp,2026-04-25,quantile,0.75,286
2026-04-11,42,2,wk inc flu hosp,2026-04-25,quantile,0.8,312
2026-04-11,42,2,wk inc flu hosp,2026-04-25,quantile,0.85,344
2026-04-11,42,2,wk inc flu hosp,2026-04-25,quantile,0.9,387
2026-04-11,42,2,wk inc flu hosp,2026-04-25,quantile,0.95,468
2026-04-11,42,2,wk inc flu hosp,2026-04-25,quantile,0.975,542
2026-04-11,42,2,wk inc flu hosp,2026-04-25,quantile,0.99,630
2026-04-11,42,3,wk inc flu hosp,2026-05-02,quantile,0.01,32
2026-04-11,42,3,wk inc flu hosp,2026-05-02,quantile,0.025,39
2026-04-11,42,3,wk inc flu hosp,2026-05-02,quantile,0.05,48
2026-04-11,42,3,wk inc flu hosp,2026-05-02,quantile,0.1,68
2026-04-11,42,3,wk inc flu hosp,2026-05-02,quantile,0.15,83
2026-04-11,42,3,wk inc flu hosp,2026-05-02,quantile,0.2,99
2026-04-11,42,3,wk inc flu hosp,2026-05-02,quantile,0.25,114
2026-04-11,42,3,wk inc flu hosp,2026-05-02,quantile,0.3,124
2026-04-11,42,3,wk inc flu hosp,2026-05-02,quantile,0.35,134
2026-04-11,42,3,wk inc flu hosp,2026-05-02,quantile,0.4,142
2026-04-11,42,3,wk inc flu hosp,2026-05-02,quantile,0.45,154
2026-04-11,42,3,wk inc flu hosp,2026-05-02,quantile,0.5,164
2026-04-11,42,3,wk inc flu hosp,2026-05-02,quantile,0.55,178
2026-04-11,42,3,wk inc flu hosp,2026-05-02,quantile,0.6,195
2026-04-11,42,3,wk inc flu hosp,2026-05-02,quantile,0.65,214
2026-04-11,42,3,wk inc flu hosp,2026-05-02,quantile,0.7,231
2026-04-11,42,3,wk inc flu hosp,2026-05-02,quantile,0.75,257
2026-04-11,42,3,wk inc flu hosp,2026-05-02,quantile,0.8,291
2026-04-11,42,3,wk inc flu hosp,2026-05-02,quantile,0.85,321
2026-04-11,42,3,wk inc flu hosp,2026-05-02,quantile,0.9,365
2026-04-11,42,3,wk inc flu hosp,2026-05-02,quantile,0.95,433
2026-04-11,42,3,wk inc flu hosp,2026-05-02,quantile,0.975,514
2026-04-11,42,3,wk inc flu hosp,2026-05-02,quantile,0.99,613
2026-04-11,44,0,wk inc flu hosp,2026-04-11,quantile,0.01,1
2026-04-11,44,0,wk inc flu hosp,2026-04-11,quantile,0.025,2
2026-04-11,44,0,wk inc flu hosp,2026-04-11,quantile,0.05,3
2026-04-11,44,0,wk inc flu hosp,2026-04-11,quantile,0.1,4
2026-04-11,44,0,wk inc flu hosp,2026-04-11,quantile,0.15,4
2026-04-11,44,0,wk inc flu hosp,2026-04-11,quantile,0.2,5
2026-04-11,44,0,wk inc flu hosp,2026-04-11,quantile,0.25,6
2026-04-11,44,0,wk inc flu hosp,2026-04-11,quantile,0.3,7
2026-04-11,44,0,wk inc flu hosp,2026-04-11,quantile,0.35,8
2026-04-11,44,0,wk inc flu hosp,2026-04-11,quantile,0.4,9
2026-04-11,44,0,wk inc flu hosp,2026-04-11,quantile,0.45,9
2026-04-11,44,0,wk inc flu hosp,2026-04-11,quantile,0.5,11
2026-04-11,44,0,wk inc flu hosp,2026-04-11,quantile,0.55,12
2026-04-11,44,0,wk inc flu hosp,2026-04-11,quantile,0.6,12
2026-04-11,44,0,wk inc flu hosp,2026-04-11,quantile,0.65,13
2026-04-11,44,0,wk inc flu hosp,2026-04-11,quantile,0.7,15
2026-04-11,44,0,wk inc flu hosp,2026-04-11,quantile,0.75,16
2026-04-11,44,0,wk inc flu hosp,2026-04-11,quantile,0.8,17
2026-04-11,44,0,wk inc flu hosp,2026-04-11,quantile,0.85,18
2026-04-11,44,0,wk inc flu hosp,2026-04-11,quantile,0.9,20
2026-04-11,44,0,wk inc flu hosp,2026-04-11,quantile,0.95,23
2026-04-11,44,0,wk inc flu hosp,2026-04-11,quantile,0.975,28
2026-04-11,44,0,wk inc flu hosp,2026-04-11,quantile,0.99,30
2026-04-11,44,1,wk inc flu hosp,2026-04-18,quantile,0.01,1
2026-04-11,44,1,wk inc flu hosp,2026-04-18,quantile,0.025,1
2026-04-11,44,1,wk inc flu hosp,2026-04-18,quantile,0.05,2
2026-04-11,44,1,wk inc flu hosp,2026-04-18,quantile,0.1,2
2026-04-11,44,1,wk inc flu hosp,2026-04-18,quantile,0.15,3
2026-04-11,44,1,wk inc flu hosp,2026-04-18,quantile,0.2,4
2026-04-11,44,1,wk inc flu hosp,2026-04-18,quantile,0.25,4
2026-04-11,44,1,wk inc flu hosp,2026-04-18,quantile,0.3,5
2026-04-11,44,1,wk inc flu hosp,2026-04-18,quantile,0.35,6
2026-04-11,44,1,wk inc flu hosp,2026-04-18,quantile,0.4,7
2026-04-11,44,1,wk inc flu hosp,2026-04-18,quantile,0.45,8
2026-04-11,44,1,wk inc flu hosp,2026-04-18,quantile,0.5,10
2026-04-11,44,1,wk inc flu hosp,2026-04-18,quantile,0.55,10
2026-04-11,44,1,wk inc flu hosp,2026-04-18,quantile,0.6,11
2026-04-11,44,1,wk inc flu hosp,2026-04-18,quantile,0.65,12
2026-04-11,44,1,wk inc flu hosp,2026-04-18,quantile,0.7,13
2026-04-11,44,1,wk inc flu hosp,2026-04-18,quantile,0.75,14
2026-04-11,44,1,wk inc flu hosp,2026-04-18,quantile,0.8,16
2026-04-11,44,1,wk inc flu hosp,2026-04-18,quantile,0.85,17
2026-04-11,44,1,wk inc flu hosp,2026-04-18,quantile,0.9,19
2026-04-11,44,1,wk inc flu hosp,2026-04-18,quantile,0.95,25
2026-04-11,44,1,wk inc flu hosp,2026-04-18,quantile,0.975,28
2026-04-11,44,1,wk inc flu hosp,2026-04-18,quantile,0.99,34
2026-04-11,44,2,wk inc flu hosp,2026-04-25,quantile,0.01,0
2026-04-11,44,2,wk inc flu hosp,2026-04-25,quantile,0.025,0
2026-04-11,44,2,wk inc flu hosp,2026-04-25,quantile,0.05,1
2026-04-11,44,2,wk inc flu hosp,2026-04-25,quantile,0.1,2
2026-04-11,44,2,wk inc flu hosp,2026-04-25,quantile,0.15,2
2026-04-11,44,2,wk inc flu hosp,2026-04-25,quantile,0.2,3
2026-04-11,44,2,wk inc flu hosp,2026-04-25,quantile,0.25,3
2026-04-11,44,2,wk inc flu hosp,2026-04-25,quantile,0.3,4
2026-04-11,44,2,wk inc flu hosp,2026-04-25,quantile,0.35,4
2026-04-11,44,2,wk inc flu hosp,2026-04-25,quantile,0.4,6
2026-04-11,44,2,wk inc flu hosp,2026-04-25,quantile,0.45,7
2026-04-11,44,2,wk inc flu hosp,2026-04-25,quantile,0.5,8
2026-04-11,44,2,wk inc flu hosp,2026-04-25,quantile,0.55,9
2026-04-11,44,2,wk inc flu hosp,2026-04-25,quantile,0.6,10
2026-04-11,44,2,wk inc flu hosp,2026-04-25,quantile,0.65,11
2026-04-11,44,2,wk inc flu hosp,2026-04-25,quantile,0.7,12
2026-04-11,44,2,wk inc flu hosp,2026-04-25,quantile,0.75,13
2026-04-11,44,2,wk inc flu hosp,2026-04-25,quantile,0.8,14
2026-04-11,44,2,wk inc flu hosp,2026-04-25,quantile,0.85,16
2026-04-11,44,2,wk inc flu hosp,2026-04-25,quantile,0.9,20
2026-04-11,44,2,wk inc flu hosp,2026-04-25,quantile,0.95,26
2026-04-11,44,2,wk inc flu hosp,2026-04-25,quantile,0.975,29
2026-04-11,44,2,wk inc flu hosp,2026-04-25,quantile,0.99,34
2026-04-11,44,3,wk inc flu hosp,2026-05-02,quantile,0.01,0
2026-04-11,44,3,wk inc flu hosp,2026-05-02,quantile,0.025,0
2026-04-11,44,3,wk inc flu hosp,2026-05-02,quantile,0.05,0
2026-04-11,44,3,wk inc flu hosp,2026-05-02,quantile,0.1,0
2026-04-11,44,3,wk inc flu hosp,2026-05-02,quantile,0.15,1
2026-04-11,44,3,wk inc flu hosp,2026-05-02,quantile,0.2,2
2026-04-11,44,3,wk inc flu hosp,2026-05-02,quantile,0.25,2
2026-04-11,44,3,wk inc flu hosp,2026-05-02,quantile,0.3,3
2026-04-11,44,3,wk inc flu hosp,2026-05-02,quantile,0.35,3
2026-04-11,44,3,wk inc flu hosp,2026-05-02,quantile,0.4,5
2026-04-11,44,3,wk inc flu hosp,2026-05-02,quantile,0.45,6
2026-04-11,44,3,wk inc flu hosp,2026-05-02,quantile,0.5,7
2026-04-11,44,3,wk inc flu hosp,2026-05-02,quantile,0.55,8
2026-04-11,44,3,wk inc flu hosp,2026-05-02,quantile,0.6,9
2026-04-11,44,3,wk inc flu hosp,2026-05-02,quantile,0.65,10
2026-04-11,44,3,wk inc flu hosp,2026-05-02,quantile,0.7,11
2026-04-11,44,3,wk inc flu hosp,2026-05-02,quantile,0.75,12
2026-04-11,44,3,wk inc flu hosp,2026-05-02,quantile,0.8,13
2026-04-11,44,3,wk inc flu hosp,2026-05-02,quantile,0.85,15
2026-04-11,44,3,wk inc flu hosp,2026-05-02,quantile,0.9,18
2026-04-11,44,3,wk inc flu hosp,2026-05-02,quantile,0.95,23
2026-04-11,44,3,wk inc flu hosp,2026-05-02,quantile,0.975,30
2026-04-11,44,3,wk inc flu hosp,2026-05-02,quantile,0.99,38
2026-04-11,45,0,wk inc flu hosp,2026-04-11,quantile,0.01,0
2026-04-11,45,0,wk inc flu hosp,2026-04-11,quantile,0.025,1
2026-04-11,45,0,wk inc flu hosp,2026-04-11,quantile,0.05,2
2026-04-11,45,0,wk inc flu hosp,2026-04-11,quantile,0.1,3
2026-04-11,45,0,wk inc flu hosp,2026-04-11,quantile,0.15,5
2026-04-11,45,0,wk inc flu hosp,2026-04-11,quantile,0.2,6
2026-04-11,45,0,wk inc flu hosp,2026-04-11,quantile,0.25,7
2026-04-11,45,0,wk inc flu hosp,2026-04-11,quantile,0.3,8
2026-04-11,45,0,wk inc flu hosp,2026-04-11,quantile,0.35,9
2026-04-11,45,0,wk inc flu hosp,2026-04-11,quantile,0.4,10
2026-04-11,45,0,wk inc flu hosp,2026-04-11,quantile,0.45,11
2026-04-11,45,0,wk inc flu hosp,2026-04-11,quantile,0.5,12
2026-04-11,45,0,wk inc flu hosp,2026-04-11,quantile,0.55,14
2026-04-11,45,0,wk inc flu hosp,2026-04-11,quantile,0.6,15
2026-04-11,45,0,wk inc flu hosp,2026-04-11,quantile,0.65,17
2026-04-11,45,0,wk inc flu hosp,2026-04-11,quantile,0.7,18
2026-04-11,45,0,wk inc flu hosp,2026-04-11,quantile,0.75,20
2026-04-11,45,0,wk inc flu hosp,2026-04-11,quantile,0.8,22
2026-04-11,45,0,wk inc flu hosp,2026-04-11,quantile,0.85,26
2026-04-11,45,0,wk inc flu hosp,2026-04-11,quantile,0.9,31
2026-04-11,45,0,wk inc flu hosp,2026-04-11,quantile,0.95,38
2026-04-11,45,0,wk inc flu hosp,2026-04-11,quantile,0.975,47
2026-04-11,45,0,wk inc flu hosp,2026-04-11,quantile,0.99,58
2026-04-11,45,1,wk inc flu hosp,2026-04-18,quantile,0.01,0
2026-04-11,45,1,wk inc flu hosp,2026-04-18,quantile,0.025,0
2026-04-11,45,1,wk inc flu hosp,2026-04-18,quantile,0.05,1
2026-04-11,45,1,wk inc flu hosp,2026-04-18,quantile,0.1,2
2026-04-11,45,1,wk inc flu hosp,2026-04-18,quantile,0.15,3
2026-04-11,45,1,wk inc flu hosp,2026-04-18,quantile,0.2,4
2026-04-11,45,1,wk inc flu hosp,2026-04-18,quantile,0.25,5
2026-04-11,45,1,wk inc flu hosp,2026-04-18,quantile,0.3,6
2026-04-11,45,1,wk inc flu hosp,2026-04-18,quantile,0.35,7
2026-04-11,45,1,wk inc flu hosp,2026-04-18,quantile,0.4,8
2026-04-11,45,1,wk inc flu hosp,2026-04-18,quantile,0.45,9
2026-04-11,45,1,wk inc flu hosp,2026-04-18,quantile,0.5,11
2026-04-11,45,1,wk inc flu hosp,2026-04-18,quantile,0.55,12
2026-04-11,45,1,wk inc flu hosp,2026-04-18,quantile,0.6,13
2026-04-11,45,1,wk inc flu hosp,2026-04-18,quantile,0.65,15
2026-04-11,45,1,wk inc flu hosp,2026-04-18,quantile,0.7,17
2026-04-11,45,1,wk inc flu hosp,2026-04-18,quantile,0.75,18
2026-04-11,45,1,wk inc flu hosp,2026-04-18,quantile,0.8,21
2026-04-11,45,1,wk inc flu hosp,2026-04-18,quantile,0.85,26
2026-04-11,45,1,wk inc flu hosp,2026-04-18,quantile,0.9,36
2026-04-11,45,1,wk inc flu hosp,2026-04-18,quantile,0.95,46
2026-04-11,45,1,wk inc flu hosp,2026-04-18,quantile,0.975,58
2026-04-11,45,1,wk inc flu hosp,2026-04-18,quantile,0.99,73
2026-04-11,45,2,wk inc flu hosp,2026-04-25,quantile,0.01,0
2026-04-11,45,2,wk inc flu hosp,2026-04-25,quantile,0.025,0
2026-04-11,45,2,wk inc flu hosp,2026-04-25,quantile,0.05,0
2026-04-11,45,2,wk inc flu hosp,2026-04-25,quantile,0.1,1
2026-04-11,45,2,wk inc flu hosp,2026-04-25,quantile,0.15,1
2026-04-11,45,2,wk inc flu hosp,2026-04-25,quantile,0.2,3
2026-04-11,45,2,wk inc flu hosp,2026-04-25,quantile,0.25,4
2026-04-11,45,2,wk inc flu hosp,2026-04-25,quantile,0.3,5
2026-04-11,45,2,wk inc flu hosp,2026-04-25,quantile,0.35,6
2026-04-11,45,2,wk inc flu hosp,2026-04-25,quantile,0.4,7
2026-04-11,45,2,wk inc flu hosp,2026-04-25,quantile,0.45,8
2026-04-11,45,2,wk inc flu hosp,2026-04-25,quantile,0.5,10
2026-04-11,45,2,wk inc flu hosp,2026-04-25,quantile,0.55,11
2026-04-11,45,2,wk inc flu hosp,2026-04-25,quantile,0.6,13
2026-04-11,45,2,wk inc flu hosp,2026-04-25,quantile,0.65,14
2026-04-11,45,2,wk inc flu hosp,2026-04-25,quantile,0.7,16
2026-04-11,45,2,wk inc flu hosp,2026-04-25,quantile,0.75,17
2026-04-11,45,2,wk inc flu hosp,2026-04-25,quantile,0.8,21
2026-04-11,45,2,wk inc flu hosp,2026-04-25,quantile,0.85,24
2026-04-11,45,2,wk inc flu hosp,2026-04-25,quantile,0.9,33
2026-04-11,45,2,wk inc flu hosp,2026-04-25,quantile,0.95,47
2026-04-11,45,2,wk inc flu hosp,2026-04-25,quantile,0.975,55
2026-04-11,45,2,wk inc flu hosp,2026-04-25,quantile,0.99,66
2026-04-11,45,3,wk inc flu hosp,2026-05-02,quantile,0.01,0
2026-04-11,45,3,wk inc flu hosp,2026-05-02,quantile,0.025,0
2026-04-11,45,3,wk inc flu hosp,2026-05-02,quantile,0.05,0
2026-04-11,45,3,wk inc flu hosp,2026-05-02,quantile,0.1,0
2026-04-11,45,3,wk inc flu hosp,2026-05-02,quantile,0.15,2
2026-04-11,45,3,wk inc flu hosp,2026-05-02,quantile,0.2,2
2026-04-11,45,3,wk inc flu hosp,2026-05-02,quantile,0.25,3
2026-04-11,45,3,wk inc flu hosp,2026-05-02,quantile,0.3,4
2026-04-11,45,3,wk inc flu hosp,2026-05-02,quantile,0.35,4
2026-04-11,45,3,wk inc flu hosp,2026-05-02,quantile,0.4,5
2026-04-11,45,3,wk inc flu hosp,2026-05-02,quantile,0.45,7
2026-04-11,45,3,wk inc flu hosp,2026-05-02,quantile,0.5,8
2026-04-11,45,3,wk inc flu hosp,2026-05-02,quantile,0.55,10
2026-04-11,45,3,wk inc flu hosp,2026-05-02,quantile,0.6,11
2026-04-11,45,3,wk inc flu hosp,2026-05-02,quantile,0.65,13
2026-04-11,45,3,wk inc flu hosp,2026-05-02,quantile,0.7,14
2026-04-11,45,3,wk inc flu hosp,2026-05-02,quantile,0.75,17
2026-04-11,45,3,wk inc flu hosp,2026-05-02,quantile,0.8,19
2026-04-11,45,3,wk inc flu hosp,2026-05-02,quantile,0.85,24
2026-04-11,45,3,wk inc flu hosp,2026-05-02,quantile,0.9,33
2026-04-11,45,3,wk inc flu hosp,2026-05-02,quantile,0.95,43
2026-04-11,45,3,wk inc flu hosp,2026-05-02,quantile,0.975,51
2026-04-11,45,3,wk inc flu hosp,2026-05-02,quantile,0.99,67
2026-04-11,46,0,wk inc flu hosp,2026-04-11,quantile,0.01,1
2026-04-11,46,0,wk inc flu hosp,2026-04-11,quantile,0.025,2
2026-04-11,46,0,wk inc flu hosp,2026-04-11,quantile,0.05,2
2026-04-11,46,0,wk inc flu hosp,2026-04-11,quantile,0.1,3
2026-04-11,46,0,wk inc flu hosp,2026-04-11,quantile,0.15,4
2026-04-11,46,0,wk inc flu hosp,2026-04-11,quantile,0.2,4
2026-04-11,46,0,wk inc flu hosp,2026-04-11,quantile,0.25,5
2026-04-11,46,0,wk inc flu hosp,2026-04-11,quantile,0.3,5
2026-04-11,46,0,wk inc flu hosp,2026-04-11,quantile,0.35,6
2026-04-11,46,0,wk inc flu hosp,2026-04-11,quantile,0.4,6
2026-04-11,46,0,wk inc flu hosp,2026-04-11,quantile,0.45,7
2026-04-11,46,0,wk inc flu hosp,2026-04-11,quantile,0.5,8
2026-04-11,46,0,wk inc flu hosp,2026-04-11,quantile,0.55,9
2026-04-11,46,0,wk inc flu hosp,2026-04-11,quantile,0.6,9
2026-04-11,46,0,wk inc flu hosp,2026-04-11,quantile,0.65,10
2026-04-11,46,0,wk inc flu hosp,2026-04-11,quantile,0.7,11
2026-04-11,46,0,wk inc flu hosp,2026-04-11,quantile,0.75,12
2026-04-11,46,0,wk inc flu hosp,2026-04-11,quantile,0.8,13
2026-04-11,46,0,wk inc flu hosp,2026-04-11,quantile,0.85,15
2026-04-11,46,0,wk inc flu hosp,2026-04-11,quantile,0.9,16
2026-04-11,46,0,wk inc flu hosp,2026-04-11,quantile,0.95,19
2026-04-11,46,0,wk inc flu hosp,2026-04-11,quantile,0.975,21
2026-04-11,46,0,wk inc flu hosp,2026-04-11,quantile,0.99,26
2026-04-11,46,1,wk inc flu hosp,2026-04-18,quantile,0.01,0
2026-04-11,46,1,wk inc flu hosp,2026-04-18,quantile,0.025,1
2026-04-11,46,1,wk inc flu hosp,2026-04-18,quantile,0.05,1
2026-04-11,46,1,wk inc flu hosp,2026-04-18,quantile,0.1,1
2026-04-11,46,1,wk inc flu hosp,2026-04-18,quantile,0.15,2
2026-04-11,46,1,wk inc flu hosp,2026-04-18,quantile,0.2,3
2026-04-11,46,1,wk inc flu hosp,2026-04-18,quantile,0.25,3
2026-04-11,46,1,wk inc flu hosp,2026-04-18,quantile,0.3,4
2026-04-11,46,1,wk inc flu hosp,2026-04-18,quantile,0.35,4
2026-04-11,46,1,wk inc flu hosp,2026-04-18,quantile,0.4,5
2026-04-11,46,1,wk inc flu hosp,2026-04-18,quantile,0.45,6
2026-04-11,46,1,wk inc flu hosp,2026-04-18,quantile,0.5,7
2026-04-11,46,1,wk inc flu hosp,2026-04-18,quantile,0.55,7
2026-04-11,46,1,wk inc flu hosp,2026-04-18,quantile,0.6,8
2026-04-11,46,1,wk inc flu hosp,2026-04-18,quantile,0.65,9
2026-04-11,46,1,wk inc flu hosp,2026-04-18,quantile,0.7,9
2026-04-11,46,1,wk inc flu hosp,2026-04-18,quantile,0.75,10
2026-04-11,46,1,wk inc flu hosp,2026-04-18,quantile,0.8,12
2026-04-11,46,1,wk inc flu hosp,2026-04-18,quantile,0.85,13
2026-04-11,46,1,wk inc flu hosp,2026-04-18,quantile,0.9,15
2026-04-11,46,1,wk inc flu hosp,2026-04-18,quantile,0.95,19
2026-04-11,46,1,wk inc flu hosp,2026-04-18,quantile,0.975,22
2026-04-11,46,1,wk inc flu hosp,2026-04-18,quantile,0.99,26
2026-04-11,46,2,wk inc flu hosp,2026-04-25,quantile,0.01,0
2026-04-11,46,2,wk inc flu hosp,2026-04-25,quantile,0.025,0
2026-04-11,46,2,wk inc flu hosp,2026-04-25,quantile,0.05,0
2026-04-11,46,2,wk inc flu hosp,2026-04-25,quantile,0.1,1
2026-04-11,46,2,wk inc flu hosp,2026-04-25,quantile,0.15,1
2026-04-11,46,2,wk inc flu hosp,2026-04-25,quantile,0.2,1
2026-04-11,46,2,wk inc flu hosp,2026-04-25,quantile,0.25,2
2026-04-11,46,2,wk inc flu hosp,2026-04-25,quantile,0.3,2
2026-04-11,46,2,wk inc flu hosp,2026-04-25,quantile,0.35,3
2026-04-11,46,2,wk inc flu hosp,2026-04-25,quantile,0.4,3
2026-04-11,46,2,wk inc flu hosp,2026-04-25,quantile,0.45,4
2026-04-11,46,2,wk inc flu hosp,2026-04-25,quantile,0.5,5
2026-04-11,46,2,wk inc flu hosp,2026-04-25,quantile,0.55,6
2026-04-11,46,2,wk inc flu hosp,2026-04-25,quantile,0.6,7
2026-04-11,46,2,wk inc flu hosp,2026-04-25,quantile,0.65,7
2026-04-11,46,2,wk inc flu hosp,2026-04-25,quantile,0.7,8
2026-04-11,46,2,wk inc flu hosp,2026-04-25,quantile,0.75,9
2026-04-11,46,2,wk inc flu hosp,2026-04-25,quantile,0.8,10
2026-04-11,46,2,wk inc flu hosp,2026-04-25,quantile,0.85,12
2026-04-11,46,2,wk inc flu hosp,2026-04-25,quantile,0.9,14
2026-04-11,46,2,wk inc flu hosp,2026-04-25,quantile,0.95,19
2026-04-11,46,2,wk inc flu hosp,2026-04-25,quantile,0.975,22
2026-04-11,46,2,wk inc flu hosp,2026-04-25,quantile,0.99,27
2026-04-11,46,3,wk inc flu hosp,2026-05-02,quantile,0.01,0
2026-04-11,46,3,wk inc flu hosp,2026-05-02,quantile,0.025,0
2026-04-11,46,3,wk inc flu hosp,2026-05-02,quantile,0.05,0
2026-04-11,46,3,wk inc flu hosp,2026-05-02,quantile,0.1,0
2026-04-11,46,3,wk inc flu hosp,2026-05-02,quantile,0.15,1
2026-04-11,46,3,wk inc flu hosp,2026-05-02,quantile,0.2,1
2026-04-11,46,3,wk inc flu hosp,2026-05-02,quantile,0.25,1
2026-04-11,46,3,wk inc flu hosp,2026-05-02,quantile,0.3,2
2026-04-11,46,3,wk inc flu hosp,2026-05-02,quantile,0.35,2
2026-04-11,46,3,wk inc flu hosp,2026-05-02,quantile,0.4,2
2026-04-11,46,3,wk inc flu hosp,2026-05-02,quantile,0.45,3
2026-04-11,46,3,wk inc flu hosp,2026-05-02,quantile,0.5,4
2026-04-11,46,3,wk inc flu hosp,2026-05-02,quantile,0.55,5
2026-04-11,46,3,wk inc flu hosp,2026-05-02,quantile,0.6,6
2026-04-11,46,3,wk inc flu hosp,2026-05-02,quantile,0.65,7
2026-04-11,46,3,wk inc flu hosp,2026-05-02,quantile,0.7,8
2026-04-11,46,3,wk inc flu hosp,2026-05-02,quantile,0.75,8
2026-04-11,46,3,wk inc flu hosp,2026-05-02,quantile,0.8,10
2026-04-11,46,3,wk inc flu hosp,2026-05-02,quantile,0.85,11
2026-04-11,46,3,wk inc flu hosp,2026-05-02,quantile,0.9,14
2026-04-11,46,3,wk inc flu hosp,2026-05-02,quantile,0.95,17
2026-04-11,46,3,wk inc flu hosp,2026-05-02,quantile,0.975,22
2026-04-11,46,3,wk inc flu hosp,2026-05-02,quantile,0.99,28
2026-04-11,47,0,wk inc flu hosp,2026-04-11,quantile,0.01,16
2026-04-11,47,0,wk inc flu hosp,2026-04-11,quantile,0.025,18
2026-04-11,47,0,wk inc flu hosp,2026-04-11,quantile,0.05,22
2026-04-11,47,0,wk inc flu hosp,2026-04-11,quantile,0.1,29
2026-04-11,47,0,wk inc flu hosp,2026-04-11,quantile,0.15,35
2026-04-11,47,0,wk inc flu hosp,2026-04-11,quantile,0.2,37
2026-04-11,47,0,wk inc flu hosp,2026-04-11,quantile,0.25,42
2026-04-11,47,0,wk inc flu hosp,2026-04-11,quantile,0.3,45
2026-04-11,47,0,wk inc flu hosp,2026-04-11,quantile,0.35,47
2026-04-11,47,0,wk inc flu hosp,2026-04-11,quantile,0.4,49
2026-04-11,47,0,wk inc flu hosp,2026-04-11,quantile,0.45,52
2026-04-11,47,0,wk inc flu hosp,2026-04-11,quantile,0.5,54
2026-04-11,47,0,wk inc flu hosp,2026-04-11,quantile,0.55,56
2026-04-11,47,0,wk inc flu hosp,2026-04-11,quantile,0.6,58
2026-04-11,47,0,wk inc flu hosp,2026-04-11,quantile,0.65,62
2026-04-11,47,0,wk inc flu hosp,2026-04-11,quantile,0.7,65
2026-04-11,47,0,wk inc flu hosp,2026-04-11,quantile,0.75,68
2026-04-11,47,0,wk inc flu hosp,2026-04-11,quantile,0.8,72
2026-04-11,47,0,wk inc flu hosp,2026-04-11,quantile,0.85,77
2026-04-11,47,0,wk inc flu hosp,2026-04-11,quantile,0.9,87
2026-04-11,47,0,wk inc flu hosp,2026-04-11,quantile,0.95,103
2026-04-11,47,0,wk inc flu hosp,2026-04-11,quantile,0.975,116
2026-04-11,47,0,wk inc flu hosp,2026-04-11,quantile,0.99,136
2026-04-11,47,1,wk inc flu hosp,2026-04-18,quantile,0.01,8
2026-04-11,47,1,wk inc flu hosp,2026-04-18,quantile,0.025,9
2026-04-11,47,1,wk inc flu hosp,2026-04-18,quantile,0.05,12
2026-04-11,47,1,wk inc flu hosp,2026-04-18,quantile,0.1,20
2026-04-11,47,1,wk inc flu hosp,2026-04-18,quantile,0.15,25
2026-04-11,47,1,wk inc flu hosp,2026-04-18,quantile,0.2,28
2026-04-11,47,1,wk inc flu hosp,2026-04-18,quantile,0.25,34
2026-04-11,47,1,wk inc flu hosp,2026-04-18,quantile,0.3,35
2026-04-11,47,1,wk inc flu hosp,2026-04-18,quantile,0.35,38
2026-04-11,47,1,wk inc flu hosp,2026-04-18,quantile,0.4,40
2026-04-11,47,1,wk inc flu hosp,2026-04-18,quantile,0.45,41
2026-04-11,47,1,wk inc flu hosp,2026-04-18,quantile,0.5,43
2026-04-11,47,1,wk inc flu hosp,2026-04-18,quantile,0.55,45
2026-04-11,47,1,wk inc flu hosp,2026-04-18,quantile,0.6,48
2026-04-11,47,1,wk inc flu hosp,2026-04-18,quantile,0.65,55
2026-04-11,47,1,wk inc flu hosp,2026-04-18,quantile,0.7,58
2026-04-11,47,1,wk inc flu hosp,2026-04-18,quantile,0.75,60
2026-04-11,47,1,wk inc flu hosp,2026-04-18,quantile,0.8,67
2026-04-11,47,1,wk inc flu hosp,2026-04-18,quantile,0.85,73
2026-04-11,47,1,wk inc flu hosp,2026-04-18,quantile,0.9,81
2026-04-11,47,1,wk inc flu hosp,2026-04-18,quantile,0.95,95
2026-04-11,47,1,wk inc flu hosp,2026-04-18,quantile,0.975,111
2026-04-11,47,1,wk inc flu hosp,2026-04-18,quantile,0.99,135
2026-04-11,47,2,wk inc flu hosp,2026-04-25,quantile,0.01,3
2026-04-11,47,2,wk inc flu hosp,2026-04-25,quantile,0.025,5
2026-04-11,47,2,wk inc flu hosp,2026-04-25,quantile,0.05,7
2026-04-11,47,2,wk inc flu hosp,2026-04-25,quantile,0.1,12
2026-04-11,47,2,wk inc flu hosp,2026-04-25,quantile,0.15,19
2026-04-11,47,2,wk inc flu hosp,2026-04-25,quantile,0.2,21
2026-04-11,47,2,wk inc flu hosp,2026-04-25,quantile,0.25,24
2026-04-11,47,2,wk inc flu hosp,2026-04-25,quantile,0.3,26
2026-04-11,47,2,wk inc flu hosp,2026-04-25,quantile,0.35,28
2026-04-11,47,2,wk inc flu hosp,2026-04-25,quantile,0.4,31
2026-04-11,47,2,wk inc flu hosp,2026-04-25,quantile,0.45,33
2026-04-11,47,2,wk inc flu hosp,2026-04-25,quantile,0.5,35
2026-04-11,47,2,wk inc flu hosp,2026-04-25,quantile,0.55,38
2026-04-11,47,2,wk inc flu hosp,2026-04-25,quantile,0.6,41
2026-04-11,47,2,wk inc flu hosp,2026-04-25,quantile,0.65,46
2026-04-11,47,2,wk inc flu hosp,2026-04-25,quantile,0.7,50
2026-04-11,47,2,wk inc flu hosp,2026-04-25,quantile,0.75,54
2026-04-11,47,2,wk inc flu hosp,2026-04-25,quantile,0.8,59
2026-04-11,47,2,wk inc flu hosp,2026-04-25,quantile,0.85,65
2026-04-11,47,2,wk inc flu hosp,2026-04-25,quantile,0.9,74
2026-04-11,47,2,wk inc flu hosp,2026-04-25,quantile,0.95,87
2026-04-11,47,2,wk inc flu hosp,2026-04-25,quantile,0.975,103
2026-04-11,47,2,wk inc flu hosp,2026-04-25,quantile,0.99,126
2026-04-11,47,3,wk inc flu hosp,2026-05-02,quantile,0.01,1
2026-04-11,47,3,wk inc flu hosp,2026-05-02,quantile,0.025,3
2026-04-11,47,3,wk inc flu hosp,2026-05-02,quantile,0.05,5
2026-04-11,47,3,wk inc flu hosp,2026-05-02,quantile,0.1,8
2026-04-11,47,3,wk inc flu hosp,2026-05-02,quantile,0.15,12
2026-04-11,47,3,wk inc flu hosp,2026-05-02,quantile,0.2,15
2026-04-11,47,3,wk inc flu hosp,2026-05-02,quantile,0.25,19
2026-04-11,47,3,wk inc flu hosp,2026-05-02,quantile,0.3,21
2026-04-11,47,3,wk inc flu hosp,2026-05-02,quantile,0.35,22
2026-04-11,47,3,wk inc flu hosp,2026-05-02,quantile,0.4,25
2026-04-11,47,3,wk inc flu hosp,2026-05-02,quantile,0.45,27
2026-04-11,47,3,wk inc flu hosp,2026-05-02,quantile,0.5,29
2026-04-11,47,3,wk inc flu hosp,2026-05-02,quantile,0.55,34
2026-04-11,47,3,wk inc flu hosp,2026-05-02,quantile,0.6,36
2026-04-11,47,3,wk inc flu hosp,2026-05-02,quantile,0.65,41
2026-04-11,47,3,wk inc flu hosp,2026-05-02,quantile,0.7,46
2026-04-11,47,3,wk inc flu hosp,2026-05-02,quantile,0.75,49
2026-04-11,47,3,wk inc flu hosp,2026-05-02,quantile,0.8,54
2026-04-11,47,3,wk inc flu hosp,2026-05-02,quantile,0.85,61
2026-04-11,47,3,wk inc flu hosp,2026-05-02,quantile,0.9,70
2026-04-11,47,3,wk inc flu hosp,2026-05-02,quantile,0.95,87
2026-04-11,47,3,wk inc flu hosp,2026-05-02,quantile,0.975,99
2026-04-11,47,3,wk inc flu hosp,2026-05-02,quantile,0.99,127
2026-04-11,48,0,wk inc flu hosp,2026-04-11,quantile,0.01,47
2026-04-11,48,0,wk inc flu hosp,2026-04-11,quantile,0.025,56
2026-04-11,48,0,wk inc flu hosp,2026-04-11,quantile,0.05,66
2026-04-11,48,0,wk inc flu hosp,2026-04-11,quantile,0.1,84
2026-04-11,48,0,wk inc flu hosp,2026-04-11,quantile,0.15,95
2026-04-11,48,0,wk inc flu hosp,2026-04-11,quantile,0.2,107
2026-04-11,48,0,wk inc flu hosp,2026-04-11,quantile,0.25,112
2026-04-11,48,0,wk inc flu hosp,2026-04-11,quantile,0.3,119
2026-04-11,48,0,wk inc flu hosp,2026-04-11,quantile,0.35,126
2026-04-11,48,0,wk inc flu hosp,2026-04-11,quantile,0.4,132
2026-04-11,48,0,wk inc flu hosp,2026-04-11,quantile,0.45,140
2026-04-11,48,0,wk inc flu hosp,2026-04-11,quantile,0.5,150
2026-04-11,48,0,wk inc flu hosp,2026-04-11,quantile,0.55,156
2026-04-11,48,0,wk inc flu hosp,2026-04-11,quantile,0.6,163
2026-04-11,48,0,wk inc flu hosp,2026-04-11,quantile,0.65,171
2026-04-11,48,0,wk inc flu hosp,2026-04-11,quantile,0.7,183
2026-04-11,48,0,wk inc flu hosp,2026-04-11,quantile,0.75,192
2026-04-11,48,0,wk inc flu hosp,2026-04-11,quantile,0.8,198
2026-04-11,48,0,wk inc flu hosp,2026-04-11,quantile,0.85,214
2026-04-11,48,0,wk inc flu hosp,2026-04-11,quantile,0.9,231
2026-04-11,48,0,wk inc flu hosp,2026-04-11,quantile,0.95,282
2026-04-11,48,0,wk inc flu hosp,2026-04-11,quantile,0.975,309
2026-04-11,48,0,wk inc flu hosp,2026-04-11,quantile,0.99,357
2026-04-11,48,1,wk inc flu hosp,2026-04-18,quantile,0.01,27
2026-04-11,48,1,wk inc flu hosp,2026-04-18,quantile,0.025,35
2026-04-11,48,1,wk inc flu hosp,2026-04-18,quantile,0.05,42
2026-04-11,48,1,wk inc flu hosp,2026-04-18,quantile,0.1,55
2026-04-11,48,1,wk inc flu hosp,2026-04-18,quantile,0.15,68
2026-04-11,48,1,wk inc flu hosp,2026-04-18,quantile,0.2,82
2026-04-11,48,1,wk inc flu hosp,2026-04-18,quantile,0.25,89
2026-04-11,48,1,wk inc flu hosp,2026-04-18,quantile,0.3,96
2026-04-11,48,1,wk inc flu hosp,2026-04-18,quantile,0.35,103
2026-04-11,48,1,wk inc flu hosp,2026-04-18,quantile,0.4,111
2026-04-11,48,1,wk inc flu hosp,2026-04-18,quantile,0.45,118
2026-04-11,48,1,wk inc flu hosp,2026-04-18,quantile,0.5,132
2026-04-11,48,1,wk inc flu hosp,2026-04-18,quantile,0.55,142
2026-04-11,48,1,wk inc flu hosp,2026-04-18,quantile,0.6,147
2026-04-11,48,1,wk inc flu hosp,2026-04-18,quantile,0.65,157
2026-04-11,48,1,wk inc flu hosp,2026-04-18,quantile,0.7,167
2026-04-11,48,1,wk inc flu hosp,2026-04-18,quantile,0.75,180
2026-04-11,48,1,wk inc flu hosp,2026-04-18,quantile,0.8,192
2026-04-11,48,1,wk inc flu hosp,2026-04-18,quantile,0.85,210
2026-04-11,48,1,wk inc flu hosp,2026-04-18,quantile,0.9,237
2026-04-11,48,1,wk inc flu hosp,2026-04-18,quantile,0.95,282
2026-04-11,48,1,wk inc flu hosp,2026-04-18,quantile,0.975,335
2026-04-11,48,1,wk inc flu hosp,2026-04-18,quantile,0.99,415
2026-04-11,48,2,wk inc flu hosp,2026-04-25,quantile,0.01,10
2026-04-11,48,2,wk inc flu hosp,2026-04-25,quantile,0.025,20
2026-04-11,48,2,wk inc flu hosp,2026-04-25,quantile,0.05,29
2026-04-11,48,2,wk inc flu hosp,2026-04-25,quantile,0.1,39
2026-04-11,48,2,wk inc flu hosp,2026-04-25,quantile,0.15,48
2026-04-11,48,2,wk inc flu hosp,2026-04-25,quantile,0.2,59
2026-04-11,48,2,wk inc flu hosp,2026-04-25,quantile,0.25,68
2026-04-11,48,2,wk inc flu hosp,2026-04-25,quantile,0.3,78
2026-04-11,48,2,wk inc flu hosp,2026-04-25,quantile,0.35,86
2026-04-11,48,2,wk inc flu hosp,2026-04-25,quantile,0.4,90
2026-04-11,48,2,wk inc flu hosp,2026-04-25,quantile,0.45,94
2026-04-11,48,2,wk inc flu hosp,2026-04-25,quantile,0.5,111
2026-04-11,48,2,wk inc flu hosp,2026-04-25,quantile,0.55,122
2026-04-11,48,2,wk inc flu hosp,2026-04-25,quantile,0.6,130
2026-04-11,48,2,wk inc flu hosp,2026-04-25,quantile,0.65,137
2026-04-11,48,2,wk inc flu hosp,2026-04-25,quantile,0.7,146
2026-04-11,48,2,wk inc flu hosp,2026-04-25,quantile,0.75,158
2026-04-11,48,2,wk inc flu hosp,2026-04-25,quantile,0.8,176
2026-04-11,48,2,wk inc flu hosp,2026-04-25,quantile,0.85,195
2026-04-11,48,2,wk inc flu hosp,2026-04-25,quantile,0.9,223
2026-04-11,48,2,wk inc flu hosp,2026-04-25,quantile,0.95,274
2026-04-11,48,2,wk inc flu hosp,2026-04-25,quantile,0.975,332
2026-04-11,48,2,wk inc flu hosp,2026-04-25,quantile,0.99,418
2026-04-11,48,3,wk inc flu hosp,2026-05-02,quantile,0.01,7
2026-04-11,48,3,wk inc flu hosp,2026-05-02,quantile,0.025,12
2026-04-11,48,3,wk inc flu hosp,2026-05-02,quantile,0.05,18
2026-04-11,48,3,wk inc flu hosp,2026-05-02,quantile,0.1,28
2026-04-11,48,3,wk inc flu hosp,2026-05-02,quantile,0.15,37
2026-04-11,48,3,wk inc flu hosp,2026-05-02,quantile,0.2,46
2026-04-11,48,3,wk inc flu hosp,2026-05-02,quantile,0.25,52
2026-04-11,48,3,wk inc flu hosp,2026-05-02,quantile,0.3,59
2026-04-11,48,3,wk inc flu hosp,2026-05-02,quantile,0.35,68
2026-04-11,48,3,wk inc flu hosp,2026-05-02,quantile,0.4,78
2026-04-11,48,3,wk inc flu hosp,2026-05-02,quantile,0.45,82
2026-04-11,48,3,wk inc flu hosp,2026-05-02,quantile,0.5,90
2026-04-11,48,3,wk inc flu hosp,2026-05-02,quantile,0.55,102
2026-04-11,48,3,wk inc flu hosp,2026-05-02,quantile,0.6,114
2026-04-11,48,3,wk inc flu hosp,2026-05-02,quantile,0.65,125
2026-04-11,48,3,wk inc flu hosp,2026-05-02,quantile,0.7,137
2026-04-11,48,3,wk inc flu hosp,2026-05-02,quantile,0.75,150
2026-04-11,48,3,wk inc flu hosp,2026-05-02,quantile,0.8,163
2026-04-11,48,3,wk inc flu hosp,2026-05-02,quantile,0.85,182
2026-04-11,48,3,wk inc flu hosp,2026-05-02,quantile,0.9,211
2026-04-11,48,3,wk inc flu hosp,2026-05-02,quantile,0.95,267
2026-04-11,48,3,wk inc flu hosp,2026-05-02,quantile,0.975,344
2026-04-11,48,3,wk inc flu hosp,2026-05-02,quantile,0.99,459
2026-04-11,49,0,wk inc flu hosp,2026-04-11,quantile,0.01,0
2026-04-11,49,0,wk inc flu hosp,2026-04-11,quantile,0.025,0
2026-04-11,49,0,wk inc flu hosp,2026-04-11,quantile,0.05,0
2026-04-11,49,0,wk inc flu hosp,2026-04-11,quantile,0.1,0
2026-04-11,49,0,wk inc flu hosp,2026-04-11,quantile,0.15,1
2026-04-11,49,0,wk inc flu hosp,2026-04-11,quantile,0.2,1
2026-04-11,49,0,wk inc flu hosp,2026-04-11,quantile,0.25,1
2026-04-11,49,0,wk inc flu hosp,2026-04-11,quantile,0.3,2
2026-04-11,49,0,wk inc flu hosp,2026-04-11,quantile,0.35,2
2026-04-11,49,0,wk inc flu hosp,2026-04-11,quantile,0.4,3
2026-04-11,49,0,wk inc flu hosp,2026-04-11,quantile,0.45,3
2026-04-11,49,0,wk inc flu hosp,2026-04-11,quantile,0.5,4
2026-04-11,49,0,wk inc flu hosp,2026-04-11,quantile,0.55,5
2026-04-11,49,0,wk inc flu hosp,2026-04-11,quantile,0.6,5
2026-04-11,49,0,wk inc flu hosp,2026-04-11,quantile,0.65,6
2026-04-11,49,0,wk inc flu hosp,2026-04-11,quantile,0.7,7
2026-04-11,49,0,wk inc flu hosp,2026-04-11,quantile,0.75,9
2026-04-11,49,0,wk inc flu hosp,2026-04-11,quantile,0.8,11
2026-04-11,49,0,wk inc flu hosp,2026-04-11,quantile,0.85,12
2026-04-11,49,0,wk inc flu hosp,2026-04-11,quantile,0.9,14
2026-04-11,49,0,wk inc flu hosp,2026-04-11,quantile,0.95,17
2026-04-11,49,0,wk inc flu hosp,2026-04-11,quantile,0.975,22
2026-04-11,49,0,wk inc flu hosp,2026-04-11,quantile,0.99,29
2026-04-11,49,1,wk inc flu hosp,2026-04-18,quantile,0.01,0
2026-04-11,49,1,wk inc flu hosp,2026-04-18,quantile,0.025,0
2026-04-11,49,1,wk inc flu hosp,2026-04-18,quantile,0.05,0
2026-04-11,49,1,wk inc flu hosp,2026-04-18,quantile,0.1,0
2026-04-11,49,1,wk inc flu hosp,2026-04-18,quantile,0.15,0
2026-04-11,49,1,wk inc flu hosp,2026-04-18,quantile,0.2,1
2026-04-11,49,1,wk inc flu hosp,2026-04-18,quantile,0.25,1
2026-04-11,49,1,wk inc flu hosp,2026-04-18,quantile,0.3,1
2026-04-11,49,1,wk inc flu hosp,2026-04-18,quantile,0.35,2
2026-04-11,49,1,wk inc flu hosp,2026-04-18,quantile,0.4,2
2026-04-11,49,1,wk inc flu hosp,2026-04-18,quantile,0.45,3
2026-04-11,49,1,wk inc flu hosp,2026-04-18,quantile,0.5,3
2026-04-11,49,1,wk inc flu hosp,2026-04-18,quantile,0.55,4
2026-04-11,49,1,wk inc flu hosp,2026-04-18,quantile,0.6,5
2026-04-11,49,1,wk inc flu hosp,2026-04-18,quantile,0.65,6
2026-04-11,49,1,wk inc flu hosp,2026-04-18,quantile,0.7,7
2026-04-11,49,1,wk inc flu hosp,2026-04-18,quantile,0.75,8
2026-04-11,49,1,wk inc flu hosp,2026-04-18,quantile,0.8,9
2026-04-11,49,1,wk inc flu hosp,2026-04-18,quantile,0.85,12
2026-04-11,49,1,wk inc flu hosp,2026-04-18,quantile,0.9,13
2026-04-11,49,1,wk inc flu hosp,2026-04-18,quantile,0.95,19
2026-04-11,49,1,wk inc flu hosp,2026-04-18,quantile,0.975,24
2026-04-11,49,1,wk inc flu hosp,2026-04-18,quantile,0.99,29
2026-04-11,49,2,wk inc flu hosp,2026-04-25,quantile,0.01,0
2026-04-11,49,2,wk inc flu hosp,2026-04-25,quantile,0.025,0
2026-04-11,49,2,wk inc flu hosp,2026-04-25,quantile,0.05,0
2026-04-11,49,2,wk inc flu hosp,2026-04-25,quantile,0.1,0
2026-04-11,49,2,wk inc flu hosp,2026-04-25,quantile,0.15,0
2026-04-11,49,2,wk inc flu hosp,2026-04-25,quantile,0.2,0
2026-04-11,49,2,wk inc flu hosp,2026-04-25,quantile,0.25,1
2026-04-11,49,2,wk inc flu hosp,2026-04-25,quantile,0.3,1
2026-04-11,49,2,wk inc flu hosp,2026-04-25,quantile,0.35,1
2026-04-11,49,2,wk inc flu hosp,2026-04-25,quantile,0.4,1
2026-04-11,49,2,wk inc flu hosp,2026-04-25,quantile,0.45,2
2026-04-11,49,2,wk inc flu hosp,2026-04-25,quantile,0.5,3
2026-04-11,49,2,wk inc flu hosp,2026-04-25,quantile,0.55,3
2026-04-11,49,2,wk inc flu hosp,2026-04-25,quantile,0.6,4
2026-04-11,49,2,wk inc flu hosp,2026-04-25,quantile,0.65,5
2026-04-11,49,2,wk inc flu hosp,2026-04-25,quantile,0.7,6
2026-04-11,49,2,wk inc flu hosp,2026-04-25,quantile,0.75,6
2026-04-11,49,2,wk inc flu hosp,2026-04-25,quantile,0.8,7
2026-04-11,49,2,wk inc flu hosp,2026-04-25,quantile,0.85,9
2026-04-11,49,2,wk inc flu hosp,2026-04-25,quantile,0.9,11
2026-04-11,49,2,wk inc flu hosp,2026-04-25,quantile,0.95,17
2026-04-11,49,2,wk inc flu hosp,2026-04-25,quantile,0.975,21
2026-04-11,49,2,wk inc flu hosp,2026-04-25,quantile,0.99,28
2026-04-11,49,3,wk inc flu hosp,2026-05-02,quantile,0.01,0
2026-04-11,49,3,wk inc flu hosp,2026-05-02,quantile,0.025,0
2026-04-11,49,3,wk inc flu hosp,2026-05-02,quantile,0.05,0
2026-04-11,49,3,wk inc flu hosp,2026-05-02,quantile,0.1,0
2026-04-11,49,3,wk inc flu hosp,2026-05-02,quantile,0.15,0
2026-04-11,49,3,wk inc flu hosp,2026-05-02,quantile,0.2,0
2026-04-11,49,3,wk inc flu hosp,2026-05-02,quantile,0.25,0
2026-04-11,49,3,wk inc flu hosp,2026-05-02,quantile,0.3,1
2026-04-11,49,3,wk inc flu hosp,2026-05-02,quantile,0.35,1
2026-04-11,49,3,wk inc flu hosp,2026-05-02,quantile,0.4,1
2026-04-11,49,3,wk inc flu hosp,2026-05-02,quantile,0.45,1
2026-04-11,49,3,wk inc flu hosp,2026-05-02,quantile,0.5,2
2026-04-11,49,3,wk inc flu hosp,2026-05-02,quantile,0.55,3
2026-04-11,49,3,wk inc flu hosp,2026-05-02,quantile,0.6,4
2026-04-11,49,3,wk inc flu hosp,2026-05-02,quantile,0.65,5
2026-04-11,49,3,wk inc flu hosp,2026-05-02,quantile,0.7,5
2026-04-11,49,3,wk inc flu hosp,2026-05-02,quantile,0.75,6
2026-04-11,49,3,wk inc flu hosp,2026-05-02,quantile,0.8,7
2026-04-11,49,3,wk inc flu hosp,2026-05-02,quantile,0.85,9
2026-04-11,49,3,wk inc flu hosp,2026-05-02,quantile,0.9,12
2026-04-11,49,3,wk inc flu hosp,2026-05-02,quantile,0.95,17
2026-04-11,49,3,wk inc flu hosp,2026-05-02,quantile,0.975,22
2026-04-11,49,3,wk inc flu hosp,2026-05-02,quantile,0.99,30
2026-04-11,50,0,wk inc flu hosp,2026-04-11,quantile,0.01,0
2026-04-11,50,0,wk inc flu hosp,2026-04-11,quantile,0.025,0
2026-04-11,50,0,wk inc flu hosp,2026-04-11,quantile,0.05,1
2026-04-11,50,0,wk inc flu hosp,2026-04-11,quantile,0.1,1
2026-04-11,50,0,wk inc flu hosp,2026-04-11,quantile,0.15,2
2026-04-11,50,0,wk inc flu hosp,2026-04-11,quantile,0.2,2
2026-04-11,50,0,wk inc flu hosp,2026-04-11,quantile,0.25,2
2026-04-11,50,0,wk inc flu hosp,2026-04-11,quantile,0.3,3
2026-04-11,50,0,wk inc flu hosp,2026-04-11,quantile,0.35,3
2026-04-11,50,0,wk inc flu hosp,2026-04-11,quantile,0.4,4
2026-04-11,50,0,wk inc flu hosp,2026-04-11,quantile,0.45,4
2026-04-11,50,0,wk inc flu hosp,2026-04-11,quantile,0.5,5
2026-04-11,50,0,wk inc flu hosp,2026-04-11,quantile,0.55,5
2026-04-11,50,0,wk inc flu hosp,2026-04-11,quantile,0.6,6
2026-04-11,50,0,wk inc flu hosp,2026-04-11,quantile,0.65,6
2026-04-11,50,0,wk inc flu hosp,2026-04-11,quantile,0.7,6
2026-04-11,50,0,wk inc flu hosp,2026-04-11,quantile,0.75,7
2026-04-11,50,0,wk inc flu hosp,2026-04-11,quantile,0.8,8
2026-04-11,50,0,wk inc flu hosp,2026-04-11,quantile,0.85,9
2026-04-11,50,0,wk inc flu hosp,2026-04-11,quantile,0.9,10
2026-04-11,50,0,wk inc flu hosp,2026-04-11,quantile,0.95,13
2026-04-11,50,0,wk inc flu hosp,2026-04-11,quantile,0.975,14
2026-04-11,50,0,wk inc flu hosp,2026-04-11,quantile,0.99,17
2026-04-11,50,1,wk inc flu hosp,2026-04-18,quantile,0.01,0
2026-04-11,50,1,wk inc flu hosp,2026-04-18,quantile,0.025,0
2026-04-11,50,1,wk inc flu hosp,2026-04-18,quantile,0.05,0
2026-04-11,50,1,wk inc flu hosp,2026-04-18,quantile,0.1,0
2026-04-11,50,1,wk inc flu hosp,2026-04-18,quantile,0.15,1
2026-04-11,50,1,wk inc flu hosp,2026-04-18,quantile,0.2,1
2026-04-11,50,1,wk inc flu hosp,2026-04-18,quantile,0.25,2
2026-04-11,50,1,wk inc flu hosp,2026-04-18,quantile,0.3,2
2026-04-11,50,1,wk inc flu hosp,2026-04-18,quantile,0.35,2
2026-04-11,50,1,wk inc flu hosp,2026-04-18,quantile,0.4,3
2026-04-11,50,1,wk inc flu hosp,2026-04-18,quantile,0.45,3
2026-04-11,50,1,wk inc flu hosp,2026-04-18,quantile,0.5,4
2026-04-11,50,1,wk inc flu hosp,2026-04-18,quantile,0.55,5
2026-04-11,50,1,wk inc flu hosp,2026-04-18,quantile,0.6,5
2026-04-11,50,1,wk inc flu hosp,2026-04-18,quantile,0.65,6
2026-04-11,50,1,wk inc flu hosp,2026-04-18,quantile,0.7,7
2026-04-11,50,1,wk inc flu hosp,2026-04-18,quantile,0.75,7
2026-04-11,50,1,wk inc flu hosp,2026-04-18,quantile,0.8,8
2026-04-11,50,1,wk inc flu hosp,2026-04-18,quantile,0.85,9
2026-04-11,50,1,wk inc flu hosp,2026-04-18,quantile,0.9,11
2026-04-11,50,1,wk inc flu hosp,2026-04-18,quantile,0.95,13
2026-04-11,50,1,wk inc flu hosp,2026-04-18,quantile,0.975,16
2026-04-11,50,1,wk inc flu hosp,2026-04-18,quantile,0.99,20
2026-04-11,50,2,wk inc flu hosp,2026-04-25,quantile,0.01,0
2026-04-11,50,2,wk inc flu hosp,2026-04-25,quantile,0.025,0
2026-04-11,50,2,wk inc flu hosp,2026-04-25,quantile,0.05,0
2026-04-11,50,2,wk inc flu hosp,2026-04-25,quantile,0.1,0
2026-04-11,50,2,wk inc flu hosp,2026-04-25,quantile,0.15,0
2026-04-11,50,2,wk inc flu hosp,2026-04-25,quantile,0.2,1
2026-04-11,50,2,wk inc flu hosp,2026-04-25,quantile,0.25,1
2026-04-11,50,2,wk inc flu hosp,2026-04-25,quantile,0.3,1
2026-04-11,50,2,wk inc flu hosp,2026-04-25,quantile,0.35,2
2026-04-11,50,2,wk inc flu hosp,2026-04-25,quantile,0.4,2
2026-04-11,50,2,wk inc flu hosp,2026-04-25,quantile,0.45,2
2026-04-11,50,2,wk inc flu hosp,2026-04-25,quantile,0.5,4
2026-04-11,50,2,wk inc flu hosp,2026-04-25,quantile,0.55,4
2026-04-11,50,2,wk inc flu hosp,2026-04-25,quantile,0.6,5
2026-04-11,50,2,wk inc flu hosp,2026-04-25,quantile,0.65,5
2026-04-11,50,2,wk inc flu hosp,2026-04-25,quantile,0.7,6
2026-04-11,50,2,wk inc flu hosp,2026-04-25,quantile,0.75,7
2026-04-11,50,2,wk inc flu hosp,2026-04-25,quantile,0.8,7
2026-04-11,50,2,wk inc flu hosp,2026-04-25,quantile,0.85,9
2026-04-11,50,2,wk inc flu hosp,2026-04-25,quantile,0.9,11
2026-04-11,50,2,wk inc flu hosp,2026-04-25,quantile,0.95,13
2026-04-11,50,2,wk inc flu hosp,2026-04-25,quantile,0.975,16
2026-04-11,50,2,wk inc flu hosp,2026-04-25,quantile,0.99,21
2026-04-11,50,3,wk inc flu hosp,2026-05-02,quantile,0.01,0
2026-04-11,50,3,wk inc flu hosp,2026-05-02,quantile,0.025,0
2026-04-11,50,3,wk inc flu hosp,2026-05-02,quantile,0.05,0
2026-04-11,50,3,wk inc flu hosp,2026-05-02,quantile,0.1,0
2026-04-11,50,3,wk inc flu hosp,2026-05-02,quantile,0.15,0
2026-04-11,50,3,wk inc flu hosp,2026-05-02,quantile,0.2,0
2026-04-11,50,3,wk inc flu hosp,2026-05-02,quantile,0.25,0
2026-04-11,50,3,wk inc flu hosp,2026-05-02,quantile,0.3,1
2026-04-11,50,3,wk inc flu hosp,2026-05-02,quantile,0.35,1
2026-04-11,50,3,wk inc flu hosp,2026-05-02,quantile,0.4,2
2026-04-11,50,3,wk inc flu hosp,2026-05-02,quantile,0.45,2
2026-04-11,50,3,wk inc flu hosp,2026-05-02,quantile,0.5,3
2026-04-11,50,3,wk inc flu hosp,2026-05-02,quantile,0.55,4
2026-04-11,50,3,wk inc flu hosp,2026-05-02,quantile,0.6,4
2026-04-11,50,3,wk inc flu hosp,2026-05-02,quantile,0.65,5
2026-04-11,50,3,wk inc flu hosp,2026-05-02,quantile,0.7,6
2026-04-11,50,3,wk inc flu hosp,2026-05-02,quantile,0.75,6
2026-04-11,50,3,wk inc flu hosp,2026-05-02,quantile,0.8,7
2026-04-11,50,3,wk inc flu hosp,2026-05-02,quantile,0.85,9
2026-04-11,50,3,wk inc flu hosp,2026-05-02,quantile,0.9,10
2026-04-11,50,3,wk inc flu hosp,2026-05-02,quantile,0.95,13
2026-04-11,50,3,wk inc flu hosp,2026-05-02,quantile,0.975,17
2026-04-11,50,3,wk inc flu hosp,2026-05-02,quantile,0.99,22
2026-04-11,51,0,wk inc flu hosp,2026-04-11,quantile,0.01,3
2026-04-11,51,0,wk inc flu hosp,2026-04-11,quantile,0.025,5
2026-04-11,51,0,wk inc flu hosp,2026-04-11,quantile,0.05,6
2026-04-11,51,0,wk inc flu hosp,2026-04-11,quantile,0.1,8
2026-04-11,51,0,wk inc flu hosp,2026-04-11,quantile,0.15,10
2026-04-11,51,0,wk inc flu hosp,2026-04-11,quantile,0.2,12
2026-04-11,51,0,wk inc flu hosp,2026-04-11,quantile,0.25,13
2026-04-11,51,0,wk inc flu hosp,2026-04-11,quantile,0.3,14
2026-04-11,51,0,wk inc flu hosp,2026-04-11,quantile,0.35,15
2026-04-11,51,0,wk inc flu hosp,2026-04-11,quantile,0.4,17
2026-04-11,51,0,wk inc flu hosp,2026-04-11,quantile,0.45,18
2026-04-11,51,0,wk inc flu hosp,2026-04-11,quantile,0.5,21
2026-04-11,51,0,wk inc flu hosp,2026-04-11,quantile,0.55,23
2026-04-11,51,0,wk inc flu hosp,2026-04-11,quantile,0.6,25
2026-04-11,51,0,wk inc flu hosp,2026-04-11,quantile,0.65,26
2026-04-11,51,0,wk inc flu hosp,2026-04-11,quantile,0.7,28
2026-04-11,51,0,wk inc flu hosp,2026-04-11,quantile,0.75,30
2026-04-11,51,0,wk inc flu hosp,2026-04-11,quantile,0.8,33
2026-04-11,51,0,wk inc flu hosp,2026-04-11,quantile,0.85,38
2026-04-11,51,0,wk inc flu hosp,2026-04-11,quantile,0.9,43
2026-04-11,51,0,wk inc flu hosp,2026-04-11,quantile,0.95,55
2026-04-11,51,0,wk inc flu hosp,2026-04-11,quantile,0.975,70
2026-04-11,51,0,wk inc flu hosp,2026-04-11,quantile,0.99,84
2026-04-11,51,1,wk inc flu hosp,2026-04-18,quantile,0.01,1
2026-04-11,51,1,wk inc flu hosp,2026-04-18,quantile,0.025,2
2026-04-11,51,1,wk inc flu hosp,2026-04-18,quantile,0.05,4
2026-04-11,51,1,wk inc flu hosp,2026-04-18,quantile,0.1,5
2026-04-11,51,1,wk inc flu hosp,2026-04-18,quantile,0.15,8
2026-04-11,51,1,wk inc flu hosp,2026-04-18,quantile,0.2,9
2026-04-11,51,1,wk inc flu hosp,2026-04-18,quantile,0.25,10
2026-04-11,51,1,wk inc flu hosp,2026-04-18,quantile,0.3,11
2026-04-11,51,1,wk inc flu hosp,2026-04-18,quantile,0.35,13
2026-04-11,51,1,wk inc flu hosp,2026-04-18,quantile,0.4,14
2026-04-11,51,1,wk inc flu hosp,2026-04-18,quantile,0.45,15
2026-04-11,51,1,wk inc flu hosp,2026-04-18,quantile,0.5,17
2026-04-11,51,1,wk inc flu hosp,2026-04-18,quantile,0.55,19
2026-04-11,51,1,wk inc flu hosp,2026-04-18,quantile,0.6,21
2026-04-11,51,1,wk inc flu hosp,2026-04-18,quantile,0.65,24
2026-04-11,51,1,wk inc flu hosp,2026-04-18,quantile,0.7,27
2026-04-11,51,1,wk inc flu hosp,2026-04-18,quantile,0.75,29
2026-04-11,51,1,wk inc flu hosp,2026-04-18,quantile,0.8,31
2026-04-11,51,1,wk inc flu hosp,2026-04-18,quantile,0.85,34
2026-04-11,51,1,wk inc flu hosp,2026-04-18,quantile,0.9,44
2026-04-11,51,1,wk inc flu hosp,2026-04-18,quantile,0.95,60
2026-04-11,51,1,wk inc flu hosp,2026-04-18,quantile,0.975,78
2026-04-11,51,1,wk inc flu hosp,2026-04-18,quantile,0.99,95
2026-04-11,51,2,wk inc flu hosp,2026-04-25,quantile,0.01,0
2026-04-11,51,2,wk inc flu hosp,2026-04-25,quantile,0.025,1
2026-04-11,51,2,wk inc flu hosp,2026-04-25,quantile,0.05,2
2026-04-11,51,2,wk inc flu hosp,2026-04-25,quantile,0.1,4
2026-04-11,51,2,wk inc flu hosp,2026-04-25,quantile,0.15,6
2026-04-11,51,2,wk inc flu hosp,2026-04-25,quantile,0.2,7
2026-04-11,51,2,wk inc flu hosp,2026-04-25,quantile,0.25,8
2026-04-11,51,2,wk inc flu hosp,2026-04-25,quantile,0.3,8
2026-04-11,51,2,wk inc flu hosp,2026-04-25,quantile,0.35,9
2026-04-11,51,2,wk inc flu hosp,2026-04-25,quantile,0.4,10
2026-04-11,51,2,wk inc flu hosp,2026-04-25,quantile,0.45,11
2026-04-11,51,2,wk inc flu hosp,2026-04-25,quantile,0.5,15
2026-04-11,51,2,wk inc flu hosp,2026-04-25,quantile,0.55,18
2026-04-11,51,2,wk inc flu hosp,2026-04-25,quantile,0.6,19
2026-04-11,51,2,wk inc flu hosp,2026-04-25,quantile,0.65,21
2026-04-11,51,2,wk inc flu hosp,2026-04-25,quantile,0.7,25
2026-04-11,51,2,wk inc flu hosp,2026-04-25,quantile,0.75,27
2026-04-11,51,2,wk inc flu hosp,2026-04-25,quantile,0.8,30
2026-04-11,51,2,wk inc flu hosp,2026-04-25,quantile,0.85,33
2026-04-11,51,2,wk inc flu hosp,2026-04-25,quantile,0.9,41
2026-04-11,51,2,wk inc flu hosp,2026-04-25,quantile,0.95,58
2026-04-11,51,2,wk inc flu hosp,2026-04-25,quantile,0.975,75
2026-04-11,51,2,wk inc flu hosp,2026-04-25,quantile,0.99,97
2026-04-11,51,3,wk inc flu hosp,2026-05-02,quantile,0.01,0
2026-04-11,51,3,wk inc flu hosp,2026-05-02,quantile,0.025,0
2026-04-11,51,3,wk inc flu hosp,2026-05-02,quantile,0.05,1
2026-04-11,51,3,wk inc flu hosp,2026-05-02,quantile,0.1,3
2026-04-11,51,3,wk inc flu hosp,2026-05-02,quantile,0.15,5
2026-04-11,51,3,wk inc flu hosp,2026-05-02,quantile,0.2,6
2026-04-11,51,3,wk inc flu hosp,2026-05-02,quantile,0.25,6
2026-04-11,51,3,wk inc flu hosp,2026-05-02,quantile,0.3,7
2026-04-11,51,3,wk inc flu hosp,2026-05-02,quantile,0.35,9
2026-04-11,51,3,wk inc flu hosp,2026-05-02,quantile,0.4,11
2026-04-11,51,3,wk inc flu hosp,2026-05-02,quantile,0.45,12
2026-04-11,51,3,wk inc flu hosp,2026-05-02,quantile,0.5,15
2026-04-11,51,3,wk inc flu hosp,2026-05-02,quantile,0.55,16
2026-04-11,51,3,wk inc flu hosp,2026-05-02,quantile,0.6,17
2026-04-11,51,3,wk inc flu hosp,2026-05-02,quantile,0.65,20
2026-04-11,51,3,wk inc flu hosp,2026-05-02,quantile,0.7,22
2026-04-11,51,3,wk inc flu hosp,2026-05-02,quantile,0.75,26
2026-04-11,51,3,wk inc flu hosp,2026-05-02,quantile,0.8,29
2026-04-11,51,3,wk inc flu hosp,2026-05-02,quantile,0.85,34
2026-04-11,51,3,wk inc flu hosp,2026-05-02,quantile,0.9,45
2026-04-11,51,3,wk inc flu hosp,2026-05-02,quantile,0.95,67
2026-04-11,51,3,wk inc flu hosp,2026-05-02,quantile,0.975,85
2026-04-11,51,3,wk inc flu hosp,2026-05-02,quantile,0.99,114
2026-04-11,53,0,wk inc flu hosp,2026-04-11,quantile,0.01,10
2026-04-11,53,0,wk inc flu hosp,2026-04-11,quantile,0.025,15
2026-04-11,53,0,wk inc flu hosp,2026-04-11,quantile,0.05,18
2026-04-11,53,0,wk inc flu hosp,2026-04-11,quantile,0.1,23
2026-04-11,53,0,wk inc flu hosp,2026-04-11,quantile,0.15,26
2026-04-11,53,0,wk inc flu hosp,2026-04-11,quantile,0.2,28
2026-04-11,53,0,wk inc flu hosp,2026-04-11,quantile,0.25,30
2026-04-11,53,0,wk inc flu hosp,2026-04-11,quantile,0.3,32
2026-04-11,53,0,wk inc flu hosp,2026-04-11,quantile,0.35,36
2026-04-11,53,0,wk inc flu hosp,2026-04-11,quantile,0.4,38
2026-04-11,53,0,wk inc flu hosp,2026-04-11,quantile,0.45,40
2026-04-11,53,0,wk inc flu hosp,2026-04-11,quantile,0.5,42
2026-04-11,53,0,wk inc flu hosp,2026-04-11,quantile,0.55,44
2026-04-11,53,0,wk inc flu hosp,2026-04-11,quantile,0.6,47
2026-04-11,53,0,wk inc flu hosp,2026-04-11,quantile,0.65,49
2026-04-11,53,0,wk inc flu hosp,2026-04-11,quantile,0.7,52
2026-04-11,53,0,wk inc flu hosp,2026-04-11,quantile,0.75,55
2026-04-11,53,0,wk inc flu hosp,2026-04-11,quantile,0.8,58
2026-04-11,53,0,wk inc flu hosp,2026-04-11,quantile,0.85,63
2026-04-11,53,0,wk inc flu hosp,2026-04-11,quantile,0.9,70
2026-04-11,53,0,wk inc flu hosp,2026-04-11,quantile,0.95,80
2026-04-11,53,0,wk inc flu hosp,2026-04-11,quantile,0.975,87
2026-04-11,53,0,wk inc flu hosp,2026-04-11,quantile,0.99,101
2026-04-11,53,1,wk inc flu hosp,2026-04-18,quantile,0.01,5
2026-04-11,53,1,wk inc flu hosp,2026-04-18,quantile,0.025,7
2026-04-11,53,1,wk inc flu hosp,2026-04-18,quantile,0.05,10
2026-04-11,53,1,wk inc flu hosp,2026-04-18,quantile,0.1,15
2026-04-11,53,1,wk inc flu hosp,2026-04-18,quantile,0.15,20
2026-04-11,53,1,wk inc flu hosp,2026-04-18,quantile,0.2,21
2026-04-11,53,1,wk inc flu hosp,2026-04-18,quantile,0.25,25
2026-04-11,53,1,wk inc flu hosp,2026-04-18,quantile,0.3,27
2026-04-11,53,1,wk inc flu hosp,2026-04-18,quantile,0.35,30
2026-04-11,53,1,wk inc flu hosp,2026-04-18,quantile,0.4,32
2026-04-11,53,1,wk inc flu hosp,2026-04-18,quantile,0.45,34
2026-04-11,53,1,wk inc flu hosp,2026-04-18,quantile,0.5,36
2026-04-11,53,1,wk inc flu hosp,2026-04-18,quantile,0.55,39
2026-04-11,53,1,wk inc flu hosp,2026-04-18,quantile,0.6,41
2026-04-11,53,1,wk inc flu hosp,2026-04-18,quantile,0.65,45
2026-04-11,53,1,wk inc flu hosp,2026-04-18,quantile,0.7,49
2026-04-11,53,1,wk inc flu hosp,2026-04-18,quantile,0.75,53
2026-04-11,53,1,wk inc flu hosp,2026-04-18,quantile,0.8,58
2026-04-11,53,1,wk inc flu hosp,2026-04-18,quantile,0.85,63
2026-04-11,53,1,wk inc flu hosp,2026-04-18,quantile,0.9,70
2026-04-11,53,1,wk inc flu hosp,2026-04-18,quantile,0.95,84
2026-04-11,53,1,wk inc flu hosp,2026-04-18,quantile,0.975,94
2026-04-11,53,1,wk inc flu hosp,2026-04-18,quantile,0.99,112
2026-04-11,53,2,wk inc flu hosp,2026-04-25,quantile,0.01,2
2026-04-11,53,2,wk inc flu hosp,2026-04-25,quantile,0.025,4
2026-04-11,53,2,wk inc flu hosp,2026-04-25,quantile,0.05,6
2026-04-11,53,2,wk inc flu hosp,2026-04-25,quantile,0.1,9
2026-04-11,53,2,wk inc flu hosp,2026-04-25,quantile,0.15,13
2026-04-11,53,2,wk inc flu hosp,2026-04-25,quantile,0.2,16
2026-04-11,53,2,wk inc flu hosp,2026-04-25,quantile,0.25,18
2026-04-11,53,2,wk inc flu hosp,2026-04-25,quantile,0.3,20
2026-04-11,53,2,wk inc flu hosp,2026-04-25,quantile,0.35,23
2026-04-11,53,2,wk inc flu hosp,2026-04-25,quantile,0.4,26
2026-04-11,53,2,wk inc flu hosp,2026-04-25,quantile,0.45,28
2026-04-11,53,2,wk inc flu hosp,2026-04-25,quantile,0.5,32
2026-04-11,53,2,wk inc flu hosp,2026-04-25,quantile,0.55,34
2026-04-11,53,2,wk inc flu hosp,2026-04-25,quantile,0.6,37
2026-04-11,53,2,wk inc flu hosp,2026-04-25,quantile,0.65,41
2026-04-11,53,2,wk inc flu hosp,2026-04-25,quantile,0.7,44
2026-04-11,53,2,wk inc flu hosp,2026-04-25,quantile,0.75,49
2026-04-11,53,2,wk inc flu hosp,2026-04-25,quantile,0.8,54
2026-04-11,53,2,wk inc flu hosp,2026-04-25,quantile,0.85,60
2026-04-11,53,2,wk inc flu hosp,2026-04-25,quantile,0.9,68
2026-04-11,53,2,wk inc flu hosp,2026-04-25,quantile,0.95,82
2026-04-11,53,2,wk inc flu hosp,2026-04-25,quantile,0.975,97
2026-04-11,53,2,wk inc flu hosp,2026-04-25,quantile,0.99,117
2026-04-11,53,3,wk inc flu hosp,2026-05-02,quantile,0.01,1
2026-04-11,53,3,wk inc flu hosp,2026-05-02,quantile,0.025,3
2026-04-11,53,3,wk inc flu hosp,2026-05-02,quantile,0.05,4
2026-04-11,53,3,wk inc flu hosp,2026-05-02,quantile,0.1,7
2026-04-11,53,3,wk inc flu hosp,2026-05-02,quantile,0.15,9
2026-04-11,53,3,wk inc flu hosp,2026-05-02,quantile,0.2,12
2026-04-11,53,3,wk inc flu hosp,2026-05-02,quantile,0.25,14
2026-04-11,53,3,wk inc flu hosp,2026-05-02,quantile,0.3,16
2026-04-11,53,3,wk inc flu hosp,2026-05-02,quantile,0.35,19
2026-04-11,53,3,wk inc flu hosp,2026-05-02,quantile,0.4,21
2026-04-11,53,3,wk inc flu hosp,2026-05-02,quantile,0.45,22
2026-04-11,53,3,wk inc flu hosp,2026-05-02,quantile,0.5,27
2026-04-11,53,3,wk inc flu hosp,2026-05-02,quantile,0.55,30
2026-04-11,53,3,wk inc flu hosp,2026-05-02,quantile,0.6,33
2026-04-11,53,3,wk inc flu hosp,2026-05-02,quantile,0.65,37
2026-04-11,53,3,wk inc flu hosp,2026-05-02,quantile,0.7,40
2026-04-11,53,3,wk inc flu hosp,2026-05-02,quantile,0.75,45
2026-04-11,53,3,wk inc flu hosp,2026-05-02,quantile,0.8,52
2026-04-11,53,3,wk inc flu hosp,2026-05-02,quantile,0.85,59
2026-04-11,53,3,wk inc flu hosp,2026-05-02,quantile,0.9,70
2026-04-11,53,3,wk inc flu hosp,2026-05-02,quantile,0.95,89
2026-04-11,53,3,wk inc flu hosp,2026-05-02,quantile,0.975,110
2026-04-11,53,3,wk inc flu hosp,2026-05-02,quantile,0.99,131
2026-04-11,54,0,wk inc flu hosp,2026-04-11,quantile,0.01,2
2026-04-11,54,0,wk inc flu hosp,2026-04-11,quantile,0.025,3
2026-04-11,54,0,wk inc flu hosp,2026-04-11,quantile,0.05,4
2026-04-11,54,0,wk inc flu hosp,2026-04-11,quantile,0.1,5
2026-04-11,54,0,wk inc flu hosp,2026-04-11,quantile,0.15,6
2026-04-11,54,0,wk inc flu hosp,2026-04-11,quantile,0.2,7
2026-04-11,54,0,wk inc flu hosp,2026-04-11,quantile,0.25,9
2026-04-11,54,0,wk inc flu hosp,2026-04-11,quantile,0.3,10
2026-04-11,54,0,wk inc flu hosp,2026-04-11,quantile,0.35,11
2026-04-11,54,0,wk inc flu hosp,2026-04-11,quantile,0.4,12
2026-04-11,54,0,wk inc flu hosp,2026-04-11,quantile,0.45,13
2026-04-11,54,0,wk inc flu hosp,2026-04-11,quantile,0.5,14
2026-04-11,54,0,wk inc flu hosp,2026-04-11,quantile,0.55,15
2026-04-11,54,0,wk inc flu hosp,2026-04-11,quantile,0.6,17
2026-04-11,54,0,wk inc flu hosp,2026-04-11,quantile,0.65,18
2026-04-11,54,0,wk inc flu hosp,2026-04-11,quantile,0.7,19
2026-04-11,54,0,wk inc flu hosp,2026-04-11,quantile,0.75,21
2026-04-11,54,0,wk inc flu hosp,2026-04-11,quantile,0.8,23
2026-04-11,54,0,wk inc flu hosp,2026-04-11,quantile,0.85,26
2026-04-11,54,0,wk inc flu hosp,2026-04-11,quantile,0.9,31
2026-04-11,54,0,wk inc flu hosp,2026-04-11,quantile,0.95,36
2026-04-11,54,0,wk inc flu hosp,2026-04-11,quantile,0.975,44
2026-04-11,54,0,wk inc flu hosp,2026-04-11,quantile,0.99,52
2026-04-11,54,1,wk inc flu hosp,2026-04-18,quantile,0.01,0
2026-04-11,54,1,wk inc flu hosp,2026-04-18,quantile,0.025,0
2026-04-11,54,1,wk inc flu hosp,2026-04-18,quantile,0.05,1
2026-04-11,54,1,wk inc flu hosp,2026-04-18,quantile,0.1,2
2026-04-11,54,1,wk inc flu hosp,2026-04-18,quantile,0.15,3
2026-04-11,54,1,wk inc flu hosp,2026-04-18,quantile,0.2,4
2026-04-11,54,1,wk inc flu hosp,2026-04-18,quantile,0.25,4
2026-04-11,54,1,wk inc flu hosp,2026-04-18,quantile,0.3,5
2026-04-11,54,1,wk inc flu hosp,2026-04-18,quantile,0.35,6
2026-04-11,54,1,wk inc flu hosp,2026-04-18,quantile,0.4,7
2026-04-11,54,1,wk inc flu hosp,2026-04-18,quantile,0.45,8
2026-04-11,54,1,wk inc flu hosp,2026-04-18,quantile,0.5,9
2026-04-11,54,1,wk inc flu hosp,2026-04-18,quantile,0.55,10
2026-04-11,54,1,wk inc flu hosp,2026-04-18,quantile,0.6,10
2026-04-11,54,1,wk inc flu hosp,2026-04-18,quantile,0.65,13
2026-04-11,54,1,wk inc flu hosp,2026-04-18,quantile,0.7,15
2026-04-11,54,1,wk inc flu hosp,2026-04-18,quantile,0.75,17
2026-04-11,54,1,wk inc flu hosp,2026-04-18,quantile,0.8,19
2026-04-11,54,1,wk inc flu hosp,2026-04-18,quantile,0.85,21
2026-04-11,54,1,wk inc flu hosp,2026-04-18,quantile,0.9,26
2026-04-11,54,1,wk inc flu hosp,2026-04-18,quantile,0.95,34
2026-04-11,54,1,wk inc flu hosp,2026-04-18,quantile,0.975,43
2026-04-11,54,1,wk inc flu hosp,2026-04-18,quantile,0.99,54
2026-04-11,54,2,wk inc flu hosp,2026-04-25,quantile,0.01,0
2026-04-11,54,2,wk inc flu hosp,2026-04-25,quantile,0.025,0
2026-04-11,54,2,wk inc flu hosp,2026-04-25,quantile,0.05,0
2026-04-11,54,2,wk inc flu hosp,2026-04-25,quantile,0.1,0
2026-04-11,54,2,wk inc flu hosp,2026-04-25,quantile,0.15,1
2026-04-11,54,2,wk inc flu hosp,2026-04-25,quantile,0.2,2
2026-04-11,54,2,wk inc flu hosp,2026-04-25,quantile,0.25,2
2026-04-11,54,2,wk inc flu hosp,2026-04-25,quantile,0.3,3
2026-04-11,54,2,wk inc flu hosp,2026-04-25,quantile,0.35,3
2026-04-11,54,2,wk inc flu hosp,2026-04-25,quantile,0.4,4
2026-04-11,54,2,wk inc flu hosp,2026-04-25,quantile,0.45,5
2026-04-11,54,2,wk inc flu hosp,2026-04-25,quantile,0.5,7
2026-04-11,54,2,wk inc flu hosp,2026-04-25,quantile,0.55,7
2026-04-11,54,2,wk inc flu hosp,2026-04-25,quantile,0.6,9
2026-04-11,54,2,wk inc flu hosp,2026-04-25,quantile,0.65,10
2026-04-11,54,2,wk inc flu hosp,2026-04-25,quantile,0.7,12
2026-04-11,54,2,wk inc flu hosp,2026-04-25,quantile,0.75,15
2026-04-11,54,2,wk inc flu hosp,2026-04-25,quantile,0.8,17
2026-04-11,54,2,wk inc flu hosp,2026-04-25,quantile,0.85,19
2026-04-11,54,2,wk inc flu hosp,2026-04-25,quantile,0.9,22
2026-04-11,54,2,wk inc flu hosp,2026-04-25,quantile,0.95,32
2026-04-11,54,2,wk inc flu hosp,2026-04-25,quantile,0.975,41
2026-04-11,54,2,wk inc flu hosp,2026-04-25,quantile,0.99,52
2026-04-11,54,3,wk inc flu hosp,2026-05-02,quantile,0.01,0
2026-04-11,54,3,wk inc flu hosp,2026-05-02,quantile,0.025,0
2026-04-11,54,3,wk inc flu hosp,2026-05-02,quantile,0.05,0
2026-04-11,54,3,wk inc flu hosp,2026-05-02,quantile,0.1,0
2026-04-11,54,3,wk inc flu hosp,2026-05-02,quantile,0.15,1
2026-04-11,54,3,wk inc flu hosp,2026-05-02,quantile,0.2,1
2026-04-11,54,3,wk inc flu hosp,2026-05-02,quantile,0.25,1
2026-04-11,54,3,wk inc flu hosp,2026-05-02,quantile,0.3,2
2026-04-11,54,3,wk inc flu hosp,2026-05-02,quantile,0.35,2
2026-04-11,54,3,wk inc flu hosp,2026-05-02,quantile,0.4,2
2026-04-11,54,3,wk inc flu hosp,2026-05-02,quantile,0.45,4
2026-04-11,54,3,wk inc flu hosp,2026-05-02,quantile,0.5,6
2026-04-11,54,3,wk inc flu hosp,2026-05-02,quantile,0.55,6
2026-04-11,54,3,wk inc flu hosp,2026-05-02,quantile,0.6,7
2026-04-11,54,3,wk inc flu hosp,2026-05-02,quantile,0.65,8
2026-04-11,54,3,wk inc flu hosp,2026-05-02,quantile,0.7,10
2026-04-11,54,3,wk inc flu hosp,2026-05-02,quantile,0.75,13
2026-04-11,54,3,wk inc flu hosp,2026-05-02,quantile,0.8,15
2026-04-11,54,3,wk inc flu hosp,2026-05-02,quantile,0.85,18
2026-04-11,54,3,wk inc flu hosp,2026-05-02,quantile,0.9,22
2026-04-11,54,3,wk inc flu hosp,2026-05-02,quantile,0.95,30
2026-04-11,54,3,wk inc flu hosp,2026-05-02,quantile,0.975,45
2026-04-11,54,3,wk inc flu hosp,2026-05-02,quantile,0.99,66
2026-04-11,55,0,wk inc flu hosp,2026-04-11,quantile,0.01,8
2026-04-11,55,0,wk inc flu hosp,2026-04-11,quantile,0.025,11
2026-04-11,55,0,wk inc flu hosp,2026-04-11,quantile,0.05,13
2026-04-11,55,0,wk inc flu hosp,2026-04-11,quantile,0.1,17
2026-04-11,55,0,wk inc flu hosp,2026-04-11,quantile,0.15,20
2026-04-11,55,0,wk inc flu hosp,2026-04-11,quantile,0.2,22
2026-04-11,55,0,wk inc flu hosp,2026-04-11,quantile,0.25,25
2026-04-11,55,0,wk inc flu hosp,2026-04-11,quantile,0.3,26
2026-04-11,55,0,wk inc flu hosp,2026-04-11,quantile,0.35,28
2026-04-11,55,0,wk inc flu hosp,2026-04-11,quantile,0.4,30
2026-04-11,55,0,wk inc flu hosp,2026-04-11,quantile,0.45,33
2026-04-11,55,0,wk inc flu hosp,2026-04-11,quantile,0.5,36
2026-04-11,55,0,wk inc flu hosp,2026-04-11,quantile,0.55,39
2026-04-11,55,0,wk inc flu hosp,2026-04-11,quantile,0.6,42
2026-04-11,55,0,wk inc flu hosp,2026-04-11,quantile,0.65,45
2026-04-11,55,0,wk inc flu hosp,2026-04-11,quantile,0.7,48
2026-04-11,55,0,wk inc flu hosp,2026-04-11,quantile,0.75,51
2026-04-11,55,0,wk inc flu hosp,2026-04-11,quantile,0.8,54
2026-04-11,55,0,wk inc flu hosp,2026-04-11,quantile,0.85,60
2026-04-11,55,0,wk inc flu hosp,2026-04-11,quantile,0.9,67
2026-04-11,55,0,wk inc flu hosp,2026-04-11,quantile,0.95,80
2026-04-11,55,0,wk inc flu hosp,2026-04-11,quantile,0.975,97
2026-04-11,55,0,wk inc flu hosp,2026-04-11,quantile,0.99,112
2026-04-11,55,1,wk inc flu hosp,2026-04-18,quantile,0.01,2
2026-04-11,55,1,wk inc flu hosp,2026-04-18,quantile,0.025,5
2026-04-11,55,1,wk inc flu hosp,2026-04-18,quantile,0.05,6
2026-04-11,55,1,wk inc flu hosp,2026-04-18,quantile,0.1,8
2026-04-11,55,1,wk inc flu hosp,2026-04-18,quantile,0.15,9
2026-04-11,55,1,wk inc flu hosp,2026-04-18,quantile,0.2,13
2026-04-11,55,1,wk inc flu hosp,2026-04-18,quantile,0.25,15
2026-04-11,55,1,wk inc flu hosp,2026-04-18,quantile,0.3,17
2026-04-11,55,1,wk inc flu hosp,2026-04-18,quantile,0.35,19
2026-04-11,55,1,wk inc flu hosp,2026-04-18,quantile,0.4,21
2026-04-11,55,1,wk inc flu hosp,2026-04-18,quantile,0.45,23
2026-04-11,55,1,wk inc flu hosp,2026-04-18,quantile,0.5,27
2026-04-11,55,1,wk inc flu hosp,2026-04-18,quantile,0.55,31
2026-04-11,55,1,wk inc flu hosp,2026-04-18,quantile,0.6,35
2026-04-11,55,1,wk inc flu hosp,2026-04-18,quantile,0.65,38
2026-04-11,55,1,wk inc flu hosp,2026-04-18,quantile,0.7,41
2026-04-11,55,1,wk inc flu hosp,2026-04-18,quantile,0.75,45
2026-04-11,55,1,wk inc flu hosp,2026-04-18,quantile,0.8,49
2026-04-11,55,1,wk inc flu hosp,2026-04-18,quantile,0.85,55
2026-04-11,55,1,wk inc flu hosp,2026-04-18,quantile,0.9,63
2026-04-11,55,1,wk inc flu hosp,2026-04-18,quantile,0.95,73
2026-04-11,55,1,wk inc flu hosp,2026-04-18,quantile,0.975,85
2026-04-11,55,1,wk inc flu hosp,2026-04-18,quantile,0.99,104
2026-04-11,55,2,wk inc flu hosp,2026-04-25,quantile,0.01,1
2026-04-11,55,2,wk inc flu hosp,2026-04-25,quantile,0.025,2
2026-04-11,55,2,wk inc flu hosp,2026-04-25,quantile,0.05,3
2026-04-11,55,2,wk inc flu hosp,2026-04-25,quantile,0.1,5
2026-04-11,55,2,wk inc flu hosp,2026-04-25,quantile,0.15,6
2026-04-11,55,2,wk inc flu hosp,2026-04-25,quantile,0.2,8
2026-04-11,55,2,wk inc flu hosp,2026-04-25,quantile,0.25,10
2026-04-11,55,2,wk inc flu hosp,2026-04-25,quantile,0.3,12
2026-04-11,55,2,wk inc flu hosp,2026-04-25,quantile,0.35,13
2026-04-11,55,2,wk inc flu hosp,2026-04-25,quantile,0.4,15
2026-04-11,55,2,wk inc flu hosp,2026-04-25,quantile,0.45,17
2026-04-11,55,2,wk inc flu hosp,2026-04-25,quantile,0.5,22
2026-04-11,55,2,wk inc flu hosp,2026-04-25,quantile,0.55,24
2026-04-11,55,2,wk inc flu hosp,2026-04-25,quantile,0.6,28
2026-04-11,55,2,wk inc flu hosp,2026-04-25,quantile,0.65,32
2026-04-11,55,2,wk inc flu hosp,2026-04-25,quantile,0.7,35
2026-04-11,55,2,wk inc flu hosp,2026-04-25,quantile,0.75,38
2026-04-11,55,2,wk inc flu hosp,2026-04-25,quantile,0.8,43
2026-04-11,55,2,wk inc flu hosp,2026-04-25,quantile,0.85,48
2026-04-11,55,2,wk inc flu hosp,2026-04-25,quantile,0.9,59
2026-04-11,55,2,wk inc flu hosp,2026-04-25,quantile,0.95,72
2026-04-11,55,2,wk inc flu hosp,2026-04-25,quantile,0.975,90
2026-04-11,55,2,wk inc flu hosp,2026-04-25,quantile,0.99,109
2026-04-11,55,3,wk inc flu hosp,2026-05-02,quantile,0.01,0
2026-04-11,55,3,wk inc flu hosp,2026-05-02,quantile,0.025,0
2026-04-11,55,3,wk inc flu hosp,2026-05-02,quantile,0.05,2
2026-04-11,55,3,wk inc flu hosp,2026-05-02,quantile,0.1,3
2026-04-11,55,3,wk inc flu hosp,2026-05-02,quantile,0.15,4
2026-04-11,55,3,wk inc flu hosp,2026-05-02,quantile,0.2,5
2026-04-11,55,3,wk inc flu hosp,2026-05-02,quantile,0.25,7
2026-04-11,55,3,wk inc flu hosp,2026-05-02,quantile,0.3,8
2026-04-11,55,3,wk inc flu hosp,2026-05-02,quantile,0.35,9
2026-04-11,55,3,wk inc flu hosp,2026-05-02,quantile,0.4,11
2026-04-11,55,3,wk inc flu hosp,2026-05-02,quantile,0.45,13
2026-04-11,55,3,wk inc flu hosp,2026-05-02,quantile,0.5,15
2026-04-11,55,3,wk inc flu hosp,2026-05-02,quantile,0.55,19
2026-04-11,55,3,wk inc flu hosp,2026-05-02,quantile,0.6,23
2026-04-11,55,3,wk inc flu hosp,2026-05-02,quantile,0.65,27
2026-04-11,55,3,wk inc flu hosp,2026-05-02,quantile,0.7,30
2026-04-11,55,3,wk inc flu hosp,2026-05-02,quantile,0.75,34
2026-04-11,55,3,wk inc flu hosp,2026-05-02,quantile,0.8,37
2026-04-11,55,3,wk inc flu hosp,2026-05-02,quantile,0.85,42
2026-04-11,55,3,wk inc flu hosp,2026-05-02,quantile,0.9,51
2026-04-11,55,3,wk inc flu hosp,2026-05-02,quantile,0.95,73
2026-04-11,55,3,wk inc flu hosp,2026-05-02,quantile,0.975,95
2026-04-11,55,3,wk inc flu hosp,2026-05-02,quantile,0.99,136
2026-04-11,56,0,wk inc flu hosp,2026-04-11,quantile,0.01,0
2026-04-11,56,0,wk inc flu hosp,2026-04-11,quantile,0.025,1
2026-04-11,56,0,wk inc flu hosp,2026-04-11,quantile,0.05,1
2026-04-11,56,0,wk inc flu hosp,2026-04-11,quantile,0.1,2
2026-04-11,56,0,wk inc flu hosp,2026-04-11,quantile,0.15,3
2026-04-11,56,0,wk inc flu hosp,2026-04-11,quantile,0.2,3
2026-04-11,56,0,wk inc flu hosp,2026-04-11,quantile,0.25,4
2026-04-11,56,0,wk inc flu hosp,2026-04-11,quantile,0.3,4
2026-04-11,56,0,wk inc flu hosp,2026-04-11,quantile,0.35,5
2026-04-11,56,0,wk inc flu hosp,2026-04-11,quantile,0.4,6
2026-04-11,56,0,wk inc flu hosp,2026-04-11,quantile,0.45,6
2026-04-11,56,0,wk inc flu hosp,2026-04-11,quantile,0.5,7
2026-04-11,56,0,wk inc flu hosp,2026-04-11,quantile,0.55,7
2026-04-11,56,0,wk inc flu hosp,2026-04-11,quantile,0.6,8
2026-04-11,56,0,wk inc flu hosp,2026-04-11,quantile,0.65,9
2026-04-11,56,0,wk inc flu hosp,2026-04-11,quantile,0.7,10
2026-04-11,56,0,wk inc flu hosp,2026-04-11,quantile,0.75,11
2026-04-11,56,0,wk inc flu hosp,2026-04-11,quantile,0.8,12
2026-04-11,56,0,wk inc flu hosp,2026-04-11,quantile,0.85,13
2026-04-11,56,0,wk inc flu hosp,2026-04-11,quantile,0.9,14
2026-04-11,56,0,wk inc flu hosp,2026-04-11,quantile,0.95,17
2026-04-11,56,0,wk inc flu hosp,2026-04-11,quantile,0.975,20
2026-04-11,56,0,wk inc flu hosp,2026-04-11,quantile,0.99,23
2026-04-11,56,1,wk inc flu hosp,2026-04-18,quantile,0.01,0
2026-04-11,56,1,wk inc flu hosp,2026-04-18,quantile,0.025,0
2026-04-11,56,1,wk inc flu hosp,2026-04-18,quantile,0.05,1
2026-04-11,56,1,wk inc flu hosp,2026-04-18,quantile,0.1,1
2026-04-11,56,1,wk inc flu hosp,2026-04-18,quantile,0.15,2
2026-04-11,56,1,wk inc flu hosp,2026-04-18,quantile,0.2,2
2026-04-11,56,1,wk inc flu hosp,2026-04-18,quantile,0.25,3
2026-04-11,56,1,wk inc flu hosp,2026-04-18,quantile,0.3,3
2026-04-11,56,1,wk inc flu hosp,2026-04-18,quantile,0.35,4
2026-04-11,56,1,wk inc flu hosp,2026-04-18,quantile,0.4,5
2026-04-11,56,1,wk inc flu hosp,2026-04-18,quantile,0.45,5
2026-04-11,56,1,wk inc flu hosp,2026-04-18,quantile,0.5,6
2026-04-11,56,1,wk inc flu hosp,2026-04-18,quantile,0.55,7
2026-04-11,56,1,wk inc flu hosp,2026-04-18,quantile,0.6,7
2026-04-11,56,1,wk inc flu hosp,2026-04-18,quantile,0.65,8
2026-04-11,56,1,wk inc flu hosp,2026-04-18,quantile,0.7,9
2026-04-11,56,1,wk inc flu hosp,2026-04-18,quantile,0.75,10
2026-04-11,56,1,wk inc flu hosp,2026-04-18,quantile,0.8,11
2026-04-11,56,1,wk inc flu hosp,2026-04-18,quantile,0.85,13
2026-04-11,56,1,wk inc flu hosp,2026-04-18,quantile,0.9,14
2026-04-11,56,1,wk inc flu hosp,2026-04-18,quantile,0.95,18
2026-04-11,56,1,wk inc flu hosp,2026-04-18,quantile,0.975,21
2026-04-11,56,1,wk inc flu hosp,2026-04-18,quantile,0.99,28
2026-04-11,56,2,wk inc flu hosp,2026-04-25,quantile,0.01,0
2026-04-11,56,2,wk inc flu hosp,2026-04-25,quantile,0.025,0
2026-04-11,56,2,wk inc flu hosp,2026-04-25,quantile,0.05,0
2026-04-11,56,2,wk inc flu hosp,2026-04-25,quantile,0.1,0
2026-04-11,56,2,wk inc flu hosp,2026-04-25,quantile,0.15,1
2026-04-11,56,2,wk inc flu hosp,2026-04-25,quantile,0.2,1
2026-04-11,56,2,wk inc flu hosp,2026-04-25,quantile,0.25,2
2026-04-11,56,2,wk inc flu hosp,2026-04-25,quantile,0.3,3
2026-04-11,56,2,wk inc flu hosp,2026-04-25,quantile,0.35,3
2026-04-11,56,2,wk inc flu hosp,2026-04-25,quantile,0.4,3
2026-04-11,56,2,wk inc flu hosp,2026-04-25,quantile,0.45,4
2026-04-11,56,2,wk inc flu hosp,2026-04-25,quantile,0.5,5
2026-04-11,56,2,wk inc flu hosp,2026-04-25,quantile,0.55,6
2026-04-11,56,2,wk inc flu hosp,2026-04-25,quantile,0.6,6
2026-04-11,56,2,wk inc flu hosp,2026-04-25,quantile,0.65,7
2026-04-11,56,2,wk inc flu hosp,2026-04-25,quantile,0.7,8
2026-04-11,56,2,wk inc flu hosp,2026-04-25,quantile,0.75,10
2026-04-11,56,2,wk inc flu hosp,2026-04-25,quantile,0.8,11
2026-04-11,56,2,wk inc flu hosp,2026-04-25,quantile,0.85,13
2026-04-11,56,2,wk inc flu hosp,2026-04-25,quantile,0.9,15
2026-04-11,56,2,wk inc flu hosp,2026-04-25,quantile,0.95,19
2026-04-11,56,2,wk inc flu hosp,2026-04-25,quantile,0.975,22
2026-04-11,56,2,wk inc flu hosp,2026-04-25,quantile,0.99,28
2026-04-11,56,3,wk inc flu hosp,2026-05-02,quantile,0.01,0
2026-04-11,56,3,wk inc flu hosp,2026-05-02,quantile,0.025,0
2026-04-11,56,3,wk inc flu hosp,2026-05-02,quantile,0.05,0
2026-04-11,56,3,wk inc flu hosp,2026-05-02,quantile,0.1,0
2026-04-11,56,3,wk inc flu hosp,2026-05-02,quantile,0.15,0
2026-04-11,56,3,wk inc flu hosp,2026-05-02,quantile,0.2,1
2026-04-11,56,3,wk inc flu hosp,2026-05-02,quantile,0.25,1
2026-04-11,56,3,wk inc flu hosp,2026-05-02,quantile,0.3,2
2026-04-11,56,3,wk inc flu hosp,2026-05-02,quantile,0.35,2
2026-04-11,56,3,wk inc flu hosp,2026-05-02,quantile,0.4,3
2026-04-11,56,3,wk inc flu hosp,2026-05-02,quantile,0.45,4
2026-04-11,56,3,wk inc flu hosp,2026-05-02,quantile,0.5,4
2026-04-11,56,3,wk inc flu hosp,2026-05-02,quantile,0.55,5
2026-04-11,56,3,wk inc flu hosp,2026-05-02,quantile,0.6,6
2026-04-11,56,3,wk inc flu hosp,2026-05-02,quantile,0.65,7
2026-04-11,56,3,wk inc flu hosp,2026-05-02,quantile,0.7,7
2026-04-11,56,3,wk inc flu hosp,2026-05-02,quantile,0.75,9
2026-04-11,56,3,wk inc flu hosp,2026-05-02,quantile,0.8,11
2026-04-11,56,3,wk inc flu hosp,2026-05-02,quantile,0.85,12
2026-04-11,56,3,wk inc flu hosp,2026-05-02,quantile,0.9,15
2026-04-11,56,3,wk inc flu hosp,2026-05-02,quantile,0.95,18
2026-04-11,56,3,wk inc flu hosp,2026-05-02,quantile,0.975,24
2026-04-11,56,3,wk inc flu hosp,2026-05-02,quantile,0.99,28
2026-04-11,72,0,wk inc flu hosp,2026-04-11,quantile,0.01,29
2026-04-11,72,0,wk inc flu hosp,2026-04-11,quantile,0.025,38
2026-04-11,72,0,wk inc flu hosp,2026-04-11,quantile,0.05,46
2026-04-11,72,0,wk inc flu hosp,2026-04-11,quantile,0.1,56
2026-04-11,72,0,wk inc flu hosp,2026-04-11,quantile,0.15,63
2026-04-11,72,0,wk inc flu hosp,2026-04-11,quantile,0.2,69
2026-04-11,72,0,wk inc flu hosp,2026-04-11,quantile,0.25,74
2026-04-11,72,0,wk inc flu hosp,2026-04-11,quantile,0.3,78
2026-04-11,72,0,wk inc flu hosp,2026-04-11,quantile,0.35,84
2026-04-11,72,0,wk inc flu hosp,2026-04-11,quantile,0.4,87
2026-04-11,72,0,wk inc flu hosp,2026-04-11,quantile,0.45,91
2026-04-11,72,0,wk inc flu hosp,2026-04-11,quantile,0.5,94
2026-04-11,72,0,wk inc flu hosp,2026-04-11,quantile,0.55,97
2026-04-11,72,0,wk inc flu hosp,2026-04-11,quantile,0.6,100
2026-04-11,72,0,wk inc flu hosp,2026-04-11,quantile,0.65,106
2026-04-11,72,0,wk inc flu hosp,2026-04-11,quantile,0.7,113
2026-04-11,72,0,wk inc flu hosp,2026-04-11,quantile,0.75,118
2026-04-11,72,0,wk inc flu hosp,2026-04-11,quantile,0.8,122
2026-04-11,72,0,wk inc flu hosp,2026-04-11,quantile,0.85,133
2026-04-11,72,0,wk inc flu hosp,2026-04-11,quantile,0.9,148
2026-04-11,72,0,wk inc flu hosp,2026-04-11,quantile,0.95,168
2026-04-11,72,0,wk inc flu hosp,2026-04-11,quantile,0.975,179
2026-04-11,72,0,wk inc flu hosp,2026-04-11,quantile,0.99,191
2026-04-11,72,1,wk inc flu hosp,2026-04-18,quantile,0.01,24
2026-04-11,72,1,wk inc flu hosp,2026-04-18,quantile,0.025,29
2026-04-11,72,1,wk inc flu hosp,2026-04-18,quantile,0.05,37
2026-04-11,72,1,wk inc flu hosp,2026-04-18,quantile,0.1,46
2026-04-11,72,1,wk inc flu hosp,2026-04-18,quantile,0.15,54
2026-04-11,72,1,wk inc flu hosp,2026-04-18,quantile,0.2,60
2026-04-11,72,1,wk inc flu hosp,2026-04-18,quantile,0.25,66
2026-04-11,72,1,wk inc flu hosp,2026-04-18,quantile,0.3,72
2026-04-11,72,1,wk inc flu hosp,2026-04-18,quantile,0.35,77
2026-04-11,72,1,wk inc flu hosp,2026-04-18,quantile,0.4,81
2026-04-11,72,1,wk inc flu hosp,2026-04-18,quantile,0.45,86
2026-04-11,72,1,wk inc flu hosp,2026-04-18,quantile,0.5,90
2026-04-11,72,1,wk inc flu hosp,2026-04-18,quantile,0.55,95
2026-04-11,72,1,wk inc flu hosp,2026-04-18,quantile,0.6,99
2026-04-11,72,1,wk inc flu hosp,2026-04-18,quantile,0.65,104
2026-04-11,72,1,wk inc flu hosp,2026-04-18,quantile,0.7,110
2026-04-11,72,1,wk inc flu hosp,2026-04-18,quantile,0.75,117
2026-04-11,72,1,wk inc flu hosp,2026-04-18,quantile,0.8,129
2026-04-11,72,1,wk inc flu hosp,2026-04-18,quantile,0.85,138
2026-04-11,72,1,wk inc flu hosp,2026-04-18,quantile,0.9,151
2026-04-11,72,1,wk inc flu hosp,2026-04-18,quantile,0.95,185
2026-04-11,72,1,wk inc flu hosp,2026-04-18,quantile,0.975,218
2026-04-11,72,1,wk inc flu hosp,2026-04-18,quantile,0.99,249
2026-04-11,72,2,wk inc flu hosp,2026-04-25,quantile,0.01,16
2026-04-11,72,2,wk inc flu hosp,2026-04-25,quantile,0.025,21
2026-04-11,72,2,wk inc flu hosp,2026-04-25,quantile,0.05,28
2026-04-11,72,2,wk inc flu hosp,2026-04-25,quantile,0.1,39
2026-04-11,72,2,wk inc flu hosp,2026-04-25,quantile,0.15,45
2026-04-11,72,2,wk inc flu hosp,2026-04-25,quantile,0.2,51
2026-04-11,72,2,wk inc flu hosp,2026-04-25,quantile,0.25,58
2026-04-11,72,2,wk inc flu hosp,2026-04-25,quantile,0.3,64
2026-04-11,72,2,wk inc flu hosp,2026-04-25,quantile,0.35,69
2026-04-11,72,2,wk inc flu hosp,2026-04-25,quantile,0.4,75
2026-04-11,72,2,wk inc flu hosp,2026-04-25,quantile,0.45,79
2026-04-11,72,2,wk inc flu hosp,2026-04-25,quantile,0.5,86
2026-04-11,72,2,wk inc flu hosp,2026-04-25,quantile,0.55,91
2026-04-11,72,2,wk inc flu hosp,2026-04-25,quantile,0.6,97
2026-04-11,72,2,wk inc flu hosp,2026-04-25,quantile,0.65,101
2026-04-11,72,2,wk inc flu hosp,2026-04-25,quantile,0.7,105
2026-04-11,72,2,wk inc flu hosp,2026-04-25,quantile,0.75,111
2026-04-11,72,2,wk inc flu hosp,2026-04-25,quantile,0.8,123
2026-04-11,72,2,wk inc flu hosp,2026-04-25,quantile,0.85,138
2026-04-11,72,2,wk inc flu hosp,2026-04-25,quantile,0.9,158
2026-04-11,72,2,wk inc flu hosp,2026-04-25,quantile,0.95,197
2026-04-11,72,2,wk inc flu hosp,2026-04-25,quantile,0.975,237
2026-04-11,72,2,wk inc flu hosp,2026-04-25,quantile,0.99,272
2026-04-11,72,3,wk inc flu hosp,2026-05-02,quantile,0.01,13
2026-04-11,72,3,wk inc flu hosp,2026-05-02,quantile,0.025,17
2026-04-11,72,3,wk inc flu hosp,2026-05-02,quantile,0.05,22
2026-04-11,72,3,wk inc flu hosp,2026-05-02,quantile,0.1,31
2026-04-11,72,3,wk inc flu hosp,2026-05-02,quantile,0.15,39
2026-04-11,72,3,wk inc flu hosp,2026-05-02,quantile,0.2,46
2026-04-11,72,3,wk inc flu hosp,2026-05-02,quantile,0.25,52
2026-04-11,72,3,wk inc flu hosp,2026-05-02,quantile,0.3,59
2026-04-11,72,3,wk inc flu hosp,2026-05-02,quantile,0.35,65
2026-04-11,72,3,wk inc flu hosp,2026-05-02,quantile,0.4,70
2026-04-11,72,3,wk inc flu hosp,2026-05-02,quantile,0.45,75
2026-04-11,72,3,wk inc flu hosp,2026-05-02,quantile,0.5,82
2026-04-11,72,3,wk inc flu hosp,2026-05-02,quantile,0.55,88
2026-04-11,72,3,wk inc flu hosp,2026-05-02,quantile,0.6,94
2026-04-11,72,3,wk inc flu hosp,2026-05-02,quantile,0.65,98
2026-04-11,72,3,wk inc flu hosp,2026-05-02,quantile,0.7,107
2026-04-11,72,3,wk inc flu hosp,2026-05-02,quantile,0.75,118
2026-04-11,72,3,wk inc flu hosp,2026-05-02,quantile,0.8,127
2026-04-11,72,3,wk inc flu hosp,2026-05-02,quantile,0.85,141
2026-04-11,72,3,wk inc flu hosp,2026-05-02,quantile,0.9,161
2026-04-11,72,3,wk inc flu hosp,2026-05-02,quantile,0.95,211
2026-04-11,72,3,wk inc flu hosp,2026-05-02,quantile,0.975,246
2026-04-11,72,3,wk inc flu hosp,2026-05-02,quantile,0.99,297
2026-04-11,US,0,wk inc flu hosp,2026-04-11,quantile,0.01,748
2026-04-11,US,0,wk inc flu hosp,2026-04-11,quantile,0.025,926
2026-04-11,US,0,wk inc flu hosp,2026-04-11,quantile,0.05,1103
2026-04-11,US,0,wk inc flu hosp,2026-04-11,quantile,0.1,1334
2026-04-11,US,0,wk inc flu hosp,2026-04-11,quantile,0.15,1502
2026-04-11,US,0,wk inc flu hosp,2026-04-11,quantile,0.2,1609
2026-04-11,US,0,wk inc flu hosp,2026-04-11,quantile,0.25,1702
2026-04-11,US,0,wk inc flu hosp,2026-04-11,quantile,0.3,1807
2026-04-11,US,0,wk inc flu hosp,2026-04-11,quantile,0.35,1926
2026-04-11,US,0,wk inc flu hosp,2026-04-11,quantile,0.4,2043
2026-04-11,US,0,wk inc flu hosp,2026-04-11,quantile,0.45,2130
2026-04-11,US,0,wk inc flu hosp,2026-04-11,quantile,0.5,2223
2026-04-11,US,0,wk inc flu hosp,2026-04-11,quantile,0.55,2284
2026-04-11,US,0,wk inc flu hosp,2026-04-11,quantile,0.6,2342
2026-04-11,US,0,wk inc flu hosp,2026-04-11,quantile,0.65,2428
2026-04-11,US,0,wk inc flu hosp,2026-04-11,quantile,0.7,2525
2026-04-11,US,0,wk inc flu hosp,2026-04-11,quantile,0.75,2615
2026-04-11,US,0,wk inc flu hosp,2026-04-11,quantile,0.8,2708
2026-04-11,US,0,wk inc flu hosp,2026-04-11,quantile,0.85,2850
2026-04-11,US,0,wk inc flu hosp,2026-04-11,quantile,0.9,3054
2026-04-11,US,0,wk inc flu hosp,2026-04-11,quantile,0.95,3384
2026-04-11,US,0,wk inc flu hosp,2026-04-11,quantile,0.975,3780
2026-04-11,US,0,wk inc flu hosp,2026-04-11,quantile,0.99,4249
2026-04-11,US,1,wk inc flu hosp,2026-04-18,quantile,0.01,357
2026-04-11,US,1,wk inc flu hosp,2026-04-18,quantile,0.025,572
2026-04-11,US,1,wk inc flu hosp,2026-04-18,quantile,0.05,755
2026-04-11,US,1,wk inc flu hosp,2026-04-18,quantile,0.1,903
2026-04-11,US,1,wk inc flu hosp,2026-04-18,quantile,0.15,1069
2026-04-11,US,1,wk inc flu hosp,2026-04-18,quantile,0.2,1176
2026-04-11,US,1,wk inc flu hosp,2026-04-18,quantile,0.25,1245
2026-04-11,US,1,wk inc flu hosp,2026-04-18,quantile,0.3,1415
2026-04-11,US,1,wk inc flu hosp,2026-04-18,quantile,0.35,1524
2026-04-11,US,1,wk inc flu hosp,2026-04-18,quantile,0.4,1611
2026-04-11,US,1,wk inc flu hosp,2026-04-18,quantile,0.45,1687
2026-04-11,US,1,wk inc flu hosp,2026-04-18,quantile,0.5,1813
2026-04-11,US,1,wk inc flu hosp,2026-04-18,quantile,0.55,1923
2026-04-11,US,1,wk inc flu hosp,2026-04-18,quantile,0.6,1987
2026-04-11,US,1,wk inc flu hosp,2026-04-18,quantile,0.65,2079
2026-04-11,US,1,wk inc flu hosp,2026-04-18,quantile,0.7,2229
2026-04-11,US,1,wk inc flu hosp,2026-04-18,quantile,0.75,2383
2026-04-11,US,1,wk inc flu hosp,2026-04-18,quantile,0.8,2554
2026-04-11,US,1,wk inc flu hosp,2026-04-18,quantile,0.85,2733
2026-04-11,US,1,wk inc flu hosp,2026-04-18,quantile,0.9,2992
2026-04-11,US,1,wk inc flu hosp,2026-04-18,quantile,0.95,3477
2026-04-11,US,1,wk inc flu hosp,2026-04-18,quantile,0.975,3917
2026-04-11,US,1,wk inc flu hosp,2026-04-18,quantile,0.99,4466
2026-04-11,US,2,wk inc flu hosp,2026-04-25,quantile,0.01,121
2026-04-11,US,2,wk inc flu hosp,2026-04-25,quantile,0.025,233
2026-04-11,US,2,wk inc flu hosp,2026-04-25,quantile,0.05,507
2026-04-11,US,2,wk inc flu hosp,2026-04-25,quantile,0.1,675
2026-04-11,US,2,wk inc flu hosp,2026-04-25,quantile,0.15,779
2026-04-11,US,2,wk inc flu hosp,2026-04-25,quantile,0.2,880
2026-04-11,US,2,wk inc flu hosp,2026-04-25,quantile,0.25,928
2026-04-11,US,2,wk inc flu hosp,2026-04-25,quantile,0.3,996
2026-04-11,US,2,wk inc flu hosp,2026-04-25,quantile,0.35,1214
2026-04-11,US,2,wk inc flu hosp,2026-04-25,quantile,0.4,1300
2026-04-11,US,2,wk inc flu hosp,2026-04-25,quantile,0.45,1401
2026-04-11,US,2,wk inc flu hosp,2026-04-25,quantile,0.5,1540
2026-04-11,US,2,wk inc flu hosp,2026-04-25,quantile,0.55,1634
2026-04-11,US,2,wk inc flu hosp,2026-04-25,quantile,0.6,1740
2026-04-11,US,2,wk inc flu hosp,2026-04-25,quantile,0.65,1827
2026-04-11,US,2,wk inc flu hosp,2026-04-25,quantile,0.7,1999
2026-04-11,US,2,wk inc flu hosp,2026-04-25,quantile,0.75,2182
2026-04-11,US,2,wk inc flu hosp,2026-04-25,quantile,0.8,2372
2026-04-11,US,2,wk inc flu hosp,2026-04-25,quantile,0.85,2587
2026-04-11,US,2,wk inc flu hosp,2026-04-25,quantile,0.9,2875
2026-04-11,US,2,wk inc flu hosp,2026-04-25,quantile,0.95,3536
2026-04-11,US,2,wk inc flu hosp,2026-04-25,quantile,0.975,4089
2026-04-11,US,2,wk inc flu hosp,2026-04-25,quantile,0.99,4841
2026-04-11,US,3,wk inc flu hosp,2026-05-02,quantile,0.01,69
2026-04-11,US,3,wk inc flu hosp,2026-05-02,quantile,0.025,184
2026-04-11,US,3,wk inc flu hosp,2026-05-02,quantile,0.05,320
2026-04-11,US,3,wk inc flu hosp,2026-05-02,quantile,0.1,514
2026-04-11,US,3,wk inc flu hosp,2026-05-02,quantile,0.15,635
2026-04-11,US,3,wk inc flu hosp,2026-05-02,quantile,0.2,710
2026-04-11,US,3,wk inc flu hosp,2026-05-02,quantile,0.25,785
2026-04-11,US,3,wk inc flu hosp,2026-05-02,quantile,0.3,854
2026-04-11,US,3,wk inc flu hosp,2026-05-02,quantile,0.35,978
2026-04-11,US,3,wk inc flu hosp,2026-05-02,quantile,0.4,1110
2026-04-11,US,3,wk inc flu hosp,2026-05-02,quantile,0.45,1212
2026-04-11,US,3,wk inc flu hosp,2026-05-02,quantile,0.5,1306
2026-04-11,US,3,wk inc flu hosp,2026-05-02,quantile,0.55,1413
2026-04-11,US,3,wk inc flu hosp,2026-05-02,quantile,0.6,1575
2026-04-11,US,3,wk inc flu hosp,2026-05-02,quantile,0.65,1668
2026-04-11,US,3,wk inc flu hosp,2026-05-02,quantile,0.7,1827
2026-04-11,US,3,wk inc flu hosp,2026-05-02,quantile,0.75,1990
2026-04-11,US,3,wk inc flu hosp,2026-05-02,quantile,0.8,2190
2026-04-11,US,3,wk inc flu hosp,2026-05-02,quantile,0.85,2405
2026-04-11,US,3,wk inc flu hosp,2026-05-02,quantile,0.9,2753
2026-04-11,US,3,wk inc flu hosp,2026-05-02,quantile,0.95,3233
2026-04-11,US,3,wk inc flu hosp,2026-05-02,quantile,0.975,3809
2026-04-11,US,3,wk inc flu hosp,2026-05-02,quantile,0.99,4811
