reference_date,location,horizon,target,target_end_date,output_type,output_type_id,value
2026-05-02,01,0,wk inc flu hosp,2026-05-02,quantile,0.01,5
2026-05-02,01,0,wk inc flu hosp,2026-05-02,quantile,0.025,7
2026-05-02,01,0,wk inc flu hosp,2026-05-02,quantile,0.05,8
2026-05-02,01,0,wk inc flu hosp,2026-05-02,quantile,0.1,11
2026-05-02,01,0,wk inc flu hosp,2026-05-02,quantile,0.15,13
2026-05-02,01,0,wk inc flu hosp,2026-05-02,quantile,0.2,14
2026-05-02,01,0,wk inc flu hosp,2026-05-02,quantile,0.25,15
2026-05-02,01,0,wk inc flu hosp,2026-05-02,quantile,0.3,17
2026-05-02,01,0,wk inc flu hosp,2026-05-02,quantile,0.35,18
2026-05-02,01,0,wk inc flu hosp,2026-05-02,quantile,0.4,20
2026-05-02,01,0,wk inc flu hosp,2026-05-02,quantile,0.45,21
2026-05-02,01,0,wk inc flu hosp,2026-05-02,quantile,0.5,23
2026-05-02,01,0,wk inc flu hosp,2026-05-02,quantile,0.55,24
2026-05-02,01,0,wk inc flu hosp,2026-05-02,quantile,0.6,25
2026-05-02,01,0,wk inc flu hosp,2026-05-02,quantile,0.65,26
2026-05-02,01,0,wk inc flu hosp,2026-05-02,quantile,0.7,27
2026-05-02,01,0,wk inc flu hosp,2026-05-02,quantile,0.75,30
2026-05-02,01,0,wk inc flu hosp,2026-05-02,quantile,0.8,33
2026-05-02,01,0,wk inc flu hosp,2026-05-02,quantile,0.85,34
2026-05-02,01,0,wk inc flu hosp,2026-05-02,quantile,0.9,38
2026-05-02,01,0,wk inc flu hosp,2026-05-02,quantile,0.95,43
2026-05-02,01,0,wk inc flu hosp,2026-05-02,quantile,0.975,51
2026-05-02,01,0,wk inc flu hosp,2026-05-02,quantile,0.99,60
2026-05-02,01,1,wk inc flu hosp,2026-05-09,quantile,0.01,2
2026-05-02,01,1,wk inc flu hosp,2026-05-09,quantile,0.025,3
2026-05-02,01,1,wk inc flu hosp,2026-05-09,quantile,0.05,5
2026-05-02,01,1,wk inc flu hosp,2026-05-09,quantile,0.1,7
2026-05-02,01,1,wk inc flu hosp,2026-05-09,quantile,0.15,9
2026-05-02,01,1,wk inc flu hosp,2026-05-09,quantile,0.2,11
2026-05-02,01,1,wk inc flu hosp,2026-05-09,quantile,0.25,13
2026-05-02,01,1,wk inc flu hosp,2026-05-09,quantile,0.3,14
2026-05-02,01,1,wk inc flu hosp,2026-05-09,quantile,0.35,16
2026-05-02,01,1,wk inc flu hosp,2026-05-09,quantile,0.4,17
2026-05-02,01,1,wk inc flu hosp,2026-05-09,quantile,0.45,18
2026-05-02,01,1,wk inc flu hosp,2026-05-09,quantile,0.5,19
2026-05-02,01,1,wk inc flu hosp,2026-05-09,quantile,0.55,20
2026-05-02,01,1,wk inc flu hosp,2026-05-09,quantile,0.6,23
2026-05-02,01,1,wk inc flu hosp,2026-05-09,quantile,0.65,25
2026-05-02,01,1,wk inc flu hosp,2026-05-09,quantile,0.7,26
2026-05-02,01,1,wk inc flu hosp,2026-05-09,quantile,0.75,29
2026-05-02,01,1,wk inc flu hosp,2026-05-09,quantile,0.8,31
2026-05-02,01,1,wk inc flu hosp,2026-05-09,quantile,0.85,34
2026-05-02,01,1,wk inc flu hosp,2026-05-09,quantile,0.9,38
2026-05-02,01,1,wk inc flu hosp,2026-05-09,quantile,0.95,43
2026-05-02,01,1,wk inc flu hosp,2026-05-09,quantile,0.975,50
2026-05-02,01,1,wk inc flu hosp,2026-05-09,quantile,0.99,61
2026-05-02,01,2,wk inc flu hosp,2026-05-16,quantile,0.01,1
2026-05-02,01,2,wk inc flu hosp,2026-05-16,quantile,0.025,1
2026-05-02,01,2,wk inc flu hosp,2026-05-16,quantile,0.05,3
2026-05-02,01,2,wk inc flu hosp,2026-05-16,quantile,0.1,6
2026-05-02,01,2,wk inc flu hosp,2026-05-16,quantile,0.15,7
2026-05-02,01,2,wk inc flu hosp,2026-05-16,quantile,0.2,9
2026-05-02,01,2,wk inc flu hosp,2026-05-16,quantile,0.25,10
2026-05-02,01,2,wk inc flu hosp,2026-05-16,quantile,0.3,12
2026-05-02,01,2,wk inc flu hosp,2026-05-16,quantile,0.35,14
2026-05-02,01,2,wk inc flu hosp,2026-05-16,quantile,0.4,14
2026-05-02,01,2,wk inc flu hosp,2026-05-16,quantile,0.45,16
2026-05-02,01,2,wk inc flu hosp,2026-05-16,quantile,0.5,17
2026-05-02,01,2,wk inc flu hosp,2026-05-16,quantile,0.55,19
2026-05-02,01,2,wk inc flu hosp,2026-05-16,quantile,0.6,21
2026-05-02,01,2,wk inc flu hosp,2026-05-16,quantile,0.65,23
2026-05-02,01,2,wk inc flu hosp,2026-05-16,quantile,0.7,26
2026-05-02,01,2,wk inc flu hosp,2026-05-16,quantile,0.75,29
2026-05-02,01,2,wk inc flu hosp,2026-05-16,quantile,0.8,32
2026-05-02,01,2,wk inc flu hosp,2026-05-16,quantile,0.85,36
2026-05-02,01,2,wk inc flu hosp,2026-05-16,quantile,0.9,38
2026-05-02,01,2,wk inc flu hosp,2026-05-16,quantile,0.95,44
2026-05-02,01,2,wk inc flu hosp,2026-05-16,quantile,0.975,50
2026-05-02,01,2,wk inc flu hosp,2026-05-16,quantile,0.99,61
2026-05-02,01,3,wk inc flu hosp,2026-05-23,quantile,0.01,1
2026-05-02,01,3,wk inc flu hosp,2026-05-23,quantile,0.025,1
2026-05-02,01,3,wk inc flu hosp,2026-05-23,quantile,0.05,2
2026-05-02,01,3,wk inc flu hosp,2026-05-23,quantile,0.1,4
2026-05-02,01,3,wk inc flu hosp,2026-05-23,quantile,0.15,6
2026-05-02,01,3,wk inc flu hosp,2026-05-23,quantile,0.2,7
2026-05-02,01,3,wk inc flu hosp,2026-05-23,quantile,0.25,9
2026-05-02,01,3,wk inc flu hosp,2026-05-23,quantile,0.3,10
2026-05-02,01,3,wk inc flu hosp,2026-05-23,quantile,0.35,11
2026-05-02,01,3,wk inc flu hosp,2026-05-23,quantile,0.4,12
2026-05-02,01,3,wk inc flu hosp,2026-05-23,quantile,0.45,13
2026-05-02,01,3,wk inc flu hosp,2026-05-23,quantile,0.5,15
2026-05-02,01,3,wk inc flu hosp,2026-05-23,quantile,0.55,17
2026-05-02,01,3,wk inc flu hosp,2026-05-23,quantile,0.6,19
2026-05-02,01,3,wk inc flu hosp,2026-05-23,quantile,0.65,22
2026-05-02,01,3,wk inc flu hosp,2026-05-23,quantile,0.7,25
2026-05-02,01,3,wk inc flu hosp,2026-05-23,quantile,0.75,29
2026-05-02,01,3,wk inc flu hosp,2026-05-23,quantile,0.8,33
2026-05-02,01,3,wk inc flu hosp,2026-05-23,quantile,0.85,36
2026-05-02,01,3,wk inc flu hosp,2026-05-23,quantile,0.9,38
2026-05-02,01,3,wk inc flu hosp,2026-05-23,quantile,0.95,43
2026-05-02,01,3,wk inc flu hosp,2026-05-23,quantile,0.975,53
2026-05-02,01,3,wk inc flu hosp,2026-05-23,quantile,0.99,66
2026-05-02,02,0,wk inc flu hosp,2026-05-02,quantile,0.01,0
2026-05-02,02,0,wk inc flu hosp,2026-05-02,quantile,0.025,0
2026-05-02,02,0,wk inc flu hosp,2026-05-02,quantile,0.05,1
2026-05-02,02,0,wk inc flu hosp,2026-05-02,quantile,0.1,1
2026-05-02,02,0,wk inc flu hosp,2026-05-02,quantile,0.15,1
2026-05-02,02,0,wk inc flu hosp,2026-05-02,quantile,0.2,2
2026-05-02,02,0,wk inc flu hosp,2026-05-02,quantile,0.25,2
2026-05-02,02,0,wk inc flu hosp,2026-05-02,quantile,0.3,2
2026-05-02,02,0,wk inc flu hosp,2026-05-02,quantile,0.35,3
2026-05-02,02,0,wk inc flu hosp,2026-05-02,quantile,0.4,3
2026-05-02,02,0,wk inc flu hosp,2026-05-02,quantile,0.45,3
2026-05-02,02,0,wk inc flu hosp,2026-05-02,quantile,0.5,4
2026-05-02,02,0,wk inc flu hosp,2026-05-02,quantile,0.55,4
2026-05-02,02,0,wk inc flu hosp,2026-05-02,quantile,0.6,5
2026-05-02,02,0,wk inc flu hosp,2026-05-02,quantile,0.65,6
2026-05-02,02,0,wk inc flu hosp,2026-05-02,quantile,0.7,6
2026-05-02,02,0,wk inc flu hosp,2026-05-02,quantile,0.75,7
2026-05-02,02,0,wk inc flu hosp,2026-05-02,quantile,0.8,7
2026-05-02,02,0,wk inc flu hosp,2026-05-02,quantile,0.85,8
2026-05-02,02,0,wk inc flu hosp,2026-05-02,quantile,0.9,9
2026-05-02,02,0,wk inc flu hosp,2026-05-02,quantile,0.95,11
2026-05-02,02,0,wk inc flu hosp,2026-05-02,quantile,0.975,13
2026-05-02,02,0,wk inc flu hosp,2026-05-02,quantile,0.99,15
2026-05-02,02,1,wk inc flu hosp,2026-05-09,quantile,0.01,0
2026-05-02,02,1,wk inc flu hosp,2026-05-09,quantile,0.025,0
2026-05-02,02,1,wk inc flu hosp,2026-05-09,quantile,0.05,0
2026-05-02,02,1,wk inc flu hosp,2026-05-09,quantile,0.1,1
2026-05-02,02,1,wk inc flu hosp,2026-05-09,quantile,0.15,1
2026-05-02,02,1,wk inc flu hosp,2026-05-09,quantile,0.2,1
2026-05-02,02,1,wk inc flu hosp,2026-05-09,quantile,0.25,2
2026-05-02,02,1,wk inc flu hosp,2026-05-09,quantile,0.3,2
2026-05-02,02,1,wk inc flu hosp,2026-05-09,quantile,0.35,2
2026-05-02,02,1,wk inc flu hosp,2026-05-09,quantile,0.4,2
2026-05-02,02,1,wk inc flu hosp,2026-05-09,quantile,0.45,3
2026-05-02,02,1,wk inc flu hosp,2026-05-09,quantile,0.5,4
2026-05-02,02,1,wk inc flu hosp,2026-05-09,quantile,0.55,5
2026-05-02,02,1,wk inc flu hosp,2026-05-09,quantile,0.6,5
2026-05-02,02,1,wk inc flu hosp,2026-05-09,quantile,0.65,5
2026-05-02,02,1,wk inc flu hosp,2026-05-09,quantile,0.7,6
2026-05-02,02,1,wk inc flu hosp,2026-05-09,quantile,0.75,6
2026-05-02,02,1,wk inc flu hosp,2026-05-09,quantile,0.8,7
2026-05-02,02,1,wk inc flu hosp,2026-05-09,quantile,0.85,7
2026-05-02,02,1,wk inc flu hosp,2026-05-09,quantile,0.9,8
2026-05-02,02,1,wk inc flu hosp,2026-05-09,quantile,0.95,11
2026-05-02,02,1,wk inc flu hosp,2026-05-09,quantile,0.975,12
2026-05-02,02,1,wk inc flu hosp,2026-05-09,quantile,0.99,14
2026-05-02,02,2,wk inc flu hosp,2026-05-16,quantile,0.01,0
2026-05-02,02,2,wk inc flu hosp,2026-05-16,quantile,0.025,0
2026-05-02,02,2,wk inc flu hosp,2026-05-16,quantile,0.05,0
2026-05-02,02,2,wk inc flu hosp,2026-05-16,quantile,0.1,0
2026-05-02,02,2,wk inc flu hosp,2026-05-16,quantile,0.15,1
2026-05-02,02,2,wk inc flu hosp,2026-05-16,quantile,0.2,1
2026-05-02,02,2,wk inc flu hosp,2026-05-16,quantile,0.25,1
2026-05-02,02,2,wk inc flu hosp,2026-05-16,quantile,0.3,1
2026-05-02,02,2,wk inc flu hosp,2026-05-16,quantile,0.35,2
2026-05-02,02,2,wk inc flu hosp,2026-05-16,quantile,0.4,2
2026-05-02,02,2,wk inc flu hosp,2026-05-16,quantile,0.45,2
2026-05-02,02,2,wk inc flu hosp,2026-05-16,quantile,0.5,3
2026-05-02,02,2,wk inc flu hosp,2026-05-16,quantile,0.55,4
2026-05-02,02,2,wk inc flu hosp,2026-05-16,quantile,0.6,5
2026-05-02,02,2,wk inc flu hosp,2026-05-16,quantile,0.65,5
2026-05-02,02,2,wk inc flu hosp,2026-05-16,quantile,0.7,6
2026-05-02,02,2,wk inc flu hosp,2026-05-16,quantile,0.75,6
2026-05-02,02,2,wk inc flu hosp,2026-05-16,quantile,0.8,7
2026-05-02,02,2,wk inc flu hosp,2026-05-16,quantile,0.85,8
2026-05-02,02,2,wk inc flu hosp,2026-05-16,quantile,0.9,9
2026-05-02,02,2,wk inc flu hosp,2026-05-16,quantile,0.95,12
2026-05-02,02,2,wk inc flu hosp,2026-05-16,quantile,0.975,14
2026-05-02,02,2,wk inc flu hosp,2026-05-16,quantile,0.99,21
2026-05-02,02,3,wk inc flu hosp,2026-05-23,quantile,0.01,0
2026-05-02,02,3,wk inc flu hosp,2026-05-23,quantile,0.025,0
2026-05-02,02,3,wk inc flu hosp,2026-05-23,quantile,0.05,0
2026-05-02,02,3,wk inc flu hosp,2026-05-23,quantile,0.1,0
2026-05-02,02,3,wk inc flu hosp,2026-05-23,quantile,0.15,1
2026-05-02,02,3,wk inc flu hosp,2026-05-23,quantile,0.2,1
2026-05-02,02,3,wk inc flu hosp,2026-05-23,quantile,0.25,1
2026-05-02,02,3,wk inc flu hosp,2026-05-23,quantile,0.3,1
2026-05-02,02,3,wk inc flu hosp,2026-05-23,quantile,0.35,1
2026-05-02,02,3,wk inc flu hosp,2026-05-23,quantile,0.4,2
2026-05-02,02,3,wk inc flu hosp,2026-05-23,quantile,0.45,2
2026-05-02,02,3,wk inc flu hosp,2026-05-23,quantile,0.5,3
2026-05-02,02,3,wk inc flu hosp,2026-05-23,quantile,0.55,4
2026-05-02,02,3,wk inc flu hosp,2026-05-23,quantile,0.6,4
2026-05-02,02,3,wk inc flu hosp,2026-05-23,quantile,0.65,5
2026-05-02,02,3,wk inc flu hosp,2026-05-23,quantile,0.7,6
2026-05-02,02,3,wk inc flu hosp,2026-05-23,quantile,0.75,6
2026-05-02,02,3,wk inc flu hosp,2026-05-23,quantile,0.8,7
2026-05-02,02,3,wk inc flu hosp,2026-05-23,quantile,0.85,8
2026-05-02,02,3,wk inc flu hosp,2026-05-23,quantile,0.9,9
2026-05-02,02,3,wk inc flu hosp,2026-05-23,quantile,0.95,11
2026-05-02,02,3,wk inc flu hosp,2026-05-23,quantile,0.975,13
2026-05-02,02,3,wk inc flu hosp,2026-05-23,quantile,0.99,18
2026-05-02,04,0,wk inc flu hosp,2026-05-02,quantile,0.01,17
2026-05-02,04,0,wk inc flu hosp,2026-05-02,quantile,0.025,22
2026-05-02,04,0,wk inc flu hosp,2026-05-02,quantile,0.05,27
2026-05-02,04,0,wk inc flu hosp,2026-05-02,quantile,0.1,33
2026-05-02,04,0,wk inc flu hosp,2026-05-02,quantile,0.15,38
2026-05-02,04,0,wk inc flu hosp,2026-05-02,quantile,0.2,41
2026-05-02,04,0,wk inc flu hosp,2026-05-02,quantile,0.25,43
2026-05-02,04,0,wk inc flu hosp,2026-05-02,quantile,0.3,45
2026-05-02,04,0,wk inc flu hosp,2026-05-02,quantile,0.35,47
2026-05-02,04,0,wk inc flu hosp,2026-05-02,quantile,0.4,50
2026-05-02,04,0,wk inc flu hosp,2026-05-02,quantile,0.45,53
2026-05-02,04,0,wk inc flu hosp,2026-05-02,quantile,0.5,58
2026-05-02,04,0,wk inc flu hosp,2026-05-02,quantile,0.55,61
2026-05-02,04,0,wk inc flu hosp,2026-05-02,quantile,0.6,62
2026-05-02,04,0,wk inc flu hosp,2026-05-02,quantile,0.65,65
2026-05-02,04,0,wk inc flu hosp,2026-05-02,quantile,0.7,69
2026-05-02,04,0,wk inc flu hosp,2026-05-02,quantile,0.75,73
2026-05-02,04,0,wk inc flu hosp,2026-05-02,quantile,0.8,78
2026-05-02,04,0,wk inc flu hosp,2026-05-02,quantile,0.85,83
2026-05-02,04,0,wk inc flu hosp,2026-05-02,quantile,0.9,91
2026-05-02,04,0,wk inc flu hosp,2026-05-02,quantile,0.95,105
2026-05-02,04,0,wk inc flu hosp,2026-05-02,quantile,0.975,121
2026-05-02,04,0,wk inc flu hosp,2026-05-02,quantile,0.99,136
2026-05-02,04,1,wk inc flu hosp,2026-05-09,quantile,0.01,10
2026-05-02,04,1,wk inc flu hosp,2026-05-09,quantile,0.025,13
2026-05-02,04,1,wk inc flu hosp,2026-05-09,quantile,0.05,20
2026-05-02,04,1,wk inc flu hosp,2026-05-09,quantile,0.1,25
2026-05-02,04,1,wk inc flu hosp,2026-05-09,quantile,0.15,28
2026-05-02,04,1,wk inc flu hosp,2026-05-09,quantile,0.2,31
2026-05-02,04,1,wk inc flu hosp,2026-05-09,quantile,0.25,34
2026-05-02,04,1,wk inc flu hosp,2026-05-09,quantile,0.3,36
2026-05-02,04,1,wk inc flu hosp,2026-05-09,quantile,0.35,39
2026-05-02,04,1,wk inc flu hosp,2026-05-09,quantile,0.4,41
2026-05-02,04,1,wk inc flu hosp,2026-05-09,quantile,0.45,45
2026-05-02,04,1,wk inc flu hosp,2026-05-09,quantile,0.5,50
2026-05-02,04,1,wk inc flu hosp,2026-05-09,quantile,0.55,54
2026-05-02,04,1,wk inc flu hosp,2026-05-09,quantile,0.6,58
2026-05-02,04,1,wk inc flu hosp,2026-05-09,quantile,0.65,61
2026-05-02,04,1,wk inc flu hosp,2026-05-09,quantile,0.7,65
2026-05-02,04,1,wk inc flu hosp,2026-05-09,quantile,0.75,68
2026-05-02,04,1,wk inc flu hosp,2026-05-09,quantile,0.8,74
2026-05-02,04,1,wk inc flu hosp,2026-05-09,quantile,0.85,81
2026-05-02,04,1,wk inc flu hosp,2026-05-09,quantile,0.9,89
2026-05-02,04,1,wk inc flu hosp,2026-05-09,quantile,0.95,105
2026-05-02,04,1,wk inc flu hosp,2026-05-09,quantile,0.975,125
2026-05-02,04,1,wk inc flu hosp,2026-05-09,quantile,0.99,148
2026-05-02,04,2,wk inc flu hosp,2026-05-16,quantile,0.01,8
2026-05-02,04,2,wk inc flu hosp,2026-05-16,quantile,0.025,12
2026-05-02,04,2,wk inc flu hosp,2026-05-16,quantile,0.05,14
2026-05-02,04,2,wk inc flu hosp,2026-05-16,quantile,0.1,19
2026-05-02,04,2,wk inc flu hosp,2026-05-16,quantile,0.15,22
2026-05-02,04,2,wk inc flu hosp,2026-05-16,quantile,0.2,25
2026-05-02,04,2,wk inc flu hosp,2026-05-16,quantile,0.25,28
2026-05-02,04,2,wk inc flu hosp,2026-05-16,quantile,0.3,30
2026-05-02,04,2,wk inc flu hosp,2026-05-16,quantile,0.35,33
2026-05-02,04,2,wk inc flu hosp,2026-05-16,quantile,0.4,36
2026-05-02,04,2,wk inc flu hosp,2026-05-16,quantile,0.45,38
2026-05-02,04,2,wk inc flu hosp,2026-05-16,quantile,0.5,44
2026-05-02,04,2,wk inc flu hosp,2026-05-16,quantile,0.55,48
2026-05-02,04,2,wk inc flu hosp,2026-05-16,quantile,0.6,52
2026-05-02,04,2,wk inc flu hosp,2026-05-16,quantile,0.65,55
2026-05-02,04,2,wk inc flu hosp,2026-05-16,quantile,0.7,60
2026-05-02,04,2,wk inc flu hosp,2026-05-16,quantile,0.75,63
2026-05-02,04,2,wk inc flu hosp,2026-05-16,quantile,0.8,70
2026-05-02,04,2,wk inc flu hosp,2026-05-16,quantile,0.85,77
2026-05-02,04,2,wk inc flu hosp,2026-05-16,quantile,0.9,89
2026-05-02,04,2,wk inc flu hosp,2026-05-16,quantile,0.95,106
2026-05-02,04,2,wk inc flu hosp,2026-05-16,quantile,0.975,125
2026-05-02,04,2,wk inc flu hosp,2026-05-16,quantile,0.99,156
2026-05-02,04,3,wk inc flu hosp,2026-05-23,quantile,0.01,7
2026-05-02,04,3,wk inc flu hosp,2026-05-23,quantile,0.025,10
2026-05-02,04,3,wk inc flu hosp,2026-05-23,quantile,0.05,13
2026-05-02,04,3,wk inc flu hosp,2026-05-23,quantile,0.1,16
2026-05-02,04,3,wk inc flu hosp,2026-05-23,quantile,0.15,20
2026-05-02,04,3,wk inc flu hosp,2026-05-23,quantile,0.2,22
2026-05-02,04,3,wk inc flu hosp,2026-05-23,quantile,0.25,26
2026-05-02,04,3,wk inc flu hosp,2026-05-23,quantile,0.3,28
2026-05-02,04,3,wk inc flu hosp,2026-05-23,quantile,0.35,31
2026-05-02,04,3,wk inc flu hosp,2026-05-23,quantile,0.4,33
2026-05-02,04,3,wk inc flu hosp,2026-05-23,quantile,0.45,36
2026-05-02,04,3,wk inc flu hosp,2026-05-23,quantile,0.5,39
2026-05-02,04,3,wk inc flu hosp,2026-05-23,quantile,0.55,45
2026-05-02,04,3,wk inc flu hosp,2026-05-23,quantile,0.6,48
2026-05-02,04,3,wk inc flu hosp,2026-05-23,quantile,0.65,54
2026-05-02,04,3,wk inc flu hosp,2026-05-23,quantile,0.7,60
2026-05-02,04,3,wk inc flu hosp,2026-05-23,quantile,0.75,63
2026-05-02,04,3,wk inc flu hosp,2026-05-23,quantile,0.8,69
2026-05-02,04,3,wk inc flu hosp,2026-05-23,quantile,0.85,76
2026-05-02,04,3,wk inc flu hosp,2026-05-23,quantile,0.9,91
2026-05-02,04,3,wk inc flu hosp,2026-05-23,quantile,0.95,116
2026-05-02,04,3,wk inc flu hosp,2026-05-23,quantile,0.975,149
2026-05-02,04,3,wk inc flu hosp,2026-05-23,quantile,0.99,179
2026-05-02,05,0,wk inc flu hosp,2026-05-02,quantile,0.01,0
2026-05-02,05,0,wk inc flu hosp,2026-05-02,quantile,0.025,0
2026-05-02,05,0,wk inc flu hosp,2026-05-02,quantile,0.05,0
2026-05-02,05,0,wk inc flu hosp,2026-05-02,quantile,0.1,0
2026-05-02,05,0,wk inc flu hosp,2026-05-02,quantile,0.15,0
2026-05-02,05,0,wk inc flu hosp,2026-05-02,quantile,0.2,0
2026-05-02,05,0,wk inc flu hosp,2026-05-02,quantile,0.25,1
2026-05-02,05,0,wk inc flu hosp,2026-05-02,quantile,0.3,1
2026-05-02,05,0,wk inc flu hosp,2026-05-02,quantile,0.35,1
2026-05-02,05,0,wk inc flu hosp,2026-05-02,quantile,0.4,1
2026-05-02,05,0,wk inc flu hosp,2026-05-02,quantile,0.45,2
2026-05-02,05,0,wk inc flu hosp,2026-05-02,quantile,0.5,3
2026-05-02,05,0,wk inc flu hosp,2026-05-02,quantile,0.55,3
2026-05-02,05,0,wk inc flu hosp,2026-05-02,quantile,0.6,4
2026-05-02,05,0,wk inc flu hosp,2026-05-02,quantile,0.65,4
2026-05-02,05,0,wk inc flu hosp,2026-05-02,quantile,0.7,5
2026-05-02,05,0,wk inc flu hosp,2026-05-02,quantile,0.75,6
2026-05-02,05,0,wk inc flu hosp,2026-05-02,quantile,0.8,7
2026-05-02,05,0,wk inc flu hosp,2026-05-02,quantile,0.85,8
2026-05-02,05,0,wk inc flu hosp,2026-05-02,quantile,0.9,10
2026-05-02,05,0,wk inc flu hosp,2026-05-02,quantile,0.95,13
2026-05-02,05,0,wk inc flu hosp,2026-05-02,quantile,0.975,17
2026-05-02,05,0,wk inc flu hosp,2026-05-02,quantile,0.99,20
2026-05-02,05,1,wk inc flu hosp,2026-05-09,quantile,0.01,0
2026-05-02,05,1,wk inc flu hosp,2026-05-09,quantile,0.025,0
2026-05-02,05,1,wk inc flu hosp,2026-05-09,quantile,0.05,0
2026-05-02,05,1,wk inc flu hosp,2026-05-09,quantile,0.1,0
2026-05-02,05,1,wk inc flu hosp,2026-05-09,quantile,0.15,0
2026-05-02,05,1,wk inc flu hosp,2026-05-09,quantile,0.2,0
2026-05-02,05,1,wk inc flu hosp,2026-05-09,quantile,0.25,0
2026-05-02,05,1,wk inc flu hosp,2026-05-09,quantile,0.3,1
2026-05-02,05,1,wk inc flu hosp,2026-05-09,quantile,0.35,1
2026-05-02,05,1,wk inc flu hosp,2026-05-09,quantile,0.4,1
2026-05-02,05,1,wk inc flu hosp,2026-05-09,quantile,0.45,2
2026-05-02,05,1,wk inc flu hosp,2026-05-09,quantile,0.5,2
2026-05-02,05,1,wk inc flu hosp,2026-05-09,quantile,0.55,2
2026-05-02,05,1,wk inc flu hosp,2026-05-09,quantile,0.6,3
2026-05-02,05,1,wk inc flu hosp,2026-05-09,quantile,0.65,4
2026-05-02,05,1,wk inc flu hosp,2026-05-09,quantile,0.7,4
2026-05-02,05,1,wk inc flu hosp,2026-05-09,quantile,0.75,5
2026-05-02,05,1,wk inc flu hosp,2026-05-09,quantile,0.8,7
2026-05-02,05,1,wk inc flu hosp,2026-05-09,quantile,0.85,7
2026-05-02,05,1,wk inc flu hosp,2026-05-09,quantile,0.9,9
2026-05-02,05,1,wk inc flu hosp,2026-05-09,quantile,0.95,13
2026-05-02,05,1,wk inc flu hosp,2026-05-09,quantile,0.975,17
2026-05-02,05,1,wk inc flu hosp,2026-05-09,quantile,0.99,22
2026-05-02,05,2,wk inc flu hosp,2026-05-16,quantile,0.01,0
2026-05-02,05,2,wk inc flu hosp,2026-05-16,quantile,0.025,0
2026-05-02,05,2,wk inc flu hosp,2026-05-16,quantile,0.05,0
2026-05-02,05,2,wk inc flu hosp,2026-05-16,quantile,0.1,0
2026-05-02,05,2,wk inc flu hosp,2026-05-16,quantile,0.15,0
2026-05-02,05,2,wk inc flu hosp,2026-05-16,quantile,0.2,0
2026-05-02,05,2,wk inc flu hosp,2026-05-16,quantile,0.25,0
2026-05-02,05,2,wk inc flu hosp,2026-05-16,quantile,0.3,1
2026-05-02,05,2,wk inc flu hosp,2026-05-16,quantile,0.35,1
2026-05-02,05,2,wk inc flu hosp,2026-05-16,quantile,0.4,1
2026-05-02,05,2,wk inc flu hosp,2026-05-16,quantile,0.45,1
2026-05-02,05,2,wk inc flu hosp,2026-05-16,quantile,0.5,2
2026-05-02,05,2,wk inc flu hosp,2026-05-16,quantile,0.55,3
2026-05-02,05,2,wk inc flu hosp,2026-05-16,quantile,0.6,3
2026-05-02,05,2,wk inc flu hosp,2026-05-16,quantile,0.65,4
2026-05-02,05,2,wk inc flu hosp,2026-05-16,quantile,0.7,5
2026-05-02,05,2,wk inc flu hosp,2026-05-16,quantile,0.75,5
2026-05-02,05,2,wk inc flu hosp,2026-05-16,quantile,0.8,6
2026-05-02,05,2,wk inc flu hosp,2026-05-16,quantile,0.85,8
2026-05-02,05,2,wk inc flu hosp,2026-05-16,quantile,0.9,9
2026-05-02,05,2,wk inc flu hosp,2026-05-16,quantile,0.95,16
2026-05-02,05,2,wk inc flu hosp,2026-05-16,quantile,0.975,21
2026-05-02,05,2,wk inc flu hosp,2026-05-16,quantile,0.99,28
2026-05-02,05,3,wk inc flu hosp,2026-05-23,quantile,0.01,0
2026-05-02,05,3,wk inc flu hosp,2026-05-23,quantile,0.025,0
2026-05-02,05,3,wk inc flu hosp,2026-05-23,quantile,0.05,0
2026-05-02,05,3,wk inc flu hosp,2026-05-23,quantile,0.1,0
2026-05-02,05,3,wk inc flu hosp,2026-05-23,quantile,0.15,0
2026-05-02,05,3,wk inc flu hosp,2026-05-23,quantile,0.2,0
2026-05-02,05,3,wk inc flu hosp,2026-05-23,quantile,0.25,0
2026-05-02,05,3,wk inc flu hosp,2026-05-23,quantile,0.3,0
2026-05-02,05,3,wk inc flu hosp,2026-05-23,quantile,0.35,1
2026-05-02,05,3,wk inc flu hosp,2026-05-23,quantile,0.4,1
2026-05-02,05,3,wk inc flu hosp,2026-05-23,quantile,0.45,1
2026-05-02,05,3,wk inc flu hosp,2026-05-23,quantile,0.5,2
2026-05-02,05,3,wk inc flu hosp,2026-05-23,quantile,0.55,2
2026-05-02,05,3,wk inc flu hosp,2026-05-23,quantile,0.6,2
2026-05-02,05,3,wk inc flu hosp,2026-05-23,quantile,0.65,4
2026-05-02,05,3,wk inc flu hosp,2026-05-23,quantile,0.7,4
2026-05-02,05,3,wk inc flu hosp,2026-05-23,quantile,0.75,5
2026-05-02,05,3,wk inc flu hosp,2026-05-23,quantile,0.8,7
2026-05-02,05,3,wk inc flu hosp,2026-05-23,quantile,0.85,8
2026-05-02,05,3,wk inc flu hosp,2026-05-23,quantile,0.9,11
2026-05-02,05,3,wk inc flu hosp,2026-05-23,quantile,0.95,16
2026-05-02,05,3,wk inc flu hosp,2026-05-23,quantile,0.975,20
2026-05-02,05,3,wk inc flu hosp,2026-05-23,quantile,0.99,29
2026-05-02,06,0,wk inc flu hosp,2026-05-02,quantile,0.01,61
2026-05-02,06,0,wk inc flu hosp,2026-05-02,quantile,0.025,76
2026-05-02,06,0,wk inc flu hosp,2026-05-02,quantile,0.05,89
2026-05-02,06,0,wk inc flu hosp,2026-05-02,quantile,0.1,110
2026-05-02,06,0,wk inc flu hosp,2026-05-02,quantile,0.15,126
2026-05-02,06,0,wk inc flu hosp,2026-05-02,quantile,0.2,138
2026-05-02,06,0,wk inc flu hosp,2026-05-02,quantile,0.25,144
2026-05-02,06,0,wk inc flu hosp,2026-05-02,quantile,0.3,160
2026-05-02,06,0,wk inc flu hosp,2026-05-02,quantile,0.35,165
2026-05-02,06,0,wk inc flu hosp,2026-05-02,quantile,0.4,171
2026-05-02,06,0,wk inc flu hosp,2026-05-02,quantile,0.45,178
2026-05-02,06,0,wk inc flu hosp,2026-05-02,quantile,0.5,186
2026-05-02,06,0,wk inc flu hosp,2026-05-02,quantile,0.55,195
2026-05-02,06,0,wk inc flu hosp,2026-05-02,quantile,0.6,201
2026-05-02,06,0,wk inc flu hosp,2026-05-02,quantile,0.65,209
2026-05-02,06,0,wk inc flu hosp,2026-05-02,quantile,0.7,223
2026-05-02,06,0,wk inc flu hosp,2026-05-02,quantile,0.75,228
2026-05-02,06,0,wk inc flu hosp,2026-05-02,quantile,0.8,243
2026-05-02,06,0,wk inc flu hosp,2026-05-02,quantile,0.85,258
2026-05-02,06,0,wk inc flu hosp,2026-05-02,quantile,0.9,292
2026-05-02,06,0,wk inc flu hosp,2026-05-02,quantile,0.95,337
2026-05-02,06,0,wk inc flu hosp,2026-05-02,quantile,0.975,371
2026-05-02,06,0,wk inc flu hosp,2026-05-02,quantile,0.99,408
2026-05-02,06,1,wk inc flu hosp,2026-05-09,quantile,0.01,39
2026-05-02,06,1,wk inc flu hosp,2026-05-09,quantile,0.025,57
2026-05-02,06,1,wk inc flu hosp,2026-05-09,quantile,0.05,67
2026-05-02,06,1,wk inc flu hosp,2026-05-09,quantile,0.1,92
2026-05-02,06,1,wk inc flu hosp,2026-05-09,quantile,0.15,106
2026-05-02,06,1,wk inc flu hosp,2026-05-09,quantile,0.2,115
2026-05-02,06,1,wk inc flu hosp,2026-05-09,quantile,0.25,118
2026-05-02,06,1,wk inc flu hosp,2026-05-09,quantile,0.3,128
2026-05-02,06,1,wk inc flu hosp,2026-05-09,quantile,0.35,140
2026-05-02,06,1,wk inc flu hosp,2026-05-09,quantile,0.4,148
2026-05-02,06,1,wk inc flu hosp,2026-05-09,quantile,0.45,157
2026-05-02,06,1,wk inc flu hosp,2026-05-09,quantile,0.5,170
2026-05-02,06,1,wk inc flu hosp,2026-05-09,quantile,0.55,177
2026-05-02,06,1,wk inc flu hosp,2026-05-09,quantile,0.6,188
2026-05-02,06,1,wk inc flu hosp,2026-05-09,quantile,0.65,194
2026-05-02,06,1,wk inc flu hosp,2026-05-09,quantile,0.7,205
2026-05-02,06,1,wk inc flu hosp,2026-05-09,quantile,0.75,222
2026-05-02,06,1,wk inc flu hosp,2026-05-09,quantile,0.8,243
2026-05-02,06,1,wk inc flu hosp,2026-05-09,quantile,0.85,268
2026-05-02,06,1,wk inc flu hosp,2026-05-09,quantile,0.9,299
2026-05-02,06,1,wk inc flu hosp,2026-05-09,quantile,0.95,334
2026-05-02,06,1,wk inc flu hosp,2026-05-09,quantile,0.975,400
2026-05-02,06,1,wk inc flu hosp,2026-05-09,quantile,0.99,488
2026-05-02,06,2,wk inc flu hosp,2026-05-16,quantile,0.01,14
2026-05-02,06,2,wk inc flu hosp,2026-05-16,quantile,0.025,34
2026-05-02,06,2,wk inc flu hosp,2026-05-16,quantile,0.05,46
2026-05-02,06,2,wk inc flu hosp,2026-05-16,quantile,0.1,66
2026-05-02,06,2,wk inc flu hosp,2026-05-16,quantile,0.15,75
2026-05-02,06,2,wk inc flu hosp,2026-05-16,quantile,0.2,81
2026-05-02,06,2,wk inc flu hosp,2026-05-16,quantile,0.25,95
2026-05-02,06,2,wk inc flu hosp,2026-05-16,quantile,0.3,104
2026-05-02,06,2,wk inc flu hosp,2026-05-16,quantile,0.35,111
2026-05-02,06,2,wk inc flu hosp,2026-05-16,quantile,0.4,121
2026-05-02,06,2,wk inc flu hosp,2026-05-16,quantile,0.45,133
2026-05-02,06,2,wk inc flu hosp,2026-05-16,quantile,0.5,145
2026-05-02,06,2,wk inc flu hosp,2026-05-16,quantile,0.55,152
2026-05-02,06,2,wk inc flu hosp,2026-05-16,quantile,0.6,163
2026-05-02,06,2,wk inc flu hosp,2026-05-16,quantile,0.65,170
2026-05-02,06,2,wk inc flu hosp,2026-05-16,quantile,0.7,186
2026-05-02,06,2,wk inc flu hosp,2026-05-16,quantile,0.75,201
2026-05-02,06,2,wk inc flu hosp,2026-05-16,quantile,0.8,219
2026-05-02,06,2,wk inc flu hosp,2026-05-16,quantile,0.85,240
2026-05-02,06,2,wk inc flu hosp,2026-05-16,quantile,0.9,280
2026-05-02,06,2,wk inc flu hosp,2026-05-16,quantile,0.95,330
2026-05-02,06,2,wk inc flu hosp,2026-05-16,quantile,0.975,389
2026-05-02,06,2,wk inc flu hosp,2026-05-16,quantile,0.99,488
2026-05-02,06,3,wk inc flu hosp,2026-05-23,quantile,0.01,12
2026-05-02,06,3,wk inc flu hosp,2026-05-23,quantile,0.025,20
2026-05-02,06,3,wk inc flu hosp,2026-05-23,quantile,0.05,27
2026-05-02,06,3,wk inc flu hosp,2026-05-23,quantile,0.1,40
2026-05-02,06,3,wk inc flu hosp,2026-05-23,quantile,0.15,50
2026-05-02,06,3,wk inc flu hosp,2026-05-23,quantile,0.2,61
2026-05-02,06,3,wk inc flu hosp,2026-05-23,quantile,0.25,72
2026-05-02,06,3,wk inc flu hosp,2026-05-23,quantile,0.3,83
2026-05-02,06,3,wk inc flu hosp,2026-05-23,quantile,0.35,93
2026-05-02,06,3,wk inc flu hosp,2026-05-23,quantile,0.4,105
2026-05-02,06,3,wk inc flu hosp,2026-05-23,quantile,0.45,117
2026-05-02,06,3,wk inc flu hosp,2026-05-23,quantile,0.5,129
2026-05-02,06,3,wk inc flu hosp,2026-05-23,quantile,0.55,142
2026-05-02,06,3,wk inc flu hosp,2026-05-23,quantile,0.6,153
2026-05-02,06,3,wk inc flu hosp,2026-05-23,quantile,0.65,170
2026-05-02,06,3,wk inc flu hosp,2026-05-23,quantile,0.7,178
2026-05-02,06,3,wk inc flu hosp,2026-05-23,quantile,0.75,207
2026-05-02,06,3,wk inc flu hosp,2026-05-23,quantile,0.8,222
2026-05-02,06,3,wk inc flu hosp,2026-05-23,quantile,0.85,251
2026-05-02,06,3,wk inc flu hosp,2026-05-23,quantile,0.9,286
2026-05-02,06,3,wk inc flu hosp,2026-05-23,quantile,0.95,335
2026-05-02,06,3,wk inc flu hosp,2026-05-23,quantile,0.975,409
2026-05-02,06,3,wk inc flu hosp,2026-05-23,quantile,0.99,500
2026-05-02,08,0,wk inc flu hosp,2026-05-02,quantile,0.01,4
2026-05-02,08,0,wk inc flu hosp,2026-05-02,quantile,0.025,6
2026-05-02,08,0,wk inc flu hosp,2026-05-02,quantile,0.05,8
2026-05-02,08,0,wk inc flu hosp,2026-05-02,quantile,0.1,12
2026-05-02,08,0,wk inc flu hosp,2026-05-02,quantile,0.15,12
2026-05-02,08,0,wk inc flu hosp,2026-05-02,quantile,0.2,16
2026-05-02,08,0,wk inc flu hosp,2026-05-02,quantile,0.25,18
2026-05-02,08,0,wk inc flu hosp,2026-05-02,quantile,0.3,19
2026-05-02,08,0,wk inc flu hosp,2026-05-02,quantile,0.35,22
2026-05-02,08,0,wk inc flu hosp,2026-05-02,quantile,0.4,24
2026-05-02,08,0,wk inc flu hosp,2026-05-02,quantile,0.45,25
2026-05-02,08,0,wk inc flu hosp,2026-05-02,quantile,0.5,27
2026-05-02,08,0,wk inc flu hosp,2026-05-02,quantile,0.55,29
2026-05-02,08,0,wk inc flu hosp,2026-05-02,quantile,0.6,32
2026-05-02,08,0,wk inc flu hosp,2026-05-02,quantile,0.65,34
2026-05-02,08,0,wk inc flu hosp,2026-05-02,quantile,0.7,37
2026-05-02,08,0,wk inc flu hosp,2026-05-02,quantile,0.75,40
2026-05-02,08,0,wk inc flu hosp,2026-05-02,quantile,0.8,43
2026-05-02,08,0,wk inc flu hosp,2026-05-02,quantile,0.85,48
2026-05-02,08,0,wk inc flu hosp,2026-05-02,quantile,0.9,51
2026-05-02,08,0,wk inc flu hosp,2026-05-02,quantile,0.95,60
2026-05-02,08,0,wk inc flu hosp,2026-05-02,quantile,0.975,66
2026-05-02,08,0,wk inc flu hosp,2026-05-02,quantile,0.99,76
2026-05-02,08,1,wk inc flu hosp,2026-05-09,quantile,0.01,2
2026-05-02,08,1,wk inc flu hosp,2026-05-09,quantile,0.025,4
2026-05-02,08,1,wk inc flu hosp,2026-05-09,quantile,0.05,6
2026-05-02,08,1,wk inc flu hosp,2026-05-09,quantile,0.1,9
2026-05-02,08,1,wk inc flu hosp,2026-05-09,quantile,0.15,10
2026-05-02,08,1,wk inc flu hosp,2026-05-09,quantile,0.2,12
2026-05-02,08,1,wk inc flu hosp,2026-05-09,quantile,0.25,13
2026-05-02,08,1,wk inc flu hosp,2026-05-09,quantile,0.3,15
2026-05-02,08,1,wk inc flu hosp,2026-05-09,quantile,0.35,17
2026-05-02,08,1,wk inc flu hosp,2026-05-09,quantile,0.4,20
2026-05-02,08,1,wk inc flu hosp,2026-05-09,quantile,0.45,21
2026-05-02,08,1,wk inc flu hosp,2026-05-09,quantile,0.5,24
2026-05-02,08,1,wk inc flu hosp,2026-05-09,quantile,0.55,26
2026-05-02,08,1,wk inc flu hosp,2026-05-09,quantile,0.6,29
2026-05-02,08,1,wk inc flu hosp,2026-05-09,quantile,0.65,32
2026-05-02,08,1,wk inc flu hosp,2026-05-09,quantile,0.7,35
2026-05-02,08,1,wk inc flu hosp,2026-05-09,quantile,0.75,38
2026-05-02,08,1,wk inc flu hosp,2026-05-09,quantile,0.8,44
2026-05-02,08,1,wk inc flu hosp,2026-05-09,quantile,0.85,49
2026-05-02,08,1,wk inc flu hosp,2026-05-09,quantile,0.9,55
2026-05-02,08,1,wk inc flu hosp,2026-05-09,quantile,0.95,67
2026-05-02,08,1,wk inc flu hosp,2026-05-09,quantile,0.975,75
2026-05-02,08,1,wk inc flu hosp,2026-05-09,quantile,0.99,89
2026-05-02,08,2,wk inc flu hosp,2026-05-16,quantile,0.01,1
2026-05-02,08,2,wk inc flu hosp,2026-05-16,quantile,0.025,2
2026-05-02,08,2,wk inc flu hosp,2026-05-16,quantile,0.05,3
2026-05-02,08,2,wk inc flu hosp,2026-05-16,quantile,0.1,4
2026-05-02,08,2,wk inc flu hosp,2026-05-16,quantile,0.15,5
2026-05-02,08,2,wk inc flu hosp,2026-05-16,quantile,0.2,7
2026-05-02,08,2,wk inc flu hosp,2026-05-16,quantile,0.25,9
2026-05-02,08,2,wk inc flu hosp,2026-05-16,quantile,0.3,11
2026-05-02,08,2,wk inc flu hosp,2026-05-16,quantile,0.35,12
2026-05-02,08,2,wk inc flu hosp,2026-05-16,quantile,0.4,14
2026-05-02,08,2,wk inc flu hosp,2026-05-16,quantile,0.45,16
2026-05-02,08,2,wk inc flu hosp,2026-05-16,quantile,0.5,19
2026-05-02,08,2,wk inc flu hosp,2026-05-16,quantile,0.55,23
2026-05-02,08,2,wk inc flu hosp,2026-05-16,quantile,0.6,26
2026-05-02,08,2,wk inc flu hosp,2026-05-16,quantile,0.65,28
2026-05-02,08,2,wk inc flu hosp,2026-05-16,quantile,0.7,32
2026-05-02,08,2,wk inc flu hosp,2026-05-16,quantile,0.75,36
2026-05-02,08,2,wk inc flu hosp,2026-05-16,quantile,0.8,39
2026-05-02,08,2,wk inc flu hosp,2026-05-16,quantile,0.85,46
2026-05-02,08,2,wk inc flu hosp,2026-05-16,quantile,0.9,54
2026-05-02,08,2,wk inc flu hosp,2026-05-16,quantile,0.95,67
2026-05-02,08,2,wk inc flu hosp,2026-05-16,quantile,0.975,80
2026-05-02,08,2,wk inc flu hosp,2026-05-16,quantile,0.99,95
2026-05-02,08,3,wk inc flu hosp,2026-05-23,quantile,0.01,0
2026-05-02,08,3,wk inc flu hosp,2026-05-23,quantile,0.025,1
2026-05-02,08,3,wk inc flu hosp,2026-05-23,quantile,0.05,2
2026-05-02,08,3,wk inc flu hosp,2026-05-23,quantile,0.1,4
2026-05-02,08,3,wk inc flu hosp,2026-05-23,quantile,0.15,4
2026-05-02,08,3,wk inc flu hosp,2026-05-23,quantile,0.2,4
2026-05-02,08,3,wk inc flu hosp,2026-05-23,quantile,0.25,5
2026-05-02,08,3,wk inc flu hosp,2026-05-23,quantile,0.3,8
2026-05-02,08,3,wk inc flu hosp,2026-05-23,quantile,0.35,9
2026-05-02,08,3,wk inc flu hosp,2026-05-23,quantile,0.4,12
2026-05-02,08,3,wk inc flu hosp,2026-05-23,quantile,0.45,14
2026-05-02,08,3,wk inc flu hosp,2026-05-23,quantile,0.5,17
2026-05-02,08,3,wk inc flu hosp,2026-05-23,quantile,0.55,20
2026-05-02,08,3,wk inc flu hosp,2026-05-23,quantile,0.6,23
2026-05-02,08,3,wk inc flu hosp,2026-05-23,quantile,0.65,26
2026-05-02,08,3,wk inc flu hosp,2026-05-23,quantile,0.7,28
2026-05-02,08,3,wk inc flu hosp,2026-05-23,quantile,0.75,31
2026-05-02,08,3,wk inc flu hosp,2026-05-23,quantile,0.8,36
2026-05-02,08,3,wk inc flu hosp,2026-05-23,quantile,0.85,40
2026-05-02,08,3,wk inc flu hosp,2026-05-23,quantile,0.9,47
2026-05-02,08,3,wk inc flu hosp,2026-05-23,quantile,0.95,59
2026-05-02,08,3,wk inc flu hosp,2026-05-23,quantile,0.975,71
2026-05-02,08,3,wk inc flu hosp,2026-05-23,quantile,0.99,96
2026-05-02,09,0,wk inc flu hosp,2026-05-02,quantile,0.01,2
2026-05-02,09,0,wk inc flu hosp,2026-05-02,quantile,0.025,4
2026-05-02,09,0,wk inc flu hosp,2026-05-02,quantile,0.05,5
2026-05-02,09,0,wk inc flu hosp,2026-05-02,quantile,0.1,6
2026-05-02,09,0,wk inc flu hosp,2026-05-02,quantile,0.15,8
2026-05-02,09,0,wk inc flu hosp,2026-05-02,quantile,0.2,8
2026-05-02,09,0,wk inc flu hosp,2026-05-02,quantile,0.25,9
2026-05-02,09,0,wk inc flu hosp,2026-05-02,quantile,0.3,11
2026-05-02,09,0,wk inc flu hosp,2026-05-02,quantile,0.35,11
2026-05-02,09,0,wk inc flu hosp,2026-05-02,quantile,0.4,12
2026-05-02,09,0,wk inc flu hosp,2026-05-02,quantile,0.45,13
2026-05-02,09,0,wk inc flu hosp,2026-05-02,quantile,0.5,14
2026-05-02,09,0,wk inc flu hosp,2026-05-02,quantile,0.55,16
2026-05-02,09,0,wk inc flu hosp,2026-05-02,quantile,0.6,17
2026-05-02,09,0,wk inc flu hosp,2026-05-02,quantile,0.65,19
2026-05-02,09,0,wk inc flu hosp,2026-05-02,quantile,0.7,20
2026-05-02,09,0,wk inc flu hosp,2026-05-02,quantile,0.75,21
2026-05-02,09,0,wk inc flu hosp,2026-05-02,quantile,0.8,23
2026-05-02,09,0,wk inc flu hosp,2026-05-02,quantile,0.85,25
2026-05-02,09,0,wk inc flu hosp,2026-05-02,quantile,0.9,28
2026-05-02,09,0,wk inc flu hosp,2026-05-02,quantile,0.95,33
2026-05-02,09,0,wk inc flu hosp,2026-05-02,quantile,0.975,39
2026-05-02,09,0,wk inc flu hosp,2026-05-02,quantile,0.99,48
2026-05-02,09,1,wk inc flu hosp,2026-05-09,quantile,0.01,0
2026-05-02,09,1,wk inc flu hosp,2026-05-09,quantile,0.025,1
2026-05-02,09,1,wk inc flu hosp,2026-05-09,quantile,0.05,2
2026-05-02,09,1,wk inc flu hosp,2026-05-09,quantile,0.1,3
2026-05-02,09,1,wk inc flu hosp,2026-05-09,quantile,0.15,5
2026-05-02,09,1,wk inc flu hosp,2026-05-09,quantile,0.2,6
2026-05-02,09,1,wk inc flu hosp,2026-05-09,quantile,0.25,7
2026-05-02,09,1,wk inc flu hosp,2026-05-09,quantile,0.3,8
2026-05-02,09,1,wk inc flu hosp,2026-05-09,quantile,0.35,9
2026-05-02,09,1,wk inc flu hosp,2026-05-09,quantile,0.4,10
2026-05-02,09,1,wk inc flu hosp,2026-05-09,quantile,0.45,11
2026-05-02,09,1,wk inc flu hosp,2026-05-09,quantile,0.5,12
2026-05-02,09,1,wk inc flu hosp,2026-05-09,quantile,0.55,13
2026-05-02,09,1,wk inc flu hosp,2026-05-09,quantile,0.6,15
2026-05-02,09,1,wk inc flu hosp,2026-05-09,quantile,0.65,16
2026-05-02,09,1,wk inc flu hosp,2026-05-09,quantile,0.7,18
2026-05-02,09,1,wk inc flu hosp,2026-05-09,quantile,0.75,20
2026-05-02,09,1,wk inc flu hosp,2026-05-09,quantile,0.8,22
2026-05-02,09,1,wk inc flu hosp,2026-05-09,quantile,0.85,24
2026-05-02,09,1,wk inc flu hosp,2026-05-09,quantile,0.9,27
2026-05-02,09,1,wk inc flu hosp,2026-05-09,quantile,0.95,34
2026-05-02,09,1,wk inc flu hosp,2026-05-09,quantile,0.975,41
2026-05-02,09,1,wk inc flu hosp,2026-05-09,quantile,0.99,50
2026-05-02,09,2,wk inc flu hosp,2026-05-16,quantile,0.01,0
2026-05-02,09,2,wk inc flu hosp,2026-05-16,quantile,0.025,0
2026-05-02,09,2,wk inc flu hosp,2026-05-16,quantile,0.05,1
2026-05-02,09,2,wk inc flu hosp,2026-05-16,quantile,0.1,1
2026-05-02,09,2,wk inc flu hosp,2026-05-16,quantile,0.15,2
2026-05-02,09,2,wk inc flu hosp,2026-05-16,quantile,0.2,3
2026-05-02,09,2,wk inc flu hosp,2026-05-16,quantile,0.25,4
2026-05-02,09,2,wk inc flu hosp,2026-05-16,quantile,0.3,5
2026-05-02,09,2,wk inc flu hosp,2026-05-16,quantile,0.35,6
2026-05-02,09,2,wk inc flu hosp,2026-05-16,quantile,0.4,7
2026-05-02,09,2,wk inc flu hosp,2026-05-16,quantile,0.45,8
2026-05-02,09,2,wk inc flu hosp,2026-05-16,quantile,0.5,11
2026-05-02,09,2,wk inc flu hosp,2026-05-16,quantile,0.55,12
2026-05-02,09,2,wk inc flu hosp,2026-05-16,quantile,0.6,13
2026-05-02,09,2,wk inc flu hosp,2026-05-16,quantile,0.65,14
2026-05-02,09,2,wk inc flu hosp,2026-05-16,quantile,0.7,17
2026-05-02,09,2,wk inc flu hosp,2026-05-16,quantile,0.75,18
2026-05-02,09,2,wk inc flu hosp,2026-05-16,quantile,0.8,21
2026-05-02,09,2,wk inc flu hosp,2026-05-16,quantile,0.85,24
2026-05-02,09,2,wk inc flu hosp,2026-05-16,quantile,0.9,29
2026-05-02,09,2,wk inc flu hosp,2026-05-16,quantile,0.95,39
2026-05-02,09,2,wk inc flu hosp,2026-05-16,quantile,0.975,45
2026-05-02,09,2,wk inc flu hosp,2026-05-16,quantile,0.99,52
2026-05-02,09,3,wk inc flu hosp,2026-05-23,quantile,0.01,0
2026-05-02,09,3,wk inc flu hosp,2026-05-23,quantile,0.025,0
2026-05-02,09,3,wk inc flu hosp,2026-05-23,quantile,0.05,0
2026-05-02,09,3,wk inc flu hosp,2026-05-23,quantile,0.1,1
2026-05-02,09,3,wk inc flu hosp,2026-05-23,quantile,0.15,1
2026-05-02,09,3,wk inc flu hosp,2026-05-23,quantile,0.2,2
2026-05-02,09,3,wk inc flu hosp,2026-05-23,quantile,0.25,3
2026-05-02,09,3,wk inc flu hosp,2026-05-23,quantile,0.3,4
2026-05-02,09,3,wk inc flu hosp,2026-05-23,quantile,0.35,5
2026-05-02,09,3,wk inc flu hosp,2026-05-23,quantile,0.4,6
2026-05-02,09,3,wk inc flu hosp,2026-05-23,quantile,0.45,7
2026-05-02,09,3,wk inc flu hosp,2026-05-23,quantile,0.5,9
2026-05-02,09,3,wk inc flu hosp,2026-05-23,quantile,0.55,10
2026-05-02,09,3,wk inc flu hosp,2026-05-23,quantile,0.6,11
2026-05-02,09,3,wk inc flu hosp,2026-05-23,quantile,0.65,14
2026-05-02,09,3,wk inc flu hosp,2026-05-23,quantile,0.7,16
2026-05-02,09,3,wk inc flu hosp,2026-05-23,quantile,0.75,18
2026-05-02,09,3,wk inc flu hosp,2026-05-23,quantile,0.8,19
2026-05-02,09,3,wk inc flu hosp,2026-05-23,quantile,0.85,21
2026-05-02,09,3,wk inc flu hosp,2026-05-23,quantile,0.9,26
2026-05-02,09,3,wk inc flu hosp,2026-05-23,quantile,0.95,35
2026-05-02,09,3,wk inc flu hosp,2026-05-23,quantile,0.975,44
2026-05-02,09,3,wk inc flu hosp,2026-05-23,quantile,0.99,56
2026-05-02,10,0,wk inc flu hosp,2026-05-02,quantile,0.01,0
2026-05-02,10,0,wk inc flu hosp,2026-05-02,quantile,0.025,0
2026-05-02,10,0,wk inc flu hosp,2026-05-02,quantile,0.05,0
2026-05-02,10,0,wk inc flu hosp,2026-05-02,quantile,0.1,0
2026-05-02,10,0,wk inc flu hosp,2026-05-02,quantile,0.15,1
2026-05-02,10,0,wk inc flu hosp,2026-05-02,quantile,0.2,1
2026-05-02,10,0,wk inc flu hosp,2026-05-02,quantile,0.25,1
2026-05-02,10,0,wk inc flu hosp,2026-05-02,quantile,0.3,1
2026-05-02,10,0,wk inc flu hosp,2026-05-02,quantile,0.35,1
2026-05-02,10,0,wk inc flu hosp,2026-05-02,quantile,0.4,2
2026-05-02,10,0,wk inc flu hosp,2026-05-02,quantile,0.45,2
2026-05-02,10,0,wk inc flu hosp,2026-05-02,quantile,0.5,3
2026-05-02,10,0,wk inc flu hosp,2026-05-02,quantile,0.55,3
2026-05-02,10,0,wk inc flu hosp,2026-05-02,quantile,0.6,4
2026-05-02,10,0,wk inc flu hosp,2026-05-02,quantile,0.65,4
2026-05-02,10,0,wk inc flu hosp,2026-05-02,quantile,0.7,4
2026-05-02,10,0,wk inc flu hosp,2026-05-02,quantile,0.75,5
2026-05-02,10,0,wk inc flu hosp,2026-05-02,quantile,0.8,6
2026-05-02,10,0,wk inc flu hosp,2026-05-02,quantile,0.85,6
2026-05-02,10,0,wk inc flu hosp,2026-05-02,quantile,0.9,7
2026-05-02,10,0,wk inc flu hosp,2026-05-02,quantile,0.95,9
2026-05-02,10,0,wk inc flu hosp,2026-05-02,quantile,0.975,11
2026-05-02,10,0,wk inc flu hosp,2026-05-02,quantile,0.99,14
2026-05-02,10,1,wk inc flu hosp,2026-05-09,quantile,0.01,0
2026-05-02,10,1,wk inc flu hosp,2026-05-09,quantile,0.025,0
2026-05-02,10,1,wk inc flu hosp,2026-05-09,quantile,0.05,0
2026-05-02,10,1,wk inc flu hosp,2026-05-09,quantile,0.1,0
2026-05-02,10,1,wk inc flu hosp,2026-05-09,quantile,0.15,0
2026-05-02,10,1,wk inc flu hosp,2026-05-09,quantile,0.2,0
2026-05-02,10,1,wk inc flu hosp,2026-05-09,quantile,0.25,0
2026-05-02,10,1,wk inc flu hosp,2026-05-09,quantile,0.3,0
2026-05-02,10,1,wk inc flu hosp,2026-05-09,quantile,0.35,1
2026-05-02,10,1,wk inc flu hosp,2026-05-09,quantile,0.4,1
2026-05-02,10,1,wk inc flu hosp,2026-05-09,quantile,0.45,1
2026-05-02,10,1,wk inc flu hosp,2026-05-09,quantile,0.5,2
2026-05-02,10,1,wk inc flu hosp,2026-05-09,quantile,0.55,3
2026-05-02,10,1,wk inc flu hosp,2026-05-09,quantile,0.6,3
2026-05-02,10,1,wk inc flu hosp,2026-05-09,quantile,0.65,4
2026-05-02,10,1,wk inc flu hosp,2026-05-09,quantile,0.7,4
2026-05-02,10,1,wk inc flu hosp,2026-05-09,quantile,0.75,5
2026-05-02,10,1,wk inc flu hosp,2026-05-09,quantile,0.8,6
2026-05-02,10,1,wk inc flu hosp,2026-05-09,quantile,0.85,7
2026-05-02,10,1,wk inc flu hosp,2026-05-09,quantile,0.9,8
2026-05-02,10,1,wk inc flu hosp,2026-05-09,quantile,0.95,10
2026-05-02,10,1,wk inc flu hosp,2026-05-09,quantile,0.975,13
2026-05-02,10,1,wk inc flu hosp,2026-05-09,quantile,0.99,15
2026-05-02,10,2,wk inc flu hosp,2026-05-16,quantile,0.01,0
2026-05-02,10,2,wk inc flu hosp,2026-05-16,quantile,0.025,0
2026-05-02,10,2,wk inc flu hosp,2026-05-16,quantile,0.05,0
2026-05-02,10,2,wk inc flu hosp,2026-05-16,quantile,0.1,0
2026-05-02,10,2,wk inc flu hosp,2026-05-16,quantile,0.15,0
2026-05-02,10,2,wk inc flu hosp,2026-05-16,quantile,0.2,0
2026-05-02,10,2,wk inc flu hosp,2026-05-16,quantile,0.25,0
2026-05-02,10,2,wk inc flu hosp,2026-05-16,quantile,0.3,0
2026-05-02,10,2,wk inc flu hosp,2026-05-16,quantile,0.35,1
2026-05-02,10,2,wk inc flu hosp,2026-05-16,quantile,0.4,1
2026-05-02,10,2,wk inc flu hosp,2026-05-16,quantile,0.45,1
2026-05-02,10,2,wk inc flu hosp,2026-05-16,quantile,0.5,2
2026-05-02,10,2,wk inc flu hosp,2026-05-16,quantile,0.55,2
2026-05-02,10,2,wk inc flu hosp,2026-05-16,quantile,0.6,3
2026-05-02,10,2,wk inc flu hosp,2026-05-16,quantile,0.65,3
2026-05-02,10,2,wk inc flu hosp,2026-05-16,quantile,0.7,4
2026-05-02,10,2,wk inc flu hosp,2026-05-16,quantile,0.75,5
2026-05-02,10,2,wk inc flu hosp,2026-05-16,quantile,0.8,6
2026-05-02,10,2,wk inc flu hosp,2026-05-16,quantile,0.85,7
2026-05-02,10,2,wk inc flu hosp,2026-05-16,quantile,0.9,8
2026-05-02,10,2,wk inc flu hosp,2026-05-16,quantile,0.95,11
2026-05-02,10,2,wk inc flu hosp,2026-05-16,quantile,0.975,13
2026-05-02,10,2,wk inc flu hosp,2026-05-16,quantile,0.99,16
2026-05-02,10,3,wk inc flu hosp,2026-05-23,quantile,0.01,0
2026-05-02,10,3,wk inc flu hosp,2026-05-23,quantile,0.025,0
2026-05-02,10,3,wk inc flu hosp,2026-05-23,quantile,0.05,0
2026-05-02,10,3,wk inc flu hosp,2026-05-23,quantile,0.1,0
2026-05-02,10,3,wk inc flu hosp,2026-05-23,quantile,0.15,0
2026-05-02,10,3,wk inc flu hosp,2026-05-23,quantile,0.2,0
2026-05-02,10,3,wk inc flu hosp,2026-05-23,quantile,0.25,0
2026-05-02,10,3,wk inc flu hosp,2026-05-23,quantile,0.3,0
2026-05-02,10,3,wk inc flu hosp,2026-05-23,quantile,0.35,0
2026-05-02,10,3,wk inc flu hosp,2026-05-23,quantile,0.4,1
2026-05-02,10,3,wk inc flu hosp,2026-05-23,quantile,0.45,1
2026-05-02,10,3,wk inc flu hosp,2026-05-23,quantile,0.5,2
2026-05-02,10,3,wk inc flu hosp,2026-05-23,quantile,0.55,2
2026-05-02,10,3,wk inc flu hosp,2026-05-23,quantile,0.6,3
2026-05-02,10,3,wk inc flu hosp,2026-05-23,quantile,0.65,3
2026-05-02,10,3,wk inc flu hosp,2026-05-23,quantile,0.7,4
2026-05-02,10,3,wk inc flu hosp,2026-05-23,quantile,0.75,5
2026-05-02,10,3,wk inc flu hosp,2026-05-23,quantile,0.8,6
2026-05-02,10,3,wk inc flu hosp,2026-05-23,quantile,0.85,7
2026-05-02,10,3,wk inc flu hosp,2026-05-23,quantile,0.9,9
2026-05-02,10,3,wk inc flu hosp,2026-05-23,quantile,0.95,11
2026-05-02,10,3,wk inc flu hosp,2026-05-23,quantile,0.975,14
2026-05-02,10,3,wk inc flu hosp,2026-05-23,quantile,0.99,19
2026-05-02,11,0,wk inc flu hosp,2026-05-02,quantile,0.01,0
2026-05-02,11,0,wk inc flu hosp,2026-05-02,quantile,0.025,0
2026-05-02,11,0,wk inc flu hosp,2026-05-02,quantile,0.05,0
2026-05-02,11,0,wk inc flu hosp,2026-05-02,quantile,0.1,0
2026-05-02,11,0,wk inc flu hosp,2026-05-02,quantile,0.15,0
2026-05-02,11,0,wk inc flu hosp,2026-05-02,quantile,0.2,0
2026-05-02,11,0,wk inc flu hosp,2026-05-02,quantile,0.25,0
2026-05-02,11,0,wk inc flu hosp,2026-05-02,quantile,0.3,0
2026-05-02,11,0,wk inc flu hosp,2026-05-02,quantile,0.35,1
2026-05-02,11,0,wk inc flu hosp,2026-05-02,quantile,0.4,1
2026-05-02,11,0,wk inc flu hosp,2026-05-02,quantile,0.45,1
2026-05-02,11,0,wk inc flu hosp,2026-05-02,quantile,0.5,2
2026-05-02,11,0,wk inc flu hosp,2026-05-02,quantile,0.55,2
2026-05-02,11,0,wk inc flu hosp,2026-05-02,quantile,0.6,2
2026-05-02,11,0,wk inc flu hosp,2026-05-02,quantile,0.65,2
2026-05-02,11,0,wk inc flu hosp,2026-05-02,quantile,0.7,3
2026-05-02,11,0,wk inc flu hosp,2026-05-02,quantile,0.75,3
2026-05-02,11,0,wk inc flu hosp,2026-05-02,quantile,0.8,4
2026-05-02,11,0,wk inc flu hosp,2026-05-02,quantile,0.85,4
2026-05-02,11,0,wk inc flu hosp,2026-05-02,quantile,0.9,5
2026-05-02,11,0,wk inc flu hosp,2026-05-02,quantile,0.95,7
2026-05-02,11,0,wk inc flu hosp,2026-05-02,quantile,0.975,8
2026-05-02,11,0,wk inc flu hosp,2026-05-02,quantile,0.99,11
2026-05-02,11,1,wk inc flu hosp,2026-05-09,quantile,0.01,0
2026-05-02,11,1,wk inc flu hosp,2026-05-09,quantile,0.025,0
2026-05-02,11,1,wk inc flu hosp,2026-05-09,quantile,0.05,0
2026-05-02,11,1,wk inc flu hosp,2026-05-09,quantile,0.1,0
2026-05-02,11,1,wk inc flu hosp,2026-05-09,quantile,0.15,0
2026-05-02,11,1,wk inc flu hosp,2026-05-09,quantile,0.2,0
2026-05-02,11,1,wk inc flu hosp,2026-05-09,quantile,0.25,0
2026-05-02,11,1,wk inc flu hosp,2026-05-09,quantile,0.3,0
2026-05-02,11,1,wk inc flu hosp,2026-05-09,quantile,0.35,1
2026-05-02,11,1,wk inc flu hosp,2026-05-09,quantile,0.4,1
2026-05-02,11,1,wk inc flu hosp,2026-05-09,quantile,0.45,1
2026-05-02,11,1,wk inc flu hosp,2026-05-09,quantile,0.5,1
2026-05-02,11,1,wk inc flu hosp,2026-05-09,quantile,0.55,2
2026-05-02,11,1,wk inc flu hosp,2026-05-09,quantile,0.6,2
2026-05-02,11,1,wk inc flu hosp,2026-05-09,quantile,0.65,2
2026-05-02,11,1,wk inc flu hosp,2026-05-09,quantile,0.7,3
2026-05-02,11,1,wk inc flu hosp,2026-05-09,quantile,0.75,3
2026-05-02,11,1,wk inc flu hosp,2026-05-09,quantile,0.8,4
2026-05-02,11,1,wk inc flu hosp,2026-05-09,quantile,0.85,4
2026-05-02,11,1,wk inc flu hosp,2026-05-09,quantile,0.9,5
2026-05-02,11,1,wk inc flu hosp,2026-05-09,quantile,0.95,7
2026-05-02,11,1,wk inc flu hosp,2026-05-09,quantile,0.975,9
2026-05-02,11,1,wk inc flu hosp,2026-05-09,quantile,0.99,11
2026-05-02,11,2,wk inc flu hosp,2026-05-16,quantile,0.01,0
2026-05-02,11,2,wk inc flu hosp,2026-05-16,quantile,0.025,0
2026-05-02,11,2,wk inc flu hosp,2026-05-16,quantile,0.05,0
2026-05-02,11,2,wk inc flu hosp,2026-05-16,quantile,0.1,0
2026-05-02,11,2,wk inc flu hosp,2026-05-16,quantile,0.15,0
2026-05-02,11,2,wk inc flu hosp,2026-05-16,quantile,0.2,0
2026-05-02,11,2,wk inc flu hosp,2026-05-16,quantile,0.25,0
2026-05-02,11,2,wk inc flu hosp,2026-05-16,quantile,0.3,0
2026-05-02,11,2,wk inc flu hosp,2026-05-16,quantile,0.35,0
2026-05-02,11,2,wk inc flu hosp,2026-05-16,quantile,0.4,0
2026-05-02,11,2,wk inc flu hosp,2026-05-16,quantile,0.45,1
2026-05-02,11,2,wk inc flu hosp,2026-05-16,quantile,0.5,1
2026-05-02,11,2,wk inc flu hosp,2026-05-16,quantile,0.55,2
2026-05-02,11,2,wk inc flu hosp,2026-05-16,quantile,0.6,2
2026-05-02,11,2,wk inc flu hosp,2026-05-16,quantile,0.65,2
2026-05-02,11,2,wk inc flu hosp,2026-05-16,quantile,0.7,2
2026-05-02,11,2,wk inc flu hosp,2026-05-16,quantile,0.75,2
2026-05-02,11,2,wk inc flu hosp,2026-05-16,quantile,0.8,3
2026-05-02,11,2,wk inc flu hosp,2026-05-16,quantile,0.85,4
2026-05-02,11,2,wk inc flu hosp,2026-05-16,quantile,0.9,6
2026-05-02,11,2,wk inc flu hosp,2026-05-16,quantile,0.95,8
2026-05-02,11,2,wk inc flu hosp,2026-05-16,quantile,0.975,10
2026-05-02,11,2,wk inc flu hosp,2026-05-16,quantile,0.99,16
2026-05-02,11,3,wk inc flu hosp,2026-05-23,quantile,0.01,0
2026-05-02,11,3,wk inc flu hosp,2026-05-23,quantile,0.025,0
2026-05-02,11,3,wk inc flu hosp,2026-05-23,quantile,0.05,0
2026-05-02,11,3,wk inc flu hosp,2026-05-23,quantile,0.1,0
2026-05-02,11,3,wk inc flu hosp,2026-05-23,quantile,0.15,0
2026-05-02,11,3,wk inc flu hosp,2026-05-23,quantile,0.2,0
2026-05-02,11,3,wk inc flu hosp,2026-05-23,quantile,0.25,0
2026-05-02,11,3,wk inc flu hosp,2026-05-23,quantile,0.3,0
2026-05-02,11,3,wk inc flu hosp,2026-05-23,quantile,0.35,0
2026-05-02,11,3,wk inc flu hosp,2026-05-23,quantile,0.4,0
2026-05-02,11,3,wk inc flu hosp,2026-05-23,quantile,0.45,0
2026-05-02,11,3,wk inc flu hosp,2026-05-23,quantile,0.5,1
2026-05-02,11,3,wk inc flu hosp,2026-05-23,quantile,0.55,2
2026-05-02,11,3,wk inc flu hosp,2026-05-23,quantile,0.6,2
2026-05-02,11,3,wk inc flu hosp,2026-05-23,quantile,0.65,2
2026-05-02,11,3,wk inc flu hosp,2026-05-23,quantile,0.7,2
2026-05-02,11,3,wk inc flu hosp,2026-05-23,quantile,0.75,3
2026-05-02,11,3,wk inc flu hosp,2026-05-23,quantile,0.8,4
2026-05-02,11,3,wk inc flu hosp,2026-05-23,quantile,0.85,4
2026-05-02,11,3,wk inc flu hosp,2026-05-23,quantile,0.9,7
2026-05-02,11,3,wk inc flu hosp,2026-05-23,quantile,0.95,9
2026-05-02,11,3,wk inc flu hosp,2026-05-23,quantile,0.975,11
2026-05-02,11,3,wk inc flu hosp,2026-05-23,quantile,0.99,15
2026-05-02,12,0,wk inc flu hosp,2026-05-02,quantile,0.01,56
2026-05-02,12,0,wk inc flu hosp,2026-05-02,quantile,0.025,69
2026-05-02,12,0,wk inc flu hosp,2026-05-02,quantile,0.05,75
2026-05-02,12,0,wk inc flu hosp,2026-05-02,quantile,0.1,87
2026-05-02,12,0,wk inc flu hosp,2026-05-02,quantile,0.15,100
2026-05-02,12,0,wk inc flu hosp,2026-05-02,quantile,0.2,108
2026-05-02,12,0,wk inc flu hosp,2026-05-02,quantile,0.25,115
2026-05-02,12,0,wk inc flu hosp,2026-05-02,quantile,0.3,123
2026-05-02,12,0,wk inc flu hosp,2026-05-02,quantile,0.35,133
2026-05-02,12,0,wk inc flu hosp,2026-05-02,quantile,0.4,141
2026-05-02,12,0,wk inc flu hosp,2026-05-02,quantile,0.45,146
2026-05-02,12,0,wk inc flu hosp,2026-05-02,quantile,0.5,152
2026-05-02,12,0,wk inc flu hosp,2026-05-02,quantile,0.55,159
2026-05-02,12,0,wk inc flu hosp,2026-05-02,quantile,0.6,169
2026-05-02,12,0,wk inc flu hosp,2026-05-02,quantile,0.65,175
2026-05-02,12,0,wk inc flu hosp,2026-05-02,quantile,0.7,184
2026-05-02,12,0,wk inc flu hosp,2026-05-02,quantile,0.75,192
2026-05-02,12,0,wk inc flu hosp,2026-05-02,quantile,0.8,204
2026-05-02,12,0,wk inc flu hosp,2026-05-02,quantile,0.85,217
2026-05-02,12,0,wk inc flu hosp,2026-05-02,quantile,0.9,236
2026-05-02,12,0,wk inc flu hosp,2026-05-02,quantile,0.95,268
2026-05-02,12,0,wk inc flu hosp,2026-05-02,quantile,0.975,301
2026-05-02,12,0,wk inc flu hosp,2026-05-02,quantile,0.99,341
2026-05-02,12,1,wk inc flu hosp,2026-05-09,quantile,0.01,35
2026-05-02,12,1,wk inc flu hosp,2026-05-09,quantile,0.025,42
2026-05-02,12,1,wk inc flu hosp,2026-05-09,quantile,0.05,52
2026-05-02,12,1,wk inc flu hosp,2026-05-09,quantile,0.1,66
2026-05-02,12,1,wk inc flu hosp,2026-05-09,quantile,0.15,76
2026-05-02,12,1,wk inc flu hosp,2026-05-09,quantile,0.2,87
2026-05-02,12,1,wk inc flu hosp,2026-05-09,quantile,0.25,97
2026-05-02,12,1,wk inc flu hosp,2026-05-09,quantile,0.3,106
2026-05-02,12,1,wk inc flu hosp,2026-05-09,quantile,0.35,113
2026-05-02,12,1,wk inc flu hosp,2026-05-09,quantile,0.4,117
2026-05-02,12,1,wk inc flu hosp,2026-05-09,quantile,0.45,125
2026-05-02,12,1,wk inc flu hosp,2026-05-09,quantile,0.5,135
2026-05-02,12,1,wk inc flu hosp,2026-05-09,quantile,0.55,144
2026-05-02,12,1,wk inc flu hosp,2026-05-09,quantile,0.6,153
2026-05-02,12,1,wk inc flu hosp,2026-05-09,quantile,0.65,163
2026-05-02,12,1,wk inc flu hosp,2026-05-09,quantile,0.7,172
2026-05-02,12,1,wk inc flu hosp,2026-05-09,quantile,0.75,186
2026-05-02,12,1,wk inc flu hosp,2026-05-09,quantile,0.8,200
2026-05-02,12,1,wk inc flu hosp,2026-05-09,quantile,0.85,217
2026-05-02,12,1,wk inc flu hosp,2026-05-09,quantile,0.9,247
2026-05-02,12,1,wk inc flu hosp,2026-05-09,quantile,0.95,290
2026-05-02,12,1,wk inc flu hosp,2026-05-09,quantile,0.975,326
2026-05-02,12,1,wk inc flu hosp,2026-05-09,quantile,0.99,381
2026-05-02,12,2,wk inc flu hosp,2026-05-16,quantile,0.01,19
2026-05-02,12,2,wk inc flu hosp,2026-05-16,quantile,0.025,26
2026-05-02,12,2,wk inc flu hosp,2026-05-16,quantile,0.05,34
2026-05-02,12,2,wk inc flu hosp,2026-05-16,quantile,0.1,48
2026-05-02,12,2,wk inc flu hosp,2026-05-16,quantile,0.15,59
2026-05-02,12,2,wk inc flu hosp,2026-05-16,quantile,0.2,75
2026-05-02,12,2,wk inc flu hosp,2026-05-16,quantile,0.25,86
2026-05-02,12,2,wk inc flu hosp,2026-05-16,quantile,0.3,94
2026-05-02,12,2,wk inc flu hosp,2026-05-16,quantile,0.35,103
2026-05-02,12,2,wk inc flu hosp,2026-05-16,quantile,0.4,109
2026-05-02,12,2,wk inc flu hosp,2026-05-16,quantile,0.45,118
2026-05-02,12,2,wk inc flu hosp,2026-05-16,quantile,0.5,126
2026-05-02,12,2,wk inc flu hosp,2026-05-16,quantile,0.55,134
2026-05-02,12,2,wk inc flu hosp,2026-05-16,quantile,0.6,143
2026-05-02,12,2,wk inc flu hosp,2026-05-16,quantile,0.65,155
2026-05-02,12,2,wk inc flu hosp,2026-05-16,quantile,0.7,171
2026-05-02,12,2,wk inc flu hosp,2026-05-16,quantile,0.75,188
2026-05-02,12,2,wk inc flu hosp,2026-05-16,quantile,0.8,210
2026-05-02,12,2,wk inc flu hosp,2026-05-16,quantile,0.85,227
2026-05-02,12,2,wk inc flu hosp,2026-05-16,quantile,0.9,263
2026-05-02,12,2,wk inc flu hosp,2026-05-16,quantile,0.95,307
2026-05-02,12,2,wk inc flu hosp,2026-05-16,quantile,0.975,343
2026-05-02,12,2,wk inc flu hosp,2026-05-16,quantile,0.99,419
2026-05-02,12,3,wk inc flu hosp,2026-05-23,quantile,0.01,14
2026-05-02,12,3,wk inc flu hosp,2026-05-23,quantile,0.025,19
2026-05-02,12,3,wk inc flu hosp,2026-05-23,quantile,0.05,28
2026-05-02,12,3,wk inc flu hosp,2026-05-23,quantile,0.1,41
2026-05-02,12,3,wk inc flu hosp,2026-05-23,quantile,0.15,52
2026-05-02,12,3,wk inc flu hosp,2026-05-23,quantile,0.2,64
2026-05-02,12,3,wk inc flu hosp,2026-05-23,quantile,0.25,73
2026-05-02,12,3,wk inc flu hosp,2026-05-23,quantile,0.3,81
2026-05-02,12,3,wk inc flu hosp,2026-05-23,quantile,0.35,87
2026-05-02,12,3,wk inc flu hosp,2026-05-23,quantile,0.4,97
2026-05-02,12,3,wk inc flu hosp,2026-05-23,quantile,0.45,104
2026-05-02,12,3,wk inc flu hosp,2026-05-23,quantile,0.5,117
2026-05-02,12,3,wk inc flu hosp,2026-05-23,quantile,0.55,129
2026-05-02,12,3,wk inc flu hosp,2026-05-23,quantile,0.6,137
2026-05-02,12,3,wk inc flu hosp,2026-05-23,quantile,0.65,148
2026-05-02,12,3,wk inc flu hosp,2026-05-23,quantile,0.7,159
2026-05-02,12,3,wk inc flu hosp,2026-05-23,quantile,0.75,175
2026-05-02,12,3,wk inc flu hosp,2026-05-23,quantile,0.8,199
2026-05-02,12,3,wk inc flu hosp,2026-05-23,quantile,0.85,219
2026-05-02,12,3,wk inc flu hosp,2026-05-23,quantile,0.9,259
2026-05-02,12,3,wk inc flu hosp,2026-05-23,quantile,0.95,308
2026-05-02,12,3,wk inc flu hosp,2026-05-23,quantile,0.975,369
2026-05-02,12,3,wk inc flu hosp,2026-05-23,quantile,0.99,446
2026-05-02,13,0,wk inc flu hosp,2026-05-02,quantile,0.01,4
2026-05-02,13,0,wk inc flu hosp,2026-05-02,quantile,0.025,5
2026-05-02,13,0,wk inc flu hosp,2026-05-02,quantile,0.05,8
2026-05-02,13,0,wk inc flu hosp,2026-05-02,quantile,0.1,9
2026-05-02,13,0,wk inc flu hosp,2026-05-02,quantile,0.15,11
2026-05-02,13,0,wk inc flu hosp,2026-05-02,quantile,0.2,13
2026-05-02,13,0,wk inc flu hosp,2026-05-02,quantile,0.25,14
2026-05-02,13,0,wk inc flu hosp,2026-05-02,quantile,0.3,16
2026-05-02,13,0,wk inc flu hosp,2026-05-02,quantile,0.35,19
2026-05-02,13,0,wk inc flu hosp,2026-05-02,quantile,0.4,21
2026-05-02,13,0,wk inc flu hosp,2026-05-02,quantile,0.45,22
2026-05-02,13,0,wk inc flu hosp,2026-05-02,quantile,0.5,24
2026-05-02,13,0,wk inc flu hosp,2026-05-02,quantile,0.55,27
2026-05-02,13,0,wk inc flu hosp,2026-05-02,quantile,0.6,28
2026-05-02,13,0,wk inc flu hosp,2026-05-02,quantile,0.65,30
2026-05-02,13,0,wk inc flu hosp,2026-05-02,quantile,0.7,33
2026-05-02,13,0,wk inc flu hosp,2026-05-02,quantile,0.75,35
2026-05-02,13,0,wk inc flu hosp,2026-05-02,quantile,0.8,38
2026-05-02,13,0,wk inc flu hosp,2026-05-02,quantile,0.85,41
2026-05-02,13,0,wk inc flu hosp,2026-05-02,quantile,0.9,45
2026-05-02,13,0,wk inc flu hosp,2026-05-02,quantile,0.95,53
2026-05-02,13,0,wk inc flu hosp,2026-05-02,quantile,0.975,61
2026-05-02,13,0,wk inc flu hosp,2026-05-02,quantile,0.99,70
2026-05-02,13,1,wk inc flu hosp,2026-05-09,quantile,0.01,2
2026-05-02,13,1,wk inc flu hosp,2026-05-09,quantile,0.025,3
2026-05-02,13,1,wk inc flu hosp,2026-05-09,quantile,0.05,4
2026-05-02,13,1,wk inc flu hosp,2026-05-09,quantile,0.1,7
2026-05-02,13,1,wk inc flu hosp,2026-05-09,quantile,0.15,8
2026-05-02,13,1,wk inc flu hosp,2026-05-09,quantile,0.2,9
2026-05-02,13,1,wk inc flu hosp,2026-05-09,quantile,0.25,11
2026-05-02,13,1,wk inc flu hosp,2026-05-09,quantile,0.3,13
2026-05-02,13,1,wk inc flu hosp,2026-05-09,quantile,0.35,15
2026-05-02,13,1,wk inc flu hosp,2026-05-09,quantile,0.4,17
2026-05-02,13,1,wk inc flu hosp,2026-05-09,quantile,0.45,19
2026-05-02,13,1,wk inc flu hosp,2026-05-09,quantile,0.5,21
2026-05-02,13,1,wk inc flu hosp,2026-05-09,quantile,0.55,23
2026-05-02,13,1,wk inc flu hosp,2026-05-09,quantile,0.6,25
2026-05-02,13,1,wk inc flu hosp,2026-05-09,quantile,0.65,27
2026-05-02,13,1,wk inc flu hosp,2026-05-09,quantile,0.7,29
2026-05-02,13,1,wk inc flu hosp,2026-05-09,quantile,0.75,31
2026-05-02,13,1,wk inc flu hosp,2026-05-09,quantile,0.8,35
2026-05-02,13,1,wk inc flu hosp,2026-05-09,quantile,0.85,38
2026-05-02,13,1,wk inc flu hosp,2026-05-09,quantile,0.9,43
2026-05-02,13,1,wk inc flu hosp,2026-05-09,quantile,0.95,53
2026-05-02,13,1,wk inc flu hosp,2026-05-09,quantile,0.975,64
2026-05-02,13,1,wk inc flu hosp,2026-05-09,quantile,0.99,84
2026-05-02,13,2,wk inc flu hosp,2026-05-16,quantile,0.01,0
2026-05-02,13,2,wk inc flu hosp,2026-05-16,quantile,0.025,1
2026-05-02,13,2,wk inc flu hosp,2026-05-16,quantile,0.05,2
2026-05-02,13,2,wk inc flu hosp,2026-05-16,quantile,0.1,4
2026-05-02,13,2,wk inc flu hosp,2026-05-16,quantile,0.15,6
2026-05-02,13,2,wk inc flu hosp,2026-05-16,quantile,0.2,7
2026-05-02,13,2,wk inc flu hosp,2026-05-16,quantile,0.25,9
2026-05-02,13,2,wk inc flu hosp,2026-05-16,quantile,0.3,10
2026-05-02,13,2,wk inc flu hosp,2026-05-16,quantile,0.35,11
2026-05-02,13,2,wk inc flu hosp,2026-05-16,quantile,0.4,14
2026-05-02,13,2,wk inc flu hosp,2026-05-16,quantile,0.45,16
2026-05-02,13,2,wk inc flu hosp,2026-05-16,quantile,0.5,18
2026-05-02,13,2,wk inc flu hosp,2026-05-16,quantile,0.55,20
2026-05-02,13,2,wk inc flu hosp,2026-05-16,quantile,0.6,23
2026-05-02,13,2,wk inc flu hosp,2026-05-16,quantile,0.65,25
2026-05-02,13,2,wk inc flu hosp,2026-05-16,quantile,0.7,28
2026-05-02,13,2,wk inc flu hosp,2026-05-16,quantile,0.75,31
2026-05-02,13,2,wk inc flu hosp,2026-05-16,quantile,0.8,34
2026-05-02,13,2,wk inc flu hosp,2026-05-16,quantile,0.85,37
2026-05-02,13,2,wk inc flu hosp,2026-05-16,quantile,0.9,41
2026-05-02,13,2,wk inc flu hosp,2026-05-16,quantile,0.95,50
2026-05-02,13,2,wk inc flu hosp,2026-05-16,quantile,0.975,66
2026-05-02,13,2,wk inc flu hosp,2026-05-16,quantile,0.99,89
2026-05-02,13,3,wk inc flu hosp,2026-05-23,quantile,0.01,0
2026-05-02,13,3,wk inc flu hosp,2026-05-23,quantile,0.025,1
2026-05-02,13,3,wk inc flu hosp,2026-05-23,quantile,0.05,2
2026-05-02,13,3,wk inc flu hosp,2026-05-23,quantile,0.1,3
2026-05-02,13,3,wk inc flu hosp,2026-05-23,quantile,0.15,5
2026-05-02,13,3,wk inc flu hosp,2026-05-23,quantile,0.2,7
2026-05-02,13,3,wk inc flu hosp,2026-05-23,quantile,0.25,8
2026-05-02,13,3,wk inc flu hosp,2026-05-23,quantile,0.3,10
2026-05-02,13,3,wk inc flu hosp,2026-05-23,quantile,0.35,11
2026-05-02,13,3,wk inc flu hosp,2026-05-23,quantile,0.4,13
2026-05-02,13,3,wk inc flu hosp,2026-05-23,quantile,0.45,14
2026-05-02,13,3,wk inc flu hosp,2026-05-23,quantile,0.5,17
2026-05-02,13,3,wk inc flu hosp,2026-05-23,quantile,0.55,19
2026-05-02,13,3,wk inc flu hosp,2026-05-23,quantile,0.6,21
2026-05-02,13,3,wk inc flu hosp,2026-05-23,quantile,0.65,23
2026-05-02,13,3,wk inc flu hosp,2026-05-23,quantile,0.7,26
2026-05-02,13,3,wk inc flu hosp,2026-05-23,quantile,0.75,30
2026-05-02,13,3,wk inc flu hosp,2026-05-23,quantile,0.8,32
2026-05-02,13,3,wk inc flu hosp,2026-05-23,quantile,0.85,36
2026-05-02,13,3,wk inc flu hosp,2026-05-23,quantile,0.9,41
2026-05-02,13,3,wk inc flu hosp,2026-05-23,quantile,0.95,51
2026-05-02,13,3,wk inc flu hosp,2026-05-23,quantile,0.975,71
2026-05-02,13,3,wk inc flu hosp,2026-05-23,quantile,0.99,94
2026-05-02,15,0,wk inc flu hosp,2026-05-02,quantile,0.01,1
2026-05-02,15,0,wk inc flu hosp,2026-05-02,quantile,0.025,2
2026-05-02,15,0,wk inc flu hosp,2026-05-02,quantile,0.05,3
2026-05-02,15,0,wk inc flu hosp,2026-05-02,quantile,0.1,4
2026-05-02,15,0,wk inc flu hosp,2026-05-02,quantile,0.15,5
2026-05-02,15,0,wk inc flu hosp,2026-05-02,quantile,0.2,6
2026-05-02,15,0,wk inc flu hosp,2026-05-02,quantile,0.25,6
2026-05-02,15,0,wk inc flu hosp,2026-05-02,quantile,0.3,7
2026-05-02,15,0,wk inc flu hosp,2026-05-02,quantile,0.35,8
2026-05-02,15,0,wk inc flu hosp,2026-05-02,quantile,0.4,8
2026-05-02,15,0,wk inc flu hosp,2026-05-02,quantile,0.45,9
2026-05-02,15,0,wk inc flu hosp,2026-05-02,quantile,0.5,11
2026-05-02,15,0,wk inc flu hosp,2026-05-02,quantile,0.55,12
2026-05-02,15,0,wk inc flu hosp,2026-05-02,quantile,0.6,13
2026-05-02,15,0,wk inc flu hosp,2026-05-02,quantile,0.65,14
2026-05-02,15,0,wk inc flu hosp,2026-05-02,quantile,0.7,15
2026-05-02,15,0,wk inc flu hosp,2026-05-02,quantile,0.75,16
2026-05-02,15,0,wk inc flu hosp,2026-05-02,quantile,0.8,18
2026-05-02,15,0,wk inc flu hosp,2026-05-02,quantile,0.85,20
2026-05-02,15,0,wk inc flu hosp,2026-05-02,quantile,0.9,23
2026-05-02,15,0,wk inc flu hosp,2026-05-02,quantile,0.95,26
2026-05-02,15,0,wk inc flu hosp,2026-05-02,quantile,0.975,29
2026-05-02,15,0,wk inc flu hosp,2026-05-02,quantile,0.99,35
2026-05-02,15,1,wk inc flu hosp,2026-05-09,quantile,0.01,1
2026-05-02,15,1,wk inc flu hosp,2026-05-09,quantile,0.025,1
2026-05-02,15,1,wk inc flu hosp,2026-05-09,quantile,0.05,2
2026-05-02,15,1,wk inc flu hosp,2026-05-09,quantile,0.1,3
2026-05-02,15,1,wk inc flu hosp,2026-05-09,quantile,0.15,4
2026-05-02,15,1,wk inc flu hosp,2026-05-09,quantile,0.2,5
2026-05-02,15,1,wk inc flu hosp,2026-05-09,quantile,0.25,6
2026-05-02,15,1,wk inc flu hosp,2026-05-09,quantile,0.3,6
2026-05-02,15,1,wk inc flu hosp,2026-05-09,quantile,0.35,7
2026-05-02,15,1,wk inc flu hosp,2026-05-09,quantile,0.4,8
2026-05-02,15,1,wk inc flu hosp,2026-05-09,quantile,0.45,8
2026-05-02,15,1,wk inc flu hosp,2026-05-09,quantile,0.5,10
2026-05-02,15,1,wk inc flu hosp,2026-05-09,quantile,0.55,11
2026-05-02,15,1,wk inc flu hosp,2026-05-09,quantile,0.6,12
2026-05-02,15,1,wk inc flu hosp,2026-05-09,quantile,0.65,14
2026-05-02,15,1,wk inc flu hosp,2026-05-09,quantile,0.7,15
2026-05-02,15,1,wk inc flu hosp,2026-05-09,quantile,0.75,16
2026-05-02,15,1,wk inc flu hosp,2026-05-09,quantile,0.8,19
2026-05-02,15,1,wk inc flu hosp,2026-05-09,quantile,0.85,22
2026-05-02,15,1,wk inc flu hosp,2026-05-09,quantile,0.9,25
2026-05-02,15,1,wk inc flu hosp,2026-05-09,quantile,0.95,29
2026-05-02,15,1,wk inc flu hosp,2026-05-09,quantile,0.975,35
2026-05-02,15,1,wk inc flu hosp,2026-05-09,quantile,0.99,39
2026-05-02,15,2,wk inc flu hosp,2026-05-16,quantile,0.01,0
2026-05-02,15,2,wk inc flu hosp,2026-05-16,quantile,0.025,0
2026-05-02,15,2,wk inc flu hosp,2026-05-16,quantile,0.05,1
2026-05-02,15,2,wk inc flu hosp,2026-05-16,quantile,0.1,2
2026-05-02,15,2,wk inc flu hosp,2026-05-16,quantile,0.15,3
2026-05-02,15,2,wk inc flu hosp,2026-05-16,quantile,0.2,4
2026-05-02,15,2,wk inc flu hosp,2026-05-16,quantile,0.25,4
2026-05-02,15,2,wk inc flu hosp,2026-05-16,quantile,0.3,5
2026-05-02,15,2,wk inc flu hosp,2026-05-16,quantile,0.35,6
2026-05-02,15,2,wk inc flu hosp,2026-05-16,quantile,0.4,7
2026-05-02,15,2,wk inc flu hosp,2026-05-16,quantile,0.45,7
2026-05-02,15,2,wk inc flu hosp,2026-05-16,quantile,0.5,9
2026-05-02,15,2,wk inc flu hosp,2026-05-16,quantile,0.55,10
2026-05-02,15,2,wk inc flu hosp,2026-05-16,quantile,0.6,11
2026-05-02,15,2,wk inc flu hosp,2026-05-16,quantile,0.65,13
2026-05-02,15,2,wk inc flu hosp,2026-05-16,quantile,0.7,14
2026-05-02,15,2,wk inc flu hosp,2026-05-16,quantile,0.75,15
2026-05-02,15,2,wk inc flu hosp,2026-05-16,quantile,0.8,17
2026-05-02,15,2,wk inc flu hosp,2026-05-16,quantile,0.85,20
2026-05-02,15,2,wk inc flu hosp,2026-05-16,quantile,0.9,22
2026-05-02,15,2,wk inc flu hosp,2026-05-16,quantile,0.95,29
2026-05-02,15,2,wk inc flu hosp,2026-05-16,quantile,0.975,35
2026-05-02,15,2,wk inc flu hosp,2026-05-16,quantile,0.99,39
2026-05-02,15,3,wk inc flu hosp,2026-05-23,quantile,0.01,0
2026-05-02,15,3,wk inc flu hosp,2026-05-23,quantile,0.025,0
2026-05-02,15,3,wk inc flu hosp,2026-05-23,quantile,0.05,1
2026-05-02,15,3,wk inc flu hosp,2026-05-23,quantile,0.1,2
2026-05-02,15,3,wk inc flu hosp,2026-05-23,quantile,0.15,3
2026-05-02,15,3,wk inc flu hosp,2026-05-23,quantile,0.2,4
2026-05-02,15,3,wk inc flu hosp,2026-05-23,quantile,0.25,4
2026-05-02,15,3,wk inc flu hosp,2026-05-23,quantile,0.3,5
2026-05-02,15,3,wk inc flu hosp,2026-05-23,quantile,0.35,6
2026-05-02,15,3,wk inc flu hosp,2026-05-23,quantile,0.4,7
2026-05-02,15,3,wk inc flu hosp,2026-05-23,quantile,0.45,7
2026-05-02,15,3,wk inc flu hosp,2026-05-23,quantile,0.5,9
2026-05-02,15,3,wk inc flu hosp,2026-05-23,quantile,0.55,10
2026-05-02,15,3,wk inc flu hosp,2026-05-23,quantile,0.6,11
2026-05-02,15,3,wk inc flu hosp,2026-05-23,quantile,0.65,13
2026-05-02,15,3,wk inc flu hosp,2026-05-23,quantile,0.7,14
2026-05-02,15,3,wk inc flu hosp,2026-05-23,quantile,0.75,15
2026-05-02,15,3,wk inc flu hosp,2026-05-23,quantile,0.8,17
2026-05-02,15,3,wk inc flu hosp,2026-05-23,quantile,0.85,20
2026-05-02,15,3,wk inc flu hosp,2026-05-23,quantile,0.9,25
2026-05-02,15,3,wk inc flu hosp,2026-05-23,quantile,0.95,34
2026-05-02,15,3,wk inc flu hosp,2026-05-23,quantile,0.975,38
2026-05-02,15,3,wk inc flu hosp,2026-05-23,quantile,0.99,51
2026-05-02,16,0,wk inc flu hosp,2026-05-02,quantile,0.01,0
2026-05-02,16,0,wk inc flu hosp,2026-05-02,quantile,0.025,0
2026-05-02,16,0,wk inc flu hosp,2026-05-02,quantile,0.05,0
2026-05-02,16,0,wk inc flu hosp,2026-05-02,quantile,0.1,1
2026-05-02,16,0,wk inc flu hosp,2026-05-02,quantile,0.15,2
2026-05-02,16,0,wk inc flu hosp,2026-05-02,quantile,0.2,2
2026-05-02,16,0,wk inc flu hosp,2026-05-02,quantile,0.25,3
2026-05-02,16,0,wk inc flu hosp,2026-05-02,quantile,0.3,3
2026-05-02,16,0,wk inc flu hosp,2026-05-02,quantile,0.35,4
2026-05-02,16,0,wk inc flu hosp,2026-05-02,quantile,0.4,4
2026-05-02,16,0,wk inc flu hosp,2026-05-02,quantile,0.45,5
2026-05-02,16,0,wk inc flu hosp,2026-05-02,quantile,0.5,6
2026-05-02,16,0,wk inc flu hosp,2026-05-02,quantile,0.55,7
2026-05-02,16,0,wk inc flu hosp,2026-05-02,quantile,0.6,7
2026-05-02,16,0,wk inc flu hosp,2026-05-02,quantile,0.65,8
2026-05-02,16,0,wk inc flu hosp,2026-05-02,quantile,0.7,9
2026-05-02,16,0,wk inc flu hosp,2026-05-02,quantile,0.75,9
2026-05-02,16,0,wk inc flu hosp,2026-05-02,quantile,0.8,11
2026-05-02,16,0,wk inc flu hosp,2026-05-02,quantile,0.85,12
2026-05-02,16,0,wk inc flu hosp,2026-05-02,quantile,0.9,14
2026-05-02,16,0,wk inc flu hosp,2026-05-02,quantile,0.95,15
2026-05-02,16,0,wk inc flu hosp,2026-05-02,quantile,0.975,18
2026-05-02,16,0,wk inc flu hosp,2026-05-02,quantile,0.99,21
2026-05-02,16,1,wk inc flu hosp,2026-05-09,quantile,0.01,0
2026-05-02,16,1,wk inc flu hosp,2026-05-09,quantile,0.025,0
2026-05-02,16,1,wk inc flu hosp,2026-05-09,quantile,0.05,0
2026-05-02,16,1,wk inc flu hosp,2026-05-09,quantile,0.1,1
2026-05-02,16,1,wk inc flu hosp,2026-05-09,quantile,0.15,1
2026-05-02,16,1,wk inc flu hosp,2026-05-09,quantile,0.2,1
2026-05-02,16,1,wk inc flu hosp,2026-05-09,quantile,0.25,2
2026-05-02,16,1,wk inc flu hosp,2026-05-09,quantile,0.3,2
2026-05-02,16,1,wk inc flu hosp,2026-05-09,quantile,0.35,3
2026-05-02,16,1,wk inc flu hosp,2026-05-09,quantile,0.4,3
2026-05-02,16,1,wk inc flu hosp,2026-05-09,quantile,0.45,3
2026-05-02,16,1,wk inc flu hosp,2026-05-09,quantile,0.5,4
2026-05-02,16,1,wk inc flu hosp,2026-05-09,quantile,0.55,5
2026-05-02,16,1,wk inc flu hosp,2026-05-09,quantile,0.6,6
2026-05-02,16,1,wk inc flu hosp,2026-05-09,quantile,0.65,6
2026-05-02,16,1,wk inc flu hosp,2026-05-09,quantile,0.7,7
2026-05-02,16,1,wk inc flu hosp,2026-05-09,quantile,0.75,8
2026-05-02,16,1,wk inc flu hosp,2026-05-09,quantile,0.8,9
2026-05-02,16,1,wk inc flu hosp,2026-05-09,quantile,0.85,11
2026-05-02,16,1,wk inc flu hosp,2026-05-09,quantile,0.9,12
2026-05-02,16,1,wk inc flu hosp,2026-05-09,quantile,0.95,14
2026-05-02,16,1,wk inc flu hosp,2026-05-09,quantile,0.975,18
2026-05-02,16,1,wk inc flu hosp,2026-05-09,quantile,0.99,23
2026-05-02,16,2,wk inc flu hosp,2026-05-16,quantile,0.01,0
2026-05-02,16,2,wk inc flu hosp,2026-05-16,quantile,0.025,0
2026-05-02,16,2,wk inc flu hosp,2026-05-16,quantile,0.05,0
2026-05-02,16,2,wk inc flu hosp,2026-05-16,quantile,0.1,0
2026-05-02,16,2,wk inc flu hosp,2026-05-16,quantile,0.15,0
2026-05-02,16,2,wk inc flu hosp,2026-05-16,quantile,0.2,1
2026-05-02,16,2,wk inc flu hosp,2026-05-16,quantile,0.25,1
2026-05-02,16,2,wk inc flu hosp,2026-05-16,quantile,0.3,1
2026-05-02,16,2,wk inc flu hosp,2026-05-16,quantile,0.35,2
2026-05-02,16,2,wk inc flu hosp,2026-05-16,quantile,0.4,2
2026-05-02,16,2,wk inc flu hosp,2026-05-16,quantile,0.45,3
2026-05-02,16,2,wk inc flu hosp,2026-05-16,quantile,0.5,4
2026-05-02,16,2,wk inc flu hosp,2026-05-16,quantile,0.55,4
2026-05-02,16,2,wk inc flu hosp,2026-05-16,quantile,0.6,5
2026-05-02,16,2,wk inc flu hosp,2026-05-16,quantile,0.65,6
2026-05-02,16,2,wk inc flu hosp,2026-05-16,quantile,0.7,6
2026-05-02,16,2,wk inc flu hosp,2026-05-16,quantile,0.75,7
2026-05-02,16,2,wk inc flu hosp,2026-05-16,quantile,0.8,8
2026-05-02,16,2,wk inc flu hosp,2026-05-16,quantile,0.85,9
2026-05-02,16,2,wk inc flu hosp,2026-05-16,quantile,0.9,11
2026-05-02,16,2,wk inc flu hosp,2026-05-16,quantile,0.95,15
2026-05-02,16,2,wk inc flu hosp,2026-05-16,quantile,0.975,19
2026-05-02,16,2,wk inc flu hosp,2026-05-16,quantile,0.99,24
2026-05-02,16,3,wk inc flu hosp,2026-05-23,quantile,0.01,0
2026-05-02,16,3,wk inc flu hosp,2026-05-23,quantile,0.025,0
2026-05-02,16,3,wk inc flu hosp,2026-05-23,quantile,0.05,0
2026-05-02,16,3,wk inc flu hosp,2026-05-23,quantile,0.1,0
2026-05-02,16,3,wk inc flu hosp,2026-05-23,quantile,0.15,0
2026-05-02,16,3,wk inc flu hosp,2026-05-23,quantile,0.2,1
2026-05-02,16,3,wk inc flu hosp,2026-05-23,quantile,0.25,1
2026-05-02,16,3,wk inc flu hosp,2026-05-23,quantile,0.3,1
2026-05-02,16,3,wk inc flu hosp,2026-05-23,quantile,0.35,1
2026-05-02,16,3,wk inc flu hosp,2026-05-23,quantile,0.4,2
2026-05-02,16,3,wk inc flu hosp,2026-05-23,quantile,0.45,2
2026-05-02,16,3,wk inc flu hosp,2026-05-23,quantile,0.5,3
2026-05-02,16,3,wk inc flu hosp,2026-05-23,quantile,0.55,4
2026-05-02,16,3,wk inc flu hosp,2026-05-23,quantile,0.6,4
2026-05-02,16,3,wk inc flu hosp,2026-05-23,quantile,0.65,5
2026-05-02,16,3,wk inc flu hosp,2026-05-23,quantile,0.7,6
2026-05-02,16,3,wk inc flu hosp,2026-05-23,quantile,0.75,7
2026-05-02,16,3,wk inc flu hosp,2026-05-23,quantile,0.8,7
2026-05-02,16,3,wk inc flu hosp,2026-05-23,quantile,0.85,8
2026-05-02,16,3,wk inc flu hosp,2026-05-23,quantile,0.9,11
2026-05-02,16,3,wk inc flu hosp,2026-05-23,quantile,0.95,15
2026-05-02,16,3,wk inc flu hosp,2026-05-23,quantile,0.975,21
2026-05-02,16,3,wk inc flu hosp,2026-05-23,quantile,0.99,27
2026-05-02,17,0,wk inc flu hosp,2026-05-02,quantile,0.01,9
2026-05-02,17,0,wk inc flu hosp,2026-05-02,quantile,0.025,14
2026-05-02,17,0,wk inc flu hosp,2026-05-02,quantile,0.05,17
2026-05-02,17,0,wk inc flu hosp,2026-05-02,quantile,0.1,22
2026-05-02,17,0,wk inc flu hosp,2026-05-02,quantile,0.15,27
2026-05-02,17,0,wk inc flu hosp,2026-05-02,quantile,0.2,31
2026-05-02,17,0,wk inc flu hosp,2026-05-02,quantile,0.25,35
2026-05-02,17,0,wk inc flu hosp,2026-05-02,quantile,0.3,39
2026-05-02,17,0,wk inc flu hosp,2026-05-02,quantile,0.35,42
2026-05-02,17,0,wk inc flu hosp,2026-05-02,quantile,0.4,43
2026-05-02,17,0,wk inc flu hosp,2026-05-02,quantile,0.45,48
2026-05-02,17,0,wk inc flu hosp,2026-05-02,quantile,0.5,50
2026-05-02,17,0,wk inc flu hosp,2026-05-02,quantile,0.55,55
2026-05-02,17,0,wk inc flu hosp,2026-05-02,quantile,0.6,57
2026-05-02,17,0,wk inc flu hosp,2026-05-02,quantile,0.65,60
2026-05-02,17,0,wk inc flu hosp,2026-05-02,quantile,0.7,64
2026-05-02,17,0,wk inc flu hosp,2026-05-02,quantile,0.75,68
2026-05-02,17,0,wk inc flu hosp,2026-05-02,quantile,0.8,77
2026-05-02,17,0,wk inc flu hosp,2026-05-02,quantile,0.85,90
2026-05-02,17,0,wk inc flu hosp,2026-05-02,quantile,0.9,99
2026-05-02,17,0,wk inc flu hosp,2026-05-02,quantile,0.95,116
2026-05-02,17,0,wk inc flu hosp,2026-05-02,quantile,0.975,126
2026-05-02,17,0,wk inc flu hosp,2026-05-02,quantile,0.99,156
2026-05-02,17,1,wk inc flu hosp,2026-05-09,quantile,0.01,2
2026-05-02,17,1,wk inc flu hosp,2026-05-09,quantile,0.025,4
2026-05-02,17,1,wk inc flu hosp,2026-05-09,quantile,0.05,6
2026-05-02,17,1,wk inc flu hosp,2026-05-09,quantile,0.1,11
2026-05-02,17,1,wk inc flu hosp,2026-05-09,quantile,0.15,16
2026-05-02,17,1,wk inc flu hosp,2026-05-09,quantile,0.2,19
2026-05-02,17,1,wk inc flu hosp,2026-05-09,quantile,0.25,23
2026-05-02,17,1,wk inc flu hosp,2026-05-09,quantile,0.3,27
2026-05-02,17,1,wk inc flu hosp,2026-05-09,quantile,0.35,29
2026-05-02,17,1,wk inc flu hosp,2026-05-09,quantile,0.4,35
2026-05-02,17,1,wk inc flu hosp,2026-05-09,quantile,0.45,37
2026-05-02,17,1,wk inc flu hosp,2026-05-09,quantile,0.5,41
2026-05-02,17,1,wk inc flu hosp,2026-05-09,quantile,0.55,44
2026-05-02,17,1,wk inc flu hosp,2026-05-09,quantile,0.6,44
2026-05-02,17,1,wk inc flu hosp,2026-05-09,quantile,0.65,49
2026-05-02,17,1,wk inc flu hosp,2026-05-09,quantile,0.7,56
2026-05-02,17,1,wk inc flu hosp,2026-05-09,quantile,0.75,66
2026-05-02,17,1,wk inc flu hosp,2026-05-09,quantile,0.8,75
2026-05-02,17,1,wk inc flu hosp,2026-05-09,quantile,0.85,85
2026-05-02,17,1,wk inc flu hosp,2026-05-09,quantile,0.9,98
2026-05-02,17,1,wk inc flu hosp,2026-05-09,quantile,0.95,117
2026-05-02,17,1,wk inc flu hosp,2026-05-09,quantile,0.975,140
2026-05-02,17,1,wk inc flu hosp,2026-05-09,quantile,0.99,167
2026-05-02,17,2,wk inc flu hosp,2026-05-16,quantile,0.01,1
2026-05-02,17,2,wk inc flu hosp,2026-05-16,quantile,0.025,3
2026-05-02,17,2,wk inc flu hosp,2026-05-16,quantile,0.05,4
2026-05-02,17,2,wk inc flu hosp,2026-05-16,quantile,0.1,9
2026-05-02,17,2,wk inc flu hosp,2026-05-16,quantile,0.15,12
2026-05-02,17,2,wk inc flu hosp,2026-05-16,quantile,0.2,15
2026-05-02,17,2,wk inc flu hosp,2026-05-16,quantile,0.25,17
2026-05-02,17,2,wk inc flu hosp,2026-05-16,quantile,0.3,20
2026-05-02,17,2,wk inc flu hosp,2026-05-16,quantile,0.35,22
2026-05-02,17,2,wk inc flu hosp,2026-05-16,quantile,0.4,26
2026-05-02,17,2,wk inc flu hosp,2026-05-16,quantile,0.45,28
2026-05-02,17,2,wk inc flu hosp,2026-05-16,quantile,0.5,32
2026-05-02,17,2,wk inc flu hosp,2026-05-16,quantile,0.55,35
2026-05-02,17,2,wk inc flu hosp,2026-05-16,quantile,0.6,40
2026-05-02,17,2,wk inc flu hosp,2026-05-16,quantile,0.65,44
2026-05-02,17,2,wk inc flu hosp,2026-05-16,quantile,0.7,51
2026-05-02,17,2,wk inc flu hosp,2026-05-16,quantile,0.75,61
2026-05-02,17,2,wk inc flu hosp,2026-05-16,quantile,0.8,73
2026-05-02,17,2,wk inc flu hosp,2026-05-16,quantile,0.85,81
2026-05-02,17,2,wk inc flu hosp,2026-05-16,quantile,0.9,100
2026-05-02,17,2,wk inc flu hosp,2026-05-16,quantile,0.95,131
2026-05-02,17,2,wk inc flu hosp,2026-05-16,quantile,0.975,165
2026-05-02,17,2,wk inc flu hosp,2026-05-16,quantile,0.99,200
2026-05-02,17,3,wk inc flu hosp,2026-05-23,quantile,0.01,2
2026-05-02,17,3,wk inc flu hosp,2026-05-23,quantile,0.025,3
2026-05-02,17,3,wk inc flu hosp,2026-05-23,quantile,0.05,4
2026-05-02,17,3,wk inc flu hosp,2026-05-23,quantile,0.1,10
2026-05-02,17,3,wk inc flu hosp,2026-05-23,quantile,0.15,12
2026-05-02,17,3,wk inc flu hosp,2026-05-23,quantile,0.2,13
2026-05-02,17,3,wk inc flu hosp,2026-05-23,quantile,0.25,14
2026-05-02,17,3,wk inc flu hosp,2026-05-23,quantile,0.3,18
2026-05-02,17,3,wk inc flu hosp,2026-05-23,quantile,0.35,20
2026-05-02,17,3,wk inc flu hosp,2026-05-23,quantile,0.4,25
2026-05-02,17,3,wk inc flu hosp,2026-05-23,quantile,0.45,28
2026-05-02,17,3,wk inc flu hosp,2026-05-23,quantile,0.5,31
2026-05-02,17,3,wk inc flu hosp,2026-05-23,quantile,0.55,34
2026-05-02,17,3,wk inc flu hosp,2026-05-23,quantile,0.6,39
2026-05-02,17,3,wk inc flu hosp,2026-05-23,quantile,0.65,44
2026-05-02,17,3,wk inc flu hosp,2026-05-23,quantile,0.7,49
2026-05-02,17,3,wk inc flu hosp,2026-05-23,quantile,0.75,56
2026-05-02,17,3,wk inc flu hosp,2026-05-23,quantile,0.8,66
2026-05-02,17,3,wk inc flu hosp,2026-05-23,quantile,0.85,78
2026-05-02,17,3,wk inc flu hosp,2026-05-23,quantile,0.9,93
2026-05-02,17,3,wk inc flu hosp,2026-05-23,quantile,0.95,126
2026-05-02,17,3,wk inc flu hosp,2026-05-23,quantile,0.975,169
2026-05-02,17,3,wk inc flu hosp,2026-05-23,quantile,0.99,219
2026-05-02,18,0,wk inc flu hosp,2026-05-02,quantile,0.01,0
2026-05-02,18,0,wk inc flu hosp,2026-05-02,quantile,0.025,2
2026-05-02,18,0,wk inc flu hosp,2026-05-02,quantile,0.05,4
2026-05-02,18,0,wk inc flu hosp,2026-05-02,quantile,0.1,6
2026-05-02,18,0,wk inc flu hosp,2026-05-02,quantile,0.15,7
2026-05-02,18,0,wk inc flu hosp,2026-05-02,quantile,0.2,8
2026-05-02,18,0,wk inc flu hosp,2026-05-02,quantile,0.25,9
2026-05-02,18,0,wk inc flu hosp,2026-05-02,quantile,0.3,11
2026-05-02,18,0,wk inc flu hosp,2026-05-02,quantile,0.35,12
2026-05-02,18,0,wk inc flu hosp,2026-05-02,quantile,0.4,14
2026-05-02,18,0,wk inc flu hosp,2026-05-02,quantile,0.45,15
2026-05-02,18,0,wk inc flu hosp,2026-05-02,quantile,0.5,17
2026-05-02,18,0,wk inc flu hosp,2026-05-02,quantile,0.55,18
2026-05-02,18,0,wk inc flu hosp,2026-05-02,quantile,0.6,20
2026-05-02,18,0,wk inc flu hosp,2026-05-02,quantile,0.65,22
2026-05-02,18,0,wk inc flu hosp,2026-05-02,quantile,0.7,24
2026-05-02,18,0,wk inc flu hosp,2026-05-02,quantile,0.75,26
2026-05-02,18,0,wk inc flu hosp,2026-05-02,quantile,0.8,28
2026-05-02,18,0,wk inc flu hosp,2026-05-02,quantile,0.85,32
2026-05-02,18,0,wk inc flu hosp,2026-05-02,quantile,0.9,37
2026-05-02,18,0,wk inc flu hosp,2026-05-02,quantile,0.95,44
2026-05-02,18,0,wk inc flu hosp,2026-05-02,quantile,0.975,52
2026-05-02,18,0,wk inc flu hosp,2026-05-02,quantile,0.99,62
2026-05-02,18,1,wk inc flu hosp,2026-05-09,quantile,0.01,0
2026-05-02,18,1,wk inc flu hosp,2026-05-09,quantile,0.025,1
2026-05-02,18,1,wk inc flu hosp,2026-05-09,quantile,0.05,1
2026-05-02,18,1,wk inc flu hosp,2026-05-09,quantile,0.1,3
2026-05-02,18,1,wk inc flu hosp,2026-05-09,quantile,0.15,4
2026-05-02,18,1,wk inc flu hosp,2026-05-09,quantile,0.2,5
2026-05-02,18,1,wk inc flu hosp,2026-05-09,quantile,0.25,7
2026-05-02,18,1,wk inc flu hosp,2026-05-09,quantile,0.3,7
2026-05-02,18,1,wk inc flu hosp,2026-05-09,quantile,0.35,10
2026-05-02,18,1,wk inc flu hosp,2026-05-09,quantile,0.4,11
2026-05-02,18,1,wk inc flu hosp,2026-05-09,quantile,0.45,12
2026-05-02,18,1,wk inc flu hosp,2026-05-09,quantile,0.5,14
2026-05-02,18,1,wk inc flu hosp,2026-05-09,quantile,0.55,15
2026-05-02,18,1,wk inc flu hosp,2026-05-09,quantile,0.6,16
2026-05-02,18,1,wk inc flu hosp,2026-05-09,quantile,0.65,18
2026-05-02,18,1,wk inc flu hosp,2026-05-09,quantile,0.7,20
2026-05-02,18,1,wk inc flu hosp,2026-05-09,quantile,0.75,22
2026-05-02,18,1,wk inc flu hosp,2026-05-09,quantile,0.8,24
2026-05-02,18,1,wk inc flu hosp,2026-05-09,quantile,0.85,27
2026-05-02,18,1,wk inc flu hosp,2026-05-09,quantile,0.9,33
2026-05-02,18,1,wk inc flu hosp,2026-05-09,quantile,0.95,44
2026-05-02,18,1,wk inc flu hosp,2026-05-09,quantile,0.975,53
2026-05-02,18,1,wk inc flu hosp,2026-05-09,quantile,0.99,72
2026-05-02,18,2,wk inc flu hosp,2026-05-16,quantile,0.01,0
2026-05-02,18,2,wk inc flu hosp,2026-05-16,quantile,0.025,0
2026-05-02,18,2,wk inc flu hosp,2026-05-16,quantile,0.05,0
2026-05-02,18,2,wk inc flu hosp,2026-05-16,quantile,0.1,2
2026-05-02,18,2,wk inc flu hosp,2026-05-16,quantile,0.15,4
2026-05-02,18,2,wk inc flu hosp,2026-05-16,quantile,0.2,5
2026-05-02,18,2,wk inc flu hosp,2026-05-16,quantile,0.25,6
2026-05-02,18,2,wk inc flu hosp,2026-05-16,quantile,0.3,7
2026-05-02,18,2,wk inc flu hosp,2026-05-16,quantile,0.35,8
2026-05-02,18,2,wk inc flu hosp,2026-05-16,quantile,0.4,9
2026-05-02,18,2,wk inc flu hosp,2026-05-16,quantile,0.45,10
2026-05-02,18,2,wk inc flu hosp,2026-05-16,quantile,0.5,12
2026-05-02,18,2,wk inc flu hosp,2026-05-16,quantile,0.55,13
2026-05-02,18,2,wk inc flu hosp,2026-05-16,quantile,0.6,15
2026-05-02,18,2,wk inc flu hosp,2026-05-16,quantile,0.65,16
2026-05-02,18,2,wk inc flu hosp,2026-05-16,quantile,0.7,18
2026-05-02,18,2,wk inc flu hosp,2026-05-16,quantile,0.75,20
2026-05-02,18,2,wk inc flu hosp,2026-05-16,quantile,0.8,23
2026-05-02,18,2,wk inc flu hosp,2026-05-16,quantile,0.85,27
2026-05-02,18,2,wk inc flu hosp,2026-05-16,quantile,0.9,31
2026-05-02,18,2,wk inc flu hosp,2026-05-16,quantile,0.95,39
2026-05-02,18,2,wk inc flu hosp,2026-05-16,quantile,0.975,56
2026-05-02,18,2,wk inc flu hosp,2026-05-16,quantile,0.99,74
2026-05-02,18,3,wk inc flu hosp,2026-05-23,quantile,0.01,0
2026-05-02,18,3,wk inc flu hosp,2026-05-23,quantile,0.025,0
2026-05-02,18,3,wk inc flu hosp,2026-05-23,quantile,0.05,0
2026-05-02,18,3,wk inc flu hosp,2026-05-23,quantile,0.1,2
2026-05-02,18,3,wk inc flu hosp,2026-05-23,quantile,0.15,3
2026-05-02,18,3,wk inc flu hosp,2026-05-23,quantile,0.2,4
2026-05-02,18,3,wk inc flu hosp,2026-05-23,quantile,0.25,5
2026-05-02,18,3,wk inc flu hosp,2026-05-23,quantile,0.3,6
2026-05-02,18,3,wk inc flu hosp,2026-05-23,quantile,0.35,7
2026-05-02,18,3,wk inc flu hosp,2026-05-23,quantile,0.4,8
2026-05-02,18,3,wk inc flu hosp,2026-05-23,quantile,0.45,9
2026-05-02,18,3,wk inc flu hosp,2026-05-23,quantile,0.5,11
2026-05-02,18,3,wk inc flu hosp,2026-05-23,quantile,0.55,12
2026-05-02,18,3,wk inc flu hosp,2026-05-23,quantile,0.6,13
2026-05-02,18,3,wk inc flu hosp,2026-05-23,quantile,0.65,15
2026-05-02,18,3,wk inc flu hosp,2026-05-23,quantile,0.7,16
2026-05-02,18,3,wk inc flu hosp,2026-05-23,quantile,0.75,19
2026-05-02,18,3,wk inc flu hosp,2026-05-23,quantile,0.8,22
2026-05-02,18,3,wk inc flu hosp,2026-05-23,quantile,0.85,25
2026-05-02,18,3,wk inc flu hosp,2026-05-23,quantile,0.9,34
2026-05-02,18,3,wk inc flu hosp,2026-05-23,quantile,0.95,40
2026-05-02,18,3,wk inc flu hosp,2026-05-23,quantile,0.975,56
2026-05-02,18,3,wk inc flu hosp,2026-05-23,quantile,0.99,80
2026-05-02,19,0,wk inc flu hosp,2026-05-02,quantile,0.01,1
2026-05-02,19,0,wk inc flu hosp,2026-05-02,quantile,0.025,2
2026-05-02,19,0,wk inc flu hosp,2026-05-02,quantile,0.05,3
2026-05-02,19,0,wk inc flu hosp,2026-05-02,quantile,0.1,4
2026-05-02,19,0,wk inc flu hosp,2026-05-02,quantile,0.15,5
2026-05-02,19,0,wk inc flu hosp,2026-05-02,quantile,0.2,6
2026-05-02,19,0,wk inc flu hosp,2026-05-02,quantile,0.25,6
2026-05-02,19,0,wk inc flu hosp,2026-05-02,quantile,0.3,8
2026-05-02,19,0,wk inc flu hosp,2026-05-02,quantile,0.35,9
2026-05-02,19,0,wk inc flu hosp,2026-05-02,quantile,0.4,9
2026-05-02,19,0,wk inc flu hosp,2026-05-02,quantile,0.45,11
2026-05-02,19,0,wk inc flu hosp,2026-05-02,quantile,0.5,12
2026-05-02,19,0,wk inc flu hosp,2026-05-02,quantile,0.55,13
2026-05-02,19,0,wk inc flu hosp,2026-05-02,quantile,0.6,13
2026-05-02,19,0,wk inc flu hosp,2026-05-02,quantile,0.65,14
2026-05-02,19,0,wk inc flu hosp,2026-05-02,quantile,0.7,15
2026-05-02,19,0,wk inc flu hosp,2026-05-02,quantile,0.75,16
2026-05-02,19,0,wk inc flu hosp,2026-05-02,quantile,0.8,19
2026-05-02,19,0,wk inc flu hosp,2026-05-02,quantile,0.85,21
2026-05-02,19,0,wk inc flu hosp,2026-05-02,quantile,0.9,23
2026-05-02,19,0,wk inc flu hosp,2026-05-02,quantile,0.95,26
2026-05-02,19,0,wk inc flu hosp,2026-05-02,quantile,0.975,29
2026-05-02,19,0,wk inc flu hosp,2026-05-02,quantile,0.99,36
2026-05-02,19,1,wk inc flu hosp,2026-05-09,quantile,0.01,0
2026-05-02,19,1,wk inc flu hosp,2026-05-09,quantile,0.025,1
2026-05-02,19,1,wk inc flu hosp,2026-05-09,quantile,0.05,1
2026-05-02,19,1,wk inc flu hosp,2026-05-09,quantile,0.1,3
2026-05-02,19,1,wk inc flu hosp,2026-05-09,quantile,0.15,3
2026-05-02,19,1,wk inc flu hosp,2026-05-09,quantile,0.2,4
2026-05-02,19,1,wk inc flu hosp,2026-05-09,quantile,0.25,4
2026-05-02,19,1,wk inc flu hosp,2026-05-09,quantile,0.3,6
2026-05-02,19,1,wk inc flu hosp,2026-05-09,quantile,0.35,7
2026-05-02,19,1,wk inc flu hosp,2026-05-09,quantile,0.4,7
2026-05-02,19,1,wk inc flu hosp,2026-05-09,quantile,0.45,8
2026-05-02,19,1,wk inc flu hosp,2026-05-09,quantile,0.5,9
2026-05-02,19,1,wk inc flu hosp,2026-05-09,quantile,0.55,10
2026-05-02,19,1,wk inc flu hosp,2026-05-09,quantile,0.6,12
2026-05-02,19,1,wk inc flu hosp,2026-05-09,quantile,0.65,13
2026-05-02,19,1,wk inc flu hosp,2026-05-09,quantile,0.7,14
2026-05-02,19,1,wk inc flu hosp,2026-05-09,quantile,0.75,16
2026-05-02,19,1,wk inc flu hosp,2026-05-09,quantile,0.8,18
2026-05-02,19,1,wk inc flu hosp,2026-05-09,quantile,0.85,20
2026-05-02,19,1,wk inc flu hosp,2026-05-09,quantile,0.9,23
2026-05-02,19,1,wk inc flu hosp,2026-05-09,quantile,0.95,27
2026-05-02,19,1,wk inc flu hosp,2026-05-09,quantile,0.975,32
2026-05-02,19,1,wk inc flu hosp,2026-05-09,quantile,0.99,38
2026-05-02,19,2,wk inc flu hosp,2026-05-16,quantile,0.01,0
2026-05-02,19,2,wk inc flu hosp,2026-05-16,quantile,0.025,0
2026-05-02,19,2,wk inc flu hosp,2026-05-16,quantile,0.05,0
2026-05-02,19,2,wk inc flu hosp,2026-05-16,quantile,0.1,1
2026-05-02,19,2,wk inc flu hosp,2026-05-16,quantile,0.15,2
2026-05-02,19,2,wk inc flu hosp,2026-05-16,quantile,0.2,2
2026-05-02,19,2,wk inc flu hosp,2026-05-16,quantile,0.25,3
2026-05-02,19,2,wk inc flu hosp,2026-05-16,quantile,0.3,4
2026-05-02,19,2,wk inc flu hosp,2026-05-16,quantile,0.35,5
2026-05-02,19,2,wk inc flu hosp,2026-05-16,quantile,0.4,5
2026-05-02,19,2,wk inc flu hosp,2026-05-16,quantile,0.45,6
2026-05-02,19,2,wk inc flu hosp,2026-05-16,quantile,0.5,7
2026-05-02,19,2,wk inc flu hosp,2026-05-16,quantile,0.55,9
2026-05-02,19,2,wk inc flu hosp,2026-05-16,quantile,0.6,9
2026-05-02,19,2,wk inc flu hosp,2026-05-16,quantile,0.65,10
2026-05-02,19,2,wk inc flu hosp,2026-05-16,quantile,0.7,12
2026-05-02,19,2,wk inc flu hosp,2026-05-16,quantile,0.75,13
2026-05-02,19,2,wk inc flu hosp,2026-05-16,quantile,0.8,15
2026-05-02,19,2,wk inc flu hosp,2026-05-16,quantile,0.85,18
2026-05-02,19,2,wk inc flu hosp,2026-05-16,quantile,0.9,22
2026-05-02,19,2,wk inc flu hosp,2026-05-16,quantile,0.95,29
2026-05-02,19,2,wk inc flu hosp,2026-05-16,quantile,0.975,34
2026-05-02,19,2,wk inc flu hosp,2026-05-16,quantile,0.99,45
2026-05-02,19,3,wk inc flu hosp,2026-05-23,quantile,0.01,0
2026-05-02,19,3,wk inc flu hosp,2026-05-23,quantile,0.025,0
2026-05-02,19,3,wk inc flu hosp,2026-05-23,quantile,0.05,0
2026-05-02,19,3,wk inc flu hosp,2026-05-23,quantile,0.1,1
2026-05-02,19,3,wk inc flu hosp,2026-05-23,quantile,0.15,1
2026-05-02,19,3,wk inc flu hosp,2026-05-23,quantile,0.2,2
2026-05-02,19,3,wk inc flu hosp,2026-05-23,quantile,0.25,2
2026-05-02,19,3,wk inc flu hosp,2026-05-23,quantile,0.3,3
2026-05-02,19,3,wk inc flu hosp,2026-05-23,quantile,0.35,4
2026-05-02,19,3,wk inc flu hosp,2026-05-23,quantile,0.4,4
2026-05-02,19,3,wk inc flu hosp,2026-05-23,quantile,0.45,5
2026-05-02,19,3,wk inc flu hosp,2026-05-23,quantile,0.5,6
2026-05-02,19,3,wk inc flu hosp,2026-05-23,quantile,0.55,7
2026-05-02,19,3,wk inc flu hosp,2026-05-23,quantile,0.6,8
2026-05-02,19,3,wk inc flu hosp,2026-05-23,quantile,0.65,8
2026-05-02,19,3,wk inc flu hosp,2026-05-23,quantile,0.7,10
2026-05-02,19,3,wk inc flu hosp,2026-05-23,quantile,0.75,12
2026-05-02,19,3,wk inc flu hosp,2026-05-23,quantile,0.8,14
2026-05-02,19,3,wk inc flu hosp,2026-05-23,quantile,0.85,16
2026-05-02,19,3,wk inc flu hosp,2026-05-23,quantile,0.9,20
2026-05-02,19,3,wk inc flu hosp,2026-05-23,quantile,0.95,29
2026-05-02,19,3,wk inc flu hosp,2026-05-23,quantile,0.975,35
2026-05-02,19,3,wk inc flu hosp,2026-05-23,quantile,0.99,41
2026-05-02,20,0,wk inc flu hosp,2026-05-02,quantile,0.01,0
2026-05-02,20,0,wk inc flu hosp,2026-05-02,quantile,0.025,1
2026-05-02,20,0,wk inc flu hosp,2026-05-02,quantile,0.05,1
2026-05-02,20,0,wk inc flu hosp,2026-05-02,quantile,0.1,2
2026-05-02,20,0,wk inc flu hosp,2026-05-02,quantile,0.15,2
2026-05-02,20,0,wk inc flu hosp,2026-05-02,quantile,0.2,3
2026-05-02,20,0,wk inc flu hosp,2026-05-02,quantile,0.25,3
2026-05-02,20,0,wk inc flu hosp,2026-05-02,quantile,0.3,4
2026-05-02,20,0,wk inc flu hosp,2026-05-02,quantile,0.35,5
2026-05-02,20,0,wk inc flu hosp,2026-05-02,quantile,0.4,5
2026-05-02,20,0,wk inc flu hosp,2026-05-02,quantile,0.45,6
2026-05-02,20,0,wk inc flu hosp,2026-05-02,quantile,0.5,7
2026-05-02,20,0,wk inc flu hosp,2026-05-02,quantile,0.55,7
2026-05-02,20,0,wk inc flu hosp,2026-05-02,quantile,0.6,8
2026-05-02,20,0,wk inc flu hosp,2026-05-02,quantile,0.65,8
2026-05-02,20,0,wk inc flu hosp,2026-05-02,quantile,0.7,9
2026-05-02,20,0,wk inc flu hosp,2026-05-02,quantile,0.75,9
2026-05-02,20,0,wk inc flu hosp,2026-05-02,quantile,0.8,11
2026-05-02,20,0,wk inc flu hosp,2026-05-02,quantile,0.85,12
2026-05-02,20,0,wk inc flu hosp,2026-05-02,quantile,0.9,14
2026-05-02,20,0,wk inc flu hosp,2026-05-02,quantile,0.95,17
2026-05-02,20,0,wk inc flu hosp,2026-05-02,quantile,0.975,20
2026-05-02,20,0,wk inc flu hosp,2026-05-02,quantile,0.99,24
2026-05-02,20,1,wk inc flu hosp,2026-05-09,quantile,0.01,0
2026-05-02,20,1,wk inc flu hosp,2026-05-09,quantile,0.025,0
2026-05-02,20,1,wk inc flu hosp,2026-05-09,quantile,0.05,0
2026-05-02,20,1,wk inc flu hosp,2026-05-09,quantile,0.1,1
2026-05-02,20,1,wk inc flu hosp,2026-05-09,quantile,0.15,1
2026-05-02,20,1,wk inc flu hosp,2026-05-09,quantile,0.2,2
2026-05-02,20,1,wk inc flu hosp,2026-05-09,quantile,0.25,2
2026-05-02,20,1,wk inc flu hosp,2026-05-09,quantile,0.3,3
2026-05-02,20,1,wk inc flu hosp,2026-05-09,quantile,0.35,4
2026-05-02,20,1,wk inc flu hosp,2026-05-09,quantile,0.4,4
2026-05-02,20,1,wk inc flu hosp,2026-05-09,quantile,0.45,5
2026-05-02,20,1,wk inc flu hosp,2026-05-09,quantile,0.5,5
2026-05-02,20,1,wk inc flu hosp,2026-05-09,quantile,0.55,6
2026-05-02,20,1,wk inc flu hosp,2026-05-09,quantile,0.6,6
2026-05-02,20,1,wk inc flu hosp,2026-05-09,quantile,0.65,7
2026-05-02,20,1,wk inc flu hosp,2026-05-09,quantile,0.7,8
2026-05-02,20,1,wk inc flu hosp,2026-05-09,quantile,0.75,9
2026-05-02,20,1,wk inc flu hosp,2026-05-09,quantile,0.8,10
2026-05-02,20,1,wk inc flu hosp,2026-05-09,quantile,0.85,11
2026-05-02,20,1,wk inc flu hosp,2026-05-09,quantile,0.9,13
2026-05-02,20,1,wk inc flu hosp,2026-05-09,quantile,0.95,17
2026-05-02,20,1,wk inc flu hosp,2026-05-09,quantile,0.975,20
2026-05-02,20,1,wk inc flu hosp,2026-05-09,quantile,0.99,26
2026-05-02,20,2,wk inc flu hosp,2026-05-16,quantile,0.01,0
2026-05-02,20,2,wk inc flu hosp,2026-05-16,quantile,0.025,0
2026-05-02,20,2,wk inc flu hosp,2026-05-16,quantile,0.05,0
2026-05-02,20,2,wk inc flu hosp,2026-05-16,quantile,0.1,0
2026-05-02,20,2,wk inc flu hosp,2026-05-16,quantile,0.15,1
2026-05-02,20,2,wk inc flu hosp,2026-05-16,quantile,0.2,1
2026-05-02,20,2,wk inc flu hosp,2026-05-16,quantile,0.25,2
2026-05-02,20,2,wk inc flu hosp,2026-05-16,quantile,0.3,2
2026-05-02,20,2,wk inc flu hosp,2026-05-16,quantile,0.35,2
2026-05-02,20,2,wk inc flu hosp,2026-05-16,quantile,0.4,3
2026-05-02,20,2,wk inc flu hosp,2026-05-16,quantile,0.45,4
2026-05-02,20,2,wk inc flu hosp,2026-05-16,quantile,0.5,5
2026-05-02,20,2,wk inc flu hosp,2026-05-16,quantile,0.55,5
2026-05-02,20,2,wk inc flu hosp,2026-05-16,quantile,0.6,6
2026-05-02,20,2,wk inc flu hosp,2026-05-16,quantile,0.65,7
2026-05-02,20,2,wk inc flu hosp,2026-05-16,quantile,0.7,8
2026-05-02,20,2,wk inc flu hosp,2026-05-16,quantile,0.75,8
2026-05-02,20,2,wk inc flu hosp,2026-05-16,quantile,0.8,10
2026-05-02,20,2,wk inc flu hosp,2026-05-16,quantile,0.85,11
2026-05-02,20,2,wk inc flu hosp,2026-05-16,quantile,0.9,13
2026-05-02,20,2,wk inc flu hosp,2026-05-16,quantile,0.95,17
2026-05-02,20,2,wk inc flu hosp,2026-05-16,quantile,0.975,23
2026-05-02,20,2,wk inc flu hosp,2026-05-16,quantile,0.99,28
2026-05-02,20,3,wk inc flu hosp,2026-05-23,quantile,0.01,0
2026-05-02,20,3,wk inc flu hosp,2026-05-23,quantile,0.025,0
2026-05-02,20,3,wk inc flu hosp,2026-05-23,quantile,0.05,0
2026-05-02,20,3,wk inc flu hosp,2026-05-23,quantile,0.1,0
2026-05-02,20,3,wk inc flu hosp,2026-05-23,quantile,0.15,1
2026-05-02,20,3,wk inc flu hosp,2026-05-23,quantile,0.2,1
2026-05-02,20,3,wk inc flu hosp,2026-05-23,quantile,0.25,2
2026-05-02,20,3,wk inc flu hosp,2026-05-23,quantile,0.3,2
2026-05-02,20,3,wk inc flu hosp,2026-05-23,quantile,0.35,2
2026-05-02,20,3,wk inc flu hosp,2026-05-23,quantile,0.4,2
2026-05-02,20,3,wk inc flu hosp,2026-05-23,quantile,0.45,3
2026-05-02,20,3,wk inc flu hosp,2026-05-23,quantile,0.5,4
2026-05-02,20,3,wk inc flu hosp,2026-05-23,quantile,0.55,5
2026-05-02,20,3,wk inc flu hosp,2026-05-23,quantile,0.6,6
2026-05-02,20,3,wk inc flu hosp,2026-05-23,quantile,0.65,6
2026-05-02,20,3,wk inc flu hosp,2026-05-23,quantile,0.7,7
2026-05-02,20,3,wk inc flu hosp,2026-05-23,quantile,0.75,8
2026-05-02,20,3,wk inc flu hosp,2026-05-23,quantile,0.8,10
2026-05-02,20,3,wk inc flu hosp,2026-05-23,quantile,0.85,11
2026-05-02,20,3,wk inc flu hosp,2026-05-23,quantile,0.9,14
2026-05-02,20,3,wk inc flu hosp,2026-05-23,quantile,0.95,19
2026-05-02,20,3,wk inc flu hosp,2026-05-23,quantile,0.975,24
2026-05-02,20,3,wk inc flu hosp,2026-05-23,quantile,0.99,33
2026-05-02,21,0,wk inc flu hosp,2026-05-02,quantile,0.01,2
2026-05-02,21,0,wk inc flu hosp,2026-05-02,quantile,0.025,3
2026-05-02,21,0,wk inc flu hosp,2026-05-02,quantile,0.05,4
2026-05-02,21,0,wk inc flu hosp,2026-05-02,quantile,0.1,5
2026-05-02,21,0,wk inc flu hosp,2026-05-02,quantile,0.15,7
2026-05-02,21,0,wk inc flu hosp,2026-05-02,quantile,0.2,8
2026-05-02,21,0,wk inc flu hosp,2026-05-02,quantile,0.25,9
2026-05-02,21,0,wk inc flu hosp,2026-05-02,quantile,0.3,10
2026-05-02,21,0,wk inc flu hosp,2026-05-02,quantile,0.35,12
2026-05-02,21,0,wk inc flu hosp,2026-05-02,quantile,0.4,13
2026-05-02,21,0,wk inc flu hosp,2026-05-02,quantile,0.45,15
2026-05-02,21,0,wk inc flu hosp,2026-05-02,quantile,0.5,16
2026-05-02,21,0,wk inc flu hosp,2026-05-02,quantile,0.55,17
2026-05-02,21,0,wk inc flu hosp,2026-05-02,quantile,0.6,18
2026-05-02,21,0,wk inc flu hosp,2026-05-02,quantile,0.65,20
2026-05-02,21,0,wk inc flu hosp,2026-05-02,quantile,0.7,21
2026-05-02,21,0,wk inc flu hosp,2026-05-02,quantile,0.75,23
2026-05-02,21,0,wk inc flu hosp,2026-05-02,quantile,0.8,25
2026-05-02,21,0,wk inc flu hosp,2026-05-02,quantile,0.85,27
2026-05-02,21,0,wk inc flu hosp,2026-05-02,quantile,0.9,31
2026-05-02,21,0,wk inc flu hosp,2026-05-02,quantile,0.95,37
2026-05-02,21,0,wk inc flu hosp,2026-05-02,quantile,0.975,44
2026-05-02,21,0,wk inc flu hosp,2026-05-02,quantile,0.99,54
2026-05-02,21,1,wk inc flu hosp,2026-05-09,quantile,0.01,0
2026-05-02,21,1,wk inc flu hosp,2026-05-09,quantile,0.025,1
2026-05-02,21,1,wk inc flu hosp,2026-05-09,quantile,0.05,1
2026-05-02,21,1,wk inc flu hosp,2026-05-09,quantile,0.1,3
2026-05-02,21,1,wk inc flu hosp,2026-05-09,quantile,0.15,4
2026-05-02,21,1,wk inc flu hosp,2026-05-09,quantile,0.2,6
2026-05-02,21,1,wk inc flu hosp,2026-05-09,quantile,0.25,7
2026-05-02,21,1,wk inc flu hosp,2026-05-09,quantile,0.3,8
2026-05-02,21,1,wk inc flu hosp,2026-05-09,quantile,0.35,9
2026-05-02,21,1,wk inc flu hosp,2026-05-09,quantile,0.4,11
2026-05-02,21,1,wk inc flu hosp,2026-05-09,quantile,0.45,12
2026-05-02,21,1,wk inc flu hosp,2026-05-09,quantile,0.5,14
2026-05-02,21,1,wk inc flu hosp,2026-05-09,quantile,0.55,15
2026-05-02,21,1,wk inc flu hosp,2026-05-09,quantile,0.6,16
2026-05-02,21,1,wk inc flu hosp,2026-05-09,quantile,0.65,17
2026-05-02,21,1,wk inc flu hosp,2026-05-09,quantile,0.7,19
2026-05-02,21,1,wk inc flu hosp,2026-05-09,quantile,0.75,20
2026-05-02,21,1,wk inc flu hosp,2026-05-09,quantile,0.8,22
2026-05-02,21,1,wk inc flu hosp,2026-05-09,quantile,0.85,24
2026-05-02,21,1,wk inc flu hosp,2026-05-09,quantile,0.9,28
2026-05-02,21,1,wk inc flu hosp,2026-05-09,quantile,0.95,37
2026-05-02,21,1,wk inc flu hosp,2026-05-09,quantile,0.975,44
2026-05-02,21,1,wk inc flu hosp,2026-05-09,quantile,0.99,56
2026-05-02,21,2,wk inc flu hosp,2026-05-16,quantile,0.01,0
2026-05-02,21,2,wk inc flu hosp,2026-05-16,quantile,0.025,0
2026-05-02,21,2,wk inc flu hosp,2026-05-16,quantile,0.05,1
2026-05-02,21,2,wk inc flu hosp,2026-05-16,quantile,0.1,2
2026-05-02,21,2,wk inc flu hosp,2026-05-16,quantile,0.15,3
2026-05-02,21,2,wk inc flu hosp,2026-05-16,quantile,0.2,4
2026-05-02,21,2,wk inc flu hosp,2026-05-16,quantile,0.25,5
2026-05-02,21,2,wk inc flu hosp,2026-05-16,quantile,0.3,6
2026-05-02,21,2,wk inc flu hosp,2026-05-16,quantile,0.35,7
2026-05-02,21,2,wk inc flu hosp,2026-05-16,quantile,0.4,8
2026-05-02,21,2,wk inc flu hosp,2026-05-16,quantile,0.45,10
2026-05-02,21,2,wk inc flu hosp,2026-05-16,quantile,0.5,12
2026-05-02,21,2,wk inc flu hosp,2026-05-16,quantile,0.55,13
2026-05-02,21,2,wk inc flu hosp,2026-05-16,quantile,0.6,14
2026-05-02,21,2,wk inc flu hosp,2026-05-16,quantile,0.65,16
2026-05-02,21,2,wk inc flu hosp,2026-05-16,quantile,0.7,17
2026-05-02,21,2,wk inc flu hosp,2026-05-16,quantile,0.75,18
2026-05-02,21,2,wk inc flu hosp,2026-05-16,quantile,0.8,20
2026-05-02,21,2,wk inc flu hosp,2026-05-16,quantile,0.85,22
2026-05-02,21,2,wk inc flu hosp,2026-05-16,quantile,0.9,27
2026-05-02,21,2,wk inc flu hosp,2026-05-16,quantile,0.95,36
2026-05-02,21,2,wk inc flu hosp,2026-05-16,quantile,0.975,49
2026-05-02,21,2,wk inc flu hosp,2026-05-16,quantile,0.99,70
2026-05-02,21,3,wk inc flu hosp,2026-05-23,quantile,0.01,0
2026-05-02,21,3,wk inc flu hosp,2026-05-23,quantile,0.025,0
2026-05-02,21,3,wk inc flu hosp,2026-05-23,quantile,0.05,0
2026-05-02,21,3,wk inc flu hosp,2026-05-23,quantile,0.1,1
2026-05-02,21,3,wk inc flu hosp,2026-05-23,quantile,0.15,2
2026-05-02,21,3,wk inc flu hosp,2026-05-23,quantile,0.2,3
2026-05-02,21,3,wk inc flu hosp,2026-05-23,quantile,0.25,4
2026-05-02,21,3,wk inc flu hosp,2026-05-23,quantile,0.3,5
2026-05-02,21,3,wk inc flu hosp,2026-05-23,quantile,0.35,7
2026-05-02,21,3,wk inc flu hosp,2026-05-23,quantile,0.4,8
2026-05-02,21,3,wk inc flu hosp,2026-05-23,quantile,0.45,9
2026-05-02,21,3,wk inc flu hosp,2026-05-23,quantile,0.5,10
2026-05-02,21,3,wk inc flu hosp,2026-05-23,quantile,0.55,11
2026-05-02,21,3,wk inc flu hosp,2026-05-23,quantile,0.6,13
2026-05-02,21,3,wk inc flu hosp,2026-05-23,quantile,0.65,14
2026-05-02,21,3,wk inc flu hosp,2026-05-23,quantile,0.7,16
2026-05-02,21,3,wk inc flu hosp,2026-05-23,quantile,0.75,18
2026-05-02,21,3,wk inc flu hosp,2026-05-23,quantile,0.8,19
2026-05-02,21,3,wk inc flu hosp,2026-05-23,quantile,0.85,21
2026-05-02,21,3,wk inc flu hosp,2026-05-23,quantile,0.9,25
2026-05-02,21,3,wk inc flu hosp,2026-05-23,quantile,0.95,32
2026-05-02,21,3,wk inc flu hosp,2026-05-23,quantile,0.975,45
2026-05-02,21,3,wk inc flu hosp,2026-05-23,quantile,0.99,63
2026-05-02,22,0,wk inc flu hosp,2026-05-02,quantile,0.01,8
2026-05-02,22,0,wk inc flu hosp,2026-05-02,quantile,0.025,10
2026-05-02,22,0,wk inc flu hosp,2026-05-02,quantile,0.05,11
2026-05-02,22,0,wk inc flu hosp,2026-05-02,quantile,0.1,14
2026-05-02,22,0,wk inc flu hosp,2026-05-02,quantile,0.15,16
2026-05-02,22,0,wk inc flu hosp,2026-05-02,quantile,0.2,17
2026-05-02,22,0,wk inc flu hosp,2026-05-02,quantile,0.25,19
2026-05-02,22,0,wk inc flu hosp,2026-05-02,quantile,0.3,21
2026-05-02,22,0,wk inc flu hosp,2026-05-02,quantile,0.35,22
2026-05-02,22,0,wk inc flu hosp,2026-05-02,quantile,0.4,23
2026-05-02,22,0,wk inc flu hosp,2026-05-02,quantile,0.45,25
2026-05-02,22,0,wk inc flu hosp,2026-05-02,quantile,0.5,28
2026-05-02,22,0,wk inc flu hosp,2026-05-02,quantile,0.55,29
2026-05-02,22,0,wk inc flu hosp,2026-05-02,quantile,0.6,31
2026-05-02,22,0,wk inc flu hosp,2026-05-02,quantile,0.65,32
2026-05-02,22,0,wk inc flu hosp,2026-05-02,quantile,0.7,34
2026-05-02,22,0,wk inc flu hosp,2026-05-02,quantile,0.75,37
2026-05-02,22,0,wk inc flu hosp,2026-05-02,quantile,0.8,40
2026-05-02,22,0,wk inc flu hosp,2026-05-02,quantile,0.85,43
2026-05-02,22,0,wk inc flu hosp,2026-05-02,quantile,0.9,48
2026-05-02,22,0,wk inc flu hosp,2026-05-02,quantile,0.95,55
2026-05-02,22,0,wk inc flu hosp,2026-05-02,quantile,0.975,64
2026-05-02,22,0,wk inc flu hosp,2026-05-02,quantile,0.99,72
2026-05-02,22,1,wk inc flu hosp,2026-05-09,quantile,0.01,4
2026-05-02,22,1,wk inc flu hosp,2026-05-09,quantile,0.025,6
2026-05-02,22,1,wk inc flu hosp,2026-05-09,quantile,0.05,8
2026-05-02,22,1,wk inc flu hosp,2026-05-09,quantile,0.1,10
2026-05-02,22,1,wk inc flu hosp,2026-05-09,quantile,0.15,13
2026-05-02,22,1,wk inc flu hosp,2026-05-09,quantile,0.2,14
2026-05-02,22,1,wk inc flu hosp,2026-05-09,quantile,0.25,16
2026-05-02,22,1,wk inc flu hosp,2026-05-09,quantile,0.3,17
2026-05-02,22,1,wk inc flu hosp,2026-05-09,quantile,0.35,19
2026-05-02,22,1,wk inc flu hosp,2026-05-09,quantile,0.4,20
2026-05-02,22,1,wk inc flu hosp,2026-05-09,quantile,0.45,22
2026-05-02,22,1,wk inc flu hosp,2026-05-09,quantile,0.5,25
2026-05-02,22,1,wk inc flu hosp,2026-05-09,quantile,0.55,26
2026-05-02,22,1,wk inc flu hosp,2026-05-09,quantile,0.6,28
2026-05-02,22,1,wk inc flu hosp,2026-05-09,quantile,0.65,30
2026-05-02,22,1,wk inc flu hosp,2026-05-09,quantile,0.7,32
2026-05-02,22,1,wk inc flu hosp,2026-05-09,quantile,0.75,35
2026-05-02,22,1,wk inc flu hosp,2026-05-09,quantile,0.8,38
2026-05-02,22,1,wk inc flu hosp,2026-05-09,quantile,0.85,44
2026-05-02,22,1,wk inc flu hosp,2026-05-09,quantile,0.9,49
2026-05-02,22,1,wk inc flu hosp,2026-05-09,quantile,0.95,56
2026-05-02,22,1,wk inc flu hosp,2026-05-09,quantile,0.975,66
2026-05-02,22,1,wk inc flu hosp,2026-05-09,quantile,0.99,78
2026-05-02,22,2,wk inc flu hosp,2026-05-16,quantile,0.01,2
2026-05-02,22,2,wk inc flu hosp,2026-05-16,quantile,0.025,3
2026-05-02,22,2,wk inc flu hosp,2026-05-16,quantile,0.05,6
2026-05-02,22,2,wk inc flu hosp,2026-05-16,quantile,0.1,9
2026-05-02,22,2,wk inc flu hosp,2026-05-16,quantile,0.15,12
2026-05-02,22,2,wk inc flu hosp,2026-05-16,quantile,0.2,13
2026-05-02,22,2,wk inc flu hosp,2026-05-16,quantile,0.25,14
2026-05-02,22,2,wk inc flu hosp,2026-05-16,quantile,0.3,15
2026-05-02,22,2,wk inc flu hosp,2026-05-16,quantile,0.35,17
2026-05-02,22,2,wk inc flu hosp,2026-05-16,quantile,0.4,18
2026-05-02,22,2,wk inc flu hosp,2026-05-16,quantile,0.45,20
2026-05-02,22,2,wk inc flu hosp,2026-05-16,quantile,0.5,23
2026-05-02,22,2,wk inc flu hosp,2026-05-16,quantile,0.55,24
2026-05-02,22,2,wk inc flu hosp,2026-05-16,quantile,0.6,27
2026-05-02,22,2,wk inc flu hosp,2026-05-16,quantile,0.65,29
2026-05-02,22,2,wk inc flu hosp,2026-05-16,quantile,0.7,32
2026-05-02,22,2,wk inc flu hosp,2026-05-16,quantile,0.75,36
2026-05-02,22,2,wk inc flu hosp,2026-05-16,quantile,0.8,39
2026-05-02,22,2,wk inc flu hosp,2026-05-16,quantile,0.85,44
2026-05-02,22,2,wk inc flu hosp,2026-05-16,quantile,0.9,49
2026-05-02,22,2,wk inc flu hosp,2026-05-16,quantile,0.95,57
2026-05-02,22,2,wk inc flu hosp,2026-05-16,quantile,0.975,67
2026-05-02,22,2,wk inc flu hosp,2026-05-16,quantile,0.99,77
2026-05-02,22,3,wk inc flu hosp,2026-05-23,quantile,0.01,2
2026-05-02,22,3,wk inc flu hosp,2026-05-23,quantile,0.025,3
2026-05-02,22,3,wk inc flu hosp,2026-05-23,quantile,0.05,5
2026-05-02,22,3,wk inc flu hosp,2026-05-23,quantile,0.1,6
2026-05-02,22,3,wk inc flu hosp,2026-05-23,quantile,0.15,9
2026-05-02,22,3,wk inc flu hosp,2026-05-23,quantile,0.2,12
2026-05-02,22,3,wk inc flu hosp,2026-05-23,quantile,0.25,12
2026-05-02,22,3,wk inc flu hosp,2026-05-23,quantile,0.3,15
2026-05-02,22,3,wk inc flu hosp,2026-05-23,quantile,0.35,17
2026-05-02,22,3,wk inc flu hosp,2026-05-23,quantile,0.4,18
2026-05-02,22,3,wk inc flu hosp,2026-05-23,quantile,0.45,20
2026-05-02,22,3,wk inc flu hosp,2026-05-23,quantile,0.5,22
2026-05-02,22,3,wk inc flu hosp,2026-05-23,quantile,0.55,24
2026-05-02,22,3,wk inc flu hosp,2026-05-23,quantile,0.6,25
2026-05-02,22,3,wk inc flu hosp,2026-05-23,quantile,0.65,28
2026-05-02,22,3,wk inc flu hosp,2026-05-23,quantile,0.7,31
2026-05-02,22,3,wk inc flu hosp,2026-05-23,quantile,0.75,35
2026-05-02,22,3,wk inc flu hosp,2026-05-23,quantile,0.8,40
2026-05-02,22,3,wk inc flu hosp,2026-05-23,quantile,0.85,44
2026-05-02,22,3,wk inc flu hosp,2026-05-23,quantile,0.9,51
2026-05-02,22,3,wk inc flu hosp,2026-05-23,quantile,0.95,64
2026-05-02,22,3,wk inc flu hosp,2026-05-23,quantile,0.975,69
2026-05-02,22,3,wk inc flu hosp,2026-05-23,quantile,0.99,78
2026-05-02,23,0,wk inc flu hosp,2026-05-02,quantile,0.01,0
2026-05-02,23,0,wk inc flu hosp,2026-05-02,quantile,0.025,0
2026-05-02,23,0,wk inc flu hosp,2026-05-02,quantile,0.05,0
2026-05-02,23,0,wk inc flu hosp,2026-05-02,quantile,0.1,1
2026-05-02,23,0,wk inc flu hosp,2026-05-02,quantile,0.15,2
2026-05-02,23,0,wk inc flu hosp,2026-05-02,quantile,0.2,3
2026-05-02,23,0,wk inc flu hosp,2026-05-02,quantile,0.25,3
2026-05-02,23,0,wk inc flu hosp,2026-05-02,quantile,0.3,3
2026-05-02,23,0,wk inc flu hosp,2026-05-02,quantile,0.35,4
2026-05-02,23,0,wk inc flu hosp,2026-05-02,quantile,0.4,4
2026-05-02,23,0,wk inc flu hosp,2026-05-02,quantile,0.45,5
2026-05-02,23,0,wk inc flu hosp,2026-05-02,quantile,0.5,6
2026-05-02,23,0,wk inc flu hosp,2026-05-02,quantile,0.55,6
2026-05-02,23,0,wk inc flu hosp,2026-05-02,quantile,0.6,7
2026-05-02,23,0,wk inc flu hosp,2026-05-02,quantile,0.65,8
2026-05-02,23,0,wk inc flu hosp,2026-05-02,quantile,0.7,8
2026-05-02,23,0,wk inc flu hosp,2026-05-02,quantile,0.75,9
2026-05-02,23,0,wk inc flu hosp,2026-05-02,quantile,0.8,10
2026-05-02,23,0,wk inc flu hosp,2026-05-02,quantile,0.85,11
2026-05-02,23,0,wk inc flu hosp,2026-05-02,quantile,0.9,13
2026-05-02,23,0,wk inc flu hosp,2026-05-02,quantile,0.95,16
2026-05-02,23,0,wk inc flu hosp,2026-05-02,quantile,0.975,18
2026-05-02,23,0,wk inc flu hosp,2026-05-02,quantile,0.99,20
2026-05-02,23,1,wk inc flu hosp,2026-05-09,quantile,0.01,0
2026-05-02,23,1,wk inc flu hosp,2026-05-09,quantile,0.025,0
2026-05-02,23,1,wk inc flu hosp,2026-05-09,quantile,0.05,0
2026-05-02,23,1,wk inc flu hosp,2026-05-09,quantile,0.1,1
2026-05-02,23,1,wk inc flu hosp,2026-05-09,quantile,0.15,1
2026-05-02,23,1,wk inc flu hosp,2026-05-09,quantile,0.2,2
2026-05-02,23,1,wk inc flu hosp,2026-05-09,quantile,0.25,2
2026-05-02,23,1,wk inc flu hosp,2026-05-09,quantile,0.3,2
2026-05-02,23,1,wk inc flu hosp,2026-05-09,quantile,0.35,3
2026-05-02,23,1,wk inc flu hosp,2026-05-09,quantile,0.4,3
2026-05-02,23,1,wk inc flu hosp,2026-05-09,quantile,0.45,4
2026-05-02,23,1,wk inc flu hosp,2026-05-09,quantile,0.5,4
2026-05-02,23,1,wk inc flu hosp,2026-05-09,quantile,0.55,5
2026-05-02,23,1,wk inc flu hosp,2026-05-09,quantile,0.6,6
2026-05-02,23,1,wk inc flu hosp,2026-05-09,quantile,0.65,6
2026-05-02,23,1,wk inc flu hosp,2026-05-09,quantile,0.7,8
2026-05-02,23,1,wk inc flu hosp,2026-05-09,quantile,0.75,9
2026-05-02,23,1,wk inc flu hosp,2026-05-09,quantile,0.8,9
2026-05-02,23,1,wk inc flu hosp,2026-05-09,quantile,0.85,10
2026-05-02,23,1,wk inc flu hosp,2026-05-09,quantile,0.9,12
2026-05-02,23,1,wk inc flu hosp,2026-05-09,quantile,0.95,15
2026-05-02,23,1,wk inc flu hosp,2026-05-09,quantile,0.975,22
2026-05-02,23,1,wk inc flu hosp,2026-05-09,quantile,0.99,25
2026-05-02,23,2,wk inc flu hosp,2026-05-16,quantile,0.01,0
2026-05-02,23,2,wk inc flu hosp,2026-05-16,quantile,0.025,0
2026-05-02,23,2,wk inc flu hosp,2026-05-16,quantile,0.05,0
2026-05-02,23,2,wk inc flu hosp,2026-05-16,quantile,0.1,0
2026-05-02,23,2,wk inc flu hosp,2026-05-16,quantile,0.15,1
2026-05-02,23,2,wk inc flu hosp,2026-05-16,quantile,0.2,1
2026-05-02,23,2,wk inc flu hosp,2026-05-16,quantile,0.25,1
2026-05-02,23,2,wk inc flu hosp,2026-05-16,quantile,0.3,2
2026-05-02,23,2,wk inc flu hosp,2026-05-16,quantile,0.35,2
2026-05-02,23,2,wk inc flu hosp,2026-05-16,quantile,0.4,3
2026-05-02,23,2,wk inc flu hosp,2026-05-16,quantile,0.45,3
2026-05-02,23,2,wk inc flu hosp,2026-05-16,quantile,0.5,4
2026-05-02,23,2,wk inc flu hosp,2026-05-16,quantile,0.55,5
2026-05-02,23,2,wk inc flu hosp,2026-05-16,quantile,0.6,5
2026-05-02,23,2,wk inc flu hosp,2026-05-16,quantile,0.65,6
2026-05-02,23,2,wk inc flu hosp,2026-05-16,quantile,0.7,7
2026-05-02,23,2,wk inc flu hosp,2026-05-16,quantile,0.75,8
2026-05-02,23,2,wk inc flu hosp,2026-05-16,quantile,0.8,10
2026-05-02,23,2,wk inc flu hosp,2026-05-16,quantile,0.85,11
2026-05-02,23,2,wk inc flu hosp,2026-05-16,quantile,0.9,14
2026-05-02,23,2,wk inc flu hosp,2026-05-16,quantile,0.95,19
2026-05-02,23,2,wk inc flu hosp,2026-05-16,quantile,0.975,22
2026-05-02,23,2,wk inc flu hosp,2026-05-16,quantile,0.99,26
2026-05-02,23,3,wk inc flu hosp,2026-05-23,quantile,0.01,0
2026-05-02,23,3,wk inc flu hosp,2026-05-23,quantile,0.025,0
2026-05-02,23,3,wk inc flu hosp,2026-05-23,quantile,0.05,0
2026-05-02,23,3,wk inc flu hosp,2026-05-23,quantile,0.1,0
2026-05-02,23,3,wk inc flu hosp,2026-05-23,quantile,0.15,0
2026-05-02,23,3,wk inc flu hosp,2026-05-23,quantile,0.2,1
2026-05-02,23,3,wk inc flu hosp,2026-05-23,quantile,0.25,1
2026-05-02,23,3,wk inc flu hosp,2026-05-23,quantile,0.3,2
2026-05-02,23,3,wk inc flu hosp,2026-05-23,quantile,0.35,2
2026-05-02,23,3,wk inc flu hosp,2026-05-23,quantile,0.4,2
2026-05-02,23,3,wk inc flu hosp,2026-05-23,quantile,0.45,3
2026-05-02,23,3,wk inc flu hosp,2026-05-23,quantile,0.5,4
2026-05-02,23,3,wk inc flu hosp,2026-05-23,quantile,0.55,4
2026-05-02,23,3,wk inc flu hosp,2026-05-23,quantile,0.6,5
2026-05-02,23,3,wk inc flu hosp,2026-05-23,quantile,0.65,6
2026-05-02,23,3,wk inc flu hosp,2026-05-23,quantile,0.7,7
2026-05-02,23,3,wk inc flu hosp,2026-05-23,quantile,0.75,9
2026-05-02,23,3,wk inc flu hosp,2026-05-23,quantile,0.8,10
2026-05-02,23,3,wk inc flu hosp,2026-05-23,quantile,0.85,13
2026-05-02,23,3,wk inc flu hosp,2026-05-23,quantile,0.9,16
2026-05-02,23,3,wk inc flu hosp,2026-05-23,quantile,0.95,20
2026-05-02,23,3,wk inc flu hosp,2026-05-23,quantile,0.975,25
2026-05-02,23,3,wk inc flu hosp,2026-05-23,quantile,0.99,30
2026-05-02,24,0,wk inc flu hosp,2026-05-02,quantile,0.01,1
2026-05-02,24,0,wk inc flu hosp,2026-05-02,quantile,0.025,1
2026-05-02,24,0,wk inc flu hosp,2026-05-02,quantile,0.05,2
2026-05-02,24,0,wk inc flu hosp,2026-05-02,quantile,0.1,3
2026-05-02,24,0,wk inc flu hosp,2026-05-02,quantile,0.15,4
2026-05-02,24,0,wk inc flu hosp,2026-05-02,quantile,0.2,4
2026-05-02,24,0,wk inc flu hosp,2026-05-02,quantile,0.25,5
2026-05-02,24,0,wk inc flu hosp,2026-05-02,quantile,0.3,6
2026-05-02,24,0,wk inc flu hosp,2026-05-02,quantile,0.35,6
2026-05-02,24,0,wk inc flu hosp,2026-05-02,quantile,0.4,7
2026-05-02,24,0,wk inc flu hosp,2026-05-02,quantile,0.45,8
2026-05-02,24,0,wk inc flu hosp,2026-05-02,quantile,0.5,9
2026-05-02,24,0,wk inc flu hosp,2026-05-02,quantile,0.55,10
2026-05-02,24,0,wk inc flu hosp,2026-05-02,quantile,0.6,11
2026-05-02,24,0,wk inc flu hosp,2026-05-02,quantile,0.65,12
2026-05-02,24,0,wk inc flu hosp,2026-05-02,quantile,0.7,13
2026-05-02,24,0,wk inc flu hosp,2026-05-02,quantile,0.75,14
2026-05-02,24,0,wk inc flu hosp,2026-05-02,quantile,0.8,15
2026-05-02,24,0,wk inc flu hosp,2026-05-02,quantile,0.85,17
2026-05-02,24,0,wk inc flu hosp,2026-05-02,quantile,0.9,20
2026-05-02,24,0,wk inc flu hosp,2026-05-02,quantile,0.95,24
2026-05-02,24,0,wk inc flu hosp,2026-05-02,quantile,0.975,29
2026-05-02,24,0,wk inc flu hosp,2026-05-02,quantile,0.99,35
2026-05-02,24,1,wk inc flu hosp,2026-05-09,quantile,0.01,0
2026-05-02,24,1,wk inc flu hosp,2026-05-09,quantile,0.025,1
2026-05-02,24,1,wk inc flu hosp,2026-05-09,quantile,0.05,1
2026-05-02,24,1,wk inc flu hosp,2026-05-09,quantile,0.1,2
2026-05-02,24,1,wk inc flu hosp,2026-05-09,quantile,0.15,3
2026-05-02,24,1,wk inc flu hosp,2026-05-09,quantile,0.2,4
2026-05-02,24,1,wk inc flu hosp,2026-05-09,quantile,0.25,4
2026-05-02,24,1,wk inc flu hosp,2026-05-09,quantile,0.3,5
2026-05-02,24,1,wk inc flu hosp,2026-05-09,quantile,0.35,5
2026-05-02,24,1,wk inc flu hosp,2026-05-09,quantile,0.4,6
2026-05-02,24,1,wk inc flu hosp,2026-05-09,quantile,0.45,7
2026-05-02,24,1,wk inc flu hosp,2026-05-09,quantile,0.5,9
2026-05-02,24,1,wk inc flu hosp,2026-05-09,quantile,0.55,9
2026-05-02,24,1,wk inc flu hosp,2026-05-09,quantile,0.6,10
2026-05-02,24,1,wk inc flu hosp,2026-05-09,quantile,0.65,12
2026-05-02,24,1,wk inc flu hosp,2026-05-09,quantile,0.7,13
2026-05-02,24,1,wk inc flu hosp,2026-05-09,quantile,0.75,15
2026-05-02,24,1,wk inc flu hosp,2026-05-09,quantile,0.8,17
2026-05-02,24,1,wk inc flu hosp,2026-05-09,quantile,0.85,18
2026-05-02,24,1,wk inc flu hosp,2026-05-09,quantile,0.9,21
2026-05-02,24,1,wk inc flu hosp,2026-05-09,quantile,0.95,27
2026-05-02,24,1,wk inc flu hosp,2026-05-09,quantile,0.975,32
2026-05-02,24,1,wk inc flu hosp,2026-05-09,quantile,0.99,45
2026-05-02,24,2,wk inc flu hosp,2026-05-16,quantile,0.01,0
2026-05-02,24,2,wk inc flu hosp,2026-05-16,quantile,0.025,0
2026-05-02,24,2,wk inc flu hosp,2026-05-16,quantile,0.05,1
2026-05-02,24,2,wk inc flu hosp,2026-05-16,quantile,0.1,2
2026-05-02,24,2,wk inc flu hosp,2026-05-16,quantile,0.15,2
2026-05-02,24,2,wk inc flu hosp,2026-05-16,quantile,0.2,3
2026-05-02,24,2,wk inc flu hosp,2026-05-16,quantile,0.25,3
2026-05-02,24,2,wk inc flu hosp,2026-05-16,quantile,0.3,4
2026-05-02,24,2,wk inc flu hosp,2026-05-16,quantile,0.35,5
2026-05-02,24,2,wk inc flu hosp,2026-05-16,quantile,0.4,5
2026-05-02,24,2,wk inc flu hosp,2026-05-16,quantile,0.45,6
2026-05-02,24,2,wk inc flu hosp,2026-05-16,quantile,0.5,7
2026-05-02,24,2,wk inc flu hosp,2026-05-16,quantile,0.55,9
2026-05-02,24,2,wk inc flu hosp,2026-05-16,quantile,0.6,10
2026-05-02,24,2,wk inc flu hosp,2026-05-16,quantile,0.65,11
2026-05-02,24,2,wk inc flu hosp,2026-05-16,quantile,0.7,13
2026-05-02,24,2,wk inc flu hosp,2026-05-16,quantile,0.75,15
2026-05-02,24,2,wk inc flu hosp,2026-05-16,quantile,0.8,18
2026-05-02,24,2,wk inc flu hosp,2026-05-16,quantile,0.85,20
2026-05-02,24,2,wk inc flu hosp,2026-05-16,quantile,0.9,23
2026-05-02,24,2,wk inc flu hosp,2026-05-16,quantile,0.95,30
2026-05-02,24,2,wk inc flu hosp,2026-05-16,quantile,0.975,37
2026-05-02,24,2,wk inc flu hosp,2026-05-16,quantile,0.99,51
2026-05-02,24,3,wk inc flu hosp,2026-05-23,quantile,0.01,0
2026-05-02,24,3,wk inc flu hosp,2026-05-23,quantile,0.025,0
2026-05-02,24,3,wk inc flu hosp,2026-05-23,quantile,0.05,0
2026-05-02,24,3,wk inc flu hosp,2026-05-23,quantile,0.1,1
2026-05-02,24,3,wk inc flu hosp,2026-05-23,quantile,0.15,2
2026-05-02,24,3,wk inc flu hosp,2026-05-23,quantile,0.2,2
2026-05-02,24,3,wk inc flu hosp,2026-05-23,quantile,0.25,3
2026-05-02,24,3,wk inc flu hosp,2026-05-23,quantile,0.3,4
2026-05-02,24,3,wk inc flu hosp,2026-05-23,quantile,0.35,5
2026-05-02,24,3,wk inc flu hosp,2026-05-23,quantile,0.4,5
2026-05-02,24,3,wk inc flu hosp,2026-05-23,quantile,0.45,6
2026-05-02,24,3,wk inc flu hosp,2026-05-23,quantile,0.5,7
2026-05-02,24,3,wk inc flu hosp,2026-05-23,quantile,0.55,9
2026-05-02,24,3,wk inc flu hosp,2026-05-23,quantile,0.6,10
2026-05-02,24,3,wk inc flu hosp,2026-05-23,quantile,0.65,11
2026-05-02,24,3,wk inc flu hosp,2026-05-23,quantile,0.7,13
2026-05-02,24,3,wk inc flu hosp,2026-05-23,quantile,0.75,16
2026-05-02,24,3,wk inc flu hosp,2026-05-23,quantile,0.8,19
2026-05-02,24,3,wk inc flu hosp,2026-05-23,quantile,0.85,22
2026-05-02,24,3,wk inc flu hosp,2026-05-23,quantile,0.9,26
2026-05-02,24,3,wk inc flu hosp,2026-05-23,quantile,0.95,34
2026-05-02,24,3,wk inc flu hosp,2026-05-23,quantile,0.975,46
2026-05-02,24,3,wk inc flu hosp,2026-05-23,quantile,0.99,56
2026-05-02,25,0,wk inc flu hosp,2026-05-02,quantile,0.01,2
2026-05-02,25,0,wk inc flu hosp,2026-05-02,quantile,0.025,2
2026-05-02,25,0,wk inc flu hosp,2026-05-02,quantile,0.05,4
2026-05-02,25,0,wk inc flu hosp,2026-05-02,quantile,0.1,9
2026-05-02,25,0,wk inc flu hosp,2026-05-02,quantile,0.15,11
2026-05-02,25,0,wk inc flu hosp,2026-05-02,quantile,0.2,13
2026-05-02,25,0,wk inc flu hosp,2026-05-02,quantile,0.25,14
2026-05-02,25,0,wk inc flu hosp,2026-05-02,quantile,0.3,16
2026-05-02,25,0,wk inc flu hosp,2026-05-02,quantile,0.35,18
2026-05-02,25,0,wk inc flu hosp,2026-05-02,quantile,0.4,19
2026-05-02,25,0,wk inc flu hosp,2026-05-02,quantile,0.45,20
2026-05-02,25,0,wk inc flu hosp,2026-05-02,quantile,0.5,22
2026-05-02,25,0,wk inc flu hosp,2026-05-02,quantile,0.55,23
2026-05-02,25,0,wk inc flu hosp,2026-05-02,quantile,0.6,26
2026-05-02,25,0,wk inc flu hosp,2026-05-02,quantile,0.65,28
2026-05-02,25,0,wk inc flu hosp,2026-05-02,quantile,0.7,29
2026-05-02,25,0,wk inc flu hosp,2026-05-02,quantile,0.75,32
2026-05-02,25,0,wk inc flu hosp,2026-05-02,quantile,0.8,34
2026-05-02,25,0,wk inc flu hosp,2026-05-02,quantile,0.85,37
2026-05-02,25,0,wk inc flu hosp,2026-05-02,quantile,0.9,43
2026-05-02,25,0,wk inc flu hosp,2026-05-02,quantile,0.95,52
2026-05-02,25,0,wk inc flu hosp,2026-05-02,quantile,0.975,58
2026-05-02,25,0,wk inc flu hosp,2026-05-02,quantile,0.99,66
2026-05-02,25,1,wk inc flu hosp,2026-05-09,quantile,0.01,0
2026-05-02,25,1,wk inc flu hosp,2026-05-09,quantile,0.025,1
2026-05-02,25,1,wk inc flu hosp,2026-05-09,quantile,0.05,1
2026-05-02,25,1,wk inc flu hosp,2026-05-09,quantile,0.1,6
2026-05-02,25,1,wk inc flu hosp,2026-05-09,quantile,0.15,7
2026-05-02,25,1,wk inc flu hosp,2026-05-09,quantile,0.2,8
2026-05-02,25,1,wk inc flu hosp,2026-05-09,quantile,0.25,9
2026-05-02,25,1,wk inc flu hosp,2026-05-09,quantile,0.3,11
2026-05-02,25,1,wk inc flu hosp,2026-05-09,quantile,0.35,13
2026-05-02,25,1,wk inc flu hosp,2026-05-09,quantile,0.4,15
2026-05-02,25,1,wk inc flu hosp,2026-05-09,quantile,0.45,17
2026-05-02,25,1,wk inc flu hosp,2026-05-09,quantile,0.5,19
2026-05-02,25,1,wk inc flu hosp,2026-05-09,quantile,0.55,21
2026-05-02,25,1,wk inc flu hosp,2026-05-09,quantile,0.6,23
2026-05-02,25,1,wk inc flu hosp,2026-05-09,quantile,0.65,26
2026-05-02,25,1,wk inc flu hosp,2026-05-09,quantile,0.7,28
2026-05-02,25,1,wk inc flu hosp,2026-05-09,quantile,0.75,29
2026-05-02,25,1,wk inc flu hosp,2026-05-09,quantile,0.8,33
2026-05-02,25,1,wk inc flu hosp,2026-05-09,quantile,0.85,37
2026-05-02,25,1,wk inc flu hosp,2026-05-09,quantile,0.9,42
2026-05-02,25,1,wk inc flu hosp,2026-05-09,quantile,0.95,52
2026-05-02,25,1,wk inc flu hosp,2026-05-09,quantile,0.975,63
2026-05-02,25,1,wk inc flu hosp,2026-05-09,quantile,0.99,76
2026-05-02,25,2,wk inc flu hosp,2026-05-16,quantile,0.01,0
2026-05-02,25,2,wk inc flu hosp,2026-05-16,quantile,0.025,0
2026-05-02,25,2,wk inc flu hosp,2026-05-16,quantile,0.05,0
2026-05-02,25,2,wk inc flu hosp,2026-05-16,quantile,0.1,1
2026-05-02,25,2,wk inc flu hosp,2026-05-16,quantile,0.15,4
2026-05-02,25,2,wk inc flu hosp,2026-05-16,quantile,0.2,4
2026-05-02,25,2,wk inc flu hosp,2026-05-16,quantile,0.25,7
2026-05-02,25,2,wk inc flu hosp,2026-05-16,quantile,0.3,9
2026-05-02,25,2,wk inc flu hosp,2026-05-16,quantile,0.35,12
2026-05-02,25,2,wk inc flu hosp,2026-05-16,quantile,0.4,13
2026-05-02,25,2,wk inc flu hosp,2026-05-16,quantile,0.45,16
2026-05-02,25,2,wk inc flu hosp,2026-05-16,quantile,0.5,18
2026-05-02,25,2,wk inc flu hosp,2026-05-16,quantile,0.55,20
2026-05-02,25,2,wk inc flu hosp,2026-05-16,quantile,0.6,21
2026-05-02,25,2,wk inc flu hosp,2026-05-16,quantile,0.65,24
2026-05-02,25,2,wk inc flu hosp,2026-05-16,quantile,0.7,27
2026-05-02,25,2,wk inc flu hosp,2026-05-16,quantile,0.75,29
2026-05-02,25,2,wk inc flu hosp,2026-05-16,quantile,0.8,33
2026-05-02,25,2,wk inc flu hosp,2026-05-16,quantile,0.85,35
2026-05-02,25,2,wk inc flu hosp,2026-05-16,quantile,0.9,40
2026-05-02,25,2,wk inc flu hosp,2026-05-16,quantile,0.95,53
2026-05-02,25,2,wk inc flu hosp,2026-05-16,quantile,0.975,62
2026-05-02,25,2,wk inc flu hosp,2026-05-16,quantile,0.99,84
2026-05-02,25,3,wk inc flu hosp,2026-05-23,quantile,0.01,0
2026-05-02,25,3,wk inc flu hosp,2026-05-23,quantile,0.025,0
2026-05-02,25,3,wk inc flu hosp,2026-05-23,quantile,0.05,0
2026-05-02,25,3,wk inc flu hosp,2026-05-23,quantile,0.1,1
2026-05-02,25,3,wk inc flu hosp,2026-05-23,quantile,0.15,2
2026-05-02,25,3,wk inc flu hosp,2026-05-23,quantile,0.2,4
2026-05-02,25,3,wk inc flu hosp,2026-05-23,quantile,0.25,6
2026-05-02,25,3,wk inc flu hosp,2026-05-23,quantile,0.3,8
2026-05-02,25,3,wk inc flu hosp,2026-05-23,quantile,0.35,10
2026-05-02,25,3,wk inc flu hosp,2026-05-23,quantile,0.4,11
2026-05-02,25,3,wk inc flu hosp,2026-05-23,quantile,0.45,13
2026-05-02,25,3,wk inc flu hosp,2026-05-23,quantile,0.5,16
2026-05-02,25,3,wk inc flu hosp,2026-05-23,quantile,0.55,18
2026-05-02,25,3,wk inc flu hosp,2026-05-23,quantile,0.6,21
2026-05-02,25,3,wk inc flu hosp,2026-05-23,quantile,0.65,23
2026-05-02,25,3,wk inc flu hosp,2026-05-23,quantile,0.7,26
2026-05-02,25,3,wk inc flu hosp,2026-05-23,quantile,0.75,29
2026-05-02,25,3,wk inc flu hosp,2026-05-23,quantile,0.8,32
2026-05-02,25,3,wk inc flu hosp,2026-05-23,quantile,0.85,35
2026-05-02,25,3,wk inc flu hosp,2026-05-23,quantile,0.9,41
2026-05-02,25,3,wk inc flu hosp,2026-05-23,quantile,0.95,50
2026-05-02,25,3,wk inc flu hosp,2026-05-23,quantile,0.975,64
2026-05-02,25,3,wk inc flu hosp,2026-05-23,quantile,0.99,88
2026-05-02,26,0,wk inc flu hosp,2026-05-02,quantile,0.01,2
2026-05-02,26,0,wk inc flu hosp,2026-05-02,quantile,0.025,4
2026-05-02,26,0,wk inc flu hosp,2026-05-02,quantile,0.05,6
2026-05-02,26,0,wk inc flu hosp,2026-05-02,quantile,0.1,9
2026-05-02,26,0,wk inc flu hosp,2026-05-02,quantile,0.15,11
2026-05-02,26,0,wk inc flu hosp,2026-05-02,quantile,0.2,14
2026-05-02,26,0,wk inc flu hosp,2026-05-02,quantile,0.25,15
2026-05-02,26,0,wk inc flu hosp,2026-05-02,quantile,0.3,17
2026-05-02,26,0,wk inc flu hosp,2026-05-02,quantile,0.35,19
2026-05-02,26,0,wk inc flu hosp,2026-05-02,quantile,0.4,21
2026-05-02,26,0,wk inc flu hosp,2026-05-02,quantile,0.45,23
2026-05-02,26,0,wk inc flu hosp,2026-05-02,quantile,0.5,26
2026-05-02,26,0,wk inc flu hosp,2026-05-02,quantile,0.55,27
2026-05-02,26,0,wk inc flu hosp,2026-05-02,quantile,0.6,29
2026-05-02,26,0,wk inc flu hosp,2026-05-02,quantile,0.65,31
2026-05-02,26,0,wk inc flu hosp,2026-05-02,quantile,0.7,34
2026-05-02,26,0,wk inc flu hosp,2026-05-02,quantile,0.75,37
2026-05-02,26,0,wk inc flu hosp,2026-05-02,quantile,0.8,40
2026-05-02,26,0,wk inc flu hosp,2026-05-02,quantile,0.85,45
2026-05-02,26,0,wk inc flu hosp,2026-05-02,quantile,0.9,50
2026-05-02,26,0,wk inc flu hosp,2026-05-02,quantile,0.95,61
2026-05-02,26,0,wk inc flu hosp,2026-05-02,quantile,0.975,73
2026-05-02,26,0,wk inc flu hosp,2026-05-02,quantile,0.99,88
2026-05-02,26,1,wk inc flu hosp,2026-05-09,quantile,0.01,0
2026-05-02,26,1,wk inc flu hosp,2026-05-09,quantile,0.025,1
2026-05-02,26,1,wk inc flu hosp,2026-05-09,quantile,0.05,2
2026-05-02,26,1,wk inc flu hosp,2026-05-09,quantile,0.1,4
2026-05-02,26,1,wk inc flu hosp,2026-05-09,quantile,0.15,7
2026-05-02,26,1,wk inc flu hosp,2026-05-09,quantile,0.2,10
2026-05-02,26,1,wk inc flu hosp,2026-05-09,quantile,0.25,12
2026-05-02,26,1,wk inc flu hosp,2026-05-09,quantile,0.3,15
2026-05-02,26,1,wk inc flu hosp,2026-05-09,quantile,0.35,16
2026-05-02,26,1,wk inc flu hosp,2026-05-09,quantile,0.4,18
2026-05-02,26,1,wk inc flu hosp,2026-05-09,quantile,0.45,19
2026-05-02,26,1,wk inc flu hosp,2026-05-09,quantile,0.5,20
2026-05-02,26,1,wk inc flu hosp,2026-05-09,quantile,0.55,23
2026-05-02,26,1,wk inc flu hosp,2026-05-09,quantile,0.6,26
2026-05-02,26,1,wk inc flu hosp,2026-05-09,quantile,0.65,29
2026-05-02,26,1,wk inc flu hosp,2026-05-09,quantile,0.7,32
2026-05-02,26,1,wk inc flu hosp,2026-05-09,quantile,0.75,34
2026-05-02,26,1,wk inc flu hosp,2026-05-09,quantile,0.8,39
2026-05-02,26,1,wk inc flu hosp,2026-05-09,quantile,0.85,43
2026-05-02,26,1,wk inc flu hosp,2026-05-09,quantile,0.9,51
2026-05-02,26,1,wk inc flu hosp,2026-05-09,quantile,0.95,63
2026-05-02,26,1,wk inc flu hosp,2026-05-09,quantile,0.975,74
2026-05-02,26,1,wk inc flu hosp,2026-05-09,quantile,0.99,97
2026-05-02,26,2,wk inc flu hosp,2026-05-16,quantile,0.01,0
2026-05-02,26,2,wk inc flu hosp,2026-05-16,quantile,0.025,0
2026-05-02,26,2,wk inc flu hosp,2026-05-16,quantile,0.05,0
2026-05-02,26,2,wk inc flu hosp,2026-05-16,quantile,0.1,1
2026-05-02,26,2,wk inc flu hosp,2026-05-16,quantile,0.15,3
2026-05-02,26,2,wk inc flu hosp,2026-05-16,quantile,0.2,6
2026-05-02,26,2,wk inc flu hosp,2026-05-16,quantile,0.25,7
2026-05-02,26,2,wk inc flu hosp,2026-05-16,quantile,0.3,9
2026-05-02,26,2,wk inc flu hosp,2026-05-16,quantile,0.35,11
2026-05-02,26,2,wk inc flu hosp,2026-05-16,quantile,0.4,14
2026-05-02,26,2,wk inc flu hosp,2026-05-16,quantile,0.45,15
2026-05-02,26,2,wk inc flu hosp,2026-05-16,quantile,0.5,18
2026-05-02,26,2,wk inc flu hosp,2026-05-16,quantile,0.55,20
2026-05-02,26,2,wk inc flu hosp,2026-05-16,quantile,0.6,23
2026-05-02,26,2,wk inc flu hosp,2026-05-16,quantile,0.65,26
2026-05-02,26,2,wk inc flu hosp,2026-05-16,quantile,0.7,28
2026-05-02,26,2,wk inc flu hosp,2026-05-16,quantile,0.75,32
2026-05-02,26,2,wk inc flu hosp,2026-05-16,quantile,0.8,36
2026-05-02,26,2,wk inc flu hosp,2026-05-16,quantile,0.85,42
2026-05-02,26,2,wk inc flu hosp,2026-05-16,quantile,0.9,51
2026-05-02,26,2,wk inc flu hosp,2026-05-16,quantile,0.95,64
2026-05-02,26,2,wk inc flu hosp,2026-05-16,quantile,0.975,78
2026-05-02,26,2,wk inc flu hosp,2026-05-16,quantile,0.99,96
2026-05-02,26,3,wk inc flu hosp,2026-05-23,quantile,0.01,0
2026-05-02,26,3,wk inc flu hosp,2026-05-23,quantile,0.025,0
2026-05-02,26,3,wk inc flu hosp,2026-05-23,quantile,0.05,0
2026-05-02,26,3,wk inc flu hosp,2026-05-23,quantile,0.1,0
2026-05-02,26,3,wk inc flu hosp,2026-05-23,quantile,0.15,1
2026-05-02,26,3,wk inc flu hosp,2026-05-23,quantile,0.2,3
2026-05-02,26,3,wk inc flu hosp,2026-05-23,quantile,0.25,4
2026-05-02,26,3,wk inc flu hosp,2026-05-23,quantile,0.3,7
2026-05-02,26,3,wk inc flu hosp,2026-05-23,quantile,0.35,9
2026-05-02,26,3,wk inc flu hosp,2026-05-23,quantile,0.4,10
2026-05-02,26,3,wk inc flu hosp,2026-05-23,quantile,0.45,12
2026-05-02,26,3,wk inc flu hosp,2026-05-23,quantile,0.5,14
2026-05-02,26,3,wk inc flu hosp,2026-05-23,quantile,0.55,16
2026-05-02,26,3,wk inc flu hosp,2026-05-23,quantile,0.6,20
2026-05-02,26,3,wk inc flu hosp,2026-05-23,quantile,0.65,22
2026-05-02,26,3,wk inc flu hosp,2026-05-23,quantile,0.7,25
2026-05-02,26,3,wk inc flu hosp,2026-05-23,quantile,0.75,28
2026-05-02,26,3,wk inc flu hosp,2026-05-23,quantile,0.8,33
2026-05-02,26,3,wk inc flu hosp,2026-05-23,quantile,0.85,40
2026-05-02,26,3,wk inc flu hosp,2026-05-23,quantile,0.9,45
2026-05-02,26,3,wk inc flu hosp,2026-05-23,quantile,0.95,60
2026-05-02,26,3,wk inc flu hosp,2026-05-23,quantile,0.975,75
2026-05-02,26,3,wk inc flu hosp,2026-05-23,quantile,0.99,100
2026-05-02,27,0,wk inc flu hosp,2026-05-02,quantile,0.01,2
2026-05-02,27,0,wk inc flu hosp,2026-05-02,quantile,0.025,3
2026-05-02,27,0,wk inc flu hosp,2026-05-02,quantile,0.05,4
2026-05-02,27,0,wk inc flu hosp,2026-05-02,quantile,0.1,5
2026-05-02,27,0,wk inc flu hosp,2026-05-02,quantile,0.15,7
2026-05-02,27,0,wk inc flu hosp,2026-05-02,quantile,0.2,8
2026-05-02,27,0,wk inc flu hosp,2026-05-02,quantile,0.25,11
2026-05-02,27,0,wk inc flu hosp,2026-05-02,quantile,0.3,12
2026-05-02,27,0,wk inc flu hosp,2026-05-02,quantile,0.35,13
2026-05-02,27,0,wk inc flu hosp,2026-05-02,quantile,0.4,14
2026-05-02,27,0,wk inc flu hosp,2026-05-02,quantile,0.45,16
2026-05-02,27,0,wk inc flu hosp,2026-05-02,quantile,0.5,18
2026-05-02,27,0,wk inc flu hosp,2026-05-02,quantile,0.55,20
2026-05-02,27,0,wk inc flu hosp,2026-05-02,quantile,0.6,21
2026-05-02,27,0,wk inc flu hosp,2026-05-02,quantile,0.65,23
2026-05-02,27,0,wk inc flu hosp,2026-05-02,quantile,0.7,24
2026-05-02,27,0,wk inc flu hosp,2026-05-02,quantile,0.75,27
2026-05-02,27,0,wk inc flu hosp,2026-05-02,quantile,0.8,29
2026-05-02,27,0,wk inc flu hosp,2026-05-02,quantile,0.85,31
2026-05-02,27,0,wk inc flu hosp,2026-05-02,quantile,0.9,33
2026-05-02,27,0,wk inc flu hosp,2026-05-02,quantile,0.95,40
2026-05-02,27,0,wk inc flu hosp,2026-05-02,quantile,0.975,47
2026-05-02,27,0,wk inc flu hosp,2026-05-02,quantile,0.99,57
2026-05-02,27,1,wk inc flu hosp,2026-05-09,quantile,0.01,1
2026-05-02,27,1,wk inc flu hosp,2026-05-09,quantile,0.025,2
2026-05-02,27,1,wk inc flu hosp,2026-05-09,quantile,0.05,2
2026-05-02,27,1,wk inc flu hosp,2026-05-09,quantile,0.1,3
2026-05-02,27,1,wk inc flu hosp,2026-05-09,quantile,0.15,4
2026-05-02,27,1,wk inc flu hosp,2026-05-09,quantile,0.2,5
2026-05-02,27,1,wk inc flu hosp,2026-05-09,quantile,0.25,7
2026-05-02,27,1,wk inc flu hosp,2026-05-09,quantile,0.3,8
2026-05-02,27,1,wk inc flu hosp,2026-05-09,quantile,0.35,9
2026-05-02,27,1,wk inc flu hosp,2026-05-09,quantile,0.4,10
2026-05-02,27,1,wk inc flu hosp,2026-05-09,quantile,0.45,12
2026-05-02,27,1,wk inc flu hosp,2026-05-09,quantile,0.5,14
2026-05-02,27,1,wk inc flu hosp,2026-05-09,quantile,0.55,15
2026-05-02,27,1,wk inc flu hosp,2026-05-09,quantile,0.6,17
2026-05-02,27,1,wk inc flu hosp,2026-05-09,quantile,0.65,18
2026-05-02,27,1,wk inc flu hosp,2026-05-09,quantile,0.7,21
2026-05-02,27,1,wk inc flu hosp,2026-05-09,quantile,0.75,23
2026-05-02,27,1,wk inc flu hosp,2026-05-09,quantile,0.8,26
2026-05-02,27,1,wk inc flu hosp,2026-05-09,quantile,0.85,29
2026-05-02,27,1,wk inc flu hosp,2026-05-09,quantile,0.9,33
2026-05-02,27,1,wk inc flu hosp,2026-05-09,quantile,0.95,41
2026-05-02,27,1,wk inc flu hosp,2026-05-09,quantile,0.975,50
2026-05-02,27,1,wk inc flu hosp,2026-05-09,quantile,0.99,64
2026-05-02,27,2,wk inc flu hosp,2026-05-16,quantile,0.01,0
2026-05-02,27,2,wk inc flu hosp,2026-05-16,quantile,0.025,0
2026-05-02,27,2,wk inc flu hosp,2026-05-16,quantile,0.05,1
2026-05-02,27,2,wk inc flu hosp,2026-05-16,quantile,0.1,2
2026-05-02,27,2,wk inc flu hosp,2026-05-16,quantile,0.15,2
2026-05-02,27,2,wk inc flu hosp,2026-05-16,quantile,0.2,3
2026-05-02,27,2,wk inc flu hosp,2026-05-16,quantile,0.25,4
2026-05-02,27,2,wk inc flu hosp,2026-05-16,quantile,0.3,5
2026-05-02,27,2,wk inc flu hosp,2026-05-16,quantile,0.35,6
2026-05-02,27,2,wk inc flu hosp,2026-05-16,quantile,0.4,7
2026-05-02,27,2,wk inc flu hosp,2026-05-16,quantile,0.45,9
2026-05-02,27,2,wk inc flu hosp,2026-05-16,quantile,0.5,11
2026-05-02,27,2,wk inc flu hosp,2026-05-16,quantile,0.55,12
2026-05-02,27,2,wk inc flu hosp,2026-05-16,quantile,0.6,14
2026-05-02,27,2,wk inc flu hosp,2026-05-16,quantile,0.65,15
2026-05-02,27,2,wk inc flu hosp,2026-05-16,quantile,0.7,18
2026-05-02,27,2,wk inc flu hosp,2026-05-16,quantile,0.75,21
2026-05-02,27,2,wk inc flu hosp,2026-05-16,quantile,0.8,24
2026-05-02,27,2,wk inc flu hosp,2026-05-16,quantile,0.85,29
2026-05-02,27,2,wk inc flu hosp,2026-05-16,quantile,0.9,34
2026-05-02,27,2,wk inc flu hosp,2026-05-16,quantile,0.95,45
2026-05-02,27,2,wk inc flu hosp,2026-05-16,quantile,0.975,54
2026-05-02,27,2,wk inc flu hosp,2026-05-16,quantile,0.99,67
2026-05-02,27,3,wk inc flu hosp,2026-05-23,quantile,0.01,0
2026-05-02,27,3,wk inc flu hosp,2026-05-23,quantile,0.025,0
2026-05-02,27,3,wk inc flu hosp,2026-05-23,quantile,0.05,0
2026-05-02,27,3,wk inc flu hosp,2026-05-23,quantile,0.1,1
2026-05-02,27,3,wk inc flu hosp,2026-05-23,quantile,0.15,2
2026-05-02,27,3,wk inc flu hosp,2026-05-23,quantile,0.2,2
2026-05-02,27,3,wk inc flu hosp,2026-05-23,quantile,0.25,3
2026-05-02,27,3,wk inc flu hosp,2026-05-23,quantile,0.3,3
2026-05-02,27,3,wk inc flu hosp,2026-05-23,quantile,0.35,4
2026-05-02,27,3,wk inc flu hosp,2026-05-23,quantile,0.4,5
2026-05-02,27,3,wk inc flu hosp,2026-05-23,quantile,0.45,7
2026-05-02,27,3,wk inc flu hosp,2026-05-23,quantile,0.5,9
2026-05-02,27,3,wk inc flu hosp,2026-05-23,quantile,0.55,11
2026-05-02,27,3,wk inc flu hosp,2026-05-23,quantile,0.6,12
2026-05-02,27,3,wk inc flu hosp,2026-05-23,quantile,0.65,14
2026-05-02,27,3,wk inc flu hosp,2026-05-23,quantile,0.7,16
2026-05-02,27,3,wk inc flu hosp,2026-05-23,quantile,0.75,18
2026-05-02,27,3,wk inc flu hosp,2026-05-23,quantile,0.8,19
2026-05-02,27,3,wk inc flu hosp,2026-05-23,quantile,0.85,21
2026-05-02,27,3,wk inc flu hosp,2026-05-23,quantile,0.9,34
2026-05-02,27,3,wk inc flu hosp,2026-05-23,quantile,0.95,44
2026-05-02,27,3,wk inc flu hosp,2026-05-23,quantile,0.975,60
2026-05-02,27,3,wk inc flu hosp,2026-05-23,quantile,0.99,77
2026-05-02,28,0,wk inc flu hosp,2026-05-02,quantile,0.01,1
2026-05-02,28,0,wk inc flu hosp,2026-05-02,quantile,0.025,3
2026-05-02,28,0,wk inc flu hosp,2026-05-02,quantile,0.05,4
2026-05-02,28,0,wk inc flu hosp,2026-05-02,quantile,0.1,6
2026-05-02,28,0,wk inc flu hosp,2026-05-02,quantile,0.15,7
2026-05-02,28,0,wk inc flu hosp,2026-05-02,quantile,0.2,8
2026-05-02,28,0,wk inc flu hosp,2026-05-02,quantile,0.25,9
2026-05-02,28,0,wk inc flu hosp,2026-05-02,quantile,0.3,10
2026-05-02,28,0,wk inc flu hosp,2026-05-02,quantile,0.35,10
2026-05-02,28,0,wk inc flu hosp,2026-05-02,quantile,0.4,11
2026-05-02,28,0,wk inc flu hosp,2026-05-02,quantile,0.45,12
2026-05-02,28,0,wk inc flu hosp,2026-05-02,quantile,0.5,13
2026-05-02,28,0,wk inc flu hosp,2026-05-02,quantile,0.55,14
2026-05-02,28,0,wk inc flu hosp,2026-05-02,quantile,0.6,15
2026-05-02,28,0,wk inc flu hosp,2026-05-02,quantile,0.65,16
2026-05-02,28,0,wk inc flu hosp,2026-05-02,quantile,0.7,18
2026-05-02,28,0,wk inc flu hosp,2026-05-02,quantile,0.75,19
2026-05-02,28,0,wk inc flu hosp,2026-05-02,quantile,0.8,20
2026-05-02,28,0,wk inc flu hosp,2026-05-02,quantile,0.85,22
2026-05-02,28,0,wk inc flu hosp,2026-05-02,quantile,0.9,26
2026-05-02,28,0,wk inc flu hosp,2026-05-02,quantile,0.95,31
2026-05-02,28,0,wk inc flu hosp,2026-05-02,quantile,0.975,36
2026-05-02,28,0,wk inc flu hosp,2026-05-02,quantile,0.99,42
2026-05-02,28,1,wk inc flu hosp,2026-05-09,quantile,0.01,1
2026-05-02,28,1,wk inc flu hosp,2026-05-09,quantile,0.025,1
2026-05-02,28,1,wk inc flu hosp,2026-05-09,quantile,0.05,2
2026-05-02,28,1,wk inc flu hosp,2026-05-09,quantile,0.1,4
2026-05-02,28,1,wk inc flu hosp,2026-05-09,quantile,0.15,5
2026-05-02,28,1,wk inc flu hosp,2026-05-09,quantile,0.2,6
2026-05-02,28,1,wk inc flu hosp,2026-05-09,quantile,0.25,7
2026-05-02,28,1,wk inc flu hosp,2026-05-09,quantile,0.3,8
2026-05-02,28,1,wk inc flu hosp,2026-05-09,quantile,0.35,9
2026-05-02,28,1,wk inc flu hosp,2026-05-09,quantile,0.4,9
2026-05-02,28,1,wk inc flu hosp,2026-05-09,quantile,0.45,10
2026-05-02,28,1,wk inc flu hosp,2026-05-09,quantile,0.5,12
2026-05-02,28,1,wk inc flu hosp,2026-05-09,quantile,0.55,13
2026-05-02,28,1,wk inc flu hosp,2026-05-09,quantile,0.6,14
2026-05-02,28,1,wk inc flu hosp,2026-05-09,quantile,0.65,15
2026-05-02,28,1,wk inc flu hosp,2026-05-09,quantile,0.7,16
2026-05-02,28,1,wk inc flu hosp,2026-05-09,quantile,0.75,17
2026-05-02,28,1,wk inc flu hosp,2026-05-09,quantile,0.8,19
2026-05-02,28,1,wk inc flu hosp,2026-05-09,quantile,0.85,22
2026-05-02,28,1,wk inc flu hosp,2026-05-09,quantile,0.9,26
2026-05-02,28,1,wk inc flu hosp,2026-05-09,quantile,0.95,32
2026-05-02,28,1,wk inc flu hosp,2026-05-09,quantile,0.975,38
2026-05-02,28,1,wk inc flu hosp,2026-05-09,quantile,0.99,47
2026-05-02,28,2,wk inc flu hosp,2026-05-16,quantile,0.01,0
2026-05-02,28,2,wk inc flu hosp,2026-05-16,quantile,0.025,0
2026-05-02,28,2,wk inc flu hosp,2026-05-16,quantile,0.05,2
2026-05-02,28,2,wk inc flu hosp,2026-05-16,quantile,0.1,3
2026-05-02,28,2,wk inc flu hosp,2026-05-16,quantile,0.15,4
2026-05-02,28,2,wk inc flu hosp,2026-05-16,quantile,0.2,5
2026-05-02,28,2,wk inc flu hosp,2026-05-16,quantile,0.25,6
2026-05-02,28,2,wk inc flu hosp,2026-05-16,quantile,0.3,7
2026-05-02,28,2,wk inc flu hosp,2026-05-16,quantile,0.35,8
2026-05-02,28,2,wk inc flu hosp,2026-05-16,quantile,0.4,9
2026-05-02,28,2,wk inc flu hosp,2026-05-16,quantile,0.45,9
2026-05-02,28,2,wk inc flu hosp,2026-05-16,quantile,0.5,12
2026-05-02,28,2,wk inc flu hosp,2026-05-16,quantile,0.55,13
2026-05-02,28,2,wk inc flu hosp,2026-05-16,quantile,0.6,14
2026-05-02,28,2,wk inc flu hosp,2026-05-16,quantile,0.65,14
2026-05-02,28,2,wk inc flu hosp,2026-05-16,quantile,0.7,15
2026-05-02,28,2,wk inc flu hosp,2026-05-16,quantile,0.75,16
2026-05-02,28,2,wk inc flu hosp,2026-05-16,quantile,0.8,19
2026-05-02,28,2,wk inc flu hosp,2026-05-16,quantile,0.85,21
2026-05-02,28,2,wk inc flu hosp,2026-05-16,quantile,0.9,26
2026-05-02,28,2,wk inc flu hosp,2026-05-16,quantile,0.95,33
2026-05-02,28,2,wk inc flu hosp,2026-05-16,quantile,0.975,39
2026-05-02,28,2,wk inc flu hosp,2026-05-16,quantile,0.99,47
2026-05-02,28,3,wk inc flu hosp,2026-05-23,quantile,0.01,0
2026-05-02,28,3,wk inc flu hosp,2026-05-23,quantile,0.025,0
2026-05-02,28,3,wk inc flu hosp,2026-05-23,quantile,0.05,1
2026-05-02,28,3,wk inc flu hosp,2026-05-23,quantile,0.1,2
2026-05-02,28,3,wk inc flu hosp,2026-05-23,quantile,0.15,3
2026-05-02,28,3,wk inc flu hosp,2026-05-23,quantile,0.2,4
2026-05-02,28,3,wk inc flu hosp,2026-05-23,quantile,0.25,5
2026-05-02,28,3,wk inc flu hosp,2026-05-23,quantile,0.3,6
2026-05-02,28,3,wk inc flu hosp,2026-05-23,quantile,0.35,7
2026-05-02,28,3,wk inc flu hosp,2026-05-23,quantile,0.4,7
2026-05-02,28,3,wk inc flu hosp,2026-05-23,quantile,0.45,8
2026-05-02,28,3,wk inc flu hosp,2026-05-23,quantile,0.5,10
2026-05-02,28,3,wk inc flu hosp,2026-05-23,quantile,0.55,11
2026-05-02,28,3,wk inc flu hosp,2026-05-23,quantile,0.6,12
2026-05-02,28,3,wk inc flu hosp,2026-05-23,quantile,0.65,14
2026-05-02,28,3,wk inc flu hosp,2026-05-23,quantile,0.7,14
2026-05-02,28,3,wk inc flu hosp,2026-05-23,quantile,0.75,16
2026-05-02,28,3,wk inc flu hosp,2026-05-23,quantile,0.8,18
2026-05-02,28,3,wk inc flu hosp,2026-05-23,quantile,0.85,21
2026-05-02,28,3,wk inc flu hosp,2026-05-23,quantile,0.9,25
2026-05-02,28,3,wk inc flu hosp,2026-05-23,quantile,0.95,32
2026-05-02,28,3,wk inc flu hosp,2026-05-23,quantile,0.975,41
2026-05-02,28,3,wk inc flu hosp,2026-05-23,quantile,0.99,54
2026-05-02,29,0,wk inc flu hosp,2026-05-02,quantile,0.01,0
2026-05-02,29,0,wk inc flu hosp,2026-05-02,quantile,0.025,1
2026-05-02,29,0,wk inc flu hosp,2026-05-02,quantile,0.05,2
2026-05-02,29,0,wk inc flu hosp,2026-05-02,quantile,0.1,4
2026-05-02,29,0,wk inc flu hosp,2026-05-02,quantile,0.15,5
2026-05-02,29,0,wk inc flu hosp,2026-05-02,quantile,0.2,6
2026-05-02,29,0,wk inc flu hosp,2026-05-02,quantile,0.25,7
2026-05-02,29,0,wk inc flu hosp,2026-05-02,quantile,0.3,8
2026-05-02,29,0,wk inc flu hosp,2026-05-02,quantile,0.35,8
2026-05-02,29,0,wk inc flu hosp,2026-05-02,quantile,0.4,9
2026-05-02,29,0,wk inc flu hosp,2026-05-02,quantile,0.45,10
2026-05-02,29,0,wk inc flu hosp,2026-05-02,quantile,0.5,12
2026-05-02,29,0,wk inc flu hosp,2026-05-02,quantile,0.55,13
2026-05-02,29,0,wk inc flu hosp,2026-05-02,quantile,0.6,15
2026-05-02,29,0,wk inc flu hosp,2026-05-02,quantile,0.65,17
2026-05-02,29,0,wk inc flu hosp,2026-05-02,quantile,0.7,19
2026-05-02,29,0,wk inc flu hosp,2026-05-02,quantile,0.75,20
2026-05-02,29,0,wk inc flu hosp,2026-05-02,quantile,0.8,22
2026-05-02,29,0,wk inc flu hosp,2026-05-02,quantile,0.85,25
2026-05-02,29,0,wk inc flu hosp,2026-05-02,quantile,0.9,29
2026-05-02,29,0,wk inc flu hosp,2026-05-02,quantile,0.95,36
2026-05-02,29,0,wk inc flu hosp,2026-05-02,quantile,0.975,42
2026-05-02,29,0,wk inc flu hosp,2026-05-02,quantile,0.99,49
2026-05-02,29,1,wk inc flu hosp,2026-05-09,quantile,0.01,0
2026-05-02,29,1,wk inc flu hosp,2026-05-09,quantile,0.025,0
2026-05-02,29,1,wk inc flu hosp,2026-05-09,quantile,0.05,0
2026-05-02,29,1,wk inc flu hosp,2026-05-09,quantile,0.1,1
2026-05-02,29,1,wk inc flu hosp,2026-05-09,quantile,0.15,2
2026-05-02,29,1,wk inc flu hosp,2026-05-09,quantile,0.2,3
2026-05-02,29,1,wk inc flu hosp,2026-05-09,quantile,0.25,4
2026-05-02,29,1,wk inc flu hosp,2026-05-09,quantile,0.3,6
2026-05-02,29,1,wk inc flu hosp,2026-05-09,quantile,0.35,7
2026-05-02,29,1,wk inc flu hosp,2026-05-09,quantile,0.4,8
2026-05-02,29,1,wk inc flu hosp,2026-05-09,quantile,0.45,9
2026-05-02,29,1,wk inc flu hosp,2026-05-09,quantile,0.5,10
2026-05-02,29,1,wk inc flu hosp,2026-05-09,quantile,0.55,11
2026-05-02,29,1,wk inc flu hosp,2026-05-09,quantile,0.6,13
2026-05-02,29,1,wk inc flu hosp,2026-05-09,quantile,0.65,15
2026-05-02,29,1,wk inc flu hosp,2026-05-09,quantile,0.7,16
2026-05-02,29,1,wk inc flu hosp,2026-05-09,quantile,0.75,17
2026-05-02,29,1,wk inc flu hosp,2026-05-09,quantile,0.8,19
2026-05-02,29,1,wk inc flu hosp,2026-05-09,quantile,0.85,21
2026-05-02,29,1,wk inc flu hosp,2026-05-09,quantile,0.9,26
2026-05-02,29,1,wk inc flu hosp,2026-05-09,quantile,0.95,35
2026-05-02,29,1,wk inc flu hosp,2026-05-09,quantile,0.975,43
2026-05-02,29,1,wk inc flu hosp,2026-05-09,quantile,0.99,52
2026-05-02,29,2,wk inc flu hosp,2026-05-16,quantile,0.01,0
2026-05-02,29,2,wk inc flu hosp,2026-05-16,quantile,0.025,0
2026-05-02,29,2,wk inc flu hosp,2026-05-16,quantile,0.05,0
2026-05-02,29,2,wk inc flu hosp,2026-05-16,quantile,0.1,1
2026-05-02,29,2,wk inc flu hosp,2026-05-16,quantile,0.15,1
2026-05-02,29,2,wk inc flu hosp,2026-05-16,quantile,0.2,2
2026-05-02,29,2,wk inc flu hosp,2026-05-16,quantile,0.25,4
2026-05-02,29,2,wk inc flu hosp,2026-05-16,quantile,0.3,5
2026-05-02,29,2,wk inc flu hosp,2026-05-16,quantile,0.35,6
2026-05-02,29,2,wk inc flu hosp,2026-05-16,quantile,0.4,7
2026-05-02,29,2,wk inc flu hosp,2026-05-16,quantile,0.45,8
2026-05-02,29,2,wk inc flu hosp,2026-05-16,quantile,0.5,10
2026-05-02,29,2,wk inc flu hosp,2026-05-16,quantile,0.55,10
2026-05-02,29,2,wk inc flu hosp,2026-05-16,quantile,0.6,12
2026-05-02,29,2,wk inc flu hosp,2026-05-16,quantile,0.65,13
2026-05-02,29,2,wk inc flu hosp,2026-05-16,quantile,0.7,15
2026-05-02,29,2,wk inc flu hosp,2026-05-16,quantile,0.75,16
2026-05-02,29,2,wk inc flu hosp,2026-05-16,quantile,0.8,18
2026-05-02,29,2,wk inc flu hosp,2026-05-16,quantile,0.85,23
2026-05-02,29,2,wk inc flu hosp,2026-05-16,quantile,0.9,26
2026-05-02,29,2,wk inc flu hosp,2026-05-16,quantile,0.95,36
2026-05-02,29,2,wk inc flu hosp,2026-05-16,quantile,0.975,44
2026-05-02,29,2,wk inc flu hosp,2026-05-16,quantile,0.99,61
2026-05-02,29,3,wk inc flu hosp,2026-05-23,quantile,0.01,0
2026-05-02,29,3,wk inc flu hosp,2026-05-23,quantile,0.025,0
2026-05-02,29,3,wk inc flu hosp,2026-05-23,quantile,0.05,0
2026-05-02,29,3,wk inc flu hosp,2026-05-23,quantile,0.1,0
2026-05-02,29,3,wk inc flu hosp,2026-05-23,quantile,0.15,0
2026-05-02,29,3,wk inc flu hosp,2026-05-23,quantile,0.2,1
2026-05-02,29,3,wk inc flu hosp,2026-05-23,quantile,0.25,3
2026-05-02,29,3,wk inc flu hosp,2026-05-23,quantile,0.3,4
2026-05-02,29,3,wk inc flu hosp,2026-05-23,quantile,0.35,5
2026-05-02,29,3,wk inc flu hosp,2026-05-23,quantile,0.4,6
2026-05-02,29,3,wk inc flu hosp,2026-05-23,quantile,0.45,6
2026-05-02,29,3,wk inc flu hosp,2026-05-23,quantile,0.5,8
2026-05-02,29,3,wk inc flu hosp,2026-05-23,quantile,0.55,9
2026-05-02,29,3,wk inc flu hosp,2026-05-23,quantile,0.6,10
2026-05-02,29,3,wk inc flu hosp,2026-05-23,quantile,0.65,12
2026-05-02,29,3,wk inc flu hosp,2026-05-23,quantile,0.7,13
2026-05-02,29,3,wk inc flu hosp,2026-05-23,quantile,0.75,16
2026-05-02,29,3,wk inc flu hosp,2026-05-23,quantile,0.8,18
2026-05-02,29,3,wk inc flu hosp,2026-05-23,quantile,0.85,22
2026-05-02,29,3,wk inc flu hosp,2026-05-23,quantile,0.9,28
2026-05-02,29,3,wk inc flu hosp,2026-05-23,quantile,0.95,34
2026-05-02,29,3,wk inc flu hosp,2026-05-23,quantile,0.975,46
2026-05-02,29,3,wk inc flu hosp,2026-05-23,quantile,0.99,64
2026-05-02,30,0,wk inc flu hosp,2026-05-02,quantile,0.01,0
2026-05-02,30,0,wk inc flu hosp,2026-05-02,quantile,0.025,0
2026-05-02,30,0,wk inc flu hosp,2026-05-02,quantile,0.05,0
2026-05-02,30,0,wk inc flu hosp,2026-05-02,quantile,0.1,0
2026-05-02,30,0,wk inc flu hosp,2026-05-02,quantile,0.15,0
2026-05-02,30,0,wk inc flu hosp,2026-05-02,quantile,0.2,1
2026-05-02,30,0,wk inc flu hosp,2026-05-02,quantile,0.25,1
2026-05-02,30,0,wk inc flu hosp,2026-05-02,quantile,0.3,1
2026-05-02,30,0,wk inc flu hosp,2026-05-02,quantile,0.35,1
2026-05-02,30,0,wk inc flu hosp,2026-05-02,quantile,0.4,2
2026-05-02,30,0,wk inc flu hosp,2026-05-02,quantile,0.45,2
2026-05-02,30,0,wk inc flu hosp,2026-05-02,quantile,0.5,3
2026-05-02,30,0,wk inc flu hosp,2026-05-02,quantile,0.55,3
2026-05-02,30,0,wk inc flu hosp,2026-05-02,quantile,0.6,3
2026-05-02,30,0,wk inc flu hosp,2026-05-02,quantile,0.65,4
2026-05-02,30,0,wk inc flu hosp,2026-05-02,quantile,0.7,5
2026-05-02,30,0,wk inc flu hosp,2026-05-02,quantile,0.75,5
2026-05-02,30,0,wk inc flu hosp,2026-05-02,quantile,0.8,6
2026-05-02,30,0,wk inc flu hosp,2026-05-02,quantile,0.85,7
2026-05-02,30,0,wk inc flu hosp,2026-05-02,quantile,0.9,8
2026-05-02,30,0,wk inc flu hosp,2026-05-02,quantile,0.95,9
2026-05-02,30,0,wk inc flu hosp,2026-05-02,quantile,0.975,11
2026-05-02,30,0,wk inc flu hosp,2026-05-02,quantile,0.99,13
2026-05-02,30,1,wk inc flu hosp,2026-05-09,quantile,0.01,0
2026-05-02,30,1,wk inc flu hosp,2026-05-09,quantile,0.025,0
2026-05-02,30,1,wk inc flu hosp,2026-05-09,quantile,0.05,0
2026-05-02,30,1,wk inc flu hosp,2026-05-09,quantile,0.1,0
2026-05-02,30,1,wk inc flu hosp,2026-05-09,quantile,0.15,0
2026-05-02,30,1,wk inc flu hosp,2026-05-09,quantile,0.2,0
2026-05-02,30,1,wk inc flu hosp,2026-05-09,quantile,0.25,0
2026-05-02,30,1,wk inc flu hosp,2026-05-09,quantile,0.3,1
2026-05-02,30,1,wk inc flu hosp,2026-05-09,quantile,0.35,1
2026-05-02,30,1,wk inc flu hosp,2026-05-09,quantile,0.4,1
2026-05-02,30,1,wk inc flu hosp,2026-05-09,quantile,0.45,1
2026-05-02,30,1,wk inc flu hosp,2026-05-09,quantile,0.5,2
2026-05-02,30,1,wk inc flu hosp,2026-05-09,quantile,0.55,2
2026-05-02,30,1,wk inc flu hosp,2026-05-09,quantile,0.6,3
2026-05-02,30,1,wk inc flu hosp,2026-05-09,quantile,0.65,3
2026-05-02,30,1,wk inc flu hosp,2026-05-09,quantile,0.7,4
2026-05-02,30,1,wk inc flu hosp,2026-05-09,quantile,0.75,5
2026-05-02,30,1,wk inc flu hosp,2026-05-09,quantile,0.8,5
2026-05-02,30,1,wk inc flu hosp,2026-05-09,quantile,0.85,6
2026-05-02,30,1,wk inc flu hosp,2026-05-09,quantile,0.9,7
2026-05-02,30,1,wk inc flu hosp,2026-05-09,quantile,0.95,9
2026-05-02,30,1,wk inc flu hosp,2026-05-09,quantile,0.975,10
2026-05-02,30,1,wk inc flu hosp,2026-05-09,quantile,0.99,14
2026-05-02,30,2,wk inc flu hosp,2026-05-16,quantile,0.01,0
2026-05-02,30,2,wk inc flu hosp,2026-05-16,quantile,0.025,0
2026-05-02,30,2,wk inc flu hosp,2026-05-16,quantile,0.05,0
2026-05-02,30,2,wk inc flu hosp,2026-05-16,quantile,0.1,0
2026-05-02,30,2,wk inc flu hosp,2026-05-16,quantile,0.15,0
2026-05-02,30,2,wk inc flu hosp,2026-05-16,quantile,0.2,0
2026-05-02,30,2,wk inc flu hosp,2026-05-16,quantile,0.25,0
2026-05-02,30,2,wk inc flu hosp,2026-05-16,quantile,0.3,0
2026-05-02,30,2,wk inc flu hosp,2026-05-16,quantile,0.35,1
2026-05-02,30,2,wk inc flu hosp,2026-05-16,quantile,0.4,1
2026-05-02,30,2,wk inc flu hosp,2026-05-16,quantile,0.45,1
2026-05-02,30,2,wk inc flu hosp,2026-05-16,quantile,0.5,2
2026-05-02,30,2,wk inc flu hosp,2026-05-16,quantile,0.55,2
2026-05-02,30,2,wk inc flu hosp,2026-05-16,quantile,0.6,2
2026-05-02,30,2,wk inc flu hosp,2026-05-16,quantile,0.65,3
2026-05-02,30,2,wk inc flu hosp,2026-05-16,quantile,0.7,3
2026-05-02,30,2,wk inc flu hosp,2026-05-16,quantile,0.75,4
2026-05-02,30,2,wk inc flu hosp,2026-05-16,quantile,0.8,4
2026-05-02,30,2,wk inc flu hosp,2026-05-16,quantile,0.85,6
2026-05-02,30,2,wk inc flu hosp,2026-05-16,quantile,0.9,7
2026-05-02,30,2,wk inc flu hosp,2026-05-16,quantile,0.95,9
2026-05-02,30,2,wk inc flu hosp,2026-05-16,quantile,0.975,11
2026-05-02,30,2,wk inc flu hosp,2026-05-16,quantile,0.99,14
2026-05-02,30,3,wk inc flu hosp,2026-05-23,quantile,0.01,0
2026-05-02,30,3,wk inc flu hosp,2026-05-23,quantile,0.025,0
2026-05-02,30,3,wk inc flu hosp,2026-05-23,quantile,0.05,0
2026-05-02,30,3,wk inc flu hosp,2026-05-23,quantile,0.1,0
2026-05-02,30,3,wk inc flu hosp,2026-05-23,quantile,0.15,0
2026-05-02,30,3,wk inc flu hosp,2026-05-23,quantile,0.2,0
2026-05-02,30,3,wk inc flu hosp,2026-05-23,quantile,0.25,0
2026-05-02,30,3,wk inc flu hosp,2026-05-23,quantile,0.3,0
2026-05-02,30,3,wk inc flu hosp,2026-05-23,quantile,0.35,0
2026-05-02,30,3,wk inc flu hosp,2026-05-23,quantile,0.4,1
2026-05-02,30,3,wk inc flu hosp,2026-05-23,quantile,0.45,1
2026-05-02,30,3,wk inc flu hosp,2026-05-23,quantile,0.5,2
2026-05-02,30,3,wk inc flu hosp,2026-05-23,quantile,0.55,2
2026-05-02,30,3,wk inc flu hosp,2026-05-23,quantile,0.6,2
2026-05-02,30,3,wk inc flu hosp,2026-05-23,quantile,0.65,3
2026-05-02,30,3,wk inc flu hosp,2026-05-23,quantile,0.7,3
2026-05-02,30,3,wk inc flu hosp,2026-05-23,quantile,0.75,4
2026-05-02,30,3,wk inc flu hosp,2026-05-23,quantile,0.8,4
2026-05-02,30,3,wk inc flu hosp,2026-05-23,quantile,0.85,5
2026-05-02,30,3,wk inc flu hosp,2026-05-23,quantile,0.9,7
2026-05-02,30,3,wk inc flu hosp,2026-05-23,quantile,0.95,8
2026-05-02,30,3,wk inc flu hosp,2026-05-23,quantile,0.975,12
2026-05-02,30,3,wk inc flu hosp,2026-05-23,quantile,0.99,14
2026-05-02,31,0,wk inc flu hosp,2026-05-02,quantile,0.01,0
2026-05-02,31,0,wk inc flu hosp,2026-05-02,quantile,0.025,0
2026-05-02,31,0,wk inc flu hosp,2026-05-02,quantile,0.05,1
2026-05-02,31,0,wk inc flu hosp,2026-05-02,quantile,0.1,2
2026-05-02,31,0,wk inc flu hosp,2026-05-02,quantile,0.15,3
2026-05-02,31,0,wk inc flu hosp,2026-05-02,quantile,0.2,3
2026-05-02,31,0,wk inc flu hosp,2026-05-02,quantile,0.25,4
2026-05-02,31,0,wk inc flu hosp,2026-05-02,quantile,0.3,4
2026-05-02,31,0,wk inc flu hosp,2026-05-02,quantile,0.35,5
2026-05-02,31,0,wk inc flu hosp,2026-05-02,quantile,0.4,6
2026-05-02,31,0,wk inc flu hosp,2026-05-02,quantile,0.45,6
2026-05-02,31,0,wk inc flu hosp,2026-05-02,quantile,0.5,7
2026-05-02,31,0,wk inc flu hosp,2026-05-02,quantile,0.55,8
2026-05-02,31,0,wk inc flu hosp,2026-05-02,quantile,0.6,8
2026-05-02,31,0,wk inc flu hosp,2026-05-02,quantile,0.65,9
2026-05-02,31,0,wk inc flu hosp,2026-05-02,quantile,0.7,10
2026-05-02,31,0,wk inc flu hosp,2026-05-02,quantile,0.75,11
2026-05-02,31,0,wk inc flu hosp,2026-05-02,quantile,0.8,12
2026-05-02,31,0,wk inc flu hosp,2026-05-02,quantile,0.85,14
2026-05-02,31,0,wk inc flu hosp,2026-05-02,quantile,0.9,16
2026-05-02,31,0,wk inc flu hosp,2026-05-02,quantile,0.95,18
2026-05-02,31,0,wk inc flu hosp,2026-05-02,quantile,0.975,20
2026-05-02,31,0,wk inc flu hosp,2026-05-02,quantile,0.99,24
2026-05-02,31,1,wk inc flu hosp,2026-05-09,quantile,0.01,0
2026-05-02,31,1,wk inc flu hosp,2026-05-09,quantile,0.025,0
2026-05-02,31,1,wk inc flu hosp,2026-05-09,quantile,0.05,0
2026-05-02,31,1,wk inc flu hosp,2026-05-09,quantile,0.1,1
2026-05-02,31,1,wk inc flu hosp,2026-05-09,quantile,0.15,1
2026-05-02,31,1,wk inc flu hosp,2026-05-09,quantile,0.2,2
2026-05-02,31,1,wk inc flu hosp,2026-05-09,quantile,0.25,3
2026-05-02,31,1,wk inc flu hosp,2026-05-09,quantile,0.3,3
2026-05-02,31,1,wk inc flu hosp,2026-05-09,quantile,0.35,4
2026-05-02,31,1,wk inc flu hosp,2026-05-09,quantile,0.4,4
2026-05-02,31,1,wk inc flu hosp,2026-05-09,quantile,0.45,5
2026-05-02,31,1,wk inc flu hosp,2026-05-09,quantile,0.5,6
2026-05-02,31,1,wk inc flu hosp,2026-05-09,quantile,0.55,6
2026-05-02,31,1,wk inc flu hosp,2026-05-09,quantile,0.6,7
2026-05-02,31,1,wk inc flu hosp,2026-05-09,quantile,0.65,8
2026-05-02,31,1,wk inc flu hosp,2026-05-09,quantile,0.7,9
2026-05-02,31,1,wk inc flu hosp,2026-05-09,quantile,0.75,10
2026-05-02,31,1,wk inc flu hosp,2026-05-09,quantile,0.8,11
2026-05-02,31,1,wk inc flu hosp,2026-05-09,quantile,0.85,13
2026-05-02,31,1,wk inc flu hosp,2026-05-09,quantile,0.9,16
2026-05-02,31,1,wk inc flu hosp,2026-05-09,quantile,0.95,20
2026-05-02,31,1,wk inc flu hosp,2026-05-09,quantile,0.975,24
2026-05-02,31,1,wk inc flu hosp,2026-05-09,quantile,0.99,29
2026-05-02,31,2,wk inc flu hosp,2026-05-16,quantile,0.01,0
2026-05-02,31,2,wk inc flu hosp,2026-05-16,quantile,0.025,0
2026-05-02,31,2,wk inc flu hosp,2026-05-16,quantile,0.05,0
2026-05-02,31,2,wk inc flu hosp,2026-05-16,quantile,0.1,0
2026-05-02,31,2,wk inc flu hosp,2026-05-16,quantile,0.15,1
2026-05-02,31,2,wk inc flu hosp,2026-05-16,quantile,0.2,1
2026-05-02,31,2,wk inc flu hosp,2026-05-16,quantile,0.25,2
2026-05-02,31,2,wk inc flu hosp,2026-05-16,quantile,0.3,2
2026-05-02,31,2,wk inc flu hosp,2026-05-16,quantile,0.35,3
2026-05-02,31,2,wk inc flu hosp,2026-05-16,quantile,0.4,3
2026-05-02,31,2,wk inc flu hosp,2026-05-16,quantile,0.45,4
2026-05-02,31,2,wk inc flu hosp,2026-05-16,quantile,0.5,5
2026-05-02,31,2,wk inc flu hosp,2026-05-16,quantile,0.55,6
2026-05-02,31,2,wk inc flu hosp,2026-05-16,quantile,0.6,7
2026-05-02,31,2,wk inc flu hosp,2026-05-16,quantile,0.65,7
2026-05-02,31,2,wk inc flu hosp,2026-05-16,quantile,0.7,8
2026-05-02,31,2,wk inc flu hosp,2026-05-16,quantile,0.75,10
2026-05-02,31,2,wk inc flu hosp,2026-05-16,quantile,0.8,11
2026-05-02,31,2,wk inc flu hosp,2026-05-16,quantile,0.85,12
2026-05-02,31,2,wk inc flu hosp,2026-05-16,quantile,0.9,15
2026-05-02,31,2,wk inc flu hosp,2026-05-16,quantile,0.95,19
2026-05-02,31,2,wk inc flu hosp,2026-05-16,quantile,0.975,25
2026-05-02,31,2,wk inc flu hosp,2026-05-16,quantile,0.99,31
2026-05-02,31,3,wk inc flu hosp,2026-05-23,quantile,0.01,0
2026-05-02,31,3,wk inc flu hosp,2026-05-23,quantile,0.025,0
2026-05-02,31,3,wk inc flu hosp,2026-05-23,quantile,0.05,0
2026-05-02,31,3,wk inc flu hosp,2026-05-23,quantile,0.1,0
2026-05-02,31,3,wk inc flu hosp,2026-05-23,quantile,0.15,0
2026-05-02,31,3,wk inc flu hosp,2026-05-23,quantile,0.2,1
2026-05-02,31,3,wk inc flu hosp,2026-05-23,quantile,0.25,1
2026-05-02,31,3,wk inc flu hosp,2026-05-23,quantile,0.3,2
2026-05-02,31,3,wk inc flu hosp,2026-05-23,quantile,0.35,2
2026-05-02,31,3,wk inc flu hosp,2026-05-23,quantile,0.4,3
2026-05-02,31,3,wk inc flu hosp,2026-05-23,quantile,0.45,3
2026-05-02,31,3,wk inc flu hosp,2026-05-23,quantile,0.5,4
2026-05-02,31,3,wk inc flu hosp,2026-05-23,quantile,0.55,5
2026-05-02,31,3,wk inc flu hosp,2026-05-23,quantile,0.6,6
2026-05-02,31,3,wk inc flu hosp,2026-05-23,quantile,0.65,6
2026-05-02,31,3,wk inc flu hosp,2026-05-23,quantile,0.7,7
2026-05-02,31,3,wk inc flu hosp,2026-05-23,quantile,0.75,9
2026-05-02,31,3,wk inc flu hosp,2026-05-23,quantile,0.8,10
2026-05-02,31,3,wk inc flu hosp,2026-05-23,quantile,0.85,12
2026-05-02,31,3,wk inc flu hosp,2026-05-23,quantile,0.9,15
2026-05-02,31,3,wk inc flu hosp,2026-05-23,quantile,0.95,21
2026-05-02,31,3,wk inc flu hosp,2026-05-23,quantile,0.975,27
2026-05-02,31,3,wk inc flu hosp,2026-05-23,quantile,0.99,33
2026-05-02,32,0,wk inc flu hosp,2026-05-02,quantile,0.01,4
2026-05-02,32,0,wk inc flu hosp,2026-05-02,quantile,0.025,5
2026-05-02,32,0,wk inc flu hosp,2026-05-02,quantile,0.05,6
2026-05-02,32,0,wk inc flu hosp,2026-05-02,quantile,0.1,8
2026-05-02,32,0,wk inc flu hosp,2026-05-02,quantile,0.15,10
2026-05-02,32,0,wk inc flu hosp,2026-05-02,quantile,0.2,11
2026-05-02,32,0,wk inc flu hosp,2026-05-02,quantile,0.25,12
2026-05-02,32,0,wk inc flu hosp,2026-05-02,quantile,0.3,13
2026-05-02,32,0,wk inc flu hosp,2026-05-02,quantile,0.35,15
2026-05-02,32,0,wk inc flu hosp,2026-05-02,quantile,0.4,16
2026-05-02,32,0,wk inc flu hosp,2026-05-02,quantile,0.45,17
2026-05-02,32,0,wk inc flu hosp,2026-05-02,quantile,0.5,19
2026-05-02,32,0,wk inc flu hosp,2026-05-02,quantile,0.55,20
2026-05-02,32,0,wk inc flu hosp,2026-05-02,quantile,0.6,20
2026-05-02,32,0,wk inc flu hosp,2026-05-02,quantile,0.65,22
2026-05-02,32,0,wk inc flu hosp,2026-05-02,quantile,0.7,23
2026-05-02,32,0,wk inc flu hosp,2026-05-02,quantile,0.75,24
2026-05-02,32,0,wk inc flu hosp,2026-05-02,quantile,0.8,25
2026-05-02,32,0,wk inc flu hosp,2026-05-02,quantile,0.85,27
2026-05-02,32,0,wk inc flu hosp,2026-05-02,quantile,0.9,30
2026-05-02,32,0,wk inc flu hosp,2026-05-02,quantile,0.95,35
2026-05-02,32,0,wk inc flu hosp,2026-05-02,quantile,0.975,41
2026-05-02,32,0,wk inc flu hosp,2026-05-02,quantile,0.99,47
2026-05-02,32,1,wk inc flu hosp,2026-05-09,quantile,0.01,2
2026-05-02,32,1,wk inc flu hosp,2026-05-09,quantile,0.025,2
2026-05-02,32,1,wk inc flu hosp,2026-05-09,quantile,0.05,4
2026-05-02,32,1,wk inc flu hosp,2026-05-09,quantile,0.1,5
2026-05-02,32,1,wk inc flu hosp,2026-05-09,quantile,0.15,6
2026-05-02,32,1,wk inc flu hosp,2026-05-09,quantile,0.2,8
2026-05-02,32,1,wk inc flu hosp,2026-05-09,quantile,0.25,9
2026-05-02,32,1,wk inc flu hosp,2026-05-09,quantile,0.3,10
2026-05-02,32,1,wk inc flu hosp,2026-05-09,quantile,0.35,11
2026-05-02,32,1,wk inc flu hosp,2026-05-09,quantile,0.4,12
2026-05-02,32,1,wk inc flu hosp,2026-05-09,quantile,0.45,13
2026-05-02,32,1,wk inc flu hosp,2026-05-09,quantile,0.5,15
2026-05-02,32,1,wk inc flu hosp,2026-05-09,quantile,0.55,16
2026-05-02,32,1,wk inc flu hosp,2026-05-09,quantile,0.6,18
2026-05-02,32,1,wk inc flu hosp,2026-05-09,quantile,0.65,19
2026-05-02,32,1,wk inc flu hosp,2026-05-09,quantile,0.7,21
2026-05-02,32,1,wk inc flu hosp,2026-05-09,quantile,0.75,23
2026-05-02,32,1,wk inc flu hosp,2026-05-09,quantile,0.8,24
2026-05-02,32,1,wk inc flu hosp,2026-05-09,quantile,0.85,26
2026-05-02,32,1,wk inc flu hosp,2026-05-09,quantile,0.9,29
2026-05-02,32,1,wk inc flu hosp,2026-05-09,quantile,0.95,35
2026-05-02,32,1,wk inc flu hosp,2026-05-09,quantile,0.975,40
2026-05-02,32,1,wk inc flu hosp,2026-05-09,quantile,0.99,49
2026-05-02,32,2,wk inc flu hosp,2026-05-16,quantile,0.01,1
2026-05-02,32,2,wk inc flu hosp,2026-05-16,quantile,0.025,1
2026-05-02,32,2,wk inc flu hosp,2026-05-16,quantile,0.05,2
2026-05-02,32,2,wk inc flu hosp,2026-05-16,quantile,0.1,4
2026-05-02,32,2,wk inc flu hosp,2026-05-16,quantile,0.15,5
2026-05-02,32,2,wk inc flu hosp,2026-05-16,quantile,0.2,6
2026-05-02,32,2,wk inc flu hosp,2026-05-16,quantile,0.25,7
2026-05-02,32,2,wk inc flu hosp,2026-05-16,quantile,0.3,8
2026-05-02,32,2,wk inc flu hosp,2026-05-16,quantile,0.35,8
2026-05-02,32,2,wk inc flu hosp,2026-05-16,quantile,0.4,9
2026-05-02,32,2,wk inc flu hosp,2026-05-16,quantile,0.45,11
2026-05-02,32,2,wk inc flu hosp,2026-05-16,quantile,0.5,13
2026-05-02,32,2,wk inc flu hosp,2026-05-16,quantile,0.55,14
2026-05-02,32,2,wk inc flu hosp,2026-05-16,quantile,0.6,16
2026-05-02,32,2,wk inc flu hosp,2026-05-16,quantile,0.65,17
2026-05-02,32,2,wk inc flu hosp,2026-05-16,quantile,0.7,18
2026-05-02,32,2,wk inc flu hosp,2026-05-16,quantile,0.75,20
2026-05-02,32,2,wk inc flu hosp,2026-05-16,quantile,0.8,22
2026-05-02,32,2,wk inc flu hosp,2026-05-16,quantile,0.85,24
2026-05-02,32,2,wk inc flu hosp,2026-05-16,quantile,0.9,27
2026-05-02,32,2,wk inc flu hosp,2026-05-16,quantile,0.95,33
2026-05-02,32,2,wk inc flu hosp,2026-05-16,quantile,0.975,41
2026-05-02,32,2,wk inc flu hosp,2026-05-16,quantile,0.99,54
2026-05-02,32,3,wk inc flu hosp,2026-05-23,quantile,0.01,0
2026-05-02,32,3,wk inc flu hosp,2026-05-23,quantile,0.025,0
2026-05-02,32,3,wk inc flu hosp,2026-05-23,quantile,0.05,1
2026-05-02,32,3,wk inc flu hosp,2026-05-23,quantile,0.1,4
2026-05-02,32,3,wk inc flu hosp,2026-05-23,quantile,0.15,4
2026-05-02,32,3,wk inc flu hosp,2026-05-23,quantile,0.2,5
2026-05-02,32,3,wk inc flu hosp,2026-05-23,quantile,0.25,5
2026-05-02,32,3,wk inc flu hosp,2026-05-23,quantile,0.3,6
2026-05-02,32,3,wk inc flu hosp,2026-05-23,quantile,0.35,7
2026-05-02,32,3,wk inc flu hosp,2026-05-23,quantile,0.4,8
2026-05-02,32,3,wk inc flu hosp,2026-05-23,quantile,0.45,10
2026-05-02,32,3,wk inc flu hosp,2026-05-23,quantile,0.5,12
2026-05-02,32,3,wk inc flu hosp,2026-05-23,quantile,0.55,13
2026-05-02,32,3,wk inc flu hosp,2026-05-23,quantile,0.6,15
2026-05-02,32,3,wk inc flu hosp,2026-05-23,quantile,0.65,17
2026-05-02,32,3,wk inc flu hosp,2026-05-23,quantile,0.7,19
2026-05-02,32,3,wk inc flu hosp,2026-05-23,quantile,0.75,21
2026-05-02,32,3,wk inc flu hosp,2026-05-23,quantile,0.8,23
2026-05-02,32,3,wk inc flu hosp,2026-05-23,quantile,0.85,25
2026-05-02,32,3,wk inc flu hosp,2026-05-23,quantile,0.9,29
2026-05-02,32,3,wk inc flu hosp,2026-05-23,quantile,0.95,35
2026-05-02,32,3,wk inc flu hosp,2026-05-23,quantile,0.975,42
2026-05-02,32,3,wk inc flu hosp,2026-05-23,quantile,0.99,55
2026-05-02,33,0,wk inc flu hosp,2026-05-02,quantile,0.01,0
2026-05-02,33,0,wk inc flu hosp,2026-05-02,quantile,0.025,0
2026-05-02,33,0,wk inc flu hosp,2026-05-02,quantile,0.05,0
2026-05-02,33,0,wk inc flu hosp,2026-05-02,quantile,0.1,0
2026-05-02,33,0,wk inc flu hosp,2026-05-02,quantile,0.15,1
2026-05-02,33,0,wk inc flu hosp,2026-05-02,quantile,0.2,1
2026-05-02,33,0,wk inc flu hosp,2026-05-02,quantile,0.25,1
2026-05-02,33,0,wk inc flu hosp,2026-05-02,quantile,0.3,1
2026-05-02,33,0,wk inc flu hosp,2026-05-02,quantile,0.35,2
2026-05-02,33,0,wk inc flu hosp,2026-05-02,quantile,0.4,2
2026-05-02,33,0,wk inc flu hosp,2026-05-02,quantile,0.45,2
2026-05-02,33,0,wk inc flu hosp,2026-05-02,quantile,0.5,3
2026-05-02,33,0,wk inc flu hosp,2026-05-02,quantile,0.55,3
2026-05-02,33,0,wk inc flu hosp,2026-05-02,quantile,0.6,4
2026-05-02,33,0,wk inc flu hosp,2026-05-02,quantile,0.65,4
2026-05-02,33,0,wk inc flu hosp,2026-05-02,quantile,0.7,5
2026-05-02,33,0,wk inc flu hosp,2026-05-02,quantile,0.75,5
2026-05-02,33,0,wk inc flu hosp,2026-05-02,quantile,0.8,6
2026-05-02,33,0,wk inc flu hosp,2026-05-02,quantile,0.85,7
2026-05-02,33,0,wk inc flu hosp,2026-05-02,quantile,0.9,7
2026-05-02,33,0,wk inc flu hosp,2026-05-02,quantile,0.95,10
2026-05-02,33,0,wk inc flu hosp,2026-05-02,quantile,0.975,12
2026-05-02,33,0,wk inc flu hosp,2026-05-02,quantile,0.99,15
2026-05-02,33,1,wk inc flu hosp,2026-05-09,quantile,0.01,0
2026-05-02,33,1,wk inc flu hosp,2026-05-09,quantile,0.025,0
2026-05-02,33,1,wk inc flu hosp,2026-05-09,quantile,0.05,0
2026-05-02,33,1,wk inc flu hosp,2026-05-09,quantile,0.1,0
2026-05-02,33,1,wk inc flu hosp,2026-05-09,quantile,0.15,0
2026-05-02,33,1,wk inc flu hosp,2026-05-09,quantile,0.2,1
2026-05-02,33,1,wk inc flu hosp,2026-05-09,quantile,0.25,1
2026-05-02,33,1,wk inc flu hosp,2026-05-09,quantile,0.3,1
2026-05-02,33,1,wk inc flu hosp,2026-05-09,quantile,0.35,1
2026-05-02,33,1,wk inc flu hosp,2026-05-09,quantile,0.4,1
2026-05-02,33,1,wk inc flu hosp,2026-05-09,quantile,0.45,2
2026-05-02,33,1,wk inc flu hosp,2026-05-09,quantile,0.5,2
2026-05-02,33,1,wk inc flu hosp,2026-05-09,quantile,0.55,3
2026-05-02,33,1,wk inc flu hosp,2026-05-09,quantile,0.6,3
2026-05-02,33,1,wk inc flu hosp,2026-05-09,quantile,0.65,3
2026-05-02,33,1,wk inc flu hosp,2026-05-09,quantile,0.7,4
2026-05-02,33,1,wk inc flu hosp,2026-05-09,quantile,0.75,4
2026-05-02,33,1,wk inc flu hosp,2026-05-09,quantile,0.8,6
2026-05-02,33,1,wk inc flu hosp,2026-05-09,quantile,0.85,7
2026-05-02,33,1,wk inc flu hosp,2026-05-09,quantile,0.9,8
2026-05-02,33,1,wk inc flu hosp,2026-05-09,quantile,0.95,10
2026-05-02,33,1,wk inc flu hosp,2026-05-09,quantile,0.975,13
2026-05-02,33,1,wk inc flu hosp,2026-05-09,quantile,0.99,16
2026-05-02,33,2,wk inc flu hosp,2026-05-16,quantile,0.01,0
2026-05-02,33,2,wk inc flu hosp,2026-05-16,quantile,0.025,0
2026-05-02,33,2,wk inc flu hosp,2026-05-16,quantile,0.05,0
2026-05-02,33,2,wk inc flu hosp,2026-05-16,quantile,0.1,0
2026-05-02,33,2,wk inc flu hosp,2026-05-16,quantile,0.15,0
2026-05-02,33,2,wk inc flu hosp,2026-05-16,quantile,0.2,0
2026-05-02,33,2,wk inc flu hosp,2026-05-16,quantile,0.25,0
2026-05-02,33,2,wk inc flu hosp,2026-05-16,quantile,0.3,0
2026-05-02,33,2,wk inc flu hosp,2026-05-16,quantile,0.35,1
2026-05-02,33,2,wk inc flu hosp,2026-05-16,quantile,0.4,1
2026-05-02,33,2,wk inc flu hosp,2026-05-16,quantile,0.45,1
2026-05-02,33,2,wk inc flu hosp,2026-05-16,quantile,0.5,2
2026-05-02,33,2,wk inc flu hosp,2026-05-16,quantile,0.55,2
2026-05-02,33,2,wk inc flu hosp,2026-05-16,quantile,0.6,3
2026-05-02,33,2,wk inc flu hosp,2026-05-16,quantile,0.65,3
2026-05-02,33,2,wk inc flu hosp,2026-05-16,quantile,0.7,3
2026-05-02,33,2,wk inc flu hosp,2026-05-16,quantile,0.75,4
2026-05-02,33,2,wk inc flu hosp,2026-05-16,quantile,0.8,5
2026-05-02,33,2,wk inc flu hosp,2026-05-16,quantile,0.85,5
2026-05-02,33,2,wk inc flu hosp,2026-05-16,quantile,0.9,7
2026-05-02,33,2,wk inc flu hosp,2026-05-16,quantile,0.95,9
2026-05-02,33,2,wk inc flu hosp,2026-05-16,quantile,0.975,13
2026-05-02,33,2,wk inc flu hosp,2026-05-16,quantile,0.99,17
2026-05-02,33,3,wk inc flu hosp,2026-05-23,quantile,0.01,0
2026-05-02,33,3,wk inc flu hosp,2026-05-23,quantile,0.025,0
2026-05-02,33,3,wk inc flu hosp,2026-05-23,quantile,0.05,0
2026-05-02,33,3,wk inc flu hosp,2026-05-23,quantile,0.1,0
2026-05-02,33,3,wk inc flu hosp,2026-05-23,quantile,0.15,0
2026-05-02,33,3,wk inc flu hosp,2026-05-23,quantile,0.2,0
2026-05-02,33,3,wk inc flu hosp,2026-05-23,quantile,0.25,0
2026-05-02,33,3,wk inc flu hosp,2026-05-23,quantile,0.3,0
2026-05-02,33,3,wk inc flu hosp,2026-05-23,quantile,0.35,1
2026-05-02,33,3,wk inc flu hosp,2026-05-23,quantile,0.4,1
2026-05-02,33,3,wk inc flu hosp,2026-05-23,quantile,0.45,1
2026-05-02,33,3,wk inc flu hosp,2026-05-23,quantile,0.5,2
2026-05-02,33,3,wk inc flu hosp,2026-05-23,quantile,0.55,2
2026-05-02,33,3,wk inc flu hosp,2026-05-23,quantile,0.6,3
2026-05-02,33,3,wk inc flu hosp,2026-05-23,quantile,0.65,3
2026-05-02,33,3,wk inc flu hosp,2026-05-23,quantile,0.7,4
2026-05-02,33,3,wk inc flu hosp,2026-05-23,quantile,0.75,4
2026-05-02,33,3,wk inc flu hosp,2026-05-23,quantile,0.8,5
2026-05-02,33,3,wk inc flu hosp,2026-05-23,quantile,0.85,6
2026-05-02,33,3,wk inc flu hosp,2026-05-23,quantile,0.9,7
2026-05-02,33,3,wk inc flu hosp,2026-05-23,quantile,0.95,9
2026-05-02,33,3,wk inc flu hosp,2026-05-23,quantile,0.975,14
2026-05-02,33,3,wk inc flu hosp,2026-05-23,quantile,0.99,21
2026-05-02,34,0,wk inc flu hosp,2026-05-02,quantile,0.01,8
2026-05-02,34,0,wk inc flu hosp,2026-05-02,quantile,0.025,11
2026-05-02,34,0,wk inc flu hosp,2026-05-02,quantile,0.05,13
2026-05-02,34,0,wk inc flu hosp,2026-05-02,quantile,0.1,17
2026-05-02,34,0,wk inc flu hosp,2026-05-02,quantile,0.15,19
2026-05-02,34,0,wk inc flu hosp,2026-05-02,quantile,0.2,21
2026-05-02,34,0,wk inc flu hosp,2026-05-02,quantile,0.25,23
2026-05-02,34,0,wk inc flu hosp,2026-05-02,quantile,0.3,25
2026-05-02,34,0,wk inc flu hosp,2026-05-02,quantile,0.35,27
2026-05-02,34,0,wk inc flu hosp,2026-05-02,quantile,0.4,28
2026-05-02,34,0,wk inc flu hosp,2026-05-02,quantile,0.45,31
2026-05-02,34,0,wk inc flu hosp,2026-05-02,quantile,0.5,33
2026-05-02,34,0,wk inc flu hosp,2026-05-02,quantile,0.55,34
2026-05-02,34,0,wk inc flu hosp,2026-05-02,quantile,0.6,37
2026-05-02,34,0,wk inc flu hosp,2026-05-02,quantile,0.65,40
2026-05-02,34,0,wk inc flu hosp,2026-05-02,quantile,0.7,43
2026-05-02,34,0,wk inc flu hosp,2026-05-02,quantile,0.75,46
2026-05-02,34,0,wk inc flu hosp,2026-05-02,quantile,0.8,50
2026-05-02,34,0,wk inc flu hosp,2026-05-02,quantile,0.85,54
2026-05-02,34,0,wk inc flu hosp,2026-05-02,quantile,0.9,61
2026-05-02,34,0,wk inc flu hosp,2026-05-02,quantile,0.95,72
2026-05-02,34,0,wk inc flu hosp,2026-05-02,quantile,0.975,88
2026-05-02,34,0,wk inc flu hosp,2026-05-02,quantile,0.99,101
2026-05-02,34,1,wk inc flu hosp,2026-05-09,quantile,0.01,2
2026-05-02,34,1,wk inc flu hosp,2026-05-09,quantile,0.025,3
2026-05-02,34,1,wk inc flu hosp,2026-05-09,quantile,0.05,6
2026-05-02,34,1,wk inc flu hosp,2026-05-09,quantile,0.1,8
2026-05-02,34,1,wk inc flu hosp,2026-05-09,quantile,0.15,10
2026-05-02,34,1,wk inc flu hosp,2026-05-09,quantile,0.2,13
2026-05-02,34,1,wk inc flu hosp,2026-05-09,quantile,0.25,15
2026-05-02,34,1,wk inc flu hosp,2026-05-09,quantile,0.3,17
2026-05-02,34,1,wk inc flu hosp,2026-05-09,quantile,0.35,20
2026-05-02,34,1,wk inc flu hosp,2026-05-09,quantile,0.4,22
2026-05-02,34,1,wk inc flu hosp,2026-05-09,quantile,0.45,24
2026-05-02,34,1,wk inc flu hosp,2026-05-09,quantile,0.5,26
2026-05-02,34,1,wk inc flu hosp,2026-05-09,quantile,0.55,29
2026-05-02,34,1,wk inc flu hosp,2026-05-09,quantile,0.6,31
2026-05-02,34,1,wk inc flu hosp,2026-05-09,quantile,0.65,35
2026-05-02,34,1,wk inc flu hosp,2026-05-09,quantile,0.7,39
2026-05-02,34,1,wk inc flu hosp,2026-05-09,quantile,0.75,44
2026-05-02,34,1,wk inc flu hosp,2026-05-09,quantile,0.8,48
2026-05-02,34,1,wk inc flu hosp,2026-05-09,quantile,0.85,54
2026-05-02,34,1,wk inc flu hosp,2026-05-09,quantile,0.9,64
2026-05-02,34,1,wk inc flu hosp,2026-05-09,quantile,0.95,76
2026-05-02,34,1,wk inc flu hosp,2026-05-09,quantile,0.975,90
2026-05-02,34,1,wk inc flu hosp,2026-05-09,quantile,0.99,106
2026-05-02,34,2,wk inc flu hosp,2026-05-16,quantile,0.01,0
2026-05-02,34,2,wk inc flu hosp,2026-05-16,quantile,0.025,1
2026-05-02,34,2,wk inc flu hosp,2026-05-16,quantile,0.05,3
2026-05-02,34,2,wk inc flu hosp,2026-05-16,quantile,0.1,7
2026-05-02,34,2,wk inc flu hosp,2026-05-16,quantile,0.15,10
2026-05-02,34,2,wk inc flu hosp,2026-05-16,quantile,0.2,12
2026-05-02,34,2,wk inc flu hosp,2026-05-16,quantile,0.25,13
2026-05-02,34,2,wk inc flu hosp,2026-05-16,quantile,0.3,15
2026-05-02,34,2,wk inc flu hosp,2026-05-16,quantile,0.35,16
2026-05-02,34,2,wk inc flu hosp,2026-05-16,quantile,0.4,18
2026-05-02,34,2,wk inc flu hosp,2026-05-16,quantile,0.45,20
2026-05-02,34,2,wk inc flu hosp,2026-05-16,quantile,0.5,23
2026-05-02,34,2,wk inc flu hosp,2026-05-16,quantile,0.55,26
2026-05-02,34,2,wk inc flu hosp,2026-05-16,quantile,0.6,28
2026-05-02,34,2,wk inc flu hosp,2026-05-16,quantile,0.65,31
2026-05-02,34,2,wk inc flu hosp,2026-05-16,quantile,0.7,36
2026-05-02,34,2,wk inc flu hosp,2026-05-16,quantile,0.75,42
2026-05-02,34,2,wk inc flu hosp,2026-05-16,quantile,0.8,47
2026-05-02,34,2,wk inc flu hosp,2026-05-16,quantile,0.85,53
2026-05-02,34,2,wk inc flu hosp,2026-05-16,quantile,0.9,64
2026-05-02,34,2,wk inc flu hosp,2026-05-16,quantile,0.95,82
2026-05-02,34,2,wk inc flu hosp,2026-05-16,quantile,0.975,97
2026-05-02,34,2,wk inc flu hosp,2026-05-16,quantile,0.99,118
2026-05-02,34,3,wk inc flu hosp,2026-05-23,quantile,0.01,1
2026-05-02,34,3,wk inc flu hosp,2026-05-23,quantile,0.025,2
2026-05-02,34,3,wk inc flu hosp,2026-05-23,quantile,0.05,3
2026-05-02,34,3,wk inc flu hosp,2026-05-23,quantile,0.1,4
2026-05-02,34,3,wk inc flu hosp,2026-05-23,quantile,0.15,7
2026-05-02,34,3,wk inc flu hosp,2026-05-23,quantile,0.2,11
2026-05-02,34,3,wk inc flu hosp,2026-05-23,quantile,0.25,12
2026-05-02,34,3,wk inc flu hosp,2026-05-23,quantile,0.3,13
2026-05-02,34,3,wk inc flu hosp,2026-05-23,quantile,0.35,15
2026-05-02,34,3,wk inc flu hosp,2026-05-23,quantile,0.4,17
2026-05-02,34,3,wk inc flu hosp,2026-05-23,quantile,0.45,18
2026-05-02,34,3,wk inc flu hosp,2026-05-23,quantile,0.5,22
2026-05-02,34,3,wk inc flu hosp,2026-05-23,quantile,0.55,24
2026-05-02,34,3,wk inc flu hosp,2026-05-23,quantile,0.6,26
2026-05-02,34,3,wk inc flu hosp,2026-05-23,quantile,0.65,29
2026-05-02,34,3,wk inc flu hosp,2026-05-23,quantile,0.7,34
2026-05-02,34,3,wk inc flu hosp,2026-05-23,quantile,0.75,38
2026-05-02,34,3,wk inc flu hosp,2026-05-23,quantile,0.8,47
2026-05-02,34,3,wk inc flu hosp,2026-05-23,quantile,0.85,53
2026-05-02,34,3,wk inc flu hosp,2026-05-23,quantile,0.9,62
2026-05-02,34,3,wk inc flu hosp,2026-05-23,quantile,0.95,77
2026-05-02,34,3,wk inc flu hosp,2026-05-23,quantile,0.975,96
2026-05-02,34,3,wk inc flu hosp,2026-05-23,quantile,0.99,132
2026-05-02,35,0,wk inc flu hosp,2026-05-02,quantile,0.01,0
2026-05-02,35,0,wk inc flu hosp,2026-05-02,quantile,0.025,0
2026-05-02,35,0,wk inc flu hosp,2026-05-02,quantile,0.05,1
2026-05-02,35,0,wk inc flu hosp,2026-05-02,quantile,0.1,2
2026-05-02,35,0,wk inc flu hosp,2026-05-02,quantile,0.15,2
2026-05-02,35,0,wk inc flu hosp,2026-05-02,quantile,0.2,3
2026-05-02,35,0,wk inc flu hosp,2026-05-02,quantile,0.25,3
2026-05-02,35,0,wk inc flu hosp,2026-05-02,quantile,0.3,4
2026-05-02,35,0,wk inc flu hosp,2026-05-02,quantile,0.35,4
2026-05-02,35,0,wk inc flu hosp,2026-05-02,quantile,0.4,5
2026-05-02,35,0,wk inc flu hosp,2026-05-02,quantile,0.45,6
2026-05-02,35,0,wk inc flu hosp,2026-05-02,quantile,0.5,7
2026-05-02,35,0,wk inc flu hosp,2026-05-02,quantile,0.55,7
2026-05-02,35,0,wk inc flu hosp,2026-05-02,quantile,0.6,8
2026-05-02,35,0,wk inc flu hosp,2026-05-02,quantile,0.65,9
2026-05-02,35,0,wk inc flu hosp,2026-05-02,quantile,0.7,9
2026-05-02,35,0,wk inc flu hosp,2026-05-02,quantile,0.75,10
2026-05-02,35,0,wk inc flu hosp,2026-05-02,quantile,0.8,11
2026-05-02,35,0,wk inc flu hosp,2026-05-02,quantile,0.85,12
2026-05-02,35,0,wk inc flu hosp,2026-05-02,quantile,0.9,14
2026-05-02,35,0,wk inc flu hosp,2026-05-02,quantile,0.95,18
2026-05-02,35,0,wk inc flu hosp,2026-05-02,quantile,0.975,23
2026-05-02,35,0,wk inc flu hosp,2026-05-02,quantile,0.99,28
2026-05-02,35,1,wk inc flu hosp,2026-05-09,quantile,0.01,0
2026-05-02,35,1,wk inc flu hosp,2026-05-09,quantile,0.025,0
2026-05-02,35,1,wk inc flu hosp,2026-05-09,quantile,0.05,0
2026-05-02,35,1,wk inc flu hosp,2026-05-09,quantile,0.1,0
2026-05-02,35,1,wk inc flu hosp,2026-05-09,quantile,0.15,1
2026-05-02,35,1,wk inc flu hosp,2026-05-09,quantile,0.2,2
2026-05-02,35,1,wk inc flu hosp,2026-05-09,quantile,0.25,2
2026-05-02,35,1,wk inc flu hosp,2026-05-09,quantile,0.3,3
2026-05-02,35,1,wk inc flu hosp,2026-05-09,quantile,0.35,3
2026-05-02,35,1,wk inc flu hosp,2026-05-09,quantile,0.4,4
2026-05-02,35,1,wk inc flu hosp,2026-05-09,quantile,0.45,5
2026-05-02,35,1,wk inc flu hosp,2026-05-09,quantile,0.5,6
2026-05-02,35,1,wk inc flu hosp,2026-05-09,quantile,0.55,7
2026-05-02,35,1,wk inc flu hosp,2026-05-09,quantile,0.6,7
2026-05-02,35,1,wk inc flu hosp,2026-05-09,quantile,0.65,8
2026-05-02,35,1,wk inc flu hosp,2026-05-09,quantile,0.7,8
2026-05-02,35,1,wk inc flu hosp,2026-05-09,quantile,0.75,9
2026-05-02,35,1,wk inc flu hosp,2026-05-09,quantile,0.8,10
2026-05-02,35,1,wk inc flu hosp,2026-05-09,quantile,0.85,12
2026-05-02,35,1,wk inc flu hosp,2026-05-09,quantile,0.9,13
2026-05-02,35,1,wk inc flu hosp,2026-05-09,quantile,0.95,17
2026-05-02,35,1,wk inc flu hosp,2026-05-09,quantile,0.975,23
2026-05-02,35,1,wk inc flu hosp,2026-05-09,quantile,0.99,30
2026-05-02,35,2,wk inc flu hosp,2026-05-16,quantile,0.01,0
2026-05-02,35,2,wk inc flu hosp,2026-05-16,quantile,0.025,0
2026-05-02,35,2,wk inc flu hosp,2026-05-16,quantile,0.05,0
2026-05-02,35,2,wk inc flu hosp,2026-05-16,quantile,0.1,1
2026-05-02,35,2,wk inc flu hosp,2026-05-16,quantile,0.15,1
2026-05-02,35,2,wk inc flu hosp,2026-05-16,quantile,0.2,1
2026-05-02,35,2,wk inc flu hosp,2026-05-16,quantile,0.25,2
2026-05-02,35,2,wk inc flu hosp,2026-05-16,quantile,0.3,2
2026-05-02,35,2,wk inc flu hosp,2026-05-16,quantile,0.35,3
2026-05-02,35,2,wk inc flu hosp,2026-05-16,quantile,0.4,3
2026-05-02,35,2,wk inc flu hosp,2026-05-16,quantile,0.45,4
2026-05-02,35,2,wk inc flu hosp,2026-05-16,quantile,0.5,5
2026-05-02,35,2,wk inc flu hosp,2026-05-16,quantile,0.55,6
2026-05-02,35,2,wk inc flu hosp,2026-05-16,quantile,0.6,6
2026-05-02,35,2,wk inc flu hosp,2026-05-16,quantile,0.65,7
2026-05-02,35,2,wk inc flu hosp,2026-05-16,quantile,0.7,8
2026-05-02,35,2,wk inc flu hosp,2026-05-16,quantile,0.75,8
2026-05-02,35,2,wk inc flu hosp,2026-05-16,quantile,0.8,9
2026-05-02,35,2,wk inc flu hosp,2026-05-16,quantile,0.85,10
2026-05-02,35,2,wk inc flu hosp,2026-05-16,quantile,0.9,13
2026-05-02,35,2,wk inc flu hosp,2026-05-16,quantile,0.95,17
2026-05-02,35,2,wk inc flu hosp,2026-05-16,quantile,0.975,22
2026-05-02,35,2,wk inc flu hosp,2026-05-16,quantile,0.99,29
2026-05-02,35,3,wk inc flu hosp,2026-05-23,quantile,0.01,0
2026-05-02,35,3,wk inc flu hosp,2026-05-23,quantile,0.025,0
2026-05-02,35,3,wk inc flu hosp,2026-05-23,quantile,0.05,0
2026-05-02,35,3,wk inc flu hosp,2026-05-23,quantile,0.1,0
2026-05-02,35,3,wk inc flu hosp,2026-05-23,quantile,0.15,1
2026-05-02,35,3,wk inc flu hosp,2026-05-23,quantile,0.2,1
2026-05-02,35,3,wk inc flu hosp,2026-05-23,quantile,0.25,2
2026-05-02,35,3,wk inc flu hosp,2026-05-23,quantile,0.3,2
2026-05-02,35,3,wk inc flu hosp,2026-05-23,quantile,0.35,3
2026-05-02,35,3,wk inc flu hosp,2026-05-23,quantile,0.4,3
2026-05-02,35,3,wk inc flu hosp,2026-05-23,quantile,0.45,4
2026-05-02,35,3,wk inc flu hosp,2026-05-23,quantile,0.5,5
2026-05-02,35,3,wk inc flu hosp,2026-05-23,quantile,0.55,5
2026-05-02,35,3,wk inc flu hosp,2026-05-23,quantile,0.6,6
2026-05-02,35,3,wk inc flu hosp,2026-05-23,quantile,0.65,7
2026-05-02,35,3,wk inc flu hosp,2026-05-23,quantile,0.7,8
2026-05-02,35,3,wk inc flu hosp,2026-05-23,quantile,0.75,8
2026-05-02,35,3,wk inc flu hosp,2026-05-23,quantile,0.8,9
2026-05-02,35,3,wk inc flu hosp,2026-05-23,quantile,0.85,11
2026-05-02,35,3,wk inc flu hosp,2026-05-23,quantile,0.9,13
2026-05-02,35,3,wk inc flu hosp,2026-05-23,quantile,0.95,16
2026-05-02,35,3,wk inc flu hosp,2026-05-23,quantile,0.975,22
2026-05-02,35,3,wk inc flu hosp,2026-05-23,quantile,0.99,31
2026-05-02,36,0,wk inc flu hosp,2026-05-02,quantile,0.01,6
2026-05-02,36,0,wk inc flu hosp,2026-05-02,quantile,0.025,12
2026-05-02,36,0,wk inc flu hosp,2026-05-02,quantile,0.05,15
2026-05-02,36,0,wk inc flu hosp,2026-05-02,quantile,0.1,22
2026-05-02,36,0,wk inc flu hosp,2026-05-02,quantile,0.15,26
2026-05-02,36,0,wk inc flu hosp,2026-05-02,quantile,0.2,32
2026-05-02,36,0,wk inc flu hosp,2026-05-02,quantile,0.25,35
2026-05-02,36,0,wk inc flu hosp,2026-05-02,quantile,0.3,41
2026-05-02,36,0,wk inc flu hosp,2026-05-02,quantile,0.35,44
2026-05-02,36,0,wk inc flu hosp,2026-05-02,quantile,0.4,46
2026-05-02,36,0,wk inc flu hosp,2026-05-02,quantile,0.45,50
2026-05-02,36,0,wk inc flu hosp,2026-05-02,quantile,0.5,54
2026-05-02,36,0,wk inc flu hosp,2026-05-02,quantile,0.55,58
2026-05-02,36,0,wk inc flu hosp,2026-05-02,quantile,0.6,63
2026-05-02,36,0,wk inc flu hosp,2026-05-02,quantile,0.65,68
2026-05-02,36,0,wk inc flu hosp,2026-05-02,quantile,0.7,72
2026-05-02,36,0,wk inc flu hosp,2026-05-02,quantile,0.75,78
2026-05-02,36,0,wk inc flu hosp,2026-05-02,quantile,0.8,83
2026-05-02,36,0,wk inc flu hosp,2026-05-02,quantile,0.85,94
2026-05-02,36,0,wk inc flu hosp,2026-05-02,quantile,0.9,107
2026-05-02,36,0,wk inc flu hosp,2026-05-02,quantile,0.95,126
2026-05-02,36,0,wk inc flu hosp,2026-05-02,quantile,0.975,145
2026-05-02,36,0,wk inc flu hosp,2026-05-02,quantile,0.99,169
2026-05-02,36,1,wk inc flu hosp,2026-05-09,quantile,0.01,1
2026-05-02,36,1,wk inc flu hosp,2026-05-09,quantile,0.025,2
2026-05-02,36,1,wk inc flu hosp,2026-05-09,quantile,0.05,6
2026-05-02,36,1,wk inc flu hosp,2026-05-09,quantile,0.1,9
2026-05-02,36,1,wk inc flu hosp,2026-05-09,quantile,0.15,15
2026-05-02,36,1,wk inc flu hosp,2026-05-09,quantile,0.2,21
2026-05-02,36,1,wk inc flu hosp,2026-05-09,quantile,0.25,25
2026-05-02,36,1,wk inc flu hosp,2026-05-09,quantile,0.3,29
2026-05-02,36,1,wk inc flu hosp,2026-05-09,quantile,0.35,33
2026-05-02,36,1,wk inc flu hosp,2026-05-09,quantile,0.4,35
2026-05-02,36,1,wk inc flu hosp,2026-05-09,quantile,0.45,38
2026-05-02,36,1,wk inc flu hosp,2026-05-09,quantile,0.5,44
2026-05-02,36,1,wk inc flu hosp,2026-05-09,quantile,0.55,50
2026-05-02,36,1,wk inc flu hosp,2026-05-09,quantile,0.6,54
2026-05-02,36,1,wk inc flu hosp,2026-05-09,quantile,0.65,61
2026-05-02,36,1,wk inc flu hosp,2026-05-09,quantile,0.7,69
2026-05-02,36,1,wk inc flu hosp,2026-05-09,quantile,0.75,77
2026-05-02,36,1,wk inc flu hosp,2026-05-09,quantile,0.8,83
2026-05-02,36,1,wk inc flu hosp,2026-05-09,quantile,0.85,93
2026-05-02,36,1,wk inc flu hosp,2026-05-09,quantile,0.9,105
2026-05-02,36,1,wk inc flu hosp,2026-05-09,quantile,0.95,126
2026-05-02,36,1,wk inc flu hosp,2026-05-09,quantile,0.975,157
2026-05-02,36,1,wk inc flu hosp,2026-05-09,quantile,0.99,204
2026-05-02,36,2,wk inc flu hosp,2026-05-16,quantile,0.01,0
2026-05-02,36,2,wk inc flu hosp,2026-05-16,quantile,0.025,0
2026-05-02,36,2,wk inc flu hosp,2026-05-16,quantile,0.05,2
2026-05-02,36,2,wk inc flu hosp,2026-05-16,quantile,0.1,4
2026-05-02,36,2,wk inc flu hosp,2026-05-16,quantile,0.15,13
2026-05-02,36,2,wk inc flu hosp,2026-05-16,quantile,0.2,17
2026-05-02,36,2,wk inc flu hosp,2026-05-16,quantile,0.25,21
2026-05-02,36,2,wk inc flu hosp,2026-05-16,quantile,0.3,23
2026-05-02,36,2,wk inc flu hosp,2026-05-16,quantile,0.35,25
2026-05-02,36,2,wk inc flu hosp,2026-05-16,quantile,0.4,27
2026-05-02,36,2,wk inc flu hosp,2026-05-16,quantile,0.45,32
2026-05-02,36,2,wk inc flu hosp,2026-05-16,quantile,0.5,42
2026-05-02,36,2,wk inc flu hosp,2026-05-16,quantile,0.55,46
2026-05-02,36,2,wk inc flu hosp,2026-05-16,quantile,0.6,50
2026-05-02,36,2,wk inc flu hosp,2026-05-16,quantile,0.65,57
2026-05-02,36,2,wk inc flu hosp,2026-05-16,quantile,0.7,63
2026-05-02,36,2,wk inc flu hosp,2026-05-16,quantile,0.75,69
2026-05-02,36,2,wk inc flu hosp,2026-05-16,quantile,0.8,74
2026-05-02,36,2,wk inc flu hosp,2026-05-16,quantile,0.85,84
2026-05-02,36,2,wk inc flu hosp,2026-05-16,quantile,0.9,96
2026-05-02,36,2,wk inc flu hosp,2026-05-16,quantile,0.95,121
2026-05-02,36,2,wk inc flu hosp,2026-05-16,quantile,0.975,150
2026-05-02,36,2,wk inc flu hosp,2026-05-16,quantile,0.99,201
2026-05-02,36,3,wk inc flu hosp,2026-05-23,quantile,0.01,0
2026-05-02,36,3,wk inc flu hosp,2026-05-23,quantile,0.025,0
2026-05-02,36,3,wk inc flu hosp,2026-05-23,quantile,0.05,0
2026-05-02,36,3,wk inc flu hosp,2026-05-23,quantile,0.1,2
2026-05-02,36,3,wk inc flu hosp,2026-05-23,quantile,0.15,9
2026-05-02,36,3,wk inc flu hosp,2026-05-23,quantile,0.2,15
2026-05-02,36,3,wk inc flu hosp,2026-05-23,quantile,0.25,18
2026-05-02,36,3,wk inc flu hosp,2026-05-23,quantile,0.3,18
2026-05-02,36,3,wk inc flu hosp,2026-05-23,quantile,0.35,20
2026-05-02,36,3,wk inc flu hosp,2026-05-23,quantile,0.4,23
2026-05-02,36,3,wk inc flu hosp,2026-05-23,quantile,0.45,24
2026-05-02,36,3,wk inc flu hosp,2026-05-23,quantile,0.5,34
2026-05-02,36,3,wk inc flu hosp,2026-05-23,quantile,0.55,38
2026-05-02,36,3,wk inc flu hosp,2026-05-23,quantile,0.6,43
2026-05-02,36,3,wk inc flu hosp,2026-05-23,quantile,0.65,52
2026-05-02,36,3,wk inc flu hosp,2026-05-23,quantile,0.7,58
2026-05-02,36,3,wk inc flu hosp,2026-05-23,quantile,0.75,64
2026-05-02,36,3,wk inc flu hosp,2026-05-23,quantile,0.8,71
2026-05-02,36,3,wk inc flu hosp,2026-05-23,quantile,0.85,75
2026-05-02,36,3,wk inc flu hosp,2026-05-23,quantile,0.9,93
2026-05-02,36,3,wk inc flu hosp,2026-05-23,quantile,0.95,126
2026-05-02,36,3,wk inc flu hosp,2026-05-23,quantile,0.975,158
2026-05-02,36,3,wk inc flu hosp,2026-05-23,quantile,0.99,215
2026-05-02,37,0,wk inc flu hosp,2026-05-02,quantile,0.01,0
2026-05-02,37,0,wk inc flu hosp,2026-05-02,quantile,0.025,1
2026-05-02,37,0,wk inc flu hosp,2026-05-02,quantile,0.05,3
2026-05-02,37,0,wk inc flu hosp,2026-05-02,quantile,0.1,5
2026-05-02,37,0,wk inc flu hosp,2026-05-02,quantile,0.15,7
2026-05-02,37,0,wk inc flu hosp,2026-05-02,quantile,0.2,8
2026-05-02,37,0,wk inc flu hosp,2026-05-02,quantile,0.25,9
2026-05-02,37,0,wk inc flu hosp,2026-05-02,quantile,0.3,10
2026-05-02,37,0,wk inc flu hosp,2026-05-02,quantile,0.35,11
2026-05-02,37,0,wk inc flu hosp,2026-05-02,quantile,0.4,13
2026-05-02,37,0,wk inc flu hosp,2026-05-02,quantile,0.45,14
2026-05-02,37,0,wk inc flu hosp,2026-05-02,quantile,0.5,16
2026-05-02,37,0,wk inc flu hosp,2026-05-02,quantile,0.55,18
2026-05-02,37,0,wk inc flu hosp,2026-05-02,quantile,0.6,19
2026-05-02,37,0,wk inc flu hosp,2026-05-02,quantile,0.65,20
2026-05-02,37,0,wk inc flu hosp,2026-05-02,quantile,0.7,22
2026-05-02,37,0,wk inc flu hosp,2026-05-02,quantile,0.75,23
2026-05-02,37,0,wk inc flu hosp,2026-05-02,quantile,0.8,25
2026-05-02,37,0,wk inc flu hosp,2026-05-02,quantile,0.85,28
2026-05-02,37,0,wk inc flu hosp,2026-05-02,quantile,0.9,31
2026-05-02,37,0,wk inc flu hosp,2026-05-02,quantile,0.95,37
2026-05-02,37,0,wk inc flu hosp,2026-05-02,quantile,0.975,44
2026-05-02,37,0,wk inc flu hosp,2026-05-02,quantile,0.99,53
2026-05-02,37,1,wk inc flu hosp,2026-05-09,quantile,0.01,0
2026-05-02,37,1,wk inc flu hosp,2026-05-09,quantile,0.025,0
2026-05-02,37,1,wk inc flu hosp,2026-05-09,quantile,0.05,0
2026-05-02,37,1,wk inc flu hosp,2026-05-09,quantile,0.1,1
2026-05-02,37,1,wk inc flu hosp,2026-05-09,quantile,0.15,3
2026-05-02,37,1,wk inc flu hosp,2026-05-09,quantile,0.2,5
2026-05-02,37,1,wk inc flu hosp,2026-05-09,quantile,0.25,7
2026-05-02,37,1,wk inc flu hosp,2026-05-09,quantile,0.3,7
2026-05-02,37,1,wk inc flu hosp,2026-05-09,quantile,0.35,8
2026-05-02,37,1,wk inc flu hosp,2026-05-09,quantile,0.4,9
2026-05-02,37,1,wk inc flu hosp,2026-05-09,quantile,0.45,11
2026-05-02,37,1,wk inc flu hosp,2026-05-09,quantile,0.5,13
2026-05-02,37,1,wk inc flu hosp,2026-05-09,quantile,0.55,15
2026-05-02,37,1,wk inc flu hosp,2026-05-09,quantile,0.6,17
2026-05-02,37,1,wk inc flu hosp,2026-05-09,quantile,0.65,19
2026-05-02,37,1,wk inc flu hosp,2026-05-09,quantile,0.7,20
2026-05-02,37,1,wk inc flu hosp,2026-05-09,quantile,0.75,21
2026-05-02,37,1,wk inc flu hosp,2026-05-09,quantile,0.8,24
2026-05-02,37,1,wk inc flu hosp,2026-05-09,quantile,0.85,27
2026-05-02,37,1,wk inc flu hosp,2026-05-09,quantile,0.9,33
2026-05-02,37,1,wk inc flu hosp,2026-05-09,quantile,0.95,44
2026-05-02,37,1,wk inc flu hosp,2026-05-09,quantile,0.975,53
2026-05-02,37,1,wk inc flu hosp,2026-05-09,quantile,0.99,78
2026-05-02,37,2,wk inc flu hosp,2026-05-16,quantile,0.01,0
2026-05-02,37,2,wk inc flu hosp,2026-05-16,quantile,0.025,0
2026-05-02,37,2,wk inc flu hosp,2026-05-16,quantile,0.05,0
2026-05-02,37,2,wk inc flu hosp,2026-05-16,quantile,0.1,1
2026-05-02,37,2,wk inc flu hosp,2026-05-16,quantile,0.15,2
2026-05-02,37,2,wk inc flu hosp,2026-05-16,quantile,0.2,4
2026-05-02,37,2,wk inc flu hosp,2026-05-16,quantile,0.25,5
2026-05-02,37,2,wk inc flu hosp,2026-05-16,quantile,0.3,7
2026-05-02,37,2,wk inc flu hosp,2026-05-16,quantile,0.35,8
2026-05-02,37,2,wk inc flu hosp,2026-05-16,quantile,0.4,10
2026-05-02,37,2,wk inc flu hosp,2026-05-16,quantile,0.45,11
2026-05-02,37,2,wk inc flu hosp,2026-05-16,quantile,0.5,12
2026-05-02,37,2,wk inc flu hosp,2026-05-16,quantile,0.55,14
2026-05-02,37,2,wk inc flu hosp,2026-05-16,quantile,0.6,15
2026-05-02,37,2,wk inc flu hosp,2026-05-16,quantile,0.65,16
2026-05-02,37,2,wk inc flu hosp,2026-05-16,quantile,0.7,18
2026-05-02,37,2,wk inc flu hosp,2026-05-16,quantile,0.75,19
2026-05-02,37,2,wk inc flu hosp,2026-05-16,quantile,0.8,22
2026-05-02,37,2,wk inc flu hosp,2026-05-16,quantile,0.85,26
2026-05-02,37,2,wk inc flu hosp,2026-05-16,quantile,0.9,33
2026-05-02,37,2,wk inc flu hosp,2026-05-16,quantile,0.95,45
2026-05-02,37,2,wk inc flu hosp,2026-05-16,quantile,0.975,57
2026-05-02,37,2,wk inc flu hosp,2026-05-16,quantile,0.99,89
2026-05-02,37,3,wk inc flu hosp,2026-05-23,quantile,0.01,0
2026-05-02,37,3,wk inc flu hosp,2026-05-23,quantile,0.025,0
2026-05-02,37,3,wk inc flu hosp,2026-05-23,quantile,0.05,0
2026-05-02,37,3,wk inc flu hosp,2026-05-23,quantile,0.1,1
2026-05-02,37,3,wk inc flu hosp,2026-05-23,quantile,0.15,2
2026-05-02,37,3,wk inc flu hosp,2026-05-23,quantile,0.2,3
2026-05-02,37,3,wk inc flu hosp,2026-05-23,quantile,0.25,4
2026-05-02,37,3,wk inc flu hosp,2026-05-23,quantile,0.3,6
2026-05-02,37,3,wk inc flu hosp,2026-05-23,quantile,0.35,7
2026-05-02,37,3,wk inc flu hosp,2026-05-23,quantile,0.4,7
2026-05-02,37,3,wk inc flu hosp,2026-05-23,quantile,0.45,8
2026-05-02,37,3,wk inc flu hosp,2026-05-23,quantile,0.5,10
2026-05-02,37,3,wk inc flu hosp,2026-05-23,quantile,0.55,12
2026-05-02,37,3,wk inc flu hosp,2026-05-23,quantile,0.6,13
2026-05-02,37,3,wk inc flu hosp,2026-05-23,quantile,0.65,15
2026-05-02,37,3,wk inc flu hosp,2026-05-23,quantile,0.7,17
2026-05-02,37,3,wk inc flu hosp,2026-05-23,quantile,0.75,19
2026-05-02,37,3,wk inc flu hosp,2026-05-23,quantile,0.8,21
2026-05-02,37,3,wk inc flu hosp,2026-05-23,quantile,0.85,25
2026-05-02,37,3,wk inc flu hosp,2026-05-23,quantile,0.9,33
2026-05-02,37,3,wk inc flu hosp,2026-05-23,quantile,0.95,52
2026-05-02,37,3,wk inc flu hosp,2026-05-23,quantile,0.975,66
2026-05-02,37,3,wk inc flu hosp,2026-05-23,quantile,0.99,102
2026-05-02,38,0,wk inc flu hosp,2026-05-02,quantile,0.01,0
2026-05-02,38,0,wk inc flu hosp,2026-05-02,quantile,0.025,0
2026-05-02,38,0,wk inc flu hosp,2026-05-02,quantile,0.05,0
2026-05-02,38,0,wk inc flu hosp,2026-05-02,quantile,0.1,0
2026-05-02,38,0,wk inc flu hosp,2026-05-02,quantile,0.15,1
2026-05-02,38,0,wk inc flu hosp,2026-05-02,quantile,0.2,1
2026-05-02,38,0,wk inc flu hosp,2026-05-02,quantile,0.25,1
2026-05-02,38,0,wk inc flu hosp,2026-05-02,quantile,0.3,1
2026-05-02,38,0,wk inc flu hosp,2026-05-02,quantile,0.35,2
2026-05-02,38,0,wk inc flu hosp,2026-05-02,quantile,0.4,2
2026-05-02,38,0,wk inc flu hosp,2026-05-02,quantile,0.45,2
2026-05-02,38,0,wk inc flu hosp,2026-05-02,quantile,0.5,3
2026-05-02,38,0,wk inc flu hosp,2026-05-02,quantile,0.55,3
2026-05-02,38,0,wk inc flu hosp,2026-05-02,quantile,0.6,4
2026-05-02,38,0,wk inc flu hosp,2026-05-02,quantile,0.65,4
2026-05-02,38,0,wk inc flu hosp,2026-05-02,quantile,0.7,5
2026-05-02,38,0,wk inc flu hosp,2026-05-02,quantile,0.75,5
2026-05-02,38,0,wk inc flu hosp,2026-05-02,quantile,0.8,6
2026-05-02,38,0,wk inc flu hosp,2026-05-02,quantile,0.85,7
2026-05-02,38,0,wk inc flu hosp,2026-05-02,quantile,0.9,8
2026-05-02,38,0,wk inc flu hosp,2026-05-02,quantile,0.95,10
2026-05-02,38,0,wk inc flu hosp,2026-05-02,quantile,0.975,12
2026-05-02,38,0,wk inc flu hosp,2026-05-02,quantile,0.99,15
2026-05-02,38,1,wk inc flu hosp,2026-05-09,quantile,0.01,0
2026-05-02,38,1,wk inc flu hosp,2026-05-09,quantile,0.025,0
2026-05-02,38,1,wk inc flu hosp,2026-05-09,quantile,0.05,0
2026-05-02,38,1,wk inc flu hosp,2026-05-09,quantile,0.1,0
2026-05-02,38,1,wk inc flu hosp,2026-05-09,quantile,0.15,0
2026-05-02,38,1,wk inc flu hosp,2026-05-09,quantile,0.2,0
2026-05-02,38,1,wk inc flu hosp,2026-05-09,quantile,0.25,1
2026-05-02,38,1,wk inc flu hosp,2026-05-09,quantile,0.3,1
2026-05-02,38,1,wk inc flu hosp,2026-05-09,quantile,0.35,1
2026-05-02,38,1,wk inc flu hosp,2026-05-09,quantile,0.4,1
2026-05-02,38,1,wk inc flu hosp,2026-05-09,quantile,0.45,2
2026-05-02,38,1,wk inc flu hosp,2026-05-09,quantile,0.5,2
2026-05-02,38,1,wk inc flu hosp,2026-05-09,quantile,0.55,3
2026-05-02,38,1,wk inc flu hosp,2026-05-09,quantile,0.6,3
2026-05-02,38,1,wk inc flu hosp,2026-05-09,quantile,0.65,3
2026-05-02,38,1,wk inc flu hosp,2026-05-09,quantile,0.7,4
2026-05-02,38,1,wk inc flu hosp,2026-05-09,quantile,0.75,5
2026-05-02,38,1,wk inc flu hosp,2026-05-09,quantile,0.8,5
2026-05-02,38,1,wk inc flu hosp,2026-05-09,quantile,0.85,6
2026-05-02,38,1,wk inc flu hosp,2026-05-09,quantile,0.9,7
2026-05-02,38,1,wk inc flu hosp,2026-05-09,quantile,0.95,10
2026-05-02,38,1,wk inc flu hosp,2026-05-09,quantile,0.975,12
2026-05-02,38,1,wk inc flu hosp,2026-05-09,quantile,0.99,14
2026-05-02,38,2,wk inc flu hosp,2026-05-16,quantile,0.01,0
2026-05-02,38,2,wk inc flu hosp,2026-05-16,quantile,0.025,0
2026-05-02,38,2,wk inc flu hosp,2026-05-16,quantile,0.05,0
2026-05-02,38,2,wk inc flu hosp,2026-05-16,quantile,0.1,0
2026-05-02,38,2,wk inc flu hosp,2026-05-16,quantile,0.15,0
2026-05-02,38,2,wk inc flu hosp,2026-05-16,quantile,0.2,0
2026-05-02,38,2,wk inc flu hosp,2026-05-16,quantile,0.25,0
2026-05-02,38,2,wk inc flu hosp,2026-05-16,quantile,0.3,0
2026-05-02,38,2,wk inc flu hosp,2026-05-16,quantile,0.35,1
2026-05-02,38,2,wk inc flu hosp,2026-05-16,quantile,0.4,1
2026-05-02,38,2,wk inc flu hosp,2026-05-16,quantile,0.45,1
2026-05-02,38,2,wk inc flu hosp,2026-05-16,quantile,0.5,2
2026-05-02,38,2,wk inc flu hosp,2026-05-16,quantile,0.55,2
2026-05-02,38,2,wk inc flu hosp,2026-05-16,quantile,0.6,3
2026-05-02,38,2,wk inc flu hosp,2026-05-16,quantile,0.65,3
2026-05-02,38,2,wk inc flu hosp,2026-05-16,quantile,0.7,4
2026-05-02,38,2,wk inc flu hosp,2026-05-16,quantile,0.75,4
2026-05-02,38,2,wk inc flu hosp,2026-05-16,quantile,0.8,5
2026-05-02,38,2,wk inc flu hosp,2026-05-16,quantile,0.85,6
2026-05-02,38,2,wk inc flu hosp,2026-05-16,quantile,0.9,7
2026-05-02,38,2,wk inc flu hosp,2026-05-16,quantile,0.95,9
2026-05-02,38,2,wk inc flu hosp,2026-05-16,quantile,0.975,13
2026-05-02,38,2,wk inc flu hosp,2026-05-16,quantile,0.99,15
2026-05-02,38,3,wk inc flu hosp,2026-05-23,quantile,0.01,0
2026-05-02,38,3,wk inc flu hosp,2026-05-23,quantile,0.025,0
2026-05-02,38,3,wk inc flu hosp,2026-05-23,quantile,0.05,0
2026-05-02,38,3,wk inc flu hosp,2026-05-23,quantile,0.1,0
2026-05-02,38,3,wk inc flu hosp,2026-05-23,quantile,0.15,0
2026-05-02,38,3,wk inc flu hosp,2026-05-23,quantile,0.2,0
2026-05-02,38,3,wk inc flu hosp,2026-05-23,quantile,0.25,0
2026-05-02,38,3,wk inc flu hosp,2026-05-23,quantile,0.3,1
2026-05-02,38,3,wk inc flu hosp,2026-05-23,quantile,0.35,1
2026-05-02,38,3,wk inc flu hosp,2026-05-23,quantile,0.4,1
2026-05-02,38,3,wk inc flu hosp,2026-05-23,quantile,0.45,1
2026-05-02,38,3,wk inc flu hosp,2026-05-23,quantile,0.5,2
2026-05-02,38,3,wk inc flu hosp,2026-05-23,quantile,0.55,2
2026-05-02,38,3,wk inc flu hosp,2026-05-23,quantile,0.6,2
2026-05-02,38,3,wk inc flu hosp,2026-05-23,quantile,0.65,3
2026-05-02,38,3,wk inc flu hosp,2026-05-23,quantile,0.7,3
2026-05-02,38,3,wk inc flu hosp,2026-05-23,quantile,0.75,4
2026-05-02,38,3,wk inc flu hosp,2026-05-23,quantile,0.8,4
2026-05-02,38,3,wk inc flu hosp,2026-05-23,quantile,0.85,6
2026-05-02,38,3,wk inc flu hosp,2026-05-23,quantile,0.9,7
2026-05-02,38,3,wk inc flu hosp,2026-05-23,quantile,0.95,9
2026-05-02,38,3,wk inc flu hosp,2026-05-23,quantile,0.975,11
2026-05-02,38,3,wk inc flu hosp,2026-05-23,quantile,0.99,15
2026-05-02,39,0,wk inc flu hosp,2026-05-02,quantile,0.01,5
2026-05-02,39,0,wk inc flu hosp,2026-05-02,quantile,0.025,7
2026-05-02,39,0,wk inc flu hosp,2026-05-02,quantile,0.05,8
2026-05-02,39,0,wk inc flu hosp,2026-05-02,quantile,0.1,10
2026-05-02,39,0,wk inc flu hosp,2026-05-02,quantile,0.15,12
2026-05-02,39,0,wk inc flu hosp,2026-05-02,quantile,0.2,13
2026-05-02,39,0,wk inc flu hosp,2026-05-02,quantile,0.25,15
2026-05-02,39,0,wk inc flu hosp,2026-05-02,quantile,0.3,18
2026-05-02,39,0,wk inc flu hosp,2026-05-02,quantile,0.35,21
2026-05-02,39,0,wk inc flu hosp,2026-05-02,quantile,0.4,24
2026-05-02,39,0,wk inc flu hosp,2026-05-02,quantile,0.45,26
2026-05-02,39,0,wk inc flu hosp,2026-05-02,quantile,0.5,28
2026-05-02,39,0,wk inc flu hosp,2026-05-02,quantile,0.55,30
2026-05-02,39,0,wk inc flu hosp,2026-05-02,quantile,0.6,33
2026-05-02,39,0,wk inc flu hosp,2026-05-02,quantile,0.65,37
2026-05-02,39,0,wk inc flu hosp,2026-05-02,quantile,0.7,39
2026-05-02,39,0,wk inc flu hosp,2026-05-02,quantile,0.75,42
2026-05-02,39,0,wk inc flu hosp,2026-05-02,quantile,0.8,47
2026-05-02,39,0,wk inc flu hosp,2026-05-02,quantile,0.85,51
2026-05-02,39,0,wk inc flu hosp,2026-05-02,quantile,0.9,58
2026-05-02,39,0,wk inc flu hosp,2026-05-02,quantile,0.95,68
2026-05-02,39,0,wk inc flu hosp,2026-05-02,quantile,0.975,78
2026-05-02,39,0,wk inc flu hosp,2026-05-02,quantile,0.99,102
2026-05-02,39,1,wk inc flu hosp,2026-05-09,quantile,0.01,2
2026-05-02,39,1,wk inc flu hosp,2026-05-09,quantile,0.025,4
2026-05-02,39,1,wk inc flu hosp,2026-05-09,quantile,0.05,5
2026-05-02,39,1,wk inc flu hosp,2026-05-09,quantile,0.1,7
2026-05-02,39,1,wk inc flu hosp,2026-05-09,quantile,0.15,10
2026-05-02,39,1,wk inc flu hosp,2026-05-09,quantile,0.2,11
2026-05-02,39,1,wk inc flu hosp,2026-05-09,quantile,0.25,13
2026-05-02,39,1,wk inc flu hosp,2026-05-09,quantile,0.3,15
2026-05-02,39,1,wk inc flu hosp,2026-05-09,quantile,0.35,17
2026-05-02,39,1,wk inc flu hosp,2026-05-09,quantile,0.4,17
2026-05-02,39,1,wk inc flu hosp,2026-05-09,quantile,0.45,19
2026-05-02,39,1,wk inc flu hosp,2026-05-09,quantile,0.5,23
2026-05-02,39,1,wk inc flu hosp,2026-05-09,quantile,0.55,24
2026-05-02,39,1,wk inc flu hosp,2026-05-09,quantile,0.6,28
2026-05-02,39,1,wk inc flu hosp,2026-05-09,quantile,0.65,31
2026-05-02,39,1,wk inc flu hosp,2026-05-09,quantile,0.7,34
2026-05-02,39,1,wk inc flu hosp,2026-05-09,quantile,0.75,37
2026-05-02,39,1,wk inc flu hosp,2026-05-09,quantile,0.8,40
2026-05-02,39,1,wk inc flu hosp,2026-05-09,quantile,0.85,46
2026-05-02,39,1,wk inc flu hosp,2026-05-09,quantile,0.9,53
2026-05-02,39,1,wk inc flu hosp,2026-05-09,quantile,0.95,71
2026-05-02,39,1,wk inc flu hosp,2026-05-09,quantile,0.975,88
2026-05-02,39,1,wk inc flu hosp,2026-05-09,quantile,0.99,113
2026-05-02,39,2,wk inc flu hosp,2026-05-16,quantile,0.01,1
2026-05-02,39,2,wk inc flu hosp,2026-05-16,quantile,0.025,2
2026-05-02,39,2,wk inc flu hosp,2026-05-16,quantile,0.05,3
2026-05-02,39,2,wk inc flu hosp,2026-05-16,quantile,0.1,5
2026-05-02,39,2,wk inc flu hosp,2026-05-16,quantile,0.15,7
2026-05-02,39,2,wk inc flu hosp,2026-05-16,quantile,0.2,9
2026-05-02,39,2,wk inc flu hosp,2026-05-16,quantile,0.25,10
2026-05-02,39,2,wk inc flu hosp,2026-05-16,quantile,0.3,11
2026-05-02,39,2,wk inc flu hosp,2026-05-16,quantile,0.35,13
2026-05-02,39,2,wk inc flu hosp,2026-05-16,quantile,0.4,13
2026-05-02,39,2,wk inc flu hosp,2026-05-16,quantile,0.45,15
2026-05-02,39,2,wk inc flu hosp,2026-05-16,quantile,0.5,19
2026-05-02,39,2,wk inc flu hosp,2026-05-16,quantile,0.55,22
2026-05-02,39,2,wk inc flu hosp,2026-05-16,quantile,0.6,26
2026-05-02,39,2,wk inc flu hosp,2026-05-16,quantile,0.65,27
2026-05-02,39,2,wk inc flu hosp,2026-05-16,quantile,0.7,31
2026-05-02,39,2,wk inc flu hosp,2026-05-16,quantile,0.75,34
2026-05-02,39,2,wk inc flu hosp,2026-05-16,quantile,0.8,37
2026-05-02,39,2,wk inc flu hosp,2026-05-16,quantile,0.85,43
2026-05-02,39,2,wk inc flu hosp,2026-05-16,quantile,0.9,52
2026-05-02,39,2,wk inc flu hosp,2026-05-16,quantile,0.95,67
2026-05-02,39,2,wk inc flu hosp,2026-05-16,quantile,0.975,89
2026-05-02,39,2,wk inc flu hosp,2026-05-16,quantile,0.99,116
2026-05-02,39,3,wk inc flu hosp,2026-05-23,quantile,0.01,0
2026-05-02,39,3,wk inc flu hosp,2026-05-23,quantile,0.025,1
2026-05-02,39,3,wk inc flu hosp,2026-05-23,quantile,0.05,2
2026-05-02,39,3,wk inc flu hosp,2026-05-23,quantile,0.1,3
2026-05-02,39,3,wk inc flu hosp,2026-05-23,quantile,0.15,5
2026-05-02,39,3,wk inc flu hosp,2026-05-23,quantile,0.2,7
2026-05-02,39,3,wk inc flu hosp,2026-05-23,quantile,0.25,9
2026-05-02,39,3,wk inc flu hosp,2026-05-23,quantile,0.3,9
2026-05-02,39,3,wk inc flu hosp,2026-05-23,quantile,0.35,10
2026-05-02,39,3,wk inc flu hosp,2026-05-23,quantile,0.4,12
2026-05-02,39,3,wk inc flu hosp,2026-05-23,quantile,0.45,13
2026-05-02,39,3,wk inc flu hosp,2026-05-23,quantile,0.5,16
2026-05-02,39,3,wk inc flu hosp,2026-05-23,quantile,0.55,18
2026-05-02,39,3,wk inc flu hosp,2026-05-23,quantile,0.6,20
2026-05-02,39,3,wk inc flu hosp,2026-05-23,quantile,0.65,25
2026-05-02,39,3,wk inc flu hosp,2026-05-23,quantile,0.7,28
2026-05-02,39,3,wk inc flu hosp,2026-05-23,quantile,0.75,30
2026-05-02,39,3,wk inc flu hosp,2026-05-23,quantile,0.8,35
2026-05-02,39,3,wk inc flu hosp,2026-05-23,quantile,0.85,44
2026-05-02,39,3,wk inc flu hosp,2026-05-23,quantile,0.9,53
2026-05-02,39,3,wk inc flu hosp,2026-05-23,quantile,0.95,72
2026-05-02,39,3,wk inc flu hosp,2026-05-23,quantile,0.975,92
2026-05-02,39,3,wk inc flu hosp,2026-05-23,quantile,0.99,117
2026-05-02,40,0,wk inc flu hosp,2026-05-02,quantile,0.01,0
2026-05-02,40,0,wk inc flu hosp,2026-05-02,quantile,0.025,0
2026-05-02,40,0,wk inc flu hosp,2026-05-02,quantile,0.05,1
2026-05-02,40,0,wk inc flu hosp,2026-05-02,quantile,0.1,2
2026-05-02,40,0,wk inc flu hosp,2026-05-02,quantile,0.15,3
2026-05-02,40,0,wk inc flu hosp,2026-05-02,quantile,0.2,3
2026-05-02,40,0,wk inc flu hosp,2026-05-02,quantile,0.25,4
2026-05-02,40,0,wk inc flu hosp,2026-05-02,quantile,0.3,5
2026-05-02,40,0,wk inc flu hosp,2026-05-02,quantile,0.35,5
2026-05-02,40,0,wk inc flu hosp,2026-05-02,quantile,0.4,5
2026-05-02,40,0,wk inc flu hosp,2026-05-02,quantile,0.45,6
2026-05-02,40,0,wk inc flu hosp,2026-05-02,quantile,0.5,7
2026-05-02,40,0,wk inc flu hosp,2026-05-02,quantile,0.55,9
2026-05-02,40,0,wk inc flu hosp,2026-05-02,quantile,0.6,10
2026-05-02,40,0,wk inc flu hosp,2026-05-02,quantile,0.65,11
2026-05-02,40,0,wk inc flu hosp,2026-05-02,quantile,0.7,12
2026-05-02,40,0,wk inc flu hosp,2026-05-02,quantile,0.75,13
2026-05-02,40,0,wk inc flu hosp,2026-05-02,quantile,0.8,14
2026-05-02,40,0,wk inc flu hosp,2026-05-02,quantile,0.85,15
2026-05-02,40,0,wk inc flu hosp,2026-05-02,quantile,0.9,17
2026-05-02,40,0,wk inc flu hosp,2026-05-02,quantile,0.95,22
2026-05-02,40,0,wk inc flu hosp,2026-05-02,quantile,0.975,26
2026-05-02,40,0,wk inc flu hosp,2026-05-02,quantile,0.99,32
2026-05-02,40,1,wk inc flu hosp,2026-05-09,quantile,0.01,0
2026-05-02,40,1,wk inc flu hosp,2026-05-09,quantile,0.025,0
2026-05-02,40,1,wk inc flu hosp,2026-05-09,quantile,0.05,0
2026-05-02,40,1,wk inc flu hosp,2026-05-09,quantile,0.1,1
2026-05-02,40,1,wk inc flu hosp,2026-05-09,quantile,0.15,1
2026-05-02,40,1,wk inc flu hosp,2026-05-09,quantile,0.2,2
2026-05-02,40,1,wk inc flu hosp,2026-05-09,quantile,0.25,3
2026-05-02,40,1,wk inc flu hosp,2026-05-09,quantile,0.3,4
2026-05-02,40,1,wk inc flu hosp,2026-05-09,quantile,0.35,5
2026-05-02,40,1,wk inc flu hosp,2026-05-09,quantile,0.4,5
2026-05-02,40,1,wk inc flu hosp,2026-05-09,quantile,0.45,6
2026-05-02,40,1,wk inc flu hosp,2026-05-09,quantile,0.5,7
2026-05-02,40,1,wk inc flu hosp,2026-05-09,quantile,0.55,8
2026-05-02,40,1,wk inc flu hosp,2026-05-09,quantile,0.6,10
2026-05-02,40,1,wk inc flu hosp,2026-05-09,quantile,0.65,11
2026-05-02,40,1,wk inc flu hosp,2026-05-09,quantile,0.7,12
2026-05-02,40,1,wk inc flu hosp,2026-05-09,quantile,0.75,13
2026-05-02,40,1,wk inc flu hosp,2026-05-09,quantile,0.8,15
2026-05-02,40,1,wk inc flu hosp,2026-05-09,quantile,0.85,16
2026-05-02,40,1,wk inc flu hosp,2026-05-09,quantile,0.9,18
2026-05-02,40,1,wk inc flu hosp,2026-05-09,quantile,0.95,23
2026-05-02,40,1,wk inc flu hosp,2026-05-09,quantile,0.975,29
2026-05-02,40,1,wk inc flu hosp,2026-05-09,quantile,0.99,37
2026-05-02,40,2,wk inc flu hosp,2026-05-16,quantile,0.01,0
2026-05-02,40,2,wk inc flu hosp,2026-05-16,quantile,0.025,0
2026-05-02,40,2,wk inc flu hosp,2026-05-16,quantile,0.05,0
2026-05-02,40,2,wk inc flu hosp,2026-05-16,quantile,0.1,0
2026-05-02,40,2,wk inc flu hosp,2026-05-16,quantile,0.15,1
2026-05-02,40,2,wk inc flu hosp,2026-05-16,quantile,0.2,2
2026-05-02,40,2,wk inc flu hosp,2026-05-16,quantile,0.25,2
2026-05-02,40,2,wk inc flu hosp,2026-05-16,quantile,0.3,3
2026-05-02,40,2,wk inc flu hosp,2026-05-16,quantile,0.35,4
2026-05-02,40,2,wk inc flu hosp,2026-05-16,quantile,0.4,4
2026-05-02,40,2,wk inc flu hosp,2026-05-16,quantile,0.45,5
2026-05-02,40,2,wk inc flu hosp,2026-05-16,quantile,0.5,6
2026-05-02,40,2,wk inc flu hosp,2026-05-16,quantile,0.55,7
2026-05-02,40,2,wk inc flu hosp,2026-05-16,quantile,0.6,8
2026-05-02,40,2,wk inc flu hosp,2026-05-16,quantile,0.65,9
2026-05-02,40,2,wk inc flu hosp,2026-05-16,quantile,0.7,11
2026-05-02,40,2,wk inc flu hosp,2026-05-16,quantile,0.75,13
2026-05-02,40,2,wk inc flu hosp,2026-05-16,quantile,0.8,14
2026-05-02,40,2,wk inc flu hosp,2026-05-16,quantile,0.85,17
2026-05-02,40,2,wk inc flu hosp,2026-05-16,quantile,0.9,21
2026-05-02,40,2,wk inc flu hosp,2026-05-16,quantile,0.95,25
2026-05-02,40,2,wk inc flu hosp,2026-05-16,quantile,0.975,31
2026-05-02,40,2,wk inc flu hosp,2026-05-16,quantile,0.99,43
2026-05-02,40,3,wk inc flu hosp,2026-05-23,quantile,0.01,0
2026-05-02,40,3,wk inc flu hosp,2026-05-23,quantile,0.025,0
2026-05-02,40,3,wk inc flu hosp,2026-05-23,quantile,0.05,0
2026-05-02,40,3,wk inc flu hosp,2026-05-23,quantile,0.1,0
2026-05-02,40,3,wk inc flu hosp,2026-05-23,quantile,0.15,0
2026-05-02,40,3,wk inc flu hosp,2026-05-23,quantile,0.2,1
2026-05-02,40,3,wk inc flu hosp,2026-05-23,quantile,0.25,1
2026-05-02,40,3,wk inc flu hosp,2026-05-23,quantile,0.3,2
2026-05-02,40,3,wk inc flu hosp,2026-05-23,quantile,0.35,2
2026-05-02,40,3,wk inc flu hosp,2026-05-23,quantile,0.4,3
2026-05-02,40,3,wk inc flu hosp,2026-05-23,quantile,0.45,4
2026-05-02,40,3,wk inc flu hosp,2026-05-23,quantile,0.5,5
2026-05-02,40,3,wk inc flu hosp,2026-05-23,quantile,0.55,6
2026-05-02,40,3,wk inc flu hosp,2026-05-23,quantile,0.6,7
2026-05-02,40,3,wk inc flu hosp,2026-05-23,quantile,0.65,7
2026-05-02,40,3,wk inc flu hosp,2026-05-23,quantile,0.7,9
2026-05-02,40,3,wk inc flu hosp,2026-05-23,quantile,0.75,9
2026-05-02,40,3,wk inc flu hosp,2026-05-23,quantile,0.8,12
2026-05-02,40,3,wk inc flu hosp,2026-05-23,quantile,0.85,14
2026-05-02,40,3,wk inc flu hosp,2026-05-23,quantile,0.9,20
2026-05-02,40,3,wk inc flu hosp,2026-05-23,quantile,0.95,26
2026-05-02,40,3,wk inc flu hosp,2026-05-23,quantile,0.975,35
2026-05-02,40,3,wk inc flu hosp,2026-05-23,quantile,0.99,43
2026-05-02,41,0,wk inc flu hosp,2026-05-02,quantile,0.01,0
2026-05-02,41,0,wk inc flu hosp,2026-05-02,quantile,0.025,1
2026-05-02,41,0,wk inc flu hosp,2026-05-02,quantile,0.05,1
2026-05-02,41,0,wk inc flu hosp,2026-05-02,quantile,0.1,2
2026-05-02,41,0,wk inc flu hosp,2026-05-02,quantile,0.15,3
2026-05-02,41,0,wk inc flu hosp,2026-05-02,quantile,0.2,3
2026-05-02,41,0,wk inc flu hosp,2026-05-02,quantile,0.25,4
2026-05-02,41,0,wk inc flu hosp,2026-05-02,quantile,0.3,5
2026-05-02,41,0,wk inc flu hosp,2026-05-02,quantile,0.35,5
2026-05-02,41,0,wk inc flu hosp,2026-05-02,quantile,0.4,6
2026-05-02,41,0,wk inc flu hosp,2026-05-02,quantile,0.45,7
2026-05-02,41,0,wk inc flu hosp,2026-05-02,quantile,0.5,8
2026-05-02,41,0,wk inc flu hosp,2026-05-02,quantile,0.55,9
2026-05-02,41,0,wk inc flu hosp,2026-05-02,quantile,0.6,9
2026-05-02,41,0,wk inc flu hosp,2026-05-02,quantile,0.65,10
2026-05-02,41,0,wk inc flu hosp,2026-05-02,quantile,0.7,10
2026-05-02,41,0,wk inc flu hosp,2026-05-02,quantile,0.75,12
2026-05-02,41,0,wk inc flu hosp,2026-05-02,quantile,0.8,13
2026-05-02,41,0,wk inc flu hosp,2026-05-02,quantile,0.85,15
2026-05-02,41,0,wk inc flu hosp,2026-05-02,quantile,0.9,17
2026-05-02,41,0,wk inc flu hosp,2026-05-02,quantile,0.95,20
2026-05-02,41,0,wk inc flu hosp,2026-05-02,quantile,0.975,24
2026-05-02,41,0,wk inc flu hosp,2026-05-02,quantile,0.99,28
2026-05-02,41,1,wk inc flu hosp,2026-05-09,quantile,0.01,0
2026-05-02,41,1,wk inc flu hosp,2026-05-09,quantile,0.025,0
2026-05-02,41,1,wk inc flu hosp,2026-05-09,quantile,0.05,0
2026-05-02,41,1,wk inc flu hosp,2026-05-09,quantile,0.1,1
2026-05-02,41,1,wk inc flu hosp,2026-05-09,quantile,0.15,2
2026-05-02,41,1,wk inc flu hosp,2026-05-09,quantile,0.2,2
2026-05-02,41,1,wk inc flu hosp,2026-05-09,quantile,0.25,3
2026-05-02,41,1,wk inc flu hosp,2026-05-09,quantile,0.3,4
2026-05-02,41,1,wk inc flu hosp,2026-05-09,quantile,0.35,4
2026-05-02,41,1,wk inc flu hosp,2026-05-09,quantile,0.4,5
2026-05-02,41,1,wk inc flu hosp,2026-05-09,quantile,0.45,5
2026-05-02,41,1,wk inc flu hosp,2026-05-09,quantile,0.5,6
2026-05-02,41,1,wk inc flu hosp,2026-05-09,quantile,0.55,8
2026-05-02,41,1,wk inc flu hosp,2026-05-09,quantile,0.6,8
2026-05-02,41,1,wk inc flu hosp,2026-05-09,quantile,0.65,9
2026-05-02,41,1,wk inc flu hosp,2026-05-09,quantile,0.7,10
2026-05-02,41,1,wk inc flu hosp,2026-05-09,quantile,0.75,10
2026-05-02,41,1,wk inc flu hosp,2026-05-09,quantile,0.8,11
2026-05-02,41,1,wk inc flu hosp,2026-05-09,quantile,0.85,13
2026-05-02,41,1,wk inc flu hosp,2026-05-09,quantile,0.9,15
2026-05-02,41,1,wk inc flu hosp,2026-05-09,quantile,0.95,19
2026-05-02,41,1,wk inc flu hosp,2026-05-09,quantile,0.975,25
2026-05-02,41,1,wk inc flu hosp,2026-05-09,quantile,0.99,32
2026-05-02,41,2,wk inc flu hosp,2026-05-16,quantile,0.01,0
2026-05-02,41,2,wk inc flu hosp,2026-05-16,quantile,0.025,0
2026-05-02,41,2,wk inc flu hosp,2026-05-16,quantile,0.05,0
2026-05-02,41,2,wk inc flu hosp,2026-05-16,quantile,0.1,1
2026-05-02,41,2,wk inc flu hosp,2026-05-16,quantile,0.15,1
2026-05-02,41,2,wk inc flu hosp,2026-05-16,quantile,0.2,2
2026-05-02,41,2,wk inc flu hosp,2026-05-16,quantile,0.25,2
2026-05-02,41,2,wk inc flu hosp,2026-05-16,quantile,0.3,2
2026-05-02,41,2,wk inc flu hosp,2026-05-16,quantile,0.35,3
2026-05-02,41,2,wk inc flu hosp,2026-05-16,quantile,0.4,4
2026-05-02,41,2,wk inc flu hosp,2026-05-16,quantile,0.45,4
2026-05-02,41,2,wk inc flu hosp,2026-05-16,quantile,0.5,5
2026-05-02,41,2,wk inc flu hosp,2026-05-16,quantile,0.55,6
2026-05-02,41,2,wk inc flu hosp,2026-05-16,quantile,0.6,7
2026-05-02,41,2,wk inc flu hosp,2026-05-16,quantile,0.65,8
2026-05-02,41,2,wk inc flu hosp,2026-05-16,quantile,0.7,9
2026-05-02,41,2,wk inc flu hosp,2026-05-16,quantile,0.75,9
2026-05-02,41,2,wk inc flu hosp,2026-05-16,quantile,0.8,10
2026-05-02,41,2,wk inc flu hosp,2026-05-16,quantile,0.85,12
2026-05-02,41,2,wk inc flu hosp,2026-05-16,quantile,0.9,15
2026-05-02,41,2,wk inc flu hosp,2026-05-16,quantile,0.95,20
2026-05-02,41,2,wk inc flu hosp,2026-05-16,quantile,0.975,26
2026-05-02,41,2,wk inc flu hosp,2026-05-16,quantile,0.99,35
2026-05-02,41,3,wk inc flu hosp,2026-05-23,quantile,0.01,0
2026-05-02,41,3,wk inc flu hosp,2026-05-23,quantile,0.025,0
2026-05-02,41,3,wk inc flu hosp,2026-05-23,quantile,0.05,0
2026-05-02,41,3,wk inc flu hosp,2026-05-23,quantile,0.1,0
2026-05-02,41,3,wk inc flu hosp,2026-05-23,quantile,0.15,1
2026-05-02,41,3,wk inc flu hosp,2026-05-23,quantile,0.2,1
2026-05-02,41,3,wk inc flu hosp,2026-05-23,quantile,0.25,2
2026-05-02,41,3,wk inc flu hosp,2026-05-23,quantile,0.3,2
2026-05-02,41,3,wk inc flu hosp,2026-05-23,quantile,0.35,3
2026-05-02,41,3,wk inc flu hosp,2026-05-23,quantile,0.4,3
2026-05-02,41,3,wk inc flu hosp,2026-05-23,quantile,0.45,3
2026-05-02,41,3,wk inc flu hosp,2026-05-23,quantile,0.5,5
2026-05-02,41,3,wk inc flu hosp,2026-05-23,quantile,0.55,6
2026-05-02,41,3,wk inc flu hosp,2026-05-23,quantile,0.6,6
2026-05-02,41,3,wk inc flu hosp,2026-05-23,quantile,0.65,7
2026-05-02,41,3,wk inc flu hosp,2026-05-23,quantile,0.7,8
2026-05-02,41,3,wk inc flu hosp,2026-05-23,quantile,0.75,8
2026-05-02,41,3,wk inc flu hosp,2026-05-23,quantile,0.8,10
2026-05-02,41,3,wk inc flu hosp,2026-05-23,quantile,0.85,11
2026-05-02,41,3,wk inc flu hosp,2026-05-23,quantile,0.9,14
2026-05-02,41,3,wk inc flu hosp,2026-05-23,quantile,0.95,20
2026-05-02,41,3,wk inc flu hosp,2026-05-23,quantile,0.975,30
2026-05-02,41,3,wk inc flu hosp,2026-05-23,quantile,0.99,41
2026-05-02,42,0,wk inc flu hosp,2026-05-02,quantile,0.01,18
2026-05-02,42,0,wk inc flu hosp,2026-05-02,quantile,0.025,23
2026-05-02,42,0,wk inc flu hosp,2026-05-02,quantile,0.05,27
2026-05-02,42,0,wk inc flu hosp,2026-05-02,quantile,0.1,35
2026-05-02,42,0,wk inc flu hosp,2026-05-02,quantile,0.15,42
2026-05-02,42,0,wk inc flu hosp,2026-05-02,quantile,0.2,50
2026-05-02,42,0,wk inc flu hosp,2026-05-02,quantile,0.25,56
2026-05-02,42,0,wk inc flu hosp,2026-05-02,quantile,0.3,61
2026-05-02,42,0,wk inc flu hosp,2026-05-02,quantile,0.35,64
2026-05-02,42,0,wk inc flu hosp,2026-05-02,quantile,0.4,67
2026-05-02,42,0,wk inc flu hosp,2026-05-02,quantile,0.45,71
2026-05-02,42,0,wk inc flu hosp,2026-05-02,quantile,0.5,78
2026-05-02,42,0,wk inc flu hosp,2026-05-02,quantile,0.55,84
2026-05-02,42,0,wk inc flu hosp,2026-05-02,quantile,0.6,91
2026-05-02,42,0,wk inc flu hosp,2026-05-02,quantile,0.65,98
2026-05-02,42,0,wk inc flu hosp,2026-05-02,quantile,0.7,107
2026-05-02,42,0,wk inc flu hosp,2026-05-02,quantile,0.75,115
2026-05-02,42,0,wk inc flu hosp,2026-05-02,quantile,0.8,125
2026-05-02,42,0,wk inc flu hosp,2026-05-02,quantile,0.85,139
2026-05-02,42,0,wk inc flu hosp,2026-05-02,quantile,0.9,151
2026-05-02,42,0,wk inc flu hosp,2026-05-02,quantile,0.95,173
2026-05-02,42,0,wk inc flu hosp,2026-05-02,quantile,0.975,196
2026-05-02,42,0,wk inc flu hosp,2026-05-02,quantile,0.99,248
2026-05-02,42,1,wk inc flu hosp,2026-05-09,quantile,0.01,3
2026-05-02,42,1,wk inc flu hosp,2026-05-09,quantile,0.025,5
2026-05-02,42,1,wk inc flu hosp,2026-05-09,quantile,0.05,8
2026-05-02,42,1,wk inc flu hosp,2026-05-09,quantile,0.1,14
2026-05-02,42,1,wk inc flu hosp,2026-05-09,quantile,0.15,21
2026-05-02,42,1,wk inc flu hosp,2026-05-09,quantile,0.2,28
2026-05-02,42,1,wk inc flu hosp,2026-05-09,quantile,0.25,35
2026-05-02,42,1,wk inc flu hosp,2026-05-09,quantile,0.3,41
2026-05-02,42,1,wk inc flu hosp,2026-05-09,quantile,0.35,46
2026-05-02,42,1,wk inc flu hosp,2026-05-09,quantile,0.4,54
2026-05-02,42,1,wk inc flu hosp,2026-05-09,quantile,0.45,58
2026-05-02,42,1,wk inc flu hosp,2026-05-09,quantile,0.5,62
2026-05-02,42,1,wk inc flu hosp,2026-05-09,quantile,0.55,67
2026-05-02,42,1,wk inc flu hosp,2026-05-09,quantile,0.6,74
2026-05-02,42,1,wk inc flu hosp,2026-05-09,quantile,0.65,79
2026-05-02,42,1,wk inc flu hosp,2026-05-09,quantile,0.7,83
2026-05-02,42,1,wk inc flu hosp,2026-05-09,quantile,0.75,96
2026-05-02,42,1,wk inc flu hosp,2026-05-09,quantile,0.8,107
2026-05-02,42,1,wk inc flu hosp,2026-05-09,quantile,0.85,123
2026-05-02,42,1,wk inc flu hosp,2026-05-09,quantile,0.9,142
2026-05-02,42,1,wk inc flu hosp,2026-05-09,quantile,0.95,173
2026-05-02,42,1,wk inc flu hosp,2026-05-09,quantile,0.975,211
2026-05-02,42,1,wk inc flu hosp,2026-05-09,quantile,0.99,258
2026-05-02,42,2,wk inc flu hosp,2026-05-16,quantile,0.01,1
2026-05-02,42,2,wk inc flu hosp,2026-05-16,quantile,0.025,3
2026-05-02,42,2,wk inc flu hosp,2026-05-16,quantile,0.05,7
2026-05-02,42,2,wk inc flu hosp,2026-05-16,quantile,0.1,13
2026-05-02,42,2,wk inc flu hosp,2026-05-16,quantile,0.15,20
2026-05-02,42,2,wk inc flu hosp,2026-05-16,quantile,0.2,25
2026-05-02,42,2,wk inc flu hosp,2026-05-16,quantile,0.25,32
2026-05-02,42,2,wk inc flu hosp,2026-05-16,quantile,0.3,39
2026-05-02,42,2,wk inc flu hosp,2026-05-16,quantile,0.35,45
2026-05-02,42,2,wk inc flu hosp,2026-05-16,quantile,0.4,49
2026-05-02,42,2,wk inc flu hosp,2026-05-16,quantile,0.45,55
2026-05-02,42,2,wk inc flu hosp,2026-05-16,quantile,0.5,57
2026-05-02,42,2,wk inc flu hosp,2026-05-16,quantile,0.55,64
2026-05-02,42,2,wk inc flu hosp,2026-05-16,quantile,0.6,70
2026-05-02,42,2,wk inc flu hosp,2026-05-16,quantile,0.65,74
2026-05-02,42,2,wk inc flu hosp,2026-05-16,quantile,0.7,79
2026-05-02,42,2,wk inc flu hosp,2026-05-16,quantile,0.75,92
2026-05-02,42,2,wk inc flu hosp,2026-05-16,quantile,0.8,111
2026-05-02,42,2,wk inc flu hosp,2026-05-16,quantile,0.85,133
2026-05-02,42,2,wk inc flu hosp,2026-05-16,quantile,0.9,163
2026-05-02,42,2,wk inc flu hosp,2026-05-16,quantile,0.95,208
2026-05-02,42,2,wk inc flu hosp,2026-05-16,quantile,0.975,243
2026-05-02,42,2,wk inc flu hosp,2026-05-16,quantile,0.99,295
2026-05-02,42,3,wk inc flu hosp,2026-05-23,quantile,0.01,0
2026-05-02,42,3,wk inc flu hosp,2026-05-23,quantile,0.025,1
2026-05-02,42,3,wk inc flu hosp,2026-05-23,quantile,0.05,2
2026-05-02,42,3,wk inc flu hosp,2026-05-23,quantile,0.1,4
2026-05-02,42,3,wk inc flu hosp,2026-05-23,quantile,0.15,8
2026-05-02,42,3,wk inc flu hosp,2026-05-23,quantile,0.2,14
2026-05-02,42,3,wk inc flu hosp,2026-05-23,quantile,0.25,18
2026-05-02,42,3,wk inc flu hosp,2026-05-23,quantile,0.3,26
2026-05-02,42,3,wk inc flu hosp,2026-05-23,quantile,0.35,31
2026-05-02,42,3,wk inc flu hosp,2026-05-23,quantile,0.4,37
2026-05-02,42,3,wk inc flu hosp,2026-05-23,quantile,0.45,43
2026-05-02,42,3,wk inc flu hosp,2026-05-23,quantile,0.5,50
2026-05-02,42,3,wk inc flu hosp,2026-05-23,quantile,0.55,59
2026-05-02,42,3,wk inc flu hosp,2026-05-23,quantile,0.6,66
2026-05-02,42,3,wk inc flu hosp,2026-05-23,quantile,0.65,73
2026-05-02,42,3,wk inc flu hosp,2026-05-23,quantile,0.7,80
2026-05-02,42,3,wk inc flu hosp,2026-05-23,quantile,0.75,87
2026-05-02,42,3,wk inc flu hosp,2026-05-23,quantile,0.8,101
2026-05-02,42,3,wk inc flu hosp,2026-05-23,quantile,0.85,118
2026-05-02,42,3,wk inc flu hosp,2026-05-23,quantile,0.9,141
2026-05-02,42,3,wk inc flu hosp,2026-05-23,quantile,0.95,164
2026-05-02,42,3,wk inc flu hosp,2026-05-23,quantile,0.975,206
2026-05-02,42,3,wk inc flu hosp,2026-05-23,quantile,0.99,255
2026-05-02,44,0,wk inc flu hosp,2026-05-02,quantile,0.01,0
2026-05-02,44,0,wk inc flu hosp,2026-05-02,quantile,0.025,0
2026-05-02,44,0,wk inc flu hosp,2026-05-02,quantile,0.05,0
2026-05-02,44,0,wk inc flu hosp,2026-05-02,quantile,0.1,0
2026-05-02,44,0,wk inc flu hosp,2026-05-02,quantile,0.15,1
2026-05-02,44,0,wk inc flu hosp,2026-05-02,quantile,0.2,1
2026-05-02,44,0,wk inc flu hosp,2026-05-02,quantile,0.25,1
2026-05-02,44,0,wk inc flu hosp,2026-05-02,quantile,0.3,2
2026-05-02,44,0,wk inc flu hosp,2026-05-02,quantile,0.35,2
2026-05-02,44,0,wk inc flu hosp,2026-05-02,quantile,0.4,2
2026-05-02,44,0,wk inc flu hosp,2026-05-02,quantile,0.45,3
2026-05-02,44,0,wk inc flu hosp,2026-05-02,quantile,0.5,3
2026-05-02,44,0,wk inc flu hosp,2026-05-02,quantile,0.55,4
2026-05-02,44,0,wk inc flu hosp,2026-05-02,quantile,0.6,5
2026-05-02,44,0,wk inc flu hosp,2026-05-02,quantile,0.65,5
2026-05-02,44,0,wk inc flu hosp,2026-05-02,quantile,0.7,5
2026-05-02,44,0,wk inc flu hosp,2026-05-02,quantile,0.75,6
2026-05-02,44,0,wk inc flu hosp,2026-05-02,quantile,0.8,7
2026-05-02,44,0,wk inc flu hosp,2026-05-02,quantile,0.85,7
2026-05-02,44,0,wk inc flu hosp,2026-05-02,quantile,0.9,9
2026-05-02,44,0,wk inc flu hosp,2026-05-02,quantile,0.95,11
2026-05-02,44,0,wk inc flu hosp,2026-05-02,quantile,0.975,13
2026-05-02,44,0,wk inc flu hosp,2026-05-02,quantile,0.99,16
2026-05-02,44,1,wk inc flu hosp,2026-05-09,quantile,0.01,0
2026-05-02,44,1,wk inc flu hosp,2026-05-09,quantile,0.025,0
2026-05-02,44,1,wk inc flu hosp,2026-05-09,quantile,0.05,0
2026-05-02,44,1,wk inc flu hosp,2026-05-09,quantile,0.1,0
2026-05-02,44,1,wk inc flu hosp,2026-05-09,quantile,0.15,0
2026-05-02,44,1,wk inc flu hosp,2026-05-09,quantile,0.2,0
2026-05-02,44,1,wk inc flu hosp,2026-05-09,quantile,0.25,1
2026-05-02,44,1,wk inc flu hosp,2026-05-09,quantile,0.3,1
2026-05-02,44,1,wk inc flu hosp,2026-05-09,quantile,0.35,1
2026-05-02,44,1,wk inc flu hosp,2026-05-09,quantile,0.4,2
2026-05-02,44,1,wk inc flu hosp,2026-05-09,quantile,0.45,2
2026-05-02,44,1,wk inc flu hosp,2026-05-09,quantile,0.5,3
2026-05-02,44,1,wk inc flu hosp,2026-05-09,quantile,0.55,4
2026-05-02,44,1,wk inc flu hosp,2026-05-09,quantile,0.6,4
2026-05-02,44,1,wk inc flu hosp,2026-05-09,quantile,0.65,5
2026-05-02,44,1,wk inc flu hosp,2026-05-09,quantile,0.7,5
2026-05-02,44,1,wk inc flu hosp,2026-05-09,quantile,0.75,6
2026-05-02,44,1,wk inc flu hosp,2026-05-09,quantile,0.8,7
2026-05-02,44,1,wk inc flu hosp,2026-05-09,quantile,0.85,7
2026-05-02,44,1,wk inc flu hosp,2026-05-09,quantile,0.9,9
2026-05-02,44,1,wk inc flu hosp,2026-05-09,quantile,0.95,11
2026-05-02,44,1,wk inc flu hosp,2026-05-09,quantile,0.975,15
2026-05-02,44,1,wk inc flu hosp,2026-05-09,quantile,0.99,19
2026-05-02,44,2,wk inc flu hosp,2026-05-16,quantile,0.01,0
2026-05-02,44,2,wk inc flu hosp,2026-05-16,quantile,0.025,0
2026-05-02,44,2,wk inc flu hosp,2026-05-16,quantile,0.05,0
2026-05-02,44,2,wk inc flu hosp,2026-05-16,quantile,0.1,0
2026-05-02,44,2,wk inc flu hosp,2026-05-16,quantile,0.15,0
2026-05-02,44,2,wk inc flu hosp,2026-05-16,quantile,0.2,0
2026-05-02,44,2,wk inc flu hosp,2026-05-16,quantile,0.25,0
2026-05-02,44,2,wk inc flu hosp,2026-05-16,quantile,0.3,1
2026-05-02,44,2,wk inc flu hosp,2026-05-16,quantile,0.35,1
2026-05-02,44,2,wk inc flu hosp,2026-05-16,quantile,0.4,1
2026-05-02,44,2,wk inc flu hosp,2026-05-16,quantile,0.45,2
2026-05-02,44,2,wk inc flu hosp,2026-05-16,quantile,0.5,3
2026-05-02,44,2,wk inc flu hosp,2026-05-16,quantile,0.55,3
2026-05-02,44,2,wk inc flu hosp,2026-05-16,quantile,0.6,3
2026-05-02,44,2,wk inc flu hosp,2026-05-16,quantile,0.65,4
2026-05-02,44,2,wk inc flu hosp,2026-05-16,quantile,0.7,5
2026-05-02,44,2,wk inc flu hosp,2026-05-16,quantile,0.75,5
2026-05-02,44,2,wk inc flu hosp,2026-05-16,quantile,0.8,6
2026-05-02,44,2,wk inc flu hosp,2026-05-16,quantile,0.85,7
2026-05-02,44,2,wk inc flu hosp,2026-05-16,quantile,0.9,8
2026-05-02,44,2,wk inc flu hosp,2026-05-16,quantile,0.95,11
2026-05-02,44,2,wk inc flu hosp,2026-05-16,quantile,0.975,15
2026-05-02,44,2,wk inc flu hosp,2026-05-16,quantile,0.99,19
2026-05-02,44,3,wk inc flu hosp,2026-05-23,quantile,0.01,0
2026-05-02,44,3,wk inc flu hosp,2026-05-23,quantile,0.025,0
2026-05-02,44,3,wk inc flu hosp,2026-05-23,quantile,0.05,0
2026-05-02,44,3,wk inc flu hosp,2026-05-23,quantile,0.1,0
2026-05-02,44,3,wk inc flu hosp,2026-05-23,quantile,0.15,0
2026-05-02,44,3,wk inc flu hosp,2026-05-23,quantile,0.2,0
2026-05-02,44,3,wk inc flu hosp,2026-05-23,quantile,0.25,0
2026-05-02,44,3,wk inc flu hosp,2026-05-23,quantile,0.3,0
2026-05-02,44,3,wk inc flu hosp,2026-05-23,quantile,0.35,1
2026-05-02,44,3,wk inc flu hosp,2026-05-23,quantile,0.4,1
2026-05-02,44,3,wk inc flu hosp,2026-05-23,quantile,0.45,2
2026-05-02,44,3,wk inc flu hosp,2026-05-23,quantile,0.5,2
2026-05-02,44,3,wk inc flu hosp,2026-05-23,quantile,0.55,3
2026-05-02,44,3,wk inc flu hosp,2026-05-23,quantile,0.6,3
2026-05-02,44,3,wk inc flu hosp,2026-05-23,quantile,0.65,3
2026-05-02,44,3,wk inc flu hosp,2026-05-23,quantile,0.7,4
2026-05-02,44,3,wk inc flu hosp,2026-05-23,quantile,0.75,5
2026-05-02,44,3,wk inc flu hosp,2026-05-23,quantile,0.8,6
2026-05-02,44,3,wk inc flu hosp,2026-05-23,quantile,0.85,7
2026-05-02,44,3,wk inc flu hosp,2026-05-23,quantile,0.9,8
2026-05-02,44,3,wk inc flu hosp,2026-05-23,quantile,0.95,11
2026-05-02,44,3,wk inc flu hosp,2026-05-23,quantile,0.975,14
2026-05-02,44,3,wk inc flu hosp,2026-05-23,quantile,0.99,20
2026-05-02,45,0,wk inc flu hosp,2026-05-02,quantile,0.01,1
2026-05-02,45,0,wk inc flu hosp,2026-05-02,quantile,0.025,2
2026-05-02,45,0,wk inc flu hosp,2026-05-02,quantile,0.05,3
2026-05-02,45,0,wk inc flu hosp,2026-05-02,quantile,0.1,4
2026-05-02,45,0,wk inc flu hosp,2026-05-02,quantile,0.15,4
2026-05-02,45,0,wk inc flu hosp,2026-05-02,quantile,0.2,5
2026-05-02,45,0,wk inc flu hosp,2026-05-02,quantile,0.25,6
2026-05-02,45,0,wk inc flu hosp,2026-05-02,quantile,0.3,6
2026-05-02,45,0,wk inc flu hosp,2026-05-02,quantile,0.35,7
2026-05-02,45,0,wk inc flu hosp,2026-05-02,quantile,0.4,8
2026-05-02,45,0,wk inc flu hosp,2026-05-02,quantile,0.45,8
2026-05-02,45,0,wk inc flu hosp,2026-05-02,quantile,0.5,10
2026-05-02,45,0,wk inc flu hosp,2026-05-02,quantile,0.55,11
2026-05-02,45,0,wk inc flu hosp,2026-05-02,quantile,0.6,12
2026-05-02,45,0,wk inc flu hosp,2026-05-02,quantile,0.65,13
2026-05-02,45,0,wk inc flu hosp,2026-05-02,quantile,0.7,14
2026-05-02,45,0,wk inc flu hosp,2026-05-02,quantile,0.75,15
2026-05-02,45,0,wk inc flu hosp,2026-05-02,quantile,0.8,17
2026-05-02,45,0,wk inc flu hosp,2026-05-02,quantile,0.85,20
2026-05-02,45,0,wk inc flu hosp,2026-05-02,quantile,0.9,22
2026-05-02,45,0,wk inc flu hosp,2026-05-02,quantile,0.95,25
2026-05-02,45,0,wk inc flu hosp,2026-05-02,quantile,0.975,31
2026-05-02,45,0,wk inc flu hosp,2026-05-02,quantile,0.99,37
2026-05-02,45,1,wk inc flu hosp,2026-05-09,quantile,0.01,0
2026-05-02,45,1,wk inc flu hosp,2026-05-09,quantile,0.025,0
2026-05-02,45,1,wk inc flu hosp,2026-05-09,quantile,0.05,1
2026-05-02,45,1,wk inc flu hosp,2026-05-09,quantile,0.1,1
2026-05-02,45,1,wk inc flu hosp,2026-05-09,quantile,0.15,2
2026-05-02,45,1,wk inc flu hosp,2026-05-09,quantile,0.2,3
2026-05-02,45,1,wk inc flu hosp,2026-05-09,quantile,0.25,4
2026-05-02,45,1,wk inc flu hosp,2026-05-09,quantile,0.3,5
2026-05-02,45,1,wk inc flu hosp,2026-05-09,quantile,0.35,6
2026-05-02,45,1,wk inc flu hosp,2026-05-09,quantile,0.4,6
2026-05-02,45,1,wk inc flu hosp,2026-05-09,quantile,0.45,7
2026-05-02,45,1,wk inc flu hosp,2026-05-09,quantile,0.5,8
2026-05-02,45,1,wk inc flu hosp,2026-05-09,quantile,0.55,9
2026-05-02,45,1,wk inc flu hosp,2026-05-09,quantile,0.6,11
2026-05-02,45,1,wk inc flu hosp,2026-05-09,quantile,0.65,12
2026-05-02,45,1,wk inc flu hosp,2026-05-09,quantile,0.7,14
2026-05-02,45,1,wk inc flu hosp,2026-05-09,quantile,0.75,14
2026-05-02,45,1,wk inc flu hosp,2026-05-09,quantile,0.8,15
2026-05-02,45,1,wk inc flu hosp,2026-05-09,quantile,0.85,20
2026-05-02,45,1,wk inc flu hosp,2026-05-09,quantile,0.9,22
2026-05-02,45,1,wk inc flu hosp,2026-05-09,quantile,0.95,29
2026-05-02,45,1,wk inc flu hosp,2026-05-09,quantile,0.975,35
2026-05-02,45,1,wk inc flu hosp,2026-05-09,quantile,0.99,42
2026-05-02,45,2,wk inc flu hosp,2026-05-16,quantile,0.01,0
2026-05-02,45,2,wk inc flu hosp,2026-05-16,quantile,0.025,0
2026-05-02,45,2,wk inc flu hosp,2026-05-16,quantile,0.05,1
2026-05-02,45,2,wk inc flu hosp,2026-05-16,quantile,0.1,1
2026-05-02,45,2,wk inc flu hosp,2026-05-16,quantile,0.15,2
2026-05-02,45,2,wk inc flu hosp,2026-05-16,quantile,0.2,3
2026-05-02,45,2,wk inc flu hosp,2026-05-16,quantile,0.25,4
2026-05-02,45,2,wk inc flu hosp,2026-05-16,quantile,0.3,4
2026-05-02,45,2,wk inc flu hosp,2026-05-16,quantile,0.35,5
2026-05-02,45,2,wk inc flu hosp,2026-05-16,quantile,0.4,5
2026-05-02,45,2,wk inc flu hosp,2026-05-16,quantile,0.45,6
2026-05-02,45,2,wk inc flu hosp,2026-05-16,quantile,0.5,8
2026-05-02,45,2,wk inc flu hosp,2026-05-16,quantile,0.55,9
2026-05-02,45,2,wk inc flu hosp,2026-05-16,quantile,0.6,10
2026-05-02,45,2,wk inc flu hosp,2026-05-16,quantile,0.65,12
2026-05-02,45,2,wk inc flu hosp,2026-05-16,quantile,0.7,14
2026-05-02,45,2,wk inc flu hosp,2026-05-16,quantile,0.75,15
2026-05-02,45,2,wk inc flu hosp,2026-05-16,quantile,0.8,17
2026-05-02,45,2,wk inc flu hosp,2026-05-16,quantile,0.85,20
2026-05-02,45,2,wk inc flu hosp,2026-05-16,quantile,0.9,23
2026-05-02,45,2,wk inc flu hosp,2026-05-16,quantile,0.95,29
2026-05-02,45,2,wk inc flu hosp,2026-05-16,quantile,0.975,34
2026-05-02,45,2,wk inc flu hosp,2026-05-16,quantile,0.99,47
2026-05-02,45,3,wk inc flu hosp,2026-05-23,quantile,0.01,0
2026-05-02,45,3,wk inc flu hosp,2026-05-23,quantile,0.025,0
2026-05-02,45,3,wk inc flu hosp,2026-05-23,quantile,0.05,0
2026-05-02,45,3,wk inc flu hosp,2026-05-23,quantile,0.1,1
2026-05-02,45,3,wk inc flu hosp,2026-05-23,quantile,0.15,1
2026-05-02,45,3,wk inc flu hosp,2026-05-23,quantile,0.2,2
2026-05-02,45,3,wk inc flu hosp,2026-05-23,quantile,0.25,2
2026-05-02,45,3,wk inc flu hosp,2026-05-23,quantile,0.3,3
2026-05-02,45,3,wk inc flu hosp,2026-05-23,quantile,0.35,4
2026-05-02,45,3,wk inc flu hosp,2026-05-23,quantile,0.4,5
2026-05-02,45,3,wk inc flu hosp,2026-05-23,quantile,0.45,5
2026-05-02,45,3,wk inc flu hosp,2026-05-23,quantile,0.5,7
2026-05-02,45,3,wk inc flu hosp,2026-05-23,quantile,0.55,8
2026-05-02,45,3,wk inc flu hosp,2026-05-23,quantile,0.6,10
2026-05-02,45,3,wk inc flu hosp,2026-05-23,quantile,0.65,11
2026-05-02,45,3,wk inc flu hosp,2026-05-23,quantile,0.7,13
2026-05-02,45,3,wk inc flu hosp,2026-05-23,quantile,0.75,17
2026-05-02,45,3,wk inc flu hosp,2026-05-23,quantile,0.8,19
2026-05-02,45,3,wk inc flu hosp,2026-05-23,quantile,0.85,22
2026-05-02,45,3,wk inc flu hosp,2026-05-23,quantile,0.9,26
2026-05-02,45,3,wk inc flu hosp,2026-05-23,quantile,0.95,32
2026-05-02,45,3,wk inc flu hosp,2026-05-23,quantile,0.975,38
2026-05-02,45,3,wk inc flu hosp,2026-05-23,quantile,0.99,55
2026-05-02,46,0,wk inc flu hosp,2026-05-02,quantile,0.01,0
2026-05-02,46,0,wk inc flu hosp,2026-05-02,quantile,0.025,1
2026-05-02,46,0,wk inc flu hosp,2026-05-02,quantile,0.05,1
2026-05-02,46,0,wk inc flu hosp,2026-05-02,quantile,0.1,2
2026-05-02,46,0,wk inc flu hosp,2026-05-02,quantile,0.15,2
2026-05-02,46,0,wk inc flu hosp,2026-05-02,quantile,0.2,3
2026-05-02,46,0,wk inc flu hosp,2026-05-02,quantile,0.25,3
2026-05-02,46,0,wk inc flu hosp,2026-05-02,quantile,0.3,3
2026-05-02,46,0,wk inc flu hosp,2026-05-02,quantile,0.35,4
2026-05-02,46,0,wk inc flu hosp,2026-05-02,quantile,0.4,4
2026-05-02,46,0,wk inc flu hosp,2026-05-02,quantile,0.45,5
2026-05-02,46,0,wk inc flu hosp,2026-05-02,quantile,0.5,6
2026-05-02,46,0,wk inc flu hosp,2026-05-02,quantile,0.55,6
2026-05-02,46,0,wk inc flu hosp,2026-05-02,quantile,0.6,6
2026-05-02,46,0,wk inc flu hosp,2026-05-02,quantile,0.65,7
2026-05-02,46,0,wk inc flu hosp,2026-05-02,quantile,0.7,7
2026-05-02,46,0,wk inc flu hosp,2026-05-02,quantile,0.75,8
2026-05-02,46,0,wk inc flu hosp,2026-05-02,quantile,0.8,9
2026-05-02,46,0,wk inc flu hosp,2026-05-02,quantile,0.85,10
2026-05-02,46,0,wk inc flu hosp,2026-05-02,quantile,0.9,11
2026-05-02,46,0,wk inc flu hosp,2026-05-02,quantile,0.95,13
2026-05-02,46,0,wk inc flu hosp,2026-05-02,quantile,0.975,15
2026-05-02,46,0,wk inc flu hosp,2026-05-02,quantile,0.99,18
2026-05-02,46,1,wk inc flu hosp,2026-05-09,quantile,0.01,0
2026-05-02,46,1,wk inc flu hosp,2026-05-09,quantile,0.025,0
2026-05-02,46,1,wk inc flu hosp,2026-05-09,quantile,0.05,0
2026-05-02,46,1,wk inc flu hosp,2026-05-09,quantile,0.1,1
2026-05-02,46,1,wk inc flu hosp,2026-05-09,quantile,0.15,1
2026-05-02,46,1,wk inc flu hosp,2026-05-09,quantile,0.2,2
2026-05-02,46,1,wk inc flu hosp,2026-05-09,quantile,0.25,2
2026-05-02,46,1,wk inc flu hosp,2026-05-09,quantile,0.3,2
2026-05-02,46,1,wk inc flu hosp,2026-05-09,quantile,0.35,3
2026-05-02,46,1,wk inc flu hosp,2026-05-09,quantile,0.4,3
2026-05-02,46,1,wk inc flu hosp,2026-05-09,quantile,0.45,4
2026-05-02,46,1,wk inc flu hosp,2026-05-09,quantile,0.5,5
2026-05-02,46,1,wk inc flu hosp,2026-05-09,quantile,0.55,5
2026-05-02,46,1,wk inc flu hosp,2026-05-09,quantile,0.6,6
2026-05-02,46,1,wk inc flu hosp,2026-05-09,quantile,0.65,6
2026-05-02,46,1,wk inc flu hosp,2026-05-09,quantile,0.7,7
2026-05-02,46,1,wk inc flu hosp,2026-05-09,quantile,0.75,7
2026-05-02,46,1,wk inc flu hosp,2026-05-09,quantile,0.8,8
2026-05-02,46,1,wk inc flu hosp,2026-05-09,quantile,0.85,9
2026-05-02,46,1,wk inc flu hosp,2026-05-09,quantile,0.9,11
2026-05-02,46,1,wk inc flu hosp,2026-05-09,quantile,0.95,14
2026-05-02,46,1,wk inc flu hosp,2026-05-09,quantile,0.975,16
2026-05-02,46,1,wk inc flu hosp,2026-05-09,quantile,0.99,20
2026-05-02,46,2,wk inc flu hosp,2026-05-16,quantile,0.01,0
2026-05-02,46,2,wk inc flu hosp,2026-05-16,quantile,0.025,0
2026-05-02,46,2,wk inc flu hosp,2026-05-16,quantile,0.05,0
2026-05-02,46,2,wk inc flu hosp,2026-05-16,quantile,0.1,0
2026-05-02,46,2,wk inc flu hosp,2026-05-16,quantile,0.15,1
2026-05-02,46,2,wk inc flu hosp,2026-05-16,quantile,0.2,1
2026-05-02,46,2,wk inc flu hosp,2026-05-16,quantile,0.25,1
2026-05-02,46,2,wk inc flu hosp,2026-05-16,quantile,0.3,2
2026-05-02,46,2,wk inc flu hosp,2026-05-16,quantile,0.35,2
2026-05-02,46,2,wk inc flu hosp,2026-05-16,quantile,0.4,2
2026-05-02,46,2,wk inc flu hosp,2026-05-16,quantile,0.45,3
2026-05-02,46,2,wk inc flu hosp,2026-05-16,quantile,0.5,4
2026-05-02,46,2,wk inc flu hosp,2026-05-16,quantile,0.55,4
2026-05-02,46,2,wk inc flu hosp,2026-05-16,quantile,0.6,5
2026-05-02,46,2,wk inc flu hosp,2026-05-16,quantile,0.65,6
2026-05-02,46,2,wk inc flu hosp,2026-05-16,quantile,0.7,6
2026-05-02,46,2,wk inc flu hosp,2026-05-16,quantile,0.75,7
2026-05-02,46,2,wk inc flu hosp,2026-05-16,quantile,0.8,7
2026-05-02,46,2,wk inc flu hosp,2026-05-16,quantile,0.85,9
2026-05-02,46,2,wk inc flu hosp,2026-05-16,quantile,0.9,11
2026-05-02,46,2,wk inc flu hosp,2026-05-16,quantile,0.95,13
2026-05-02,46,2,wk inc flu hosp,2026-05-16,quantile,0.975,16
2026-05-02,46,2,wk inc flu hosp,2026-05-16,quantile,0.99,19
2026-05-02,46,3,wk inc flu hosp,2026-05-23,quantile,0.01,0
2026-05-02,46,3,wk inc flu hosp,2026-05-23,quantile,0.025,0
2026-05-02,46,3,wk inc flu hosp,2026-05-23,quantile,0.05,0
2026-05-02,46,3,wk inc flu hosp,2026-05-23,quantile,0.1,0
2026-05-02,46,3,wk inc flu hosp,2026-05-23,quantile,0.15,1
2026-05-02,46,3,wk inc flu hosp,2026-05-23,quantile,0.2,1
2026-05-02,46,3,wk inc flu hosp,2026-05-23,quantile,0.25,1
2026-05-02,46,3,wk inc flu hosp,2026-05-23,quantile,0.3,2
2026-05-02,46,3,wk inc flu hosp,2026-05-23,quantile,0.35,2
2026-05-02,46,3,wk inc flu hosp,2026-05-23,quantile,0.4,2
2026-05-02,46,3,wk inc flu hosp,2026-05-23,quantile,0.45,3
2026-05-02,46,3,wk inc flu hosp,2026-05-23,quantile,0.5,4
2026-05-02,46,3,wk inc flu hosp,2026-05-23,quantile,0.55,4
2026-05-02,46,3,wk inc flu hosp,2026-05-23,quantile,0.6,5
2026-05-02,46,3,wk inc flu hosp,2026-05-23,quantile,0.65,5
2026-05-02,46,3,wk inc flu hosp,2026-05-23,quantile,0.7,6
2026-05-02,46,3,wk inc flu hosp,2026-05-23,quantile,0.75,7
2026-05-02,46,3,wk inc flu hosp,2026-05-23,quantile,0.8,8
2026-05-02,46,3,wk inc flu hosp,2026-05-23,quantile,0.85,9
2026-05-02,46,3,wk inc flu hosp,2026-05-23,quantile,0.9,10
2026-05-02,46,3,wk inc flu hosp,2026-05-23,quantile,0.95,13
2026-05-02,46,3,wk inc flu hosp,2026-05-23,quantile,0.975,18
2026-05-02,46,3,wk inc flu hosp,2026-05-23,quantile,0.99,21
2026-05-02,47,0,wk inc flu hosp,2026-05-02,quantile,0.01,10
2026-05-02,47,0,wk inc flu hosp,2026-05-02,quantile,0.025,12
2026-05-02,47,0,wk inc flu hosp,2026-05-02,quantile,0.05,14
2026-05-02,47,0,wk inc flu hosp,2026-05-02,quantile,0.1,17
2026-05-02,47,0,wk inc flu hosp,2026-05-02,quantile,0.15,20
2026-05-02,47,0,wk inc flu hosp,2026-05-02,quantile,0.2,22
2026-05-02,47,0,wk inc flu hosp,2026-05-02,quantile,0.25,23
2026-05-02,47,0,wk inc flu hosp,2026-05-02,quantile,0.3,25
2026-05-02,47,0,wk inc flu hosp,2026-05-02,quantile,0.35,27
2026-05-02,47,0,wk inc flu hosp,2026-05-02,quantile,0.4,29
2026-05-02,47,0,wk inc flu hosp,2026-05-02,quantile,0.45,30
2026-05-02,47,0,wk inc flu hosp,2026-05-02,quantile,0.5,32
2026-05-02,47,0,wk inc flu hosp,2026-05-02,quantile,0.55,34
2026-05-02,47,0,wk inc flu hosp,2026-05-02,quantile,0.6,35
2026-05-02,47,0,wk inc flu hosp,2026-05-02,quantile,0.65,37
2026-05-02,47,0,wk inc flu hosp,2026-05-02,quantile,0.7,40
2026-05-02,47,0,wk inc flu hosp,2026-05-02,quantile,0.75,43
2026-05-02,47,0,wk inc flu hosp,2026-05-02,quantile,0.8,45
2026-05-02,47,0,wk inc flu hosp,2026-05-02,quantile,0.85,49
2026-05-02,47,0,wk inc flu hosp,2026-05-02,quantile,0.9,55
2026-05-02,47,0,wk inc flu hosp,2026-05-02,quantile,0.95,62
2026-05-02,47,0,wk inc flu hosp,2026-05-02,quantile,0.975,70
2026-05-02,47,0,wk inc flu hosp,2026-05-02,quantile,0.99,84
2026-05-02,47,1,wk inc flu hosp,2026-05-09,quantile,0.01,3
2026-05-02,47,1,wk inc flu hosp,2026-05-09,quantile,0.025,4
2026-05-02,47,1,wk inc flu hosp,2026-05-09,quantile,0.05,7
2026-05-02,47,1,wk inc flu hosp,2026-05-09,quantile,0.1,10
2026-05-02,47,1,wk inc flu hosp,2026-05-09,quantile,0.15,14
2026-05-02,47,1,wk inc flu hosp,2026-05-09,quantile,0.2,17
2026-05-02,47,1,wk inc flu hosp,2026-05-09,quantile,0.25,19
2026-05-02,47,1,wk inc flu hosp,2026-05-09,quantile,0.3,21
2026-05-02,47,1,wk inc flu hosp,2026-05-09,quantile,0.35,23
2026-05-02,47,1,wk inc flu hosp,2026-05-09,quantile,0.4,25
2026-05-02,47,1,wk inc flu hosp,2026-05-09,quantile,0.45,27
2026-05-02,47,1,wk inc flu hosp,2026-05-09,quantile,0.5,29
2026-05-02,47,1,wk inc flu hosp,2026-05-09,quantile,0.55,30
2026-05-02,47,1,wk inc flu hosp,2026-05-09,quantile,0.6,32
2026-05-02,47,1,wk inc flu hosp,2026-05-09,quantile,0.65,35
2026-05-02,47,1,wk inc flu hosp,2026-05-09,quantile,0.7,38
2026-05-02,47,1,wk inc flu hosp,2026-05-09,quantile,0.75,42
2026-05-02,47,1,wk inc flu hosp,2026-05-09,quantile,0.8,45
2026-05-02,47,1,wk inc flu hosp,2026-05-09,quantile,0.85,47
2026-05-02,47,1,wk inc flu hosp,2026-05-09,quantile,0.9,49
2026-05-02,47,1,wk inc flu hosp,2026-05-09,quantile,0.95,61
2026-05-02,47,1,wk inc flu hosp,2026-05-09,quantile,0.975,72
2026-05-02,47,1,wk inc flu hosp,2026-05-09,quantile,0.99,86
2026-05-02,47,2,wk inc flu hosp,2026-05-16,quantile,0.01,1
2026-05-02,47,2,wk inc flu hosp,2026-05-16,quantile,0.025,4
2026-05-02,47,2,wk inc flu hosp,2026-05-16,quantile,0.05,6
2026-05-02,47,2,wk inc flu hosp,2026-05-16,quantile,0.1,10
2026-05-02,47,2,wk inc flu hosp,2026-05-16,quantile,0.15,12
2026-05-02,47,2,wk inc flu hosp,2026-05-16,quantile,0.2,14
2026-05-02,47,2,wk inc flu hosp,2026-05-16,quantile,0.25,16
2026-05-02,47,2,wk inc flu hosp,2026-05-16,quantile,0.3,18
2026-05-02,47,2,wk inc flu hosp,2026-05-16,quantile,0.35,20
2026-05-02,47,2,wk inc flu hosp,2026-05-16,quantile,0.4,21
2026-05-02,47,2,wk inc flu hosp,2026-05-16,quantile,0.45,24
2026-05-02,47,2,wk inc flu hosp,2026-05-16,quantile,0.5,26
2026-05-02,47,2,wk inc flu hosp,2026-05-16,quantile,0.55,28
2026-05-02,47,2,wk inc flu hosp,2026-05-16,quantile,0.6,30
2026-05-02,47,2,wk inc flu hosp,2026-05-16,quantile,0.65,33
2026-05-02,47,2,wk inc flu hosp,2026-05-16,quantile,0.7,37
2026-05-02,47,2,wk inc flu hosp,2026-05-16,quantile,0.75,40
2026-05-02,47,2,wk inc flu hosp,2026-05-16,quantile,0.8,43
2026-05-02,47,2,wk inc flu hosp,2026-05-16,quantile,0.85,45
2026-05-02,47,2,wk inc flu hosp,2026-05-16,quantile,0.9,49
2026-05-02,47,2,wk inc flu hosp,2026-05-16,quantile,0.95,58
2026-05-02,47,2,wk inc flu hosp,2026-05-16,quantile,0.975,69
2026-05-02,47,2,wk inc flu hosp,2026-05-16,quantile,0.99,84
2026-05-02,47,3,wk inc flu hosp,2026-05-23,quantile,0.01,1
2026-05-02,47,3,wk inc flu hosp,2026-05-23,quantile,0.025,1
2026-05-02,47,3,wk inc flu hosp,2026-05-23,quantile,0.05,2
2026-05-02,47,3,wk inc flu hosp,2026-05-23,quantile,0.1,7
2026-05-02,47,3,wk inc flu hosp,2026-05-23,quantile,0.15,9
2026-05-02,47,3,wk inc flu hosp,2026-05-23,quantile,0.2,12
2026-05-02,47,3,wk inc flu hosp,2026-05-23,quantile,0.25,13
2026-05-02,47,3,wk inc flu hosp,2026-05-23,quantile,0.3,14
2026-05-02,47,3,wk inc flu hosp,2026-05-23,quantile,0.35,17
2026-05-02,47,3,wk inc flu hosp,2026-05-23,quantile,0.4,19
2026-05-02,47,3,wk inc flu hosp,2026-05-23,quantile,0.45,21
2026-05-02,47,3,wk inc flu hosp,2026-05-23,quantile,0.5,23
2026-05-02,47,3,wk inc flu hosp,2026-05-23,quantile,0.55,25
2026-05-02,47,3,wk inc flu hosp,2026-05-23,quantile,0.6,27
2026-05-02,47,3,wk inc flu hosp,2026-05-23,quantile,0.65,31
2026-05-02,47,3,wk inc flu hosp,2026-05-23,quantile,0.7,34
2026-05-02,47,3,wk inc flu hosp,2026-05-23,quantile,0.75,39
2026-05-02,47,3,wk inc flu hosp,2026-05-23,quantile,0.8,42
2026-05-02,47,3,wk inc flu hosp,2026-05-23,quantile,0.85,44
2026-05-02,47,3,wk inc flu hosp,2026-05-23,quantile,0.9,47
2026-05-02,47,3,wk inc flu hosp,2026-05-23,quantile,0.95,55
2026-05-02,47,3,wk inc flu hosp,2026-05-23,quantile,0.975,69
2026-05-02,47,3,wk inc flu hosp,2026-05-23,quantile,0.99,92
2026-05-02,48,0,wk inc flu hosp,2026-05-02,quantile,0.01,29
2026-05-02,48,0,wk inc flu hosp,2026-05-02,quantile,0.025,35
2026-05-02,48,0,wk inc flu hosp,2026-05-02,quantile,0.05,42
2026-05-02,48,0,wk inc flu hosp,2026-05-02,quantile,0.1,56
2026-05-02,48,0,wk inc flu hosp,2026-05-02,quantile,0.15,66
2026-05-02,48,0,wk inc flu hosp,2026-05-02,quantile,0.2,73
2026-05-02,48,0,wk inc flu hosp,2026-05-02,quantile,0.25,79
2026-05-02,48,0,wk inc flu hosp,2026-05-02,quantile,0.3,86
2026-05-02,48,0,wk inc flu hosp,2026-05-02,quantile,0.35,90
2026-05-02,48,0,wk inc flu hosp,2026-05-02,quantile,0.4,94
2026-05-02,48,0,wk inc flu hosp,2026-05-02,quantile,0.45,99
2026-05-02,48,0,wk inc flu hosp,2026-05-02,quantile,0.5,108
2026-05-02,48,0,wk inc flu hosp,2026-05-02,quantile,0.55,114
2026-05-02,48,0,wk inc flu hosp,2026-05-02,quantile,0.6,120
2026-05-02,48,0,wk inc flu hosp,2026-05-02,quantile,0.65,125
2026-05-02,48,0,wk inc flu hosp,2026-05-02,quantile,0.7,134
2026-05-02,48,0,wk inc flu hosp,2026-05-02,quantile,0.75,142
2026-05-02,48,0,wk inc flu hosp,2026-05-02,quantile,0.8,149
2026-05-02,48,0,wk inc flu hosp,2026-05-02,quantile,0.85,159
2026-05-02,48,0,wk inc flu hosp,2026-05-02,quantile,0.9,174
2026-05-02,48,0,wk inc flu hosp,2026-05-02,quantile,0.95,203
2026-05-02,48,0,wk inc flu hosp,2026-05-02,quantile,0.975,246
2026-05-02,48,0,wk inc flu hosp,2026-05-02,quantile,0.99,295
2026-05-02,48,1,wk inc flu hosp,2026-05-09,quantile,0.01,12
2026-05-02,48,1,wk inc flu hosp,2026-05-09,quantile,0.025,17
2026-05-02,48,1,wk inc flu hosp,2026-05-09,quantile,0.05,23
2026-05-02,48,1,wk inc flu hosp,2026-05-09,quantile,0.1,40
2026-05-02,48,1,wk inc flu hosp,2026-05-09,quantile,0.15,48
2026-05-02,48,1,wk inc flu hosp,2026-05-09,quantile,0.2,55
2026-05-02,48,1,wk inc flu hosp,2026-05-09,quantile,0.25,63
2026-05-02,48,1,wk inc flu hosp,2026-05-09,quantile,0.3,73
2026-05-02,48,1,wk inc flu hosp,2026-05-09,quantile,0.35,77
2026-05-02,48,1,wk inc flu hosp,2026-05-09,quantile,0.4,85
2026-05-02,48,1,wk inc flu hosp,2026-05-09,quantile,0.45,90
2026-05-02,48,1,wk inc flu hosp,2026-05-09,quantile,0.5,97
2026-05-02,48,1,wk inc flu hosp,2026-05-09,quantile,0.55,104
2026-05-02,48,1,wk inc flu hosp,2026-05-09,quantile,0.6,112
2026-05-02,48,1,wk inc flu hosp,2026-05-09,quantile,0.65,118
2026-05-02,48,1,wk inc flu hosp,2026-05-09,quantile,0.7,125
2026-05-02,48,1,wk inc flu hosp,2026-05-09,quantile,0.75,136
2026-05-02,48,1,wk inc flu hosp,2026-05-09,quantile,0.8,154
2026-05-02,48,1,wk inc flu hosp,2026-05-09,quantile,0.85,171
2026-05-02,48,1,wk inc flu hosp,2026-05-09,quantile,0.9,185
2026-05-02,48,1,wk inc flu hosp,2026-05-09,quantile,0.95,218
2026-05-02,48,1,wk inc flu hosp,2026-05-09,quantile,0.975,251
2026-05-02,48,1,wk inc flu hosp,2026-05-09,quantile,0.99,306
2026-05-02,48,2,wk inc flu hosp,2026-05-16,quantile,0.01,9
2026-05-02,48,2,wk inc flu hosp,2026-05-16,quantile,0.025,13
2026-05-02,48,2,wk inc flu hosp,2026-05-16,quantile,0.05,19
2026-05-02,48,2,wk inc flu hosp,2026-05-16,quantile,0.1,27
2026-05-02,48,2,wk inc flu hosp,2026-05-16,quantile,0.15,34
2026-05-02,48,2,wk inc flu hosp,2026-05-16,quantile,0.2,45
2026-05-02,48,2,wk inc flu hosp,2026-05-16,quantile,0.25,53
2026-05-02,48,2,wk inc flu hosp,2026-05-16,quantile,0.3,61
2026-05-02,48,2,wk inc flu hosp,2026-05-16,quantile,0.35,70
2026-05-02,48,2,wk inc flu hosp,2026-05-16,quantile,0.4,76
2026-05-02,48,2,wk inc flu hosp,2026-05-16,quantile,0.45,81
2026-05-02,48,2,wk inc flu hosp,2026-05-16,quantile,0.5,89
2026-05-02,48,2,wk inc flu hosp,2026-05-16,quantile,0.55,96
2026-05-02,48,2,wk inc flu hosp,2026-05-16,quantile,0.6,103
2026-05-02,48,2,wk inc flu hosp,2026-05-16,quantile,0.65,109
2026-05-02,48,2,wk inc flu hosp,2026-05-16,quantile,0.7,117
2026-05-02,48,2,wk inc flu hosp,2026-05-16,quantile,0.75,126
2026-05-02,48,2,wk inc flu hosp,2026-05-16,quantile,0.8,142
2026-05-02,48,2,wk inc flu hosp,2026-05-16,quantile,0.85,160
2026-05-02,48,2,wk inc flu hosp,2026-05-16,quantile,0.9,181
2026-05-02,48,2,wk inc flu hosp,2026-05-16,quantile,0.95,220
2026-05-02,48,2,wk inc flu hosp,2026-05-16,quantile,0.975,263
2026-05-02,48,2,wk inc flu hosp,2026-05-16,quantile,0.99,325
2026-05-02,48,3,wk inc flu hosp,2026-05-23,quantile,0.01,1
2026-05-02,48,3,wk inc flu hosp,2026-05-23,quantile,0.025,7
2026-05-02,48,3,wk inc flu hosp,2026-05-23,quantile,0.05,12
2026-05-02,48,3,wk inc flu hosp,2026-05-23,quantile,0.1,16
2026-05-02,48,3,wk inc flu hosp,2026-05-23,quantile,0.15,27
2026-05-02,48,3,wk inc flu hosp,2026-05-23,quantile,0.2,37
2026-05-02,48,3,wk inc flu hosp,2026-05-23,quantile,0.25,40
2026-05-02,48,3,wk inc flu hosp,2026-05-23,quantile,0.3,45
2026-05-02,48,3,wk inc flu hosp,2026-05-23,quantile,0.35,56
2026-05-02,48,3,wk inc flu hosp,2026-05-23,quantile,0.4,65
2026-05-02,48,3,wk inc flu hosp,2026-05-23,quantile,0.45,72
2026-05-02,48,3,wk inc flu hosp,2026-05-23,quantile,0.5,80
2026-05-02,48,3,wk inc flu hosp,2026-05-23,quantile,0.55,91
2026-05-02,48,3,wk inc flu hosp,2026-05-23,quantile,0.6,99
2026-05-02,48,3,wk inc flu hosp,2026-05-23,quantile,0.65,105
2026-05-02,48,3,wk inc flu hosp,2026-05-23,quantile,0.7,112
2026-05-02,48,3,wk inc flu hosp,2026-05-23,quantile,0.75,118
2026-05-02,48,3,wk inc flu hosp,2026-05-23,quantile,0.8,131
2026-05-02,48,3,wk inc flu hosp,2026-05-23,quantile,0.85,147
2026-05-02,48,3,wk inc flu hosp,2026-05-23,quantile,0.9,166
2026-05-02,48,3,wk inc flu hosp,2026-05-23,quantile,0.95,209
2026-05-02,48,3,wk inc flu hosp,2026-05-23,quantile,0.975,260
2026-05-02,48,3,wk inc flu hosp,2026-05-23,quantile,0.99,326
2026-05-02,49,0,wk inc flu hosp,2026-05-02,quantile,0.01,0
2026-05-02,49,0,wk inc flu hosp,2026-05-02,quantile,0.025,1
2026-05-02,49,0,wk inc flu hosp,2026-05-02,quantile,0.05,1
2026-05-02,49,0,wk inc flu hosp,2026-05-02,quantile,0.1,2
2026-05-02,49,0,wk inc flu hosp,2026-05-02,quantile,0.15,3
2026-05-02,49,0,wk inc flu hosp,2026-05-02,quantile,0.2,4
2026-05-02,49,0,wk inc flu hosp,2026-05-02,quantile,0.25,5
2026-05-02,49,0,wk inc flu hosp,2026-05-02,quantile,0.3,5
2026-05-02,49,0,wk inc flu hosp,2026-05-02,quantile,0.35,6
2026-05-02,49,0,wk inc flu hosp,2026-05-02,quantile,0.4,6
2026-05-02,49,0,wk inc flu hosp,2026-05-02,quantile,0.45,7
2026-05-02,49,0,wk inc flu hosp,2026-05-02,quantile,0.5,8
2026-05-02,49,0,wk inc flu hosp,2026-05-02,quantile,0.55,9
2026-05-02,49,0,wk inc flu hosp,2026-05-02,quantile,0.6,10
2026-05-02,49,0,wk inc flu hosp,2026-05-02,quantile,0.65,10
2026-05-02,49,0,wk inc flu hosp,2026-05-02,quantile,0.7,11
2026-05-02,49,0,wk inc flu hosp,2026-05-02,quantile,0.75,13
2026-05-02,49,0,wk inc flu hosp,2026-05-02,quantile,0.8,14
2026-05-02,49,0,wk inc flu hosp,2026-05-02,quantile,0.85,16
2026-05-02,49,0,wk inc flu hosp,2026-05-02,quantile,0.9,17
2026-05-02,49,0,wk inc flu hosp,2026-05-02,quantile,0.95,20
2026-05-02,49,0,wk inc flu hosp,2026-05-02,quantile,0.975,23
2026-05-02,49,0,wk inc flu hosp,2026-05-02,quantile,0.99,28
2026-05-02,49,1,wk inc flu hosp,2026-05-09,quantile,0.01,0
2026-05-02,49,1,wk inc flu hosp,2026-05-09,quantile,0.025,0
2026-05-02,49,1,wk inc flu hosp,2026-05-09,quantile,0.05,1
2026-05-02,49,1,wk inc flu hosp,2026-05-09,quantile,0.1,2
2026-05-02,49,1,wk inc flu hosp,2026-05-09,quantile,0.15,2
2026-05-02,49,1,wk inc flu hosp,2026-05-09,quantile,0.2,3
2026-05-02,49,1,wk inc flu hosp,2026-05-09,quantile,0.25,4
2026-05-02,49,1,wk inc flu hosp,2026-05-09,quantile,0.3,4
2026-05-02,49,1,wk inc flu hosp,2026-05-09,quantile,0.35,5
2026-05-02,49,1,wk inc flu hosp,2026-05-09,quantile,0.4,6
2026-05-02,49,1,wk inc flu hosp,2026-05-09,quantile,0.45,7
2026-05-02,49,1,wk inc flu hosp,2026-05-09,quantile,0.5,7
2026-05-02,49,1,wk inc flu hosp,2026-05-09,quantile,0.55,8
2026-05-02,49,1,wk inc flu hosp,2026-05-09,quantile,0.6,9
2026-05-02,49,1,wk inc flu hosp,2026-05-09,quantile,0.65,11
2026-05-02,49,1,wk inc flu hosp,2026-05-09,quantile,0.7,12
2026-05-02,49,1,wk inc flu hosp,2026-05-09,quantile,0.75,13
2026-05-02,49,1,wk inc flu hosp,2026-05-09,quantile,0.8,14
2026-05-02,49,1,wk inc flu hosp,2026-05-09,quantile,0.85,16
2026-05-02,49,1,wk inc flu hosp,2026-05-09,quantile,0.9,19
2026-05-02,49,1,wk inc flu hosp,2026-05-09,quantile,0.95,24
2026-05-02,49,1,wk inc flu hosp,2026-05-09,quantile,0.975,28
2026-05-02,49,1,wk inc flu hosp,2026-05-09,quantile,0.99,36
2026-05-02,49,2,wk inc flu hosp,2026-05-16,quantile,0.01,0
2026-05-02,49,2,wk inc flu hosp,2026-05-16,quantile,0.025,0
2026-05-02,49,2,wk inc flu hosp,2026-05-16,quantile,0.05,0
2026-05-02,49,2,wk inc flu hosp,2026-05-16,quantile,0.1,1
2026-05-02,49,2,wk inc flu hosp,2026-05-16,quantile,0.15,1
2026-05-02,49,2,wk inc flu hosp,2026-05-16,quantile,0.2,2
2026-05-02,49,2,wk inc flu hosp,2026-05-16,quantile,0.25,2
2026-05-02,49,2,wk inc flu hosp,2026-05-16,quantile,0.3,3
2026-05-02,49,2,wk inc flu hosp,2026-05-16,quantile,0.35,4
2026-05-02,49,2,wk inc flu hosp,2026-05-16,quantile,0.4,4
2026-05-02,49,2,wk inc flu hosp,2026-05-16,quantile,0.45,5
2026-05-02,49,2,wk inc flu hosp,2026-05-16,quantile,0.5,6
2026-05-02,49,2,wk inc flu hosp,2026-05-16,quantile,0.55,7
2026-05-02,49,2,wk inc flu hosp,2026-05-16,quantile,0.6,9
2026-05-02,49,2,wk inc flu hosp,2026-05-16,quantile,0.65,10
2026-05-02,49,2,wk inc flu hosp,2026-05-16,quantile,0.7,11
2026-05-02,49,2,wk inc flu hosp,2026-05-16,quantile,0.75,12
2026-05-02,49,2,wk inc flu hosp,2026-05-16,quantile,0.8,14
2026-05-02,49,2,wk inc flu hosp,2026-05-16,quantile,0.85,16
2026-05-02,49,2,wk inc flu hosp,2026-05-16,quantile,0.9,19
2026-05-02,49,2,wk inc flu hosp,2026-05-16,quantile,0.95,24
2026-05-02,49,2,wk inc flu hosp,2026-05-16,quantile,0.975,30
2026-05-02,49,2,wk inc flu hosp,2026-05-16,quantile,0.99,39
2026-05-02,49,3,wk inc flu hosp,2026-05-23,quantile,0.01,0
2026-05-02,49,3,wk inc flu hosp,2026-05-23,quantile,0.025,0
2026-05-02,49,3,wk inc flu hosp,2026-05-23,quantile,0.05,0
2026-05-02,49,3,wk inc flu hosp,2026-05-23,quantile,0.1,1
2026-05-02,49,3,wk inc flu hosp,2026-05-23,quantile,0.15,1
2026-05-02,49,3,wk inc flu hosp,2026-05-23,quantile,0.2,2
2026-05-02,49,3,wk inc flu hosp,2026-05-23,quantile,0.25,2
2026-05-02,49,3,wk inc flu hosp,2026-05-23,quantile,0.3,2
2026-05-02,49,3,wk inc flu hosp,2026-05-23,quantile,0.35,3
2026-05-02,49,3,wk inc flu hosp,2026-05-23,quantile,0.4,3
2026-05-02,49,3,wk inc flu hosp,2026-05-23,quantile,0.45,4
2026-05-02,49,3,wk inc flu hosp,2026-05-23,quantile,0.5,5
2026-05-02,49,3,wk inc flu hosp,2026-05-23,quantile,0.55,6
2026-05-02,49,3,wk inc flu hosp,2026-05-23,quantile,0.6,7
2026-05-02,49,3,wk inc flu hosp,2026-05-23,quantile,0.65,9
2026-05-02,49,3,wk inc flu hosp,2026-05-23,quantile,0.7,11
2026-05-02,49,3,wk inc flu hosp,2026-05-23,quantile,0.75,13
2026-05-02,49,3,wk inc flu hosp,2026-05-23,quantile,0.8,15
2026-05-02,49,3,wk inc flu hosp,2026-05-23,quantile,0.85,17
2026-05-02,49,3,wk inc flu hosp,2026-05-23,quantile,0.9,22
2026-05-02,49,3,wk inc flu hosp,2026-05-23,quantile,0.95,28
2026-05-02,49,3,wk inc flu hosp,2026-05-23,quantile,0.975,32
2026-05-02,49,3,wk inc flu hosp,2026-05-23,quantile,0.99,38
2026-05-02,50,0,wk inc flu hosp,2026-05-02,quantile,0.01,0
2026-05-02,50,0,wk inc flu hosp,2026-05-02,quantile,0.025,0
2026-05-02,50,0,wk inc flu hosp,2026-05-02,quantile,0.05,0
2026-05-02,50,0,wk inc flu hosp,2026-05-02,quantile,0.1,0
2026-05-02,50,0,wk inc flu hosp,2026-05-02,quantile,0.15,0
2026-05-02,50,0,wk inc flu hosp,2026-05-02,quantile,0.2,0
2026-05-02,50,0,wk inc flu hosp,2026-05-02,quantile,0.25,0
2026-05-02,50,0,wk inc flu hosp,2026-05-02,quantile,0.3,0
2026-05-02,50,0,wk inc flu hosp,2026-05-02,quantile,0.35,0
2026-05-02,50,0,wk inc flu hosp,2026-05-02,quantile,0.4,0
2026-05-02,50,0,wk inc flu hosp,2026-05-02,quantile,0.45,0
2026-05-02,50,0,wk inc flu hosp,2026-05-02,quantile,0.5,1
2026-05-02,50,0,wk inc flu hosp,2026-05-02,quantile,0.55,2
2026-05-02,50,0,wk inc flu hosp,2026-05-02,quantile,0.6,2
2026-05-02,50,0,wk inc flu hosp,2026-05-02,quantile,0.65,2
2026-05-02,50,0,wk inc flu hosp,2026-05-02,quantile,0.7,2
2026-05-02,50,0,wk inc flu hosp,2026-05-02,quantile,0.75,2
2026-05-02,50,0,wk inc flu hosp,2026-05-02,quantile,0.8,3
2026-05-02,50,0,wk inc flu hosp,2026-05-02,quantile,0.85,4
2026-05-02,50,0,wk inc flu hosp,2026-05-02,quantile,0.9,4
2026-05-02,50,0,wk inc flu hosp,2026-05-02,quantile,0.95,5
2026-05-02,50,0,wk inc flu hosp,2026-05-02,quantile,0.975,7
2026-05-02,50,0,wk inc flu hosp,2026-05-02,quantile,0.99,8
2026-05-02,50,1,wk inc flu hosp,2026-05-09,quantile,0.01,0
2026-05-02,50,1,wk inc flu hosp,2026-05-09,quantile,0.025,0
2026-05-02,50,1,wk inc flu hosp,2026-05-09,quantile,0.05,0
2026-05-02,50,1,wk inc flu hosp,2026-05-09,quantile,0.1,0
2026-05-02,50,1,wk inc flu hosp,2026-05-09,quantile,0.15,0
2026-05-02,50,1,wk inc flu hosp,2026-05-09,quantile,0.2,0
2026-05-02,50,1,wk inc flu hosp,2026-05-09,quantile,0.25,0
2026-05-02,50,1,wk inc flu hosp,2026-05-09,quantile,0.3,0
2026-05-02,50,1,wk inc flu hosp,2026-05-09,quantile,0.35,0
2026-05-02,50,1,wk inc flu hosp,2026-05-09,quantile,0.4,0
2026-05-02,50,1,wk inc flu hosp,2026-05-09,quantile,0.45,0
2026-05-02,50,1,wk inc flu hosp,2026-05-09,quantile,0.5,1
2026-05-02,50,1,wk inc flu hosp,2026-05-09,quantile,0.55,1
2026-05-02,50,1,wk inc flu hosp,2026-05-09,quantile,0.6,1
2026-05-02,50,1,wk inc flu hosp,2026-05-09,quantile,0.65,2
2026-05-02,50,1,wk inc flu hosp,2026-05-09,quantile,0.7,2
2026-05-02,50,1,wk inc flu hosp,2026-05-09,quantile,0.75,2
2026-05-02,50,1,wk inc flu hosp,2026-05-09,quantile,0.8,3
2026-05-02,50,1,wk inc flu hosp,2026-05-09,quantile,0.85,3
2026-05-02,50,1,wk inc flu hosp,2026-05-09,quantile,0.9,4
2026-05-02,50,1,wk inc flu hosp,2026-05-09,quantile,0.95,5
2026-05-02,50,1,wk inc flu hosp,2026-05-09,quantile,0.975,7
2026-05-02,50,1,wk inc flu hosp,2026-05-09,quantile,0.99,8
2026-05-02,50,2,wk inc flu hosp,2026-05-16,quantile,0.01,0
2026-05-02,50,2,wk inc flu hosp,2026-05-16,quantile,0.025,0
2026-05-02,50,2,wk inc flu hosp,2026-05-16,quantile,0.05,0
2026-05-02,50,2,wk inc flu hosp,2026-05-16,quantile,0.1,0
2026-05-02,50,2,wk inc flu hosp,2026-05-16,quantile,0.15,0
2026-05-02,50,2,wk inc flu hosp,2026-05-16,quantile,0.2,0
2026-05-02,50,2,wk inc flu hosp,2026-05-16,quantile,0.25,0
2026-05-02,50,2,wk inc flu hosp,2026-05-16,quantile,0.3,0
2026-05-02,50,2,wk inc flu hosp,2026-05-16,quantile,0.35,0
2026-05-02,50,2,wk inc flu hosp,2026-05-16,quantile,0.4,0
2026-05-02,50,2,wk inc flu hosp,2026-05-16,quantile,0.45,0
2026-05-02,50,2,wk inc flu hosp,2026-05-16,quantile,0.5,1
2026-05-02,50,2,wk inc flu hosp,2026-05-16,quantile,0.55,1
2026-05-02,50,2,wk inc flu hosp,2026-05-16,quantile,0.6,1
2026-05-02,50,2,wk inc flu hosp,2026-05-16,quantile,0.65,2
2026-05-02,50,2,wk inc flu hosp,2026-05-16,quantile,0.7,2
2026-05-02,50,2,wk inc flu hosp,2026-05-16,quantile,0.75,2
2026-05-02,50,2,wk inc flu hosp,2026-05-16,quantile,0.8,3
2026-05-02,50,2,wk inc flu hosp,2026-05-16,quantile,0.85,4
2026-05-02,50,2,wk inc flu hosp,2026-05-16,quantile,0.9,5
2026-05-02,50,2,wk inc flu hosp,2026-05-16,quantile,0.95,6
2026-05-02,50,2,wk inc flu hosp,2026-05-16,quantile,0.975,8
2026-05-02,50,2,wk inc flu hosp,2026-05-16,quantile,0.99,10
2026-05-02,50,3,wk inc flu hosp,2026-05-23,quantile,0.01,0
2026-05-02,50,3,wk inc flu hosp,2026-05-23,quantile,0.025,0
2026-05-02,50,3,wk inc flu hosp,2026-05-23,quantile,0.05,0
2026-05-02,50,3,wk inc flu hosp,2026-05-23,quantile,0.1,0
2026-05-02,50,3,wk inc flu hosp,2026-05-23,quantile,0.15,0
2026-05-02,50,3,wk inc flu hosp,2026-05-23,quantile,0.2,0
2026-05-02,50,3,wk inc flu hosp,2026-05-23,quantile,0.25,0
2026-05-02,50,3,wk inc flu hosp,2026-05-23,quantile,0.3,0
2026-05-02,50,3,wk inc flu hosp,2026-05-23,quantile,0.35,0
2026-05-02,50,3,wk inc flu hosp,2026-05-23,quantile,0.4,0
2026-05-02,50,3,wk inc flu hosp,2026-05-23,quantile,0.45,0
2026-05-02,50,3,wk inc flu hosp,2026-05-23,quantile,0.5,1
2026-05-02,50,3,wk inc flu hosp,2026-05-23,quantile,0.55,1
2026-05-02,50,3,wk inc flu hosp,2026-05-23,quantile,0.6,1
2026-05-02,50,3,wk inc flu hosp,2026-05-23,quantile,0.65,1
2026-05-02,50,3,wk inc flu hosp,2026-05-23,quantile,0.7,2
2026-05-02,50,3,wk inc flu hosp,2026-05-23,quantile,0.75,2
2026-05-02,50,3,wk inc flu hosp,2026-05-23,quantile,0.8,2
2026-05-02,50,3,wk inc flu hosp,2026-05-23,quantile,0.85,3
2026-05-02,50,3,wk inc flu hosp,2026-05-23,quantile,0.9,5
2026-05-02,50,3,wk inc flu hosp,2026-05-23,quantile,0.95,6
2026-05-02,50,3,wk inc flu hosp,2026-05-23,quantile,0.975,8
2026-05-02,50,3,wk inc flu hosp,2026-05-23,quantile,0.99,11
2026-05-02,51,0,wk inc flu hosp,2026-05-02,quantile,0.01,3
2026-05-02,51,0,wk inc flu hosp,2026-05-02,quantile,0.025,4
2026-05-02,51,0,wk inc flu hosp,2026-05-02,quantile,0.05,4
2026-05-02,51,0,wk inc flu hosp,2026-05-02,quantile,0.1,6
2026-05-02,51,0,wk inc flu hosp,2026-05-02,quantile,0.15,7
2026-05-02,51,0,wk inc flu hosp,2026-05-02,quantile,0.2,8
2026-05-02,51,0,wk inc flu hosp,2026-05-02,quantile,0.25,9
2026-05-02,51,0,wk inc flu hosp,2026-05-02,quantile,0.3,10
2026-05-02,51,0,wk inc flu hosp,2026-05-02,quantile,0.35,12
2026-05-02,51,0,wk inc flu hosp,2026-05-02,quantile,0.4,13
2026-05-02,51,0,wk inc flu hosp,2026-05-02,quantile,0.45,14
2026-05-02,51,0,wk inc flu hosp,2026-05-02,quantile,0.5,15
2026-05-02,51,0,wk inc flu hosp,2026-05-02,quantile,0.55,16
2026-05-02,51,0,wk inc flu hosp,2026-05-02,quantile,0.6,19
2026-05-02,51,0,wk inc flu hosp,2026-05-02,quantile,0.65,20
2026-05-02,51,0,wk inc flu hosp,2026-05-02,quantile,0.7,20
2026-05-02,51,0,wk inc flu hosp,2026-05-02,quantile,0.75,22
2026-05-02,51,0,wk inc flu hosp,2026-05-02,quantile,0.8,24
2026-05-02,51,0,wk inc flu hosp,2026-05-02,quantile,0.85,26
2026-05-02,51,0,wk inc flu hosp,2026-05-02,quantile,0.9,29
2026-05-02,51,0,wk inc flu hosp,2026-05-02,quantile,0.95,38
2026-05-02,51,0,wk inc flu hosp,2026-05-02,quantile,0.975,48
2026-05-02,51,0,wk inc flu hosp,2026-05-02,quantile,0.99,60
2026-05-02,51,1,wk inc flu hosp,2026-05-09,quantile,0.01,0
2026-05-02,51,1,wk inc flu hosp,2026-05-09,quantile,0.025,1
2026-05-02,51,1,wk inc flu hosp,2026-05-09,quantile,0.05,3
2026-05-02,51,1,wk inc flu hosp,2026-05-09,quantile,0.1,5
2026-05-02,51,1,wk inc flu hosp,2026-05-09,quantile,0.15,6
2026-05-02,51,1,wk inc flu hosp,2026-05-09,quantile,0.2,7
2026-05-02,51,1,wk inc flu hosp,2026-05-09,quantile,0.25,9
2026-05-02,51,1,wk inc flu hosp,2026-05-09,quantile,0.3,10
2026-05-02,51,1,wk inc flu hosp,2026-05-09,quantile,0.35,11
2026-05-02,51,1,wk inc flu hosp,2026-05-09,quantile,0.4,11
2026-05-02,51,1,wk inc flu hosp,2026-05-09,quantile,0.45,12
2026-05-02,51,1,wk inc flu hosp,2026-05-09,quantile,0.5,14
2026-05-02,51,1,wk inc flu hosp,2026-05-09,quantile,0.55,15
2026-05-02,51,1,wk inc flu hosp,2026-05-09,quantile,0.6,17
2026-05-02,51,1,wk inc flu hosp,2026-05-09,quantile,0.65,19
2026-05-02,51,1,wk inc flu hosp,2026-05-09,quantile,0.7,20
2026-05-02,51,1,wk inc flu hosp,2026-05-09,quantile,0.75,21
2026-05-02,51,1,wk inc flu hosp,2026-05-09,quantile,0.8,24
2026-05-02,51,1,wk inc flu hosp,2026-05-09,quantile,0.85,26
2026-05-02,51,1,wk inc flu hosp,2026-05-09,quantile,0.9,29
2026-05-02,51,1,wk inc flu hosp,2026-05-09,quantile,0.95,36
2026-05-02,51,1,wk inc flu hosp,2026-05-09,quantile,0.975,46
2026-05-02,51,1,wk inc flu hosp,2026-05-09,quantile,0.99,59
2026-05-02,51,2,wk inc flu hosp,2026-05-16,quantile,0.01,0
2026-05-02,51,2,wk inc flu hosp,2026-05-16,quantile,0.025,0
2026-05-02,51,2,wk inc flu hosp,2026-05-16,quantile,0.05,2
2026-05-02,51,2,wk inc flu hosp,2026-05-16,quantile,0.1,4
2026-05-02,51,2,wk inc flu hosp,2026-05-16,quantile,0.15,5
2026-05-02,51,2,wk inc flu hosp,2026-05-16,quantile,0.2,6
2026-05-02,51,2,wk inc flu hosp,2026-05-16,quantile,0.25,7
2026-05-02,51,2,wk inc flu hosp,2026-05-16,quantile,0.3,9
2026-05-02,51,2,wk inc flu hosp,2026-05-16,quantile,0.35,10
2026-05-02,51,2,wk inc flu hosp,2026-05-16,quantile,0.4,10
2026-05-02,51,2,wk inc flu hosp,2026-05-16,quantile,0.45,11
2026-05-02,51,2,wk inc flu hosp,2026-05-16,quantile,0.5,12
2026-05-02,51,2,wk inc flu hosp,2026-05-16,quantile,0.55,14
2026-05-02,51,2,wk inc flu hosp,2026-05-16,quantile,0.6,16
2026-05-02,51,2,wk inc flu hosp,2026-05-16,quantile,0.65,18
2026-05-02,51,2,wk inc flu hosp,2026-05-16,quantile,0.7,19
2026-05-02,51,2,wk inc flu hosp,2026-05-16,quantile,0.75,20
2026-05-02,51,2,wk inc flu hosp,2026-05-16,quantile,0.8,22
2026-05-02,51,2,wk inc flu hosp,2026-05-16,quantile,0.85,25
2026-05-02,51,2,wk inc flu hosp,2026-05-16,quantile,0.9,29
2026-05-02,51,2,wk inc flu hosp,2026-05-16,quantile,0.95,35
2026-05-02,51,2,wk inc flu hosp,2026-05-16,quantile,0.975,45
2026-05-02,51,2,wk inc flu hosp,2026-05-16,quantile,0.99,61
2026-05-02,51,3,wk inc flu hosp,2026-05-23,quantile,0.01,0
2026-05-02,51,3,wk inc flu hosp,2026-05-23,quantile,0.025,0
2026-05-02,51,3,wk inc flu hosp,2026-05-23,quantile,0.05,1
2026-05-02,51,3,wk inc flu hosp,2026-05-23,quantile,0.1,3
2026-05-02,51,3,wk inc flu hosp,2026-05-23,quantile,0.15,4
2026-05-02,51,3,wk inc flu hosp,2026-05-23,quantile,0.2,5
2026-05-02,51,3,wk inc flu hosp,2026-05-23,quantile,0.25,6
2026-05-02,51,3,wk inc flu hosp,2026-05-23,quantile,0.3,7
2026-05-02,51,3,wk inc flu hosp,2026-05-23,quantile,0.35,8
2026-05-02,51,3,wk inc flu hosp,2026-05-23,quantile,0.4,9
2026-05-02,51,3,wk inc flu hosp,2026-05-23,quantile,0.45,10
2026-05-02,51,3,wk inc flu hosp,2026-05-23,quantile,0.5,11
2026-05-02,51,3,wk inc flu hosp,2026-05-23,quantile,0.55,12
2026-05-02,51,3,wk inc flu hosp,2026-05-23,quantile,0.6,13
2026-05-02,51,3,wk inc flu hosp,2026-05-23,quantile,0.65,15
2026-05-02,51,3,wk inc flu hosp,2026-05-23,quantile,0.7,17
2026-05-02,51,3,wk inc flu hosp,2026-05-23,quantile,0.75,19
2026-05-02,51,3,wk inc flu hosp,2026-05-23,quantile,0.8,21
2026-05-02,51,3,wk inc flu hosp,2026-05-23,quantile,0.85,24
2026-05-02,51,3,wk inc flu hosp,2026-05-23,quantile,0.9,28
2026-05-02,51,3,wk inc flu hosp,2026-05-23,quantile,0.95,38
2026-05-02,51,3,wk inc flu hosp,2026-05-23,quantile,0.975,52
2026-05-02,51,3,wk inc flu hosp,2026-05-23,quantile,0.99,72
2026-05-02,53,0,wk inc flu hosp,2026-05-02,quantile,0.01,9
2026-05-02,53,0,wk inc flu hosp,2026-05-02,quantile,0.025,12
2026-05-02,53,0,wk inc flu hosp,2026-05-02,quantile,0.05,15
2026-05-02,53,0,wk inc flu hosp,2026-05-02,quantile,0.1,18
2026-05-02,53,0,wk inc flu hosp,2026-05-02,quantile,0.15,20
2026-05-02,53,0,wk inc flu hosp,2026-05-02,quantile,0.2,22
2026-05-02,53,0,wk inc flu hosp,2026-05-02,quantile,0.25,23
2026-05-02,53,0,wk inc flu hosp,2026-05-02,quantile,0.3,25
2026-05-02,53,0,wk inc flu hosp,2026-05-02,quantile,0.35,26
2026-05-02,53,0,wk inc flu hosp,2026-05-02,quantile,0.4,29
2026-05-02,53,0,wk inc flu hosp,2026-05-02,quantile,0.45,31
2026-05-02,53,0,wk inc flu hosp,2026-05-02,quantile,0.5,33
2026-05-02,53,0,wk inc flu hosp,2026-05-02,quantile,0.55,34
2026-05-02,53,0,wk inc flu hosp,2026-05-02,quantile,0.6,35
2026-05-02,53,0,wk inc flu hosp,2026-05-02,quantile,0.65,36
2026-05-02,53,0,wk inc flu hosp,2026-05-02,quantile,0.7,39
2026-05-02,53,0,wk inc flu hosp,2026-05-02,quantile,0.75,41
2026-05-02,53,0,wk inc flu hosp,2026-05-02,quantile,0.8,43
2026-05-02,53,0,wk inc flu hosp,2026-05-02,quantile,0.85,47
2026-05-02,53,0,wk inc flu hosp,2026-05-02,quantile,0.9,52
2026-05-02,53,0,wk inc flu hosp,2026-05-02,quantile,0.95,60
2026-05-02,53,0,wk inc flu hosp,2026-05-02,quantile,0.975,67
2026-05-02,53,0,wk inc flu hosp,2026-05-02,quantile,0.99,76
2026-05-02,53,1,wk inc flu hosp,2026-05-09,quantile,0.01,4
2026-05-02,53,1,wk inc flu hosp,2026-05-09,quantile,0.025,8
2026-05-02,53,1,wk inc flu hosp,2026-05-09,quantile,0.05,10
2026-05-02,53,1,wk inc flu hosp,2026-05-09,quantile,0.1,13
2026-05-02,53,1,wk inc flu hosp,2026-05-09,quantile,0.15,15
2026-05-02,53,1,wk inc flu hosp,2026-05-09,quantile,0.2,17
2026-05-02,53,1,wk inc flu hosp,2026-05-09,quantile,0.25,18
2026-05-02,53,1,wk inc flu hosp,2026-05-09,quantile,0.3,20
2026-05-02,53,1,wk inc flu hosp,2026-05-09,quantile,0.35,21
2026-05-02,53,1,wk inc flu hosp,2026-05-09,quantile,0.4,23
2026-05-02,53,1,wk inc flu hosp,2026-05-09,quantile,0.45,25
2026-05-02,53,1,wk inc flu hosp,2026-05-09,quantile,0.5,27
2026-05-02,53,1,wk inc flu hosp,2026-05-09,quantile,0.55,28
2026-05-02,53,1,wk inc flu hosp,2026-05-09,quantile,0.6,30
2026-05-02,53,1,wk inc flu hosp,2026-05-09,quantile,0.65,32
2026-05-02,53,1,wk inc flu hosp,2026-05-09,quantile,0.7,33
2026-05-02,53,1,wk inc flu hosp,2026-05-09,quantile,0.75,36
2026-05-02,53,1,wk inc flu hosp,2026-05-09,quantile,0.8,39
2026-05-02,53,1,wk inc flu hosp,2026-05-09,quantile,0.85,44
2026-05-02,53,1,wk inc flu hosp,2026-05-09,quantile,0.9,49
2026-05-02,53,1,wk inc flu hosp,2026-05-09,quantile,0.95,57
2026-05-02,53,1,wk inc flu hosp,2026-05-09,quantile,0.975,65
2026-05-02,53,1,wk inc flu hosp,2026-05-09,quantile,0.99,78
2026-05-02,53,2,wk inc flu hosp,2026-05-16,quantile,0.01,2
2026-05-02,53,2,wk inc flu hosp,2026-05-16,quantile,0.025,3
2026-05-02,53,2,wk inc flu hosp,2026-05-16,quantile,0.05,5
2026-05-02,53,2,wk inc flu hosp,2026-05-16,quantile,0.1,8
2026-05-02,53,2,wk inc flu hosp,2026-05-16,quantile,0.15,9
2026-05-02,53,2,wk inc flu hosp,2026-05-16,quantile,0.2,11
2026-05-02,53,2,wk inc flu hosp,2026-05-16,quantile,0.25,13
2026-05-02,53,2,wk inc flu hosp,2026-05-16,quantile,0.3,15
2026-05-02,53,2,wk inc flu hosp,2026-05-16,quantile,0.35,16
2026-05-02,53,2,wk inc flu hosp,2026-05-16,quantile,0.4,18
2026-05-02,53,2,wk inc flu hosp,2026-05-16,quantile,0.45,20
2026-05-02,53,2,wk inc flu hosp,2026-05-16,quantile,0.5,24
2026-05-02,53,2,wk inc flu hosp,2026-05-16,quantile,0.55,25
2026-05-02,53,2,wk inc flu hosp,2026-05-16,quantile,0.6,27
2026-05-02,53,2,wk inc flu hosp,2026-05-16,quantile,0.65,30
2026-05-02,53,2,wk inc flu hosp,2026-05-16,quantile,0.7,31
2026-05-02,53,2,wk inc flu hosp,2026-05-16,quantile,0.75,34
2026-05-02,53,2,wk inc flu hosp,2026-05-16,quantile,0.8,37
2026-05-02,53,2,wk inc flu hosp,2026-05-16,quantile,0.85,42
2026-05-02,53,2,wk inc flu hosp,2026-05-16,quantile,0.9,48
2026-05-02,53,2,wk inc flu hosp,2026-05-16,quantile,0.95,58
2026-05-02,53,2,wk inc flu hosp,2026-05-16,quantile,0.975,69
2026-05-02,53,2,wk inc flu hosp,2026-05-16,quantile,0.99,84
2026-05-02,53,3,wk inc flu hosp,2026-05-23,quantile,0.01,1
2026-05-02,53,3,wk inc flu hosp,2026-05-23,quantile,0.025,3
2026-05-02,53,3,wk inc flu hosp,2026-05-23,quantile,0.05,5
2026-05-02,53,3,wk inc flu hosp,2026-05-23,quantile,0.1,8
2026-05-02,53,3,wk inc flu hosp,2026-05-23,quantile,0.15,10
2026-05-02,53,3,wk inc flu hosp,2026-05-23,quantile,0.2,11
2026-05-02,53,3,wk inc flu hosp,2026-05-23,quantile,0.25,12
2026-05-02,53,3,wk inc flu hosp,2026-05-23,quantile,0.3,13
2026-05-02,53,3,wk inc flu hosp,2026-05-23,quantile,0.35,14
2026-05-02,53,3,wk inc flu hosp,2026-05-23,quantile,0.4,16
2026-05-02,53,3,wk inc flu hosp,2026-05-23,quantile,0.45,17
2026-05-02,53,3,wk inc flu hosp,2026-05-23,quantile,0.5,22
2026-05-02,53,3,wk inc flu hosp,2026-05-23,quantile,0.55,24
2026-05-02,53,3,wk inc flu hosp,2026-05-23,quantile,0.6,26
2026-05-02,53,3,wk inc flu hosp,2026-05-23,quantile,0.65,27
2026-05-02,53,3,wk inc flu hosp,2026-05-23,quantile,0.7,30
2026-05-02,53,3,wk inc flu hosp,2026-05-23,quantile,0.75,32
2026-05-02,53,3,wk inc flu hosp,2026-05-23,quantile,0.8,36
2026-05-02,53,3,wk inc flu hosp,2026-05-23,quantile,0.85,43
2026-05-02,53,3,wk inc flu hosp,2026-05-23,quantile,0.9,50
2026-05-02,53,3,wk inc flu hosp,2026-05-23,quantile,0.95,61
2026-05-02,53,3,wk inc flu hosp,2026-05-23,quantile,0.975,74
2026-05-02,53,3,wk inc flu hosp,2026-05-23,quantile,0.99,93
2026-05-02,54,0,wk inc flu hosp,2026-05-02,quantile,0.01,0
2026-05-02,54,0,wk inc flu hosp,2026-05-02,quantile,0.025,1
2026-05-02,54,0,wk inc flu hosp,2026-05-02,quantile,0.05,2
2026-05-02,54,0,wk inc flu hosp,2026-05-02,quantile,0.1,3
2026-05-02,54,0,wk inc flu hosp,2026-05-02,quantile,0.15,4
2026-05-02,54,0,wk inc flu hosp,2026-05-02,quantile,0.2,5
2026-05-02,54,0,wk inc flu hosp,2026-05-02,quantile,0.25,6
2026-05-02,54,0,wk inc flu hosp,2026-05-02,quantile,0.3,7
2026-05-02,54,0,wk inc flu hosp,2026-05-02,quantile,0.35,8
2026-05-02,54,0,wk inc flu hosp,2026-05-02,quantile,0.4,9
2026-05-02,54,0,wk inc flu hosp,2026-05-02,quantile,0.45,9
2026-05-02,54,0,wk inc flu hosp,2026-05-02,quantile,0.5,11
2026-05-02,54,0,wk inc flu hosp,2026-05-02,quantile,0.55,12
2026-05-02,54,0,wk inc flu hosp,2026-05-02,quantile,0.6,13
2026-05-02,54,0,wk inc flu hosp,2026-05-02,quantile,0.65,14
2026-05-02,54,0,wk inc flu hosp,2026-05-02,quantile,0.7,15
2026-05-02,54,0,wk inc flu hosp,2026-05-02,quantile,0.75,17
2026-05-02,54,0,wk inc flu hosp,2026-05-02,quantile,0.8,19
2026-05-02,54,0,wk inc flu hosp,2026-05-02,quantile,0.85,21
2026-05-02,54,0,wk inc flu hosp,2026-05-02,quantile,0.9,23
2026-05-02,54,0,wk inc flu hosp,2026-05-02,quantile,0.95,29
2026-05-02,54,0,wk inc flu hosp,2026-05-02,quantile,0.975,34
2026-05-02,54,0,wk inc flu hosp,2026-05-02,quantile,0.99,43
2026-05-02,54,1,wk inc flu hosp,2026-05-09,quantile,0.01,0
2026-05-02,54,1,wk inc flu hosp,2026-05-09,quantile,0.025,0
2026-05-02,54,1,wk inc flu hosp,2026-05-09,quantile,0.05,0
2026-05-02,54,1,wk inc flu hosp,2026-05-09,quantile,0.1,1
2026-05-02,54,1,wk inc flu hosp,2026-05-09,quantile,0.15,2
2026-05-02,54,1,wk inc flu hosp,2026-05-09,quantile,0.2,3
2026-05-02,54,1,wk inc flu hosp,2026-05-09,quantile,0.25,4
2026-05-02,54,1,wk inc flu hosp,2026-05-09,quantile,0.3,4
2026-05-02,54,1,wk inc flu hosp,2026-05-09,quantile,0.35,5
2026-05-02,54,1,wk inc flu hosp,2026-05-09,quantile,0.4,6
2026-05-02,54,1,wk inc flu hosp,2026-05-09,quantile,0.45,6
2026-05-02,54,1,wk inc flu hosp,2026-05-09,quantile,0.5,8
2026-05-02,54,1,wk inc flu hosp,2026-05-09,quantile,0.55,8
2026-05-02,54,1,wk inc flu hosp,2026-05-09,quantile,0.6,11
2026-05-02,54,1,wk inc flu hosp,2026-05-09,quantile,0.65,12
2026-05-02,54,1,wk inc flu hosp,2026-05-09,quantile,0.7,13
2026-05-02,54,1,wk inc flu hosp,2026-05-09,quantile,0.75,14
2026-05-02,54,1,wk inc flu hosp,2026-05-09,quantile,0.8,16
2026-05-02,54,1,wk inc flu hosp,2026-05-09,quantile,0.85,18
2026-05-02,54,1,wk inc flu hosp,2026-05-09,quantile,0.9,20
2026-05-02,54,1,wk inc flu hosp,2026-05-09,quantile,0.95,25
2026-05-02,54,1,wk inc flu hosp,2026-05-09,quantile,0.975,37
2026-05-02,54,1,wk inc flu hosp,2026-05-09,quantile,0.99,46
2026-05-02,54,2,wk inc flu hosp,2026-05-16,quantile,0.01,0
2026-05-02,54,2,wk inc flu hosp,2026-05-16,quantile,0.025,0
2026-05-02,54,2,wk inc flu hosp,2026-05-16,quantile,0.05,0
2026-05-02,54,2,wk inc flu hosp,2026-05-16,quantile,0.1,0
2026-05-02,54,2,wk inc flu hosp,2026-05-16,quantile,0.15,1
2026-05-02,54,2,wk inc flu hosp,2026-05-16,quantile,0.2,1
2026-05-02,54,2,wk inc flu hosp,2026-05-16,quantile,0.25,2
2026-05-02,54,2,wk inc flu hosp,2026-05-16,quantile,0.3,2
2026-05-02,54,2,wk inc flu hosp,2026-05-16,quantile,0.35,3
2026-05-02,54,2,wk inc flu hosp,2026-05-16,quantile,0.4,3
2026-05-02,54,2,wk inc flu hosp,2026-05-16,quantile,0.45,4
2026-05-02,54,2,wk inc flu hosp,2026-05-16,quantile,0.5,5
2026-05-02,54,2,wk inc flu hosp,2026-05-16,quantile,0.55,6
2026-05-02,54,2,wk inc flu hosp,2026-05-16,quantile,0.6,7
2026-05-02,54,2,wk inc flu hosp,2026-05-16,quantile,0.65,8
2026-05-02,54,2,wk inc flu hosp,2026-05-16,quantile,0.7,10
2026-05-02,54,2,wk inc flu hosp,2026-05-16,quantile,0.75,12
2026-05-02,54,2,wk inc flu hosp,2026-05-16,quantile,0.8,15
2026-05-02,54,2,wk inc flu hosp,2026-05-16,quantile,0.85,16
2026-05-02,54,2,wk inc flu hosp,2026-05-16,quantile,0.9,19
2026-05-02,54,2,wk inc flu hosp,2026-05-16,quantile,0.95,25
2026-05-02,54,2,wk inc flu hosp,2026-05-16,quantile,0.975,34
2026-05-02,54,2,wk inc flu hosp,2026-05-16,quantile,0.99,44
2026-05-02,54,3,wk inc flu hosp,2026-05-23,quantile,0.01,0
2026-05-02,54,3,wk inc flu hosp,2026-05-23,quantile,0.025,0
2026-05-02,54,3,wk inc flu hosp,2026-05-23,quantile,0.05,0
2026-05-02,54,3,wk inc flu hosp,2026-05-23,quantile,0.1,0
2026-05-02,54,3,wk inc flu hosp,2026-05-23,quantile,0.15,0
2026-05-02,54,3,wk inc flu hosp,2026-05-23,quantile,0.2,1
2026-05-02,54,3,wk inc flu hosp,2026-05-23,quantile,0.25,1
2026-05-02,54,3,wk inc flu hosp,2026-05-23,quantile,0.3,1
2026-05-02,54,3,wk inc flu hosp,2026-05-23,quantile,0.35,2
2026-05-02,54,3,wk inc flu hosp,2026-05-23,quantile,0.4,2
2026-05-02,54,3,wk inc flu hosp,2026-05-23,quantile,0.45,2
2026-05-02,54,3,wk inc flu hosp,2026-05-23,quantile,0.5,4
2026-05-02,54,3,wk inc flu hosp,2026-05-23,quantile,0.55,5
2026-05-02,54,3,wk inc flu hosp,2026-05-23,quantile,0.6,6
2026-05-02,54,3,wk inc flu hosp,2026-05-23,quantile,0.65,7
2026-05-02,54,3,wk inc flu hosp,2026-05-23,quantile,0.7,8
2026-05-02,54,3,wk inc flu hosp,2026-05-23,quantile,0.75,11
2026-05-02,54,3,wk inc flu hosp,2026-05-23,quantile,0.8,13
2026-05-02,54,3,wk inc flu hosp,2026-05-23,quantile,0.85,16
2026-05-02,54,3,wk inc flu hosp,2026-05-23,quantile,0.9,19
2026-05-02,54,3,wk inc flu hosp,2026-05-23,quantile,0.95,24
2026-05-02,54,3,wk inc flu hosp,2026-05-23,quantile,0.975,34
2026-05-02,54,3,wk inc flu hosp,2026-05-23,quantile,0.99,49
2026-05-02,55,0,wk inc flu hosp,2026-05-02,quantile,0.01,1
2026-05-02,55,0,wk inc flu hosp,2026-05-02,quantile,0.025,2
2026-05-02,55,0,wk inc flu hosp,2026-05-02,quantile,0.05,4
2026-05-02,55,0,wk inc flu hosp,2026-05-02,quantile,0.1,6
2026-05-02,55,0,wk inc flu hosp,2026-05-02,quantile,0.15,7
2026-05-02,55,0,wk inc flu hosp,2026-05-02,quantile,0.2,9
2026-05-02,55,0,wk inc flu hosp,2026-05-02,quantile,0.25,10
2026-05-02,55,0,wk inc flu hosp,2026-05-02,quantile,0.3,12
2026-05-02,55,0,wk inc flu hosp,2026-05-02,quantile,0.35,13
2026-05-02,55,0,wk inc flu hosp,2026-05-02,quantile,0.4,14
2026-05-02,55,0,wk inc flu hosp,2026-05-02,quantile,0.45,16
2026-05-02,55,0,wk inc flu hosp,2026-05-02,quantile,0.5,18
2026-05-02,55,0,wk inc flu hosp,2026-05-02,quantile,0.55,19
2026-05-02,55,0,wk inc flu hosp,2026-05-02,quantile,0.6,21
2026-05-02,55,0,wk inc flu hosp,2026-05-02,quantile,0.65,22
2026-05-02,55,0,wk inc flu hosp,2026-05-02,quantile,0.7,24
2026-05-02,55,0,wk inc flu hosp,2026-05-02,quantile,0.75,25
2026-05-02,55,0,wk inc flu hosp,2026-05-02,quantile,0.8,27
2026-05-02,55,0,wk inc flu hosp,2026-05-02,quantile,0.85,32
2026-05-02,55,0,wk inc flu hosp,2026-05-02,quantile,0.9,35
2026-05-02,55,0,wk inc flu hosp,2026-05-02,quantile,0.95,42
2026-05-02,55,0,wk inc flu hosp,2026-05-02,quantile,0.975,49
2026-05-02,55,0,wk inc flu hosp,2026-05-02,quantile,0.99,64
2026-05-02,55,1,wk inc flu hosp,2026-05-09,quantile,0.01,0
2026-05-02,55,1,wk inc flu hosp,2026-05-09,quantile,0.025,0
2026-05-02,55,1,wk inc flu hosp,2026-05-09,quantile,0.05,1
2026-05-02,55,1,wk inc flu hosp,2026-05-09,quantile,0.1,1
2026-05-02,55,1,wk inc flu hosp,2026-05-09,quantile,0.15,2
2026-05-02,55,1,wk inc flu hosp,2026-05-09,quantile,0.2,6
2026-05-02,55,1,wk inc flu hosp,2026-05-09,quantile,0.25,6
2026-05-02,55,1,wk inc flu hosp,2026-05-09,quantile,0.3,7
2026-05-02,55,1,wk inc flu hosp,2026-05-09,quantile,0.35,8
2026-05-02,55,1,wk inc flu hosp,2026-05-09,quantile,0.4,10
2026-05-02,55,1,wk inc flu hosp,2026-05-09,quantile,0.45,12
2026-05-02,55,1,wk inc flu hosp,2026-05-09,quantile,0.5,13
2026-05-02,55,1,wk inc flu hosp,2026-05-09,quantile,0.55,15
2026-05-02,55,1,wk inc flu hosp,2026-05-09,quantile,0.6,16
2026-05-02,55,1,wk inc flu hosp,2026-05-09,quantile,0.65,19
2026-05-02,55,1,wk inc flu hosp,2026-05-09,quantile,0.7,21
2026-05-02,55,1,wk inc flu hosp,2026-05-09,quantile,0.75,23
2026-05-02,55,1,wk inc flu hosp,2026-05-09,quantile,0.8,24
2026-05-02,55,1,wk inc flu hosp,2026-05-09,quantile,0.85,28
2026-05-02,55,1,wk inc flu hosp,2026-05-09,quantile,0.9,33
2026-05-02,55,1,wk inc flu hosp,2026-05-09,quantile,0.95,40
2026-05-02,55,1,wk inc flu hosp,2026-05-09,quantile,0.975,48
2026-05-02,55,1,wk inc flu hosp,2026-05-09,quantile,0.99,62
2026-05-02,55,2,wk inc flu hosp,2026-05-16,quantile,0.01,0
2026-05-02,55,2,wk inc flu hosp,2026-05-16,quantile,0.025,0
2026-05-02,55,2,wk inc flu hosp,2026-05-16,quantile,0.05,0
2026-05-02,55,2,wk inc flu hosp,2026-05-16,quantile,0.1,2
2026-05-02,55,2,wk inc flu hosp,2026-05-16,quantile,0.15,3
2026-05-02,55,2,wk inc flu hosp,2026-05-16,quantile,0.2,4
2026-05-02,55,2,wk inc flu hosp,2026-05-16,quantile,0.25,4
2026-05-02,55,2,wk inc flu hosp,2026-05-16,quantile,0.3,6
2026-05-02,55,2,wk inc flu hosp,2026-05-16,quantile,0.35,7
2026-05-02,55,2,wk inc flu hosp,2026-05-16,quantile,0.4,8
2026-05-02,55,2,wk inc flu hosp,2026-05-16,quantile,0.45,9
2026-05-02,55,2,wk inc flu hosp,2026-05-16,quantile,0.5,11
2026-05-02,55,2,wk inc flu hosp,2026-05-16,quantile,0.55,12
2026-05-02,55,2,wk inc flu hosp,2026-05-16,quantile,0.6,14
2026-05-02,55,2,wk inc flu hosp,2026-05-16,quantile,0.65,16
2026-05-02,55,2,wk inc flu hosp,2026-05-16,quantile,0.7,18
2026-05-02,55,2,wk inc flu hosp,2026-05-16,quantile,0.75,21
2026-05-02,55,2,wk inc flu hosp,2026-05-16,quantile,0.8,23
2026-05-02,55,2,wk inc flu hosp,2026-05-16,quantile,0.85,26
2026-05-02,55,2,wk inc flu hosp,2026-05-16,quantile,0.9,30
2026-05-02,55,2,wk inc flu hosp,2026-05-16,quantile,0.95,41
2026-05-02,55,2,wk inc flu hosp,2026-05-16,quantile,0.975,51
2026-05-02,55,2,wk inc flu hosp,2026-05-16,quantile,0.99,69
2026-05-02,55,3,wk inc flu hosp,2026-05-23,quantile,0.01,0
2026-05-02,55,3,wk inc flu hosp,2026-05-23,quantile,0.025,0
2026-05-02,55,3,wk inc flu hosp,2026-05-23,quantile,0.05,0
2026-05-02,55,3,wk inc flu hosp,2026-05-23,quantile,0.1,0
2026-05-02,55,3,wk inc flu hosp,2026-05-23,quantile,0.15,1
2026-05-02,55,3,wk inc flu hosp,2026-05-23,quantile,0.2,2
2026-05-02,55,3,wk inc flu hosp,2026-05-23,quantile,0.25,3
2026-05-02,55,3,wk inc flu hosp,2026-05-23,quantile,0.3,4
2026-05-02,55,3,wk inc flu hosp,2026-05-23,quantile,0.35,5
2026-05-02,55,3,wk inc flu hosp,2026-05-23,quantile,0.4,6
2026-05-02,55,3,wk inc flu hosp,2026-05-23,quantile,0.45,8
2026-05-02,55,3,wk inc flu hosp,2026-05-23,quantile,0.5,9
2026-05-02,55,3,wk inc flu hosp,2026-05-23,quantile,0.55,10
2026-05-02,55,3,wk inc flu hosp,2026-05-23,quantile,0.6,12
2026-05-02,55,3,wk inc flu hosp,2026-05-23,quantile,0.65,14
2026-05-02,55,3,wk inc flu hosp,2026-05-23,quantile,0.7,17
2026-05-02,55,3,wk inc flu hosp,2026-05-23,quantile,0.75,19
2026-05-02,55,3,wk inc flu hosp,2026-05-23,quantile,0.8,21
2026-05-02,55,3,wk inc flu hosp,2026-05-23,quantile,0.85,23
2026-05-02,55,3,wk inc flu hosp,2026-05-23,quantile,0.9,28
2026-05-02,55,3,wk inc flu hosp,2026-05-23,quantile,0.95,39
2026-05-02,55,3,wk inc flu hosp,2026-05-23,quantile,0.975,60
2026-05-02,55,3,wk inc flu hosp,2026-05-23,quantile,0.99,81
2026-05-02,56,0,wk inc flu hosp,2026-05-02,quantile,0.01,0
2026-05-02,56,0,wk inc flu hosp,2026-05-02,quantile,0.025,0
2026-05-02,56,0,wk inc flu hosp,2026-05-02,quantile,0.05,0
2026-05-02,56,0,wk inc flu hosp,2026-05-02,quantile,0.1,0
2026-05-02,56,0,wk inc flu hosp,2026-05-02,quantile,0.15,0
2026-05-02,56,0,wk inc flu hosp,2026-05-02,quantile,0.2,0
2026-05-02,56,0,wk inc flu hosp,2026-05-02,quantile,0.25,0
2026-05-02,56,0,wk inc flu hosp,2026-05-02,quantile,0.3,0
2026-05-02,56,0,wk inc flu hosp,2026-05-02,quantile,0.35,0
2026-05-02,56,0,wk inc flu hosp,2026-05-02,quantile,0.4,0
2026-05-02,56,0,wk inc flu hosp,2026-05-02,quantile,0.45,0
2026-05-02,56,0,wk inc flu hosp,2026-05-02,quantile,0.5,1
2026-05-02,56,0,wk inc flu hosp,2026-05-02,quantile,0.55,2
2026-05-02,56,0,wk inc flu hosp,2026-05-02,quantile,0.6,2
2026-05-02,56,0,wk inc flu hosp,2026-05-02,quantile,0.65,2
2026-05-02,56,0,wk inc flu hosp,2026-05-02,quantile,0.7,3
2026-05-02,56,0,wk inc flu hosp,2026-05-02,quantile,0.75,3
2026-05-02,56,0,wk inc flu hosp,2026-05-02,quantile,0.8,4
2026-05-02,56,0,wk inc flu hosp,2026-05-02,quantile,0.85,5
2026-05-02,56,0,wk inc flu hosp,2026-05-02,quantile,0.9,5
2026-05-02,56,0,wk inc flu hosp,2026-05-02,quantile,0.95,6
2026-05-02,56,0,wk inc flu hosp,2026-05-02,quantile,0.975,8
2026-05-02,56,0,wk inc flu hosp,2026-05-02,quantile,0.99,10
2026-05-02,56,1,wk inc flu hosp,2026-05-09,quantile,0.01,0
2026-05-02,56,1,wk inc flu hosp,2026-05-09,quantile,0.025,0
2026-05-02,56,1,wk inc flu hosp,2026-05-09,quantile,0.05,0
2026-05-02,56,1,wk inc flu hosp,2026-05-09,quantile,0.1,0
2026-05-02,56,1,wk inc flu hosp,2026-05-09,quantile,0.15,0
2026-05-02,56,1,wk inc flu hosp,2026-05-09,quantile,0.2,0
2026-05-02,56,1,wk inc flu hosp,2026-05-09,quantile,0.25,0
2026-05-02,56,1,wk inc flu hosp,2026-05-09,quantile,0.3,0
2026-05-02,56,1,wk inc flu hosp,2026-05-09,quantile,0.35,0
2026-05-02,56,1,wk inc flu hosp,2026-05-09,quantile,0.4,0
2026-05-02,56,1,wk inc flu hosp,2026-05-09,quantile,0.45,0
2026-05-02,56,1,wk inc flu hosp,2026-05-09,quantile,0.5,1
2026-05-02,56,1,wk inc flu hosp,2026-05-09,quantile,0.55,2
2026-05-02,56,1,wk inc flu hosp,2026-05-09,quantile,0.6,2
2026-05-02,56,1,wk inc flu hosp,2026-05-09,quantile,0.65,2
2026-05-02,56,1,wk inc flu hosp,2026-05-09,quantile,0.7,3
2026-05-02,56,1,wk inc flu hosp,2026-05-09,quantile,0.75,3
2026-05-02,56,1,wk inc flu hosp,2026-05-09,quantile,0.8,4
2026-05-02,56,1,wk inc flu hosp,2026-05-09,quantile,0.85,5
2026-05-02,56,1,wk inc flu hosp,2026-05-09,quantile,0.9,6
2026-05-02,56,1,wk inc flu hosp,2026-05-09,quantile,0.95,7
2026-05-02,56,1,wk inc flu hosp,2026-05-09,quantile,0.975,8
2026-05-02,56,1,wk inc flu hosp,2026-05-09,quantile,0.99,12
2026-05-02,56,2,wk inc flu hosp,2026-05-16,quantile,0.01,0
2026-05-02,56,2,wk inc flu hosp,2026-05-16,quantile,0.025,0
2026-05-02,56,2,wk inc flu hosp,2026-05-16,quantile,0.05,0
2026-05-02,56,2,wk inc flu hosp,2026-05-16,quantile,0.1,0
2026-05-02,56,2,wk inc flu hosp,2026-05-16,quantile,0.15,0
2026-05-02,56,2,wk inc flu hosp,2026-05-16,quantile,0.2,0
2026-05-02,56,2,wk inc flu hosp,2026-05-16,quantile,0.25,0
2026-05-02,56,2,wk inc flu hosp,2026-05-16,quantile,0.3,0
2026-05-02,56,2,wk inc flu hosp,2026-05-16,quantile,0.35,0
2026-05-02,56,2,wk inc flu hosp,2026-05-16,quantile,0.4,0
2026-05-02,56,2,wk inc flu hosp,2026-05-16,quantile,0.45,0
2026-05-02,56,2,wk inc flu hosp,2026-05-16,quantile,0.5,1
2026-05-02,56,2,wk inc flu hosp,2026-05-16,quantile,0.55,1
2026-05-02,56,2,wk inc flu hosp,2026-05-16,quantile,0.6,2
2026-05-02,56,2,wk inc flu hosp,2026-05-16,quantile,0.65,2
2026-05-02,56,2,wk inc flu hosp,2026-05-16,quantile,0.7,2
2026-05-02,56,2,wk inc flu hosp,2026-05-16,quantile,0.75,3
2026-05-02,56,2,wk inc flu hosp,2026-05-16,quantile,0.8,3
2026-05-02,56,2,wk inc flu hosp,2026-05-16,quantile,0.85,4
2026-05-02,56,2,wk inc flu hosp,2026-05-16,quantile,0.9,5
2026-05-02,56,2,wk inc flu hosp,2026-05-16,quantile,0.95,8
2026-05-02,56,2,wk inc flu hosp,2026-05-16,quantile,0.975,10
2026-05-02,56,2,wk inc flu hosp,2026-05-16,quantile,0.99,13
2026-05-02,56,3,wk inc flu hosp,2026-05-23,quantile,0.01,0
2026-05-02,56,3,wk inc flu hosp,2026-05-23,quantile,0.025,0
2026-05-02,56,3,wk inc flu hosp,2026-05-23,quantile,0.05,0
2026-05-02,56,3,wk inc flu hosp,2026-05-23,quantile,0.1,0
2026-05-02,56,3,wk inc flu hosp,2026-05-23,quantile,0.15,0
2026-05-02,56,3,wk inc flu hosp,2026-05-23,quantile,0.2,0
2026-05-02,56,3,wk inc flu hosp,2026-05-23,quantile,0.25,0
2026-05-02,56,3,wk inc flu hosp,2026-05-23,quantile,0.3,0
2026-05-02,56,3,wk inc flu hosp,2026-05-23,quantile,0.35,0
2026-05-02,56,3,wk inc flu hosp,2026-05-23,quantile,0.4,0
2026-05-02,56,3,wk inc flu hosp,2026-05-23,quantile,0.45,0
2026-05-02,56,3,wk inc flu hosp,2026-05-23,quantile,0.5,1
2026-05-02,56,3,wk inc flu hosp,2026-05-23,quantile,0.55,1
2026-05-02,56,3,wk inc flu hosp,2026-05-23,quantile,0.6,1
2026-05-02,56,3,wk inc flu hosp,2026-05-23,quantile,0.65,2
2026-05-02,56,3,wk inc flu hosp,2026-05-23,quantile,0.7,2
2026-05-02,56,3,wk inc flu hosp,2026-05-23,quantile,0.75,3
2026-05-02,56,3,wk inc flu hosp,2026-05-23,quantile,0.8,3
2026-05-02,56,3,wk inc flu hosp,2026-05-23,quantile,0.85,4
2026-05-02,56,3,wk inc flu hosp,2026-05-23,quantile,0.9,5
2026-05-02,56,3,wk inc flu hosp,2026-05-23,quantile,0.95,8
2026-05-02,56,3,wk inc flu hosp,2026-05-23,quantile,0.975,10
2026-05-02,56,3,wk inc flu hosp,2026-05-23,quantile,0.99,12
2026-05-02,72,0,wk inc flu hosp,2026-05-02,quantile,0.01,23
2026-05-02,72,0,wk inc flu hosp,2026-05-02,quantile,0.025,28
2026-05-02,72,0,wk inc flu hosp,2026-05-02,quantile,0.05,32
2026-05-02,72,0,wk inc flu hosp,2026-05-02,quantile,0.1,38
2026-05-02,72,0,wk inc flu hosp,2026-05-02,quantile,0.15,43
2026-05-02,72,0,wk inc flu hosp,2026-05-02,quantile,0.2,46
2026-05-02,72,0,wk inc flu hosp,2026-05-02,quantile,0.25,50
2026-05-02,72,0,wk inc flu hosp,2026-05-02,quantile,0.3,53
2026-05-02,72,0,wk inc flu hosp,2026-05-02,quantile,0.35,56
2026-05-02,72,0,wk inc flu hosp,2026-05-02,quantile,0.4,61
2026-05-02,72,0,wk inc flu hosp,2026-05-02,quantile,0.45,65
2026-05-02,72,0,wk inc flu hosp,2026-05-02,quantile,0.5,69
2026-05-02,72,0,wk inc flu hosp,2026-05-02,quantile,0.55,73
2026-05-02,72,0,wk inc flu hosp,2026-05-02,quantile,0.6,76
2026-05-02,72,0,wk inc flu hosp,2026-05-02,quantile,0.65,80
2026-05-02,72,0,wk inc flu hosp,2026-05-02,quantile,0.7,85
2026-05-02,72,0,wk inc flu hosp,2026-05-02,quantile,0.75,91
2026-05-02,72,0,wk inc flu hosp,2026-05-02,quantile,0.8,97
2026-05-02,72,0,wk inc flu hosp,2026-05-02,quantile,0.85,104
2026-05-02,72,0,wk inc flu hosp,2026-05-02,quantile,0.9,113
2026-05-02,72,0,wk inc flu hosp,2026-05-02,quantile,0.95,127
2026-05-02,72,0,wk inc flu hosp,2026-05-02,quantile,0.975,139
2026-05-02,72,0,wk inc flu hosp,2026-05-02,quantile,0.99,155
2026-05-02,72,1,wk inc flu hosp,2026-05-09,quantile,0.01,17
2026-05-02,72,1,wk inc flu hosp,2026-05-09,quantile,0.025,23
2026-05-02,72,1,wk inc flu hosp,2026-05-09,quantile,0.05,29
2026-05-02,72,1,wk inc flu hosp,2026-05-09,quantile,0.1,35
2026-05-02,72,1,wk inc flu hosp,2026-05-09,quantile,0.15,40
2026-05-02,72,1,wk inc flu hosp,2026-05-09,quantile,0.2,45
2026-05-02,72,1,wk inc flu hosp,2026-05-09,quantile,0.25,49
2026-05-02,72,1,wk inc flu hosp,2026-05-09,quantile,0.3,52
2026-05-02,72,1,wk inc flu hosp,2026-05-09,quantile,0.35,56
2026-05-02,72,1,wk inc flu hosp,2026-05-09,quantile,0.4,60
2026-05-02,72,1,wk inc flu hosp,2026-05-09,quantile,0.45,64
2026-05-02,72,1,wk inc flu hosp,2026-05-09,quantile,0.5,69
2026-05-02,72,1,wk inc flu hosp,2026-05-09,quantile,0.55,74
2026-05-02,72,1,wk inc flu hosp,2026-05-09,quantile,0.6,79
2026-05-02,72,1,wk inc flu hosp,2026-05-09,quantile,0.65,84
2026-05-02,72,1,wk inc flu hosp,2026-05-09,quantile,0.7,90
2026-05-02,72,1,wk inc flu hosp,2026-05-09,quantile,0.75,96
2026-05-02,72,1,wk inc flu hosp,2026-05-09,quantile,0.8,102
2026-05-02,72,1,wk inc flu hosp,2026-05-09,quantile,0.85,108
2026-05-02,72,1,wk inc flu hosp,2026-05-09,quantile,0.9,118
2026-05-02,72,1,wk inc flu hosp,2026-05-09,quantile,0.95,139
2026-05-02,72,1,wk inc flu hosp,2026-05-09,quantile,0.975,163
2026-05-02,72,1,wk inc flu hosp,2026-05-09,quantile,0.99,183
2026-05-02,72,2,wk inc flu hosp,2026-05-16,quantile,0.01,12
2026-05-02,72,2,wk inc flu hosp,2026-05-16,quantile,0.025,16
2026-05-02,72,2,wk inc flu hosp,2026-05-16,quantile,0.05,21
2026-05-02,72,2,wk inc flu hosp,2026-05-16,quantile,0.1,27
2026-05-02,72,2,wk inc flu hosp,2026-05-16,quantile,0.15,33
2026-05-02,72,2,wk inc flu hosp,2026-05-16,quantile,0.2,38
2026-05-02,72,2,wk inc flu hosp,2026-05-16,quantile,0.25,42
2026-05-02,72,2,wk inc flu hosp,2026-05-16,quantile,0.3,44
2026-05-02,72,2,wk inc flu hosp,2026-05-16,quantile,0.35,48
2026-05-02,72,2,wk inc flu hosp,2026-05-16,quantile,0.4,54
2026-05-02,72,2,wk inc flu hosp,2026-05-16,quantile,0.45,58
2026-05-02,72,2,wk inc flu hosp,2026-05-16,quantile,0.5,64
2026-05-02,72,2,wk inc flu hosp,2026-05-16,quantile,0.55,69
2026-05-02,72,2,wk inc flu hosp,2026-05-16,quantile,0.6,73
2026-05-02,72,2,wk inc flu hosp,2026-05-16,quantile,0.65,78
2026-05-02,72,2,wk inc flu hosp,2026-05-16,quantile,0.7,85
2026-05-02,72,2,wk inc flu hosp,2026-05-16,quantile,0.75,92
2026-05-02,72,2,wk inc flu hosp,2026-05-16,quantile,0.8,100
2026-05-02,72,2,wk inc flu hosp,2026-05-16,quantile,0.85,110
2026-05-02,72,2,wk inc flu hosp,2026-05-16,quantile,0.9,120
2026-05-02,72,2,wk inc flu hosp,2026-05-16,quantile,0.95,150
2026-05-02,72,2,wk inc flu hosp,2026-05-16,quantile,0.975,177
2026-05-02,72,2,wk inc flu hosp,2026-05-16,quantile,0.99,203
2026-05-02,72,3,wk inc flu hosp,2026-05-23,quantile,0.01,10
2026-05-02,72,3,wk inc flu hosp,2026-05-23,quantile,0.025,13
2026-05-02,72,3,wk inc flu hosp,2026-05-23,quantile,0.05,18
2026-05-02,72,3,wk inc flu hosp,2026-05-23,quantile,0.1,24
2026-05-02,72,3,wk inc flu hosp,2026-05-23,quantile,0.15,30
2026-05-02,72,3,wk inc flu hosp,2026-05-23,quantile,0.2,34
2026-05-02,72,3,wk inc flu hosp,2026-05-23,quantile,0.25,38
2026-05-02,72,3,wk inc flu hosp,2026-05-23,quantile,0.3,42
2026-05-02,72,3,wk inc flu hosp,2026-05-23,quantile,0.35,45
2026-05-02,72,3,wk inc flu hosp,2026-05-23,quantile,0.4,48
2026-05-02,72,3,wk inc flu hosp,2026-05-23,quantile,0.45,53
2026-05-02,72,3,wk inc flu hosp,2026-05-23,quantile,0.5,59
2026-05-02,72,3,wk inc flu hosp,2026-05-23,quantile,0.55,63
2026-05-02,72,3,wk inc flu hosp,2026-05-23,quantile,0.6,67
2026-05-02,72,3,wk inc flu hosp,2026-05-23,quantile,0.65,71
2026-05-02,72,3,wk inc flu hosp,2026-05-23,quantile,0.7,78
2026-05-02,72,3,wk inc flu hosp,2026-05-23,quantile,0.75,86
2026-05-02,72,3,wk inc flu hosp,2026-05-23,quantile,0.8,96
2026-05-02,72,3,wk inc flu hosp,2026-05-23,quantile,0.85,109
2026-05-02,72,3,wk inc flu hosp,2026-05-23,quantile,0.9,120
2026-05-02,72,3,wk inc flu hosp,2026-05-23,quantile,0.95,157
2026-05-02,72,3,wk inc flu hosp,2026-05-23,quantile,0.975,192
2026-05-02,72,3,wk inc flu hosp,2026-05-23,quantile,0.99,227
2026-05-02,US,0,wk inc flu hosp,2026-05-02,quantile,0.01,553
2026-05-02,US,0,wk inc flu hosp,2026-05-02,quantile,0.025,654
2026-05-02,US,0,wk inc flu hosp,2026-05-02,quantile,0.05,748
2026-05-02,US,0,wk inc flu hosp,2026-05-02,quantile,0.1,905
2026-05-02,US,0,wk inc flu hosp,2026-05-02,quantile,0.15,951
2026-05-02,US,0,wk inc flu hosp,2026-05-02,quantile,0.2,1015
2026-05-02,US,0,wk inc flu hosp,2026-05-02,quantile,0.25,1072
2026-05-02,US,0,wk inc flu hosp,2026-05-02,quantile,0.3,1153
2026-05-02,US,0,wk inc flu hosp,2026-05-02,quantile,0.35,1232
2026-05-02,US,0,wk inc flu hosp,2026-05-02,quantile,0.4,1299
2026-05-02,US,0,wk inc flu hosp,2026-05-02,quantile,0.45,1361
2026-05-02,US,0,wk inc flu hosp,2026-05-02,quantile,0.5,1393
2026-05-02,US,0,wk inc flu hosp,2026-05-02,quantile,0.55,1433
2026-05-02,US,0,wk inc flu hosp,2026-05-02,quantile,0.6,1514
2026-05-02,US,0,wk inc flu hosp,2026-05-02,quantile,0.65,1565
2026-05-02,US,0,wk inc flu hosp,2026-05-02,quantile,0.7,1651
2026-05-02,US,0,wk inc flu hosp,2026-05-02,quantile,0.75,1718
2026-05-02,US,0,wk inc flu hosp,2026-05-02,quantile,0.8,1839
2026-05-02,US,0,wk inc flu hosp,2026-05-02,quantile,0.85,1946
2026-05-02,US,0,wk inc flu hosp,2026-05-02,quantile,0.9,2038
2026-05-02,US,0,wk inc flu hosp,2026-05-02,quantile,0.95,2318
2026-05-02,US,0,wk inc flu hosp,2026-05-02,quantile,0.975,2554
2026-05-02,US,0,wk inc flu hosp,2026-05-02,quantile,0.99,2828
2026-05-02,US,1,wk inc flu hosp,2026-05-09,quantile,0.01,323
2026-05-02,US,1,wk inc flu hosp,2026-05-09,quantile,0.025,447
2026-05-02,US,1,wk inc flu hosp,2026-05-09,quantile,0.05,618
2026-05-02,US,1,wk inc flu hosp,2026-05-09,quantile,0.1,704
2026-05-02,US,1,wk inc flu hosp,2026-05-09,quantile,0.15,810
2026-05-02,US,1,wk inc flu hosp,2026-05-09,quantile,0.2,875
2026-05-02,US,1,wk inc flu hosp,2026-05-09,quantile,0.25,958
2026-05-02,US,1,wk inc flu hosp,2026-05-09,quantile,0.3,1018
2026-05-02,US,1,wk inc flu hosp,2026-05-09,quantile,0.35,1068
2026-05-02,US,1,wk inc flu hosp,2026-05-09,quantile,0.4,1123
2026-05-02,US,1,wk inc flu hosp,2026-05-09,quantile,0.45,1181
2026-05-02,US,1,wk inc flu hosp,2026-05-09,quantile,0.5,1227
2026-05-02,US,1,wk inc flu hosp,2026-05-09,quantile,0.55,1309
2026-05-02,US,1,wk inc flu hosp,2026-05-09,quantile,0.6,1348
2026-05-02,US,1,wk inc flu hosp,2026-05-09,quantile,0.65,1431
2026-05-02,US,1,wk inc flu hosp,2026-05-09,quantile,0.7,1493
2026-05-02,US,1,wk inc flu hosp,2026-05-09,quantile,0.75,1649
2026-05-02,US,1,wk inc flu hosp,2026-05-09,quantile,0.8,1735
2026-05-02,US,1,wk inc flu hosp,2026-05-09,quantile,0.85,1806
2026-05-02,US,1,wk inc flu hosp,2026-05-09,quantile,0.9,1932
2026-05-02,US,1,wk inc flu hosp,2026-05-09,quantile,0.95,2240
2026-05-02,US,1,wk inc flu hosp,2026-05-09,quantile,0.975,2620
2026-05-02,US,1,wk inc flu hosp,2026-05-09,quantile,0.99,3016
2026-05-02,US,2,wk inc flu hosp,2026-05-16,quantile,0.01,143
2026-05-02,US,2,wk inc flu hosp,2026-05-16,quantile,0.025,294
2026-05-02,US,2,wk inc flu hosp,2026-05-16,quantile,0.05,376
2026-05-02,US,2,wk inc flu hosp,2026-05-16,quantile,0.1,480
2026-05-02,US,2,wk inc flu hosp,2026-05-16,quantile,0.15,564
2026-05-02,US,2,wk inc flu hosp,2026-05-16,quantile,0.2,633
2026-05-02,US,2,wk inc flu hosp,2026-05-16,quantile,0.25,719
2026-05-02,US,2,wk inc flu hosp,2026-05-16,quantile,0.3,792
2026-05-02,US,2,wk inc flu hosp,2026-05-16,quantile,0.35,869
2026-05-02,US,2,wk inc flu hosp,2026-05-16,quantile,0.4,942
2026-05-02,US,2,wk inc flu hosp,2026-05-16,quantile,0.45,998
2026-05-02,US,2,wk inc flu hosp,2026-05-16,quantile,0.5,1061
2026-05-02,US,2,wk inc flu hosp,2026-05-16,quantile,0.55,1109
2026-05-02,US,2,wk inc flu hosp,2026-05-16,quantile,0.6,1166
2026-05-02,US,2,wk inc flu hosp,2026-05-16,quantile,0.65,1275
2026-05-02,US,2,wk inc flu hosp,2026-05-16,quantile,0.7,1350
2026-05-02,US,2,wk inc flu hosp,2026-05-16,quantile,0.75,1407
2026-05-02,US,2,wk inc flu hosp,2026-05-16,quantile,0.8,1491
2026-05-02,US,2,wk inc flu hosp,2026-05-16,quantile,0.85,1666
2026-05-02,US,2,wk inc flu hosp,2026-05-16,quantile,0.9,1853
2026-05-02,US,2,wk inc flu hosp,2026-05-16,quantile,0.95,2085
2026-05-02,US,2,wk inc flu hosp,2026-05-16,quantile,0.975,2413
2026-05-02,US,2,wk inc flu hosp,2026-05-16,quantile,0.99,2936
2026-05-02,US,3,wk inc flu hosp,2026-05-23,quantile,0.01,31
2026-05-02,US,3,wk inc flu hosp,2026-05-23,quantile,0.025,109
2026-05-02,US,3,wk inc flu hosp,2026-05-23,quantile,0.05,206
2026-05-02,US,3,wk inc flu hosp,2026-05-23,quantile,0.1,351
2026-05-02,US,3,wk inc flu hosp,2026-05-23,quantile,0.15,463
2026-05-02,US,3,wk inc flu hosp,2026-05-23,quantile,0.2,578
2026-05-02,US,3,wk inc flu hosp,2026-05-23,quantile,0.25,623
2026-05-02,US,3,wk inc flu hosp,2026-05-23,quantile,0.3,693
2026-05-02,US,3,wk inc flu hosp,2026-05-23,quantile,0.35,781
2026-05-02,US,3,wk inc flu hosp,2026-05-23,quantile,0.4,827
2026-05-02,US,3,wk inc flu hosp,2026-05-23,quantile,0.45,868
2026-05-02,US,3,wk inc flu hosp,2026-05-23,quantile,0.5,1000
2026-05-02,US,3,wk inc flu hosp,2026-05-23,quantile,0.55,1057
2026-05-02,US,3,wk inc flu hosp,2026-05-23,quantile,0.6,1111
2026-05-02,US,3,wk inc flu hosp,2026-05-23,quantile,0.65,1206
2026-05-02,US,3,wk inc flu hosp,2026-05-23,quantile,0.7,1315
2026-05-02,US,3,wk inc flu hosp,2026-05-23,quantile,0.75,1389
2026-05-02,US,3,wk inc flu hosp,2026-05-23,quantile,0.8,1487
2026-05-02,US,3,wk inc flu hosp,2026-05-23,quantile,0.85,1662
2026-05-02,US,3,wk inc flu hosp,2026-05-23,quantile,0.9,1825
2026-05-02,US,3,wk inc flu hosp,2026-05-23,quantile,0.95,2208
2026-05-02,US,3,wk inc flu hosp,2026-05-23,quantile,0.975,2505
2026-05-02,US,3,wk inc flu hosp,2026-05-23,quantile,0.99,3001
