reference_date,location,horizon,target,target_end_date,output_type,output_type_id,value
2026-03-07,01,0,wk inc flu hosp,2026-03-07,quantile,0.01,63
2026-03-07,01,0,wk inc flu hosp,2026-03-07,quantile,0.025,77
2026-03-07,01,0,wk inc flu hosp,2026-03-07,quantile,0.05,87
2026-03-07,01,0,wk inc flu hosp,2026-03-07,quantile,0.1,102
2026-03-07,01,0,wk inc flu hosp,2026-03-07,quantile,0.15,114
2026-03-07,01,0,wk inc flu hosp,2026-03-07,quantile,0.2,121
2026-03-07,01,0,wk inc flu hosp,2026-03-07,quantile,0.25,126
2026-03-07,01,0,wk inc flu hosp,2026-03-07,quantile,0.3,133
2026-03-07,01,0,wk inc flu hosp,2026-03-07,quantile,0.35,138
2026-03-07,01,0,wk inc flu hosp,2026-03-07,quantile,0.4,143
2026-03-07,01,0,wk inc flu hosp,2026-03-07,quantile,0.45,150
2026-03-07,01,0,wk inc flu hosp,2026-03-07,quantile,0.5,158
2026-03-07,01,0,wk inc flu hosp,2026-03-07,quantile,0.55,162
2026-03-07,01,0,wk inc flu hosp,2026-03-07,quantile,0.6,169
2026-03-07,01,0,wk inc flu hosp,2026-03-07,quantile,0.65,177
2026-03-07,01,0,wk inc flu hosp,2026-03-07,quantile,0.7,187
2026-03-07,01,0,wk inc flu hosp,2026-03-07,quantile,0.75,192
2026-03-07,01,0,wk inc flu hosp,2026-03-07,quantile,0.8,198
2026-03-07,01,0,wk inc flu hosp,2026-03-07,quantile,0.85,213
2026-03-07,01,0,wk inc flu hosp,2026-03-07,quantile,0.9,225
2026-03-07,01,0,wk inc flu hosp,2026-03-07,quantile,0.95,255
2026-03-07,01,0,wk inc flu hosp,2026-03-07,quantile,0.975,277
2026-03-07,01,0,wk inc flu hosp,2026-03-07,quantile,0.99,311
2026-03-07,01,1,wk inc flu hosp,2026-03-14,quantile,0.01,36
2026-03-07,01,1,wk inc flu hosp,2026-03-14,quantile,0.025,48
2026-03-07,01,1,wk inc flu hosp,2026-03-14,quantile,0.05,58
2026-03-07,01,1,wk inc flu hosp,2026-03-14,quantile,0.1,77
2026-03-07,01,1,wk inc flu hosp,2026-03-14,quantile,0.15,88
2026-03-07,01,1,wk inc flu hosp,2026-03-14,quantile,0.2,95
2026-03-07,01,1,wk inc flu hosp,2026-03-14,quantile,0.25,100
2026-03-07,01,1,wk inc flu hosp,2026-03-14,quantile,0.3,107
2026-03-07,01,1,wk inc flu hosp,2026-03-14,quantile,0.35,114
2026-03-07,01,1,wk inc flu hosp,2026-03-14,quantile,0.4,118
2026-03-07,01,1,wk inc flu hosp,2026-03-14,quantile,0.45,124
2026-03-07,01,1,wk inc flu hosp,2026-03-14,quantile,0.5,132
2026-03-07,01,1,wk inc flu hosp,2026-03-14,quantile,0.55,141
2026-03-07,01,1,wk inc flu hosp,2026-03-14,quantile,0.6,149
2026-03-07,01,1,wk inc flu hosp,2026-03-14,quantile,0.65,158
2026-03-07,01,1,wk inc flu hosp,2026-03-14,quantile,0.7,165
2026-03-07,01,1,wk inc flu hosp,2026-03-14,quantile,0.75,176
2026-03-07,01,1,wk inc flu hosp,2026-03-14,quantile,0.8,188
2026-03-07,01,1,wk inc flu hosp,2026-03-14,quantile,0.85,205
2026-03-07,01,1,wk inc flu hosp,2026-03-14,quantile,0.9,218
2026-03-07,01,1,wk inc flu hosp,2026-03-14,quantile,0.95,246
2026-03-07,01,1,wk inc flu hosp,2026-03-14,quantile,0.975,273
2026-03-07,01,1,wk inc flu hosp,2026-03-14,quantile,0.99,325
2026-03-07,01,2,wk inc flu hosp,2026-03-21,quantile,0.01,22
2026-03-07,01,2,wk inc flu hosp,2026-03-21,quantile,0.025,29
2026-03-07,01,2,wk inc flu hosp,2026-03-21,quantile,0.05,38
2026-03-07,01,2,wk inc flu hosp,2026-03-21,quantile,0.1,57
2026-03-07,01,2,wk inc flu hosp,2026-03-21,quantile,0.15,64
2026-03-07,01,2,wk inc flu hosp,2026-03-21,quantile,0.2,73
2026-03-07,01,2,wk inc flu hosp,2026-03-21,quantile,0.25,79
2026-03-07,01,2,wk inc flu hosp,2026-03-21,quantile,0.3,85
2026-03-07,01,2,wk inc flu hosp,2026-03-21,quantile,0.35,93
2026-03-07,01,2,wk inc flu hosp,2026-03-21,quantile,0.4,97
2026-03-07,01,2,wk inc flu hosp,2026-03-21,quantile,0.45,103
2026-03-07,01,2,wk inc flu hosp,2026-03-21,quantile,0.5,105
2026-03-07,01,2,wk inc flu hosp,2026-03-21,quantile,0.55,115
2026-03-07,01,2,wk inc flu hosp,2026-03-21,quantile,0.6,122
2026-03-07,01,2,wk inc flu hosp,2026-03-21,quantile,0.65,130
2026-03-07,01,2,wk inc flu hosp,2026-03-21,quantile,0.7,139
2026-03-07,01,2,wk inc flu hosp,2026-03-21,quantile,0.75,150
2026-03-07,01,2,wk inc flu hosp,2026-03-21,quantile,0.8,165
2026-03-07,01,2,wk inc flu hosp,2026-03-21,quantile,0.85,179
2026-03-07,01,2,wk inc flu hosp,2026-03-21,quantile,0.9,204
2026-03-07,01,2,wk inc flu hosp,2026-03-21,quantile,0.95,242
2026-03-07,01,2,wk inc flu hosp,2026-03-21,quantile,0.975,291
2026-03-07,01,2,wk inc flu hosp,2026-03-21,quantile,0.99,349
2026-03-07,01,3,wk inc flu hosp,2026-03-28,quantile,0.01,7
2026-03-07,01,3,wk inc flu hosp,2026-03-28,quantile,0.025,14
2026-03-07,01,3,wk inc flu hosp,2026-03-28,quantile,0.05,26
2026-03-07,01,3,wk inc flu hosp,2026-03-28,quantile,0.1,39
2026-03-07,01,3,wk inc flu hosp,2026-03-28,quantile,0.15,49
2026-03-07,01,3,wk inc flu hosp,2026-03-28,quantile,0.2,57
2026-03-07,01,3,wk inc flu hosp,2026-03-28,quantile,0.25,61
2026-03-07,01,3,wk inc flu hosp,2026-03-28,quantile,0.3,66
2026-03-07,01,3,wk inc flu hosp,2026-03-28,quantile,0.35,71
2026-03-07,01,3,wk inc flu hosp,2026-03-28,quantile,0.4,77
2026-03-07,01,3,wk inc flu hosp,2026-03-28,quantile,0.45,80
2026-03-07,01,3,wk inc flu hosp,2026-03-28,quantile,0.5,85
2026-03-07,01,3,wk inc flu hosp,2026-03-28,quantile,0.55,94
2026-03-07,01,3,wk inc flu hosp,2026-03-28,quantile,0.6,105
2026-03-07,01,3,wk inc flu hosp,2026-03-28,quantile,0.65,117
2026-03-07,01,3,wk inc flu hosp,2026-03-28,quantile,0.7,126
2026-03-07,01,3,wk inc flu hosp,2026-03-28,quantile,0.75,136
2026-03-07,01,3,wk inc flu hosp,2026-03-28,quantile,0.8,146
2026-03-07,01,3,wk inc flu hosp,2026-03-28,quantile,0.85,166
2026-03-07,01,3,wk inc flu hosp,2026-03-28,quantile,0.9,184
2026-03-07,01,3,wk inc flu hosp,2026-03-28,quantile,0.95,226
2026-03-07,01,3,wk inc flu hosp,2026-03-28,quantile,0.975,287
2026-03-07,01,3,wk inc flu hosp,2026-03-28,quantile,0.99,337
2026-03-07,02,0,wk inc flu hosp,2026-03-07,quantile,0.01,0
2026-03-07,02,0,wk inc flu hosp,2026-03-07,quantile,0.025,0
2026-03-07,02,0,wk inc flu hosp,2026-03-07,quantile,0.05,0
2026-03-07,02,0,wk inc flu hosp,2026-03-07,quantile,0.1,1
2026-03-07,02,0,wk inc flu hosp,2026-03-07,quantile,0.15,1
2026-03-07,02,0,wk inc flu hosp,2026-03-07,quantile,0.2,1
2026-03-07,02,0,wk inc flu hosp,2026-03-07,quantile,0.25,2
2026-03-07,02,0,wk inc flu hosp,2026-03-07,quantile,0.3,2
2026-03-07,02,0,wk inc flu hosp,2026-03-07,quantile,0.35,2
2026-03-07,02,0,wk inc flu hosp,2026-03-07,quantile,0.4,3
2026-03-07,02,0,wk inc flu hosp,2026-03-07,quantile,0.45,3
2026-03-07,02,0,wk inc flu hosp,2026-03-07,quantile,0.5,4
2026-03-07,02,0,wk inc flu hosp,2026-03-07,quantile,0.55,4
2026-03-07,02,0,wk inc flu hosp,2026-03-07,quantile,0.6,5
2026-03-07,02,0,wk inc flu hosp,2026-03-07,quantile,0.65,5
2026-03-07,02,0,wk inc flu hosp,2026-03-07,quantile,0.7,5
2026-03-07,02,0,wk inc flu hosp,2026-03-07,quantile,0.75,6
2026-03-07,02,0,wk inc flu hosp,2026-03-07,quantile,0.8,7
2026-03-07,02,0,wk inc flu hosp,2026-03-07,quantile,0.85,8
2026-03-07,02,0,wk inc flu hosp,2026-03-07,quantile,0.9,9
2026-03-07,02,0,wk inc flu hosp,2026-03-07,quantile,0.95,12
2026-03-07,02,0,wk inc flu hosp,2026-03-07,quantile,0.975,14
2026-03-07,02,0,wk inc flu hosp,2026-03-07,quantile,0.99,16
2026-03-07,02,1,wk inc flu hosp,2026-03-14,quantile,0.01,0
2026-03-07,02,1,wk inc flu hosp,2026-03-14,quantile,0.025,0
2026-03-07,02,1,wk inc flu hosp,2026-03-14,quantile,0.05,0
2026-03-07,02,1,wk inc flu hosp,2026-03-14,quantile,0.1,0
2026-03-07,02,1,wk inc flu hosp,2026-03-14,quantile,0.15,0
2026-03-07,02,1,wk inc flu hosp,2026-03-14,quantile,0.2,1
2026-03-07,02,1,wk inc flu hosp,2026-03-14,quantile,0.25,1
2026-03-07,02,1,wk inc flu hosp,2026-03-14,quantile,0.3,1
2026-03-07,02,1,wk inc flu hosp,2026-03-14,quantile,0.35,2
2026-03-07,02,1,wk inc flu hosp,2026-03-14,quantile,0.4,2
2026-03-07,02,1,wk inc flu hosp,2026-03-14,quantile,0.45,2
2026-03-07,02,1,wk inc flu hosp,2026-03-14,quantile,0.5,3
2026-03-07,02,1,wk inc flu hosp,2026-03-14,quantile,0.55,4
2026-03-07,02,1,wk inc flu hosp,2026-03-14,quantile,0.6,4
2026-03-07,02,1,wk inc flu hosp,2026-03-14,quantile,0.65,5
2026-03-07,02,1,wk inc flu hosp,2026-03-14,quantile,0.7,5
2026-03-07,02,1,wk inc flu hosp,2026-03-14,quantile,0.75,6
2026-03-07,02,1,wk inc flu hosp,2026-03-14,quantile,0.8,6
2026-03-07,02,1,wk inc flu hosp,2026-03-14,quantile,0.85,8
2026-03-07,02,1,wk inc flu hosp,2026-03-14,quantile,0.9,9
2026-03-07,02,1,wk inc flu hosp,2026-03-14,quantile,0.95,12
2026-03-07,02,1,wk inc flu hosp,2026-03-14,quantile,0.975,14
2026-03-07,02,1,wk inc flu hosp,2026-03-14,quantile,0.99,17
2026-03-07,02,2,wk inc flu hosp,2026-03-21,quantile,0.01,0
2026-03-07,02,2,wk inc flu hosp,2026-03-21,quantile,0.025,0
2026-03-07,02,2,wk inc flu hosp,2026-03-21,quantile,0.05,0
2026-03-07,02,2,wk inc flu hosp,2026-03-21,quantile,0.1,0
2026-03-07,02,2,wk inc flu hosp,2026-03-21,quantile,0.15,0
2026-03-07,02,2,wk inc flu hosp,2026-03-21,quantile,0.2,0
2026-03-07,02,2,wk inc flu hosp,2026-03-21,quantile,0.25,1
2026-03-07,02,2,wk inc flu hosp,2026-03-21,quantile,0.3,1
2026-03-07,02,2,wk inc flu hosp,2026-03-21,quantile,0.35,1
2026-03-07,02,2,wk inc flu hosp,2026-03-21,quantile,0.4,2
2026-03-07,02,2,wk inc flu hosp,2026-03-21,quantile,0.45,2
2026-03-07,02,2,wk inc flu hosp,2026-03-21,quantile,0.5,3
2026-03-07,02,2,wk inc flu hosp,2026-03-21,quantile,0.55,3
2026-03-07,02,2,wk inc flu hosp,2026-03-21,quantile,0.6,4
2026-03-07,02,2,wk inc flu hosp,2026-03-21,quantile,0.65,4
2026-03-07,02,2,wk inc flu hosp,2026-03-21,quantile,0.7,5
2026-03-07,02,2,wk inc flu hosp,2026-03-21,quantile,0.75,6
2026-03-07,02,2,wk inc flu hosp,2026-03-21,quantile,0.8,6
2026-03-07,02,2,wk inc flu hosp,2026-03-21,quantile,0.85,8
2026-03-07,02,2,wk inc flu hosp,2026-03-21,quantile,0.9,9
2026-03-07,02,2,wk inc flu hosp,2026-03-21,quantile,0.95,11
2026-03-07,02,2,wk inc flu hosp,2026-03-21,quantile,0.975,15
2026-03-07,02,2,wk inc flu hosp,2026-03-21,quantile,0.99,18
2026-03-07,02,3,wk inc flu hosp,2026-03-28,quantile,0.01,0
2026-03-07,02,3,wk inc flu hosp,2026-03-28,quantile,0.025,0
2026-03-07,02,3,wk inc flu hosp,2026-03-28,quantile,0.05,0
2026-03-07,02,3,wk inc flu hosp,2026-03-28,quantile,0.1,0
2026-03-07,02,3,wk inc flu hosp,2026-03-28,quantile,0.15,0
2026-03-07,02,3,wk inc flu hosp,2026-03-28,quantile,0.2,0
2026-03-07,02,3,wk inc flu hosp,2026-03-28,quantile,0.25,0
2026-03-07,02,3,wk inc flu hosp,2026-03-28,quantile,0.3,1
2026-03-07,02,3,wk inc flu hosp,2026-03-28,quantile,0.35,1
2026-03-07,02,3,wk inc flu hosp,2026-03-28,quantile,0.4,1
2026-03-07,02,3,wk inc flu hosp,2026-03-28,quantile,0.45,2
2026-03-07,02,3,wk inc flu hosp,2026-03-28,quantile,0.5,3
2026-03-07,02,3,wk inc flu hosp,2026-03-28,quantile,0.55,3
2026-03-07,02,3,wk inc flu hosp,2026-03-28,quantile,0.6,4
2026-03-07,02,3,wk inc flu hosp,2026-03-28,quantile,0.65,4
2026-03-07,02,3,wk inc flu hosp,2026-03-28,quantile,0.7,5
2026-03-07,02,3,wk inc flu hosp,2026-03-28,quantile,0.75,5
2026-03-07,02,3,wk inc flu hosp,2026-03-28,quantile,0.8,6
2026-03-07,02,3,wk inc flu hosp,2026-03-28,quantile,0.85,8
2026-03-07,02,3,wk inc flu hosp,2026-03-28,quantile,0.9,11
2026-03-07,02,3,wk inc flu hosp,2026-03-28,quantile,0.95,13
2026-03-07,02,3,wk inc flu hosp,2026-03-28,quantile,0.975,16
2026-03-07,02,3,wk inc flu hosp,2026-03-28,quantile,0.99,22
2026-03-07,04,0,wk inc flu hosp,2026-03-07,quantile,0.01,93
2026-03-07,04,0,wk inc flu hosp,2026-03-07,quantile,0.025,109
2026-03-07,04,0,wk inc flu hosp,2026-03-07,quantile,0.05,123
2026-03-07,04,0,wk inc flu hosp,2026-03-07,quantile,0.1,147
2026-03-07,04,0,wk inc flu hosp,2026-03-07,quantile,0.15,164
2026-03-07,04,0,wk inc flu hosp,2026-03-07,quantile,0.2,177
2026-03-07,04,0,wk inc flu hosp,2026-03-07,quantile,0.25,187
2026-03-07,04,0,wk inc flu hosp,2026-03-07,quantile,0.3,197
2026-03-07,04,0,wk inc flu hosp,2026-03-07,quantile,0.35,205
2026-03-07,04,0,wk inc flu hosp,2026-03-07,quantile,0.4,213
2026-03-07,04,0,wk inc flu hosp,2026-03-07,quantile,0.45,223
2026-03-07,04,0,wk inc flu hosp,2026-03-07,quantile,0.5,236
2026-03-07,04,0,wk inc flu hosp,2026-03-07,quantile,0.55,245
2026-03-07,04,0,wk inc flu hosp,2026-03-07,quantile,0.6,255
2026-03-07,04,0,wk inc flu hosp,2026-03-07,quantile,0.65,266
2026-03-07,04,0,wk inc flu hosp,2026-03-07,quantile,0.7,273
2026-03-07,04,0,wk inc flu hosp,2026-03-07,quantile,0.75,280
2026-03-07,04,0,wk inc flu hosp,2026-03-07,quantile,0.8,296
2026-03-07,04,0,wk inc flu hosp,2026-03-07,quantile,0.85,315
2026-03-07,04,0,wk inc flu hosp,2026-03-07,quantile,0.9,348
2026-03-07,04,0,wk inc flu hosp,2026-03-07,quantile,0.95,381
2026-03-07,04,0,wk inc flu hosp,2026-03-07,quantile,0.975,427
2026-03-07,04,0,wk inc flu hosp,2026-03-07,quantile,0.99,457
2026-03-07,04,1,wk inc flu hosp,2026-03-14,quantile,0.01,61
2026-03-07,04,1,wk inc flu hosp,2026-03-14,quantile,0.025,87
2026-03-07,04,1,wk inc flu hosp,2026-03-14,quantile,0.05,100
2026-03-07,04,1,wk inc flu hosp,2026-03-14,quantile,0.1,118
2026-03-07,04,1,wk inc flu hosp,2026-03-14,quantile,0.15,127
2026-03-07,04,1,wk inc flu hosp,2026-03-14,quantile,0.2,142
2026-03-07,04,1,wk inc flu hosp,2026-03-14,quantile,0.25,151
2026-03-07,04,1,wk inc flu hosp,2026-03-14,quantile,0.3,165
2026-03-07,04,1,wk inc flu hosp,2026-03-14,quantile,0.35,179
2026-03-07,04,1,wk inc flu hosp,2026-03-14,quantile,0.4,191
2026-03-07,04,1,wk inc flu hosp,2026-03-14,quantile,0.45,198
2026-03-07,04,1,wk inc flu hosp,2026-03-14,quantile,0.5,206
2026-03-07,04,1,wk inc flu hosp,2026-03-14,quantile,0.55,214
2026-03-07,04,1,wk inc flu hosp,2026-03-14,quantile,0.6,227
2026-03-07,04,1,wk inc flu hosp,2026-03-14,quantile,0.65,239
2026-03-07,04,1,wk inc flu hosp,2026-03-14,quantile,0.7,252
2026-03-07,04,1,wk inc flu hosp,2026-03-14,quantile,0.75,265
2026-03-07,04,1,wk inc flu hosp,2026-03-14,quantile,0.8,284
2026-03-07,04,1,wk inc flu hosp,2026-03-14,quantile,0.85,312
2026-03-07,04,1,wk inc flu hosp,2026-03-14,quantile,0.9,346
2026-03-07,04,1,wk inc flu hosp,2026-03-14,quantile,0.95,406
2026-03-07,04,1,wk inc flu hosp,2026-03-14,quantile,0.975,457
2026-03-07,04,1,wk inc flu hosp,2026-03-14,quantile,0.99,513
2026-03-07,04,2,wk inc flu hosp,2026-03-21,quantile,0.01,48
2026-03-07,04,2,wk inc flu hosp,2026-03-21,quantile,0.025,60
2026-03-07,04,2,wk inc flu hosp,2026-03-21,quantile,0.05,67
2026-03-07,04,2,wk inc flu hosp,2026-03-21,quantile,0.1,83
2026-03-07,04,2,wk inc flu hosp,2026-03-21,quantile,0.15,99
2026-03-07,04,2,wk inc flu hosp,2026-03-21,quantile,0.2,108
2026-03-07,04,2,wk inc flu hosp,2026-03-21,quantile,0.25,115
2026-03-07,04,2,wk inc flu hosp,2026-03-21,quantile,0.3,126
2026-03-07,04,2,wk inc flu hosp,2026-03-21,quantile,0.35,141
2026-03-07,04,2,wk inc flu hosp,2026-03-21,quantile,0.4,151
2026-03-07,04,2,wk inc flu hosp,2026-03-21,quantile,0.45,162
2026-03-07,04,2,wk inc flu hosp,2026-03-21,quantile,0.5,172
2026-03-07,04,2,wk inc flu hosp,2026-03-21,quantile,0.55,187
2026-03-07,04,2,wk inc flu hosp,2026-03-21,quantile,0.6,199
2026-03-07,04,2,wk inc flu hosp,2026-03-21,quantile,0.65,212
2026-03-07,04,2,wk inc flu hosp,2026-03-21,quantile,0.7,234
2026-03-07,04,2,wk inc flu hosp,2026-03-21,quantile,0.75,261
2026-03-07,04,2,wk inc flu hosp,2026-03-21,quantile,0.8,281
2026-03-07,04,2,wk inc flu hosp,2026-03-21,quantile,0.85,314
2026-03-07,04,2,wk inc flu hosp,2026-03-21,quantile,0.9,339
2026-03-07,04,2,wk inc flu hosp,2026-03-21,quantile,0.95,420
2026-03-07,04,2,wk inc flu hosp,2026-03-21,quantile,0.975,490
2026-03-07,04,2,wk inc flu hosp,2026-03-21,quantile,0.99,539
2026-03-07,04,3,wk inc flu hosp,2026-03-28,quantile,0.01,34
2026-03-07,04,3,wk inc flu hosp,2026-03-28,quantile,0.025,42
2026-03-07,04,3,wk inc flu hosp,2026-03-28,quantile,0.05,56
2026-03-07,04,3,wk inc flu hosp,2026-03-28,quantile,0.1,70
2026-03-07,04,3,wk inc flu hosp,2026-03-28,quantile,0.15,77
2026-03-07,04,3,wk inc flu hosp,2026-03-28,quantile,0.2,83
2026-03-07,04,3,wk inc flu hosp,2026-03-28,quantile,0.25,89
2026-03-07,04,3,wk inc flu hosp,2026-03-28,quantile,0.3,99
2026-03-07,04,3,wk inc flu hosp,2026-03-28,quantile,0.35,108
2026-03-07,04,3,wk inc flu hosp,2026-03-28,quantile,0.4,120
2026-03-07,04,3,wk inc flu hosp,2026-03-28,quantile,0.45,134
2026-03-07,04,3,wk inc flu hosp,2026-03-28,quantile,0.5,151
2026-03-07,04,3,wk inc flu hosp,2026-03-28,quantile,0.55,164
2026-03-07,04,3,wk inc flu hosp,2026-03-28,quantile,0.6,180
2026-03-07,04,3,wk inc flu hosp,2026-03-28,quantile,0.65,189
2026-03-07,04,3,wk inc flu hosp,2026-03-28,quantile,0.7,210
2026-03-07,04,3,wk inc flu hosp,2026-03-28,quantile,0.75,234
2026-03-07,04,3,wk inc flu hosp,2026-03-28,quantile,0.8,261
2026-03-07,04,3,wk inc flu hosp,2026-03-28,quantile,0.85,284
2026-03-07,04,3,wk inc flu hosp,2026-03-28,quantile,0.9,327
2026-03-07,04,3,wk inc flu hosp,2026-03-28,quantile,0.95,399
2026-03-07,04,3,wk inc flu hosp,2026-03-28,quantile,0.975,495
2026-03-07,04,3,wk inc flu hosp,2026-03-28,quantile,0.99,575
2026-03-07,05,0,wk inc flu hosp,2026-03-07,quantile,0.01,44
2026-03-07,05,0,wk inc flu hosp,2026-03-07,quantile,0.025,53
2026-03-07,05,0,wk inc flu hosp,2026-03-07,quantile,0.05,61
2026-03-07,05,0,wk inc flu hosp,2026-03-07,quantile,0.1,70
2026-03-07,05,0,wk inc flu hosp,2026-03-07,quantile,0.15,74
2026-03-07,05,0,wk inc flu hosp,2026-03-07,quantile,0.2,79
2026-03-07,05,0,wk inc flu hosp,2026-03-07,quantile,0.25,84
2026-03-07,05,0,wk inc flu hosp,2026-03-07,quantile,0.3,89
2026-03-07,05,0,wk inc flu hosp,2026-03-07,quantile,0.35,96
2026-03-07,05,0,wk inc flu hosp,2026-03-07,quantile,0.4,102
2026-03-07,05,0,wk inc flu hosp,2026-03-07,quantile,0.45,104
2026-03-07,05,0,wk inc flu hosp,2026-03-07,quantile,0.5,109
2026-03-07,05,0,wk inc flu hosp,2026-03-07,quantile,0.55,115
2026-03-07,05,0,wk inc flu hosp,2026-03-07,quantile,0.6,124
2026-03-07,05,0,wk inc flu hosp,2026-03-07,quantile,0.65,131
2026-03-07,05,0,wk inc flu hosp,2026-03-07,quantile,0.7,136
2026-03-07,05,0,wk inc flu hosp,2026-03-07,quantile,0.75,141
2026-03-07,05,0,wk inc flu hosp,2026-03-07,quantile,0.8,147
2026-03-07,05,0,wk inc flu hosp,2026-03-07,quantile,0.85,152
2026-03-07,05,0,wk inc flu hosp,2026-03-07,quantile,0.9,166
2026-03-07,05,0,wk inc flu hosp,2026-03-07,quantile,0.95,184
2026-03-07,05,0,wk inc flu hosp,2026-03-07,quantile,0.975,196
2026-03-07,05,0,wk inc flu hosp,2026-03-07,quantile,0.99,219
2026-03-07,05,1,wk inc flu hosp,2026-03-14,quantile,0.01,26
2026-03-07,05,1,wk inc flu hosp,2026-03-14,quantile,0.025,31
2026-03-07,05,1,wk inc flu hosp,2026-03-14,quantile,0.05,41
2026-03-07,05,1,wk inc flu hosp,2026-03-14,quantile,0.1,52
2026-03-07,05,1,wk inc flu hosp,2026-03-14,quantile,0.15,57
2026-03-07,05,1,wk inc flu hosp,2026-03-14,quantile,0.2,64
2026-03-07,05,1,wk inc flu hosp,2026-03-14,quantile,0.25,71
2026-03-07,05,1,wk inc flu hosp,2026-03-14,quantile,0.3,74
2026-03-07,05,1,wk inc flu hosp,2026-03-14,quantile,0.35,81
2026-03-07,05,1,wk inc flu hosp,2026-03-14,quantile,0.4,86
2026-03-07,05,1,wk inc flu hosp,2026-03-14,quantile,0.45,88
2026-03-07,05,1,wk inc flu hosp,2026-03-14,quantile,0.5,94
2026-03-07,05,1,wk inc flu hosp,2026-03-14,quantile,0.55,98
2026-03-07,05,1,wk inc flu hosp,2026-03-14,quantile,0.6,103
2026-03-07,05,1,wk inc flu hosp,2026-03-14,quantile,0.65,108
2026-03-07,05,1,wk inc flu hosp,2026-03-14,quantile,0.7,113
2026-03-07,05,1,wk inc flu hosp,2026-03-14,quantile,0.75,120
2026-03-07,05,1,wk inc flu hosp,2026-03-14,quantile,0.8,128
2026-03-07,05,1,wk inc flu hosp,2026-03-14,quantile,0.85,139
2026-03-07,05,1,wk inc flu hosp,2026-03-14,quantile,0.9,157
2026-03-07,05,1,wk inc flu hosp,2026-03-14,quantile,0.95,177
2026-03-07,05,1,wk inc flu hosp,2026-03-14,quantile,0.975,198
2026-03-07,05,1,wk inc flu hosp,2026-03-14,quantile,0.99,216
2026-03-07,05,2,wk inc flu hosp,2026-03-21,quantile,0.01,18
2026-03-07,05,2,wk inc flu hosp,2026-03-21,quantile,0.025,23
2026-03-07,05,2,wk inc flu hosp,2026-03-21,quantile,0.05,31
2026-03-07,05,2,wk inc flu hosp,2026-03-21,quantile,0.1,37
2026-03-07,05,2,wk inc flu hosp,2026-03-21,quantile,0.15,43
2026-03-07,05,2,wk inc flu hosp,2026-03-21,quantile,0.2,50
2026-03-07,05,2,wk inc flu hosp,2026-03-21,quantile,0.25,55
2026-03-07,05,2,wk inc flu hosp,2026-03-21,quantile,0.3,60
2026-03-07,05,2,wk inc flu hosp,2026-03-21,quantile,0.35,66
2026-03-07,05,2,wk inc flu hosp,2026-03-21,quantile,0.4,70
2026-03-07,05,2,wk inc flu hosp,2026-03-21,quantile,0.45,75
2026-03-07,05,2,wk inc flu hosp,2026-03-21,quantile,0.5,81
2026-03-07,05,2,wk inc flu hosp,2026-03-21,quantile,0.55,88
2026-03-07,05,2,wk inc flu hosp,2026-03-21,quantile,0.6,94
2026-03-07,05,2,wk inc flu hosp,2026-03-21,quantile,0.65,100
2026-03-07,05,2,wk inc flu hosp,2026-03-21,quantile,0.7,106
2026-03-07,05,2,wk inc flu hosp,2026-03-21,quantile,0.75,114
2026-03-07,05,2,wk inc flu hosp,2026-03-21,quantile,0.8,124
2026-03-07,05,2,wk inc flu hosp,2026-03-21,quantile,0.85,133
2026-03-07,05,2,wk inc flu hosp,2026-03-21,quantile,0.9,156
2026-03-07,05,2,wk inc flu hosp,2026-03-21,quantile,0.95,180
2026-03-07,05,2,wk inc flu hosp,2026-03-21,quantile,0.975,197
2026-03-07,05,2,wk inc flu hosp,2026-03-21,quantile,0.99,217
2026-03-07,05,3,wk inc flu hosp,2026-03-28,quantile,0.01,11
2026-03-07,05,3,wk inc flu hosp,2026-03-28,quantile,0.025,16
2026-03-07,05,3,wk inc flu hosp,2026-03-28,quantile,0.05,19
2026-03-07,05,3,wk inc flu hosp,2026-03-28,quantile,0.1,24
2026-03-07,05,3,wk inc flu hosp,2026-03-28,quantile,0.15,30
2026-03-07,05,3,wk inc flu hosp,2026-03-28,quantile,0.2,34
2026-03-07,05,3,wk inc flu hosp,2026-03-28,quantile,0.25,43
2026-03-07,05,3,wk inc flu hosp,2026-03-28,quantile,0.3,48
2026-03-07,05,3,wk inc flu hosp,2026-03-28,quantile,0.35,50
2026-03-07,05,3,wk inc flu hosp,2026-03-28,quantile,0.4,56
2026-03-07,05,3,wk inc flu hosp,2026-03-28,quantile,0.45,62
2026-03-07,05,3,wk inc flu hosp,2026-03-28,quantile,0.5,68
2026-03-07,05,3,wk inc flu hosp,2026-03-28,quantile,0.55,73
2026-03-07,05,3,wk inc flu hosp,2026-03-28,quantile,0.6,75
2026-03-07,05,3,wk inc flu hosp,2026-03-28,quantile,0.65,82
2026-03-07,05,3,wk inc flu hosp,2026-03-28,quantile,0.7,89
2026-03-07,05,3,wk inc flu hosp,2026-03-28,quantile,0.75,98
2026-03-07,05,3,wk inc flu hosp,2026-03-28,quantile,0.8,109
2026-03-07,05,3,wk inc flu hosp,2026-03-28,quantile,0.85,121
2026-03-07,05,3,wk inc flu hosp,2026-03-28,quantile,0.9,135
2026-03-07,05,3,wk inc flu hosp,2026-03-28,quantile,0.95,174
2026-03-07,05,3,wk inc flu hosp,2026-03-28,quantile,0.975,192
2026-03-07,05,3,wk inc flu hosp,2026-03-28,quantile,0.99,214
2026-03-07,06,0,wk inc flu hosp,2026-03-07,quantile,0.01,555
2026-03-07,06,0,wk inc flu hosp,2026-03-07,quantile,0.025,627
2026-03-07,06,0,wk inc flu hosp,2026-03-07,quantile,0.05,703
2026-03-07,06,0,wk inc flu hosp,2026-03-07,quantile,0.1,781
2026-03-07,06,0,wk inc flu hosp,2026-03-07,quantile,0.15,840
2026-03-07,06,0,wk inc flu hosp,2026-03-07,quantile,0.2,893
2026-03-07,06,0,wk inc flu hosp,2026-03-07,quantile,0.25,932
2026-03-07,06,0,wk inc flu hosp,2026-03-07,quantile,0.3,968
2026-03-07,06,0,wk inc flu hosp,2026-03-07,quantile,0.35,997
2026-03-07,06,0,wk inc flu hosp,2026-03-07,quantile,0.4,1030
2026-03-07,06,0,wk inc flu hosp,2026-03-07,quantile,0.45,1072
2026-03-07,06,0,wk inc flu hosp,2026-03-07,quantile,0.5,1099
2026-03-07,06,0,wk inc flu hosp,2026-03-07,quantile,0.55,1127
2026-03-07,06,0,wk inc flu hosp,2026-03-07,quantile,0.6,1143
2026-03-07,06,0,wk inc flu hosp,2026-03-07,quantile,0.65,1169
2026-03-07,06,0,wk inc flu hosp,2026-03-07,quantile,0.7,1204
2026-03-07,06,0,wk inc flu hosp,2026-03-07,quantile,0.75,1236
2026-03-07,06,0,wk inc flu hosp,2026-03-07,quantile,0.8,1282
2026-03-07,06,0,wk inc flu hosp,2026-03-07,quantile,0.85,1363
2026-03-07,06,0,wk inc flu hosp,2026-03-07,quantile,0.9,1427
2026-03-07,06,0,wk inc flu hosp,2026-03-07,quantile,0.95,1533
2026-03-07,06,0,wk inc flu hosp,2026-03-07,quantile,0.975,1693
2026-03-07,06,0,wk inc flu hosp,2026-03-07,quantile,0.99,1794
2026-03-07,06,1,wk inc flu hosp,2026-03-14,quantile,0.01,345
2026-03-07,06,1,wk inc flu hosp,2026-03-14,quantile,0.025,423
2026-03-07,06,1,wk inc flu hosp,2026-03-14,quantile,0.05,507
2026-03-07,06,1,wk inc flu hosp,2026-03-14,quantile,0.1,589
2026-03-07,06,1,wk inc flu hosp,2026-03-14,quantile,0.15,641
2026-03-07,06,1,wk inc flu hosp,2026-03-14,quantile,0.2,687
2026-03-07,06,1,wk inc flu hosp,2026-03-14,quantile,0.25,723
2026-03-07,06,1,wk inc flu hosp,2026-03-14,quantile,0.3,770
2026-03-07,06,1,wk inc flu hosp,2026-03-14,quantile,0.35,792
2026-03-07,06,1,wk inc flu hosp,2026-03-14,quantile,0.4,830
2026-03-07,06,1,wk inc flu hosp,2026-03-14,quantile,0.45,869
2026-03-07,06,1,wk inc flu hosp,2026-03-14,quantile,0.5,908
2026-03-07,06,1,wk inc flu hosp,2026-03-14,quantile,0.55,967
2026-03-07,06,1,wk inc flu hosp,2026-03-14,quantile,0.6,1001
2026-03-07,06,1,wk inc flu hosp,2026-03-14,quantile,0.65,1042
2026-03-07,06,1,wk inc flu hosp,2026-03-14,quantile,0.7,1079
2026-03-07,06,1,wk inc flu hosp,2026-03-14,quantile,0.75,1124
2026-03-07,06,1,wk inc flu hosp,2026-03-14,quantile,0.8,1195
2026-03-07,06,1,wk inc flu hosp,2026-03-14,quantile,0.85,1262
2026-03-07,06,1,wk inc flu hosp,2026-03-14,quantile,0.9,1387
2026-03-07,06,1,wk inc flu hosp,2026-03-14,quantile,0.95,1577
2026-03-07,06,1,wk inc flu hosp,2026-03-14,quantile,0.975,1795
2026-03-07,06,1,wk inc flu hosp,2026-03-14,quantile,0.99,1921
2026-03-07,06,2,wk inc flu hosp,2026-03-21,quantile,0.01,216
2026-03-07,06,2,wk inc flu hosp,2026-03-21,quantile,0.025,287
2026-03-07,06,2,wk inc flu hosp,2026-03-21,quantile,0.05,337
2026-03-07,06,2,wk inc flu hosp,2026-03-21,quantile,0.1,453
2026-03-07,06,2,wk inc flu hosp,2026-03-21,quantile,0.15,510
2026-03-07,06,2,wk inc flu hosp,2026-03-21,quantile,0.2,535
2026-03-07,06,2,wk inc flu hosp,2026-03-21,quantile,0.25,562
2026-03-07,06,2,wk inc flu hosp,2026-03-21,quantile,0.3,617
2026-03-07,06,2,wk inc flu hosp,2026-03-21,quantile,0.35,660
2026-03-07,06,2,wk inc flu hosp,2026-03-21,quantile,0.4,693
2026-03-07,06,2,wk inc flu hosp,2026-03-21,quantile,0.45,736
2026-03-07,06,2,wk inc flu hosp,2026-03-21,quantile,0.5,775
2026-03-07,06,2,wk inc flu hosp,2026-03-21,quantile,0.55,863
2026-03-07,06,2,wk inc flu hosp,2026-03-21,quantile,0.6,904
2026-03-07,06,2,wk inc flu hosp,2026-03-21,quantile,0.65,953
2026-03-07,06,2,wk inc flu hosp,2026-03-21,quantile,0.7,1034
2026-03-07,06,2,wk inc flu hosp,2026-03-21,quantile,0.75,1100
2026-03-07,06,2,wk inc flu hosp,2026-03-21,quantile,0.8,1147
2026-03-07,06,2,wk inc flu hosp,2026-03-21,quantile,0.85,1281
2026-03-07,06,2,wk inc flu hosp,2026-03-21,quantile,0.9,1401
2026-03-07,06,2,wk inc flu hosp,2026-03-21,quantile,0.95,1673
2026-03-07,06,2,wk inc flu hosp,2026-03-21,quantile,0.975,1845
2026-03-07,06,2,wk inc flu hosp,2026-03-21,quantile,0.99,2161
2026-03-07,06,3,wk inc flu hosp,2026-03-28,quantile,0.01,139
2026-03-07,06,3,wk inc flu hosp,2026-03-28,quantile,0.025,181
2026-03-07,06,3,wk inc flu hosp,2026-03-28,quantile,0.05,226
2026-03-07,06,3,wk inc flu hosp,2026-03-28,quantile,0.1,313
2026-03-07,06,3,wk inc flu hosp,2026-03-28,quantile,0.15,398
2026-03-07,06,3,wk inc flu hosp,2026-03-28,quantile,0.2,426
2026-03-07,06,3,wk inc flu hosp,2026-03-28,quantile,0.25,464
2026-03-07,06,3,wk inc flu hosp,2026-03-28,quantile,0.3,499
2026-03-07,06,3,wk inc flu hosp,2026-03-28,quantile,0.35,540
2026-03-07,06,3,wk inc flu hosp,2026-03-28,quantile,0.4,581
2026-03-07,06,3,wk inc flu hosp,2026-03-28,quantile,0.45,628
2026-03-07,06,3,wk inc flu hosp,2026-03-28,quantile,0.5,668
2026-03-07,06,3,wk inc flu hosp,2026-03-28,quantile,0.55,745
2026-03-07,06,3,wk inc flu hosp,2026-03-28,quantile,0.6,793
2026-03-07,06,3,wk inc flu hosp,2026-03-28,quantile,0.65,853
2026-03-07,06,3,wk inc flu hosp,2026-03-28,quantile,0.7,922
2026-03-07,06,3,wk inc flu hosp,2026-03-28,quantile,0.75,1014
2026-03-07,06,3,wk inc flu hosp,2026-03-28,quantile,0.8,1103
2026-03-07,06,3,wk inc flu hosp,2026-03-28,quantile,0.85,1232
2026-03-07,06,3,wk inc flu hosp,2026-03-28,quantile,0.9,1386
2026-03-07,06,3,wk inc flu hosp,2026-03-28,quantile,0.95,1621
2026-03-07,06,3,wk inc flu hosp,2026-03-28,quantile,0.975,1848
2026-03-07,06,3,wk inc flu hosp,2026-03-28,quantile,0.99,2252
2026-03-07,08,0,wk inc flu hosp,2026-03-07,quantile,0.01,41
2026-03-07,08,0,wk inc flu hosp,2026-03-07,quantile,0.025,49
2026-03-07,08,0,wk inc flu hosp,2026-03-07,quantile,0.05,60
2026-03-07,08,0,wk inc flu hosp,2026-03-07,quantile,0.1,67
2026-03-07,08,0,wk inc flu hosp,2026-03-07,quantile,0.15,73
2026-03-07,08,0,wk inc flu hosp,2026-03-07,quantile,0.2,79
2026-03-07,08,0,wk inc flu hosp,2026-03-07,quantile,0.25,82
2026-03-07,08,0,wk inc flu hosp,2026-03-07,quantile,0.3,86
2026-03-07,08,0,wk inc flu hosp,2026-03-07,quantile,0.35,90
2026-03-07,08,0,wk inc flu hosp,2026-03-07,quantile,0.4,94
2026-03-07,08,0,wk inc flu hosp,2026-03-07,quantile,0.45,100
2026-03-07,08,0,wk inc flu hosp,2026-03-07,quantile,0.5,104
2026-03-07,08,0,wk inc flu hosp,2026-03-07,quantile,0.55,107
2026-03-07,08,0,wk inc flu hosp,2026-03-07,quantile,0.6,113
2026-03-07,08,0,wk inc flu hosp,2026-03-07,quantile,0.65,118
2026-03-07,08,0,wk inc flu hosp,2026-03-07,quantile,0.7,121
2026-03-07,08,0,wk inc flu hosp,2026-03-07,quantile,0.75,127
2026-03-07,08,0,wk inc flu hosp,2026-03-07,quantile,0.8,133
2026-03-07,08,0,wk inc flu hosp,2026-03-07,quantile,0.85,140
2026-03-07,08,0,wk inc flu hosp,2026-03-07,quantile,0.9,152
2026-03-07,08,0,wk inc flu hosp,2026-03-07,quantile,0.95,171
2026-03-07,08,0,wk inc flu hosp,2026-03-07,quantile,0.975,190
2026-03-07,08,0,wk inc flu hosp,2026-03-07,quantile,0.99,214
2026-03-07,08,1,wk inc flu hosp,2026-03-14,quantile,0.01,23
2026-03-07,08,1,wk inc flu hosp,2026-03-14,quantile,0.025,29
2026-03-07,08,1,wk inc flu hosp,2026-03-14,quantile,0.05,36
2026-03-07,08,1,wk inc flu hosp,2026-03-14,quantile,0.1,45
2026-03-07,08,1,wk inc flu hosp,2026-03-14,quantile,0.15,50
2026-03-07,08,1,wk inc flu hosp,2026-03-14,quantile,0.2,56
2026-03-07,08,1,wk inc flu hosp,2026-03-14,quantile,0.25,62
2026-03-07,08,1,wk inc flu hosp,2026-03-14,quantile,0.3,66
2026-03-07,08,1,wk inc flu hosp,2026-03-14,quantile,0.35,72
2026-03-07,08,1,wk inc flu hosp,2026-03-14,quantile,0.4,80
2026-03-07,08,1,wk inc flu hosp,2026-03-14,quantile,0.45,87
2026-03-07,08,1,wk inc flu hosp,2026-03-14,quantile,0.5,93
2026-03-07,08,1,wk inc flu hosp,2026-03-14,quantile,0.55,98
2026-03-07,08,1,wk inc flu hosp,2026-03-14,quantile,0.6,103
2026-03-07,08,1,wk inc flu hosp,2026-03-14,quantile,0.65,109
2026-03-07,08,1,wk inc flu hosp,2026-03-14,quantile,0.7,116
2026-03-07,08,1,wk inc flu hosp,2026-03-14,quantile,0.75,122
2026-03-07,08,1,wk inc flu hosp,2026-03-14,quantile,0.8,131
2026-03-07,08,1,wk inc flu hosp,2026-03-14,quantile,0.85,143
2026-03-07,08,1,wk inc flu hosp,2026-03-14,quantile,0.9,157
2026-03-07,08,1,wk inc flu hosp,2026-03-14,quantile,0.95,180
2026-03-07,08,1,wk inc flu hosp,2026-03-14,quantile,0.975,206
2026-03-07,08,1,wk inc flu hosp,2026-03-14,quantile,0.99,231
2026-03-07,08,2,wk inc flu hosp,2026-03-21,quantile,0.01,15
2026-03-07,08,2,wk inc flu hosp,2026-03-21,quantile,0.025,20
2026-03-07,08,2,wk inc flu hosp,2026-03-21,quantile,0.05,25
2026-03-07,08,2,wk inc flu hosp,2026-03-21,quantile,0.1,34
2026-03-07,08,2,wk inc flu hosp,2026-03-21,quantile,0.15,38
2026-03-07,08,2,wk inc flu hosp,2026-03-21,quantile,0.2,43
2026-03-07,08,2,wk inc flu hosp,2026-03-21,quantile,0.25,48
2026-03-07,08,2,wk inc flu hosp,2026-03-21,quantile,0.3,54
2026-03-07,08,2,wk inc flu hosp,2026-03-21,quantile,0.35,60
2026-03-07,08,2,wk inc flu hosp,2026-03-21,quantile,0.4,70
2026-03-07,08,2,wk inc flu hosp,2026-03-21,quantile,0.45,75
2026-03-07,08,2,wk inc flu hosp,2026-03-21,quantile,0.5,82
2026-03-07,08,2,wk inc flu hosp,2026-03-21,quantile,0.55,87
2026-03-07,08,2,wk inc flu hosp,2026-03-21,quantile,0.6,91
2026-03-07,08,2,wk inc flu hosp,2026-03-21,quantile,0.65,97
2026-03-07,08,2,wk inc flu hosp,2026-03-21,quantile,0.7,107
2026-03-07,08,2,wk inc flu hosp,2026-03-21,quantile,0.75,116
2026-03-07,08,2,wk inc flu hosp,2026-03-21,quantile,0.8,126
2026-03-07,08,2,wk inc flu hosp,2026-03-21,quantile,0.85,138
2026-03-07,08,2,wk inc flu hosp,2026-03-21,quantile,0.9,157
2026-03-07,08,2,wk inc flu hosp,2026-03-21,quantile,0.95,186
2026-03-07,08,2,wk inc flu hosp,2026-03-21,quantile,0.975,208
2026-03-07,08,2,wk inc flu hosp,2026-03-21,quantile,0.99,238
2026-03-07,08,3,wk inc flu hosp,2026-03-28,quantile,0.01,8
2026-03-07,08,3,wk inc flu hosp,2026-03-28,quantile,0.025,14
2026-03-07,08,3,wk inc flu hosp,2026-03-28,quantile,0.05,16
2026-03-07,08,3,wk inc flu hosp,2026-03-28,quantile,0.1,23
2026-03-07,08,3,wk inc flu hosp,2026-03-28,quantile,0.15,26
2026-03-07,08,3,wk inc flu hosp,2026-03-28,quantile,0.2,32
2026-03-07,08,3,wk inc flu hosp,2026-03-28,quantile,0.25,40
2026-03-07,08,3,wk inc flu hosp,2026-03-28,quantile,0.3,44
2026-03-07,08,3,wk inc flu hosp,2026-03-28,quantile,0.35,50
2026-03-07,08,3,wk inc flu hosp,2026-03-28,quantile,0.4,58
2026-03-07,08,3,wk inc flu hosp,2026-03-28,quantile,0.45,63
2026-03-07,08,3,wk inc flu hosp,2026-03-28,quantile,0.5,71
2026-03-07,08,3,wk inc flu hosp,2026-03-28,quantile,0.55,77
2026-03-07,08,3,wk inc flu hosp,2026-03-28,quantile,0.6,82
2026-03-07,08,3,wk inc flu hosp,2026-03-28,quantile,0.65,90
2026-03-07,08,3,wk inc flu hosp,2026-03-28,quantile,0.7,98
2026-03-07,08,3,wk inc flu hosp,2026-03-28,quantile,0.75,109
2026-03-07,08,3,wk inc flu hosp,2026-03-28,quantile,0.8,121
2026-03-07,08,3,wk inc flu hosp,2026-03-28,quantile,0.85,132
2026-03-07,08,3,wk inc flu hosp,2026-03-28,quantile,0.9,152
2026-03-07,08,3,wk inc flu hosp,2026-03-28,quantile,0.95,188
2026-03-07,08,3,wk inc flu hosp,2026-03-28,quantile,0.975,225
2026-03-07,08,3,wk inc flu hosp,2026-03-28,quantile,0.99,258
2026-03-07,09,0,wk inc flu hosp,2026-03-07,quantile,0.01,8
2026-03-07,09,0,wk inc flu hosp,2026-03-07,quantile,0.025,10
2026-03-07,09,0,wk inc flu hosp,2026-03-07,quantile,0.05,13
2026-03-07,09,0,wk inc flu hosp,2026-03-07,quantile,0.1,17
2026-03-07,09,0,wk inc flu hosp,2026-03-07,quantile,0.15,19
2026-03-07,09,0,wk inc flu hosp,2026-03-07,quantile,0.2,21
2026-03-07,09,0,wk inc flu hosp,2026-03-07,quantile,0.25,23
2026-03-07,09,0,wk inc flu hosp,2026-03-07,quantile,0.3,25
2026-03-07,09,0,wk inc flu hosp,2026-03-07,quantile,0.35,28
2026-03-07,09,0,wk inc flu hosp,2026-03-07,quantile,0.4,30
2026-03-07,09,0,wk inc flu hosp,2026-03-07,quantile,0.45,33
2026-03-07,09,0,wk inc flu hosp,2026-03-07,quantile,0.5,35
2026-03-07,09,0,wk inc flu hosp,2026-03-07,quantile,0.55,37
2026-03-07,09,0,wk inc flu hosp,2026-03-07,quantile,0.6,38
2026-03-07,09,0,wk inc flu hosp,2026-03-07,quantile,0.65,41
2026-03-07,09,0,wk inc flu hosp,2026-03-07,quantile,0.7,45
2026-03-07,09,0,wk inc flu hosp,2026-03-07,quantile,0.75,48
2026-03-07,09,0,wk inc flu hosp,2026-03-07,quantile,0.8,52
2026-03-07,09,0,wk inc flu hosp,2026-03-07,quantile,0.85,56
2026-03-07,09,0,wk inc flu hosp,2026-03-07,quantile,0.9,63
2026-03-07,09,0,wk inc flu hosp,2026-03-07,quantile,0.95,70
2026-03-07,09,0,wk inc flu hosp,2026-03-07,quantile,0.975,79
2026-03-07,09,0,wk inc flu hosp,2026-03-07,quantile,0.99,92
2026-03-07,09,1,wk inc flu hosp,2026-03-14,quantile,0.01,3
2026-03-07,09,1,wk inc flu hosp,2026-03-14,quantile,0.025,4
2026-03-07,09,1,wk inc flu hosp,2026-03-14,quantile,0.05,6
2026-03-07,09,1,wk inc flu hosp,2026-03-14,quantile,0.1,10
2026-03-07,09,1,wk inc flu hosp,2026-03-14,quantile,0.15,13
2026-03-07,09,1,wk inc flu hosp,2026-03-14,quantile,0.2,16
2026-03-07,09,1,wk inc flu hosp,2026-03-14,quantile,0.25,18
2026-03-07,09,1,wk inc flu hosp,2026-03-14,quantile,0.3,20
2026-03-07,09,1,wk inc flu hosp,2026-03-14,quantile,0.35,23
2026-03-07,09,1,wk inc flu hosp,2026-03-14,quantile,0.4,25
2026-03-07,09,1,wk inc flu hosp,2026-03-14,quantile,0.45,27
2026-03-07,09,1,wk inc flu hosp,2026-03-14,quantile,0.5,30
2026-03-07,09,1,wk inc flu hosp,2026-03-14,quantile,0.55,34
2026-03-07,09,1,wk inc flu hosp,2026-03-14,quantile,0.6,36
2026-03-07,09,1,wk inc flu hosp,2026-03-14,quantile,0.65,39
2026-03-07,09,1,wk inc flu hosp,2026-03-14,quantile,0.7,43
2026-03-07,09,1,wk inc flu hosp,2026-03-14,quantile,0.75,48
2026-03-07,09,1,wk inc flu hosp,2026-03-14,quantile,0.8,54
2026-03-07,09,1,wk inc flu hosp,2026-03-14,quantile,0.85,57
2026-03-07,09,1,wk inc flu hosp,2026-03-14,quantile,0.9,67
2026-03-07,09,1,wk inc flu hosp,2026-03-14,quantile,0.95,84
2026-03-07,09,1,wk inc flu hosp,2026-03-14,quantile,0.975,92
2026-03-07,09,1,wk inc flu hosp,2026-03-14,quantile,0.99,102
2026-03-07,09,2,wk inc flu hosp,2026-03-21,quantile,0.01,1
2026-03-07,09,2,wk inc flu hosp,2026-03-21,quantile,0.025,2
2026-03-07,09,2,wk inc flu hosp,2026-03-21,quantile,0.05,2
2026-03-07,09,2,wk inc flu hosp,2026-03-21,quantile,0.1,5
2026-03-07,09,2,wk inc flu hosp,2026-03-21,quantile,0.15,8
2026-03-07,09,2,wk inc flu hosp,2026-03-21,quantile,0.2,10
2026-03-07,09,2,wk inc flu hosp,2026-03-21,quantile,0.25,12
2026-03-07,09,2,wk inc flu hosp,2026-03-21,quantile,0.3,14
2026-03-07,09,2,wk inc flu hosp,2026-03-21,quantile,0.35,18
2026-03-07,09,2,wk inc flu hosp,2026-03-21,quantile,0.4,21
2026-03-07,09,2,wk inc flu hosp,2026-03-21,quantile,0.45,23
2026-03-07,09,2,wk inc flu hosp,2026-03-21,quantile,0.5,27
2026-03-07,09,2,wk inc flu hosp,2026-03-21,quantile,0.55,29
2026-03-07,09,2,wk inc flu hosp,2026-03-21,quantile,0.6,32
2026-03-07,09,2,wk inc flu hosp,2026-03-21,quantile,0.65,36
2026-03-07,09,2,wk inc flu hosp,2026-03-21,quantile,0.7,42
2026-03-07,09,2,wk inc flu hosp,2026-03-21,quantile,0.75,46
2026-03-07,09,2,wk inc flu hosp,2026-03-21,quantile,0.8,52
2026-03-07,09,2,wk inc flu hosp,2026-03-21,quantile,0.85,57
2026-03-07,09,2,wk inc flu hosp,2026-03-21,quantile,0.9,66
2026-03-07,09,2,wk inc flu hosp,2026-03-21,quantile,0.95,80
2026-03-07,09,2,wk inc flu hosp,2026-03-21,quantile,0.975,93
2026-03-07,09,2,wk inc flu hosp,2026-03-21,quantile,0.99,115
2026-03-07,09,3,wk inc flu hosp,2026-03-28,quantile,0.01,0
2026-03-07,09,3,wk inc flu hosp,2026-03-28,quantile,0.025,1
2026-03-07,09,3,wk inc flu hosp,2026-03-28,quantile,0.05,1
2026-03-07,09,3,wk inc flu hosp,2026-03-28,quantile,0.1,4
2026-03-07,09,3,wk inc flu hosp,2026-03-28,quantile,0.15,6
2026-03-07,09,3,wk inc flu hosp,2026-03-28,quantile,0.2,8
2026-03-07,09,3,wk inc flu hosp,2026-03-28,quantile,0.25,11
2026-03-07,09,3,wk inc flu hosp,2026-03-28,quantile,0.3,12
2026-03-07,09,3,wk inc flu hosp,2026-03-28,quantile,0.35,15
2026-03-07,09,3,wk inc flu hosp,2026-03-28,quantile,0.4,17
2026-03-07,09,3,wk inc flu hosp,2026-03-28,quantile,0.45,21
2026-03-07,09,3,wk inc flu hosp,2026-03-28,quantile,0.5,24
2026-03-07,09,3,wk inc flu hosp,2026-03-28,quantile,0.55,27
2026-03-07,09,3,wk inc flu hosp,2026-03-28,quantile,0.6,31
2026-03-07,09,3,wk inc flu hosp,2026-03-28,quantile,0.65,35
2026-03-07,09,3,wk inc flu hosp,2026-03-28,quantile,0.7,38
2026-03-07,09,3,wk inc flu hosp,2026-03-28,quantile,0.75,43
2026-03-07,09,3,wk inc flu hosp,2026-03-28,quantile,0.8,49
2026-03-07,09,3,wk inc flu hosp,2026-03-28,quantile,0.85,56
2026-03-07,09,3,wk inc flu hosp,2026-03-28,quantile,0.9,67
2026-03-07,09,3,wk inc flu hosp,2026-03-28,quantile,0.95,84
2026-03-07,09,3,wk inc flu hosp,2026-03-28,quantile,0.975,103
2026-03-07,09,3,wk inc flu hosp,2026-03-28,quantile,0.99,129
2026-03-07,10,0,wk inc flu hosp,2026-03-07,quantile,0.01,10
2026-03-07,10,0,wk inc flu hosp,2026-03-07,quantile,0.025,13
2026-03-07,10,0,wk inc flu hosp,2026-03-07,quantile,0.05,15
2026-03-07,10,0,wk inc flu hosp,2026-03-07,quantile,0.1,19
2026-03-07,10,0,wk inc flu hosp,2026-03-07,quantile,0.15,21
2026-03-07,10,0,wk inc flu hosp,2026-03-07,quantile,0.2,23
2026-03-07,10,0,wk inc flu hosp,2026-03-07,quantile,0.25,25
2026-03-07,10,0,wk inc flu hosp,2026-03-07,quantile,0.3,27
2026-03-07,10,0,wk inc flu hosp,2026-03-07,quantile,0.35,29
2026-03-07,10,0,wk inc flu hosp,2026-03-07,quantile,0.4,30
2026-03-07,10,0,wk inc flu hosp,2026-03-07,quantile,0.45,33
2026-03-07,10,0,wk inc flu hosp,2026-03-07,quantile,0.5,36
2026-03-07,10,0,wk inc flu hosp,2026-03-07,quantile,0.55,37
2026-03-07,10,0,wk inc flu hosp,2026-03-07,quantile,0.6,38
2026-03-07,10,0,wk inc flu hosp,2026-03-07,quantile,0.65,40
2026-03-07,10,0,wk inc flu hosp,2026-03-07,quantile,0.7,41
2026-03-07,10,0,wk inc flu hosp,2026-03-07,quantile,0.75,42
2026-03-07,10,0,wk inc flu hosp,2026-03-07,quantile,0.8,45
2026-03-07,10,0,wk inc flu hosp,2026-03-07,quantile,0.85,49
2026-03-07,10,0,wk inc flu hosp,2026-03-07,quantile,0.9,52
2026-03-07,10,0,wk inc flu hosp,2026-03-07,quantile,0.95,60
2026-03-07,10,0,wk inc flu hosp,2026-03-07,quantile,0.975,68
2026-03-07,10,0,wk inc flu hosp,2026-03-07,quantile,0.99,74
2026-03-07,10,1,wk inc flu hosp,2026-03-14,quantile,0.01,4
2026-03-07,10,1,wk inc flu hosp,2026-03-14,quantile,0.025,6
2026-03-07,10,1,wk inc flu hosp,2026-03-14,quantile,0.05,9
2026-03-07,10,1,wk inc flu hosp,2026-03-14,quantile,0.1,12
2026-03-07,10,1,wk inc flu hosp,2026-03-14,quantile,0.15,16
2026-03-07,10,1,wk inc flu hosp,2026-03-14,quantile,0.2,18
2026-03-07,10,1,wk inc flu hosp,2026-03-14,quantile,0.25,20
2026-03-07,10,1,wk inc flu hosp,2026-03-14,quantile,0.3,22
2026-03-07,10,1,wk inc flu hosp,2026-03-14,quantile,0.35,23
2026-03-07,10,1,wk inc flu hosp,2026-03-14,quantile,0.4,25
2026-03-07,10,1,wk inc flu hosp,2026-03-14,quantile,0.45,27
2026-03-07,10,1,wk inc flu hosp,2026-03-14,quantile,0.5,29
2026-03-07,10,1,wk inc flu hosp,2026-03-14,quantile,0.55,31
2026-03-07,10,1,wk inc flu hosp,2026-03-14,quantile,0.6,33
2026-03-07,10,1,wk inc flu hosp,2026-03-14,quantile,0.65,35
2026-03-07,10,1,wk inc flu hosp,2026-03-14,quantile,0.7,38
2026-03-07,10,1,wk inc flu hosp,2026-03-14,quantile,0.75,41
2026-03-07,10,1,wk inc flu hosp,2026-03-14,quantile,0.8,43
2026-03-07,10,1,wk inc flu hosp,2026-03-14,quantile,0.85,46
2026-03-07,10,1,wk inc flu hosp,2026-03-14,quantile,0.9,51
2026-03-07,10,1,wk inc flu hosp,2026-03-14,quantile,0.95,61
2026-03-07,10,1,wk inc flu hosp,2026-03-14,quantile,0.975,70
2026-03-07,10,1,wk inc flu hosp,2026-03-14,quantile,0.99,81
2026-03-07,10,2,wk inc flu hosp,2026-03-21,quantile,0.01,2
2026-03-07,10,2,wk inc flu hosp,2026-03-21,quantile,0.025,3
2026-03-07,10,2,wk inc flu hosp,2026-03-21,quantile,0.05,5
2026-03-07,10,2,wk inc flu hosp,2026-03-21,quantile,0.1,8
2026-03-07,10,2,wk inc flu hosp,2026-03-21,quantile,0.15,11
2026-03-07,10,2,wk inc flu hosp,2026-03-21,quantile,0.2,13
2026-03-07,10,2,wk inc flu hosp,2026-03-21,quantile,0.25,15
2026-03-07,10,2,wk inc flu hosp,2026-03-21,quantile,0.3,16
2026-03-07,10,2,wk inc flu hosp,2026-03-21,quantile,0.35,18
2026-03-07,10,2,wk inc flu hosp,2026-03-21,quantile,0.4,19
2026-03-07,10,2,wk inc flu hosp,2026-03-21,quantile,0.45,21
2026-03-07,10,2,wk inc flu hosp,2026-03-21,quantile,0.5,25
2026-03-07,10,2,wk inc flu hosp,2026-03-21,quantile,0.55,27
2026-03-07,10,2,wk inc flu hosp,2026-03-21,quantile,0.6,29
2026-03-07,10,2,wk inc flu hosp,2026-03-21,quantile,0.65,31
2026-03-07,10,2,wk inc flu hosp,2026-03-21,quantile,0.7,34
2026-03-07,10,2,wk inc flu hosp,2026-03-21,quantile,0.75,38
2026-03-07,10,2,wk inc flu hosp,2026-03-21,quantile,0.8,42
2026-03-07,10,2,wk inc flu hosp,2026-03-21,quantile,0.85,45
2026-03-07,10,2,wk inc flu hosp,2026-03-21,quantile,0.9,52
2026-03-07,10,2,wk inc flu hosp,2026-03-21,quantile,0.95,60
2026-03-07,10,2,wk inc flu hosp,2026-03-21,quantile,0.975,72
2026-03-07,10,2,wk inc flu hosp,2026-03-21,quantile,0.99,86
2026-03-07,10,3,wk inc flu hosp,2026-03-28,quantile,0.01,1
2026-03-07,10,3,wk inc flu hosp,2026-03-28,quantile,0.025,2
2026-03-07,10,3,wk inc flu hosp,2026-03-28,quantile,0.05,3
2026-03-07,10,3,wk inc flu hosp,2026-03-28,quantile,0.1,5
2026-03-07,10,3,wk inc flu hosp,2026-03-28,quantile,0.15,7
2026-03-07,10,3,wk inc flu hosp,2026-03-28,quantile,0.2,9
2026-03-07,10,3,wk inc flu hosp,2026-03-28,quantile,0.25,11
2026-03-07,10,3,wk inc flu hosp,2026-03-28,quantile,0.3,12
2026-03-07,10,3,wk inc flu hosp,2026-03-28,quantile,0.35,13
2026-03-07,10,3,wk inc flu hosp,2026-03-28,quantile,0.4,14
2026-03-07,10,3,wk inc flu hosp,2026-03-28,quantile,0.45,16
2026-03-07,10,3,wk inc flu hosp,2026-03-28,quantile,0.5,20
2026-03-07,10,3,wk inc flu hosp,2026-03-28,quantile,0.55,22
2026-03-07,10,3,wk inc flu hosp,2026-03-28,quantile,0.6,24
2026-03-07,10,3,wk inc flu hosp,2026-03-28,quantile,0.65,27
2026-03-07,10,3,wk inc flu hosp,2026-03-28,quantile,0.7,29
2026-03-07,10,3,wk inc flu hosp,2026-03-28,quantile,0.75,33
2026-03-07,10,3,wk inc flu hosp,2026-03-28,quantile,0.8,38
2026-03-07,10,3,wk inc flu hosp,2026-03-28,quantile,0.85,41
2026-03-07,10,3,wk inc flu hosp,2026-03-28,quantile,0.9,46
2026-03-07,10,3,wk inc flu hosp,2026-03-28,quantile,0.95,56
2026-03-07,10,3,wk inc flu hosp,2026-03-28,quantile,0.975,67
2026-03-07,10,3,wk inc flu hosp,2026-03-28,quantile,0.99,88
2026-03-07,11,0,wk inc flu hosp,2026-03-07,quantile,0.01,0
2026-03-07,11,0,wk inc flu hosp,2026-03-07,quantile,0.025,0
2026-03-07,11,0,wk inc flu hosp,2026-03-07,quantile,0.05,0
2026-03-07,11,0,wk inc flu hosp,2026-03-07,quantile,0.1,0
2026-03-07,11,0,wk inc flu hosp,2026-03-07,quantile,0.15,0
2026-03-07,11,0,wk inc flu hosp,2026-03-07,quantile,0.2,0
2026-03-07,11,0,wk inc flu hosp,2026-03-07,quantile,0.25,0
2026-03-07,11,0,wk inc flu hosp,2026-03-07,quantile,0.3,0
2026-03-07,11,0,wk inc flu hosp,2026-03-07,quantile,0.35,1
2026-03-07,11,0,wk inc flu hosp,2026-03-07,quantile,0.4,1
2026-03-07,11,0,wk inc flu hosp,2026-03-07,quantile,0.45,1
2026-03-07,11,0,wk inc flu hosp,2026-03-07,quantile,0.5,2
2026-03-07,11,0,wk inc flu hosp,2026-03-07,quantile,0.55,3
2026-03-07,11,0,wk inc flu hosp,2026-03-07,quantile,0.6,3
2026-03-07,11,0,wk inc flu hosp,2026-03-07,quantile,0.65,4
2026-03-07,11,0,wk inc flu hosp,2026-03-07,quantile,0.7,4
2026-03-07,11,0,wk inc flu hosp,2026-03-07,quantile,0.75,5
2026-03-07,11,0,wk inc flu hosp,2026-03-07,quantile,0.8,5
2026-03-07,11,0,wk inc flu hosp,2026-03-07,quantile,0.85,6
2026-03-07,11,0,wk inc flu hosp,2026-03-07,quantile,0.9,8
2026-03-07,11,0,wk inc flu hosp,2026-03-07,quantile,0.95,10
2026-03-07,11,0,wk inc flu hosp,2026-03-07,quantile,0.975,14
2026-03-07,11,0,wk inc flu hosp,2026-03-07,quantile,0.99,19
2026-03-07,11,1,wk inc flu hosp,2026-03-14,quantile,0.01,0
2026-03-07,11,1,wk inc flu hosp,2026-03-14,quantile,0.025,0
2026-03-07,11,1,wk inc flu hosp,2026-03-14,quantile,0.05,0
2026-03-07,11,1,wk inc flu hosp,2026-03-14,quantile,0.1,0
2026-03-07,11,1,wk inc flu hosp,2026-03-14,quantile,0.15,0
2026-03-07,11,1,wk inc flu hosp,2026-03-14,quantile,0.2,0
2026-03-07,11,1,wk inc flu hosp,2026-03-14,quantile,0.25,0
2026-03-07,11,1,wk inc flu hosp,2026-03-14,quantile,0.3,0
2026-03-07,11,1,wk inc flu hosp,2026-03-14,quantile,0.35,0
2026-03-07,11,1,wk inc flu hosp,2026-03-14,quantile,0.4,1
2026-03-07,11,1,wk inc flu hosp,2026-03-14,quantile,0.45,1
2026-03-07,11,1,wk inc flu hosp,2026-03-14,quantile,0.5,2
2026-03-07,11,1,wk inc flu hosp,2026-03-14,quantile,0.55,2
2026-03-07,11,1,wk inc flu hosp,2026-03-14,quantile,0.6,3
2026-03-07,11,1,wk inc flu hosp,2026-03-14,quantile,0.65,3
2026-03-07,11,1,wk inc flu hosp,2026-03-14,quantile,0.7,4
2026-03-07,11,1,wk inc flu hosp,2026-03-14,quantile,0.75,4
2026-03-07,11,1,wk inc flu hosp,2026-03-14,quantile,0.8,5
2026-03-07,11,1,wk inc flu hosp,2026-03-14,quantile,0.85,6
2026-03-07,11,1,wk inc flu hosp,2026-03-14,quantile,0.9,8
2026-03-07,11,1,wk inc flu hosp,2026-03-14,quantile,0.95,13
2026-03-07,11,1,wk inc flu hosp,2026-03-14,quantile,0.975,16
2026-03-07,11,1,wk inc flu hosp,2026-03-14,quantile,0.99,22
2026-03-07,11,2,wk inc flu hosp,2026-03-21,quantile,0.01,0
2026-03-07,11,2,wk inc flu hosp,2026-03-21,quantile,0.025,0
2026-03-07,11,2,wk inc flu hosp,2026-03-21,quantile,0.05,0
2026-03-07,11,2,wk inc flu hosp,2026-03-21,quantile,0.1,0
2026-03-07,11,2,wk inc flu hosp,2026-03-21,quantile,0.15,0
2026-03-07,11,2,wk inc flu hosp,2026-03-21,quantile,0.2,0
2026-03-07,11,2,wk inc flu hosp,2026-03-21,quantile,0.25,0
2026-03-07,11,2,wk inc flu hosp,2026-03-21,quantile,0.3,0
2026-03-07,11,2,wk inc flu hosp,2026-03-21,quantile,0.35,0
2026-03-07,11,2,wk inc flu hosp,2026-03-21,quantile,0.4,1
2026-03-07,11,2,wk inc flu hosp,2026-03-21,quantile,0.45,1
2026-03-07,11,2,wk inc flu hosp,2026-03-21,quantile,0.5,2
2026-03-07,11,2,wk inc flu hosp,2026-03-21,quantile,0.55,2
2026-03-07,11,2,wk inc flu hosp,2026-03-21,quantile,0.6,2
2026-03-07,11,2,wk inc flu hosp,2026-03-21,quantile,0.65,3
2026-03-07,11,2,wk inc flu hosp,2026-03-21,quantile,0.7,3
2026-03-07,11,2,wk inc flu hosp,2026-03-21,quantile,0.75,4
2026-03-07,11,2,wk inc flu hosp,2026-03-21,quantile,0.8,5
2026-03-07,11,2,wk inc flu hosp,2026-03-21,quantile,0.85,6
2026-03-07,11,2,wk inc flu hosp,2026-03-21,quantile,0.9,8
2026-03-07,11,2,wk inc flu hosp,2026-03-21,quantile,0.95,14
2026-03-07,11,2,wk inc flu hosp,2026-03-21,quantile,0.975,20
2026-03-07,11,2,wk inc flu hosp,2026-03-21,quantile,0.99,28
2026-03-07,11,3,wk inc flu hosp,2026-03-28,quantile,0.01,0
2026-03-07,11,3,wk inc flu hosp,2026-03-28,quantile,0.025,0
2026-03-07,11,3,wk inc flu hosp,2026-03-28,quantile,0.05,0
2026-03-07,11,3,wk inc flu hosp,2026-03-28,quantile,0.1,0
2026-03-07,11,3,wk inc flu hosp,2026-03-28,quantile,0.15,0
2026-03-07,11,3,wk inc flu hosp,2026-03-28,quantile,0.2,0
2026-03-07,11,3,wk inc flu hosp,2026-03-28,quantile,0.25,0
2026-03-07,11,3,wk inc flu hosp,2026-03-28,quantile,0.3,0
2026-03-07,11,3,wk inc flu hosp,2026-03-28,quantile,0.35,0
2026-03-07,11,3,wk inc flu hosp,2026-03-28,quantile,0.4,0
2026-03-07,11,3,wk inc flu hosp,2026-03-28,quantile,0.45,1
2026-03-07,11,3,wk inc flu hosp,2026-03-28,quantile,0.5,2
2026-03-07,11,3,wk inc flu hosp,2026-03-28,quantile,0.55,2
2026-03-07,11,3,wk inc flu hosp,2026-03-28,quantile,0.6,2
2026-03-07,11,3,wk inc flu hosp,2026-03-28,quantile,0.65,3
2026-03-07,11,3,wk inc flu hosp,2026-03-28,quantile,0.7,3
2026-03-07,11,3,wk inc flu hosp,2026-03-28,quantile,0.75,4
2026-03-07,11,3,wk inc flu hosp,2026-03-28,quantile,0.8,5
2026-03-07,11,3,wk inc flu hosp,2026-03-28,quantile,0.85,7
2026-03-07,11,3,wk inc flu hosp,2026-03-28,quantile,0.9,9
2026-03-07,11,3,wk inc flu hosp,2026-03-28,quantile,0.95,13
2026-03-07,11,3,wk inc flu hosp,2026-03-28,quantile,0.975,21
2026-03-07,11,3,wk inc flu hosp,2026-03-28,quantile,0.99,28
2026-03-07,12,0,wk inc flu hosp,2026-03-07,quantile,0.01,454
2026-03-07,12,0,wk inc flu hosp,2026-03-07,quantile,0.025,546
2026-03-07,12,0,wk inc flu hosp,2026-03-07,quantile,0.05,634
2026-03-07,12,0,wk inc flu hosp,2026-03-07,quantile,0.1,688
2026-03-07,12,0,wk inc flu hosp,2026-03-07,quantile,0.15,726
2026-03-07,12,0,wk inc flu hosp,2026-03-07,quantile,0.2,779
2026-03-07,12,0,wk inc flu hosp,2026-03-07,quantile,0.25,798
2026-03-07,12,0,wk inc flu hosp,2026-03-07,quantile,0.3,839
2026-03-07,12,0,wk inc flu hosp,2026-03-07,quantile,0.35,874
2026-03-07,12,0,wk inc flu hosp,2026-03-07,quantile,0.4,901
2026-03-07,12,0,wk inc flu hosp,2026-03-07,quantile,0.45,935
2026-03-07,12,0,wk inc flu hosp,2026-03-07,quantile,0.5,972
2026-03-07,12,0,wk inc flu hosp,2026-03-07,quantile,0.55,1004
2026-03-07,12,0,wk inc flu hosp,2026-03-07,quantile,0.6,1039
2026-03-07,12,0,wk inc flu hosp,2026-03-07,quantile,0.65,1080
2026-03-07,12,0,wk inc flu hosp,2026-03-07,quantile,0.7,1111
2026-03-07,12,0,wk inc flu hosp,2026-03-07,quantile,0.75,1150
2026-03-07,12,0,wk inc flu hosp,2026-03-07,quantile,0.8,1193
2026-03-07,12,0,wk inc flu hosp,2026-03-07,quantile,0.85,1238
2026-03-07,12,0,wk inc flu hosp,2026-03-07,quantile,0.9,1334
2026-03-07,12,0,wk inc flu hosp,2026-03-07,quantile,0.95,1435
2026-03-07,12,0,wk inc flu hosp,2026-03-07,quantile,0.975,1578
2026-03-07,12,0,wk inc flu hosp,2026-03-07,quantile,0.99,1754
2026-03-07,12,1,wk inc flu hosp,2026-03-14,quantile,0.01,285
2026-03-07,12,1,wk inc flu hosp,2026-03-14,quantile,0.025,355
2026-03-07,12,1,wk inc flu hosp,2026-03-14,quantile,0.05,440
2026-03-07,12,1,wk inc flu hosp,2026-03-14,quantile,0.1,507
2026-03-07,12,1,wk inc flu hosp,2026-03-14,quantile,0.15,543
2026-03-07,12,1,wk inc flu hosp,2026-03-14,quantile,0.2,581
2026-03-07,12,1,wk inc flu hosp,2026-03-14,quantile,0.25,595
2026-03-07,12,1,wk inc flu hosp,2026-03-14,quantile,0.3,629
2026-03-07,12,1,wk inc flu hosp,2026-03-14,quantile,0.35,684
2026-03-07,12,1,wk inc flu hosp,2026-03-14,quantile,0.4,719
2026-03-07,12,1,wk inc flu hosp,2026-03-14,quantile,0.45,747
2026-03-07,12,1,wk inc flu hosp,2026-03-14,quantile,0.5,782
2026-03-07,12,1,wk inc flu hosp,2026-03-14,quantile,0.55,825
2026-03-07,12,1,wk inc flu hosp,2026-03-14,quantile,0.6,862
2026-03-07,12,1,wk inc flu hosp,2026-03-14,quantile,0.65,914
2026-03-07,12,1,wk inc flu hosp,2026-03-14,quantile,0.7,968
2026-03-07,12,1,wk inc flu hosp,2026-03-14,quantile,0.75,1022
2026-03-07,12,1,wk inc flu hosp,2026-03-14,quantile,0.8,1091
2026-03-07,12,1,wk inc flu hosp,2026-03-14,quantile,0.85,1150
2026-03-07,12,1,wk inc flu hosp,2026-03-14,quantile,0.9,1195
2026-03-07,12,1,wk inc flu hosp,2026-03-14,quantile,0.95,1337
2026-03-07,12,1,wk inc flu hosp,2026-03-14,quantile,0.975,1534
2026-03-07,12,1,wk inc flu hosp,2026-03-14,quantile,0.99,1695
2026-03-07,12,2,wk inc flu hosp,2026-03-21,quantile,0.01,202
2026-03-07,12,2,wk inc flu hosp,2026-03-21,quantile,0.025,253
2026-03-07,12,2,wk inc flu hosp,2026-03-21,quantile,0.05,303
2026-03-07,12,2,wk inc flu hosp,2026-03-21,quantile,0.1,373
2026-03-07,12,2,wk inc flu hosp,2026-03-21,quantile,0.15,413
2026-03-07,12,2,wk inc flu hosp,2026-03-21,quantile,0.2,432
2026-03-07,12,2,wk inc flu hosp,2026-03-21,quantile,0.25,454
2026-03-07,12,2,wk inc flu hosp,2026-03-21,quantile,0.3,521
2026-03-07,12,2,wk inc flu hosp,2026-03-21,quantile,0.35,562
2026-03-07,12,2,wk inc flu hosp,2026-03-21,quantile,0.4,591
2026-03-07,12,2,wk inc flu hosp,2026-03-21,quantile,0.45,619
2026-03-07,12,2,wk inc flu hosp,2026-03-21,quantile,0.5,644
2026-03-07,12,2,wk inc flu hosp,2026-03-21,quantile,0.55,689
2026-03-07,12,2,wk inc flu hosp,2026-03-21,quantile,0.6,735
2026-03-07,12,2,wk inc flu hosp,2026-03-21,quantile,0.65,794
2026-03-07,12,2,wk inc flu hosp,2026-03-21,quantile,0.7,832
2026-03-07,12,2,wk inc flu hosp,2026-03-21,quantile,0.75,862
2026-03-07,12,2,wk inc flu hosp,2026-03-21,quantile,0.8,912
2026-03-07,12,2,wk inc flu hosp,2026-03-21,quantile,0.85,983
2026-03-07,12,2,wk inc flu hosp,2026-03-21,quantile,0.9,1080
2026-03-07,12,2,wk inc flu hosp,2026-03-21,quantile,0.95,1269
2026-03-07,12,2,wk inc flu hosp,2026-03-21,quantile,0.975,1560
2026-03-07,12,2,wk inc flu hosp,2026-03-21,quantile,0.99,1807
2026-03-07,12,3,wk inc flu hosp,2026-03-28,quantile,0.01,149
2026-03-07,12,3,wk inc flu hosp,2026-03-28,quantile,0.025,185
2026-03-07,12,3,wk inc flu hosp,2026-03-28,quantile,0.05,215
2026-03-07,12,3,wk inc flu hosp,2026-03-28,quantile,0.1,264
2026-03-07,12,3,wk inc flu hosp,2026-03-28,quantile,0.15,327
2026-03-07,12,3,wk inc flu hosp,2026-03-28,quantile,0.2,370
2026-03-07,12,3,wk inc flu hosp,2026-03-28,quantile,0.25,385
2026-03-07,12,3,wk inc flu hosp,2026-03-28,quantile,0.3,451
2026-03-07,12,3,wk inc flu hosp,2026-03-28,quantile,0.35,476
2026-03-07,12,3,wk inc flu hosp,2026-03-28,quantile,0.4,497
2026-03-07,12,3,wk inc flu hosp,2026-03-28,quantile,0.45,516
2026-03-07,12,3,wk inc flu hosp,2026-03-28,quantile,0.5,538
2026-03-07,12,3,wk inc flu hosp,2026-03-28,quantile,0.55,567
2026-03-07,12,3,wk inc flu hosp,2026-03-28,quantile,0.6,601
2026-03-07,12,3,wk inc flu hosp,2026-03-28,quantile,0.65,667
2026-03-07,12,3,wk inc flu hosp,2026-03-28,quantile,0.7,721
2026-03-07,12,3,wk inc flu hosp,2026-03-28,quantile,0.75,793
2026-03-07,12,3,wk inc flu hosp,2026-03-28,quantile,0.8,909
2026-03-07,12,3,wk inc flu hosp,2026-03-28,quantile,0.85,1024
2026-03-07,12,3,wk inc flu hosp,2026-03-28,quantile,0.9,1140
2026-03-07,12,3,wk inc flu hosp,2026-03-28,quantile,0.95,1300
2026-03-07,12,3,wk inc flu hosp,2026-03-28,quantile,0.975,1509
2026-03-07,12,3,wk inc flu hosp,2026-03-28,quantile,0.99,1816
2026-03-07,13,0,wk inc flu hosp,2026-03-07,quantile,0.01,92
2026-03-07,13,0,wk inc flu hosp,2026-03-07,quantile,0.025,103
2026-03-07,13,0,wk inc flu hosp,2026-03-07,quantile,0.05,122
2026-03-07,13,0,wk inc flu hosp,2026-03-07,quantile,0.1,143
2026-03-07,13,0,wk inc flu hosp,2026-03-07,quantile,0.15,153
2026-03-07,13,0,wk inc flu hosp,2026-03-07,quantile,0.2,166
2026-03-07,13,0,wk inc flu hosp,2026-03-07,quantile,0.25,176
2026-03-07,13,0,wk inc flu hosp,2026-03-07,quantile,0.3,183
2026-03-07,13,0,wk inc flu hosp,2026-03-07,quantile,0.35,191
2026-03-07,13,0,wk inc flu hosp,2026-03-07,quantile,0.4,198
2026-03-07,13,0,wk inc flu hosp,2026-03-07,quantile,0.45,212
2026-03-07,13,0,wk inc flu hosp,2026-03-07,quantile,0.5,221
2026-03-07,13,0,wk inc flu hosp,2026-03-07,quantile,0.55,228
2026-03-07,13,0,wk inc flu hosp,2026-03-07,quantile,0.6,241
2026-03-07,13,0,wk inc flu hosp,2026-03-07,quantile,0.65,252
2026-03-07,13,0,wk inc flu hosp,2026-03-07,quantile,0.7,263
2026-03-07,13,0,wk inc flu hosp,2026-03-07,quantile,0.75,274
2026-03-07,13,0,wk inc flu hosp,2026-03-07,quantile,0.8,287
2026-03-07,13,0,wk inc flu hosp,2026-03-07,quantile,0.85,307
2026-03-07,13,0,wk inc flu hosp,2026-03-07,quantile,0.9,335
2026-03-07,13,0,wk inc flu hosp,2026-03-07,quantile,0.95,373
2026-03-07,13,0,wk inc flu hosp,2026-03-07,quantile,0.975,395
2026-03-07,13,0,wk inc flu hosp,2026-03-07,quantile,0.99,445
2026-03-07,13,1,wk inc flu hosp,2026-03-14,quantile,0.01,56
2026-03-07,13,1,wk inc flu hosp,2026-03-14,quantile,0.025,73
2026-03-07,13,1,wk inc flu hosp,2026-03-14,quantile,0.05,81
2026-03-07,13,1,wk inc flu hosp,2026-03-14,quantile,0.1,99
2026-03-07,13,1,wk inc flu hosp,2026-03-14,quantile,0.15,109
2026-03-07,13,1,wk inc flu hosp,2026-03-14,quantile,0.2,128
2026-03-07,13,1,wk inc flu hosp,2026-03-14,quantile,0.25,139
2026-03-07,13,1,wk inc flu hosp,2026-03-14,quantile,0.3,151
2026-03-07,13,1,wk inc flu hosp,2026-03-14,quantile,0.35,156
2026-03-07,13,1,wk inc flu hosp,2026-03-14,quantile,0.4,165
2026-03-07,13,1,wk inc flu hosp,2026-03-14,quantile,0.45,179
2026-03-07,13,1,wk inc flu hosp,2026-03-14,quantile,0.5,193
2026-03-07,13,1,wk inc flu hosp,2026-03-14,quantile,0.55,201
2026-03-07,13,1,wk inc flu hosp,2026-03-14,quantile,0.6,209
2026-03-07,13,1,wk inc flu hosp,2026-03-14,quantile,0.65,222
2026-03-07,13,1,wk inc flu hosp,2026-03-14,quantile,0.7,234
2026-03-07,13,1,wk inc flu hosp,2026-03-14,quantile,0.75,254
2026-03-07,13,1,wk inc flu hosp,2026-03-14,quantile,0.8,275
2026-03-07,13,1,wk inc flu hosp,2026-03-14,quantile,0.85,291
2026-03-07,13,1,wk inc flu hosp,2026-03-14,quantile,0.9,321
2026-03-07,13,1,wk inc flu hosp,2026-03-14,quantile,0.95,377
2026-03-07,13,1,wk inc flu hosp,2026-03-14,quantile,0.975,439
2026-03-07,13,1,wk inc flu hosp,2026-03-14,quantile,0.99,482
2026-03-07,13,2,wk inc flu hosp,2026-03-21,quantile,0.01,30
2026-03-07,13,2,wk inc flu hosp,2026-03-21,quantile,0.025,41
2026-03-07,13,2,wk inc flu hosp,2026-03-21,quantile,0.05,54
2026-03-07,13,2,wk inc flu hosp,2026-03-21,quantile,0.1,74
2026-03-07,13,2,wk inc flu hosp,2026-03-21,quantile,0.15,84
2026-03-07,13,2,wk inc flu hosp,2026-03-21,quantile,0.2,93
2026-03-07,13,2,wk inc flu hosp,2026-03-21,quantile,0.25,105
2026-03-07,13,2,wk inc flu hosp,2026-03-21,quantile,0.3,118
2026-03-07,13,2,wk inc flu hosp,2026-03-21,quantile,0.35,133
2026-03-07,13,2,wk inc flu hosp,2026-03-21,quantile,0.4,138
2026-03-07,13,2,wk inc flu hosp,2026-03-21,quantile,0.45,154
2026-03-07,13,2,wk inc flu hosp,2026-03-21,quantile,0.5,164
2026-03-07,13,2,wk inc flu hosp,2026-03-21,quantile,0.55,177
2026-03-07,13,2,wk inc flu hosp,2026-03-21,quantile,0.6,187
2026-03-07,13,2,wk inc flu hosp,2026-03-21,quantile,0.65,202
2026-03-07,13,2,wk inc flu hosp,2026-03-21,quantile,0.7,224
2026-03-07,13,2,wk inc flu hosp,2026-03-21,quantile,0.75,246
2026-03-07,13,2,wk inc flu hosp,2026-03-21,quantile,0.8,270
2026-03-07,13,2,wk inc flu hosp,2026-03-21,quantile,0.85,286
2026-03-07,13,2,wk inc flu hosp,2026-03-21,quantile,0.9,310
2026-03-07,13,2,wk inc flu hosp,2026-03-21,quantile,0.95,362
2026-03-07,13,2,wk inc flu hosp,2026-03-21,quantile,0.975,426
2026-03-07,13,2,wk inc flu hosp,2026-03-21,quantile,0.99,510
2026-03-07,13,3,wk inc flu hosp,2026-03-28,quantile,0.01,18
2026-03-07,13,3,wk inc flu hosp,2026-03-28,quantile,0.025,26
2026-03-07,13,3,wk inc flu hosp,2026-03-28,quantile,0.05,36
2026-03-07,13,3,wk inc flu hosp,2026-03-28,quantile,0.1,56
2026-03-07,13,3,wk inc flu hosp,2026-03-28,quantile,0.15,64
2026-03-07,13,3,wk inc flu hosp,2026-03-28,quantile,0.2,73
2026-03-07,13,3,wk inc flu hosp,2026-03-28,quantile,0.25,85
2026-03-07,13,3,wk inc flu hosp,2026-03-28,quantile,0.3,95
2026-03-07,13,3,wk inc flu hosp,2026-03-28,quantile,0.35,107
2026-03-07,13,3,wk inc flu hosp,2026-03-28,quantile,0.4,117
2026-03-07,13,3,wk inc flu hosp,2026-03-28,quantile,0.45,129
2026-03-07,13,3,wk inc flu hosp,2026-03-28,quantile,0.5,147
2026-03-07,13,3,wk inc flu hosp,2026-03-28,quantile,0.55,156
2026-03-07,13,3,wk inc flu hosp,2026-03-28,quantile,0.6,168
2026-03-07,13,3,wk inc flu hosp,2026-03-28,quantile,0.65,186
2026-03-07,13,3,wk inc flu hosp,2026-03-28,quantile,0.7,197
2026-03-07,13,3,wk inc flu hosp,2026-03-28,quantile,0.75,212
2026-03-07,13,3,wk inc flu hosp,2026-03-28,quantile,0.8,233
2026-03-07,13,3,wk inc flu hosp,2026-03-28,quantile,0.85,259
2026-03-07,13,3,wk inc flu hosp,2026-03-28,quantile,0.9,302
2026-03-07,13,3,wk inc flu hosp,2026-03-28,quantile,0.95,367
2026-03-07,13,3,wk inc flu hosp,2026-03-28,quantile,0.975,436
2026-03-07,13,3,wk inc flu hosp,2026-03-28,quantile,0.99,534
2026-03-07,15,0,wk inc flu hosp,2026-03-07,quantile,0.01,1
2026-03-07,15,0,wk inc flu hosp,2026-03-07,quantile,0.025,2
2026-03-07,15,0,wk inc flu hosp,2026-03-07,quantile,0.05,3
2026-03-07,15,0,wk inc flu hosp,2026-03-07,quantile,0.1,4
2026-03-07,15,0,wk inc flu hosp,2026-03-07,quantile,0.15,4
2026-03-07,15,0,wk inc flu hosp,2026-03-07,quantile,0.2,5
2026-03-07,15,0,wk inc flu hosp,2026-03-07,quantile,0.25,6
2026-03-07,15,0,wk inc flu hosp,2026-03-07,quantile,0.3,7
2026-03-07,15,0,wk inc flu hosp,2026-03-07,quantile,0.35,7
2026-03-07,15,0,wk inc flu hosp,2026-03-07,quantile,0.4,8
2026-03-07,15,0,wk inc flu hosp,2026-03-07,quantile,0.45,9
2026-03-07,15,0,wk inc flu hosp,2026-03-07,quantile,0.5,10
2026-03-07,15,0,wk inc flu hosp,2026-03-07,quantile,0.55,11
2026-03-07,15,0,wk inc flu hosp,2026-03-07,quantile,0.6,12
2026-03-07,15,0,wk inc flu hosp,2026-03-07,quantile,0.65,12
2026-03-07,15,0,wk inc flu hosp,2026-03-07,quantile,0.7,13
2026-03-07,15,0,wk inc flu hosp,2026-03-07,quantile,0.75,14
2026-03-07,15,0,wk inc flu hosp,2026-03-07,quantile,0.8,15
2026-03-07,15,0,wk inc flu hosp,2026-03-07,quantile,0.85,18
2026-03-07,15,0,wk inc flu hosp,2026-03-07,quantile,0.9,19
2026-03-07,15,0,wk inc flu hosp,2026-03-07,quantile,0.95,23
2026-03-07,15,0,wk inc flu hosp,2026-03-07,quantile,0.975,26
2026-03-07,15,0,wk inc flu hosp,2026-03-07,quantile,0.99,29
2026-03-07,15,1,wk inc flu hosp,2026-03-14,quantile,0.01,0
2026-03-07,15,1,wk inc flu hosp,2026-03-14,quantile,0.025,1
2026-03-07,15,1,wk inc flu hosp,2026-03-14,quantile,0.05,1
2026-03-07,15,1,wk inc flu hosp,2026-03-14,quantile,0.1,2
2026-03-07,15,1,wk inc flu hosp,2026-03-14,quantile,0.15,2
2026-03-07,15,1,wk inc flu hosp,2026-03-14,quantile,0.2,3
2026-03-07,15,1,wk inc flu hosp,2026-03-14,quantile,0.25,4
2026-03-07,15,1,wk inc flu hosp,2026-03-14,quantile,0.3,5
2026-03-07,15,1,wk inc flu hosp,2026-03-14,quantile,0.35,6
2026-03-07,15,1,wk inc flu hosp,2026-03-14,quantile,0.4,7
2026-03-07,15,1,wk inc flu hosp,2026-03-14,quantile,0.45,7
2026-03-07,15,1,wk inc flu hosp,2026-03-14,quantile,0.5,9
2026-03-07,15,1,wk inc flu hosp,2026-03-14,quantile,0.55,10
2026-03-07,15,1,wk inc flu hosp,2026-03-14,quantile,0.6,11
2026-03-07,15,1,wk inc flu hosp,2026-03-14,quantile,0.65,11
2026-03-07,15,1,wk inc flu hosp,2026-03-14,quantile,0.7,12
2026-03-07,15,1,wk inc flu hosp,2026-03-14,quantile,0.75,13
2026-03-07,15,1,wk inc flu hosp,2026-03-14,quantile,0.8,15
2026-03-07,15,1,wk inc flu hosp,2026-03-14,quantile,0.85,17
2026-03-07,15,1,wk inc flu hosp,2026-03-14,quantile,0.9,19
2026-03-07,15,1,wk inc flu hosp,2026-03-14,quantile,0.95,25
2026-03-07,15,1,wk inc flu hosp,2026-03-14,quantile,0.975,30
2026-03-07,15,1,wk inc flu hosp,2026-03-14,quantile,0.99,35
2026-03-07,15,2,wk inc flu hosp,2026-03-21,quantile,0.01,0
2026-03-07,15,2,wk inc flu hosp,2026-03-21,quantile,0.025,0
2026-03-07,15,2,wk inc flu hosp,2026-03-21,quantile,0.05,0
2026-03-07,15,2,wk inc flu hosp,2026-03-21,quantile,0.1,1
2026-03-07,15,2,wk inc flu hosp,2026-03-21,quantile,0.15,2
2026-03-07,15,2,wk inc flu hosp,2026-03-21,quantile,0.2,2
2026-03-07,15,2,wk inc flu hosp,2026-03-21,quantile,0.25,3
2026-03-07,15,2,wk inc flu hosp,2026-03-21,quantile,0.3,4
2026-03-07,15,2,wk inc flu hosp,2026-03-21,quantile,0.35,5
2026-03-07,15,2,wk inc flu hosp,2026-03-21,quantile,0.4,6
2026-03-07,15,2,wk inc flu hosp,2026-03-21,quantile,0.45,6
2026-03-07,15,2,wk inc flu hosp,2026-03-21,quantile,0.5,8
2026-03-07,15,2,wk inc flu hosp,2026-03-21,quantile,0.55,9
2026-03-07,15,2,wk inc flu hosp,2026-03-21,quantile,0.6,9
2026-03-07,15,2,wk inc flu hosp,2026-03-21,quantile,0.65,10
2026-03-07,15,2,wk inc flu hosp,2026-03-21,quantile,0.7,11
2026-03-07,15,2,wk inc flu hosp,2026-03-21,quantile,0.75,12
2026-03-07,15,2,wk inc flu hosp,2026-03-21,quantile,0.8,14
2026-03-07,15,2,wk inc flu hosp,2026-03-21,quantile,0.85,15
2026-03-07,15,2,wk inc flu hosp,2026-03-21,quantile,0.9,18
2026-03-07,15,2,wk inc flu hosp,2026-03-21,quantile,0.95,24
2026-03-07,15,2,wk inc flu hosp,2026-03-21,quantile,0.975,31
2026-03-07,15,2,wk inc flu hosp,2026-03-21,quantile,0.99,37
2026-03-07,15,3,wk inc flu hosp,2026-03-28,quantile,0.01,0
2026-03-07,15,3,wk inc flu hosp,2026-03-28,quantile,0.025,0
2026-03-07,15,3,wk inc flu hosp,2026-03-28,quantile,0.05,0
2026-03-07,15,3,wk inc flu hosp,2026-03-28,quantile,0.1,1
2026-03-07,15,3,wk inc flu hosp,2026-03-28,quantile,0.15,2
2026-03-07,15,3,wk inc flu hosp,2026-03-28,quantile,0.2,2
2026-03-07,15,3,wk inc flu hosp,2026-03-28,quantile,0.25,3
2026-03-07,15,3,wk inc flu hosp,2026-03-28,quantile,0.3,4
2026-03-07,15,3,wk inc flu hosp,2026-03-28,quantile,0.35,4
2026-03-07,15,3,wk inc flu hosp,2026-03-28,quantile,0.4,5
2026-03-07,15,3,wk inc flu hosp,2026-03-28,quantile,0.45,5
2026-03-07,15,3,wk inc flu hosp,2026-03-28,quantile,0.5,7
2026-03-07,15,3,wk inc flu hosp,2026-03-28,quantile,0.55,8
2026-03-07,15,3,wk inc flu hosp,2026-03-28,quantile,0.6,9
2026-03-07,15,3,wk inc flu hosp,2026-03-28,quantile,0.65,10
2026-03-07,15,3,wk inc flu hosp,2026-03-28,quantile,0.7,10
2026-03-07,15,3,wk inc flu hosp,2026-03-28,quantile,0.75,11
2026-03-07,15,3,wk inc flu hosp,2026-03-28,quantile,0.8,14
2026-03-07,15,3,wk inc flu hosp,2026-03-28,quantile,0.85,16
2026-03-07,15,3,wk inc flu hosp,2026-03-28,quantile,0.9,19
2026-03-07,15,3,wk inc flu hosp,2026-03-28,quantile,0.95,25
2026-03-07,15,3,wk inc flu hosp,2026-03-28,quantile,0.975,32
2026-03-07,15,3,wk inc flu hosp,2026-03-28,quantile,0.99,40
2026-03-07,16,0,wk inc flu hosp,2026-03-07,quantile,0.01,37
2026-03-07,16,0,wk inc flu hosp,2026-03-07,quantile,0.025,42
2026-03-07,16,0,wk inc flu hosp,2026-03-07,quantile,0.05,49
2026-03-07,16,0,wk inc flu hosp,2026-03-07,quantile,0.1,56
2026-03-07,16,0,wk inc flu hosp,2026-03-07,quantile,0.15,61
2026-03-07,16,0,wk inc flu hosp,2026-03-07,quantile,0.2,64
2026-03-07,16,0,wk inc flu hosp,2026-03-07,quantile,0.25,68
2026-03-07,16,0,wk inc flu hosp,2026-03-07,quantile,0.3,70
2026-03-07,16,0,wk inc flu hosp,2026-03-07,quantile,0.35,72
2026-03-07,16,0,wk inc flu hosp,2026-03-07,quantile,0.4,74
2026-03-07,16,0,wk inc flu hosp,2026-03-07,quantile,0.45,76
2026-03-07,16,0,wk inc flu hosp,2026-03-07,quantile,0.5,82
2026-03-07,16,0,wk inc flu hosp,2026-03-07,quantile,0.55,84
2026-03-07,16,0,wk inc flu hosp,2026-03-07,quantile,0.6,88
2026-03-07,16,0,wk inc flu hosp,2026-03-07,quantile,0.65,92
2026-03-07,16,0,wk inc flu hosp,2026-03-07,quantile,0.7,95
2026-03-07,16,0,wk inc flu hosp,2026-03-07,quantile,0.75,98
2026-03-07,16,0,wk inc flu hosp,2026-03-07,quantile,0.8,102
2026-03-07,16,0,wk inc flu hosp,2026-03-07,quantile,0.85,106
2026-03-07,16,0,wk inc flu hosp,2026-03-07,quantile,0.9,115
2026-03-07,16,0,wk inc flu hosp,2026-03-07,quantile,0.95,126
2026-03-07,16,0,wk inc flu hosp,2026-03-07,quantile,0.975,139
2026-03-07,16,0,wk inc flu hosp,2026-03-07,quantile,0.99,149
2026-03-07,16,1,wk inc flu hosp,2026-03-14,quantile,0.01,21
2026-03-07,16,1,wk inc flu hosp,2026-03-14,quantile,0.025,26
2026-03-07,16,1,wk inc flu hosp,2026-03-14,quantile,0.05,32
2026-03-07,16,1,wk inc flu hosp,2026-03-14,quantile,0.1,38
2026-03-07,16,1,wk inc flu hosp,2026-03-14,quantile,0.15,44
2026-03-07,16,1,wk inc flu hosp,2026-03-14,quantile,0.2,48
2026-03-07,16,1,wk inc flu hosp,2026-03-14,quantile,0.25,53
2026-03-07,16,1,wk inc flu hosp,2026-03-14,quantile,0.3,55
2026-03-07,16,1,wk inc flu hosp,2026-03-14,quantile,0.35,58
2026-03-07,16,1,wk inc flu hosp,2026-03-14,quantile,0.4,61
2026-03-07,16,1,wk inc flu hosp,2026-03-14,quantile,0.45,64
2026-03-07,16,1,wk inc flu hosp,2026-03-14,quantile,0.5,69
2026-03-07,16,1,wk inc flu hosp,2026-03-14,quantile,0.55,73
2026-03-07,16,1,wk inc flu hosp,2026-03-14,quantile,0.6,77
2026-03-07,16,1,wk inc flu hosp,2026-03-14,quantile,0.65,81
2026-03-07,16,1,wk inc flu hosp,2026-03-14,quantile,0.7,85
2026-03-07,16,1,wk inc flu hosp,2026-03-14,quantile,0.75,91
2026-03-07,16,1,wk inc flu hosp,2026-03-14,quantile,0.8,99
2026-03-07,16,1,wk inc flu hosp,2026-03-14,quantile,0.85,105
2026-03-07,16,1,wk inc flu hosp,2026-03-14,quantile,0.9,113
2026-03-07,16,1,wk inc flu hosp,2026-03-14,quantile,0.95,129
2026-03-07,16,1,wk inc flu hosp,2026-03-14,quantile,0.975,140
2026-03-07,16,1,wk inc flu hosp,2026-03-14,quantile,0.99,157
2026-03-07,16,2,wk inc flu hosp,2026-03-21,quantile,0.01,14
2026-03-07,16,2,wk inc flu hosp,2026-03-21,quantile,0.025,19
2026-03-07,16,2,wk inc flu hosp,2026-03-21,quantile,0.05,23
2026-03-07,16,2,wk inc flu hosp,2026-03-21,quantile,0.1,28
2026-03-07,16,2,wk inc flu hosp,2026-03-21,quantile,0.15,34
2026-03-07,16,2,wk inc flu hosp,2026-03-21,quantile,0.2,37
2026-03-07,16,2,wk inc flu hosp,2026-03-21,quantile,0.25,40
2026-03-07,16,2,wk inc flu hosp,2026-03-21,quantile,0.3,44
2026-03-07,16,2,wk inc flu hosp,2026-03-21,quantile,0.35,48
2026-03-07,16,2,wk inc flu hosp,2026-03-21,quantile,0.4,51
2026-03-07,16,2,wk inc flu hosp,2026-03-21,quantile,0.45,55
2026-03-07,16,2,wk inc flu hosp,2026-03-21,quantile,0.5,60
2026-03-07,16,2,wk inc flu hosp,2026-03-21,quantile,0.55,63
2026-03-07,16,2,wk inc flu hosp,2026-03-21,quantile,0.6,65
2026-03-07,16,2,wk inc flu hosp,2026-03-21,quantile,0.65,72
2026-03-07,16,2,wk inc flu hosp,2026-03-21,quantile,0.7,79
2026-03-07,16,2,wk inc flu hosp,2026-03-21,quantile,0.75,88
2026-03-07,16,2,wk inc flu hosp,2026-03-21,quantile,0.8,94
2026-03-07,16,2,wk inc flu hosp,2026-03-21,quantile,0.85,101
2026-03-07,16,2,wk inc flu hosp,2026-03-21,quantile,0.9,110
2026-03-07,16,2,wk inc flu hosp,2026-03-21,quantile,0.95,125
2026-03-07,16,2,wk inc flu hosp,2026-03-21,quantile,0.975,148
2026-03-07,16,2,wk inc flu hosp,2026-03-21,quantile,0.99,156
2026-03-07,16,3,wk inc flu hosp,2026-03-28,quantile,0.01,8
2026-03-07,16,3,wk inc flu hosp,2026-03-28,quantile,0.025,12
2026-03-07,16,3,wk inc flu hosp,2026-03-28,quantile,0.05,16
2026-03-07,16,3,wk inc flu hosp,2026-03-28,quantile,0.1,21
2026-03-07,16,3,wk inc flu hosp,2026-03-28,quantile,0.15,26
2026-03-07,16,3,wk inc flu hosp,2026-03-28,quantile,0.2,28
2026-03-07,16,3,wk inc flu hosp,2026-03-28,quantile,0.25,33
2026-03-07,16,3,wk inc flu hosp,2026-03-28,quantile,0.3,36
2026-03-07,16,3,wk inc flu hosp,2026-03-28,quantile,0.35,40
2026-03-07,16,3,wk inc flu hosp,2026-03-28,quantile,0.4,42
2026-03-07,16,3,wk inc flu hosp,2026-03-28,quantile,0.45,45
2026-03-07,16,3,wk inc flu hosp,2026-03-28,quantile,0.5,49
2026-03-07,16,3,wk inc flu hosp,2026-03-28,quantile,0.55,56
2026-03-07,16,3,wk inc flu hosp,2026-03-28,quantile,0.6,60
2026-03-07,16,3,wk inc flu hosp,2026-03-28,quantile,0.65,63
2026-03-07,16,3,wk inc flu hosp,2026-03-28,quantile,0.7,70
2026-03-07,16,3,wk inc flu hosp,2026-03-28,quantile,0.75,75
2026-03-07,16,3,wk inc flu hosp,2026-03-28,quantile,0.8,82
2026-03-07,16,3,wk inc flu hosp,2026-03-28,quantile,0.85,90
2026-03-07,16,3,wk inc flu hosp,2026-03-28,quantile,0.9,101
2026-03-07,16,3,wk inc flu hosp,2026-03-28,quantile,0.95,119
2026-03-07,16,3,wk inc flu hosp,2026-03-28,quantile,0.975,138
2026-03-07,16,3,wk inc flu hosp,2026-03-28,quantile,0.99,155
2026-03-07,17,0,wk inc flu hosp,2026-03-07,quantile,0.01,123
2026-03-07,17,0,wk inc flu hosp,2026-03-07,quantile,0.025,145
2026-03-07,17,0,wk inc flu hosp,2026-03-07,quantile,0.05,180
2026-03-07,17,0,wk inc flu hosp,2026-03-07,quantile,0.1,210
2026-03-07,17,0,wk inc flu hosp,2026-03-07,quantile,0.15,226
2026-03-07,17,0,wk inc flu hosp,2026-03-07,quantile,0.2,238
2026-03-07,17,0,wk inc flu hosp,2026-03-07,quantile,0.25,250
2026-03-07,17,0,wk inc flu hosp,2026-03-07,quantile,0.3,257
2026-03-07,17,0,wk inc flu hosp,2026-03-07,quantile,0.35,268
2026-03-07,17,0,wk inc flu hosp,2026-03-07,quantile,0.4,273
2026-03-07,17,0,wk inc flu hosp,2026-03-07,quantile,0.45,291
2026-03-07,17,0,wk inc flu hosp,2026-03-07,quantile,0.5,304
2026-03-07,17,0,wk inc flu hosp,2026-03-07,quantile,0.55,320
2026-03-07,17,0,wk inc flu hosp,2026-03-07,quantile,0.6,334
2026-03-07,17,0,wk inc flu hosp,2026-03-07,quantile,0.65,350
2026-03-07,17,0,wk inc flu hosp,2026-03-07,quantile,0.7,367
2026-03-07,17,0,wk inc flu hosp,2026-03-07,quantile,0.75,382
2026-03-07,17,0,wk inc flu hosp,2026-03-07,quantile,0.8,396
2026-03-07,17,0,wk inc flu hosp,2026-03-07,quantile,0.85,421
2026-03-07,17,0,wk inc flu hosp,2026-03-07,quantile,0.9,455
2026-03-07,17,0,wk inc flu hosp,2026-03-07,quantile,0.95,503
2026-03-07,17,0,wk inc flu hosp,2026-03-07,quantile,0.975,548
2026-03-07,17,0,wk inc flu hosp,2026-03-07,quantile,0.99,629
2026-03-07,17,1,wk inc flu hosp,2026-03-14,quantile,0.01,69
2026-03-07,17,1,wk inc flu hosp,2026-03-14,quantile,0.025,85
2026-03-07,17,1,wk inc flu hosp,2026-03-14,quantile,0.05,102
2026-03-07,17,1,wk inc flu hosp,2026-03-14,quantile,0.1,134
2026-03-07,17,1,wk inc flu hosp,2026-03-14,quantile,0.15,161
2026-03-07,17,1,wk inc flu hosp,2026-03-14,quantile,0.2,173
2026-03-07,17,1,wk inc flu hosp,2026-03-14,quantile,0.25,189
2026-03-07,17,1,wk inc flu hosp,2026-03-14,quantile,0.3,204
2026-03-07,17,1,wk inc flu hosp,2026-03-14,quantile,0.35,218
2026-03-07,17,1,wk inc flu hosp,2026-03-14,quantile,0.4,235
2026-03-07,17,1,wk inc flu hosp,2026-03-14,quantile,0.45,244
2026-03-07,17,1,wk inc flu hosp,2026-03-14,quantile,0.5,261
2026-03-07,17,1,wk inc flu hosp,2026-03-14,quantile,0.55,278
2026-03-07,17,1,wk inc flu hosp,2026-03-14,quantile,0.6,293
2026-03-07,17,1,wk inc flu hosp,2026-03-14,quantile,0.65,307
2026-03-07,17,1,wk inc flu hosp,2026-03-14,quantile,0.7,329
2026-03-07,17,1,wk inc flu hosp,2026-03-14,quantile,0.75,353
2026-03-07,17,1,wk inc flu hosp,2026-03-14,quantile,0.8,384
2026-03-07,17,1,wk inc flu hosp,2026-03-14,quantile,0.85,420
2026-03-07,17,1,wk inc flu hosp,2026-03-14,quantile,0.9,459
2026-03-07,17,1,wk inc flu hosp,2026-03-14,quantile,0.95,532
2026-03-07,17,1,wk inc flu hosp,2026-03-14,quantile,0.975,606
2026-03-07,17,1,wk inc flu hosp,2026-03-14,quantile,0.99,693
2026-03-07,17,2,wk inc flu hosp,2026-03-21,quantile,0.01,42
2026-03-07,17,2,wk inc flu hosp,2026-03-21,quantile,0.025,49
2026-03-07,17,2,wk inc flu hosp,2026-03-21,quantile,0.05,62
2026-03-07,17,2,wk inc flu hosp,2026-03-21,quantile,0.1,97
2026-03-07,17,2,wk inc flu hosp,2026-03-21,quantile,0.15,111
2026-03-07,17,2,wk inc flu hosp,2026-03-21,quantile,0.2,127
2026-03-07,17,2,wk inc flu hosp,2026-03-21,quantile,0.25,142
2026-03-07,17,2,wk inc flu hosp,2026-03-21,quantile,0.3,156
2026-03-07,17,2,wk inc flu hosp,2026-03-21,quantile,0.35,170
2026-03-07,17,2,wk inc flu hosp,2026-03-21,quantile,0.4,186
2026-03-07,17,2,wk inc flu hosp,2026-03-21,quantile,0.45,200
2026-03-07,17,2,wk inc flu hosp,2026-03-21,quantile,0.5,219
2026-03-07,17,2,wk inc flu hosp,2026-03-21,quantile,0.55,234
2026-03-07,17,2,wk inc flu hosp,2026-03-21,quantile,0.6,250
2026-03-07,17,2,wk inc flu hosp,2026-03-21,quantile,0.65,265
2026-03-07,17,2,wk inc flu hosp,2026-03-21,quantile,0.7,285
2026-03-07,17,2,wk inc flu hosp,2026-03-21,quantile,0.75,309
2026-03-07,17,2,wk inc flu hosp,2026-03-21,quantile,0.8,334
2026-03-07,17,2,wk inc flu hosp,2026-03-21,quantile,0.85,366
2026-03-07,17,2,wk inc flu hosp,2026-03-21,quantile,0.9,415
2026-03-07,17,2,wk inc flu hosp,2026-03-21,quantile,0.95,527
2026-03-07,17,2,wk inc flu hosp,2026-03-21,quantile,0.975,629
2026-03-07,17,2,wk inc flu hosp,2026-03-21,quantile,0.99,740
2026-03-07,17,3,wk inc flu hosp,2026-03-28,quantile,0.01,19
2026-03-07,17,3,wk inc flu hosp,2026-03-28,quantile,0.025,29
2026-03-07,17,3,wk inc flu hosp,2026-03-28,quantile,0.05,34
2026-03-07,17,3,wk inc flu hosp,2026-03-28,quantile,0.1,71
2026-03-07,17,3,wk inc flu hosp,2026-03-28,quantile,0.15,80
2026-03-07,17,3,wk inc flu hosp,2026-03-28,quantile,0.2,98
2026-03-07,17,3,wk inc flu hosp,2026-03-28,quantile,0.25,112
2026-03-07,17,3,wk inc flu hosp,2026-03-28,quantile,0.3,128
2026-03-07,17,3,wk inc flu hosp,2026-03-28,quantile,0.35,139
2026-03-07,17,3,wk inc flu hosp,2026-03-28,quantile,0.4,155
2026-03-07,17,3,wk inc flu hosp,2026-03-28,quantile,0.45,168
2026-03-07,17,3,wk inc flu hosp,2026-03-28,quantile,0.5,186
2026-03-07,17,3,wk inc flu hosp,2026-03-28,quantile,0.55,208
2026-03-07,17,3,wk inc flu hosp,2026-03-28,quantile,0.6,227
2026-03-07,17,3,wk inc flu hosp,2026-03-28,quantile,0.65,243
2026-03-07,17,3,wk inc flu hosp,2026-03-28,quantile,0.7,264
2026-03-07,17,3,wk inc flu hosp,2026-03-28,quantile,0.75,281
2026-03-07,17,3,wk inc flu hosp,2026-03-28,quantile,0.8,307
2026-03-07,17,3,wk inc flu hosp,2026-03-28,quantile,0.85,348
2026-03-07,17,3,wk inc flu hosp,2026-03-28,quantile,0.9,410
2026-03-07,17,3,wk inc flu hosp,2026-03-28,quantile,0.95,520
2026-03-07,17,3,wk inc flu hosp,2026-03-28,quantile,0.975,597
2026-03-07,17,3,wk inc flu hosp,2026-03-28,quantile,0.99,722
2026-03-07,18,0,wk inc flu hosp,2026-03-07,quantile,0.01,117
2026-03-07,18,0,wk inc flu hosp,2026-03-07,quantile,0.025,133
2026-03-07,18,0,wk inc flu hosp,2026-03-07,quantile,0.05,153
2026-03-07,18,0,wk inc flu hosp,2026-03-07,quantile,0.1,168
2026-03-07,18,0,wk inc flu hosp,2026-03-07,quantile,0.15,185
2026-03-07,18,0,wk inc flu hosp,2026-03-07,quantile,0.2,195
2026-03-07,18,0,wk inc flu hosp,2026-03-07,quantile,0.25,204
2026-03-07,18,0,wk inc flu hosp,2026-03-07,quantile,0.3,213
2026-03-07,18,0,wk inc flu hosp,2026-03-07,quantile,0.35,221
2026-03-07,18,0,wk inc flu hosp,2026-03-07,quantile,0.4,234
2026-03-07,18,0,wk inc flu hosp,2026-03-07,quantile,0.45,246
2026-03-07,18,0,wk inc flu hosp,2026-03-07,quantile,0.5,256
2026-03-07,18,0,wk inc flu hosp,2026-03-07,quantile,0.55,266
2026-03-07,18,0,wk inc flu hosp,2026-03-07,quantile,0.6,278
2026-03-07,18,0,wk inc flu hosp,2026-03-07,quantile,0.65,287
2026-03-07,18,0,wk inc flu hosp,2026-03-07,quantile,0.7,299
2026-03-07,18,0,wk inc flu hosp,2026-03-07,quantile,0.75,307
2026-03-07,18,0,wk inc flu hosp,2026-03-07,quantile,0.8,314
2026-03-07,18,0,wk inc flu hosp,2026-03-07,quantile,0.85,332
2026-03-07,18,0,wk inc flu hosp,2026-03-07,quantile,0.9,358
2026-03-07,18,0,wk inc flu hosp,2026-03-07,quantile,0.95,389
2026-03-07,18,0,wk inc flu hosp,2026-03-07,quantile,0.975,425
2026-03-07,18,0,wk inc flu hosp,2026-03-07,quantile,0.99,471
2026-03-07,18,1,wk inc flu hosp,2026-03-14,quantile,0.01,69
2026-03-07,18,1,wk inc flu hosp,2026-03-14,quantile,0.025,86
2026-03-07,18,1,wk inc flu hosp,2026-03-14,quantile,0.05,101
2026-03-07,18,1,wk inc flu hosp,2026-03-14,quantile,0.1,122
2026-03-07,18,1,wk inc flu hosp,2026-03-14,quantile,0.15,135
2026-03-07,18,1,wk inc flu hosp,2026-03-14,quantile,0.2,150
2026-03-07,18,1,wk inc flu hosp,2026-03-14,quantile,0.25,165
2026-03-07,18,1,wk inc flu hosp,2026-03-14,quantile,0.3,177
2026-03-07,18,1,wk inc flu hosp,2026-03-14,quantile,0.35,187
2026-03-07,18,1,wk inc flu hosp,2026-03-14,quantile,0.4,196
2026-03-07,18,1,wk inc flu hosp,2026-03-14,quantile,0.45,210
2026-03-07,18,1,wk inc flu hosp,2026-03-14,quantile,0.5,217
2026-03-07,18,1,wk inc flu hosp,2026-03-14,quantile,0.55,231
2026-03-07,18,1,wk inc flu hosp,2026-03-14,quantile,0.6,238
2026-03-07,18,1,wk inc flu hosp,2026-03-14,quantile,0.65,252
2026-03-07,18,1,wk inc flu hosp,2026-03-14,quantile,0.7,266
2026-03-07,18,1,wk inc flu hosp,2026-03-14,quantile,0.75,273
2026-03-07,18,1,wk inc flu hosp,2026-03-14,quantile,0.8,294
2026-03-07,18,1,wk inc flu hosp,2026-03-14,quantile,0.85,315
2026-03-07,18,1,wk inc flu hosp,2026-03-14,quantile,0.9,343
2026-03-07,18,1,wk inc flu hosp,2026-03-14,quantile,0.95,402
2026-03-07,18,1,wk inc flu hosp,2026-03-14,quantile,0.975,449
2026-03-07,18,1,wk inc flu hosp,2026-03-14,quantile,0.99,508
2026-03-07,18,2,wk inc flu hosp,2026-03-21,quantile,0.01,35
2026-03-07,18,2,wk inc flu hosp,2026-03-21,quantile,0.025,54
2026-03-07,18,2,wk inc flu hosp,2026-03-21,quantile,0.05,67
2026-03-07,18,2,wk inc flu hosp,2026-03-21,quantile,0.1,88
2026-03-07,18,2,wk inc flu hosp,2026-03-21,quantile,0.15,104
2026-03-07,18,2,wk inc flu hosp,2026-03-21,quantile,0.2,116
2026-03-07,18,2,wk inc flu hosp,2026-03-21,quantile,0.25,127
2026-03-07,18,2,wk inc flu hosp,2026-03-21,quantile,0.3,139
2026-03-07,18,2,wk inc flu hosp,2026-03-21,quantile,0.35,150
2026-03-07,18,2,wk inc flu hosp,2026-03-21,quantile,0.4,161
2026-03-07,18,2,wk inc flu hosp,2026-03-21,quantile,0.45,174
2026-03-07,18,2,wk inc flu hosp,2026-03-21,quantile,0.5,186
2026-03-07,18,2,wk inc flu hosp,2026-03-21,quantile,0.55,198
2026-03-07,18,2,wk inc flu hosp,2026-03-21,quantile,0.6,211
2026-03-07,18,2,wk inc flu hosp,2026-03-21,quantile,0.65,225
2026-03-07,18,2,wk inc flu hosp,2026-03-21,quantile,0.7,240
2026-03-07,18,2,wk inc flu hosp,2026-03-21,quantile,0.75,256
2026-03-07,18,2,wk inc flu hosp,2026-03-21,quantile,0.8,273
2026-03-07,18,2,wk inc flu hosp,2026-03-21,quantile,0.85,294
2026-03-07,18,2,wk inc flu hosp,2026-03-21,quantile,0.9,328
2026-03-07,18,2,wk inc flu hosp,2026-03-21,quantile,0.95,400
2026-03-07,18,2,wk inc flu hosp,2026-03-21,quantile,0.975,454
2026-03-07,18,2,wk inc flu hosp,2026-03-21,quantile,0.99,523
2026-03-07,18,3,wk inc flu hosp,2026-03-28,quantile,0.01,17
2026-03-07,18,3,wk inc flu hosp,2026-03-28,quantile,0.025,31
2026-03-07,18,3,wk inc flu hosp,2026-03-28,quantile,0.05,47
2026-03-07,18,3,wk inc flu hosp,2026-03-28,quantile,0.1,66
2026-03-07,18,3,wk inc flu hosp,2026-03-28,quantile,0.15,79
2026-03-07,18,3,wk inc flu hosp,2026-03-28,quantile,0.2,95
2026-03-07,18,3,wk inc flu hosp,2026-03-28,quantile,0.25,109
2026-03-07,18,3,wk inc flu hosp,2026-03-28,quantile,0.3,119
2026-03-07,18,3,wk inc flu hosp,2026-03-28,quantile,0.35,126
2026-03-07,18,3,wk inc flu hosp,2026-03-28,quantile,0.4,133
2026-03-07,18,3,wk inc flu hosp,2026-03-28,quantile,0.45,152
2026-03-07,18,3,wk inc flu hosp,2026-03-28,quantile,0.5,167
2026-03-07,18,3,wk inc flu hosp,2026-03-28,quantile,0.55,180
2026-03-07,18,3,wk inc flu hosp,2026-03-28,quantile,0.6,192
2026-03-07,18,3,wk inc flu hosp,2026-03-28,quantile,0.65,205
2026-03-07,18,3,wk inc flu hosp,2026-03-28,quantile,0.7,220
2026-03-07,18,3,wk inc flu hosp,2026-03-28,quantile,0.75,235
2026-03-07,18,3,wk inc flu hosp,2026-03-28,quantile,0.8,254
2026-03-07,18,3,wk inc flu hosp,2026-03-28,quantile,0.85,287
2026-03-07,18,3,wk inc flu hosp,2026-03-28,quantile,0.9,333
2026-03-07,18,3,wk inc flu hosp,2026-03-28,quantile,0.95,404
2026-03-07,18,3,wk inc flu hosp,2026-03-28,quantile,0.975,467
2026-03-07,18,3,wk inc flu hosp,2026-03-28,quantile,0.99,534
2026-03-07,19,0,wk inc flu hosp,2026-03-07,quantile,0.01,35
2026-03-07,19,0,wk inc flu hosp,2026-03-07,quantile,0.025,42
2026-03-07,19,0,wk inc flu hosp,2026-03-07,quantile,0.05,47
2026-03-07,19,0,wk inc flu hosp,2026-03-07,quantile,0.1,54
2026-03-07,19,0,wk inc flu hosp,2026-03-07,quantile,0.15,61
2026-03-07,19,0,wk inc flu hosp,2026-03-07,quantile,0.2,67
2026-03-07,19,0,wk inc flu hosp,2026-03-07,quantile,0.25,72
2026-03-07,19,0,wk inc flu hosp,2026-03-07,quantile,0.3,77
2026-03-07,19,0,wk inc flu hosp,2026-03-07,quantile,0.35,82
2026-03-07,19,0,wk inc flu hosp,2026-03-07,quantile,0.4,86
2026-03-07,19,0,wk inc flu hosp,2026-03-07,quantile,0.45,89
2026-03-07,19,0,wk inc flu hosp,2026-03-07,quantile,0.5,95
2026-03-07,19,0,wk inc flu hosp,2026-03-07,quantile,0.55,97
2026-03-07,19,0,wk inc flu hosp,2026-03-07,quantile,0.6,99
2026-03-07,19,0,wk inc flu hosp,2026-03-07,quantile,0.65,105
2026-03-07,19,0,wk inc flu hosp,2026-03-07,quantile,0.7,111
2026-03-07,19,0,wk inc flu hosp,2026-03-07,quantile,0.75,114
2026-03-07,19,0,wk inc flu hosp,2026-03-07,quantile,0.8,124
2026-03-07,19,0,wk inc flu hosp,2026-03-07,quantile,0.85,130
2026-03-07,19,0,wk inc flu hosp,2026-03-07,quantile,0.9,141
2026-03-07,19,0,wk inc flu hosp,2026-03-07,quantile,0.95,163
2026-03-07,19,0,wk inc flu hosp,2026-03-07,quantile,0.975,174
2026-03-07,19,0,wk inc flu hosp,2026-03-07,quantile,0.99,193
2026-03-07,19,1,wk inc flu hosp,2026-03-14,quantile,0.01,19
2026-03-07,19,1,wk inc flu hosp,2026-03-14,quantile,0.025,24
2026-03-07,19,1,wk inc flu hosp,2026-03-14,quantile,0.05,28
2026-03-07,19,1,wk inc flu hosp,2026-03-14,quantile,0.1,36
2026-03-07,19,1,wk inc flu hosp,2026-03-14,quantile,0.15,41
2026-03-07,19,1,wk inc flu hosp,2026-03-14,quantile,0.2,48
2026-03-07,19,1,wk inc flu hosp,2026-03-14,quantile,0.25,51
2026-03-07,19,1,wk inc flu hosp,2026-03-14,quantile,0.3,57
2026-03-07,19,1,wk inc flu hosp,2026-03-14,quantile,0.35,59
2026-03-07,19,1,wk inc flu hosp,2026-03-14,quantile,0.4,65
2026-03-07,19,1,wk inc flu hosp,2026-03-14,quantile,0.45,68
2026-03-07,19,1,wk inc flu hosp,2026-03-14,quantile,0.5,69
2026-03-07,19,1,wk inc flu hosp,2026-03-14,quantile,0.55,76
2026-03-07,19,1,wk inc flu hosp,2026-03-14,quantile,0.6,79
2026-03-07,19,1,wk inc flu hosp,2026-03-14,quantile,0.65,83
2026-03-07,19,1,wk inc flu hosp,2026-03-14,quantile,0.7,87
2026-03-07,19,1,wk inc flu hosp,2026-03-14,quantile,0.75,93
2026-03-07,19,1,wk inc flu hosp,2026-03-14,quantile,0.8,105
2026-03-07,19,1,wk inc flu hosp,2026-03-14,quantile,0.85,111
2026-03-07,19,1,wk inc flu hosp,2026-03-14,quantile,0.9,126
2026-03-07,19,1,wk inc flu hosp,2026-03-14,quantile,0.95,147
2026-03-07,19,1,wk inc flu hosp,2026-03-14,quantile,0.975,172
2026-03-07,19,1,wk inc flu hosp,2026-03-14,quantile,0.99,191
2026-03-07,19,2,wk inc flu hosp,2026-03-21,quantile,0.01,9
2026-03-07,19,2,wk inc flu hosp,2026-03-21,quantile,0.025,13
2026-03-07,19,2,wk inc flu hosp,2026-03-21,quantile,0.05,14
2026-03-07,19,2,wk inc flu hosp,2026-03-21,quantile,0.1,20
2026-03-07,19,2,wk inc flu hosp,2026-03-21,quantile,0.15,25
2026-03-07,19,2,wk inc flu hosp,2026-03-21,quantile,0.2,32
2026-03-07,19,2,wk inc flu hosp,2026-03-21,quantile,0.25,36
2026-03-07,19,2,wk inc flu hosp,2026-03-21,quantile,0.3,42
2026-03-07,19,2,wk inc flu hosp,2026-03-21,quantile,0.35,44
2026-03-07,19,2,wk inc flu hosp,2026-03-21,quantile,0.4,49
2026-03-07,19,2,wk inc flu hosp,2026-03-21,quantile,0.45,51
2026-03-07,19,2,wk inc flu hosp,2026-03-21,quantile,0.5,56
2026-03-07,19,2,wk inc flu hosp,2026-03-21,quantile,0.55,61
2026-03-07,19,2,wk inc flu hosp,2026-03-21,quantile,0.6,64
2026-03-07,19,2,wk inc flu hosp,2026-03-21,quantile,0.65,68
2026-03-07,19,2,wk inc flu hosp,2026-03-21,quantile,0.7,75
2026-03-07,19,2,wk inc flu hosp,2026-03-21,quantile,0.75,80
2026-03-07,19,2,wk inc flu hosp,2026-03-21,quantile,0.8,86
2026-03-07,19,2,wk inc flu hosp,2026-03-21,quantile,0.85,93
2026-03-07,19,2,wk inc flu hosp,2026-03-21,quantile,0.9,109
2026-03-07,19,2,wk inc flu hosp,2026-03-21,quantile,0.95,135
2026-03-07,19,2,wk inc flu hosp,2026-03-21,quantile,0.975,165
2026-03-07,19,2,wk inc flu hosp,2026-03-21,quantile,0.99,192
2026-03-07,19,3,wk inc flu hosp,2026-03-28,quantile,0.01,4
2026-03-07,19,3,wk inc flu hosp,2026-03-28,quantile,0.025,5
2026-03-07,19,3,wk inc flu hosp,2026-03-28,quantile,0.05,8
2026-03-07,19,3,wk inc flu hosp,2026-03-28,quantile,0.1,13
2026-03-07,19,3,wk inc flu hosp,2026-03-28,quantile,0.15,15
2026-03-07,19,3,wk inc flu hosp,2026-03-28,quantile,0.2,20
2026-03-07,19,3,wk inc flu hosp,2026-03-28,quantile,0.25,24
2026-03-07,19,3,wk inc flu hosp,2026-03-28,quantile,0.3,28
2026-03-07,19,3,wk inc flu hosp,2026-03-28,quantile,0.35,32
2026-03-07,19,3,wk inc flu hosp,2026-03-28,quantile,0.4,34
2026-03-07,19,3,wk inc flu hosp,2026-03-28,quantile,0.45,38
2026-03-07,19,3,wk inc flu hosp,2026-03-28,quantile,0.5,43
2026-03-07,19,3,wk inc flu hosp,2026-03-28,quantile,0.55,47
2026-03-07,19,3,wk inc flu hosp,2026-03-28,quantile,0.6,51
2026-03-07,19,3,wk inc flu hosp,2026-03-28,quantile,0.65,56
2026-03-07,19,3,wk inc flu hosp,2026-03-28,quantile,0.7,62
2026-03-07,19,3,wk inc flu hosp,2026-03-28,quantile,0.75,69
2026-03-07,19,3,wk inc flu hosp,2026-03-28,quantile,0.8,77
2026-03-07,19,3,wk inc flu hosp,2026-03-28,quantile,0.85,88
2026-03-07,19,3,wk inc flu hosp,2026-03-28,quantile,0.9,103
2026-03-07,19,3,wk inc flu hosp,2026-03-28,quantile,0.95,128
2026-03-07,19,3,wk inc flu hosp,2026-03-28,quantile,0.975,151
2026-03-07,19,3,wk inc flu hosp,2026-03-28,quantile,0.99,200
2026-03-07,20,0,wk inc flu hosp,2026-03-07,quantile,0.01,38
2026-03-07,20,0,wk inc flu hosp,2026-03-07,quantile,0.025,50
2026-03-07,20,0,wk inc flu hosp,2026-03-07,quantile,0.05,56
2026-03-07,20,0,wk inc flu hosp,2026-03-07,quantile,0.1,66
2026-03-07,20,0,wk inc flu hosp,2026-03-07,quantile,0.15,76
2026-03-07,20,0,wk inc flu hosp,2026-03-07,quantile,0.2,80
2026-03-07,20,0,wk inc flu hosp,2026-03-07,quantile,0.25,85
2026-03-07,20,0,wk inc flu hosp,2026-03-07,quantile,0.3,88
2026-03-07,20,0,wk inc flu hosp,2026-03-07,quantile,0.35,91
2026-03-07,20,0,wk inc flu hosp,2026-03-07,quantile,0.4,95
2026-03-07,20,0,wk inc flu hosp,2026-03-07,quantile,0.45,98
2026-03-07,20,0,wk inc flu hosp,2026-03-07,quantile,0.5,105
2026-03-07,20,0,wk inc flu hosp,2026-03-07,quantile,0.55,111
2026-03-07,20,0,wk inc flu hosp,2026-03-07,quantile,0.6,112
2026-03-07,20,0,wk inc flu hosp,2026-03-07,quantile,0.65,119
2026-03-07,20,0,wk inc flu hosp,2026-03-07,quantile,0.7,126
2026-03-07,20,0,wk inc flu hosp,2026-03-07,quantile,0.75,131
2026-03-07,20,0,wk inc flu hosp,2026-03-07,quantile,0.8,135
2026-03-07,20,0,wk inc flu hosp,2026-03-07,quantile,0.85,141
2026-03-07,20,0,wk inc flu hosp,2026-03-07,quantile,0.9,151
2026-03-07,20,0,wk inc flu hosp,2026-03-07,quantile,0.95,170
2026-03-07,20,0,wk inc flu hosp,2026-03-07,quantile,0.975,186
2026-03-07,20,0,wk inc flu hosp,2026-03-07,quantile,0.99,207
2026-03-07,20,1,wk inc flu hosp,2026-03-14,quantile,0.01,23
2026-03-07,20,1,wk inc flu hosp,2026-03-14,quantile,0.025,29
2026-03-07,20,1,wk inc flu hosp,2026-03-14,quantile,0.05,38
2026-03-07,20,1,wk inc flu hosp,2026-03-14,quantile,0.1,47
2026-03-07,20,1,wk inc flu hosp,2026-03-14,quantile,0.15,54
2026-03-07,20,1,wk inc flu hosp,2026-03-14,quantile,0.2,61
2026-03-07,20,1,wk inc flu hosp,2026-03-14,quantile,0.25,67
2026-03-07,20,1,wk inc flu hosp,2026-03-14,quantile,0.3,71
2026-03-07,20,1,wk inc flu hosp,2026-03-14,quantile,0.35,74
2026-03-07,20,1,wk inc flu hosp,2026-03-14,quantile,0.4,80
2026-03-07,20,1,wk inc flu hosp,2026-03-14,quantile,0.45,82
2026-03-07,20,1,wk inc flu hosp,2026-03-14,quantile,0.5,85
2026-03-07,20,1,wk inc flu hosp,2026-03-14,quantile,0.55,91
2026-03-07,20,1,wk inc flu hosp,2026-03-14,quantile,0.6,94
2026-03-07,20,1,wk inc flu hosp,2026-03-14,quantile,0.65,99
2026-03-07,20,1,wk inc flu hosp,2026-03-14,quantile,0.7,106
2026-03-07,20,1,wk inc flu hosp,2026-03-14,quantile,0.75,113
2026-03-07,20,1,wk inc flu hosp,2026-03-14,quantile,0.8,120
2026-03-07,20,1,wk inc flu hosp,2026-03-14,quantile,0.85,127
2026-03-07,20,1,wk inc flu hosp,2026-03-14,quantile,0.9,142
2026-03-07,20,1,wk inc flu hosp,2026-03-14,quantile,0.95,165
2026-03-07,20,1,wk inc flu hosp,2026-03-14,quantile,0.975,185
2026-03-07,20,1,wk inc flu hosp,2026-03-14,quantile,0.99,204
2026-03-07,20,2,wk inc flu hosp,2026-03-21,quantile,0.01,14
2026-03-07,20,2,wk inc flu hosp,2026-03-21,quantile,0.025,19
2026-03-07,20,2,wk inc flu hosp,2026-03-21,quantile,0.05,25
2026-03-07,20,2,wk inc flu hosp,2026-03-21,quantile,0.1,33
2026-03-07,20,2,wk inc flu hosp,2026-03-21,quantile,0.15,39
2026-03-07,20,2,wk inc flu hosp,2026-03-21,quantile,0.2,43
2026-03-07,20,2,wk inc flu hosp,2026-03-21,quantile,0.25,48
2026-03-07,20,2,wk inc flu hosp,2026-03-21,quantile,0.3,52
2026-03-07,20,2,wk inc flu hosp,2026-03-21,quantile,0.35,58
2026-03-07,20,2,wk inc flu hosp,2026-03-21,quantile,0.4,60
2026-03-07,20,2,wk inc flu hosp,2026-03-21,quantile,0.45,63
2026-03-07,20,2,wk inc flu hosp,2026-03-21,quantile,0.5,72
2026-03-07,20,2,wk inc flu hosp,2026-03-21,quantile,0.55,78
2026-03-07,20,2,wk inc flu hosp,2026-03-21,quantile,0.6,83
2026-03-07,20,2,wk inc flu hosp,2026-03-21,quantile,0.65,89
2026-03-07,20,2,wk inc flu hosp,2026-03-21,quantile,0.7,95
2026-03-07,20,2,wk inc flu hosp,2026-03-21,quantile,0.75,102
2026-03-07,20,2,wk inc flu hosp,2026-03-21,quantile,0.8,109
2026-03-07,20,2,wk inc flu hosp,2026-03-21,quantile,0.85,118
2026-03-07,20,2,wk inc flu hosp,2026-03-21,quantile,0.9,131
2026-03-07,20,2,wk inc flu hosp,2026-03-21,quantile,0.95,152
2026-03-07,20,2,wk inc flu hosp,2026-03-21,quantile,0.975,171
2026-03-07,20,2,wk inc flu hosp,2026-03-21,quantile,0.99,195
2026-03-07,20,3,wk inc flu hosp,2026-03-28,quantile,0.01,7
2026-03-07,20,3,wk inc flu hosp,2026-03-28,quantile,0.025,10
2026-03-07,20,3,wk inc flu hosp,2026-03-28,quantile,0.05,17
2026-03-07,20,3,wk inc flu hosp,2026-03-28,quantile,0.1,21
2026-03-07,20,3,wk inc flu hosp,2026-03-28,quantile,0.15,26
2026-03-07,20,3,wk inc flu hosp,2026-03-28,quantile,0.2,29
2026-03-07,20,3,wk inc flu hosp,2026-03-28,quantile,0.25,33
2026-03-07,20,3,wk inc flu hosp,2026-03-28,quantile,0.3,37
2026-03-07,20,3,wk inc flu hosp,2026-03-28,quantile,0.35,40
2026-03-07,20,3,wk inc flu hosp,2026-03-28,quantile,0.4,45
2026-03-07,20,3,wk inc flu hosp,2026-03-28,quantile,0.45,49
2026-03-07,20,3,wk inc flu hosp,2026-03-28,quantile,0.5,58
2026-03-07,20,3,wk inc flu hosp,2026-03-28,quantile,0.55,64
2026-03-07,20,3,wk inc flu hosp,2026-03-28,quantile,0.6,70
2026-03-07,20,3,wk inc flu hosp,2026-03-28,quantile,0.65,75
2026-03-07,20,3,wk inc flu hosp,2026-03-28,quantile,0.7,81
2026-03-07,20,3,wk inc flu hosp,2026-03-28,quantile,0.75,87
2026-03-07,20,3,wk inc flu hosp,2026-03-28,quantile,0.8,94
2026-03-07,20,3,wk inc flu hosp,2026-03-28,quantile,0.85,103
2026-03-07,20,3,wk inc flu hosp,2026-03-28,quantile,0.9,119
2026-03-07,20,3,wk inc flu hosp,2026-03-28,quantile,0.95,145
2026-03-07,20,3,wk inc flu hosp,2026-03-28,quantile,0.975,173
2026-03-07,20,3,wk inc flu hosp,2026-03-28,quantile,0.99,195
2026-03-07,21,0,wk inc flu hosp,2026-03-07,quantile,0.01,56
2026-03-07,21,0,wk inc flu hosp,2026-03-07,quantile,0.025,69
2026-03-07,21,0,wk inc flu hosp,2026-03-07,quantile,0.05,76
2026-03-07,21,0,wk inc flu hosp,2026-03-07,quantile,0.1,87
2026-03-07,21,0,wk inc flu hosp,2026-03-07,quantile,0.15,100
2026-03-07,21,0,wk inc flu hosp,2026-03-07,quantile,0.2,113
2026-03-07,21,0,wk inc flu hosp,2026-03-07,quantile,0.25,119
2026-03-07,21,0,wk inc flu hosp,2026-03-07,quantile,0.3,124
2026-03-07,21,0,wk inc flu hosp,2026-03-07,quantile,0.35,127
2026-03-07,21,0,wk inc flu hosp,2026-03-07,quantile,0.4,132
2026-03-07,21,0,wk inc flu hosp,2026-03-07,quantile,0.45,140
2026-03-07,21,0,wk inc flu hosp,2026-03-07,quantile,0.5,145
2026-03-07,21,0,wk inc flu hosp,2026-03-07,quantile,0.55,150
2026-03-07,21,0,wk inc flu hosp,2026-03-07,quantile,0.6,157
2026-03-07,21,0,wk inc flu hosp,2026-03-07,quantile,0.65,166
2026-03-07,21,0,wk inc flu hosp,2026-03-07,quantile,0.7,174
2026-03-07,21,0,wk inc flu hosp,2026-03-07,quantile,0.75,179
2026-03-07,21,0,wk inc flu hosp,2026-03-07,quantile,0.8,186
2026-03-07,21,0,wk inc flu hosp,2026-03-07,quantile,0.85,196
2026-03-07,21,0,wk inc flu hosp,2026-03-07,quantile,0.9,211
2026-03-07,21,0,wk inc flu hosp,2026-03-07,quantile,0.95,233
2026-03-07,21,0,wk inc flu hosp,2026-03-07,quantile,0.975,256
2026-03-07,21,0,wk inc flu hosp,2026-03-07,quantile,0.99,276
2026-03-07,21,1,wk inc flu hosp,2026-03-14,quantile,0.01,32
2026-03-07,21,1,wk inc flu hosp,2026-03-14,quantile,0.025,41
2026-03-07,21,1,wk inc flu hosp,2026-03-14,quantile,0.05,53
2026-03-07,21,1,wk inc flu hosp,2026-03-14,quantile,0.1,61
2026-03-07,21,1,wk inc flu hosp,2026-03-14,quantile,0.15,74
2026-03-07,21,1,wk inc flu hosp,2026-03-14,quantile,0.2,84
2026-03-07,21,1,wk inc flu hosp,2026-03-14,quantile,0.25,92
2026-03-07,21,1,wk inc flu hosp,2026-03-14,quantile,0.3,99
2026-03-07,21,1,wk inc flu hosp,2026-03-14,quantile,0.35,104
2026-03-07,21,1,wk inc flu hosp,2026-03-14,quantile,0.4,109
2026-03-07,21,1,wk inc flu hosp,2026-03-14,quantile,0.45,120
2026-03-07,21,1,wk inc flu hosp,2026-03-14,quantile,0.5,128
2026-03-07,21,1,wk inc flu hosp,2026-03-14,quantile,0.55,134
2026-03-07,21,1,wk inc flu hosp,2026-03-14,quantile,0.6,141
2026-03-07,21,1,wk inc flu hosp,2026-03-14,quantile,0.65,150
2026-03-07,21,1,wk inc flu hosp,2026-03-14,quantile,0.7,158
2026-03-07,21,1,wk inc flu hosp,2026-03-14,quantile,0.75,167
2026-03-07,21,1,wk inc flu hosp,2026-03-14,quantile,0.8,179
2026-03-07,21,1,wk inc flu hosp,2026-03-14,quantile,0.85,194
2026-03-07,21,1,wk inc flu hosp,2026-03-14,quantile,0.9,214
2026-03-07,21,1,wk inc flu hosp,2026-03-14,quantile,0.95,243
2026-03-07,21,1,wk inc flu hosp,2026-03-14,quantile,0.975,279
2026-03-07,21,1,wk inc flu hosp,2026-03-14,quantile,0.99,305
2026-03-07,21,2,wk inc flu hosp,2026-03-21,quantile,0.01,21
2026-03-07,21,2,wk inc flu hosp,2026-03-21,quantile,0.025,25
2026-03-07,21,2,wk inc flu hosp,2026-03-21,quantile,0.05,34
2026-03-07,21,2,wk inc flu hosp,2026-03-21,quantile,0.1,43
2026-03-07,21,2,wk inc flu hosp,2026-03-21,quantile,0.15,49
2026-03-07,21,2,wk inc flu hosp,2026-03-21,quantile,0.2,56
2026-03-07,21,2,wk inc flu hosp,2026-03-21,quantile,0.25,69
2026-03-07,21,2,wk inc flu hosp,2026-03-21,quantile,0.3,77
2026-03-07,21,2,wk inc flu hosp,2026-03-21,quantile,0.35,84
2026-03-07,21,2,wk inc flu hosp,2026-03-21,quantile,0.4,92
2026-03-07,21,2,wk inc flu hosp,2026-03-21,quantile,0.45,98
2026-03-07,21,2,wk inc flu hosp,2026-03-21,quantile,0.5,109
2026-03-07,21,2,wk inc flu hosp,2026-03-21,quantile,0.55,115
2026-03-07,21,2,wk inc flu hosp,2026-03-21,quantile,0.6,124
2026-03-07,21,2,wk inc flu hosp,2026-03-21,quantile,0.65,135
2026-03-07,21,2,wk inc flu hosp,2026-03-21,quantile,0.7,146
2026-03-07,21,2,wk inc flu hosp,2026-03-21,quantile,0.75,156
2026-03-07,21,2,wk inc flu hosp,2026-03-21,quantile,0.8,168
2026-03-07,21,2,wk inc flu hosp,2026-03-21,quantile,0.85,183
2026-03-07,21,2,wk inc flu hosp,2026-03-21,quantile,0.9,205
2026-03-07,21,2,wk inc flu hosp,2026-03-21,quantile,0.95,245
2026-03-07,21,2,wk inc flu hosp,2026-03-21,quantile,0.975,272
2026-03-07,21,2,wk inc flu hosp,2026-03-21,quantile,0.99,308
2026-03-07,21,3,wk inc flu hosp,2026-03-28,quantile,0.01,10
2026-03-07,21,3,wk inc flu hosp,2026-03-28,quantile,0.025,14
2026-03-07,21,3,wk inc flu hosp,2026-03-28,quantile,0.05,20
2026-03-07,21,3,wk inc flu hosp,2026-03-28,quantile,0.1,32
2026-03-07,21,3,wk inc flu hosp,2026-03-28,quantile,0.15,42
2026-03-07,21,3,wk inc flu hosp,2026-03-28,quantile,0.2,49
2026-03-07,21,3,wk inc flu hosp,2026-03-28,quantile,0.25,55
2026-03-07,21,3,wk inc flu hosp,2026-03-28,quantile,0.3,63
2026-03-07,21,3,wk inc flu hosp,2026-03-28,quantile,0.35,71
2026-03-07,21,3,wk inc flu hosp,2026-03-28,quantile,0.4,78
2026-03-07,21,3,wk inc flu hosp,2026-03-28,quantile,0.45,86
2026-03-07,21,3,wk inc flu hosp,2026-03-28,quantile,0.5,95
2026-03-07,21,3,wk inc flu hosp,2026-03-28,quantile,0.55,104
2026-03-07,21,3,wk inc flu hosp,2026-03-28,quantile,0.6,113
2026-03-07,21,3,wk inc flu hosp,2026-03-28,quantile,0.65,124
2026-03-07,21,3,wk inc flu hosp,2026-03-28,quantile,0.7,134
2026-03-07,21,3,wk inc flu hosp,2026-03-28,quantile,0.75,145
2026-03-07,21,3,wk inc flu hosp,2026-03-28,quantile,0.8,161
2026-03-07,21,3,wk inc flu hosp,2026-03-28,quantile,0.85,177
2026-03-07,21,3,wk inc flu hosp,2026-03-28,quantile,0.9,197
2026-03-07,21,3,wk inc flu hosp,2026-03-28,quantile,0.95,244
2026-03-07,21,3,wk inc flu hosp,2026-03-28,quantile,0.975,289
2026-03-07,21,3,wk inc flu hosp,2026-03-28,quantile,0.99,331
2026-03-07,22,0,wk inc flu hosp,2026-03-07,quantile,0.01,78
2026-03-07,22,0,wk inc flu hosp,2026-03-07,quantile,0.025,91
2026-03-07,22,0,wk inc flu hosp,2026-03-07,quantile,0.05,103
2026-03-07,22,0,wk inc flu hosp,2026-03-07,quantile,0.1,113
2026-03-07,22,0,wk inc flu hosp,2026-03-07,quantile,0.15,122
2026-03-07,22,0,wk inc flu hosp,2026-03-07,quantile,0.2,131
2026-03-07,22,0,wk inc flu hosp,2026-03-07,quantile,0.25,138
2026-03-07,22,0,wk inc flu hosp,2026-03-07,quantile,0.3,146
2026-03-07,22,0,wk inc flu hosp,2026-03-07,quantile,0.35,150
2026-03-07,22,0,wk inc flu hosp,2026-03-07,quantile,0.4,158
2026-03-07,22,0,wk inc flu hosp,2026-03-07,quantile,0.45,167
2026-03-07,22,0,wk inc flu hosp,2026-03-07,quantile,0.5,175
2026-03-07,22,0,wk inc flu hosp,2026-03-07,quantile,0.55,182
2026-03-07,22,0,wk inc flu hosp,2026-03-07,quantile,0.6,185
2026-03-07,22,0,wk inc flu hosp,2026-03-07,quantile,0.65,190
2026-03-07,22,0,wk inc flu hosp,2026-03-07,quantile,0.7,200
2026-03-07,22,0,wk inc flu hosp,2026-03-07,quantile,0.75,207
2026-03-07,22,0,wk inc flu hosp,2026-03-07,quantile,0.8,215
2026-03-07,22,0,wk inc flu hosp,2026-03-07,quantile,0.85,226
2026-03-07,22,0,wk inc flu hosp,2026-03-07,quantile,0.9,240
2026-03-07,22,0,wk inc flu hosp,2026-03-07,quantile,0.95,256
2026-03-07,22,0,wk inc flu hosp,2026-03-07,quantile,0.975,277
2026-03-07,22,0,wk inc flu hosp,2026-03-07,quantile,0.99,306
2026-03-07,22,1,wk inc flu hosp,2026-03-14,quantile,0.01,49
2026-03-07,22,1,wk inc flu hosp,2026-03-14,quantile,0.025,60
2026-03-07,22,1,wk inc flu hosp,2026-03-14,quantile,0.05,72
2026-03-07,22,1,wk inc flu hosp,2026-03-14,quantile,0.1,87
2026-03-07,22,1,wk inc flu hosp,2026-03-14,quantile,0.15,99
2026-03-07,22,1,wk inc flu hosp,2026-03-14,quantile,0.2,103
2026-03-07,22,1,wk inc flu hosp,2026-03-14,quantile,0.25,115
2026-03-07,22,1,wk inc flu hosp,2026-03-14,quantile,0.3,120
2026-03-07,22,1,wk inc flu hosp,2026-03-14,quantile,0.35,124
2026-03-07,22,1,wk inc flu hosp,2026-03-14,quantile,0.4,128
2026-03-07,22,1,wk inc flu hosp,2026-03-14,quantile,0.45,133
2026-03-07,22,1,wk inc flu hosp,2026-03-14,quantile,0.5,141
2026-03-07,22,1,wk inc flu hosp,2026-03-14,quantile,0.55,147
2026-03-07,22,1,wk inc flu hosp,2026-03-14,quantile,0.6,152
2026-03-07,22,1,wk inc flu hosp,2026-03-14,quantile,0.65,160
2026-03-07,22,1,wk inc flu hosp,2026-03-14,quantile,0.7,170
2026-03-07,22,1,wk inc flu hosp,2026-03-14,quantile,0.75,185
2026-03-07,22,1,wk inc flu hosp,2026-03-14,quantile,0.8,201
2026-03-07,22,1,wk inc flu hosp,2026-03-14,quantile,0.85,215
2026-03-07,22,1,wk inc flu hosp,2026-03-14,quantile,0.9,228
2026-03-07,22,1,wk inc flu hosp,2026-03-14,quantile,0.95,254
2026-03-07,22,1,wk inc flu hosp,2026-03-14,quantile,0.975,276
2026-03-07,22,1,wk inc flu hosp,2026-03-14,quantile,0.99,326
2026-03-07,22,2,wk inc flu hosp,2026-03-21,quantile,0.01,31
2026-03-07,22,2,wk inc flu hosp,2026-03-21,quantile,0.025,40
2026-03-07,22,2,wk inc flu hosp,2026-03-21,quantile,0.05,54
2026-03-07,22,2,wk inc flu hosp,2026-03-21,quantile,0.1,63
2026-03-07,22,2,wk inc flu hosp,2026-03-21,quantile,0.15,70
2026-03-07,22,2,wk inc flu hosp,2026-03-21,quantile,0.2,76
2026-03-07,22,2,wk inc flu hosp,2026-03-21,quantile,0.25,79
2026-03-07,22,2,wk inc flu hosp,2026-03-21,quantile,0.3,89
2026-03-07,22,2,wk inc flu hosp,2026-03-21,quantile,0.35,97
2026-03-07,22,2,wk inc flu hosp,2026-03-21,quantile,0.4,105
2026-03-07,22,2,wk inc flu hosp,2026-03-21,quantile,0.45,107
2026-03-07,22,2,wk inc flu hosp,2026-03-21,quantile,0.5,114
2026-03-07,22,2,wk inc flu hosp,2026-03-21,quantile,0.55,123
2026-03-07,22,2,wk inc flu hosp,2026-03-21,quantile,0.6,129
2026-03-07,22,2,wk inc flu hosp,2026-03-21,quantile,0.65,136
2026-03-07,22,2,wk inc flu hosp,2026-03-21,quantile,0.7,146
2026-03-07,22,2,wk inc flu hosp,2026-03-21,quantile,0.75,156
2026-03-07,22,2,wk inc flu hosp,2026-03-21,quantile,0.8,170
2026-03-07,22,2,wk inc flu hosp,2026-03-21,quantile,0.85,181
2026-03-07,22,2,wk inc flu hosp,2026-03-21,quantile,0.9,197
2026-03-07,22,2,wk inc flu hosp,2026-03-21,quantile,0.95,250
2026-03-07,22,2,wk inc flu hosp,2026-03-21,quantile,0.975,290
2026-03-07,22,2,wk inc flu hosp,2026-03-21,quantile,0.99,345
2026-03-07,22,3,wk inc flu hosp,2026-03-28,quantile,0.01,21
2026-03-07,22,3,wk inc flu hosp,2026-03-28,quantile,0.025,30
2026-03-07,22,3,wk inc flu hosp,2026-03-28,quantile,0.05,38
2026-03-07,22,3,wk inc flu hosp,2026-03-28,quantile,0.1,46
2026-03-07,22,3,wk inc flu hosp,2026-03-28,quantile,0.15,49
2026-03-07,22,3,wk inc flu hosp,2026-03-28,quantile,0.2,54
2026-03-07,22,3,wk inc flu hosp,2026-03-28,quantile,0.25,60
2026-03-07,22,3,wk inc flu hosp,2026-03-28,quantile,0.3,73
2026-03-07,22,3,wk inc flu hosp,2026-03-28,quantile,0.35,76
2026-03-07,22,3,wk inc flu hosp,2026-03-28,quantile,0.4,82
2026-03-07,22,3,wk inc flu hosp,2026-03-28,quantile,0.45,84
2026-03-07,22,3,wk inc flu hosp,2026-03-28,quantile,0.5,95
2026-03-07,22,3,wk inc flu hosp,2026-03-28,quantile,0.55,102
2026-03-07,22,3,wk inc flu hosp,2026-03-28,quantile,0.6,106
2026-03-07,22,3,wk inc flu hosp,2026-03-28,quantile,0.65,117
2026-03-07,22,3,wk inc flu hosp,2026-03-28,quantile,0.7,128
2026-03-07,22,3,wk inc flu hosp,2026-03-28,quantile,0.75,142
2026-03-07,22,3,wk inc flu hosp,2026-03-28,quantile,0.8,156
2026-03-07,22,3,wk inc flu hosp,2026-03-28,quantile,0.85,172
2026-03-07,22,3,wk inc flu hosp,2026-03-28,quantile,0.9,195
2026-03-07,22,3,wk inc flu hosp,2026-03-28,quantile,0.95,242
2026-03-07,22,3,wk inc flu hosp,2026-03-28,quantile,0.975,316
2026-03-07,22,3,wk inc flu hosp,2026-03-28,quantile,0.99,361
2026-03-07,23,0,wk inc flu hosp,2026-03-07,quantile,0.01,8
2026-03-07,23,0,wk inc flu hosp,2026-03-07,quantile,0.025,11
2026-03-07,23,0,wk inc flu hosp,2026-03-07,quantile,0.05,15
2026-03-07,23,0,wk inc flu hosp,2026-03-07,quantile,0.1,19
2026-03-07,23,0,wk inc flu hosp,2026-03-07,quantile,0.15,22
2026-03-07,23,0,wk inc flu hosp,2026-03-07,quantile,0.2,23
2026-03-07,23,0,wk inc flu hosp,2026-03-07,quantile,0.25,25
2026-03-07,23,0,wk inc flu hosp,2026-03-07,quantile,0.3,27
2026-03-07,23,0,wk inc flu hosp,2026-03-07,quantile,0.35,29
2026-03-07,23,0,wk inc flu hosp,2026-03-07,quantile,0.4,30
2026-03-07,23,0,wk inc flu hosp,2026-03-07,quantile,0.45,32
2026-03-07,23,0,wk inc flu hosp,2026-03-07,quantile,0.5,33
2026-03-07,23,0,wk inc flu hosp,2026-03-07,quantile,0.55,35
2026-03-07,23,0,wk inc flu hosp,2026-03-07,quantile,0.6,36
2026-03-07,23,0,wk inc flu hosp,2026-03-07,quantile,0.65,38
2026-03-07,23,0,wk inc flu hosp,2026-03-07,quantile,0.7,40
2026-03-07,23,0,wk inc flu hosp,2026-03-07,quantile,0.75,42
2026-03-07,23,0,wk inc flu hosp,2026-03-07,quantile,0.8,44
2026-03-07,23,0,wk inc flu hosp,2026-03-07,quantile,0.85,47
2026-03-07,23,0,wk inc flu hosp,2026-03-07,quantile,0.9,51
2026-03-07,23,0,wk inc flu hosp,2026-03-07,quantile,0.95,57
2026-03-07,23,0,wk inc flu hosp,2026-03-07,quantile,0.975,63
2026-03-07,23,0,wk inc flu hosp,2026-03-07,quantile,0.99,71
2026-03-07,23,1,wk inc flu hosp,2026-03-14,quantile,0.01,4
2026-03-07,23,1,wk inc flu hosp,2026-03-14,quantile,0.025,6
2026-03-07,23,1,wk inc flu hosp,2026-03-14,quantile,0.05,9
2026-03-07,23,1,wk inc flu hosp,2026-03-14,quantile,0.1,11
2026-03-07,23,1,wk inc flu hosp,2026-03-14,quantile,0.15,14
2026-03-07,23,1,wk inc flu hosp,2026-03-14,quantile,0.2,16
2026-03-07,23,1,wk inc flu hosp,2026-03-14,quantile,0.25,18
2026-03-07,23,1,wk inc flu hosp,2026-03-14,quantile,0.3,19
2026-03-07,23,1,wk inc flu hosp,2026-03-14,quantile,0.35,21
2026-03-07,23,1,wk inc flu hosp,2026-03-14,quantile,0.4,22
2026-03-07,23,1,wk inc flu hosp,2026-03-14,quantile,0.45,25
2026-03-07,23,1,wk inc flu hosp,2026-03-14,quantile,0.5,27
2026-03-07,23,1,wk inc flu hosp,2026-03-14,quantile,0.55,28
2026-03-07,23,1,wk inc flu hosp,2026-03-14,quantile,0.6,31
2026-03-07,23,1,wk inc flu hosp,2026-03-14,quantile,0.65,33
2026-03-07,23,1,wk inc flu hosp,2026-03-14,quantile,0.7,35
2026-03-07,23,1,wk inc flu hosp,2026-03-14,quantile,0.75,37
2026-03-07,23,1,wk inc flu hosp,2026-03-14,quantile,0.8,40
2026-03-07,23,1,wk inc flu hosp,2026-03-14,quantile,0.85,43
2026-03-07,23,1,wk inc flu hosp,2026-03-14,quantile,0.9,48
2026-03-07,23,1,wk inc flu hosp,2026-03-14,quantile,0.95,58
2026-03-07,23,1,wk inc flu hosp,2026-03-14,quantile,0.975,69
2026-03-07,23,1,wk inc flu hosp,2026-03-14,quantile,0.99,77
2026-03-07,23,2,wk inc flu hosp,2026-03-21,quantile,0.01,2
2026-03-07,23,2,wk inc flu hosp,2026-03-21,quantile,0.025,4
2026-03-07,23,2,wk inc flu hosp,2026-03-21,quantile,0.05,6
2026-03-07,23,2,wk inc flu hosp,2026-03-21,quantile,0.1,8
2026-03-07,23,2,wk inc flu hosp,2026-03-21,quantile,0.15,10
2026-03-07,23,2,wk inc flu hosp,2026-03-21,quantile,0.2,13
2026-03-07,23,2,wk inc flu hosp,2026-03-21,quantile,0.25,14
2026-03-07,23,2,wk inc flu hosp,2026-03-21,quantile,0.3,15
2026-03-07,23,2,wk inc flu hosp,2026-03-21,quantile,0.35,16
2026-03-07,23,2,wk inc flu hosp,2026-03-21,quantile,0.4,18
2026-03-07,23,2,wk inc flu hosp,2026-03-21,quantile,0.45,20
2026-03-07,23,2,wk inc flu hosp,2026-03-21,quantile,0.5,22
2026-03-07,23,2,wk inc flu hosp,2026-03-21,quantile,0.55,24
2026-03-07,23,2,wk inc flu hosp,2026-03-21,quantile,0.6,26
2026-03-07,23,2,wk inc flu hosp,2026-03-21,quantile,0.65,28
2026-03-07,23,2,wk inc flu hosp,2026-03-21,quantile,0.7,31
2026-03-07,23,2,wk inc flu hosp,2026-03-21,quantile,0.75,34
2026-03-07,23,2,wk inc flu hosp,2026-03-21,quantile,0.8,37
2026-03-07,23,2,wk inc flu hosp,2026-03-21,quantile,0.85,43
2026-03-07,23,2,wk inc flu hosp,2026-03-21,quantile,0.9,47
2026-03-07,23,2,wk inc flu hosp,2026-03-21,quantile,0.95,57
2026-03-07,23,2,wk inc flu hosp,2026-03-21,quantile,0.975,66
2026-03-07,23,2,wk inc flu hosp,2026-03-21,quantile,0.99,86
2026-03-07,23,3,wk inc flu hosp,2026-03-28,quantile,0.01,0
2026-03-07,23,3,wk inc flu hosp,2026-03-28,quantile,0.025,1
2026-03-07,23,3,wk inc flu hosp,2026-03-28,quantile,0.05,3
2026-03-07,23,3,wk inc flu hosp,2026-03-28,quantile,0.1,5
2026-03-07,23,3,wk inc flu hosp,2026-03-28,quantile,0.15,7
2026-03-07,23,3,wk inc flu hosp,2026-03-28,quantile,0.2,8
2026-03-07,23,3,wk inc flu hosp,2026-03-28,quantile,0.25,9
2026-03-07,23,3,wk inc flu hosp,2026-03-28,quantile,0.3,10
2026-03-07,23,3,wk inc flu hosp,2026-03-28,quantile,0.35,11
2026-03-07,23,3,wk inc flu hosp,2026-03-28,quantile,0.4,14
2026-03-07,23,3,wk inc flu hosp,2026-03-28,quantile,0.45,16
2026-03-07,23,3,wk inc flu hosp,2026-03-28,quantile,0.5,19
2026-03-07,23,3,wk inc flu hosp,2026-03-28,quantile,0.55,21
2026-03-07,23,3,wk inc flu hosp,2026-03-28,quantile,0.6,23
2026-03-07,23,3,wk inc flu hosp,2026-03-28,quantile,0.65,24
2026-03-07,23,3,wk inc flu hosp,2026-03-28,quantile,0.7,27
2026-03-07,23,3,wk inc flu hosp,2026-03-28,quantile,0.75,29
2026-03-07,23,3,wk inc flu hosp,2026-03-28,quantile,0.8,32
2026-03-07,23,3,wk inc flu hosp,2026-03-28,quantile,0.85,38
2026-03-07,23,3,wk inc flu hosp,2026-03-28,quantile,0.9,46
2026-03-07,23,3,wk inc flu hosp,2026-03-28,quantile,0.95,54
2026-03-07,23,3,wk inc flu hosp,2026-03-28,quantile,0.975,64
2026-03-07,23,3,wk inc flu hosp,2026-03-28,quantile,0.99,85
2026-03-07,24,0,wk inc flu hosp,2026-03-07,quantile,0.01,6
2026-03-07,24,0,wk inc flu hosp,2026-03-07,quantile,0.025,8
2026-03-07,24,0,wk inc flu hosp,2026-03-07,quantile,0.05,10
2026-03-07,24,0,wk inc flu hosp,2026-03-07,quantile,0.1,12
2026-03-07,24,0,wk inc flu hosp,2026-03-07,quantile,0.15,14
2026-03-07,24,0,wk inc flu hosp,2026-03-07,quantile,0.2,16
2026-03-07,24,0,wk inc flu hosp,2026-03-07,quantile,0.25,18
2026-03-07,24,0,wk inc flu hosp,2026-03-07,quantile,0.3,19
2026-03-07,24,0,wk inc flu hosp,2026-03-07,quantile,0.35,21
2026-03-07,24,0,wk inc flu hosp,2026-03-07,quantile,0.4,23
2026-03-07,24,0,wk inc flu hosp,2026-03-07,quantile,0.45,25
2026-03-07,24,0,wk inc flu hosp,2026-03-07,quantile,0.5,28
2026-03-07,24,0,wk inc flu hosp,2026-03-07,quantile,0.55,30
2026-03-07,24,0,wk inc flu hosp,2026-03-07,quantile,0.6,33
2026-03-07,24,0,wk inc flu hosp,2026-03-07,quantile,0.65,35
2026-03-07,24,0,wk inc flu hosp,2026-03-07,quantile,0.7,38
2026-03-07,24,0,wk inc flu hosp,2026-03-07,quantile,0.75,40
2026-03-07,24,0,wk inc flu hosp,2026-03-07,quantile,0.8,43
2026-03-07,24,0,wk inc flu hosp,2026-03-07,quantile,0.85,48
2026-03-07,24,0,wk inc flu hosp,2026-03-07,quantile,0.9,55
2026-03-07,24,0,wk inc flu hosp,2026-03-07,quantile,0.95,72
2026-03-07,24,0,wk inc flu hosp,2026-03-07,quantile,0.975,84
2026-03-07,24,0,wk inc flu hosp,2026-03-07,quantile,0.99,98
2026-03-07,24,1,wk inc flu hosp,2026-03-14,quantile,0.01,1
2026-03-07,24,1,wk inc flu hosp,2026-03-14,quantile,0.025,2
2026-03-07,24,1,wk inc flu hosp,2026-03-14,quantile,0.05,3
2026-03-07,24,1,wk inc flu hosp,2026-03-14,quantile,0.1,7
2026-03-07,24,1,wk inc flu hosp,2026-03-14,quantile,0.15,9
2026-03-07,24,1,wk inc flu hosp,2026-03-14,quantile,0.2,12
2026-03-07,24,1,wk inc flu hosp,2026-03-14,quantile,0.25,15
2026-03-07,24,1,wk inc flu hosp,2026-03-14,quantile,0.3,17
2026-03-07,24,1,wk inc flu hosp,2026-03-14,quantile,0.35,18
2026-03-07,24,1,wk inc flu hosp,2026-03-14,quantile,0.4,20
2026-03-07,24,1,wk inc flu hosp,2026-03-14,quantile,0.45,22
2026-03-07,24,1,wk inc flu hosp,2026-03-14,quantile,0.5,25
2026-03-07,24,1,wk inc flu hosp,2026-03-14,quantile,0.55,27
2026-03-07,24,1,wk inc flu hosp,2026-03-14,quantile,0.6,30
2026-03-07,24,1,wk inc flu hosp,2026-03-14,quantile,0.65,33
2026-03-07,24,1,wk inc flu hosp,2026-03-14,quantile,0.7,38
2026-03-07,24,1,wk inc flu hosp,2026-03-14,quantile,0.75,41
2026-03-07,24,1,wk inc flu hosp,2026-03-14,quantile,0.8,45
2026-03-07,24,1,wk inc flu hosp,2026-03-14,quantile,0.85,52
2026-03-07,24,1,wk inc flu hosp,2026-03-14,quantile,0.9,60
2026-03-07,24,1,wk inc flu hosp,2026-03-14,quantile,0.95,79
2026-03-07,24,1,wk inc flu hosp,2026-03-14,quantile,0.975,102
2026-03-07,24,1,wk inc flu hosp,2026-03-14,quantile,0.99,125
2026-03-07,24,2,wk inc flu hosp,2026-03-21,quantile,0.01,1
2026-03-07,24,2,wk inc flu hosp,2026-03-21,quantile,0.025,2
2026-03-07,24,2,wk inc flu hosp,2026-03-21,quantile,0.05,2
2026-03-07,24,2,wk inc flu hosp,2026-03-21,quantile,0.1,4
2026-03-07,24,2,wk inc flu hosp,2026-03-21,quantile,0.15,6
2026-03-07,24,2,wk inc flu hosp,2026-03-21,quantile,0.2,6
2026-03-07,24,2,wk inc flu hosp,2026-03-21,quantile,0.25,7
2026-03-07,24,2,wk inc flu hosp,2026-03-21,quantile,0.3,10
2026-03-07,24,2,wk inc flu hosp,2026-03-21,quantile,0.35,12
2026-03-07,24,2,wk inc flu hosp,2026-03-21,quantile,0.4,15
2026-03-07,24,2,wk inc flu hosp,2026-03-21,quantile,0.45,18
2026-03-07,24,2,wk inc flu hosp,2026-03-21,quantile,0.5,22
2026-03-07,24,2,wk inc flu hosp,2026-03-21,quantile,0.55,25
2026-03-07,24,2,wk inc flu hosp,2026-03-21,quantile,0.6,28
2026-03-07,24,2,wk inc flu hosp,2026-03-21,quantile,0.65,31
2026-03-07,24,2,wk inc flu hosp,2026-03-21,quantile,0.7,34
2026-03-07,24,2,wk inc flu hosp,2026-03-21,quantile,0.75,39
2026-03-07,24,2,wk inc flu hosp,2026-03-21,quantile,0.8,45
2026-03-07,24,2,wk inc flu hosp,2026-03-21,quantile,0.85,51
2026-03-07,24,2,wk inc flu hosp,2026-03-21,quantile,0.9,60
2026-03-07,24,2,wk inc flu hosp,2026-03-21,quantile,0.95,79
2026-03-07,24,2,wk inc flu hosp,2026-03-21,quantile,0.975,111
2026-03-07,24,2,wk inc flu hosp,2026-03-21,quantile,0.99,135
2026-03-07,24,3,wk inc flu hosp,2026-03-28,quantile,0.01,0
2026-03-07,24,3,wk inc flu hosp,2026-03-28,quantile,0.025,0
2026-03-07,24,3,wk inc flu hosp,2026-03-28,quantile,0.05,1
2026-03-07,24,3,wk inc flu hosp,2026-03-28,quantile,0.1,2
2026-03-07,24,3,wk inc flu hosp,2026-03-28,quantile,0.15,3
2026-03-07,24,3,wk inc flu hosp,2026-03-28,quantile,0.2,4
2026-03-07,24,3,wk inc flu hosp,2026-03-28,quantile,0.25,4
2026-03-07,24,3,wk inc flu hosp,2026-03-28,quantile,0.3,7
2026-03-07,24,3,wk inc flu hosp,2026-03-28,quantile,0.35,10
2026-03-07,24,3,wk inc flu hosp,2026-03-28,quantile,0.4,13
2026-03-07,24,3,wk inc flu hosp,2026-03-28,quantile,0.45,16
2026-03-07,24,3,wk inc flu hosp,2026-03-28,quantile,0.5,19
2026-03-07,24,3,wk inc flu hosp,2026-03-28,quantile,0.55,21
2026-03-07,24,3,wk inc flu hosp,2026-03-28,quantile,0.6,24
2026-03-07,24,3,wk inc flu hosp,2026-03-28,quantile,0.65,28
2026-03-07,24,3,wk inc flu hosp,2026-03-28,quantile,0.7,33
2026-03-07,24,3,wk inc flu hosp,2026-03-28,quantile,0.75,38
2026-03-07,24,3,wk inc flu hosp,2026-03-28,quantile,0.8,47
2026-03-07,24,3,wk inc flu hosp,2026-03-28,quantile,0.85,54
2026-03-07,24,3,wk inc flu hosp,2026-03-28,quantile,0.9,62
2026-03-07,24,3,wk inc flu hosp,2026-03-28,quantile,0.95,87
2026-03-07,24,3,wk inc flu hosp,2026-03-28,quantile,0.975,110
2026-03-07,24,3,wk inc flu hosp,2026-03-28,quantile,0.99,141
2026-03-07,25,0,wk inc flu hosp,2026-03-07,quantile,0.01,16
2026-03-07,25,0,wk inc flu hosp,2026-03-07,quantile,0.025,19
2026-03-07,25,0,wk inc flu hosp,2026-03-07,quantile,0.05,23
2026-03-07,25,0,wk inc flu hosp,2026-03-07,quantile,0.1,27
2026-03-07,25,0,wk inc flu hosp,2026-03-07,quantile,0.15,32
2026-03-07,25,0,wk inc flu hosp,2026-03-07,quantile,0.2,36
2026-03-07,25,0,wk inc flu hosp,2026-03-07,quantile,0.25,40
2026-03-07,25,0,wk inc flu hosp,2026-03-07,quantile,0.3,43
2026-03-07,25,0,wk inc flu hosp,2026-03-07,quantile,0.35,46
2026-03-07,25,0,wk inc flu hosp,2026-03-07,quantile,0.4,50
2026-03-07,25,0,wk inc flu hosp,2026-03-07,quantile,0.45,54
2026-03-07,25,0,wk inc flu hosp,2026-03-07,quantile,0.5,57
2026-03-07,25,0,wk inc flu hosp,2026-03-07,quantile,0.55,60
2026-03-07,25,0,wk inc flu hosp,2026-03-07,quantile,0.6,64
2026-03-07,25,0,wk inc flu hosp,2026-03-07,quantile,0.65,67
2026-03-07,25,0,wk inc flu hosp,2026-03-07,quantile,0.7,71
2026-03-07,25,0,wk inc flu hosp,2026-03-07,quantile,0.75,77
2026-03-07,25,0,wk inc flu hosp,2026-03-07,quantile,0.8,83
2026-03-07,25,0,wk inc flu hosp,2026-03-07,quantile,0.85,90
2026-03-07,25,0,wk inc flu hosp,2026-03-07,quantile,0.9,99
2026-03-07,25,0,wk inc flu hosp,2026-03-07,quantile,0.95,119
2026-03-07,25,0,wk inc flu hosp,2026-03-07,quantile,0.975,140
2026-03-07,25,0,wk inc flu hosp,2026-03-07,quantile,0.99,159
2026-03-07,25,1,wk inc flu hosp,2026-03-14,quantile,0.01,7
2026-03-07,25,1,wk inc flu hosp,2026-03-14,quantile,0.025,9
2026-03-07,25,1,wk inc flu hosp,2026-03-14,quantile,0.05,13
2026-03-07,25,1,wk inc flu hosp,2026-03-14,quantile,0.1,19
2026-03-07,25,1,wk inc flu hosp,2026-03-14,quantile,0.15,24
2026-03-07,25,1,wk inc flu hosp,2026-03-14,quantile,0.2,28
2026-03-07,25,1,wk inc flu hosp,2026-03-14,quantile,0.25,31
2026-03-07,25,1,wk inc flu hosp,2026-03-14,quantile,0.3,34
2026-03-07,25,1,wk inc flu hosp,2026-03-14,quantile,0.35,39
2026-03-07,25,1,wk inc flu hosp,2026-03-14,quantile,0.4,44
2026-03-07,25,1,wk inc flu hosp,2026-03-14,quantile,0.45,46
2026-03-07,25,1,wk inc flu hosp,2026-03-14,quantile,0.5,49
2026-03-07,25,1,wk inc flu hosp,2026-03-14,quantile,0.55,54
2026-03-07,25,1,wk inc flu hosp,2026-03-14,quantile,0.6,60
2026-03-07,25,1,wk inc flu hosp,2026-03-14,quantile,0.65,63
2026-03-07,25,1,wk inc flu hosp,2026-03-14,quantile,0.7,66
2026-03-07,25,1,wk inc flu hosp,2026-03-14,quantile,0.75,72
2026-03-07,25,1,wk inc flu hosp,2026-03-14,quantile,0.8,81
2026-03-07,25,1,wk inc flu hosp,2026-03-14,quantile,0.85,92
2026-03-07,25,1,wk inc flu hosp,2026-03-14,quantile,0.9,104
2026-03-07,25,1,wk inc flu hosp,2026-03-14,quantile,0.95,128
2026-03-07,25,1,wk inc flu hosp,2026-03-14,quantile,0.975,150
2026-03-07,25,1,wk inc flu hosp,2026-03-14,quantile,0.99,186
2026-03-07,25,2,wk inc flu hosp,2026-03-21,quantile,0.01,1
2026-03-07,25,2,wk inc flu hosp,2026-03-21,quantile,0.025,3
2026-03-07,25,2,wk inc flu hosp,2026-03-21,quantile,0.05,6
2026-03-07,25,2,wk inc flu hosp,2026-03-21,quantile,0.1,13
2026-03-07,25,2,wk inc flu hosp,2026-03-21,quantile,0.15,18
2026-03-07,25,2,wk inc flu hosp,2026-03-21,quantile,0.2,19
2026-03-07,25,2,wk inc flu hosp,2026-03-21,quantile,0.25,21
2026-03-07,25,2,wk inc flu hosp,2026-03-21,quantile,0.3,23
2026-03-07,25,2,wk inc flu hosp,2026-03-21,quantile,0.35,32
2026-03-07,25,2,wk inc flu hosp,2026-03-21,quantile,0.4,35
2026-03-07,25,2,wk inc flu hosp,2026-03-21,quantile,0.45,38
2026-03-07,25,2,wk inc flu hosp,2026-03-21,quantile,0.5,41
2026-03-07,25,2,wk inc flu hosp,2026-03-21,quantile,0.55,45
2026-03-07,25,2,wk inc flu hosp,2026-03-21,quantile,0.6,50
2026-03-07,25,2,wk inc flu hosp,2026-03-21,quantile,0.65,53
2026-03-07,25,2,wk inc flu hosp,2026-03-21,quantile,0.7,60
2026-03-07,25,2,wk inc flu hosp,2026-03-21,quantile,0.75,67
2026-03-07,25,2,wk inc flu hosp,2026-03-21,quantile,0.8,76
2026-03-07,25,2,wk inc flu hosp,2026-03-21,quantile,0.85,89
2026-03-07,25,2,wk inc flu hosp,2026-03-21,quantile,0.9,104
2026-03-07,25,2,wk inc flu hosp,2026-03-21,quantile,0.95,131
2026-03-07,25,2,wk inc flu hosp,2026-03-21,quantile,0.975,158
2026-03-07,25,2,wk inc flu hosp,2026-03-21,quantile,0.99,198
2026-03-07,25,3,wk inc flu hosp,2026-03-28,quantile,0.01,0
2026-03-07,25,3,wk inc flu hosp,2026-03-28,quantile,0.025,1
2026-03-07,25,3,wk inc flu hosp,2026-03-28,quantile,0.05,3
2026-03-07,25,3,wk inc flu hosp,2026-03-28,quantile,0.1,6
2026-03-07,25,3,wk inc flu hosp,2026-03-28,quantile,0.15,11
2026-03-07,25,3,wk inc flu hosp,2026-03-28,quantile,0.2,13
2026-03-07,25,3,wk inc flu hosp,2026-03-28,quantile,0.25,14
2026-03-07,25,3,wk inc flu hosp,2026-03-28,quantile,0.3,17
2026-03-07,25,3,wk inc flu hosp,2026-03-28,quantile,0.35,24
2026-03-07,25,3,wk inc flu hosp,2026-03-28,quantile,0.4,32
2026-03-07,25,3,wk inc flu hosp,2026-03-28,quantile,0.45,34
2026-03-07,25,3,wk inc flu hosp,2026-03-28,quantile,0.5,36
2026-03-07,25,3,wk inc flu hosp,2026-03-28,quantile,0.55,41
2026-03-07,25,3,wk inc flu hosp,2026-03-28,quantile,0.6,46
2026-03-07,25,3,wk inc flu hosp,2026-03-28,quantile,0.65,50
2026-03-07,25,3,wk inc flu hosp,2026-03-28,quantile,0.7,57
2026-03-07,25,3,wk inc flu hosp,2026-03-28,quantile,0.75,61
2026-03-07,25,3,wk inc flu hosp,2026-03-28,quantile,0.8,69
2026-03-07,25,3,wk inc flu hosp,2026-03-28,quantile,0.85,82
2026-03-07,25,3,wk inc flu hosp,2026-03-28,quantile,0.9,100
2026-03-07,25,3,wk inc flu hosp,2026-03-28,quantile,0.95,132
2026-03-07,25,3,wk inc flu hosp,2026-03-28,quantile,0.975,167
2026-03-07,25,3,wk inc flu hosp,2026-03-28,quantile,0.99,216
2026-03-07,26,0,wk inc flu hosp,2026-03-07,quantile,0.01,102
2026-03-07,26,0,wk inc flu hosp,2026-03-07,quantile,0.025,119
2026-03-07,26,0,wk inc flu hosp,2026-03-07,quantile,0.05,139
2026-03-07,26,0,wk inc flu hosp,2026-03-07,quantile,0.1,161
2026-03-07,26,0,wk inc flu hosp,2026-03-07,quantile,0.15,181
2026-03-07,26,0,wk inc flu hosp,2026-03-07,quantile,0.2,194
2026-03-07,26,0,wk inc flu hosp,2026-03-07,quantile,0.25,205
2026-03-07,26,0,wk inc flu hosp,2026-03-07,quantile,0.3,215
2026-03-07,26,0,wk inc flu hosp,2026-03-07,quantile,0.35,226
2026-03-07,26,0,wk inc flu hosp,2026-03-07,quantile,0.4,233
2026-03-07,26,0,wk inc flu hosp,2026-03-07,quantile,0.45,241
2026-03-07,26,0,wk inc flu hosp,2026-03-07,quantile,0.5,251
2026-03-07,26,0,wk inc flu hosp,2026-03-07,quantile,0.55,261
2026-03-07,26,0,wk inc flu hosp,2026-03-07,quantile,0.6,275
2026-03-07,26,0,wk inc flu hosp,2026-03-07,quantile,0.65,282
2026-03-07,26,0,wk inc flu hosp,2026-03-07,quantile,0.7,294
2026-03-07,26,0,wk inc flu hosp,2026-03-07,quantile,0.75,303
2026-03-07,26,0,wk inc flu hosp,2026-03-07,quantile,0.8,318
2026-03-07,26,0,wk inc flu hosp,2026-03-07,quantile,0.85,339
2026-03-07,26,0,wk inc flu hosp,2026-03-07,quantile,0.9,366
2026-03-07,26,0,wk inc flu hosp,2026-03-07,quantile,0.95,398
2026-03-07,26,0,wk inc flu hosp,2026-03-07,quantile,0.975,440
2026-03-07,26,0,wk inc flu hosp,2026-03-07,quantile,0.99,467
2026-03-07,26,1,wk inc flu hosp,2026-03-14,quantile,0.01,73
2026-03-07,26,1,wk inc flu hosp,2026-03-14,quantile,0.025,84
2026-03-07,26,1,wk inc flu hosp,2026-03-14,quantile,0.05,98
2026-03-07,26,1,wk inc flu hosp,2026-03-14,quantile,0.1,115
2026-03-07,26,1,wk inc flu hosp,2026-03-14,quantile,0.15,134
2026-03-07,26,1,wk inc flu hosp,2026-03-14,quantile,0.2,155
2026-03-07,26,1,wk inc flu hosp,2026-03-14,quantile,0.25,171
2026-03-07,26,1,wk inc flu hosp,2026-03-14,quantile,0.3,179
2026-03-07,26,1,wk inc flu hosp,2026-03-14,quantile,0.35,188
2026-03-07,26,1,wk inc flu hosp,2026-03-14,quantile,0.4,199
2026-03-07,26,1,wk inc flu hosp,2026-03-14,quantile,0.45,209
2026-03-07,26,1,wk inc flu hosp,2026-03-14,quantile,0.5,223
2026-03-07,26,1,wk inc flu hosp,2026-03-14,quantile,0.55,237
2026-03-07,26,1,wk inc flu hosp,2026-03-14,quantile,0.6,252
2026-03-07,26,1,wk inc flu hosp,2026-03-14,quantile,0.65,267
2026-03-07,26,1,wk inc flu hosp,2026-03-14,quantile,0.7,287
2026-03-07,26,1,wk inc flu hosp,2026-03-14,quantile,0.75,302
2026-03-07,26,1,wk inc flu hosp,2026-03-14,quantile,0.8,317
2026-03-07,26,1,wk inc flu hosp,2026-03-14,quantile,0.85,346
2026-03-07,26,1,wk inc flu hosp,2026-03-14,quantile,0.9,377
2026-03-07,26,1,wk inc flu hosp,2026-03-14,quantile,0.95,423
2026-03-07,26,1,wk inc flu hosp,2026-03-14,quantile,0.975,460
2026-03-07,26,1,wk inc flu hosp,2026-03-14,quantile,0.99,505
2026-03-07,26,2,wk inc flu hosp,2026-03-21,quantile,0.01,46
2026-03-07,26,2,wk inc flu hosp,2026-03-21,quantile,0.025,61
2026-03-07,26,2,wk inc flu hosp,2026-03-21,quantile,0.05,73
2026-03-07,26,2,wk inc flu hosp,2026-03-21,quantile,0.1,88
2026-03-07,26,2,wk inc flu hosp,2026-03-21,quantile,0.15,99
2026-03-07,26,2,wk inc flu hosp,2026-03-21,quantile,0.2,116
2026-03-07,26,2,wk inc flu hosp,2026-03-21,quantile,0.25,132
2026-03-07,26,2,wk inc flu hosp,2026-03-21,quantile,0.3,148
2026-03-07,26,2,wk inc flu hosp,2026-03-21,quantile,0.35,162
2026-03-07,26,2,wk inc flu hosp,2026-03-21,quantile,0.4,171
2026-03-07,26,2,wk inc flu hosp,2026-03-21,quantile,0.45,184
2026-03-07,26,2,wk inc flu hosp,2026-03-21,quantile,0.5,199
2026-03-07,26,2,wk inc flu hosp,2026-03-21,quantile,0.55,216
2026-03-07,26,2,wk inc flu hosp,2026-03-21,quantile,0.6,231
2026-03-07,26,2,wk inc flu hosp,2026-03-21,quantile,0.65,247
2026-03-07,26,2,wk inc flu hosp,2026-03-21,quantile,0.7,265
2026-03-07,26,2,wk inc flu hosp,2026-03-21,quantile,0.75,278
2026-03-07,26,2,wk inc flu hosp,2026-03-21,quantile,0.8,296
2026-03-07,26,2,wk inc flu hosp,2026-03-21,quantile,0.85,330
2026-03-07,26,2,wk inc flu hosp,2026-03-21,quantile,0.9,376
2026-03-07,26,2,wk inc flu hosp,2026-03-21,quantile,0.95,445
2026-03-07,26,2,wk inc flu hosp,2026-03-21,quantile,0.975,510
2026-03-07,26,2,wk inc flu hosp,2026-03-21,quantile,0.99,572
2026-03-07,26,3,wk inc flu hosp,2026-03-28,quantile,0.01,31
2026-03-07,26,3,wk inc flu hosp,2026-03-28,quantile,0.025,44
2026-03-07,26,3,wk inc flu hosp,2026-03-28,quantile,0.05,55
2026-03-07,26,3,wk inc flu hosp,2026-03-28,quantile,0.1,70
2026-03-07,26,3,wk inc flu hosp,2026-03-28,quantile,0.15,80
2026-03-07,26,3,wk inc flu hosp,2026-03-28,quantile,0.2,90
2026-03-07,26,3,wk inc flu hosp,2026-03-28,quantile,0.25,103
2026-03-07,26,3,wk inc flu hosp,2026-03-28,quantile,0.3,118
2026-03-07,26,3,wk inc flu hosp,2026-03-28,quantile,0.35,135
2026-03-07,26,3,wk inc flu hosp,2026-03-28,quantile,0.4,149
2026-03-07,26,3,wk inc flu hosp,2026-03-28,quantile,0.45,161
2026-03-07,26,3,wk inc flu hosp,2026-03-28,quantile,0.5,173
2026-03-07,26,3,wk inc flu hosp,2026-03-28,quantile,0.55,190
2026-03-07,26,3,wk inc flu hosp,2026-03-28,quantile,0.6,205
2026-03-07,26,3,wk inc flu hosp,2026-03-28,quantile,0.65,222
2026-03-07,26,3,wk inc flu hosp,2026-03-28,quantile,0.7,240
2026-03-07,26,3,wk inc flu hosp,2026-03-28,quantile,0.75,260
2026-03-07,26,3,wk inc flu hosp,2026-03-28,quantile,0.8,284
2026-03-07,26,3,wk inc flu hosp,2026-03-28,quantile,0.85,314
2026-03-07,26,3,wk inc flu hosp,2026-03-28,quantile,0.9,358
2026-03-07,26,3,wk inc flu hosp,2026-03-28,quantile,0.95,435
2026-03-07,26,3,wk inc flu hosp,2026-03-28,quantile,0.975,518
2026-03-07,26,3,wk inc flu hosp,2026-03-28,quantile,0.99,620
2026-03-07,27,0,wk inc flu hosp,2026-03-07,quantile,0.01,35
2026-03-07,27,0,wk inc flu hosp,2026-03-07,quantile,0.025,42
2026-03-07,27,0,wk inc flu hosp,2026-03-07,quantile,0.05,55
2026-03-07,27,0,wk inc flu hosp,2026-03-07,quantile,0.1,69
2026-03-07,27,0,wk inc flu hosp,2026-03-07,quantile,0.15,78
2026-03-07,27,0,wk inc flu hosp,2026-03-07,quantile,0.2,85
2026-03-07,27,0,wk inc flu hosp,2026-03-07,quantile,0.25,93
2026-03-07,27,0,wk inc flu hosp,2026-03-07,quantile,0.3,98
2026-03-07,27,0,wk inc flu hosp,2026-03-07,quantile,0.35,102
2026-03-07,27,0,wk inc flu hosp,2026-03-07,quantile,0.4,105
2026-03-07,27,0,wk inc flu hosp,2026-03-07,quantile,0.45,113
2026-03-07,27,0,wk inc flu hosp,2026-03-07,quantile,0.5,122
2026-03-07,27,0,wk inc flu hosp,2026-03-07,quantile,0.55,126
2026-03-07,27,0,wk inc flu hosp,2026-03-07,quantile,0.6,131
2026-03-07,27,0,wk inc flu hosp,2026-03-07,quantile,0.65,138
2026-03-07,27,0,wk inc flu hosp,2026-03-07,quantile,0.7,143
2026-03-07,27,0,wk inc flu hosp,2026-03-07,quantile,0.75,153
2026-03-07,27,0,wk inc flu hosp,2026-03-07,quantile,0.8,161
2026-03-07,27,0,wk inc flu hosp,2026-03-07,quantile,0.85,169
2026-03-07,27,0,wk inc flu hosp,2026-03-07,quantile,0.9,182
2026-03-07,27,0,wk inc flu hosp,2026-03-07,quantile,0.95,204
2026-03-07,27,0,wk inc flu hosp,2026-03-07,quantile,0.975,230
2026-03-07,27,0,wk inc flu hosp,2026-03-07,quantile,0.99,258
2026-03-07,27,1,wk inc flu hosp,2026-03-14,quantile,0.01,20
2026-03-07,27,1,wk inc flu hosp,2026-03-14,quantile,0.025,28
2026-03-07,27,1,wk inc flu hosp,2026-03-14,quantile,0.05,35
2026-03-07,27,1,wk inc flu hosp,2026-03-14,quantile,0.1,42
2026-03-07,27,1,wk inc flu hosp,2026-03-14,quantile,0.15,54
2026-03-07,27,1,wk inc flu hosp,2026-03-14,quantile,0.2,60
2026-03-07,27,1,wk inc flu hosp,2026-03-14,quantile,0.25,64
2026-03-07,27,1,wk inc flu hosp,2026-03-14,quantile,0.3,69
2026-03-07,27,1,wk inc flu hosp,2026-03-14,quantile,0.35,79
2026-03-07,27,1,wk inc flu hosp,2026-03-14,quantile,0.4,88
2026-03-07,27,1,wk inc flu hosp,2026-03-14,quantile,0.45,94
2026-03-07,27,1,wk inc flu hosp,2026-03-14,quantile,0.5,105
2026-03-07,27,1,wk inc flu hosp,2026-03-14,quantile,0.55,112
2026-03-07,27,1,wk inc flu hosp,2026-03-14,quantile,0.6,119
2026-03-07,27,1,wk inc flu hosp,2026-03-14,quantile,0.65,126
2026-03-07,27,1,wk inc flu hosp,2026-03-14,quantile,0.7,135
2026-03-07,27,1,wk inc flu hosp,2026-03-14,quantile,0.75,143
2026-03-07,27,1,wk inc flu hosp,2026-03-14,quantile,0.8,154
2026-03-07,27,1,wk inc flu hosp,2026-03-14,quantile,0.85,166
2026-03-07,27,1,wk inc flu hosp,2026-03-14,quantile,0.9,186
2026-03-07,27,1,wk inc flu hosp,2026-03-14,quantile,0.95,219
2026-03-07,27,1,wk inc flu hosp,2026-03-14,quantile,0.975,242
2026-03-07,27,1,wk inc flu hosp,2026-03-14,quantile,0.99,292
2026-03-07,27,2,wk inc flu hosp,2026-03-21,quantile,0.01,10
2026-03-07,27,2,wk inc flu hosp,2026-03-21,quantile,0.025,14
2026-03-07,27,2,wk inc flu hosp,2026-03-21,quantile,0.05,17
2026-03-07,27,2,wk inc flu hosp,2026-03-21,quantile,0.1,29
2026-03-07,27,2,wk inc flu hosp,2026-03-21,quantile,0.15,36
2026-03-07,27,2,wk inc flu hosp,2026-03-21,quantile,0.2,40
2026-03-07,27,2,wk inc flu hosp,2026-03-21,quantile,0.25,48
2026-03-07,27,2,wk inc flu hosp,2026-03-21,quantile,0.3,55
2026-03-07,27,2,wk inc flu hosp,2026-03-21,quantile,0.35,63
2026-03-07,27,2,wk inc flu hosp,2026-03-21,quantile,0.4,67
2026-03-07,27,2,wk inc flu hosp,2026-03-21,quantile,0.45,72
2026-03-07,27,2,wk inc flu hosp,2026-03-21,quantile,0.5,83
2026-03-07,27,2,wk inc flu hosp,2026-03-21,quantile,0.55,92
2026-03-07,27,2,wk inc flu hosp,2026-03-21,quantile,0.6,101
2026-03-07,27,2,wk inc flu hosp,2026-03-21,quantile,0.65,110
2026-03-07,27,2,wk inc flu hosp,2026-03-21,quantile,0.7,122
2026-03-07,27,2,wk inc flu hosp,2026-03-21,quantile,0.75,131
2026-03-07,27,2,wk inc flu hosp,2026-03-21,quantile,0.8,142
2026-03-07,27,2,wk inc flu hosp,2026-03-21,quantile,0.85,157
2026-03-07,27,2,wk inc flu hosp,2026-03-21,quantile,0.9,181
2026-03-07,27,2,wk inc flu hosp,2026-03-21,quantile,0.95,216
2026-03-07,27,2,wk inc flu hosp,2026-03-21,quantile,0.975,250
2026-03-07,27,2,wk inc flu hosp,2026-03-21,quantile,0.99,301
2026-03-07,27,3,wk inc flu hosp,2026-03-28,quantile,0.01,5
2026-03-07,27,3,wk inc flu hosp,2026-03-28,quantile,0.025,7
2026-03-07,27,3,wk inc flu hosp,2026-03-28,quantile,0.05,10
2026-03-07,27,3,wk inc flu hosp,2026-03-28,quantile,0.1,19
2026-03-07,27,3,wk inc flu hosp,2026-03-28,quantile,0.15,24
2026-03-07,27,3,wk inc flu hosp,2026-03-28,quantile,0.2,28
2026-03-07,27,3,wk inc flu hosp,2026-03-28,quantile,0.25,36
2026-03-07,27,3,wk inc flu hosp,2026-03-28,quantile,0.3,44
2026-03-07,27,3,wk inc flu hosp,2026-03-28,quantile,0.35,48
2026-03-07,27,3,wk inc flu hosp,2026-03-28,quantile,0.4,57
2026-03-07,27,3,wk inc flu hosp,2026-03-28,quantile,0.45,63
2026-03-07,27,3,wk inc flu hosp,2026-03-28,quantile,0.5,71
2026-03-07,27,3,wk inc flu hosp,2026-03-28,quantile,0.55,80
2026-03-07,27,3,wk inc flu hosp,2026-03-28,quantile,0.6,88
2026-03-07,27,3,wk inc flu hosp,2026-03-28,quantile,0.65,100
2026-03-07,27,3,wk inc flu hosp,2026-03-28,quantile,0.7,110
2026-03-07,27,3,wk inc flu hosp,2026-03-28,quantile,0.75,123
2026-03-07,27,3,wk inc flu hosp,2026-03-28,quantile,0.8,139
2026-03-07,27,3,wk inc flu hosp,2026-03-28,quantile,0.85,153
2026-03-07,27,3,wk inc flu hosp,2026-03-28,quantile,0.9,176
2026-03-07,27,3,wk inc flu hosp,2026-03-28,quantile,0.95,213
2026-03-07,27,3,wk inc flu hosp,2026-03-28,quantile,0.975,265
2026-03-07,27,3,wk inc flu hosp,2026-03-28,quantile,0.99,326
2026-03-07,28,0,wk inc flu hosp,2026-03-07,quantile,0.01,61
2026-03-07,28,0,wk inc flu hosp,2026-03-07,quantile,0.025,70
2026-03-07,28,0,wk inc flu hosp,2026-03-07,quantile,0.05,81
2026-03-07,28,0,wk inc flu hosp,2026-03-07,quantile,0.1,93
2026-03-07,28,0,wk inc flu hosp,2026-03-07,quantile,0.15,99
2026-03-07,28,0,wk inc flu hosp,2026-03-07,quantile,0.2,103
2026-03-07,28,0,wk inc flu hosp,2026-03-07,quantile,0.25,107
2026-03-07,28,0,wk inc flu hosp,2026-03-07,quantile,0.3,114
2026-03-07,28,0,wk inc flu hosp,2026-03-07,quantile,0.35,122
2026-03-07,28,0,wk inc flu hosp,2026-03-07,quantile,0.4,124
2026-03-07,28,0,wk inc flu hosp,2026-03-07,quantile,0.45,128
2026-03-07,28,0,wk inc flu hosp,2026-03-07,quantile,0.5,134
2026-03-07,28,0,wk inc flu hosp,2026-03-07,quantile,0.55,138
2026-03-07,28,0,wk inc flu hosp,2026-03-07,quantile,0.6,143
2026-03-07,28,0,wk inc flu hosp,2026-03-07,quantile,0.65,146
2026-03-07,28,0,wk inc flu hosp,2026-03-07,quantile,0.7,150
2026-03-07,28,0,wk inc flu hosp,2026-03-07,quantile,0.75,158
2026-03-07,28,0,wk inc flu hosp,2026-03-07,quantile,0.8,163
2026-03-07,28,0,wk inc flu hosp,2026-03-07,quantile,0.85,175
2026-03-07,28,0,wk inc flu hosp,2026-03-07,quantile,0.9,188
2026-03-07,28,0,wk inc flu hosp,2026-03-07,quantile,0.95,209
2026-03-07,28,0,wk inc flu hosp,2026-03-07,quantile,0.975,222
2026-03-07,28,0,wk inc flu hosp,2026-03-07,quantile,0.99,239
2026-03-07,28,1,wk inc flu hosp,2026-03-14,quantile,0.01,42
2026-03-07,28,1,wk inc flu hosp,2026-03-14,quantile,0.025,50
2026-03-07,28,1,wk inc flu hosp,2026-03-14,quantile,0.05,58
2026-03-07,28,1,wk inc flu hosp,2026-03-14,quantile,0.1,68
2026-03-07,28,1,wk inc flu hosp,2026-03-14,quantile,0.15,75
2026-03-07,28,1,wk inc flu hosp,2026-03-14,quantile,0.2,81
2026-03-07,28,1,wk inc flu hosp,2026-03-14,quantile,0.25,88
2026-03-07,28,1,wk inc flu hosp,2026-03-14,quantile,0.3,95
2026-03-07,28,1,wk inc flu hosp,2026-03-14,quantile,0.35,100
2026-03-07,28,1,wk inc flu hosp,2026-03-14,quantile,0.4,106
2026-03-07,28,1,wk inc flu hosp,2026-03-14,quantile,0.45,111
2026-03-07,28,1,wk inc flu hosp,2026-03-14,quantile,0.5,118
2026-03-07,28,1,wk inc flu hosp,2026-03-14,quantile,0.55,123
2026-03-07,28,1,wk inc flu hosp,2026-03-14,quantile,0.6,127
2026-03-07,28,1,wk inc flu hosp,2026-03-14,quantile,0.65,133
2026-03-07,28,1,wk inc flu hosp,2026-03-14,quantile,0.7,139
2026-03-07,28,1,wk inc flu hosp,2026-03-14,quantile,0.75,146
2026-03-07,28,1,wk inc flu hosp,2026-03-14,quantile,0.8,153
2026-03-07,28,1,wk inc flu hosp,2026-03-14,quantile,0.85,165
2026-03-07,28,1,wk inc flu hosp,2026-03-14,quantile,0.9,179
2026-03-07,28,1,wk inc flu hosp,2026-03-14,quantile,0.95,200
2026-03-07,28,1,wk inc flu hosp,2026-03-14,quantile,0.975,215
2026-03-07,28,1,wk inc flu hosp,2026-03-14,quantile,0.99,237
2026-03-07,28,2,wk inc flu hosp,2026-03-21,quantile,0.01,26
2026-03-07,28,2,wk inc flu hosp,2026-03-21,quantile,0.025,31
2026-03-07,28,2,wk inc flu hosp,2026-03-21,quantile,0.05,38
2026-03-07,28,2,wk inc flu hosp,2026-03-21,quantile,0.1,46
2026-03-07,28,2,wk inc flu hosp,2026-03-21,quantile,0.15,53
2026-03-07,28,2,wk inc flu hosp,2026-03-21,quantile,0.2,58
2026-03-07,28,2,wk inc flu hosp,2026-03-21,quantile,0.25,65
2026-03-07,28,2,wk inc flu hosp,2026-03-21,quantile,0.3,72
2026-03-07,28,2,wk inc flu hosp,2026-03-21,quantile,0.35,76
2026-03-07,28,2,wk inc flu hosp,2026-03-21,quantile,0.4,80
2026-03-07,28,2,wk inc flu hosp,2026-03-21,quantile,0.45,87
2026-03-07,28,2,wk inc flu hosp,2026-03-21,quantile,0.5,94
2026-03-07,28,2,wk inc flu hosp,2026-03-21,quantile,0.55,101
2026-03-07,28,2,wk inc flu hosp,2026-03-21,quantile,0.6,108
2026-03-07,28,2,wk inc flu hosp,2026-03-21,quantile,0.65,113
2026-03-07,28,2,wk inc flu hosp,2026-03-21,quantile,0.7,119
2026-03-07,28,2,wk inc flu hosp,2026-03-21,quantile,0.75,126
2026-03-07,28,2,wk inc flu hosp,2026-03-21,quantile,0.8,135
2026-03-07,28,2,wk inc flu hosp,2026-03-21,quantile,0.85,148
2026-03-07,28,2,wk inc flu hosp,2026-03-21,quantile,0.9,160
2026-03-07,28,2,wk inc flu hosp,2026-03-21,quantile,0.95,188
2026-03-07,28,2,wk inc flu hosp,2026-03-21,quantile,0.975,221
2026-03-07,28,2,wk inc flu hosp,2026-03-21,quantile,0.99,254
2026-03-07,28,3,wk inc flu hosp,2026-03-28,quantile,0.01,18
2026-03-07,28,3,wk inc flu hosp,2026-03-28,quantile,0.025,23
2026-03-07,28,3,wk inc flu hosp,2026-03-28,quantile,0.05,30
2026-03-07,28,3,wk inc flu hosp,2026-03-28,quantile,0.1,40
2026-03-07,28,3,wk inc flu hosp,2026-03-28,quantile,0.15,46
2026-03-07,28,3,wk inc flu hosp,2026-03-28,quantile,0.2,51
2026-03-07,28,3,wk inc flu hosp,2026-03-28,quantile,0.25,57
2026-03-07,28,3,wk inc flu hosp,2026-03-28,quantile,0.3,62
2026-03-07,28,3,wk inc flu hosp,2026-03-28,quantile,0.35,67
2026-03-07,28,3,wk inc flu hosp,2026-03-28,quantile,0.4,72
2026-03-07,28,3,wk inc flu hosp,2026-03-28,quantile,0.45,76
2026-03-07,28,3,wk inc flu hosp,2026-03-28,quantile,0.5,83
2026-03-07,28,3,wk inc flu hosp,2026-03-28,quantile,0.55,90
2026-03-07,28,3,wk inc flu hosp,2026-03-28,quantile,0.6,93
2026-03-07,28,3,wk inc flu hosp,2026-03-28,quantile,0.65,98
2026-03-07,28,3,wk inc flu hosp,2026-03-28,quantile,0.7,105
2026-03-07,28,3,wk inc flu hosp,2026-03-28,quantile,0.75,113
2026-03-07,28,3,wk inc flu hosp,2026-03-28,quantile,0.8,124
2026-03-07,28,3,wk inc flu hosp,2026-03-28,quantile,0.85,135
2026-03-07,28,3,wk inc flu hosp,2026-03-28,quantile,0.9,153
2026-03-07,28,3,wk inc flu hosp,2026-03-28,quantile,0.95,180
2026-03-07,28,3,wk inc flu hosp,2026-03-28,quantile,0.975,215
2026-03-07,28,3,wk inc flu hosp,2026-03-28,quantile,0.99,256
2026-03-07,29,0,wk inc flu hosp,2026-03-07,quantile,0.01,110
2026-03-07,29,0,wk inc flu hosp,2026-03-07,quantile,0.025,143
2026-03-07,29,0,wk inc flu hosp,2026-03-07,quantile,0.05,159
2026-03-07,29,0,wk inc flu hosp,2026-03-07,quantile,0.1,176
2026-03-07,29,0,wk inc flu hosp,2026-03-07,quantile,0.15,196
2026-03-07,29,0,wk inc flu hosp,2026-03-07,quantile,0.2,206
2026-03-07,29,0,wk inc flu hosp,2026-03-07,quantile,0.25,215
2026-03-07,29,0,wk inc flu hosp,2026-03-07,quantile,0.3,224
2026-03-07,29,0,wk inc flu hosp,2026-03-07,quantile,0.35,237
2026-03-07,29,0,wk inc flu hosp,2026-03-07,quantile,0.4,244
2026-03-07,29,0,wk inc flu hosp,2026-03-07,quantile,0.45,250
2026-03-07,29,0,wk inc flu hosp,2026-03-07,quantile,0.5,264
2026-03-07,29,0,wk inc flu hosp,2026-03-07,quantile,0.55,279
2026-03-07,29,0,wk inc flu hosp,2026-03-07,quantile,0.6,291
2026-03-07,29,0,wk inc flu hosp,2026-03-07,quantile,0.65,301
2026-03-07,29,0,wk inc flu hosp,2026-03-07,quantile,0.7,315
2026-03-07,29,0,wk inc flu hosp,2026-03-07,quantile,0.75,329
2026-03-07,29,0,wk inc flu hosp,2026-03-07,quantile,0.8,345
2026-03-07,29,0,wk inc flu hosp,2026-03-07,quantile,0.85,364
2026-03-07,29,0,wk inc flu hosp,2026-03-07,quantile,0.9,392
2026-03-07,29,0,wk inc flu hosp,2026-03-07,quantile,0.95,438
2026-03-07,29,0,wk inc flu hosp,2026-03-07,quantile,0.975,455
2026-03-07,29,0,wk inc flu hosp,2026-03-07,quantile,0.99,497
2026-03-07,29,1,wk inc flu hosp,2026-03-14,quantile,0.01,67
2026-03-07,29,1,wk inc flu hosp,2026-03-14,quantile,0.025,81
2026-03-07,29,1,wk inc flu hosp,2026-03-14,quantile,0.05,96
2026-03-07,29,1,wk inc flu hosp,2026-03-14,quantile,0.1,118
2026-03-07,29,1,wk inc flu hosp,2026-03-14,quantile,0.15,139
2026-03-07,29,1,wk inc flu hosp,2026-03-14,quantile,0.2,154
2026-03-07,29,1,wk inc flu hosp,2026-03-14,quantile,0.25,166
2026-03-07,29,1,wk inc flu hosp,2026-03-14,quantile,0.3,181
2026-03-07,29,1,wk inc flu hosp,2026-03-14,quantile,0.35,190
2026-03-07,29,1,wk inc flu hosp,2026-03-14,quantile,0.4,200
2026-03-07,29,1,wk inc flu hosp,2026-03-14,quantile,0.45,210
2026-03-07,29,1,wk inc flu hosp,2026-03-14,quantile,0.5,220
2026-03-07,29,1,wk inc flu hosp,2026-03-14,quantile,0.55,240
2026-03-07,29,1,wk inc flu hosp,2026-03-14,quantile,0.6,251
2026-03-07,29,1,wk inc flu hosp,2026-03-14,quantile,0.65,263
2026-03-07,29,1,wk inc flu hosp,2026-03-14,quantile,0.7,276
2026-03-07,29,1,wk inc flu hosp,2026-03-14,quantile,0.75,291
2026-03-07,29,1,wk inc flu hosp,2026-03-14,quantile,0.8,312
2026-03-07,29,1,wk inc flu hosp,2026-03-14,quantile,0.85,349
2026-03-07,29,1,wk inc flu hosp,2026-03-14,quantile,0.9,387
2026-03-07,29,1,wk inc flu hosp,2026-03-14,quantile,0.95,441
2026-03-07,29,1,wk inc flu hosp,2026-03-14,quantile,0.975,500
2026-03-07,29,1,wk inc flu hosp,2026-03-14,quantile,0.99,565
2026-03-07,29,2,wk inc flu hosp,2026-03-21,quantile,0.01,42
2026-03-07,29,2,wk inc flu hosp,2026-03-21,quantile,0.025,52
2026-03-07,29,2,wk inc flu hosp,2026-03-21,quantile,0.05,62
2026-03-07,29,2,wk inc flu hosp,2026-03-21,quantile,0.1,83
2026-03-07,29,2,wk inc flu hosp,2026-03-21,quantile,0.15,101
2026-03-07,29,2,wk inc flu hosp,2026-03-21,quantile,0.2,111
2026-03-07,29,2,wk inc flu hosp,2026-03-21,quantile,0.25,125
2026-03-07,29,2,wk inc flu hosp,2026-03-21,quantile,0.3,135
2026-03-07,29,2,wk inc flu hosp,2026-03-21,quantile,0.35,152
2026-03-07,29,2,wk inc flu hosp,2026-03-21,quantile,0.4,157
2026-03-07,29,2,wk inc flu hosp,2026-03-21,quantile,0.45,165
2026-03-07,29,2,wk inc flu hosp,2026-03-21,quantile,0.5,184
2026-03-07,29,2,wk inc flu hosp,2026-03-21,quantile,0.55,203
2026-03-07,29,2,wk inc flu hosp,2026-03-21,quantile,0.6,222
2026-03-07,29,2,wk inc flu hosp,2026-03-21,quantile,0.65,234
2026-03-07,29,2,wk inc flu hosp,2026-03-21,quantile,0.7,257
2026-03-07,29,2,wk inc flu hosp,2026-03-21,quantile,0.75,274
2026-03-07,29,2,wk inc flu hosp,2026-03-21,quantile,0.8,295
2026-03-07,29,2,wk inc flu hosp,2026-03-21,quantile,0.85,323
2026-03-07,29,2,wk inc flu hosp,2026-03-21,quantile,0.9,357
2026-03-07,29,2,wk inc flu hosp,2026-03-21,quantile,0.95,420
2026-03-07,29,2,wk inc flu hosp,2026-03-21,quantile,0.975,466
2026-03-07,29,2,wk inc flu hosp,2026-03-21,quantile,0.99,531
2026-03-07,29,3,wk inc flu hosp,2026-03-28,quantile,0.01,21
2026-03-07,29,3,wk inc flu hosp,2026-03-28,quantile,0.025,31
2026-03-07,29,3,wk inc flu hosp,2026-03-28,quantile,0.05,40
2026-03-07,29,3,wk inc flu hosp,2026-03-28,quantile,0.1,64
2026-03-07,29,3,wk inc flu hosp,2026-03-28,quantile,0.15,68
2026-03-07,29,3,wk inc flu hosp,2026-03-28,quantile,0.2,79
2026-03-07,29,3,wk inc flu hosp,2026-03-28,quantile,0.25,94
2026-03-07,29,3,wk inc flu hosp,2026-03-28,quantile,0.3,102
2026-03-07,29,3,wk inc flu hosp,2026-03-28,quantile,0.35,110
2026-03-07,29,3,wk inc flu hosp,2026-03-28,quantile,0.4,127
2026-03-07,29,3,wk inc flu hosp,2026-03-28,quantile,0.45,132
2026-03-07,29,3,wk inc flu hosp,2026-03-28,quantile,0.5,146
2026-03-07,29,3,wk inc flu hosp,2026-03-28,quantile,0.55,160
2026-03-07,29,3,wk inc flu hosp,2026-03-28,quantile,0.6,175
2026-03-07,29,3,wk inc flu hosp,2026-03-28,quantile,0.65,193
2026-03-07,29,3,wk inc flu hosp,2026-03-28,quantile,0.7,215
2026-03-07,29,3,wk inc flu hosp,2026-03-28,quantile,0.75,241
2026-03-07,29,3,wk inc flu hosp,2026-03-28,quantile,0.8,268
2026-03-07,29,3,wk inc flu hosp,2026-03-28,quantile,0.85,300
2026-03-07,29,3,wk inc flu hosp,2026-03-28,quantile,0.9,340
2026-03-07,29,3,wk inc flu hosp,2026-03-28,quantile,0.95,401
2026-03-07,29,3,wk inc flu hosp,2026-03-28,quantile,0.975,446
2026-03-07,29,3,wk inc flu hosp,2026-03-28,quantile,0.99,501
2026-03-07,30,0,wk inc flu hosp,2026-03-07,quantile,0.01,10
2026-03-07,30,0,wk inc flu hosp,2026-03-07,quantile,0.025,14
2026-03-07,30,0,wk inc flu hosp,2026-03-07,quantile,0.05,17
2026-03-07,30,0,wk inc flu hosp,2026-03-07,quantile,0.1,22
2026-03-07,30,0,wk inc flu hosp,2026-03-07,quantile,0.15,25
2026-03-07,30,0,wk inc flu hosp,2026-03-07,quantile,0.2,28
2026-03-07,30,0,wk inc flu hosp,2026-03-07,quantile,0.25,30
2026-03-07,30,0,wk inc flu hosp,2026-03-07,quantile,0.3,31
2026-03-07,30,0,wk inc flu hosp,2026-03-07,quantile,0.35,33
2026-03-07,30,0,wk inc flu hosp,2026-03-07,quantile,0.4,34
2026-03-07,30,0,wk inc flu hosp,2026-03-07,quantile,0.45,37
2026-03-07,30,0,wk inc flu hosp,2026-03-07,quantile,0.5,39
2026-03-07,30,0,wk inc flu hosp,2026-03-07,quantile,0.55,41
2026-03-07,30,0,wk inc flu hosp,2026-03-07,quantile,0.6,43
2026-03-07,30,0,wk inc flu hosp,2026-03-07,quantile,0.65,44
2026-03-07,30,0,wk inc flu hosp,2026-03-07,quantile,0.7,46
2026-03-07,30,0,wk inc flu hosp,2026-03-07,quantile,0.75,49
2026-03-07,30,0,wk inc flu hosp,2026-03-07,quantile,0.8,52
2026-03-07,30,0,wk inc flu hosp,2026-03-07,quantile,0.85,55
2026-03-07,30,0,wk inc flu hosp,2026-03-07,quantile,0.9,59
2026-03-07,30,0,wk inc flu hosp,2026-03-07,quantile,0.95,65
2026-03-07,30,0,wk inc flu hosp,2026-03-07,quantile,0.975,74
2026-03-07,30,0,wk inc flu hosp,2026-03-07,quantile,0.99,83
2026-03-07,30,1,wk inc flu hosp,2026-03-14,quantile,0.01,6
2026-03-07,30,1,wk inc flu hosp,2026-03-14,quantile,0.025,8
2026-03-07,30,1,wk inc flu hosp,2026-03-14,quantile,0.05,12
2026-03-07,30,1,wk inc flu hosp,2026-03-14,quantile,0.1,15
2026-03-07,30,1,wk inc flu hosp,2026-03-14,quantile,0.15,19
2026-03-07,30,1,wk inc flu hosp,2026-03-14,quantile,0.2,21
2026-03-07,30,1,wk inc flu hosp,2026-03-14,quantile,0.25,22
2026-03-07,30,1,wk inc flu hosp,2026-03-14,quantile,0.3,25
2026-03-07,30,1,wk inc flu hosp,2026-03-14,quantile,0.35,27
2026-03-07,30,1,wk inc flu hosp,2026-03-14,quantile,0.4,28
2026-03-07,30,1,wk inc flu hosp,2026-03-14,quantile,0.45,30
2026-03-07,30,1,wk inc flu hosp,2026-03-14,quantile,0.5,33
2026-03-07,30,1,wk inc flu hosp,2026-03-14,quantile,0.55,35
2026-03-07,30,1,wk inc flu hosp,2026-03-14,quantile,0.6,37
2026-03-07,30,1,wk inc flu hosp,2026-03-14,quantile,0.65,39
2026-03-07,30,1,wk inc flu hosp,2026-03-14,quantile,0.7,41
2026-03-07,30,1,wk inc flu hosp,2026-03-14,quantile,0.75,45
2026-03-07,30,1,wk inc flu hosp,2026-03-14,quantile,0.8,49
2026-03-07,30,1,wk inc flu hosp,2026-03-14,quantile,0.85,53
2026-03-07,30,1,wk inc flu hosp,2026-03-14,quantile,0.9,59
2026-03-07,30,1,wk inc flu hosp,2026-03-14,quantile,0.95,68
2026-03-07,30,1,wk inc flu hosp,2026-03-14,quantile,0.975,78
2026-03-07,30,1,wk inc flu hosp,2026-03-14,quantile,0.99,91
2026-03-07,30,2,wk inc flu hosp,2026-03-21,quantile,0.01,3
2026-03-07,30,2,wk inc flu hosp,2026-03-21,quantile,0.025,5
2026-03-07,30,2,wk inc flu hosp,2026-03-21,quantile,0.05,7
2026-03-07,30,2,wk inc flu hosp,2026-03-21,quantile,0.1,10
2026-03-07,30,2,wk inc flu hosp,2026-03-21,quantile,0.15,13
2026-03-07,30,2,wk inc flu hosp,2026-03-21,quantile,0.2,16
2026-03-07,30,2,wk inc flu hosp,2026-03-21,quantile,0.25,18
2026-03-07,30,2,wk inc flu hosp,2026-03-21,quantile,0.3,19
2026-03-07,30,2,wk inc flu hosp,2026-03-21,quantile,0.35,21
2026-03-07,30,2,wk inc flu hosp,2026-03-21,quantile,0.4,23
2026-03-07,30,2,wk inc flu hosp,2026-03-21,quantile,0.45,25
2026-03-07,30,2,wk inc flu hosp,2026-03-21,quantile,0.5,28
2026-03-07,30,2,wk inc flu hosp,2026-03-21,quantile,0.55,31
2026-03-07,30,2,wk inc flu hosp,2026-03-21,quantile,0.6,34
2026-03-07,30,2,wk inc flu hosp,2026-03-21,quantile,0.65,36
2026-03-07,30,2,wk inc flu hosp,2026-03-21,quantile,0.7,39
2026-03-07,30,2,wk inc flu hosp,2026-03-21,quantile,0.75,43
2026-03-07,30,2,wk inc flu hosp,2026-03-21,quantile,0.8,46
2026-03-07,30,2,wk inc flu hosp,2026-03-21,quantile,0.85,50
2026-03-07,30,2,wk inc flu hosp,2026-03-21,quantile,0.9,56
2026-03-07,30,2,wk inc flu hosp,2026-03-21,quantile,0.95,67
2026-03-07,30,2,wk inc flu hosp,2026-03-21,quantile,0.975,79
2026-03-07,30,2,wk inc flu hosp,2026-03-21,quantile,0.99,96
2026-03-07,30,3,wk inc flu hosp,2026-03-28,quantile,0.01,1
2026-03-07,30,3,wk inc flu hosp,2026-03-28,quantile,0.025,3
2026-03-07,30,3,wk inc flu hosp,2026-03-28,quantile,0.05,4
2026-03-07,30,3,wk inc flu hosp,2026-03-28,quantile,0.1,7
2026-03-07,30,3,wk inc flu hosp,2026-03-28,quantile,0.15,9
2026-03-07,30,3,wk inc flu hosp,2026-03-28,quantile,0.2,12
2026-03-07,30,3,wk inc flu hosp,2026-03-28,quantile,0.25,13
2026-03-07,30,3,wk inc flu hosp,2026-03-28,quantile,0.3,14
2026-03-07,30,3,wk inc flu hosp,2026-03-28,quantile,0.35,16
2026-03-07,30,3,wk inc flu hosp,2026-03-28,quantile,0.4,18
2026-03-07,30,3,wk inc flu hosp,2026-03-28,quantile,0.45,21
2026-03-07,30,3,wk inc flu hosp,2026-03-28,quantile,0.5,22
2026-03-07,30,3,wk inc flu hosp,2026-03-28,quantile,0.55,25
2026-03-07,30,3,wk inc flu hosp,2026-03-28,quantile,0.6,28
2026-03-07,30,3,wk inc flu hosp,2026-03-28,quantile,0.65,30
2026-03-07,30,3,wk inc flu hosp,2026-03-28,quantile,0.7,34
2026-03-07,30,3,wk inc flu hosp,2026-03-28,quantile,0.75,37
2026-03-07,30,3,wk inc flu hosp,2026-03-28,quantile,0.8,41
2026-03-07,30,3,wk inc flu hosp,2026-03-28,quantile,0.85,44
2026-03-07,30,3,wk inc flu hosp,2026-03-28,quantile,0.9,49
2026-03-07,30,3,wk inc flu hosp,2026-03-28,quantile,0.95,64
2026-03-07,30,3,wk inc flu hosp,2026-03-28,quantile,0.975,78
2026-03-07,30,3,wk inc flu hosp,2026-03-28,quantile,0.99,92
2026-03-07,31,0,wk inc flu hosp,2026-03-07,quantile,0.01,23
2026-03-07,31,0,wk inc flu hosp,2026-03-07,quantile,0.025,26
2026-03-07,31,0,wk inc flu hosp,2026-03-07,quantile,0.05,34
2026-03-07,31,0,wk inc flu hosp,2026-03-07,quantile,0.1,41
2026-03-07,31,0,wk inc flu hosp,2026-03-07,quantile,0.15,48
2026-03-07,31,0,wk inc flu hosp,2026-03-07,quantile,0.2,51
2026-03-07,31,0,wk inc flu hosp,2026-03-07,quantile,0.25,54
2026-03-07,31,0,wk inc flu hosp,2026-03-07,quantile,0.3,56
2026-03-07,31,0,wk inc flu hosp,2026-03-07,quantile,0.35,59
2026-03-07,31,0,wk inc flu hosp,2026-03-07,quantile,0.4,61
2026-03-07,31,0,wk inc flu hosp,2026-03-07,quantile,0.45,63
2026-03-07,31,0,wk inc flu hosp,2026-03-07,quantile,0.5,68
2026-03-07,31,0,wk inc flu hosp,2026-03-07,quantile,0.55,73
2026-03-07,31,0,wk inc flu hosp,2026-03-07,quantile,0.6,77
2026-03-07,31,0,wk inc flu hosp,2026-03-07,quantile,0.65,80
2026-03-07,31,0,wk inc flu hosp,2026-03-07,quantile,0.7,84
2026-03-07,31,0,wk inc flu hosp,2026-03-07,quantile,0.75,88
2026-03-07,31,0,wk inc flu hosp,2026-03-07,quantile,0.8,94
2026-03-07,31,0,wk inc flu hosp,2026-03-07,quantile,0.85,100
2026-03-07,31,0,wk inc flu hosp,2026-03-07,quantile,0.9,106
2026-03-07,31,0,wk inc flu hosp,2026-03-07,quantile,0.95,117
2026-03-07,31,0,wk inc flu hosp,2026-03-07,quantile,0.975,125
2026-03-07,31,0,wk inc flu hosp,2026-03-07,quantile,0.99,140
2026-03-07,31,1,wk inc flu hosp,2026-03-14,quantile,0.01,14
2026-03-07,31,1,wk inc flu hosp,2026-03-14,quantile,0.025,17
2026-03-07,31,1,wk inc flu hosp,2026-03-14,quantile,0.05,20
2026-03-07,31,1,wk inc flu hosp,2026-03-14,quantile,0.1,26
2026-03-07,31,1,wk inc flu hosp,2026-03-14,quantile,0.15,31
2026-03-07,31,1,wk inc flu hosp,2026-03-14,quantile,0.2,36
2026-03-07,31,1,wk inc flu hosp,2026-03-14,quantile,0.25,39
2026-03-07,31,1,wk inc flu hosp,2026-03-14,quantile,0.3,43
2026-03-07,31,1,wk inc flu hosp,2026-03-14,quantile,0.35,47
2026-03-07,31,1,wk inc flu hosp,2026-03-14,quantile,0.4,50
2026-03-07,31,1,wk inc flu hosp,2026-03-14,quantile,0.45,52
2026-03-07,31,1,wk inc flu hosp,2026-03-14,quantile,0.5,55
2026-03-07,31,1,wk inc flu hosp,2026-03-14,quantile,0.55,58
2026-03-07,31,1,wk inc flu hosp,2026-03-14,quantile,0.6,62
2026-03-07,31,1,wk inc flu hosp,2026-03-14,quantile,0.65,65
2026-03-07,31,1,wk inc flu hosp,2026-03-14,quantile,0.7,71
2026-03-07,31,1,wk inc flu hosp,2026-03-14,quantile,0.75,77
2026-03-07,31,1,wk inc flu hosp,2026-03-14,quantile,0.8,82
2026-03-07,31,1,wk inc flu hosp,2026-03-14,quantile,0.85,87
2026-03-07,31,1,wk inc flu hosp,2026-03-14,quantile,0.9,93
2026-03-07,31,1,wk inc flu hosp,2026-03-14,quantile,0.95,107
2026-03-07,31,1,wk inc flu hosp,2026-03-14,quantile,0.975,121
2026-03-07,31,1,wk inc flu hosp,2026-03-14,quantile,0.99,133
2026-03-07,31,2,wk inc flu hosp,2026-03-21,quantile,0.01,7
2026-03-07,31,2,wk inc flu hosp,2026-03-21,quantile,0.025,10
2026-03-07,31,2,wk inc flu hosp,2026-03-21,quantile,0.05,13
2026-03-07,31,2,wk inc flu hosp,2026-03-21,quantile,0.1,16
2026-03-07,31,2,wk inc flu hosp,2026-03-21,quantile,0.15,19
2026-03-07,31,2,wk inc flu hosp,2026-03-21,quantile,0.2,25
2026-03-07,31,2,wk inc flu hosp,2026-03-21,quantile,0.25,28
2026-03-07,31,2,wk inc flu hosp,2026-03-21,quantile,0.3,30
2026-03-07,31,2,wk inc flu hosp,2026-03-21,quantile,0.35,31
2026-03-07,31,2,wk inc flu hosp,2026-03-21,quantile,0.4,33
2026-03-07,31,2,wk inc flu hosp,2026-03-21,quantile,0.45,37
2026-03-07,31,2,wk inc flu hosp,2026-03-21,quantile,0.5,42
2026-03-07,31,2,wk inc flu hosp,2026-03-21,quantile,0.55,45
2026-03-07,31,2,wk inc flu hosp,2026-03-21,quantile,0.6,49
2026-03-07,31,2,wk inc flu hosp,2026-03-21,quantile,0.65,51
2026-03-07,31,2,wk inc flu hosp,2026-03-21,quantile,0.7,58
2026-03-07,31,2,wk inc flu hosp,2026-03-21,quantile,0.75,63
2026-03-07,31,2,wk inc flu hosp,2026-03-21,quantile,0.8,68
2026-03-07,31,2,wk inc flu hosp,2026-03-21,quantile,0.85,75
2026-03-07,31,2,wk inc flu hosp,2026-03-21,quantile,0.9,85
2026-03-07,31,2,wk inc flu hosp,2026-03-21,quantile,0.95,105
2026-03-07,31,2,wk inc flu hosp,2026-03-21,quantile,0.975,115
2026-03-07,31,2,wk inc flu hosp,2026-03-21,quantile,0.99,127
2026-03-07,31,3,wk inc flu hosp,2026-03-28,quantile,0.01,2
2026-03-07,31,3,wk inc flu hosp,2026-03-28,quantile,0.025,5
2026-03-07,31,3,wk inc flu hosp,2026-03-28,quantile,0.05,8
2026-03-07,31,3,wk inc flu hosp,2026-03-28,quantile,0.1,10
2026-03-07,31,3,wk inc flu hosp,2026-03-28,quantile,0.15,11
2026-03-07,31,3,wk inc flu hosp,2026-03-28,quantile,0.2,14
2026-03-07,31,3,wk inc flu hosp,2026-03-28,quantile,0.25,20
2026-03-07,31,3,wk inc flu hosp,2026-03-28,quantile,0.3,22
2026-03-07,31,3,wk inc flu hosp,2026-03-28,quantile,0.35,24
2026-03-07,31,3,wk inc flu hosp,2026-03-28,quantile,0.4,26
2026-03-07,31,3,wk inc flu hosp,2026-03-28,quantile,0.45,31
2026-03-07,31,3,wk inc flu hosp,2026-03-28,quantile,0.5,34
2026-03-07,31,3,wk inc flu hosp,2026-03-28,quantile,0.55,36
2026-03-07,31,3,wk inc flu hosp,2026-03-28,quantile,0.6,39
2026-03-07,31,3,wk inc flu hosp,2026-03-28,quantile,0.65,42
2026-03-07,31,3,wk inc flu hosp,2026-03-28,quantile,0.7,47
2026-03-07,31,3,wk inc flu hosp,2026-03-28,quantile,0.75,52
2026-03-07,31,3,wk inc flu hosp,2026-03-28,quantile,0.8,57
2026-03-07,31,3,wk inc flu hosp,2026-03-28,quantile,0.85,65
2026-03-07,31,3,wk inc flu hosp,2026-03-28,quantile,0.9,78
2026-03-07,31,3,wk inc flu hosp,2026-03-28,quantile,0.95,98
2026-03-07,31,3,wk inc flu hosp,2026-03-28,quantile,0.975,115
2026-03-07,31,3,wk inc flu hosp,2026-03-28,quantile,0.99,128
2026-03-07,32,0,wk inc flu hosp,2026-03-07,quantile,0.01,21
2026-03-07,32,0,wk inc flu hosp,2026-03-07,quantile,0.025,25
2026-03-07,32,0,wk inc flu hosp,2026-03-07,quantile,0.05,29
2026-03-07,32,0,wk inc flu hosp,2026-03-07,quantile,0.1,35
2026-03-07,32,0,wk inc flu hosp,2026-03-07,quantile,0.15,41
2026-03-07,32,0,wk inc flu hosp,2026-03-07,quantile,0.2,43
2026-03-07,32,0,wk inc flu hosp,2026-03-07,quantile,0.25,46
2026-03-07,32,0,wk inc flu hosp,2026-03-07,quantile,0.3,49
2026-03-07,32,0,wk inc flu hosp,2026-03-07,quantile,0.35,52
2026-03-07,32,0,wk inc flu hosp,2026-03-07,quantile,0.4,54
2026-03-07,32,0,wk inc flu hosp,2026-03-07,quantile,0.45,56
2026-03-07,32,0,wk inc flu hosp,2026-03-07,quantile,0.5,60
2026-03-07,32,0,wk inc flu hosp,2026-03-07,quantile,0.55,62
2026-03-07,32,0,wk inc flu hosp,2026-03-07,quantile,0.6,63
2026-03-07,32,0,wk inc flu hosp,2026-03-07,quantile,0.65,65
2026-03-07,32,0,wk inc flu hosp,2026-03-07,quantile,0.7,67
2026-03-07,32,0,wk inc flu hosp,2026-03-07,quantile,0.75,70
2026-03-07,32,0,wk inc flu hosp,2026-03-07,quantile,0.8,79
2026-03-07,32,0,wk inc flu hosp,2026-03-07,quantile,0.85,82
2026-03-07,32,0,wk inc flu hosp,2026-03-07,quantile,0.9,90
2026-03-07,32,0,wk inc flu hosp,2026-03-07,quantile,0.95,102
2026-03-07,32,0,wk inc flu hosp,2026-03-07,quantile,0.975,109
2026-03-07,32,0,wk inc flu hosp,2026-03-07,quantile,0.99,120
2026-03-07,32,1,wk inc flu hosp,2026-03-14,quantile,0.01,13
2026-03-07,32,1,wk inc flu hosp,2026-03-14,quantile,0.025,15
2026-03-07,32,1,wk inc flu hosp,2026-03-14,quantile,0.05,21
2026-03-07,32,1,wk inc flu hosp,2026-03-14,quantile,0.1,26
2026-03-07,32,1,wk inc flu hosp,2026-03-14,quantile,0.15,30
2026-03-07,32,1,wk inc flu hosp,2026-03-14,quantile,0.2,33
2026-03-07,32,1,wk inc flu hosp,2026-03-14,quantile,0.25,38
2026-03-07,32,1,wk inc flu hosp,2026-03-14,quantile,0.3,41
2026-03-07,32,1,wk inc flu hosp,2026-03-14,quantile,0.35,44
2026-03-07,32,1,wk inc flu hosp,2026-03-14,quantile,0.4,46
2026-03-07,32,1,wk inc flu hosp,2026-03-14,quantile,0.45,50
2026-03-07,32,1,wk inc flu hosp,2026-03-14,quantile,0.5,52
2026-03-07,32,1,wk inc flu hosp,2026-03-14,quantile,0.55,55
2026-03-07,32,1,wk inc flu hosp,2026-03-14,quantile,0.6,58
2026-03-07,32,1,wk inc flu hosp,2026-03-14,quantile,0.65,62
2026-03-07,32,1,wk inc flu hosp,2026-03-14,quantile,0.7,66
2026-03-07,32,1,wk inc flu hosp,2026-03-14,quantile,0.75,70
2026-03-07,32,1,wk inc flu hosp,2026-03-14,quantile,0.8,77
2026-03-07,32,1,wk inc flu hosp,2026-03-14,quantile,0.85,83
2026-03-07,32,1,wk inc flu hosp,2026-03-14,quantile,0.9,92
2026-03-07,32,1,wk inc flu hosp,2026-03-14,quantile,0.95,107
2026-03-07,32,1,wk inc flu hosp,2026-03-14,quantile,0.975,119
2026-03-07,32,1,wk inc flu hosp,2026-03-14,quantile,0.99,140
2026-03-07,32,2,wk inc flu hosp,2026-03-21,quantile,0.01,7
2026-03-07,32,2,wk inc flu hosp,2026-03-21,quantile,0.025,10
2026-03-07,32,2,wk inc flu hosp,2026-03-21,quantile,0.05,13
2026-03-07,32,2,wk inc flu hosp,2026-03-21,quantile,0.1,18
2026-03-07,32,2,wk inc flu hosp,2026-03-21,quantile,0.15,21
2026-03-07,32,2,wk inc flu hosp,2026-03-21,quantile,0.2,25
2026-03-07,32,2,wk inc flu hosp,2026-03-21,quantile,0.25,30
2026-03-07,32,2,wk inc flu hosp,2026-03-21,quantile,0.3,34
2026-03-07,32,2,wk inc flu hosp,2026-03-21,quantile,0.35,36
2026-03-07,32,2,wk inc flu hosp,2026-03-21,quantile,0.4,39
2026-03-07,32,2,wk inc flu hosp,2026-03-21,quantile,0.45,43
2026-03-07,32,2,wk inc flu hosp,2026-03-21,quantile,0.5,46
2026-03-07,32,2,wk inc flu hosp,2026-03-21,quantile,0.55,49
2026-03-07,32,2,wk inc flu hosp,2026-03-21,quantile,0.6,52
2026-03-07,32,2,wk inc flu hosp,2026-03-21,quantile,0.65,56
2026-03-07,32,2,wk inc flu hosp,2026-03-21,quantile,0.7,61
2026-03-07,32,2,wk inc flu hosp,2026-03-21,quantile,0.75,65
2026-03-07,32,2,wk inc flu hosp,2026-03-21,quantile,0.8,72
2026-03-07,32,2,wk inc flu hosp,2026-03-21,quantile,0.85,77
2026-03-07,32,2,wk inc flu hosp,2026-03-21,quantile,0.9,86
2026-03-07,32,2,wk inc flu hosp,2026-03-21,quantile,0.95,106
2026-03-07,32,2,wk inc flu hosp,2026-03-21,quantile,0.975,125
2026-03-07,32,2,wk inc flu hosp,2026-03-21,quantile,0.99,153
2026-03-07,32,3,wk inc flu hosp,2026-03-28,quantile,0.01,3
2026-03-07,32,3,wk inc flu hosp,2026-03-28,quantile,0.025,6
2026-03-07,32,3,wk inc flu hosp,2026-03-28,quantile,0.05,8
2026-03-07,32,3,wk inc flu hosp,2026-03-28,quantile,0.1,12
2026-03-07,32,3,wk inc flu hosp,2026-03-28,quantile,0.15,16
2026-03-07,32,3,wk inc flu hosp,2026-03-28,quantile,0.2,20
2026-03-07,32,3,wk inc flu hosp,2026-03-28,quantile,0.25,23
2026-03-07,32,3,wk inc flu hosp,2026-03-28,quantile,0.3,27
2026-03-07,32,3,wk inc flu hosp,2026-03-28,quantile,0.35,30
2026-03-07,32,3,wk inc flu hosp,2026-03-28,quantile,0.4,34
2026-03-07,32,3,wk inc flu hosp,2026-03-28,quantile,0.45,37
2026-03-07,32,3,wk inc flu hosp,2026-03-28,quantile,0.5,40
2026-03-07,32,3,wk inc flu hosp,2026-03-28,quantile,0.55,44
2026-03-07,32,3,wk inc flu hosp,2026-03-28,quantile,0.6,47
2026-03-07,32,3,wk inc flu hosp,2026-03-28,quantile,0.65,51
2026-03-07,32,3,wk inc flu hosp,2026-03-28,quantile,0.7,56
2026-03-07,32,3,wk inc flu hosp,2026-03-28,quantile,0.75,63
2026-03-07,32,3,wk inc flu hosp,2026-03-28,quantile,0.8,66
2026-03-07,32,3,wk inc flu hosp,2026-03-28,quantile,0.85,75
2026-03-07,32,3,wk inc flu hosp,2026-03-28,quantile,0.9,88
2026-03-07,32,3,wk inc flu hosp,2026-03-28,quantile,0.95,110
2026-03-07,32,3,wk inc flu hosp,2026-03-28,quantile,0.975,128
2026-03-07,32,3,wk inc flu hosp,2026-03-28,quantile,0.99,149
2026-03-07,33,0,wk inc flu hosp,2026-03-07,quantile,0.01,4
2026-03-07,33,0,wk inc flu hosp,2026-03-07,quantile,0.025,5
2026-03-07,33,0,wk inc flu hosp,2026-03-07,quantile,0.05,7
2026-03-07,33,0,wk inc flu hosp,2026-03-07,quantile,0.1,10
2026-03-07,33,0,wk inc flu hosp,2026-03-07,quantile,0.15,12
2026-03-07,33,0,wk inc flu hosp,2026-03-07,quantile,0.2,14
2026-03-07,33,0,wk inc flu hosp,2026-03-07,quantile,0.25,15
2026-03-07,33,0,wk inc flu hosp,2026-03-07,quantile,0.3,16
2026-03-07,33,0,wk inc flu hosp,2026-03-07,quantile,0.35,17
2026-03-07,33,0,wk inc flu hosp,2026-03-07,quantile,0.4,19
2026-03-07,33,0,wk inc flu hosp,2026-03-07,quantile,0.45,21
2026-03-07,33,0,wk inc flu hosp,2026-03-07,quantile,0.5,22
2026-03-07,33,0,wk inc flu hosp,2026-03-07,quantile,0.55,25
2026-03-07,33,0,wk inc flu hosp,2026-03-07,quantile,0.6,27
2026-03-07,33,0,wk inc flu hosp,2026-03-07,quantile,0.65,28
2026-03-07,33,0,wk inc flu hosp,2026-03-07,quantile,0.7,28
2026-03-07,33,0,wk inc flu hosp,2026-03-07,quantile,0.75,31
2026-03-07,33,0,wk inc flu hosp,2026-03-07,quantile,0.8,32
2026-03-07,33,0,wk inc flu hosp,2026-03-07,quantile,0.85,36
2026-03-07,33,0,wk inc flu hosp,2026-03-07,quantile,0.9,40
2026-03-07,33,0,wk inc flu hosp,2026-03-07,quantile,0.95,46
2026-03-07,33,0,wk inc flu hosp,2026-03-07,quantile,0.975,52
2026-03-07,33,0,wk inc flu hosp,2026-03-07,quantile,0.99,60
2026-03-07,33,1,wk inc flu hosp,2026-03-14,quantile,0.01,2
2026-03-07,33,1,wk inc flu hosp,2026-03-14,quantile,0.025,2
2026-03-07,33,1,wk inc flu hosp,2026-03-14,quantile,0.05,3
2026-03-07,33,1,wk inc flu hosp,2026-03-14,quantile,0.1,6
2026-03-07,33,1,wk inc flu hosp,2026-03-14,quantile,0.15,7
2026-03-07,33,1,wk inc flu hosp,2026-03-14,quantile,0.2,8
2026-03-07,33,1,wk inc flu hosp,2026-03-14,quantile,0.25,10
2026-03-07,33,1,wk inc flu hosp,2026-03-14,quantile,0.3,11
2026-03-07,33,1,wk inc flu hosp,2026-03-14,quantile,0.35,13
2026-03-07,33,1,wk inc flu hosp,2026-03-14,quantile,0.4,13
2026-03-07,33,1,wk inc flu hosp,2026-03-14,quantile,0.45,15
2026-03-07,33,1,wk inc flu hosp,2026-03-14,quantile,0.5,18
2026-03-07,33,1,wk inc flu hosp,2026-03-14,quantile,0.55,21
2026-03-07,33,1,wk inc flu hosp,2026-03-14,quantile,0.6,23
2026-03-07,33,1,wk inc flu hosp,2026-03-14,quantile,0.65,24
2026-03-07,33,1,wk inc flu hosp,2026-03-14,quantile,0.7,26
2026-03-07,33,1,wk inc flu hosp,2026-03-14,quantile,0.75,28
2026-03-07,33,1,wk inc flu hosp,2026-03-14,quantile,0.8,30
2026-03-07,33,1,wk inc flu hosp,2026-03-14,quantile,0.85,34
2026-03-07,33,1,wk inc flu hosp,2026-03-14,quantile,0.9,38
2026-03-07,33,1,wk inc flu hosp,2026-03-14,quantile,0.95,48
2026-03-07,33,1,wk inc flu hosp,2026-03-14,quantile,0.975,54
2026-03-07,33,1,wk inc flu hosp,2026-03-14,quantile,0.99,63
2026-03-07,33,2,wk inc flu hosp,2026-03-21,quantile,0.01,0
2026-03-07,33,2,wk inc flu hosp,2026-03-21,quantile,0.025,0
2026-03-07,33,2,wk inc flu hosp,2026-03-21,quantile,0.05,1
2026-03-07,33,2,wk inc flu hosp,2026-03-21,quantile,0.1,2
2026-03-07,33,2,wk inc flu hosp,2026-03-21,quantile,0.15,4
2026-03-07,33,2,wk inc flu hosp,2026-03-21,quantile,0.2,5
2026-03-07,33,2,wk inc flu hosp,2026-03-21,quantile,0.25,6
2026-03-07,33,2,wk inc flu hosp,2026-03-21,quantile,0.3,7
2026-03-07,33,2,wk inc flu hosp,2026-03-21,quantile,0.35,8
2026-03-07,33,2,wk inc flu hosp,2026-03-21,quantile,0.4,9
2026-03-07,33,2,wk inc flu hosp,2026-03-21,quantile,0.45,12
2026-03-07,33,2,wk inc flu hosp,2026-03-21,quantile,0.5,15
2026-03-07,33,2,wk inc flu hosp,2026-03-21,quantile,0.55,17
2026-03-07,33,2,wk inc flu hosp,2026-03-21,quantile,0.6,19
2026-03-07,33,2,wk inc flu hosp,2026-03-21,quantile,0.65,21
2026-03-07,33,2,wk inc flu hosp,2026-03-21,quantile,0.7,24
2026-03-07,33,2,wk inc flu hosp,2026-03-21,quantile,0.75,25
2026-03-07,33,2,wk inc flu hosp,2026-03-21,quantile,0.8,28
2026-03-07,33,2,wk inc flu hosp,2026-03-21,quantile,0.85,32
2026-03-07,33,2,wk inc flu hosp,2026-03-21,quantile,0.9,37
2026-03-07,33,2,wk inc flu hosp,2026-03-21,quantile,0.95,48
2026-03-07,33,2,wk inc flu hosp,2026-03-21,quantile,0.975,55
2026-03-07,33,2,wk inc flu hosp,2026-03-21,quantile,0.99,65
2026-03-07,33,3,wk inc flu hosp,2026-03-28,quantile,0.01,0
2026-03-07,33,3,wk inc flu hosp,2026-03-28,quantile,0.025,0
2026-03-07,33,3,wk inc flu hosp,2026-03-28,quantile,0.05,0
2026-03-07,33,3,wk inc flu hosp,2026-03-28,quantile,0.1,1
2026-03-07,33,3,wk inc flu hosp,2026-03-28,quantile,0.15,2
2026-03-07,33,3,wk inc flu hosp,2026-03-28,quantile,0.2,3
2026-03-07,33,3,wk inc flu hosp,2026-03-28,quantile,0.25,4
2026-03-07,33,3,wk inc flu hosp,2026-03-28,quantile,0.3,4
2026-03-07,33,3,wk inc flu hosp,2026-03-28,quantile,0.35,6
2026-03-07,33,3,wk inc flu hosp,2026-03-28,quantile,0.4,7
2026-03-07,33,3,wk inc flu hosp,2026-03-28,quantile,0.45,9
2026-03-07,33,3,wk inc flu hosp,2026-03-28,quantile,0.5,12
2026-03-07,33,3,wk inc flu hosp,2026-03-28,quantile,0.55,14
2026-03-07,33,3,wk inc flu hosp,2026-03-28,quantile,0.6,16
2026-03-07,33,3,wk inc flu hosp,2026-03-28,quantile,0.65,19
2026-03-07,33,3,wk inc flu hosp,2026-03-28,quantile,0.7,21
2026-03-07,33,3,wk inc flu hosp,2026-03-28,quantile,0.75,24
2026-03-07,33,3,wk inc flu hosp,2026-03-28,quantile,0.8,27
2026-03-07,33,3,wk inc flu hosp,2026-03-28,quantile,0.85,30
2026-03-07,33,3,wk inc flu hosp,2026-03-28,quantile,0.9,37
2026-03-07,33,3,wk inc flu hosp,2026-03-28,quantile,0.95,49
2026-03-07,33,3,wk inc flu hosp,2026-03-28,quantile,0.975,60
2026-03-07,33,3,wk inc flu hosp,2026-03-28,quantile,0.99,74
2026-03-07,34,0,wk inc flu hosp,2026-03-07,quantile,0.01,65
2026-03-07,34,0,wk inc flu hosp,2026-03-07,quantile,0.025,83
2026-03-07,34,0,wk inc flu hosp,2026-03-07,quantile,0.05,101
2026-03-07,34,0,wk inc flu hosp,2026-03-07,quantile,0.1,124
2026-03-07,34,0,wk inc flu hosp,2026-03-07,quantile,0.15,134
2026-03-07,34,0,wk inc flu hosp,2026-03-07,quantile,0.2,144
2026-03-07,34,0,wk inc flu hosp,2026-03-07,quantile,0.25,152
2026-03-07,34,0,wk inc flu hosp,2026-03-07,quantile,0.3,162
2026-03-07,34,0,wk inc flu hosp,2026-03-07,quantile,0.35,171
2026-03-07,34,0,wk inc flu hosp,2026-03-07,quantile,0.4,178
2026-03-07,34,0,wk inc flu hosp,2026-03-07,quantile,0.45,189
2026-03-07,34,0,wk inc flu hosp,2026-03-07,quantile,0.5,200
2026-03-07,34,0,wk inc flu hosp,2026-03-07,quantile,0.55,207
2026-03-07,34,0,wk inc flu hosp,2026-03-07,quantile,0.6,213
2026-03-07,34,0,wk inc flu hosp,2026-03-07,quantile,0.65,222
2026-03-07,34,0,wk inc flu hosp,2026-03-07,quantile,0.7,227
2026-03-07,34,0,wk inc flu hosp,2026-03-07,quantile,0.75,238
2026-03-07,34,0,wk inc flu hosp,2026-03-07,quantile,0.8,247
2026-03-07,34,0,wk inc flu hosp,2026-03-07,quantile,0.85,259
2026-03-07,34,0,wk inc flu hosp,2026-03-07,quantile,0.9,285
2026-03-07,34,0,wk inc flu hosp,2026-03-07,quantile,0.95,316
2026-03-07,34,0,wk inc flu hosp,2026-03-07,quantile,0.975,344
2026-03-07,34,0,wk inc flu hosp,2026-03-07,quantile,0.99,405
2026-03-07,34,1,wk inc flu hosp,2026-03-14,quantile,0.01,43
2026-03-07,34,1,wk inc flu hosp,2026-03-14,quantile,0.025,53
2026-03-07,34,1,wk inc flu hosp,2026-03-14,quantile,0.05,68
2026-03-07,34,1,wk inc flu hosp,2026-03-14,quantile,0.1,86
2026-03-07,34,1,wk inc flu hosp,2026-03-14,quantile,0.15,98
2026-03-07,34,1,wk inc flu hosp,2026-03-14,quantile,0.2,109
2026-03-07,34,1,wk inc flu hosp,2026-03-14,quantile,0.25,121
2026-03-07,34,1,wk inc flu hosp,2026-03-14,quantile,0.3,132
2026-03-07,34,1,wk inc flu hosp,2026-03-14,quantile,0.35,140
2026-03-07,34,1,wk inc flu hosp,2026-03-14,quantile,0.4,153
2026-03-07,34,1,wk inc flu hosp,2026-03-14,quantile,0.45,163
2026-03-07,34,1,wk inc flu hosp,2026-03-14,quantile,0.5,173
2026-03-07,34,1,wk inc flu hosp,2026-03-14,quantile,0.55,184
2026-03-07,34,1,wk inc flu hosp,2026-03-14,quantile,0.6,194
2026-03-07,34,1,wk inc flu hosp,2026-03-14,quantile,0.65,205
2026-03-07,34,1,wk inc flu hosp,2026-03-14,quantile,0.7,217
2026-03-07,34,1,wk inc flu hosp,2026-03-14,quantile,0.75,230
2026-03-07,34,1,wk inc flu hosp,2026-03-14,quantile,0.8,251
2026-03-07,34,1,wk inc flu hosp,2026-03-14,quantile,0.85,276
2026-03-07,34,1,wk inc flu hosp,2026-03-14,quantile,0.9,297
2026-03-07,34,1,wk inc flu hosp,2026-03-14,quantile,0.95,331
2026-03-07,34,1,wk inc flu hosp,2026-03-14,quantile,0.975,369
2026-03-07,34,1,wk inc flu hosp,2026-03-14,quantile,0.99,433
2026-03-07,34,2,wk inc flu hosp,2026-03-21,quantile,0.01,29
2026-03-07,34,2,wk inc flu hosp,2026-03-21,quantile,0.025,36
2026-03-07,34,2,wk inc flu hosp,2026-03-21,quantile,0.05,44
2026-03-07,34,2,wk inc flu hosp,2026-03-21,quantile,0.1,58
2026-03-07,34,2,wk inc flu hosp,2026-03-21,quantile,0.15,72
2026-03-07,34,2,wk inc flu hosp,2026-03-21,quantile,0.2,83
2026-03-07,34,2,wk inc flu hosp,2026-03-21,quantile,0.25,104
2026-03-07,34,2,wk inc flu hosp,2026-03-21,quantile,0.3,114
2026-03-07,34,2,wk inc flu hosp,2026-03-21,quantile,0.35,124
2026-03-07,34,2,wk inc flu hosp,2026-03-21,quantile,0.4,135
2026-03-07,34,2,wk inc flu hosp,2026-03-21,quantile,0.45,145
2026-03-07,34,2,wk inc flu hosp,2026-03-21,quantile,0.5,160
2026-03-07,34,2,wk inc flu hosp,2026-03-21,quantile,0.55,176
2026-03-07,34,2,wk inc flu hosp,2026-03-21,quantile,0.6,189
2026-03-07,34,2,wk inc flu hosp,2026-03-21,quantile,0.65,203
2026-03-07,34,2,wk inc flu hosp,2026-03-21,quantile,0.7,218
2026-03-07,34,2,wk inc flu hosp,2026-03-21,quantile,0.75,230
2026-03-07,34,2,wk inc flu hosp,2026-03-21,quantile,0.8,244
2026-03-07,34,2,wk inc flu hosp,2026-03-21,quantile,0.85,269
2026-03-07,34,2,wk inc flu hosp,2026-03-21,quantile,0.9,299
2026-03-07,34,2,wk inc flu hosp,2026-03-21,quantile,0.95,350
2026-03-07,34,2,wk inc flu hosp,2026-03-21,quantile,0.975,390
2026-03-07,34,2,wk inc flu hosp,2026-03-21,quantile,0.99,438
2026-03-07,34,3,wk inc flu hosp,2026-03-28,quantile,0.01,19
2026-03-07,34,3,wk inc flu hosp,2026-03-28,quantile,0.025,22
2026-03-07,34,3,wk inc flu hosp,2026-03-28,quantile,0.05,29
2026-03-07,34,3,wk inc flu hosp,2026-03-28,quantile,0.1,45
2026-03-07,34,3,wk inc flu hosp,2026-03-28,quantile,0.15,57
2026-03-07,34,3,wk inc flu hosp,2026-03-28,quantile,0.2,66
2026-03-07,34,3,wk inc flu hosp,2026-03-28,quantile,0.25,79
2026-03-07,34,3,wk inc flu hosp,2026-03-28,quantile,0.3,93
2026-03-07,34,3,wk inc flu hosp,2026-03-28,quantile,0.35,105
2026-03-07,34,3,wk inc flu hosp,2026-03-28,quantile,0.4,116
2026-03-07,34,3,wk inc flu hosp,2026-03-28,quantile,0.45,130
2026-03-07,34,3,wk inc flu hosp,2026-03-28,quantile,0.5,141
2026-03-07,34,3,wk inc flu hosp,2026-03-28,quantile,0.55,153
2026-03-07,34,3,wk inc flu hosp,2026-03-28,quantile,0.6,163
2026-03-07,34,3,wk inc flu hosp,2026-03-28,quantile,0.65,174
2026-03-07,34,3,wk inc flu hosp,2026-03-28,quantile,0.7,188
2026-03-07,34,3,wk inc flu hosp,2026-03-28,quantile,0.75,207
2026-03-07,34,3,wk inc flu hosp,2026-03-28,quantile,0.8,230
2026-03-07,34,3,wk inc flu hosp,2026-03-28,quantile,0.85,257
2026-03-07,34,3,wk inc flu hosp,2026-03-28,quantile,0.9,294
2026-03-07,34,3,wk inc flu hosp,2026-03-28,quantile,0.95,365
2026-03-07,34,3,wk inc flu hosp,2026-03-28,quantile,0.975,425
2026-03-07,34,3,wk inc flu hosp,2026-03-28,quantile,0.99,504
2026-03-07,35,0,wk inc flu hosp,2026-03-07,quantile,0.01,26
2026-03-07,35,0,wk inc flu hosp,2026-03-07,quantile,0.025,32
2026-03-07,35,0,wk inc flu hosp,2026-03-07,quantile,0.05,37
2026-03-07,35,0,wk inc flu hosp,2026-03-07,quantile,0.1,40
2026-03-07,35,0,wk inc flu hosp,2026-03-07,quantile,0.15,48
2026-03-07,35,0,wk inc flu hosp,2026-03-07,quantile,0.2,52
2026-03-07,35,0,wk inc flu hosp,2026-03-07,quantile,0.25,55
2026-03-07,35,0,wk inc flu hosp,2026-03-07,quantile,0.3,57
2026-03-07,35,0,wk inc flu hosp,2026-03-07,quantile,0.35,62
2026-03-07,35,0,wk inc flu hosp,2026-03-07,quantile,0.4,64
2026-03-07,35,0,wk inc flu hosp,2026-03-07,quantile,0.45,67
2026-03-07,35,0,wk inc flu hosp,2026-03-07,quantile,0.5,70
2026-03-07,35,0,wk inc flu hosp,2026-03-07,quantile,0.55,73
2026-03-07,35,0,wk inc flu hosp,2026-03-07,quantile,0.6,76
2026-03-07,35,0,wk inc flu hosp,2026-03-07,quantile,0.65,79
2026-03-07,35,0,wk inc flu hosp,2026-03-07,quantile,0.7,82
2026-03-07,35,0,wk inc flu hosp,2026-03-07,quantile,0.75,87
2026-03-07,35,0,wk inc flu hosp,2026-03-07,quantile,0.8,91
2026-03-07,35,0,wk inc flu hosp,2026-03-07,quantile,0.85,97
2026-03-07,35,0,wk inc flu hosp,2026-03-07,quantile,0.9,106
2026-03-07,35,0,wk inc flu hosp,2026-03-07,quantile,0.95,120
2026-03-07,35,0,wk inc flu hosp,2026-03-07,quantile,0.975,132
2026-03-07,35,0,wk inc flu hosp,2026-03-07,quantile,0.99,145
2026-03-07,35,1,wk inc flu hosp,2026-03-14,quantile,0.01,13
2026-03-07,35,1,wk inc flu hosp,2026-03-14,quantile,0.025,19
2026-03-07,35,1,wk inc flu hosp,2026-03-14,quantile,0.05,22
2026-03-07,35,1,wk inc flu hosp,2026-03-14,quantile,0.1,30
2026-03-07,35,1,wk inc flu hosp,2026-03-14,quantile,0.15,36
2026-03-07,35,1,wk inc flu hosp,2026-03-14,quantile,0.2,41
2026-03-07,35,1,wk inc flu hosp,2026-03-14,quantile,0.25,45
2026-03-07,35,1,wk inc flu hosp,2026-03-14,quantile,0.3,49
2026-03-07,35,1,wk inc flu hosp,2026-03-14,quantile,0.35,50
2026-03-07,35,1,wk inc flu hosp,2026-03-14,quantile,0.4,54
2026-03-07,35,1,wk inc flu hosp,2026-03-14,quantile,0.45,58
2026-03-07,35,1,wk inc flu hosp,2026-03-14,quantile,0.5,62
2026-03-07,35,1,wk inc flu hosp,2026-03-14,quantile,0.55,65
2026-03-07,35,1,wk inc flu hosp,2026-03-14,quantile,0.6,69
2026-03-07,35,1,wk inc flu hosp,2026-03-14,quantile,0.65,72
2026-03-07,35,1,wk inc flu hosp,2026-03-14,quantile,0.7,76
2026-03-07,35,1,wk inc flu hosp,2026-03-14,quantile,0.75,83
2026-03-07,35,1,wk inc flu hosp,2026-03-14,quantile,0.8,90
2026-03-07,35,1,wk inc flu hosp,2026-03-14,quantile,0.85,99
2026-03-07,35,1,wk inc flu hosp,2026-03-14,quantile,0.9,107
2026-03-07,35,1,wk inc flu hosp,2026-03-14,quantile,0.95,123
2026-03-07,35,1,wk inc flu hosp,2026-03-14,quantile,0.975,136
2026-03-07,35,1,wk inc flu hosp,2026-03-14,quantile,0.99,154
2026-03-07,35,2,wk inc flu hosp,2026-03-21,quantile,0.01,7
2026-03-07,35,2,wk inc flu hosp,2026-03-21,quantile,0.025,11
2026-03-07,35,2,wk inc flu hosp,2026-03-21,quantile,0.05,14
2026-03-07,35,2,wk inc flu hosp,2026-03-21,quantile,0.1,21
2026-03-07,35,2,wk inc flu hosp,2026-03-21,quantile,0.15,24
2026-03-07,35,2,wk inc flu hosp,2026-03-21,quantile,0.2,30
2026-03-07,35,2,wk inc flu hosp,2026-03-21,quantile,0.25,35
2026-03-07,35,2,wk inc flu hosp,2026-03-21,quantile,0.3,39
2026-03-07,35,2,wk inc flu hosp,2026-03-21,quantile,0.35,42
2026-03-07,35,2,wk inc flu hosp,2026-03-21,quantile,0.4,45
2026-03-07,35,2,wk inc flu hosp,2026-03-21,quantile,0.45,48
2026-03-07,35,2,wk inc flu hosp,2026-03-21,quantile,0.5,53
2026-03-07,35,2,wk inc flu hosp,2026-03-21,quantile,0.55,57
2026-03-07,35,2,wk inc flu hosp,2026-03-21,quantile,0.6,60
2026-03-07,35,2,wk inc flu hosp,2026-03-21,quantile,0.65,64
2026-03-07,35,2,wk inc flu hosp,2026-03-21,quantile,0.7,69
2026-03-07,35,2,wk inc flu hosp,2026-03-21,quantile,0.75,74
2026-03-07,35,2,wk inc flu hosp,2026-03-21,quantile,0.8,81
2026-03-07,35,2,wk inc flu hosp,2026-03-21,quantile,0.85,92
2026-03-07,35,2,wk inc flu hosp,2026-03-21,quantile,0.9,105
2026-03-07,35,2,wk inc flu hosp,2026-03-21,quantile,0.95,125
2026-03-07,35,2,wk inc flu hosp,2026-03-21,quantile,0.975,140
2026-03-07,35,2,wk inc flu hosp,2026-03-21,quantile,0.99,163
2026-03-07,35,3,wk inc flu hosp,2026-03-28,quantile,0.01,4
2026-03-07,35,3,wk inc flu hosp,2026-03-28,quantile,0.025,6
2026-03-07,35,3,wk inc flu hosp,2026-03-28,quantile,0.05,9
2026-03-07,35,3,wk inc flu hosp,2026-03-28,quantile,0.1,13
2026-03-07,35,3,wk inc flu hosp,2026-03-28,quantile,0.15,18
2026-03-07,35,3,wk inc flu hosp,2026-03-28,quantile,0.2,22
2026-03-07,35,3,wk inc flu hosp,2026-03-28,quantile,0.25,26
2026-03-07,35,3,wk inc flu hosp,2026-03-28,quantile,0.3,31
2026-03-07,35,3,wk inc flu hosp,2026-03-28,quantile,0.35,34
2026-03-07,35,3,wk inc flu hosp,2026-03-28,quantile,0.4,38
2026-03-07,35,3,wk inc flu hosp,2026-03-28,quantile,0.45,42
2026-03-07,35,3,wk inc flu hosp,2026-03-28,quantile,0.5,46
2026-03-07,35,3,wk inc flu hosp,2026-03-28,quantile,0.55,50
2026-03-07,35,3,wk inc flu hosp,2026-03-28,quantile,0.6,54
2026-03-07,35,3,wk inc flu hosp,2026-03-28,quantile,0.65,59
2026-03-07,35,3,wk inc flu hosp,2026-03-28,quantile,0.7,64
2026-03-07,35,3,wk inc flu hosp,2026-03-28,quantile,0.75,69
2026-03-07,35,3,wk inc flu hosp,2026-03-28,quantile,0.8,76
2026-03-07,35,3,wk inc flu hosp,2026-03-28,quantile,0.85,87
2026-03-07,35,3,wk inc flu hosp,2026-03-28,quantile,0.9,99
2026-03-07,35,3,wk inc flu hosp,2026-03-28,quantile,0.95,120
2026-03-07,35,3,wk inc flu hosp,2026-03-28,quantile,0.975,144
2026-03-07,35,3,wk inc flu hosp,2026-03-28,quantile,0.99,171
2026-03-07,36,0,wk inc flu hosp,2026-03-07,quantile,0.01,84
2026-03-07,36,0,wk inc flu hosp,2026-03-07,quantile,0.025,99
2026-03-07,36,0,wk inc flu hosp,2026-03-07,quantile,0.05,112
2026-03-07,36,0,wk inc flu hosp,2026-03-07,quantile,0.1,134
2026-03-07,36,0,wk inc flu hosp,2026-03-07,quantile,0.15,150
2026-03-07,36,0,wk inc flu hosp,2026-03-07,quantile,0.2,165
2026-03-07,36,0,wk inc flu hosp,2026-03-07,quantile,0.25,179
2026-03-07,36,0,wk inc flu hosp,2026-03-07,quantile,0.3,187
2026-03-07,36,0,wk inc flu hosp,2026-03-07,quantile,0.35,197
2026-03-07,36,0,wk inc flu hosp,2026-03-07,quantile,0.4,205
2026-03-07,36,0,wk inc flu hosp,2026-03-07,quantile,0.45,218
2026-03-07,36,0,wk inc flu hosp,2026-03-07,quantile,0.5,231
2026-03-07,36,0,wk inc flu hosp,2026-03-07,quantile,0.55,245
2026-03-07,36,0,wk inc flu hosp,2026-03-07,quantile,0.6,260
2026-03-07,36,0,wk inc flu hosp,2026-03-07,quantile,0.65,271
2026-03-07,36,0,wk inc flu hosp,2026-03-07,quantile,0.7,285
2026-03-07,36,0,wk inc flu hosp,2026-03-07,quantile,0.75,300
2026-03-07,36,0,wk inc flu hosp,2026-03-07,quantile,0.8,319
2026-03-07,36,0,wk inc flu hosp,2026-03-07,quantile,0.85,341
2026-03-07,36,0,wk inc flu hosp,2026-03-07,quantile,0.9,370
2026-03-07,36,0,wk inc flu hosp,2026-03-07,quantile,0.95,399
2026-03-07,36,0,wk inc flu hosp,2026-03-07,quantile,0.975,462
2026-03-07,36,0,wk inc flu hosp,2026-03-07,quantile,0.99,510
2026-03-07,36,1,wk inc flu hosp,2026-03-14,quantile,0.01,48
2026-03-07,36,1,wk inc flu hosp,2026-03-14,quantile,0.025,67
2026-03-07,36,1,wk inc flu hosp,2026-03-14,quantile,0.05,74
2026-03-07,36,1,wk inc flu hosp,2026-03-14,quantile,0.1,89
2026-03-07,36,1,wk inc flu hosp,2026-03-14,quantile,0.15,108
2026-03-07,36,1,wk inc flu hosp,2026-03-14,quantile,0.2,121
2026-03-07,36,1,wk inc flu hosp,2026-03-14,quantile,0.25,132
2026-03-07,36,1,wk inc flu hosp,2026-03-14,quantile,0.3,147
2026-03-07,36,1,wk inc flu hosp,2026-03-14,quantile,0.35,160
2026-03-07,36,1,wk inc flu hosp,2026-03-14,quantile,0.4,176
2026-03-07,36,1,wk inc flu hosp,2026-03-14,quantile,0.45,183
2026-03-07,36,1,wk inc flu hosp,2026-03-14,quantile,0.5,199
2026-03-07,36,1,wk inc flu hosp,2026-03-14,quantile,0.55,216
2026-03-07,36,1,wk inc flu hosp,2026-03-14,quantile,0.6,237
2026-03-07,36,1,wk inc flu hosp,2026-03-14,quantile,0.65,256
2026-03-07,36,1,wk inc flu hosp,2026-03-14,quantile,0.7,273
2026-03-07,36,1,wk inc flu hosp,2026-03-14,quantile,0.75,294
2026-03-07,36,1,wk inc flu hosp,2026-03-14,quantile,0.8,313
2026-03-07,36,1,wk inc flu hosp,2026-03-14,quantile,0.85,348
2026-03-07,36,1,wk inc flu hosp,2026-03-14,quantile,0.9,394
2026-03-07,36,1,wk inc flu hosp,2026-03-14,quantile,0.95,447
2026-03-07,36,1,wk inc flu hosp,2026-03-14,quantile,0.975,518
2026-03-07,36,1,wk inc flu hosp,2026-03-14,quantile,0.99,592
2026-03-07,36,2,wk inc flu hosp,2026-03-21,quantile,0.01,16
2026-03-07,36,2,wk inc flu hosp,2026-03-21,quantile,0.025,33
2026-03-07,36,2,wk inc flu hosp,2026-03-21,quantile,0.05,44
2026-03-07,36,2,wk inc flu hosp,2026-03-21,quantile,0.1,56
2026-03-07,36,2,wk inc flu hosp,2026-03-21,quantile,0.15,71
2026-03-07,36,2,wk inc flu hosp,2026-03-21,quantile,0.2,89
2026-03-07,36,2,wk inc flu hosp,2026-03-21,quantile,0.25,105
2026-03-07,36,2,wk inc flu hosp,2026-03-21,quantile,0.3,118
2026-03-07,36,2,wk inc flu hosp,2026-03-21,quantile,0.35,130
2026-03-07,36,2,wk inc flu hosp,2026-03-21,quantile,0.4,152
2026-03-07,36,2,wk inc flu hosp,2026-03-21,quantile,0.45,162
2026-03-07,36,2,wk inc flu hosp,2026-03-21,quantile,0.5,173
2026-03-07,36,2,wk inc flu hosp,2026-03-21,quantile,0.55,187
2026-03-07,36,2,wk inc flu hosp,2026-03-21,quantile,0.6,214
2026-03-07,36,2,wk inc flu hosp,2026-03-21,quantile,0.65,233
2026-03-07,36,2,wk inc flu hosp,2026-03-21,quantile,0.7,252
2026-03-07,36,2,wk inc flu hosp,2026-03-21,quantile,0.75,272
2026-03-07,36,2,wk inc flu hosp,2026-03-21,quantile,0.8,303
2026-03-07,36,2,wk inc flu hosp,2026-03-21,quantile,0.85,341
2026-03-07,36,2,wk inc flu hosp,2026-03-21,quantile,0.9,389
2026-03-07,36,2,wk inc flu hosp,2026-03-21,quantile,0.95,468
2026-03-07,36,2,wk inc flu hosp,2026-03-21,quantile,0.975,551
2026-03-07,36,2,wk inc flu hosp,2026-03-21,quantile,0.99,651
2026-03-07,36,3,wk inc flu hosp,2026-03-28,quantile,0.01,12
2026-03-07,36,3,wk inc flu hosp,2026-03-28,quantile,0.025,19
2026-03-07,36,3,wk inc flu hosp,2026-03-28,quantile,0.05,27
2026-03-07,36,3,wk inc flu hosp,2026-03-28,quantile,0.1,36
2026-03-07,36,3,wk inc flu hosp,2026-03-28,quantile,0.15,53
2026-03-07,36,3,wk inc flu hosp,2026-03-28,quantile,0.2,65
2026-03-07,36,3,wk inc flu hosp,2026-03-28,quantile,0.25,78
2026-03-07,36,3,wk inc flu hosp,2026-03-28,quantile,0.3,93
2026-03-07,36,3,wk inc flu hosp,2026-03-28,quantile,0.35,109
2026-03-07,36,3,wk inc flu hosp,2026-03-28,quantile,0.4,131
2026-03-07,36,3,wk inc flu hosp,2026-03-28,quantile,0.45,142
2026-03-07,36,3,wk inc flu hosp,2026-03-28,quantile,0.5,153
2026-03-07,36,3,wk inc flu hosp,2026-03-28,quantile,0.55,173
2026-03-07,36,3,wk inc flu hosp,2026-03-28,quantile,0.6,195
2026-03-07,36,3,wk inc flu hosp,2026-03-28,quantile,0.65,217
2026-03-07,36,3,wk inc flu hosp,2026-03-28,quantile,0.7,237
2026-03-07,36,3,wk inc flu hosp,2026-03-28,quantile,0.75,258
2026-03-07,36,3,wk inc flu hosp,2026-03-28,quantile,0.8,296
2026-03-07,36,3,wk inc flu hosp,2026-03-28,quantile,0.85,341
2026-03-07,36,3,wk inc flu hosp,2026-03-28,quantile,0.9,389
2026-03-07,36,3,wk inc flu hosp,2026-03-28,quantile,0.95,485
2026-03-07,36,3,wk inc flu hosp,2026-03-28,quantile,0.975,575
2026-03-07,36,3,wk inc flu hosp,2026-03-28,quantile,0.99,691
2026-03-07,37,0,wk inc flu hosp,2026-03-07,quantile,0.01,70
2026-03-07,37,0,wk inc flu hosp,2026-03-07,quantile,0.025,86
2026-03-07,37,0,wk inc flu hosp,2026-03-07,quantile,0.05,101
2026-03-07,37,0,wk inc flu hosp,2026-03-07,quantile,0.1,122
2026-03-07,37,0,wk inc flu hosp,2026-03-07,quantile,0.15,138
2026-03-07,37,0,wk inc flu hosp,2026-03-07,quantile,0.2,150
2026-03-07,37,0,wk inc flu hosp,2026-03-07,quantile,0.25,161
2026-03-07,37,0,wk inc flu hosp,2026-03-07,quantile,0.3,168
2026-03-07,37,0,wk inc flu hosp,2026-03-07,quantile,0.35,176
2026-03-07,37,0,wk inc flu hosp,2026-03-07,quantile,0.4,184
2026-03-07,37,0,wk inc flu hosp,2026-03-07,quantile,0.45,190
2026-03-07,37,0,wk inc flu hosp,2026-03-07,quantile,0.5,198
2026-03-07,37,0,wk inc flu hosp,2026-03-07,quantile,0.55,212
2026-03-07,37,0,wk inc flu hosp,2026-03-07,quantile,0.6,217
2026-03-07,37,0,wk inc flu hosp,2026-03-07,quantile,0.65,222
2026-03-07,37,0,wk inc flu hosp,2026-03-07,quantile,0.7,229
2026-03-07,37,0,wk inc flu hosp,2026-03-07,quantile,0.75,237
2026-03-07,37,0,wk inc flu hosp,2026-03-07,quantile,0.8,247
2026-03-07,37,0,wk inc flu hosp,2026-03-07,quantile,0.85,264
2026-03-07,37,0,wk inc flu hosp,2026-03-07,quantile,0.9,291
2026-03-07,37,0,wk inc flu hosp,2026-03-07,quantile,0.95,328
2026-03-07,37,0,wk inc flu hosp,2026-03-07,quantile,0.975,362
2026-03-07,37,0,wk inc flu hosp,2026-03-07,quantile,0.99,386
2026-03-07,37,1,wk inc flu hosp,2026-03-14,quantile,0.01,42
2026-03-07,37,1,wk inc flu hosp,2026-03-14,quantile,0.025,52
2026-03-07,37,1,wk inc flu hosp,2026-03-14,quantile,0.05,64
2026-03-07,37,1,wk inc flu hosp,2026-03-14,quantile,0.1,77
2026-03-07,37,1,wk inc flu hosp,2026-03-14,quantile,0.15,90
2026-03-07,37,1,wk inc flu hosp,2026-03-14,quantile,0.2,100
2026-03-07,37,1,wk inc flu hosp,2026-03-14,quantile,0.25,112
2026-03-07,37,1,wk inc flu hosp,2026-03-14,quantile,0.3,124
2026-03-07,37,1,wk inc flu hosp,2026-03-14,quantile,0.35,135
2026-03-07,37,1,wk inc flu hosp,2026-03-14,quantile,0.4,146
2026-03-07,37,1,wk inc flu hosp,2026-03-14,quantile,0.45,156
2026-03-07,37,1,wk inc flu hosp,2026-03-14,quantile,0.5,167
2026-03-07,37,1,wk inc flu hosp,2026-03-14,quantile,0.55,180
2026-03-07,37,1,wk inc flu hosp,2026-03-14,quantile,0.6,196
2026-03-07,37,1,wk inc flu hosp,2026-03-14,quantile,0.65,203
2026-03-07,37,1,wk inc flu hosp,2026-03-14,quantile,0.7,217
2026-03-07,37,1,wk inc flu hosp,2026-03-14,quantile,0.75,224
2026-03-07,37,1,wk inc flu hosp,2026-03-14,quantile,0.8,239
2026-03-07,37,1,wk inc flu hosp,2026-03-14,quantile,0.85,264
2026-03-07,37,1,wk inc flu hosp,2026-03-14,quantile,0.9,296
2026-03-07,37,1,wk inc flu hosp,2026-03-14,quantile,0.95,349
2026-03-07,37,1,wk inc flu hosp,2026-03-14,quantile,0.975,390
2026-03-07,37,1,wk inc flu hosp,2026-03-14,quantile,0.99,441
2026-03-07,37,2,wk inc flu hosp,2026-03-21,quantile,0.01,22
2026-03-07,37,2,wk inc flu hosp,2026-03-21,quantile,0.025,27
2026-03-07,37,2,wk inc flu hosp,2026-03-21,quantile,0.05,35
2026-03-07,37,2,wk inc flu hosp,2026-03-21,quantile,0.1,53
2026-03-07,37,2,wk inc flu hosp,2026-03-21,quantile,0.15,65
2026-03-07,37,2,wk inc flu hosp,2026-03-21,quantile,0.2,74
2026-03-07,37,2,wk inc flu hosp,2026-03-21,quantile,0.25,82
2026-03-07,37,2,wk inc flu hosp,2026-03-21,quantile,0.3,96
2026-03-07,37,2,wk inc flu hosp,2026-03-21,quantile,0.35,109
2026-03-07,37,2,wk inc flu hosp,2026-03-21,quantile,0.4,118
2026-03-07,37,2,wk inc flu hosp,2026-03-21,quantile,0.45,129
2026-03-07,37,2,wk inc flu hosp,2026-03-21,quantile,0.5,139
2026-03-07,37,2,wk inc flu hosp,2026-03-21,quantile,0.55,151
2026-03-07,37,2,wk inc flu hosp,2026-03-21,quantile,0.6,166
2026-03-07,37,2,wk inc flu hosp,2026-03-21,quantile,0.65,175
2026-03-07,37,2,wk inc flu hosp,2026-03-21,quantile,0.7,186
2026-03-07,37,2,wk inc flu hosp,2026-03-21,quantile,0.75,204
2026-03-07,37,2,wk inc flu hosp,2026-03-21,quantile,0.8,226
2026-03-07,37,2,wk inc flu hosp,2026-03-21,quantile,0.85,245
2026-03-07,37,2,wk inc flu hosp,2026-03-21,quantile,0.9,278
2026-03-07,37,2,wk inc flu hosp,2026-03-21,quantile,0.95,326
2026-03-07,37,2,wk inc flu hosp,2026-03-21,quantile,0.975,370
2026-03-07,37,2,wk inc flu hosp,2026-03-21,quantile,0.99,457
2026-03-07,37,3,wk inc flu hosp,2026-03-28,quantile,0.01,7
2026-03-07,37,3,wk inc flu hosp,2026-03-28,quantile,0.025,14
2026-03-07,37,3,wk inc flu hosp,2026-03-28,quantile,0.05,20
2026-03-07,37,3,wk inc flu hosp,2026-03-28,quantile,0.1,36
2026-03-07,37,3,wk inc flu hosp,2026-03-28,quantile,0.15,45
2026-03-07,37,3,wk inc flu hosp,2026-03-28,quantile,0.2,57
2026-03-07,37,3,wk inc flu hosp,2026-03-28,quantile,0.25,62
2026-03-07,37,3,wk inc flu hosp,2026-03-28,quantile,0.3,79
2026-03-07,37,3,wk inc flu hosp,2026-03-28,quantile,0.35,85
2026-03-07,37,3,wk inc flu hosp,2026-03-28,quantile,0.4,96
2026-03-07,37,3,wk inc flu hosp,2026-03-28,quantile,0.45,105
2026-03-07,37,3,wk inc flu hosp,2026-03-28,quantile,0.5,110
2026-03-07,37,3,wk inc flu hosp,2026-03-28,quantile,0.55,130
2026-03-07,37,3,wk inc flu hosp,2026-03-28,quantile,0.6,145
2026-03-07,37,3,wk inc flu hosp,2026-03-28,quantile,0.65,155
2026-03-07,37,3,wk inc flu hosp,2026-03-28,quantile,0.7,167
2026-03-07,37,3,wk inc flu hosp,2026-03-28,quantile,0.75,183
2026-03-07,37,3,wk inc flu hosp,2026-03-28,quantile,0.8,196
2026-03-07,37,3,wk inc flu hosp,2026-03-28,quantile,0.85,226
2026-03-07,37,3,wk inc flu hosp,2026-03-28,quantile,0.9,278
2026-03-07,37,3,wk inc flu hosp,2026-03-28,quantile,0.95,327
2026-03-07,37,3,wk inc flu hosp,2026-03-28,quantile,0.975,376
2026-03-07,37,3,wk inc flu hosp,2026-03-28,quantile,0.99,473
2026-03-07,38,0,wk inc flu hosp,2026-03-07,quantile,0.01,3
2026-03-07,38,0,wk inc flu hosp,2026-03-07,quantile,0.025,4
2026-03-07,38,0,wk inc flu hosp,2026-03-07,quantile,0.05,5
2026-03-07,38,0,wk inc flu hosp,2026-03-07,quantile,0.1,7
2026-03-07,38,0,wk inc flu hosp,2026-03-07,quantile,0.15,8
2026-03-07,38,0,wk inc flu hosp,2026-03-07,quantile,0.2,9
2026-03-07,38,0,wk inc flu hosp,2026-03-07,quantile,0.25,9
2026-03-07,38,0,wk inc flu hosp,2026-03-07,quantile,0.3,10
2026-03-07,38,0,wk inc flu hosp,2026-03-07,quantile,0.35,12
2026-03-07,38,0,wk inc flu hosp,2026-03-07,quantile,0.4,13
2026-03-07,38,0,wk inc flu hosp,2026-03-07,quantile,0.45,14
2026-03-07,38,0,wk inc flu hosp,2026-03-07,quantile,0.5,15
2026-03-07,38,0,wk inc flu hosp,2026-03-07,quantile,0.55,16
2026-03-07,38,0,wk inc flu hosp,2026-03-07,quantile,0.6,18
2026-03-07,38,0,wk inc flu hosp,2026-03-07,quantile,0.65,19
2026-03-07,38,0,wk inc flu hosp,2026-03-07,quantile,0.7,19
2026-03-07,38,0,wk inc flu hosp,2026-03-07,quantile,0.75,20
2026-03-07,38,0,wk inc flu hosp,2026-03-07,quantile,0.8,21
2026-03-07,38,0,wk inc flu hosp,2026-03-07,quantile,0.85,23
2026-03-07,38,0,wk inc flu hosp,2026-03-07,quantile,0.9,26
2026-03-07,38,0,wk inc flu hosp,2026-03-07,quantile,0.95,30
2026-03-07,38,0,wk inc flu hosp,2026-03-07,quantile,0.975,33
2026-03-07,38,0,wk inc flu hosp,2026-03-07,quantile,0.99,41
2026-03-07,38,1,wk inc flu hosp,2026-03-14,quantile,0.01,2
2026-03-07,38,1,wk inc flu hosp,2026-03-14,quantile,0.025,2
2026-03-07,38,1,wk inc flu hosp,2026-03-14,quantile,0.05,3
2026-03-07,38,1,wk inc flu hosp,2026-03-14,quantile,0.1,4
2026-03-07,38,1,wk inc flu hosp,2026-03-14,quantile,0.15,5
2026-03-07,38,1,wk inc flu hosp,2026-03-14,quantile,0.2,6
2026-03-07,38,1,wk inc flu hosp,2026-03-14,quantile,0.25,7
2026-03-07,38,1,wk inc flu hosp,2026-03-14,quantile,0.3,8
2026-03-07,38,1,wk inc flu hosp,2026-03-14,quantile,0.35,9
2026-03-07,38,1,wk inc flu hosp,2026-03-14,quantile,0.4,10
2026-03-07,38,1,wk inc flu hosp,2026-03-14,quantile,0.45,11
2026-03-07,38,1,wk inc flu hosp,2026-03-14,quantile,0.5,13
2026-03-07,38,1,wk inc flu hosp,2026-03-14,quantile,0.55,14
2026-03-07,38,1,wk inc flu hosp,2026-03-14,quantile,0.6,16
2026-03-07,38,1,wk inc flu hosp,2026-03-14,quantile,0.65,17
2026-03-07,38,1,wk inc flu hosp,2026-03-14,quantile,0.7,19
2026-03-07,38,1,wk inc flu hosp,2026-03-14,quantile,0.75,20
2026-03-07,38,1,wk inc flu hosp,2026-03-14,quantile,0.8,22
2026-03-07,38,1,wk inc flu hosp,2026-03-14,quantile,0.85,24
2026-03-07,38,1,wk inc flu hosp,2026-03-14,quantile,0.9,27
2026-03-07,38,1,wk inc flu hosp,2026-03-14,quantile,0.95,32
2026-03-07,38,1,wk inc flu hosp,2026-03-14,quantile,0.975,37
2026-03-07,38,1,wk inc flu hosp,2026-03-14,quantile,0.99,43
2026-03-07,38,2,wk inc flu hosp,2026-03-21,quantile,0.01,1
2026-03-07,38,2,wk inc flu hosp,2026-03-21,quantile,0.025,1
2026-03-07,38,2,wk inc flu hosp,2026-03-21,quantile,0.05,1
2026-03-07,38,2,wk inc flu hosp,2026-03-21,quantile,0.1,2
2026-03-07,38,2,wk inc flu hosp,2026-03-21,quantile,0.15,3
2026-03-07,38,2,wk inc flu hosp,2026-03-21,quantile,0.2,4
2026-03-07,38,2,wk inc flu hosp,2026-03-21,quantile,0.25,5
2026-03-07,38,2,wk inc flu hosp,2026-03-21,quantile,0.3,6
2026-03-07,38,2,wk inc flu hosp,2026-03-21,quantile,0.35,7
2026-03-07,38,2,wk inc flu hosp,2026-03-21,quantile,0.4,7
2026-03-07,38,2,wk inc flu hosp,2026-03-21,quantile,0.45,8
2026-03-07,38,2,wk inc flu hosp,2026-03-21,quantile,0.5,10
2026-03-07,38,2,wk inc flu hosp,2026-03-21,quantile,0.55,12
2026-03-07,38,2,wk inc flu hosp,2026-03-21,quantile,0.6,13
2026-03-07,38,2,wk inc flu hosp,2026-03-21,quantile,0.65,15
2026-03-07,38,2,wk inc flu hosp,2026-03-21,quantile,0.7,17
2026-03-07,38,2,wk inc flu hosp,2026-03-21,quantile,0.75,19
2026-03-07,38,2,wk inc flu hosp,2026-03-21,quantile,0.8,21
2026-03-07,38,2,wk inc flu hosp,2026-03-21,quantile,0.85,23
2026-03-07,38,2,wk inc flu hosp,2026-03-21,quantile,0.9,26
2026-03-07,38,2,wk inc flu hosp,2026-03-21,quantile,0.95,32
2026-03-07,38,2,wk inc flu hosp,2026-03-21,quantile,0.975,41
2026-03-07,38,2,wk inc flu hosp,2026-03-21,quantile,0.99,45
2026-03-07,38,3,wk inc flu hosp,2026-03-28,quantile,0.01,0
2026-03-07,38,3,wk inc flu hosp,2026-03-28,quantile,0.025,0
2026-03-07,38,3,wk inc flu hosp,2026-03-28,quantile,0.05,1
2026-03-07,38,3,wk inc flu hosp,2026-03-28,quantile,0.1,2
2026-03-07,38,3,wk inc flu hosp,2026-03-28,quantile,0.15,2
2026-03-07,38,3,wk inc flu hosp,2026-03-28,quantile,0.2,3
2026-03-07,38,3,wk inc flu hosp,2026-03-28,quantile,0.25,3
2026-03-07,38,3,wk inc flu hosp,2026-03-28,quantile,0.3,4
2026-03-07,38,3,wk inc flu hosp,2026-03-28,quantile,0.35,6
2026-03-07,38,3,wk inc flu hosp,2026-03-28,quantile,0.4,6
2026-03-07,38,3,wk inc flu hosp,2026-03-28,quantile,0.45,7
2026-03-07,38,3,wk inc flu hosp,2026-03-28,quantile,0.5,9
2026-03-07,38,3,wk inc flu hosp,2026-03-28,quantile,0.55,10
2026-03-07,38,3,wk inc flu hosp,2026-03-28,quantile,0.6,12
2026-03-07,38,3,wk inc flu hosp,2026-03-28,quantile,0.65,14
2026-03-07,38,3,wk inc flu hosp,2026-03-28,quantile,0.7,16
2026-03-07,38,3,wk inc flu hosp,2026-03-28,quantile,0.75,18
2026-03-07,38,3,wk inc flu hosp,2026-03-28,quantile,0.8,20
2026-03-07,38,3,wk inc flu hosp,2026-03-28,quantile,0.85,23
2026-03-07,38,3,wk inc flu hosp,2026-03-28,quantile,0.9,27
2026-03-07,38,3,wk inc flu hosp,2026-03-28,quantile,0.95,35
2026-03-07,38,3,wk inc flu hosp,2026-03-28,quantile,0.975,43
2026-03-07,38,3,wk inc flu hosp,2026-03-28,quantile,0.99,51
2026-03-07,39,0,wk inc flu hosp,2026-03-07,quantile,0.01,211
2026-03-07,39,0,wk inc flu hosp,2026-03-07,quantile,0.025,236
2026-03-07,39,0,wk inc flu hosp,2026-03-07,quantile,0.05,262
2026-03-07,39,0,wk inc flu hosp,2026-03-07,quantile,0.1,293
2026-03-07,39,0,wk inc flu hosp,2026-03-07,quantile,0.15,322
2026-03-07,39,0,wk inc flu hosp,2026-03-07,quantile,0.2,341
2026-03-07,39,0,wk inc flu hosp,2026-03-07,quantile,0.25,350
2026-03-07,39,0,wk inc flu hosp,2026-03-07,quantile,0.3,362
2026-03-07,39,0,wk inc flu hosp,2026-03-07,quantile,0.35,386
2026-03-07,39,0,wk inc flu hosp,2026-03-07,quantile,0.4,399
2026-03-07,39,0,wk inc flu hosp,2026-03-07,quantile,0.45,424
2026-03-07,39,0,wk inc flu hosp,2026-03-07,quantile,0.5,438
2026-03-07,39,0,wk inc flu hosp,2026-03-07,quantile,0.55,453
2026-03-07,39,0,wk inc flu hosp,2026-03-07,quantile,0.6,471
2026-03-07,39,0,wk inc flu hosp,2026-03-07,quantile,0.65,483
2026-03-07,39,0,wk inc flu hosp,2026-03-07,quantile,0.7,523
2026-03-07,39,0,wk inc flu hosp,2026-03-07,quantile,0.75,536
2026-03-07,39,0,wk inc flu hosp,2026-03-07,quantile,0.8,568
2026-03-07,39,0,wk inc flu hosp,2026-03-07,quantile,0.85,590
2026-03-07,39,0,wk inc flu hosp,2026-03-07,quantile,0.9,617
2026-03-07,39,0,wk inc flu hosp,2026-03-07,quantile,0.95,689
2026-03-07,39,0,wk inc flu hosp,2026-03-07,quantile,0.975,728
2026-03-07,39,0,wk inc flu hosp,2026-03-07,quantile,0.99,787
2026-03-07,39,1,wk inc flu hosp,2026-03-14,quantile,0.01,112
2026-03-07,39,1,wk inc flu hosp,2026-03-14,quantile,0.025,140
2026-03-07,39,1,wk inc flu hosp,2026-03-14,quantile,0.05,167
2026-03-07,39,1,wk inc flu hosp,2026-03-14,quantile,0.1,194
2026-03-07,39,1,wk inc flu hosp,2026-03-14,quantile,0.15,221
2026-03-07,39,1,wk inc flu hosp,2026-03-14,quantile,0.2,250
2026-03-07,39,1,wk inc flu hosp,2026-03-14,quantile,0.25,272
2026-03-07,39,1,wk inc flu hosp,2026-03-14,quantile,0.3,291
2026-03-07,39,1,wk inc flu hosp,2026-03-14,quantile,0.35,304
2026-03-07,39,1,wk inc flu hosp,2026-03-14,quantile,0.4,323
2026-03-07,39,1,wk inc flu hosp,2026-03-14,quantile,0.45,349
2026-03-07,39,1,wk inc flu hosp,2026-03-14,quantile,0.5,367
2026-03-07,39,1,wk inc flu hosp,2026-03-14,quantile,0.55,386
2026-03-07,39,1,wk inc flu hosp,2026-03-14,quantile,0.6,416
2026-03-07,39,1,wk inc flu hosp,2026-03-14,quantile,0.65,438
2026-03-07,39,1,wk inc flu hosp,2026-03-14,quantile,0.7,460
2026-03-07,39,1,wk inc flu hosp,2026-03-14,quantile,0.75,486
2026-03-07,39,1,wk inc flu hosp,2026-03-14,quantile,0.8,518
2026-03-07,39,1,wk inc flu hosp,2026-03-14,quantile,0.85,559
2026-03-07,39,1,wk inc flu hosp,2026-03-14,quantile,0.9,610
2026-03-07,39,1,wk inc flu hosp,2026-03-14,quantile,0.95,719
2026-03-07,39,1,wk inc flu hosp,2026-03-14,quantile,0.975,810
2026-03-07,39,1,wk inc flu hosp,2026-03-14,quantile,0.99,841
2026-03-07,39,2,wk inc flu hosp,2026-03-21,quantile,0.01,66
2026-03-07,39,2,wk inc flu hosp,2026-03-21,quantile,0.025,90
2026-03-07,39,2,wk inc flu hosp,2026-03-21,quantile,0.05,113
2026-03-07,39,2,wk inc flu hosp,2026-03-21,quantile,0.1,126
2026-03-07,39,2,wk inc flu hosp,2026-03-21,quantile,0.15,158
2026-03-07,39,2,wk inc flu hosp,2026-03-21,quantile,0.2,181
2026-03-07,39,2,wk inc flu hosp,2026-03-21,quantile,0.25,203
2026-03-07,39,2,wk inc flu hosp,2026-03-21,quantile,0.3,213
2026-03-07,39,2,wk inc flu hosp,2026-03-21,quantile,0.35,234
2026-03-07,39,2,wk inc flu hosp,2026-03-21,quantile,0.4,254
2026-03-07,39,2,wk inc flu hosp,2026-03-21,quantile,0.45,288
2026-03-07,39,2,wk inc flu hosp,2026-03-21,quantile,0.5,313
2026-03-07,39,2,wk inc flu hosp,2026-03-21,quantile,0.55,337
2026-03-07,39,2,wk inc flu hosp,2026-03-21,quantile,0.6,360
2026-03-07,39,2,wk inc flu hosp,2026-03-21,quantile,0.65,382
2026-03-07,39,2,wk inc flu hosp,2026-03-21,quantile,0.7,398
2026-03-07,39,2,wk inc flu hosp,2026-03-21,quantile,0.75,420
2026-03-07,39,2,wk inc flu hosp,2026-03-21,quantile,0.8,461
2026-03-07,39,2,wk inc flu hosp,2026-03-21,quantile,0.85,494
2026-03-07,39,2,wk inc flu hosp,2026-03-21,quantile,0.9,543
2026-03-07,39,2,wk inc flu hosp,2026-03-21,quantile,0.95,657
2026-03-07,39,2,wk inc flu hosp,2026-03-21,quantile,0.975,754
2026-03-07,39,2,wk inc flu hosp,2026-03-21,quantile,0.99,922
2026-03-07,39,3,wk inc flu hosp,2026-03-28,quantile,0.01,24
2026-03-07,39,3,wk inc flu hosp,2026-03-28,quantile,0.025,37
2026-03-07,39,3,wk inc flu hosp,2026-03-28,quantile,0.05,57
2026-03-07,39,3,wk inc flu hosp,2026-03-28,quantile,0.1,85
2026-03-07,39,3,wk inc flu hosp,2026-03-28,quantile,0.15,115
2026-03-07,39,3,wk inc flu hosp,2026-03-28,quantile,0.2,140
2026-03-07,39,3,wk inc flu hosp,2026-03-28,quantile,0.25,151
2026-03-07,39,3,wk inc flu hosp,2026-03-28,quantile,0.3,168
2026-03-07,39,3,wk inc flu hosp,2026-03-28,quantile,0.35,189
2026-03-07,39,3,wk inc flu hosp,2026-03-28,quantile,0.4,211
2026-03-07,39,3,wk inc flu hosp,2026-03-28,quantile,0.45,245
2026-03-07,39,3,wk inc flu hosp,2026-03-28,quantile,0.5,262
2026-03-07,39,3,wk inc flu hosp,2026-03-28,quantile,0.55,289
2026-03-07,39,3,wk inc flu hosp,2026-03-28,quantile,0.6,311
2026-03-07,39,3,wk inc flu hosp,2026-03-28,quantile,0.65,336
2026-03-07,39,3,wk inc flu hosp,2026-03-28,quantile,0.7,365
2026-03-07,39,3,wk inc flu hosp,2026-03-28,quantile,0.75,381
2026-03-07,39,3,wk inc flu hosp,2026-03-28,quantile,0.8,413
2026-03-07,39,3,wk inc flu hosp,2026-03-28,quantile,0.85,466
2026-03-07,39,3,wk inc flu hosp,2026-03-28,quantile,0.9,527
2026-03-07,39,3,wk inc flu hosp,2026-03-28,quantile,0.95,646
2026-03-07,39,3,wk inc flu hosp,2026-03-28,quantile,0.975,747
2026-03-07,39,3,wk inc flu hosp,2026-03-28,quantile,0.99,910
2026-03-07,40,0,wk inc flu hosp,2026-03-07,quantile,0.01,47
2026-03-07,40,0,wk inc flu hosp,2026-03-07,quantile,0.025,57
2026-03-07,40,0,wk inc flu hosp,2026-03-07,quantile,0.05,71
2026-03-07,40,0,wk inc flu hosp,2026-03-07,quantile,0.1,82
2026-03-07,40,0,wk inc flu hosp,2026-03-07,quantile,0.15,90
2026-03-07,40,0,wk inc flu hosp,2026-03-07,quantile,0.2,95
2026-03-07,40,0,wk inc flu hosp,2026-03-07,quantile,0.25,102
2026-03-07,40,0,wk inc flu hosp,2026-03-07,quantile,0.3,109
2026-03-07,40,0,wk inc flu hosp,2026-03-07,quantile,0.35,116
2026-03-07,40,0,wk inc flu hosp,2026-03-07,quantile,0.4,124
2026-03-07,40,0,wk inc flu hosp,2026-03-07,quantile,0.45,131
2026-03-07,40,0,wk inc flu hosp,2026-03-07,quantile,0.5,135
2026-03-07,40,0,wk inc flu hosp,2026-03-07,quantile,0.55,142
2026-03-07,40,0,wk inc flu hosp,2026-03-07,quantile,0.6,150
2026-03-07,40,0,wk inc flu hosp,2026-03-07,quantile,0.65,157
2026-03-07,40,0,wk inc flu hosp,2026-03-07,quantile,0.7,163
2026-03-07,40,0,wk inc flu hosp,2026-03-07,quantile,0.75,170
2026-03-07,40,0,wk inc flu hosp,2026-03-07,quantile,0.8,176
2026-03-07,40,0,wk inc flu hosp,2026-03-07,quantile,0.85,184
2026-03-07,40,0,wk inc flu hosp,2026-03-07,quantile,0.9,202
2026-03-07,40,0,wk inc flu hosp,2026-03-07,quantile,0.95,228
2026-03-07,40,0,wk inc flu hosp,2026-03-07,quantile,0.975,246
2026-03-07,40,0,wk inc flu hosp,2026-03-07,quantile,0.99,274
2026-03-07,40,1,wk inc flu hosp,2026-03-14,quantile,0.01,31
2026-03-07,40,1,wk inc flu hosp,2026-03-14,quantile,0.025,39
2026-03-07,40,1,wk inc flu hosp,2026-03-14,quantile,0.05,48
2026-03-07,40,1,wk inc flu hosp,2026-03-14,quantile,0.1,57
2026-03-07,40,1,wk inc flu hosp,2026-03-14,quantile,0.15,66
2026-03-07,40,1,wk inc flu hosp,2026-03-14,quantile,0.2,71
2026-03-07,40,1,wk inc flu hosp,2026-03-14,quantile,0.25,82
2026-03-07,40,1,wk inc flu hosp,2026-03-14,quantile,0.3,90
2026-03-07,40,1,wk inc flu hosp,2026-03-14,quantile,0.35,96
2026-03-07,40,1,wk inc flu hosp,2026-03-14,quantile,0.4,101
2026-03-07,40,1,wk inc flu hosp,2026-03-14,quantile,0.45,107
2026-03-07,40,1,wk inc flu hosp,2026-03-14,quantile,0.5,113
2026-03-07,40,1,wk inc flu hosp,2026-03-14,quantile,0.55,126
2026-03-07,40,1,wk inc flu hosp,2026-03-14,quantile,0.6,135
2026-03-07,40,1,wk inc flu hosp,2026-03-14,quantile,0.65,140
2026-03-07,40,1,wk inc flu hosp,2026-03-14,quantile,0.7,143
2026-03-07,40,1,wk inc flu hosp,2026-03-14,quantile,0.75,146
2026-03-07,40,1,wk inc flu hosp,2026-03-14,quantile,0.8,154
2026-03-07,40,1,wk inc flu hosp,2026-03-14,quantile,0.85,169
2026-03-07,40,1,wk inc flu hosp,2026-03-14,quantile,0.9,190
2026-03-07,40,1,wk inc flu hosp,2026-03-14,quantile,0.95,221
2026-03-07,40,1,wk inc flu hosp,2026-03-14,quantile,0.975,268
2026-03-07,40,1,wk inc flu hosp,2026-03-14,quantile,0.99,321
2026-03-07,40,2,wk inc flu hosp,2026-03-21,quantile,0.01,22
2026-03-07,40,2,wk inc flu hosp,2026-03-21,quantile,0.025,29
2026-03-07,40,2,wk inc flu hosp,2026-03-21,quantile,0.05,35
2026-03-07,40,2,wk inc flu hosp,2026-03-21,quantile,0.1,42
2026-03-07,40,2,wk inc flu hosp,2026-03-21,quantile,0.15,48
2026-03-07,40,2,wk inc flu hosp,2026-03-21,quantile,0.2,56
2026-03-07,40,2,wk inc flu hosp,2026-03-21,quantile,0.25,67
2026-03-07,40,2,wk inc flu hosp,2026-03-21,quantile,0.3,74
2026-03-07,40,2,wk inc flu hosp,2026-03-21,quantile,0.35,80
2026-03-07,40,2,wk inc flu hosp,2026-03-21,quantile,0.4,87
2026-03-07,40,2,wk inc flu hosp,2026-03-21,quantile,0.45,93
2026-03-07,40,2,wk inc flu hosp,2026-03-21,quantile,0.5,100
2026-03-07,40,2,wk inc flu hosp,2026-03-21,quantile,0.55,106
2026-03-07,40,2,wk inc flu hosp,2026-03-21,quantile,0.6,112
2026-03-07,40,2,wk inc flu hosp,2026-03-21,quantile,0.65,119
2026-03-07,40,2,wk inc flu hosp,2026-03-21,quantile,0.7,127
2026-03-07,40,2,wk inc flu hosp,2026-03-21,quantile,0.75,135
2026-03-07,40,2,wk inc flu hosp,2026-03-21,quantile,0.8,145
2026-03-07,40,2,wk inc flu hosp,2026-03-21,quantile,0.85,159
2026-03-07,40,2,wk inc flu hosp,2026-03-21,quantile,0.9,179
2026-03-07,40,2,wk inc flu hosp,2026-03-21,quantile,0.95,201
2026-03-07,40,2,wk inc flu hosp,2026-03-21,quantile,0.975,245
2026-03-07,40,2,wk inc flu hosp,2026-03-21,quantile,0.99,293
2026-03-07,40,3,wk inc flu hosp,2026-03-28,quantile,0.01,12
2026-03-07,40,3,wk inc flu hosp,2026-03-28,quantile,0.025,16
2026-03-07,40,3,wk inc flu hosp,2026-03-28,quantile,0.05,20
2026-03-07,40,3,wk inc flu hosp,2026-03-28,quantile,0.1,26
2026-03-07,40,3,wk inc flu hosp,2026-03-28,quantile,0.15,32
2026-03-07,40,3,wk inc flu hosp,2026-03-28,quantile,0.2,39
2026-03-07,40,3,wk inc flu hosp,2026-03-28,quantile,0.25,48
2026-03-07,40,3,wk inc flu hosp,2026-03-28,quantile,0.3,59
2026-03-07,40,3,wk inc flu hosp,2026-03-28,quantile,0.35,66
2026-03-07,40,3,wk inc flu hosp,2026-03-28,quantile,0.4,70
2026-03-07,40,3,wk inc flu hosp,2026-03-28,quantile,0.45,74
2026-03-07,40,3,wk inc flu hosp,2026-03-28,quantile,0.5,80
2026-03-07,40,3,wk inc flu hosp,2026-03-28,quantile,0.55,86
2026-03-07,40,3,wk inc flu hosp,2026-03-28,quantile,0.6,93
2026-03-07,40,3,wk inc flu hosp,2026-03-28,quantile,0.65,99
2026-03-07,40,3,wk inc flu hosp,2026-03-28,quantile,0.7,107
2026-03-07,40,3,wk inc flu hosp,2026-03-28,quantile,0.75,117
2026-03-07,40,3,wk inc flu hosp,2026-03-28,quantile,0.8,132
2026-03-07,40,3,wk inc flu hosp,2026-03-28,quantile,0.85,147
2026-03-07,40,3,wk inc flu hosp,2026-03-28,quantile,0.9,174
2026-03-07,40,3,wk inc flu hosp,2026-03-28,quantile,0.95,211
2026-03-07,40,3,wk inc flu hosp,2026-03-28,quantile,0.975,254
2026-03-07,40,3,wk inc flu hosp,2026-03-28,quantile,0.99,292
2026-03-07,41,0,wk inc flu hosp,2026-03-07,quantile,0.01,50
2026-03-07,41,0,wk inc flu hosp,2026-03-07,quantile,0.025,62
2026-03-07,41,0,wk inc flu hosp,2026-03-07,quantile,0.05,72
2026-03-07,41,0,wk inc flu hosp,2026-03-07,quantile,0.1,85
2026-03-07,41,0,wk inc flu hosp,2026-03-07,quantile,0.15,94
2026-03-07,41,0,wk inc flu hosp,2026-03-07,quantile,0.2,102
2026-03-07,41,0,wk inc flu hosp,2026-03-07,quantile,0.25,106
2026-03-07,41,0,wk inc flu hosp,2026-03-07,quantile,0.3,114
2026-03-07,41,0,wk inc flu hosp,2026-03-07,quantile,0.35,117
2026-03-07,41,0,wk inc flu hosp,2026-03-07,quantile,0.4,121
2026-03-07,41,0,wk inc flu hosp,2026-03-07,quantile,0.45,129
2026-03-07,41,0,wk inc flu hosp,2026-03-07,quantile,0.5,134
2026-03-07,41,0,wk inc flu hosp,2026-03-07,quantile,0.55,140
2026-03-07,41,0,wk inc flu hosp,2026-03-07,quantile,0.6,146
2026-03-07,41,0,wk inc flu hosp,2026-03-07,quantile,0.65,154
2026-03-07,41,0,wk inc flu hosp,2026-03-07,quantile,0.7,163
2026-03-07,41,0,wk inc flu hosp,2026-03-07,quantile,0.75,172
2026-03-07,41,0,wk inc flu hosp,2026-03-07,quantile,0.8,177
2026-03-07,41,0,wk inc flu hosp,2026-03-07,quantile,0.85,185
2026-03-07,41,0,wk inc flu hosp,2026-03-07,quantile,0.9,204
2026-03-07,41,0,wk inc flu hosp,2026-03-07,quantile,0.95,234
2026-03-07,41,0,wk inc flu hosp,2026-03-07,quantile,0.975,255
2026-03-07,41,0,wk inc flu hosp,2026-03-07,quantile,0.99,275
2026-03-07,41,1,wk inc flu hosp,2026-03-14,quantile,0.01,33
2026-03-07,41,1,wk inc flu hosp,2026-03-14,quantile,0.025,42
2026-03-07,41,1,wk inc flu hosp,2026-03-14,quantile,0.05,49
2026-03-07,41,1,wk inc flu hosp,2026-03-14,quantile,0.1,59
2026-03-07,41,1,wk inc flu hosp,2026-03-14,quantile,0.15,68
2026-03-07,41,1,wk inc flu hosp,2026-03-14,quantile,0.2,72
2026-03-07,41,1,wk inc flu hosp,2026-03-14,quantile,0.25,77
2026-03-07,41,1,wk inc flu hosp,2026-03-14,quantile,0.3,84
2026-03-07,41,1,wk inc flu hosp,2026-03-14,quantile,0.35,90
2026-03-07,41,1,wk inc flu hosp,2026-03-14,quantile,0.4,94
2026-03-07,41,1,wk inc flu hosp,2026-03-14,quantile,0.45,98
2026-03-07,41,1,wk inc flu hosp,2026-03-14,quantile,0.5,102
2026-03-07,41,1,wk inc flu hosp,2026-03-14,quantile,0.55,108
2026-03-07,41,1,wk inc flu hosp,2026-03-14,quantile,0.6,115
2026-03-07,41,1,wk inc flu hosp,2026-03-14,quantile,0.65,125
2026-03-07,41,1,wk inc flu hosp,2026-03-14,quantile,0.7,136
2026-03-07,41,1,wk inc flu hosp,2026-03-14,quantile,0.75,151
2026-03-07,41,1,wk inc flu hosp,2026-03-14,quantile,0.8,166
2026-03-07,41,1,wk inc flu hosp,2026-03-14,quantile,0.85,179
2026-03-07,41,1,wk inc flu hosp,2026-03-14,quantile,0.9,194
2026-03-07,41,1,wk inc flu hosp,2026-03-14,quantile,0.95,226
2026-03-07,41,1,wk inc flu hosp,2026-03-14,quantile,0.975,254
2026-03-07,41,1,wk inc flu hosp,2026-03-14,quantile,0.99,299
2026-03-07,41,2,wk inc flu hosp,2026-03-21,quantile,0.01,17
2026-03-07,41,2,wk inc flu hosp,2026-03-21,quantile,0.025,22
2026-03-07,41,2,wk inc flu hosp,2026-03-21,quantile,0.05,29
2026-03-07,41,2,wk inc flu hosp,2026-03-21,quantile,0.1,40
2026-03-07,41,2,wk inc flu hosp,2026-03-21,quantile,0.15,48
2026-03-07,41,2,wk inc flu hosp,2026-03-21,quantile,0.2,51
2026-03-07,41,2,wk inc flu hosp,2026-03-21,quantile,0.25,58
2026-03-07,41,2,wk inc flu hosp,2026-03-21,quantile,0.3,63
2026-03-07,41,2,wk inc flu hosp,2026-03-21,quantile,0.35,71
2026-03-07,41,2,wk inc flu hosp,2026-03-21,quantile,0.4,75
2026-03-07,41,2,wk inc flu hosp,2026-03-21,quantile,0.45,81
2026-03-07,41,2,wk inc flu hosp,2026-03-21,quantile,0.5,85
2026-03-07,41,2,wk inc flu hosp,2026-03-21,quantile,0.55,87
2026-03-07,41,2,wk inc flu hosp,2026-03-21,quantile,0.6,91
2026-03-07,41,2,wk inc flu hosp,2026-03-21,quantile,0.65,98
2026-03-07,41,2,wk inc flu hosp,2026-03-21,quantile,0.7,107
2026-03-07,41,2,wk inc flu hosp,2026-03-21,quantile,0.75,122
2026-03-07,41,2,wk inc flu hosp,2026-03-21,quantile,0.8,133
2026-03-07,41,2,wk inc flu hosp,2026-03-21,quantile,0.85,149
2026-03-07,41,2,wk inc flu hosp,2026-03-21,quantile,0.9,173
2026-03-07,41,2,wk inc flu hosp,2026-03-21,quantile,0.95,229
2026-03-07,41,2,wk inc flu hosp,2026-03-21,quantile,0.975,262
2026-03-07,41,2,wk inc flu hosp,2026-03-21,quantile,0.99,303
2026-03-07,41,3,wk inc flu hosp,2026-03-28,quantile,0.01,11
2026-03-07,41,3,wk inc flu hosp,2026-03-28,quantile,0.025,14
2026-03-07,41,3,wk inc flu hosp,2026-03-28,quantile,0.05,18
2026-03-07,41,3,wk inc flu hosp,2026-03-28,quantile,0.1,25
2026-03-07,41,3,wk inc flu hosp,2026-03-28,quantile,0.15,31
2026-03-07,41,3,wk inc flu hosp,2026-03-28,quantile,0.2,35
2026-03-07,41,3,wk inc flu hosp,2026-03-28,quantile,0.25,38
2026-03-07,41,3,wk inc flu hosp,2026-03-28,quantile,0.3,47
2026-03-07,41,3,wk inc flu hosp,2026-03-28,quantile,0.35,52
2026-03-07,41,3,wk inc flu hosp,2026-03-28,quantile,0.4,57
2026-03-07,41,3,wk inc flu hosp,2026-03-28,quantile,0.45,59
2026-03-07,41,3,wk inc flu hosp,2026-03-28,quantile,0.5,62
2026-03-07,41,3,wk inc flu hosp,2026-03-28,quantile,0.55,67
2026-03-07,41,3,wk inc flu hosp,2026-03-28,quantile,0.6,75
2026-03-07,41,3,wk inc flu hosp,2026-03-28,quantile,0.65,83
2026-03-07,41,3,wk inc flu hosp,2026-03-28,quantile,0.7,89
2026-03-07,41,3,wk inc flu hosp,2026-03-28,quantile,0.75,103
2026-03-07,41,3,wk inc flu hosp,2026-03-28,quantile,0.8,115
2026-03-07,41,3,wk inc flu hosp,2026-03-28,quantile,0.85,138
2026-03-07,41,3,wk inc flu hosp,2026-03-28,quantile,0.9,161
2026-03-07,41,3,wk inc flu hosp,2026-03-28,quantile,0.95,209
2026-03-07,41,3,wk inc flu hosp,2026-03-28,quantile,0.975,248
2026-03-07,41,3,wk inc flu hosp,2026-03-28,quantile,0.99,298
2026-03-07,42,0,wk inc flu hosp,2026-03-07,quantile,0.01,332
2026-03-07,42,0,wk inc flu hosp,2026-03-07,quantile,0.025,398
2026-03-07,42,0,wk inc flu hosp,2026-03-07,quantile,0.05,462
2026-03-07,42,0,wk inc flu hosp,2026-03-07,quantile,0.1,504
2026-03-07,42,0,wk inc flu hosp,2026-03-07,quantile,0.15,541
2026-03-07,42,0,wk inc flu hosp,2026-03-07,quantile,0.2,568
2026-03-07,42,0,wk inc flu hosp,2026-03-07,quantile,0.25,594
2026-03-07,42,0,wk inc flu hosp,2026-03-07,quantile,0.3,606
2026-03-07,42,0,wk inc flu hosp,2026-03-07,quantile,0.35,625
2026-03-07,42,0,wk inc flu hosp,2026-03-07,quantile,0.4,651
2026-03-07,42,0,wk inc flu hosp,2026-03-07,quantile,0.45,671
2026-03-07,42,0,wk inc flu hosp,2026-03-07,quantile,0.5,697
2026-03-07,42,0,wk inc flu hosp,2026-03-07,quantile,0.55,710
2026-03-07,42,0,wk inc flu hosp,2026-03-07,quantile,0.6,735
2026-03-07,42,0,wk inc flu hosp,2026-03-07,quantile,0.65,756
2026-03-07,42,0,wk inc flu hosp,2026-03-07,quantile,0.7,783
2026-03-07,42,0,wk inc flu hosp,2026-03-07,quantile,0.75,808
2026-03-07,42,0,wk inc flu hosp,2026-03-07,quantile,0.8,839
2026-03-07,42,0,wk inc flu hosp,2026-03-07,quantile,0.85,861
2026-03-07,42,0,wk inc flu hosp,2026-03-07,quantile,0.9,924
2026-03-07,42,0,wk inc flu hosp,2026-03-07,quantile,0.95,1007
2026-03-07,42,0,wk inc flu hosp,2026-03-07,quantile,0.975,1082
2026-03-07,42,0,wk inc flu hosp,2026-03-07,quantile,0.99,1145
2026-03-07,42,1,wk inc flu hosp,2026-03-14,quantile,0.01,210
2026-03-07,42,1,wk inc flu hosp,2026-03-14,quantile,0.025,260
2026-03-07,42,1,wk inc flu hosp,2026-03-14,quantile,0.05,323
2026-03-07,42,1,wk inc flu hosp,2026-03-14,quantile,0.1,382
2026-03-07,42,1,wk inc flu hosp,2026-03-14,quantile,0.15,424
2026-03-07,42,1,wk inc flu hosp,2026-03-14,quantile,0.2,459
2026-03-07,42,1,wk inc flu hosp,2026-03-14,quantile,0.25,479
2026-03-07,42,1,wk inc flu hosp,2026-03-14,quantile,0.3,504
2026-03-07,42,1,wk inc flu hosp,2026-03-14,quantile,0.35,530
2026-03-07,42,1,wk inc flu hosp,2026-03-14,quantile,0.4,561
2026-03-07,42,1,wk inc flu hosp,2026-03-14,quantile,0.45,577
2026-03-07,42,1,wk inc flu hosp,2026-03-14,quantile,0.5,607
2026-03-07,42,1,wk inc flu hosp,2026-03-14,quantile,0.55,635
2026-03-07,42,1,wk inc flu hosp,2026-03-14,quantile,0.6,662
2026-03-07,42,1,wk inc flu hosp,2026-03-14,quantile,0.65,705
2026-03-07,42,1,wk inc flu hosp,2026-03-14,quantile,0.7,747
2026-03-07,42,1,wk inc flu hosp,2026-03-14,quantile,0.75,773
2026-03-07,42,1,wk inc flu hosp,2026-03-14,quantile,0.8,824
2026-03-07,42,1,wk inc flu hosp,2026-03-14,quantile,0.85,865
2026-03-07,42,1,wk inc flu hosp,2026-03-14,quantile,0.9,963
2026-03-07,42,1,wk inc flu hosp,2026-03-14,quantile,0.95,1062
2026-03-07,42,1,wk inc flu hosp,2026-03-14,quantile,0.975,1148
2026-03-07,42,1,wk inc flu hosp,2026-03-14,quantile,0.99,1244
2026-03-07,42,2,wk inc flu hosp,2026-03-21,quantile,0.01,131
2026-03-07,42,2,wk inc flu hosp,2026-03-21,quantile,0.025,172
2026-03-07,42,2,wk inc flu hosp,2026-03-21,quantile,0.05,216
2026-03-07,42,2,wk inc flu hosp,2026-03-21,quantile,0.1,281
2026-03-07,42,2,wk inc flu hosp,2026-03-21,quantile,0.15,330
2026-03-07,42,2,wk inc flu hosp,2026-03-21,quantile,0.2,383
2026-03-07,42,2,wk inc flu hosp,2026-03-21,quantile,0.25,412
2026-03-07,42,2,wk inc flu hosp,2026-03-21,quantile,0.3,433
2026-03-07,42,2,wk inc flu hosp,2026-03-21,quantile,0.35,450
2026-03-07,42,2,wk inc flu hosp,2026-03-21,quantile,0.4,469
2026-03-07,42,2,wk inc flu hosp,2026-03-21,quantile,0.45,490
2026-03-07,42,2,wk inc flu hosp,2026-03-21,quantile,0.5,525
2026-03-07,42,2,wk inc flu hosp,2026-03-21,quantile,0.55,555
2026-03-07,42,2,wk inc flu hosp,2026-03-21,quantile,0.6,590
2026-03-07,42,2,wk inc flu hosp,2026-03-21,quantile,0.65,628
2026-03-07,42,2,wk inc flu hosp,2026-03-21,quantile,0.7,668
2026-03-07,42,2,wk inc flu hosp,2026-03-21,quantile,0.75,704
2026-03-07,42,2,wk inc flu hosp,2026-03-21,quantile,0.8,756
2026-03-07,42,2,wk inc flu hosp,2026-03-21,quantile,0.85,824
2026-03-07,42,2,wk inc flu hosp,2026-03-21,quantile,0.9,886
2026-03-07,42,2,wk inc flu hosp,2026-03-21,quantile,0.95,1044
2026-03-07,42,2,wk inc flu hosp,2026-03-21,quantile,0.975,1157
2026-03-07,42,2,wk inc flu hosp,2026-03-21,quantile,0.99,1258
2026-03-07,42,3,wk inc flu hosp,2026-03-28,quantile,0.01,94
2026-03-07,42,3,wk inc flu hosp,2026-03-28,quantile,0.025,120
2026-03-07,42,3,wk inc flu hosp,2026-03-28,quantile,0.05,158
2026-03-07,42,3,wk inc flu hosp,2026-03-28,quantile,0.1,215
2026-03-07,42,3,wk inc flu hosp,2026-03-28,quantile,0.15,254
2026-03-07,42,3,wk inc flu hosp,2026-03-28,quantile,0.2,261
2026-03-07,42,3,wk inc flu hosp,2026-03-28,quantile,0.25,296
2026-03-07,42,3,wk inc flu hosp,2026-03-28,quantile,0.3,338
2026-03-07,42,3,wk inc flu hosp,2026-03-28,quantile,0.35,372
2026-03-07,42,3,wk inc flu hosp,2026-03-28,quantile,0.4,393
2026-03-07,42,3,wk inc flu hosp,2026-03-28,quantile,0.45,412
2026-03-07,42,3,wk inc flu hosp,2026-03-28,quantile,0.5,465
2026-03-07,42,3,wk inc flu hosp,2026-03-28,quantile,0.55,492
2026-03-07,42,3,wk inc flu hosp,2026-03-28,quantile,0.6,516
2026-03-07,42,3,wk inc flu hosp,2026-03-28,quantile,0.65,548
2026-03-07,42,3,wk inc flu hosp,2026-03-28,quantile,0.7,581
2026-03-07,42,3,wk inc flu hosp,2026-03-28,quantile,0.75,619
2026-03-07,42,3,wk inc flu hosp,2026-03-28,quantile,0.8,684
2026-03-07,42,3,wk inc flu hosp,2026-03-28,quantile,0.85,748
2026-03-07,42,3,wk inc flu hosp,2026-03-28,quantile,0.9,837
2026-03-07,42,3,wk inc flu hosp,2026-03-28,quantile,0.95,1052
2026-03-07,42,3,wk inc flu hosp,2026-03-28,quantile,0.975,1156
2026-03-07,42,3,wk inc flu hosp,2026-03-28,quantile,0.99,1305
2026-03-07,44,0,wk inc flu hosp,2026-03-07,quantile,0.01,3
2026-03-07,44,0,wk inc flu hosp,2026-03-07,quantile,0.025,4
2026-03-07,44,0,wk inc flu hosp,2026-03-07,quantile,0.05,6
2026-03-07,44,0,wk inc flu hosp,2026-03-07,quantile,0.1,7
2026-03-07,44,0,wk inc flu hosp,2026-03-07,quantile,0.15,8
2026-03-07,44,0,wk inc flu hosp,2026-03-07,quantile,0.2,9
2026-03-07,44,0,wk inc flu hosp,2026-03-07,quantile,0.25,10
2026-03-07,44,0,wk inc flu hosp,2026-03-07,quantile,0.3,12
2026-03-07,44,0,wk inc flu hosp,2026-03-07,quantile,0.35,13
2026-03-07,44,0,wk inc flu hosp,2026-03-07,quantile,0.4,14
2026-03-07,44,0,wk inc flu hosp,2026-03-07,quantile,0.45,15
2026-03-07,44,0,wk inc flu hosp,2026-03-07,quantile,0.5,16
2026-03-07,44,0,wk inc flu hosp,2026-03-07,quantile,0.55,18
2026-03-07,44,0,wk inc flu hosp,2026-03-07,quantile,0.6,18
2026-03-07,44,0,wk inc flu hosp,2026-03-07,quantile,0.65,20
2026-03-07,44,0,wk inc flu hosp,2026-03-07,quantile,0.7,21
2026-03-07,44,0,wk inc flu hosp,2026-03-07,quantile,0.75,22
2026-03-07,44,0,wk inc flu hosp,2026-03-07,quantile,0.8,24
2026-03-07,44,0,wk inc flu hosp,2026-03-07,quantile,0.85,26
2026-03-07,44,0,wk inc flu hosp,2026-03-07,quantile,0.9,29
2026-03-07,44,0,wk inc flu hosp,2026-03-07,quantile,0.95,35
2026-03-07,44,0,wk inc flu hosp,2026-03-07,quantile,0.975,38
2026-03-07,44,0,wk inc flu hosp,2026-03-07,quantile,0.99,44
2026-03-07,44,1,wk inc flu hosp,2026-03-14,quantile,0.01,1
2026-03-07,44,1,wk inc flu hosp,2026-03-14,quantile,0.025,2
2026-03-07,44,1,wk inc flu hosp,2026-03-14,quantile,0.05,3
2026-03-07,44,1,wk inc flu hosp,2026-03-14,quantile,0.1,4
2026-03-07,44,1,wk inc flu hosp,2026-03-14,quantile,0.15,5
2026-03-07,44,1,wk inc flu hosp,2026-03-14,quantile,0.2,6
2026-03-07,44,1,wk inc flu hosp,2026-03-14,quantile,0.25,7
2026-03-07,44,1,wk inc flu hosp,2026-03-14,quantile,0.3,9
2026-03-07,44,1,wk inc flu hosp,2026-03-14,quantile,0.35,10
2026-03-07,44,1,wk inc flu hosp,2026-03-14,quantile,0.4,11
2026-03-07,44,1,wk inc flu hosp,2026-03-14,quantile,0.45,12
2026-03-07,44,1,wk inc flu hosp,2026-03-14,quantile,0.5,14
2026-03-07,44,1,wk inc flu hosp,2026-03-14,quantile,0.55,15
2026-03-07,44,1,wk inc flu hosp,2026-03-14,quantile,0.6,16
2026-03-07,44,1,wk inc flu hosp,2026-03-14,quantile,0.65,17
2026-03-07,44,1,wk inc flu hosp,2026-03-14,quantile,0.7,20
2026-03-07,44,1,wk inc flu hosp,2026-03-14,quantile,0.75,22
2026-03-07,44,1,wk inc flu hosp,2026-03-14,quantile,0.8,24
2026-03-07,44,1,wk inc flu hosp,2026-03-14,quantile,0.85,26
2026-03-07,44,1,wk inc flu hosp,2026-03-14,quantile,0.9,29
2026-03-07,44,1,wk inc flu hosp,2026-03-14,quantile,0.95,36
2026-03-07,44,1,wk inc flu hosp,2026-03-14,quantile,0.975,41
2026-03-07,44,1,wk inc flu hosp,2026-03-14,quantile,0.99,51
2026-03-07,44,2,wk inc flu hosp,2026-03-21,quantile,0.01,0
2026-03-07,44,2,wk inc flu hosp,2026-03-21,quantile,0.025,1
2026-03-07,44,2,wk inc flu hosp,2026-03-21,quantile,0.05,1
2026-03-07,44,2,wk inc flu hosp,2026-03-21,quantile,0.1,3
2026-03-07,44,2,wk inc flu hosp,2026-03-21,quantile,0.15,4
2026-03-07,44,2,wk inc flu hosp,2026-03-21,quantile,0.2,5
2026-03-07,44,2,wk inc flu hosp,2026-03-21,quantile,0.25,6
2026-03-07,44,2,wk inc flu hosp,2026-03-21,quantile,0.3,7
2026-03-07,44,2,wk inc flu hosp,2026-03-21,quantile,0.35,8
2026-03-07,44,2,wk inc flu hosp,2026-03-21,quantile,0.4,9
2026-03-07,44,2,wk inc flu hosp,2026-03-21,quantile,0.45,10
2026-03-07,44,2,wk inc flu hosp,2026-03-21,quantile,0.5,12
2026-03-07,44,2,wk inc flu hosp,2026-03-21,quantile,0.55,14
2026-03-07,44,2,wk inc flu hosp,2026-03-21,quantile,0.6,15
2026-03-07,44,2,wk inc flu hosp,2026-03-21,quantile,0.65,16
2026-03-07,44,2,wk inc flu hosp,2026-03-21,quantile,0.7,18
2026-03-07,44,2,wk inc flu hosp,2026-03-21,quantile,0.75,20
2026-03-07,44,2,wk inc flu hosp,2026-03-21,quantile,0.8,22
2026-03-07,44,2,wk inc flu hosp,2026-03-21,quantile,0.85,25
2026-03-07,44,2,wk inc flu hosp,2026-03-21,quantile,0.9,30
2026-03-07,44,2,wk inc flu hosp,2026-03-21,quantile,0.95,37
2026-03-07,44,2,wk inc flu hosp,2026-03-21,quantile,0.975,44
2026-03-07,44,2,wk inc flu hosp,2026-03-21,quantile,0.99,53
2026-03-07,44,3,wk inc flu hosp,2026-03-28,quantile,0.01,0
2026-03-07,44,3,wk inc flu hosp,2026-03-28,quantile,0.025,0
2026-03-07,44,3,wk inc flu hosp,2026-03-28,quantile,0.05,1
2026-03-07,44,3,wk inc flu hosp,2026-03-28,quantile,0.1,2
2026-03-07,44,3,wk inc flu hosp,2026-03-28,quantile,0.15,2
2026-03-07,44,3,wk inc flu hosp,2026-03-28,quantile,0.2,3
2026-03-07,44,3,wk inc flu hosp,2026-03-28,quantile,0.25,4
2026-03-07,44,3,wk inc flu hosp,2026-03-28,quantile,0.3,5
2026-03-07,44,3,wk inc flu hosp,2026-03-28,quantile,0.35,5
2026-03-07,44,3,wk inc flu hosp,2026-03-28,quantile,0.4,6
2026-03-07,44,3,wk inc flu hosp,2026-03-28,quantile,0.45,8
2026-03-07,44,3,wk inc flu hosp,2026-03-28,quantile,0.5,10
2026-03-07,44,3,wk inc flu hosp,2026-03-28,quantile,0.55,12
2026-03-07,44,3,wk inc flu hosp,2026-03-28,quantile,0.6,14
2026-03-07,44,3,wk inc flu hosp,2026-03-28,quantile,0.65,15
2026-03-07,44,3,wk inc flu hosp,2026-03-28,quantile,0.7,17
2026-03-07,44,3,wk inc flu hosp,2026-03-28,quantile,0.75,19
2026-03-07,44,3,wk inc flu hosp,2026-03-28,quantile,0.8,21
2026-03-07,44,3,wk inc flu hosp,2026-03-28,quantile,0.85,25
2026-03-07,44,3,wk inc flu hosp,2026-03-28,quantile,0.9,30
2026-03-07,44,3,wk inc flu hosp,2026-03-28,quantile,0.95,38
2026-03-07,44,3,wk inc flu hosp,2026-03-28,quantile,0.975,43
2026-03-07,44,3,wk inc flu hosp,2026-03-28,quantile,0.99,59
2026-03-07,45,0,wk inc flu hosp,2026-03-07,quantile,0.01,60
2026-03-07,45,0,wk inc flu hosp,2026-03-07,quantile,0.025,71
2026-03-07,45,0,wk inc flu hosp,2026-03-07,quantile,0.05,83
2026-03-07,45,0,wk inc flu hosp,2026-03-07,quantile,0.1,96
2026-03-07,45,0,wk inc flu hosp,2026-03-07,quantile,0.15,110
2026-03-07,45,0,wk inc flu hosp,2026-03-07,quantile,0.2,116
2026-03-07,45,0,wk inc flu hosp,2026-03-07,quantile,0.25,121
2026-03-07,45,0,wk inc flu hosp,2026-03-07,quantile,0.3,127
2026-03-07,45,0,wk inc flu hosp,2026-03-07,quantile,0.35,131
2026-03-07,45,0,wk inc flu hosp,2026-03-07,quantile,0.4,139
2026-03-07,45,0,wk inc flu hosp,2026-03-07,quantile,0.45,146
2026-03-07,45,0,wk inc flu hosp,2026-03-07,quantile,0.5,154
2026-03-07,45,0,wk inc flu hosp,2026-03-07,quantile,0.55,160
2026-03-07,45,0,wk inc flu hosp,2026-03-07,quantile,0.6,167
2026-03-07,45,0,wk inc flu hosp,2026-03-07,quantile,0.65,173
2026-03-07,45,0,wk inc flu hosp,2026-03-07,quantile,0.7,183
2026-03-07,45,0,wk inc flu hosp,2026-03-07,quantile,0.75,189
2026-03-07,45,0,wk inc flu hosp,2026-03-07,quantile,0.8,199
2026-03-07,45,0,wk inc flu hosp,2026-03-07,quantile,0.85,210
2026-03-07,45,0,wk inc flu hosp,2026-03-07,quantile,0.9,229
2026-03-07,45,0,wk inc flu hosp,2026-03-07,quantile,0.95,250
2026-03-07,45,0,wk inc flu hosp,2026-03-07,quantile,0.975,266
2026-03-07,45,0,wk inc flu hosp,2026-03-07,quantile,0.99,298
2026-03-07,45,1,wk inc flu hosp,2026-03-14,quantile,0.01,33
2026-03-07,45,1,wk inc flu hosp,2026-03-14,quantile,0.025,43
2026-03-07,45,1,wk inc flu hosp,2026-03-14,quantile,0.05,53
2026-03-07,45,1,wk inc flu hosp,2026-03-14,quantile,0.1,65
2026-03-07,45,1,wk inc flu hosp,2026-03-14,quantile,0.15,74
2026-03-07,45,1,wk inc flu hosp,2026-03-14,quantile,0.2,83
2026-03-07,45,1,wk inc flu hosp,2026-03-14,quantile,0.25,92
2026-03-07,45,1,wk inc flu hosp,2026-03-14,quantile,0.3,100
2026-03-07,45,1,wk inc flu hosp,2026-03-14,quantile,0.35,106
2026-03-07,45,1,wk inc flu hosp,2026-03-14,quantile,0.4,113
2026-03-07,45,1,wk inc flu hosp,2026-03-14,quantile,0.45,122
2026-03-07,45,1,wk inc flu hosp,2026-03-14,quantile,0.5,132
2026-03-07,45,1,wk inc flu hosp,2026-03-14,quantile,0.55,139
2026-03-07,45,1,wk inc flu hosp,2026-03-14,quantile,0.6,146
2026-03-07,45,1,wk inc flu hosp,2026-03-14,quantile,0.65,153
2026-03-07,45,1,wk inc flu hosp,2026-03-14,quantile,0.7,163
2026-03-07,45,1,wk inc flu hosp,2026-03-14,quantile,0.75,176
2026-03-07,45,1,wk inc flu hosp,2026-03-14,quantile,0.8,189
2026-03-07,45,1,wk inc flu hosp,2026-03-14,quantile,0.85,204
2026-03-07,45,1,wk inc flu hosp,2026-03-14,quantile,0.9,223
2026-03-07,45,1,wk inc flu hosp,2026-03-14,quantile,0.95,253
2026-03-07,45,1,wk inc flu hosp,2026-03-14,quantile,0.975,288
2026-03-07,45,1,wk inc flu hosp,2026-03-14,quantile,0.99,339
2026-03-07,45,2,wk inc flu hosp,2026-03-21,quantile,0.01,20
2026-03-07,45,2,wk inc flu hosp,2026-03-21,quantile,0.025,25
2026-03-07,45,2,wk inc flu hosp,2026-03-21,quantile,0.05,33
2026-03-07,45,2,wk inc flu hosp,2026-03-21,quantile,0.1,41
2026-03-07,45,2,wk inc flu hosp,2026-03-21,quantile,0.15,51
2026-03-07,45,2,wk inc flu hosp,2026-03-21,quantile,0.2,60
2026-03-07,45,2,wk inc flu hosp,2026-03-21,quantile,0.25,67
2026-03-07,45,2,wk inc flu hosp,2026-03-21,quantile,0.3,78
2026-03-07,45,2,wk inc flu hosp,2026-03-21,quantile,0.35,84
2026-03-07,45,2,wk inc flu hosp,2026-03-21,quantile,0.4,92
2026-03-07,45,2,wk inc flu hosp,2026-03-21,quantile,0.45,100
2026-03-07,45,2,wk inc flu hosp,2026-03-21,quantile,0.5,111
2026-03-07,45,2,wk inc flu hosp,2026-03-21,quantile,0.55,119
2026-03-07,45,2,wk inc flu hosp,2026-03-21,quantile,0.6,128
2026-03-07,45,2,wk inc flu hosp,2026-03-21,quantile,0.65,136
2026-03-07,45,2,wk inc flu hosp,2026-03-21,quantile,0.7,146
2026-03-07,45,2,wk inc flu hosp,2026-03-21,quantile,0.75,162
2026-03-07,45,2,wk inc flu hosp,2026-03-21,quantile,0.8,172
2026-03-07,45,2,wk inc flu hosp,2026-03-21,quantile,0.85,188
2026-03-07,45,2,wk inc flu hosp,2026-03-21,quantile,0.9,218
2026-03-07,45,2,wk inc flu hosp,2026-03-21,quantile,0.95,257
2026-03-07,45,2,wk inc flu hosp,2026-03-21,quantile,0.975,302
2026-03-07,45,2,wk inc flu hosp,2026-03-21,quantile,0.99,370
2026-03-07,45,3,wk inc flu hosp,2026-03-28,quantile,0.01,7
2026-03-07,45,3,wk inc flu hosp,2026-03-28,quantile,0.025,14
2026-03-07,45,3,wk inc flu hosp,2026-03-28,quantile,0.05,21
2026-03-07,45,3,wk inc flu hosp,2026-03-28,quantile,0.1,34
2026-03-07,45,3,wk inc flu hosp,2026-03-28,quantile,0.15,42
2026-03-07,45,3,wk inc flu hosp,2026-03-28,quantile,0.2,49
2026-03-07,45,3,wk inc flu hosp,2026-03-28,quantile,0.25,59
2026-03-07,45,3,wk inc flu hosp,2026-03-28,quantile,0.3,67
2026-03-07,45,3,wk inc flu hosp,2026-03-28,quantile,0.35,75
2026-03-07,45,3,wk inc flu hosp,2026-03-28,quantile,0.4,83
2026-03-07,45,3,wk inc flu hosp,2026-03-28,quantile,0.45,89
2026-03-07,45,3,wk inc flu hosp,2026-03-28,quantile,0.5,98
2026-03-07,45,3,wk inc flu hosp,2026-03-28,quantile,0.55,105
2026-03-07,45,3,wk inc flu hosp,2026-03-28,quantile,0.6,114
2026-03-07,45,3,wk inc flu hosp,2026-03-28,quantile,0.65,132
2026-03-07,45,3,wk inc flu hosp,2026-03-28,quantile,0.7,142
2026-03-07,45,3,wk inc flu hosp,2026-03-28,quantile,0.75,149
2026-03-07,45,3,wk inc flu hosp,2026-03-28,quantile,0.8,162
2026-03-07,45,3,wk inc flu hosp,2026-03-28,quantile,0.85,178
2026-03-07,45,3,wk inc flu hosp,2026-03-28,quantile,0.9,205
2026-03-07,45,3,wk inc flu hosp,2026-03-28,quantile,0.95,249
2026-03-07,45,3,wk inc flu hosp,2026-03-28,quantile,0.975,301
2026-03-07,45,3,wk inc flu hosp,2026-03-28,quantile,0.99,344
2026-03-07,46,0,wk inc flu hosp,2026-03-07,quantile,0.01,15
2026-03-07,46,0,wk inc flu hosp,2026-03-07,quantile,0.025,18
2026-03-07,46,0,wk inc flu hosp,2026-03-07,quantile,0.05,22
2026-03-07,46,0,wk inc flu hosp,2026-03-07,quantile,0.1,26
2026-03-07,46,0,wk inc flu hosp,2026-03-07,quantile,0.15,27
2026-03-07,46,0,wk inc flu hosp,2026-03-07,quantile,0.2,29
2026-03-07,46,0,wk inc flu hosp,2026-03-07,quantile,0.25,31
2026-03-07,46,0,wk inc flu hosp,2026-03-07,quantile,0.3,33
2026-03-07,46,0,wk inc flu hosp,2026-03-07,quantile,0.35,35
2026-03-07,46,0,wk inc flu hosp,2026-03-07,quantile,0.4,36
2026-03-07,46,0,wk inc flu hosp,2026-03-07,quantile,0.45,37
2026-03-07,46,0,wk inc flu hosp,2026-03-07,quantile,0.5,39
2026-03-07,46,0,wk inc flu hosp,2026-03-07,quantile,0.55,41
2026-03-07,46,0,wk inc flu hosp,2026-03-07,quantile,0.6,43
2026-03-07,46,0,wk inc flu hosp,2026-03-07,quantile,0.65,44
2026-03-07,46,0,wk inc flu hosp,2026-03-07,quantile,0.7,46
2026-03-07,46,0,wk inc flu hosp,2026-03-07,quantile,0.75,48
2026-03-07,46,0,wk inc flu hosp,2026-03-07,quantile,0.8,51
2026-03-07,46,0,wk inc flu hosp,2026-03-07,quantile,0.85,54
2026-03-07,46,0,wk inc flu hosp,2026-03-07,quantile,0.9,58
2026-03-07,46,0,wk inc flu hosp,2026-03-07,quantile,0.95,65
2026-03-07,46,0,wk inc flu hosp,2026-03-07,quantile,0.975,70
2026-03-07,46,0,wk inc flu hosp,2026-03-07,quantile,0.99,80
2026-03-07,46,1,wk inc flu hosp,2026-03-14,quantile,0.01,8
2026-03-07,46,1,wk inc flu hosp,2026-03-14,quantile,0.025,11
2026-03-07,46,1,wk inc flu hosp,2026-03-14,quantile,0.05,14
2026-03-07,46,1,wk inc flu hosp,2026-03-14,quantile,0.1,17
2026-03-07,46,1,wk inc flu hosp,2026-03-14,quantile,0.15,19
2026-03-07,46,1,wk inc flu hosp,2026-03-14,quantile,0.2,21
2026-03-07,46,1,wk inc flu hosp,2026-03-14,quantile,0.25,24
2026-03-07,46,1,wk inc flu hosp,2026-03-14,quantile,0.3,26
2026-03-07,46,1,wk inc flu hosp,2026-03-14,quantile,0.35,28
2026-03-07,46,1,wk inc flu hosp,2026-03-14,quantile,0.4,29
2026-03-07,46,1,wk inc flu hosp,2026-03-14,quantile,0.45,31
2026-03-07,46,1,wk inc flu hosp,2026-03-14,quantile,0.5,33
2026-03-07,46,1,wk inc flu hosp,2026-03-14,quantile,0.55,35
2026-03-07,46,1,wk inc flu hosp,2026-03-14,quantile,0.6,37
2026-03-07,46,1,wk inc flu hosp,2026-03-14,quantile,0.65,40
2026-03-07,46,1,wk inc flu hosp,2026-03-14,quantile,0.7,42
2026-03-07,46,1,wk inc flu hosp,2026-03-14,quantile,0.75,45
2026-03-07,46,1,wk inc flu hosp,2026-03-14,quantile,0.8,48
2026-03-07,46,1,wk inc flu hosp,2026-03-14,quantile,0.85,51
2026-03-07,46,1,wk inc flu hosp,2026-03-14,quantile,0.9,56
2026-03-07,46,1,wk inc flu hosp,2026-03-14,quantile,0.95,66
2026-03-07,46,1,wk inc flu hosp,2026-03-14,quantile,0.975,74
2026-03-07,46,1,wk inc flu hosp,2026-03-14,quantile,0.99,81
2026-03-07,46,2,wk inc flu hosp,2026-03-21,quantile,0.01,4
2026-03-07,46,2,wk inc flu hosp,2026-03-21,quantile,0.025,6
2026-03-07,46,2,wk inc flu hosp,2026-03-21,quantile,0.05,8
2026-03-07,46,2,wk inc flu hosp,2026-03-21,quantile,0.1,10
2026-03-07,46,2,wk inc flu hosp,2026-03-21,quantile,0.15,12
2026-03-07,46,2,wk inc flu hosp,2026-03-21,quantile,0.2,14
2026-03-07,46,2,wk inc flu hosp,2026-03-21,quantile,0.25,16
2026-03-07,46,2,wk inc flu hosp,2026-03-21,quantile,0.3,20
2026-03-07,46,2,wk inc flu hosp,2026-03-21,quantile,0.35,21
2026-03-07,46,2,wk inc flu hosp,2026-03-21,quantile,0.4,22
2026-03-07,46,2,wk inc flu hosp,2026-03-21,quantile,0.45,24
2026-03-07,46,2,wk inc flu hosp,2026-03-21,quantile,0.5,28
2026-03-07,46,2,wk inc flu hosp,2026-03-21,quantile,0.55,29
2026-03-07,46,2,wk inc flu hosp,2026-03-21,quantile,0.6,32
2026-03-07,46,2,wk inc flu hosp,2026-03-21,quantile,0.65,35
2026-03-07,46,2,wk inc flu hosp,2026-03-21,quantile,0.7,36
2026-03-07,46,2,wk inc flu hosp,2026-03-21,quantile,0.75,41
2026-03-07,46,2,wk inc flu hosp,2026-03-21,quantile,0.8,43
2026-03-07,46,2,wk inc flu hosp,2026-03-21,quantile,0.85,48
2026-03-07,46,2,wk inc flu hosp,2026-03-21,quantile,0.9,55
2026-03-07,46,2,wk inc flu hosp,2026-03-21,quantile,0.95,68
2026-03-07,46,2,wk inc flu hosp,2026-03-21,quantile,0.975,75
2026-03-07,46,2,wk inc flu hosp,2026-03-21,quantile,0.99,83
2026-03-07,46,3,wk inc flu hosp,2026-03-28,quantile,0.01,2
2026-03-07,46,3,wk inc flu hosp,2026-03-28,quantile,0.025,4
2026-03-07,46,3,wk inc flu hosp,2026-03-28,quantile,0.05,6
2026-03-07,46,3,wk inc flu hosp,2026-03-28,quantile,0.1,8
2026-03-07,46,3,wk inc flu hosp,2026-03-28,quantile,0.15,11
2026-03-07,46,3,wk inc flu hosp,2026-03-28,quantile,0.2,13
2026-03-07,46,3,wk inc flu hosp,2026-03-28,quantile,0.25,14
2026-03-07,46,3,wk inc flu hosp,2026-03-28,quantile,0.3,16
2026-03-07,46,3,wk inc flu hosp,2026-03-28,quantile,0.35,18
2026-03-07,46,3,wk inc flu hosp,2026-03-28,quantile,0.4,19
2026-03-07,46,3,wk inc flu hosp,2026-03-28,quantile,0.45,21
2026-03-07,46,3,wk inc flu hosp,2026-03-28,quantile,0.5,23
2026-03-07,46,3,wk inc flu hosp,2026-03-28,quantile,0.55,25
2026-03-07,46,3,wk inc flu hosp,2026-03-28,quantile,0.6,27
2026-03-07,46,3,wk inc flu hosp,2026-03-28,quantile,0.65,29
2026-03-07,46,3,wk inc flu hosp,2026-03-28,quantile,0.7,31
2026-03-07,46,3,wk inc flu hosp,2026-03-28,quantile,0.75,34
2026-03-07,46,3,wk inc flu hosp,2026-03-28,quantile,0.8,38
2026-03-07,46,3,wk inc flu hosp,2026-03-28,quantile,0.85,43
2026-03-07,46,3,wk inc flu hosp,2026-03-28,quantile,0.9,50
2026-03-07,46,3,wk inc flu hosp,2026-03-28,quantile,0.95,64
2026-03-07,46,3,wk inc flu hosp,2026-03-28,quantile,0.975,73
2026-03-07,46,3,wk inc flu hosp,2026-03-28,quantile,0.99,81
2026-03-07,47,0,wk inc flu hosp,2026-03-07,quantile,0.01,85
2026-03-07,47,0,wk inc flu hosp,2026-03-07,quantile,0.025,109
2026-03-07,47,0,wk inc flu hosp,2026-03-07,quantile,0.05,124
2026-03-07,47,0,wk inc flu hosp,2026-03-07,quantile,0.1,137
2026-03-07,47,0,wk inc flu hosp,2026-03-07,quantile,0.15,156
2026-03-07,47,0,wk inc flu hosp,2026-03-07,quantile,0.2,171
2026-03-07,47,0,wk inc flu hosp,2026-03-07,quantile,0.25,183
2026-03-07,47,0,wk inc flu hosp,2026-03-07,quantile,0.3,189
2026-03-07,47,0,wk inc flu hosp,2026-03-07,quantile,0.35,198
2026-03-07,47,0,wk inc flu hosp,2026-03-07,quantile,0.4,204
2026-03-07,47,0,wk inc flu hosp,2026-03-07,quantile,0.45,213
2026-03-07,47,0,wk inc flu hosp,2026-03-07,quantile,0.5,223
2026-03-07,47,0,wk inc flu hosp,2026-03-07,quantile,0.55,231
2026-03-07,47,0,wk inc flu hosp,2026-03-07,quantile,0.6,237
2026-03-07,47,0,wk inc flu hosp,2026-03-07,quantile,0.65,244
2026-03-07,47,0,wk inc flu hosp,2026-03-07,quantile,0.7,251
2026-03-07,47,0,wk inc flu hosp,2026-03-07,quantile,0.75,259
2026-03-07,47,0,wk inc flu hosp,2026-03-07,quantile,0.8,267
2026-03-07,47,0,wk inc flu hosp,2026-03-07,quantile,0.85,279
2026-03-07,47,0,wk inc flu hosp,2026-03-07,quantile,0.9,300
2026-03-07,47,0,wk inc flu hosp,2026-03-07,quantile,0.95,333
2026-03-07,47,0,wk inc flu hosp,2026-03-07,quantile,0.975,367
2026-03-07,47,0,wk inc flu hosp,2026-03-07,quantile,0.99,392
2026-03-07,47,1,wk inc flu hosp,2026-03-14,quantile,0.01,54
2026-03-07,47,1,wk inc flu hosp,2026-03-14,quantile,0.025,76
2026-03-07,47,1,wk inc flu hosp,2026-03-14,quantile,0.05,85
2026-03-07,47,1,wk inc flu hosp,2026-03-14,quantile,0.1,99
2026-03-07,47,1,wk inc flu hosp,2026-03-14,quantile,0.15,119
2026-03-07,47,1,wk inc flu hosp,2026-03-14,quantile,0.2,132
2026-03-07,47,1,wk inc flu hosp,2026-03-14,quantile,0.25,144
2026-03-07,47,1,wk inc flu hosp,2026-03-14,quantile,0.3,154
2026-03-07,47,1,wk inc flu hosp,2026-03-14,quantile,0.35,164
2026-03-07,47,1,wk inc flu hosp,2026-03-14,quantile,0.4,174
2026-03-07,47,1,wk inc flu hosp,2026-03-14,quantile,0.45,183
2026-03-07,47,1,wk inc flu hosp,2026-03-14,quantile,0.5,193
2026-03-07,47,1,wk inc flu hosp,2026-03-14,quantile,0.55,202
2026-03-07,47,1,wk inc flu hosp,2026-03-14,quantile,0.6,210
2026-03-07,47,1,wk inc flu hosp,2026-03-14,quantile,0.65,221
2026-03-07,47,1,wk inc flu hosp,2026-03-14,quantile,0.7,232
2026-03-07,47,1,wk inc flu hosp,2026-03-14,quantile,0.75,245
2026-03-07,47,1,wk inc flu hosp,2026-03-14,quantile,0.8,263
2026-03-07,47,1,wk inc flu hosp,2026-03-14,quantile,0.85,282
2026-03-07,47,1,wk inc flu hosp,2026-03-14,quantile,0.9,311
2026-03-07,47,1,wk inc flu hosp,2026-03-14,quantile,0.95,340
2026-03-07,47,1,wk inc flu hosp,2026-03-14,quantile,0.975,365
2026-03-07,47,1,wk inc flu hosp,2026-03-14,quantile,0.99,417
2026-03-07,47,2,wk inc flu hosp,2026-03-21,quantile,0.01,37
2026-03-07,47,2,wk inc flu hosp,2026-03-21,quantile,0.025,51
2026-03-07,47,2,wk inc flu hosp,2026-03-21,quantile,0.05,59
2026-03-07,47,2,wk inc flu hosp,2026-03-21,quantile,0.1,72
2026-03-07,47,2,wk inc flu hosp,2026-03-21,quantile,0.15,90
2026-03-07,47,2,wk inc flu hosp,2026-03-21,quantile,0.2,105
2026-03-07,47,2,wk inc flu hosp,2026-03-21,quantile,0.25,116
2026-03-07,47,2,wk inc flu hosp,2026-03-21,quantile,0.3,124
2026-03-07,47,2,wk inc flu hosp,2026-03-21,quantile,0.35,136
2026-03-07,47,2,wk inc flu hosp,2026-03-21,quantile,0.4,146
2026-03-07,47,2,wk inc flu hosp,2026-03-21,quantile,0.45,155
2026-03-07,47,2,wk inc flu hosp,2026-03-21,quantile,0.5,165
2026-03-07,47,2,wk inc flu hosp,2026-03-21,quantile,0.55,174
2026-03-07,47,2,wk inc flu hosp,2026-03-21,quantile,0.6,183
2026-03-07,47,2,wk inc flu hosp,2026-03-21,quantile,0.65,194
2026-03-07,47,2,wk inc flu hosp,2026-03-21,quantile,0.7,204
2026-03-07,47,2,wk inc flu hosp,2026-03-21,quantile,0.75,219
2026-03-07,47,2,wk inc flu hosp,2026-03-21,quantile,0.8,239
2026-03-07,47,2,wk inc flu hosp,2026-03-21,quantile,0.85,267
2026-03-07,47,2,wk inc flu hosp,2026-03-21,quantile,0.9,292
2026-03-07,47,2,wk inc flu hosp,2026-03-21,quantile,0.95,323
2026-03-07,47,2,wk inc flu hosp,2026-03-21,quantile,0.975,364
2026-03-07,47,2,wk inc flu hosp,2026-03-21,quantile,0.99,433
2026-03-07,47,3,wk inc flu hosp,2026-03-28,quantile,0.01,23
2026-03-07,47,3,wk inc flu hosp,2026-03-28,quantile,0.025,30
2026-03-07,47,3,wk inc flu hosp,2026-03-28,quantile,0.05,43
2026-03-07,47,3,wk inc flu hosp,2026-03-28,quantile,0.1,55
2026-03-07,47,3,wk inc flu hosp,2026-03-28,quantile,0.15,70
2026-03-07,47,3,wk inc flu hosp,2026-03-28,quantile,0.2,85
2026-03-07,47,3,wk inc flu hosp,2026-03-28,quantile,0.25,92
2026-03-07,47,3,wk inc flu hosp,2026-03-28,quantile,0.3,101
2026-03-07,47,3,wk inc flu hosp,2026-03-28,quantile,0.35,111
2026-03-07,47,3,wk inc flu hosp,2026-03-28,quantile,0.4,122
2026-03-07,47,3,wk inc flu hosp,2026-03-28,quantile,0.45,131
2026-03-07,47,3,wk inc flu hosp,2026-03-28,quantile,0.5,141
2026-03-07,47,3,wk inc flu hosp,2026-03-28,quantile,0.55,148
2026-03-07,47,3,wk inc flu hosp,2026-03-28,quantile,0.6,160
2026-03-07,47,3,wk inc flu hosp,2026-03-28,quantile,0.65,171
2026-03-07,47,3,wk inc flu hosp,2026-03-28,quantile,0.7,184
2026-03-07,47,3,wk inc flu hosp,2026-03-28,quantile,0.75,200
2026-03-07,47,3,wk inc flu hosp,2026-03-28,quantile,0.8,219
2026-03-07,47,3,wk inc flu hosp,2026-03-28,quantile,0.85,239
2026-03-07,47,3,wk inc flu hosp,2026-03-28,quantile,0.9,266
2026-03-07,47,3,wk inc flu hosp,2026-03-28,quantile,0.95,311
2026-03-07,47,3,wk inc flu hosp,2026-03-28,quantile,0.975,366
2026-03-07,47,3,wk inc flu hosp,2026-03-28,quantile,0.99,439
2026-03-07,48,0,wk inc flu hosp,2026-03-07,quantile,0.01,273
2026-03-07,48,0,wk inc flu hosp,2026-03-07,quantile,0.025,315
2026-03-07,48,0,wk inc flu hosp,2026-03-07,quantile,0.05,364
2026-03-07,48,0,wk inc flu hosp,2026-03-07,quantile,0.1,415
2026-03-07,48,0,wk inc flu hosp,2026-03-07,quantile,0.15,457
2026-03-07,48,0,wk inc flu hosp,2026-03-07,quantile,0.2,490
2026-03-07,48,0,wk inc flu hosp,2026-03-07,quantile,0.25,515
2026-03-07,48,0,wk inc flu hosp,2026-03-07,quantile,0.3,529
2026-03-07,48,0,wk inc flu hosp,2026-03-07,quantile,0.35,548
2026-03-07,48,0,wk inc flu hosp,2026-03-07,quantile,0.4,582
2026-03-07,48,0,wk inc flu hosp,2026-03-07,quantile,0.45,603
2026-03-07,48,0,wk inc flu hosp,2026-03-07,quantile,0.5,624
2026-03-07,48,0,wk inc flu hosp,2026-03-07,quantile,0.55,645
2026-03-07,48,0,wk inc flu hosp,2026-03-07,quantile,0.6,672
2026-03-07,48,0,wk inc flu hosp,2026-03-07,quantile,0.65,691
2026-03-07,48,0,wk inc flu hosp,2026-03-07,quantile,0.7,721
2026-03-07,48,0,wk inc flu hosp,2026-03-07,quantile,0.75,757
2026-03-07,48,0,wk inc flu hosp,2026-03-07,quantile,0.8,785
2026-03-07,48,0,wk inc flu hosp,2026-03-07,quantile,0.85,826
2026-03-07,48,0,wk inc flu hosp,2026-03-07,quantile,0.9,872
2026-03-07,48,0,wk inc flu hosp,2026-03-07,quantile,0.95,952
2026-03-07,48,0,wk inc flu hosp,2026-03-07,quantile,0.975,1036
2026-03-07,48,0,wk inc flu hosp,2026-03-07,quantile,0.99,1168
2026-03-07,48,1,wk inc flu hosp,2026-03-14,quantile,0.01,152
2026-03-07,48,1,wk inc flu hosp,2026-03-14,quantile,0.025,193
2026-03-07,48,1,wk inc flu hosp,2026-03-14,quantile,0.05,240
2026-03-07,48,1,wk inc flu hosp,2026-03-14,quantile,0.1,297
2026-03-07,48,1,wk inc flu hosp,2026-03-14,quantile,0.15,332
2026-03-07,48,1,wk inc flu hosp,2026-03-14,quantile,0.2,368
2026-03-07,48,1,wk inc flu hosp,2026-03-14,quantile,0.25,389
2026-03-07,48,1,wk inc flu hosp,2026-03-14,quantile,0.3,409
2026-03-07,48,1,wk inc flu hosp,2026-03-14,quantile,0.35,456
2026-03-07,48,1,wk inc flu hosp,2026-03-14,quantile,0.4,483
2026-03-07,48,1,wk inc flu hosp,2026-03-14,quantile,0.45,495
2026-03-07,48,1,wk inc flu hosp,2026-03-14,quantile,0.5,526
2026-03-07,48,1,wk inc flu hosp,2026-03-14,quantile,0.55,563
2026-03-07,48,1,wk inc flu hosp,2026-03-14,quantile,0.6,583
2026-03-07,48,1,wk inc flu hosp,2026-03-14,quantile,0.65,620
2026-03-07,48,1,wk inc flu hosp,2026-03-14,quantile,0.7,651
2026-03-07,48,1,wk inc flu hosp,2026-03-14,quantile,0.75,691
2026-03-07,48,1,wk inc flu hosp,2026-03-14,quantile,0.8,724
2026-03-07,48,1,wk inc flu hosp,2026-03-14,quantile,0.85,750
2026-03-07,48,1,wk inc flu hosp,2026-03-14,quantile,0.9,840
2026-03-07,48,1,wk inc flu hosp,2026-03-14,quantile,0.95,949
2026-03-07,48,1,wk inc flu hosp,2026-03-14,quantile,0.975,1056
2026-03-07,48,1,wk inc flu hosp,2026-03-14,quantile,0.99,1270
2026-03-07,48,2,wk inc flu hosp,2026-03-21,quantile,0.01,85
2026-03-07,48,2,wk inc flu hosp,2026-03-21,quantile,0.025,115
2026-03-07,48,2,wk inc flu hosp,2026-03-21,quantile,0.05,158
2026-03-07,48,2,wk inc flu hosp,2026-03-21,quantile,0.1,205
2026-03-07,48,2,wk inc flu hosp,2026-03-21,quantile,0.15,239
2026-03-07,48,2,wk inc flu hosp,2026-03-21,quantile,0.2,264
2026-03-07,48,2,wk inc flu hosp,2026-03-21,quantile,0.25,288
2026-03-07,48,2,wk inc flu hosp,2026-03-21,quantile,0.3,328
2026-03-07,48,2,wk inc flu hosp,2026-03-21,quantile,0.35,368
2026-03-07,48,2,wk inc flu hosp,2026-03-21,quantile,0.4,398
2026-03-07,48,2,wk inc flu hosp,2026-03-21,quantile,0.45,422
2026-03-07,48,2,wk inc flu hosp,2026-03-21,quantile,0.5,441
2026-03-07,48,2,wk inc flu hosp,2026-03-21,quantile,0.55,461
2026-03-07,48,2,wk inc flu hosp,2026-03-21,quantile,0.6,485
2026-03-07,48,2,wk inc flu hosp,2026-03-21,quantile,0.65,513
2026-03-07,48,2,wk inc flu hosp,2026-03-21,quantile,0.7,544
2026-03-07,48,2,wk inc flu hosp,2026-03-21,quantile,0.75,573
2026-03-07,48,2,wk inc flu hosp,2026-03-21,quantile,0.8,608
2026-03-07,48,2,wk inc flu hosp,2026-03-21,quantile,0.85,659
2026-03-07,48,2,wk inc flu hosp,2026-03-21,quantile,0.9,736
2026-03-07,48,2,wk inc flu hosp,2026-03-21,quantile,0.95,853
2026-03-07,48,2,wk inc flu hosp,2026-03-21,quantile,0.975,970
2026-03-07,48,2,wk inc flu hosp,2026-03-21,quantile,0.99,1247
2026-03-07,48,3,wk inc flu hosp,2026-03-28,quantile,0.01,47
2026-03-07,48,3,wk inc flu hosp,2026-03-28,quantile,0.025,75
2026-03-07,48,3,wk inc flu hosp,2026-03-28,quantile,0.05,105
2026-03-07,48,3,wk inc flu hosp,2026-03-28,quantile,0.1,143
2026-03-07,48,3,wk inc flu hosp,2026-03-28,quantile,0.15,178
2026-03-07,48,3,wk inc flu hosp,2026-03-28,quantile,0.2,209
2026-03-07,48,3,wk inc flu hosp,2026-03-28,quantile,0.25,241
2026-03-07,48,3,wk inc flu hosp,2026-03-28,quantile,0.3,279
2026-03-07,48,3,wk inc flu hosp,2026-03-28,quantile,0.35,308
2026-03-07,48,3,wk inc flu hosp,2026-03-28,quantile,0.4,337
2026-03-07,48,3,wk inc flu hosp,2026-03-28,quantile,0.45,364
2026-03-07,48,3,wk inc flu hosp,2026-03-28,quantile,0.5,380
2026-03-07,48,3,wk inc flu hosp,2026-03-28,quantile,0.55,408
2026-03-07,48,3,wk inc flu hosp,2026-03-28,quantile,0.6,432
2026-03-07,48,3,wk inc flu hosp,2026-03-28,quantile,0.65,455
2026-03-07,48,3,wk inc flu hosp,2026-03-28,quantile,0.7,473
2026-03-07,48,3,wk inc flu hosp,2026-03-28,quantile,0.75,493
2026-03-07,48,3,wk inc flu hosp,2026-03-28,quantile,0.8,535
2026-03-07,48,3,wk inc flu hosp,2026-03-28,quantile,0.85,603
2026-03-07,48,3,wk inc flu hosp,2026-03-28,quantile,0.9,704
2026-03-07,48,3,wk inc flu hosp,2026-03-28,quantile,0.95,858
2026-03-07,48,3,wk inc flu hosp,2026-03-28,quantile,0.975,1000
2026-03-07,48,3,wk inc flu hosp,2026-03-28,quantile,0.99,1256
2026-03-07,49,0,wk inc flu hosp,2026-03-07,quantile,0.01,10
2026-03-07,49,0,wk inc flu hosp,2026-03-07,quantile,0.025,14
2026-03-07,49,0,wk inc flu hosp,2026-03-07,quantile,0.05,16
2026-03-07,49,0,wk inc flu hosp,2026-03-07,quantile,0.1,20
2026-03-07,49,0,wk inc flu hosp,2026-03-07,quantile,0.15,23
2026-03-07,49,0,wk inc flu hosp,2026-03-07,quantile,0.2,25
2026-03-07,49,0,wk inc flu hosp,2026-03-07,quantile,0.25,27
2026-03-07,49,0,wk inc flu hosp,2026-03-07,quantile,0.3,28
2026-03-07,49,0,wk inc flu hosp,2026-03-07,quantile,0.35,29
2026-03-07,49,0,wk inc flu hosp,2026-03-07,quantile,0.4,32
2026-03-07,49,0,wk inc flu hosp,2026-03-07,quantile,0.45,33
2026-03-07,49,0,wk inc flu hosp,2026-03-07,quantile,0.5,36
2026-03-07,49,0,wk inc flu hosp,2026-03-07,quantile,0.55,38
2026-03-07,49,0,wk inc flu hosp,2026-03-07,quantile,0.6,41
2026-03-07,49,0,wk inc flu hosp,2026-03-07,quantile,0.65,43
2026-03-07,49,0,wk inc flu hosp,2026-03-07,quantile,0.7,44
2026-03-07,49,0,wk inc flu hosp,2026-03-07,quantile,0.75,47
2026-03-07,49,0,wk inc flu hosp,2026-03-07,quantile,0.8,51
2026-03-07,49,0,wk inc flu hosp,2026-03-07,quantile,0.85,56
2026-03-07,49,0,wk inc flu hosp,2026-03-07,quantile,0.9,61
2026-03-07,49,0,wk inc flu hosp,2026-03-07,quantile,0.95,68
2026-03-07,49,0,wk inc flu hosp,2026-03-07,quantile,0.975,75
2026-03-07,49,0,wk inc flu hosp,2026-03-07,quantile,0.99,88
2026-03-07,49,1,wk inc flu hosp,2026-03-14,quantile,0.01,5
2026-03-07,49,1,wk inc flu hosp,2026-03-14,quantile,0.025,7
2026-03-07,49,1,wk inc flu hosp,2026-03-14,quantile,0.05,10
2026-03-07,49,1,wk inc flu hosp,2026-03-14,quantile,0.1,14
2026-03-07,49,1,wk inc flu hosp,2026-03-14,quantile,0.15,15
2026-03-07,49,1,wk inc flu hosp,2026-03-14,quantile,0.2,19
2026-03-07,49,1,wk inc flu hosp,2026-03-14,quantile,0.25,21
2026-03-07,49,1,wk inc flu hosp,2026-03-14,quantile,0.3,24
2026-03-07,49,1,wk inc flu hosp,2026-03-14,quantile,0.35,26
2026-03-07,49,1,wk inc flu hosp,2026-03-14,quantile,0.4,28
2026-03-07,49,1,wk inc flu hosp,2026-03-14,quantile,0.45,28
2026-03-07,49,1,wk inc flu hosp,2026-03-14,quantile,0.5,31
2026-03-07,49,1,wk inc flu hosp,2026-03-14,quantile,0.55,33
2026-03-07,49,1,wk inc flu hosp,2026-03-14,quantile,0.6,35
2026-03-07,49,1,wk inc flu hosp,2026-03-14,quantile,0.65,38
2026-03-07,49,1,wk inc flu hosp,2026-03-14,quantile,0.7,40
2026-03-07,49,1,wk inc flu hosp,2026-03-14,quantile,0.75,46
2026-03-07,49,1,wk inc flu hosp,2026-03-14,quantile,0.8,50
2026-03-07,49,1,wk inc flu hosp,2026-03-14,quantile,0.85,55
2026-03-07,49,1,wk inc flu hosp,2026-03-14,quantile,0.9,62
2026-03-07,49,1,wk inc flu hosp,2026-03-14,quantile,0.95,70
2026-03-07,49,1,wk inc flu hosp,2026-03-14,quantile,0.975,82
2026-03-07,49,1,wk inc flu hosp,2026-03-14,quantile,0.99,96
2026-03-07,49,2,wk inc flu hosp,2026-03-21,quantile,0.01,1
2026-03-07,49,2,wk inc flu hosp,2026-03-21,quantile,0.025,2
2026-03-07,49,2,wk inc flu hosp,2026-03-21,quantile,0.05,5
2026-03-07,49,2,wk inc flu hosp,2026-03-21,quantile,0.1,7
2026-03-07,49,2,wk inc flu hosp,2026-03-21,quantile,0.15,10
2026-03-07,49,2,wk inc flu hosp,2026-03-21,quantile,0.2,12
2026-03-07,49,2,wk inc flu hosp,2026-03-21,quantile,0.25,14
2026-03-07,49,2,wk inc flu hosp,2026-03-21,quantile,0.3,15
2026-03-07,49,2,wk inc flu hosp,2026-03-21,quantile,0.35,17
2026-03-07,49,2,wk inc flu hosp,2026-03-21,quantile,0.4,19
2026-03-07,49,2,wk inc flu hosp,2026-03-21,quantile,0.45,22
2026-03-07,49,2,wk inc flu hosp,2026-03-21,quantile,0.5,25
2026-03-07,49,2,wk inc flu hosp,2026-03-21,quantile,0.55,27
2026-03-07,49,2,wk inc flu hosp,2026-03-21,quantile,0.6,29
2026-03-07,49,2,wk inc flu hosp,2026-03-21,quantile,0.65,32
2026-03-07,49,2,wk inc flu hosp,2026-03-21,quantile,0.7,35
2026-03-07,49,2,wk inc flu hosp,2026-03-21,quantile,0.75,38
2026-03-07,49,2,wk inc flu hosp,2026-03-21,quantile,0.8,43
2026-03-07,49,2,wk inc flu hosp,2026-03-21,quantile,0.85,49
2026-03-07,49,2,wk inc flu hosp,2026-03-21,quantile,0.9,57
2026-03-07,49,2,wk inc flu hosp,2026-03-21,quantile,0.95,70
2026-03-07,49,2,wk inc flu hosp,2026-03-21,quantile,0.975,85
2026-03-07,49,2,wk inc flu hosp,2026-03-21,quantile,0.99,101
2026-03-07,49,3,wk inc flu hosp,2026-03-28,quantile,0.01,0
2026-03-07,49,3,wk inc flu hosp,2026-03-28,quantile,0.025,1
2026-03-07,49,3,wk inc flu hosp,2026-03-28,quantile,0.05,3
2026-03-07,49,3,wk inc flu hosp,2026-03-28,quantile,0.1,5
2026-03-07,49,3,wk inc flu hosp,2026-03-28,quantile,0.15,7
2026-03-07,49,3,wk inc flu hosp,2026-03-28,quantile,0.2,9
2026-03-07,49,3,wk inc flu hosp,2026-03-28,quantile,0.25,11
2026-03-07,49,3,wk inc flu hosp,2026-03-28,quantile,0.3,13
2026-03-07,49,3,wk inc flu hosp,2026-03-28,quantile,0.35,14
2026-03-07,49,3,wk inc flu hosp,2026-03-28,quantile,0.4,17
2026-03-07,49,3,wk inc flu hosp,2026-03-28,quantile,0.45,19
2026-03-07,49,3,wk inc flu hosp,2026-03-28,quantile,0.5,21
2026-03-07,49,3,wk inc flu hosp,2026-03-28,quantile,0.55,23
2026-03-07,49,3,wk inc flu hosp,2026-03-28,quantile,0.6,25
2026-03-07,49,3,wk inc flu hosp,2026-03-28,quantile,0.65,28
2026-03-07,49,3,wk inc flu hosp,2026-03-28,quantile,0.7,31
2026-03-07,49,3,wk inc flu hosp,2026-03-28,quantile,0.75,35
2026-03-07,49,3,wk inc flu hosp,2026-03-28,quantile,0.8,42
2026-03-07,49,3,wk inc flu hosp,2026-03-28,quantile,0.85,48
2026-03-07,49,3,wk inc flu hosp,2026-03-28,quantile,0.9,55
2026-03-07,49,3,wk inc flu hosp,2026-03-28,quantile,0.95,68
2026-03-07,49,3,wk inc flu hosp,2026-03-28,quantile,0.975,83
2026-03-07,49,3,wk inc flu hosp,2026-03-28,quantile,0.99,108
2026-03-07,50,0,wk inc flu hosp,2026-03-07,quantile,0.01,2
2026-03-07,50,0,wk inc flu hosp,2026-03-07,quantile,0.025,2
2026-03-07,50,0,wk inc flu hosp,2026-03-07,quantile,0.05,3
2026-03-07,50,0,wk inc flu hosp,2026-03-07,quantile,0.1,4
2026-03-07,50,0,wk inc flu hosp,2026-03-07,quantile,0.15,5
2026-03-07,50,0,wk inc flu hosp,2026-03-07,quantile,0.2,6
2026-03-07,50,0,wk inc flu hosp,2026-03-07,quantile,0.25,7
2026-03-07,50,0,wk inc flu hosp,2026-03-07,quantile,0.3,7
2026-03-07,50,0,wk inc flu hosp,2026-03-07,quantile,0.35,8
2026-03-07,50,0,wk inc flu hosp,2026-03-07,quantile,0.4,9
2026-03-07,50,0,wk inc flu hosp,2026-03-07,quantile,0.45,9
2026-03-07,50,0,wk inc flu hosp,2026-03-07,quantile,0.5,10
2026-03-07,50,0,wk inc flu hosp,2026-03-07,quantile,0.55,11
2026-03-07,50,0,wk inc flu hosp,2026-03-07,quantile,0.6,12
2026-03-07,50,0,wk inc flu hosp,2026-03-07,quantile,0.65,13
2026-03-07,50,0,wk inc flu hosp,2026-03-07,quantile,0.7,13
2026-03-07,50,0,wk inc flu hosp,2026-03-07,quantile,0.75,14
2026-03-07,50,0,wk inc flu hosp,2026-03-07,quantile,0.8,15
2026-03-07,50,0,wk inc flu hosp,2026-03-07,quantile,0.85,17
2026-03-07,50,0,wk inc flu hosp,2026-03-07,quantile,0.9,19
2026-03-07,50,0,wk inc flu hosp,2026-03-07,quantile,0.95,23
2026-03-07,50,0,wk inc flu hosp,2026-03-07,quantile,0.975,25
2026-03-07,50,0,wk inc flu hosp,2026-03-07,quantile,0.99,29
2026-03-07,50,1,wk inc flu hosp,2026-03-14,quantile,0.01,1
2026-03-07,50,1,wk inc flu hosp,2026-03-14,quantile,0.025,1
2026-03-07,50,1,wk inc flu hosp,2026-03-14,quantile,0.05,2
2026-03-07,50,1,wk inc flu hosp,2026-03-14,quantile,0.1,2
2026-03-07,50,1,wk inc flu hosp,2026-03-14,quantile,0.15,3
2026-03-07,50,1,wk inc flu hosp,2026-03-14,quantile,0.2,4
2026-03-07,50,1,wk inc flu hosp,2026-03-14,quantile,0.25,5
2026-03-07,50,1,wk inc flu hosp,2026-03-14,quantile,0.3,6
2026-03-07,50,1,wk inc flu hosp,2026-03-14,quantile,0.35,6
2026-03-07,50,1,wk inc flu hosp,2026-03-14,quantile,0.4,7
2026-03-07,50,1,wk inc flu hosp,2026-03-14,quantile,0.45,7
2026-03-07,50,1,wk inc flu hosp,2026-03-14,quantile,0.5,9
2026-03-07,50,1,wk inc flu hosp,2026-03-14,quantile,0.55,9
2026-03-07,50,1,wk inc flu hosp,2026-03-14,quantile,0.6,10
2026-03-07,50,1,wk inc flu hosp,2026-03-14,quantile,0.65,11
2026-03-07,50,1,wk inc flu hosp,2026-03-14,quantile,0.7,12
2026-03-07,50,1,wk inc flu hosp,2026-03-14,quantile,0.75,13
2026-03-07,50,1,wk inc flu hosp,2026-03-14,quantile,0.8,14
2026-03-07,50,1,wk inc flu hosp,2026-03-14,quantile,0.85,16
2026-03-07,50,1,wk inc flu hosp,2026-03-14,quantile,0.9,18
2026-03-07,50,1,wk inc flu hosp,2026-03-14,quantile,0.95,23
2026-03-07,50,1,wk inc flu hosp,2026-03-14,quantile,0.975,28
2026-03-07,50,1,wk inc flu hosp,2026-03-14,quantile,0.99,34
2026-03-07,50,2,wk inc flu hosp,2026-03-21,quantile,0.01,0
2026-03-07,50,2,wk inc flu hosp,2026-03-21,quantile,0.025,0
2026-03-07,50,2,wk inc flu hosp,2026-03-21,quantile,0.05,1
2026-03-07,50,2,wk inc flu hosp,2026-03-21,quantile,0.1,2
2026-03-07,50,2,wk inc flu hosp,2026-03-21,quantile,0.15,2
2026-03-07,50,2,wk inc flu hosp,2026-03-21,quantile,0.2,3
2026-03-07,50,2,wk inc flu hosp,2026-03-21,quantile,0.25,4
2026-03-07,50,2,wk inc flu hosp,2026-03-21,quantile,0.3,4
2026-03-07,50,2,wk inc flu hosp,2026-03-21,quantile,0.35,5
2026-03-07,50,2,wk inc flu hosp,2026-03-21,quantile,0.4,5
2026-03-07,50,2,wk inc flu hosp,2026-03-21,quantile,0.45,6
2026-03-07,50,2,wk inc flu hosp,2026-03-21,quantile,0.5,7
2026-03-07,50,2,wk inc flu hosp,2026-03-21,quantile,0.55,8
2026-03-07,50,2,wk inc flu hosp,2026-03-21,quantile,0.6,9
2026-03-07,50,2,wk inc flu hosp,2026-03-21,quantile,0.65,10
2026-03-07,50,2,wk inc flu hosp,2026-03-21,quantile,0.7,11
2026-03-07,50,2,wk inc flu hosp,2026-03-21,quantile,0.75,12
2026-03-07,50,2,wk inc flu hosp,2026-03-21,quantile,0.8,13
2026-03-07,50,2,wk inc flu hosp,2026-03-21,quantile,0.85,15
2026-03-07,50,2,wk inc flu hosp,2026-03-21,quantile,0.9,18
2026-03-07,50,2,wk inc flu hosp,2026-03-21,quantile,0.95,23
2026-03-07,50,2,wk inc flu hosp,2026-03-21,quantile,0.975,29
2026-03-07,50,2,wk inc flu hosp,2026-03-21,quantile,0.99,39
2026-03-07,50,3,wk inc flu hosp,2026-03-28,quantile,0.01,0
2026-03-07,50,3,wk inc flu hosp,2026-03-28,quantile,0.025,0
2026-03-07,50,3,wk inc flu hosp,2026-03-28,quantile,0.05,0
2026-03-07,50,3,wk inc flu hosp,2026-03-28,quantile,0.1,1
2026-03-07,50,3,wk inc flu hosp,2026-03-28,quantile,0.15,1
2026-03-07,50,3,wk inc flu hosp,2026-03-28,quantile,0.2,2
2026-03-07,50,3,wk inc flu hosp,2026-03-28,quantile,0.25,3
2026-03-07,50,3,wk inc flu hosp,2026-03-28,quantile,0.3,3
2026-03-07,50,3,wk inc flu hosp,2026-03-28,quantile,0.35,4
2026-03-07,50,3,wk inc flu hosp,2026-03-28,quantile,0.4,5
2026-03-07,50,3,wk inc flu hosp,2026-03-28,quantile,0.45,5
2026-03-07,50,3,wk inc flu hosp,2026-03-28,quantile,0.5,6
2026-03-07,50,3,wk inc flu hosp,2026-03-28,quantile,0.55,7
2026-03-07,50,3,wk inc flu hosp,2026-03-28,quantile,0.6,7
2026-03-07,50,3,wk inc flu hosp,2026-03-28,quantile,0.65,9
2026-03-07,50,3,wk inc flu hosp,2026-03-28,quantile,0.7,10
2026-03-07,50,3,wk inc flu hosp,2026-03-28,quantile,0.75,11
2026-03-07,50,3,wk inc flu hosp,2026-03-28,quantile,0.8,13
2026-03-07,50,3,wk inc flu hosp,2026-03-28,quantile,0.85,15
2026-03-07,50,3,wk inc flu hosp,2026-03-28,quantile,0.9,17
2026-03-07,50,3,wk inc flu hosp,2026-03-28,quantile,0.95,23
2026-03-07,50,3,wk inc flu hosp,2026-03-28,quantile,0.975,30
2026-03-07,50,3,wk inc flu hosp,2026-03-28,quantile,0.99,44
2026-03-07,51,0,wk inc flu hosp,2026-03-07,quantile,0.01,71
2026-03-07,51,0,wk inc flu hosp,2026-03-07,quantile,0.025,82
2026-03-07,51,0,wk inc flu hosp,2026-03-07,quantile,0.05,93
2026-03-07,51,0,wk inc flu hosp,2026-03-07,quantile,0.1,109
2026-03-07,51,0,wk inc flu hosp,2026-03-07,quantile,0.15,127
2026-03-07,51,0,wk inc flu hosp,2026-03-07,quantile,0.2,136
2026-03-07,51,0,wk inc flu hosp,2026-03-07,quantile,0.25,144
2026-03-07,51,0,wk inc flu hosp,2026-03-07,quantile,0.3,152
2026-03-07,51,0,wk inc flu hosp,2026-03-07,quantile,0.35,159
2026-03-07,51,0,wk inc flu hosp,2026-03-07,quantile,0.4,163
2026-03-07,51,0,wk inc flu hosp,2026-03-07,quantile,0.45,169
2026-03-07,51,0,wk inc flu hosp,2026-03-07,quantile,0.5,180
2026-03-07,51,0,wk inc flu hosp,2026-03-07,quantile,0.55,188
2026-03-07,51,0,wk inc flu hosp,2026-03-07,quantile,0.6,196
2026-03-07,51,0,wk inc flu hosp,2026-03-07,quantile,0.65,202
2026-03-07,51,0,wk inc flu hosp,2026-03-07,quantile,0.7,211
2026-03-07,51,0,wk inc flu hosp,2026-03-07,quantile,0.75,220
2026-03-07,51,0,wk inc flu hosp,2026-03-07,quantile,0.8,229
2026-03-07,51,0,wk inc flu hosp,2026-03-07,quantile,0.85,243
2026-03-07,51,0,wk inc flu hosp,2026-03-07,quantile,0.9,265
2026-03-07,51,0,wk inc flu hosp,2026-03-07,quantile,0.95,302
2026-03-07,51,0,wk inc flu hosp,2026-03-07,quantile,0.975,328
2026-03-07,51,0,wk inc flu hosp,2026-03-07,quantile,0.99,368
2026-03-07,51,1,wk inc flu hosp,2026-03-14,quantile,0.01,49
2026-03-07,51,1,wk inc flu hosp,2026-03-14,quantile,0.025,58
2026-03-07,51,1,wk inc flu hosp,2026-03-14,quantile,0.05,69
2026-03-07,51,1,wk inc flu hosp,2026-03-14,quantile,0.1,84
2026-03-07,51,1,wk inc flu hosp,2026-03-14,quantile,0.15,98
2026-03-07,51,1,wk inc flu hosp,2026-03-14,quantile,0.2,108
2026-03-07,51,1,wk inc flu hosp,2026-03-14,quantile,0.25,117
2026-03-07,51,1,wk inc flu hosp,2026-03-14,quantile,0.3,124
2026-03-07,51,1,wk inc flu hosp,2026-03-14,quantile,0.35,132
2026-03-07,51,1,wk inc flu hosp,2026-03-14,quantile,0.4,140
2026-03-07,51,1,wk inc flu hosp,2026-03-14,quantile,0.45,147
2026-03-07,51,1,wk inc flu hosp,2026-03-14,quantile,0.5,155
2026-03-07,51,1,wk inc flu hosp,2026-03-14,quantile,0.55,163
2026-03-07,51,1,wk inc flu hosp,2026-03-14,quantile,0.6,177
2026-03-07,51,1,wk inc flu hosp,2026-03-14,quantile,0.65,190
2026-03-07,51,1,wk inc flu hosp,2026-03-14,quantile,0.7,199
2026-03-07,51,1,wk inc flu hosp,2026-03-14,quantile,0.75,213
2026-03-07,51,1,wk inc flu hosp,2026-03-14,quantile,0.8,228
2026-03-07,51,1,wk inc flu hosp,2026-03-14,quantile,0.85,245
2026-03-07,51,1,wk inc flu hosp,2026-03-14,quantile,0.9,270
2026-03-07,51,1,wk inc flu hosp,2026-03-14,quantile,0.95,311
2026-03-07,51,1,wk inc flu hosp,2026-03-14,quantile,0.975,345
2026-03-07,51,1,wk inc flu hosp,2026-03-14,quantile,0.99,412
2026-03-07,51,2,wk inc flu hosp,2026-03-21,quantile,0.01,27
2026-03-07,51,2,wk inc flu hosp,2026-03-21,quantile,0.025,32
2026-03-07,51,2,wk inc flu hosp,2026-03-21,quantile,0.05,42
2026-03-07,51,2,wk inc flu hosp,2026-03-21,quantile,0.1,59
2026-03-07,51,2,wk inc flu hosp,2026-03-21,quantile,0.15,70
2026-03-07,51,2,wk inc flu hosp,2026-03-21,quantile,0.2,81
2026-03-07,51,2,wk inc flu hosp,2026-03-21,quantile,0.25,94
2026-03-07,51,2,wk inc flu hosp,2026-03-21,quantile,0.3,98
2026-03-07,51,2,wk inc flu hosp,2026-03-21,quantile,0.35,112
2026-03-07,51,2,wk inc flu hosp,2026-03-21,quantile,0.4,121
2026-03-07,51,2,wk inc flu hosp,2026-03-21,quantile,0.45,127
2026-03-07,51,2,wk inc flu hosp,2026-03-21,quantile,0.5,138
2026-03-07,51,2,wk inc flu hosp,2026-03-21,quantile,0.55,146
2026-03-07,51,2,wk inc flu hosp,2026-03-21,quantile,0.6,156
2026-03-07,51,2,wk inc flu hosp,2026-03-21,quantile,0.65,169
2026-03-07,51,2,wk inc flu hosp,2026-03-21,quantile,0.7,177
2026-03-07,51,2,wk inc flu hosp,2026-03-21,quantile,0.75,189
2026-03-07,51,2,wk inc flu hosp,2026-03-21,quantile,0.8,202
2026-03-07,51,2,wk inc flu hosp,2026-03-21,quantile,0.85,220
2026-03-07,51,2,wk inc flu hosp,2026-03-21,quantile,0.9,248
2026-03-07,51,2,wk inc flu hosp,2026-03-21,quantile,0.95,305
2026-03-07,51,2,wk inc flu hosp,2026-03-21,quantile,0.975,362
2026-03-07,51,2,wk inc flu hosp,2026-03-21,quantile,0.99,422
2026-03-07,51,3,wk inc flu hosp,2026-03-28,quantile,0.01,15
2026-03-07,51,3,wk inc flu hosp,2026-03-28,quantile,0.025,19
2026-03-07,51,3,wk inc flu hosp,2026-03-28,quantile,0.05,26
2026-03-07,51,3,wk inc flu hosp,2026-03-28,quantile,0.1,43
2026-03-07,51,3,wk inc flu hosp,2026-03-28,quantile,0.15,54
2026-03-07,51,3,wk inc flu hosp,2026-03-28,quantile,0.2,64
2026-03-07,51,3,wk inc flu hosp,2026-03-28,quantile,0.25,73
2026-03-07,51,3,wk inc flu hosp,2026-03-28,quantile,0.3,83
2026-03-07,51,3,wk inc flu hosp,2026-03-28,quantile,0.35,94
2026-03-07,51,3,wk inc flu hosp,2026-03-28,quantile,0.4,103
2026-03-07,51,3,wk inc flu hosp,2026-03-28,quantile,0.45,111
2026-03-07,51,3,wk inc flu hosp,2026-03-28,quantile,0.5,119
2026-03-07,51,3,wk inc flu hosp,2026-03-28,quantile,0.55,130
2026-03-07,51,3,wk inc flu hosp,2026-03-28,quantile,0.6,137
2026-03-07,51,3,wk inc flu hosp,2026-03-28,quantile,0.65,147
2026-03-07,51,3,wk inc flu hosp,2026-03-28,quantile,0.7,157
2026-03-07,51,3,wk inc flu hosp,2026-03-28,quantile,0.75,171
2026-03-07,51,3,wk inc flu hosp,2026-03-28,quantile,0.8,188
2026-03-07,51,3,wk inc flu hosp,2026-03-28,quantile,0.85,207
2026-03-07,51,3,wk inc flu hosp,2026-03-28,quantile,0.9,241
2026-03-07,51,3,wk inc flu hosp,2026-03-28,quantile,0.95,298
2026-03-07,51,3,wk inc flu hosp,2026-03-28,quantile,0.975,362
2026-03-07,51,3,wk inc flu hosp,2026-03-28,quantile,0.99,432
2026-03-07,53,0,wk inc flu hosp,2026-03-07,quantile,0.01,71
2026-03-07,53,0,wk inc flu hosp,2026-03-07,quantile,0.025,85
2026-03-07,53,0,wk inc flu hosp,2026-03-07,quantile,0.05,98
2026-03-07,53,0,wk inc flu hosp,2026-03-07,quantile,0.1,111
2026-03-07,53,0,wk inc flu hosp,2026-03-07,quantile,0.15,119
2026-03-07,53,0,wk inc flu hosp,2026-03-07,quantile,0.2,131
2026-03-07,53,0,wk inc flu hosp,2026-03-07,quantile,0.25,138
2026-03-07,53,0,wk inc flu hosp,2026-03-07,quantile,0.3,144
2026-03-07,53,0,wk inc flu hosp,2026-03-07,quantile,0.35,149
2026-03-07,53,0,wk inc flu hosp,2026-03-07,quantile,0.4,155
2026-03-07,53,0,wk inc flu hosp,2026-03-07,quantile,0.45,160
2026-03-07,53,0,wk inc flu hosp,2026-03-07,quantile,0.5,167
2026-03-07,53,0,wk inc flu hosp,2026-03-07,quantile,0.55,172
2026-03-07,53,0,wk inc flu hosp,2026-03-07,quantile,0.6,178
2026-03-07,53,0,wk inc flu hosp,2026-03-07,quantile,0.65,184
2026-03-07,53,0,wk inc flu hosp,2026-03-07,quantile,0.7,193
2026-03-07,53,0,wk inc flu hosp,2026-03-07,quantile,0.75,198
2026-03-07,53,0,wk inc flu hosp,2026-03-07,quantile,0.8,206
2026-03-07,53,0,wk inc flu hosp,2026-03-07,quantile,0.85,217
2026-03-07,53,0,wk inc flu hosp,2026-03-07,quantile,0.9,232
2026-03-07,53,0,wk inc flu hosp,2026-03-07,quantile,0.95,253
2026-03-07,53,0,wk inc flu hosp,2026-03-07,quantile,0.975,270
2026-03-07,53,0,wk inc flu hosp,2026-03-07,quantile,0.99,284
2026-03-07,53,1,wk inc flu hosp,2026-03-14,quantile,0.01,44
2026-03-07,53,1,wk inc flu hosp,2026-03-14,quantile,0.025,56
2026-03-07,53,1,wk inc flu hosp,2026-03-14,quantile,0.05,67
2026-03-07,53,1,wk inc flu hosp,2026-03-14,quantile,0.1,82
2026-03-07,53,1,wk inc flu hosp,2026-03-14,quantile,0.15,92
2026-03-07,53,1,wk inc flu hosp,2026-03-14,quantile,0.2,100
2026-03-07,53,1,wk inc flu hosp,2026-03-14,quantile,0.25,108
2026-03-07,53,1,wk inc flu hosp,2026-03-14,quantile,0.3,116
2026-03-07,53,1,wk inc flu hosp,2026-03-14,quantile,0.35,123
2026-03-07,53,1,wk inc flu hosp,2026-03-14,quantile,0.4,130
2026-03-07,53,1,wk inc flu hosp,2026-03-14,quantile,0.45,134
2026-03-07,53,1,wk inc flu hosp,2026-03-14,quantile,0.5,144
2026-03-07,53,1,wk inc flu hosp,2026-03-14,quantile,0.55,151
2026-03-07,53,1,wk inc flu hosp,2026-03-14,quantile,0.6,159
2026-03-07,53,1,wk inc flu hosp,2026-03-14,quantile,0.65,170
2026-03-07,53,1,wk inc flu hosp,2026-03-14,quantile,0.7,179
2026-03-07,53,1,wk inc flu hosp,2026-03-14,quantile,0.75,189
2026-03-07,53,1,wk inc flu hosp,2026-03-14,quantile,0.8,199
2026-03-07,53,1,wk inc flu hosp,2026-03-14,quantile,0.85,209
2026-03-07,53,1,wk inc flu hosp,2026-03-14,quantile,0.9,222
2026-03-07,53,1,wk inc flu hosp,2026-03-14,quantile,0.95,252
2026-03-07,53,1,wk inc flu hosp,2026-03-14,quantile,0.975,273
2026-03-07,53,1,wk inc flu hosp,2026-03-14,quantile,0.99,298
2026-03-07,53,2,wk inc flu hosp,2026-03-21,quantile,0.01,27
2026-03-07,53,2,wk inc flu hosp,2026-03-21,quantile,0.025,36
2026-03-07,53,2,wk inc flu hosp,2026-03-21,quantile,0.05,48
2026-03-07,53,2,wk inc flu hosp,2026-03-21,quantile,0.1,61
2026-03-07,53,2,wk inc flu hosp,2026-03-21,quantile,0.15,71
2026-03-07,53,2,wk inc flu hosp,2026-03-21,quantile,0.2,81
2026-03-07,53,2,wk inc flu hosp,2026-03-21,quantile,0.25,89
2026-03-07,53,2,wk inc flu hosp,2026-03-21,quantile,0.3,99
2026-03-07,53,2,wk inc flu hosp,2026-03-21,quantile,0.35,106
2026-03-07,53,2,wk inc flu hosp,2026-03-21,quantile,0.4,112
2026-03-07,53,2,wk inc flu hosp,2026-03-21,quantile,0.45,119
2026-03-07,53,2,wk inc flu hosp,2026-03-21,quantile,0.5,126
2026-03-07,53,2,wk inc flu hosp,2026-03-21,quantile,0.55,133
2026-03-07,53,2,wk inc flu hosp,2026-03-21,quantile,0.6,141
2026-03-07,53,2,wk inc flu hosp,2026-03-21,quantile,0.65,150
2026-03-07,53,2,wk inc flu hosp,2026-03-21,quantile,0.7,162
2026-03-07,53,2,wk inc flu hosp,2026-03-21,quantile,0.75,178
2026-03-07,53,2,wk inc flu hosp,2026-03-21,quantile,0.8,192
2026-03-07,53,2,wk inc flu hosp,2026-03-21,quantile,0.85,206
2026-03-07,53,2,wk inc flu hosp,2026-03-21,quantile,0.9,227
2026-03-07,53,2,wk inc flu hosp,2026-03-21,quantile,0.95,258
2026-03-07,53,2,wk inc flu hosp,2026-03-21,quantile,0.975,289
2026-03-07,53,2,wk inc flu hosp,2026-03-21,quantile,0.99,353
2026-03-07,53,3,wk inc flu hosp,2026-03-28,quantile,0.01,16
2026-03-07,53,3,wk inc flu hosp,2026-03-28,quantile,0.025,19
2026-03-07,53,3,wk inc flu hosp,2026-03-28,quantile,0.05,32
2026-03-07,53,3,wk inc flu hosp,2026-03-28,quantile,0.1,44
2026-03-07,53,3,wk inc flu hosp,2026-03-28,quantile,0.15,61
2026-03-07,53,3,wk inc flu hosp,2026-03-28,quantile,0.2,73
2026-03-07,53,3,wk inc flu hosp,2026-03-28,quantile,0.25,77
2026-03-07,53,3,wk inc flu hosp,2026-03-28,quantile,0.3,83
2026-03-07,53,3,wk inc flu hosp,2026-03-28,quantile,0.35,91
2026-03-07,53,3,wk inc flu hosp,2026-03-28,quantile,0.4,97
2026-03-07,53,3,wk inc flu hosp,2026-03-28,quantile,0.45,102
2026-03-07,53,3,wk inc flu hosp,2026-03-28,quantile,0.5,115
2026-03-07,53,3,wk inc flu hosp,2026-03-28,quantile,0.55,121
2026-03-07,53,3,wk inc flu hosp,2026-03-28,quantile,0.6,128
2026-03-07,53,3,wk inc flu hosp,2026-03-28,quantile,0.65,136
2026-03-07,53,3,wk inc flu hosp,2026-03-28,quantile,0.7,145
2026-03-07,53,3,wk inc flu hosp,2026-03-28,quantile,0.75,157
2026-03-07,53,3,wk inc flu hosp,2026-03-28,quantile,0.8,174
2026-03-07,53,3,wk inc flu hosp,2026-03-28,quantile,0.85,196
2026-03-07,53,3,wk inc flu hosp,2026-03-28,quantile,0.9,224
2026-03-07,53,3,wk inc flu hosp,2026-03-28,quantile,0.95,274
2026-03-07,53,3,wk inc flu hosp,2026-03-28,quantile,0.975,302
2026-03-07,53,3,wk inc flu hosp,2026-03-28,quantile,0.99,342
2026-03-07,54,0,wk inc flu hosp,2026-03-07,quantile,0.01,42
2026-03-07,54,0,wk inc flu hosp,2026-03-07,quantile,0.025,53
2026-03-07,54,0,wk inc flu hosp,2026-03-07,quantile,0.05,63
2026-03-07,54,0,wk inc flu hosp,2026-03-07,quantile,0.1,74
2026-03-07,54,0,wk inc flu hosp,2026-03-07,quantile,0.15,80
2026-03-07,54,0,wk inc flu hosp,2026-03-07,quantile,0.2,85
2026-03-07,54,0,wk inc flu hosp,2026-03-07,quantile,0.25,90
2026-03-07,54,0,wk inc flu hosp,2026-03-07,quantile,0.3,94
2026-03-07,54,0,wk inc flu hosp,2026-03-07,quantile,0.35,98
2026-03-07,54,0,wk inc flu hosp,2026-03-07,quantile,0.4,102
2026-03-07,54,0,wk inc flu hosp,2026-03-07,quantile,0.45,107
2026-03-07,54,0,wk inc flu hosp,2026-03-07,quantile,0.5,112
2026-03-07,54,0,wk inc flu hosp,2026-03-07,quantile,0.55,118
2026-03-07,54,0,wk inc flu hosp,2026-03-07,quantile,0.6,123
2026-03-07,54,0,wk inc flu hosp,2026-03-07,quantile,0.65,129
2026-03-07,54,0,wk inc flu hosp,2026-03-07,quantile,0.7,134
2026-03-07,54,0,wk inc flu hosp,2026-03-07,quantile,0.75,140
2026-03-07,54,0,wk inc flu hosp,2026-03-07,quantile,0.8,145
2026-03-07,54,0,wk inc flu hosp,2026-03-07,quantile,0.85,154
2026-03-07,54,0,wk inc flu hosp,2026-03-07,quantile,0.9,163
2026-03-07,54,0,wk inc flu hosp,2026-03-07,quantile,0.95,181
2026-03-07,54,0,wk inc flu hosp,2026-03-07,quantile,0.975,204
2026-03-07,54,0,wk inc flu hosp,2026-03-07,quantile,0.99,219
2026-03-07,54,1,wk inc flu hosp,2026-03-14,quantile,0.01,21
2026-03-07,54,1,wk inc flu hosp,2026-03-14,quantile,0.025,32
2026-03-07,54,1,wk inc flu hosp,2026-03-14,quantile,0.05,40
2026-03-07,54,1,wk inc flu hosp,2026-03-14,quantile,0.1,53
2026-03-07,54,1,wk inc flu hosp,2026-03-14,quantile,0.15,58
2026-03-07,54,1,wk inc flu hosp,2026-03-14,quantile,0.2,61
2026-03-07,54,1,wk inc flu hosp,2026-03-14,quantile,0.25,67
2026-03-07,54,1,wk inc flu hosp,2026-03-14,quantile,0.3,73
2026-03-07,54,1,wk inc flu hosp,2026-03-14,quantile,0.35,79
2026-03-07,54,1,wk inc flu hosp,2026-03-14,quantile,0.4,83
2026-03-07,54,1,wk inc flu hosp,2026-03-14,quantile,0.45,90
2026-03-07,54,1,wk inc flu hosp,2026-03-14,quantile,0.5,94
2026-03-07,54,1,wk inc flu hosp,2026-03-14,quantile,0.55,101
2026-03-07,54,1,wk inc flu hosp,2026-03-14,quantile,0.6,106
2026-03-07,54,1,wk inc flu hosp,2026-03-14,quantile,0.65,112
2026-03-07,54,1,wk inc flu hosp,2026-03-14,quantile,0.7,119
2026-03-07,54,1,wk inc flu hosp,2026-03-14,quantile,0.75,126
2026-03-07,54,1,wk inc flu hosp,2026-03-14,quantile,0.8,134
2026-03-07,54,1,wk inc flu hosp,2026-03-14,quantile,0.85,142
2026-03-07,54,1,wk inc flu hosp,2026-03-14,quantile,0.9,158
2026-03-07,54,1,wk inc flu hosp,2026-03-14,quantile,0.95,185
2026-03-07,54,1,wk inc flu hosp,2026-03-14,quantile,0.975,207
2026-03-07,54,1,wk inc flu hosp,2026-03-14,quantile,0.99,233
2026-03-07,54,2,wk inc flu hosp,2026-03-21,quantile,0.01,12
2026-03-07,54,2,wk inc flu hosp,2026-03-21,quantile,0.025,16
2026-03-07,54,2,wk inc flu hosp,2026-03-21,quantile,0.05,21
2026-03-07,54,2,wk inc flu hosp,2026-03-21,quantile,0.1,35
2026-03-07,54,2,wk inc flu hosp,2026-03-21,quantile,0.15,42
2026-03-07,54,2,wk inc flu hosp,2026-03-21,quantile,0.2,46
2026-03-07,54,2,wk inc flu hosp,2026-03-21,quantile,0.25,53
2026-03-07,54,2,wk inc flu hosp,2026-03-21,quantile,0.3,57
2026-03-07,54,2,wk inc flu hosp,2026-03-21,quantile,0.35,61
2026-03-07,54,2,wk inc flu hosp,2026-03-21,quantile,0.4,65
2026-03-07,54,2,wk inc flu hosp,2026-03-21,quantile,0.45,72
2026-03-07,54,2,wk inc flu hosp,2026-03-21,quantile,0.5,79
2026-03-07,54,2,wk inc flu hosp,2026-03-21,quantile,0.55,82
2026-03-07,54,2,wk inc flu hosp,2026-03-21,quantile,0.6,91
2026-03-07,54,2,wk inc flu hosp,2026-03-21,quantile,0.65,98
2026-03-07,54,2,wk inc flu hosp,2026-03-21,quantile,0.7,105
2026-03-07,54,2,wk inc flu hosp,2026-03-21,quantile,0.75,116
2026-03-07,54,2,wk inc flu hosp,2026-03-21,quantile,0.8,127
2026-03-07,54,2,wk inc flu hosp,2026-03-21,quantile,0.85,140
2026-03-07,54,2,wk inc flu hosp,2026-03-21,quantile,0.9,157
2026-03-07,54,2,wk inc flu hosp,2026-03-21,quantile,0.95,183
2026-03-07,54,2,wk inc flu hosp,2026-03-21,quantile,0.975,206
2026-03-07,54,2,wk inc flu hosp,2026-03-21,quantile,0.99,238
2026-03-07,54,3,wk inc flu hosp,2026-03-28,quantile,0.01,7
2026-03-07,54,3,wk inc flu hosp,2026-03-28,quantile,0.025,12
2026-03-07,54,3,wk inc flu hosp,2026-03-28,quantile,0.05,17
2026-03-07,54,3,wk inc flu hosp,2026-03-28,quantile,0.1,27
2026-03-07,54,3,wk inc flu hosp,2026-03-28,quantile,0.15,30
2026-03-07,54,3,wk inc flu hosp,2026-03-28,quantile,0.2,33
2026-03-07,54,3,wk inc flu hosp,2026-03-28,quantile,0.25,36
2026-03-07,54,3,wk inc flu hosp,2026-03-28,quantile,0.3,44
2026-03-07,54,3,wk inc flu hosp,2026-03-28,quantile,0.35,47
2026-03-07,54,3,wk inc flu hosp,2026-03-28,quantile,0.4,52
2026-03-07,54,3,wk inc flu hosp,2026-03-28,quantile,0.45,59
2026-03-07,54,3,wk inc flu hosp,2026-03-28,quantile,0.5,64
2026-03-07,54,3,wk inc flu hosp,2026-03-28,quantile,0.55,70
2026-03-07,54,3,wk inc flu hosp,2026-03-28,quantile,0.6,77
2026-03-07,54,3,wk inc flu hosp,2026-03-28,quantile,0.65,82
2026-03-07,54,3,wk inc flu hosp,2026-03-28,quantile,0.7,88
2026-03-07,54,3,wk inc flu hosp,2026-03-28,quantile,0.75,98
2026-03-07,54,3,wk inc flu hosp,2026-03-28,quantile,0.8,111
2026-03-07,54,3,wk inc flu hosp,2026-03-28,quantile,0.85,121
2026-03-07,54,3,wk inc flu hosp,2026-03-28,quantile,0.9,133
2026-03-07,54,3,wk inc flu hosp,2026-03-28,quantile,0.95,170
2026-03-07,54,3,wk inc flu hosp,2026-03-28,quantile,0.975,207
2026-03-07,54,3,wk inc flu hosp,2026-03-28,quantile,0.99,241
2026-03-07,55,0,wk inc flu hosp,2026-03-07,quantile,0.01,67
2026-03-07,55,0,wk inc flu hosp,2026-03-07,quantile,0.025,81
2026-03-07,55,0,wk inc flu hosp,2026-03-07,quantile,0.05,96
2026-03-07,55,0,wk inc flu hosp,2026-03-07,quantile,0.1,116
2026-03-07,55,0,wk inc flu hosp,2026-03-07,quantile,0.15,127
2026-03-07,55,0,wk inc flu hosp,2026-03-07,quantile,0.2,137
2026-03-07,55,0,wk inc flu hosp,2026-03-07,quantile,0.25,144
2026-03-07,55,0,wk inc flu hosp,2026-03-07,quantile,0.3,151
2026-03-07,55,0,wk inc flu hosp,2026-03-07,quantile,0.35,157
2026-03-07,55,0,wk inc flu hosp,2026-03-07,quantile,0.4,162
2026-03-07,55,0,wk inc flu hosp,2026-03-07,quantile,0.45,170
2026-03-07,55,0,wk inc flu hosp,2026-03-07,quantile,0.5,176
2026-03-07,55,0,wk inc flu hosp,2026-03-07,quantile,0.55,183
2026-03-07,55,0,wk inc flu hosp,2026-03-07,quantile,0.6,190
2026-03-07,55,0,wk inc flu hosp,2026-03-07,quantile,0.65,199
2026-03-07,55,0,wk inc flu hosp,2026-03-07,quantile,0.7,208
2026-03-07,55,0,wk inc flu hosp,2026-03-07,quantile,0.75,217
2026-03-07,55,0,wk inc flu hosp,2026-03-07,quantile,0.8,224
2026-03-07,55,0,wk inc flu hosp,2026-03-07,quantile,0.85,235
2026-03-07,55,0,wk inc flu hosp,2026-03-07,quantile,0.9,255
2026-03-07,55,0,wk inc flu hosp,2026-03-07,quantile,0.95,287
2026-03-07,55,0,wk inc flu hosp,2026-03-07,quantile,0.975,307
2026-03-07,55,0,wk inc flu hosp,2026-03-07,quantile,0.99,330
2026-03-07,55,1,wk inc flu hosp,2026-03-14,quantile,0.01,39
2026-03-07,55,1,wk inc flu hosp,2026-03-14,quantile,0.025,48
2026-03-07,55,1,wk inc flu hosp,2026-03-14,quantile,0.05,56
2026-03-07,55,1,wk inc flu hosp,2026-03-14,quantile,0.1,76
2026-03-07,55,1,wk inc flu hosp,2026-03-14,quantile,0.15,88
2026-03-07,55,1,wk inc flu hosp,2026-03-14,quantile,0.2,100
2026-03-07,55,1,wk inc flu hosp,2026-03-14,quantile,0.25,108
2026-03-07,55,1,wk inc flu hosp,2026-03-14,quantile,0.3,115
2026-03-07,55,1,wk inc flu hosp,2026-03-14,quantile,0.35,125
2026-03-07,55,1,wk inc flu hosp,2026-03-14,quantile,0.4,135
2026-03-07,55,1,wk inc flu hosp,2026-03-14,quantile,0.45,143
2026-03-07,55,1,wk inc flu hosp,2026-03-14,quantile,0.5,155
2026-03-07,55,1,wk inc flu hosp,2026-03-14,quantile,0.55,159
2026-03-07,55,1,wk inc flu hosp,2026-03-14,quantile,0.6,173
2026-03-07,55,1,wk inc flu hosp,2026-03-14,quantile,0.65,178
2026-03-07,55,1,wk inc flu hosp,2026-03-14,quantile,0.7,190
2026-03-07,55,1,wk inc flu hosp,2026-03-14,quantile,0.75,200
2026-03-07,55,1,wk inc flu hosp,2026-03-14,quantile,0.8,210
2026-03-07,55,1,wk inc flu hosp,2026-03-14,quantile,0.85,224
2026-03-07,55,1,wk inc flu hosp,2026-03-14,quantile,0.9,247
2026-03-07,55,1,wk inc flu hosp,2026-03-14,quantile,0.95,278
2026-03-07,55,1,wk inc flu hosp,2026-03-14,quantile,0.975,301
2026-03-07,55,1,wk inc flu hosp,2026-03-14,quantile,0.99,358
2026-03-07,55,2,wk inc flu hosp,2026-03-21,quantile,0.01,21
2026-03-07,55,2,wk inc flu hosp,2026-03-21,quantile,0.025,29
2026-03-07,55,2,wk inc flu hosp,2026-03-21,quantile,0.05,41
2026-03-07,55,2,wk inc flu hosp,2026-03-21,quantile,0.1,56
2026-03-07,55,2,wk inc flu hosp,2026-03-21,quantile,0.15,67
2026-03-07,55,2,wk inc flu hosp,2026-03-21,quantile,0.2,73
2026-03-07,55,2,wk inc flu hosp,2026-03-21,quantile,0.25,86
2026-03-07,55,2,wk inc flu hosp,2026-03-21,quantile,0.3,97
2026-03-07,55,2,wk inc flu hosp,2026-03-21,quantile,0.35,105
2026-03-07,55,2,wk inc flu hosp,2026-03-21,quantile,0.4,112
2026-03-07,55,2,wk inc flu hosp,2026-03-21,quantile,0.45,120
2026-03-07,55,2,wk inc flu hosp,2026-03-21,quantile,0.5,130
2026-03-07,55,2,wk inc flu hosp,2026-03-21,quantile,0.55,139
2026-03-07,55,2,wk inc flu hosp,2026-03-21,quantile,0.6,147
2026-03-07,55,2,wk inc flu hosp,2026-03-21,quantile,0.65,157
2026-03-07,55,2,wk inc flu hosp,2026-03-21,quantile,0.7,167
2026-03-07,55,2,wk inc flu hosp,2026-03-21,quantile,0.75,181
2026-03-07,55,2,wk inc flu hosp,2026-03-21,quantile,0.8,196
2026-03-07,55,2,wk inc flu hosp,2026-03-21,quantile,0.85,216
2026-03-07,55,2,wk inc flu hosp,2026-03-21,quantile,0.9,244
2026-03-07,55,2,wk inc flu hosp,2026-03-21,quantile,0.95,288
2026-03-07,55,2,wk inc flu hosp,2026-03-21,quantile,0.975,320
2026-03-07,55,2,wk inc flu hosp,2026-03-21,quantile,0.99,356
2026-03-07,55,3,wk inc flu hosp,2026-03-28,quantile,0.01,10
2026-03-07,55,3,wk inc flu hosp,2026-03-28,quantile,0.025,16
2026-03-07,55,3,wk inc flu hosp,2026-03-28,quantile,0.05,24
2026-03-07,55,3,wk inc flu hosp,2026-03-28,quantile,0.1,34
2026-03-07,55,3,wk inc flu hosp,2026-03-28,quantile,0.15,45
2026-03-07,55,3,wk inc flu hosp,2026-03-28,quantile,0.2,51
2026-03-07,55,3,wk inc flu hosp,2026-03-28,quantile,0.25,59
2026-03-07,55,3,wk inc flu hosp,2026-03-28,quantile,0.3,68
2026-03-07,55,3,wk inc flu hosp,2026-03-28,quantile,0.35,75
2026-03-07,55,3,wk inc flu hosp,2026-03-28,quantile,0.4,88
2026-03-07,55,3,wk inc flu hosp,2026-03-28,quantile,0.45,97
2026-03-07,55,3,wk inc flu hosp,2026-03-28,quantile,0.5,105
2026-03-07,55,3,wk inc flu hosp,2026-03-28,quantile,0.55,115
2026-03-07,55,3,wk inc flu hosp,2026-03-28,quantile,0.6,125
2026-03-07,55,3,wk inc flu hosp,2026-03-28,quantile,0.65,135
2026-03-07,55,3,wk inc flu hosp,2026-03-28,quantile,0.7,145
2026-03-07,55,3,wk inc flu hosp,2026-03-28,quantile,0.75,160
2026-03-07,55,3,wk inc flu hosp,2026-03-28,quantile,0.8,175
2026-03-07,55,3,wk inc flu hosp,2026-03-28,quantile,0.85,198
2026-03-07,55,3,wk inc flu hosp,2026-03-28,quantile,0.9,225
2026-03-07,55,3,wk inc flu hosp,2026-03-28,quantile,0.95,282
2026-03-07,55,3,wk inc flu hosp,2026-03-28,quantile,0.975,317
2026-03-07,55,3,wk inc flu hosp,2026-03-28,quantile,0.99,390
2026-03-07,56,0,wk inc flu hosp,2026-03-07,quantile,0.01,2
2026-03-07,56,0,wk inc flu hosp,2026-03-07,quantile,0.025,3
2026-03-07,56,0,wk inc flu hosp,2026-03-07,quantile,0.05,4
2026-03-07,56,0,wk inc flu hosp,2026-03-07,quantile,0.1,5
2026-03-07,56,0,wk inc flu hosp,2026-03-07,quantile,0.15,6
2026-03-07,56,0,wk inc flu hosp,2026-03-07,quantile,0.2,6
2026-03-07,56,0,wk inc flu hosp,2026-03-07,quantile,0.25,7
2026-03-07,56,0,wk inc flu hosp,2026-03-07,quantile,0.3,8
2026-03-07,56,0,wk inc flu hosp,2026-03-07,quantile,0.35,10
2026-03-07,56,0,wk inc flu hosp,2026-03-07,quantile,0.4,11
2026-03-07,56,0,wk inc flu hosp,2026-03-07,quantile,0.45,12
2026-03-07,56,0,wk inc flu hosp,2026-03-07,quantile,0.5,13
2026-03-07,56,0,wk inc flu hosp,2026-03-07,quantile,0.55,14
2026-03-07,56,0,wk inc flu hosp,2026-03-07,quantile,0.6,14
2026-03-07,56,0,wk inc flu hosp,2026-03-07,quantile,0.65,15
2026-03-07,56,0,wk inc flu hosp,2026-03-07,quantile,0.7,17
2026-03-07,56,0,wk inc flu hosp,2026-03-07,quantile,0.75,18
2026-03-07,56,0,wk inc flu hosp,2026-03-07,quantile,0.8,19
2026-03-07,56,0,wk inc flu hosp,2026-03-07,quantile,0.85,21
2026-03-07,56,0,wk inc flu hosp,2026-03-07,quantile,0.9,24
2026-03-07,56,0,wk inc flu hosp,2026-03-07,quantile,0.95,27
2026-03-07,56,0,wk inc flu hosp,2026-03-07,quantile,0.975,30
2026-03-07,56,0,wk inc flu hosp,2026-03-07,quantile,0.99,37
2026-03-07,56,1,wk inc flu hosp,2026-03-14,quantile,0.01,1
2026-03-07,56,1,wk inc flu hosp,2026-03-14,quantile,0.025,1
2026-03-07,56,1,wk inc flu hosp,2026-03-14,quantile,0.05,2
2026-03-07,56,1,wk inc flu hosp,2026-03-14,quantile,0.1,3
2026-03-07,56,1,wk inc flu hosp,2026-03-14,quantile,0.15,4
2026-03-07,56,1,wk inc flu hosp,2026-03-14,quantile,0.2,5
2026-03-07,56,1,wk inc flu hosp,2026-03-14,quantile,0.25,6
2026-03-07,56,1,wk inc flu hosp,2026-03-14,quantile,0.3,7
2026-03-07,56,1,wk inc flu hosp,2026-03-14,quantile,0.35,8
2026-03-07,56,1,wk inc flu hosp,2026-03-14,quantile,0.4,9
2026-03-07,56,1,wk inc flu hosp,2026-03-14,quantile,0.45,10
2026-03-07,56,1,wk inc flu hosp,2026-03-14,quantile,0.5,12
2026-03-07,56,1,wk inc flu hosp,2026-03-14,quantile,0.55,12
2026-03-07,56,1,wk inc flu hosp,2026-03-14,quantile,0.6,14
2026-03-07,56,1,wk inc flu hosp,2026-03-14,quantile,0.65,15
2026-03-07,56,1,wk inc flu hosp,2026-03-14,quantile,0.7,16
2026-03-07,56,1,wk inc flu hosp,2026-03-14,quantile,0.75,17
2026-03-07,56,1,wk inc flu hosp,2026-03-14,quantile,0.8,19
2026-03-07,56,1,wk inc flu hosp,2026-03-14,quantile,0.85,21
2026-03-07,56,1,wk inc flu hosp,2026-03-14,quantile,0.9,24
2026-03-07,56,1,wk inc flu hosp,2026-03-14,quantile,0.95,29
2026-03-07,56,1,wk inc flu hosp,2026-03-14,quantile,0.975,34
2026-03-07,56,1,wk inc flu hosp,2026-03-14,quantile,0.99,41
2026-03-07,56,2,wk inc flu hosp,2026-03-21,quantile,0.01,0
2026-03-07,56,2,wk inc flu hosp,2026-03-21,quantile,0.025,0
2026-03-07,56,2,wk inc flu hosp,2026-03-21,quantile,0.05,1
2026-03-07,56,2,wk inc flu hosp,2026-03-21,quantile,0.1,2
2026-03-07,56,2,wk inc flu hosp,2026-03-21,quantile,0.15,3
2026-03-07,56,2,wk inc flu hosp,2026-03-21,quantile,0.2,4
2026-03-07,56,2,wk inc flu hosp,2026-03-21,quantile,0.25,5
2026-03-07,56,2,wk inc flu hosp,2026-03-21,quantile,0.3,6
2026-03-07,56,2,wk inc flu hosp,2026-03-21,quantile,0.35,7
2026-03-07,56,2,wk inc flu hosp,2026-03-21,quantile,0.4,8
2026-03-07,56,2,wk inc flu hosp,2026-03-21,quantile,0.45,9
2026-03-07,56,2,wk inc flu hosp,2026-03-21,quantile,0.5,11
2026-03-07,56,2,wk inc flu hosp,2026-03-21,quantile,0.55,11
2026-03-07,56,2,wk inc flu hosp,2026-03-21,quantile,0.6,12
2026-03-07,56,2,wk inc flu hosp,2026-03-21,quantile,0.65,14
2026-03-07,56,2,wk inc flu hosp,2026-03-21,quantile,0.7,15
2026-03-07,56,2,wk inc flu hosp,2026-03-21,quantile,0.75,17
2026-03-07,56,2,wk inc flu hosp,2026-03-21,quantile,0.8,18
2026-03-07,56,2,wk inc flu hosp,2026-03-21,quantile,0.85,21
2026-03-07,56,2,wk inc flu hosp,2026-03-21,quantile,0.9,25
2026-03-07,56,2,wk inc flu hosp,2026-03-21,quantile,0.95,31
2026-03-07,56,2,wk inc flu hosp,2026-03-21,quantile,0.975,36
2026-03-07,56,2,wk inc flu hosp,2026-03-21,quantile,0.99,43
2026-03-07,56,3,wk inc flu hosp,2026-03-28,quantile,0.01,0
2026-03-07,56,3,wk inc flu hosp,2026-03-28,quantile,0.025,0
2026-03-07,56,3,wk inc flu hosp,2026-03-28,quantile,0.05,1
2026-03-07,56,3,wk inc flu hosp,2026-03-28,quantile,0.1,1
2026-03-07,56,3,wk inc flu hosp,2026-03-28,quantile,0.15,2
2026-03-07,56,3,wk inc flu hosp,2026-03-28,quantile,0.2,3
2026-03-07,56,3,wk inc flu hosp,2026-03-28,quantile,0.25,4
2026-03-07,56,3,wk inc flu hosp,2026-03-28,quantile,0.3,5
2026-03-07,56,3,wk inc flu hosp,2026-03-28,quantile,0.35,6
2026-03-07,56,3,wk inc flu hosp,2026-03-28,quantile,0.4,7
2026-03-07,56,3,wk inc flu hosp,2026-03-28,quantile,0.45,8
2026-03-07,56,3,wk inc flu hosp,2026-03-28,quantile,0.5,9
2026-03-07,56,3,wk inc flu hosp,2026-03-28,quantile,0.55,11
2026-03-07,56,3,wk inc flu hosp,2026-03-28,quantile,0.6,11
2026-03-07,56,3,wk inc flu hosp,2026-03-28,quantile,0.65,13
2026-03-07,56,3,wk inc flu hosp,2026-03-28,quantile,0.7,14
2026-03-07,56,3,wk inc flu hosp,2026-03-28,quantile,0.75,15
2026-03-07,56,3,wk inc flu hosp,2026-03-28,quantile,0.8,17
2026-03-07,56,3,wk inc flu hosp,2026-03-28,quantile,0.85,19
2026-03-07,56,3,wk inc flu hosp,2026-03-28,quantile,0.9,24
2026-03-07,56,3,wk inc flu hosp,2026-03-28,quantile,0.95,31
2026-03-07,56,3,wk inc flu hosp,2026-03-28,quantile,0.975,40
2026-03-07,56,3,wk inc flu hosp,2026-03-28,quantile,0.99,45
2026-03-07,72,0,wk inc flu hosp,2026-03-07,quantile,0.01,39
2026-03-07,72,0,wk inc flu hosp,2026-03-07,quantile,0.025,46
2026-03-07,72,0,wk inc flu hosp,2026-03-07,quantile,0.05,54
2026-03-07,72,0,wk inc flu hosp,2026-03-07,quantile,0.1,64
2026-03-07,72,0,wk inc flu hosp,2026-03-07,quantile,0.15,72
2026-03-07,72,0,wk inc flu hosp,2026-03-07,quantile,0.2,78
2026-03-07,72,0,wk inc flu hosp,2026-03-07,quantile,0.25,83
2026-03-07,72,0,wk inc flu hosp,2026-03-07,quantile,0.3,87
2026-03-07,72,0,wk inc flu hosp,2026-03-07,quantile,0.35,92
2026-03-07,72,0,wk inc flu hosp,2026-03-07,quantile,0.4,98
2026-03-07,72,0,wk inc flu hosp,2026-03-07,quantile,0.45,102
2026-03-07,72,0,wk inc flu hosp,2026-03-07,quantile,0.5,107
2026-03-07,72,0,wk inc flu hosp,2026-03-07,quantile,0.55,111
2026-03-07,72,0,wk inc flu hosp,2026-03-07,quantile,0.6,116
2026-03-07,72,0,wk inc flu hosp,2026-03-07,quantile,0.65,121
2026-03-07,72,0,wk inc flu hosp,2026-03-07,quantile,0.7,129
2026-03-07,72,0,wk inc flu hosp,2026-03-07,quantile,0.75,137
2026-03-07,72,0,wk inc flu hosp,2026-03-07,quantile,0.8,144
2026-03-07,72,0,wk inc flu hosp,2026-03-07,quantile,0.85,154
2026-03-07,72,0,wk inc flu hosp,2026-03-07,quantile,0.9,166
2026-03-07,72,0,wk inc flu hosp,2026-03-07,quantile,0.95,184
2026-03-07,72,0,wk inc flu hosp,2026-03-07,quantile,0.975,202
2026-03-07,72,0,wk inc flu hosp,2026-03-07,quantile,0.99,223
2026-03-07,72,1,wk inc flu hosp,2026-03-14,quantile,0.01,28
2026-03-07,72,1,wk inc flu hosp,2026-03-14,quantile,0.025,35
2026-03-07,72,1,wk inc flu hosp,2026-03-14,quantile,0.05,42
2026-03-07,72,1,wk inc flu hosp,2026-03-14,quantile,0.1,51
2026-03-07,72,1,wk inc flu hosp,2026-03-14,quantile,0.15,58
2026-03-07,72,1,wk inc flu hosp,2026-03-14,quantile,0.2,65
2026-03-07,72,1,wk inc flu hosp,2026-03-14,quantile,0.25,72
2026-03-07,72,1,wk inc flu hosp,2026-03-14,quantile,0.3,77
2026-03-07,72,1,wk inc flu hosp,2026-03-14,quantile,0.35,83
2026-03-07,72,1,wk inc flu hosp,2026-03-14,quantile,0.4,88
2026-03-07,72,1,wk inc flu hosp,2026-03-14,quantile,0.45,93
2026-03-07,72,1,wk inc flu hosp,2026-03-14,quantile,0.5,99
2026-03-07,72,1,wk inc flu hosp,2026-03-14,quantile,0.55,104
2026-03-07,72,1,wk inc flu hosp,2026-03-14,quantile,0.6,110
2026-03-07,72,1,wk inc flu hosp,2026-03-14,quantile,0.65,118
2026-03-07,72,1,wk inc flu hosp,2026-03-14,quantile,0.7,128
2026-03-07,72,1,wk inc flu hosp,2026-03-14,quantile,0.75,136
2026-03-07,72,1,wk inc flu hosp,2026-03-14,quantile,0.8,146
2026-03-07,72,1,wk inc flu hosp,2026-03-14,quantile,0.85,156
2026-03-07,72,1,wk inc flu hosp,2026-03-14,quantile,0.9,170
2026-03-07,72,1,wk inc flu hosp,2026-03-14,quantile,0.95,198
2026-03-07,72,1,wk inc flu hosp,2026-03-14,quantile,0.975,219
2026-03-07,72,1,wk inc flu hosp,2026-03-14,quantile,0.99,253
2026-03-07,72,2,wk inc flu hosp,2026-03-21,quantile,0.01,21
2026-03-07,72,2,wk inc flu hosp,2026-03-21,quantile,0.025,28
2026-03-07,72,2,wk inc flu hosp,2026-03-21,quantile,0.05,34
2026-03-07,72,2,wk inc flu hosp,2026-03-21,quantile,0.1,43
2026-03-07,72,2,wk inc flu hosp,2026-03-21,quantile,0.15,48
2026-03-07,72,2,wk inc flu hosp,2026-03-21,quantile,0.2,56
2026-03-07,72,2,wk inc flu hosp,2026-03-21,quantile,0.25,63
2026-03-07,72,2,wk inc flu hosp,2026-03-21,quantile,0.3,71
2026-03-07,72,2,wk inc flu hosp,2026-03-21,quantile,0.35,76
2026-03-07,72,2,wk inc flu hosp,2026-03-21,quantile,0.4,81
2026-03-07,72,2,wk inc flu hosp,2026-03-21,quantile,0.45,85
2026-03-07,72,2,wk inc flu hosp,2026-03-21,quantile,0.5,93
2026-03-07,72,2,wk inc flu hosp,2026-03-21,quantile,0.55,99
2026-03-07,72,2,wk inc flu hosp,2026-03-21,quantile,0.6,106
2026-03-07,72,2,wk inc flu hosp,2026-03-21,quantile,0.65,114
2026-03-07,72,2,wk inc flu hosp,2026-03-21,quantile,0.7,122
2026-03-07,72,2,wk inc flu hosp,2026-03-21,quantile,0.75,130
2026-03-07,72,2,wk inc flu hosp,2026-03-21,quantile,0.8,140
2026-03-07,72,2,wk inc flu hosp,2026-03-21,quantile,0.85,154
2026-03-07,72,2,wk inc flu hosp,2026-03-21,quantile,0.9,171
2026-03-07,72,2,wk inc flu hosp,2026-03-21,quantile,0.95,203
2026-03-07,72,2,wk inc flu hosp,2026-03-21,quantile,0.975,231
2026-03-07,72,2,wk inc flu hosp,2026-03-21,quantile,0.99,280
2026-03-07,72,3,wk inc flu hosp,2026-03-28,quantile,0.01,13
2026-03-07,72,3,wk inc flu hosp,2026-03-28,quantile,0.025,20
2026-03-07,72,3,wk inc flu hosp,2026-03-28,quantile,0.05,25
2026-03-07,72,3,wk inc flu hosp,2026-03-28,quantile,0.1,31
2026-03-07,72,3,wk inc flu hosp,2026-03-28,quantile,0.15,37
2026-03-07,72,3,wk inc flu hosp,2026-03-28,quantile,0.2,47
2026-03-07,72,3,wk inc flu hosp,2026-03-28,quantile,0.25,55
2026-03-07,72,3,wk inc flu hosp,2026-03-28,quantile,0.3,65
2026-03-07,72,3,wk inc flu hosp,2026-03-28,quantile,0.35,71
2026-03-07,72,3,wk inc flu hosp,2026-03-28,quantile,0.4,75
2026-03-07,72,3,wk inc flu hosp,2026-03-28,quantile,0.45,81
2026-03-07,72,3,wk inc flu hosp,2026-03-28,quantile,0.5,88
2026-03-07,72,3,wk inc flu hosp,2026-03-28,quantile,0.55,96
2026-03-07,72,3,wk inc flu hosp,2026-03-28,quantile,0.6,100
2026-03-07,72,3,wk inc flu hosp,2026-03-28,quantile,0.65,107
2026-03-07,72,3,wk inc flu hosp,2026-03-28,quantile,0.7,116
2026-03-07,72,3,wk inc flu hosp,2026-03-28,quantile,0.75,126
2026-03-07,72,3,wk inc flu hosp,2026-03-28,quantile,0.8,138
2026-03-07,72,3,wk inc flu hosp,2026-03-28,quantile,0.85,156
2026-03-07,72,3,wk inc flu hosp,2026-03-28,quantile,0.9,170
2026-03-07,72,3,wk inc flu hosp,2026-03-28,quantile,0.95,213
2026-03-07,72,3,wk inc flu hosp,2026-03-28,quantile,0.975,243
2026-03-07,72,3,wk inc flu hosp,2026-03-28,quantile,0.99,292
2026-03-07,US,0,wk inc flu hosp,2026-03-07,quantile,0.01,4768
2026-03-07,US,0,wk inc flu hosp,2026-03-07,quantile,0.025,5480
2026-03-07,US,0,wk inc flu hosp,2026-03-07,quantile,0.05,6108
2026-03-07,US,0,wk inc flu hosp,2026-03-07,quantile,0.1,6530
2026-03-07,US,0,wk inc flu hosp,2026-03-07,quantile,0.15,6925
2026-03-07,US,0,wk inc flu hosp,2026-03-07,quantile,0.2,7401
2026-03-07,US,0,wk inc flu hosp,2026-03-07,quantile,0.25,7682
2026-03-07,US,0,wk inc flu hosp,2026-03-07,quantile,0.3,7975
2026-03-07,US,0,wk inc flu hosp,2026-03-07,quantile,0.35,8257
2026-03-07,US,0,wk inc flu hosp,2026-03-07,quantile,0.4,8510
2026-03-07,US,0,wk inc flu hosp,2026-03-07,quantile,0.45,8630
2026-03-07,US,0,wk inc flu hosp,2026-03-07,quantile,0.5,8894
2026-03-07,US,0,wk inc flu hosp,2026-03-07,quantile,0.55,9234
2026-03-07,US,0,wk inc flu hosp,2026-03-07,quantile,0.6,9661
2026-03-07,US,0,wk inc flu hosp,2026-03-07,quantile,0.65,10014
2026-03-07,US,0,wk inc flu hosp,2026-03-07,quantile,0.7,10405
2026-03-07,US,0,wk inc flu hosp,2026-03-07,quantile,0.75,10670
2026-03-07,US,0,wk inc flu hosp,2026-03-07,quantile,0.8,11106
2026-03-07,US,0,wk inc flu hosp,2026-03-07,quantile,0.85,11674
2026-03-07,US,0,wk inc flu hosp,2026-03-07,quantile,0.9,12341
2026-03-07,US,0,wk inc flu hosp,2026-03-07,quantile,0.95,13259
2026-03-07,US,0,wk inc flu hosp,2026-03-07,quantile,0.975,14200
2026-03-07,US,0,wk inc flu hosp,2026-03-07,quantile,0.99,15276
2026-03-07,US,1,wk inc flu hosp,2026-03-14,quantile,0.01,2713
2026-03-07,US,1,wk inc flu hosp,2026-03-14,quantile,0.025,3355
2026-03-07,US,1,wk inc flu hosp,2026-03-14,quantile,0.05,3865
2026-03-07,US,1,wk inc flu hosp,2026-03-14,quantile,0.1,4718
2026-03-07,US,1,wk inc flu hosp,2026-03-14,quantile,0.15,5254
2026-03-07,US,1,wk inc flu hosp,2026-03-14,quantile,0.2,5800
2026-03-07,US,1,wk inc flu hosp,2026-03-14,quantile,0.25,6136
2026-03-07,US,1,wk inc flu hosp,2026-03-14,quantile,0.3,6529
2026-03-07,US,1,wk inc flu hosp,2026-03-14,quantile,0.35,6893
2026-03-07,US,1,wk inc flu hosp,2026-03-14,quantile,0.4,7265
2026-03-07,US,1,wk inc flu hosp,2026-03-14,quantile,0.45,7592
2026-03-07,US,1,wk inc flu hosp,2026-03-14,quantile,0.5,7995
2026-03-07,US,1,wk inc flu hosp,2026-03-14,quantile,0.55,8172
2026-03-07,US,1,wk inc flu hosp,2026-03-14,quantile,0.6,8443
2026-03-07,US,1,wk inc flu hosp,2026-03-14,quantile,0.65,8827
2026-03-07,US,1,wk inc flu hosp,2026-03-14,quantile,0.7,9268
2026-03-07,US,1,wk inc flu hosp,2026-03-14,quantile,0.75,9841
2026-03-07,US,1,wk inc flu hosp,2026-03-14,quantile,0.8,10516
2026-03-07,US,1,wk inc flu hosp,2026-03-14,quantile,0.85,11096
2026-03-07,US,1,wk inc flu hosp,2026-03-14,quantile,0.9,11943
2026-03-07,US,1,wk inc flu hosp,2026-03-14,quantile,0.95,13608
2026-03-07,US,1,wk inc flu hosp,2026-03-14,quantile,0.975,15188
2026-03-07,US,1,wk inc flu hosp,2026-03-14,quantile,0.99,16714
2026-03-07,US,2,wk inc flu hosp,2026-03-21,quantile,0.01,1812
2026-03-07,US,2,wk inc flu hosp,2026-03-21,quantile,0.025,2121
2026-03-07,US,2,wk inc flu hosp,2026-03-21,quantile,0.05,2487
2026-03-07,US,2,wk inc flu hosp,2026-03-21,quantile,0.1,3567
2026-03-07,US,2,wk inc flu hosp,2026-03-21,quantile,0.15,3997
2026-03-07,US,2,wk inc flu hosp,2026-03-21,quantile,0.2,4524
2026-03-07,US,2,wk inc flu hosp,2026-03-21,quantile,0.25,4815
2026-03-07,US,2,wk inc flu hosp,2026-03-21,quantile,0.3,5051
2026-03-07,US,2,wk inc flu hosp,2026-03-21,quantile,0.35,5581
2026-03-07,US,2,wk inc flu hosp,2026-03-21,quantile,0.4,6054
2026-03-07,US,2,wk inc flu hosp,2026-03-21,quantile,0.45,6363
2026-03-07,US,2,wk inc flu hosp,2026-03-21,quantile,0.5,6704
2026-03-07,US,2,wk inc flu hosp,2026-03-21,quantile,0.55,7056
2026-03-07,US,2,wk inc flu hosp,2026-03-21,quantile,0.6,7454
2026-03-07,US,2,wk inc flu hosp,2026-03-21,quantile,0.65,7865
2026-03-07,US,2,wk inc flu hosp,2026-03-21,quantile,0.7,8341
2026-03-07,US,2,wk inc flu hosp,2026-03-21,quantile,0.75,8908
2026-03-07,US,2,wk inc flu hosp,2026-03-21,quantile,0.8,9523
2026-03-07,US,2,wk inc flu hosp,2026-03-21,quantile,0.85,10565
2026-03-07,US,2,wk inc flu hosp,2026-03-21,quantile,0.9,11593
2026-03-07,US,2,wk inc flu hosp,2026-03-21,quantile,0.95,13461
2026-03-07,US,2,wk inc flu hosp,2026-03-21,quantile,0.975,14898
2026-03-07,US,2,wk inc flu hosp,2026-03-21,quantile,0.99,16472
2026-03-07,US,3,wk inc flu hosp,2026-03-28,quantile,0.01,1030
2026-03-07,US,3,wk inc flu hosp,2026-03-28,quantile,0.025,1388
2026-03-07,US,3,wk inc flu hosp,2026-03-28,quantile,0.05,1779
2026-03-07,US,3,wk inc flu hosp,2026-03-28,quantile,0.1,2646
2026-03-07,US,3,wk inc flu hosp,2026-03-28,quantile,0.15,3157
2026-03-07,US,3,wk inc flu hosp,2026-03-28,quantile,0.2,3607
2026-03-07,US,3,wk inc flu hosp,2026-03-28,quantile,0.25,3891
2026-03-07,US,3,wk inc flu hosp,2026-03-28,quantile,0.3,4248
2026-03-07,US,3,wk inc flu hosp,2026-03-28,quantile,0.35,4777
2026-03-07,US,3,wk inc flu hosp,2026-03-28,quantile,0.4,5293
2026-03-07,US,3,wk inc flu hosp,2026-03-28,quantile,0.45,5545
2026-03-07,US,3,wk inc flu hosp,2026-03-28,quantile,0.5,6026
2026-03-07,US,3,wk inc flu hosp,2026-03-28,quantile,0.55,6388
2026-03-07,US,3,wk inc flu hosp,2026-03-28,quantile,0.6,6544
2026-03-07,US,3,wk inc flu hosp,2026-03-28,quantile,0.65,6640
2026-03-07,US,3,wk inc flu hosp,2026-03-28,quantile,0.7,7035
2026-03-07,US,3,wk inc flu hosp,2026-03-28,quantile,0.75,7622
2026-03-07,US,3,wk inc flu hosp,2026-03-28,quantile,0.8,8354
2026-03-07,US,3,wk inc flu hosp,2026-03-28,quantile,0.85,9449
2026-03-07,US,3,wk inc flu hosp,2026-03-28,quantile,0.9,10789
2026-03-07,US,3,wk inc flu hosp,2026-03-28,quantile,0.95,13189
2026-03-07,US,3,wk inc flu hosp,2026-03-28,quantile,0.975,14851
2026-03-07,US,3,wk inc flu hosp,2026-03-28,quantile,0.99,16646
