reference_date,location,horizon,target,target_end_date,output_type,output_type_id,value
2026-03-28,01,0,wk inc flu hosp,2026-03-28,quantile,0.01,13
2026-03-28,01,0,wk inc flu hosp,2026-03-28,quantile,0.025,15
2026-03-28,01,0,wk inc flu hosp,2026-03-28,quantile,0.05,18
2026-03-28,01,0,wk inc flu hosp,2026-03-28,quantile,0.1,21
2026-03-28,01,0,wk inc flu hosp,2026-03-28,quantile,0.15,24
2026-03-28,01,0,wk inc flu hosp,2026-03-28,quantile,0.2,26
2026-03-28,01,0,wk inc flu hosp,2026-03-28,quantile,0.25,29
2026-03-28,01,0,wk inc flu hosp,2026-03-28,quantile,0.3,31
2026-03-28,01,0,wk inc flu hosp,2026-03-28,quantile,0.35,33
2026-03-28,01,0,wk inc flu hosp,2026-03-28,quantile,0.4,35
2026-03-28,01,0,wk inc flu hosp,2026-03-28,quantile,0.45,37
2026-03-28,01,0,wk inc flu hosp,2026-03-28,quantile,0.5,41
2026-03-28,01,0,wk inc flu hosp,2026-03-28,quantile,0.55,44
2026-03-28,01,0,wk inc flu hosp,2026-03-28,quantile,0.6,46
2026-03-28,01,0,wk inc flu hosp,2026-03-28,quantile,0.65,49
2026-03-28,01,0,wk inc flu hosp,2026-03-28,quantile,0.7,52
2026-03-28,01,0,wk inc flu hosp,2026-03-28,quantile,0.75,57
2026-03-28,01,0,wk inc flu hosp,2026-03-28,quantile,0.8,64
2026-03-28,01,0,wk inc flu hosp,2026-03-28,quantile,0.85,70
2026-03-28,01,0,wk inc flu hosp,2026-03-28,quantile,0.9,77
2026-03-28,01,0,wk inc flu hosp,2026-03-28,quantile,0.95,90
2026-03-28,01,0,wk inc flu hosp,2026-03-28,quantile,0.975,101
2026-03-28,01,0,wk inc flu hosp,2026-03-28,quantile,0.99,115
2026-03-28,01,1,wk inc flu hosp,2026-04-04,quantile,0.01,5
2026-03-28,01,1,wk inc flu hosp,2026-04-04,quantile,0.025,6
2026-03-28,01,1,wk inc flu hosp,2026-04-04,quantile,0.05,8
2026-03-28,01,1,wk inc flu hosp,2026-04-04,quantile,0.1,15
2026-03-28,01,1,wk inc flu hosp,2026-04-04,quantile,0.15,19
2026-03-28,01,1,wk inc flu hosp,2026-04-04,quantile,0.2,21
2026-03-28,01,1,wk inc flu hosp,2026-04-04,quantile,0.25,22
2026-03-28,01,1,wk inc flu hosp,2026-04-04,quantile,0.3,25
2026-03-28,01,1,wk inc flu hosp,2026-04-04,quantile,0.35,27
2026-03-28,01,1,wk inc flu hosp,2026-04-04,quantile,0.4,28
2026-03-28,01,1,wk inc flu hosp,2026-04-04,quantile,0.45,30
2026-03-28,01,1,wk inc flu hosp,2026-04-04,quantile,0.5,33
2026-03-28,01,1,wk inc flu hosp,2026-04-04,quantile,0.55,35
2026-03-28,01,1,wk inc flu hosp,2026-04-04,quantile,0.6,42
2026-03-28,01,1,wk inc flu hosp,2026-04-04,quantile,0.65,43
2026-03-28,01,1,wk inc flu hosp,2026-04-04,quantile,0.7,46
2026-03-28,01,1,wk inc flu hosp,2026-04-04,quantile,0.75,52
2026-03-28,01,1,wk inc flu hosp,2026-04-04,quantile,0.8,59
2026-03-28,01,1,wk inc flu hosp,2026-04-04,quantile,0.85,66
2026-03-28,01,1,wk inc flu hosp,2026-04-04,quantile,0.9,76
2026-03-28,01,1,wk inc flu hosp,2026-04-04,quantile,0.95,93
2026-03-28,01,1,wk inc flu hosp,2026-04-04,quantile,0.975,104
2026-03-28,01,1,wk inc flu hosp,2026-04-04,quantile,0.99,136
2026-03-28,01,2,wk inc flu hosp,2026-04-11,quantile,0.01,2
2026-03-28,01,2,wk inc flu hosp,2026-04-11,quantile,0.025,3
2026-03-28,01,2,wk inc flu hosp,2026-04-11,quantile,0.05,4
2026-03-28,01,2,wk inc flu hosp,2026-04-11,quantile,0.1,9
2026-03-28,01,2,wk inc flu hosp,2026-04-11,quantile,0.15,13
2026-03-28,01,2,wk inc flu hosp,2026-04-11,quantile,0.2,15
2026-03-28,01,2,wk inc flu hosp,2026-04-11,quantile,0.25,16
2026-03-28,01,2,wk inc flu hosp,2026-04-11,quantile,0.3,18
2026-03-28,01,2,wk inc flu hosp,2026-04-11,quantile,0.35,20
2026-03-28,01,2,wk inc flu hosp,2026-04-11,quantile,0.4,22
2026-03-28,01,2,wk inc flu hosp,2026-04-11,quantile,0.45,25
2026-03-28,01,2,wk inc flu hosp,2026-04-11,quantile,0.5,27
2026-03-28,01,2,wk inc flu hosp,2026-04-11,quantile,0.55,32
2026-03-28,01,2,wk inc flu hosp,2026-04-11,quantile,0.6,34
2026-03-28,01,2,wk inc flu hosp,2026-04-11,quantile,0.65,36
2026-03-28,01,2,wk inc flu hosp,2026-04-11,quantile,0.7,41
2026-03-28,01,2,wk inc flu hosp,2026-04-11,quantile,0.75,46
2026-03-28,01,2,wk inc flu hosp,2026-04-11,quantile,0.8,50
2026-03-28,01,2,wk inc flu hosp,2026-04-11,quantile,0.85,57
2026-03-28,01,2,wk inc flu hosp,2026-04-11,quantile,0.9,68
2026-03-28,01,2,wk inc flu hosp,2026-04-11,quantile,0.95,86
2026-03-28,01,2,wk inc flu hosp,2026-04-11,quantile,0.975,107
2026-03-28,01,2,wk inc flu hosp,2026-04-11,quantile,0.99,129
2026-03-28,01,3,wk inc flu hosp,2026-04-18,quantile,0.01,0
2026-03-28,01,3,wk inc flu hosp,2026-04-18,quantile,0.025,2
2026-03-28,01,3,wk inc flu hosp,2026-04-18,quantile,0.05,3
2026-03-28,01,3,wk inc flu hosp,2026-04-18,quantile,0.1,6
2026-03-28,01,3,wk inc flu hosp,2026-04-18,quantile,0.15,9
2026-03-28,01,3,wk inc flu hosp,2026-04-18,quantile,0.2,11
2026-03-28,01,3,wk inc flu hosp,2026-04-18,quantile,0.25,12
2026-03-28,01,3,wk inc flu hosp,2026-04-18,quantile,0.3,14
2026-03-28,01,3,wk inc flu hosp,2026-04-18,quantile,0.35,16
2026-03-28,01,3,wk inc flu hosp,2026-04-18,quantile,0.4,17
2026-03-28,01,3,wk inc flu hosp,2026-04-18,quantile,0.45,21
2026-03-28,01,3,wk inc flu hosp,2026-04-18,quantile,0.5,23
2026-03-28,01,3,wk inc flu hosp,2026-04-18,quantile,0.55,27
2026-03-28,01,3,wk inc flu hosp,2026-04-18,quantile,0.6,30
2026-03-28,01,3,wk inc flu hosp,2026-04-18,quantile,0.65,34
2026-03-28,01,3,wk inc flu hosp,2026-04-18,quantile,0.7,37
2026-03-28,01,3,wk inc flu hosp,2026-04-18,quantile,0.75,40
2026-03-28,01,3,wk inc flu hosp,2026-04-18,quantile,0.8,45
2026-03-28,01,3,wk inc flu hosp,2026-04-18,quantile,0.85,53
2026-03-28,01,3,wk inc flu hosp,2026-04-18,quantile,0.9,63
2026-03-28,01,3,wk inc flu hosp,2026-04-18,quantile,0.95,80
2026-03-28,01,3,wk inc flu hosp,2026-04-18,quantile,0.975,105
2026-03-28,01,3,wk inc flu hosp,2026-04-18,quantile,0.99,132
2026-03-28,02,0,wk inc flu hosp,2026-03-28,quantile,0.01,0
2026-03-28,02,0,wk inc flu hosp,2026-03-28,quantile,0.025,1
2026-03-28,02,0,wk inc flu hosp,2026-03-28,quantile,0.05,1
2026-03-28,02,0,wk inc flu hosp,2026-03-28,quantile,0.1,2
2026-03-28,02,0,wk inc flu hosp,2026-03-28,quantile,0.15,3
2026-03-28,02,0,wk inc flu hosp,2026-03-28,quantile,0.2,3
2026-03-28,02,0,wk inc flu hosp,2026-03-28,quantile,0.25,3
2026-03-28,02,0,wk inc flu hosp,2026-03-28,quantile,0.3,4
2026-03-28,02,0,wk inc flu hosp,2026-03-28,quantile,0.35,4
2026-03-28,02,0,wk inc flu hosp,2026-03-28,quantile,0.4,5
2026-03-28,02,0,wk inc flu hosp,2026-03-28,quantile,0.45,5
2026-03-28,02,0,wk inc flu hosp,2026-03-28,quantile,0.5,6
2026-03-28,02,0,wk inc flu hosp,2026-03-28,quantile,0.55,7
2026-03-28,02,0,wk inc flu hosp,2026-03-28,quantile,0.6,7
2026-03-28,02,0,wk inc flu hosp,2026-03-28,quantile,0.65,8
2026-03-28,02,0,wk inc flu hosp,2026-03-28,quantile,0.7,9
2026-03-28,02,0,wk inc flu hosp,2026-03-28,quantile,0.75,9
2026-03-28,02,0,wk inc flu hosp,2026-03-28,quantile,0.8,10
2026-03-28,02,0,wk inc flu hosp,2026-03-28,quantile,0.85,11
2026-03-28,02,0,wk inc flu hosp,2026-03-28,quantile,0.9,13
2026-03-28,02,0,wk inc flu hosp,2026-03-28,quantile,0.95,16
2026-03-28,02,0,wk inc flu hosp,2026-03-28,quantile,0.975,18
2026-03-28,02,0,wk inc flu hosp,2026-03-28,quantile,0.99,22
2026-03-28,02,1,wk inc flu hosp,2026-04-04,quantile,0.01,0
2026-03-28,02,1,wk inc flu hosp,2026-04-04,quantile,0.025,0
2026-03-28,02,1,wk inc flu hosp,2026-04-04,quantile,0.05,0
2026-03-28,02,1,wk inc flu hosp,2026-04-04,quantile,0.1,1
2026-03-28,02,1,wk inc flu hosp,2026-04-04,quantile,0.15,1
2026-03-28,02,1,wk inc flu hosp,2026-04-04,quantile,0.2,2
2026-03-28,02,1,wk inc flu hosp,2026-04-04,quantile,0.25,2
2026-03-28,02,1,wk inc flu hosp,2026-04-04,quantile,0.3,3
2026-03-28,02,1,wk inc flu hosp,2026-04-04,quantile,0.35,3
2026-03-28,02,1,wk inc flu hosp,2026-04-04,quantile,0.4,4
2026-03-28,02,1,wk inc flu hosp,2026-04-04,quantile,0.45,4
2026-03-28,02,1,wk inc flu hosp,2026-04-04,quantile,0.5,5
2026-03-28,02,1,wk inc flu hosp,2026-04-04,quantile,0.55,6
2026-03-28,02,1,wk inc flu hosp,2026-04-04,quantile,0.6,7
2026-03-28,02,1,wk inc flu hosp,2026-04-04,quantile,0.65,7
2026-03-28,02,1,wk inc flu hosp,2026-04-04,quantile,0.7,8
2026-03-28,02,1,wk inc flu hosp,2026-04-04,quantile,0.75,9
2026-03-28,02,1,wk inc flu hosp,2026-04-04,quantile,0.8,10
2026-03-28,02,1,wk inc flu hosp,2026-04-04,quantile,0.85,11
2026-03-28,02,1,wk inc flu hosp,2026-04-04,quantile,0.9,13
2026-03-28,02,1,wk inc flu hosp,2026-04-04,quantile,0.95,16
2026-03-28,02,1,wk inc flu hosp,2026-04-04,quantile,0.975,20
2026-03-28,02,1,wk inc flu hosp,2026-04-04,quantile,0.99,26
2026-03-28,02,2,wk inc flu hosp,2026-04-11,quantile,0.01,0
2026-03-28,02,2,wk inc flu hosp,2026-04-11,quantile,0.025,0
2026-03-28,02,2,wk inc flu hosp,2026-04-11,quantile,0.05,0
2026-03-28,02,2,wk inc flu hosp,2026-04-11,quantile,0.1,1
2026-03-28,02,2,wk inc flu hosp,2026-04-11,quantile,0.15,1
2026-03-28,02,2,wk inc flu hosp,2026-04-11,quantile,0.2,2
2026-03-28,02,2,wk inc flu hosp,2026-04-11,quantile,0.25,2
2026-03-28,02,2,wk inc flu hosp,2026-04-11,quantile,0.3,2
2026-03-28,02,2,wk inc flu hosp,2026-04-11,quantile,0.35,3
2026-03-28,02,2,wk inc flu hosp,2026-04-11,quantile,0.4,3
2026-03-28,02,2,wk inc flu hosp,2026-04-11,quantile,0.45,4
2026-03-28,02,2,wk inc flu hosp,2026-04-11,quantile,0.5,5
2026-03-28,02,2,wk inc flu hosp,2026-04-11,quantile,0.55,6
2026-03-28,02,2,wk inc flu hosp,2026-04-11,quantile,0.6,7
2026-03-28,02,2,wk inc flu hosp,2026-04-11,quantile,0.65,7
2026-03-28,02,2,wk inc flu hosp,2026-04-11,quantile,0.7,8
2026-03-28,02,2,wk inc flu hosp,2026-04-11,quantile,0.75,8
2026-03-28,02,2,wk inc flu hosp,2026-04-11,quantile,0.8,10
2026-03-28,02,2,wk inc flu hosp,2026-04-11,quantile,0.85,12
2026-03-28,02,2,wk inc flu hosp,2026-04-11,quantile,0.9,14
2026-03-28,02,2,wk inc flu hosp,2026-04-11,quantile,0.95,17
2026-03-28,02,2,wk inc flu hosp,2026-04-11,quantile,0.975,21
2026-03-28,02,2,wk inc flu hosp,2026-04-11,quantile,0.99,27
2026-03-28,02,3,wk inc flu hosp,2026-04-18,quantile,0.01,0
2026-03-28,02,3,wk inc flu hosp,2026-04-18,quantile,0.025,0
2026-03-28,02,3,wk inc flu hosp,2026-04-18,quantile,0.05,0
2026-03-28,02,3,wk inc flu hosp,2026-04-18,quantile,0.1,1
2026-03-28,02,3,wk inc flu hosp,2026-04-18,quantile,0.15,1
2026-03-28,02,3,wk inc flu hosp,2026-04-18,quantile,0.2,1
2026-03-28,02,3,wk inc flu hosp,2026-04-18,quantile,0.25,2
2026-03-28,02,3,wk inc flu hosp,2026-04-18,quantile,0.3,2
2026-03-28,02,3,wk inc flu hosp,2026-04-18,quantile,0.35,3
2026-03-28,02,3,wk inc flu hosp,2026-04-18,quantile,0.4,3
2026-03-28,02,3,wk inc flu hosp,2026-04-18,quantile,0.45,3
2026-03-28,02,3,wk inc flu hosp,2026-04-18,quantile,0.5,5
2026-03-28,02,3,wk inc flu hosp,2026-04-18,quantile,0.55,5
2026-03-28,02,3,wk inc flu hosp,2026-04-18,quantile,0.6,6
2026-03-28,02,3,wk inc flu hosp,2026-04-18,quantile,0.65,7
2026-03-28,02,3,wk inc flu hosp,2026-04-18,quantile,0.7,8
2026-03-28,02,3,wk inc flu hosp,2026-04-18,quantile,0.75,9
2026-03-28,02,3,wk inc flu hosp,2026-04-18,quantile,0.8,10
2026-03-28,02,3,wk inc flu hosp,2026-04-18,quantile,0.85,12
2026-03-28,02,3,wk inc flu hosp,2026-04-18,quantile,0.9,14
2026-03-28,02,3,wk inc flu hosp,2026-04-18,quantile,0.95,17
2026-03-28,02,3,wk inc flu hosp,2026-04-18,quantile,0.975,20
2026-03-28,02,3,wk inc flu hosp,2026-04-18,quantile,0.99,25
2026-03-28,04,0,wk inc flu hosp,2026-03-28,quantile,0.01,39
2026-03-28,04,0,wk inc flu hosp,2026-03-28,quantile,0.025,47
2026-03-28,04,0,wk inc flu hosp,2026-03-28,quantile,0.05,54
2026-03-28,04,0,wk inc flu hosp,2026-03-28,quantile,0.1,63
2026-03-28,04,0,wk inc flu hosp,2026-03-28,quantile,0.15,70
2026-03-28,04,0,wk inc flu hosp,2026-03-28,quantile,0.2,76
2026-03-28,04,0,wk inc flu hosp,2026-03-28,quantile,0.25,82
2026-03-28,04,0,wk inc flu hosp,2026-03-28,quantile,0.3,86
2026-03-28,04,0,wk inc flu hosp,2026-03-28,quantile,0.35,91
2026-03-28,04,0,wk inc flu hosp,2026-03-28,quantile,0.4,96
2026-03-28,04,0,wk inc flu hosp,2026-03-28,quantile,0.45,98
2026-03-28,04,0,wk inc flu hosp,2026-03-28,quantile,0.5,106
2026-03-28,04,0,wk inc flu hosp,2026-03-28,quantile,0.55,111
2026-03-28,04,0,wk inc flu hosp,2026-03-28,quantile,0.6,115
2026-03-28,04,0,wk inc flu hosp,2026-03-28,quantile,0.65,121
2026-03-28,04,0,wk inc flu hosp,2026-03-28,quantile,0.7,129
2026-03-28,04,0,wk inc flu hosp,2026-03-28,quantile,0.75,137
2026-03-28,04,0,wk inc flu hosp,2026-03-28,quantile,0.8,146
2026-03-28,04,0,wk inc flu hosp,2026-03-28,quantile,0.85,156
2026-03-28,04,0,wk inc flu hosp,2026-03-28,quantile,0.9,169
2026-03-28,04,0,wk inc flu hosp,2026-03-28,quantile,0.95,195
2026-03-28,04,0,wk inc flu hosp,2026-03-28,quantile,0.975,217
2026-03-28,04,0,wk inc flu hosp,2026-03-28,quantile,0.99,251
2026-03-28,04,1,wk inc flu hosp,2026-04-04,quantile,0.01,24
2026-03-28,04,1,wk inc flu hosp,2026-04-04,quantile,0.025,32
2026-03-28,04,1,wk inc flu hosp,2026-04-04,quantile,0.05,39
2026-03-28,04,1,wk inc flu hosp,2026-04-04,quantile,0.1,46
2026-03-28,04,1,wk inc flu hosp,2026-04-04,quantile,0.15,55
2026-03-28,04,1,wk inc flu hosp,2026-04-04,quantile,0.2,59
2026-03-28,04,1,wk inc flu hosp,2026-04-04,quantile,0.25,63
2026-03-28,04,1,wk inc flu hosp,2026-04-04,quantile,0.3,67
2026-03-28,04,1,wk inc flu hosp,2026-04-04,quantile,0.35,69
2026-03-28,04,1,wk inc flu hosp,2026-04-04,quantile,0.4,75
2026-03-28,04,1,wk inc flu hosp,2026-04-04,quantile,0.45,81
2026-03-28,04,1,wk inc flu hosp,2026-04-04,quantile,0.5,87
2026-03-28,04,1,wk inc flu hosp,2026-04-04,quantile,0.55,96
2026-03-28,04,1,wk inc flu hosp,2026-04-04,quantile,0.6,103
2026-03-28,04,1,wk inc flu hosp,2026-04-04,quantile,0.65,113
2026-03-28,04,1,wk inc flu hosp,2026-04-04,quantile,0.7,123
2026-03-28,04,1,wk inc flu hosp,2026-04-04,quantile,0.75,135
2026-03-28,04,1,wk inc flu hosp,2026-04-04,quantile,0.8,143
2026-03-28,04,1,wk inc flu hosp,2026-04-04,quantile,0.85,152
2026-03-28,04,1,wk inc flu hosp,2026-04-04,quantile,0.9,172
2026-03-28,04,1,wk inc flu hosp,2026-04-04,quantile,0.95,200
2026-03-28,04,1,wk inc flu hosp,2026-04-04,quantile,0.975,231
2026-03-28,04,1,wk inc flu hosp,2026-04-04,quantile,0.99,267
2026-03-28,04,2,wk inc flu hosp,2026-04-11,quantile,0.01,15
2026-03-28,04,2,wk inc flu hosp,2026-04-11,quantile,0.025,18
2026-03-28,04,2,wk inc flu hosp,2026-04-11,quantile,0.05,27
2026-03-28,04,2,wk inc flu hosp,2026-04-11,quantile,0.1,36
2026-03-28,04,2,wk inc flu hosp,2026-04-11,quantile,0.15,38
2026-03-28,04,2,wk inc flu hosp,2026-04-11,quantile,0.2,43
2026-03-28,04,2,wk inc flu hosp,2026-04-11,quantile,0.25,47
2026-03-28,04,2,wk inc flu hosp,2026-04-11,quantile,0.3,51
2026-03-28,04,2,wk inc flu hosp,2026-04-11,quantile,0.35,56
2026-03-28,04,2,wk inc flu hosp,2026-04-11,quantile,0.4,61
2026-03-28,04,2,wk inc flu hosp,2026-04-11,quantile,0.45,67
2026-03-28,04,2,wk inc flu hosp,2026-04-11,quantile,0.5,70
2026-03-28,04,2,wk inc flu hosp,2026-04-11,quantile,0.55,81
2026-03-28,04,2,wk inc flu hosp,2026-04-11,quantile,0.6,91
2026-03-28,04,2,wk inc flu hosp,2026-04-11,quantile,0.65,99
2026-03-28,04,2,wk inc flu hosp,2026-04-11,quantile,0.7,114
2026-03-28,04,2,wk inc flu hosp,2026-04-11,quantile,0.75,122
2026-03-28,04,2,wk inc flu hosp,2026-04-11,quantile,0.8,135
2026-03-28,04,2,wk inc flu hosp,2026-04-11,quantile,0.85,145
2026-03-28,04,2,wk inc flu hosp,2026-04-11,quantile,0.9,169
2026-03-28,04,2,wk inc flu hosp,2026-04-11,quantile,0.95,205
2026-03-28,04,2,wk inc flu hosp,2026-04-11,quantile,0.975,245
2026-03-28,04,2,wk inc flu hosp,2026-04-11,quantile,0.99,295
2026-03-28,04,3,wk inc flu hosp,2026-04-18,quantile,0.01,8
2026-03-28,04,3,wk inc flu hosp,2026-04-18,quantile,0.025,13
2026-03-28,04,3,wk inc flu hosp,2026-04-18,quantile,0.05,17
2026-03-28,04,3,wk inc flu hosp,2026-04-18,quantile,0.1,24
2026-03-28,04,3,wk inc flu hosp,2026-04-18,quantile,0.15,32
2026-03-28,04,3,wk inc flu hosp,2026-04-18,quantile,0.2,36
2026-03-28,04,3,wk inc flu hosp,2026-04-18,quantile,0.25,39
2026-03-28,04,3,wk inc flu hosp,2026-04-18,quantile,0.3,43
2026-03-28,04,3,wk inc flu hosp,2026-04-18,quantile,0.35,47
2026-03-28,04,3,wk inc flu hosp,2026-04-18,quantile,0.4,51
2026-03-28,04,3,wk inc flu hosp,2026-04-18,quantile,0.45,55
2026-03-28,04,3,wk inc flu hosp,2026-04-18,quantile,0.5,67
2026-03-28,04,3,wk inc flu hosp,2026-04-18,quantile,0.55,73
2026-03-28,04,3,wk inc flu hosp,2026-04-18,quantile,0.6,80
2026-03-28,04,3,wk inc flu hosp,2026-04-18,quantile,0.65,87
2026-03-28,04,3,wk inc flu hosp,2026-04-18,quantile,0.7,96
2026-03-28,04,3,wk inc flu hosp,2026-04-18,quantile,0.75,107
2026-03-28,04,3,wk inc flu hosp,2026-04-18,quantile,0.8,124
2026-03-28,04,3,wk inc flu hosp,2026-04-18,quantile,0.85,140
2026-03-28,04,3,wk inc flu hosp,2026-04-18,quantile,0.9,164
2026-03-28,04,3,wk inc flu hosp,2026-04-18,quantile,0.95,200
2026-03-28,04,3,wk inc flu hosp,2026-04-18,quantile,0.975,241
2026-03-28,04,3,wk inc flu hosp,2026-04-18,quantile,0.99,306
2026-03-28,05,0,wk inc flu hosp,2026-03-28,quantile,0.01,9
2026-03-28,05,0,wk inc flu hosp,2026-03-28,quantile,0.025,13
2026-03-28,05,0,wk inc flu hosp,2026-03-28,quantile,0.05,15
2026-03-28,05,0,wk inc flu hosp,2026-03-28,quantile,0.1,19
2026-03-28,05,0,wk inc flu hosp,2026-03-28,quantile,0.15,22
2026-03-28,05,0,wk inc flu hosp,2026-03-28,quantile,0.2,24
2026-03-28,05,0,wk inc flu hosp,2026-03-28,quantile,0.25,25
2026-03-28,05,0,wk inc flu hosp,2026-03-28,quantile,0.3,27
2026-03-28,05,0,wk inc flu hosp,2026-03-28,quantile,0.35,30
2026-03-28,05,0,wk inc flu hosp,2026-03-28,quantile,0.4,32
2026-03-28,05,0,wk inc flu hosp,2026-03-28,quantile,0.45,34
2026-03-28,05,0,wk inc flu hosp,2026-03-28,quantile,0.5,36
2026-03-28,05,0,wk inc flu hosp,2026-03-28,quantile,0.55,39
2026-03-28,05,0,wk inc flu hosp,2026-03-28,quantile,0.6,41
2026-03-28,05,0,wk inc flu hosp,2026-03-28,quantile,0.65,43
2026-03-28,05,0,wk inc flu hosp,2026-03-28,quantile,0.7,46
2026-03-28,05,0,wk inc flu hosp,2026-03-28,quantile,0.75,49
2026-03-28,05,0,wk inc flu hosp,2026-03-28,quantile,0.8,53
2026-03-28,05,0,wk inc flu hosp,2026-03-28,quantile,0.85,56
2026-03-28,05,0,wk inc flu hosp,2026-03-28,quantile,0.9,62
2026-03-28,05,0,wk inc flu hosp,2026-03-28,quantile,0.95,71
2026-03-28,05,0,wk inc flu hosp,2026-03-28,quantile,0.975,79
2026-03-28,05,0,wk inc flu hosp,2026-03-28,quantile,0.99,92
2026-03-28,05,1,wk inc flu hosp,2026-04-04,quantile,0.01,6
2026-03-28,05,1,wk inc flu hosp,2026-04-04,quantile,0.025,6
2026-03-28,05,1,wk inc flu hosp,2026-04-04,quantile,0.05,8
2026-03-28,05,1,wk inc flu hosp,2026-04-04,quantile,0.1,11
2026-03-28,05,1,wk inc flu hosp,2026-04-04,quantile,0.15,15
2026-03-28,05,1,wk inc flu hosp,2026-04-04,quantile,0.2,17
2026-03-28,05,1,wk inc flu hosp,2026-04-04,quantile,0.25,19
2026-03-28,05,1,wk inc flu hosp,2026-04-04,quantile,0.3,21
2026-03-28,05,1,wk inc flu hosp,2026-04-04,quantile,0.35,22
2026-03-28,05,1,wk inc flu hosp,2026-04-04,quantile,0.4,24
2026-03-28,05,1,wk inc flu hosp,2026-04-04,quantile,0.45,26
2026-03-28,05,1,wk inc flu hosp,2026-04-04,quantile,0.5,30
2026-03-28,05,1,wk inc flu hosp,2026-04-04,quantile,0.55,31
2026-03-28,05,1,wk inc flu hosp,2026-04-04,quantile,0.6,33
2026-03-28,05,1,wk inc flu hosp,2026-04-04,quantile,0.65,36
2026-03-28,05,1,wk inc flu hosp,2026-04-04,quantile,0.7,40
2026-03-28,05,1,wk inc flu hosp,2026-04-04,quantile,0.75,43
2026-03-28,05,1,wk inc flu hosp,2026-04-04,quantile,0.8,47
2026-03-28,05,1,wk inc flu hosp,2026-04-04,quantile,0.85,51
2026-03-28,05,1,wk inc flu hosp,2026-04-04,quantile,0.9,58
2026-03-28,05,1,wk inc flu hosp,2026-04-04,quantile,0.95,68
2026-03-28,05,1,wk inc flu hosp,2026-04-04,quantile,0.975,80
2026-03-28,05,1,wk inc flu hosp,2026-04-04,quantile,0.99,94
2026-03-28,05,2,wk inc flu hosp,2026-04-11,quantile,0.01,2
2026-03-28,05,2,wk inc flu hosp,2026-04-11,quantile,0.025,3
2026-03-28,05,2,wk inc flu hosp,2026-04-11,quantile,0.05,4
2026-03-28,05,2,wk inc flu hosp,2026-04-11,quantile,0.1,7
2026-03-28,05,2,wk inc flu hosp,2026-04-11,quantile,0.15,9
2026-03-28,05,2,wk inc flu hosp,2026-04-11,quantile,0.2,11
2026-03-28,05,2,wk inc flu hosp,2026-04-11,quantile,0.25,12
2026-03-28,05,2,wk inc flu hosp,2026-04-11,quantile,0.3,14
2026-03-28,05,2,wk inc flu hosp,2026-04-11,quantile,0.35,17
2026-03-28,05,2,wk inc flu hosp,2026-04-11,quantile,0.4,19
2026-03-28,05,2,wk inc flu hosp,2026-04-11,quantile,0.45,20
2026-03-28,05,2,wk inc flu hosp,2026-04-11,quantile,0.5,22
2026-03-28,05,2,wk inc flu hosp,2026-04-11,quantile,0.55,24
2026-03-28,05,2,wk inc flu hosp,2026-04-11,quantile,0.6,26
2026-03-28,05,2,wk inc flu hosp,2026-04-11,quantile,0.65,31
2026-03-28,05,2,wk inc flu hosp,2026-04-11,quantile,0.7,33
2026-03-28,05,2,wk inc flu hosp,2026-04-11,quantile,0.75,36
2026-03-28,05,2,wk inc flu hosp,2026-04-11,quantile,0.8,40
2026-03-28,05,2,wk inc flu hosp,2026-04-11,quantile,0.85,46
2026-03-28,05,2,wk inc flu hosp,2026-04-11,quantile,0.9,54
2026-03-28,05,2,wk inc flu hosp,2026-04-11,quantile,0.95,65
2026-03-28,05,2,wk inc flu hosp,2026-04-11,quantile,0.975,79
2026-03-28,05,2,wk inc flu hosp,2026-04-11,quantile,0.99,96
2026-03-28,05,3,wk inc flu hosp,2026-04-18,quantile,0.01,1
2026-03-28,05,3,wk inc flu hosp,2026-04-18,quantile,0.025,1
2026-03-28,05,3,wk inc flu hosp,2026-04-18,quantile,0.05,3
2026-03-28,05,3,wk inc flu hosp,2026-04-18,quantile,0.1,5
2026-03-28,05,3,wk inc flu hosp,2026-04-18,quantile,0.15,7
2026-03-28,05,3,wk inc flu hosp,2026-04-18,quantile,0.2,8
2026-03-28,05,3,wk inc flu hosp,2026-04-18,quantile,0.25,9
2026-03-28,05,3,wk inc flu hosp,2026-04-18,quantile,0.3,11
2026-03-28,05,3,wk inc flu hosp,2026-04-18,quantile,0.35,13
2026-03-28,05,3,wk inc flu hosp,2026-04-18,quantile,0.4,14
2026-03-28,05,3,wk inc flu hosp,2026-04-18,quantile,0.45,16
2026-03-28,05,3,wk inc flu hosp,2026-04-18,quantile,0.5,18
2026-03-28,05,3,wk inc flu hosp,2026-04-18,quantile,0.55,20
2026-03-28,05,3,wk inc flu hosp,2026-04-18,quantile,0.6,23
2026-03-28,05,3,wk inc flu hosp,2026-04-18,quantile,0.65,27
2026-03-28,05,3,wk inc flu hosp,2026-04-18,quantile,0.7,30
2026-03-28,05,3,wk inc flu hosp,2026-04-18,quantile,0.75,32
2026-03-28,05,3,wk inc flu hosp,2026-04-18,quantile,0.8,35
2026-03-28,05,3,wk inc flu hosp,2026-04-18,quantile,0.85,42
2026-03-28,05,3,wk inc flu hosp,2026-04-18,quantile,0.9,50
2026-03-28,05,3,wk inc flu hosp,2026-04-18,quantile,0.95,63
2026-03-28,05,3,wk inc flu hosp,2026-04-18,quantile,0.975,78
2026-03-28,05,3,wk inc flu hosp,2026-04-18,quantile,0.99,97
2026-03-28,06,0,wk inc flu hosp,2026-03-28,quantile,0.01,189
2026-03-28,06,0,wk inc flu hosp,2026-03-28,quantile,0.025,232
2026-03-28,06,0,wk inc flu hosp,2026-03-28,quantile,0.05,270
2026-03-28,06,0,wk inc flu hosp,2026-03-28,quantile,0.1,313
2026-03-28,06,0,wk inc flu hosp,2026-03-28,quantile,0.15,344
2026-03-28,06,0,wk inc flu hosp,2026-03-28,quantile,0.2,372
2026-03-28,06,0,wk inc flu hosp,2026-03-28,quantile,0.25,395
2026-03-28,06,0,wk inc flu hosp,2026-03-28,quantile,0.3,411
2026-03-28,06,0,wk inc flu hosp,2026-03-28,quantile,0.35,426
2026-03-28,06,0,wk inc flu hosp,2026-03-28,quantile,0.4,441
2026-03-28,06,0,wk inc flu hosp,2026-03-28,quantile,0.45,458
2026-03-28,06,0,wk inc flu hosp,2026-03-28,quantile,0.5,481
2026-03-28,06,0,wk inc flu hosp,2026-03-28,quantile,0.55,497
2026-03-28,06,0,wk inc flu hosp,2026-03-28,quantile,0.6,518
2026-03-28,06,0,wk inc flu hosp,2026-03-28,quantile,0.65,535
2026-03-28,06,0,wk inc flu hosp,2026-03-28,quantile,0.7,555
2026-03-28,06,0,wk inc flu hosp,2026-03-28,quantile,0.75,580
2026-03-28,06,0,wk inc flu hosp,2026-03-28,quantile,0.8,606
2026-03-28,06,0,wk inc flu hosp,2026-03-28,quantile,0.85,646
2026-03-28,06,0,wk inc flu hosp,2026-03-28,quantile,0.9,691
2026-03-28,06,0,wk inc flu hosp,2026-03-28,quantile,0.95,783
2026-03-28,06,0,wk inc flu hosp,2026-03-28,quantile,0.975,846
2026-03-28,06,0,wk inc flu hosp,2026-03-28,quantile,0.99,932
2026-03-28,06,1,wk inc flu hosp,2026-04-04,quantile,0.01,122
2026-03-28,06,1,wk inc flu hosp,2026-04-04,quantile,0.025,152
2026-03-28,06,1,wk inc flu hosp,2026-04-04,quantile,0.05,183
2026-03-28,06,1,wk inc flu hosp,2026-04-04,quantile,0.1,232
2026-03-28,06,1,wk inc flu hosp,2026-04-04,quantile,0.15,263
2026-03-28,06,1,wk inc flu hosp,2026-04-04,quantile,0.2,286
2026-03-28,06,1,wk inc flu hosp,2026-04-04,quantile,0.25,308
2026-03-28,06,1,wk inc flu hosp,2026-04-04,quantile,0.3,331
2026-03-28,06,1,wk inc flu hosp,2026-04-04,quantile,0.35,351
2026-03-28,06,1,wk inc flu hosp,2026-04-04,quantile,0.4,368
2026-03-28,06,1,wk inc flu hosp,2026-04-04,quantile,0.45,388
2026-03-28,06,1,wk inc flu hosp,2026-04-04,quantile,0.5,413
2026-03-28,06,1,wk inc flu hosp,2026-04-04,quantile,0.55,439
2026-03-28,06,1,wk inc flu hosp,2026-04-04,quantile,0.6,463
2026-03-28,06,1,wk inc flu hosp,2026-04-04,quantile,0.65,495
2026-03-28,06,1,wk inc flu hosp,2026-04-04,quantile,0.7,525
2026-03-28,06,1,wk inc flu hosp,2026-04-04,quantile,0.75,558
2026-03-28,06,1,wk inc flu hosp,2026-04-04,quantile,0.8,596
2026-03-28,06,1,wk inc flu hosp,2026-04-04,quantile,0.85,646
2026-03-28,06,1,wk inc flu hosp,2026-04-04,quantile,0.9,704
2026-03-28,06,1,wk inc flu hosp,2026-04-04,quantile,0.95,799
2026-03-28,06,1,wk inc flu hosp,2026-04-04,quantile,0.975,909
2026-03-28,06,1,wk inc flu hosp,2026-04-04,quantile,0.99,1048
2026-03-28,06,2,wk inc flu hosp,2026-04-11,quantile,0.01,84
2026-03-28,06,2,wk inc flu hosp,2026-04-11,quantile,0.025,102
2026-03-28,06,2,wk inc flu hosp,2026-04-11,quantile,0.05,131
2026-03-28,06,2,wk inc flu hosp,2026-04-11,quantile,0.1,167
2026-03-28,06,2,wk inc flu hosp,2026-04-11,quantile,0.15,193
2026-03-28,06,2,wk inc flu hosp,2026-04-11,quantile,0.2,224
2026-03-28,06,2,wk inc flu hosp,2026-04-11,quantile,0.25,242
2026-03-28,06,2,wk inc flu hosp,2026-04-11,quantile,0.3,262
2026-03-28,06,2,wk inc flu hosp,2026-04-11,quantile,0.35,286
2026-03-28,06,2,wk inc flu hosp,2026-04-11,quantile,0.4,308
2026-03-28,06,2,wk inc flu hosp,2026-04-11,quantile,0.45,334
2026-03-28,06,2,wk inc flu hosp,2026-04-11,quantile,0.5,361
2026-03-28,06,2,wk inc flu hosp,2026-04-11,quantile,0.55,385
2026-03-28,06,2,wk inc flu hosp,2026-04-11,quantile,0.6,424
2026-03-28,06,2,wk inc flu hosp,2026-04-11,quantile,0.65,461
2026-03-28,06,2,wk inc flu hosp,2026-04-11,quantile,0.7,501
2026-03-28,06,2,wk inc flu hosp,2026-04-11,quantile,0.75,538
2026-03-28,06,2,wk inc flu hosp,2026-04-11,quantile,0.8,582
2026-03-28,06,2,wk inc flu hosp,2026-04-11,quantile,0.85,629
2026-03-28,06,2,wk inc flu hosp,2026-04-11,quantile,0.9,691
2026-03-28,06,2,wk inc flu hosp,2026-04-11,quantile,0.95,802
2026-03-28,06,2,wk inc flu hosp,2026-04-11,quantile,0.975,990
2026-03-28,06,2,wk inc flu hosp,2026-04-11,quantile,0.99,1160
2026-03-28,06,3,wk inc flu hosp,2026-04-18,quantile,0.01,61
2026-03-28,06,3,wk inc flu hosp,2026-04-18,quantile,0.025,86
2026-03-28,06,3,wk inc flu hosp,2026-04-18,quantile,0.05,100
2026-03-28,06,3,wk inc flu hosp,2026-04-18,quantile,0.1,130
2026-03-28,06,3,wk inc flu hosp,2026-04-18,quantile,0.15,155
2026-03-28,06,3,wk inc flu hosp,2026-04-18,quantile,0.2,181
2026-03-28,06,3,wk inc flu hosp,2026-04-18,quantile,0.25,210
2026-03-28,06,3,wk inc flu hosp,2026-04-18,quantile,0.3,233
2026-03-28,06,3,wk inc flu hosp,2026-04-18,quantile,0.35,252
2026-03-28,06,3,wk inc flu hosp,2026-04-18,quantile,0.4,271
2026-03-28,06,3,wk inc flu hosp,2026-04-18,quantile,0.45,289
2026-03-28,06,3,wk inc flu hosp,2026-04-18,quantile,0.5,312
2026-03-28,06,3,wk inc flu hosp,2026-04-18,quantile,0.55,348
2026-03-28,06,3,wk inc flu hosp,2026-04-18,quantile,0.6,395
2026-03-28,06,3,wk inc flu hosp,2026-04-18,quantile,0.65,438
2026-03-28,06,3,wk inc flu hosp,2026-04-18,quantile,0.7,475
2026-03-28,06,3,wk inc flu hosp,2026-04-18,quantile,0.75,520
2026-03-28,06,3,wk inc flu hosp,2026-04-18,quantile,0.8,567
2026-03-28,06,3,wk inc flu hosp,2026-04-18,quantile,0.85,608
2026-03-28,06,3,wk inc flu hosp,2026-04-18,quantile,0.9,691
2026-03-28,06,3,wk inc flu hosp,2026-04-18,quantile,0.95,850
2026-03-28,06,3,wk inc flu hosp,2026-04-18,quantile,0.975,1043
2026-03-28,06,3,wk inc flu hosp,2026-04-18,quantile,0.99,1358
2026-03-28,08,0,wk inc flu hosp,2026-03-28,quantile,0.01,27
2026-03-28,08,0,wk inc flu hosp,2026-03-28,quantile,0.025,31
2026-03-28,08,0,wk inc flu hosp,2026-03-28,quantile,0.05,35
2026-03-28,08,0,wk inc flu hosp,2026-03-28,quantile,0.1,47
2026-03-28,08,0,wk inc flu hosp,2026-03-28,quantile,0.15,53
2026-03-28,08,0,wk inc flu hosp,2026-03-28,quantile,0.2,58
2026-03-28,08,0,wk inc flu hosp,2026-03-28,quantile,0.25,61
2026-03-28,08,0,wk inc flu hosp,2026-03-28,quantile,0.3,64
2026-03-28,08,0,wk inc flu hosp,2026-03-28,quantile,0.35,67
2026-03-28,08,0,wk inc flu hosp,2026-03-28,quantile,0.4,71
2026-03-28,08,0,wk inc flu hosp,2026-03-28,quantile,0.45,74
2026-03-28,08,0,wk inc flu hosp,2026-03-28,quantile,0.5,80
2026-03-28,08,0,wk inc flu hosp,2026-03-28,quantile,0.55,86
2026-03-28,08,0,wk inc flu hosp,2026-03-28,quantile,0.6,88
2026-03-28,08,0,wk inc flu hosp,2026-03-28,quantile,0.65,91
2026-03-28,08,0,wk inc flu hosp,2026-03-28,quantile,0.7,96
2026-03-28,08,0,wk inc flu hosp,2026-03-28,quantile,0.75,101
2026-03-28,08,0,wk inc flu hosp,2026-03-28,quantile,0.8,105
2026-03-28,08,0,wk inc flu hosp,2026-03-28,quantile,0.85,111
2026-03-28,08,0,wk inc flu hosp,2026-03-28,quantile,0.9,118
2026-03-28,08,0,wk inc flu hosp,2026-03-28,quantile,0.95,134
2026-03-28,08,0,wk inc flu hosp,2026-03-28,quantile,0.975,151
2026-03-28,08,0,wk inc flu hosp,2026-03-28,quantile,0.99,165
2026-03-28,08,1,wk inc flu hosp,2026-04-04,quantile,0.01,15
2026-03-28,08,1,wk inc flu hosp,2026-04-04,quantile,0.025,19
2026-03-28,08,1,wk inc flu hosp,2026-04-04,quantile,0.05,22
2026-03-28,08,1,wk inc flu hosp,2026-04-04,quantile,0.1,31
2026-03-28,08,1,wk inc flu hosp,2026-04-04,quantile,0.15,37
2026-03-28,08,1,wk inc flu hosp,2026-04-04,quantile,0.2,41
2026-03-28,08,1,wk inc flu hosp,2026-04-04,quantile,0.25,45
2026-03-28,08,1,wk inc flu hosp,2026-04-04,quantile,0.3,50
2026-03-28,08,1,wk inc flu hosp,2026-04-04,quantile,0.35,52
2026-03-28,08,1,wk inc flu hosp,2026-04-04,quantile,0.4,57
2026-03-28,08,1,wk inc flu hosp,2026-04-04,quantile,0.45,62
2026-03-28,08,1,wk inc flu hosp,2026-04-04,quantile,0.5,67
2026-03-28,08,1,wk inc flu hosp,2026-04-04,quantile,0.55,73
2026-03-28,08,1,wk inc flu hosp,2026-04-04,quantile,0.6,76
2026-03-28,08,1,wk inc flu hosp,2026-04-04,quantile,0.65,80
2026-03-28,08,1,wk inc flu hosp,2026-04-04,quantile,0.7,86
2026-03-28,08,1,wk inc flu hosp,2026-04-04,quantile,0.75,91
2026-03-28,08,1,wk inc flu hosp,2026-04-04,quantile,0.8,99
2026-03-28,08,1,wk inc flu hosp,2026-04-04,quantile,0.85,109
2026-03-28,08,1,wk inc flu hosp,2026-04-04,quantile,0.9,123
2026-03-28,08,1,wk inc flu hosp,2026-04-04,quantile,0.95,136
2026-03-28,08,1,wk inc flu hosp,2026-04-04,quantile,0.975,153
2026-03-28,08,1,wk inc flu hosp,2026-04-04,quantile,0.99,168
2026-03-28,08,2,wk inc flu hosp,2026-04-11,quantile,0.01,10
2026-03-28,08,2,wk inc flu hosp,2026-04-11,quantile,0.025,14
2026-03-28,08,2,wk inc flu hosp,2026-04-11,quantile,0.05,14
2026-03-28,08,2,wk inc flu hosp,2026-04-11,quantile,0.1,21
2026-03-28,08,2,wk inc flu hosp,2026-04-11,quantile,0.15,26
2026-03-28,08,2,wk inc flu hosp,2026-04-11,quantile,0.2,32
2026-03-28,08,2,wk inc flu hosp,2026-04-11,quantile,0.25,36
2026-03-28,08,2,wk inc flu hosp,2026-04-11,quantile,0.3,39
2026-03-28,08,2,wk inc flu hosp,2026-04-11,quantile,0.35,44
2026-03-28,08,2,wk inc flu hosp,2026-04-11,quantile,0.4,48
2026-03-28,08,2,wk inc flu hosp,2026-04-11,quantile,0.45,54
2026-03-28,08,2,wk inc flu hosp,2026-04-11,quantile,0.5,60
2026-03-28,08,2,wk inc flu hosp,2026-04-11,quantile,0.55,64
2026-03-28,08,2,wk inc flu hosp,2026-04-11,quantile,0.6,70
2026-03-28,08,2,wk inc flu hosp,2026-04-11,quantile,0.65,74
2026-03-28,08,2,wk inc flu hosp,2026-04-11,quantile,0.7,80
2026-03-28,08,2,wk inc flu hosp,2026-04-11,quantile,0.75,86
2026-03-28,08,2,wk inc flu hosp,2026-04-11,quantile,0.8,95
2026-03-28,08,2,wk inc flu hosp,2026-04-11,quantile,0.85,106
2026-03-28,08,2,wk inc flu hosp,2026-04-11,quantile,0.9,120
2026-03-28,08,2,wk inc flu hosp,2026-04-11,quantile,0.95,142
2026-03-28,08,2,wk inc flu hosp,2026-04-11,quantile,0.975,158
2026-03-28,08,2,wk inc flu hosp,2026-04-11,quantile,0.99,185
2026-03-28,08,3,wk inc flu hosp,2026-04-18,quantile,0.01,6
2026-03-28,08,3,wk inc flu hosp,2026-04-18,quantile,0.025,10
2026-03-28,08,3,wk inc flu hosp,2026-04-18,quantile,0.05,13
2026-03-28,08,3,wk inc flu hosp,2026-04-18,quantile,0.1,15
2026-03-28,08,3,wk inc flu hosp,2026-04-18,quantile,0.15,21
2026-03-28,08,3,wk inc flu hosp,2026-04-18,quantile,0.2,24
2026-03-28,08,3,wk inc flu hosp,2026-04-18,quantile,0.25,28
2026-03-28,08,3,wk inc flu hosp,2026-04-18,quantile,0.3,31
2026-03-28,08,3,wk inc flu hosp,2026-04-18,quantile,0.35,34
2026-03-28,08,3,wk inc flu hosp,2026-04-18,quantile,0.4,39
2026-03-28,08,3,wk inc flu hosp,2026-04-18,quantile,0.45,42
2026-03-28,08,3,wk inc flu hosp,2026-04-18,quantile,0.5,48
2026-03-28,08,3,wk inc flu hosp,2026-04-18,quantile,0.55,54
2026-03-28,08,3,wk inc flu hosp,2026-04-18,quantile,0.6,60
2026-03-28,08,3,wk inc flu hosp,2026-04-18,quantile,0.65,65
2026-03-28,08,3,wk inc flu hosp,2026-04-18,quantile,0.7,71
2026-03-28,08,3,wk inc flu hosp,2026-04-18,quantile,0.75,79
2026-03-28,08,3,wk inc flu hosp,2026-04-18,quantile,0.8,88
2026-03-28,08,3,wk inc flu hosp,2026-04-18,quantile,0.85,99
2026-03-28,08,3,wk inc flu hosp,2026-04-18,quantile,0.9,112
2026-03-28,08,3,wk inc flu hosp,2026-04-18,quantile,0.95,136
2026-03-28,08,3,wk inc flu hosp,2026-04-18,quantile,0.975,158
2026-03-28,08,3,wk inc flu hosp,2026-04-18,quantile,0.99,187
2026-03-28,09,0,wk inc flu hosp,2026-03-28,quantile,0.01,7
2026-03-28,09,0,wk inc flu hosp,2026-03-28,quantile,0.025,9
2026-03-28,09,0,wk inc flu hosp,2026-03-28,quantile,0.05,11
2026-03-28,09,0,wk inc flu hosp,2026-03-28,quantile,0.1,13
2026-03-28,09,0,wk inc flu hosp,2026-03-28,quantile,0.15,14
2026-03-28,09,0,wk inc flu hosp,2026-03-28,quantile,0.2,16
2026-03-28,09,0,wk inc flu hosp,2026-03-28,quantile,0.25,18
2026-03-28,09,0,wk inc flu hosp,2026-03-28,quantile,0.3,19
2026-03-28,09,0,wk inc flu hosp,2026-03-28,quantile,0.35,20
2026-03-28,09,0,wk inc flu hosp,2026-03-28,quantile,0.4,22
2026-03-28,09,0,wk inc flu hosp,2026-03-28,quantile,0.45,24
2026-03-28,09,0,wk inc flu hosp,2026-03-28,quantile,0.5,25
2026-03-28,09,0,wk inc flu hosp,2026-03-28,quantile,0.55,27
2026-03-28,09,0,wk inc flu hosp,2026-03-28,quantile,0.6,31
2026-03-28,09,0,wk inc flu hosp,2026-03-28,quantile,0.65,33
2026-03-28,09,0,wk inc flu hosp,2026-03-28,quantile,0.7,35
2026-03-28,09,0,wk inc flu hosp,2026-03-28,quantile,0.75,36
2026-03-28,09,0,wk inc flu hosp,2026-03-28,quantile,0.8,39
2026-03-28,09,0,wk inc flu hosp,2026-03-28,quantile,0.85,42
2026-03-28,09,0,wk inc flu hosp,2026-03-28,quantile,0.9,46
2026-03-28,09,0,wk inc flu hosp,2026-03-28,quantile,0.95,54
2026-03-28,09,0,wk inc flu hosp,2026-03-28,quantile,0.975,60
2026-03-28,09,0,wk inc flu hosp,2026-03-28,quantile,0.99,68
2026-03-28,09,1,wk inc flu hosp,2026-04-04,quantile,0.01,3
2026-03-28,09,1,wk inc flu hosp,2026-04-04,quantile,0.025,5
2026-03-28,09,1,wk inc flu hosp,2026-04-04,quantile,0.05,6
2026-03-28,09,1,wk inc flu hosp,2026-04-04,quantile,0.1,9
2026-03-28,09,1,wk inc flu hosp,2026-04-04,quantile,0.15,11
2026-03-28,09,1,wk inc flu hosp,2026-04-04,quantile,0.2,12
2026-03-28,09,1,wk inc flu hosp,2026-04-04,quantile,0.25,13
2026-03-28,09,1,wk inc flu hosp,2026-04-04,quantile,0.3,15
2026-03-28,09,1,wk inc flu hosp,2026-04-04,quantile,0.35,17
2026-03-28,09,1,wk inc flu hosp,2026-04-04,quantile,0.4,18
2026-03-28,09,1,wk inc flu hosp,2026-04-04,quantile,0.45,20
2026-03-28,09,1,wk inc flu hosp,2026-04-04,quantile,0.5,23
2026-03-28,09,1,wk inc flu hosp,2026-04-04,quantile,0.55,25
2026-03-28,09,1,wk inc flu hosp,2026-04-04,quantile,0.6,27
2026-03-28,09,1,wk inc flu hosp,2026-04-04,quantile,0.65,31
2026-03-28,09,1,wk inc flu hosp,2026-04-04,quantile,0.7,34
2026-03-28,09,1,wk inc flu hosp,2026-04-04,quantile,0.75,37
2026-03-28,09,1,wk inc flu hosp,2026-04-04,quantile,0.8,41
2026-03-28,09,1,wk inc flu hosp,2026-04-04,quantile,0.85,45
2026-03-28,09,1,wk inc flu hosp,2026-04-04,quantile,0.9,50
2026-03-28,09,1,wk inc flu hosp,2026-04-04,quantile,0.95,56
2026-03-28,09,1,wk inc flu hosp,2026-04-04,quantile,0.975,67
2026-03-28,09,1,wk inc flu hosp,2026-04-04,quantile,0.99,80
2026-03-28,09,2,wk inc flu hosp,2026-04-11,quantile,0.01,1
2026-03-28,09,2,wk inc flu hosp,2026-04-11,quantile,0.025,4
2026-03-28,09,2,wk inc flu hosp,2026-04-11,quantile,0.05,6
2026-03-28,09,2,wk inc flu hosp,2026-04-11,quantile,0.1,7
2026-03-28,09,2,wk inc flu hosp,2026-04-11,quantile,0.15,9
2026-03-28,09,2,wk inc flu hosp,2026-04-11,quantile,0.2,11
2026-03-28,09,2,wk inc flu hosp,2026-04-11,quantile,0.25,12
2026-03-28,09,2,wk inc flu hosp,2026-04-11,quantile,0.3,13
2026-03-28,09,2,wk inc flu hosp,2026-04-11,quantile,0.35,15
2026-03-28,09,2,wk inc flu hosp,2026-04-11,quantile,0.4,16
2026-03-28,09,2,wk inc flu hosp,2026-04-11,quantile,0.45,19
2026-03-28,09,2,wk inc flu hosp,2026-04-11,quantile,0.5,21
2026-03-28,09,2,wk inc flu hosp,2026-04-11,quantile,0.55,24
2026-03-28,09,2,wk inc flu hosp,2026-04-11,quantile,0.6,25
2026-03-28,09,2,wk inc flu hosp,2026-04-11,quantile,0.65,26
2026-03-28,09,2,wk inc flu hosp,2026-04-11,quantile,0.7,31
2026-03-28,09,2,wk inc flu hosp,2026-04-11,quantile,0.75,35
2026-03-28,09,2,wk inc flu hosp,2026-04-11,quantile,0.8,39
2026-03-28,09,2,wk inc flu hosp,2026-04-11,quantile,0.85,43
2026-03-28,09,2,wk inc flu hosp,2026-04-11,quantile,0.9,49
2026-03-28,09,2,wk inc flu hosp,2026-04-11,quantile,0.95,60
2026-03-28,09,2,wk inc flu hosp,2026-04-11,quantile,0.975,77
2026-03-28,09,2,wk inc flu hosp,2026-04-11,quantile,0.99,98
2026-03-28,09,3,wk inc flu hosp,2026-04-18,quantile,0.01,0
2026-03-28,09,3,wk inc flu hosp,2026-04-18,quantile,0.025,3
2026-03-28,09,3,wk inc flu hosp,2026-04-18,quantile,0.05,4
2026-03-28,09,3,wk inc flu hosp,2026-04-18,quantile,0.1,5
2026-03-28,09,3,wk inc flu hosp,2026-04-18,quantile,0.15,7
2026-03-28,09,3,wk inc flu hosp,2026-04-18,quantile,0.2,9
2026-03-28,09,3,wk inc flu hosp,2026-04-18,quantile,0.25,11
2026-03-28,09,3,wk inc flu hosp,2026-04-18,quantile,0.3,12
2026-03-28,09,3,wk inc flu hosp,2026-04-18,quantile,0.35,13
2026-03-28,09,3,wk inc flu hosp,2026-04-18,quantile,0.4,14
2026-03-28,09,3,wk inc flu hosp,2026-04-18,quantile,0.45,16
2026-03-28,09,3,wk inc flu hosp,2026-04-18,quantile,0.5,19
2026-03-28,09,3,wk inc flu hosp,2026-04-18,quantile,0.55,22
2026-03-28,09,3,wk inc flu hosp,2026-04-18,quantile,0.6,24
2026-03-28,09,3,wk inc flu hosp,2026-04-18,quantile,0.65,25
2026-03-28,09,3,wk inc flu hosp,2026-04-18,quantile,0.7,28
2026-03-28,09,3,wk inc flu hosp,2026-04-18,quantile,0.75,34
2026-03-28,09,3,wk inc flu hosp,2026-04-18,quantile,0.8,39
2026-03-28,09,3,wk inc flu hosp,2026-04-18,quantile,0.85,45
2026-03-28,09,3,wk inc flu hosp,2026-04-18,quantile,0.9,52
2026-03-28,09,3,wk inc flu hosp,2026-04-18,quantile,0.95,62
2026-03-28,09,3,wk inc flu hosp,2026-04-18,quantile,0.975,83
2026-03-28,09,3,wk inc flu hosp,2026-04-18,quantile,0.99,109
2026-03-28,10,0,wk inc flu hosp,2026-03-28,quantile,0.01,4
2026-03-28,10,0,wk inc flu hosp,2026-03-28,quantile,0.025,5
2026-03-28,10,0,wk inc flu hosp,2026-03-28,quantile,0.05,7
2026-03-28,10,0,wk inc flu hosp,2026-03-28,quantile,0.1,9
2026-03-28,10,0,wk inc flu hosp,2026-03-28,quantile,0.15,10
2026-03-28,10,0,wk inc flu hosp,2026-03-28,quantile,0.2,12
2026-03-28,10,0,wk inc flu hosp,2026-03-28,quantile,0.25,13
2026-03-28,10,0,wk inc flu hosp,2026-03-28,quantile,0.3,14
2026-03-28,10,0,wk inc flu hosp,2026-03-28,quantile,0.35,15
2026-03-28,10,0,wk inc flu hosp,2026-03-28,quantile,0.4,17
2026-03-28,10,0,wk inc flu hosp,2026-03-28,quantile,0.45,18
2026-03-28,10,0,wk inc flu hosp,2026-03-28,quantile,0.5,20
2026-03-28,10,0,wk inc flu hosp,2026-03-28,quantile,0.55,21
2026-03-28,10,0,wk inc flu hosp,2026-03-28,quantile,0.6,23
2026-03-28,10,0,wk inc flu hosp,2026-03-28,quantile,0.65,24
2026-03-28,10,0,wk inc flu hosp,2026-03-28,quantile,0.7,25
2026-03-28,10,0,wk inc flu hosp,2026-03-28,quantile,0.75,26
2026-03-28,10,0,wk inc flu hosp,2026-03-28,quantile,0.8,28
2026-03-28,10,0,wk inc flu hosp,2026-03-28,quantile,0.85,29
2026-03-28,10,0,wk inc flu hosp,2026-03-28,quantile,0.9,32
2026-03-28,10,0,wk inc flu hosp,2026-03-28,quantile,0.95,36
2026-03-28,10,0,wk inc flu hosp,2026-03-28,quantile,0.975,42
2026-03-28,10,0,wk inc flu hosp,2026-03-28,quantile,0.99,47
2026-03-28,10,1,wk inc flu hosp,2026-04-04,quantile,0.01,2
2026-03-28,10,1,wk inc flu hosp,2026-04-04,quantile,0.025,2
2026-03-28,10,1,wk inc flu hosp,2026-04-04,quantile,0.05,3
2026-03-28,10,1,wk inc flu hosp,2026-04-04,quantile,0.1,5
2026-03-28,10,1,wk inc flu hosp,2026-04-04,quantile,0.15,6
2026-03-28,10,1,wk inc flu hosp,2026-04-04,quantile,0.2,7
2026-03-28,10,1,wk inc flu hosp,2026-04-04,quantile,0.25,9
2026-03-28,10,1,wk inc flu hosp,2026-04-04,quantile,0.3,10
2026-03-28,10,1,wk inc flu hosp,2026-04-04,quantile,0.35,11
2026-03-28,10,1,wk inc flu hosp,2026-04-04,quantile,0.4,12
2026-03-28,10,1,wk inc flu hosp,2026-04-04,quantile,0.45,14
2026-03-28,10,1,wk inc flu hosp,2026-04-04,quantile,0.5,15
2026-03-28,10,1,wk inc flu hosp,2026-04-04,quantile,0.55,18
2026-03-28,10,1,wk inc flu hosp,2026-04-04,quantile,0.6,19
2026-03-28,10,1,wk inc flu hosp,2026-04-04,quantile,0.65,21
2026-03-28,10,1,wk inc flu hosp,2026-04-04,quantile,0.7,22
2026-03-28,10,1,wk inc flu hosp,2026-04-04,quantile,0.75,24
2026-03-28,10,1,wk inc flu hosp,2026-04-04,quantile,0.8,26
2026-03-28,10,1,wk inc flu hosp,2026-04-04,quantile,0.85,28
2026-03-28,10,1,wk inc flu hosp,2026-04-04,quantile,0.9,32
2026-03-28,10,1,wk inc flu hosp,2026-04-04,quantile,0.95,38
2026-03-28,10,1,wk inc flu hosp,2026-04-04,quantile,0.975,42
2026-03-28,10,1,wk inc flu hosp,2026-04-04,quantile,0.99,51
2026-03-28,10,2,wk inc flu hosp,2026-04-11,quantile,0.01,1
2026-03-28,10,2,wk inc flu hosp,2026-04-11,quantile,0.025,1
2026-03-28,10,2,wk inc flu hosp,2026-04-11,quantile,0.05,2
2026-03-28,10,2,wk inc flu hosp,2026-04-11,quantile,0.1,3
2026-03-28,10,2,wk inc flu hosp,2026-04-11,quantile,0.15,5
2026-03-28,10,2,wk inc flu hosp,2026-04-11,quantile,0.2,5
2026-03-28,10,2,wk inc flu hosp,2026-04-11,quantile,0.25,6
2026-03-28,10,2,wk inc flu hosp,2026-04-11,quantile,0.3,7
2026-03-28,10,2,wk inc flu hosp,2026-04-11,quantile,0.35,8
2026-03-28,10,2,wk inc flu hosp,2026-04-11,quantile,0.4,9
2026-03-28,10,2,wk inc flu hosp,2026-04-11,quantile,0.45,11
2026-03-28,10,2,wk inc flu hosp,2026-04-11,quantile,0.5,13
2026-03-28,10,2,wk inc flu hosp,2026-04-11,quantile,0.55,15
2026-03-28,10,2,wk inc flu hosp,2026-04-11,quantile,0.6,16
2026-03-28,10,2,wk inc flu hosp,2026-04-11,quantile,0.65,18
2026-03-28,10,2,wk inc flu hosp,2026-04-11,quantile,0.7,19
2026-03-28,10,2,wk inc flu hosp,2026-04-11,quantile,0.75,21
2026-03-28,10,2,wk inc flu hosp,2026-04-11,quantile,0.8,24
2026-03-28,10,2,wk inc flu hosp,2026-04-11,quantile,0.85,26
2026-03-28,10,2,wk inc flu hosp,2026-04-11,quantile,0.9,30
2026-03-28,10,2,wk inc flu hosp,2026-04-11,quantile,0.95,36
2026-03-28,10,2,wk inc flu hosp,2026-04-11,quantile,0.975,42
2026-03-28,10,2,wk inc flu hosp,2026-04-11,quantile,0.99,50
2026-03-28,10,3,wk inc flu hosp,2026-04-18,quantile,0.01,0
2026-03-28,10,3,wk inc flu hosp,2026-04-18,quantile,0.025,0
2026-03-28,10,3,wk inc flu hosp,2026-04-18,quantile,0.05,1
2026-03-28,10,3,wk inc flu hosp,2026-04-18,quantile,0.1,1
2026-03-28,10,3,wk inc flu hosp,2026-04-18,quantile,0.15,2
2026-03-28,10,3,wk inc flu hosp,2026-04-18,quantile,0.2,3
2026-03-28,10,3,wk inc flu hosp,2026-04-18,quantile,0.25,3
2026-03-28,10,3,wk inc flu hosp,2026-04-18,quantile,0.3,4
2026-03-28,10,3,wk inc flu hosp,2026-04-18,quantile,0.35,5
2026-03-28,10,3,wk inc flu hosp,2026-04-18,quantile,0.4,6
2026-03-28,10,3,wk inc flu hosp,2026-04-18,quantile,0.45,7
2026-03-28,10,3,wk inc flu hosp,2026-04-18,quantile,0.5,9
2026-03-28,10,3,wk inc flu hosp,2026-04-18,quantile,0.55,11
2026-03-28,10,3,wk inc flu hosp,2026-04-18,quantile,0.6,13
2026-03-28,10,3,wk inc flu hosp,2026-04-18,quantile,0.65,15
2026-03-28,10,3,wk inc flu hosp,2026-04-18,quantile,0.7,17
2026-03-28,10,3,wk inc flu hosp,2026-04-18,quantile,0.75,18
2026-03-28,10,3,wk inc flu hosp,2026-04-18,quantile,0.8,21
2026-03-28,10,3,wk inc flu hosp,2026-04-18,quantile,0.85,24
2026-03-28,10,3,wk inc flu hosp,2026-04-18,quantile,0.9,27
2026-03-28,10,3,wk inc flu hosp,2026-04-18,quantile,0.95,35
2026-03-28,10,3,wk inc flu hosp,2026-04-18,quantile,0.975,43
2026-03-28,10,3,wk inc flu hosp,2026-04-18,quantile,0.99,53
2026-03-28,11,0,wk inc flu hosp,2026-03-28,quantile,0.01,0
2026-03-28,11,0,wk inc flu hosp,2026-03-28,quantile,0.025,0
2026-03-28,11,0,wk inc flu hosp,2026-03-28,quantile,0.05,0
2026-03-28,11,0,wk inc flu hosp,2026-03-28,quantile,0.1,0
2026-03-28,11,0,wk inc flu hosp,2026-03-28,quantile,0.15,0
2026-03-28,11,0,wk inc flu hosp,2026-03-28,quantile,0.2,0
2026-03-28,11,0,wk inc flu hosp,2026-03-28,quantile,0.25,0
2026-03-28,11,0,wk inc flu hosp,2026-03-28,quantile,0.3,0
2026-03-28,11,0,wk inc flu hosp,2026-03-28,quantile,0.35,1
2026-03-28,11,0,wk inc flu hosp,2026-03-28,quantile,0.4,1
2026-03-28,11,0,wk inc flu hosp,2026-03-28,quantile,0.45,1
2026-03-28,11,0,wk inc flu hosp,2026-03-28,quantile,0.5,2
2026-03-28,11,0,wk inc flu hosp,2026-03-28,quantile,0.55,2
2026-03-28,11,0,wk inc flu hosp,2026-03-28,quantile,0.6,3
2026-03-28,11,0,wk inc flu hosp,2026-03-28,quantile,0.65,3
2026-03-28,11,0,wk inc flu hosp,2026-03-28,quantile,0.7,4
2026-03-28,11,0,wk inc flu hosp,2026-03-28,quantile,0.75,5
2026-03-28,11,0,wk inc flu hosp,2026-03-28,quantile,0.8,5
2026-03-28,11,0,wk inc flu hosp,2026-03-28,quantile,0.85,6
2026-03-28,11,0,wk inc flu hosp,2026-03-28,quantile,0.9,7
2026-03-28,11,0,wk inc flu hosp,2026-03-28,quantile,0.95,10
2026-03-28,11,0,wk inc flu hosp,2026-03-28,quantile,0.975,13
2026-03-28,11,0,wk inc flu hosp,2026-03-28,quantile,0.99,17
2026-03-28,11,1,wk inc flu hosp,2026-04-04,quantile,0.01,0
2026-03-28,11,1,wk inc flu hosp,2026-04-04,quantile,0.025,0
2026-03-28,11,1,wk inc flu hosp,2026-04-04,quantile,0.05,0
2026-03-28,11,1,wk inc flu hosp,2026-04-04,quantile,0.1,0
2026-03-28,11,1,wk inc flu hosp,2026-04-04,quantile,0.15,0
2026-03-28,11,1,wk inc flu hosp,2026-04-04,quantile,0.2,0
2026-03-28,11,1,wk inc flu hosp,2026-04-04,quantile,0.25,0
2026-03-28,11,1,wk inc flu hosp,2026-04-04,quantile,0.3,0
2026-03-28,11,1,wk inc flu hosp,2026-04-04,quantile,0.35,0
2026-03-28,11,1,wk inc flu hosp,2026-04-04,quantile,0.4,1
2026-03-28,11,1,wk inc flu hosp,2026-04-04,quantile,0.45,1
2026-03-28,11,1,wk inc flu hosp,2026-04-04,quantile,0.5,2
2026-03-28,11,1,wk inc flu hosp,2026-04-04,quantile,0.55,2
2026-03-28,11,1,wk inc flu hosp,2026-04-04,quantile,0.6,3
2026-03-28,11,1,wk inc flu hosp,2026-04-04,quantile,0.65,4
2026-03-28,11,1,wk inc flu hosp,2026-04-04,quantile,0.7,4
2026-03-28,11,1,wk inc flu hosp,2026-04-04,quantile,0.75,5
2026-03-28,11,1,wk inc flu hosp,2026-04-04,quantile,0.8,6
2026-03-28,11,1,wk inc flu hosp,2026-04-04,quantile,0.85,7
2026-03-28,11,1,wk inc flu hosp,2026-04-04,quantile,0.9,9
2026-03-28,11,1,wk inc flu hosp,2026-04-04,quantile,0.95,11
2026-03-28,11,1,wk inc flu hosp,2026-04-04,quantile,0.975,16
2026-03-28,11,1,wk inc flu hosp,2026-04-04,quantile,0.99,21
2026-03-28,11,2,wk inc flu hosp,2026-04-11,quantile,0.01,0
2026-03-28,11,2,wk inc flu hosp,2026-04-11,quantile,0.025,0
2026-03-28,11,2,wk inc flu hosp,2026-04-11,quantile,0.05,0
2026-03-28,11,2,wk inc flu hosp,2026-04-11,quantile,0.1,0
2026-03-28,11,2,wk inc flu hosp,2026-04-11,quantile,0.15,0
2026-03-28,11,2,wk inc flu hosp,2026-04-11,quantile,0.2,0
2026-03-28,11,2,wk inc flu hosp,2026-04-11,quantile,0.25,0
2026-03-28,11,2,wk inc flu hosp,2026-04-11,quantile,0.3,0
2026-03-28,11,2,wk inc flu hosp,2026-04-11,quantile,0.35,1
2026-03-28,11,2,wk inc flu hosp,2026-04-11,quantile,0.4,1
2026-03-28,11,2,wk inc flu hosp,2026-04-11,quantile,0.45,1
2026-03-28,11,2,wk inc flu hosp,2026-04-11,quantile,0.5,2
2026-03-28,11,2,wk inc flu hosp,2026-04-11,quantile,0.55,2
2026-03-28,11,2,wk inc flu hosp,2026-04-11,quantile,0.6,3
2026-03-28,11,2,wk inc flu hosp,2026-04-11,quantile,0.65,4
2026-03-28,11,2,wk inc flu hosp,2026-04-11,quantile,0.7,4
2026-03-28,11,2,wk inc flu hosp,2026-04-11,quantile,0.75,5
2026-03-28,11,2,wk inc flu hosp,2026-04-11,quantile,0.8,6
2026-03-28,11,2,wk inc flu hosp,2026-04-11,quantile,0.85,7
2026-03-28,11,2,wk inc flu hosp,2026-04-11,quantile,0.9,8
2026-03-28,11,2,wk inc flu hosp,2026-04-11,quantile,0.95,12
2026-03-28,11,2,wk inc flu hosp,2026-04-11,quantile,0.975,16
2026-03-28,11,2,wk inc flu hosp,2026-04-11,quantile,0.99,23
2026-03-28,11,3,wk inc flu hosp,2026-04-18,quantile,0.01,0
2026-03-28,11,3,wk inc flu hosp,2026-04-18,quantile,0.025,0
2026-03-28,11,3,wk inc flu hosp,2026-04-18,quantile,0.05,0
2026-03-28,11,3,wk inc flu hosp,2026-04-18,quantile,0.1,0
2026-03-28,11,3,wk inc flu hosp,2026-04-18,quantile,0.15,0
2026-03-28,11,3,wk inc flu hosp,2026-04-18,quantile,0.2,0
2026-03-28,11,3,wk inc flu hosp,2026-04-18,quantile,0.25,0
2026-03-28,11,3,wk inc flu hosp,2026-04-18,quantile,0.3,0
2026-03-28,11,3,wk inc flu hosp,2026-04-18,quantile,0.35,0
2026-03-28,11,3,wk inc flu hosp,2026-04-18,quantile,0.4,1
2026-03-28,11,3,wk inc flu hosp,2026-04-18,quantile,0.45,1
2026-03-28,11,3,wk inc flu hosp,2026-04-18,quantile,0.5,2
2026-03-28,11,3,wk inc flu hosp,2026-04-18,quantile,0.55,2
2026-03-28,11,3,wk inc flu hosp,2026-04-18,quantile,0.6,3
2026-03-28,11,3,wk inc flu hosp,2026-04-18,quantile,0.65,3
2026-03-28,11,3,wk inc flu hosp,2026-04-18,quantile,0.7,4
2026-03-28,11,3,wk inc flu hosp,2026-04-18,quantile,0.75,4
2026-03-28,11,3,wk inc flu hosp,2026-04-18,quantile,0.8,5
2026-03-28,11,3,wk inc flu hosp,2026-04-18,quantile,0.85,7
2026-03-28,11,3,wk inc flu hosp,2026-04-18,quantile,0.9,9
2026-03-28,11,3,wk inc flu hosp,2026-04-18,quantile,0.95,13
2026-03-28,11,3,wk inc flu hosp,2026-04-18,quantile,0.975,19
2026-03-28,11,3,wk inc flu hosp,2026-04-18,quantile,0.99,25
2026-03-28,12,0,wk inc flu hosp,2026-03-28,quantile,0.01,169
2026-03-28,12,0,wk inc flu hosp,2026-03-28,quantile,0.025,192
2026-03-28,12,0,wk inc flu hosp,2026-03-28,quantile,0.05,214
2026-03-28,12,0,wk inc flu hosp,2026-03-28,quantile,0.1,252
2026-03-28,12,0,wk inc flu hosp,2026-03-28,quantile,0.15,275
2026-03-28,12,0,wk inc flu hosp,2026-03-28,quantile,0.2,292
2026-03-28,12,0,wk inc flu hosp,2026-03-28,quantile,0.25,306
2026-03-28,12,0,wk inc flu hosp,2026-03-28,quantile,0.3,316
2026-03-28,12,0,wk inc flu hosp,2026-03-28,quantile,0.35,322
2026-03-28,12,0,wk inc flu hosp,2026-03-28,quantile,0.4,339
2026-03-28,12,0,wk inc flu hosp,2026-03-28,quantile,0.45,360
2026-03-28,12,0,wk inc flu hosp,2026-03-28,quantile,0.5,376
2026-03-28,12,0,wk inc flu hosp,2026-03-28,quantile,0.55,392
2026-03-28,12,0,wk inc flu hosp,2026-03-28,quantile,0.6,415
2026-03-28,12,0,wk inc flu hosp,2026-03-28,quantile,0.65,434
2026-03-28,12,0,wk inc flu hosp,2026-03-28,quantile,0.7,450
2026-03-28,12,0,wk inc flu hosp,2026-03-28,quantile,0.75,470
2026-03-28,12,0,wk inc flu hosp,2026-03-28,quantile,0.8,498
2026-03-28,12,0,wk inc flu hosp,2026-03-28,quantile,0.85,539
2026-03-28,12,0,wk inc flu hosp,2026-03-28,quantile,0.9,582
2026-03-28,12,0,wk inc flu hosp,2026-03-28,quantile,0.95,636
2026-03-28,12,0,wk inc flu hosp,2026-03-28,quantile,0.975,699
2026-03-28,12,0,wk inc flu hosp,2026-03-28,quantile,0.99,761
2026-03-28,12,1,wk inc flu hosp,2026-04-04,quantile,0.01,99
2026-03-28,12,1,wk inc flu hosp,2026-04-04,quantile,0.025,125
2026-03-28,12,1,wk inc flu hosp,2026-04-04,quantile,0.05,146
2026-03-28,12,1,wk inc flu hosp,2026-04-04,quantile,0.1,182
2026-03-28,12,1,wk inc flu hosp,2026-04-04,quantile,0.15,205
2026-03-28,12,1,wk inc flu hosp,2026-04-04,quantile,0.2,214
2026-03-28,12,1,wk inc flu hosp,2026-04-04,quantile,0.25,233
2026-03-28,12,1,wk inc flu hosp,2026-04-04,quantile,0.3,244
2026-03-28,12,1,wk inc flu hosp,2026-04-04,quantile,0.35,253
2026-03-28,12,1,wk inc flu hosp,2026-04-04,quantile,0.4,269
2026-03-28,12,1,wk inc flu hosp,2026-04-04,quantile,0.45,286
2026-03-28,12,1,wk inc flu hosp,2026-04-04,quantile,0.5,303
2026-03-28,12,1,wk inc flu hosp,2026-04-04,quantile,0.55,323
2026-03-28,12,1,wk inc flu hosp,2026-04-04,quantile,0.6,345
2026-03-28,12,1,wk inc flu hosp,2026-04-04,quantile,0.65,365
2026-03-28,12,1,wk inc flu hosp,2026-04-04,quantile,0.7,382
2026-03-28,12,1,wk inc flu hosp,2026-04-04,quantile,0.75,408
2026-03-28,12,1,wk inc flu hosp,2026-04-04,quantile,0.8,433
2026-03-28,12,1,wk inc flu hosp,2026-04-04,quantile,0.85,466
2026-03-28,12,1,wk inc flu hosp,2026-04-04,quantile,0.9,516
2026-03-28,12,1,wk inc flu hosp,2026-04-04,quantile,0.95,598
2026-03-28,12,1,wk inc flu hosp,2026-04-04,quantile,0.975,681
2026-03-28,12,1,wk inc flu hosp,2026-04-04,quantile,0.99,739
2026-03-28,12,2,wk inc flu hosp,2026-04-11,quantile,0.01,61
2026-03-28,12,2,wk inc flu hosp,2026-04-11,quantile,0.025,75
2026-03-28,12,2,wk inc flu hosp,2026-04-11,quantile,0.05,92
2026-03-28,12,2,wk inc flu hosp,2026-04-11,quantile,0.1,127
2026-03-28,12,2,wk inc flu hosp,2026-04-11,quantile,0.15,139
2026-03-28,12,2,wk inc flu hosp,2026-04-11,quantile,0.2,154
2026-03-28,12,2,wk inc flu hosp,2026-04-11,quantile,0.25,167
2026-03-28,12,2,wk inc flu hosp,2026-04-11,quantile,0.3,182
2026-03-28,12,2,wk inc flu hosp,2026-04-11,quantile,0.35,199
2026-03-28,12,2,wk inc flu hosp,2026-04-11,quantile,0.4,216
2026-03-28,12,2,wk inc flu hosp,2026-04-11,quantile,0.45,234
2026-03-28,12,2,wk inc flu hosp,2026-04-11,quantile,0.5,252
2026-03-28,12,2,wk inc flu hosp,2026-04-11,quantile,0.55,266
2026-03-28,12,2,wk inc flu hosp,2026-04-11,quantile,0.6,285
2026-03-28,12,2,wk inc flu hosp,2026-04-11,quantile,0.65,309
2026-03-28,12,2,wk inc flu hosp,2026-04-11,quantile,0.7,336
2026-03-28,12,2,wk inc flu hosp,2026-04-11,quantile,0.75,363
2026-03-28,12,2,wk inc flu hosp,2026-04-11,quantile,0.8,395
2026-03-28,12,2,wk inc flu hosp,2026-04-11,quantile,0.85,421
2026-03-28,12,2,wk inc flu hosp,2026-04-11,quantile,0.9,467
2026-03-28,12,2,wk inc flu hosp,2026-04-11,quantile,0.95,568
2026-03-28,12,2,wk inc flu hosp,2026-04-11,quantile,0.975,651
2026-03-28,12,2,wk inc flu hosp,2026-04-11,quantile,0.99,789
2026-03-28,12,3,wk inc flu hosp,2026-04-18,quantile,0.01,39
2026-03-28,12,3,wk inc flu hosp,2026-04-18,quantile,0.025,56
2026-03-28,12,3,wk inc flu hosp,2026-04-18,quantile,0.05,73
2026-03-28,12,3,wk inc flu hosp,2026-04-18,quantile,0.1,100
2026-03-28,12,3,wk inc flu hosp,2026-04-18,quantile,0.15,115
2026-03-28,12,3,wk inc flu hosp,2026-04-18,quantile,0.2,133
2026-03-28,12,3,wk inc flu hosp,2026-04-18,quantile,0.25,148
2026-03-28,12,3,wk inc flu hosp,2026-04-18,quantile,0.3,160
2026-03-28,12,3,wk inc flu hosp,2026-04-18,quantile,0.35,171
2026-03-28,12,3,wk inc flu hosp,2026-04-18,quantile,0.4,186
2026-03-28,12,3,wk inc flu hosp,2026-04-18,quantile,0.45,201
2026-03-28,12,3,wk inc flu hosp,2026-04-18,quantile,0.5,217
2026-03-28,12,3,wk inc flu hosp,2026-04-18,quantile,0.55,233
2026-03-28,12,3,wk inc flu hosp,2026-04-18,quantile,0.6,254
2026-03-28,12,3,wk inc flu hosp,2026-04-18,quantile,0.65,272
2026-03-28,12,3,wk inc flu hosp,2026-04-18,quantile,0.7,298
2026-03-28,12,3,wk inc flu hosp,2026-04-18,quantile,0.75,316
2026-03-28,12,3,wk inc flu hosp,2026-04-18,quantile,0.8,343
2026-03-28,12,3,wk inc flu hosp,2026-04-18,quantile,0.85,384
2026-03-28,12,3,wk inc flu hosp,2026-04-18,quantile,0.9,443
2026-03-28,12,3,wk inc flu hosp,2026-04-18,quantile,0.95,532
2026-03-28,12,3,wk inc flu hosp,2026-04-18,quantile,0.975,643
2026-03-28,12,3,wk inc flu hosp,2026-04-18,quantile,0.99,795
2026-03-28,13,0,wk inc flu hosp,2026-03-28,quantile,0.01,21
2026-03-28,13,0,wk inc flu hosp,2026-03-28,quantile,0.025,26
2026-03-28,13,0,wk inc flu hosp,2026-03-28,quantile,0.05,29
2026-03-28,13,0,wk inc flu hosp,2026-03-28,quantile,0.1,36
2026-03-28,13,0,wk inc flu hosp,2026-03-28,quantile,0.15,41
2026-03-28,13,0,wk inc flu hosp,2026-03-28,quantile,0.2,44
2026-03-28,13,0,wk inc flu hosp,2026-03-28,quantile,0.25,48
2026-03-28,13,0,wk inc flu hosp,2026-03-28,quantile,0.3,49
2026-03-28,13,0,wk inc flu hosp,2026-03-28,quantile,0.35,52
2026-03-28,13,0,wk inc flu hosp,2026-03-28,quantile,0.4,54
2026-03-28,13,0,wk inc flu hosp,2026-03-28,quantile,0.45,59
2026-03-28,13,0,wk inc flu hosp,2026-03-28,quantile,0.5,66
2026-03-28,13,0,wk inc flu hosp,2026-03-28,quantile,0.55,71
2026-03-28,13,0,wk inc flu hosp,2026-03-28,quantile,0.6,74
2026-03-28,13,0,wk inc flu hosp,2026-03-28,quantile,0.65,81
2026-03-28,13,0,wk inc flu hosp,2026-03-28,quantile,0.7,86
2026-03-28,13,0,wk inc flu hosp,2026-03-28,quantile,0.75,92
2026-03-28,13,0,wk inc flu hosp,2026-03-28,quantile,0.8,100
2026-03-28,13,0,wk inc flu hosp,2026-03-28,quantile,0.85,109
2026-03-28,13,0,wk inc flu hosp,2026-03-28,quantile,0.9,121
2026-03-28,13,0,wk inc flu hosp,2026-03-28,quantile,0.95,146
2026-03-28,13,0,wk inc flu hosp,2026-03-28,quantile,0.975,169
2026-03-28,13,0,wk inc flu hosp,2026-03-28,quantile,0.99,192
2026-03-28,13,1,wk inc flu hosp,2026-04-04,quantile,0.01,13
2026-03-28,13,1,wk inc flu hosp,2026-04-04,quantile,0.025,17
2026-03-28,13,1,wk inc flu hosp,2026-04-04,quantile,0.05,20
2026-03-28,13,1,wk inc flu hosp,2026-04-04,quantile,0.1,24
2026-03-28,13,1,wk inc flu hosp,2026-04-04,quantile,0.15,29
2026-03-28,13,1,wk inc flu hosp,2026-04-04,quantile,0.2,31
2026-03-28,13,1,wk inc flu hosp,2026-04-04,quantile,0.25,34
2026-03-28,13,1,wk inc flu hosp,2026-04-04,quantile,0.3,38
2026-03-28,13,1,wk inc flu hosp,2026-04-04,quantile,0.35,41
2026-03-28,13,1,wk inc flu hosp,2026-04-04,quantile,0.4,45
2026-03-28,13,1,wk inc flu hosp,2026-04-04,quantile,0.45,50
2026-03-28,13,1,wk inc flu hosp,2026-04-04,quantile,0.5,54
2026-03-28,13,1,wk inc flu hosp,2026-04-04,quantile,0.55,61
2026-03-28,13,1,wk inc flu hosp,2026-04-04,quantile,0.6,65
2026-03-28,13,1,wk inc flu hosp,2026-04-04,quantile,0.65,69
2026-03-28,13,1,wk inc flu hosp,2026-04-04,quantile,0.7,77
2026-03-28,13,1,wk inc flu hosp,2026-04-04,quantile,0.75,87
2026-03-28,13,1,wk inc flu hosp,2026-04-04,quantile,0.8,97
2026-03-28,13,1,wk inc flu hosp,2026-04-04,quantile,0.85,106
2026-03-28,13,1,wk inc flu hosp,2026-04-04,quantile,0.9,116
2026-03-28,13,1,wk inc flu hosp,2026-04-04,quantile,0.95,138
2026-03-28,13,1,wk inc flu hosp,2026-04-04,quantile,0.975,162
2026-03-28,13,1,wk inc flu hosp,2026-04-04,quantile,0.99,196
2026-03-28,13,2,wk inc flu hosp,2026-04-11,quantile,0.01,6
2026-03-28,13,2,wk inc flu hosp,2026-04-11,quantile,0.025,10
2026-03-28,13,2,wk inc flu hosp,2026-04-11,quantile,0.05,12
2026-03-28,13,2,wk inc flu hosp,2026-04-11,quantile,0.1,16
2026-03-28,13,2,wk inc flu hosp,2026-04-11,quantile,0.15,20
2026-03-28,13,2,wk inc flu hosp,2026-04-11,quantile,0.2,22
2026-03-28,13,2,wk inc flu hosp,2026-04-11,quantile,0.25,27
2026-03-28,13,2,wk inc flu hosp,2026-04-11,quantile,0.3,32
2026-03-28,13,2,wk inc flu hosp,2026-04-11,quantile,0.35,35
2026-03-28,13,2,wk inc flu hosp,2026-04-11,quantile,0.4,38
2026-03-28,13,2,wk inc flu hosp,2026-04-11,quantile,0.45,42
2026-03-28,13,2,wk inc flu hosp,2026-04-11,quantile,0.5,44
2026-03-28,13,2,wk inc flu hosp,2026-04-11,quantile,0.55,51
2026-03-28,13,2,wk inc flu hosp,2026-04-11,quantile,0.6,56
2026-03-28,13,2,wk inc flu hosp,2026-04-11,quantile,0.65,63
2026-03-28,13,2,wk inc flu hosp,2026-04-11,quantile,0.7,72
2026-03-28,13,2,wk inc flu hosp,2026-04-11,quantile,0.75,80
2026-03-28,13,2,wk inc flu hosp,2026-04-11,quantile,0.8,84
2026-03-28,13,2,wk inc flu hosp,2026-04-11,quantile,0.85,91
2026-03-28,13,2,wk inc flu hosp,2026-04-11,quantile,0.9,106
2026-03-28,13,2,wk inc flu hosp,2026-04-11,quantile,0.95,140
2026-03-28,13,2,wk inc flu hosp,2026-04-11,quantile,0.975,173
2026-03-28,13,2,wk inc flu hosp,2026-04-11,quantile,0.99,220
2026-03-28,13,3,wk inc flu hosp,2026-04-18,quantile,0.01,3
2026-03-28,13,3,wk inc flu hosp,2026-04-18,quantile,0.025,5
2026-03-28,13,3,wk inc flu hosp,2026-04-18,quantile,0.05,8
2026-03-28,13,3,wk inc flu hosp,2026-04-18,quantile,0.1,13
2026-03-28,13,3,wk inc flu hosp,2026-04-18,quantile,0.15,15
2026-03-28,13,3,wk inc flu hosp,2026-04-18,quantile,0.2,18
2026-03-28,13,3,wk inc flu hosp,2026-04-18,quantile,0.25,22
2026-03-28,13,3,wk inc flu hosp,2026-04-18,quantile,0.3,26
2026-03-28,13,3,wk inc flu hosp,2026-04-18,quantile,0.35,30
2026-03-28,13,3,wk inc flu hosp,2026-04-18,quantile,0.4,33
2026-03-28,13,3,wk inc flu hosp,2026-04-18,quantile,0.45,36
2026-03-28,13,3,wk inc flu hosp,2026-04-18,quantile,0.5,39
2026-03-28,13,3,wk inc flu hosp,2026-04-18,quantile,0.55,49
2026-03-28,13,3,wk inc flu hosp,2026-04-18,quantile,0.6,53
2026-03-28,13,3,wk inc flu hosp,2026-04-18,quantile,0.65,56
2026-03-28,13,3,wk inc flu hosp,2026-04-18,quantile,0.7,63
2026-03-28,13,3,wk inc flu hosp,2026-04-18,quantile,0.75,68
2026-03-28,13,3,wk inc flu hosp,2026-04-18,quantile,0.8,71
2026-03-28,13,3,wk inc flu hosp,2026-04-18,quantile,0.85,86
2026-03-28,13,3,wk inc flu hosp,2026-04-18,quantile,0.9,101
2026-03-28,13,3,wk inc flu hosp,2026-04-18,quantile,0.95,129
2026-03-28,13,3,wk inc flu hosp,2026-04-18,quantile,0.975,164
2026-03-28,13,3,wk inc flu hosp,2026-04-18,quantile,0.99,204
2026-03-28,15,0,wk inc flu hosp,2026-03-28,quantile,0.01,4
2026-03-28,15,0,wk inc flu hosp,2026-03-28,quantile,0.025,6
2026-03-28,15,0,wk inc flu hosp,2026-03-28,quantile,0.05,7
2026-03-28,15,0,wk inc flu hosp,2026-03-28,quantile,0.1,9
2026-03-28,15,0,wk inc flu hosp,2026-03-28,quantile,0.15,10
2026-03-28,15,0,wk inc flu hosp,2026-03-28,quantile,0.2,11
2026-03-28,15,0,wk inc flu hosp,2026-03-28,quantile,0.25,12
2026-03-28,15,0,wk inc flu hosp,2026-03-28,quantile,0.3,14
2026-03-28,15,0,wk inc flu hosp,2026-03-28,quantile,0.35,15
2026-03-28,15,0,wk inc flu hosp,2026-03-28,quantile,0.4,16
2026-03-28,15,0,wk inc flu hosp,2026-03-28,quantile,0.45,17
2026-03-28,15,0,wk inc flu hosp,2026-03-28,quantile,0.5,19
2026-03-28,15,0,wk inc flu hosp,2026-03-28,quantile,0.55,20
2026-03-28,15,0,wk inc flu hosp,2026-03-28,quantile,0.6,22
2026-03-28,15,0,wk inc flu hosp,2026-03-28,quantile,0.65,23
2026-03-28,15,0,wk inc flu hosp,2026-03-28,quantile,0.7,24
2026-03-28,15,0,wk inc flu hosp,2026-03-28,quantile,0.75,25
2026-03-28,15,0,wk inc flu hosp,2026-03-28,quantile,0.8,27
2026-03-28,15,0,wk inc flu hosp,2026-03-28,quantile,0.85,28
2026-03-28,15,0,wk inc flu hosp,2026-03-28,quantile,0.9,32
2026-03-28,15,0,wk inc flu hosp,2026-03-28,quantile,0.95,36
2026-03-28,15,0,wk inc flu hosp,2026-03-28,quantile,0.975,40
2026-03-28,15,0,wk inc flu hosp,2026-03-28,quantile,0.99,44
2026-03-28,15,1,wk inc flu hosp,2026-04-04,quantile,0.01,3
2026-03-28,15,1,wk inc flu hosp,2026-04-04,quantile,0.025,4
2026-03-28,15,1,wk inc flu hosp,2026-04-04,quantile,0.05,6
2026-03-28,15,1,wk inc flu hosp,2026-04-04,quantile,0.1,8
2026-03-28,15,1,wk inc flu hosp,2026-04-04,quantile,0.15,10
2026-03-28,15,1,wk inc flu hosp,2026-04-04,quantile,0.2,11
2026-03-28,15,1,wk inc flu hosp,2026-04-04,quantile,0.25,13
2026-03-28,15,1,wk inc flu hosp,2026-04-04,quantile,0.3,14
2026-03-28,15,1,wk inc flu hosp,2026-04-04,quantile,0.35,15
2026-03-28,15,1,wk inc flu hosp,2026-04-04,quantile,0.4,15
2026-03-28,15,1,wk inc flu hosp,2026-04-04,quantile,0.45,17
2026-03-28,15,1,wk inc flu hosp,2026-04-04,quantile,0.5,18
2026-03-28,15,1,wk inc flu hosp,2026-04-04,quantile,0.55,20
2026-03-28,15,1,wk inc flu hosp,2026-04-04,quantile,0.6,21
2026-03-28,15,1,wk inc flu hosp,2026-04-04,quantile,0.65,22
2026-03-28,15,1,wk inc flu hosp,2026-04-04,quantile,0.7,24
2026-03-28,15,1,wk inc flu hosp,2026-04-04,quantile,0.75,26
2026-03-28,15,1,wk inc flu hosp,2026-04-04,quantile,0.8,28
2026-03-28,15,1,wk inc flu hosp,2026-04-04,quantile,0.85,31
2026-03-28,15,1,wk inc flu hosp,2026-04-04,quantile,0.9,33
2026-03-28,15,1,wk inc flu hosp,2026-04-04,quantile,0.95,40
2026-03-28,15,1,wk inc flu hosp,2026-04-04,quantile,0.975,44
2026-03-28,15,1,wk inc flu hosp,2026-04-04,quantile,0.99,50
2026-03-28,15,2,wk inc flu hosp,2026-04-11,quantile,0.01,1
2026-03-28,15,2,wk inc flu hosp,2026-04-11,quantile,0.025,3
2026-03-28,15,2,wk inc flu hosp,2026-04-11,quantile,0.05,3
2026-03-28,15,2,wk inc flu hosp,2026-04-11,quantile,0.1,6
2026-03-28,15,2,wk inc flu hosp,2026-04-11,quantile,0.15,7
2026-03-28,15,2,wk inc flu hosp,2026-04-11,quantile,0.2,9
2026-03-28,15,2,wk inc flu hosp,2026-04-11,quantile,0.25,10
2026-03-28,15,2,wk inc flu hosp,2026-04-11,quantile,0.3,11
2026-03-28,15,2,wk inc flu hosp,2026-04-11,quantile,0.35,12
2026-03-28,15,2,wk inc flu hosp,2026-04-11,quantile,0.4,13
2026-03-28,15,2,wk inc flu hosp,2026-04-11,quantile,0.45,15
2026-03-28,15,2,wk inc flu hosp,2026-04-11,quantile,0.5,17
2026-03-28,15,2,wk inc flu hosp,2026-04-11,quantile,0.55,19
2026-03-28,15,2,wk inc flu hosp,2026-04-11,quantile,0.6,21
2026-03-28,15,2,wk inc flu hosp,2026-04-11,quantile,0.65,22
2026-03-28,15,2,wk inc flu hosp,2026-04-11,quantile,0.7,25
2026-03-28,15,2,wk inc flu hosp,2026-04-11,quantile,0.75,27
2026-03-28,15,2,wk inc flu hosp,2026-04-11,quantile,0.8,29
2026-03-28,15,2,wk inc flu hosp,2026-04-11,quantile,0.85,32
2026-03-28,15,2,wk inc flu hosp,2026-04-11,quantile,0.9,35
2026-03-28,15,2,wk inc flu hosp,2026-04-11,quantile,0.95,42
2026-03-28,15,2,wk inc flu hosp,2026-04-11,quantile,0.975,50
2026-03-28,15,2,wk inc flu hosp,2026-04-11,quantile,0.99,59
2026-03-28,15,3,wk inc flu hosp,2026-04-18,quantile,0.01,0
2026-03-28,15,3,wk inc flu hosp,2026-04-18,quantile,0.025,0
2026-03-28,15,3,wk inc flu hosp,2026-04-18,quantile,0.05,2
2026-03-28,15,3,wk inc flu hosp,2026-04-18,quantile,0.1,3
2026-03-28,15,3,wk inc flu hosp,2026-04-18,quantile,0.15,5
2026-03-28,15,3,wk inc flu hosp,2026-04-18,quantile,0.2,7
2026-03-28,15,3,wk inc flu hosp,2026-04-18,quantile,0.25,8
2026-03-28,15,3,wk inc flu hosp,2026-04-18,quantile,0.3,10
2026-03-28,15,3,wk inc flu hosp,2026-04-18,quantile,0.35,11
2026-03-28,15,3,wk inc flu hosp,2026-04-18,quantile,0.4,13
2026-03-28,15,3,wk inc flu hosp,2026-04-18,quantile,0.45,14
2026-03-28,15,3,wk inc flu hosp,2026-04-18,quantile,0.5,16
2026-03-28,15,3,wk inc flu hosp,2026-04-18,quantile,0.55,17
2026-03-28,15,3,wk inc flu hosp,2026-04-18,quantile,0.6,19
2026-03-28,15,3,wk inc flu hosp,2026-04-18,quantile,0.65,21
2026-03-28,15,3,wk inc flu hosp,2026-04-18,quantile,0.7,24
2026-03-28,15,3,wk inc flu hosp,2026-04-18,quantile,0.75,26
2026-03-28,15,3,wk inc flu hosp,2026-04-18,quantile,0.8,29
2026-03-28,15,3,wk inc flu hosp,2026-04-18,quantile,0.85,32
2026-03-28,15,3,wk inc flu hosp,2026-04-18,quantile,0.9,36
2026-03-28,15,3,wk inc flu hosp,2026-04-18,quantile,0.95,43
2026-03-28,15,3,wk inc flu hosp,2026-04-18,quantile,0.975,51
2026-03-28,15,3,wk inc flu hosp,2026-04-18,quantile,0.99,62
2026-03-28,16,0,wk inc flu hosp,2026-03-28,quantile,0.01,12
2026-03-28,16,0,wk inc flu hosp,2026-03-28,quantile,0.025,16
2026-03-28,16,0,wk inc flu hosp,2026-03-28,quantile,0.05,18
2026-03-28,16,0,wk inc flu hosp,2026-03-28,quantile,0.1,24
2026-03-28,16,0,wk inc flu hosp,2026-03-28,quantile,0.15,27
2026-03-28,16,0,wk inc flu hosp,2026-03-28,quantile,0.2,28
2026-03-28,16,0,wk inc flu hosp,2026-03-28,quantile,0.25,31
2026-03-28,16,0,wk inc flu hosp,2026-03-28,quantile,0.3,34
2026-03-28,16,0,wk inc flu hosp,2026-03-28,quantile,0.35,35
2026-03-28,16,0,wk inc flu hosp,2026-03-28,quantile,0.4,37
2026-03-28,16,0,wk inc flu hosp,2026-03-28,quantile,0.45,38
2026-03-28,16,0,wk inc flu hosp,2026-03-28,quantile,0.5,41
2026-03-28,16,0,wk inc flu hosp,2026-03-28,quantile,0.55,43
2026-03-28,16,0,wk inc flu hosp,2026-03-28,quantile,0.6,46
2026-03-28,16,0,wk inc flu hosp,2026-03-28,quantile,0.65,48
2026-03-28,16,0,wk inc flu hosp,2026-03-28,quantile,0.7,51
2026-03-28,16,0,wk inc flu hosp,2026-03-28,quantile,0.75,53
2026-03-28,16,0,wk inc flu hosp,2026-03-28,quantile,0.8,56
2026-03-28,16,0,wk inc flu hosp,2026-03-28,quantile,0.85,60
2026-03-28,16,0,wk inc flu hosp,2026-03-28,quantile,0.9,65
2026-03-28,16,0,wk inc flu hosp,2026-03-28,quantile,0.95,74
2026-03-28,16,0,wk inc flu hosp,2026-03-28,quantile,0.975,82
2026-03-28,16,0,wk inc flu hosp,2026-03-28,quantile,0.99,91
2026-03-28,16,1,wk inc flu hosp,2026-04-04,quantile,0.01,5
2026-03-28,16,1,wk inc flu hosp,2026-04-04,quantile,0.025,8
2026-03-28,16,1,wk inc flu hosp,2026-04-04,quantile,0.05,11
2026-03-28,16,1,wk inc flu hosp,2026-04-04,quantile,0.1,15
2026-03-28,16,1,wk inc flu hosp,2026-04-04,quantile,0.15,18
2026-03-28,16,1,wk inc flu hosp,2026-04-04,quantile,0.2,21
2026-03-28,16,1,wk inc flu hosp,2026-04-04,quantile,0.25,23
2026-03-28,16,1,wk inc flu hosp,2026-04-04,quantile,0.3,25
2026-03-28,16,1,wk inc flu hosp,2026-04-04,quantile,0.35,26
2026-03-28,16,1,wk inc flu hosp,2026-04-04,quantile,0.4,28
2026-03-28,16,1,wk inc flu hosp,2026-04-04,quantile,0.45,30
2026-03-28,16,1,wk inc flu hosp,2026-04-04,quantile,0.5,34
2026-03-28,16,1,wk inc flu hosp,2026-04-04,quantile,0.55,36
2026-03-28,16,1,wk inc flu hosp,2026-04-04,quantile,0.6,39
2026-03-28,16,1,wk inc flu hosp,2026-04-04,quantile,0.65,42
2026-03-28,16,1,wk inc flu hosp,2026-04-04,quantile,0.7,45
2026-03-28,16,1,wk inc flu hosp,2026-04-04,quantile,0.75,49
2026-03-28,16,1,wk inc flu hosp,2026-04-04,quantile,0.8,53
2026-03-28,16,1,wk inc flu hosp,2026-04-04,quantile,0.85,57
2026-03-28,16,1,wk inc flu hosp,2026-04-04,quantile,0.9,64
2026-03-28,16,1,wk inc flu hosp,2026-04-04,quantile,0.95,73
2026-03-28,16,1,wk inc flu hosp,2026-04-04,quantile,0.975,84
2026-03-28,16,1,wk inc flu hosp,2026-04-04,quantile,0.99,97
2026-03-28,16,2,wk inc flu hosp,2026-04-11,quantile,0.01,2
2026-03-28,16,2,wk inc flu hosp,2026-04-11,quantile,0.025,3
2026-03-28,16,2,wk inc flu hosp,2026-04-11,quantile,0.05,6
2026-03-28,16,2,wk inc flu hosp,2026-04-11,quantile,0.1,8
2026-03-28,16,2,wk inc flu hosp,2026-04-11,quantile,0.15,12
2026-03-28,16,2,wk inc flu hosp,2026-04-11,quantile,0.2,14
2026-03-28,16,2,wk inc flu hosp,2026-04-11,quantile,0.25,17
2026-03-28,16,2,wk inc flu hosp,2026-04-11,quantile,0.3,18
2026-03-28,16,2,wk inc flu hosp,2026-04-11,quantile,0.35,20
2026-03-28,16,2,wk inc flu hosp,2026-04-11,quantile,0.4,21
2026-03-28,16,2,wk inc flu hosp,2026-04-11,quantile,0.45,23
2026-03-28,16,2,wk inc flu hosp,2026-04-11,quantile,0.5,28
2026-03-28,16,2,wk inc flu hosp,2026-04-11,quantile,0.55,28
2026-03-28,16,2,wk inc flu hosp,2026-04-11,quantile,0.6,31
2026-03-28,16,2,wk inc flu hosp,2026-04-11,quantile,0.65,35
2026-03-28,16,2,wk inc flu hosp,2026-04-11,quantile,0.7,38
2026-03-28,16,2,wk inc flu hosp,2026-04-11,quantile,0.75,42
2026-03-28,16,2,wk inc flu hosp,2026-04-11,quantile,0.8,46
2026-03-28,16,2,wk inc flu hosp,2026-04-11,quantile,0.85,51
2026-03-28,16,2,wk inc flu hosp,2026-04-11,quantile,0.9,58
2026-03-28,16,2,wk inc flu hosp,2026-04-11,quantile,0.95,69
2026-03-28,16,2,wk inc flu hosp,2026-04-11,quantile,0.975,80
2026-03-28,16,2,wk inc flu hosp,2026-04-11,quantile,0.99,97
2026-03-28,16,3,wk inc flu hosp,2026-04-18,quantile,0.01,1
2026-03-28,16,3,wk inc flu hosp,2026-04-18,quantile,0.025,2
2026-03-28,16,3,wk inc flu hosp,2026-04-18,quantile,0.05,4
2026-03-28,16,3,wk inc flu hosp,2026-04-18,quantile,0.1,6
2026-03-28,16,3,wk inc flu hosp,2026-04-18,quantile,0.15,7
2026-03-28,16,3,wk inc flu hosp,2026-04-18,quantile,0.2,9
2026-03-28,16,3,wk inc flu hosp,2026-04-18,quantile,0.25,13
2026-03-28,16,3,wk inc flu hosp,2026-04-18,quantile,0.3,13
2026-03-28,16,3,wk inc flu hosp,2026-04-18,quantile,0.35,15
2026-03-28,16,3,wk inc flu hosp,2026-04-18,quantile,0.4,17
2026-03-28,16,3,wk inc flu hosp,2026-04-18,quantile,0.45,21
2026-03-28,16,3,wk inc flu hosp,2026-04-18,quantile,0.5,23
2026-03-28,16,3,wk inc flu hosp,2026-04-18,quantile,0.55,25
2026-03-28,16,3,wk inc flu hosp,2026-04-18,quantile,0.6,27
2026-03-28,16,3,wk inc flu hosp,2026-04-18,quantile,0.65,29
2026-03-28,16,3,wk inc flu hosp,2026-04-18,quantile,0.7,33
2026-03-28,16,3,wk inc flu hosp,2026-04-18,quantile,0.75,36
2026-03-28,16,3,wk inc flu hosp,2026-04-18,quantile,0.8,41
2026-03-28,16,3,wk inc flu hosp,2026-04-18,quantile,0.85,45
2026-03-28,16,3,wk inc flu hosp,2026-04-18,quantile,0.9,52
2026-03-28,16,3,wk inc flu hosp,2026-04-18,quantile,0.95,66
2026-03-28,16,3,wk inc flu hosp,2026-04-18,quantile,0.975,84
2026-03-28,16,3,wk inc flu hosp,2026-04-18,quantile,0.99,102
2026-03-28,17,0,wk inc flu hosp,2026-03-28,quantile,0.01,48
2026-03-28,17,0,wk inc flu hosp,2026-03-28,quantile,0.025,56
2026-03-28,17,0,wk inc flu hosp,2026-03-28,quantile,0.05,70
2026-03-28,17,0,wk inc flu hosp,2026-03-28,quantile,0.1,84
2026-03-28,17,0,wk inc flu hosp,2026-03-28,quantile,0.15,95
2026-03-28,17,0,wk inc flu hosp,2026-03-28,quantile,0.2,102
2026-03-28,17,0,wk inc flu hosp,2026-03-28,quantile,0.25,108
2026-03-28,17,0,wk inc flu hosp,2026-03-28,quantile,0.3,115
2026-03-28,17,0,wk inc flu hosp,2026-03-28,quantile,0.35,119
2026-03-28,17,0,wk inc flu hosp,2026-03-28,quantile,0.4,125
2026-03-28,17,0,wk inc flu hosp,2026-03-28,quantile,0.45,131
2026-03-28,17,0,wk inc flu hosp,2026-03-28,quantile,0.5,139
2026-03-28,17,0,wk inc flu hosp,2026-03-28,quantile,0.55,151
2026-03-28,17,0,wk inc flu hosp,2026-03-28,quantile,0.6,158
2026-03-28,17,0,wk inc flu hosp,2026-03-28,quantile,0.65,164
2026-03-28,17,0,wk inc flu hosp,2026-03-28,quantile,0.7,171
2026-03-28,17,0,wk inc flu hosp,2026-03-28,quantile,0.75,180
2026-03-28,17,0,wk inc flu hosp,2026-03-28,quantile,0.8,188
2026-03-28,17,0,wk inc flu hosp,2026-03-28,quantile,0.85,201
2026-03-28,17,0,wk inc flu hosp,2026-03-28,quantile,0.9,221
2026-03-28,17,0,wk inc flu hosp,2026-03-28,quantile,0.95,259
2026-03-28,17,0,wk inc flu hosp,2026-03-28,quantile,0.975,285
2026-03-28,17,0,wk inc flu hosp,2026-03-28,quantile,0.99,346
2026-03-28,17,1,wk inc flu hosp,2026-04-04,quantile,0.01,26
2026-03-28,17,1,wk inc flu hosp,2026-04-04,quantile,0.025,33
2026-03-28,17,1,wk inc flu hosp,2026-04-04,quantile,0.05,42
2026-03-28,17,1,wk inc flu hosp,2026-04-04,quantile,0.1,56
2026-03-28,17,1,wk inc flu hosp,2026-04-04,quantile,0.15,67
2026-03-28,17,1,wk inc flu hosp,2026-04-04,quantile,0.2,76
2026-03-28,17,1,wk inc flu hosp,2026-04-04,quantile,0.25,79
2026-03-28,17,1,wk inc flu hosp,2026-04-04,quantile,0.3,88
2026-03-28,17,1,wk inc flu hosp,2026-04-04,quantile,0.35,92
2026-03-28,17,1,wk inc flu hosp,2026-04-04,quantile,0.4,97
2026-03-28,17,1,wk inc flu hosp,2026-04-04,quantile,0.45,104
2026-03-28,17,1,wk inc flu hosp,2026-04-04,quantile,0.5,114
2026-03-28,17,1,wk inc flu hosp,2026-04-04,quantile,0.55,126
2026-03-28,17,1,wk inc flu hosp,2026-04-04,quantile,0.6,136
2026-03-28,17,1,wk inc flu hosp,2026-04-04,quantile,0.65,143
2026-03-28,17,1,wk inc flu hosp,2026-04-04,quantile,0.7,151
2026-03-28,17,1,wk inc flu hosp,2026-04-04,quantile,0.75,157
2026-03-28,17,1,wk inc flu hosp,2026-04-04,quantile,0.8,171
2026-03-28,17,1,wk inc flu hosp,2026-04-04,quantile,0.85,193
2026-03-28,17,1,wk inc flu hosp,2026-04-04,quantile,0.9,215
2026-03-28,17,1,wk inc flu hosp,2026-04-04,quantile,0.95,241
2026-03-28,17,1,wk inc flu hosp,2026-04-04,quantile,0.975,285
2026-03-28,17,1,wk inc flu hosp,2026-04-04,quantile,0.99,361
2026-03-28,17,2,wk inc flu hosp,2026-04-11,quantile,0.01,14
2026-03-28,17,2,wk inc flu hosp,2026-04-11,quantile,0.025,18
2026-03-28,17,2,wk inc flu hosp,2026-04-11,quantile,0.05,21
2026-03-28,17,2,wk inc flu hosp,2026-04-11,quantile,0.1,35
2026-03-28,17,2,wk inc flu hosp,2026-04-11,quantile,0.15,47
2026-03-28,17,2,wk inc flu hosp,2026-04-11,quantile,0.2,54
2026-03-28,17,2,wk inc flu hosp,2026-04-11,quantile,0.25,63
2026-03-28,17,2,wk inc flu hosp,2026-04-11,quantile,0.3,70
2026-03-28,17,2,wk inc flu hosp,2026-04-11,quantile,0.35,74
2026-03-28,17,2,wk inc flu hosp,2026-04-11,quantile,0.4,78
2026-03-28,17,2,wk inc flu hosp,2026-04-11,quantile,0.45,83
2026-03-28,17,2,wk inc flu hosp,2026-04-11,quantile,0.5,97
2026-03-28,17,2,wk inc flu hosp,2026-04-11,quantile,0.55,103
2026-03-28,17,2,wk inc flu hosp,2026-04-11,quantile,0.6,113
2026-03-28,17,2,wk inc flu hosp,2026-04-11,quantile,0.65,120
2026-03-28,17,2,wk inc flu hosp,2026-04-11,quantile,0.7,130
2026-03-28,17,2,wk inc flu hosp,2026-04-11,quantile,0.75,144
2026-03-28,17,2,wk inc flu hosp,2026-04-11,quantile,0.8,164
2026-03-28,17,2,wk inc flu hosp,2026-04-11,quantile,0.85,180
2026-03-28,17,2,wk inc flu hosp,2026-04-11,quantile,0.9,204
2026-03-28,17,2,wk inc flu hosp,2026-04-11,quantile,0.95,247
2026-03-28,17,2,wk inc flu hosp,2026-04-11,quantile,0.975,301
2026-03-28,17,2,wk inc flu hosp,2026-04-11,quantile,0.99,385
2026-03-28,17,3,wk inc flu hosp,2026-04-18,quantile,0.01,8
2026-03-28,17,3,wk inc flu hosp,2026-04-18,quantile,0.025,11
2026-03-28,17,3,wk inc flu hosp,2026-04-18,quantile,0.05,15
2026-03-28,17,3,wk inc flu hosp,2026-04-18,quantile,0.1,25
2026-03-28,17,3,wk inc flu hosp,2026-04-18,quantile,0.15,32
2026-03-28,17,3,wk inc flu hosp,2026-04-18,quantile,0.2,39
2026-03-28,17,3,wk inc flu hosp,2026-04-18,quantile,0.25,45
2026-03-28,17,3,wk inc flu hosp,2026-04-18,quantile,0.3,52
2026-03-28,17,3,wk inc flu hosp,2026-04-18,quantile,0.35,57
2026-03-28,17,3,wk inc flu hosp,2026-04-18,quantile,0.4,63
2026-03-28,17,3,wk inc flu hosp,2026-04-18,quantile,0.45,68
2026-03-28,17,3,wk inc flu hosp,2026-04-18,quantile,0.5,75
2026-03-28,17,3,wk inc flu hosp,2026-04-18,quantile,0.55,84
2026-03-28,17,3,wk inc flu hosp,2026-04-18,quantile,0.6,93
2026-03-28,17,3,wk inc flu hosp,2026-04-18,quantile,0.65,102
2026-03-28,17,3,wk inc flu hosp,2026-04-18,quantile,0.7,113
2026-03-28,17,3,wk inc flu hosp,2026-04-18,quantile,0.75,125
2026-03-28,17,3,wk inc flu hosp,2026-04-18,quantile,0.8,143
2026-03-28,17,3,wk inc flu hosp,2026-04-18,quantile,0.85,159
2026-03-28,17,3,wk inc flu hosp,2026-04-18,quantile,0.9,186
2026-03-28,17,3,wk inc flu hosp,2026-04-18,quantile,0.95,234
2026-03-28,17,3,wk inc flu hosp,2026-04-18,quantile,0.975,305
2026-03-28,17,3,wk inc flu hosp,2026-04-18,quantile,0.99,377
2026-03-28,18,0,wk inc flu hosp,2026-03-28,quantile,0.01,46
2026-03-28,18,0,wk inc flu hosp,2026-03-28,quantile,0.025,56
2026-03-28,18,0,wk inc flu hosp,2026-03-28,quantile,0.05,64
2026-03-28,18,0,wk inc flu hosp,2026-03-28,quantile,0.1,81
2026-03-28,18,0,wk inc flu hosp,2026-03-28,quantile,0.15,92
2026-03-28,18,0,wk inc flu hosp,2026-03-28,quantile,0.2,101
2026-03-28,18,0,wk inc flu hosp,2026-03-28,quantile,0.25,107
2026-03-28,18,0,wk inc flu hosp,2026-03-28,quantile,0.3,111
2026-03-28,18,0,wk inc flu hosp,2026-03-28,quantile,0.35,117
2026-03-28,18,0,wk inc flu hosp,2026-03-28,quantile,0.4,122
2026-03-28,18,0,wk inc flu hosp,2026-03-28,quantile,0.45,126
2026-03-28,18,0,wk inc flu hosp,2026-03-28,quantile,0.5,130
2026-03-28,18,0,wk inc flu hosp,2026-03-28,quantile,0.55,137
2026-03-28,18,0,wk inc flu hosp,2026-03-28,quantile,0.6,142
2026-03-28,18,0,wk inc flu hosp,2026-03-28,quantile,0.65,150
2026-03-28,18,0,wk inc flu hosp,2026-03-28,quantile,0.7,159
2026-03-28,18,0,wk inc flu hosp,2026-03-28,quantile,0.75,168
2026-03-28,18,0,wk inc flu hosp,2026-03-28,quantile,0.8,179
2026-03-28,18,0,wk inc flu hosp,2026-03-28,quantile,0.85,191
2026-03-28,18,0,wk inc flu hosp,2026-03-28,quantile,0.9,205
2026-03-28,18,0,wk inc flu hosp,2026-03-28,quantile,0.95,227
2026-03-28,18,0,wk inc flu hosp,2026-03-28,quantile,0.975,249
2026-03-28,18,0,wk inc flu hosp,2026-03-28,quantile,0.99,273
2026-03-28,18,1,wk inc flu hosp,2026-04-04,quantile,0.01,25
2026-03-28,18,1,wk inc flu hosp,2026-04-04,quantile,0.025,31
2026-03-28,18,1,wk inc flu hosp,2026-04-04,quantile,0.05,39
2026-03-28,18,1,wk inc flu hosp,2026-04-04,quantile,0.1,50
2026-03-28,18,1,wk inc flu hosp,2026-04-04,quantile,0.15,59
2026-03-28,18,1,wk inc flu hosp,2026-04-04,quantile,0.2,65
2026-03-28,18,1,wk inc flu hosp,2026-04-04,quantile,0.25,70
2026-03-28,18,1,wk inc flu hosp,2026-04-04,quantile,0.3,75
2026-03-28,18,1,wk inc flu hosp,2026-04-04,quantile,0.35,81
2026-03-28,18,1,wk inc flu hosp,2026-04-04,quantile,0.4,89
2026-03-28,18,1,wk inc flu hosp,2026-04-04,quantile,0.45,95
2026-03-28,18,1,wk inc flu hosp,2026-04-04,quantile,0.5,99
2026-03-28,18,1,wk inc flu hosp,2026-04-04,quantile,0.55,106
2026-03-28,18,1,wk inc flu hosp,2026-04-04,quantile,0.6,112
2026-03-28,18,1,wk inc flu hosp,2026-04-04,quantile,0.65,119
2026-03-28,18,1,wk inc flu hosp,2026-04-04,quantile,0.7,129
2026-03-28,18,1,wk inc flu hosp,2026-04-04,quantile,0.75,147
2026-03-28,18,1,wk inc flu hosp,2026-04-04,quantile,0.8,162
2026-03-28,18,1,wk inc flu hosp,2026-04-04,quantile,0.85,175
2026-03-28,18,1,wk inc flu hosp,2026-04-04,quantile,0.9,195
2026-03-28,18,1,wk inc flu hosp,2026-04-04,quantile,0.95,228
2026-03-28,18,1,wk inc flu hosp,2026-04-04,quantile,0.975,263
2026-03-28,18,1,wk inc flu hosp,2026-04-04,quantile,0.99,307
2026-03-28,18,2,wk inc flu hosp,2026-04-11,quantile,0.01,14
2026-03-28,18,2,wk inc flu hosp,2026-04-11,quantile,0.025,18
2026-03-28,18,2,wk inc flu hosp,2026-04-11,quantile,0.05,23
2026-03-28,18,2,wk inc flu hosp,2026-04-11,quantile,0.1,32
2026-03-28,18,2,wk inc flu hosp,2026-04-11,quantile,0.15,40
2026-03-28,18,2,wk inc flu hosp,2026-04-11,quantile,0.2,46
2026-03-28,18,2,wk inc flu hosp,2026-04-11,quantile,0.25,53
2026-03-28,18,2,wk inc flu hosp,2026-04-11,quantile,0.3,60
2026-03-28,18,2,wk inc flu hosp,2026-04-11,quantile,0.35,65
2026-03-28,18,2,wk inc flu hosp,2026-04-11,quantile,0.4,69
2026-03-28,18,2,wk inc flu hosp,2026-04-11,quantile,0.45,74
2026-03-28,18,2,wk inc flu hosp,2026-04-11,quantile,0.5,78
2026-03-28,18,2,wk inc flu hosp,2026-04-11,quantile,0.55,86
2026-03-28,18,2,wk inc flu hosp,2026-04-11,quantile,0.6,92
2026-03-28,18,2,wk inc flu hosp,2026-04-11,quantile,0.65,101
2026-03-28,18,2,wk inc flu hosp,2026-04-11,quantile,0.7,113
2026-03-28,18,2,wk inc flu hosp,2026-04-11,quantile,0.75,125
2026-03-28,18,2,wk inc flu hosp,2026-04-11,quantile,0.8,142
2026-03-28,18,2,wk inc flu hosp,2026-04-11,quantile,0.85,158
2026-03-28,18,2,wk inc flu hosp,2026-04-11,quantile,0.9,185
2026-03-28,18,2,wk inc flu hosp,2026-04-11,quantile,0.95,228
2026-03-28,18,2,wk inc flu hosp,2026-04-11,quantile,0.975,261
2026-03-28,18,2,wk inc flu hosp,2026-04-11,quantile,0.99,304
2026-03-28,18,3,wk inc flu hosp,2026-04-18,quantile,0.01,5
2026-03-28,18,3,wk inc flu hosp,2026-04-18,quantile,0.025,12
2026-03-28,18,3,wk inc flu hosp,2026-04-18,quantile,0.05,16
2026-03-28,18,3,wk inc flu hosp,2026-04-18,quantile,0.1,24
2026-03-28,18,3,wk inc flu hosp,2026-04-18,quantile,0.15,28
2026-03-28,18,3,wk inc flu hosp,2026-04-18,quantile,0.2,32
2026-03-28,18,3,wk inc flu hosp,2026-04-18,quantile,0.25,39
2026-03-28,18,3,wk inc flu hosp,2026-04-18,quantile,0.3,45
2026-03-28,18,3,wk inc flu hosp,2026-04-18,quantile,0.35,49
2026-03-28,18,3,wk inc flu hosp,2026-04-18,quantile,0.4,55
2026-03-28,18,3,wk inc flu hosp,2026-04-18,quantile,0.45,58
2026-03-28,18,3,wk inc flu hosp,2026-04-18,quantile,0.5,64
2026-03-28,18,3,wk inc flu hosp,2026-04-18,quantile,0.55,70
2026-03-28,18,3,wk inc flu hosp,2026-04-18,quantile,0.6,79
2026-03-28,18,3,wk inc flu hosp,2026-04-18,quantile,0.65,92
2026-03-28,18,3,wk inc flu hosp,2026-04-18,quantile,0.7,103
2026-03-28,18,3,wk inc flu hosp,2026-04-18,quantile,0.75,116
2026-03-28,18,3,wk inc flu hosp,2026-04-18,quantile,0.8,131
2026-03-28,18,3,wk inc flu hosp,2026-04-18,quantile,0.85,145
2026-03-28,18,3,wk inc flu hosp,2026-04-18,quantile,0.9,166
2026-03-28,18,3,wk inc flu hosp,2026-04-18,quantile,0.95,219
2026-03-28,18,3,wk inc flu hosp,2026-04-18,quantile,0.975,248
2026-03-28,18,3,wk inc flu hosp,2026-04-18,quantile,0.99,308
2026-03-28,19,0,wk inc flu hosp,2026-03-28,quantile,0.01,13
2026-03-28,19,0,wk inc flu hosp,2026-03-28,quantile,0.025,16
2026-03-28,19,0,wk inc flu hosp,2026-03-28,quantile,0.05,19
2026-03-28,19,0,wk inc flu hosp,2026-03-28,quantile,0.1,23
2026-03-28,19,0,wk inc flu hosp,2026-03-28,quantile,0.15,26
2026-03-28,19,0,wk inc flu hosp,2026-03-28,quantile,0.2,29
2026-03-28,19,0,wk inc flu hosp,2026-03-28,quantile,0.25,33
2026-03-28,19,0,wk inc flu hosp,2026-03-28,quantile,0.3,36
2026-03-28,19,0,wk inc flu hosp,2026-03-28,quantile,0.35,39
2026-03-28,19,0,wk inc flu hosp,2026-03-28,quantile,0.4,43
2026-03-28,19,0,wk inc flu hosp,2026-03-28,quantile,0.45,45
2026-03-28,19,0,wk inc flu hosp,2026-03-28,quantile,0.5,49
2026-03-28,19,0,wk inc flu hosp,2026-03-28,quantile,0.55,52
2026-03-28,19,0,wk inc flu hosp,2026-03-28,quantile,0.6,55
2026-03-28,19,0,wk inc flu hosp,2026-03-28,quantile,0.65,58
2026-03-28,19,0,wk inc flu hosp,2026-03-28,quantile,0.7,61
2026-03-28,19,0,wk inc flu hosp,2026-03-28,quantile,0.75,64
2026-03-28,19,0,wk inc flu hosp,2026-03-28,quantile,0.8,69
2026-03-28,19,0,wk inc flu hosp,2026-03-28,quantile,0.85,74
2026-03-28,19,0,wk inc flu hosp,2026-03-28,quantile,0.9,81
2026-03-28,19,0,wk inc flu hosp,2026-03-28,quantile,0.95,90
2026-03-28,19,0,wk inc flu hosp,2026-03-28,quantile,0.975,101
2026-03-28,19,0,wk inc flu hosp,2026-03-28,quantile,0.99,112
2026-03-28,19,1,wk inc flu hosp,2026-04-04,quantile,0.01,6
2026-03-28,19,1,wk inc flu hosp,2026-04-04,quantile,0.025,8
2026-03-28,19,1,wk inc flu hosp,2026-04-04,quantile,0.05,11
2026-03-28,19,1,wk inc flu hosp,2026-04-04,quantile,0.1,14
2026-03-28,19,1,wk inc flu hosp,2026-04-04,quantile,0.15,17
2026-03-28,19,1,wk inc flu hosp,2026-04-04,quantile,0.2,22
2026-03-28,19,1,wk inc flu hosp,2026-04-04,quantile,0.25,24
2026-03-28,19,1,wk inc flu hosp,2026-04-04,quantile,0.3,25
2026-03-28,19,1,wk inc flu hosp,2026-04-04,quantile,0.35,27
2026-03-28,19,1,wk inc flu hosp,2026-04-04,quantile,0.4,32
2026-03-28,19,1,wk inc flu hosp,2026-04-04,quantile,0.45,35
2026-03-28,19,1,wk inc flu hosp,2026-04-04,quantile,0.5,38
2026-03-28,19,1,wk inc flu hosp,2026-04-04,quantile,0.55,41
2026-03-28,19,1,wk inc flu hosp,2026-04-04,quantile,0.6,44
2026-03-28,19,1,wk inc flu hosp,2026-04-04,quantile,0.65,47
2026-03-28,19,1,wk inc flu hosp,2026-04-04,quantile,0.7,53
2026-03-28,19,1,wk inc flu hosp,2026-04-04,quantile,0.75,58
2026-03-28,19,1,wk inc flu hosp,2026-04-04,quantile,0.8,63
2026-03-28,19,1,wk inc flu hosp,2026-04-04,quantile,0.85,69
2026-03-28,19,1,wk inc flu hosp,2026-04-04,quantile,0.9,77
2026-03-28,19,1,wk inc flu hosp,2026-04-04,quantile,0.95,90
2026-03-28,19,1,wk inc flu hosp,2026-04-04,quantile,0.975,101
2026-03-28,19,1,wk inc flu hosp,2026-04-04,quantile,0.99,116
2026-03-28,19,2,wk inc flu hosp,2026-04-11,quantile,0.01,3
2026-03-28,19,2,wk inc flu hosp,2026-04-11,quantile,0.025,4
2026-03-28,19,2,wk inc flu hosp,2026-04-11,quantile,0.05,5
2026-03-28,19,2,wk inc flu hosp,2026-04-11,quantile,0.1,9
2026-03-28,19,2,wk inc flu hosp,2026-04-11,quantile,0.15,12
2026-03-28,19,2,wk inc flu hosp,2026-04-11,quantile,0.2,15
2026-03-28,19,2,wk inc flu hosp,2026-04-11,quantile,0.25,16
2026-03-28,19,2,wk inc flu hosp,2026-04-11,quantile,0.3,17
2026-03-28,19,2,wk inc flu hosp,2026-04-11,quantile,0.35,20
2026-03-28,19,2,wk inc flu hosp,2026-04-11,quantile,0.4,24
2026-03-28,19,2,wk inc flu hosp,2026-04-11,quantile,0.45,26
2026-03-28,19,2,wk inc flu hosp,2026-04-11,quantile,0.5,29
2026-03-28,19,2,wk inc flu hosp,2026-04-11,quantile,0.55,33
2026-03-28,19,2,wk inc flu hosp,2026-04-11,quantile,0.6,35
2026-03-28,19,2,wk inc flu hosp,2026-04-11,quantile,0.65,38
2026-03-28,19,2,wk inc flu hosp,2026-04-11,quantile,0.7,43
2026-03-28,19,2,wk inc flu hosp,2026-04-11,quantile,0.75,49
2026-03-28,19,2,wk inc flu hosp,2026-04-11,quantile,0.8,55
2026-03-28,19,2,wk inc flu hosp,2026-04-11,quantile,0.85,60
2026-03-28,19,2,wk inc flu hosp,2026-04-11,quantile,0.9,68
2026-03-28,19,2,wk inc flu hosp,2026-04-11,quantile,0.95,80
2026-03-28,19,2,wk inc flu hosp,2026-04-11,quantile,0.975,97
2026-03-28,19,2,wk inc flu hosp,2026-04-11,quantile,0.99,112
2026-03-28,19,3,wk inc flu hosp,2026-04-18,quantile,0.01,2
2026-03-28,19,3,wk inc flu hosp,2026-04-18,quantile,0.025,3
2026-03-28,19,3,wk inc flu hosp,2026-04-18,quantile,0.05,4
2026-03-28,19,3,wk inc flu hosp,2026-04-18,quantile,0.1,5
2026-03-28,19,3,wk inc flu hosp,2026-04-18,quantile,0.15,7
2026-03-28,19,3,wk inc flu hosp,2026-04-18,quantile,0.2,9
2026-03-28,19,3,wk inc flu hosp,2026-04-18,quantile,0.25,11
2026-03-28,19,3,wk inc flu hosp,2026-04-18,quantile,0.3,12
2026-03-28,19,3,wk inc flu hosp,2026-04-18,quantile,0.35,13
2026-03-28,19,3,wk inc flu hosp,2026-04-18,quantile,0.4,15
2026-03-28,19,3,wk inc flu hosp,2026-04-18,quantile,0.45,17
2026-03-28,19,3,wk inc flu hosp,2026-04-18,quantile,0.5,23
2026-03-28,19,3,wk inc flu hosp,2026-04-18,quantile,0.55,25
2026-03-28,19,3,wk inc flu hosp,2026-04-18,quantile,0.6,30
2026-03-28,19,3,wk inc flu hosp,2026-04-18,quantile,0.65,32
2026-03-28,19,3,wk inc flu hosp,2026-04-18,quantile,0.7,36
2026-03-28,19,3,wk inc flu hosp,2026-04-18,quantile,0.75,42
2026-03-28,19,3,wk inc flu hosp,2026-04-18,quantile,0.8,47
2026-03-28,19,3,wk inc flu hosp,2026-04-18,quantile,0.85,54
2026-03-28,19,3,wk inc flu hosp,2026-04-18,quantile,0.9,59
2026-03-28,19,3,wk inc flu hosp,2026-04-18,quantile,0.95,76
2026-03-28,19,3,wk inc flu hosp,2026-04-18,quantile,0.975,96
2026-03-28,19,3,wk inc flu hosp,2026-04-18,quantile,0.99,117
2026-03-28,20,0,wk inc flu hosp,2026-03-28,quantile,0.01,10
2026-03-28,20,0,wk inc flu hosp,2026-03-28,quantile,0.025,13
2026-03-28,20,0,wk inc flu hosp,2026-03-28,quantile,0.05,15
2026-03-28,20,0,wk inc flu hosp,2026-03-28,quantile,0.1,19
2026-03-28,20,0,wk inc flu hosp,2026-03-28,quantile,0.15,20
2026-03-28,20,0,wk inc flu hosp,2026-03-28,quantile,0.2,22
2026-03-28,20,0,wk inc flu hosp,2026-03-28,quantile,0.25,24
2026-03-28,20,0,wk inc flu hosp,2026-03-28,quantile,0.3,27
2026-03-28,20,0,wk inc flu hosp,2026-03-28,quantile,0.35,28
2026-03-28,20,0,wk inc flu hosp,2026-03-28,quantile,0.4,29
2026-03-28,20,0,wk inc flu hosp,2026-03-28,quantile,0.45,31
2026-03-28,20,0,wk inc flu hosp,2026-03-28,quantile,0.5,35
2026-03-28,20,0,wk inc flu hosp,2026-03-28,quantile,0.55,37
2026-03-28,20,0,wk inc flu hosp,2026-03-28,quantile,0.6,39
2026-03-28,20,0,wk inc flu hosp,2026-03-28,quantile,0.65,42
2026-03-28,20,0,wk inc flu hosp,2026-03-28,quantile,0.7,44
2026-03-28,20,0,wk inc flu hosp,2026-03-28,quantile,0.75,47
2026-03-28,20,0,wk inc flu hosp,2026-03-28,quantile,0.8,50
2026-03-28,20,0,wk inc flu hosp,2026-03-28,quantile,0.85,54
2026-03-28,20,0,wk inc flu hosp,2026-03-28,quantile,0.9,59
2026-03-28,20,0,wk inc flu hosp,2026-03-28,quantile,0.95,66
2026-03-28,20,0,wk inc flu hosp,2026-03-28,quantile,0.975,74
2026-03-28,20,0,wk inc flu hosp,2026-03-28,quantile,0.99,82
2026-03-28,20,1,wk inc flu hosp,2026-04-04,quantile,0.01,4
2026-03-28,20,1,wk inc flu hosp,2026-04-04,quantile,0.025,6
2026-03-28,20,1,wk inc flu hosp,2026-04-04,quantile,0.05,7
2026-03-28,20,1,wk inc flu hosp,2026-04-04,quantile,0.1,12
2026-03-28,20,1,wk inc flu hosp,2026-04-04,quantile,0.15,14
2026-03-28,20,1,wk inc flu hosp,2026-04-04,quantile,0.2,15
2026-03-28,20,1,wk inc flu hosp,2026-04-04,quantile,0.25,17
2026-03-28,20,1,wk inc flu hosp,2026-04-04,quantile,0.3,19
2026-03-28,20,1,wk inc flu hosp,2026-04-04,quantile,0.35,21
2026-03-28,20,1,wk inc flu hosp,2026-04-04,quantile,0.4,22
2026-03-28,20,1,wk inc flu hosp,2026-04-04,quantile,0.45,24
2026-03-28,20,1,wk inc flu hosp,2026-04-04,quantile,0.5,27
2026-03-28,20,1,wk inc flu hosp,2026-04-04,quantile,0.55,30
2026-03-28,20,1,wk inc flu hosp,2026-04-04,quantile,0.6,32
2026-03-28,20,1,wk inc flu hosp,2026-04-04,quantile,0.65,37
2026-03-28,20,1,wk inc flu hosp,2026-04-04,quantile,0.7,39
2026-03-28,20,1,wk inc flu hosp,2026-04-04,quantile,0.75,43
2026-03-28,20,1,wk inc flu hosp,2026-04-04,quantile,0.8,46
2026-03-28,20,1,wk inc flu hosp,2026-04-04,quantile,0.85,51
2026-03-28,20,1,wk inc flu hosp,2026-04-04,quantile,0.9,57
2026-03-28,20,1,wk inc flu hosp,2026-04-04,quantile,0.95,67
2026-03-28,20,1,wk inc flu hosp,2026-04-04,quantile,0.975,78
2026-03-28,20,1,wk inc flu hosp,2026-04-04,quantile,0.99,91
2026-03-28,20,2,wk inc flu hosp,2026-04-11,quantile,0.01,2
2026-03-28,20,2,wk inc flu hosp,2026-04-11,quantile,0.025,3
2026-03-28,20,2,wk inc flu hosp,2026-04-11,quantile,0.05,4
2026-03-28,20,2,wk inc flu hosp,2026-04-11,quantile,0.1,7
2026-03-28,20,2,wk inc flu hosp,2026-04-11,quantile,0.15,9
2026-03-28,20,2,wk inc flu hosp,2026-04-11,quantile,0.2,11
2026-03-28,20,2,wk inc flu hosp,2026-04-11,quantile,0.25,12
2026-03-28,20,2,wk inc flu hosp,2026-04-11,quantile,0.3,13
2026-03-28,20,2,wk inc flu hosp,2026-04-11,quantile,0.35,14
2026-03-28,20,2,wk inc flu hosp,2026-04-11,quantile,0.4,16
2026-03-28,20,2,wk inc flu hosp,2026-04-11,quantile,0.45,18
2026-03-28,20,2,wk inc flu hosp,2026-04-11,quantile,0.5,21
2026-03-28,20,2,wk inc flu hosp,2026-04-11,quantile,0.55,24
2026-03-28,20,2,wk inc flu hosp,2026-04-11,quantile,0.6,26
2026-03-28,20,2,wk inc flu hosp,2026-04-11,quantile,0.65,28
2026-03-28,20,2,wk inc flu hosp,2026-04-11,quantile,0.7,31
2026-03-28,20,2,wk inc flu hosp,2026-04-11,quantile,0.75,35
2026-03-28,20,2,wk inc flu hosp,2026-04-11,quantile,0.8,39
2026-03-28,20,2,wk inc flu hosp,2026-04-11,quantile,0.85,45
2026-03-28,20,2,wk inc flu hosp,2026-04-11,quantile,0.9,52
2026-03-28,20,2,wk inc flu hosp,2026-04-11,quantile,0.95,64
2026-03-28,20,2,wk inc flu hosp,2026-04-11,quantile,0.975,76
2026-03-28,20,2,wk inc flu hosp,2026-04-11,quantile,0.99,92
2026-03-28,20,3,wk inc flu hosp,2026-04-18,quantile,0.01,1
2026-03-28,20,3,wk inc flu hosp,2026-04-18,quantile,0.025,2
2026-03-28,20,3,wk inc flu hosp,2026-04-18,quantile,0.05,3
2026-03-28,20,3,wk inc flu hosp,2026-04-18,quantile,0.1,4
2026-03-28,20,3,wk inc flu hosp,2026-04-18,quantile,0.15,6
2026-03-28,20,3,wk inc flu hosp,2026-04-18,quantile,0.2,7
2026-03-28,20,3,wk inc flu hosp,2026-04-18,quantile,0.25,8
2026-03-28,20,3,wk inc flu hosp,2026-04-18,quantile,0.3,10
2026-03-28,20,3,wk inc flu hosp,2026-04-18,quantile,0.35,10
2026-03-28,20,3,wk inc flu hosp,2026-04-18,quantile,0.4,13
2026-03-28,20,3,wk inc flu hosp,2026-04-18,quantile,0.45,14
2026-03-28,20,3,wk inc flu hosp,2026-04-18,quantile,0.5,16
2026-03-28,20,3,wk inc flu hosp,2026-04-18,quantile,0.55,18
2026-03-28,20,3,wk inc flu hosp,2026-04-18,quantile,0.6,20
2026-03-28,20,3,wk inc flu hosp,2026-04-18,quantile,0.65,22
2026-03-28,20,3,wk inc flu hosp,2026-04-18,quantile,0.7,26
2026-03-28,20,3,wk inc flu hosp,2026-04-18,quantile,0.75,30
2026-03-28,20,3,wk inc flu hosp,2026-04-18,quantile,0.8,35
2026-03-28,20,3,wk inc flu hosp,2026-04-18,quantile,0.85,39
2026-03-28,20,3,wk inc flu hosp,2026-04-18,quantile,0.9,47
2026-03-28,20,3,wk inc flu hosp,2026-04-18,quantile,0.95,62
2026-03-28,20,3,wk inc flu hosp,2026-04-18,quantile,0.975,76
2026-03-28,20,3,wk inc flu hosp,2026-04-18,quantile,0.99,98
2026-03-28,21,0,wk inc flu hosp,2026-03-28,quantile,0.01,27
2026-03-28,21,0,wk inc flu hosp,2026-03-28,quantile,0.025,34
2026-03-28,21,0,wk inc flu hosp,2026-03-28,quantile,0.05,40
2026-03-28,21,0,wk inc flu hosp,2026-03-28,quantile,0.1,48
2026-03-28,21,0,wk inc flu hosp,2026-03-28,quantile,0.15,52
2026-03-28,21,0,wk inc flu hosp,2026-03-28,quantile,0.2,56
2026-03-28,21,0,wk inc flu hosp,2026-03-28,quantile,0.25,59
2026-03-28,21,0,wk inc flu hosp,2026-03-28,quantile,0.3,62
2026-03-28,21,0,wk inc flu hosp,2026-03-28,quantile,0.35,67
2026-03-28,21,0,wk inc flu hosp,2026-03-28,quantile,0.4,70
2026-03-28,21,0,wk inc flu hosp,2026-03-28,quantile,0.45,75
2026-03-28,21,0,wk inc flu hosp,2026-03-28,quantile,0.5,81
2026-03-28,21,0,wk inc flu hosp,2026-03-28,quantile,0.55,85
2026-03-28,21,0,wk inc flu hosp,2026-03-28,quantile,0.6,89
2026-03-28,21,0,wk inc flu hosp,2026-03-28,quantile,0.65,94
2026-03-28,21,0,wk inc flu hosp,2026-03-28,quantile,0.7,101
2026-03-28,21,0,wk inc flu hosp,2026-03-28,quantile,0.75,108
2026-03-28,21,0,wk inc flu hosp,2026-03-28,quantile,0.8,114
2026-03-28,21,0,wk inc flu hosp,2026-03-28,quantile,0.85,121
2026-03-28,21,0,wk inc flu hosp,2026-03-28,quantile,0.9,132
2026-03-28,21,0,wk inc flu hosp,2026-03-28,quantile,0.95,148
2026-03-28,21,0,wk inc flu hosp,2026-03-28,quantile,0.975,163
2026-03-28,21,0,wk inc flu hosp,2026-03-28,quantile,0.99,194
2026-03-28,21,1,wk inc flu hosp,2026-04-04,quantile,0.01,15
2026-03-28,21,1,wk inc flu hosp,2026-04-04,quantile,0.025,20
2026-03-28,21,1,wk inc flu hosp,2026-04-04,quantile,0.05,25
2026-03-28,21,1,wk inc flu hosp,2026-04-04,quantile,0.1,30
2026-03-28,21,1,wk inc flu hosp,2026-04-04,quantile,0.15,33
2026-03-28,21,1,wk inc flu hosp,2026-04-04,quantile,0.2,38
2026-03-28,21,1,wk inc flu hosp,2026-04-04,quantile,0.25,44
2026-03-28,21,1,wk inc flu hosp,2026-04-04,quantile,0.3,48
2026-03-28,21,1,wk inc flu hosp,2026-04-04,quantile,0.35,51
2026-03-28,21,1,wk inc flu hosp,2026-04-04,quantile,0.4,55
2026-03-28,21,1,wk inc flu hosp,2026-04-04,quantile,0.45,58
2026-03-28,21,1,wk inc flu hosp,2026-04-04,quantile,0.5,64
2026-03-28,21,1,wk inc flu hosp,2026-04-04,quantile,0.55,68
2026-03-28,21,1,wk inc flu hosp,2026-04-04,quantile,0.6,74
2026-03-28,21,1,wk inc flu hosp,2026-04-04,quantile,0.65,81
2026-03-28,21,1,wk inc flu hosp,2026-04-04,quantile,0.7,87
2026-03-28,21,1,wk inc flu hosp,2026-04-04,quantile,0.75,96
2026-03-28,21,1,wk inc flu hosp,2026-04-04,quantile,0.8,104
2026-03-28,21,1,wk inc flu hosp,2026-04-04,quantile,0.85,111
2026-03-28,21,1,wk inc flu hosp,2026-04-04,quantile,0.9,120
2026-03-28,21,1,wk inc flu hosp,2026-04-04,quantile,0.95,146
2026-03-28,21,1,wk inc flu hosp,2026-04-04,quantile,0.975,176
2026-03-28,21,1,wk inc flu hosp,2026-04-04,quantile,0.99,200
2026-03-28,21,2,wk inc flu hosp,2026-04-11,quantile,0.01,7
2026-03-28,21,2,wk inc flu hosp,2026-04-11,quantile,0.025,11
2026-03-28,21,2,wk inc flu hosp,2026-04-11,quantile,0.05,14
2026-03-28,21,2,wk inc flu hosp,2026-04-11,quantile,0.1,21
2026-03-28,21,2,wk inc flu hosp,2026-04-11,quantile,0.15,23
2026-03-28,21,2,wk inc flu hosp,2026-04-11,quantile,0.2,26
2026-03-28,21,2,wk inc flu hosp,2026-04-11,quantile,0.25,32
2026-03-28,21,2,wk inc flu hosp,2026-04-11,quantile,0.3,35
2026-03-28,21,2,wk inc flu hosp,2026-04-11,quantile,0.35,38
2026-03-28,21,2,wk inc flu hosp,2026-04-11,quantile,0.4,41
2026-03-28,21,2,wk inc flu hosp,2026-04-11,quantile,0.45,44
2026-03-28,21,2,wk inc flu hosp,2026-04-11,quantile,0.5,49
2026-03-28,21,2,wk inc flu hosp,2026-04-11,quantile,0.55,52
2026-03-28,21,2,wk inc flu hosp,2026-04-11,quantile,0.6,56
2026-03-28,21,2,wk inc flu hosp,2026-04-11,quantile,0.65,63
2026-03-28,21,2,wk inc flu hosp,2026-04-11,quantile,0.7,72
2026-03-28,21,2,wk inc flu hosp,2026-04-11,quantile,0.75,80
2026-03-28,21,2,wk inc flu hosp,2026-04-11,quantile,0.8,89
2026-03-28,21,2,wk inc flu hosp,2026-04-11,quantile,0.85,97
2026-03-28,21,2,wk inc flu hosp,2026-04-11,quantile,0.9,110
2026-03-28,21,2,wk inc flu hosp,2026-04-11,quantile,0.95,142
2026-03-28,21,2,wk inc flu hosp,2026-04-11,quantile,0.975,177
2026-03-28,21,2,wk inc flu hosp,2026-04-11,quantile,0.99,205
2026-03-28,21,3,wk inc flu hosp,2026-04-18,quantile,0.01,1
2026-03-28,21,3,wk inc flu hosp,2026-04-18,quantile,0.025,7
2026-03-28,21,3,wk inc flu hosp,2026-04-18,quantile,0.05,8
2026-03-28,21,3,wk inc flu hosp,2026-04-18,quantile,0.1,13
2026-03-28,21,3,wk inc flu hosp,2026-04-18,quantile,0.15,15
2026-03-28,21,3,wk inc flu hosp,2026-04-18,quantile,0.2,19
2026-03-28,21,3,wk inc flu hosp,2026-04-18,quantile,0.25,23
2026-03-28,21,3,wk inc flu hosp,2026-04-18,quantile,0.3,26
2026-03-28,21,3,wk inc flu hosp,2026-04-18,quantile,0.35,29
2026-03-28,21,3,wk inc flu hosp,2026-04-18,quantile,0.4,31
2026-03-28,21,3,wk inc flu hosp,2026-04-18,quantile,0.45,35
2026-03-28,21,3,wk inc flu hosp,2026-04-18,quantile,0.5,37
2026-03-28,21,3,wk inc flu hosp,2026-04-18,quantile,0.55,41
2026-03-28,21,3,wk inc flu hosp,2026-04-18,quantile,0.6,44
2026-03-28,21,3,wk inc flu hosp,2026-04-18,quantile,0.65,48
2026-03-28,21,3,wk inc flu hosp,2026-04-18,quantile,0.7,60
2026-03-28,21,3,wk inc flu hosp,2026-04-18,quantile,0.75,70
2026-03-28,21,3,wk inc flu hosp,2026-04-18,quantile,0.8,77
2026-03-28,21,3,wk inc flu hosp,2026-04-18,quantile,0.85,88
2026-03-28,21,3,wk inc flu hosp,2026-04-18,quantile,0.9,107
2026-03-28,21,3,wk inc flu hosp,2026-04-18,quantile,0.95,148
2026-03-28,21,3,wk inc flu hosp,2026-04-18,quantile,0.975,178
2026-03-28,21,3,wk inc flu hosp,2026-04-18,quantile,0.99,215
2026-03-28,22,0,wk inc flu hosp,2026-03-28,quantile,0.01,32
2026-03-28,22,0,wk inc flu hosp,2026-03-28,quantile,0.025,39
2026-03-28,22,0,wk inc flu hosp,2026-03-28,quantile,0.05,44
2026-03-28,22,0,wk inc flu hosp,2026-03-28,quantile,0.1,52
2026-03-28,22,0,wk inc flu hosp,2026-03-28,quantile,0.15,57
2026-03-28,22,0,wk inc flu hosp,2026-03-28,quantile,0.2,61
2026-03-28,22,0,wk inc flu hosp,2026-03-28,quantile,0.25,64
2026-03-28,22,0,wk inc flu hosp,2026-03-28,quantile,0.3,67
2026-03-28,22,0,wk inc flu hosp,2026-03-28,quantile,0.35,70
2026-03-28,22,0,wk inc flu hosp,2026-03-28,quantile,0.4,74
2026-03-28,22,0,wk inc flu hosp,2026-03-28,quantile,0.45,78
2026-03-28,22,0,wk inc flu hosp,2026-03-28,quantile,0.5,84
2026-03-28,22,0,wk inc flu hosp,2026-03-28,quantile,0.55,89
2026-03-28,22,0,wk inc flu hosp,2026-03-28,quantile,0.6,92
2026-03-28,22,0,wk inc flu hosp,2026-03-28,quantile,0.65,96
2026-03-28,22,0,wk inc flu hosp,2026-03-28,quantile,0.7,101
2026-03-28,22,0,wk inc flu hosp,2026-03-28,quantile,0.75,106
2026-03-28,22,0,wk inc flu hosp,2026-03-28,quantile,0.8,110
2026-03-28,22,0,wk inc flu hosp,2026-03-28,quantile,0.85,119
2026-03-28,22,0,wk inc flu hosp,2026-03-28,quantile,0.9,130
2026-03-28,22,0,wk inc flu hosp,2026-03-28,quantile,0.95,142
2026-03-28,22,0,wk inc flu hosp,2026-03-28,quantile,0.975,160
2026-03-28,22,0,wk inc flu hosp,2026-03-28,quantile,0.99,176
2026-03-28,22,1,wk inc flu hosp,2026-04-04,quantile,0.01,20
2026-03-28,22,1,wk inc flu hosp,2026-04-04,quantile,0.025,26
2026-03-28,22,1,wk inc flu hosp,2026-04-04,quantile,0.05,30
2026-03-28,22,1,wk inc flu hosp,2026-04-04,quantile,0.1,37
2026-03-28,22,1,wk inc flu hosp,2026-04-04,quantile,0.15,42
2026-03-28,22,1,wk inc flu hosp,2026-04-04,quantile,0.2,47
2026-03-28,22,1,wk inc flu hosp,2026-04-04,quantile,0.25,51
2026-03-28,22,1,wk inc flu hosp,2026-04-04,quantile,0.3,54
2026-03-28,22,1,wk inc flu hosp,2026-04-04,quantile,0.35,56
2026-03-28,22,1,wk inc flu hosp,2026-04-04,quantile,0.4,60
2026-03-28,22,1,wk inc flu hosp,2026-04-04,quantile,0.45,62
2026-03-28,22,1,wk inc flu hosp,2026-04-04,quantile,0.5,68
2026-03-28,22,1,wk inc flu hosp,2026-04-04,quantile,0.55,73
2026-03-28,22,1,wk inc flu hosp,2026-04-04,quantile,0.6,77
2026-03-28,22,1,wk inc flu hosp,2026-04-04,quantile,0.65,82
2026-03-28,22,1,wk inc flu hosp,2026-04-04,quantile,0.7,86
2026-03-28,22,1,wk inc flu hosp,2026-04-04,quantile,0.75,91
2026-03-28,22,1,wk inc flu hosp,2026-04-04,quantile,0.8,100
2026-03-28,22,1,wk inc flu hosp,2026-04-04,quantile,0.85,108
2026-03-28,22,1,wk inc flu hosp,2026-04-04,quantile,0.9,122
2026-03-28,22,1,wk inc flu hosp,2026-04-04,quantile,0.95,141
2026-03-28,22,1,wk inc flu hosp,2026-04-04,quantile,0.975,155
2026-03-28,22,1,wk inc flu hosp,2026-04-04,quantile,0.99,174
2026-03-28,22,2,wk inc flu hosp,2026-04-11,quantile,0.01,10
2026-03-28,22,2,wk inc flu hosp,2026-04-11,quantile,0.025,15
2026-03-28,22,2,wk inc flu hosp,2026-04-11,quantile,0.05,21
2026-03-28,22,2,wk inc flu hosp,2026-04-11,quantile,0.1,27
2026-03-28,22,2,wk inc flu hosp,2026-04-11,quantile,0.15,32
2026-03-28,22,2,wk inc flu hosp,2026-04-11,quantile,0.2,34
2026-03-28,22,2,wk inc flu hosp,2026-04-11,quantile,0.25,39
2026-03-28,22,2,wk inc flu hosp,2026-04-11,quantile,0.3,42
2026-03-28,22,2,wk inc flu hosp,2026-04-11,quantile,0.35,43
2026-03-28,22,2,wk inc flu hosp,2026-04-11,quantile,0.4,47
2026-03-28,22,2,wk inc flu hosp,2026-04-11,quantile,0.45,51
2026-03-28,22,2,wk inc flu hosp,2026-04-11,quantile,0.5,56
2026-03-28,22,2,wk inc flu hosp,2026-04-11,quantile,0.55,61
2026-03-28,22,2,wk inc flu hosp,2026-04-11,quantile,0.6,64
2026-03-28,22,2,wk inc flu hosp,2026-04-11,quantile,0.65,68
2026-03-28,22,2,wk inc flu hosp,2026-04-11,quantile,0.7,73
2026-03-28,22,2,wk inc flu hosp,2026-04-11,quantile,0.75,80
2026-03-28,22,2,wk inc flu hosp,2026-04-11,quantile,0.8,87
2026-03-28,22,2,wk inc flu hosp,2026-04-11,quantile,0.85,96
2026-03-28,22,2,wk inc flu hosp,2026-04-11,quantile,0.9,109
2026-03-28,22,2,wk inc flu hosp,2026-04-11,quantile,0.95,127
2026-03-28,22,2,wk inc flu hosp,2026-04-11,quantile,0.975,148
2026-03-28,22,2,wk inc flu hosp,2026-04-11,quantile,0.99,178
2026-03-28,22,3,wk inc flu hosp,2026-04-18,quantile,0.01,7
2026-03-28,22,3,wk inc flu hosp,2026-04-18,quantile,0.025,12
2026-03-28,22,3,wk inc flu hosp,2026-04-18,quantile,0.05,15
2026-03-28,22,3,wk inc flu hosp,2026-04-18,quantile,0.1,21
2026-03-28,22,3,wk inc flu hosp,2026-04-18,quantile,0.15,25
2026-03-28,22,3,wk inc flu hosp,2026-04-18,quantile,0.2,27
2026-03-28,22,3,wk inc flu hosp,2026-04-18,quantile,0.25,29
2026-03-28,22,3,wk inc flu hosp,2026-04-18,quantile,0.3,31
2026-03-28,22,3,wk inc flu hosp,2026-04-18,quantile,0.35,36
2026-03-28,22,3,wk inc flu hosp,2026-04-18,quantile,0.4,42
2026-03-28,22,3,wk inc flu hosp,2026-04-18,quantile,0.45,44
2026-03-28,22,3,wk inc flu hosp,2026-04-18,quantile,0.5,49
2026-03-28,22,3,wk inc flu hosp,2026-04-18,quantile,0.55,53
2026-03-28,22,3,wk inc flu hosp,2026-04-18,quantile,0.6,58
2026-03-28,22,3,wk inc flu hosp,2026-04-18,quantile,0.65,63
2026-03-28,22,3,wk inc flu hosp,2026-04-18,quantile,0.7,70
2026-03-28,22,3,wk inc flu hosp,2026-04-18,quantile,0.75,76
2026-03-28,22,3,wk inc flu hosp,2026-04-18,quantile,0.8,84
2026-03-28,22,3,wk inc flu hosp,2026-04-18,quantile,0.85,91
2026-03-28,22,3,wk inc flu hosp,2026-04-18,quantile,0.9,105
2026-03-28,22,3,wk inc flu hosp,2026-04-18,quantile,0.95,124
2026-03-28,22,3,wk inc flu hosp,2026-04-18,quantile,0.975,150
2026-03-28,22,3,wk inc flu hosp,2026-04-18,quantile,0.99,182
2026-03-28,23,0,wk inc flu hosp,2026-03-28,quantile,0.01,3
2026-03-28,23,0,wk inc flu hosp,2026-03-28,quantile,0.025,4
2026-03-28,23,0,wk inc flu hosp,2026-03-28,quantile,0.05,6
2026-03-28,23,0,wk inc flu hosp,2026-03-28,quantile,0.1,8
2026-03-28,23,0,wk inc flu hosp,2026-03-28,quantile,0.15,9
2026-03-28,23,0,wk inc flu hosp,2026-03-28,quantile,0.2,10
2026-03-28,23,0,wk inc flu hosp,2026-03-28,quantile,0.25,11
2026-03-28,23,0,wk inc flu hosp,2026-03-28,quantile,0.3,13
2026-03-28,23,0,wk inc flu hosp,2026-03-28,quantile,0.35,14
2026-03-28,23,0,wk inc flu hosp,2026-03-28,quantile,0.4,15
2026-03-28,23,0,wk inc flu hosp,2026-03-28,quantile,0.45,16
2026-03-28,23,0,wk inc flu hosp,2026-03-28,quantile,0.5,18
2026-03-28,23,0,wk inc flu hosp,2026-03-28,quantile,0.55,19
2026-03-28,23,0,wk inc flu hosp,2026-03-28,quantile,0.6,20
2026-03-28,23,0,wk inc flu hosp,2026-03-28,quantile,0.65,21
2026-03-28,23,0,wk inc flu hosp,2026-03-28,quantile,0.7,22
2026-03-28,23,0,wk inc flu hosp,2026-03-28,quantile,0.75,23
2026-03-28,23,0,wk inc flu hosp,2026-03-28,quantile,0.8,26
2026-03-28,23,0,wk inc flu hosp,2026-03-28,quantile,0.85,27
2026-03-28,23,0,wk inc flu hosp,2026-03-28,quantile,0.9,30
2026-03-28,23,0,wk inc flu hosp,2026-03-28,quantile,0.95,36
2026-03-28,23,0,wk inc flu hosp,2026-03-28,quantile,0.975,39
2026-03-28,23,0,wk inc flu hosp,2026-03-28,quantile,0.99,43
2026-03-28,23,1,wk inc flu hosp,2026-04-04,quantile,0.01,2
2026-03-28,23,1,wk inc flu hosp,2026-04-04,quantile,0.025,2
2026-03-28,23,1,wk inc flu hosp,2026-04-04,quantile,0.05,3
2026-03-28,23,1,wk inc flu hosp,2026-04-04,quantile,0.1,4
2026-03-28,23,1,wk inc flu hosp,2026-04-04,quantile,0.15,5
2026-03-28,23,1,wk inc flu hosp,2026-04-04,quantile,0.2,7
2026-03-28,23,1,wk inc flu hosp,2026-04-04,quantile,0.25,8
2026-03-28,23,1,wk inc flu hosp,2026-04-04,quantile,0.3,8
2026-03-28,23,1,wk inc flu hosp,2026-04-04,quantile,0.35,10
2026-03-28,23,1,wk inc flu hosp,2026-04-04,quantile,0.4,11
2026-03-28,23,1,wk inc flu hosp,2026-04-04,quantile,0.45,12
2026-03-28,23,1,wk inc flu hosp,2026-04-04,quantile,0.5,14
2026-03-28,23,1,wk inc flu hosp,2026-04-04,quantile,0.55,15
2026-03-28,23,1,wk inc flu hosp,2026-04-04,quantile,0.6,17
2026-03-28,23,1,wk inc flu hosp,2026-04-04,quantile,0.65,18
2026-03-28,23,1,wk inc flu hosp,2026-04-04,quantile,0.7,20
2026-03-28,23,1,wk inc flu hosp,2026-04-04,quantile,0.75,22
2026-03-28,23,1,wk inc flu hosp,2026-04-04,quantile,0.8,25
2026-03-28,23,1,wk inc flu hosp,2026-04-04,quantile,0.85,27
2026-03-28,23,1,wk inc flu hosp,2026-04-04,quantile,0.9,31
2026-03-28,23,1,wk inc flu hosp,2026-04-04,quantile,0.95,36
2026-03-28,23,1,wk inc flu hosp,2026-04-04,quantile,0.975,42
2026-03-28,23,1,wk inc flu hosp,2026-04-04,quantile,0.99,49
2026-03-28,23,2,wk inc flu hosp,2026-04-11,quantile,0.01,0
2026-03-28,23,2,wk inc flu hosp,2026-04-11,quantile,0.025,1
2026-03-28,23,2,wk inc flu hosp,2026-04-11,quantile,0.05,2
2026-03-28,23,2,wk inc flu hosp,2026-04-11,quantile,0.1,2
2026-03-28,23,2,wk inc flu hosp,2026-04-11,quantile,0.15,3
2026-03-28,23,2,wk inc flu hosp,2026-04-11,quantile,0.2,4
2026-03-28,23,2,wk inc flu hosp,2026-04-11,quantile,0.25,5
2026-03-28,23,2,wk inc flu hosp,2026-04-11,quantile,0.3,5
2026-03-28,23,2,wk inc flu hosp,2026-04-11,quantile,0.35,6
2026-03-28,23,2,wk inc flu hosp,2026-04-11,quantile,0.4,8
2026-03-28,23,2,wk inc flu hosp,2026-04-11,quantile,0.45,9
2026-03-28,23,2,wk inc flu hosp,2026-04-11,quantile,0.5,12
2026-03-28,23,2,wk inc flu hosp,2026-04-11,quantile,0.55,13
2026-03-28,23,2,wk inc flu hosp,2026-04-11,quantile,0.6,14
2026-03-28,23,2,wk inc flu hosp,2026-04-11,quantile,0.65,16
2026-03-28,23,2,wk inc flu hosp,2026-04-11,quantile,0.7,18
2026-03-28,23,2,wk inc flu hosp,2026-04-11,quantile,0.75,20
2026-03-28,23,2,wk inc flu hosp,2026-04-11,quantile,0.8,22
2026-03-28,23,2,wk inc flu hosp,2026-04-11,quantile,0.85,25
2026-03-28,23,2,wk inc flu hosp,2026-04-11,quantile,0.9,29
2026-03-28,23,2,wk inc flu hosp,2026-04-11,quantile,0.95,35
2026-03-28,23,2,wk inc flu hosp,2026-04-11,quantile,0.975,41
2026-03-28,23,2,wk inc flu hosp,2026-04-11,quantile,0.99,48
2026-03-28,23,3,wk inc flu hosp,2026-04-18,quantile,0.01,0
2026-03-28,23,3,wk inc flu hosp,2026-04-18,quantile,0.025,0
2026-03-28,23,3,wk inc flu hosp,2026-04-18,quantile,0.05,1
2026-03-28,23,3,wk inc flu hosp,2026-04-18,quantile,0.1,2
2026-03-28,23,3,wk inc flu hosp,2026-04-18,quantile,0.15,2
2026-03-28,23,3,wk inc flu hosp,2026-04-18,quantile,0.2,3
2026-03-28,23,3,wk inc flu hosp,2026-04-18,quantile,0.25,4
2026-03-28,23,3,wk inc flu hosp,2026-04-18,quantile,0.3,4
2026-03-28,23,3,wk inc flu hosp,2026-04-18,quantile,0.35,5
2026-03-28,23,3,wk inc flu hosp,2026-04-18,quantile,0.4,6
2026-03-28,23,3,wk inc flu hosp,2026-04-18,quantile,0.45,8
2026-03-28,23,3,wk inc flu hosp,2026-04-18,quantile,0.5,10
2026-03-28,23,3,wk inc flu hosp,2026-04-18,quantile,0.55,11
2026-03-28,23,3,wk inc flu hosp,2026-04-18,quantile,0.6,13
2026-03-28,23,3,wk inc flu hosp,2026-04-18,quantile,0.65,15
2026-03-28,23,3,wk inc flu hosp,2026-04-18,quantile,0.7,17
2026-03-28,23,3,wk inc flu hosp,2026-04-18,quantile,0.75,19
2026-03-28,23,3,wk inc flu hosp,2026-04-18,quantile,0.8,21
2026-03-28,23,3,wk inc flu hosp,2026-04-18,quantile,0.85,24
2026-03-28,23,3,wk inc flu hosp,2026-04-18,quantile,0.9,28
2026-03-28,23,3,wk inc flu hosp,2026-04-18,quantile,0.95,36
2026-03-28,23,3,wk inc flu hosp,2026-04-18,quantile,0.975,43
2026-03-28,23,3,wk inc flu hosp,2026-04-18,quantile,0.99,52
2026-03-28,24,0,wk inc flu hosp,2026-03-28,quantile,0.01,11
2026-03-28,24,0,wk inc flu hosp,2026-03-28,quantile,0.025,14
2026-03-28,24,0,wk inc flu hosp,2026-03-28,quantile,0.05,18
2026-03-28,24,0,wk inc flu hosp,2026-03-28,quantile,0.1,23
2026-03-28,24,0,wk inc flu hosp,2026-03-28,quantile,0.15,27
2026-03-28,24,0,wk inc flu hosp,2026-03-28,quantile,0.2,29
2026-03-28,24,0,wk inc flu hosp,2026-03-28,quantile,0.25,32
2026-03-28,24,0,wk inc flu hosp,2026-03-28,quantile,0.3,34
2026-03-28,24,0,wk inc flu hosp,2026-03-28,quantile,0.35,37
2026-03-28,24,0,wk inc flu hosp,2026-03-28,quantile,0.4,39
2026-03-28,24,0,wk inc flu hosp,2026-03-28,quantile,0.45,41
2026-03-28,24,0,wk inc flu hosp,2026-03-28,quantile,0.5,45
2026-03-28,24,0,wk inc flu hosp,2026-03-28,quantile,0.55,49
2026-03-28,24,0,wk inc flu hosp,2026-03-28,quantile,0.6,51
2026-03-28,24,0,wk inc flu hosp,2026-03-28,quantile,0.65,55
2026-03-28,24,0,wk inc flu hosp,2026-03-28,quantile,0.7,57
2026-03-28,24,0,wk inc flu hosp,2026-03-28,quantile,0.75,60
2026-03-28,24,0,wk inc flu hosp,2026-03-28,quantile,0.8,65
2026-03-28,24,0,wk inc flu hosp,2026-03-28,quantile,0.85,69
2026-03-28,24,0,wk inc flu hosp,2026-03-28,quantile,0.9,78
2026-03-28,24,0,wk inc flu hosp,2026-03-28,quantile,0.95,88
2026-03-28,24,0,wk inc flu hosp,2026-03-28,quantile,0.975,99
2026-03-28,24,0,wk inc flu hosp,2026-03-28,quantile,0.99,118
2026-03-28,24,1,wk inc flu hosp,2026-04-04,quantile,0.01,5
2026-03-28,24,1,wk inc flu hosp,2026-04-04,quantile,0.025,7
2026-03-28,24,1,wk inc flu hosp,2026-04-04,quantile,0.05,10
2026-03-28,24,1,wk inc flu hosp,2026-04-04,quantile,0.1,17
2026-03-28,24,1,wk inc flu hosp,2026-04-04,quantile,0.15,20
2026-03-28,24,1,wk inc flu hosp,2026-04-04,quantile,0.2,24
2026-03-28,24,1,wk inc flu hosp,2026-04-04,quantile,0.25,27
2026-03-28,24,1,wk inc flu hosp,2026-04-04,quantile,0.3,28
2026-03-28,24,1,wk inc flu hosp,2026-04-04,quantile,0.35,31
2026-03-28,24,1,wk inc flu hosp,2026-04-04,quantile,0.4,34
2026-03-28,24,1,wk inc flu hosp,2026-04-04,quantile,0.45,37
2026-03-28,24,1,wk inc flu hosp,2026-04-04,quantile,0.5,41
2026-03-28,24,1,wk inc flu hosp,2026-04-04,quantile,0.55,45
2026-03-28,24,1,wk inc flu hosp,2026-04-04,quantile,0.6,48
2026-03-28,24,1,wk inc flu hosp,2026-04-04,quantile,0.65,52
2026-03-28,24,1,wk inc flu hosp,2026-04-04,quantile,0.7,58
2026-03-28,24,1,wk inc flu hosp,2026-04-04,quantile,0.75,62
2026-03-28,24,1,wk inc flu hosp,2026-04-04,quantile,0.8,67
2026-03-28,24,1,wk inc flu hosp,2026-04-04,quantile,0.85,73
2026-03-28,24,1,wk inc flu hosp,2026-04-04,quantile,0.9,82
2026-03-28,24,1,wk inc flu hosp,2026-04-04,quantile,0.95,101
2026-03-28,24,1,wk inc flu hosp,2026-04-04,quantile,0.975,119
2026-03-28,24,1,wk inc flu hosp,2026-04-04,quantile,0.99,142
2026-03-28,24,2,wk inc flu hosp,2026-04-11,quantile,0.01,4
2026-03-28,24,2,wk inc flu hosp,2026-04-11,quantile,0.025,5
2026-03-28,24,2,wk inc flu hosp,2026-04-11,quantile,0.05,6
2026-03-28,24,2,wk inc flu hosp,2026-04-11,quantile,0.1,10
2026-03-28,24,2,wk inc flu hosp,2026-04-11,quantile,0.15,16
2026-03-28,24,2,wk inc flu hosp,2026-04-11,quantile,0.2,20
2026-03-28,24,2,wk inc flu hosp,2026-04-11,quantile,0.25,21
2026-03-28,24,2,wk inc flu hosp,2026-04-11,quantile,0.3,23
2026-03-28,24,2,wk inc flu hosp,2026-04-11,quantile,0.35,26
2026-03-28,24,2,wk inc flu hosp,2026-04-11,quantile,0.4,29
2026-03-28,24,2,wk inc flu hosp,2026-04-11,quantile,0.45,33
2026-03-28,24,2,wk inc flu hosp,2026-04-11,quantile,0.5,36
2026-03-28,24,2,wk inc flu hosp,2026-04-11,quantile,0.55,38
2026-03-28,24,2,wk inc flu hosp,2026-04-11,quantile,0.6,41
2026-03-28,24,2,wk inc flu hosp,2026-04-11,quantile,0.65,45
2026-03-28,24,2,wk inc flu hosp,2026-04-11,quantile,0.7,50
2026-03-28,24,2,wk inc flu hosp,2026-04-11,quantile,0.75,57
2026-03-28,24,2,wk inc flu hosp,2026-04-11,quantile,0.8,62
2026-03-28,24,2,wk inc flu hosp,2026-04-11,quantile,0.85,69
2026-03-28,24,2,wk inc flu hosp,2026-04-11,quantile,0.9,80
2026-03-28,24,2,wk inc flu hosp,2026-04-11,quantile,0.95,100
2026-03-28,24,2,wk inc flu hosp,2026-04-11,quantile,0.975,121
2026-03-28,24,2,wk inc flu hosp,2026-04-11,quantile,0.99,146
2026-03-28,24,3,wk inc flu hosp,2026-04-18,quantile,0.01,1
2026-03-28,24,3,wk inc flu hosp,2026-04-18,quantile,0.025,3
2026-03-28,24,3,wk inc flu hosp,2026-04-18,quantile,0.05,4
2026-03-28,24,3,wk inc flu hosp,2026-04-18,quantile,0.1,6
2026-03-28,24,3,wk inc flu hosp,2026-04-18,quantile,0.15,9
2026-03-28,24,3,wk inc flu hosp,2026-04-18,quantile,0.2,16
2026-03-28,24,3,wk inc flu hosp,2026-04-18,quantile,0.25,18
2026-03-28,24,3,wk inc flu hosp,2026-04-18,quantile,0.3,20
2026-03-28,24,3,wk inc flu hosp,2026-04-18,quantile,0.35,22
2026-03-28,24,3,wk inc flu hosp,2026-04-18,quantile,0.4,26
2026-03-28,24,3,wk inc flu hosp,2026-04-18,quantile,0.45,29
2026-03-28,24,3,wk inc flu hosp,2026-04-18,quantile,0.5,32
2026-03-28,24,3,wk inc flu hosp,2026-04-18,quantile,0.55,34
2026-03-28,24,3,wk inc flu hosp,2026-04-18,quantile,0.6,38
2026-03-28,24,3,wk inc flu hosp,2026-04-18,quantile,0.65,42
2026-03-28,24,3,wk inc flu hosp,2026-04-18,quantile,0.7,47
2026-03-28,24,3,wk inc flu hosp,2026-04-18,quantile,0.75,54
2026-03-28,24,3,wk inc flu hosp,2026-04-18,quantile,0.8,60
2026-03-28,24,3,wk inc flu hosp,2026-04-18,quantile,0.85,67
2026-03-28,24,3,wk inc flu hosp,2026-04-18,quantile,0.9,78
2026-03-28,24,3,wk inc flu hosp,2026-04-18,quantile,0.95,104
2026-03-28,24,3,wk inc flu hosp,2026-04-18,quantile,0.975,130
2026-03-28,24,3,wk inc flu hosp,2026-04-18,quantile,0.99,158
2026-03-28,25,0,wk inc flu hosp,2026-03-28,quantile,0.01,6
2026-03-28,25,0,wk inc flu hosp,2026-03-28,quantile,0.025,8
2026-03-28,25,0,wk inc flu hosp,2026-03-28,quantile,0.05,10
2026-03-28,25,0,wk inc flu hosp,2026-03-28,quantile,0.1,15
2026-03-28,25,0,wk inc flu hosp,2026-03-28,quantile,0.15,18
2026-03-28,25,0,wk inc flu hosp,2026-03-28,quantile,0.2,20
2026-03-28,25,0,wk inc flu hosp,2026-03-28,quantile,0.25,21
2026-03-28,25,0,wk inc flu hosp,2026-03-28,quantile,0.3,23
2026-03-28,25,0,wk inc flu hosp,2026-03-28,quantile,0.35,26
2026-03-28,25,0,wk inc flu hosp,2026-03-28,quantile,0.4,28
2026-03-28,25,0,wk inc flu hosp,2026-03-28,quantile,0.45,31
2026-03-28,25,0,wk inc flu hosp,2026-03-28,quantile,0.5,33
2026-03-28,25,0,wk inc flu hosp,2026-03-28,quantile,0.55,35
2026-03-28,25,0,wk inc flu hosp,2026-03-28,quantile,0.6,37
2026-03-28,25,0,wk inc flu hosp,2026-03-28,quantile,0.65,41
2026-03-28,25,0,wk inc flu hosp,2026-03-28,quantile,0.7,45
2026-03-28,25,0,wk inc flu hosp,2026-03-28,quantile,0.75,48
2026-03-28,25,0,wk inc flu hosp,2026-03-28,quantile,0.8,51
2026-03-28,25,0,wk inc flu hosp,2026-03-28,quantile,0.85,53
2026-03-28,25,0,wk inc flu hosp,2026-03-28,quantile,0.9,61
2026-03-28,25,0,wk inc flu hosp,2026-03-28,quantile,0.95,71
2026-03-28,25,0,wk inc flu hosp,2026-03-28,quantile,0.975,82
2026-03-28,25,0,wk inc flu hosp,2026-03-28,quantile,0.99,104
2026-03-28,25,1,wk inc flu hosp,2026-04-04,quantile,0.01,2
2026-03-28,25,1,wk inc flu hosp,2026-04-04,quantile,0.025,4
2026-03-28,25,1,wk inc flu hosp,2026-04-04,quantile,0.05,6
2026-03-28,25,1,wk inc flu hosp,2026-04-04,quantile,0.1,9
2026-03-28,25,1,wk inc flu hosp,2026-04-04,quantile,0.15,12
2026-03-28,25,1,wk inc flu hosp,2026-04-04,quantile,0.2,14
2026-03-28,25,1,wk inc flu hosp,2026-04-04,quantile,0.25,16
2026-03-28,25,1,wk inc flu hosp,2026-04-04,quantile,0.3,19
2026-03-28,25,1,wk inc flu hosp,2026-04-04,quantile,0.35,22
2026-03-28,25,1,wk inc flu hosp,2026-04-04,quantile,0.4,24
2026-03-28,25,1,wk inc flu hosp,2026-04-04,quantile,0.45,26
2026-03-28,25,1,wk inc flu hosp,2026-04-04,quantile,0.5,29
2026-03-28,25,1,wk inc flu hosp,2026-04-04,quantile,0.55,31
2026-03-28,25,1,wk inc flu hosp,2026-04-04,quantile,0.6,34
2026-03-28,25,1,wk inc flu hosp,2026-04-04,quantile,0.65,37
2026-03-28,25,1,wk inc flu hosp,2026-04-04,quantile,0.7,42
2026-03-28,25,1,wk inc flu hosp,2026-04-04,quantile,0.75,46
2026-03-28,25,1,wk inc flu hosp,2026-04-04,quantile,0.8,52
2026-03-28,25,1,wk inc flu hosp,2026-04-04,quantile,0.85,59
2026-03-28,25,1,wk inc flu hosp,2026-04-04,quantile,0.9,67
2026-03-28,25,1,wk inc flu hosp,2026-04-04,quantile,0.95,76
2026-03-28,25,1,wk inc flu hosp,2026-04-04,quantile,0.975,91
2026-03-28,25,1,wk inc flu hosp,2026-04-04,quantile,0.99,113
2026-03-28,25,2,wk inc flu hosp,2026-04-11,quantile,0.01,0
2026-03-28,25,2,wk inc flu hosp,2026-04-11,quantile,0.025,1
2026-03-28,25,2,wk inc flu hosp,2026-04-11,quantile,0.05,3
2026-03-28,25,2,wk inc flu hosp,2026-04-11,quantile,0.1,6
2026-03-28,25,2,wk inc flu hosp,2026-04-11,quantile,0.15,8
2026-03-28,25,2,wk inc flu hosp,2026-04-11,quantile,0.2,11
2026-03-28,25,2,wk inc flu hosp,2026-04-11,quantile,0.25,14
2026-03-28,25,2,wk inc flu hosp,2026-04-11,quantile,0.3,15
2026-03-28,25,2,wk inc flu hosp,2026-04-11,quantile,0.35,19
2026-03-28,25,2,wk inc flu hosp,2026-04-11,quantile,0.4,21
2026-03-28,25,2,wk inc flu hosp,2026-04-11,quantile,0.45,23
2026-03-28,25,2,wk inc flu hosp,2026-04-11,quantile,0.5,27
2026-03-28,25,2,wk inc flu hosp,2026-04-11,quantile,0.55,29
2026-03-28,25,2,wk inc flu hosp,2026-04-11,quantile,0.6,31
2026-03-28,25,2,wk inc flu hosp,2026-04-11,quantile,0.65,34
2026-03-28,25,2,wk inc flu hosp,2026-04-11,quantile,0.7,38
2026-03-28,25,2,wk inc flu hosp,2026-04-11,quantile,0.75,44
2026-03-28,25,2,wk inc flu hosp,2026-04-11,quantile,0.8,51
2026-03-28,25,2,wk inc flu hosp,2026-04-11,quantile,0.85,58
2026-03-28,25,2,wk inc flu hosp,2026-04-11,quantile,0.9,68
2026-03-28,25,2,wk inc flu hosp,2026-04-11,quantile,0.95,85
2026-03-28,25,2,wk inc flu hosp,2026-04-11,quantile,0.975,105
2026-03-28,25,2,wk inc flu hosp,2026-04-11,quantile,0.99,144
2026-03-28,25,3,wk inc flu hosp,2026-04-18,quantile,0.01,0
2026-03-28,25,3,wk inc flu hosp,2026-04-18,quantile,0.025,0
2026-03-28,25,3,wk inc flu hosp,2026-04-18,quantile,0.05,1
2026-03-28,25,3,wk inc flu hosp,2026-04-18,quantile,0.1,4
2026-03-28,25,3,wk inc flu hosp,2026-04-18,quantile,0.15,7
2026-03-28,25,3,wk inc flu hosp,2026-04-18,quantile,0.2,9
2026-03-28,25,3,wk inc flu hosp,2026-04-18,quantile,0.25,11
2026-03-28,25,3,wk inc flu hosp,2026-04-18,quantile,0.3,14
2026-03-28,25,3,wk inc flu hosp,2026-04-18,quantile,0.35,16
2026-03-28,25,3,wk inc flu hosp,2026-04-18,quantile,0.4,19
2026-03-28,25,3,wk inc flu hosp,2026-04-18,quantile,0.45,21
2026-03-28,25,3,wk inc flu hosp,2026-04-18,quantile,0.5,24
2026-03-28,25,3,wk inc flu hosp,2026-04-18,quantile,0.55,26
2026-03-28,25,3,wk inc flu hosp,2026-04-18,quantile,0.6,29
2026-03-28,25,3,wk inc flu hosp,2026-04-18,quantile,0.65,33
2026-03-28,25,3,wk inc flu hosp,2026-04-18,quantile,0.7,37
2026-03-28,25,3,wk inc flu hosp,2026-04-18,quantile,0.75,44
2026-03-28,25,3,wk inc flu hosp,2026-04-18,quantile,0.8,50
2026-03-28,25,3,wk inc flu hosp,2026-04-18,quantile,0.85,60
2026-03-28,25,3,wk inc flu hosp,2026-04-18,quantile,0.9,68
2026-03-28,25,3,wk inc flu hosp,2026-04-18,quantile,0.95,84
2026-03-28,25,3,wk inc flu hosp,2026-04-18,quantile,0.975,111
2026-03-28,25,3,wk inc flu hosp,2026-04-18,quantile,0.99,134
2026-03-28,26,0,wk inc flu hosp,2026-03-28,quantile,0.01,52
2026-03-28,26,0,wk inc flu hosp,2026-03-28,quantile,0.025,62
2026-03-28,26,0,wk inc flu hosp,2026-03-28,quantile,0.05,71
2026-03-28,26,0,wk inc flu hosp,2026-03-28,quantile,0.1,85
2026-03-28,26,0,wk inc flu hosp,2026-03-28,quantile,0.15,94
2026-03-28,26,0,wk inc flu hosp,2026-03-28,quantile,0.2,101
2026-03-28,26,0,wk inc flu hosp,2026-03-28,quantile,0.25,110
2026-03-28,26,0,wk inc flu hosp,2026-03-28,quantile,0.3,116
2026-03-28,26,0,wk inc flu hosp,2026-03-28,quantile,0.35,121
2026-03-28,26,0,wk inc flu hosp,2026-03-28,quantile,0.4,126
2026-03-28,26,0,wk inc flu hosp,2026-03-28,quantile,0.45,131
2026-03-28,26,0,wk inc flu hosp,2026-03-28,quantile,0.5,140
2026-03-28,26,0,wk inc flu hosp,2026-03-28,quantile,0.55,150
2026-03-28,26,0,wk inc flu hosp,2026-03-28,quantile,0.6,156
2026-03-28,26,0,wk inc flu hosp,2026-03-28,quantile,0.65,163
2026-03-28,26,0,wk inc flu hosp,2026-03-28,quantile,0.7,169
2026-03-28,26,0,wk inc flu hosp,2026-03-28,quantile,0.75,174
2026-03-28,26,0,wk inc flu hosp,2026-03-28,quantile,0.8,179
2026-03-28,26,0,wk inc flu hosp,2026-03-28,quantile,0.85,191
2026-03-28,26,0,wk inc flu hosp,2026-03-28,quantile,0.9,211
2026-03-28,26,0,wk inc flu hosp,2026-03-28,quantile,0.95,241
2026-03-28,26,0,wk inc flu hosp,2026-03-28,quantile,0.975,263
2026-03-28,26,0,wk inc flu hosp,2026-03-28,quantile,0.99,294
2026-03-28,26,1,wk inc flu hosp,2026-04-04,quantile,0.01,30
2026-03-28,26,1,wk inc flu hosp,2026-04-04,quantile,0.025,38
2026-03-28,26,1,wk inc flu hosp,2026-04-04,quantile,0.05,46
2026-03-28,26,1,wk inc flu hosp,2026-04-04,quantile,0.1,59
2026-03-28,26,1,wk inc flu hosp,2026-04-04,quantile,0.15,68
2026-03-28,26,1,wk inc flu hosp,2026-04-04,quantile,0.2,75
2026-03-28,26,1,wk inc flu hosp,2026-04-04,quantile,0.25,79
2026-03-28,26,1,wk inc flu hosp,2026-04-04,quantile,0.3,88
2026-03-28,26,1,wk inc flu hosp,2026-04-04,quantile,0.35,92
2026-03-28,26,1,wk inc flu hosp,2026-04-04,quantile,0.4,97
2026-03-28,26,1,wk inc flu hosp,2026-04-04,quantile,0.45,108
2026-03-28,26,1,wk inc flu hosp,2026-04-04,quantile,0.5,118
2026-03-28,26,1,wk inc flu hosp,2026-04-04,quantile,0.55,125
2026-03-28,26,1,wk inc flu hosp,2026-04-04,quantile,0.6,135
2026-03-28,26,1,wk inc flu hosp,2026-04-04,quantile,0.65,141
2026-03-28,26,1,wk inc flu hosp,2026-04-04,quantile,0.7,147
2026-03-28,26,1,wk inc flu hosp,2026-04-04,quantile,0.75,155
2026-03-28,26,1,wk inc flu hosp,2026-04-04,quantile,0.8,165
2026-03-28,26,1,wk inc flu hosp,2026-04-04,quantile,0.85,177
2026-03-28,26,1,wk inc flu hosp,2026-04-04,quantile,0.9,197
2026-03-28,26,1,wk inc flu hosp,2026-04-04,quantile,0.95,235
2026-03-28,26,1,wk inc flu hosp,2026-04-04,quantile,0.975,266
2026-03-28,26,1,wk inc flu hosp,2026-04-04,quantile,0.99,306
2026-03-28,26,2,wk inc flu hosp,2026-04-11,quantile,0.01,10
2026-03-28,26,2,wk inc flu hosp,2026-04-11,quantile,0.025,20
2026-03-28,26,2,wk inc flu hosp,2026-04-11,quantile,0.05,26
2026-03-28,26,2,wk inc flu hosp,2026-04-11,quantile,0.1,40
2026-03-28,26,2,wk inc flu hosp,2026-04-11,quantile,0.15,49
2026-03-28,26,2,wk inc flu hosp,2026-04-11,quantile,0.2,53
2026-03-28,26,2,wk inc flu hosp,2026-04-11,quantile,0.25,56
2026-03-28,26,2,wk inc flu hosp,2026-04-11,quantile,0.3,65
2026-03-28,26,2,wk inc flu hosp,2026-04-11,quantile,0.35,71
2026-03-28,26,2,wk inc flu hosp,2026-04-11,quantile,0.4,81
2026-03-28,26,2,wk inc flu hosp,2026-04-11,quantile,0.45,85
2026-03-28,26,2,wk inc flu hosp,2026-04-11,quantile,0.5,100
2026-03-28,26,2,wk inc flu hosp,2026-04-11,quantile,0.55,109
2026-03-28,26,2,wk inc flu hosp,2026-04-11,quantile,0.6,120
2026-03-28,26,2,wk inc flu hosp,2026-04-11,quantile,0.65,128
2026-03-28,26,2,wk inc flu hosp,2026-04-11,quantile,0.7,137
2026-03-28,26,2,wk inc flu hosp,2026-04-11,quantile,0.75,146
2026-03-28,26,2,wk inc flu hosp,2026-04-11,quantile,0.8,159
2026-03-28,26,2,wk inc flu hosp,2026-04-11,quantile,0.85,176
2026-03-28,26,2,wk inc flu hosp,2026-04-11,quantile,0.9,197
2026-03-28,26,2,wk inc flu hosp,2026-04-11,quantile,0.95,235
2026-03-28,26,2,wk inc flu hosp,2026-04-11,quantile,0.975,274
2026-03-28,26,2,wk inc flu hosp,2026-04-11,quantile,0.99,329
2026-03-28,26,3,wk inc flu hosp,2026-04-18,quantile,0.01,3
2026-03-28,26,3,wk inc flu hosp,2026-04-18,quantile,0.025,10
2026-03-28,26,3,wk inc flu hosp,2026-04-18,quantile,0.05,15
2026-03-28,26,3,wk inc flu hosp,2026-04-18,quantile,0.1,25
2026-03-28,26,3,wk inc flu hosp,2026-04-18,quantile,0.15,34
2026-03-28,26,3,wk inc flu hosp,2026-04-18,quantile,0.2,40
2026-03-28,26,3,wk inc flu hosp,2026-04-18,quantile,0.25,44
2026-03-28,26,3,wk inc flu hosp,2026-04-18,quantile,0.3,49
2026-03-28,26,3,wk inc flu hosp,2026-04-18,quantile,0.35,56
2026-03-28,26,3,wk inc flu hosp,2026-04-18,quantile,0.4,66
2026-03-28,26,3,wk inc flu hosp,2026-04-18,quantile,0.45,77
2026-03-28,26,3,wk inc flu hosp,2026-04-18,quantile,0.5,86
2026-03-28,26,3,wk inc flu hosp,2026-04-18,quantile,0.55,93
2026-03-28,26,3,wk inc flu hosp,2026-04-18,quantile,0.6,103
2026-03-28,26,3,wk inc flu hosp,2026-04-18,quantile,0.65,114
2026-03-28,26,3,wk inc flu hosp,2026-04-18,quantile,0.7,125
2026-03-28,26,3,wk inc flu hosp,2026-04-18,quantile,0.75,135
2026-03-28,26,3,wk inc flu hosp,2026-04-18,quantile,0.8,149
2026-03-28,26,3,wk inc flu hosp,2026-04-18,quantile,0.85,169
2026-03-28,26,3,wk inc flu hosp,2026-04-18,quantile,0.9,191
2026-03-28,26,3,wk inc flu hosp,2026-04-18,quantile,0.95,229
2026-03-28,26,3,wk inc flu hosp,2026-04-18,quantile,0.975,287
2026-03-28,26,3,wk inc flu hosp,2026-04-18,quantile,0.99,363
2026-03-28,27,0,wk inc flu hosp,2026-03-28,quantile,0.01,22
2026-03-28,27,0,wk inc flu hosp,2026-03-28,quantile,0.025,34
2026-03-28,27,0,wk inc flu hosp,2026-03-28,quantile,0.05,44
2026-03-28,27,0,wk inc flu hosp,2026-03-28,quantile,0.1,55
2026-03-28,27,0,wk inc flu hosp,2026-03-28,quantile,0.15,62
2026-03-28,27,0,wk inc flu hosp,2026-03-28,quantile,0.2,68
2026-03-28,27,0,wk inc flu hosp,2026-03-28,quantile,0.25,71
2026-03-28,27,0,wk inc flu hosp,2026-03-28,quantile,0.3,75
2026-03-28,27,0,wk inc flu hosp,2026-03-28,quantile,0.35,79
2026-03-28,27,0,wk inc flu hosp,2026-03-28,quantile,0.4,82
2026-03-28,27,0,wk inc flu hosp,2026-03-28,quantile,0.45,86
2026-03-28,27,0,wk inc flu hosp,2026-03-28,quantile,0.5,92
2026-03-28,27,0,wk inc flu hosp,2026-03-28,quantile,0.55,97
2026-03-28,27,0,wk inc flu hosp,2026-03-28,quantile,0.6,101
2026-03-28,27,0,wk inc flu hosp,2026-03-28,quantile,0.65,105
2026-03-28,27,0,wk inc flu hosp,2026-03-28,quantile,0.7,110
2026-03-28,27,0,wk inc flu hosp,2026-03-28,quantile,0.75,116
2026-03-28,27,0,wk inc flu hosp,2026-03-28,quantile,0.8,121
2026-03-28,27,0,wk inc flu hosp,2026-03-28,quantile,0.85,128
2026-03-28,27,0,wk inc flu hosp,2026-03-28,quantile,0.9,140
2026-03-28,27,0,wk inc flu hosp,2026-03-28,quantile,0.95,161
2026-03-28,27,0,wk inc flu hosp,2026-03-28,quantile,0.975,178
2026-03-28,27,0,wk inc flu hosp,2026-03-28,quantile,0.99,199
2026-03-28,27,1,wk inc flu hosp,2026-04-04,quantile,0.01,13
2026-03-28,27,1,wk inc flu hosp,2026-04-04,quantile,0.025,20
2026-03-28,27,1,wk inc flu hosp,2026-04-04,quantile,0.05,25
2026-03-28,27,1,wk inc flu hosp,2026-04-04,quantile,0.1,32
2026-03-28,27,1,wk inc flu hosp,2026-04-04,quantile,0.15,39
2026-03-28,27,1,wk inc flu hosp,2026-04-04,quantile,0.2,44
2026-03-28,27,1,wk inc flu hosp,2026-04-04,quantile,0.25,50
2026-03-28,27,1,wk inc flu hosp,2026-04-04,quantile,0.3,55
2026-03-28,27,1,wk inc flu hosp,2026-04-04,quantile,0.35,59
2026-03-28,27,1,wk inc flu hosp,2026-04-04,quantile,0.4,64
2026-03-28,27,1,wk inc flu hosp,2026-04-04,quantile,0.45,69
2026-03-28,27,1,wk inc flu hosp,2026-04-04,quantile,0.5,78
2026-03-28,27,1,wk inc flu hosp,2026-04-04,quantile,0.55,82
2026-03-28,27,1,wk inc flu hosp,2026-04-04,quantile,0.6,87
2026-03-28,27,1,wk inc flu hosp,2026-04-04,quantile,0.65,93
2026-03-28,27,1,wk inc flu hosp,2026-04-04,quantile,0.7,99
2026-03-28,27,1,wk inc flu hosp,2026-04-04,quantile,0.75,106
2026-03-28,27,1,wk inc flu hosp,2026-04-04,quantile,0.8,114
2026-03-28,27,1,wk inc flu hosp,2026-04-04,quantile,0.85,124
2026-03-28,27,1,wk inc flu hosp,2026-04-04,quantile,0.9,138
2026-03-28,27,1,wk inc flu hosp,2026-04-04,quantile,0.95,160
2026-03-28,27,1,wk inc flu hosp,2026-04-04,quantile,0.975,185
2026-03-28,27,1,wk inc flu hosp,2026-04-04,quantile,0.99,220
2026-03-28,27,2,wk inc flu hosp,2026-04-11,quantile,0.01,6
2026-03-28,27,2,wk inc flu hosp,2026-04-11,quantile,0.025,8
2026-03-28,27,2,wk inc flu hosp,2026-04-11,quantile,0.05,14
2026-03-28,27,2,wk inc flu hosp,2026-04-11,quantile,0.1,19
2026-03-28,27,2,wk inc flu hosp,2026-04-11,quantile,0.15,26
2026-03-28,27,2,wk inc flu hosp,2026-04-11,quantile,0.2,31
2026-03-28,27,2,wk inc flu hosp,2026-04-11,quantile,0.25,36
2026-03-28,27,2,wk inc flu hosp,2026-04-11,quantile,0.3,40
2026-03-28,27,2,wk inc flu hosp,2026-04-11,quantile,0.35,46
2026-03-28,27,2,wk inc flu hosp,2026-04-11,quantile,0.4,50
2026-03-28,27,2,wk inc flu hosp,2026-04-11,quantile,0.45,54
2026-03-28,27,2,wk inc flu hosp,2026-04-11,quantile,0.5,63
2026-03-28,27,2,wk inc flu hosp,2026-04-11,quantile,0.55,67
2026-03-28,27,2,wk inc flu hosp,2026-04-11,quantile,0.6,74
2026-03-28,27,2,wk inc flu hosp,2026-04-11,quantile,0.65,80
2026-03-28,27,2,wk inc flu hosp,2026-04-11,quantile,0.7,85
2026-03-28,27,2,wk inc flu hosp,2026-04-11,quantile,0.75,92
2026-03-28,27,2,wk inc flu hosp,2026-04-11,quantile,0.8,100
2026-03-28,27,2,wk inc flu hosp,2026-04-11,quantile,0.85,114
2026-03-28,27,2,wk inc flu hosp,2026-04-11,quantile,0.9,134
2026-03-28,27,2,wk inc flu hosp,2026-04-11,quantile,0.95,166
2026-03-28,27,2,wk inc flu hosp,2026-04-11,quantile,0.975,198
2026-03-28,27,2,wk inc flu hosp,2026-04-11,quantile,0.99,238
2026-03-28,27,3,wk inc flu hosp,2026-04-18,quantile,0.01,3
2026-03-28,27,3,wk inc flu hosp,2026-04-18,quantile,0.025,6
2026-03-28,27,3,wk inc flu hosp,2026-04-18,quantile,0.05,10
2026-03-28,27,3,wk inc flu hosp,2026-04-18,quantile,0.1,15
2026-03-28,27,3,wk inc flu hosp,2026-04-18,quantile,0.15,20
2026-03-28,27,3,wk inc flu hosp,2026-04-18,quantile,0.2,23
2026-03-28,27,3,wk inc flu hosp,2026-04-18,quantile,0.25,25
2026-03-28,27,3,wk inc flu hosp,2026-04-18,quantile,0.3,29
2026-03-28,27,3,wk inc flu hosp,2026-04-18,quantile,0.35,33
2026-03-28,27,3,wk inc flu hosp,2026-04-18,quantile,0.4,40
2026-03-28,27,3,wk inc flu hosp,2026-04-18,quantile,0.45,45
2026-03-28,27,3,wk inc flu hosp,2026-04-18,quantile,0.5,52
2026-03-28,27,3,wk inc flu hosp,2026-04-18,quantile,0.55,56
2026-03-28,27,3,wk inc flu hosp,2026-04-18,quantile,0.6,63
2026-03-28,27,3,wk inc flu hosp,2026-04-18,quantile,0.65,69
2026-03-28,27,3,wk inc flu hosp,2026-04-18,quantile,0.7,77
2026-03-28,27,3,wk inc flu hosp,2026-04-18,quantile,0.75,86
2026-03-28,27,3,wk inc flu hosp,2026-04-18,quantile,0.8,98
2026-03-28,27,3,wk inc flu hosp,2026-04-18,quantile,0.85,113
2026-03-28,27,3,wk inc flu hosp,2026-04-18,quantile,0.9,129
2026-03-28,27,3,wk inc flu hosp,2026-04-18,quantile,0.95,167
2026-03-28,27,3,wk inc flu hosp,2026-04-18,quantile,0.975,211
2026-03-28,27,3,wk inc flu hosp,2026-04-18,quantile,0.99,251
2026-03-28,28,0,wk inc flu hosp,2026-03-28,quantile,0.01,15
2026-03-28,28,0,wk inc flu hosp,2026-03-28,quantile,0.025,20
2026-03-28,28,0,wk inc flu hosp,2026-03-28,quantile,0.05,23
2026-03-28,28,0,wk inc flu hosp,2026-03-28,quantile,0.1,28
2026-03-28,28,0,wk inc flu hosp,2026-03-28,quantile,0.15,31
2026-03-28,28,0,wk inc flu hosp,2026-03-28,quantile,0.2,34
2026-03-28,28,0,wk inc flu hosp,2026-03-28,quantile,0.25,35
2026-03-28,28,0,wk inc flu hosp,2026-03-28,quantile,0.3,38
2026-03-28,28,0,wk inc flu hosp,2026-03-28,quantile,0.35,39
2026-03-28,28,0,wk inc flu hosp,2026-03-28,quantile,0.4,40
2026-03-28,28,0,wk inc flu hosp,2026-03-28,quantile,0.45,42
2026-03-28,28,0,wk inc flu hosp,2026-03-28,quantile,0.5,47
2026-03-28,28,0,wk inc flu hosp,2026-03-28,quantile,0.55,49
2026-03-28,28,0,wk inc flu hosp,2026-03-28,quantile,0.6,52
2026-03-28,28,0,wk inc flu hosp,2026-03-28,quantile,0.65,55
2026-03-28,28,0,wk inc flu hosp,2026-03-28,quantile,0.7,60
2026-03-28,28,0,wk inc flu hosp,2026-03-28,quantile,0.75,63
2026-03-28,28,0,wk inc flu hosp,2026-03-28,quantile,0.8,66
2026-03-28,28,0,wk inc flu hosp,2026-03-28,quantile,0.85,70
2026-03-28,28,0,wk inc flu hosp,2026-03-28,quantile,0.9,75
2026-03-28,28,0,wk inc flu hosp,2026-03-28,quantile,0.95,84
2026-03-28,28,0,wk inc flu hosp,2026-03-28,quantile,0.975,95
2026-03-28,28,0,wk inc flu hosp,2026-03-28,quantile,0.99,101
2026-03-28,28,1,wk inc flu hosp,2026-04-04,quantile,0.01,7
2026-03-28,28,1,wk inc flu hosp,2026-04-04,quantile,0.025,9
2026-03-28,28,1,wk inc flu hosp,2026-04-04,quantile,0.05,13
2026-03-28,28,1,wk inc flu hosp,2026-04-04,quantile,0.1,18
2026-03-28,28,1,wk inc flu hosp,2026-04-04,quantile,0.15,22
2026-03-28,28,1,wk inc flu hosp,2026-04-04,quantile,0.2,25
2026-03-28,28,1,wk inc flu hosp,2026-04-04,quantile,0.25,27
2026-03-28,28,1,wk inc flu hosp,2026-04-04,quantile,0.3,31
2026-03-28,28,1,wk inc flu hosp,2026-04-04,quantile,0.35,33
2026-03-28,28,1,wk inc flu hosp,2026-04-04,quantile,0.4,34
2026-03-28,28,1,wk inc flu hosp,2026-04-04,quantile,0.45,36
2026-03-28,28,1,wk inc flu hosp,2026-04-04,quantile,0.5,39
2026-03-28,28,1,wk inc flu hosp,2026-04-04,quantile,0.55,40
2026-03-28,28,1,wk inc flu hosp,2026-04-04,quantile,0.6,42
2026-03-28,28,1,wk inc flu hosp,2026-04-04,quantile,0.65,45
2026-03-28,28,1,wk inc flu hosp,2026-04-04,quantile,0.7,50
2026-03-28,28,1,wk inc flu hosp,2026-04-04,quantile,0.75,52
2026-03-28,28,1,wk inc flu hosp,2026-04-04,quantile,0.8,58
2026-03-28,28,1,wk inc flu hosp,2026-04-04,quantile,0.85,63
2026-03-28,28,1,wk inc flu hosp,2026-04-04,quantile,0.9,71
2026-03-28,28,1,wk inc flu hosp,2026-04-04,quantile,0.95,83
2026-03-28,28,1,wk inc flu hosp,2026-04-04,quantile,0.975,96
2026-03-28,28,1,wk inc flu hosp,2026-04-04,quantile,0.99,114
2026-03-28,28,2,wk inc flu hosp,2026-04-11,quantile,0.01,3
2026-03-28,28,2,wk inc flu hosp,2026-04-11,quantile,0.025,6
2026-03-28,28,2,wk inc flu hosp,2026-04-11,quantile,0.05,10
2026-03-28,28,2,wk inc flu hosp,2026-04-11,quantile,0.1,14
2026-03-28,28,2,wk inc flu hosp,2026-04-11,quantile,0.15,16
2026-03-28,28,2,wk inc flu hosp,2026-04-11,quantile,0.2,19
2026-03-28,28,2,wk inc flu hosp,2026-04-11,quantile,0.25,20
2026-03-28,28,2,wk inc flu hosp,2026-04-11,quantile,0.3,22
2026-03-28,28,2,wk inc flu hosp,2026-04-11,quantile,0.35,23
2026-03-28,28,2,wk inc flu hosp,2026-04-11,quantile,0.4,24
2026-03-28,28,2,wk inc flu hosp,2026-04-11,quantile,0.45,26
2026-03-28,28,2,wk inc flu hosp,2026-04-11,quantile,0.5,29
2026-03-28,28,2,wk inc flu hosp,2026-04-11,quantile,0.55,32
2026-03-28,28,2,wk inc flu hosp,2026-04-11,quantile,0.6,35
2026-03-28,28,2,wk inc flu hosp,2026-04-11,quantile,0.65,38
2026-03-28,28,2,wk inc flu hosp,2026-04-11,quantile,0.7,40
2026-03-28,28,2,wk inc flu hosp,2026-04-11,quantile,0.75,45
2026-03-28,28,2,wk inc flu hosp,2026-04-11,quantile,0.8,51
2026-03-28,28,2,wk inc flu hosp,2026-04-11,quantile,0.85,57
2026-03-28,28,2,wk inc flu hosp,2026-04-11,quantile,0.9,64
2026-03-28,28,2,wk inc flu hosp,2026-04-11,quantile,0.95,77
2026-03-28,28,2,wk inc flu hosp,2026-04-11,quantile,0.975,88
2026-03-28,28,2,wk inc flu hosp,2026-04-11,quantile,0.99,117
2026-03-28,28,3,wk inc flu hosp,2026-04-18,quantile,0.01,3
2026-03-28,28,3,wk inc flu hosp,2026-04-18,quantile,0.025,4
2026-03-28,28,3,wk inc flu hosp,2026-04-18,quantile,0.05,5
2026-03-28,28,3,wk inc flu hosp,2026-04-18,quantile,0.1,9
2026-03-28,28,3,wk inc flu hosp,2026-04-18,quantile,0.15,12
2026-03-28,28,3,wk inc flu hosp,2026-04-18,quantile,0.2,14
2026-03-28,28,3,wk inc flu hosp,2026-04-18,quantile,0.25,16
2026-03-28,28,3,wk inc flu hosp,2026-04-18,quantile,0.3,18
2026-03-28,28,3,wk inc flu hosp,2026-04-18,quantile,0.35,20
2026-03-28,28,3,wk inc flu hosp,2026-04-18,quantile,0.4,21
2026-03-28,28,3,wk inc flu hosp,2026-04-18,quantile,0.45,24
2026-03-28,28,3,wk inc flu hosp,2026-04-18,quantile,0.5,27
2026-03-28,28,3,wk inc flu hosp,2026-04-18,quantile,0.55,29
2026-03-28,28,3,wk inc flu hosp,2026-04-18,quantile,0.6,31
2026-03-28,28,3,wk inc flu hosp,2026-04-18,quantile,0.65,34
2026-03-28,28,3,wk inc flu hosp,2026-04-18,quantile,0.7,36
2026-03-28,28,3,wk inc flu hosp,2026-04-18,quantile,0.75,39
2026-03-28,28,3,wk inc flu hosp,2026-04-18,quantile,0.8,49
2026-03-28,28,3,wk inc flu hosp,2026-04-18,quantile,0.85,54
2026-03-28,28,3,wk inc flu hosp,2026-04-18,quantile,0.9,59
2026-03-28,28,3,wk inc flu hosp,2026-04-18,quantile,0.95,72
2026-03-28,28,3,wk inc flu hosp,2026-04-18,quantile,0.975,95
2026-03-28,28,3,wk inc flu hosp,2026-04-18,quantile,0.99,126
2026-03-28,29,0,wk inc flu hosp,2026-03-28,quantile,0.01,36
2026-03-28,29,0,wk inc flu hosp,2026-03-28,quantile,0.025,43
2026-03-28,29,0,wk inc flu hosp,2026-03-28,quantile,0.05,49
2026-03-28,29,0,wk inc flu hosp,2026-03-28,quantile,0.1,57
2026-03-28,29,0,wk inc flu hosp,2026-03-28,quantile,0.15,65
2026-03-28,29,0,wk inc flu hosp,2026-03-28,quantile,0.2,71
2026-03-28,29,0,wk inc flu hosp,2026-03-28,quantile,0.25,76
2026-03-28,29,0,wk inc flu hosp,2026-03-28,quantile,0.3,79
2026-03-28,29,0,wk inc flu hosp,2026-03-28,quantile,0.35,83
2026-03-28,29,0,wk inc flu hosp,2026-03-28,quantile,0.4,86
2026-03-28,29,0,wk inc flu hosp,2026-03-28,quantile,0.45,93
2026-03-28,29,0,wk inc flu hosp,2026-03-28,quantile,0.5,100
2026-03-28,29,0,wk inc flu hosp,2026-03-28,quantile,0.55,107
2026-03-28,29,0,wk inc flu hosp,2026-03-28,quantile,0.6,112
2026-03-28,29,0,wk inc flu hosp,2026-03-28,quantile,0.65,116
2026-03-28,29,0,wk inc flu hosp,2026-03-28,quantile,0.7,121
2026-03-28,29,0,wk inc flu hosp,2026-03-28,quantile,0.75,129
2026-03-28,29,0,wk inc flu hosp,2026-03-28,quantile,0.8,137
2026-03-28,29,0,wk inc flu hosp,2026-03-28,quantile,0.85,151
2026-03-28,29,0,wk inc flu hosp,2026-03-28,quantile,0.9,161
2026-03-28,29,0,wk inc flu hosp,2026-03-28,quantile,0.95,177
2026-03-28,29,0,wk inc flu hosp,2026-03-28,quantile,0.975,196
2026-03-28,29,0,wk inc flu hosp,2026-03-28,quantile,0.99,230
2026-03-28,29,1,wk inc flu hosp,2026-04-04,quantile,0.01,19
2026-03-28,29,1,wk inc flu hosp,2026-04-04,quantile,0.025,24
2026-03-28,29,1,wk inc flu hosp,2026-04-04,quantile,0.05,29
2026-03-28,29,1,wk inc flu hosp,2026-04-04,quantile,0.1,39
2026-03-28,29,1,wk inc flu hosp,2026-04-04,quantile,0.15,45
2026-03-28,29,1,wk inc flu hosp,2026-04-04,quantile,0.2,48
2026-03-28,29,1,wk inc flu hosp,2026-04-04,quantile,0.25,54
2026-03-28,29,1,wk inc flu hosp,2026-04-04,quantile,0.3,58
2026-03-28,29,1,wk inc flu hosp,2026-04-04,quantile,0.35,63
2026-03-28,29,1,wk inc flu hosp,2026-04-04,quantile,0.4,67
2026-03-28,29,1,wk inc flu hosp,2026-04-04,quantile,0.45,71
2026-03-28,29,1,wk inc flu hosp,2026-04-04,quantile,0.5,78
2026-03-28,29,1,wk inc flu hosp,2026-04-04,quantile,0.55,83
2026-03-28,29,1,wk inc flu hosp,2026-04-04,quantile,0.6,89
2026-03-28,29,1,wk inc flu hosp,2026-04-04,quantile,0.65,96
2026-03-28,29,1,wk inc flu hosp,2026-04-04,quantile,0.7,104
2026-03-28,29,1,wk inc flu hosp,2026-04-04,quantile,0.75,112
2026-03-28,29,1,wk inc flu hosp,2026-04-04,quantile,0.8,122
2026-03-28,29,1,wk inc flu hosp,2026-04-04,quantile,0.85,134
2026-03-28,29,1,wk inc flu hosp,2026-04-04,quantile,0.9,151
2026-03-28,29,1,wk inc flu hosp,2026-04-04,quantile,0.95,177
2026-03-28,29,1,wk inc flu hosp,2026-04-04,quantile,0.975,204
2026-03-28,29,1,wk inc flu hosp,2026-04-04,quantile,0.99,233
2026-03-28,29,2,wk inc flu hosp,2026-04-11,quantile,0.01,12
2026-03-28,29,2,wk inc flu hosp,2026-04-11,quantile,0.025,15
2026-03-28,29,2,wk inc flu hosp,2026-04-11,quantile,0.05,21
2026-03-28,29,2,wk inc flu hosp,2026-04-11,quantile,0.1,26
2026-03-28,29,2,wk inc flu hosp,2026-04-11,quantile,0.15,30
2026-03-28,29,2,wk inc flu hosp,2026-04-11,quantile,0.2,35
2026-03-28,29,2,wk inc flu hosp,2026-04-11,quantile,0.25,40
2026-03-28,29,2,wk inc flu hosp,2026-04-11,quantile,0.3,44
2026-03-28,29,2,wk inc flu hosp,2026-04-11,quantile,0.35,47
2026-03-28,29,2,wk inc flu hosp,2026-04-11,quantile,0.4,52
2026-03-28,29,2,wk inc flu hosp,2026-04-11,quantile,0.45,56
2026-03-28,29,2,wk inc flu hosp,2026-04-11,quantile,0.5,59
2026-03-28,29,2,wk inc flu hosp,2026-04-11,quantile,0.55,64
2026-03-28,29,2,wk inc flu hosp,2026-04-11,quantile,0.6,70
2026-03-28,29,2,wk inc flu hosp,2026-04-11,quantile,0.65,79
2026-03-28,29,2,wk inc flu hosp,2026-04-11,quantile,0.7,84
2026-03-28,29,2,wk inc flu hosp,2026-04-11,quantile,0.75,99
2026-03-28,29,2,wk inc flu hosp,2026-04-11,quantile,0.8,106
2026-03-28,29,2,wk inc flu hosp,2026-04-11,quantile,0.85,122
2026-03-28,29,2,wk inc flu hosp,2026-04-11,quantile,0.9,152
2026-03-28,29,2,wk inc flu hosp,2026-04-11,quantile,0.95,185
2026-03-28,29,2,wk inc flu hosp,2026-04-11,quantile,0.975,220
2026-03-28,29,2,wk inc flu hosp,2026-04-11,quantile,0.99,255
2026-03-28,29,3,wk inc flu hosp,2026-04-18,quantile,0.01,6
2026-03-28,29,3,wk inc flu hosp,2026-04-18,quantile,0.025,9
2026-03-28,29,3,wk inc flu hosp,2026-04-18,quantile,0.05,11
2026-03-28,29,3,wk inc flu hosp,2026-04-18,quantile,0.1,16
2026-03-28,29,3,wk inc flu hosp,2026-04-18,quantile,0.15,21
2026-03-28,29,3,wk inc flu hosp,2026-04-18,quantile,0.2,25
2026-03-28,29,3,wk inc flu hosp,2026-04-18,quantile,0.25,31
2026-03-28,29,3,wk inc flu hosp,2026-04-18,quantile,0.3,33
2026-03-28,29,3,wk inc flu hosp,2026-04-18,quantile,0.35,36
2026-03-28,29,3,wk inc flu hosp,2026-04-18,quantile,0.4,41
2026-03-28,29,3,wk inc flu hosp,2026-04-18,quantile,0.45,44
2026-03-28,29,3,wk inc flu hosp,2026-04-18,quantile,0.5,46
2026-03-28,29,3,wk inc flu hosp,2026-04-18,quantile,0.55,53
2026-03-28,29,3,wk inc flu hosp,2026-04-18,quantile,0.6,59
2026-03-28,29,3,wk inc flu hosp,2026-04-18,quantile,0.65,70
2026-03-28,29,3,wk inc flu hosp,2026-04-18,quantile,0.7,81
2026-03-28,29,3,wk inc flu hosp,2026-04-18,quantile,0.75,91
2026-03-28,29,3,wk inc flu hosp,2026-04-18,quantile,0.8,102
2026-03-28,29,3,wk inc flu hosp,2026-04-18,quantile,0.85,119
2026-03-28,29,3,wk inc flu hosp,2026-04-18,quantile,0.9,148
2026-03-28,29,3,wk inc flu hosp,2026-04-18,quantile,0.95,175
2026-03-28,29,3,wk inc flu hosp,2026-04-18,quantile,0.975,213
2026-03-28,29,3,wk inc flu hosp,2026-04-18,quantile,0.99,246
2026-03-28,30,0,wk inc flu hosp,2026-03-28,quantile,0.01,6
2026-03-28,30,0,wk inc flu hosp,2026-03-28,quantile,0.025,7
2026-03-28,30,0,wk inc flu hosp,2026-03-28,quantile,0.05,9
2026-03-28,30,0,wk inc flu hosp,2026-03-28,quantile,0.1,12
2026-03-28,30,0,wk inc flu hosp,2026-03-28,quantile,0.15,14
2026-03-28,30,0,wk inc flu hosp,2026-03-28,quantile,0.2,16
2026-03-28,30,0,wk inc flu hosp,2026-03-28,quantile,0.25,18
2026-03-28,30,0,wk inc flu hosp,2026-03-28,quantile,0.3,19
2026-03-28,30,0,wk inc flu hosp,2026-03-28,quantile,0.35,20
2026-03-28,30,0,wk inc flu hosp,2026-03-28,quantile,0.4,21
2026-03-28,30,0,wk inc flu hosp,2026-03-28,quantile,0.45,22
2026-03-28,30,0,wk inc flu hosp,2026-03-28,quantile,0.5,25
2026-03-28,30,0,wk inc flu hosp,2026-03-28,quantile,0.55,26
2026-03-28,30,0,wk inc flu hosp,2026-03-28,quantile,0.6,28
2026-03-28,30,0,wk inc flu hosp,2026-03-28,quantile,0.65,29
2026-03-28,30,0,wk inc flu hosp,2026-03-28,quantile,0.7,30
2026-03-28,30,0,wk inc flu hosp,2026-03-28,quantile,0.75,32
2026-03-28,30,0,wk inc flu hosp,2026-03-28,quantile,0.8,35
2026-03-28,30,0,wk inc flu hosp,2026-03-28,quantile,0.85,37
2026-03-28,30,0,wk inc flu hosp,2026-03-28,quantile,0.9,40
2026-03-28,30,0,wk inc flu hosp,2026-03-28,quantile,0.95,47
2026-03-28,30,0,wk inc flu hosp,2026-03-28,quantile,0.975,51
2026-03-28,30,0,wk inc flu hosp,2026-03-28,quantile,0.99,60
2026-03-28,30,1,wk inc flu hosp,2026-04-04,quantile,0.01,3
2026-03-28,30,1,wk inc flu hosp,2026-04-04,quantile,0.025,4
2026-03-28,30,1,wk inc flu hosp,2026-04-04,quantile,0.05,5
2026-03-28,30,1,wk inc flu hosp,2026-04-04,quantile,0.1,7
2026-03-28,30,1,wk inc flu hosp,2026-04-04,quantile,0.15,9
2026-03-28,30,1,wk inc flu hosp,2026-04-04,quantile,0.2,10
2026-03-28,30,1,wk inc flu hosp,2026-04-04,quantile,0.25,12
2026-03-28,30,1,wk inc flu hosp,2026-04-04,quantile,0.3,12
2026-03-28,30,1,wk inc flu hosp,2026-04-04,quantile,0.35,14
2026-03-28,30,1,wk inc flu hosp,2026-04-04,quantile,0.4,15
2026-03-28,30,1,wk inc flu hosp,2026-04-04,quantile,0.45,17
2026-03-28,30,1,wk inc flu hosp,2026-04-04,quantile,0.5,19
2026-03-28,30,1,wk inc flu hosp,2026-04-04,quantile,0.55,21
2026-03-28,30,1,wk inc flu hosp,2026-04-04,quantile,0.6,22
2026-03-28,30,1,wk inc flu hosp,2026-04-04,quantile,0.65,24
2026-03-28,30,1,wk inc flu hosp,2026-04-04,quantile,0.7,26
2026-03-28,30,1,wk inc flu hosp,2026-04-04,quantile,0.75,27
2026-03-28,30,1,wk inc flu hosp,2026-04-04,quantile,0.8,29
2026-03-28,30,1,wk inc flu hosp,2026-04-04,quantile,0.85,34
2026-03-28,30,1,wk inc flu hosp,2026-04-04,quantile,0.9,38
2026-03-28,30,1,wk inc flu hosp,2026-04-04,quantile,0.95,46
2026-03-28,30,1,wk inc flu hosp,2026-04-04,quantile,0.975,52
2026-03-28,30,1,wk inc flu hosp,2026-04-04,quantile,0.99,63
2026-03-28,30,2,wk inc flu hosp,2026-04-11,quantile,0.01,1
2026-03-28,30,2,wk inc flu hosp,2026-04-11,quantile,0.025,2
2026-03-28,30,2,wk inc flu hosp,2026-04-11,quantile,0.05,3
2026-03-28,30,2,wk inc flu hosp,2026-04-11,quantile,0.1,4
2026-03-28,30,2,wk inc flu hosp,2026-04-11,quantile,0.15,5
2026-03-28,30,2,wk inc flu hosp,2026-04-11,quantile,0.2,7
2026-03-28,30,2,wk inc flu hosp,2026-04-11,quantile,0.25,7
2026-03-28,30,2,wk inc flu hosp,2026-04-11,quantile,0.3,9
2026-03-28,30,2,wk inc flu hosp,2026-04-11,quantile,0.35,10
2026-03-28,30,2,wk inc flu hosp,2026-04-11,quantile,0.4,12
2026-03-28,30,2,wk inc flu hosp,2026-04-11,quantile,0.45,13
2026-03-28,30,2,wk inc flu hosp,2026-04-11,quantile,0.5,15
2026-03-28,30,2,wk inc flu hosp,2026-04-11,quantile,0.55,16
2026-03-28,30,2,wk inc flu hosp,2026-04-11,quantile,0.6,17
2026-03-28,30,2,wk inc flu hosp,2026-04-11,quantile,0.65,20
2026-03-28,30,2,wk inc flu hosp,2026-04-11,quantile,0.7,22
2026-03-28,30,2,wk inc flu hosp,2026-04-11,quantile,0.75,24
2026-03-28,30,2,wk inc flu hosp,2026-04-11,quantile,0.8,27
2026-03-28,30,2,wk inc flu hosp,2026-04-11,quantile,0.85,30
2026-03-28,30,2,wk inc flu hosp,2026-04-11,quantile,0.9,35
2026-03-28,30,2,wk inc flu hosp,2026-04-11,quantile,0.95,44
2026-03-28,30,2,wk inc flu hosp,2026-04-11,quantile,0.975,52
2026-03-28,30,2,wk inc flu hosp,2026-04-11,quantile,0.99,61
2026-03-28,30,3,wk inc flu hosp,2026-04-18,quantile,0.01,0
2026-03-28,30,3,wk inc flu hosp,2026-04-18,quantile,0.025,1
2026-03-28,30,3,wk inc flu hosp,2026-04-18,quantile,0.05,1
2026-03-28,30,3,wk inc flu hosp,2026-04-18,quantile,0.1,3
2026-03-28,30,3,wk inc flu hosp,2026-04-18,quantile,0.15,4
2026-03-28,30,3,wk inc flu hosp,2026-04-18,quantile,0.2,4
2026-03-28,30,3,wk inc flu hosp,2026-04-18,quantile,0.25,5
2026-03-28,30,3,wk inc flu hosp,2026-04-18,quantile,0.3,7
2026-03-28,30,3,wk inc flu hosp,2026-04-18,quantile,0.35,7
2026-03-28,30,3,wk inc flu hosp,2026-04-18,quantile,0.4,9
2026-03-28,30,3,wk inc flu hosp,2026-04-18,quantile,0.45,10
2026-03-28,30,3,wk inc flu hosp,2026-04-18,quantile,0.5,12
2026-03-28,30,3,wk inc flu hosp,2026-04-18,quantile,0.55,15
2026-03-28,30,3,wk inc flu hosp,2026-04-18,quantile,0.6,16
2026-03-28,30,3,wk inc flu hosp,2026-04-18,quantile,0.65,18
2026-03-28,30,3,wk inc flu hosp,2026-04-18,quantile,0.7,19
2026-03-28,30,3,wk inc flu hosp,2026-04-18,quantile,0.75,21
2026-03-28,30,3,wk inc flu hosp,2026-04-18,quantile,0.8,23
2026-03-28,30,3,wk inc flu hosp,2026-04-18,quantile,0.85,26
2026-03-28,30,3,wk inc flu hosp,2026-04-18,quantile,0.9,31
2026-03-28,30,3,wk inc flu hosp,2026-04-18,quantile,0.95,41
2026-03-28,30,3,wk inc flu hosp,2026-04-18,quantile,0.975,50
2026-03-28,30,3,wk inc flu hosp,2026-04-18,quantile,0.99,60
2026-03-28,31,0,wk inc flu hosp,2026-03-28,quantile,0.01,8
2026-03-28,31,0,wk inc flu hosp,2026-03-28,quantile,0.025,10
2026-03-28,31,0,wk inc flu hosp,2026-03-28,quantile,0.05,12
2026-03-28,31,0,wk inc flu hosp,2026-03-28,quantile,0.1,15
2026-03-28,31,0,wk inc flu hosp,2026-03-28,quantile,0.15,18
2026-03-28,31,0,wk inc flu hosp,2026-03-28,quantile,0.2,20
2026-03-28,31,0,wk inc flu hosp,2026-03-28,quantile,0.25,22
2026-03-28,31,0,wk inc flu hosp,2026-03-28,quantile,0.3,23
2026-03-28,31,0,wk inc flu hosp,2026-03-28,quantile,0.35,24
2026-03-28,31,0,wk inc flu hosp,2026-03-28,quantile,0.4,25
2026-03-28,31,0,wk inc flu hosp,2026-03-28,quantile,0.45,27
2026-03-28,31,0,wk inc flu hosp,2026-03-28,quantile,0.5,29
2026-03-28,31,0,wk inc flu hosp,2026-03-28,quantile,0.55,31
2026-03-28,31,0,wk inc flu hosp,2026-03-28,quantile,0.6,34
2026-03-28,31,0,wk inc flu hosp,2026-03-28,quantile,0.65,35
2026-03-28,31,0,wk inc flu hosp,2026-03-28,quantile,0.7,37
2026-03-28,31,0,wk inc flu hosp,2026-03-28,quantile,0.75,39
2026-03-28,31,0,wk inc flu hosp,2026-03-28,quantile,0.8,42
2026-03-28,31,0,wk inc flu hosp,2026-03-28,quantile,0.85,45
2026-03-28,31,0,wk inc flu hosp,2026-03-28,quantile,0.9,49
2026-03-28,31,0,wk inc flu hosp,2026-03-28,quantile,0.95,54
2026-03-28,31,0,wk inc flu hosp,2026-03-28,quantile,0.975,61
2026-03-28,31,0,wk inc flu hosp,2026-03-28,quantile,0.99,67
2026-03-28,31,1,wk inc flu hosp,2026-04-04,quantile,0.01,3
2026-03-28,31,1,wk inc flu hosp,2026-04-04,quantile,0.025,5
2026-03-28,31,1,wk inc flu hosp,2026-04-04,quantile,0.05,6
2026-03-28,31,1,wk inc flu hosp,2026-04-04,quantile,0.1,9
2026-03-28,31,1,wk inc flu hosp,2026-04-04,quantile,0.15,11
2026-03-28,31,1,wk inc flu hosp,2026-04-04,quantile,0.2,13
2026-03-28,31,1,wk inc flu hosp,2026-04-04,quantile,0.25,15
2026-03-28,31,1,wk inc flu hosp,2026-04-04,quantile,0.3,17
2026-03-28,31,1,wk inc flu hosp,2026-04-04,quantile,0.35,18
2026-03-28,31,1,wk inc flu hosp,2026-04-04,quantile,0.4,20
2026-03-28,31,1,wk inc flu hosp,2026-04-04,quantile,0.45,21
2026-03-28,31,1,wk inc flu hosp,2026-04-04,quantile,0.5,23
2026-03-28,31,1,wk inc flu hosp,2026-04-04,quantile,0.55,25
2026-03-28,31,1,wk inc flu hosp,2026-04-04,quantile,0.6,27
2026-03-28,31,1,wk inc flu hosp,2026-04-04,quantile,0.65,30
2026-03-28,31,1,wk inc flu hosp,2026-04-04,quantile,0.7,32
2026-03-28,31,1,wk inc flu hosp,2026-04-04,quantile,0.75,34
2026-03-28,31,1,wk inc flu hosp,2026-04-04,quantile,0.8,38
2026-03-28,31,1,wk inc flu hosp,2026-04-04,quantile,0.85,42
2026-03-28,31,1,wk inc flu hosp,2026-04-04,quantile,0.9,47
2026-03-28,31,1,wk inc flu hosp,2026-04-04,quantile,0.95,55
2026-03-28,31,1,wk inc flu hosp,2026-04-04,quantile,0.975,63
2026-03-28,31,1,wk inc flu hosp,2026-04-04,quantile,0.99,76
2026-03-28,31,2,wk inc flu hosp,2026-04-11,quantile,0.01,1
2026-03-28,31,2,wk inc flu hosp,2026-04-11,quantile,0.025,2
2026-03-28,31,2,wk inc flu hosp,2026-04-11,quantile,0.05,4
2026-03-28,31,2,wk inc flu hosp,2026-04-11,quantile,0.1,6
2026-03-28,31,2,wk inc flu hosp,2026-04-11,quantile,0.15,8
2026-03-28,31,2,wk inc flu hosp,2026-04-11,quantile,0.2,9
2026-03-28,31,2,wk inc flu hosp,2026-04-11,quantile,0.25,11
2026-03-28,31,2,wk inc flu hosp,2026-04-11,quantile,0.3,12
2026-03-28,31,2,wk inc flu hosp,2026-04-11,quantile,0.35,13
2026-03-28,31,2,wk inc flu hosp,2026-04-11,quantile,0.4,14
2026-03-28,31,2,wk inc flu hosp,2026-04-11,quantile,0.45,16
2026-03-28,31,2,wk inc flu hosp,2026-04-11,quantile,0.5,18
2026-03-28,31,2,wk inc flu hosp,2026-04-11,quantile,0.55,21
2026-03-28,31,2,wk inc flu hosp,2026-04-11,quantile,0.6,23
2026-03-28,31,2,wk inc flu hosp,2026-04-11,quantile,0.65,26
2026-03-28,31,2,wk inc flu hosp,2026-04-11,quantile,0.7,28
2026-03-28,31,2,wk inc flu hosp,2026-04-11,quantile,0.75,30
2026-03-28,31,2,wk inc flu hosp,2026-04-11,quantile,0.8,33
2026-03-28,31,2,wk inc flu hosp,2026-04-11,quantile,0.85,38
2026-03-28,31,2,wk inc flu hosp,2026-04-11,quantile,0.9,45
2026-03-28,31,2,wk inc flu hosp,2026-04-11,quantile,0.95,55
2026-03-28,31,2,wk inc flu hosp,2026-04-11,quantile,0.975,63
2026-03-28,31,2,wk inc flu hosp,2026-04-11,quantile,0.99,74
2026-03-28,31,3,wk inc flu hosp,2026-04-18,quantile,0.01,0
2026-03-28,31,3,wk inc flu hosp,2026-04-18,quantile,0.025,1
2026-03-28,31,3,wk inc flu hosp,2026-04-18,quantile,0.05,1
2026-03-28,31,3,wk inc flu hosp,2026-04-18,quantile,0.1,3
2026-03-28,31,3,wk inc flu hosp,2026-04-18,quantile,0.15,5
2026-03-28,31,3,wk inc flu hosp,2026-04-18,quantile,0.2,6
2026-03-28,31,3,wk inc flu hosp,2026-04-18,quantile,0.25,7
2026-03-28,31,3,wk inc flu hosp,2026-04-18,quantile,0.3,8
2026-03-28,31,3,wk inc flu hosp,2026-04-18,quantile,0.35,10
2026-03-28,31,3,wk inc flu hosp,2026-04-18,quantile,0.4,10
2026-03-28,31,3,wk inc flu hosp,2026-04-18,quantile,0.45,12
2026-03-28,31,3,wk inc flu hosp,2026-04-18,quantile,0.5,15
2026-03-28,31,3,wk inc flu hosp,2026-04-18,quantile,0.55,17
2026-03-28,31,3,wk inc flu hosp,2026-04-18,quantile,0.6,19
2026-03-28,31,3,wk inc flu hosp,2026-04-18,quantile,0.65,20
2026-03-28,31,3,wk inc flu hosp,2026-04-18,quantile,0.7,23
2026-03-28,31,3,wk inc flu hosp,2026-04-18,quantile,0.75,25
2026-03-28,31,3,wk inc flu hosp,2026-04-18,quantile,0.8,28
2026-03-28,31,3,wk inc flu hosp,2026-04-18,quantile,0.85,33
2026-03-28,31,3,wk inc flu hosp,2026-04-18,quantile,0.9,40
2026-03-28,31,3,wk inc flu hosp,2026-04-18,quantile,0.95,51
2026-03-28,31,3,wk inc flu hosp,2026-04-18,quantile,0.975,64
2026-03-28,31,3,wk inc flu hosp,2026-04-18,quantile,0.99,76
2026-03-28,32,0,wk inc flu hosp,2026-03-28,quantile,0.01,10
2026-03-28,32,0,wk inc flu hosp,2026-03-28,quantile,0.025,13
2026-03-28,32,0,wk inc flu hosp,2026-03-28,quantile,0.05,15
2026-03-28,32,0,wk inc flu hosp,2026-03-28,quantile,0.1,19
2026-03-28,32,0,wk inc flu hosp,2026-03-28,quantile,0.15,22
2026-03-28,32,0,wk inc flu hosp,2026-03-28,quantile,0.2,24
2026-03-28,32,0,wk inc flu hosp,2026-03-28,quantile,0.25,26
2026-03-28,32,0,wk inc flu hosp,2026-03-28,quantile,0.3,28
2026-03-28,32,0,wk inc flu hosp,2026-03-28,quantile,0.35,29
2026-03-28,32,0,wk inc flu hosp,2026-03-28,quantile,0.4,31
2026-03-28,32,0,wk inc flu hosp,2026-03-28,quantile,0.45,32
2026-03-28,32,0,wk inc flu hosp,2026-03-28,quantile,0.5,36
2026-03-28,32,0,wk inc flu hosp,2026-03-28,quantile,0.55,37
2026-03-28,32,0,wk inc flu hosp,2026-03-28,quantile,0.6,38
2026-03-28,32,0,wk inc flu hosp,2026-03-28,quantile,0.65,40
2026-03-28,32,0,wk inc flu hosp,2026-03-28,quantile,0.7,42
2026-03-28,32,0,wk inc flu hosp,2026-03-28,quantile,0.75,44
2026-03-28,32,0,wk inc flu hosp,2026-03-28,quantile,0.8,47
2026-03-28,32,0,wk inc flu hosp,2026-03-28,quantile,0.85,51
2026-03-28,32,0,wk inc flu hosp,2026-03-28,quantile,0.9,54
2026-03-28,32,0,wk inc flu hosp,2026-03-28,quantile,0.95,63
2026-03-28,32,0,wk inc flu hosp,2026-03-28,quantile,0.975,71
2026-03-28,32,0,wk inc flu hosp,2026-03-28,quantile,0.99,78
2026-03-28,32,1,wk inc flu hosp,2026-04-04,quantile,0.01,6
2026-03-28,32,1,wk inc flu hosp,2026-04-04,quantile,0.025,8
2026-03-28,32,1,wk inc flu hosp,2026-04-04,quantile,0.05,10
2026-03-28,32,1,wk inc flu hosp,2026-04-04,quantile,0.1,14
2026-03-28,32,1,wk inc flu hosp,2026-04-04,quantile,0.15,16
2026-03-28,32,1,wk inc flu hosp,2026-04-04,quantile,0.2,19
2026-03-28,32,1,wk inc flu hosp,2026-04-04,quantile,0.25,21
2026-03-28,32,1,wk inc flu hosp,2026-04-04,quantile,0.3,22
2026-03-28,32,1,wk inc flu hosp,2026-04-04,quantile,0.35,23
2026-03-28,32,1,wk inc flu hosp,2026-04-04,quantile,0.4,26
2026-03-28,32,1,wk inc flu hosp,2026-04-04,quantile,0.45,27
2026-03-28,32,1,wk inc flu hosp,2026-04-04,quantile,0.5,30
2026-03-28,32,1,wk inc flu hosp,2026-04-04,quantile,0.55,33
2026-03-28,32,1,wk inc flu hosp,2026-04-04,quantile,0.6,35
2026-03-28,32,1,wk inc flu hosp,2026-04-04,quantile,0.65,37
2026-03-28,32,1,wk inc flu hosp,2026-04-04,quantile,0.7,40
2026-03-28,32,1,wk inc flu hosp,2026-04-04,quantile,0.75,42
2026-03-28,32,1,wk inc flu hosp,2026-04-04,quantile,0.8,45
2026-03-28,32,1,wk inc flu hosp,2026-04-04,quantile,0.85,50
2026-03-28,32,1,wk inc flu hosp,2026-04-04,quantile,0.9,55
2026-03-28,32,1,wk inc flu hosp,2026-04-04,quantile,0.95,64
2026-03-28,32,1,wk inc flu hosp,2026-04-04,quantile,0.975,74
2026-03-28,32,1,wk inc flu hosp,2026-04-04,quantile,0.99,86
2026-03-28,32,2,wk inc flu hosp,2026-04-11,quantile,0.01,4
2026-03-28,32,2,wk inc flu hosp,2026-04-11,quantile,0.025,6
2026-03-28,32,2,wk inc flu hosp,2026-04-11,quantile,0.05,6
2026-03-28,32,2,wk inc flu hosp,2026-04-11,quantile,0.1,9
2026-03-28,32,2,wk inc flu hosp,2026-04-11,quantile,0.15,12
2026-03-28,32,2,wk inc flu hosp,2026-04-11,quantile,0.2,14
2026-03-28,32,2,wk inc flu hosp,2026-04-11,quantile,0.25,16
2026-03-28,32,2,wk inc flu hosp,2026-04-11,quantile,0.3,19
2026-03-28,32,2,wk inc flu hosp,2026-04-11,quantile,0.35,19
2026-03-28,32,2,wk inc flu hosp,2026-04-11,quantile,0.4,20
2026-03-28,32,2,wk inc flu hosp,2026-04-11,quantile,0.45,22
2026-03-28,32,2,wk inc flu hosp,2026-04-11,quantile,0.5,25
2026-03-28,32,2,wk inc flu hosp,2026-04-11,quantile,0.55,27
2026-03-28,32,2,wk inc flu hosp,2026-04-11,quantile,0.6,30
2026-03-28,32,2,wk inc flu hosp,2026-04-11,quantile,0.65,32
2026-03-28,32,2,wk inc flu hosp,2026-04-11,quantile,0.7,36
2026-03-28,32,2,wk inc flu hosp,2026-04-11,quantile,0.75,39
2026-03-28,32,2,wk inc flu hosp,2026-04-11,quantile,0.8,42
2026-03-28,32,2,wk inc flu hosp,2026-04-11,quantile,0.85,48
2026-03-28,32,2,wk inc flu hosp,2026-04-11,quantile,0.9,55
2026-03-28,32,2,wk inc flu hosp,2026-04-11,quantile,0.95,65
2026-03-28,32,2,wk inc flu hosp,2026-04-11,quantile,0.975,77
2026-03-28,32,2,wk inc flu hosp,2026-04-11,quantile,0.99,95
2026-03-28,32,3,wk inc flu hosp,2026-04-18,quantile,0.01,3
2026-03-28,32,3,wk inc flu hosp,2026-04-18,quantile,0.025,4
2026-03-28,32,3,wk inc flu hosp,2026-04-18,quantile,0.05,5
2026-03-28,32,3,wk inc flu hosp,2026-04-18,quantile,0.1,7
2026-03-28,32,3,wk inc flu hosp,2026-04-18,quantile,0.15,9
2026-03-28,32,3,wk inc flu hosp,2026-04-18,quantile,0.2,11
2026-03-28,32,3,wk inc flu hosp,2026-04-18,quantile,0.25,13
2026-03-28,32,3,wk inc flu hosp,2026-04-18,quantile,0.3,14
2026-03-28,32,3,wk inc flu hosp,2026-04-18,quantile,0.35,14
2026-03-28,32,3,wk inc flu hosp,2026-04-18,quantile,0.4,18
2026-03-28,32,3,wk inc flu hosp,2026-04-18,quantile,0.45,19
2026-03-28,32,3,wk inc flu hosp,2026-04-18,quantile,0.5,21
2026-03-28,32,3,wk inc flu hosp,2026-04-18,quantile,0.55,23
2026-03-28,32,3,wk inc flu hosp,2026-04-18,quantile,0.6,27
2026-03-28,32,3,wk inc flu hosp,2026-04-18,quantile,0.65,29
2026-03-28,32,3,wk inc flu hosp,2026-04-18,quantile,0.7,34
2026-03-28,32,3,wk inc flu hosp,2026-04-18,quantile,0.75,36
2026-03-28,32,3,wk inc flu hosp,2026-04-18,quantile,0.8,39
2026-03-28,32,3,wk inc flu hosp,2026-04-18,quantile,0.85,44
2026-03-28,32,3,wk inc flu hosp,2026-04-18,quantile,0.9,53
2026-03-28,32,3,wk inc flu hosp,2026-04-18,quantile,0.95,63
2026-03-28,32,3,wk inc flu hosp,2026-04-18,quantile,0.975,75
2026-03-28,32,3,wk inc flu hosp,2026-04-18,quantile,0.99,93
2026-03-28,33,0,wk inc flu hosp,2026-03-28,quantile,0.01,3
2026-03-28,33,0,wk inc flu hosp,2026-03-28,quantile,0.025,6
2026-03-28,33,0,wk inc flu hosp,2026-03-28,quantile,0.05,7
2026-03-28,33,0,wk inc flu hosp,2026-03-28,quantile,0.1,9
2026-03-28,33,0,wk inc flu hosp,2026-03-28,quantile,0.15,11
2026-03-28,33,0,wk inc flu hosp,2026-03-28,quantile,0.2,12
2026-03-28,33,0,wk inc flu hosp,2026-03-28,quantile,0.25,14
2026-03-28,33,0,wk inc flu hosp,2026-03-28,quantile,0.3,15
2026-03-28,33,0,wk inc flu hosp,2026-03-28,quantile,0.35,16
2026-03-28,33,0,wk inc flu hosp,2026-03-28,quantile,0.4,17
2026-03-28,33,0,wk inc flu hosp,2026-03-28,quantile,0.45,19
2026-03-28,33,0,wk inc flu hosp,2026-03-28,quantile,0.5,21
2026-03-28,33,0,wk inc flu hosp,2026-03-28,quantile,0.55,22
2026-03-28,33,0,wk inc flu hosp,2026-03-28,quantile,0.6,23
2026-03-28,33,0,wk inc flu hosp,2026-03-28,quantile,0.65,25
2026-03-28,33,0,wk inc flu hosp,2026-03-28,quantile,0.7,26
2026-03-28,33,0,wk inc flu hosp,2026-03-28,quantile,0.75,28
2026-03-28,33,0,wk inc flu hosp,2026-03-28,quantile,0.8,30
2026-03-28,33,0,wk inc flu hosp,2026-03-28,quantile,0.85,32
2026-03-28,33,0,wk inc flu hosp,2026-03-28,quantile,0.9,35
2026-03-28,33,0,wk inc flu hosp,2026-03-28,quantile,0.95,40
2026-03-28,33,0,wk inc flu hosp,2026-03-28,quantile,0.975,45
2026-03-28,33,0,wk inc flu hosp,2026-03-28,quantile,0.99,53
2026-03-28,33,1,wk inc flu hosp,2026-04-04,quantile,0.01,2
2026-03-28,33,1,wk inc flu hosp,2026-04-04,quantile,0.025,3
2026-03-28,33,1,wk inc flu hosp,2026-04-04,quantile,0.05,4
2026-03-28,33,1,wk inc flu hosp,2026-04-04,quantile,0.1,6
2026-03-28,33,1,wk inc flu hosp,2026-04-04,quantile,0.15,7
2026-03-28,33,1,wk inc flu hosp,2026-04-04,quantile,0.2,8
2026-03-28,33,1,wk inc flu hosp,2026-04-04,quantile,0.25,10
2026-03-28,33,1,wk inc flu hosp,2026-04-04,quantile,0.3,11
2026-03-28,33,1,wk inc flu hosp,2026-04-04,quantile,0.35,12
2026-03-28,33,1,wk inc flu hosp,2026-04-04,quantile,0.4,13
2026-03-28,33,1,wk inc flu hosp,2026-04-04,quantile,0.45,15
2026-03-28,33,1,wk inc flu hosp,2026-04-04,quantile,0.5,17
2026-03-28,33,1,wk inc flu hosp,2026-04-04,quantile,0.55,19
2026-03-28,33,1,wk inc flu hosp,2026-04-04,quantile,0.6,20
2026-03-28,33,1,wk inc flu hosp,2026-04-04,quantile,0.65,21
2026-03-28,33,1,wk inc flu hosp,2026-04-04,quantile,0.7,23
2026-03-28,33,1,wk inc flu hosp,2026-04-04,quantile,0.75,25
2026-03-28,33,1,wk inc flu hosp,2026-04-04,quantile,0.8,27
2026-03-28,33,1,wk inc flu hosp,2026-04-04,quantile,0.85,30
2026-03-28,33,1,wk inc flu hosp,2026-04-04,quantile,0.9,33
2026-03-28,33,1,wk inc flu hosp,2026-04-04,quantile,0.95,41
2026-03-28,33,1,wk inc flu hosp,2026-04-04,quantile,0.975,50
2026-03-28,33,1,wk inc flu hosp,2026-04-04,quantile,0.99,59
2026-03-28,33,2,wk inc flu hosp,2026-04-11,quantile,0.01,1
2026-03-28,33,2,wk inc flu hosp,2026-04-11,quantile,0.025,1
2026-03-28,33,2,wk inc flu hosp,2026-04-11,quantile,0.05,2
2026-03-28,33,2,wk inc flu hosp,2026-04-11,quantile,0.1,3
2026-03-28,33,2,wk inc flu hosp,2026-04-11,quantile,0.15,4
2026-03-28,33,2,wk inc flu hosp,2026-04-11,quantile,0.2,5
2026-03-28,33,2,wk inc flu hosp,2026-04-11,quantile,0.25,7
2026-03-28,33,2,wk inc flu hosp,2026-04-11,quantile,0.3,8
2026-03-28,33,2,wk inc flu hosp,2026-04-11,quantile,0.35,9
2026-03-28,33,2,wk inc flu hosp,2026-04-11,quantile,0.4,11
2026-03-28,33,2,wk inc flu hosp,2026-04-11,quantile,0.45,12
2026-03-28,33,2,wk inc flu hosp,2026-04-11,quantile,0.5,14
2026-03-28,33,2,wk inc flu hosp,2026-04-11,quantile,0.55,15
2026-03-28,33,2,wk inc flu hosp,2026-04-11,quantile,0.6,17
2026-03-28,33,2,wk inc flu hosp,2026-04-11,quantile,0.65,19
2026-03-28,33,2,wk inc flu hosp,2026-04-11,quantile,0.7,20
2026-03-28,33,2,wk inc flu hosp,2026-04-11,quantile,0.75,22
2026-03-28,33,2,wk inc flu hosp,2026-04-11,quantile,0.8,24
2026-03-28,33,2,wk inc flu hosp,2026-04-11,quantile,0.85,27
2026-03-28,33,2,wk inc flu hosp,2026-04-11,quantile,0.9,32
2026-03-28,33,2,wk inc flu hosp,2026-04-11,quantile,0.95,40
2026-03-28,33,2,wk inc flu hosp,2026-04-11,quantile,0.975,48
2026-03-28,33,2,wk inc flu hosp,2026-04-11,quantile,0.99,61
2026-03-28,33,3,wk inc flu hosp,2026-04-18,quantile,0.01,0
2026-03-28,33,3,wk inc flu hosp,2026-04-18,quantile,0.025,1
2026-03-28,33,3,wk inc flu hosp,2026-04-18,quantile,0.05,1
2026-03-28,33,3,wk inc flu hosp,2026-04-18,quantile,0.1,2
2026-03-28,33,3,wk inc flu hosp,2026-04-18,quantile,0.15,3
2026-03-28,33,3,wk inc flu hosp,2026-04-18,quantile,0.2,4
2026-03-28,33,3,wk inc flu hosp,2026-04-18,quantile,0.25,5
2026-03-28,33,3,wk inc flu hosp,2026-04-18,quantile,0.3,6
2026-03-28,33,3,wk inc flu hosp,2026-04-18,quantile,0.35,8
2026-03-28,33,3,wk inc flu hosp,2026-04-18,quantile,0.4,9
2026-03-28,33,3,wk inc flu hosp,2026-04-18,quantile,0.45,10
2026-03-28,33,3,wk inc flu hosp,2026-04-18,quantile,0.5,12
2026-03-28,33,3,wk inc flu hosp,2026-04-18,quantile,0.55,13
2026-03-28,33,3,wk inc flu hosp,2026-04-18,quantile,0.6,14
2026-03-28,33,3,wk inc flu hosp,2026-04-18,quantile,0.65,16
2026-03-28,33,3,wk inc flu hosp,2026-04-18,quantile,0.7,18
2026-03-28,33,3,wk inc flu hosp,2026-04-18,quantile,0.75,20
2026-03-28,33,3,wk inc flu hosp,2026-04-18,quantile,0.8,22
2026-03-28,33,3,wk inc flu hosp,2026-04-18,quantile,0.85,26
2026-03-28,33,3,wk inc flu hosp,2026-04-18,quantile,0.9,32
2026-03-28,33,3,wk inc flu hosp,2026-04-18,quantile,0.95,40
2026-03-28,33,3,wk inc flu hosp,2026-04-18,quantile,0.975,51
2026-03-28,33,3,wk inc flu hosp,2026-04-18,quantile,0.99,66
2026-03-28,34,0,wk inc flu hosp,2026-03-28,quantile,0.01,49
2026-03-28,34,0,wk inc flu hosp,2026-03-28,quantile,0.025,59
2026-03-28,34,0,wk inc flu hosp,2026-03-28,quantile,0.05,69
2026-03-28,34,0,wk inc flu hosp,2026-03-28,quantile,0.1,83
2026-03-28,34,0,wk inc flu hosp,2026-03-28,quantile,0.15,94
2026-03-28,34,0,wk inc flu hosp,2026-03-28,quantile,0.2,103
2026-03-28,34,0,wk inc flu hosp,2026-03-28,quantile,0.25,108
2026-03-28,34,0,wk inc flu hosp,2026-03-28,quantile,0.3,115
2026-03-28,34,0,wk inc flu hosp,2026-03-28,quantile,0.35,120
2026-03-28,34,0,wk inc flu hosp,2026-03-28,quantile,0.4,128
2026-03-28,34,0,wk inc flu hosp,2026-03-28,quantile,0.45,134
2026-03-28,34,0,wk inc flu hosp,2026-03-28,quantile,0.5,139
2026-03-28,34,0,wk inc flu hosp,2026-03-28,quantile,0.55,147
2026-03-28,34,0,wk inc flu hosp,2026-03-28,quantile,0.6,153
2026-03-28,34,0,wk inc flu hosp,2026-03-28,quantile,0.65,160
2026-03-28,34,0,wk inc flu hosp,2026-03-28,quantile,0.7,165
2026-03-28,34,0,wk inc flu hosp,2026-03-28,quantile,0.75,173
2026-03-28,34,0,wk inc flu hosp,2026-03-28,quantile,0.8,181
2026-03-28,34,0,wk inc flu hosp,2026-03-28,quantile,0.85,189
2026-03-28,34,0,wk inc flu hosp,2026-03-28,quantile,0.9,208
2026-03-28,34,0,wk inc flu hosp,2026-03-28,quantile,0.95,242
2026-03-28,34,0,wk inc flu hosp,2026-03-28,quantile,0.975,267
2026-03-28,34,0,wk inc flu hosp,2026-03-28,quantile,0.99,291
2026-03-28,34,1,wk inc flu hosp,2026-04-04,quantile,0.01,26
2026-03-28,34,1,wk inc flu hosp,2026-04-04,quantile,0.025,36
2026-03-28,34,1,wk inc flu hosp,2026-04-04,quantile,0.05,47
2026-03-28,34,1,wk inc flu hosp,2026-04-04,quantile,0.1,56
2026-03-28,34,1,wk inc flu hosp,2026-04-04,quantile,0.15,66
2026-03-28,34,1,wk inc flu hosp,2026-04-04,quantile,0.2,75
2026-03-28,34,1,wk inc flu hosp,2026-04-04,quantile,0.25,82
2026-03-28,34,1,wk inc flu hosp,2026-04-04,quantile,0.3,89
2026-03-28,34,1,wk inc flu hosp,2026-04-04,quantile,0.35,95
2026-03-28,34,1,wk inc flu hosp,2026-04-04,quantile,0.4,101
2026-03-28,34,1,wk inc flu hosp,2026-04-04,quantile,0.45,107
2026-03-28,34,1,wk inc flu hosp,2026-04-04,quantile,0.5,119
2026-03-28,34,1,wk inc flu hosp,2026-04-04,quantile,0.55,126
2026-03-28,34,1,wk inc flu hosp,2026-04-04,quantile,0.6,135
2026-03-28,34,1,wk inc flu hosp,2026-04-04,quantile,0.65,147
2026-03-28,34,1,wk inc flu hosp,2026-04-04,quantile,0.7,158
2026-03-28,34,1,wk inc flu hosp,2026-04-04,quantile,0.75,168
2026-03-28,34,1,wk inc flu hosp,2026-04-04,quantile,0.8,179
2026-03-28,34,1,wk inc flu hosp,2026-04-04,quantile,0.85,191
2026-03-28,34,1,wk inc flu hosp,2026-04-04,quantile,0.9,215
2026-03-28,34,1,wk inc flu hosp,2026-04-04,quantile,0.95,241
2026-03-28,34,1,wk inc flu hosp,2026-04-04,quantile,0.975,280
2026-03-28,34,1,wk inc flu hosp,2026-04-04,quantile,0.99,342
2026-03-28,34,2,wk inc flu hosp,2026-04-11,quantile,0.01,20
2026-03-28,34,2,wk inc flu hosp,2026-04-11,quantile,0.025,24
2026-03-28,34,2,wk inc flu hosp,2026-04-11,quantile,0.05,32
2026-03-28,34,2,wk inc flu hosp,2026-04-11,quantile,0.1,43
2026-03-28,34,2,wk inc flu hosp,2026-04-11,quantile,0.15,51
2026-03-28,34,2,wk inc flu hosp,2026-04-11,quantile,0.2,56
2026-03-28,34,2,wk inc flu hosp,2026-04-11,quantile,0.25,62
2026-03-28,34,2,wk inc flu hosp,2026-04-11,quantile,0.3,68
2026-03-28,34,2,wk inc flu hosp,2026-04-11,quantile,0.35,76
2026-03-28,34,2,wk inc flu hosp,2026-04-11,quantile,0.4,82
2026-03-28,34,2,wk inc flu hosp,2026-04-11,quantile,0.45,92
2026-03-28,34,2,wk inc flu hosp,2026-04-11,quantile,0.5,104
2026-03-28,34,2,wk inc flu hosp,2026-04-11,quantile,0.55,113
2026-03-28,34,2,wk inc flu hosp,2026-04-11,quantile,0.6,122
2026-03-28,34,2,wk inc flu hosp,2026-04-11,quantile,0.65,136
2026-03-28,34,2,wk inc flu hosp,2026-04-11,quantile,0.7,148
2026-03-28,34,2,wk inc flu hosp,2026-04-11,quantile,0.75,160
2026-03-28,34,2,wk inc flu hosp,2026-04-11,quantile,0.8,170
2026-03-28,34,2,wk inc flu hosp,2026-04-11,quantile,0.85,191
2026-03-28,34,2,wk inc flu hosp,2026-04-11,quantile,0.9,214
2026-03-28,34,2,wk inc flu hosp,2026-04-11,quantile,0.95,254
2026-03-28,34,2,wk inc flu hosp,2026-04-11,quantile,0.975,297
2026-03-28,34,2,wk inc flu hosp,2026-04-11,quantile,0.99,367
2026-03-28,34,3,wk inc flu hosp,2026-04-18,quantile,0.01,14
2026-03-28,34,3,wk inc flu hosp,2026-04-18,quantile,0.025,19
2026-03-28,34,3,wk inc flu hosp,2026-04-18,quantile,0.05,25
2026-03-28,34,3,wk inc flu hosp,2026-04-18,quantile,0.1,35
2026-03-28,34,3,wk inc flu hosp,2026-04-18,quantile,0.15,40
2026-03-28,34,3,wk inc flu hosp,2026-04-18,quantile,0.2,45
2026-03-28,34,3,wk inc flu hosp,2026-04-18,quantile,0.25,48
2026-03-28,34,3,wk inc flu hosp,2026-04-18,quantile,0.3,54
2026-03-28,34,3,wk inc flu hosp,2026-04-18,quantile,0.35,62
2026-03-28,34,3,wk inc flu hosp,2026-04-18,quantile,0.4,71
2026-03-28,34,3,wk inc flu hosp,2026-04-18,quantile,0.45,80
2026-03-28,34,3,wk inc flu hosp,2026-04-18,quantile,0.5,90
2026-03-28,34,3,wk inc flu hosp,2026-04-18,quantile,0.55,98
2026-03-28,34,3,wk inc flu hosp,2026-04-18,quantile,0.6,107
2026-03-28,34,3,wk inc flu hosp,2026-04-18,quantile,0.65,120
2026-03-28,34,3,wk inc flu hosp,2026-04-18,quantile,0.7,138
2026-03-28,34,3,wk inc flu hosp,2026-04-18,quantile,0.75,149
2026-03-28,34,3,wk inc flu hosp,2026-04-18,quantile,0.8,160
2026-03-28,34,3,wk inc flu hosp,2026-04-18,quantile,0.85,177
2026-03-28,34,3,wk inc flu hosp,2026-04-18,quantile,0.9,212
2026-03-28,34,3,wk inc flu hosp,2026-04-18,quantile,0.95,247
2026-03-28,34,3,wk inc flu hosp,2026-04-18,quantile,0.975,307
2026-03-28,34,3,wk inc flu hosp,2026-04-18,quantile,0.99,388
2026-03-28,35,0,wk inc flu hosp,2026-03-28,quantile,0.01,9
2026-03-28,35,0,wk inc flu hosp,2026-03-28,quantile,0.025,11
2026-03-28,35,0,wk inc flu hosp,2026-03-28,quantile,0.05,14
2026-03-28,35,0,wk inc flu hosp,2026-03-28,quantile,0.1,19
2026-03-28,35,0,wk inc flu hosp,2026-03-28,quantile,0.15,20
2026-03-28,35,0,wk inc flu hosp,2026-03-28,quantile,0.2,23
2026-03-28,35,0,wk inc flu hosp,2026-03-28,quantile,0.25,25
2026-03-28,35,0,wk inc flu hosp,2026-03-28,quantile,0.3,28
2026-03-28,35,0,wk inc flu hosp,2026-03-28,quantile,0.35,29
2026-03-28,35,0,wk inc flu hosp,2026-03-28,quantile,0.4,31
2026-03-28,35,0,wk inc flu hosp,2026-03-28,quantile,0.45,35
2026-03-28,35,0,wk inc flu hosp,2026-03-28,quantile,0.5,38
2026-03-28,35,0,wk inc flu hosp,2026-03-28,quantile,0.55,40
2026-03-28,35,0,wk inc flu hosp,2026-03-28,quantile,0.6,42
2026-03-28,35,0,wk inc flu hosp,2026-03-28,quantile,0.65,44
2026-03-28,35,0,wk inc flu hosp,2026-03-28,quantile,0.7,46
2026-03-28,35,0,wk inc flu hosp,2026-03-28,quantile,0.75,47
2026-03-28,35,0,wk inc flu hosp,2026-03-28,quantile,0.8,50
2026-03-28,35,0,wk inc flu hosp,2026-03-28,quantile,0.85,53
2026-03-28,35,0,wk inc flu hosp,2026-03-28,quantile,0.9,59
2026-03-28,35,0,wk inc flu hosp,2026-03-28,quantile,0.95,68
2026-03-28,35,0,wk inc flu hosp,2026-03-28,quantile,0.975,76
2026-03-28,35,0,wk inc flu hosp,2026-03-28,quantile,0.99,84
2026-03-28,35,1,wk inc flu hosp,2026-04-04,quantile,0.01,4
2026-03-28,35,1,wk inc flu hosp,2026-04-04,quantile,0.025,6
2026-03-28,35,1,wk inc flu hosp,2026-04-04,quantile,0.05,8
2026-03-28,35,1,wk inc flu hosp,2026-04-04,quantile,0.1,12
2026-03-28,35,1,wk inc flu hosp,2026-04-04,quantile,0.15,14
2026-03-28,35,1,wk inc flu hosp,2026-04-04,quantile,0.2,16
2026-03-28,35,1,wk inc flu hosp,2026-04-04,quantile,0.25,18
2026-03-28,35,1,wk inc flu hosp,2026-04-04,quantile,0.3,20
2026-03-28,35,1,wk inc flu hosp,2026-04-04,quantile,0.35,22
2026-03-28,35,1,wk inc flu hosp,2026-04-04,quantile,0.4,26
2026-03-28,35,1,wk inc flu hosp,2026-04-04,quantile,0.45,28
2026-03-28,35,1,wk inc flu hosp,2026-04-04,quantile,0.5,32
2026-03-28,35,1,wk inc flu hosp,2026-04-04,quantile,0.55,33
2026-03-28,35,1,wk inc flu hosp,2026-04-04,quantile,0.6,36
2026-03-28,35,1,wk inc flu hosp,2026-04-04,quantile,0.65,39
2026-03-28,35,1,wk inc flu hosp,2026-04-04,quantile,0.7,42
2026-03-28,35,1,wk inc flu hosp,2026-04-04,quantile,0.75,45
2026-03-28,35,1,wk inc flu hosp,2026-04-04,quantile,0.8,48
2026-03-28,35,1,wk inc flu hosp,2026-04-04,quantile,0.85,52
2026-03-28,35,1,wk inc flu hosp,2026-04-04,quantile,0.9,59
2026-03-28,35,1,wk inc flu hosp,2026-04-04,quantile,0.95,69
2026-03-28,35,1,wk inc flu hosp,2026-04-04,quantile,0.975,81
2026-03-28,35,1,wk inc flu hosp,2026-04-04,quantile,0.99,94
2026-03-28,35,2,wk inc flu hosp,2026-04-11,quantile,0.01,3
2026-03-28,35,2,wk inc flu hosp,2026-04-11,quantile,0.025,3
2026-03-28,35,2,wk inc flu hosp,2026-04-11,quantile,0.05,6
2026-03-28,35,2,wk inc flu hosp,2026-04-11,quantile,0.1,8
2026-03-28,35,2,wk inc flu hosp,2026-04-11,quantile,0.15,10
2026-03-28,35,2,wk inc flu hosp,2026-04-11,quantile,0.2,12
2026-03-28,35,2,wk inc flu hosp,2026-04-11,quantile,0.25,14
2026-03-28,35,2,wk inc flu hosp,2026-04-11,quantile,0.3,15
2026-03-28,35,2,wk inc flu hosp,2026-04-11,quantile,0.35,16
2026-03-28,35,2,wk inc flu hosp,2026-04-11,quantile,0.4,19
2026-03-28,35,2,wk inc flu hosp,2026-04-11,quantile,0.45,22
2026-03-28,35,2,wk inc flu hosp,2026-04-11,quantile,0.5,25
2026-03-28,35,2,wk inc flu hosp,2026-04-11,quantile,0.55,28
2026-03-28,35,2,wk inc flu hosp,2026-04-11,quantile,0.6,32
2026-03-28,35,2,wk inc flu hosp,2026-04-11,quantile,0.65,34
2026-03-28,35,2,wk inc flu hosp,2026-04-11,quantile,0.7,37
2026-03-28,35,2,wk inc flu hosp,2026-04-11,quantile,0.75,40
2026-03-28,35,2,wk inc flu hosp,2026-04-11,quantile,0.8,44
2026-03-28,35,2,wk inc flu hosp,2026-04-11,quantile,0.85,49
2026-03-28,35,2,wk inc flu hosp,2026-04-11,quantile,0.9,56
2026-03-28,35,2,wk inc flu hosp,2026-04-11,quantile,0.95,68
2026-03-28,35,2,wk inc flu hosp,2026-04-11,quantile,0.975,78
2026-03-28,35,2,wk inc flu hosp,2026-04-11,quantile,0.99,98
2026-03-28,35,3,wk inc flu hosp,2026-04-18,quantile,0.01,1
2026-03-28,35,3,wk inc flu hosp,2026-04-18,quantile,0.025,2
2026-03-28,35,3,wk inc flu hosp,2026-04-18,quantile,0.05,3
2026-03-28,35,3,wk inc flu hosp,2026-04-18,quantile,0.1,5
2026-03-28,35,3,wk inc flu hosp,2026-04-18,quantile,0.15,7
2026-03-28,35,3,wk inc flu hosp,2026-04-18,quantile,0.2,9
2026-03-28,35,3,wk inc flu hosp,2026-04-18,quantile,0.25,12
2026-03-28,35,3,wk inc flu hosp,2026-04-18,quantile,0.3,14
2026-03-28,35,3,wk inc flu hosp,2026-04-18,quantile,0.35,14
2026-03-28,35,3,wk inc flu hosp,2026-04-18,quantile,0.4,18
2026-03-28,35,3,wk inc flu hosp,2026-04-18,quantile,0.45,20
2026-03-28,35,3,wk inc flu hosp,2026-04-18,quantile,0.5,22
2026-03-28,35,3,wk inc flu hosp,2026-04-18,quantile,0.55,25
2026-03-28,35,3,wk inc flu hosp,2026-04-18,quantile,0.6,28
2026-03-28,35,3,wk inc flu hosp,2026-04-18,quantile,0.65,31
2026-03-28,35,3,wk inc flu hosp,2026-04-18,quantile,0.7,34
2026-03-28,35,3,wk inc flu hosp,2026-04-18,quantile,0.75,37
2026-03-28,35,3,wk inc flu hosp,2026-04-18,quantile,0.8,40
2026-03-28,35,3,wk inc flu hosp,2026-04-18,quantile,0.85,46
2026-03-28,35,3,wk inc flu hosp,2026-04-18,quantile,0.9,52
2026-03-28,35,3,wk inc flu hosp,2026-04-18,quantile,0.95,63
2026-03-28,35,3,wk inc flu hosp,2026-04-18,quantile,0.975,78
2026-03-28,35,3,wk inc flu hosp,2026-04-18,quantile,0.99,96
2026-03-28,36,0,wk inc flu hosp,2026-03-28,quantile,0.01,64
2026-03-28,36,0,wk inc flu hosp,2026-03-28,quantile,0.025,84
2026-03-28,36,0,wk inc flu hosp,2026-03-28,quantile,0.05,99
2026-03-28,36,0,wk inc flu hosp,2026-03-28,quantile,0.1,117
2026-03-28,36,0,wk inc flu hosp,2026-03-28,quantile,0.15,136
2026-03-28,36,0,wk inc flu hosp,2026-03-28,quantile,0.2,148
2026-03-28,36,0,wk inc flu hosp,2026-03-28,quantile,0.25,163
2026-03-28,36,0,wk inc flu hosp,2026-03-28,quantile,0.3,173
2026-03-28,36,0,wk inc flu hosp,2026-03-28,quantile,0.35,183
2026-03-28,36,0,wk inc flu hosp,2026-03-28,quantile,0.4,194
2026-03-28,36,0,wk inc flu hosp,2026-03-28,quantile,0.45,205
2026-03-28,36,0,wk inc flu hosp,2026-03-28,quantile,0.5,219
2026-03-28,36,0,wk inc flu hosp,2026-03-28,quantile,0.55,229
2026-03-28,36,0,wk inc flu hosp,2026-03-28,quantile,0.6,237
2026-03-28,36,0,wk inc flu hosp,2026-03-28,quantile,0.65,250
2026-03-28,36,0,wk inc flu hosp,2026-03-28,quantile,0.7,258
2026-03-28,36,0,wk inc flu hosp,2026-03-28,quantile,0.75,265
2026-03-28,36,0,wk inc flu hosp,2026-03-28,quantile,0.8,281
2026-03-28,36,0,wk inc flu hosp,2026-03-28,quantile,0.85,303
2026-03-28,36,0,wk inc flu hosp,2026-03-28,quantile,0.9,332
2026-03-28,36,0,wk inc flu hosp,2026-03-28,quantile,0.95,375
2026-03-28,36,0,wk inc flu hosp,2026-03-28,quantile,0.975,415
2026-03-28,36,0,wk inc flu hosp,2026-03-28,quantile,0.99,476
2026-03-28,36,1,wk inc flu hosp,2026-04-04,quantile,0.01,38
2026-03-28,36,1,wk inc flu hosp,2026-04-04,quantile,0.025,51
2026-03-28,36,1,wk inc flu hosp,2026-04-04,quantile,0.05,62
2026-03-28,36,1,wk inc flu hosp,2026-04-04,quantile,0.1,78
2026-03-28,36,1,wk inc flu hosp,2026-04-04,quantile,0.15,87
2026-03-28,36,1,wk inc flu hosp,2026-04-04,quantile,0.2,103
2026-03-28,36,1,wk inc flu hosp,2026-04-04,quantile,0.25,120
2026-03-28,36,1,wk inc flu hosp,2026-04-04,quantile,0.3,129
2026-03-28,36,1,wk inc flu hosp,2026-04-04,quantile,0.35,141
2026-03-28,36,1,wk inc flu hosp,2026-04-04,quantile,0.4,161
2026-03-28,36,1,wk inc flu hosp,2026-04-04,quantile,0.45,177
2026-03-28,36,1,wk inc flu hosp,2026-04-04,quantile,0.5,191
2026-03-28,36,1,wk inc flu hosp,2026-04-04,quantile,0.55,203
2026-03-28,36,1,wk inc flu hosp,2026-04-04,quantile,0.6,210
2026-03-28,36,1,wk inc flu hosp,2026-04-04,quantile,0.65,224
2026-03-28,36,1,wk inc flu hosp,2026-04-04,quantile,0.7,239
2026-03-28,36,1,wk inc flu hosp,2026-04-04,quantile,0.75,255
2026-03-28,36,1,wk inc flu hosp,2026-04-04,quantile,0.8,278
2026-03-28,36,1,wk inc flu hosp,2026-04-04,quantile,0.85,292
2026-03-28,36,1,wk inc flu hosp,2026-04-04,quantile,0.9,321
2026-03-28,36,1,wk inc flu hosp,2026-04-04,quantile,0.95,379
2026-03-28,36,1,wk inc flu hosp,2026-04-04,quantile,0.975,431
2026-03-28,36,1,wk inc flu hosp,2026-04-04,quantile,0.99,534
2026-03-28,36,2,wk inc flu hosp,2026-04-11,quantile,0.01,24
2026-03-28,36,2,wk inc flu hosp,2026-04-11,quantile,0.025,32
2026-03-28,36,2,wk inc flu hosp,2026-04-11,quantile,0.05,51
2026-03-28,36,2,wk inc flu hosp,2026-04-11,quantile,0.1,65
2026-03-28,36,2,wk inc flu hosp,2026-04-11,quantile,0.15,73
2026-03-28,36,2,wk inc flu hosp,2026-04-11,quantile,0.2,81
2026-03-28,36,2,wk inc flu hosp,2026-04-11,quantile,0.25,103
2026-03-28,36,2,wk inc flu hosp,2026-04-11,quantile,0.3,112
2026-03-28,36,2,wk inc flu hosp,2026-04-11,quantile,0.35,131
2026-03-28,36,2,wk inc flu hosp,2026-04-11,quantile,0.4,143
2026-03-28,36,2,wk inc flu hosp,2026-04-11,quantile,0.45,159
2026-03-28,36,2,wk inc flu hosp,2026-04-11,quantile,0.5,172
2026-03-28,36,2,wk inc flu hosp,2026-04-11,quantile,0.55,185
2026-03-28,36,2,wk inc flu hosp,2026-04-11,quantile,0.6,197
2026-03-28,36,2,wk inc flu hosp,2026-04-11,quantile,0.65,213
2026-03-28,36,2,wk inc flu hosp,2026-04-11,quantile,0.7,231
2026-03-28,36,2,wk inc flu hosp,2026-04-11,quantile,0.75,255
2026-03-28,36,2,wk inc flu hosp,2026-04-11,quantile,0.8,280
2026-03-28,36,2,wk inc flu hosp,2026-04-11,quantile,0.85,304
2026-03-28,36,2,wk inc flu hosp,2026-04-11,quantile,0.9,346
2026-03-28,36,2,wk inc flu hosp,2026-04-11,quantile,0.95,406
2026-03-28,36,2,wk inc flu hosp,2026-04-11,quantile,0.975,472
2026-03-28,36,2,wk inc flu hosp,2026-04-11,quantile,0.99,552
2026-03-28,36,3,wk inc flu hosp,2026-04-18,quantile,0.01,15
2026-03-28,36,3,wk inc flu hosp,2026-04-18,quantile,0.025,21
2026-03-28,36,3,wk inc flu hosp,2026-04-18,quantile,0.05,33
2026-03-28,36,3,wk inc flu hosp,2026-04-18,quantile,0.1,46
2026-03-28,36,3,wk inc flu hosp,2026-04-18,quantile,0.15,56
2026-03-28,36,3,wk inc flu hosp,2026-04-18,quantile,0.2,63
2026-03-28,36,3,wk inc flu hosp,2026-04-18,quantile,0.25,84
2026-03-28,36,3,wk inc flu hosp,2026-04-18,quantile,0.3,101
2026-03-28,36,3,wk inc flu hosp,2026-04-18,quantile,0.35,111
2026-03-28,36,3,wk inc flu hosp,2026-04-18,quantile,0.4,123
2026-03-28,36,3,wk inc flu hosp,2026-04-18,quantile,0.45,137
2026-03-28,36,3,wk inc flu hosp,2026-04-18,quantile,0.5,151
2026-03-28,36,3,wk inc flu hosp,2026-04-18,quantile,0.55,163
2026-03-28,36,3,wk inc flu hosp,2026-04-18,quantile,0.6,177
2026-03-28,36,3,wk inc flu hosp,2026-04-18,quantile,0.65,196
2026-03-28,36,3,wk inc flu hosp,2026-04-18,quantile,0.7,218
2026-03-28,36,3,wk inc flu hosp,2026-04-18,quantile,0.75,244
2026-03-28,36,3,wk inc flu hosp,2026-04-18,quantile,0.8,282
2026-03-28,36,3,wk inc flu hosp,2026-04-18,quantile,0.85,306
2026-03-28,36,3,wk inc flu hosp,2026-04-18,quantile,0.9,350
2026-03-28,36,3,wk inc flu hosp,2026-04-18,quantile,0.95,460
2026-03-28,36,3,wk inc flu hosp,2026-04-18,quantile,0.975,579
2026-03-28,36,3,wk inc flu hosp,2026-04-18,quantile,0.99,686
2026-03-28,37,0,wk inc flu hosp,2026-03-28,quantile,0.01,14
2026-03-28,37,0,wk inc flu hosp,2026-03-28,quantile,0.025,18
2026-03-28,37,0,wk inc flu hosp,2026-03-28,quantile,0.05,23
2026-03-28,37,0,wk inc flu hosp,2026-03-28,quantile,0.1,29
2026-03-28,37,0,wk inc flu hosp,2026-03-28,quantile,0.15,34
2026-03-28,37,0,wk inc flu hosp,2026-03-28,quantile,0.2,42
2026-03-28,37,0,wk inc flu hosp,2026-03-28,quantile,0.25,46
2026-03-28,37,0,wk inc flu hosp,2026-03-28,quantile,0.3,51
2026-03-28,37,0,wk inc flu hosp,2026-03-28,quantile,0.35,54
2026-03-28,37,0,wk inc flu hosp,2026-03-28,quantile,0.4,58
2026-03-28,37,0,wk inc flu hosp,2026-03-28,quantile,0.45,61
2026-03-28,37,0,wk inc flu hosp,2026-03-28,quantile,0.5,67
2026-03-28,37,0,wk inc flu hosp,2026-03-28,quantile,0.55,73
2026-03-28,37,0,wk inc flu hosp,2026-03-28,quantile,0.6,75
2026-03-28,37,0,wk inc flu hosp,2026-03-28,quantile,0.65,80
2026-03-28,37,0,wk inc flu hosp,2026-03-28,quantile,0.7,84
2026-03-28,37,0,wk inc flu hosp,2026-03-28,quantile,0.75,90
2026-03-28,37,0,wk inc flu hosp,2026-03-28,quantile,0.8,98
2026-03-28,37,0,wk inc flu hosp,2026-03-28,quantile,0.85,107
2026-03-28,37,0,wk inc flu hosp,2026-03-28,quantile,0.9,119
2026-03-28,37,0,wk inc flu hosp,2026-03-28,quantile,0.95,141
2026-03-28,37,0,wk inc flu hosp,2026-03-28,quantile,0.975,169
2026-03-28,37,0,wk inc flu hosp,2026-03-28,quantile,0.99,197
2026-03-28,37,1,wk inc flu hosp,2026-04-04,quantile,0.01,7
2026-03-28,37,1,wk inc flu hosp,2026-04-04,quantile,0.025,11
2026-03-28,37,1,wk inc flu hosp,2026-04-04,quantile,0.05,13
2026-03-28,37,1,wk inc flu hosp,2026-04-04,quantile,0.1,20
2026-03-28,37,1,wk inc flu hosp,2026-04-04,quantile,0.15,24
2026-03-28,37,1,wk inc flu hosp,2026-04-04,quantile,0.2,29
2026-03-28,37,1,wk inc flu hosp,2026-04-04,quantile,0.25,34
2026-03-28,37,1,wk inc flu hosp,2026-04-04,quantile,0.3,35
2026-03-28,37,1,wk inc flu hosp,2026-04-04,quantile,0.35,40
2026-03-28,37,1,wk inc flu hosp,2026-04-04,quantile,0.4,43
2026-03-28,37,1,wk inc flu hosp,2026-04-04,quantile,0.45,49
2026-03-28,37,1,wk inc flu hosp,2026-04-04,quantile,0.5,56
2026-03-28,37,1,wk inc flu hosp,2026-04-04,quantile,0.55,58
2026-03-28,37,1,wk inc flu hosp,2026-04-04,quantile,0.6,61
2026-03-28,37,1,wk inc flu hosp,2026-04-04,quantile,0.65,67
2026-03-28,37,1,wk inc flu hosp,2026-04-04,quantile,0.7,74
2026-03-28,37,1,wk inc flu hosp,2026-04-04,quantile,0.75,84
2026-03-28,37,1,wk inc flu hosp,2026-04-04,quantile,0.8,91
2026-03-28,37,1,wk inc flu hosp,2026-04-04,quantile,0.85,101
2026-03-28,37,1,wk inc flu hosp,2026-04-04,quantile,0.9,119
2026-03-28,37,1,wk inc flu hosp,2026-04-04,quantile,0.95,144
2026-03-28,37,1,wk inc flu hosp,2026-04-04,quantile,0.975,195
2026-03-28,37,1,wk inc flu hosp,2026-04-04,quantile,0.99,253
2026-03-28,37,2,wk inc flu hosp,2026-04-11,quantile,0.01,1
2026-03-28,37,2,wk inc flu hosp,2026-04-11,quantile,0.025,5
2026-03-28,37,2,wk inc flu hosp,2026-04-11,quantile,0.05,7
2026-03-28,37,2,wk inc flu hosp,2026-04-11,quantile,0.1,14
2026-03-28,37,2,wk inc flu hosp,2026-04-11,quantile,0.15,19
2026-03-28,37,2,wk inc flu hosp,2026-04-11,quantile,0.2,23
2026-03-28,37,2,wk inc flu hosp,2026-04-11,quantile,0.25,26
2026-03-28,37,2,wk inc flu hosp,2026-04-11,quantile,0.3,27
2026-03-28,37,2,wk inc flu hosp,2026-04-11,quantile,0.35,29
2026-03-28,37,2,wk inc flu hosp,2026-04-11,quantile,0.4,34
2026-03-28,37,2,wk inc flu hosp,2026-04-11,quantile,0.45,41
2026-03-28,37,2,wk inc flu hosp,2026-04-11,quantile,0.5,46
2026-03-28,37,2,wk inc flu hosp,2026-04-11,quantile,0.55,48
2026-03-28,37,2,wk inc flu hosp,2026-04-11,quantile,0.6,49
2026-03-28,37,2,wk inc flu hosp,2026-04-11,quantile,0.65,62
2026-03-28,37,2,wk inc flu hosp,2026-04-11,quantile,0.7,67
2026-03-28,37,2,wk inc flu hosp,2026-04-11,quantile,0.75,74
2026-03-28,37,2,wk inc flu hosp,2026-04-11,quantile,0.8,84
2026-03-28,37,2,wk inc flu hosp,2026-04-11,quantile,0.85,104
2026-03-28,37,2,wk inc flu hosp,2026-04-11,quantile,0.9,129
2026-03-28,37,2,wk inc flu hosp,2026-04-11,quantile,0.95,166
2026-03-28,37,2,wk inc flu hosp,2026-04-11,quantile,0.975,200
2026-03-28,37,2,wk inc flu hosp,2026-04-11,quantile,0.99,253
2026-03-28,37,3,wk inc flu hosp,2026-04-18,quantile,0.01,0
2026-03-28,37,3,wk inc flu hosp,2026-04-18,quantile,0.025,2
2026-03-28,37,3,wk inc flu hosp,2026-04-18,quantile,0.05,3
2026-03-28,37,3,wk inc flu hosp,2026-04-18,quantile,0.1,8
2026-03-28,37,3,wk inc flu hosp,2026-04-18,quantile,0.15,11
2026-03-28,37,3,wk inc flu hosp,2026-04-18,quantile,0.2,15
2026-03-28,37,3,wk inc flu hosp,2026-04-18,quantile,0.25,18
2026-03-28,37,3,wk inc flu hosp,2026-04-18,quantile,0.3,20
2026-03-28,37,3,wk inc flu hosp,2026-04-18,quantile,0.35,23
2026-03-28,37,3,wk inc flu hosp,2026-04-18,quantile,0.4,26
2026-03-28,37,3,wk inc flu hosp,2026-04-18,quantile,0.45,29
2026-03-28,37,3,wk inc flu hosp,2026-04-18,quantile,0.5,34
2026-03-28,37,3,wk inc flu hosp,2026-04-18,quantile,0.55,38
2026-03-28,37,3,wk inc flu hosp,2026-04-18,quantile,0.6,41
2026-03-28,37,3,wk inc flu hosp,2026-04-18,quantile,0.65,52
2026-03-28,37,3,wk inc flu hosp,2026-04-18,quantile,0.7,58
2026-03-28,37,3,wk inc flu hosp,2026-04-18,quantile,0.75,62
2026-03-28,37,3,wk inc flu hosp,2026-04-18,quantile,0.8,74
2026-03-28,37,3,wk inc flu hosp,2026-04-18,quantile,0.85,93
2026-03-28,37,3,wk inc flu hosp,2026-04-18,quantile,0.9,113
2026-03-28,37,3,wk inc flu hosp,2026-04-18,quantile,0.95,141
2026-03-28,37,3,wk inc flu hosp,2026-04-18,quantile,0.975,188
2026-03-28,37,3,wk inc flu hosp,2026-04-18,quantile,0.99,263
2026-03-28,38,0,wk inc flu hosp,2026-03-28,quantile,0.01,5
2026-03-28,38,0,wk inc flu hosp,2026-03-28,quantile,0.025,6
2026-03-28,38,0,wk inc flu hosp,2026-03-28,quantile,0.05,8
2026-03-28,38,0,wk inc flu hosp,2026-03-28,quantile,0.1,9
2026-03-28,38,0,wk inc flu hosp,2026-03-28,quantile,0.15,11
2026-03-28,38,0,wk inc flu hosp,2026-03-28,quantile,0.2,13
2026-03-28,38,0,wk inc flu hosp,2026-03-28,quantile,0.25,13
2026-03-28,38,0,wk inc flu hosp,2026-03-28,quantile,0.3,15
2026-03-28,38,0,wk inc flu hosp,2026-03-28,quantile,0.35,16
2026-03-28,38,0,wk inc flu hosp,2026-03-28,quantile,0.4,18
2026-03-28,38,0,wk inc flu hosp,2026-03-28,quantile,0.45,19
2026-03-28,38,0,wk inc flu hosp,2026-03-28,quantile,0.5,20
2026-03-28,38,0,wk inc flu hosp,2026-03-28,quantile,0.55,22
2026-03-28,38,0,wk inc flu hosp,2026-03-28,quantile,0.6,23
2026-03-28,38,0,wk inc flu hosp,2026-03-28,quantile,0.65,24
2026-03-28,38,0,wk inc flu hosp,2026-03-28,quantile,0.7,25
2026-03-28,38,0,wk inc flu hosp,2026-03-28,quantile,0.75,26
2026-03-28,38,0,wk inc flu hosp,2026-03-28,quantile,0.8,28
2026-03-28,38,0,wk inc flu hosp,2026-03-28,quantile,0.85,30
2026-03-28,38,0,wk inc flu hosp,2026-03-28,quantile,0.9,32
2026-03-28,38,0,wk inc flu hosp,2026-03-28,quantile,0.95,36
2026-03-28,38,0,wk inc flu hosp,2026-03-28,quantile,0.975,40
2026-03-28,38,0,wk inc flu hosp,2026-03-28,quantile,0.99,43
2026-03-28,38,1,wk inc flu hosp,2026-04-04,quantile,0.01,3
2026-03-28,38,1,wk inc flu hosp,2026-04-04,quantile,0.025,3
2026-03-28,38,1,wk inc flu hosp,2026-04-04,quantile,0.05,5
2026-03-28,38,1,wk inc flu hosp,2026-04-04,quantile,0.1,7
2026-03-28,38,1,wk inc flu hosp,2026-04-04,quantile,0.15,8
2026-03-28,38,1,wk inc flu hosp,2026-04-04,quantile,0.2,8
2026-03-28,38,1,wk inc flu hosp,2026-04-04,quantile,0.25,10
2026-03-28,38,1,wk inc flu hosp,2026-04-04,quantile,0.3,11
2026-03-28,38,1,wk inc flu hosp,2026-04-04,quantile,0.35,13
2026-03-28,38,1,wk inc flu hosp,2026-04-04,quantile,0.4,14
2026-03-28,38,1,wk inc flu hosp,2026-04-04,quantile,0.45,16
2026-03-28,38,1,wk inc flu hosp,2026-04-04,quantile,0.5,18
2026-03-28,38,1,wk inc flu hosp,2026-04-04,quantile,0.55,19
2026-03-28,38,1,wk inc flu hosp,2026-04-04,quantile,0.6,20
2026-03-28,38,1,wk inc flu hosp,2026-04-04,quantile,0.65,22
2026-03-28,38,1,wk inc flu hosp,2026-04-04,quantile,0.7,23
2026-03-28,38,1,wk inc flu hosp,2026-04-04,quantile,0.75,25
2026-03-28,38,1,wk inc flu hosp,2026-04-04,quantile,0.8,27
2026-03-28,38,1,wk inc flu hosp,2026-04-04,quantile,0.85,30
2026-03-28,38,1,wk inc flu hosp,2026-04-04,quantile,0.9,33
2026-03-28,38,1,wk inc flu hosp,2026-04-04,quantile,0.95,38
2026-03-28,38,1,wk inc flu hosp,2026-04-04,quantile,0.975,42
2026-03-28,38,1,wk inc flu hosp,2026-04-04,quantile,0.99,47
2026-03-28,38,2,wk inc flu hosp,2026-04-11,quantile,0.01,1
2026-03-28,38,2,wk inc flu hosp,2026-04-11,quantile,0.025,2
2026-03-28,38,2,wk inc flu hosp,2026-04-11,quantile,0.05,3
2026-03-28,38,2,wk inc flu hosp,2026-04-11,quantile,0.1,4
2026-03-28,38,2,wk inc flu hosp,2026-04-11,quantile,0.15,5
2026-03-28,38,2,wk inc flu hosp,2026-04-11,quantile,0.2,6
2026-03-28,38,2,wk inc flu hosp,2026-04-11,quantile,0.25,7
2026-03-28,38,2,wk inc flu hosp,2026-04-11,quantile,0.3,9
2026-03-28,38,2,wk inc flu hosp,2026-04-11,quantile,0.35,10
2026-03-28,38,2,wk inc flu hosp,2026-04-11,quantile,0.4,12
2026-03-28,38,2,wk inc flu hosp,2026-04-11,quantile,0.45,14
2026-03-28,38,2,wk inc flu hosp,2026-04-11,quantile,0.5,15
2026-03-28,38,2,wk inc flu hosp,2026-04-11,quantile,0.55,16
2026-03-28,38,2,wk inc flu hosp,2026-04-11,quantile,0.6,17
2026-03-28,38,2,wk inc flu hosp,2026-04-11,quantile,0.65,20
2026-03-28,38,2,wk inc flu hosp,2026-04-11,quantile,0.7,21
2026-03-28,38,2,wk inc flu hosp,2026-04-11,quantile,0.75,23
2026-03-28,38,2,wk inc flu hosp,2026-04-11,quantile,0.8,25
2026-03-28,38,2,wk inc flu hosp,2026-04-11,quantile,0.85,27
2026-03-28,38,2,wk inc flu hosp,2026-04-11,quantile,0.9,31
2026-03-28,38,2,wk inc flu hosp,2026-04-11,quantile,0.95,37
2026-03-28,38,2,wk inc flu hosp,2026-04-11,quantile,0.975,41
2026-03-28,38,2,wk inc flu hosp,2026-04-11,quantile,0.99,50
2026-03-28,38,3,wk inc flu hosp,2026-04-18,quantile,0.01,0
2026-03-28,38,3,wk inc flu hosp,2026-04-18,quantile,0.025,1
2026-03-28,38,3,wk inc flu hosp,2026-04-18,quantile,0.05,2
2026-03-28,38,3,wk inc flu hosp,2026-04-18,quantile,0.1,3
2026-03-28,38,3,wk inc flu hosp,2026-04-18,quantile,0.15,3
2026-03-28,38,3,wk inc flu hosp,2026-04-18,quantile,0.2,4
2026-03-28,38,3,wk inc flu hosp,2026-04-18,quantile,0.25,5
2026-03-28,38,3,wk inc flu hosp,2026-04-18,quantile,0.3,6
2026-03-28,38,3,wk inc flu hosp,2026-04-18,quantile,0.35,9
2026-03-28,38,3,wk inc flu hosp,2026-04-18,quantile,0.4,10
2026-03-28,38,3,wk inc flu hosp,2026-04-18,quantile,0.45,12
2026-03-28,38,3,wk inc flu hosp,2026-04-18,quantile,0.5,14
2026-03-28,38,3,wk inc flu hosp,2026-04-18,quantile,0.55,14
2026-03-28,38,3,wk inc flu hosp,2026-04-18,quantile,0.6,16
2026-03-28,38,3,wk inc flu hosp,2026-04-18,quantile,0.65,18
2026-03-28,38,3,wk inc flu hosp,2026-04-18,quantile,0.7,20
2026-03-28,38,3,wk inc flu hosp,2026-04-18,quantile,0.75,21
2026-03-28,38,3,wk inc flu hosp,2026-04-18,quantile,0.8,23
2026-03-28,38,3,wk inc flu hosp,2026-04-18,quantile,0.85,27
2026-03-28,38,3,wk inc flu hosp,2026-04-18,quantile,0.9,30
2026-03-28,38,3,wk inc flu hosp,2026-04-18,quantile,0.95,36
2026-03-28,38,3,wk inc flu hosp,2026-04-18,quantile,0.975,41
2026-03-28,38,3,wk inc flu hosp,2026-04-18,quantile,0.99,49
2026-03-28,39,0,wk inc flu hosp,2026-03-28,quantile,0.01,64
2026-03-28,39,0,wk inc flu hosp,2026-03-28,quantile,0.025,80
2026-03-28,39,0,wk inc flu hosp,2026-03-28,quantile,0.05,91
2026-03-28,39,0,wk inc flu hosp,2026-03-28,quantile,0.1,106
2026-03-28,39,0,wk inc flu hosp,2026-03-28,quantile,0.15,117
2026-03-28,39,0,wk inc flu hosp,2026-03-28,quantile,0.2,130
2026-03-28,39,0,wk inc flu hosp,2026-03-28,quantile,0.25,138
2026-03-28,39,0,wk inc flu hosp,2026-03-28,quantile,0.3,143
2026-03-28,39,0,wk inc flu hosp,2026-03-28,quantile,0.35,152
2026-03-28,39,0,wk inc flu hosp,2026-03-28,quantile,0.4,157
2026-03-28,39,0,wk inc flu hosp,2026-03-28,quantile,0.45,165
2026-03-28,39,0,wk inc flu hosp,2026-03-28,quantile,0.5,176
2026-03-28,39,0,wk inc flu hosp,2026-03-28,quantile,0.55,184
2026-03-28,39,0,wk inc flu hosp,2026-03-28,quantile,0.6,192
2026-03-28,39,0,wk inc flu hosp,2026-03-28,quantile,0.65,205
2026-03-28,39,0,wk inc flu hosp,2026-03-28,quantile,0.7,215
2026-03-28,39,0,wk inc flu hosp,2026-03-28,quantile,0.75,226
2026-03-28,39,0,wk inc flu hosp,2026-03-28,quantile,0.8,242
2026-03-28,39,0,wk inc flu hosp,2026-03-28,quantile,0.85,261
2026-03-28,39,0,wk inc flu hosp,2026-03-28,quantile,0.9,281
2026-03-28,39,0,wk inc flu hosp,2026-03-28,quantile,0.95,310
2026-03-28,39,0,wk inc flu hosp,2026-03-28,quantile,0.975,345
2026-03-28,39,0,wk inc flu hosp,2026-03-28,quantile,0.99,386
2026-03-28,39,1,wk inc flu hosp,2026-04-04,quantile,0.01,31
2026-03-28,39,1,wk inc flu hosp,2026-04-04,quantile,0.025,46
2026-03-28,39,1,wk inc flu hosp,2026-04-04,quantile,0.05,54
2026-03-28,39,1,wk inc flu hosp,2026-04-04,quantile,0.1,68
2026-03-28,39,1,wk inc flu hosp,2026-04-04,quantile,0.15,75
2026-03-28,39,1,wk inc flu hosp,2026-04-04,quantile,0.2,83
2026-03-28,39,1,wk inc flu hosp,2026-04-04,quantile,0.25,94
2026-03-28,39,1,wk inc flu hosp,2026-04-04,quantile,0.3,102
2026-03-28,39,1,wk inc flu hosp,2026-04-04,quantile,0.35,109
2026-03-28,39,1,wk inc flu hosp,2026-04-04,quantile,0.4,119
2026-03-28,39,1,wk inc flu hosp,2026-04-04,quantile,0.45,128
2026-03-28,39,1,wk inc flu hosp,2026-04-04,quantile,0.5,136
2026-03-28,39,1,wk inc flu hosp,2026-04-04,quantile,0.55,146
2026-03-28,39,1,wk inc flu hosp,2026-04-04,quantile,0.6,156
2026-03-28,39,1,wk inc flu hosp,2026-04-04,quantile,0.65,169
2026-03-28,39,1,wk inc flu hosp,2026-04-04,quantile,0.7,186
2026-03-28,39,1,wk inc flu hosp,2026-04-04,quantile,0.75,202
2026-03-28,39,1,wk inc flu hosp,2026-04-04,quantile,0.8,220
2026-03-28,39,1,wk inc flu hosp,2026-04-04,quantile,0.85,242
2026-03-28,39,1,wk inc flu hosp,2026-04-04,quantile,0.9,273
2026-03-28,39,1,wk inc flu hosp,2026-04-04,quantile,0.95,324
2026-03-28,39,1,wk inc flu hosp,2026-04-04,quantile,0.975,372
2026-03-28,39,1,wk inc flu hosp,2026-04-04,quantile,0.99,435
2026-03-28,39,2,wk inc flu hosp,2026-04-11,quantile,0.01,15
2026-03-28,39,2,wk inc flu hosp,2026-04-11,quantile,0.025,23
2026-03-28,39,2,wk inc flu hosp,2026-04-11,quantile,0.05,29
2026-03-28,39,2,wk inc flu hosp,2026-04-11,quantile,0.1,42
2026-03-28,39,2,wk inc flu hosp,2026-04-11,quantile,0.15,51
2026-03-28,39,2,wk inc flu hosp,2026-04-11,quantile,0.2,61
2026-03-28,39,2,wk inc flu hosp,2026-04-11,quantile,0.25,68
2026-03-28,39,2,wk inc flu hosp,2026-04-11,quantile,0.3,74
2026-03-28,39,2,wk inc flu hosp,2026-04-11,quantile,0.35,83
2026-03-28,39,2,wk inc flu hosp,2026-04-11,quantile,0.4,93
2026-03-28,39,2,wk inc flu hosp,2026-04-11,quantile,0.45,99
2026-03-28,39,2,wk inc flu hosp,2026-04-11,quantile,0.5,109
2026-03-28,39,2,wk inc flu hosp,2026-04-11,quantile,0.55,118
2026-03-28,39,2,wk inc flu hosp,2026-04-11,quantile,0.6,126
2026-03-28,39,2,wk inc flu hosp,2026-04-11,quantile,0.65,143
2026-03-28,39,2,wk inc flu hosp,2026-04-11,quantile,0.7,152
2026-03-28,39,2,wk inc flu hosp,2026-04-11,quantile,0.75,163
2026-03-28,39,2,wk inc flu hosp,2026-04-11,quantile,0.8,183
2026-03-28,39,2,wk inc flu hosp,2026-04-11,quantile,0.85,208
2026-03-28,39,2,wk inc flu hosp,2026-04-11,quantile,0.9,252
2026-03-28,39,2,wk inc flu hosp,2026-04-11,quantile,0.95,314
2026-03-28,39,2,wk inc flu hosp,2026-04-11,quantile,0.975,373
2026-03-28,39,2,wk inc flu hosp,2026-04-11,quantile,0.99,436
2026-03-28,39,3,wk inc flu hosp,2026-04-18,quantile,0.01,9
2026-03-28,39,3,wk inc flu hosp,2026-04-18,quantile,0.025,15
2026-03-28,39,3,wk inc flu hosp,2026-04-18,quantile,0.05,20
2026-03-28,39,3,wk inc flu hosp,2026-04-18,quantile,0.1,27
2026-03-28,39,3,wk inc flu hosp,2026-04-18,quantile,0.15,31
2026-03-28,39,3,wk inc flu hosp,2026-04-18,quantile,0.2,38
2026-03-28,39,3,wk inc flu hosp,2026-04-18,quantile,0.25,47
2026-03-28,39,3,wk inc flu hosp,2026-04-18,quantile,0.3,53
2026-03-28,39,3,wk inc flu hosp,2026-04-18,quantile,0.35,59
2026-03-28,39,3,wk inc flu hosp,2026-04-18,quantile,0.4,65
2026-03-28,39,3,wk inc flu hosp,2026-04-18,quantile,0.45,72
2026-03-28,39,3,wk inc flu hosp,2026-04-18,quantile,0.5,82
2026-03-28,39,3,wk inc flu hosp,2026-04-18,quantile,0.55,89
2026-03-28,39,3,wk inc flu hosp,2026-04-18,quantile,0.6,98
2026-03-28,39,3,wk inc flu hosp,2026-04-18,quantile,0.65,113
2026-03-28,39,3,wk inc flu hosp,2026-04-18,quantile,0.7,125
2026-03-28,39,3,wk inc flu hosp,2026-04-18,quantile,0.75,140
2026-03-28,39,3,wk inc flu hosp,2026-04-18,quantile,0.8,164
2026-03-28,39,3,wk inc flu hosp,2026-04-18,quantile,0.85,195
2026-03-28,39,3,wk inc flu hosp,2026-04-18,quantile,0.9,230
2026-03-28,39,3,wk inc flu hosp,2026-04-18,quantile,0.95,295
2026-03-28,39,3,wk inc flu hosp,2026-04-18,quantile,0.975,378
2026-03-28,39,3,wk inc flu hosp,2026-04-18,quantile,0.99,495
2026-03-28,40,0,wk inc flu hosp,2026-03-28,quantile,0.01,12
2026-03-28,40,0,wk inc flu hosp,2026-03-28,quantile,0.025,15
2026-03-28,40,0,wk inc flu hosp,2026-03-28,quantile,0.05,18
2026-03-28,40,0,wk inc flu hosp,2026-03-28,quantile,0.1,22
2026-03-28,40,0,wk inc flu hosp,2026-03-28,quantile,0.15,26
2026-03-28,40,0,wk inc flu hosp,2026-03-28,quantile,0.2,28
2026-03-28,40,0,wk inc flu hosp,2026-03-28,quantile,0.25,30
2026-03-28,40,0,wk inc flu hosp,2026-03-28,quantile,0.3,32
2026-03-28,40,0,wk inc flu hosp,2026-03-28,quantile,0.35,35
2026-03-28,40,0,wk inc flu hosp,2026-03-28,quantile,0.4,37
2026-03-28,40,0,wk inc flu hosp,2026-03-28,quantile,0.45,40
2026-03-28,40,0,wk inc flu hosp,2026-03-28,quantile,0.5,44
2026-03-28,40,0,wk inc flu hosp,2026-03-28,quantile,0.55,46
2026-03-28,40,0,wk inc flu hosp,2026-03-28,quantile,0.6,50
2026-03-28,40,0,wk inc flu hosp,2026-03-28,quantile,0.65,53
2026-03-28,40,0,wk inc flu hosp,2026-03-28,quantile,0.7,56
2026-03-28,40,0,wk inc flu hosp,2026-03-28,quantile,0.75,61
2026-03-28,40,0,wk inc flu hosp,2026-03-28,quantile,0.8,66
2026-03-28,40,0,wk inc flu hosp,2026-03-28,quantile,0.85,72
2026-03-28,40,0,wk inc flu hosp,2026-03-28,quantile,0.9,78
2026-03-28,40,0,wk inc flu hosp,2026-03-28,quantile,0.95,88
2026-03-28,40,0,wk inc flu hosp,2026-03-28,quantile,0.975,98
2026-03-28,40,0,wk inc flu hosp,2026-03-28,quantile,0.99,111
2026-03-28,40,1,wk inc flu hosp,2026-04-04,quantile,0.01,7
2026-03-28,40,1,wk inc flu hosp,2026-04-04,quantile,0.025,10
2026-03-28,40,1,wk inc flu hosp,2026-04-04,quantile,0.05,12
2026-03-28,40,1,wk inc flu hosp,2026-04-04,quantile,0.1,16
2026-03-28,40,1,wk inc flu hosp,2026-04-04,quantile,0.15,18
2026-03-28,40,1,wk inc flu hosp,2026-04-04,quantile,0.2,21
2026-03-28,40,1,wk inc flu hosp,2026-04-04,quantile,0.25,23
2026-03-28,40,1,wk inc flu hosp,2026-04-04,quantile,0.3,25
2026-03-28,40,1,wk inc flu hosp,2026-04-04,quantile,0.35,26
2026-03-28,40,1,wk inc flu hosp,2026-04-04,quantile,0.4,30
2026-03-28,40,1,wk inc flu hosp,2026-04-04,quantile,0.45,34
2026-03-28,40,1,wk inc flu hosp,2026-04-04,quantile,0.5,37
2026-03-28,40,1,wk inc flu hosp,2026-04-04,quantile,0.55,38
2026-03-28,40,1,wk inc flu hosp,2026-04-04,quantile,0.6,41
2026-03-28,40,1,wk inc flu hosp,2026-04-04,quantile,0.65,47
2026-03-28,40,1,wk inc flu hosp,2026-04-04,quantile,0.7,49
2026-03-28,40,1,wk inc flu hosp,2026-04-04,quantile,0.75,54
2026-03-28,40,1,wk inc flu hosp,2026-04-04,quantile,0.8,58
2026-03-28,40,1,wk inc flu hosp,2026-04-04,quantile,0.85,67
2026-03-28,40,1,wk inc flu hosp,2026-04-04,quantile,0.9,79
2026-03-28,40,1,wk inc flu hosp,2026-04-04,quantile,0.95,96
2026-03-28,40,1,wk inc flu hosp,2026-04-04,quantile,0.975,112
2026-03-28,40,1,wk inc flu hosp,2026-04-04,quantile,0.99,130
2026-03-28,40,2,wk inc flu hosp,2026-04-11,quantile,0.01,2
2026-03-28,40,2,wk inc flu hosp,2026-04-11,quantile,0.025,5
2026-03-28,40,2,wk inc flu hosp,2026-04-11,quantile,0.05,7
2026-03-28,40,2,wk inc flu hosp,2026-04-11,quantile,0.1,10
2026-03-28,40,2,wk inc flu hosp,2026-04-11,quantile,0.15,13
2026-03-28,40,2,wk inc flu hosp,2026-04-11,quantile,0.2,15
2026-03-28,40,2,wk inc flu hosp,2026-04-11,quantile,0.25,17
2026-03-28,40,2,wk inc flu hosp,2026-04-11,quantile,0.3,19
2026-03-28,40,2,wk inc flu hosp,2026-04-11,quantile,0.35,21
2026-03-28,40,2,wk inc flu hosp,2026-04-11,quantile,0.4,23
2026-03-28,40,2,wk inc flu hosp,2026-04-11,quantile,0.45,25
2026-03-28,40,2,wk inc flu hosp,2026-04-11,quantile,0.5,28
2026-03-28,40,2,wk inc flu hosp,2026-04-11,quantile,0.55,31
2026-03-28,40,2,wk inc flu hosp,2026-04-11,quantile,0.6,33
2026-03-28,40,2,wk inc flu hosp,2026-04-11,quantile,0.65,39
2026-03-28,40,2,wk inc flu hosp,2026-04-11,quantile,0.7,43
2026-03-28,40,2,wk inc flu hosp,2026-04-11,quantile,0.75,46
2026-03-28,40,2,wk inc flu hosp,2026-04-11,quantile,0.8,53
2026-03-28,40,2,wk inc flu hosp,2026-04-11,quantile,0.85,57
2026-03-28,40,2,wk inc flu hosp,2026-04-11,quantile,0.9,70
2026-03-28,40,2,wk inc flu hosp,2026-04-11,quantile,0.95,91
2026-03-28,40,2,wk inc flu hosp,2026-04-11,quantile,0.975,107
2026-03-28,40,2,wk inc flu hosp,2026-04-11,quantile,0.99,140
2026-03-28,40,3,wk inc flu hosp,2026-04-18,quantile,0.01,2
2026-03-28,40,3,wk inc flu hosp,2026-04-18,quantile,0.025,3
2026-03-28,40,3,wk inc flu hosp,2026-04-18,quantile,0.05,5
2026-03-28,40,3,wk inc flu hosp,2026-04-18,quantile,0.1,7
2026-03-28,40,3,wk inc flu hosp,2026-04-18,quantile,0.15,9
2026-03-28,40,3,wk inc flu hosp,2026-04-18,quantile,0.2,11
2026-03-28,40,3,wk inc flu hosp,2026-04-18,quantile,0.25,13
2026-03-28,40,3,wk inc flu hosp,2026-04-18,quantile,0.3,15
2026-03-28,40,3,wk inc flu hosp,2026-04-18,quantile,0.35,16
2026-03-28,40,3,wk inc flu hosp,2026-04-18,quantile,0.4,19
2026-03-28,40,3,wk inc flu hosp,2026-04-18,quantile,0.45,21
2026-03-28,40,3,wk inc flu hosp,2026-04-18,quantile,0.5,25
2026-03-28,40,3,wk inc flu hosp,2026-04-18,quantile,0.55,29
2026-03-28,40,3,wk inc flu hosp,2026-04-18,quantile,0.6,31
2026-03-28,40,3,wk inc flu hosp,2026-04-18,quantile,0.65,34
2026-03-28,40,3,wk inc flu hosp,2026-04-18,quantile,0.7,38
2026-03-28,40,3,wk inc flu hosp,2026-04-18,quantile,0.75,41
2026-03-28,40,3,wk inc flu hosp,2026-04-18,quantile,0.8,48
2026-03-28,40,3,wk inc flu hosp,2026-04-18,quantile,0.85,62
2026-03-28,40,3,wk inc flu hosp,2026-04-18,quantile,0.9,70
2026-03-28,40,3,wk inc flu hosp,2026-04-18,quantile,0.95,91
2026-03-28,40,3,wk inc flu hosp,2026-04-18,quantile,0.975,120
2026-03-28,40,3,wk inc flu hosp,2026-04-18,quantile,0.99,148
2026-03-28,41,0,wk inc flu hosp,2026-03-28,quantile,0.01,3
2026-03-28,41,0,wk inc flu hosp,2026-03-28,quantile,0.025,5
2026-03-28,41,0,wk inc flu hosp,2026-03-28,quantile,0.05,6
2026-03-28,41,0,wk inc flu hosp,2026-03-28,quantile,0.1,8
2026-03-28,41,0,wk inc flu hosp,2026-03-28,quantile,0.15,10
2026-03-28,41,0,wk inc flu hosp,2026-03-28,quantile,0.2,13
2026-03-28,41,0,wk inc flu hosp,2026-03-28,quantile,0.25,14
2026-03-28,41,0,wk inc flu hosp,2026-03-28,quantile,0.3,16
2026-03-28,41,0,wk inc flu hosp,2026-03-28,quantile,0.35,18
2026-03-28,41,0,wk inc flu hosp,2026-03-28,quantile,0.4,20
2026-03-28,41,0,wk inc flu hosp,2026-03-28,quantile,0.45,21
2026-03-28,41,0,wk inc flu hosp,2026-03-28,quantile,0.5,25
2026-03-28,41,0,wk inc flu hosp,2026-03-28,quantile,0.55,28
2026-03-28,41,0,wk inc flu hosp,2026-03-28,quantile,0.6,30
2026-03-28,41,0,wk inc flu hosp,2026-03-28,quantile,0.65,33
2026-03-28,41,0,wk inc flu hosp,2026-03-28,quantile,0.7,35
2026-03-28,41,0,wk inc flu hosp,2026-03-28,quantile,0.75,37
2026-03-28,41,0,wk inc flu hosp,2026-03-28,quantile,0.8,41
2026-03-28,41,0,wk inc flu hosp,2026-03-28,quantile,0.85,45
2026-03-28,41,0,wk inc flu hosp,2026-03-28,quantile,0.9,53
2026-03-28,41,0,wk inc flu hosp,2026-03-28,quantile,0.95,64
2026-03-28,41,0,wk inc flu hosp,2026-03-28,quantile,0.975,74
2026-03-28,41,0,wk inc flu hosp,2026-03-28,quantile,0.99,83
2026-03-28,41,1,wk inc flu hosp,2026-04-04,quantile,0.01,0
2026-03-28,41,1,wk inc flu hosp,2026-04-04,quantile,0.025,0
2026-03-28,41,1,wk inc flu hosp,2026-04-04,quantile,0.05,2
2026-03-28,41,1,wk inc flu hosp,2026-04-04,quantile,0.1,4
2026-03-28,41,1,wk inc flu hosp,2026-04-04,quantile,0.15,6
2026-03-28,41,1,wk inc flu hosp,2026-04-04,quantile,0.2,8
2026-03-28,41,1,wk inc flu hosp,2026-04-04,quantile,0.25,10
2026-03-28,41,1,wk inc flu hosp,2026-04-04,quantile,0.3,12
2026-03-28,41,1,wk inc flu hosp,2026-04-04,quantile,0.35,13
2026-03-28,41,1,wk inc flu hosp,2026-04-04,quantile,0.4,15
2026-03-28,41,1,wk inc flu hosp,2026-04-04,quantile,0.45,17
2026-03-28,41,1,wk inc flu hosp,2026-04-04,quantile,0.5,21
2026-03-28,41,1,wk inc flu hosp,2026-04-04,quantile,0.55,24
2026-03-28,41,1,wk inc flu hosp,2026-04-04,quantile,0.6,26
2026-03-28,41,1,wk inc flu hosp,2026-04-04,quantile,0.65,28
2026-03-28,41,1,wk inc flu hosp,2026-04-04,quantile,0.7,31
2026-03-28,41,1,wk inc flu hosp,2026-04-04,quantile,0.75,33
2026-03-28,41,1,wk inc flu hosp,2026-04-04,quantile,0.8,36
2026-03-28,41,1,wk inc flu hosp,2026-04-04,quantile,0.85,38
2026-03-28,41,1,wk inc flu hosp,2026-04-04,quantile,0.9,47
2026-03-28,41,1,wk inc flu hosp,2026-04-04,quantile,0.95,61
2026-03-28,41,1,wk inc flu hosp,2026-04-04,quantile,0.975,75
2026-03-28,41,1,wk inc flu hosp,2026-04-04,quantile,0.99,91
2026-03-28,41,2,wk inc flu hosp,2026-04-11,quantile,0.01,0
2026-03-28,41,2,wk inc flu hosp,2026-04-11,quantile,0.025,0
2026-03-28,41,2,wk inc flu hosp,2026-04-11,quantile,0.05,0
2026-03-28,41,2,wk inc flu hosp,2026-04-11,quantile,0.1,2
2026-03-28,41,2,wk inc flu hosp,2026-04-11,quantile,0.15,3
2026-03-28,41,2,wk inc flu hosp,2026-04-11,quantile,0.2,5
2026-03-28,41,2,wk inc flu hosp,2026-04-11,quantile,0.25,7
2026-03-28,41,2,wk inc flu hosp,2026-04-11,quantile,0.3,9
2026-03-28,41,2,wk inc flu hosp,2026-04-11,quantile,0.35,10
2026-03-28,41,2,wk inc flu hosp,2026-04-11,quantile,0.4,11
2026-03-28,41,2,wk inc flu hosp,2026-04-11,quantile,0.45,13
2026-03-28,41,2,wk inc flu hosp,2026-04-11,quantile,0.5,16
2026-03-28,41,2,wk inc flu hosp,2026-04-11,quantile,0.55,19
2026-03-28,41,2,wk inc flu hosp,2026-04-11,quantile,0.6,21
2026-03-28,41,2,wk inc flu hosp,2026-04-11,quantile,0.65,22
2026-03-28,41,2,wk inc flu hosp,2026-04-11,quantile,0.7,25
2026-03-28,41,2,wk inc flu hosp,2026-04-11,quantile,0.75,28
2026-03-28,41,2,wk inc flu hosp,2026-04-11,quantile,0.8,29
2026-03-28,41,2,wk inc flu hosp,2026-04-11,quantile,0.85,35
2026-03-28,41,2,wk inc flu hosp,2026-04-11,quantile,0.9,44
2026-03-28,41,2,wk inc flu hosp,2026-04-11,quantile,0.95,60
2026-03-28,41,2,wk inc flu hosp,2026-04-11,quantile,0.975,75
2026-03-28,41,2,wk inc flu hosp,2026-04-11,quantile,0.99,91
2026-03-28,41,3,wk inc flu hosp,2026-04-18,quantile,0.01,0
2026-03-28,41,3,wk inc flu hosp,2026-04-18,quantile,0.025,0
2026-03-28,41,3,wk inc flu hosp,2026-04-18,quantile,0.05,0
2026-03-28,41,3,wk inc flu hosp,2026-04-18,quantile,0.1,1
2026-03-28,41,3,wk inc flu hosp,2026-04-18,quantile,0.15,1
2026-03-28,41,3,wk inc flu hosp,2026-04-18,quantile,0.2,4
2026-03-28,41,3,wk inc flu hosp,2026-04-18,quantile,0.25,6
2026-03-28,41,3,wk inc flu hosp,2026-04-18,quantile,0.3,7
2026-03-28,41,3,wk inc flu hosp,2026-04-18,quantile,0.35,8
2026-03-28,41,3,wk inc flu hosp,2026-04-18,quantile,0.4,9
2026-03-28,41,3,wk inc flu hosp,2026-04-18,quantile,0.45,12
2026-03-28,41,3,wk inc flu hosp,2026-04-18,quantile,0.5,14
2026-03-28,41,3,wk inc flu hosp,2026-04-18,quantile,0.55,17
2026-03-28,41,3,wk inc flu hosp,2026-04-18,quantile,0.6,19
2026-03-28,41,3,wk inc flu hosp,2026-04-18,quantile,0.65,20
2026-03-28,41,3,wk inc flu hosp,2026-04-18,quantile,0.7,22
2026-03-28,41,3,wk inc flu hosp,2026-04-18,quantile,0.75,24
2026-03-28,41,3,wk inc flu hosp,2026-04-18,quantile,0.8,26
2026-03-28,41,3,wk inc flu hosp,2026-04-18,quantile,0.85,36
2026-03-28,41,3,wk inc flu hosp,2026-04-18,quantile,0.9,42
2026-03-28,41,3,wk inc flu hosp,2026-04-18,quantile,0.95,58
2026-03-28,41,3,wk inc flu hosp,2026-04-18,quantile,0.975,70
2026-03-28,41,3,wk inc flu hosp,2026-04-18,quantile,0.99,87
2026-03-28,42,0,wk inc flu hosp,2026-03-28,quantile,0.01,280
2026-03-28,42,0,wk inc flu hosp,2026-03-28,quantile,0.025,319
2026-03-28,42,0,wk inc flu hosp,2026-03-28,quantile,0.05,355
2026-03-28,42,0,wk inc flu hosp,2026-03-28,quantile,0.1,398
2026-03-28,42,0,wk inc flu hosp,2026-03-28,quantile,0.15,432
2026-03-28,42,0,wk inc flu hosp,2026-03-28,quantile,0.2,457
2026-03-28,42,0,wk inc flu hosp,2026-03-28,quantile,0.25,477
2026-03-28,42,0,wk inc flu hosp,2026-03-28,quantile,0.3,492
2026-03-28,42,0,wk inc flu hosp,2026-03-28,quantile,0.35,514
2026-03-28,42,0,wk inc flu hosp,2026-03-28,quantile,0.4,534
2026-03-28,42,0,wk inc flu hosp,2026-03-28,quantile,0.45,559
2026-03-28,42,0,wk inc flu hosp,2026-03-28,quantile,0.5,581
2026-03-28,42,0,wk inc flu hosp,2026-03-28,quantile,0.55,608
2026-03-28,42,0,wk inc flu hosp,2026-03-28,quantile,0.6,629
2026-03-28,42,0,wk inc flu hosp,2026-03-28,quantile,0.65,653
2026-03-28,42,0,wk inc flu hosp,2026-03-28,quantile,0.7,679
2026-03-28,42,0,wk inc flu hosp,2026-03-28,quantile,0.75,700
2026-03-28,42,0,wk inc flu hosp,2026-03-28,quantile,0.8,720
2026-03-28,42,0,wk inc flu hosp,2026-03-28,quantile,0.85,745
2026-03-28,42,0,wk inc flu hosp,2026-03-28,quantile,0.9,792
2026-03-28,42,0,wk inc flu hosp,2026-03-28,quantile,0.95,855
2026-03-28,42,0,wk inc flu hosp,2026-03-28,quantile,0.975,919
2026-03-28,42,0,wk inc flu hosp,2026-03-28,quantile,0.99,980
2026-03-28,42,1,wk inc flu hosp,2026-04-04,quantile,0.01,174
2026-03-28,42,1,wk inc flu hosp,2026-04-04,quantile,0.025,210
2026-03-28,42,1,wk inc flu hosp,2026-04-04,quantile,0.05,233
2026-03-28,42,1,wk inc flu hosp,2026-04-04,quantile,0.1,281
2026-03-28,42,1,wk inc flu hosp,2026-04-04,quantile,0.15,309
2026-03-28,42,1,wk inc flu hosp,2026-04-04,quantile,0.2,337
2026-03-28,42,1,wk inc flu hosp,2026-04-04,quantile,0.25,356
2026-03-28,42,1,wk inc flu hosp,2026-04-04,quantile,0.3,375
2026-03-28,42,1,wk inc flu hosp,2026-04-04,quantile,0.35,405
2026-03-28,42,1,wk inc flu hosp,2026-04-04,quantile,0.4,420
2026-03-28,42,1,wk inc flu hosp,2026-04-04,quantile,0.45,445
2026-03-28,42,1,wk inc flu hosp,2026-04-04,quantile,0.5,469
2026-03-28,42,1,wk inc flu hosp,2026-04-04,quantile,0.55,501
2026-03-28,42,1,wk inc flu hosp,2026-04-04,quantile,0.6,517
2026-03-28,42,1,wk inc flu hosp,2026-04-04,quantile,0.65,538
2026-03-28,42,1,wk inc flu hosp,2026-04-04,quantile,0.7,562
2026-03-28,42,1,wk inc flu hosp,2026-04-04,quantile,0.75,591
2026-03-28,42,1,wk inc flu hosp,2026-04-04,quantile,0.8,652
2026-03-28,42,1,wk inc flu hosp,2026-04-04,quantile,0.85,720
2026-03-28,42,1,wk inc flu hosp,2026-04-04,quantile,0.9,772
2026-03-28,42,1,wk inc flu hosp,2026-04-04,quantile,0.95,862
2026-03-28,42,1,wk inc flu hosp,2026-04-04,quantile,0.975,959
2026-03-28,42,1,wk inc flu hosp,2026-04-04,quantile,0.99,1042
2026-03-28,42,2,wk inc flu hosp,2026-04-11,quantile,0.01,102
2026-03-28,42,2,wk inc flu hosp,2026-04-11,quantile,0.025,145
2026-03-28,42,2,wk inc flu hosp,2026-04-11,quantile,0.05,166
2026-03-28,42,2,wk inc flu hosp,2026-04-11,quantile,0.1,195
2026-03-28,42,2,wk inc flu hosp,2026-04-11,quantile,0.15,239
2026-03-28,42,2,wk inc flu hosp,2026-04-11,quantile,0.2,256
2026-03-28,42,2,wk inc flu hosp,2026-04-11,quantile,0.25,271
2026-03-28,42,2,wk inc flu hosp,2026-04-11,quantile,0.3,284
2026-03-28,42,2,wk inc flu hosp,2026-04-11,quantile,0.35,308
2026-03-28,42,2,wk inc flu hosp,2026-04-11,quantile,0.4,341
2026-03-28,42,2,wk inc flu hosp,2026-04-11,quantile,0.45,376
2026-03-28,42,2,wk inc flu hosp,2026-04-11,quantile,0.5,400
2026-03-28,42,2,wk inc flu hosp,2026-04-11,quantile,0.55,435
2026-03-28,42,2,wk inc flu hosp,2026-04-11,quantile,0.6,450
2026-03-28,42,2,wk inc flu hosp,2026-04-11,quantile,0.65,478
2026-03-28,42,2,wk inc flu hosp,2026-04-11,quantile,0.7,509
2026-03-28,42,2,wk inc flu hosp,2026-04-11,quantile,0.75,554
2026-03-28,42,2,wk inc flu hosp,2026-04-11,quantile,0.8,595
2026-03-28,42,2,wk inc flu hosp,2026-04-11,quantile,0.85,640
2026-03-28,42,2,wk inc flu hosp,2026-04-11,quantile,0.9,709
2026-03-28,42,2,wk inc flu hosp,2026-04-11,quantile,0.95,826
2026-03-28,42,2,wk inc flu hosp,2026-04-11,quantile,0.975,939
2026-03-28,42,2,wk inc flu hosp,2026-04-11,quantile,0.99,1086
2026-03-28,42,3,wk inc flu hosp,2026-04-18,quantile,0.01,65
2026-03-28,42,3,wk inc flu hosp,2026-04-18,quantile,0.025,98
2026-03-28,42,3,wk inc flu hosp,2026-04-18,quantile,0.05,121
2026-03-28,42,3,wk inc flu hosp,2026-04-18,quantile,0.1,143
2026-03-28,42,3,wk inc flu hosp,2026-04-18,quantile,0.15,173
2026-03-28,42,3,wk inc flu hosp,2026-04-18,quantile,0.2,186
2026-03-28,42,3,wk inc flu hosp,2026-04-18,quantile,0.25,208
2026-03-28,42,3,wk inc flu hosp,2026-04-18,quantile,0.3,227
2026-03-28,42,3,wk inc flu hosp,2026-04-18,quantile,0.35,247
2026-03-28,42,3,wk inc flu hosp,2026-04-18,quantile,0.4,285
2026-03-28,42,3,wk inc flu hosp,2026-04-18,quantile,0.45,321
2026-03-28,42,3,wk inc flu hosp,2026-04-18,quantile,0.5,332
2026-03-28,42,3,wk inc flu hosp,2026-04-18,quantile,0.55,378
2026-03-28,42,3,wk inc flu hosp,2026-04-18,quantile,0.6,400
2026-03-28,42,3,wk inc flu hosp,2026-04-18,quantile,0.65,413
2026-03-28,42,3,wk inc flu hosp,2026-04-18,quantile,0.7,430
2026-03-28,42,3,wk inc flu hosp,2026-04-18,quantile,0.75,464
2026-03-28,42,3,wk inc flu hosp,2026-04-18,quantile,0.8,542
2026-03-28,42,3,wk inc flu hosp,2026-04-18,quantile,0.85,625
2026-03-28,42,3,wk inc flu hosp,2026-04-18,quantile,0.9,694
2026-03-28,42,3,wk inc flu hosp,2026-04-18,quantile,0.95,798
2026-03-28,42,3,wk inc flu hosp,2026-04-18,quantile,0.975,995
2026-03-28,42,3,wk inc flu hosp,2026-04-18,quantile,0.99,1098
2026-03-28,44,0,wk inc flu hosp,2026-03-28,quantile,0.01,1
2026-03-28,44,0,wk inc flu hosp,2026-03-28,quantile,0.025,1
2026-03-28,44,0,wk inc flu hosp,2026-03-28,quantile,0.05,2
2026-03-28,44,0,wk inc flu hosp,2026-03-28,quantile,0.1,3
2026-03-28,44,0,wk inc flu hosp,2026-03-28,quantile,0.15,4
2026-03-28,44,0,wk inc flu hosp,2026-03-28,quantile,0.2,5
2026-03-28,44,0,wk inc flu hosp,2026-03-28,quantile,0.25,6
2026-03-28,44,0,wk inc flu hosp,2026-03-28,quantile,0.3,6
2026-03-28,44,0,wk inc flu hosp,2026-03-28,quantile,0.35,7
2026-03-28,44,0,wk inc flu hosp,2026-03-28,quantile,0.4,7
2026-03-28,44,0,wk inc flu hosp,2026-03-28,quantile,0.45,8
2026-03-28,44,0,wk inc flu hosp,2026-03-28,quantile,0.5,9
2026-03-28,44,0,wk inc flu hosp,2026-03-28,quantile,0.55,10
2026-03-28,44,0,wk inc flu hosp,2026-03-28,quantile,0.6,10
2026-03-28,44,0,wk inc flu hosp,2026-03-28,quantile,0.65,11
2026-03-28,44,0,wk inc flu hosp,2026-03-28,quantile,0.7,12
2026-03-28,44,0,wk inc flu hosp,2026-03-28,quantile,0.75,13
2026-03-28,44,0,wk inc flu hosp,2026-03-28,quantile,0.8,14
2026-03-28,44,0,wk inc flu hosp,2026-03-28,quantile,0.85,15
2026-03-28,44,0,wk inc flu hosp,2026-03-28,quantile,0.9,17
2026-03-28,44,0,wk inc flu hosp,2026-03-28,quantile,0.95,21
2026-03-28,44,0,wk inc flu hosp,2026-03-28,quantile,0.975,23
2026-03-28,44,0,wk inc flu hosp,2026-03-28,quantile,0.99,28
2026-03-28,44,1,wk inc flu hosp,2026-04-04,quantile,0.01,0
2026-03-28,44,1,wk inc flu hosp,2026-04-04,quantile,0.025,1
2026-03-28,44,1,wk inc flu hosp,2026-04-04,quantile,0.05,1
2026-03-28,44,1,wk inc flu hosp,2026-04-04,quantile,0.1,2
2026-03-28,44,1,wk inc flu hosp,2026-04-04,quantile,0.15,3
2026-03-28,44,1,wk inc flu hosp,2026-04-04,quantile,0.2,3
2026-03-28,44,1,wk inc flu hosp,2026-04-04,quantile,0.25,4
2026-03-28,44,1,wk inc flu hosp,2026-04-04,quantile,0.3,4
2026-03-28,44,1,wk inc flu hosp,2026-04-04,quantile,0.35,5
2026-03-28,44,1,wk inc flu hosp,2026-04-04,quantile,0.4,6
2026-03-28,44,1,wk inc flu hosp,2026-04-04,quantile,0.45,7
2026-03-28,44,1,wk inc flu hosp,2026-04-04,quantile,0.5,8
2026-03-28,44,1,wk inc flu hosp,2026-04-04,quantile,0.55,9
2026-03-28,44,1,wk inc flu hosp,2026-04-04,quantile,0.6,9
2026-03-28,44,1,wk inc flu hosp,2026-04-04,quantile,0.65,10
2026-03-28,44,1,wk inc flu hosp,2026-04-04,quantile,0.7,12
2026-03-28,44,1,wk inc flu hosp,2026-04-04,quantile,0.75,13
2026-03-28,44,1,wk inc flu hosp,2026-04-04,quantile,0.8,14
2026-03-28,44,1,wk inc flu hosp,2026-04-04,quantile,0.85,17
2026-03-28,44,1,wk inc flu hosp,2026-04-04,quantile,0.9,19
2026-03-28,44,1,wk inc flu hosp,2026-04-04,quantile,0.95,23
2026-03-28,44,1,wk inc flu hosp,2026-04-04,quantile,0.975,25
2026-03-28,44,1,wk inc flu hosp,2026-04-04,quantile,0.99,31
2026-03-28,44,2,wk inc flu hosp,2026-04-11,quantile,0.01,0
2026-03-28,44,2,wk inc flu hosp,2026-04-11,quantile,0.025,0
2026-03-28,44,2,wk inc flu hosp,2026-04-11,quantile,0.05,1
2026-03-28,44,2,wk inc flu hosp,2026-04-11,quantile,0.1,1
2026-03-28,44,2,wk inc flu hosp,2026-04-11,quantile,0.15,2
2026-03-28,44,2,wk inc flu hosp,2026-04-11,quantile,0.2,3
2026-03-28,44,2,wk inc flu hosp,2026-04-11,quantile,0.25,3
2026-03-28,44,2,wk inc flu hosp,2026-04-11,quantile,0.3,3
2026-03-28,44,2,wk inc flu hosp,2026-04-11,quantile,0.35,4
2026-03-28,44,2,wk inc flu hosp,2026-04-11,quantile,0.4,5
2026-03-28,44,2,wk inc flu hosp,2026-04-11,quantile,0.45,6
2026-03-28,44,2,wk inc flu hosp,2026-04-11,quantile,0.5,7
2026-03-28,44,2,wk inc flu hosp,2026-04-11,quantile,0.55,7
2026-03-28,44,2,wk inc flu hosp,2026-04-11,quantile,0.6,8
2026-03-28,44,2,wk inc flu hosp,2026-04-11,quantile,0.65,9
2026-03-28,44,2,wk inc flu hosp,2026-04-11,quantile,0.7,10
2026-03-28,44,2,wk inc flu hosp,2026-04-11,quantile,0.75,11
2026-03-28,44,2,wk inc flu hosp,2026-04-11,quantile,0.8,13
2026-03-28,44,2,wk inc flu hosp,2026-04-11,quantile,0.85,16
2026-03-28,44,2,wk inc flu hosp,2026-04-11,quantile,0.9,20
2026-03-28,44,2,wk inc flu hosp,2026-04-11,quantile,0.95,25
2026-03-28,44,2,wk inc flu hosp,2026-04-11,quantile,0.975,29
2026-03-28,44,2,wk inc flu hosp,2026-04-11,quantile,0.99,33
2026-03-28,44,3,wk inc flu hosp,2026-04-18,quantile,0.01,0
2026-03-28,44,3,wk inc flu hosp,2026-04-18,quantile,0.025,0
2026-03-28,44,3,wk inc flu hosp,2026-04-18,quantile,0.05,0
2026-03-28,44,3,wk inc flu hosp,2026-04-18,quantile,0.1,0
2026-03-28,44,3,wk inc flu hosp,2026-04-18,quantile,0.15,1
2026-03-28,44,3,wk inc flu hosp,2026-04-18,quantile,0.2,2
2026-03-28,44,3,wk inc flu hosp,2026-04-18,quantile,0.25,2
2026-03-28,44,3,wk inc flu hosp,2026-04-18,quantile,0.3,2
2026-03-28,44,3,wk inc flu hosp,2026-04-18,quantile,0.35,3
2026-03-28,44,3,wk inc flu hosp,2026-04-18,quantile,0.4,4
2026-03-28,44,3,wk inc flu hosp,2026-04-18,quantile,0.45,5
2026-03-28,44,3,wk inc flu hosp,2026-04-18,quantile,0.5,6
2026-03-28,44,3,wk inc flu hosp,2026-04-18,quantile,0.55,7
2026-03-28,44,3,wk inc flu hosp,2026-04-18,quantile,0.6,7
2026-03-28,44,3,wk inc flu hosp,2026-04-18,quantile,0.65,8
2026-03-28,44,3,wk inc flu hosp,2026-04-18,quantile,0.7,10
2026-03-28,44,3,wk inc flu hosp,2026-04-18,quantile,0.75,12
2026-03-28,44,3,wk inc flu hosp,2026-04-18,quantile,0.8,14
2026-03-28,44,3,wk inc flu hosp,2026-04-18,quantile,0.85,16
2026-03-28,44,3,wk inc flu hosp,2026-04-18,quantile,0.9,20
2026-03-28,44,3,wk inc flu hosp,2026-04-18,quantile,0.95,26
2026-03-28,44,3,wk inc flu hosp,2026-04-18,quantile,0.975,32
2026-03-28,44,3,wk inc flu hosp,2026-04-18,quantile,0.99,39
2026-03-28,45,0,wk inc flu hosp,2026-03-28,quantile,0.01,13
2026-03-28,45,0,wk inc flu hosp,2026-03-28,quantile,0.025,16
2026-03-28,45,0,wk inc flu hosp,2026-03-28,quantile,0.05,19
2026-03-28,45,0,wk inc flu hosp,2026-03-28,quantile,0.1,23
2026-03-28,45,0,wk inc flu hosp,2026-03-28,quantile,0.15,27
2026-03-28,45,0,wk inc flu hosp,2026-03-28,quantile,0.2,30
2026-03-28,45,0,wk inc flu hosp,2026-03-28,quantile,0.25,32
2026-03-28,45,0,wk inc flu hosp,2026-03-28,quantile,0.3,34
2026-03-28,45,0,wk inc flu hosp,2026-03-28,quantile,0.35,36
2026-03-28,45,0,wk inc flu hosp,2026-03-28,quantile,0.4,38
2026-03-28,45,0,wk inc flu hosp,2026-03-28,quantile,0.45,40
2026-03-28,45,0,wk inc flu hosp,2026-03-28,quantile,0.5,43
2026-03-28,45,0,wk inc flu hosp,2026-03-28,quantile,0.55,46
2026-03-28,45,0,wk inc flu hosp,2026-03-28,quantile,0.6,49
2026-03-28,45,0,wk inc flu hosp,2026-03-28,quantile,0.65,52
2026-03-28,45,0,wk inc flu hosp,2026-03-28,quantile,0.7,56
2026-03-28,45,0,wk inc flu hosp,2026-03-28,quantile,0.75,60
2026-03-28,45,0,wk inc flu hosp,2026-03-28,quantile,0.8,65
2026-03-28,45,0,wk inc flu hosp,2026-03-28,quantile,0.85,71
2026-03-28,45,0,wk inc flu hosp,2026-03-28,quantile,0.9,80
2026-03-28,45,0,wk inc flu hosp,2026-03-28,quantile,0.95,93
2026-03-28,45,0,wk inc flu hosp,2026-03-28,quantile,0.975,104
2026-03-28,45,0,wk inc flu hosp,2026-03-28,quantile,0.99,120
2026-03-28,45,1,wk inc flu hosp,2026-04-04,quantile,0.01,8
2026-03-28,45,1,wk inc flu hosp,2026-04-04,quantile,0.025,10
2026-03-28,45,1,wk inc flu hosp,2026-04-04,quantile,0.05,13
2026-03-28,45,1,wk inc flu hosp,2026-04-04,quantile,0.1,17
2026-03-28,45,1,wk inc flu hosp,2026-04-04,quantile,0.15,19
2026-03-28,45,1,wk inc flu hosp,2026-04-04,quantile,0.2,22
2026-03-28,45,1,wk inc flu hosp,2026-04-04,quantile,0.25,24
2026-03-28,45,1,wk inc flu hosp,2026-04-04,quantile,0.3,26
2026-03-28,45,1,wk inc flu hosp,2026-04-04,quantile,0.35,29
2026-03-28,45,1,wk inc flu hosp,2026-04-04,quantile,0.4,30
2026-03-28,45,1,wk inc flu hosp,2026-04-04,quantile,0.45,32
2026-03-28,45,1,wk inc flu hosp,2026-04-04,quantile,0.5,35
2026-03-28,45,1,wk inc flu hosp,2026-04-04,quantile,0.55,37
2026-03-28,45,1,wk inc flu hosp,2026-04-04,quantile,0.6,40
2026-03-28,45,1,wk inc flu hosp,2026-04-04,quantile,0.65,44
2026-03-28,45,1,wk inc flu hosp,2026-04-04,quantile,0.7,48
2026-03-28,45,1,wk inc flu hosp,2026-04-04,quantile,0.75,54
2026-03-28,45,1,wk inc flu hosp,2026-04-04,quantile,0.8,60
2026-03-28,45,1,wk inc flu hosp,2026-04-04,quantile,0.85,66
2026-03-28,45,1,wk inc flu hosp,2026-04-04,quantile,0.9,77
2026-03-28,45,1,wk inc flu hosp,2026-04-04,quantile,0.95,96
2026-03-28,45,1,wk inc flu hosp,2026-04-04,quantile,0.975,114
2026-03-28,45,1,wk inc flu hosp,2026-04-04,quantile,0.99,137
2026-03-28,45,2,wk inc flu hosp,2026-04-11,quantile,0.01,4
2026-03-28,45,2,wk inc flu hosp,2026-04-11,quantile,0.025,7
2026-03-28,45,2,wk inc flu hosp,2026-04-11,quantile,0.05,9
2026-03-28,45,2,wk inc flu hosp,2026-04-11,quantile,0.1,12
2026-03-28,45,2,wk inc flu hosp,2026-04-11,quantile,0.15,14
2026-03-28,45,2,wk inc flu hosp,2026-04-11,quantile,0.2,16
2026-03-28,45,2,wk inc flu hosp,2026-04-11,quantile,0.25,18
2026-03-28,45,2,wk inc flu hosp,2026-04-11,quantile,0.3,20
2026-03-28,45,2,wk inc flu hosp,2026-04-11,quantile,0.35,22
2026-03-28,45,2,wk inc flu hosp,2026-04-11,quantile,0.4,23
2026-03-28,45,2,wk inc flu hosp,2026-04-11,quantile,0.45,25
2026-03-28,45,2,wk inc flu hosp,2026-04-11,quantile,0.5,28
2026-03-28,45,2,wk inc flu hosp,2026-04-11,quantile,0.55,30
2026-03-28,45,2,wk inc flu hosp,2026-04-11,quantile,0.6,32
2026-03-28,45,2,wk inc flu hosp,2026-04-11,quantile,0.65,35
2026-03-28,45,2,wk inc flu hosp,2026-04-11,quantile,0.7,41
2026-03-28,45,2,wk inc flu hosp,2026-04-11,quantile,0.75,46
2026-03-28,45,2,wk inc flu hosp,2026-04-11,quantile,0.8,55
2026-03-28,45,2,wk inc flu hosp,2026-04-11,quantile,0.85,58
2026-03-28,45,2,wk inc flu hosp,2026-04-11,quantile,0.9,67
2026-03-28,45,2,wk inc flu hosp,2026-04-11,quantile,0.95,95
2026-03-28,45,2,wk inc flu hosp,2026-04-11,quantile,0.975,115
2026-03-28,45,2,wk inc flu hosp,2026-04-11,quantile,0.99,136
2026-03-28,45,3,wk inc flu hosp,2026-04-18,quantile,0.01,3
2026-03-28,45,3,wk inc flu hosp,2026-04-18,quantile,0.025,4
2026-03-28,45,3,wk inc flu hosp,2026-04-18,quantile,0.05,6
2026-03-28,45,3,wk inc flu hosp,2026-04-18,quantile,0.1,9
2026-03-28,45,3,wk inc flu hosp,2026-04-18,quantile,0.15,10
2026-03-28,45,3,wk inc flu hosp,2026-04-18,quantile,0.2,12
2026-03-28,45,3,wk inc flu hosp,2026-04-18,quantile,0.25,13
2026-03-28,45,3,wk inc flu hosp,2026-04-18,quantile,0.3,15
2026-03-28,45,3,wk inc flu hosp,2026-04-18,quantile,0.35,16
2026-03-28,45,3,wk inc flu hosp,2026-04-18,quantile,0.4,19
2026-03-28,45,3,wk inc flu hosp,2026-04-18,quantile,0.45,20
2026-03-28,45,3,wk inc flu hosp,2026-04-18,quantile,0.5,23
2026-03-28,45,3,wk inc flu hosp,2026-04-18,quantile,0.55,25
2026-03-28,45,3,wk inc flu hosp,2026-04-18,quantile,0.6,28
2026-03-28,45,3,wk inc flu hosp,2026-04-18,quantile,0.65,30
2026-03-28,45,3,wk inc flu hosp,2026-04-18,quantile,0.7,35
2026-03-28,45,3,wk inc flu hosp,2026-04-18,quantile,0.75,41
2026-03-28,45,3,wk inc flu hosp,2026-04-18,quantile,0.8,43
2026-03-28,45,3,wk inc flu hosp,2026-04-18,quantile,0.85,50
2026-03-28,45,3,wk inc flu hosp,2026-04-18,quantile,0.9,65
2026-03-28,45,3,wk inc flu hosp,2026-04-18,quantile,0.95,91
2026-03-28,45,3,wk inc flu hosp,2026-04-18,quantile,0.975,107
2026-03-28,45,3,wk inc flu hosp,2026-04-18,quantile,0.99,135
2026-03-28,46,0,wk inc flu hosp,2026-03-28,quantile,0.01,6
2026-03-28,46,0,wk inc flu hosp,2026-03-28,quantile,0.025,7
2026-03-28,46,0,wk inc flu hosp,2026-03-28,quantile,0.05,9
2026-03-28,46,0,wk inc flu hosp,2026-03-28,quantile,0.1,10
2026-03-28,46,0,wk inc flu hosp,2026-03-28,quantile,0.15,12
2026-03-28,46,0,wk inc flu hosp,2026-03-28,quantile,0.2,13
2026-03-28,46,0,wk inc flu hosp,2026-03-28,quantile,0.25,15
2026-03-28,46,0,wk inc flu hosp,2026-03-28,quantile,0.3,17
2026-03-28,46,0,wk inc flu hosp,2026-03-28,quantile,0.35,18
2026-03-28,46,0,wk inc flu hosp,2026-03-28,quantile,0.4,19
2026-03-28,46,0,wk inc flu hosp,2026-03-28,quantile,0.45,20
2026-03-28,46,0,wk inc flu hosp,2026-03-28,quantile,0.5,21
2026-03-28,46,0,wk inc flu hosp,2026-03-28,quantile,0.55,23
2026-03-28,46,0,wk inc flu hosp,2026-03-28,quantile,0.6,24
2026-03-28,46,0,wk inc flu hosp,2026-03-28,quantile,0.65,25
2026-03-28,46,0,wk inc flu hosp,2026-03-28,quantile,0.7,27
2026-03-28,46,0,wk inc flu hosp,2026-03-28,quantile,0.75,28
2026-03-28,46,0,wk inc flu hosp,2026-03-28,quantile,0.8,30
2026-03-28,46,0,wk inc flu hosp,2026-03-28,quantile,0.85,34
2026-03-28,46,0,wk inc flu hosp,2026-03-28,quantile,0.9,37
2026-03-28,46,0,wk inc flu hosp,2026-03-28,quantile,0.95,40
2026-03-28,46,0,wk inc flu hosp,2026-03-28,quantile,0.975,45
2026-03-28,46,0,wk inc flu hosp,2026-03-28,quantile,0.99,51
2026-03-28,46,1,wk inc flu hosp,2026-04-04,quantile,0.01,2
2026-03-28,46,1,wk inc flu hosp,2026-04-04,quantile,0.025,4
2026-03-28,46,1,wk inc flu hosp,2026-04-04,quantile,0.05,5
2026-03-28,46,1,wk inc flu hosp,2026-04-04,quantile,0.1,6
2026-03-28,46,1,wk inc flu hosp,2026-04-04,quantile,0.15,8
2026-03-28,46,1,wk inc flu hosp,2026-04-04,quantile,0.2,10
2026-03-28,46,1,wk inc flu hosp,2026-04-04,quantile,0.25,11
2026-03-28,46,1,wk inc flu hosp,2026-04-04,quantile,0.3,13
2026-03-28,46,1,wk inc flu hosp,2026-04-04,quantile,0.35,14
2026-03-28,46,1,wk inc flu hosp,2026-04-04,quantile,0.4,15
2026-03-28,46,1,wk inc flu hosp,2026-04-04,quantile,0.45,16
2026-03-28,46,1,wk inc flu hosp,2026-04-04,quantile,0.5,18
2026-03-28,46,1,wk inc flu hosp,2026-04-04,quantile,0.55,19
2026-03-28,46,1,wk inc flu hosp,2026-04-04,quantile,0.6,20
2026-03-28,46,1,wk inc flu hosp,2026-04-04,quantile,0.65,21
2026-03-28,46,1,wk inc flu hosp,2026-04-04,quantile,0.7,23
2026-03-28,46,1,wk inc flu hosp,2026-04-04,quantile,0.75,25
2026-03-28,46,1,wk inc flu hosp,2026-04-04,quantile,0.8,27
2026-03-28,46,1,wk inc flu hosp,2026-04-04,quantile,0.85,30
2026-03-28,46,1,wk inc flu hosp,2026-04-04,quantile,0.9,34
2026-03-28,46,1,wk inc flu hosp,2026-04-04,quantile,0.95,39
2026-03-28,46,1,wk inc flu hosp,2026-04-04,quantile,0.975,47
2026-03-28,46,1,wk inc flu hosp,2026-04-04,quantile,0.99,55
2026-03-28,46,2,wk inc flu hosp,2026-04-11,quantile,0.01,1
2026-03-28,46,2,wk inc flu hosp,2026-04-11,quantile,0.025,2
2026-03-28,46,2,wk inc flu hosp,2026-04-11,quantile,0.05,3
2026-03-28,46,2,wk inc flu hosp,2026-04-11,quantile,0.1,4
2026-03-28,46,2,wk inc flu hosp,2026-04-11,quantile,0.15,6
2026-03-28,46,2,wk inc flu hosp,2026-04-11,quantile,0.2,7
2026-03-28,46,2,wk inc flu hosp,2026-04-11,quantile,0.25,8
2026-03-28,46,2,wk inc flu hosp,2026-04-11,quantile,0.3,9
2026-03-28,46,2,wk inc flu hosp,2026-04-11,quantile,0.35,11
2026-03-28,46,2,wk inc flu hosp,2026-04-11,quantile,0.4,12
2026-03-28,46,2,wk inc flu hosp,2026-04-11,quantile,0.45,13
2026-03-28,46,2,wk inc flu hosp,2026-04-11,quantile,0.5,15
2026-03-28,46,2,wk inc flu hosp,2026-04-11,quantile,0.55,16
2026-03-28,46,2,wk inc flu hosp,2026-04-11,quantile,0.6,17
2026-03-28,46,2,wk inc flu hosp,2026-04-11,quantile,0.65,19
2026-03-28,46,2,wk inc flu hosp,2026-04-11,quantile,0.7,20
2026-03-28,46,2,wk inc flu hosp,2026-04-11,quantile,0.75,22
2026-03-28,46,2,wk inc flu hosp,2026-04-11,quantile,0.8,24
2026-03-28,46,2,wk inc flu hosp,2026-04-11,quantile,0.85,27
2026-03-28,46,2,wk inc flu hosp,2026-04-11,quantile,0.9,32
2026-03-28,46,2,wk inc flu hosp,2026-04-11,quantile,0.95,40
2026-03-28,46,2,wk inc flu hosp,2026-04-11,quantile,0.975,46
2026-03-28,46,2,wk inc flu hosp,2026-04-11,quantile,0.99,56
2026-03-28,46,3,wk inc flu hosp,2026-04-18,quantile,0.01,0
2026-03-28,46,3,wk inc flu hosp,2026-04-18,quantile,0.025,1
2026-03-28,46,3,wk inc flu hosp,2026-04-18,quantile,0.05,2
2026-03-28,46,3,wk inc flu hosp,2026-04-18,quantile,0.1,3
2026-03-28,46,3,wk inc flu hosp,2026-04-18,quantile,0.15,4
2026-03-28,46,3,wk inc flu hosp,2026-04-18,quantile,0.2,5
2026-03-28,46,3,wk inc flu hosp,2026-04-18,quantile,0.25,6
2026-03-28,46,3,wk inc flu hosp,2026-04-18,quantile,0.3,8
2026-03-28,46,3,wk inc flu hosp,2026-04-18,quantile,0.35,9
2026-03-28,46,3,wk inc flu hosp,2026-04-18,quantile,0.4,10
2026-03-28,46,3,wk inc flu hosp,2026-04-18,quantile,0.45,11
2026-03-28,46,3,wk inc flu hosp,2026-04-18,quantile,0.5,13
2026-03-28,46,3,wk inc flu hosp,2026-04-18,quantile,0.55,14
2026-03-28,46,3,wk inc flu hosp,2026-04-18,quantile,0.6,15
2026-03-28,46,3,wk inc flu hosp,2026-04-18,quantile,0.65,16
2026-03-28,46,3,wk inc flu hosp,2026-04-18,quantile,0.7,18
2026-03-28,46,3,wk inc flu hosp,2026-04-18,quantile,0.75,20
2026-03-28,46,3,wk inc flu hosp,2026-04-18,quantile,0.8,22
2026-03-28,46,3,wk inc flu hosp,2026-04-18,quantile,0.85,25
2026-03-28,46,3,wk inc flu hosp,2026-04-18,quantile,0.9,30
2026-03-28,46,3,wk inc flu hosp,2026-04-18,quantile,0.95,40
2026-03-28,46,3,wk inc flu hosp,2026-04-18,quantile,0.975,46
2026-03-28,46,3,wk inc flu hosp,2026-04-18,quantile,0.99,58
2026-03-28,47,0,wk inc flu hosp,2026-03-28,quantile,0.01,49
2026-03-28,47,0,wk inc flu hosp,2026-03-28,quantile,0.025,57
2026-03-28,47,0,wk inc flu hosp,2026-03-28,quantile,0.05,65
2026-03-28,47,0,wk inc flu hosp,2026-03-28,quantile,0.1,75
2026-03-28,47,0,wk inc flu hosp,2026-03-28,quantile,0.15,85
2026-03-28,47,0,wk inc flu hosp,2026-03-28,quantile,0.2,92
2026-03-28,47,0,wk inc flu hosp,2026-03-28,quantile,0.25,99
2026-03-28,47,0,wk inc flu hosp,2026-03-28,quantile,0.3,102
2026-03-28,47,0,wk inc flu hosp,2026-03-28,quantile,0.35,106
2026-03-28,47,0,wk inc flu hosp,2026-03-28,quantile,0.4,110
2026-03-28,47,0,wk inc flu hosp,2026-03-28,quantile,0.45,115
2026-03-28,47,0,wk inc flu hosp,2026-03-28,quantile,0.5,121
2026-03-28,47,0,wk inc flu hosp,2026-03-28,quantile,0.55,128
2026-03-28,47,0,wk inc flu hosp,2026-03-28,quantile,0.6,132
2026-03-28,47,0,wk inc flu hosp,2026-03-28,quantile,0.65,137
2026-03-28,47,0,wk inc flu hosp,2026-03-28,quantile,0.7,141
2026-03-28,47,0,wk inc flu hosp,2026-03-28,quantile,0.75,148
2026-03-28,47,0,wk inc flu hosp,2026-03-28,quantile,0.8,155
2026-03-28,47,0,wk inc flu hosp,2026-03-28,quantile,0.85,164
2026-03-28,47,0,wk inc flu hosp,2026-03-28,quantile,0.9,177
2026-03-28,47,0,wk inc flu hosp,2026-03-28,quantile,0.95,197
2026-03-28,47,0,wk inc flu hosp,2026-03-28,quantile,0.975,213
2026-03-28,47,0,wk inc flu hosp,2026-03-28,quantile,0.99,231
2026-03-28,47,1,wk inc flu hosp,2026-04-04,quantile,0.01,27
2026-03-28,47,1,wk inc flu hosp,2026-04-04,quantile,0.025,35
2026-03-28,47,1,wk inc flu hosp,2026-04-04,quantile,0.05,45
2026-03-28,47,1,wk inc flu hosp,2026-04-04,quantile,0.1,53
2026-03-28,47,1,wk inc flu hosp,2026-04-04,quantile,0.15,59
2026-03-28,47,1,wk inc flu hosp,2026-04-04,quantile,0.2,66
2026-03-28,47,1,wk inc flu hosp,2026-04-04,quantile,0.25,72
2026-03-28,47,1,wk inc flu hosp,2026-04-04,quantile,0.3,77
2026-03-28,47,1,wk inc flu hosp,2026-04-04,quantile,0.35,84
2026-03-28,47,1,wk inc flu hosp,2026-04-04,quantile,0.4,88
2026-03-28,47,1,wk inc flu hosp,2026-04-04,quantile,0.45,92
2026-03-28,47,1,wk inc flu hosp,2026-04-04,quantile,0.5,103
2026-03-28,47,1,wk inc flu hosp,2026-04-04,quantile,0.55,110
2026-03-28,47,1,wk inc flu hosp,2026-04-04,quantile,0.6,115
2026-03-28,47,1,wk inc flu hosp,2026-04-04,quantile,0.65,119
2026-03-28,47,1,wk inc flu hosp,2026-04-04,quantile,0.7,126
2026-03-28,47,1,wk inc flu hosp,2026-04-04,quantile,0.75,134
2026-03-28,47,1,wk inc flu hosp,2026-04-04,quantile,0.8,143
2026-03-28,47,1,wk inc flu hosp,2026-04-04,quantile,0.85,152
2026-03-28,47,1,wk inc flu hosp,2026-04-04,quantile,0.9,169
2026-03-28,47,1,wk inc flu hosp,2026-04-04,quantile,0.95,195
2026-03-28,47,1,wk inc flu hosp,2026-04-04,quantile,0.975,219
2026-03-28,47,1,wk inc flu hosp,2026-04-04,quantile,0.99,247
2026-03-28,47,2,wk inc flu hosp,2026-04-11,quantile,0.01,19
2026-03-28,47,2,wk inc flu hosp,2026-04-11,quantile,0.025,24
2026-03-28,47,2,wk inc flu hosp,2026-04-11,quantile,0.05,29
2026-03-28,47,2,wk inc flu hosp,2026-04-11,quantile,0.1,38
2026-03-28,47,2,wk inc flu hosp,2026-04-11,quantile,0.15,44
2026-03-28,47,2,wk inc flu hosp,2026-04-11,quantile,0.2,49
2026-03-28,47,2,wk inc flu hosp,2026-04-11,quantile,0.25,54
2026-03-28,47,2,wk inc flu hosp,2026-04-11,quantile,0.3,58
2026-03-28,47,2,wk inc flu hosp,2026-04-11,quantile,0.35,64
2026-03-28,47,2,wk inc flu hosp,2026-04-11,quantile,0.4,68
2026-03-28,47,2,wk inc flu hosp,2026-04-11,quantile,0.45,76
2026-03-28,47,2,wk inc flu hosp,2026-04-11,quantile,0.5,83
2026-03-28,47,2,wk inc flu hosp,2026-04-11,quantile,0.55,91
2026-03-28,47,2,wk inc flu hosp,2026-04-11,quantile,0.6,95
2026-03-28,47,2,wk inc flu hosp,2026-04-11,quantile,0.65,103
2026-03-28,47,2,wk inc flu hosp,2026-04-11,quantile,0.7,110
2026-03-28,47,2,wk inc flu hosp,2026-04-11,quantile,0.75,118
2026-03-28,47,2,wk inc flu hosp,2026-04-11,quantile,0.8,127
2026-03-28,47,2,wk inc flu hosp,2026-04-11,quantile,0.85,138
2026-03-28,47,2,wk inc flu hosp,2026-04-11,quantile,0.9,153
2026-03-28,47,2,wk inc flu hosp,2026-04-11,quantile,0.95,179
2026-03-28,47,2,wk inc flu hosp,2026-04-11,quantile,0.975,209
2026-03-28,47,2,wk inc flu hosp,2026-04-11,quantile,0.99,251
2026-03-28,47,3,wk inc flu hosp,2026-04-18,quantile,0.01,13
2026-03-28,47,3,wk inc flu hosp,2026-04-18,quantile,0.025,14
2026-03-28,47,3,wk inc flu hosp,2026-04-18,quantile,0.05,21
2026-03-28,47,3,wk inc flu hosp,2026-04-18,quantile,0.1,28
2026-03-28,47,3,wk inc flu hosp,2026-04-18,quantile,0.15,33
2026-03-28,47,3,wk inc flu hosp,2026-04-18,quantile,0.2,37
2026-03-28,47,3,wk inc flu hosp,2026-04-18,quantile,0.25,46
2026-03-28,47,3,wk inc flu hosp,2026-04-18,quantile,0.3,54
2026-03-28,47,3,wk inc flu hosp,2026-04-18,quantile,0.35,58
2026-03-28,47,3,wk inc flu hosp,2026-04-18,quantile,0.4,60
2026-03-28,47,3,wk inc flu hosp,2026-04-18,quantile,0.45,62
2026-03-28,47,3,wk inc flu hosp,2026-04-18,quantile,0.5,70
2026-03-28,47,3,wk inc flu hosp,2026-04-18,quantile,0.55,73
2026-03-28,47,3,wk inc flu hosp,2026-04-18,quantile,0.6,79
2026-03-28,47,3,wk inc flu hosp,2026-04-18,quantile,0.65,87
2026-03-28,47,3,wk inc flu hosp,2026-04-18,quantile,0.7,97
2026-03-28,47,3,wk inc flu hosp,2026-04-18,quantile,0.75,106
2026-03-28,47,3,wk inc flu hosp,2026-04-18,quantile,0.8,115
2026-03-28,47,3,wk inc flu hosp,2026-04-18,quantile,0.85,128
2026-03-28,47,3,wk inc flu hosp,2026-04-18,quantile,0.9,145
2026-03-28,47,3,wk inc flu hosp,2026-04-18,quantile,0.95,169
2026-03-28,47,3,wk inc flu hosp,2026-04-18,quantile,0.975,208
2026-03-28,47,3,wk inc flu hosp,2026-04-18,quantile,0.99,261
2026-03-28,48,0,wk inc flu hosp,2026-03-28,quantile,0.01,101
2026-03-28,48,0,wk inc flu hosp,2026-03-28,quantile,0.025,124
2026-03-28,48,0,wk inc flu hosp,2026-03-28,quantile,0.05,142
2026-03-28,48,0,wk inc flu hosp,2026-03-28,quantile,0.1,162
2026-03-28,48,0,wk inc flu hosp,2026-03-28,quantile,0.15,183
2026-03-28,48,0,wk inc flu hosp,2026-03-28,quantile,0.2,200
2026-03-28,48,0,wk inc flu hosp,2026-03-28,quantile,0.25,213
2026-03-28,48,0,wk inc flu hosp,2026-03-28,quantile,0.3,224
2026-03-28,48,0,wk inc flu hosp,2026-03-28,quantile,0.35,232
2026-03-28,48,0,wk inc flu hosp,2026-03-28,quantile,0.4,241
2026-03-28,48,0,wk inc flu hosp,2026-03-28,quantile,0.45,250
2026-03-28,48,0,wk inc flu hosp,2026-03-28,quantile,0.5,269
2026-03-28,48,0,wk inc flu hosp,2026-03-28,quantile,0.55,284
2026-03-28,48,0,wk inc flu hosp,2026-03-28,quantile,0.6,295
2026-03-28,48,0,wk inc flu hosp,2026-03-28,quantile,0.65,306
2026-03-28,48,0,wk inc flu hosp,2026-03-28,quantile,0.7,325
2026-03-28,48,0,wk inc flu hosp,2026-03-28,quantile,0.75,348
2026-03-28,48,0,wk inc flu hosp,2026-03-28,quantile,0.8,372
2026-03-28,48,0,wk inc flu hosp,2026-03-28,quantile,0.85,397
2026-03-28,48,0,wk inc flu hosp,2026-03-28,quantile,0.9,427
2026-03-28,48,0,wk inc flu hosp,2026-03-28,quantile,0.95,486
2026-03-28,48,0,wk inc flu hosp,2026-03-28,quantile,0.975,530
2026-03-28,48,0,wk inc flu hosp,2026-03-28,quantile,0.99,588
2026-03-28,48,1,wk inc flu hosp,2026-04-04,quantile,0.01,43
2026-03-28,48,1,wk inc flu hosp,2026-04-04,quantile,0.025,61
2026-03-28,48,1,wk inc flu hosp,2026-04-04,quantile,0.05,83
2026-03-28,48,1,wk inc flu hosp,2026-04-04,quantile,0.1,111
2026-03-28,48,1,wk inc flu hosp,2026-04-04,quantile,0.15,130
2026-03-28,48,1,wk inc flu hosp,2026-04-04,quantile,0.2,150
2026-03-28,48,1,wk inc flu hosp,2026-04-04,quantile,0.25,166
2026-03-28,48,1,wk inc flu hosp,2026-04-04,quantile,0.3,177
2026-03-28,48,1,wk inc flu hosp,2026-04-04,quantile,0.35,186
2026-03-28,48,1,wk inc flu hosp,2026-04-04,quantile,0.4,194
2026-03-28,48,1,wk inc flu hosp,2026-04-04,quantile,0.45,205
2026-03-28,48,1,wk inc flu hosp,2026-04-04,quantile,0.5,230
2026-03-28,48,1,wk inc flu hosp,2026-04-04,quantile,0.55,250
2026-03-28,48,1,wk inc flu hosp,2026-04-04,quantile,0.6,263
2026-03-28,48,1,wk inc flu hosp,2026-04-04,quantile,0.65,277
2026-03-28,48,1,wk inc flu hosp,2026-04-04,quantile,0.7,290
2026-03-28,48,1,wk inc flu hosp,2026-04-04,quantile,0.75,313
2026-03-28,48,1,wk inc flu hosp,2026-04-04,quantile,0.8,341
2026-03-28,48,1,wk inc flu hosp,2026-04-04,quantile,0.85,379
2026-03-28,48,1,wk inc flu hosp,2026-04-04,quantile,0.9,428
2026-03-28,48,1,wk inc flu hosp,2026-04-04,quantile,0.95,497
2026-03-28,48,1,wk inc flu hosp,2026-04-04,quantile,0.975,565
2026-03-28,48,1,wk inc flu hosp,2026-04-04,quantile,0.99,636
2026-03-28,48,2,wk inc flu hosp,2026-04-11,quantile,0.01,18
2026-03-28,48,2,wk inc flu hosp,2026-04-11,quantile,0.025,31
2026-03-28,48,2,wk inc flu hosp,2026-04-11,quantile,0.05,49
2026-03-28,48,2,wk inc flu hosp,2026-04-11,quantile,0.1,76
2026-03-28,48,2,wk inc flu hosp,2026-04-11,quantile,0.15,103
2026-03-28,48,2,wk inc flu hosp,2026-04-11,quantile,0.2,119
2026-03-28,48,2,wk inc flu hosp,2026-04-11,quantile,0.25,133
2026-03-28,48,2,wk inc flu hosp,2026-04-11,quantile,0.3,144
2026-03-28,48,2,wk inc flu hosp,2026-04-11,quantile,0.35,158
2026-03-28,48,2,wk inc flu hosp,2026-04-11,quantile,0.4,170
2026-03-28,48,2,wk inc flu hosp,2026-04-11,quantile,0.45,176
2026-03-28,48,2,wk inc flu hosp,2026-04-11,quantile,0.5,198
2026-03-28,48,2,wk inc flu hosp,2026-04-11,quantile,0.55,204
2026-03-28,48,2,wk inc flu hosp,2026-04-11,quantile,0.6,220
2026-03-28,48,2,wk inc flu hosp,2026-04-11,quantile,0.65,234
2026-03-28,48,2,wk inc flu hosp,2026-04-11,quantile,0.7,258
2026-03-28,48,2,wk inc flu hosp,2026-04-11,quantile,0.75,283
2026-03-28,48,2,wk inc flu hosp,2026-04-11,quantile,0.8,307
2026-03-28,48,2,wk inc flu hosp,2026-04-11,quantile,0.85,353
2026-03-28,48,2,wk inc flu hosp,2026-04-11,quantile,0.9,396
2026-03-28,48,2,wk inc flu hosp,2026-04-11,quantile,0.95,483
2026-03-28,48,2,wk inc flu hosp,2026-04-11,quantile,0.975,589
2026-03-28,48,2,wk inc flu hosp,2026-04-11,quantile,0.99,672
2026-03-28,48,3,wk inc flu hosp,2026-04-18,quantile,0.01,14
2026-03-28,48,3,wk inc flu hosp,2026-04-18,quantile,0.025,21
2026-03-28,48,3,wk inc flu hosp,2026-04-18,quantile,0.05,34
2026-03-28,48,3,wk inc flu hosp,2026-04-18,quantile,0.1,50
2026-03-28,48,3,wk inc flu hosp,2026-04-18,quantile,0.15,73
2026-03-28,48,3,wk inc flu hosp,2026-04-18,quantile,0.2,90
2026-03-28,48,3,wk inc flu hosp,2026-04-18,quantile,0.25,107
2026-03-28,48,3,wk inc flu hosp,2026-04-18,quantile,0.3,121
2026-03-28,48,3,wk inc flu hosp,2026-04-18,quantile,0.35,135
2026-03-28,48,3,wk inc flu hosp,2026-04-18,quantile,0.4,145
2026-03-28,48,3,wk inc flu hosp,2026-04-18,quantile,0.45,155
2026-03-28,48,3,wk inc flu hosp,2026-04-18,quantile,0.5,166
2026-03-28,48,3,wk inc flu hosp,2026-04-18,quantile,0.55,179
2026-03-28,48,3,wk inc flu hosp,2026-04-18,quantile,0.6,193
2026-03-28,48,3,wk inc flu hosp,2026-04-18,quantile,0.65,212
2026-03-28,48,3,wk inc flu hosp,2026-04-18,quantile,0.7,235
2026-03-28,48,3,wk inc flu hosp,2026-04-18,quantile,0.75,253
2026-03-28,48,3,wk inc flu hosp,2026-04-18,quantile,0.8,278
2026-03-28,48,3,wk inc flu hosp,2026-04-18,quantile,0.85,326
2026-03-28,48,3,wk inc flu hosp,2026-04-18,quantile,0.9,372
2026-03-28,48,3,wk inc flu hosp,2026-04-18,quantile,0.95,434
2026-03-28,48,3,wk inc flu hosp,2026-04-18,quantile,0.975,538
2026-03-28,48,3,wk inc flu hosp,2026-04-18,quantile,0.99,711
2026-03-28,49,0,wk inc flu hosp,2026-03-28,quantile,0.01,7
2026-03-28,49,0,wk inc flu hosp,2026-03-28,quantile,0.025,11
2026-03-28,49,0,wk inc flu hosp,2026-03-28,quantile,0.05,14
2026-03-28,49,0,wk inc flu hosp,2026-03-28,quantile,0.1,17
2026-03-28,49,0,wk inc flu hosp,2026-03-28,quantile,0.15,20
2026-03-28,49,0,wk inc flu hosp,2026-03-28,quantile,0.2,22
2026-03-28,49,0,wk inc flu hosp,2026-03-28,quantile,0.25,24
2026-03-28,49,0,wk inc flu hosp,2026-03-28,quantile,0.3,25
2026-03-28,49,0,wk inc flu hosp,2026-03-28,quantile,0.35,27
2026-03-28,49,0,wk inc flu hosp,2026-03-28,quantile,0.4,29
2026-03-28,49,0,wk inc flu hosp,2026-03-28,quantile,0.45,31
2026-03-28,49,0,wk inc flu hosp,2026-03-28,quantile,0.5,34
2026-03-28,49,0,wk inc flu hosp,2026-03-28,quantile,0.55,36
2026-03-28,49,0,wk inc flu hosp,2026-03-28,quantile,0.6,39
2026-03-28,49,0,wk inc flu hosp,2026-03-28,quantile,0.65,41
2026-03-28,49,0,wk inc flu hosp,2026-03-28,quantile,0.7,45
2026-03-28,49,0,wk inc flu hosp,2026-03-28,quantile,0.75,48
2026-03-28,49,0,wk inc flu hosp,2026-03-28,quantile,0.8,52
2026-03-28,49,0,wk inc flu hosp,2026-03-28,quantile,0.85,56
2026-03-28,49,0,wk inc flu hosp,2026-03-28,quantile,0.9,61
2026-03-28,49,0,wk inc flu hosp,2026-03-28,quantile,0.95,67
2026-03-28,49,0,wk inc flu hosp,2026-03-28,quantile,0.975,74
2026-03-28,49,0,wk inc flu hosp,2026-03-28,quantile,0.99,83
2026-03-28,49,1,wk inc flu hosp,2026-04-04,quantile,0.01,4
2026-03-28,49,1,wk inc flu hosp,2026-04-04,quantile,0.025,7
2026-03-28,49,1,wk inc flu hosp,2026-04-04,quantile,0.05,9
2026-03-28,49,1,wk inc flu hosp,2026-04-04,quantile,0.1,11
2026-03-28,49,1,wk inc flu hosp,2026-04-04,quantile,0.15,14
2026-03-28,49,1,wk inc flu hosp,2026-04-04,quantile,0.2,15
2026-03-28,49,1,wk inc flu hosp,2026-04-04,quantile,0.25,18
2026-03-28,49,1,wk inc flu hosp,2026-04-04,quantile,0.3,20
2026-03-28,49,1,wk inc flu hosp,2026-04-04,quantile,0.35,22
2026-03-28,49,1,wk inc flu hosp,2026-04-04,quantile,0.4,23
2026-03-28,49,1,wk inc flu hosp,2026-04-04,quantile,0.45,25
2026-03-28,49,1,wk inc flu hosp,2026-04-04,quantile,0.5,29
2026-03-28,49,1,wk inc flu hosp,2026-04-04,quantile,0.55,32
2026-03-28,49,1,wk inc flu hosp,2026-04-04,quantile,0.6,35
2026-03-28,49,1,wk inc flu hosp,2026-04-04,quantile,0.65,38
2026-03-28,49,1,wk inc flu hosp,2026-04-04,quantile,0.7,42
2026-03-28,49,1,wk inc flu hosp,2026-04-04,quantile,0.75,46
2026-03-28,49,1,wk inc flu hosp,2026-04-04,quantile,0.8,50
2026-03-28,49,1,wk inc flu hosp,2026-04-04,quantile,0.85,55
2026-03-28,49,1,wk inc flu hosp,2026-04-04,quantile,0.9,61
2026-03-28,49,1,wk inc flu hosp,2026-04-04,quantile,0.95,73
2026-03-28,49,1,wk inc flu hosp,2026-04-04,quantile,0.975,83
2026-03-28,49,1,wk inc flu hosp,2026-04-04,quantile,0.99,95
2026-03-28,49,2,wk inc flu hosp,2026-04-11,quantile,0.01,2
2026-03-28,49,2,wk inc flu hosp,2026-04-11,quantile,0.025,4
2026-03-28,49,2,wk inc flu hosp,2026-04-11,quantile,0.05,6
2026-03-28,49,2,wk inc flu hosp,2026-04-11,quantile,0.1,9
2026-03-28,49,2,wk inc flu hosp,2026-04-11,quantile,0.15,10
2026-03-28,49,2,wk inc flu hosp,2026-04-11,quantile,0.2,12
2026-03-28,49,2,wk inc flu hosp,2026-04-11,quantile,0.25,14
2026-03-28,49,2,wk inc flu hosp,2026-04-11,quantile,0.3,16
2026-03-28,49,2,wk inc flu hosp,2026-04-11,quantile,0.35,18
2026-03-28,49,2,wk inc flu hosp,2026-04-11,quantile,0.4,19
2026-03-28,49,2,wk inc flu hosp,2026-04-11,quantile,0.45,21
2026-03-28,49,2,wk inc flu hosp,2026-04-11,quantile,0.5,26
2026-03-28,49,2,wk inc flu hosp,2026-04-11,quantile,0.55,29
2026-03-28,49,2,wk inc flu hosp,2026-04-11,quantile,0.6,32
2026-03-28,49,2,wk inc flu hosp,2026-04-11,quantile,0.65,36
2026-03-28,49,2,wk inc flu hosp,2026-04-11,quantile,0.7,40
2026-03-28,49,2,wk inc flu hosp,2026-04-11,quantile,0.75,43
2026-03-28,49,2,wk inc flu hosp,2026-04-11,quantile,0.8,49
2026-03-28,49,2,wk inc flu hosp,2026-04-11,quantile,0.85,55
2026-03-28,49,2,wk inc flu hosp,2026-04-11,quantile,0.9,63
2026-03-28,49,2,wk inc flu hosp,2026-04-11,quantile,0.95,75
2026-03-28,49,2,wk inc flu hosp,2026-04-11,quantile,0.975,87
2026-03-28,49,2,wk inc flu hosp,2026-04-11,quantile,0.99,104
2026-03-28,49,3,wk inc flu hosp,2026-04-18,quantile,0.01,0
2026-03-28,49,3,wk inc flu hosp,2026-04-18,quantile,0.025,2
2026-03-28,49,3,wk inc flu hosp,2026-04-18,quantile,0.05,2
2026-03-28,49,3,wk inc flu hosp,2026-04-18,quantile,0.1,6
2026-03-28,49,3,wk inc flu hosp,2026-04-18,quantile,0.15,8
2026-03-28,49,3,wk inc flu hosp,2026-04-18,quantile,0.2,10
2026-03-28,49,3,wk inc flu hosp,2026-04-18,quantile,0.25,12
2026-03-28,49,3,wk inc flu hosp,2026-04-18,quantile,0.3,13
2026-03-28,49,3,wk inc flu hosp,2026-04-18,quantile,0.35,14
2026-03-28,49,3,wk inc flu hosp,2026-04-18,quantile,0.4,17
2026-03-28,49,3,wk inc flu hosp,2026-04-18,quantile,0.45,19
2026-03-28,49,3,wk inc flu hosp,2026-04-18,quantile,0.5,23
2026-03-28,49,3,wk inc flu hosp,2026-04-18,quantile,0.55,25
2026-03-28,49,3,wk inc flu hosp,2026-04-18,quantile,0.6,28
2026-03-28,49,3,wk inc flu hosp,2026-04-18,quantile,0.65,32
2026-03-28,49,3,wk inc flu hosp,2026-04-18,quantile,0.7,35
2026-03-28,49,3,wk inc flu hosp,2026-04-18,quantile,0.75,40
2026-03-28,49,3,wk inc flu hosp,2026-04-18,quantile,0.8,46
2026-03-28,49,3,wk inc flu hosp,2026-04-18,quantile,0.85,52
2026-03-28,49,3,wk inc flu hosp,2026-04-18,quantile,0.9,62
2026-03-28,49,3,wk inc flu hosp,2026-04-18,quantile,0.95,74
2026-03-28,49,3,wk inc flu hosp,2026-04-18,quantile,0.975,87
2026-03-28,49,3,wk inc flu hosp,2026-04-18,quantile,0.99,116
2026-03-28,50,0,wk inc flu hosp,2026-03-28,quantile,0.01,0
2026-03-28,50,0,wk inc flu hosp,2026-03-28,quantile,0.025,0
2026-03-28,50,0,wk inc flu hosp,2026-03-28,quantile,0.05,0
2026-03-28,50,0,wk inc flu hosp,2026-03-28,quantile,0.1,0
2026-03-28,50,0,wk inc flu hosp,2026-03-28,quantile,0.15,0
2026-03-28,50,0,wk inc flu hosp,2026-03-28,quantile,0.2,0
2026-03-28,50,0,wk inc flu hosp,2026-03-28,quantile,0.25,1
2026-03-28,50,0,wk inc flu hosp,2026-03-28,quantile,0.3,1
2026-03-28,50,0,wk inc flu hosp,2026-03-28,quantile,0.35,1
2026-03-28,50,0,wk inc flu hosp,2026-03-28,quantile,0.4,2
2026-03-28,50,0,wk inc flu hosp,2026-03-28,quantile,0.45,2
2026-03-28,50,0,wk inc flu hosp,2026-03-28,quantile,0.5,3
2026-03-28,50,0,wk inc flu hosp,2026-03-28,quantile,0.55,3
2026-03-28,50,0,wk inc flu hosp,2026-03-28,quantile,0.6,4
2026-03-28,50,0,wk inc flu hosp,2026-03-28,quantile,0.65,4
2026-03-28,50,0,wk inc flu hosp,2026-03-28,quantile,0.7,4
2026-03-28,50,0,wk inc flu hosp,2026-03-28,quantile,0.75,5
2026-03-28,50,0,wk inc flu hosp,2026-03-28,quantile,0.8,6
2026-03-28,50,0,wk inc flu hosp,2026-03-28,quantile,0.85,6
2026-03-28,50,0,wk inc flu hosp,2026-03-28,quantile,0.9,7
2026-03-28,50,0,wk inc flu hosp,2026-03-28,quantile,0.95,9
2026-03-28,50,0,wk inc flu hosp,2026-03-28,quantile,0.975,11
2026-03-28,50,0,wk inc flu hosp,2026-03-28,quantile,0.99,14
2026-03-28,50,1,wk inc flu hosp,2026-04-04,quantile,0.01,0
2026-03-28,50,1,wk inc flu hosp,2026-04-04,quantile,0.025,0
2026-03-28,50,1,wk inc flu hosp,2026-04-04,quantile,0.05,0
2026-03-28,50,1,wk inc flu hosp,2026-04-04,quantile,0.1,0
2026-03-28,50,1,wk inc flu hosp,2026-04-04,quantile,0.15,0
2026-03-28,50,1,wk inc flu hosp,2026-04-04,quantile,0.2,0
2026-03-28,50,1,wk inc flu hosp,2026-04-04,quantile,0.25,0
2026-03-28,50,1,wk inc flu hosp,2026-04-04,quantile,0.3,0
2026-03-28,50,1,wk inc flu hosp,2026-04-04,quantile,0.35,1
2026-03-28,50,1,wk inc flu hosp,2026-04-04,quantile,0.4,1
2026-03-28,50,1,wk inc flu hosp,2026-04-04,quantile,0.45,2
2026-03-28,50,1,wk inc flu hosp,2026-04-04,quantile,0.5,2
2026-03-28,50,1,wk inc flu hosp,2026-04-04,quantile,0.55,2
2026-03-28,50,1,wk inc flu hosp,2026-04-04,quantile,0.6,3
2026-03-28,50,1,wk inc flu hosp,2026-04-04,quantile,0.65,3
2026-03-28,50,1,wk inc flu hosp,2026-04-04,quantile,0.7,4
2026-03-28,50,1,wk inc flu hosp,2026-04-04,quantile,0.75,4
2026-03-28,50,1,wk inc flu hosp,2026-04-04,quantile,0.8,5
2026-03-28,50,1,wk inc flu hosp,2026-04-04,quantile,0.85,6
2026-03-28,50,1,wk inc flu hosp,2026-04-04,quantile,0.9,7
2026-03-28,50,1,wk inc flu hosp,2026-04-04,quantile,0.95,11
2026-03-28,50,1,wk inc flu hosp,2026-04-04,quantile,0.975,13
2026-03-28,50,1,wk inc flu hosp,2026-04-04,quantile,0.99,15
2026-03-28,50,2,wk inc flu hosp,2026-04-11,quantile,0.01,0
2026-03-28,50,2,wk inc flu hosp,2026-04-11,quantile,0.025,0
2026-03-28,50,2,wk inc flu hosp,2026-04-11,quantile,0.05,0
2026-03-28,50,2,wk inc flu hosp,2026-04-11,quantile,0.1,0
2026-03-28,50,2,wk inc flu hosp,2026-04-11,quantile,0.15,0
2026-03-28,50,2,wk inc flu hosp,2026-04-11,quantile,0.2,0
2026-03-28,50,2,wk inc flu hosp,2026-04-11,quantile,0.25,0
2026-03-28,50,2,wk inc flu hosp,2026-04-11,quantile,0.3,0
2026-03-28,50,2,wk inc flu hosp,2026-04-11,quantile,0.35,0
2026-03-28,50,2,wk inc flu hosp,2026-04-11,quantile,0.4,1
2026-03-28,50,2,wk inc flu hosp,2026-04-11,quantile,0.45,1
2026-03-28,50,2,wk inc flu hosp,2026-04-11,quantile,0.5,1
2026-03-28,50,2,wk inc flu hosp,2026-04-11,quantile,0.55,2
2026-03-28,50,2,wk inc flu hosp,2026-04-11,quantile,0.6,2
2026-03-28,50,2,wk inc flu hosp,2026-04-11,quantile,0.65,3
2026-03-28,50,2,wk inc flu hosp,2026-04-11,quantile,0.7,3
2026-03-28,50,2,wk inc flu hosp,2026-04-11,quantile,0.75,4
2026-03-28,50,2,wk inc flu hosp,2026-04-11,quantile,0.8,5
2026-03-28,50,2,wk inc flu hosp,2026-04-11,quantile,0.85,6
2026-03-28,50,2,wk inc flu hosp,2026-04-11,quantile,0.9,8
2026-03-28,50,2,wk inc flu hosp,2026-04-11,quantile,0.95,11
2026-03-28,50,2,wk inc flu hosp,2026-04-11,quantile,0.975,14
2026-03-28,50,2,wk inc flu hosp,2026-04-11,quantile,0.99,17
2026-03-28,50,3,wk inc flu hosp,2026-04-18,quantile,0.01,0
2026-03-28,50,3,wk inc flu hosp,2026-04-18,quantile,0.025,0
2026-03-28,50,3,wk inc flu hosp,2026-04-18,quantile,0.05,0
2026-03-28,50,3,wk inc flu hosp,2026-04-18,quantile,0.1,0
2026-03-28,50,3,wk inc flu hosp,2026-04-18,quantile,0.15,0
2026-03-28,50,3,wk inc flu hosp,2026-04-18,quantile,0.2,0
2026-03-28,50,3,wk inc flu hosp,2026-04-18,quantile,0.25,0
2026-03-28,50,3,wk inc flu hosp,2026-04-18,quantile,0.3,0
2026-03-28,50,3,wk inc flu hosp,2026-04-18,quantile,0.35,0
2026-03-28,50,3,wk inc flu hosp,2026-04-18,quantile,0.4,0
2026-03-28,50,3,wk inc flu hosp,2026-04-18,quantile,0.45,1
2026-03-28,50,3,wk inc flu hosp,2026-04-18,quantile,0.5,1
2026-03-28,50,3,wk inc flu hosp,2026-04-18,quantile,0.55,2
2026-03-28,50,3,wk inc flu hosp,2026-04-18,quantile,0.6,2
2026-03-28,50,3,wk inc flu hosp,2026-04-18,quantile,0.65,2
2026-03-28,50,3,wk inc flu hosp,2026-04-18,quantile,0.7,3
2026-03-28,50,3,wk inc flu hosp,2026-04-18,quantile,0.75,4
2026-03-28,50,3,wk inc flu hosp,2026-04-18,quantile,0.8,5
2026-03-28,50,3,wk inc flu hosp,2026-04-18,quantile,0.85,6
2026-03-28,50,3,wk inc flu hosp,2026-04-18,quantile,0.9,8
2026-03-28,50,3,wk inc flu hosp,2026-04-18,quantile,0.95,11
2026-03-28,50,3,wk inc flu hosp,2026-04-18,quantile,0.975,14
2026-03-28,50,3,wk inc flu hosp,2026-04-18,quantile,0.99,19
2026-03-28,51,0,wk inc flu hosp,2026-03-28,quantile,0.01,21
2026-03-28,51,0,wk inc flu hosp,2026-03-28,quantile,0.025,28
2026-03-28,51,0,wk inc flu hosp,2026-03-28,quantile,0.05,33
2026-03-28,51,0,wk inc flu hosp,2026-03-28,quantile,0.1,37
2026-03-28,51,0,wk inc flu hosp,2026-03-28,quantile,0.15,42
2026-03-28,51,0,wk inc flu hosp,2026-03-28,quantile,0.2,46
2026-03-28,51,0,wk inc flu hosp,2026-03-28,quantile,0.25,48
2026-03-28,51,0,wk inc flu hosp,2026-03-28,quantile,0.3,51
2026-03-28,51,0,wk inc flu hosp,2026-03-28,quantile,0.35,57
2026-03-28,51,0,wk inc flu hosp,2026-03-28,quantile,0.4,59
2026-03-28,51,0,wk inc flu hosp,2026-03-28,quantile,0.45,63
2026-03-28,51,0,wk inc flu hosp,2026-03-28,quantile,0.5,68
2026-03-28,51,0,wk inc flu hosp,2026-03-28,quantile,0.55,72
2026-03-28,51,0,wk inc flu hosp,2026-03-28,quantile,0.6,77
2026-03-28,51,0,wk inc flu hosp,2026-03-28,quantile,0.65,81
2026-03-28,51,0,wk inc flu hosp,2026-03-28,quantile,0.7,86
2026-03-28,51,0,wk inc flu hosp,2026-03-28,quantile,0.75,91
2026-03-28,51,0,wk inc flu hosp,2026-03-28,quantile,0.8,97
2026-03-28,51,0,wk inc flu hosp,2026-03-28,quantile,0.85,105
2026-03-28,51,0,wk inc flu hosp,2026-03-28,quantile,0.9,115
2026-03-28,51,0,wk inc flu hosp,2026-03-28,quantile,0.95,132
2026-03-28,51,0,wk inc flu hosp,2026-03-28,quantile,0.975,142
2026-03-28,51,0,wk inc flu hosp,2026-03-28,quantile,0.99,166
2026-03-28,51,1,wk inc flu hosp,2026-04-04,quantile,0.01,9
2026-03-28,51,1,wk inc flu hosp,2026-04-04,quantile,0.025,15
2026-03-28,51,1,wk inc flu hosp,2026-04-04,quantile,0.05,20
2026-03-28,51,1,wk inc flu hosp,2026-04-04,quantile,0.1,27
2026-03-28,51,1,wk inc flu hosp,2026-04-04,quantile,0.15,32
2026-03-28,51,1,wk inc flu hosp,2026-04-04,quantile,0.2,35
2026-03-28,51,1,wk inc flu hosp,2026-04-04,quantile,0.25,40
2026-03-28,51,1,wk inc flu hosp,2026-04-04,quantile,0.3,43
2026-03-28,51,1,wk inc flu hosp,2026-04-04,quantile,0.35,46
2026-03-28,51,1,wk inc flu hosp,2026-04-04,quantile,0.4,50
2026-03-28,51,1,wk inc flu hosp,2026-04-04,quantile,0.45,55
2026-03-28,51,1,wk inc flu hosp,2026-04-04,quantile,0.5,59
2026-03-28,51,1,wk inc flu hosp,2026-04-04,quantile,0.55,64
2026-03-28,51,1,wk inc flu hosp,2026-04-04,quantile,0.6,72
2026-03-28,51,1,wk inc flu hosp,2026-04-04,quantile,0.65,78
2026-03-28,51,1,wk inc flu hosp,2026-04-04,quantile,0.7,83
2026-03-28,51,1,wk inc flu hosp,2026-04-04,quantile,0.75,89
2026-03-28,51,1,wk inc flu hosp,2026-04-04,quantile,0.8,95
2026-03-28,51,1,wk inc flu hosp,2026-04-04,quantile,0.85,104
2026-03-28,51,1,wk inc flu hosp,2026-04-04,quantile,0.9,114
2026-03-28,51,1,wk inc flu hosp,2026-04-04,quantile,0.95,135
2026-03-28,51,1,wk inc flu hosp,2026-04-04,quantile,0.975,154
2026-03-28,51,1,wk inc flu hosp,2026-04-04,quantile,0.99,178
2026-03-28,51,2,wk inc flu hosp,2026-04-11,quantile,0.01,4
2026-03-28,51,2,wk inc flu hosp,2026-04-11,quantile,0.025,7
2026-03-28,51,2,wk inc flu hosp,2026-04-11,quantile,0.05,11
2026-03-28,51,2,wk inc flu hosp,2026-04-11,quantile,0.1,15
2026-03-28,51,2,wk inc flu hosp,2026-04-11,quantile,0.15,23
2026-03-28,51,2,wk inc flu hosp,2026-04-11,quantile,0.2,26
2026-03-28,51,2,wk inc flu hosp,2026-04-11,quantile,0.25,27
2026-03-28,51,2,wk inc flu hosp,2026-04-11,quantile,0.3,31
2026-03-28,51,2,wk inc flu hosp,2026-04-11,quantile,0.35,36
2026-03-28,51,2,wk inc flu hosp,2026-04-11,quantile,0.4,39
2026-03-28,51,2,wk inc flu hosp,2026-04-11,quantile,0.45,45
2026-03-28,51,2,wk inc flu hosp,2026-04-11,quantile,0.5,49
2026-03-28,51,2,wk inc flu hosp,2026-04-11,quantile,0.55,54
2026-03-28,51,2,wk inc flu hosp,2026-04-11,quantile,0.6,63
2026-03-28,51,2,wk inc flu hosp,2026-04-11,quantile,0.65,69
2026-03-28,51,2,wk inc flu hosp,2026-04-11,quantile,0.7,76
2026-03-28,51,2,wk inc flu hosp,2026-04-11,quantile,0.75,81
2026-03-28,51,2,wk inc flu hosp,2026-04-11,quantile,0.8,88
2026-03-28,51,2,wk inc flu hosp,2026-04-11,quantile,0.85,97
2026-03-28,51,2,wk inc flu hosp,2026-04-11,quantile,0.9,105
2026-03-28,51,2,wk inc flu hosp,2026-04-11,quantile,0.95,129
2026-03-28,51,2,wk inc flu hosp,2026-04-11,quantile,0.975,154
2026-03-28,51,2,wk inc flu hosp,2026-04-11,quantile,0.99,194
2026-03-28,51,3,wk inc flu hosp,2026-04-18,quantile,0.01,3
2026-03-28,51,3,wk inc flu hosp,2026-04-18,quantile,0.025,3
2026-03-28,51,3,wk inc flu hosp,2026-04-18,quantile,0.05,8
2026-03-28,51,3,wk inc flu hosp,2026-04-18,quantile,0.1,13
2026-03-28,51,3,wk inc flu hosp,2026-04-18,quantile,0.15,18
2026-03-28,51,3,wk inc flu hosp,2026-04-18,quantile,0.2,19
2026-03-28,51,3,wk inc flu hosp,2026-04-18,quantile,0.25,21
2026-03-28,51,3,wk inc flu hosp,2026-04-18,quantile,0.3,25
2026-03-28,51,3,wk inc flu hosp,2026-04-18,quantile,0.35,32
2026-03-28,51,3,wk inc flu hosp,2026-04-18,quantile,0.4,35
2026-03-28,51,3,wk inc flu hosp,2026-04-18,quantile,0.45,38
2026-03-28,51,3,wk inc flu hosp,2026-04-18,quantile,0.5,46
2026-03-28,51,3,wk inc flu hosp,2026-04-18,quantile,0.55,50
2026-03-28,51,3,wk inc flu hosp,2026-04-18,quantile,0.6,54
2026-03-28,51,3,wk inc flu hosp,2026-04-18,quantile,0.65,63
2026-03-28,51,3,wk inc flu hosp,2026-04-18,quantile,0.7,67
2026-03-28,51,3,wk inc flu hosp,2026-04-18,quantile,0.75,73
2026-03-28,51,3,wk inc flu hosp,2026-04-18,quantile,0.8,78
2026-03-28,51,3,wk inc flu hosp,2026-04-18,quantile,0.85,87
2026-03-28,51,3,wk inc flu hosp,2026-04-18,quantile,0.9,100
2026-03-28,51,3,wk inc flu hosp,2026-04-18,quantile,0.95,129
2026-03-28,51,3,wk inc flu hosp,2026-04-18,quantile,0.975,160
2026-03-28,51,3,wk inc flu hosp,2026-04-18,quantile,0.99,203
2026-03-28,53,0,wk inc flu hosp,2026-03-28,quantile,0.01,25
2026-03-28,53,0,wk inc flu hosp,2026-03-28,quantile,0.025,30
2026-03-28,53,0,wk inc flu hosp,2026-03-28,quantile,0.05,35
2026-03-28,53,0,wk inc flu hosp,2026-03-28,quantile,0.1,42
2026-03-28,53,0,wk inc flu hosp,2026-03-28,quantile,0.15,47
2026-03-28,53,0,wk inc flu hosp,2026-03-28,quantile,0.2,52
2026-03-28,53,0,wk inc flu hosp,2026-03-28,quantile,0.25,56
2026-03-28,53,0,wk inc flu hosp,2026-03-28,quantile,0.3,59
2026-03-28,53,0,wk inc flu hosp,2026-03-28,quantile,0.35,61
2026-03-28,53,0,wk inc flu hosp,2026-03-28,quantile,0.4,65
2026-03-28,53,0,wk inc flu hosp,2026-03-28,quantile,0.45,68
2026-03-28,53,0,wk inc flu hosp,2026-03-28,quantile,0.5,73
2026-03-28,53,0,wk inc flu hosp,2026-03-28,quantile,0.55,76
2026-03-28,53,0,wk inc flu hosp,2026-03-28,quantile,0.6,80
2026-03-28,53,0,wk inc flu hosp,2026-03-28,quantile,0.65,82
2026-03-28,53,0,wk inc flu hosp,2026-03-28,quantile,0.7,86
2026-03-28,53,0,wk inc flu hosp,2026-03-28,quantile,0.75,90
2026-03-28,53,0,wk inc flu hosp,2026-03-28,quantile,0.8,95
2026-03-28,53,0,wk inc flu hosp,2026-03-28,quantile,0.85,102
2026-03-28,53,0,wk inc flu hosp,2026-03-28,quantile,0.9,110
2026-03-28,53,0,wk inc flu hosp,2026-03-28,quantile,0.95,122
2026-03-28,53,0,wk inc flu hosp,2026-03-28,quantile,0.975,135
2026-03-28,53,0,wk inc flu hosp,2026-03-28,quantile,0.99,147
2026-03-28,53,1,wk inc flu hosp,2026-04-04,quantile,0.01,17
2026-03-28,53,1,wk inc flu hosp,2026-04-04,quantile,0.025,20
2026-03-28,53,1,wk inc flu hosp,2026-04-04,quantile,0.05,25
2026-03-28,53,1,wk inc flu hosp,2026-04-04,quantile,0.1,32
2026-03-28,53,1,wk inc flu hosp,2026-04-04,quantile,0.15,36
2026-03-28,53,1,wk inc flu hosp,2026-04-04,quantile,0.2,40
2026-03-28,53,1,wk inc flu hosp,2026-04-04,quantile,0.25,45
2026-03-28,53,1,wk inc flu hosp,2026-04-04,quantile,0.3,48
2026-03-28,53,1,wk inc flu hosp,2026-04-04,quantile,0.35,52
2026-03-28,53,1,wk inc flu hosp,2026-04-04,quantile,0.4,56
2026-03-28,53,1,wk inc flu hosp,2026-04-04,quantile,0.45,59
2026-03-28,53,1,wk inc flu hosp,2026-04-04,quantile,0.5,63
2026-03-28,53,1,wk inc flu hosp,2026-04-04,quantile,0.55,66
2026-03-28,53,1,wk inc flu hosp,2026-04-04,quantile,0.6,69
2026-03-28,53,1,wk inc flu hosp,2026-04-04,quantile,0.65,74
2026-03-28,53,1,wk inc flu hosp,2026-04-04,quantile,0.7,77
2026-03-28,53,1,wk inc flu hosp,2026-04-04,quantile,0.75,82
2026-03-28,53,1,wk inc flu hosp,2026-04-04,quantile,0.8,88
2026-03-28,53,1,wk inc flu hosp,2026-04-04,quantile,0.85,98
2026-03-28,53,1,wk inc flu hosp,2026-04-04,quantile,0.9,110
2026-03-28,53,1,wk inc flu hosp,2026-04-04,quantile,0.95,130
2026-03-28,53,1,wk inc flu hosp,2026-04-04,quantile,0.975,141
2026-03-28,53,1,wk inc flu hosp,2026-04-04,quantile,0.99,160
2026-03-28,53,2,wk inc flu hosp,2026-04-11,quantile,0.01,9
2026-03-28,53,2,wk inc flu hosp,2026-04-11,quantile,0.025,12
2026-03-28,53,2,wk inc flu hosp,2026-04-11,quantile,0.05,18
2026-03-28,53,2,wk inc flu hosp,2026-04-11,quantile,0.1,22
2026-03-28,53,2,wk inc flu hosp,2026-04-11,quantile,0.15,25
2026-03-28,53,2,wk inc flu hosp,2026-04-11,quantile,0.2,29
2026-03-28,53,2,wk inc flu hosp,2026-04-11,quantile,0.25,35
2026-03-28,53,2,wk inc flu hosp,2026-04-11,quantile,0.3,39
2026-03-28,53,2,wk inc flu hosp,2026-04-11,quantile,0.35,43
2026-03-28,53,2,wk inc flu hosp,2026-04-11,quantile,0.4,46
2026-03-28,53,2,wk inc flu hosp,2026-04-11,quantile,0.45,49
2026-03-28,53,2,wk inc flu hosp,2026-04-11,quantile,0.5,54
2026-03-28,53,2,wk inc flu hosp,2026-04-11,quantile,0.55,57
2026-03-28,53,2,wk inc flu hosp,2026-04-11,quantile,0.6,61
2026-03-28,53,2,wk inc flu hosp,2026-04-11,quantile,0.65,67
2026-03-28,53,2,wk inc flu hosp,2026-04-11,quantile,0.7,75
2026-03-28,53,2,wk inc flu hosp,2026-04-11,quantile,0.75,80
2026-03-28,53,2,wk inc flu hosp,2026-04-11,quantile,0.8,88
2026-03-28,53,2,wk inc flu hosp,2026-04-11,quantile,0.85,98
2026-03-28,53,2,wk inc flu hosp,2026-04-11,quantile,0.9,108
2026-03-28,53,2,wk inc flu hosp,2026-04-11,quantile,0.95,123
2026-03-28,53,2,wk inc flu hosp,2026-04-11,quantile,0.975,144
2026-03-28,53,2,wk inc flu hosp,2026-04-11,quantile,0.99,178
2026-03-28,53,3,wk inc flu hosp,2026-04-18,quantile,0.01,6
2026-03-28,53,3,wk inc flu hosp,2026-04-18,quantile,0.025,8
2026-03-28,53,3,wk inc flu hosp,2026-04-18,quantile,0.05,12
2026-03-28,53,3,wk inc flu hosp,2026-04-18,quantile,0.1,16
2026-03-28,53,3,wk inc flu hosp,2026-04-18,quantile,0.15,20
2026-03-28,53,3,wk inc flu hosp,2026-04-18,quantile,0.2,23
2026-03-28,53,3,wk inc flu hosp,2026-04-18,quantile,0.25,29
2026-03-28,53,3,wk inc flu hosp,2026-04-18,quantile,0.3,32
2026-03-28,53,3,wk inc flu hosp,2026-04-18,quantile,0.35,35
2026-03-28,53,3,wk inc flu hosp,2026-04-18,quantile,0.4,37
2026-03-28,53,3,wk inc flu hosp,2026-04-18,quantile,0.45,40
2026-03-28,53,3,wk inc flu hosp,2026-04-18,quantile,0.5,47
2026-03-28,53,3,wk inc flu hosp,2026-04-18,quantile,0.55,51
2026-03-28,53,3,wk inc flu hosp,2026-04-18,quantile,0.6,55
2026-03-28,53,3,wk inc flu hosp,2026-04-18,quantile,0.65,61
2026-03-28,53,3,wk inc flu hosp,2026-04-18,quantile,0.7,68
2026-03-28,53,3,wk inc flu hosp,2026-04-18,quantile,0.75,74
2026-03-28,53,3,wk inc flu hosp,2026-04-18,quantile,0.8,82
2026-03-28,53,3,wk inc flu hosp,2026-04-18,quantile,0.85,93
2026-03-28,53,3,wk inc flu hosp,2026-04-18,quantile,0.9,109
2026-03-28,53,3,wk inc flu hosp,2026-04-18,quantile,0.95,132
2026-03-28,53,3,wk inc flu hosp,2026-04-18,quantile,0.975,153
2026-03-28,53,3,wk inc flu hosp,2026-04-18,quantile,0.99,189
2026-03-28,54,0,wk inc flu hosp,2026-03-28,quantile,0.01,5
2026-03-28,54,0,wk inc flu hosp,2026-03-28,quantile,0.025,7
2026-03-28,54,0,wk inc flu hosp,2026-03-28,quantile,0.05,9
2026-03-28,54,0,wk inc flu hosp,2026-03-28,quantile,0.1,13
2026-03-28,54,0,wk inc flu hosp,2026-03-28,quantile,0.15,15
2026-03-28,54,0,wk inc flu hosp,2026-03-28,quantile,0.2,17
2026-03-28,54,0,wk inc flu hosp,2026-03-28,quantile,0.25,18
2026-03-28,54,0,wk inc flu hosp,2026-03-28,quantile,0.3,19
2026-03-28,54,0,wk inc flu hosp,2026-03-28,quantile,0.35,19
2026-03-28,54,0,wk inc flu hosp,2026-03-28,quantile,0.4,22
2026-03-28,54,0,wk inc flu hosp,2026-03-28,quantile,0.45,24
2026-03-28,54,0,wk inc flu hosp,2026-03-28,quantile,0.5,27
2026-03-28,54,0,wk inc flu hosp,2026-03-28,quantile,0.55,28
2026-03-28,54,0,wk inc flu hosp,2026-03-28,quantile,0.6,30
2026-03-28,54,0,wk inc flu hosp,2026-03-28,quantile,0.65,32
2026-03-28,54,0,wk inc flu hosp,2026-03-28,quantile,0.7,34
2026-03-28,54,0,wk inc flu hosp,2026-03-28,quantile,0.75,37
2026-03-28,54,0,wk inc flu hosp,2026-03-28,quantile,0.8,41
2026-03-28,54,0,wk inc flu hosp,2026-03-28,quantile,0.85,46
2026-03-28,54,0,wk inc flu hosp,2026-03-28,quantile,0.9,50
2026-03-28,54,0,wk inc flu hosp,2026-03-28,quantile,0.95,59
2026-03-28,54,0,wk inc flu hosp,2026-03-28,quantile,0.975,65
2026-03-28,54,0,wk inc flu hosp,2026-03-28,quantile,0.99,78
2026-03-28,54,1,wk inc flu hosp,2026-04-04,quantile,0.01,1
2026-03-28,54,1,wk inc flu hosp,2026-04-04,quantile,0.025,3
2026-03-28,54,1,wk inc flu hosp,2026-04-04,quantile,0.05,4
2026-03-28,54,1,wk inc flu hosp,2026-04-04,quantile,0.1,5
2026-03-28,54,1,wk inc flu hosp,2026-04-04,quantile,0.15,8
2026-03-28,54,1,wk inc flu hosp,2026-04-04,quantile,0.2,11
2026-03-28,54,1,wk inc flu hosp,2026-04-04,quantile,0.25,12
2026-03-28,54,1,wk inc flu hosp,2026-04-04,quantile,0.3,13
2026-03-28,54,1,wk inc flu hosp,2026-04-04,quantile,0.35,16
2026-03-28,54,1,wk inc flu hosp,2026-04-04,quantile,0.4,17
2026-03-28,54,1,wk inc flu hosp,2026-04-04,quantile,0.45,19
2026-03-28,54,1,wk inc flu hosp,2026-04-04,quantile,0.5,21
2026-03-28,54,1,wk inc flu hosp,2026-04-04,quantile,0.55,22
2026-03-28,54,1,wk inc flu hosp,2026-04-04,quantile,0.6,24
2026-03-28,54,1,wk inc flu hosp,2026-04-04,quantile,0.65,26
2026-03-28,54,1,wk inc flu hosp,2026-04-04,quantile,0.7,29
2026-03-28,54,1,wk inc flu hosp,2026-04-04,quantile,0.75,33
2026-03-28,54,1,wk inc flu hosp,2026-04-04,quantile,0.8,36
2026-03-28,54,1,wk inc flu hosp,2026-04-04,quantile,0.85,40
2026-03-28,54,1,wk inc flu hosp,2026-04-04,quantile,0.9,45
2026-03-28,54,1,wk inc flu hosp,2026-04-04,quantile,0.95,55
2026-03-28,54,1,wk inc flu hosp,2026-04-04,quantile,0.975,64
2026-03-28,54,1,wk inc flu hosp,2026-04-04,quantile,0.99,83
2026-03-28,54,2,wk inc flu hosp,2026-04-11,quantile,0.01,0
2026-03-28,54,2,wk inc flu hosp,2026-04-11,quantile,0.025,0
2026-03-28,54,2,wk inc flu hosp,2026-04-11,quantile,0.05,1
2026-03-28,54,2,wk inc flu hosp,2026-04-11,quantile,0.1,3
2026-03-28,54,2,wk inc flu hosp,2026-04-11,quantile,0.15,5
2026-03-28,54,2,wk inc flu hosp,2026-04-11,quantile,0.2,6
2026-03-28,54,2,wk inc flu hosp,2026-04-11,quantile,0.25,7
2026-03-28,54,2,wk inc flu hosp,2026-04-11,quantile,0.3,9
2026-03-28,54,2,wk inc flu hosp,2026-04-11,quantile,0.35,11
2026-03-28,54,2,wk inc flu hosp,2026-04-11,quantile,0.4,13
2026-03-28,54,2,wk inc flu hosp,2026-04-11,quantile,0.45,14
2026-03-28,54,2,wk inc flu hosp,2026-04-11,quantile,0.5,15
2026-03-28,54,2,wk inc flu hosp,2026-04-11,quantile,0.55,16
2026-03-28,54,2,wk inc flu hosp,2026-04-11,quantile,0.6,18
2026-03-28,54,2,wk inc flu hosp,2026-04-11,quantile,0.65,20
2026-03-28,54,2,wk inc flu hosp,2026-04-11,quantile,0.7,22
2026-03-28,54,2,wk inc flu hosp,2026-04-11,quantile,0.75,27
2026-03-28,54,2,wk inc flu hosp,2026-04-11,quantile,0.8,30
2026-03-28,54,2,wk inc flu hosp,2026-04-11,quantile,0.85,32
2026-03-28,54,2,wk inc flu hosp,2026-04-11,quantile,0.9,39
2026-03-28,54,2,wk inc flu hosp,2026-04-11,quantile,0.95,49
2026-03-28,54,2,wk inc flu hosp,2026-04-11,quantile,0.975,63
2026-03-28,54,2,wk inc flu hosp,2026-04-11,quantile,0.99,77
2026-03-28,54,3,wk inc flu hosp,2026-04-18,quantile,0.01,0
2026-03-28,54,3,wk inc flu hosp,2026-04-18,quantile,0.025,0
2026-03-28,54,3,wk inc flu hosp,2026-04-18,quantile,0.05,1
2026-03-28,54,3,wk inc flu hosp,2026-04-18,quantile,0.1,1
2026-03-28,54,3,wk inc flu hosp,2026-04-18,quantile,0.15,3
2026-03-28,54,3,wk inc flu hosp,2026-04-18,quantile,0.2,4
2026-03-28,54,3,wk inc flu hosp,2026-04-18,quantile,0.25,5
2026-03-28,54,3,wk inc flu hosp,2026-04-18,quantile,0.3,6
2026-03-28,54,3,wk inc flu hosp,2026-04-18,quantile,0.35,7
2026-03-28,54,3,wk inc flu hosp,2026-04-18,quantile,0.4,8
2026-03-28,54,3,wk inc flu hosp,2026-04-18,quantile,0.45,10
2026-03-28,54,3,wk inc flu hosp,2026-04-18,quantile,0.5,11
2026-03-28,54,3,wk inc flu hosp,2026-04-18,quantile,0.55,13
2026-03-28,54,3,wk inc flu hosp,2026-04-18,quantile,0.6,14
2026-03-28,54,3,wk inc flu hosp,2026-04-18,quantile,0.65,17
2026-03-28,54,3,wk inc flu hosp,2026-04-18,quantile,0.7,20
2026-03-28,54,3,wk inc flu hosp,2026-04-18,quantile,0.75,22
2026-03-28,54,3,wk inc flu hosp,2026-04-18,quantile,0.8,27
2026-03-28,54,3,wk inc flu hosp,2026-04-18,quantile,0.85,28
2026-03-28,54,3,wk inc flu hosp,2026-04-18,quantile,0.9,34
2026-03-28,54,3,wk inc flu hosp,2026-04-18,quantile,0.95,49
2026-03-28,54,3,wk inc flu hosp,2026-04-18,quantile,0.975,63
2026-03-28,54,3,wk inc flu hosp,2026-04-18,quantile,0.99,82
2026-03-28,55,0,wk inc flu hosp,2026-03-28,quantile,0.01,37
2026-03-28,55,0,wk inc flu hosp,2026-03-28,quantile,0.025,46
2026-03-28,55,0,wk inc flu hosp,2026-03-28,quantile,0.05,55
2026-03-28,55,0,wk inc flu hosp,2026-03-28,quantile,0.1,68
2026-03-28,55,0,wk inc flu hosp,2026-03-28,quantile,0.15,78
2026-03-28,55,0,wk inc flu hosp,2026-03-28,quantile,0.2,83
2026-03-28,55,0,wk inc flu hosp,2026-03-28,quantile,0.25,87
2026-03-28,55,0,wk inc flu hosp,2026-03-28,quantile,0.3,91
2026-03-28,55,0,wk inc flu hosp,2026-03-28,quantile,0.35,97
2026-03-28,55,0,wk inc flu hosp,2026-03-28,quantile,0.4,101
2026-03-28,55,0,wk inc flu hosp,2026-03-28,quantile,0.45,104
2026-03-28,55,0,wk inc flu hosp,2026-03-28,quantile,0.5,112
2026-03-28,55,0,wk inc flu hosp,2026-03-28,quantile,0.55,117
2026-03-28,55,0,wk inc flu hosp,2026-03-28,quantile,0.6,123
2026-03-28,55,0,wk inc flu hosp,2026-03-28,quantile,0.65,129
2026-03-28,55,0,wk inc flu hosp,2026-03-28,quantile,0.7,134
2026-03-28,55,0,wk inc flu hosp,2026-03-28,quantile,0.75,139
2026-03-28,55,0,wk inc flu hosp,2026-03-28,quantile,0.8,144
2026-03-28,55,0,wk inc flu hosp,2026-03-28,quantile,0.85,152
2026-03-28,55,0,wk inc flu hosp,2026-03-28,quantile,0.9,163
2026-03-28,55,0,wk inc flu hosp,2026-03-28,quantile,0.95,187
2026-03-28,55,0,wk inc flu hosp,2026-03-28,quantile,0.975,207
2026-03-28,55,0,wk inc flu hosp,2026-03-28,quantile,0.99,235
2026-03-28,55,1,wk inc flu hosp,2026-04-04,quantile,0.01,21
2026-03-28,55,1,wk inc flu hosp,2026-04-04,quantile,0.025,26
2026-03-28,55,1,wk inc flu hosp,2026-04-04,quantile,0.05,31
2026-03-28,55,1,wk inc flu hosp,2026-04-04,quantile,0.1,44
2026-03-28,55,1,wk inc flu hosp,2026-04-04,quantile,0.15,51
2026-03-28,55,1,wk inc flu hosp,2026-04-04,quantile,0.2,57
2026-03-28,55,1,wk inc flu hosp,2026-04-04,quantile,0.25,62
2026-03-28,55,1,wk inc flu hosp,2026-04-04,quantile,0.3,67
2026-03-28,55,1,wk inc flu hosp,2026-04-04,quantile,0.35,71
2026-03-28,55,1,wk inc flu hosp,2026-04-04,quantile,0.4,77
2026-03-28,55,1,wk inc flu hosp,2026-04-04,quantile,0.45,87
2026-03-28,55,1,wk inc flu hosp,2026-04-04,quantile,0.5,93
2026-03-28,55,1,wk inc flu hosp,2026-04-04,quantile,0.55,99
2026-03-28,55,1,wk inc flu hosp,2026-04-04,quantile,0.6,105
2026-03-28,55,1,wk inc flu hosp,2026-04-04,quantile,0.65,111
2026-03-28,55,1,wk inc flu hosp,2026-04-04,quantile,0.7,119
2026-03-28,55,1,wk inc flu hosp,2026-04-04,quantile,0.75,127
2026-03-28,55,1,wk inc flu hosp,2026-04-04,quantile,0.8,135
2026-03-28,55,1,wk inc flu hosp,2026-04-04,quantile,0.85,149
2026-03-28,55,1,wk inc flu hosp,2026-04-04,quantile,0.9,166
2026-03-28,55,1,wk inc flu hosp,2026-04-04,quantile,0.95,192
2026-03-28,55,1,wk inc flu hosp,2026-04-04,quantile,0.975,219
2026-03-28,55,1,wk inc flu hosp,2026-04-04,quantile,0.99,261
2026-03-28,55,2,wk inc flu hosp,2026-04-11,quantile,0.01,11
2026-03-28,55,2,wk inc flu hosp,2026-04-11,quantile,0.025,16
2026-03-28,55,2,wk inc flu hosp,2026-04-11,quantile,0.05,19
2026-03-28,55,2,wk inc flu hosp,2026-04-11,quantile,0.1,26
2026-03-28,55,2,wk inc flu hosp,2026-04-11,quantile,0.15,36
2026-03-28,55,2,wk inc flu hosp,2026-04-11,quantile,0.2,39
2026-03-28,55,2,wk inc flu hosp,2026-04-11,quantile,0.25,43
2026-03-28,55,2,wk inc flu hosp,2026-04-11,quantile,0.3,50
2026-03-28,55,2,wk inc flu hosp,2026-04-11,quantile,0.35,54
2026-03-28,55,2,wk inc flu hosp,2026-04-11,quantile,0.4,61
2026-03-28,55,2,wk inc flu hosp,2026-04-11,quantile,0.45,71
2026-03-28,55,2,wk inc flu hosp,2026-04-11,quantile,0.5,77
2026-03-28,55,2,wk inc flu hosp,2026-04-11,quantile,0.55,82
2026-03-28,55,2,wk inc flu hosp,2026-04-11,quantile,0.6,90
2026-03-28,55,2,wk inc flu hosp,2026-04-11,quantile,0.65,96
2026-03-28,55,2,wk inc flu hosp,2026-04-11,quantile,0.7,105
2026-03-28,55,2,wk inc flu hosp,2026-04-11,quantile,0.75,115
2026-03-28,55,2,wk inc flu hosp,2026-04-11,quantile,0.8,125
2026-03-28,55,2,wk inc flu hosp,2026-04-11,quantile,0.85,139
2026-03-28,55,2,wk inc flu hosp,2026-04-11,quantile,0.9,156
2026-03-28,55,2,wk inc flu hosp,2026-04-11,quantile,0.95,190
2026-03-28,55,2,wk inc flu hosp,2026-04-11,quantile,0.975,218
2026-03-28,55,2,wk inc flu hosp,2026-04-11,quantile,0.99,276
2026-03-28,55,3,wk inc flu hosp,2026-04-18,quantile,0.01,5
2026-03-28,55,3,wk inc flu hosp,2026-04-18,quantile,0.025,10
2026-03-28,55,3,wk inc flu hosp,2026-04-18,quantile,0.05,14
2026-03-28,55,3,wk inc flu hosp,2026-04-18,quantile,0.1,23
2026-03-28,55,3,wk inc flu hosp,2026-04-18,quantile,0.15,25
2026-03-28,55,3,wk inc flu hosp,2026-04-18,quantile,0.2,31
2026-03-28,55,3,wk inc flu hosp,2026-04-18,quantile,0.25,36
2026-03-28,55,3,wk inc flu hosp,2026-04-18,quantile,0.3,41
2026-03-28,55,3,wk inc flu hosp,2026-04-18,quantile,0.35,49
2026-03-28,55,3,wk inc flu hosp,2026-04-18,quantile,0.4,53
2026-03-28,55,3,wk inc flu hosp,2026-04-18,quantile,0.45,59
2026-03-28,55,3,wk inc flu hosp,2026-04-18,quantile,0.5,64
2026-03-28,55,3,wk inc flu hosp,2026-04-18,quantile,0.55,72
2026-03-28,55,3,wk inc flu hosp,2026-04-18,quantile,0.6,78
2026-03-28,55,3,wk inc flu hosp,2026-04-18,quantile,0.65,86
2026-03-28,55,3,wk inc flu hosp,2026-04-18,quantile,0.7,95
2026-03-28,55,3,wk inc flu hosp,2026-04-18,quantile,0.75,104
2026-03-28,55,3,wk inc flu hosp,2026-04-18,quantile,0.8,117
2026-03-28,55,3,wk inc flu hosp,2026-04-18,quantile,0.85,131
2026-03-28,55,3,wk inc flu hosp,2026-04-18,quantile,0.9,150
2026-03-28,55,3,wk inc flu hosp,2026-04-18,quantile,0.95,189
2026-03-28,55,3,wk inc flu hosp,2026-04-18,quantile,0.975,226
2026-03-28,55,3,wk inc flu hosp,2026-04-18,quantile,0.99,281
2026-03-28,56,0,wk inc flu hosp,2026-03-28,quantile,0.01,1
2026-03-28,56,0,wk inc flu hosp,2026-03-28,quantile,0.025,2
2026-03-28,56,0,wk inc flu hosp,2026-03-28,quantile,0.05,2
2026-03-28,56,0,wk inc flu hosp,2026-03-28,quantile,0.1,3
2026-03-28,56,0,wk inc flu hosp,2026-03-28,quantile,0.15,4
2026-03-28,56,0,wk inc flu hosp,2026-03-28,quantile,0.2,5
2026-03-28,56,0,wk inc flu hosp,2026-03-28,quantile,0.25,6
2026-03-28,56,0,wk inc flu hosp,2026-03-28,quantile,0.3,6
2026-03-28,56,0,wk inc flu hosp,2026-03-28,quantile,0.35,7
2026-03-28,56,0,wk inc flu hosp,2026-03-28,quantile,0.4,7
2026-03-28,56,0,wk inc flu hosp,2026-03-28,quantile,0.45,8
2026-03-28,56,0,wk inc flu hosp,2026-03-28,quantile,0.5,9
2026-03-28,56,0,wk inc flu hosp,2026-03-28,quantile,0.55,10
2026-03-28,56,0,wk inc flu hosp,2026-03-28,quantile,0.6,10
2026-03-28,56,0,wk inc flu hosp,2026-03-28,quantile,0.65,11
2026-03-28,56,0,wk inc flu hosp,2026-03-28,quantile,0.7,12
2026-03-28,56,0,wk inc flu hosp,2026-03-28,quantile,0.75,12
2026-03-28,56,0,wk inc flu hosp,2026-03-28,quantile,0.8,13
2026-03-28,56,0,wk inc flu hosp,2026-03-28,quantile,0.85,14
2026-03-28,56,0,wk inc flu hosp,2026-03-28,quantile,0.9,16
2026-03-28,56,0,wk inc flu hosp,2026-03-28,quantile,0.95,19
2026-03-28,56,0,wk inc flu hosp,2026-03-28,quantile,0.975,20
2026-03-28,56,0,wk inc flu hosp,2026-03-28,quantile,0.99,24
2026-03-28,56,1,wk inc flu hosp,2026-04-04,quantile,0.01,0
2026-03-28,56,1,wk inc flu hosp,2026-04-04,quantile,0.025,1
2026-03-28,56,1,wk inc flu hosp,2026-04-04,quantile,0.05,1
2026-03-28,56,1,wk inc flu hosp,2026-04-04,quantile,0.1,2
2026-03-28,56,1,wk inc flu hosp,2026-04-04,quantile,0.15,3
2026-03-28,56,1,wk inc flu hosp,2026-04-04,quantile,0.2,4
2026-03-28,56,1,wk inc flu hosp,2026-04-04,quantile,0.25,4
2026-03-28,56,1,wk inc flu hosp,2026-04-04,quantile,0.3,5
2026-03-28,56,1,wk inc flu hosp,2026-04-04,quantile,0.35,6
2026-03-28,56,1,wk inc flu hosp,2026-04-04,quantile,0.4,6
2026-03-28,56,1,wk inc flu hosp,2026-04-04,quantile,0.45,7
2026-03-28,56,1,wk inc flu hosp,2026-04-04,quantile,0.5,8
2026-03-28,56,1,wk inc flu hosp,2026-04-04,quantile,0.55,8
2026-03-28,56,1,wk inc flu hosp,2026-04-04,quantile,0.6,9
2026-03-28,56,1,wk inc flu hosp,2026-04-04,quantile,0.65,10
2026-03-28,56,1,wk inc flu hosp,2026-04-04,quantile,0.7,11
2026-03-28,56,1,wk inc flu hosp,2026-04-04,quantile,0.75,12
2026-03-28,56,1,wk inc flu hosp,2026-04-04,quantile,0.8,13
2026-03-28,56,1,wk inc flu hosp,2026-04-04,quantile,0.85,14
2026-03-28,56,1,wk inc flu hosp,2026-04-04,quantile,0.9,16
2026-03-28,56,1,wk inc flu hosp,2026-04-04,quantile,0.95,19
2026-03-28,56,1,wk inc flu hosp,2026-04-04,quantile,0.975,22
2026-03-28,56,1,wk inc flu hosp,2026-04-04,quantile,0.99,26
2026-03-28,56,2,wk inc flu hosp,2026-04-11,quantile,0.01,0
2026-03-28,56,2,wk inc flu hosp,2026-04-11,quantile,0.025,0
2026-03-28,56,2,wk inc flu hosp,2026-04-11,quantile,0.05,1
2026-03-28,56,2,wk inc flu hosp,2026-04-11,quantile,0.1,1
2026-03-28,56,2,wk inc flu hosp,2026-04-11,quantile,0.15,2
2026-03-28,56,2,wk inc flu hosp,2026-04-11,quantile,0.2,2
2026-03-28,56,2,wk inc flu hosp,2026-04-11,quantile,0.25,3
2026-03-28,56,2,wk inc flu hosp,2026-04-11,quantile,0.3,4
2026-03-28,56,2,wk inc flu hosp,2026-04-11,quantile,0.35,4
2026-03-28,56,2,wk inc flu hosp,2026-04-11,quantile,0.4,5
2026-03-28,56,2,wk inc flu hosp,2026-04-11,quantile,0.45,5
2026-03-28,56,2,wk inc flu hosp,2026-04-11,quantile,0.5,6
2026-03-28,56,2,wk inc flu hosp,2026-04-11,quantile,0.55,8
2026-03-28,56,2,wk inc flu hosp,2026-04-11,quantile,0.6,8
2026-03-28,56,2,wk inc flu hosp,2026-04-11,quantile,0.65,9
2026-03-28,56,2,wk inc flu hosp,2026-04-11,quantile,0.7,10
2026-03-28,56,2,wk inc flu hosp,2026-04-11,quantile,0.75,11
2026-03-28,56,2,wk inc flu hosp,2026-04-11,quantile,0.8,12
2026-03-28,56,2,wk inc flu hosp,2026-04-11,quantile,0.85,14
2026-03-28,56,2,wk inc flu hosp,2026-04-11,quantile,0.9,16
2026-03-28,56,2,wk inc flu hosp,2026-04-11,quantile,0.95,20
2026-03-28,56,2,wk inc flu hosp,2026-04-11,quantile,0.975,23
2026-03-28,56,2,wk inc flu hosp,2026-04-11,quantile,0.99,28
2026-03-28,56,3,wk inc flu hosp,2026-04-18,quantile,0.01,0
2026-03-28,56,3,wk inc flu hosp,2026-04-18,quantile,0.025,0
2026-03-28,56,3,wk inc flu hosp,2026-04-18,quantile,0.05,0
2026-03-28,56,3,wk inc flu hosp,2026-04-18,quantile,0.1,1
2026-03-28,56,3,wk inc flu hosp,2026-04-18,quantile,0.15,1
2026-03-28,56,3,wk inc flu hosp,2026-04-18,quantile,0.2,1
2026-03-28,56,3,wk inc flu hosp,2026-04-18,quantile,0.25,2
2026-03-28,56,3,wk inc flu hosp,2026-04-18,quantile,0.3,3
2026-03-28,56,3,wk inc flu hosp,2026-04-18,quantile,0.35,3
2026-03-28,56,3,wk inc flu hosp,2026-04-18,quantile,0.4,4
2026-03-28,56,3,wk inc flu hosp,2026-04-18,quantile,0.45,5
2026-03-28,56,3,wk inc flu hosp,2026-04-18,quantile,0.5,6
2026-03-28,56,3,wk inc flu hosp,2026-04-18,quantile,0.55,7
2026-03-28,56,3,wk inc flu hosp,2026-04-18,quantile,0.6,7
2026-03-28,56,3,wk inc flu hosp,2026-04-18,quantile,0.65,8
2026-03-28,56,3,wk inc flu hosp,2026-04-18,quantile,0.7,9
2026-03-28,56,3,wk inc flu hosp,2026-04-18,quantile,0.75,10
2026-03-28,56,3,wk inc flu hosp,2026-04-18,quantile,0.8,12
2026-03-28,56,3,wk inc flu hosp,2026-04-18,quantile,0.85,14
2026-03-28,56,3,wk inc flu hosp,2026-04-18,quantile,0.9,16
2026-03-28,56,3,wk inc flu hosp,2026-04-18,quantile,0.95,20
2026-03-28,56,3,wk inc flu hosp,2026-04-18,quantile,0.975,24
2026-03-28,56,3,wk inc flu hosp,2026-04-18,quantile,0.99,28
2026-03-28,72,0,wk inc flu hosp,2026-03-28,quantile,0.01,50
2026-03-28,72,0,wk inc flu hosp,2026-03-28,quantile,0.025,59
2026-03-28,72,0,wk inc flu hosp,2026-03-28,quantile,0.05,72
2026-03-28,72,0,wk inc flu hosp,2026-03-28,quantile,0.1,86
2026-03-28,72,0,wk inc flu hosp,2026-03-28,quantile,0.15,96
2026-03-28,72,0,wk inc flu hosp,2026-03-28,quantile,0.2,102
2026-03-28,72,0,wk inc flu hosp,2026-03-28,quantile,0.25,108
2026-03-28,72,0,wk inc flu hosp,2026-03-28,quantile,0.3,113
2026-03-28,72,0,wk inc flu hosp,2026-03-28,quantile,0.35,118
2026-03-28,72,0,wk inc flu hosp,2026-03-28,quantile,0.4,123
2026-03-28,72,0,wk inc flu hosp,2026-03-28,quantile,0.45,127
2026-03-28,72,0,wk inc flu hosp,2026-03-28,quantile,0.5,137
2026-03-28,72,0,wk inc flu hosp,2026-03-28,quantile,0.55,143
2026-03-28,72,0,wk inc flu hosp,2026-03-28,quantile,0.6,148
2026-03-28,72,0,wk inc flu hosp,2026-03-28,quantile,0.65,156
2026-03-28,72,0,wk inc flu hosp,2026-03-28,quantile,0.7,162
2026-03-28,72,0,wk inc flu hosp,2026-03-28,quantile,0.75,167
2026-03-28,72,0,wk inc flu hosp,2026-03-28,quantile,0.8,175
2026-03-28,72,0,wk inc flu hosp,2026-03-28,quantile,0.85,183
2026-03-28,72,0,wk inc flu hosp,2026-03-28,quantile,0.9,193
2026-03-28,72,0,wk inc flu hosp,2026-03-28,quantile,0.95,217
2026-03-28,72,0,wk inc flu hosp,2026-03-28,quantile,0.975,232
2026-03-28,72,0,wk inc flu hosp,2026-03-28,quantile,0.99,251
2026-03-28,72,1,wk inc flu hosp,2026-04-04,quantile,0.01,37
2026-03-28,72,1,wk inc flu hosp,2026-04-04,quantile,0.025,44
2026-03-28,72,1,wk inc flu hosp,2026-04-04,quantile,0.05,57
2026-03-28,72,1,wk inc flu hosp,2026-04-04,quantile,0.1,68
2026-03-28,72,1,wk inc flu hosp,2026-04-04,quantile,0.15,79
2026-03-28,72,1,wk inc flu hosp,2026-04-04,quantile,0.2,87
2026-03-28,72,1,wk inc flu hosp,2026-04-04,quantile,0.25,95
2026-03-28,72,1,wk inc flu hosp,2026-04-04,quantile,0.3,102
2026-03-28,72,1,wk inc flu hosp,2026-04-04,quantile,0.35,108
2026-03-28,72,1,wk inc flu hosp,2026-04-04,quantile,0.4,115
2026-03-28,72,1,wk inc flu hosp,2026-04-04,quantile,0.45,122
2026-03-28,72,1,wk inc flu hosp,2026-04-04,quantile,0.5,131
2026-03-28,72,1,wk inc flu hosp,2026-04-04,quantile,0.55,139
2026-03-28,72,1,wk inc flu hosp,2026-04-04,quantile,0.6,147
2026-03-28,72,1,wk inc flu hosp,2026-04-04,quantile,0.65,154
2026-03-28,72,1,wk inc flu hosp,2026-04-04,quantile,0.7,162
2026-03-28,72,1,wk inc flu hosp,2026-04-04,quantile,0.75,171
2026-03-28,72,1,wk inc flu hosp,2026-04-04,quantile,0.8,180
2026-03-28,72,1,wk inc flu hosp,2026-04-04,quantile,0.85,191
2026-03-28,72,1,wk inc flu hosp,2026-04-04,quantile,0.9,210
2026-03-28,72,1,wk inc flu hosp,2026-04-04,quantile,0.95,241
2026-03-28,72,1,wk inc flu hosp,2026-04-04,quantile,0.975,268
2026-03-28,72,1,wk inc flu hosp,2026-04-04,quantile,0.99,292
2026-03-28,72,2,wk inc flu hosp,2026-04-11,quantile,0.01,26
2026-03-28,72,2,wk inc flu hosp,2026-04-11,quantile,0.025,34
2026-03-28,72,2,wk inc flu hosp,2026-04-11,quantile,0.05,46
2026-03-28,72,2,wk inc flu hosp,2026-04-11,quantile,0.1,63
2026-03-28,72,2,wk inc flu hosp,2026-04-11,quantile,0.15,71
2026-03-28,72,2,wk inc flu hosp,2026-04-11,quantile,0.2,81
2026-03-28,72,2,wk inc flu hosp,2026-04-11,quantile,0.25,89
2026-03-28,72,2,wk inc flu hosp,2026-04-11,quantile,0.3,93
2026-03-28,72,2,wk inc flu hosp,2026-04-11,quantile,0.35,97
2026-03-28,72,2,wk inc flu hosp,2026-04-11,quantile,0.4,105
2026-03-28,72,2,wk inc flu hosp,2026-04-11,quantile,0.45,113
2026-03-28,72,2,wk inc flu hosp,2026-04-11,quantile,0.5,118
2026-03-28,72,2,wk inc flu hosp,2026-04-11,quantile,0.55,128
2026-03-28,72,2,wk inc flu hosp,2026-04-11,quantile,0.6,137
2026-03-28,72,2,wk inc flu hosp,2026-04-11,quantile,0.65,147
2026-03-28,72,2,wk inc flu hosp,2026-04-11,quantile,0.7,160
2026-03-28,72,2,wk inc flu hosp,2026-04-11,quantile,0.75,170
2026-03-28,72,2,wk inc flu hosp,2026-04-11,quantile,0.8,185
2026-03-28,72,2,wk inc flu hosp,2026-04-11,quantile,0.85,203
2026-03-28,72,2,wk inc flu hosp,2026-04-11,quantile,0.9,223
2026-03-28,72,2,wk inc flu hosp,2026-04-11,quantile,0.95,249
2026-03-28,72,2,wk inc flu hosp,2026-04-11,quantile,0.975,296
2026-03-28,72,2,wk inc flu hosp,2026-04-11,quantile,0.99,331
2026-03-28,72,3,wk inc flu hosp,2026-04-18,quantile,0.01,21
2026-03-28,72,3,wk inc flu hosp,2026-04-18,quantile,0.025,27
2026-03-28,72,3,wk inc flu hosp,2026-04-18,quantile,0.05,39
2026-03-28,72,3,wk inc flu hosp,2026-04-18,quantile,0.1,50
2026-03-28,72,3,wk inc flu hosp,2026-04-18,quantile,0.15,68
2026-03-28,72,3,wk inc flu hosp,2026-04-18,quantile,0.2,73
2026-03-28,72,3,wk inc flu hosp,2026-04-18,quantile,0.25,80
2026-03-28,72,3,wk inc flu hosp,2026-04-18,quantile,0.3,87
2026-03-28,72,3,wk inc flu hosp,2026-04-18,quantile,0.35,93
2026-03-28,72,3,wk inc flu hosp,2026-04-18,quantile,0.4,99
2026-03-28,72,3,wk inc flu hosp,2026-04-18,quantile,0.45,106
2026-03-28,72,3,wk inc flu hosp,2026-04-18,quantile,0.5,119
2026-03-28,72,3,wk inc flu hosp,2026-04-18,quantile,0.55,126
2026-03-28,72,3,wk inc flu hosp,2026-04-18,quantile,0.6,136
2026-03-28,72,3,wk inc flu hosp,2026-04-18,quantile,0.65,147
2026-03-28,72,3,wk inc flu hosp,2026-04-18,quantile,0.7,158
2026-03-28,72,3,wk inc flu hosp,2026-04-18,quantile,0.75,173
2026-03-28,72,3,wk inc flu hosp,2026-04-18,quantile,0.8,187
2026-03-28,72,3,wk inc flu hosp,2026-04-18,quantile,0.85,203
2026-03-28,72,3,wk inc flu hosp,2026-04-18,quantile,0.9,234
2026-03-28,72,3,wk inc flu hosp,2026-04-18,quantile,0.95,268
2026-03-28,72,3,wk inc flu hosp,2026-04-18,quantile,0.975,318
2026-03-28,72,3,wk inc flu hosp,2026-04-18,quantile,0.99,357
2026-03-28,US,0,wk inc flu hosp,2026-03-28,quantile,0.01,2123
2026-03-28,US,0,wk inc flu hosp,2026-03-28,quantile,0.025,2488
2026-03-28,US,0,wk inc flu hosp,2026-03-28,quantile,0.05,2801
2026-03-28,US,0,wk inc flu hosp,2026-03-28,quantile,0.1,3162
2026-03-28,US,0,wk inc flu hosp,2026-03-28,quantile,0.15,3428
2026-03-28,US,0,wk inc flu hosp,2026-03-28,quantile,0.2,3645
2026-03-28,US,0,wk inc flu hosp,2026-03-28,quantile,0.25,3764
2026-03-28,US,0,wk inc flu hosp,2026-03-28,quantile,0.3,3929
2026-03-28,US,0,wk inc flu hosp,2026-03-28,quantile,0.35,4081
2026-03-28,US,0,wk inc flu hosp,2026-03-28,quantile,0.4,4231
2026-03-28,US,0,wk inc flu hosp,2026-03-28,quantile,0.45,4375
2026-03-28,US,0,wk inc flu hosp,2026-03-28,quantile,0.5,4590
2026-03-28,US,0,wk inc flu hosp,2026-03-28,quantile,0.55,4749
2026-03-28,US,0,wk inc flu hosp,2026-03-28,quantile,0.6,4876
2026-03-28,US,0,wk inc flu hosp,2026-03-28,quantile,0.65,4991
2026-03-28,US,0,wk inc flu hosp,2026-03-28,quantile,0.7,5147
2026-03-28,US,0,wk inc flu hosp,2026-03-28,quantile,0.75,5378
2026-03-28,US,0,wk inc flu hosp,2026-03-28,quantile,0.8,5578
2026-03-28,US,0,wk inc flu hosp,2026-03-28,quantile,0.85,5791
2026-03-28,US,0,wk inc flu hosp,2026-03-28,quantile,0.9,6138
2026-03-28,US,0,wk inc flu hosp,2026-03-28,quantile,0.95,6834
2026-03-28,US,0,wk inc flu hosp,2026-03-28,quantile,0.975,7407
2026-03-28,US,0,wk inc flu hosp,2026-03-28,quantile,0.99,8328
2026-03-28,US,1,wk inc flu hosp,2026-04-04,quantile,0.01,1279
2026-03-28,US,1,wk inc flu hosp,2026-04-04,quantile,0.025,1429
2026-03-28,US,1,wk inc flu hosp,2026-04-04,quantile,0.05,1731
2026-03-28,US,1,wk inc flu hosp,2026-04-04,quantile,0.1,2165
2026-03-28,US,1,wk inc flu hosp,2026-04-04,quantile,0.15,2461
2026-03-28,US,1,wk inc flu hosp,2026-04-04,quantile,0.2,2753
2026-03-28,US,1,wk inc flu hosp,2026-04-04,quantile,0.25,3007
2026-03-28,US,1,wk inc flu hosp,2026-04-04,quantile,0.3,3189
2026-03-28,US,1,wk inc flu hosp,2026-04-04,quantile,0.35,3393
2026-03-28,US,1,wk inc flu hosp,2026-04-04,quantile,0.4,3504
2026-03-28,US,1,wk inc flu hosp,2026-04-04,quantile,0.45,3619
2026-03-28,US,1,wk inc flu hosp,2026-04-04,quantile,0.5,3840
2026-03-28,US,1,wk inc flu hosp,2026-04-04,quantile,0.55,4031
2026-03-28,US,1,wk inc flu hosp,2026-04-04,quantile,0.6,4190
2026-03-28,US,1,wk inc flu hosp,2026-04-04,quantile,0.65,4365
2026-03-28,US,1,wk inc flu hosp,2026-04-04,quantile,0.7,4497
2026-03-28,US,1,wk inc flu hosp,2026-04-04,quantile,0.75,4692
2026-03-28,US,1,wk inc flu hosp,2026-04-04,quantile,0.8,5022
2026-03-28,US,1,wk inc flu hosp,2026-04-04,quantile,0.85,5422
2026-03-28,US,1,wk inc flu hosp,2026-04-04,quantile,0.9,5867
2026-03-28,US,1,wk inc flu hosp,2026-04-04,quantile,0.95,6726
2026-03-28,US,1,wk inc flu hosp,2026-04-04,quantile,0.975,7279
2026-03-28,US,1,wk inc flu hosp,2026-04-04,quantile,0.99,8089
2026-03-28,US,2,wk inc flu hosp,2026-04-11,quantile,0.01,585
2026-03-28,US,2,wk inc flu hosp,2026-04-11,quantile,0.025,974
2026-03-28,US,2,wk inc flu hosp,2026-04-11,quantile,0.05,1194
2026-03-28,US,2,wk inc flu hosp,2026-04-11,quantile,0.1,1537
2026-03-28,US,2,wk inc flu hosp,2026-04-11,quantile,0.15,1787
2026-03-28,US,2,wk inc flu hosp,2026-04-11,quantile,0.2,1990
2026-03-28,US,2,wk inc flu hosp,2026-04-11,quantile,0.25,2303
2026-03-28,US,2,wk inc flu hosp,2026-04-11,quantile,0.3,2495
2026-03-28,US,2,wk inc flu hosp,2026-04-11,quantile,0.35,2631
2026-03-28,US,2,wk inc flu hosp,2026-04-11,quantile,0.4,2805
2026-03-28,US,2,wk inc flu hosp,2026-04-11,quantile,0.45,2999
2026-03-28,US,2,wk inc flu hosp,2026-04-11,quantile,0.5,3173
2026-03-28,US,2,wk inc flu hosp,2026-04-11,quantile,0.55,3367
2026-03-28,US,2,wk inc flu hosp,2026-04-11,quantile,0.6,3639
2026-03-28,US,2,wk inc flu hosp,2026-04-11,quantile,0.65,3832
2026-03-28,US,2,wk inc flu hosp,2026-04-11,quantile,0.7,4065
2026-03-28,US,2,wk inc flu hosp,2026-04-11,quantile,0.75,4214
2026-03-28,US,2,wk inc flu hosp,2026-04-11,quantile,0.8,4486
2026-03-28,US,2,wk inc flu hosp,2026-04-11,quantile,0.85,4921
2026-03-28,US,2,wk inc flu hosp,2026-04-11,quantile,0.9,5553
2026-03-28,US,2,wk inc flu hosp,2026-04-11,quantile,0.95,6432
2026-03-28,US,2,wk inc flu hosp,2026-04-11,quantile,0.975,7461
2026-03-28,US,2,wk inc flu hosp,2026-04-11,quantile,0.99,8578
2026-03-28,US,3,wk inc flu hosp,2026-04-18,quantile,0.01,392
2026-03-28,US,3,wk inc flu hosp,2026-04-18,quantile,0.025,628
2026-03-28,US,3,wk inc flu hosp,2026-04-18,quantile,0.05,749
2026-03-28,US,3,wk inc flu hosp,2026-04-18,quantile,0.1,1147
2026-03-28,US,3,wk inc flu hosp,2026-04-18,quantile,0.15,1385
2026-03-28,US,3,wk inc flu hosp,2026-04-18,quantile,0.2,1570
2026-03-28,US,3,wk inc flu hosp,2026-04-18,quantile,0.25,1843
2026-03-28,US,3,wk inc flu hosp,2026-04-18,quantile,0.3,1981
2026-03-28,US,3,wk inc flu hosp,2026-04-18,quantile,0.35,2193
2026-03-28,US,3,wk inc flu hosp,2026-04-18,quantile,0.4,2401
2026-03-28,US,3,wk inc flu hosp,2026-04-18,quantile,0.45,2561
2026-03-28,US,3,wk inc flu hosp,2026-04-18,quantile,0.5,2717
2026-03-28,US,3,wk inc flu hosp,2026-04-18,quantile,0.55,2899
2026-03-28,US,3,wk inc flu hosp,2026-04-18,quantile,0.6,3037
2026-03-28,US,3,wk inc flu hosp,2026-04-18,quantile,0.65,3231
2026-03-28,US,3,wk inc flu hosp,2026-04-18,quantile,0.7,3591
2026-03-28,US,3,wk inc flu hosp,2026-04-18,quantile,0.75,3803
2026-03-28,US,3,wk inc flu hosp,2026-04-18,quantile,0.8,4033
2026-03-28,US,3,wk inc flu hosp,2026-04-18,quantile,0.85,4395
2026-03-28,US,3,wk inc flu hosp,2026-04-18,quantile,0.9,5085
2026-03-28,US,3,wk inc flu hosp,2026-04-18,quantile,0.95,6243
2026-03-28,US,3,wk inc flu hosp,2026-04-18,quantile,0.975,7232
2026-03-28,US,3,wk inc flu hosp,2026-04-18,quantile,0.99,8558
