reference_date,location,horizon,target,target_end_date,output_type,output_type_id,value
2026-02-21,01,0,wk inc flu hosp,2026-02-21,quantile,0.01,2
2026-02-21,01,0,wk inc flu hosp,2026-02-21,quantile,0.025,4
2026-02-21,01,0,wk inc flu hosp,2026-02-21,quantile,0.05,5
2026-02-21,01,0,wk inc flu hosp,2026-02-21,quantile,0.1,12
2026-02-21,01,0,wk inc flu hosp,2026-02-21,quantile,0.15,15
2026-02-21,01,0,wk inc flu hosp,2026-02-21,quantile,0.2,17
2026-02-21,01,0,wk inc flu hosp,2026-02-21,quantile,0.25,25
2026-02-21,01,0,wk inc flu hosp,2026-02-21,quantile,0.3,28
2026-02-21,01,0,wk inc flu hosp,2026-02-21,quantile,0.35,31
2026-02-21,01,0,wk inc flu hosp,2026-02-21,quantile,0.4,33
2026-02-21,01,0,wk inc flu hosp,2026-02-21,quantile,0.45,37
2026-02-21,01,0,wk inc flu hosp,2026-02-21,quantile,0.5,45
2026-02-21,01,0,wk inc flu hosp,2026-02-21,quantile,0.55,51
2026-02-21,01,0,wk inc flu hosp,2026-02-21,quantile,0.6,58
2026-02-21,01,0,wk inc flu hosp,2026-02-21,quantile,0.65,70
2026-02-21,01,0,wk inc flu hosp,2026-02-21,quantile,0.7,84
2026-02-21,01,0,wk inc flu hosp,2026-02-21,quantile,0.75,100
2026-02-21,01,0,wk inc flu hosp,2026-02-21,quantile,0.8,108
2026-02-21,01,0,wk inc flu hosp,2026-02-21,quantile,0.85,115
2026-02-21,01,0,wk inc flu hosp,2026-02-21,quantile,0.9,124
2026-02-21,01,0,wk inc flu hosp,2026-02-21,quantile,0.95,151
2026-02-21,01,0,wk inc flu hosp,2026-02-21,quantile,0.975,175
2026-02-21,01,0,wk inc flu hosp,2026-02-21,quantile,0.99,236
2026-02-21,01,1,wk inc flu hosp,2026-02-28,quantile,0.01,1
2026-02-21,01,1,wk inc flu hosp,2026-02-28,quantile,0.025,3
2026-02-21,01,1,wk inc flu hosp,2026-02-28,quantile,0.05,8
2026-02-21,01,1,wk inc flu hosp,2026-02-28,quantile,0.1,10
2026-02-21,01,1,wk inc flu hosp,2026-02-28,quantile,0.15,19
2026-02-21,01,1,wk inc flu hosp,2026-02-28,quantile,0.2,23
2026-02-21,01,1,wk inc flu hosp,2026-02-28,quantile,0.25,25
2026-02-21,01,1,wk inc flu hosp,2026-02-28,quantile,0.3,35
2026-02-21,01,1,wk inc flu hosp,2026-02-28,quantile,0.35,40
2026-02-21,01,1,wk inc flu hosp,2026-02-28,quantile,0.4,43
2026-02-21,01,1,wk inc flu hosp,2026-02-28,quantile,0.45,46
2026-02-21,01,1,wk inc flu hosp,2026-02-28,quantile,0.5,51
2026-02-21,01,1,wk inc flu hosp,2026-02-28,quantile,0.55,57
2026-02-21,01,1,wk inc flu hosp,2026-02-28,quantile,0.6,63
2026-02-21,01,1,wk inc flu hosp,2026-02-28,quantile,0.65,68
2026-02-21,01,1,wk inc flu hosp,2026-02-28,quantile,0.7,85
2026-02-21,01,1,wk inc flu hosp,2026-02-28,quantile,0.75,99
2026-02-21,01,1,wk inc flu hosp,2026-02-28,quantile,0.8,107
2026-02-21,01,1,wk inc flu hosp,2026-02-28,quantile,0.85,118
2026-02-21,01,1,wk inc flu hosp,2026-02-28,quantile,0.9,137
2026-02-21,01,1,wk inc flu hosp,2026-02-28,quantile,0.95,166
2026-02-21,01,1,wk inc flu hosp,2026-02-28,quantile,0.975,212
2026-02-21,01,1,wk inc flu hosp,2026-02-28,quantile,0.99,259
2026-02-21,01,2,wk inc flu hosp,2026-03-07,quantile,0.01,1
2026-02-21,01,2,wk inc flu hosp,2026-03-07,quantile,0.025,2
2026-02-21,01,2,wk inc flu hosp,2026-03-07,quantile,0.05,5
2026-02-21,01,2,wk inc flu hosp,2026-03-07,quantile,0.1,11
2026-02-21,01,2,wk inc flu hosp,2026-03-07,quantile,0.15,15
2026-02-21,01,2,wk inc flu hosp,2026-03-07,quantile,0.2,18
2026-02-21,01,2,wk inc flu hosp,2026-03-07,quantile,0.25,22
2026-02-21,01,2,wk inc flu hosp,2026-03-07,quantile,0.3,26
2026-02-21,01,2,wk inc flu hosp,2026-03-07,quantile,0.35,29
2026-02-21,01,2,wk inc flu hosp,2026-03-07,quantile,0.4,34
2026-02-21,01,2,wk inc flu hosp,2026-03-07,quantile,0.45,36
2026-02-21,01,2,wk inc flu hosp,2026-03-07,quantile,0.5,39
2026-02-21,01,2,wk inc flu hosp,2026-03-07,quantile,0.55,47
2026-02-21,01,2,wk inc flu hosp,2026-03-07,quantile,0.6,51
2026-02-21,01,2,wk inc flu hosp,2026-03-07,quantile,0.65,62
2026-02-21,01,2,wk inc flu hosp,2026-03-07,quantile,0.7,67
2026-02-21,01,2,wk inc flu hosp,2026-03-07,quantile,0.75,76
2026-02-21,01,2,wk inc flu hosp,2026-03-07,quantile,0.8,96
2026-02-21,01,2,wk inc flu hosp,2026-03-07,quantile,0.85,107
2026-02-21,01,2,wk inc flu hosp,2026-03-07,quantile,0.9,123
2026-02-21,01,2,wk inc flu hosp,2026-03-07,quantile,0.95,157
2026-02-21,01,2,wk inc flu hosp,2026-03-07,quantile,0.975,182
2026-02-21,01,2,wk inc flu hosp,2026-03-07,quantile,0.99,245
2026-02-21,01,3,wk inc flu hosp,2026-03-14,quantile,0.01,0
2026-02-21,01,3,wk inc flu hosp,2026-03-14,quantile,0.025,3
2026-02-21,01,3,wk inc flu hosp,2026-03-14,quantile,0.05,5
2026-02-21,01,3,wk inc flu hosp,2026-03-14,quantile,0.1,10
2026-02-21,01,3,wk inc flu hosp,2026-03-14,quantile,0.15,18
2026-02-21,01,3,wk inc flu hosp,2026-03-14,quantile,0.2,20
2026-02-21,01,3,wk inc flu hosp,2026-03-14,quantile,0.25,23
2026-02-21,01,3,wk inc flu hosp,2026-03-14,quantile,0.3,25
2026-02-21,01,3,wk inc flu hosp,2026-03-14,quantile,0.35,31
2026-02-21,01,3,wk inc flu hosp,2026-03-14,quantile,0.4,34
2026-02-21,01,3,wk inc flu hosp,2026-03-14,quantile,0.45,38
2026-02-21,01,3,wk inc flu hosp,2026-03-14,quantile,0.5,43
2026-02-21,01,3,wk inc flu hosp,2026-03-14,quantile,0.55,49
2026-02-21,01,3,wk inc flu hosp,2026-03-14,quantile,0.6,54
2026-02-21,01,3,wk inc flu hosp,2026-03-14,quantile,0.65,59
2026-02-21,01,3,wk inc flu hosp,2026-03-14,quantile,0.7,67
2026-02-21,01,3,wk inc flu hosp,2026-03-14,quantile,0.75,77
2026-02-21,01,3,wk inc flu hosp,2026-03-14,quantile,0.8,86
2026-02-21,01,3,wk inc flu hosp,2026-03-14,quantile,0.85,102
2026-02-21,01,3,wk inc flu hosp,2026-03-14,quantile,0.9,120
2026-02-21,01,3,wk inc flu hosp,2026-03-14,quantile,0.95,155
2026-02-21,01,3,wk inc flu hosp,2026-03-14,quantile,0.975,197
2026-02-21,01,3,wk inc flu hosp,2026-03-14,quantile,0.99,260
2026-02-21,02,0,wk inc flu hosp,2026-02-21,quantile,0.01,0
2026-02-21,02,0,wk inc flu hosp,2026-02-21,quantile,0.025,1
2026-02-21,02,0,wk inc flu hosp,2026-02-21,quantile,0.05,2
2026-02-21,02,0,wk inc flu hosp,2026-02-21,quantile,0.1,3
2026-02-21,02,0,wk inc flu hosp,2026-02-21,quantile,0.15,3
2026-02-21,02,0,wk inc flu hosp,2026-02-21,quantile,0.2,3
2026-02-21,02,0,wk inc flu hosp,2026-02-21,quantile,0.25,4
2026-02-21,02,0,wk inc flu hosp,2026-02-21,quantile,0.3,4
2026-02-21,02,0,wk inc flu hosp,2026-02-21,quantile,0.35,5
2026-02-21,02,0,wk inc flu hosp,2026-02-21,quantile,0.4,6
2026-02-21,02,0,wk inc flu hosp,2026-02-21,quantile,0.45,6
2026-02-21,02,0,wk inc flu hosp,2026-02-21,quantile,0.5,7
2026-02-21,02,0,wk inc flu hosp,2026-02-21,quantile,0.55,8
2026-02-21,02,0,wk inc flu hosp,2026-02-21,quantile,0.6,9
2026-02-21,02,0,wk inc flu hosp,2026-02-21,quantile,0.65,9
2026-02-21,02,0,wk inc flu hosp,2026-02-21,quantile,0.7,10
2026-02-21,02,0,wk inc flu hosp,2026-02-21,quantile,0.75,11
2026-02-21,02,0,wk inc flu hosp,2026-02-21,quantile,0.8,12
2026-02-21,02,0,wk inc flu hosp,2026-02-21,quantile,0.85,13
2026-02-21,02,0,wk inc flu hosp,2026-02-21,quantile,0.9,16
2026-02-21,02,0,wk inc flu hosp,2026-02-21,quantile,0.95,19
2026-02-21,02,0,wk inc flu hosp,2026-02-21,quantile,0.975,22
2026-02-21,02,0,wk inc flu hosp,2026-02-21,quantile,0.99,26
2026-02-21,02,1,wk inc flu hosp,2026-02-28,quantile,0.01,0
2026-02-21,02,1,wk inc flu hosp,2026-02-28,quantile,0.025,0
2026-02-21,02,1,wk inc flu hosp,2026-02-28,quantile,0.05,1
2026-02-21,02,1,wk inc flu hosp,2026-02-28,quantile,0.1,1
2026-02-21,02,1,wk inc flu hosp,2026-02-28,quantile,0.15,2
2026-02-21,02,1,wk inc flu hosp,2026-02-28,quantile,0.2,2
2026-02-21,02,1,wk inc flu hosp,2026-02-28,quantile,0.25,3
2026-02-21,02,1,wk inc flu hosp,2026-02-28,quantile,0.3,4
2026-02-21,02,1,wk inc flu hosp,2026-02-28,quantile,0.35,4
2026-02-21,02,1,wk inc flu hosp,2026-02-28,quantile,0.4,5
2026-02-21,02,1,wk inc flu hosp,2026-02-28,quantile,0.45,5
2026-02-21,02,1,wk inc flu hosp,2026-02-28,quantile,0.5,6
2026-02-21,02,1,wk inc flu hosp,2026-02-28,quantile,0.55,7
2026-02-21,02,1,wk inc flu hosp,2026-02-28,quantile,0.6,8
2026-02-21,02,1,wk inc flu hosp,2026-02-28,quantile,0.65,9
2026-02-21,02,1,wk inc flu hosp,2026-02-28,quantile,0.7,10
2026-02-21,02,1,wk inc flu hosp,2026-02-28,quantile,0.75,11
2026-02-21,02,1,wk inc flu hosp,2026-02-28,quantile,0.8,12
2026-02-21,02,1,wk inc flu hosp,2026-02-28,quantile,0.85,14
2026-02-21,02,1,wk inc flu hosp,2026-02-28,quantile,0.9,16
2026-02-21,02,1,wk inc flu hosp,2026-02-28,quantile,0.95,21
2026-02-21,02,1,wk inc flu hosp,2026-02-28,quantile,0.975,26
2026-02-21,02,1,wk inc flu hosp,2026-02-28,quantile,0.99,29
2026-02-21,02,2,wk inc flu hosp,2026-03-07,quantile,0.01,0
2026-02-21,02,2,wk inc flu hosp,2026-03-07,quantile,0.025,0
2026-02-21,02,2,wk inc flu hosp,2026-03-07,quantile,0.05,0
2026-02-21,02,2,wk inc flu hosp,2026-03-07,quantile,0.1,1
2026-02-21,02,2,wk inc flu hosp,2026-03-07,quantile,0.15,1
2026-02-21,02,2,wk inc flu hosp,2026-03-07,quantile,0.2,2
2026-02-21,02,2,wk inc flu hosp,2026-03-07,quantile,0.25,2
2026-02-21,02,2,wk inc flu hosp,2026-03-07,quantile,0.3,3
2026-02-21,02,2,wk inc flu hosp,2026-03-07,quantile,0.35,3
2026-02-21,02,2,wk inc flu hosp,2026-03-07,quantile,0.4,4
2026-02-21,02,2,wk inc flu hosp,2026-03-07,quantile,0.45,4
2026-02-21,02,2,wk inc flu hosp,2026-03-07,quantile,0.5,6
2026-02-21,02,2,wk inc flu hosp,2026-03-07,quantile,0.55,6
2026-02-21,02,2,wk inc flu hosp,2026-03-07,quantile,0.6,7
2026-02-21,02,2,wk inc flu hosp,2026-03-07,quantile,0.65,8
2026-02-21,02,2,wk inc flu hosp,2026-03-07,quantile,0.7,9
2026-02-21,02,2,wk inc flu hosp,2026-03-07,quantile,0.75,10
2026-02-21,02,2,wk inc flu hosp,2026-03-07,quantile,0.8,11
2026-02-21,02,2,wk inc flu hosp,2026-03-07,quantile,0.85,14
2026-02-21,02,2,wk inc flu hosp,2026-03-07,quantile,0.9,16
2026-02-21,02,2,wk inc flu hosp,2026-03-07,quantile,0.95,22
2026-02-21,02,2,wk inc flu hosp,2026-03-07,quantile,0.975,25
2026-02-21,02,2,wk inc flu hosp,2026-03-07,quantile,0.99,29
2026-02-21,02,3,wk inc flu hosp,2026-03-14,quantile,0.01,0
2026-02-21,02,3,wk inc flu hosp,2026-03-14,quantile,0.025,0
2026-02-21,02,3,wk inc flu hosp,2026-03-14,quantile,0.05,0
2026-02-21,02,3,wk inc flu hosp,2026-03-14,quantile,0.1,0
2026-02-21,02,3,wk inc flu hosp,2026-03-14,quantile,0.15,1
2026-02-21,02,3,wk inc flu hosp,2026-03-14,quantile,0.2,1
2026-02-21,02,3,wk inc flu hosp,2026-03-14,quantile,0.25,2
2026-02-21,02,3,wk inc flu hosp,2026-03-14,quantile,0.3,2
2026-02-21,02,3,wk inc flu hosp,2026-03-14,quantile,0.35,3
2026-02-21,02,3,wk inc flu hosp,2026-03-14,quantile,0.4,3
2026-02-21,02,3,wk inc flu hosp,2026-03-14,quantile,0.45,4
2026-02-21,02,3,wk inc flu hosp,2026-03-14,quantile,0.5,5
2026-02-21,02,3,wk inc flu hosp,2026-03-14,quantile,0.55,6
2026-02-21,02,3,wk inc flu hosp,2026-03-14,quantile,0.6,7
2026-02-21,02,3,wk inc flu hosp,2026-03-14,quantile,0.65,8
2026-02-21,02,3,wk inc flu hosp,2026-03-14,quantile,0.7,9
2026-02-21,02,3,wk inc flu hosp,2026-03-14,quantile,0.75,10
2026-02-21,02,3,wk inc flu hosp,2026-03-14,quantile,0.8,11
2026-02-21,02,3,wk inc flu hosp,2026-03-14,quantile,0.85,14
2026-02-21,02,3,wk inc flu hosp,2026-03-14,quantile,0.9,16
2026-02-21,02,3,wk inc flu hosp,2026-03-14,quantile,0.95,21
2026-02-21,02,3,wk inc flu hosp,2026-03-14,quantile,0.975,27
2026-02-21,02,3,wk inc flu hosp,2026-03-14,quantile,0.99,32
2026-02-21,04,0,wk inc flu hosp,2026-02-21,quantile,0.01,213
2026-02-21,04,0,wk inc flu hosp,2026-02-21,quantile,0.025,243
2026-02-21,04,0,wk inc flu hosp,2026-02-21,quantile,0.05,268
2026-02-21,04,0,wk inc flu hosp,2026-02-21,quantile,0.1,294
2026-02-21,04,0,wk inc flu hosp,2026-02-21,quantile,0.15,317
2026-02-21,04,0,wk inc flu hosp,2026-02-21,quantile,0.2,334
2026-02-21,04,0,wk inc flu hosp,2026-02-21,quantile,0.25,348
2026-02-21,04,0,wk inc flu hosp,2026-02-21,quantile,0.3,362
2026-02-21,04,0,wk inc flu hosp,2026-02-21,quantile,0.35,379
2026-02-21,04,0,wk inc flu hosp,2026-02-21,quantile,0.4,387
2026-02-21,04,0,wk inc flu hosp,2026-02-21,quantile,0.45,405
2026-02-21,04,0,wk inc flu hosp,2026-02-21,quantile,0.5,417
2026-02-21,04,0,wk inc flu hosp,2026-02-21,quantile,0.55,426
2026-02-21,04,0,wk inc flu hosp,2026-02-21,quantile,0.6,438
2026-02-21,04,0,wk inc flu hosp,2026-02-21,quantile,0.65,446
2026-02-21,04,0,wk inc flu hosp,2026-02-21,quantile,0.7,464
2026-02-21,04,0,wk inc flu hosp,2026-02-21,quantile,0.75,478
2026-02-21,04,0,wk inc flu hosp,2026-02-21,quantile,0.8,501
2026-02-21,04,0,wk inc flu hosp,2026-02-21,quantile,0.85,535
2026-02-21,04,0,wk inc flu hosp,2026-02-21,quantile,0.9,576
2026-02-21,04,0,wk inc flu hosp,2026-02-21,quantile,0.95,629
2026-02-21,04,0,wk inc flu hosp,2026-02-21,quantile,0.975,647
2026-02-21,04,0,wk inc flu hosp,2026-02-21,quantile,0.99,715
2026-02-21,04,1,wk inc flu hosp,2026-02-28,quantile,0.01,138
2026-02-21,04,1,wk inc flu hosp,2026-02-28,quantile,0.025,162
2026-02-21,04,1,wk inc flu hosp,2026-02-28,quantile,0.05,197
2026-02-21,04,1,wk inc flu hosp,2026-02-28,quantile,0.1,235
2026-02-21,04,1,wk inc flu hosp,2026-02-28,quantile,0.15,264
2026-02-21,04,1,wk inc flu hosp,2026-02-28,quantile,0.2,286
2026-02-21,04,1,wk inc flu hosp,2026-02-28,quantile,0.25,305
2026-02-21,04,1,wk inc flu hosp,2026-02-28,quantile,0.3,320
2026-02-21,04,1,wk inc flu hosp,2026-02-28,quantile,0.35,339
2026-02-21,04,1,wk inc flu hosp,2026-02-28,quantile,0.4,356
2026-02-21,04,1,wk inc flu hosp,2026-02-28,quantile,0.45,374
2026-02-21,04,1,wk inc flu hosp,2026-02-28,quantile,0.5,391
2026-02-21,04,1,wk inc flu hosp,2026-02-28,quantile,0.55,404
2026-02-21,04,1,wk inc flu hosp,2026-02-28,quantile,0.6,427
2026-02-21,04,1,wk inc flu hosp,2026-02-28,quantile,0.65,445
2026-02-21,04,1,wk inc flu hosp,2026-02-28,quantile,0.7,459
2026-02-21,04,1,wk inc flu hosp,2026-02-28,quantile,0.75,487
2026-02-21,04,1,wk inc flu hosp,2026-02-28,quantile,0.8,515
2026-02-21,04,1,wk inc flu hosp,2026-02-28,quantile,0.85,557
2026-02-21,04,1,wk inc flu hosp,2026-02-28,quantile,0.9,605
2026-02-21,04,1,wk inc flu hosp,2026-02-28,quantile,0.95,678
2026-02-21,04,1,wk inc flu hosp,2026-02-28,quantile,0.975,720
2026-02-21,04,1,wk inc flu hosp,2026-02-28,quantile,0.99,841
2026-02-21,04,2,wk inc flu hosp,2026-03-07,quantile,0.01,95
2026-02-21,04,2,wk inc flu hosp,2026-03-07,quantile,0.025,126
2026-02-21,04,2,wk inc flu hosp,2026-03-07,quantile,0.05,153
2026-02-21,04,2,wk inc flu hosp,2026-03-07,quantile,0.1,192
2026-02-21,04,2,wk inc flu hosp,2026-03-07,quantile,0.15,218
2026-02-21,04,2,wk inc flu hosp,2026-03-07,quantile,0.2,241
2026-02-21,04,2,wk inc flu hosp,2026-03-07,quantile,0.25,261
2026-02-21,04,2,wk inc flu hosp,2026-03-07,quantile,0.3,280
2026-02-21,04,2,wk inc flu hosp,2026-03-07,quantile,0.35,297
2026-02-21,04,2,wk inc flu hosp,2026-03-07,quantile,0.4,318
2026-02-21,04,2,wk inc flu hosp,2026-03-07,quantile,0.45,336
2026-02-21,04,2,wk inc flu hosp,2026-03-07,quantile,0.5,356
2026-02-21,04,2,wk inc flu hosp,2026-03-07,quantile,0.55,372
2026-02-21,04,2,wk inc flu hosp,2026-03-07,quantile,0.6,395
2026-02-21,04,2,wk inc flu hosp,2026-03-07,quantile,0.65,416
2026-02-21,04,2,wk inc flu hosp,2026-03-07,quantile,0.7,448
2026-02-21,04,2,wk inc flu hosp,2026-03-07,quantile,0.75,483
2026-02-21,04,2,wk inc flu hosp,2026-03-07,quantile,0.8,527
2026-02-21,04,2,wk inc flu hosp,2026-03-07,quantile,0.85,559
2026-02-21,04,2,wk inc flu hosp,2026-03-07,quantile,0.9,612
2026-02-21,04,2,wk inc flu hosp,2026-03-07,quantile,0.95,716
2026-02-21,04,2,wk inc flu hosp,2026-03-07,quantile,0.975,815
2026-02-21,04,2,wk inc flu hosp,2026-03-07,quantile,0.99,916
2026-02-21,04,3,wk inc flu hosp,2026-03-14,quantile,0.01,74
2026-02-21,04,3,wk inc flu hosp,2026-03-14,quantile,0.025,99
2026-02-21,04,3,wk inc flu hosp,2026-03-14,quantile,0.05,123
2026-02-21,04,3,wk inc flu hosp,2026-03-14,quantile,0.1,147
2026-02-21,04,3,wk inc flu hosp,2026-03-14,quantile,0.15,170
2026-02-21,04,3,wk inc flu hosp,2026-03-14,quantile,0.2,201
2026-02-21,04,3,wk inc flu hosp,2026-03-14,quantile,0.25,223
2026-02-21,04,3,wk inc flu hosp,2026-03-14,quantile,0.3,243
2026-02-21,04,3,wk inc flu hosp,2026-03-14,quantile,0.35,261
2026-02-21,04,3,wk inc flu hosp,2026-03-14,quantile,0.4,283
2026-02-21,04,3,wk inc flu hosp,2026-03-14,quantile,0.45,301
2026-02-21,04,3,wk inc flu hosp,2026-03-14,quantile,0.5,323
2026-02-21,04,3,wk inc flu hosp,2026-03-14,quantile,0.55,338
2026-02-21,04,3,wk inc flu hosp,2026-03-14,quantile,0.6,357
2026-02-21,04,3,wk inc flu hosp,2026-03-14,quantile,0.65,385
2026-02-21,04,3,wk inc flu hosp,2026-03-14,quantile,0.7,416
2026-02-21,04,3,wk inc flu hosp,2026-03-14,quantile,0.75,449
2026-02-21,04,3,wk inc flu hosp,2026-03-14,quantile,0.8,490
2026-02-21,04,3,wk inc flu hosp,2026-03-14,quantile,0.85,540
2026-02-21,04,3,wk inc flu hosp,2026-03-14,quantile,0.9,612
2026-02-21,04,3,wk inc flu hosp,2026-03-14,quantile,0.95,695
2026-02-21,04,3,wk inc flu hosp,2026-03-14,quantile,0.975,767
2026-02-21,04,3,wk inc flu hosp,2026-03-14,quantile,0.99,867
2026-02-21,05,0,wk inc flu hosp,2026-02-21,quantile,0.01,78
2026-02-21,05,0,wk inc flu hosp,2026-02-21,quantile,0.025,93
2026-02-21,05,0,wk inc flu hosp,2026-02-21,quantile,0.05,107
2026-02-21,05,0,wk inc flu hosp,2026-02-21,quantile,0.1,120
2026-02-21,05,0,wk inc flu hosp,2026-02-21,quantile,0.15,127
2026-02-21,05,0,wk inc flu hosp,2026-02-21,quantile,0.2,138
2026-02-21,05,0,wk inc flu hosp,2026-02-21,quantile,0.25,144
2026-02-21,05,0,wk inc flu hosp,2026-02-21,quantile,0.3,152
2026-02-21,05,0,wk inc flu hosp,2026-02-21,quantile,0.35,159
2026-02-21,05,0,wk inc flu hosp,2026-02-21,quantile,0.4,162
2026-02-21,05,0,wk inc flu hosp,2026-02-21,quantile,0.45,167
2026-02-21,05,0,wk inc flu hosp,2026-02-21,quantile,0.5,170
2026-02-21,05,0,wk inc flu hosp,2026-02-21,quantile,0.55,172
2026-02-21,05,0,wk inc flu hosp,2026-02-21,quantile,0.6,180
2026-02-21,05,0,wk inc flu hosp,2026-02-21,quantile,0.65,188
2026-02-21,05,0,wk inc flu hosp,2026-02-21,quantile,0.7,195
2026-02-21,05,0,wk inc flu hosp,2026-02-21,quantile,0.75,203
2026-02-21,05,0,wk inc flu hosp,2026-02-21,quantile,0.8,216
2026-02-21,05,0,wk inc flu hosp,2026-02-21,quantile,0.85,227
2026-02-21,05,0,wk inc flu hosp,2026-02-21,quantile,0.9,255
2026-02-21,05,0,wk inc flu hosp,2026-02-21,quantile,0.95,282
2026-02-21,05,0,wk inc flu hosp,2026-02-21,quantile,0.975,304
2026-02-21,05,0,wk inc flu hosp,2026-02-21,quantile,0.99,330
2026-02-21,05,1,wk inc flu hosp,2026-02-28,quantile,0.01,51
2026-02-21,05,1,wk inc flu hosp,2026-02-28,quantile,0.025,69
2026-02-21,05,1,wk inc flu hosp,2026-02-28,quantile,0.05,81
2026-02-21,05,1,wk inc flu hosp,2026-02-28,quantile,0.1,95
2026-02-21,05,1,wk inc flu hosp,2026-02-28,quantile,0.15,105
2026-02-21,05,1,wk inc flu hosp,2026-02-28,quantile,0.2,113
2026-02-21,05,1,wk inc flu hosp,2026-02-28,quantile,0.25,120
2026-02-21,05,1,wk inc flu hosp,2026-02-28,quantile,0.3,134
2026-02-21,05,1,wk inc flu hosp,2026-02-28,quantile,0.35,142
2026-02-21,05,1,wk inc flu hosp,2026-02-28,quantile,0.4,151
2026-02-21,05,1,wk inc flu hosp,2026-02-28,quantile,0.45,157
2026-02-21,05,1,wk inc flu hosp,2026-02-28,quantile,0.5,162
2026-02-21,05,1,wk inc flu hosp,2026-02-28,quantile,0.55,165
2026-02-21,05,1,wk inc flu hosp,2026-02-28,quantile,0.6,169
2026-02-21,05,1,wk inc flu hosp,2026-02-28,quantile,0.65,179
2026-02-21,05,1,wk inc flu hosp,2026-02-28,quantile,0.7,192
2026-02-21,05,1,wk inc flu hosp,2026-02-28,quantile,0.75,199
2026-02-21,05,1,wk inc flu hosp,2026-02-28,quantile,0.8,210
2026-02-21,05,1,wk inc flu hosp,2026-02-28,quantile,0.85,227
2026-02-21,05,1,wk inc flu hosp,2026-02-28,quantile,0.9,256
2026-02-21,05,1,wk inc flu hosp,2026-02-28,quantile,0.95,298
2026-02-21,05,1,wk inc flu hosp,2026-02-28,quantile,0.975,326
2026-02-21,05,1,wk inc flu hosp,2026-02-28,quantile,0.99,349
2026-02-21,05,2,wk inc flu hosp,2026-03-07,quantile,0.01,34
2026-02-21,05,2,wk inc flu hosp,2026-03-07,quantile,0.025,45
2026-02-21,05,2,wk inc flu hosp,2026-03-07,quantile,0.05,59
2026-02-21,05,2,wk inc flu hosp,2026-03-07,quantile,0.1,78
2026-02-21,05,2,wk inc flu hosp,2026-03-07,quantile,0.15,89
2026-02-21,05,2,wk inc flu hosp,2026-03-07,quantile,0.2,102
2026-02-21,05,2,wk inc flu hosp,2026-03-07,quantile,0.25,110
2026-02-21,05,2,wk inc flu hosp,2026-03-07,quantile,0.3,117
2026-02-21,05,2,wk inc flu hosp,2026-03-07,quantile,0.35,122
2026-02-21,05,2,wk inc flu hosp,2026-03-07,quantile,0.4,131
2026-02-21,05,2,wk inc flu hosp,2026-03-07,quantile,0.45,139
2026-02-21,05,2,wk inc flu hosp,2026-03-07,quantile,0.5,149
2026-02-21,05,2,wk inc flu hosp,2026-03-07,quantile,0.55,158
2026-02-21,05,2,wk inc flu hosp,2026-03-07,quantile,0.6,167
2026-02-21,05,2,wk inc flu hosp,2026-03-07,quantile,0.65,179
2026-02-21,05,2,wk inc flu hosp,2026-03-07,quantile,0.7,195
2026-02-21,05,2,wk inc flu hosp,2026-03-07,quantile,0.75,208
2026-02-21,05,2,wk inc flu hosp,2026-03-07,quantile,0.8,218
2026-02-21,05,2,wk inc flu hosp,2026-03-07,quantile,0.85,231
2026-02-21,05,2,wk inc flu hosp,2026-03-07,quantile,0.9,258
2026-02-21,05,2,wk inc flu hosp,2026-03-07,quantile,0.95,296
2026-02-21,05,2,wk inc flu hosp,2026-03-07,quantile,0.975,328
2026-02-21,05,2,wk inc flu hosp,2026-03-07,quantile,0.99,367
2026-02-21,05,3,wk inc flu hosp,2026-03-14,quantile,0.01,28
2026-02-21,05,3,wk inc flu hosp,2026-03-14,quantile,0.025,40
2026-02-21,05,3,wk inc flu hosp,2026-03-14,quantile,0.05,49
2026-02-21,05,3,wk inc flu hosp,2026-03-14,quantile,0.1,65
2026-02-21,05,3,wk inc flu hosp,2026-03-14,quantile,0.15,73
2026-02-21,05,3,wk inc flu hosp,2026-03-14,quantile,0.2,86
2026-02-21,05,3,wk inc flu hosp,2026-03-14,quantile,0.25,95
2026-02-21,05,3,wk inc flu hosp,2026-03-14,quantile,0.3,102
2026-02-21,05,3,wk inc flu hosp,2026-03-14,quantile,0.35,112
2026-02-21,05,3,wk inc flu hosp,2026-03-14,quantile,0.4,121
2026-02-21,05,3,wk inc flu hosp,2026-03-14,quantile,0.45,130
2026-02-21,05,3,wk inc flu hosp,2026-03-14,quantile,0.5,144
2026-02-21,05,3,wk inc flu hosp,2026-03-14,quantile,0.55,153
2026-02-21,05,3,wk inc flu hosp,2026-03-14,quantile,0.6,161
2026-02-21,05,3,wk inc flu hosp,2026-03-14,quantile,0.65,169
2026-02-21,05,3,wk inc flu hosp,2026-03-14,quantile,0.7,183
2026-02-21,05,3,wk inc flu hosp,2026-03-14,quantile,0.75,199
2026-02-21,05,3,wk inc flu hosp,2026-03-14,quantile,0.8,217
2026-02-21,05,3,wk inc flu hosp,2026-03-14,quantile,0.85,232
2026-02-21,05,3,wk inc flu hosp,2026-03-14,quantile,0.9,251
2026-02-21,05,3,wk inc flu hosp,2026-03-14,quantile,0.95,286
2026-02-21,05,3,wk inc flu hosp,2026-03-14,quantile,0.975,322
2026-02-21,05,3,wk inc flu hosp,2026-03-14,quantile,0.99,357
2026-02-21,06,0,wk inc flu hosp,2026-02-21,quantile,0.01,902
2026-02-21,06,0,wk inc flu hosp,2026-02-21,quantile,0.025,1005
2026-02-21,06,0,wk inc flu hosp,2026-02-21,quantile,0.05,1114
2026-02-21,06,0,wk inc flu hosp,2026-02-21,quantile,0.1,1226
2026-02-21,06,0,wk inc flu hosp,2026-02-21,quantile,0.15,1305
2026-02-21,06,0,wk inc flu hosp,2026-02-21,quantile,0.2,1367
2026-02-21,06,0,wk inc flu hosp,2026-02-21,quantile,0.25,1409
2026-02-21,06,0,wk inc flu hosp,2026-02-21,quantile,0.3,1457
2026-02-21,06,0,wk inc flu hosp,2026-02-21,quantile,0.35,1489
2026-02-21,06,0,wk inc flu hosp,2026-02-21,quantile,0.4,1526
2026-02-21,06,0,wk inc flu hosp,2026-02-21,quantile,0.45,1560
2026-02-21,06,0,wk inc flu hosp,2026-02-21,quantile,0.5,1590
2026-02-21,06,0,wk inc flu hosp,2026-02-21,quantile,0.55,1640
2026-02-21,06,0,wk inc flu hosp,2026-02-21,quantile,0.6,1677
2026-02-21,06,0,wk inc flu hosp,2026-02-21,quantile,0.65,1711
2026-02-21,06,0,wk inc flu hosp,2026-02-21,quantile,0.7,1755
2026-02-21,06,0,wk inc flu hosp,2026-02-21,quantile,0.75,1816
2026-02-21,06,0,wk inc flu hosp,2026-02-21,quantile,0.8,1877
2026-02-21,06,0,wk inc flu hosp,2026-02-21,quantile,0.85,1961
2026-02-21,06,0,wk inc flu hosp,2026-02-21,quantile,0.9,2056
2026-02-21,06,0,wk inc flu hosp,2026-02-21,quantile,0.95,2225
2026-02-21,06,0,wk inc flu hosp,2026-02-21,quantile,0.975,2380
2026-02-21,06,0,wk inc flu hosp,2026-02-21,quantile,0.99,2597
2026-02-21,06,1,wk inc flu hosp,2026-02-28,quantile,0.01,629
2026-02-21,06,1,wk inc flu hosp,2026-02-28,quantile,0.025,731
2026-02-21,06,1,wk inc flu hosp,2026-02-28,quantile,0.05,846
2026-02-21,06,1,wk inc flu hosp,2026-02-28,quantile,0.1,975
2026-02-21,06,1,wk inc flu hosp,2026-02-28,quantile,0.15,1063
2026-02-21,06,1,wk inc flu hosp,2026-02-28,quantile,0.2,1141
2026-02-21,06,1,wk inc flu hosp,2026-02-28,quantile,0.25,1208
2026-02-21,06,1,wk inc flu hosp,2026-02-28,quantile,0.3,1269
2026-02-21,06,1,wk inc flu hosp,2026-02-28,quantile,0.35,1314
2026-02-21,06,1,wk inc flu hosp,2026-02-28,quantile,0.4,1363
2026-02-21,06,1,wk inc flu hosp,2026-02-28,quantile,0.45,1412
2026-02-21,06,1,wk inc flu hosp,2026-02-28,quantile,0.5,1463
2026-02-21,06,1,wk inc flu hosp,2026-02-28,quantile,0.55,1516
2026-02-21,06,1,wk inc flu hosp,2026-02-28,quantile,0.6,1571
2026-02-21,06,1,wk inc flu hosp,2026-02-28,quantile,0.65,1623
2026-02-21,06,1,wk inc flu hosp,2026-02-28,quantile,0.7,1688
2026-02-21,06,1,wk inc flu hosp,2026-02-28,quantile,0.75,1766
2026-02-21,06,1,wk inc flu hosp,2026-02-28,quantile,0.8,1856
2026-02-21,06,1,wk inc flu hosp,2026-02-28,quantile,0.85,1953
2026-02-21,06,1,wk inc flu hosp,2026-02-28,quantile,0.9,2082
2026-02-21,06,1,wk inc flu hosp,2026-02-28,quantile,0.95,2290
2026-02-21,06,1,wk inc flu hosp,2026-02-28,quantile,0.975,2590
2026-02-21,06,1,wk inc flu hosp,2026-02-28,quantile,0.99,2859
2026-02-21,06,2,wk inc flu hosp,2026-03-07,quantile,0.01,436
2026-02-21,06,2,wk inc flu hosp,2026-03-07,quantile,0.025,561
2026-02-21,06,2,wk inc flu hosp,2026-03-07,quantile,0.05,706
2026-02-21,06,2,wk inc flu hosp,2026-03-07,quantile,0.1,784
2026-02-21,06,2,wk inc flu hosp,2026-03-07,quantile,0.15,871
2026-02-21,06,2,wk inc flu hosp,2026-03-07,quantile,0.2,972
2026-02-21,06,2,wk inc flu hosp,2026-03-07,quantile,0.25,1032
2026-02-21,06,2,wk inc flu hosp,2026-03-07,quantile,0.3,1075
2026-02-21,06,2,wk inc flu hosp,2026-03-07,quantile,0.35,1163
2026-02-21,06,2,wk inc flu hosp,2026-03-07,quantile,0.4,1235
2026-02-21,06,2,wk inc flu hosp,2026-03-07,quantile,0.45,1309
2026-02-21,06,2,wk inc flu hosp,2026-03-07,quantile,0.5,1351
2026-02-21,06,2,wk inc flu hosp,2026-03-07,quantile,0.55,1393
2026-02-21,06,2,wk inc flu hosp,2026-03-07,quantile,0.6,1436
2026-02-21,06,2,wk inc flu hosp,2026-03-07,quantile,0.65,1481
2026-02-21,06,2,wk inc flu hosp,2026-03-07,quantile,0.7,1582
2026-02-21,06,2,wk inc flu hosp,2026-03-07,quantile,0.75,1675
2026-02-21,06,2,wk inc flu hosp,2026-03-07,quantile,0.8,1801
2026-02-21,06,2,wk inc flu hosp,2026-03-07,quantile,0.85,1935
2026-02-21,06,2,wk inc flu hosp,2026-03-07,quantile,0.9,2107
2026-02-21,06,2,wk inc flu hosp,2026-03-07,quantile,0.95,2499
2026-02-21,06,2,wk inc flu hosp,2026-03-07,quantile,0.975,2742
2026-02-21,06,2,wk inc flu hosp,2026-03-07,quantile,0.99,3063
2026-02-21,06,3,wk inc flu hosp,2026-03-14,quantile,0.01,317
2026-02-21,06,3,wk inc flu hosp,2026-03-14,quantile,0.025,427
2026-02-21,06,3,wk inc flu hosp,2026-03-14,quantile,0.05,520
2026-02-21,06,3,wk inc flu hosp,2026-03-14,quantile,0.1,619
2026-02-21,06,3,wk inc flu hosp,2026-03-14,quantile,0.15,698
2026-02-21,06,3,wk inc flu hosp,2026-03-14,quantile,0.2,792
2026-02-21,06,3,wk inc flu hosp,2026-03-14,quantile,0.25,877
2026-02-21,06,3,wk inc flu hosp,2026-03-14,quantile,0.3,999
2026-02-21,06,3,wk inc flu hosp,2026-03-14,quantile,0.35,1050
2026-02-21,06,3,wk inc flu hosp,2026-03-14,quantile,0.4,1141
2026-02-21,06,3,wk inc flu hosp,2026-03-14,quantile,0.45,1232
2026-02-21,06,3,wk inc flu hosp,2026-03-14,quantile,0.5,1278
2026-02-21,06,3,wk inc flu hosp,2026-03-14,quantile,0.55,1326
2026-02-21,06,3,wk inc flu hosp,2026-03-14,quantile,0.6,1380
2026-02-21,06,3,wk inc flu hosp,2026-03-14,quantile,0.65,1415
2026-02-21,06,3,wk inc flu hosp,2026-03-14,quantile,0.7,1496
2026-02-21,06,3,wk inc flu hosp,2026-03-14,quantile,0.75,1588
2026-02-21,06,3,wk inc flu hosp,2026-03-14,quantile,0.8,1688
2026-02-21,06,3,wk inc flu hosp,2026-03-14,quantile,0.85,1813
2026-02-21,06,3,wk inc flu hosp,2026-03-14,quantile,0.9,2004
2026-02-21,06,3,wk inc flu hosp,2026-03-14,quantile,0.95,2435
2026-02-21,06,3,wk inc flu hosp,2026-03-14,quantile,0.975,2833
2026-02-21,06,3,wk inc flu hosp,2026-03-14,quantile,0.99,3120
2026-02-21,08,0,wk inc flu hosp,2026-02-21,quantile,0.01,37
2026-02-21,08,0,wk inc flu hosp,2026-02-21,quantile,0.025,49
2026-02-21,08,0,wk inc flu hosp,2026-02-21,quantile,0.05,58
2026-02-21,08,0,wk inc flu hosp,2026-02-21,quantile,0.1,70
2026-02-21,08,0,wk inc flu hosp,2026-02-21,quantile,0.15,78
2026-02-21,08,0,wk inc flu hosp,2026-02-21,quantile,0.2,85
2026-02-21,08,0,wk inc flu hosp,2026-02-21,quantile,0.25,91
2026-02-21,08,0,wk inc flu hosp,2026-02-21,quantile,0.3,96
2026-02-21,08,0,wk inc flu hosp,2026-02-21,quantile,0.35,100
2026-02-21,08,0,wk inc flu hosp,2026-02-21,quantile,0.4,104
2026-02-21,08,0,wk inc flu hosp,2026-02-21,quantile,0.45,108
2026-02-21,08,0,wk inc flu hosp,2026-02-21,quantile,0.5,112
2026-02-21,08,0,wk inc flu hosp,2026-02-21,quantile,0.55,123
2026-02-21,08,0,wk inc flu hosp,2026-02-21,quantile,0.6,126
2026-02-21,08,0,wk inc flu hosp,2026-02-21,quantile,0.65,133
2026-02-21,08,0,wk inc flu hosp,2026-02-21,quantile,0.7,138
2026-02-21,08,0,wk inc flu hosp,2026-02-21,quantile,0.75,141
2026-02-21,08,0,wk inc flu hosp,2026-02-21,quantile,0.8,149
2026-02-21,08,0,wk inc flu hosp,2026-02-21,quantile,0.85,159
2026-02-21,08,0,wk inc flu hosp,2026-02-21,quantile,0.9,170
2026-02-21,08,0,wk inc flu hosp,2026-02-21,quantile,0.95,199
2026-02-21,08,0,wk inc flu hosp,2026-02-21,quantile,0.975,214
2026-02-21,08,0,wk inc flu hosp,2026-02-21,quantile,0.99,227
2026-02-21,08,1,wk inc flu hosp,2026-02-28,quantile,0.01,21
2026-02-21,08,1,wk inc flu hosp,2026-02-28,quantile,0.025,28
2026-02-21,08,1,wk inc flu hosp,2026-02-28,quantile,0.05,36
2026-02-21,08,1,wk inc flu hosp,2026-02-28,quantile,0.1,51
2026-02-21,08,1,wk inc flu hosp,2026-02-28,quantile,0.15,59
2026-02-21,08,1,wk inc flu hosp,2026-02-28,quantile,0.2,67
2026-02-21,08,1,wk inc flu hosp,2026-02-28,quantile,0.25,73
2026-02-21,08,1,wk inc flu hosp,2026-02-28,quantile,0.3,78
2026-02-21,08,1,wk inc flu hosp,2026-02-28,quantile,0.35,82
2026-02-21,08,1,wk inc flu hosp,2026-02-28,quantile,0.4,88
2026-02-21,08,1,wk inc flu hosp,2026-02-28,quantile,0.45,95
2026-02-21,08,1,wk inc flu hosp,2026-02-28,quantile,0.5,102
2026-02-21,08,1,wk inc flu hosp,2026-02-28,quantile,0.55,109
2026-02-21,08,1,wk inc flu hosp,2026-02-28,quantile,0.6,115
2026-02-21,08,1,wk inc flu hosp,2026-02-28,quantile,0.65,123
2026-02-21,08,1,wk inc flu hosp,2026-02-28,quantile,0.7,130
2026-02-21,08,1,wk inc flu hosp,2026-02-28,quantile,0.75,140
2026-02-21,08,1,wk inc flu hosp,2026-02-28,quantile,0.8,155
2026-02-21,08,1,wk inc flu hosp,2026-02-28,quantile,0.85,170
2026-02-21,08,1,wk inc flu hosp,2026-02-28,quantile,0.9,188
2026-02-21,08,1,wk inc flu hosp,2026-02-28,quantile,0.95,215
2026-02-21,08,1,wk inc flu hosp,2026-02-28,quantile,0.975,241
2026-02-21,08,1,wk inc flu hosp,2026-02-28,quantile,0.99,279
2026-02-21,08,2,wk inc flu hosp,2026-03-07,quantile,0.01,11
2026-02-21,08,2,wk inc flu hosp,2026-03-07,quantile,0.025,14
2026-02-21,08,2,wk inc flu hosp,2026-03-07,quantile,0.05,22
2026-02-21,08,2,wk inc flu hosp,2026-03-07,quantile,0.1,34
2026-02-21,08,2,wk inc flu hosp,2026-03-07,quantile,0.15,41
2026-02-21,08,2,wk inc flu hosp,2026-03-07,quantile,0.2,50
2026-02-21,08,2,wk inc flu hosp,2026-03-07,quantile,0.25,58
2026-02-21,08,2,wk inc flu hosp,2026-03-07,quantile,0.3,65
2026-02-21,08,2,wk inc flu hosp,2026-03-07,quantile,0.35,72
2026-02-21,08,2,wk inc flu hosp,2026-03-07,quantile,0.4,79
2026-02-21,08,2,wk inc flu hosp,2026-03-07,quantile,0.45,86
2026-02-21,08,2,wk inc flu hosp,2026-03-07,quantile,0.5,95
2026-02-21,08,2,wk inc flu hosp,2026-03-07,quantile,0.55,99
2026-02-21,08,2,wk inc flu hosp,2026-03-07,quantile,0.6,110
2026-02-21,08,2,wk inc flu hosp,2026-03-07,quantile,0.65,120
2026-02-21,08,2,wk inc flu hosp,2026-03-07,quantile,0.7,131
2026-02-21,08,2,wk inc flu hosp,2026-03-07,quantile,0.75,143
2026-02-21,08,2,wk inc flu hosp,2026-03-07,quantile,0.8,156
2026-02-21,08,2,wk inc flu hosp,2026-03-07,quantile,0.85,168
2026-02-21,08,2,wk inc flu hosp,2026-03-07,quantile,0.9,183
2026-02-21,08,2,wk inc flu hosp,2026-03-07,quantile,0.95,221
2026-02-21,08,2,wk inc flu hosp,2026-03-07,quantile,0.975,263
2026-02-21,08,2,wk inc flu hosp,2026-03-07,quantile,0.99,317
2026-02-21,08,3,wk inc flu hosp,2026-03-14,quantile,0.01,6
2026-02-21,08,3,wk inc flu hosp,2026-03-14,quantile,0.025,7
2026-02-21,08,3,wk inc flu hosp,2026-03-14,quantile,0.05,15
2026-02-21,08,3,wk inc flu hosp,2026-03-14,quantile,0.1,24
2026-02-21,08,3,wk inc flu hosp,2026-03-14,quantile,0.15,29
2026-02-21,08,3,wk inc flu hosp,2026-03-14,quantile,0.2,41
2026-02-21,08,3,wk inc flu hosp,2026-03-14,quantile,0.25,45
2026-02-21,08,3,wk inc flu hosp,2026-03-14,quantile,0.3,52
2026-02-21,08,3,wk inc flu hosp,2026-03-14,quantile,0.35,60
2026-02-21,08,3,wk inc flu hosp,2026-03-14,quantile,0.4,68
2026-02-21,08,3,wk inc flu hosp,2026-03-14,quantile,0.45,73
2026-02-21,08,3,wk inc flu hosp,2026-03-14,quantile,0.5,79
2026-02-21,08,3,wk inc flu hosp,2026-03-14,quantile,0.55,85
2026-02-21,08,3,wk inc flu hosp,2026-03-14,quantile,0.6,97
2026-02-21,08,3,wk inc flu hosp,2026-03-14,quantile,0.65,106
2026-02-21,08,3,wk inc flu hosp,2026-03-14,quantile,0.7,117
2026-02-21,08,3,wk inc flu hosp,2026-03-14,quantile,0.75,128
2026-02-21,08,3,wk inc flu hosp,2026-03-14,quantile,0.8,140
2026-02-21,08,3,wk inc flu hosp,2026-03-14,quantile,0.85,156
2026-02-21,08,3,wk inc flu hosp,2026-03-14,quantile,0.9,177
2026-02-21,08,3,wk inc flu hosp,2026-03-14,quantile,0.95,217
2026-02-21,08,3,wk inc flu hosp,2026-03-14,quantile,0.975,258
2026-02-21,08,3,wk inc flu hosp,2026-03-14,quantile,0.99,315
2026-02-21,09,0,wk inc flu hosp,2026-02-21,quantile,0.01,7
2026-02-21,09,0,wk inc flu hosp,2026-02-21,quantile,0.025,9
2026-02-21,09,0,wk inc flu hosp,2026-02-21,quantile,0.05,11
2026-02-21,09,0,wk inc flu hosp,2026-02-21,quantile,0.1,14
2026-02-21,09,0,wk inc flu hosp,2026-02-21,quantile,0.15,16
2026-02-21,09,0,wk inc flu hosp,2026-02-21,quantile,0.2,18
2026-02-21,09,0,wk inc flu hosp,2026-02-21,quantile,0.25,20
2026-02-21,09,0,wk inc flu hosp,2026-02-21,quantile,0.3,22
2026-02-21,09,0,wk inc flu hosp,2026-02-21,quantile,0.35,22
2026-02-21,09,0,wk inc flu hosp,2026-02-21,quantile,0.4,26
2026-02-21,09,0,wk inc flu hosp,2026-02-21,quantile,0.45,27
2026-02-21,09,0,wk inc flu hosp,2026-02-21,quantile,0.5,31
2026-02-21,09,0,wk inc flu hosp,2026-02-21,quantile,0.55,33
2026-02-21,09,0,wk inc flu hosp,2026-02-21,quantile,0.6,35
2026-02-21,09,0,wk inc flu hosp,2026-02-21,quantile,0.65,39
2026-02-21,09,0,wk inc flu hosp,2026-02-21,quantile,0.7,40
2026-02-21,09,0,wk inc flu hosp,2026-02-21,quantile,0.75,44
2026-02-21,09,0,wk inc flu hosp,2026-02-21,quantile,0.8,48
2026-02-21,09,0,wk inc flu hosp,2026-02-21,quantile,0.85,53
2026-02-21,09,0,wk inc flu hosp,2026-02-21,quantile,0.9,64
2026-02-21,09,0,wk inc flu hosp,2026-02-21,quantile,0.95,76
2026-02-21,09,0,wk inc flu hosp,2026-02-21,quantile,0.975,85
2026-02-21,09,0,wk inc flu hosp,2026-02-21,quantile,0.99,95
2026-02-21,09,1,wk inc flu hosp,2026-02-28,quantile,0.01,3
2026-02-21,09,1,wk inc flu hosp,2026-02-28,quantile,0.025,4
2026-02-21,09,1,wk inc flu hosp,2026-02-28,quantile,0.05,6
2026-02-21,09,1,wk inc flu hosp,2026-02-28,quantile,0.1,8
2026-02-21,09,1,wk inc flu hosp,2026-02-28,quantile,0.15,10
2026-02-21,09,1,wk inc flu hosp,2026-02-28,quantile,0.2,12
2026-02-21,09,1,wk inc flu hosp,2026-02-28,quantile,0.25,13
2026-02-21,09,1,wk inc flu hosp,2026-02-28,quantile,0.3,15
2026-02-21,09,1,wk inc flu hosp,2026-02-28,quantile,0.35,16
2026-02-21,09,1,wk inc flu hosp,2026-02-28,quantile,0.4,19
2026-02-21,09,1,wk inc flu hosp,2026-02-28,quantile,0.45,22
2026-02-21,09,1,wk inc flu hosp,2026-02-28,quantile,0.5,23
2026-02-21,09,1,wk inc flu hosp,2026-02-28,quantile,0.55,25
2026-02-21,09,1,wk inc flu hosp,2026-02-28,quantile,0.6,33
2026-02-21,09,1,wk inc flu hosp,2026-02-28,quantile,0.65,37
2026-02-21,09,1,wk inc flu hosp,2026-02-28,quantile,0.7,40
2026-02-21,09,1,wk inc flu hosp,2026-02-28,quantile,0.75,45
2026-02-21,09,1,wk inc flu hosp,2026-02-28,quantile,0.8,51
2026-02-21,09,1,wk inc flu hosp,2026-02-28,quantile,0.85,59
2026-02-21,09,1,wk inc flu hosp,2026-02-28,quantile,0.9,69
2026-02-21,09,1,wk inc flu hosp,2026-02-28,quantile,0.95,88
2026-02-21,09,1,wk inc flu hosp,2026-02-28,quantile,0.975,105
2026-02-21,09,1,wk inc flu hosp,2026-02-28,quantile,0.99,124
2026-02-21,09,2,wk inc flu hosp,2026-03-07,quantile,0.01,1
2026-02-21,09,2,wk inc flu hosp,2026-03-07,quantile,0.025,1
2026-02-21,09,2,wk inc flu hosp,2026-03-07,quantile,0.05,2
2026-02-21,09,2,wk inc flu hosp,2026-03-07,quantile,0.1,5
2026-02-21,09,2,wk inc flu hosp,2026-03-07,quantile,0.15,6
2026-02-21,09,2,wk inc flu hosp,2026-03-07,quantile,0.2,7
2026-02-21,09,2,wk inc flu hosp,2026-03-07,quantile,0.25,9
2026-02-21,09,2,wk inc flu hosp,2026-03-07,quantile,0.3,11
2026-02-21,09,2,wk inc flu hosp,2026-03-07,quantile,0.35,15
2026-02-21,09,2,wk inc flu hosp,2026-03-07,quantile,0.4,16
2026-02-21,09,2,wk inc flu hosp,2026-03-07,quantile,0.45,17
2026-02-21,09,2,wk inc flu hosp,2026-03-07,quantile,0.5,21
2026-02-21,09,2,wk inc flu hosp,2026-03-07,quantile,0.55,27
2026-02-21,09,2,wk inc flu hosp,2026-03-07,quantile,0.6,29
2026-02-21,09,2,wk inc flu hosp,2026-03-07,quantile,0.65,35
2026-02-21,09,2,wk inc flu hosp,2026-03-07,quantile,0.7,42
2026-02-21,09,2,wk inc flu hosp,2026-03-07,quantile,0.75,46
2026-02-21,09,2,wk inc flu hosp,2026-03-07,quantile,0.8,53
2026-02-21,09,2,wk inc flu hosp,2026-03-07,quantile,0.85,64
2026-02-21,09,2,wk inc flu hosp,2026-03-07,quantile,0.9,76
2026-02-21,09,2,wk inc flu hosp,2026-03-07,quantile,0.95,99
2026-02-21,09,2,wk inc flu hosp,2026-03-07,quantile,0.975,127
2026-02-21,09,2,wk inc flu hosp,2026-03-07,quantile,0.99,154
2026-02-21,09,3,wk inc flu hosp,2026-03-14,quantile,0.01,0
2026-02-21,09,3,wk inc flu hosp,2026-03-14,quantile,0.025,0
2026-02-21,09,3,wk inc flu hosp,2026-03-14,quantile,0.05,1
2026-02-21,09,3,wk inc flu hosp,2026-03-14,quantile,0.1,2
2026-02-21,09,3,wk inc flu hosp,2026-03-14,quantile,0.15,4
2026-02-21,09,3,wk inc flu hosp,2026-03-14,quantile,0.2,5
2026-02-21,09,3,wk inc flu hosp,2026-03-14,quantile,0.25,6
2026-02-21,09,3,wk inc flu hosp,2026-03-14,quantile,0.3,9
2026-02-21,09,3,wk inc flu hosp,2026-03-14,quantile,0.35,11
2026-02-21,09,3,wk inc flu hosp,2026-03-14,quantile,0.4,14
2026-02-21,09,3,wk inc flu hosp,2026-03-14,quantile,0.45,16
2026-02-21,09,3,wk inc flu hosp,2026-03-14,quantile,0.5,21
2026-02-21,09,3,wk inc flu hosp,2026-03-14,quantile,0.55,23
2026-02-21,09,3,wk inc flu hosp,2026-03-14,quantile,0.6,26
2026-02-21,09,3,wk inc flu hosp,2026-03-14,quantile,0.65,29
2026-02-21,09,3,wk inc flu hosp,2026-03-14,quantile,0.7,38
2026-02-21,09,3,wk inc flu hosp,2026-03-14,quantile,0.75,44
2026-02-21,09,3,wk inc flu hosp,2026-03-14,quantile,0.8,52
2026-02-21,09,3,wk inc flu hosp,2026-03-14,quantile,0.85,61
2026-02-21,09,3,wk inc flu hosp,2026-03-14,quantile,0.9,70
2026-02-21,09,3,wk inc flu hosp,2026-03-14,quantile,0.95,90
2026-02-21,09,3,wk inc flu hosp,2026-03-14,quantile,0.975,114
2026-02-21,09,3,wk inc flu hosp,2026-03-14,quantile,0.99,143
2026-02-21,10,0,wk inc flu hosp,2026-02-21,quantile,0.01,6
2026-02-21,10,0,wk inc flu hosp,2026-02-21,quantile,0.025,8
2026-02-21,10,0,wk inc flu hosp,2026-02-21,quantile,0.05,10
2026-02-21,10,0,wk inc flu hosp,2026-02-21,quantile,0.1,12
2026-02-21,10,0,wk inc flu hosp,2026-02-21,quantile,0.15,14
2026-02-21,10,0,wk inc flu hosp,2026-02-21,quantile,0.2,15
2026-02-21,10,0,wk inc flu hosp,2026-02-21,quantile,0.25,17
2026-02-21,10,0,wk inc flu hosp,2026-02-21,quantile,0.3,18
2026-02-21,10,0,wk inc flu hosp,2026-02-21,quantile,0.35,21
2026-02-21,10,0,wk inc flu hosp,2026-02-21,quantile,0.4,21
2026-02-21,10,0,wk inc flu hosp,2026-02-21,quantile,0.45,22
2026-02-21,10,0,wk inc flu hosp,2026-02-21,quantile,0.5,25
2026-02-21,10,0,wk inc flu hosp,2026-02-21,quantile,0.55,26
2026-02-21,10,0,wk inc flu hosp,2026-02-21,quantile,0.6,28
2026-02-21,10,0,wk inc flu hosp,2026-02-21,quantile,0.65,30
2026-02-21,10,0,wk inc flu hosp,2026-02-21,quantile,0.7,32
2026-02-21,10,0,wk inc flu hosp,2026-02-21,quantile,0.75,34
2026-02-21,10,0,wk inc flu hosp,2026-02-21,quantile,0.8,36
2026-02-21,10,0,wk inc flu hosp,2026-02-21,quantile,0.85,40
2026-02-21,10,0,wk inc flu hosp,2026-02-21,quantile,0.9,44
2026-02-21,10,0,wk inc flu hosp,2026-02-21,quantile,0.95,52
2026-02-21,10,0,wk inc flu hosp,2026-02-21,quantile,0.975,59
2026-02-21,10,0,wk inc flu hosp,2026-02-21,quantile,0.99,66
2026-02-21,10,1,wk inc flu hosp,2026-02-28,quantile,0.01,2
2026-02-21,10,1,wk inc flu hosp,2026-02-28,quantile,0.025,4
2026-02-21,10,1,wk inc flu hosp,2026-02-28,quantile,0.05,5
2026-02-21,10,1,wk inc flu hosp,2026-02-28,quantile,0.1,7
2026-02-21,10,1,wk inc flu hosp,2026-02-28,quantile,0.15,9
2026-02-21,10,1,wk inc flu hosp,2026-02-28,quantile,0.2,9
2026-02-21,10,1,wk inc flu hosp,2026-02-28,quantile,0.25,10
2026-02-21,10,1,wk inc flu hosp,2026-02-28,quantile,0.3,11
2026-02-21,10,1,wk inc flu hosp,2026-02-28,quantile,0.35,14
2026-02-21,10,1,wk inc flu hosp,2026-02-28,quantile,0.4,15
2026-02-21,10,1,wk inc flu hosp,2026-02-28,quantile,0.45,15
2026-02-21,10,1,wk inc flu hosp,2026-02-28,quantile,0.5,20
2026-02-21,10,1,wk inc flu hosp,2026-02-28,quantile,0.55,23
2026-02-21,10,1,wk inc flu hosp,2026-02-28,quantile,0.6,24
2026-02-21,10,1,wk inc flu hosp,2026-02-28,quantile,0.65,27
2026-02-21,10,1,wk inc flu hosp,2026-02-28,quantile,0.7,30
2026-02-21,10,1,wk inc flu hosp,2026-02-28,quantile,0.75,32
2026-02-21,10,1,wk inc flu hosp,2026-02-28,quantile,0.8,34
2026-02-21,10,1,wk inc flu hosp,2026-02-28,quantile,0.85,37
2026-02-21,10,1,wk inc flu hosp,2026-02-28,quantile,0.9,43
2026-02-21,10,1,wk inc flu hosp,2026-02-28,quantile,0.95,50
2026-02-21,10,1,wk inc flu hosp,2026-02-28,quantile,0.975,58
2026-02-21,10,1,wk inc flu hosp,2026-02-28,quantile,0.99,66
2026-02-21,10,2,wk inc flu hosp,2026-03-07,quantile,0.01,1
2026-02-21,10,2,wk inc flu hosp,2026-03-07,quantile,0.025,1
2026-02-21,10,2,wk inc flu hosp,2026-03-07,quantile,0.05,2
2026-02-21,10,2,wk inc flu hosp,2026-03-07,quantile,0.1,3
2026-02-21,10,2,wk inc flu hosp,2026-03-07,quantile,0.15,4
2026-02-21,10,2,wk inc flu hosp,2026-03-07,quantile,0.2,6
2026-02-21,10,2,wk inc flu hosp,2026-03-07,quantile,0.25,7
2026-02-21,10,2,wk inc flu hosp,2026-03-07,quantile,0.3,8
2026-02-21,10,2,wk inc flu hosp,2026-03-07,quantile,0.35,9
2026-02-21,10,2,wk inc flu hosp,2026-03-07,quantile,0.4,11
2026-02-21,10,2,wk inc flu hosp,2026-03-07,quantile,0.45,13
2026-02-21,10,2,wk inc flu hosp,2026-03-07,quantile,0.5,15
2026-02-21,10,2,wk inc flu hosp,2026-03-07,quantile,0.55,16
2026-02-21,10,2,wk inc flu hosp,2026-03-07,quantile,0.6,17
2026-02-21,10,2,wk inc flu hosp,2026-03-07,quantile,0.65,22
2026-02-21,10,2,wk inc flu hosp,2026-03-07,quantile,0.7,24
2026-02-21,10,2,wk inc flu hosp,2026-03-07,quantile,0.75,27
2026-02-21,10,2,wk inc flu hosp,2026-03-07,quantile,0.8,30
2026-02-21,10,2,wk inc flu hosp,2026-03-07,quantile,0.85,36
2026-02-21,10,2,wk inc flu hosp,2026-03-07,quantile,0.9,42
2026-02-21,10,2,wk inc flu hosp,2026-03-07,quantile,0.95,51
2026-02-21,10,2,wk inc flu hosp,2026-03-07,quantile,0.975,62
2026-02-21,10,2,wk inc flu hosp,2026-03-07,quantile,0.99,73
2026-02-21,10,3,wk inc flu hosp,2026-03-14,quantile,0.01,0
2026-02-21,10,3,wk inc flu hosp,2026-03-14,quantile,0.025,0
2026-02-21,10,3,wk inc flu hosp,2026-03-14,quantile,0.05,1
2026-02-21,10,3,wk inc flu hosp,2026-03-14,quantile,0.1,2
2026-02-21,10,3,wk inc flu hosp,2026-03-14,quantile,0.15,3
2026-02-21,10,3,wk inc flu hosp,2026-03-14,quantile,0.2,3
2026-02-21,10,3,wk inc flu hosp,2026-03-14,quantile,0.25,4
2026-02-21,10,3,wk inc flu hosp,2026-03-14,quantile,0.3,5
2026-02-21,10,3,wk inc flu hosp,2026-03-14,quantile,0.35,6
2026-02-21,10,3,wk inc flu hosp,2026-03-14,quantile,0.4,7
2026-02-21,10,3,wk inc flu hosp,2026-03-14,quantile,0.45,9
2026-02-21,10,3,wk inc flu hosp,2026-03-14,quantile,0.5,12
2026-02-21,10,3,wk inc flu hosp,2026-03-14,quantile,0.55,14
2026-02-21,10,3,wk inc flu hosp,2026-03-14,quantile,0.6,15
2026-02-21,10,3,wk inc flu hosp,2026-03-14,quantile,0.65,17
2026-02-21,10,3,wk inc flu hosp,2026-03-14,quantile,0.7,22
2026-02-21,10,3,wk inc flu hosp,2026-03-14,quantile,0.75,25
2026-02-21,10,3,wk inc flu hosp,2026-03-14,quantile,0.8,29
2026-02-21,10,3,wk inc flu hosp,2026-03-14,quantile,0.85,34
2026-02-21,10,3,wk inc flu hosp,2026-03-14,quantile,0.9,37
2026-02-21,10,3,wk inc flu hosp,2026-03-14,quantile,0.95,53
2026-02-21,10,3,wk inc flu hosp,2026-03-14,quantile,0.975,65
2026-02-21,10,3,wk inc flu hosp,2026-03-14,quantile,0.99,75
2026-02-21,11,0,wk inc flu hosp,2026-02-21,quantile,0.01,0
2026-02-21,11,0,wk inc flu hosp,2026-02-21,quantile,0.025,0
2026-02-21,11,0,wk inc flu hosp,2026-02-21,quantile,0.05,0
2026-02-21,11,0,wk inc flu hosp,2026-02-21,quantile,0.1,1
2026-02-21,11,0,wk inc flu hosp,2026-02-21,quantile,0.15,2
2026-02-21,11,0,wk inc flu hosp,2026-02-21,quantile,0.2,2
2026-02-21,11,0,wk inc flu hosp,2026-02-21,quantile,0.25,3
2026-02-21,11,0,wk inc flu hosp,2026-02-21,quantile,0.3,3
2026-02-21,11,0,wk inc flu hosp,2026-02-21,quantile,0.35,3
2026-02-21,11,0,wk inc flu hosp,2026-02-21,quantile,0.4,4
2026-02-21,11,0,wk inc flu hosp,2026-02-21,quantile,0.45,4
2026-02-21,11,0,wk inc flu hosp,2026-02-21,quantile,0.5,5
2026-02-21,11,0,wk inc flu hosp,2026-02-21,quantile,0.55,6
2026-02-21,11,0,wk inc flu hosp,2026-02-21,quantile,0.6,6
2026-02-21,11,0,wk inc flu hosp,2026-02-21,quantile,0.65,7
2026-02-21,11,0,wk inc flu hosp,2026-02-21,quantile,0.7,7
2026-02-21,11,0,wk inc flu hosp,2026-02-21,quantile,0.75,8
2026-02-21,11,0,wk inc flu hosp,2026-02-21,quantile,0.8,9
2026-02-21,11,0,wk inc flu hosp,2026-02-21,quantile,0.85,10
2026-02-21,11,0,wk inc flu hosp,2026-02-21,quantile,0.9,13
2026-02-21,11,0,wk inc flu hosp,2026-02-21,quantile,0.95,18
2026-02-21,11,0,wk inc flu hosp,2026-02-21,quantile,0.975,24
2026-02-21,11,0,wk inc flu hosp,2026-02-21,quantile,0.99,31
2026-02-21,11,1,wk inc flu hosp,2026-02-28,quantile,0.01,0
2026-02-21,11,1,wk inc flu hosp,2026-02-28,quantile,0.025,0
2026-02-21,11,1,wk inc flu hosp,2026-02-28,quantile,0.05,0
2026-02-21,11,1,wk inc flu hosp,2026-02-28,quantile,0.1,0
2026-02-21,11,1,wk inc flu hosp,2026-02-28,quantile,0.15,1
2026-02-21,11,1,wk inc flu hosp,2026-02-28,quantile,0.2,1
2026-02-21,11,1,wk inc flu hosp,2026-02-28,quantile,0.25,2
2026-02-21,11,1,wk inc flu hosp,2026-02-28,quantile,0.3,2
2026-02-21,11,1,wk inc flu hosp,2026-02-28,quantile,0.35,2
2026-02-21,11,1,wk inc flu hosp,2026-02-28,quantile,0.4,3
2026-02-21,11,1,wk inc flu hosp,2026-02-28,quantile,0.45,3
2026-02-21,11,1,wk inc flu hosp,2026-02-28,quantile,0.5,4
2026-02-21,11,1,wk inc flu hosp,2026-02-28,quantile,0.55,5
2026-02-21,11,1,wk inc flu hosp,2026-02-28,quantile,0.6,6
2026-02-21,11,1,wk inc flu hosp,2026-02-28,quantile,0.65,6
2026-02-21,11,1,wk inc flu hosp,2026-02-28,quantile,0.7,8
2026-02-21,11,1,wk inc flu hosp,2026-02-28,quantile,0.75,9
2026-02-21,11,1,wk inc flu hosp,2026-02-28,quantile,0.8,11
2026-02-21,11,1,wk inc flu hosp,2026-02-28,quantile,0.85,13
2026-02-21,11,1,wk inc flu hosp,2026-02-28,quantile,0.9,15
2026-02-21,11,1,wk inc flu hosp,2026-02-28,quantile,0.95,21
2026-02-21,11,1,wk inc flu hosp,2026-02-28,quantile,0.975,30
2026-02-21,11,1,wk inc flu hosp,2026-02-28,quantile,0.99,39
2026-02-21,11,2,wk inc flu hosp,2026-03-07,quantile,0.01,0
2026-02-21,11,2,wk inc flu hosp,2026-03-07,quantile,0.025,0
2026-02-21,11,2,wk inc flu hosp,2026-03-07,quantile,0.05,0
2026-02-21,11,2,wk inc flu hosp,2026-03-07,quantile,0.1,0
2026-02-21,11,2,wk inc flu hosp,2026-03-07,quantile,0.15,0
2026-02-21,11,2,wk inc flu hosp,2026-03-07,quantile,0.2,1
2026-02-21,11,2,wk inc flu hosp,2026-03-07,quantile,0.25,1
2026-02-21,11,2,wk inc flu hosp,2026-03-07,quantile,0.3,2
2026-02-21,11,2,wk inc flu hosp,2026-03-07,quantile,0.35,2
2026-02-21,11,2,wk inc flu hosp,2026-03-07,quantile,0.4,2
2026-02-21,11,2,wk inc flu hosp,2026-03-07,quantile,0.45,3
2026-02-21,11,2,wk inc flu hosp,2026-03-07,quantile,0.5,4
2026-02-21,11,2,wk inc flu hosp,2026-03-07,quantile,0.55,4
2026-02-21,11,2,wk inc flu hosp,2026-03-07,quantile,0.6,6
2026-02-21,11,2,wk inc flu hosp,2026-03-07,quantile,0.65,7
2026-02-21,11,2,wk inc flu hosp,2026-03-07,quantile,0.7,9
2026-02-21,11,2,wk inc flu hosp,2026-03-07,quantile,0.75,11
2026-02-21,11,2,wk inc flu hosp,2026-03-07,quantile,0.8,12
2026-02-21,11,2,wk inc flu hosp,2026-03-07,quantile,0.85,14
2026-02-21,11,2,wk inc flu hosp,2026-03-07,quantile,0.9,19
2026-02-21,11,2,wk inc flu hosp,2026-03-07,quantile,0.95,27
2026-02-21,11,2,wk inc flu hosp,2026-03-07,quantile,0.975,36
2026-02-21,11,2,wk inc flu hosp,2026-03-07,quantile,0.99,44
2026-02-21,11,3,wk inc flu hosp,2026-03-14,quantile,0.01,0
2026-02-21,11,3,wk inc flu hosp,2026-03-14,quantile,0.025,0
2026-02-21,11,3,wk inc flu hosp,2026-03-14,quantile,0.05,0
2026-02-21,11,3,wk inc flu hosp,2026-03-14,quantile,0.1,0
2026-02-21,11,3,wk inc flu hosp,2026-03-14,quantile,0.15,0
2026-02-21,11,3,wk inc flu hosp,2026-03-14,quantile,0.2,0
2026-02-21,11,3,wk inc flu hosp,2026-03-14,quantile,0.25,1
2026-02-21,11,3,wk inc flu hosp,2026-03-14,quantile,0.3,1
2026-02-21,11,3,wk inc flu hosp,2026-03-14,quantile,0.35,2
2026-02-21,11,3,wk inc flu hosp,2026-03-14,quantile,0.4,2
2026-02-21,11,3,wk inc flu hosp,2026-03-14,quantile,0.45,2
2026-02-21,11,3,wk inc flu hosp,2026-03-14,quantile,0.5,3
2026-02-21,11,3,wk inc flu hosp,2026-03-14,quantile,0.55,4
2026-02-21,11,3,wk inc flu hosp,2026-03-14,quantile,0.6,5
2026-02-21,11,3,wk inc flu hosp,2026-03-14,quantile,0.65,5
2026-02-21,11,3,wk inc flu hosp,2026-03-14,quantile,0.7,8
2026-02-21,11,3,wk inc flu hosp,2026-03-14,quantile,0.75,11
2026-02-21,11,3,wk inc flu hosp,2026-03-14,quantile,0.8,12
2026-02-21,11,3,wk inc flu hosp,2026-03-14,quantile,0.85,15
2026-02-21,11,3,wk inc flu hosp,2026-03-14,quantile,0.9,20
2026-02-21,11,3,wk inc flu hosp,2026-03-14,quantile,0.95,28
2026-02-21,11,3,wk inc flu hosp,2026-03-14,quantile,0.975,35
2026-02-21,11,3,wk inc flu hosp,2026-03-14,quantile,0.99,42
2026-02-21,12,0,wk inc flu hosp,2026-02-21,quantile,0.01,1297
2026-02-21,12,0,wk inc flu hosp,2026-02-21,quantile,0.025,1419
2026-02-21,12,0,wk inc flu hosp,2026-02-21,quantile,0.05,1530
2026-02-21,12,0,wk inc flu hosp,2026-02-21,quantile,0.1,1615
2026-02-21,12,0,wk inc flu hosp,2026-02-21,quantile,0.15,1736
2026-02-21,12,0,wk inc flu hosp,2026-02-21,quantile,0.2,1794
2026-02-21,12,0,wk inc flu hosp,2026-02-21,quantile,0.25,1855
2026-02-21,12,0,wk inc flu hosp,2026-02-21,quantile,0.3,1946
2026-02-21,12,0,wk inc flu hosp,2026-02-21,quantile,0.35,1991
2026-02-21,12,0,wk inc flu hosp,2026-02-21,quantile,0.4,2034
2026-02-21,12,0,wk inc flu hosp,2026-02-21,quantile,0.45,2067
2026-02-21,12,0,wk inc flu hosp,2026-02-21,quantile,0.5,2119
2026-02-21,12,0,wk inc flu hosp,2026-02-21,quantile,0.55,2173
2026-02-21,12,0,wk inc flu hosp,2026-02-21,quantile,0.6,2204
2026-02-21,12,0,wk inc flu hosp,2026-02-21,quantile,0.65,2262
2026-02-21,12,0,wk inc flu hosp,2026-02-21,quantile,0.7,2343
2026-02-21,12,0,wk inc flu hosp,2026-02-21,quantile,0.75,2395
2026-02-21,12,0,wk inc flu hosp,2026-02-21,quantile,0.8,2430
2026-02-21,12,0,wk inc flu hosp,2026-02-21,quantile,0.85,2494
2026-02-21,12,0,wk inc flu hosp,2026-02-21,quantile,0.9,2607
2026-02-21,12,0,wk inc flu hosp,2026-02-21,quantile,0.95,2704
2026-02-21,12,0,wk inc flu hosp,2026-02-21,quantile,0.975,2815
2026-02-21,12,0,wk inc flu hosp,2026-02-21,quantile,0.99,2969
2026-02-21,12,1,wk inc flu hosp,2026-02-28,quantile,0.01,942
2026-02-21,12,1,wk inc flu hosp,2026-02-28,quantile,0.025,1043
2026-02-21,12,1,wk inc flu hosp,2026-02-28,quantile,0.05,1203
2026-02-21,12,1,wk inc flu hosp,2026-02-28,quantile,0.1,1377
2026-02-21,12,1,wk inc flu hosp,2026-02-28,quantile,0.15,1441
2026-02-21,12,1,wk inc flu hosp,2026-02-28,quantile,0.2,1528
2026-02-21,12,1,wk inc flu hosp,2026-02-28,quantile,0.25,1618
2026-02-21,12,1,wk inc flu hosp,2026-02-28,quantile,0.3,1718
2026-02-21,12,1,wk inc flu hosp,2026-02-28,quantile,0.35,1808
2026-02-21,12,1,wk inc flu hosp,2026-02-28,quantile,0.4,1853
2026-02-21,12,1,wk inc flu hosp,2026-02-28,quantile,0.45,1905
2026-02-21,12,1,wk inc flu hosp,2026-02-28,quantile,0.5,1961
2026-02-21,12,1,wk inc flu hosp,2026-02-28,quantile,0.55,2028
2026-02-21,12,1,wk inc flu hosp,2026-02-28,quantile,0.6,2071
2026-02-21,12,1,wk inc flu hosp,2026-02-28,quantile,0.65,2126
2026-02-21,12,1,wk inc flu hosp,2026-02-28,quantile,0.7,2162
2026-02-21,12,1,wk inc flu hosp,2026-02-28,quantile,0.75,2229
2026-02-21,12,1,wk inc flu hosp,2026-02-28,quantile,0.8,2321
2026-02-21,12,1,wk inc flu hosp,2026-02-28,quantile,0.85,2460
2026-02-21,12,1,wk inc flu hosp,2026-02-28,quantile,0.9,2561
2026-02-21,12,1,wk inc flu hosp,2026-02-28,quantile,0.95,2862
2026-02-21,12,1,wk inc flu hosp,2026-02-28,quantile,0.975,3074
2026-02-21,12,1,wk inc flu hosp,2026-02-28,quantile,0.99,3293
2026-02-21,12,2,wk inc flu hosp,2026-03-07,quantile,0.01,643
2026-02-21,12,2,wk inc flu hosp,2026-03-07,quantile,0.025,832
2026-02-21,12,2,wk inc flu hosp,2026-03-07,quantile,0.05,975
2026-02-21,12,2,wk inc flu hosp,2026-03-07,quantile,0.1,1119
2026-02-21,12,2,wk inc flu hosp,2026-03-07,quantile,0.15,1155
2026-02-21,12,2,wk inc flu hosp,2026-03-07,quantile,0.2,1254
2026-02-21,12,2,wk inc flu hosp,2026-03-07,quantile,0.25,1299
2026-02-21,12,2,wk inc flu hosp,2026-03-07,quantile,0.3,1432
2026-02-21,12,2,wk inc flu hosp,2026-03-07,quantile,0.35,1512
2026-02-21,12,2,wk inc flu hosp,2026-03-07,quantile,0.4,1602
2026-02-21,12,2,wk inc flu hosp,2026-03-07,quantile,0.45,1690
2026-02-21,12,2,wk inc flu hosp,2026-03-07,quantile,0.5,1784
2026-02-21,12,2,wk inc flu hosp,2026-03-07,quantile,0.55,1871
2026-02-21,12,2,wk inc flu hosp,2026-03-07,quantile,0.6,1935
2026-02-21,12,2,wk inc flu hosp,2026-03-07,quantile,0.65,2050
2026-02-21,12,2,wk inc flu hosp,2026-03-07,quantile,0.7,2168
2026-02-21,12,2,wk inc flu hosp,2026-03-07,quantile,0.75,2267
2026-02-21,12,2,wk inc flu hosp,2026-03-07,quantile,0.8,2372
2026-02-21,12,2,wk inc flu hosp,2026-03-07,quantile,0.85,2484
2026-02-21,12,2,wk inc flu hosp,2026-03-07,quantile,0.9,2700
2026-02-21,12,2,wk inc flu hosp,2026-03-07,quantile,0.95,2880
2026-02-21,12,2,wk inc flu hosp,2026-03-07,quantile,0.975,3301
2026-02-21,12,2,wk inc flu hosp,2026-03-07,quantile,0.99,3598
2026-02-21,12,3,wk inc flu hosp,2026-03-14,quantile,0.01,487
2026-02-21,12,3,wk inc flu hosp,2026-03-14,quantile,0.025,617
2026-02-21,12,3,wk inc flu hosp,2026-03-14,quantile,0.05,716
2026-02-21,12,3,wk inc flu hosp,2026-03-14,quantile,0.1,843
2026-02-21,12,3,wk inc flu hosp,2026-03-14,quantile,0.15,926
2026-02-21,12,3,wk inc flu hosp,2026-03-14,quantile,0.2,994
2026-02-21,12,3,wk inc flu hosp,2026-03-14,quantile,0.25,1041
2026-02-21,12,3,wk inc flu hosp,2026-03-14,quantile,0.3,1150
2026-02-21,12,3,wk inc flu hosp,2026-03-14,quantile,0.35,1227
2026-02-21,12,3,wk inc flu hosp,2026-03-14,quantile,0.4,1325
2026-02-21,12,3,wk inc flu hosp,2026-03-14,quantile,0.45,1406
2026-02-21,12,3,wk inc flu hosp,2026-03-14,quantile,0.5,1502
2026-02-21,12,3,wk inc flu hosp,2026-03-14,quantile,0.55,1613
2026-02-21,12,3,wk inc flu hosp,2026-03-14,quantile,0.6,1743
2026-02-21,12,3,wk inc flu hosp,2026-03-14,quantile,0.65,1857
2026-02-21,12,3,wk inc flu hosp,2026-03-14,quantile,0.7,2032
2026-02-21,12,3,wk inc flu hosp,2026-03-14,quantile,0.75,2174
2026-02-21,12,3,wk inc flu hosp,2026-03-14,quantile,0.8,2267
2026-02-21,12,3,wk inc flu hosp,2026-03-14,quantile,0.85,2455
2026-02-21,12,3,wk inc flu hosp,2026-03-14,quantile,0.9,2640
2026-02-21,12,3,wk inc flu hosp,2026-03-14,quantile,0.95,2816
2026-02-21,12,3,wk inc flu hosp,2026-03-14,quantile,0.975,3095
2026-02-21,12,3,wk inc flu hosp,2026-03-14,quantile,0.99,3423
2026-02-21,13,0,wk inc flu hosp,2026-02-21,quantile,0.01,189
2026-02-21,13,0,wk inc flu hosp,2026-02-21,quantile,0.025,206
2026-02-21,13,0,wk inc flu hosp,2026-02-21,quantile,0.05,232
2026-02-21,13,0,wk inc flu hosp,2026-02-21,quantile,0.1,266
2026-02-21,13,0,wk inc flu hosp,2026-02-21,quantile,0.15,288
2026-02-21,13,0,wk inc flu hosp,2026-02-21,quantile,0.2,306
2026-02-21,13,0,wk inc flu hosp,2026-02-21,quantile,0.25,322
2026-02-21,13,0,wk inc flu hosp,2026-02-21,quantile,0.3,338
2026-02-21,13,0,wk inc flu hosp,2026-02-21,quantile,0.35,353
2026-02-21,13,0,wk inc flu hosp,2026-02-21,quantile,0.4,367
2026-02-21,13,0,wk inc flu hosp,2026-02-21,quantile,0.45,387
2026-02-21,13,0,wk inc flu hosp,2026-02-21,quantile,0.5,406
2026-02-21,13,0,wk inc flu hosp,2026-02-21,quantile,0.55,417
2026-02-21,13,0,wk inc flu hosp,2026-02-21,quantile,0.6,430
2026-02-21,13,0,wk inc flu hosp,2026-02-21,quantile,0.65,442
2026-02-21,13,0,wk inc flu hosp,2026-02-21,quantile,0.7,459
2026-02-21,13,0,wk inc flu hosp,2026-02-21,quantile,0.75,477
2026-02-21,13,0,wk inc flu hosp,2026-02-21,quantile,0.8,490
2026-02-21,13,0,wk inc flu hosp,2026-02-21,quantile,0.85,520
2026-02-21,13,0,wk inc flu hosp,2026-02-21,quantile,0.9,555
2026-02-21,13,0,wk inc flu hosp,2026-02-21,quantile,0.95,598
2026-02-21,13,0,wk inc flu hosp,2026-02-21,quantile,0.975,654
2026-02-21,13,0,wk inc flu hosp,2026-02-21,quantile,0.99,752
2026-02-21,13,1,wk inc flu hosp,2026-02-28,quantile,0.01,112
2026-02-21,13,1,wk inc flu hosp,2026-02-28,quantile,0.025,143
2026-02-21,13,1,wk inc flu hosp,2026-02-28,quantile,0.05,170
2026-02-21,13,1,wk inc flu hosp,2026-02-28,quantile,0.1,201
2026-02-21,13,1,wk inc flu hosp,2026-02-28,quantile,0.15,226
2026-02-21,13,1,wk inc flu hosp,2026-02-28,quantile,0.2,249
2026-02-21,13,1,wk inc flu hosp,2026-02-28,quantile,0.25,271
2026-02-21,13,1,wk inc flu hosp,2026-02-28,quantile,0.3,289
2026-02-21,13,1,wk inc flu hosp,2026-02-28,quantile,0.35,307
2026-02-21,13,1,wk inc flu hosp,2026-02-28,quantile,0.4,320
2026-02-21,13,1,wk inc flu hosp,2026-02-28,quantile,0.45,341
2026-02-21,13,1,wk inc flu hosp,2026-02-28,quantile,0.5,363
2026-02-21,13,1,wk inc flu hosp,2026-02-28,quantile,0.55,386
2026-02-21,13,1,wk inc flu hosp,2026-02-28,quantile,0.6,408
2026-02-21,13,1,wk inc flu hosp,2026-02-28,quantile,0.65,429
2026-02-21,13,1,wk inc flu hosp,2026-02-28,quantile,0.7,450
2026-02-21,13,1,wk inc flu hosp,2026-02-28,quantile,0.75,469
2026-02-21,13,1,wk inc flu hosp,2026-02-28,quantile,0.8,493
2026-02-21,13,1,wk inc flu hosp,2026-02-28,quantile,0.85,523
2026-02-21,13,1,wk inc flu hosp,2026-02-28,quantile,0.9,582
2026-02-21,13,1,wk inc flu hosp,2026-02-28,quantile,0.95,664
2026-02-21,13,1,wk inc flu hosp,2026-02-28,quantile,0.975,749
2026-02-21,13,1,wk inc flu hosp,2026-02-28,quantile,0.99,851
2026-02-21,13,2,wk inc flu hosp,2026-03-07,quantile,0.01,93
2026-02-21,13,2,wk inc flu hosp,2026-03-07,quantile,0.025,112
2026-02-21,13,2,wk inc flu hosp,2026-03-07,quantile,0.05,133
2026-02-21,13,2,wk inc flu hosp,2026-03-07,quantile,0.1,165
2026-02-21,13,2,wk inc flu hosp,2026-03-07,quantile,0.15,188
2026-02-21,13,2,wk inc flu hosp,2026-03-07,quantile,0.2,209
2026-02-21,13,2,wk inc flu hosp,2026-03-07,quantile,0.25,227
2026-02-21,13,2,wk inc flu hosp,2026-03-07,quantile,0.3,247
2026-02-21,13,2,wk inc flu hosp,2026-03-07,quantile,0.35,266
2026-02-21,13,2,wk inc flu hosp,2026-03-07,quantile,0.4,285
2026-02-21,13,2,wk inc flu hosp,2026-03-07,quantile,0.45,310
2026-02-21,13,2,wk inc flu hosp,2026-03-07,quantile,0.5,337
2026-02-21,13,2,wk inc flu hosp,2026-03-07,quantile,0.55,363
2026-02-21,13,2,wk inc flu hosp,2026-03-07,quantile,0.6,387
2026-02-21,13,2,wk inc flu hosp,2026-03-07,quantile,0.65,409
2026-02-21,13,2,wk inc flu hosp,2026-03-07,quantile,0.7,432
2026-02-21,13,2,wk inc flu hosp,2026-03-07,quantile,0.75,461
2026-02-21,13,2,wk inc flu hosp,2026-03-07,quantile,0.8,494
2026-02-21,13,2,wk inc flu hosp,2026-03-07,quantile,0.85,527
2026-02-21,13,2,wk inc flu hosp,2026-03-07,quantile,0.9,593
2026-02-21,13,2,wk inc flu hosp,2026-03-07,quantile,0.95,681
2026-02-21,13,2,wk inc flu hosp,2026-03-07,quantile,0.975,795
2026-02-21,13,2,wk inc flu hosp,2026-03-07,quantile,0.99,896
2026-02-21,13,3,wk inc flu hosp,2026-03-14,quantile,0.01,62
2026-02-21,13,3,wk inc flu hosp,2026-03-14,quantile,0.025,81
2026-02-21,13,3,wk inc flu hosp,2026-03-14,quantile,0.05,102
2026-02-21,13,3,wk inc flu hosp,2026-03-14,quantile,0.1,138
2026-02-21,13,3,wk inc flu hosp,2026-03-14,quantile,0.15,158
2026-02-21,13,3,wk inc flu hosp,2026-03-14,quantile,0.2,186
2026-02-21,13,3,wk inc flu hosp,2026-03-14,quantile,0.25,204
2026-02-21,13,3,wk inc flu hosp,2026-03-14,quantile,0.3,224
2026-02-21,13,3,wk inc flu hosp,2026-03-14,quantile,0.35,241
2026-02-21,13,3,wk inc flu hosp,2026-03-14,quantile,0.4,258
2026-02-21,13,3,wk inc flu hosp,2026-03-14,quantile,0.45,275
2026-02-21,13,3,wk inc flu hosp,2026-03-14,quantile,0.5,306
2026-02-21,13,3,wk inc flu hosp,2026-03-14,quantile,0.55,328
2026-02-21,13,3,wk inc flu hosp,2026-03-14,quantile,0.6,346
2026-02-21,13,3,wk inc flu hosp,2026-03-14,quantile,0.65,369
2026-02-21,13,3,wk inc flu hosp,2026-03-14,quantile,0.7,393
2026-02-21,13,3,wk inc flu hosp,2026-03-14,quantile,0.75,432
2026-02-21,13,3,wk inc flu hosp,2026-03-14,quantile,0.8,473
2026-02-21,13,3,wk inc flu hosp,2026-03-14,quantile,0.85,514
2026-02-21,13,3,wk inc flu hosp,2026-03-14,quantile,0.9,573
2026-02-21,13,3,wk inc flu hosp,2026-03-14,quantile,0.95,670
2026-02-21,13,3,wk inc flu hosp,2026-03-14,quantile,0.975,777
2026-02-21,13,3,wk inc flu hosp,2026-03-14,quantile,0.99,922
2026-02-21,15,0,wk inc flu hosp,2026-02-21,quantile,0.01,6
2026-02-21,15,0,wk inc flu hosp,2026-02-21,quantile,0.025,7
2026-02-21,15,0,wk inc flu hosp,2026-02-21,quantile,0.05,10
2026-02-21,15,0,wk inc flu hosp,2026-02-21,quantile,0.1,12
2026-02-21,15,0,wk inc flu hosp,2026-02-21,quantile,0.15,13
2026-02-21,15,0,wk inc flu hosp,2026-02-21,quantile,0.2,15
2026-02-21,15,0,wk inc flu hosp,2026-02-21,quantile,0.25,16
2026-02-21,15,0,wk inc flu hosp,2026-02-21,quantile,0.3,17
2026-02-21,15,0,wk inc flu hosp,2026-02-21,quantile,0.35,18
2026-02-21,15,0,wk inc flu hosp,2026-02-21,quantile,0.4,19
2026-02-21,15,0,wk inc flu hosp,2026-02-21,quantile,0.45,20
2026-02-21,15,0,wk inc flu hosp,2026-02-21,quantile,0.5,21
2026-02-21,15,0,wk inc flu hosp,2026-02-21,quantile,0.55,22
2026-02-21,15,0,wk inc flu hosp,2026-02-21,quantile,0.6,25
2026-02-21,15,0,wk inc flu hosp,2026-02-21,quantile,0.65,26
2026-02-21,15,0,wk inc flu hosp,2026-02-21,quantile,0.7,27
2026-02-21,15,0,wk inc flu hosp,2026-02-21,quantile,0.75,28
2026-02-21,15,0,wk inc flu hosp,2026-02-21,quantile,0.8,30
2026-02-21,15,0,wk inc flu hosp,2026-02-21,quantile,0.85,32
2026-02-21,15,0,wk inc flu hosp,2026-02-21,quantile,0.9,35
2026-02-21,15,0,wk inc flu hosp,2026-02-21,quantile,0.95,41
2026-02-21,15,0,wk inc flu hosp,2026-02-21,quantile,0.975,46
2026-02-21,15,0,wk inc flu hosp,2026-02-21,quantile,0.99,48
2026-02-21,15,1,wk inc flu hosp,2026-02-28,quantile,0.01,3
2026-02-21,15,1,wk inc flu hosp,2026-02-28,quantile,0.025,4
2026-02-21,15,1,wk inc flu hosp,2026-02-28,quantile,0.05,6
2026-02-21,15,1,wk inc flu hosp,2026-02-28,quantile,0.1,8
2026-02-21,15,1,wk inc flu hosp,2026-02-28,quantile,0.15,10
2026-02-21,15,1,wk inc flu hosp,2026-02-28,quantile,0.2,11
2026-02-21,15,1,wk inc flu hosp,2026-02-28,quantile,0.25,13
2026-02-21,15,1,wk inc flu hosp,2026-02-28,quantile,0.3,14
2026-02-21,15,1,wk inc flu hosp,2026-02-28,quantile,0.35,15
2026-02-21,15,1,wk inc flu hosp,2026-02-28,quantile,0.4,16
2026-02-21,15,1,wk inc flu hosp,2026-02-28,quantile,0.45,17
2026-02-21,15,1,wk inc flu hosp,2026-02-28,quantile,0.5,19
2026-02-21,15,1,wk inc flu hosp,2026-02-28,quantile,0.55,20
2026-02-21,15,1,wk inc flu hosp,2026-02-28,quantile,0.6,22
2026-02-21,15,1,wk inc flu hosp,2026-02-28,quantile,0.65,24
2026-02-21,15,1,wk inc flu hosp,2026-02-28,quantile,0.7,25
2026-02-21,15,1,wk inc flu hosp,2026-02-28,quantile,0.75,27
2026-02-21,15,1,wk inc flu hosp,2026-02-28,quantile,0.8,29
2026-02-21,15,1,wk inc flu hosp,2026-02-28,quantile,0.85,33
2026-02-21,15,1,wk inc flu hosp,2026-02-28,quantile,0.9,37
2026-02-21,15,1,wk inc flu hosp,2026-02-28,quantile,0.95,44
2026-02-21,15,1,wk inc flu hosp,2026-02-28,quantile,0.975,51
2026-02-21,15,1,wk inc flu hosp,2026-02-28,quantile,0.99,56
2026-02-21,15,2,wk inc flu hosp,2026-03-07,quantile,0.01,2
2026-02-21,15,2,wk inc flu hosp,2026-03-07,quantile,0.025,3
2026-02-21,15,2,wk inc flu hosp,2026-03-07,quantile,0.05,4
2026-02-21,15,2,wk inc flu hosp,2026-03-07,quantile,0.1,6
2026-02-21,15,2,wk inc flu hosp,2026-03-07,quantile,0.15,8
2026-02-21,15,2,wk inc flu hosp,2026-03-07,quantile,0.2,9
2026-02-21,15,2,wk inc flu hosp,2026-03-07,quantile,0.25,10
2026-02-21,15,2,wk inc flu hosp,2026-03-07,quantile,0.3,12
2026-02-21,15,2,wk inc flu hosp,2026-03-07,quantile,0.35,13
2026-02-21,15,2,wk inc flu hosp,2026-03-07,quantile,0.4,14
2026-02-21,15,2,wk inc flu hosp,2026-03-07,quantile,0.45,15
2026-02-21,15,2,wk inc flu hosp,2026-03-07,quantile,0.5,18
2026-02-21,15,2,wk inc flu hosp,2026-03-07,quantile,0.55,19
2026-02-21,15,2,wk inc flu hosp,2026-03-07,quantile,0.6,21
2026-02-21,15,2,wk inc flu hosp,2026-03-07,quantile,0.65,23
2026-02-21,15,2,wk inc flu hosp,2026-03-07,quantile,0.7,25
2026-02-21,15,2,wk inc flu hosp,2026-03-07,quantile,0.75,28
2026-02-21,15,2,wk inc flu hosp,2026-03-07,quantile,0.8,30
2026-02-21,15,2,wk inc flu hosp,2026-03-07,quantile,0.85,33
2026-02-21,15,2,wk inc flu hosp,2026-03-07,quantile,0.9,38
2026-02-21,15,2,wk inc flu hosp,2026-03-07,quantile,0.95,46
2026-02-21,15,2,wk inc flu hosp,2026-03-07,quantile,0.975,53
2026-02-21,15,2,wk inc flu hosp,2026-03-07,quantile,0.99,60
2026-02-21,15,3,wk inc flu hosp,2026-03-14,quantile,0.01,0
2026-02-21,15,3,wk inc flu hosp,2026-03-14,quantile,0.025,2
2026-02-21,15,3,wk inc flu hosp,2026-03-14,quantile,0.05,3
2026-02-21,15,3,wk inc flu hosp,2026-03-14,quantile,0.1,5
2026-02-21,15,3,wk inc flu hosp,2026-03-14,quantile,0.15,6
2026-02-21,15,3,wk inc flu hosp,2026-03-14,quantile,0.2,7
2026-02-21,15,3,wk inc flu hosp,2026-03-14,quantile,0.25,9
2026-02-21,15,3,wk inc flu hosp,2026-03-14,quantile,0.3,10
2026-02-21,15,3,wk inc flu hosp,2026-03-14,quantile,0.35,11
2026-02-21,15,3,wk inc flu hosp,2026-03-14,quantile,0.4,12
2026-02-21,15,3,wk inc flu hosp,2026-03-14,quantile,0.45,14
2026-02-21,15,3,wk inc flu hosp,2026-03-14,quantile,0.5,16
2026-02-21,15,3,wk inc flu hosp,2026-03-14,quantile,0.55,17
2026-02-21,15,3,wk inc flu hosp,2026-03-14,quantile,0.6,19
2026-02-21,15,3,wk inc flu hosp,2026-03-14,quantile,0.65,20
2026-02-21,15,3,wk inc flu hosp,2026-03-14,quantile,0.7,23
2026-02-21,15,3,wk inc flu hosp,2026-03-14,quantile,0.75,25
2026-02-21,15,3,wk inc flu hosp,2026-03-14,quantile,0.8,29
2026-02-21,15,3,wk inc flu hosp,2026-03-14,quantile,0.85,33
2026-02-21,15,3,wk inc flu hosp,2026-03-14,quantile,0.9,40
2026-02-21,15,3,wk inc flu hosp,2026-03-14,quantile,0.95,48
2026-02-21,15,3,wk inc flu hosp,2026-03-14,quantile,0.975,55
2026-02-21,15,3,wk inc flu hosp,2026-03-14,quantile,0.99,65
2026-02-21,16,0,wk inc flu hosp,2026-02-21,quantile,0.01,47
2026-02-21,16,0,wk inc flu hosp,2026-02-21,quantile,0.025,56
2026-02-21,16,0,wk inc flu hosp,2026-02-21,quantile,0.05,61
2026-02-21,16,0,wk inc flu hosp,2026-02-21,quantile,0.1,68
2026-02-21,16,0,wk inc flu hosp,2026-02-21,quantile,0.15,71
2026-02-21,16,0,wk inc flu hosp,2026-02-21,quantile,0.2,75
2026-02-21,16,0,wk inc flu hosp,2026-02-21,quantile,0.25,77
2026-02-21,16,0,wk inc flu hosp,2026-02-21,quantile,0.3,84
2026-02-21,16,0,wk inc flu hosp,2026-02-21,quantile,0.35,85
2026-02-21,16,0,wk inc flu hosp,2026-02-21,quantile,0.4,91
2026-02-21,16,0,wk inc flu hosp,2026-02-21,quantile,0.45,91
2026-02-21,16,0,wk inc flu hosp,2026-02-21,quantile,0.5,97
2026-02-21,16,0,wk inc flu hosp,2026-02-21,quantile,0.55,99
2026-02-21,16,0,wk inc flu hosp,2026-02-21,quantile,0.6,101
2026-02-21,16,0,wk inc flu hosp,2026-02-21,quantile,0.65,103
2026-02-21,16,0,wk inc flu hosp,2026-02-21,quantile,0.7,108
2026-02-21,16,0,wk inc flu hosp,2026-02-21,quantile,0.75,113
2026-02-21,16,0,wk inc flu hosp,2026-02-21,quantile,0.8,117
2026-02-21,16,0,wk inc flu hosp,2026-02-21,quantile,0.85,120
2026-02-21,16,0,wk inc flu hosp,2026-02-21,quantile,0.9,130
2026-02-21,16,0,wk inc flu hosp,2026-02-21,quantile,0.95,143
2026-02-21,16,0,wk inc flu hosp,2026-02-21,quantile,0.975,158
2026-02-21,16,0,wk inc flu hosp,2026-02-21,quantile,0.99,168
2026-02-21,16,1,wk inc flu hosp,2026-02-28,quantile,0.01,28
2026-02-21,16,1,wk inc flu hosp,2026-02-28,quantile,0.025,35
2026-02-21,16,1,wk inc flu hosp,2026-02-28,quantile,0.05,41
2026-02-21,16,1,wk inc flu hosp,2026-02-28,quantile,0.1,49
2026-02-21,16,1,wk inc flu hosp,2026-02-28,quantile,0.15,54
2026-02-21,16,1,wk inc flu hosp,2026-02-28,quantile,0.2,59
2026-02-21,16,1,wk inc flu hosp,2026-02-28,quantile,0.25,64
2026-02-21,16,1,wk inc flu hosp,2026-02-28,quantile,0.3,69
2026-02-21,16,1,wk inc flu hosp,2026-02-28,quantile,0.35,72
2026-02-21,16,1,wk inc flu hosp,2026-02-28,quantile,0.4,76
2026-02-21,16,1,wk inc flu hosp,2026-02-28,quantile,0.45,80
2026-02-21,16,1,wk inc flu hosp,2026-02-28,quantile,0.5,85
2026-02-21,16,1,wk inc flu hosp,2026-02-28,quantile,0.55,89
2026-02-21,16,1,wk inc flu hosp,2026-02-28,quantile,0.6,94
2026-02-21,16,1,wk inc flu hosp,2026-02-28,quantile,0.65,100
2026-02-21,16,1,wk inc flu hosp,2026-02-28,quantile,0.7,105
2026-02-21,16,1,wk inc flu hosp,2026-02-28,quantile,0.75,108
2026-02-21,16,1,wk inc flu hosp,2026-02-28,quantile,0.8,118
2026-02-21,16,1,wk inc flu hosp,2026-02-28,quantile,0.85,122
2026-02-21,16,1,wk inc flu hosp,2026-02-28,quantile,0.9,134
2026-02-21,16,1,wk inc flu hosp,2026-02-28,quantile,0.95,152
2026-02-21,16,1,wk inc flu hosp,2026-02-28,quantile,0.975,168
2026-02-21,16,1,wk inc flu hosp,2026-02-28,quantile,0.99,185
2026-02-21,16,2,wk inc flu hosp,2026-03-07,quantile,0.01,20
2026-02-21,16,2,wk inc flu hosp,2026-03-07,quantile,0.025,25
2026-02-21,16,2,wk inc flu hosp,2026-03-07,quantile,0.05,30
2026-02-21,16,2,wk inc flu hosp,2026-03-07,quantile,0.1,36
2026-02-21,16,2,wk inc flu hosp,2026-03-07,quantile,0.15,43
2026-02-21,16,2,wk inc flu hosp,2026-03-07,quantile,0.2,49
2026-02-21,16,2,wk inc flu hosp,2026-03-07,quantile,0.25,53
2026-02-21,16,2,wk inc flu hosp,2026-03-07,quantile,0.3,58
2026-02-21,16,2,wk inc flu hosp,2026-03-07,quantile,0.35,63
2026-02-21,16,2,wk inc flu hosp,2026-03-07,quantile,0.4,68
2026-02-21,16,2,wk inc flu hosp,2026-03-07,quantile,0.45,74
2026-02-21,16,2,wk inc flu hosp,2026-03-07,quantile,0.5,80
2026-02-21,16,2,wk inc flu hosp,2026-03-07,quantile,0.55,85
2026-02-21,16,2,wk inc flu hosp,2026-03-07,quantile,0.6,91
2026-02-21,16,2,wk inc flu hosp,2026-03-07,quantile,0.65,98
2026-02-21,16,2,wk inc flu hosp,2026-03-07,quantile,0.7,103
2026-02-21,16,2,wk inc flu hosp,2026-03-07,quantile,0.75,107
2026-02-21,16,2,wk inc flu hosp,2026-03-07,quantile,0.8,109
2026-02-21,16,2,wk inc flu hosp,2026-03-07,quantile,0.85,119
2026-02-21,16,2,wk inc flu hosp,2026-03-07,quantile,0.9,134
2026-02-21,16,2,wk inc flu hosp,2026-03-07,quantile,0.95,158
2026-02-21,16,2,wk inc flu hosp,2026-03-07,quantile,0.975,178
2026-02-21,16,2,wk inc flu hosp,2026-03-07,quantile,0.99,206
2026-02-21,16,3,wk inc flu hosp,2026-03-14,quantile,0.01,11
2026-02-21,16,3,wk inc flu hosp,2026-03-14,quantile,0.025,17
2026-02-21,16,3,wk inc flu hosp,2026-03-14,quantile,0.05,22
2026-02-21,16,3,wk inc flu hosp,2026-03-14,quantile,0.1,29
2026-02-21,16,3,wk inc flu hosp,2026-03-14,quantile,0.15,35
2026-02-21,16,3,wk inc flu hosp,2026-03-14,quantile,0.2,38
2026-02-21,16,3,wk inc flu hosp,2026-03-14,quantile,0.25,43
2026-02-21,16,3,wk inc flu hosp,2026-03-14,quantile,0.3,46
2026-02-21,16,3,wk inc flu hosp,2026-03-14,quantile,0.35,50
2026-02-21,16,3,wk inc flu hosp,2026-03-14,quantile,0.4,57
2026-02-21,16,3,wk inc flu hosp,2026-03-14,quantile,0.45,59
2026-02-21,16,3,wk inc flu hosp,2026-03-14,quantile,0.5,64
2026-02-21,16,3,wk inc flu hosp,2026-03-14,quantile,0.55,68
2026-02-21,16,3,wk inc flu hosp,2026-03-14,quantile,0.6,74
2026-02-21,16,3,wk inc flu hosp,2026-03-14,quantile,0.65,79
2026-02-21,16,3,wk inc flu hosp,2026-03-14,quantile,0.7,84
2026-02-21,16,3,wk inc flu hosp,2026-03-14,quantile,0.75,90
2026-02-21,16,3,wk inc flu hosp,2026-03-14,quantile,0.8,96
2026-02-21,16,3,wk inc flu hosp,2026-03-14,quantile,0.85,109
2026-02-21,16,3,wk inc flu hosp,2026-03-14,quantile,0.9,122
2026-02-21,16,3,wk inc flu hosp,2026-03-14,quantile,0.95,148
2026-02-21,16,3,wk inc flu hosp,2026-03-14,quantile,0.975,173
2026-02-21,16,3,wk inc flu hosp,2026-03-14,quantile,0.99,206
2026-02-21,17,0,wk inc flu hosp,2026-02-21,quantile,0.01,239
2026-02-21,17,0,wk inc flu hosp,2026-02-21,quantile,0.025,261
2026-02-21,17,0,wk inc flu hosp,2026-02-21,quantile,0.05,312
2026-02-21,17,0,wk inc flu hosp,2026-02-21,quantile,0.1,354
2026-02-21,17,0,wk inc flu hosp,2026-02-21,quantile,0.15,378
2026-02-21,17,0,wk inc flu hosp,2026-02-21,quantile,0.2,410
2026-02-21,17,0,wk inc flu hosp,2026-02-21,quantile,0.25,431
2026-02-21,17,0,wk inc flu hosp,2026-02-21,quantile,0.3,444
2026-02-21,17,0,wk inc flu hosp,2026-02-21,quantile,0.35,463
2026-02-21,17,0,wk inc flu hosp,2026-02-21,quantile,0.4,483
2026-02-21,17,0,wk inc flu hosp,2026-02-21,quantile,0.45,497
2026-02-21,17,0,wk inc flu hosp,2026-02-21,quantile,0.5,514
2026-02-21,17,0,wk inc flu hosp,2026-02-21,quantile,0.55,525
2026-02-21,17,0,wk inc flu hosp,2026-02-21,quantile,0.6,537
2026-02-21,17,0,wk inc flu hosp,2026-02-21,quantile,0.65,551
2026-02-21,17,0,wk inc flu hosp,2026-02-21,quantile,0.7,571
2026-02-21,17,0,wk inc flu hosp,2026-02-21,quantile,0.75,592
2026-02-21,17,0,wk inc flu hosp,2026-02-21,quantile,0.8,620
2026-02-21,17,0,wk inc flu hosp,2026-02-21,quantile,0.85,658
2026-02-21,17,0,wk inc flu hosp,2026-02-21,quantile,0.9,703
2026-02-21,17,0,wk inc flu hosp,2026-02-21,quantile,0.95,786
2026-02-21,17,0,wk inc flu hosp,2026-02-21,quantile,0.975,849
2026-02-21,17,0,wk inc flu hosp,2026-02-21,quantile,0.99,924
2026-02-21,17,1,wk inc flu hosp,2026-02-28,quantile,0.01,153
2026-02-21,17,1,wk inc flu hosp,2026-02-28,quantile,0.025,186
2026-02-21,17,1,wk inc flu hosp,2026-02-28,quantile,0.05,219
2026-02-21,17,1,wk inc flu hosp,2026-02-28,quantile,0.1,266
2026-02-21,17,1,wk inc flu hosp,2026-02-28,quantile,0.15,306
2026-02-21,17,1,wk inc flu hosp,2026-02-28,quantile,0.2,334
2026-02-21,17,1,wk inc flu hosp,2026-02-28,quantile,0.25,335
2026-02-21,17,1,wk inc flu hosp,2026-02-28,quantile,0.3,362
2026-02-21,17,1,wk inc flu hosp,2026-02-28,quantile,0.35,389
2026-02-21,17,1,wk inc flu hosp,2026-02-28,quantile,0.4,416
2026-02-21,17,1,wk inc flu hosp,2026-02-28,quantile,0.45,442
2026-02-21,17,1,wk inc flu hosp,2026-02-28,quantile,0.5,465
2026-02-21,17,1,wk inc flu hosp,2026-02-28,quantile,0.55,488
2026-02-21,17,1,wk inc flu hosp,2026-02-28,quantile,0.6,512
2026-02-21,17,1,wk inc flu hosp,2026-02-28,quantile,0.65,537
2026-02-21,17,1,wk inc flu hosp,2026-02-28,quantile,0.7,566
2026-02-21,17,1,wk inc flu hosp,2026-02-28,quantile,0.75,598
2026-02-21,17,1,wk inc flu hosp,2026-02-28,quantile,0.8,618
2026-02-21,17,1,wk inc flu hosp,2026-02-28,quantile,0.85,662
2026-02-21,17,1,wk inc flu hosp,2026-02-28,quantile,0.9,726
2026-02-21,17,1,wk inc flu hosp,2026-02-28,quantile,0.95,828
2026-02-21,17,1,wk inc flu hosp,2026-02-28,quantile,0.975,942
2026-02-21,17,1,wk inc flu hosp,2026-02-28,quantile,0.99,1067
2026-02-21,17,2,wk inc flu hosp,2026-03-07,quantile,0.01,99
2026-02-21,17,2,wk inc flu hosp,2026-03-07,quantile,0.025,142
2026-02-21,17,2,wk inc flu hosp,2026-03-07,quantile,0.05,166
2026-02-21,17,2,wk inc flu hosp,2026-03-07,quantile,0.1,220
2026-02-21,17,2,wk inc flu hosp,2026-03-07,quantile,0.15,256
2026-02-21,17,2,wk inc flu hosp,2026-03-07,quantile,0.2,275
2026-02-21,17,2,wk inc flu hosp,2026-03-07,quantile,0.25,297
2026-02-21,17,2,wk inc flu hosp,2026-03-07,quantile,0.3,324
2026-02-21,17,2,wk inc flu hosp,2026-03-07,quantile,0.35,352
2026-02-21,17,2,wk inc flu hosp,2026-03-07,quantile,0.4,379
2026-02-21,17,2,wk inc flu hosp,2026-03-07,quantile,0.45,395
2026-02-21,17,2,wk inc flu hosp,2026-03-07,quantile,0.5,410
2026-02-21,17,2,wk inc flu hosp,2026-03-07,quantile,0.55,436
2026-02-21,17,2,wk inc flu hosp,2026-03-07,quantile,0.6,464
2026-02-21,17,2,wk inc flu hosp,2026-03-07,quantile,0.65,495
2026-02-21,17,2,wk inc flu hosp,2026-03-07,quantile,0.7,525
2026-02-21,17,2,wk inc flu hosp,2026-03-07,quantile,0.75,552
2026-02-21,17,2,wk inc flu hosp,2026-03-07,quantile,0.8,589
2026-02-21,17,2,wk inc flu hosp,2026-03-07,quantile,0.85,647
2026-02-21,17,2,wk inc flu hosp,2026-03-07,quantile,0.9,724
2026-02-21,17,2,wk inc flu hosp,2026-03-07,quantile,0.95,832
2026-02-21,17,2,wk inc flu hosp,2026-03-07,quantile,0.975,973
2026-02-21,17,2,wk inc flu hosp,2026-03-07,quantile,0.99,1156
2026-02-21,17,3,wk inc flu hosp,2026-03-14,quantile,0.01,69
2026-02-21,17,3,wk inc flu hosp,2026-03-14,quantile,0.025,92
2026-02-21,17,3,wk inc flu hosp,2026-03-14,quantile,0.05,123
2026-02-21,17,3,wk inc flu hosp,2026-03-14,quantile,0.1,161
2026-02-21,17,3,wk inc flu hosp,2026-03-14,quantile,0.15,191
2026-02-21,17,3,wk inc flu hosp,2026-03-14,quantile,0.2,214
2026-02-21,17,3,wk inc flu hosp,2026-03-14,quantile,0.25,243
2026-02-21,17,3,wk inc flu hosp,2026-03-14,quantile,0.3,264
2026-02-21,17,3,wk inc flu hosp,2026-03-14,quantile,0.35,283
2026-02-21,17,3,wk inc flu hosp,2026-03-14,quantile,0.4,308
2026-02-21,17,3,wk inc flu hosp,2026-03-14,quantile,0.45,332
2026-02-21,17,3,wk inc flu hosp,2026-03-14,quantile,0.5,360
2026-02-21,17,3,wk inc flu hosp,2026-03-14,quantile,0.55,389
2026-02-21,17,3,wk inc flu hosp,2026-03-14,quantile,0.6,415
2026-02-21,17,3,wk inc flu hosp,2026-03-14,quantile,0.65,442
2026-02-21,17,3,wk inc flu hosp,2026-03-14,quantile,0.7,470
2026-02-21,17,3,wk inc flu hosp,2026-03-14,quantile,0.75,516
2026-02-21,17,3,wk inc flu hosp,2026-03-14,quantile,0.8,555
2026-02-21,17,3,wk inc flu hosp,2026-03-14,quantile,0.85,607
2026-02-21,17,3,wk inc flu hosp,2026-03-14,quantile,0.9,696
2026-02-21,17,3,wk inc flu hosp,2026-03-14,quantile,0.95,807
2026-02-21,17,3,wk inc flu hosp,2026-03-14,quantile,0.975,972
2026-02-21,17,3,wk inc flu hosp,2026-03-14,quantile,0.99,1145
2026-02-21,18,0,wk inc flu hosp,2026-02-21,quantile,0.01,106
2026-02-21,18,0,wk inc flu hosp,2026-02-21,quantile,0.025,122
2026-02-21,18,0,wk inc flu hosp,2026-02-21,quantile,0.05,139
2026-02-21,18,0,wk inc flu hosp,2026-02-21,quantile,0.1,166
2026-02-21,18,0,wk inc flu hosp,2026-02-21,quantile,0.15,179
2026-02-21,18,0,wk inc flu hosp,2026-02-21,quantile,0.2,193
2026-02-21,18,0,wk inc flu hosp,2026-02-21,quantile,0.25,204
2026-02-21,18,0,wk inc flu hosp,2026-02-21,quantile,0.3,215
2026-02-21,18,0,wk inc flu hosp,2026-02-21,quantile,0.35,229
2026-02-21,18,0,wk inc flu hosp,2026-02-21,quantile,0.4,240
2026-02-21,18,0,wk inc flu hosp,2026-02-21,quantile,0.45,252
2026-02-21,18,0,wk inc flu hosp,2026-02-21,quantile,0.5,261
2026-02-21,18,0,wk inc flu hosp,2026-02-21,quantile,0.55,270
2026-02-21,18,0,wk inc flu hosp,2026-02-21,quantile,0.6,277
2026-02-21,18,0,wk inc flu hosp,2026-02-21,quantile,0.65,284
2026-02-21,18,0,wk inc flu hosp,2026-02-21,quantile,0.7,297
2026-02-21,18,0,wk inc flu hosp,2026-02-21,quantile,0.75,310
2026-02-21,18,0,wk inc flu hosp,2026-02-21,quantile,0.8,327
2026-02-21,18,0,wk inc flu hosp,2026-02-21,quantile,0.85,344
2026-02-21,18,0,wk inc flu hosp,2026-02-21,quantile,0.9,369
2026-02-21,18,0,wk inc flu hosp,2026-02-21,quantile,0.95,414
2026-02-21,18,0,wk inc flu hosp,2026-02-21,quantile,0.975,461
2026-02-21,18,0,wk inc flu hosp,2026-02-21,quantile,0.99,489
2026-02-21,18,1,wk inc flu hosp,2026-02-28,quantile,0.01,58
2026-02-21,18,1,wk inc flu hosp,2026-02-28,quantile,0.025,82
2026-02-21,18,1,wk inc flu hosp,2026-02-28,quantile,0.05,96
2026-02-21,18,1,wk inc flu hosp,2026-02-28,quantile,0.1,122
2026-02-21,18,1,wk inc flu hosp,2026-02-28,quantile,0.15,140
2026-02-21,18,1,wk inc flu hosp,2026-02-28,quantile,0.2,156
2026-02-21,18,1,wk inc flu hosp,2026-02-28,quantile,0.25,171
2026-02-21,18,1,wk inc flu hosp,2026-02-28,quantile,0.3,184
2026-02-21,18,1,wk inc flu hosp,2026-02-28,quantile,0.35,197
2026-02-21,18,1,wk inc flu hosp,2026-02-28,quantile,0.4,206
2026-02-21,18,1,wk inc flu hosp,2026-02-28,quantile,0.45,211
2026-02-21,18,1,wk inc flu hosp,2026-02-28,quantile,0.5,227
2026-02-21,18,1,wk inc flu hosp,2026-02-28,quantile,0.55,240
2026-02-21,18,1,wk inc flu hosp,2026-02-28,quantile,0.6,252
2026-02-21,18,1,wk inc flu hosp,2026-02-28,quantile,0.65,269
2026-02-21,18,1,wk inc flu hosp,2026-02-28,quantile,0.7,281
2026-02-21,18,1,wk inc flu hosp,2026-02-28,quantile,0.75,295
2026-02-21,18,1,wk inc flu hosp,2026-02-28,quantile,0.8,318
2026-02-21,18,1,wk inc flu hosp,2026-02-28,quantile,0.85,345
2026-02-21,18,1,wk inc flu hosp,2026-02-28,quantile,0.9,377
2026-02-21,18,1,wk inc flu hosp,2026-02-28,quantile,0.95,429
2026-02-21,18,1,wk inc flu hosp,2026-02-28,quantile,0.975,476
2026-02-21,18,1,wk inc flu hosp,2026-02-28,quantile,0.99,537
2026-02-21,18,2,wk inc flu hosp,2026-03-07,quantile,0.01,33
2026-02-21,18,2,wk inc flu hosp,2026-03-07,quantile,0.025,49
2026-02-21,18,2,wk inc flu hosp,2026-03-07,quantile,0.05,69
2026-02-21,18,2,wk inc flu hosp,2026-03-07,quantile,0.1,95
2026-02-21,18,2,wk inc flu hosp,2026-03-07,quantile,0.15,110
2026-02-21,18,2,wk inc flu hosp,2026-03-07,quantile,0.2,124
2026-02-21,18,2,wk inc flu hosp,2026-03-07,quantile,0.25,142
2026-02-21,18,2,wk inc flu hosp,2026-03-07,quantile,0.3,157
2026-02-21,18,2,wk inc flu hosp,2026-03-07,quantile,0.35,170
2026-02-21,18,2,wk inc flu hosp,2026-03-07,quantile,0.4,177
2026-02-21,18,2,wk inc flu hosp,2026-03-07,quantile,0.45,184
2026-02-21,18,2,wk inc flu hosp,2026-03-07,quantile,0.5,196
2026-02-21,18,2,wk inc flu hosp,2026-03-07,quantile,0.55,221
2026-02-21,18,2,wk inc flu hosp,2026-03-07,quantile,0.6,236
2026-02-21,18,2,wk inc flu hosp,2026-03-07,quantile,0.65,250
2026-02-21,18,2,wk inc flu hosp,2026-03-07,quantile,0.7,262
2026-02-21,18,2,wk inc flu hosp,2026-03-07,quantile,0.75,276
2026-02-21,18,2,wk inc flu hosp,2026-03-07,quantile,0.8,297
2026-02-21,18,2,wk inc flu hosp,2026-03-07,quantile,0.85,327
2026-02-21,18,2,wk inc flu hosp,2026-03-07,quantile,0.9,371
2026-02-21,18,2,wk inc flu hosp,2026-03-07,quantile,0.95,429
2026-02-21,18,2,wk inc flu hosp,2026-03-07,quantile,0.975,511
2026-02-21,18,2,wk inc flu hosp,2026-03-07,quantile,0.99,628
2026-02-21,18,3,wk inc flu hosp,2026-03-14,quantile,0.01,18
2026-02-21,18,3,wk inc flu hosp,2026-03-14,quantile,0.025,30
2026-02-21,18,3,wk inc flu hosp,2026-03-14,quantile,0.05,46
2026-02-21,18,3,wk inc flu hosp,2026-03-14,quantile,0.1,66
2026-02-21,18,3,wk inc flu hosp,2026-03-14,quantile,0.15,85
2026-02-21,18,3,wk inc flu hosp,2026-03-14,quantile,0.2,99
2026-02-21,18,3,wk inc flu hosp,2026-03-14,quantile,0.25,112
2026-02-21,18,3,wk inc flu hosp,2026-03-14,quantile,0.3,121
2026-02-21,18,3,wk inc flu hosp,2026-03-14,quantile,0.35,135
2026-02-21,18,3,wk inc flu hosp,2026-03-14,quantile,0.4,146
2026-02-21,18,3,wk inc flu hosp,2026-03-14,quantile,0.45,156
2026-02-21,18,3,wk inc flu hosp,2026-03-14,quantile,0.5,169
2026-02-21,18,3,wk inc flu hosp,2026-03-14,quantile,0.55,182
2026-02-21,18,3,wk inc flu hosp,2026-03-14,quantile,0.6,193
2026-02-21,18,3,wk inc flu hosp,2026-03-14,quantile,0.65,211
2026-02-21,18,3,wk inc flu hosp,2026-03-14,quantile,0.7,230
2026-02-21,18,3,wk inc flu hosp,2026-03-14,quantile,0.75,250
2026-02-21,18,3,wk inc flu hosp,2026-03-14,quantile,0.8,274
2026-02-21,18,3,wk inc flu hosp,2026-03-14,quantile,0.85,308
2026-02-21,18,3,wk inc flu hosp,2026-03-14,quantile,0.9,343
2026-02-21,18,3,wk inc flu hosp,2026-03-14,quantile,0.95,411
2026-02-21,18,3,wk inc flu hosp,2026-03-14,quantile,0.975,471
2026-02-21,18,3,wk inc flu hosp,2026-03-14,quantile,0.99,552
2026-02-21,19,0,wk inc flu hosp,2026-02-21,quantile,0.01,90
2026-02-21,19,0,wk inc flu hosp,2026-02-21,quantile,0.025,99
2026-02-21,19,0,wk inc flu hosp,2026-02-21,quantile,0.05,112
2026-02-21,19,0,wk inc flu hosp,2026-02-21,quantile,0.1,126
2026-02-21,19,0,wk inc flu hosp,2026-02-21,quantile,0.15,135
2026-02-21,19,0,wk inc flu hosp,2026-02-21,quantile,0.2,144
2026-02-21,19,0,wk inc flu hosp,2026-02-21,quantile,0.25,149
2026-02-21,19,0,wk inc flu hosp,2026-02-21,quantile,0.3,154
2026-02-21,19,0,wk inc flu hosp,2026-02-21,quantile,0.35,165
2026-02-21,19,0,wk inc flu hosp,2026-02-21,quantile,0.4,174
2026-02-21,19,0,wk inc flu hosp,2026-02-21,quantile,0.45,180
2026-02-21,19,0,wk inc flu hosp,2026-02-21,quantile,0.5,183
2026-02-21,19,0,wk inc flu hosp,2026-02-21,quantile,0.55,189
2026-02-21,19,0,wk inc flu hosp,2026-02-21,quantile,0.6,195
2026-02-21,19,0,wk inc flu hosp,2026-02-21,quantile,0.65,198
2026-02-21,19,0,wk inc flu hosp,2026-02-21,quantile,0.7,207
2026-02-21,19,0,wk inc flu hosp,2026-02-21,quantile,0.75,212
2026-02-21,19,0,wk inc flu hosp,2026-02-21,quantile,0.8,217
2026-02-21,19,0,wk inc flu hosp,2026-02-21,quantile,0.85,231
2026-02-21,19,0,wk inc flu hosp,2026-02-21,quantile,0.9,244
2026-02-21,19,0,wk inc flu hosp,2026-02-21,quantile,0.95,270
2026-02-21,19,0,wk inc flu hosp,2026-02-21,quantile,0.975,292
2026-02-21,19,0,wk inc flu hosp,2026-02-21,quantile,0.99,322
2026-02-21,19,1,wk inc flu hosp,2026-02-28,quantile,0.01,59
2026-02-21,19,1,wk inc flu hosp,2026-02-28,quantile,0.025,68
2026-02-21,19,1,wk inc flu hosp,2026-02-28,quantile,0.05,77
2026-02-21,19,1,wk inc flu hosp,2026-02-28,quantile,0.1,88
2026-02-21,19,1,wk inc flu hosp,2026-02-28,quantile,0.15,95
2026-02-21,19,1,wk inc flu hosp,2026-02-28,quantile,0.2,105
2026-02-21,19,1,wk inc flu hosp,2026-02-28,quantile,0.25,118
2026-02-21,19,1,wk inc flu hosp,2026-02-28,quantile,0.3,125
2026-02-21,19,1,wk inc flu hosp,2026-02-28,quantile,0.35,133
2026-02-21,19,1,wk inc flu hosp,2026-02-28,quantile,0.4,148
2026-02-21,19,1,wk inc flu hosp,2026-02-28,quantile,0.45,151
2026-02-21,19,1,wk inc flu hosp,2026-02-28,quantile,0.5,161
2026-02-21,19,1,wk inc flu hosp,2026-02-28,quantile,0.55,167
2026-02-21,19,1,wk inc flu hosp,2026-02-28,quantile,0.6,174
2026-02-21,19,1,wk inc flu hosp,2026-02-28,quantile,0.65,184
2026-02-21,19,1,wk inc flu hosp,2026-02-28,quantile,0.7,195
2026-02-21,19,1,wk inc flu hosp,2026-02-28,quantile,0.75,205
2026-02-21,19,1,wk inc flu hosp,2026-02-28,quantile,0.8,214
2026-02-21,19,1,wk inc flu hosp,2026-02-28,quantile,0.85,223
2026-02-21,19,1,wk inc flu hosp,2026-02-28,quantile,0.9,238
2026-02-21,19,1,wk inc flu hosp,2026-02-28,quantile,0.95,258
2026-02-21,19,1,wk inc flu hosp,2026-02-28,quantile,0.975,284
2026-02-21,19,1,wk inc flu hosp,2026-02-28,quantile,0.99,318
2026-02-21,19,2,wk inc flu hosp,2026-03-07,quantile,0.01,37
2026-02-21,19,2,wk inc flu hosp,2026-03-07,quantile,0.025,48
2026-02-21,19,2,wk inc flu hosp,2026-03-07,quantile,0.05,59
2026-02-21,19,2,wk inc flu hosp,2026-03-07,quantile,0.1,70
2026-02-21,19,2,wk inc flu hosp,2026-03-07,quantile,0.15,78
2026-02-21,19,2,wk inc flu hosp,2026-03-07,quantile,0.2,95
2026-02-21,19,2,wk inc flu hosp,2026-03-07,quantile,0.25,101
2026-02-21,19,2,wk inc flu hosp,2026-03-07,quantile,0.3,108
2026-02-21,19,2,wk inc flu hosp,2026-03-07,quantile,0.35,117
2026-02-21,19,2,wk inc flu hosp,2026-03-07,quantile,0.4,127
2026-02-21,19,2,wk inc flu hosp,2026-03-07,quantile,0.45,133
2026-02-21,19,2,wk inc flu hosp,2026-03-07,quantile,0.5,138
2026-02-21,19,2,wk inc flu hosp,2026-03-07,quantile,0.55,144
2026-02-21,19,2,wk inc flu hosp,2026-03-07,quantile,0.6,153
2026-02-21,19,2,wk inc flu hosp,2026-03-07,quantile,0.65,162
2026-02-21,19,2,wk inc flu hosp,2026-03-07,quantile,0.7,173
2026-02-21,19,2,wk inc flu hosp,2026-03-07,quantile,0.75,186
2026-02-21,19,2,wk inc flu hosp,2026-03-07,quantile,0.8,201
2026-02-21,19,2,wk inc flu hosp,2026-03-07,quantile,0.85,222
2026-02-21,19,2,wk inc flu hosp,2026-03-07,quantile,0.9,246
2026-02-21,19,2,wk inc flu hosp,2026-03-07,quantile,0.95,269
2026-02-21,19,2,wk inc flu hosp,2026-03-07,quantile,0.975,285
2026-02-21,19,2,wk inc flu hosp,2026-03-07,quantile,0.99,317
2026-02-21,19,3,wk inc flu hosp,2026-03-14,quantile,0.01,24
2026-02-21,19,3,wk inc flu hosp,2026-03-14,quantile,0.025,31
2026-02-21,19,3,wk inc flu hosp,2026-03-14,quantile,0.05,43
2026-02-21,19,3,wk inc flu hosp,2026-03-14,quantile,0.1,57
2026-02-21,19,3,wk inc flu hosp,2026-03-14,quantile,0.15,66
2026-02-21,19,3,wk inc flu hosp,2026-03-14,quantile,0.2,74
2026-02-21,19,3,wk inc flu hosp,2026-03-14,quantile,0.25,83
2026-02-21,19,3,wk inc flu hosp,2026-03-14,quantile,0.3,88
2026-02-21,19,3,wk inc flu hosp,2026-03-14,quantile,0.35,94
2026-02-21,19,3,wk inc flu hosp,2026-03-14,quantile,0.4,102
2026-02-21,19,3,wk inc flu hosp,2026-03-14,quantile,0.45,108
2026-02-21,19,3,wk inc flu hosp,2026-03-14,quantile,0.5,115
2026-02-21,19,3,wk inc flu hosp,2026-03-14,quantile,0.55,120
2026-02-21,19,3,wk inc flu hosp,2026-03-14,quantile,0.6,125
2026-02-21,19,3,wk inc flu hosp,2026-03-14,quantile,0.65,136
2026-02-21,19,3,wk inc flu hosp,2026-03-14,quantile,0.7,152
2026-02-21,19,3,wk inc flu hosp,2026-03-14,quantile,0.75,167
2026-02-21,19,3,wk inc flu hosp,2026-03-14,quantile,0.8,184
2026-02-21,19,3,wk inc flu hosp,2026-03-14,quantile,0.85,203
2026-02-21,19,3,wk inc flu hosp,2026-03-14,quantile,0.9,228
2026-02-21,19,3,wk inc flu hosp,2026-03-14,quantile,0.95,267
2026-02-21,19,3,wk inc flu hosp,2026-03-14,quantile,0.975,282
2026-02-21,19,3,wk inc flu hosp,2026-03-14,quantile,0.99,308
2026-02-21,20,0,wk inc flu hosp,2026-02-21,quantile,0.01,80
2026-02-21,20,0,wk inc flu hosp,2026-02-21,quantile,0.025,87
2026-02-21,20,0,wk inc flu hosp,2026-02-21,quantile,0.05,102
2026-02-21,20,0,wk inc flu hosp,2026-02-21,quantile,0.1,124
2026-02-21,20,0,wk inc flu hosp,2026-02-21,quantile,0.15,134
2026-02-21,20,0,wk inc flu hosp,2026-02-21,quantile,0.2,142
2026-02-21,20,0,wk inc flu hosp,2026-02-21,quantile,0.25,148
2026-02-21,20,0,wk inc flu hosp,2026-02-21,quantile,0.3,157
2026-02-21,20,0,wk inc flu hosp,2026-02-21,quantile,0.35,160
2026-02-21,20,0,wk inc flu hosp,2026-02-21,quantile,0.4,163
2026-02-21,20,0,wk inc flu hosp,2026-02-21,quantile,0.45,167
2026-02-21,20,0,wk inc flu hosp,2026-02-21,quantile,0.5,175
2026-02-21,20,0,wk inc flu hosp,2026-02-21,quantile,0.55,179
2026-02-21,20,0,wk inc flu hosp,2026-02-21,quantile,0.6,181
2026-02-21,20,0,wk inc flu hosp,2026-02-21,quantile,0.65,186
2026-02-21,20,0,wk inc flu hosp,2026-02-21,quantile,0.7,191
2026-02-21,20,0,wk inc flu hosp,2026-02-21,quantile,0.75,198
2026-02-21,20,0,wk inc flu hosp,2026-02-21,quantile,0.8,206
2026-02-21,20,0,wk inc flu hosp,2026-02-21,quantile,0.85,217
2026-02-21,20,0,wk inc flu hosp,2026-02-21,quantile,0.9,231
2026-02-21,20,0,wk inc flu hosp,2026-02-21,quantile,0.95,256
2026-02-21,20,0,wk inc flu hosp,2026-02-21,quantile,0.975,269
2026-02-21,20,0,wk inc flu hosp,2026-02-21,quantile,0.99,285
2026-02-21,20,1,wk inc flu hosp,2026-02-28,quantile,0.01,51
2026-02-21,20,1,wk inc flu hosp,2026-02-28,quantile,0.025,61
2026-02-21,20,1,wk inc flu hosp,2026-02-28,quantile,0.05,78
2026-02-21,20,1,wk inc flu hosp,2026-02-28,quantile,0.1,90
2026-02-21,20,1,wk inc flu hosp,2026-02-28,quantile,0.15,100
2026-02-21,20,1,wk inc flu hosp,2026-02-28,quantile,0.2,109
2026-02-21,20,1,wk inc flu hosp,2026-02-28,quantile,0.25,118
2026-02-21,20,1,wk inc flu hosp,2026-02-28,quantile,0.3,127
2026-02-21,20,1,wk inc flu hosp,2026-02-28,quantile,0.35,133
2026-02-21,20,1,wk inc flu hosp,2026-02-28,quantile,0.4,138
2026-02-21,20,1,wk inc flu hosp,2026-02-28,quantile,0.45,145
2026-02-21,20,1,wk inc flu hosp,2026-02-28,quantile,0.5,152
2026-02-21,20,1,wk inc flu hosp,2026-02-28,quantile,0.55,158
2026-02-21,20,1,wk inc flu hosp,2026-02-28,quantile,0.6,161
2026-02-21,20,1,wk inc flu hosp,2026-02-28,quantile,0.65,170
2026-02-21,20,1,wk inc flu hosp,2026-02-28,quantile,0.7,181
2026-02-21,20,1,wk inc flu hosp,2026-02-28,quantile,0.75,192
2026-02-21,20,1,wk inc flu hosp,2026-02-28,quantile,0.8,202
2026-02-21,20,1,wk inc flu hosp,2026-02-28,quantile,0.85,210
2026-02-21,20,1,wk inc flu hosp,2026-02-28,quantile,0.9,226
2026-02-21,20,1,wk inc flu hosp,2026-02-28,quantile,0.95,254
2026-02-21,20,1,wk inc flu hosp,2026-02-28,quantile,0.975,269
2026-02-21,20,1,wk inc flu hosp,2026-02-28,quantile,0.99,296
2026-02-21,20,2,wk inc flu hosp,2026-03-07,quantile,0.01,30
2026-02-21,20,2,wk inc flu hosp,2026-03-07,quantile,0.025,39
2026-02-21,20,2,wk inc flu hosp,2026-03-07,quantile,0.05,50
2026-02-21,20,2,wk inc flu hosp,2026-03-07,quantile,0.1,65
2026-02-21,20,2,wk inc flu hosp,2026-03-07,quantile,0.15,76
2026-02-21,20,2,wk inc flu hosp,2026-03-07,quantile,0.2,85
2026-02-21,20,2,wk inc flu hosp,2026-03-07,quantile,0.25,94
2026-02-21,20,2,wk inc flu hosp,2026-03-07,quantile,0.3,102
2026-02-21,20,2,wk inc flu hosp,2026-03-07,quantile,0.35,111
2026-02-21,20,2,wk inc flu hosp,2026-03-07,quantile,0.4,115
2026-02-21,20,2,wk inc flu hosp,2026-03-07,quantile,0.45,121
2026-02-21,20,2,wk inc flu hosp,2026-03-07,quantile,0.5,127
2026-02-21,20,2,wk inc flu hosp,2026-03-07,quantile,0.55,136
2026-02-21,20,2,wk inc flu hosp,2026-03-07,quantile,0.6,145
2026-02-21,20,2,wk inc flu hosp,2026-03-07,quantile,0.65,155
2026-02-21,20,2,wk inc flu hosp,2026-03-07,quantile,0.7,164
2026-02-21,20,2,wk inc flu hosp,2026-03-07,quantile,0.75,175
2026-02-21,20,2,wk inc flu hosp,2026-03-07,quantile,0.8,188
2026-02-21,20,2,wk inc flu hosp,2026-03-07,quantile,0.85,209
2026-02-21,20,2,wk inc flu hosp,2026-03-07,quantile,0.9,219
2026-02-21,20,2,wk inc flu hosp,2026-03-07,quantile,0.95,249
2026-02-21,20,2,wk inc flu hosp,2026-03-07,quantile,0.975,283
2026-02-21,20,2,wk inc flu hosp,2026-03-07,quantile,0.99,311
2026-02-21,20,3,wk inc flu hosp,2026-03-14,quantile,0.01,17
2026-02-21,20,3,wk inc flu hosp,2026-03-14,quantile,0.025,27
2026-02-21,20,3,wk inc flu hosp,2026-03-14,quantile,0.05,37
2026-02-21,20,3,wk inc flu hosp,2026-03-14,quantile,0.1,53
2026-02-21,20,3,wk inc flu hosp,2026-03-14,quantile,0.15,61
2026-02-21,20,3,wk inc flu hosp,2026-03-14,quantile,0.2,67
2026-02-21,20,3,wk inc flu hosp,2026-03-14,quantile,0.25,74
2026-02-21,20,3,wk inc flu hosp,2026-03-14,quantile,0.3,80
2026-02-21,20,3,wk inc flu hosp,2026-03-14,quantile,0.35,88
2026-02-21,20,3,wk inc flu hosp,2026-03-14,quantile,0.4,92
2026-02-21,20,3,wk inc flu hosp,2026-03-14,quantile,0.45,99
2026-02-21,20,3,wk inc flu hosp,2026-03-14,quantile,0.5,107
2026-02-21,20,3,wk inc flu hosp,2026-03-14,quantile,0.55,116
2026-02-21,20,3,wk inc flu hosp,2026-03-14,quantile,0.6,124
2026-02-21,20,3,wk inc flu hosp,2026-03-14,quantile,0.65,132
2026-02-21,20,3,wk inc flu hosp,2026-03-14,quantile,0.7,142
2026-02-21,20,3,wk inc flu hosp,2026-03-14,quantile,0.75,151
2026-02-21,20,3,wk inc flu hosp,2026-03-14,quantile,0.8,161
2026-02-21,20,3,wk inc flu hosp,2026-03-14,quantile,0.85,178
2026-02-21,20,3,wk inc flu hosp,2026-03-14,quantile,0.9,207
2026-02-21,20,3,wk inc flu hosp,2026-03-14,quantile,0.95,241
2026-02-21,20,3,wk inc flu hosp,2026-03-14,quantile,0.975,261
2026-02-21,20,3,wk inc flu hosp,2026-03-14,quantile,0.99,292
2026-02-21,21,0,wk inc flu hosp,2026-02-21,quantile,0.01,73
2026-02-21,21,0,wk inc flu hosp,2026-02-21,quantile,0.025,84
2026-02-21,21,0,wk inc flu hosp,2026-02-21,quantile,0.05,98
2026-02-21,21,0,wk inc flu hosp,2026-02-21,quantile,0.1,115
2026-02-21,21,0,wk inc flu hosp,2026-02-21,quantile,0.15,128
2026-02-21,21,0,wk inc flu hosp,2026-02-21,quantile,0.2,136
2026-02-21,21,0,wk inc flu hosp,2026-02-21,quantile,0.25,143
2026-02-21,21,0,wk inc flu hosp,2026-02-21,quantile,0.3,150
2026-02-21,21,0,wk inc flu hosp,2026-02-21,quantile,0.35,157
2026-02-21,21,0,wk inc flu hosp,2026-02-21,quantile,0.4,163
2026-02-21,21,0,wk inc flu hosp,2026-02-21,quantile,0.45,169
2026-02-21,21,0,wk inc flu hosp,2026-02-21,quantile,0.5,176
2026-02-21,21,0,wk inc flu hosp,2026-02-21,quantile,0.55,185
2026-02-21,21,0,wk inc flu hosp,2026-02-21,quantile,0.6,191
2026-02-21,21,0,wk inc flu hosp,2026-02-21,quantile,0.65,200
2026-02-21,21,0,wk inc flu hosp,2026-02-21,quantile,0.7,204
2026-02-21,21,0,wk inc flu hosp,2026-02-21,quantile,0.75,216
2026-02-21,21,0,wk inc flu hosp,2026-02-21,quantile,0.8,224
2026-02-21,21,0,wk inc flu hosp,2026-02-21,quantile,0.85,238
2026-02-21,21,0,wk inc flu hosp,2026-02-21,quantile,0.9,255
2026-02-21,21,0,wk inc flu hosp,2026-02-21,quantile,0.95,282
2026-02-21,21,0,wk inc flu hosp,2026-02-21,quantile,0.975,309
2026-02-21,21,0,wk inc flu hosp,2026-02-21,quantile,0.99,340
2026-02-21,21,1,wk inc flu hosp,2026-02-28,quantile,0.01,42
2026-02-21,21,1,wk inc flu hosp,2026-02-28,quantile,0.025,52
2026-02-21,21,1,wk inc flu hosp,2026-02-28,quantile,0.05,64
2026-02-21,21,1,wk inc flu hosp,2026-02-28,quantile,0.1,80
2026-02-21,21,1,wk inc flu hosp,2026-02-28,quantile,0.15,89
2026-02-21,21,1,wk inc flu hosp,2026-02-28,quantile,0.2,100
2026-02-21,21,1,wk inc flu hosp,2026-02-28,quantile,0.25,110
2026-02-21,21,1,wk inc flu hosp,2026-02-28,quantile,0.3,120
2026-02-21,21,1,wk inc flu hosp,2026-02-28,quantile,0.35,129
2026-02-21,21,1,wk inc flu hosp,2026-02-28,quantile,0.4,136
2026-02-21,21,1,wk inc flu hosp,2026-02-28,quantile,0.45,144
2026-02-21,21,1,wk inc flu hosp,2026-02-28,quantile,0.5,159
2026-02-21,21,1,wk inc flu hosp,2026-02-28,quantile,0.55,170
2026-02-21,21,1,wk inc flu hosp,2026-02-28,quantile,0.6,178
2026-02-21,21,1,wk inc flu hosp,2026-02-28,quantile,0.65,190
2026-02-21,21,1,wk inc flu hosp,2026-02-28,quantile,0.7,201
2026-02-21,21,1,wk inc flu hosp,2026-02-28,quantile,0.75,210
2026-02-21,21,1,wk inc flu hosp,2026-02-28,quantile,0.8,225
2026-02-21,21,1,wk inc flu hosp,2026-02-28,quantile,0.85,243
2026-02-21,21,1,wk inc flu hosp,2026-02-28,quantile,0.9,263
2026-02-21,21,1,wk inc flu hosp,2026-02-28,quantile,0.95,302
2026-02-21,21,1,wk inc flu hosp,2026-02-28,quantile,0.975,330
2026-02-21,21,1,wk inc flu hosp,2026-02-28,quantile,0.99,373
2026-02-21,21,2,wk inc flu hosp,2026-03-07,quantile,0.01,24
2026-02-21,21,2,wk inc flu hosp,2026-03-07,quantile,0.025,33
2026-02-21,21,2,wk inc flu hosp,2026-03-07,quantile,0.05,46
2026-02-21,21,2,wk inc flu hosp,2026-03-07,quantile,0.1,62
2026-02-21,21,2,wk inc flu hosp,2026-03-07,quantile,0.15,74
2026-02-21,21,2,wk inc flu hosp,2026-03-07,quantile,0.2,85
2026-02-21,21,2,wk inc flu hosp,2026-03-07,quantile,0.25,94
2026-02-21,21,2,wk inc flu hosp,2026-03-07,quantile,0.3,101
2026-02-21,21,2,wk inc flu hosp,2026-03-07,quantile,0.35,108
2026-02-21,21,2,wk inc flu hosp,2026-03-07,quantile,0.4,119
2026-02-21,21,2,wk inc flu hosp,2026-03-07,quantile,0.45,126
2026-02-21,21,2,wk inc flu hosp,2026-03-07,quantile,0.5,140
2026-02-21,21,2,wk inc flu hosp,2026-03-07,quantile,0.55,154
2026-02-21,21,2,wk inc flu hosp,2026-03-07,quantile,0.6,165
2026-02-21,21,2,wk inc flu hosp,2026-03-07,quantile,0.65,178
2026-02-21,21,2,wk inc flu hosp,2026-03-07,quantile,0.7,190
2026-02-21,21,2,wk inc flu hosp,2026-03-07,quantile,0.75,205
2026-02-21,21,2,wk inc flu hosp,2026-03-07,quantile,0.8,222
2026-02-21,21,2,wk inc flu hosp,2026-03-07,quantile,0.85,241
2026-02-21,21,2,wk inc flu hosp,2026-03-07,quantile,0.9,267
2026-02-21,21,2,wk inc flu hosp,2026-03-07,quantile,0.95,315
2026-02-21,21,2,wk inc flu hosp,2026-03-07,quantile,0.975,367
2026-02-21,21,2,wk inc flu hosp,2026-03-07,quantile,0.99,420
2026-02-21,21,3,wk inc flu hosp,2026-03-14,quantile,0.01,14
2026-02-21,21,3,wk inc flu hosp,2026-03-14,quantile,0.025,20
2026-02-21,21,3,wk inc flu hosp,2026-03-14,quantile,0.05,29
2026-02-21,21,3,wk inc flu hosp,2026-03-14,quantile,0.1,43
2026-02-21,21,3,wk inc flu hosp,2026-03-14,quantile,0.15,55
2026-02-21,21,3,wk inc flu hosp,2026-03-14,quantile,0.2,63
2026-02-21,21,3,wk inc flu hosp,2026-03-14,quantile,0.25,71
2026-02-21,21,3,wk inc flu hosp,2026-03-14,quantile,0.3,81
2026-02-21,21,3,wk inc flu hosp,2026-03-14,quantile,0.35,91
2026-02-21,21,3,wk inc flu hosp,2026-03-14,quantile,0.4,100
2026-02-21,21,3,wk inc flu hosp,2026-03-14,quantile,0.45,109
2026-02-21,21,3,wk inc flu hosp,2026-03-14,quantile,0.5,123
2026-02-21,21,3,wk inc flu hosp,2026-03-14,quantile,0.55,135
2026-02-21,21,3,wk inc flu hosp,2026-03-14,quantile,0.6,146
2026-02-21,21,3,wk inc flu hosp,2026-03-14,quantile,0.65,161
2026-02-21,21,3,wk inc flu hosp,2026-03-14,quantile,0.7,176
2026-02-21,21,3,wk inc flu hosp,2026-03-14,quantile,0.75,190
2026-02-21,21,3,wk inc flu hosp,2026-03-14,quantile,0.8,210
2026-02-21,21,3,wk inc flu hosp,2026-03-14,quantile,0.85,230
2026-02-21,21,3,wk inc flu hosp,2026-03-14,quantile,0.9,263
2026-02-21,21,3,wk inc flu hosp,2026-03-14,quantile,0.95,317
2026-02-21,21,3,wk inc flu hosp,2026-03-14,quantile,0.975,352
2026-02-21,21,3,wk inc flu hosp,2026-03-14,quantile,0.99,405
2026-02-21,22,0,wk inc flu hosp,2026-02-21,quantile,0.01,132
2026-02-21,22,0,wk inc flu hosp,2026-02-21,quantile,0.025,156
2026-02-21,22,0,wk inc flu hosp,2026-02-21,quantile,0.05,174
2026-02-21,22,0,wk inc flu hosp,2026-02-21,quantile,0.1,196
2026-02-21,22,0,wk inc flu hosp,2026-02-21,quantile,0.15,209
2026-02-21,22,0,wk inc flu hosp,2026-02-21,quantile,0.2,217
2026-02-21,22,0,wk inc flu hosp,2026-02-21,quantile,0.25,225
2026-02-21,22,0,wk inc flu hosp,2026-02-21,quantile,0.3,234
2026-02-21,22,0,wk inc flu hosp,2026-02-21,quantile,0.35,241
2026-02-21,22,0,wk inc flu hosp,2026-02-21,quantile,0.4,249
2026-02-21,22,0,wk inc flu hosp,2026-02-21,quantile,0.45,255
2026-02-21,22,0,wk inc flu hosp,2026-02-21,quantile,0.5,270
2026-02-21,22,0,wk inc flu hosp,2026-02-21,quantile,0.55,285
2026-02-21,22,0,wk inc flu hosp,2026-02-21,quantile,0.6,292
2026-02-21,22,0,wk inc flu hosp,2026-02-21,quantile,0.65,297
2026-02-21,22,0,wk inc flu hosp,2026-02-21,quantile,0.7,306
2026-02-21,22,0,wk inc flu hosp,2026-02-21,quantile,0.75,314
2026-02-21,22,0,wk inc flu hosp,2026-02-21,quantile,0.8,325
2026-02-21,22,0,wk inc flu hosp,2026-02-21,quantile,0.85,338
2026-02-21,22,0,wk inc flu hosp,2026-02-21,quantile,0.9,354
2026-02-21,22,0,wk inc flu hosp,2026-02-21,quantile,0.95,387
2026-02-21,22,0,wk inc flu hosp,2026-02-21,quantile,0.975,410
2026-02-21,22,0,wk inc flu hosp,2026-02-21,quantile,0.99,446
2026-02-21,22,1,wk inc flu hosp,2026-02-28,quantile,0.01,90
2026-02-21,22,1,wk inc flu hosp,2026-02-28,quantile,0.025,112
2026-02-21,22,1,wk inc flu hosp,2026-02-28,quantile,0.05,129
2026-02-21,22,1,wk inc flu hosp,2026-02-28,quantile,0.1,152
2026-02-21,22,1,wk inc flu hosp,2026-02-28,quantile,0.15,166
2026-02-21,22,1,wk inc flu hosp,2026-02-28,quantile,0.2,179
2026-02-21,22,1,wk inc flu hosp,2026-02-28,quantile,0.25,186
2026-02-21,22,1,wk inc flu hosp,2026-02-28,quantile,0.3,199
2026-02-21,22,1,wk inc flu hosp,2026-02-28,quantile,0.35,209
2026-02-21,22,1,wk inc flu hosp,2026-02-28,quantile,0.4,217
2026-02-21,22,1,wk inc flu hosp,2026-02-28,quantile,0.45,227
2026-02-21,22,1,wk inc flu hosp,2026-02-28,quantile,0.5,240
2026-02-21,22,1,wk inc flu hosp,2026-02-28,quantile,0.55,249
2026-02-21,22,1,wk inc flu hosp,2026-02-28,quantile,0.6,259
2026-02-21,22,1,wk inc flu hosp,2026-02-28,quantile,0.65,270
2026-02-21,22,1,wk inc flu hosp,2026-02-28,quantile,0.7,282
2026-02-21,22,1,wk inc flu hosp,2026-02-28,quantile,0.75,294
2026-02-21,22,1,wk inc flu hosp,2026-02-28,quantile,0.8,309
2026-02-21,22,1,wk inc flu hosp,2026-02-28,quantile,0.85,329
2026-02-21,22,1,wk inc flu hosp,2026-02-28,quantile,0.9,348
2026-02-21,22,1,wk inc flu hosp,2026-02-28,quantile,0.95,386
2026-02-21,22,1,wk inc flu hosp,2026-02-28,quantile,0.975,423
2026-02-21,22,1,wk inc flu hosp,2026-02-28,quantile,0.99,451
2026-02-21,22,2,wk inc flu hosp,2026-03-07,quantile,0.01,66
2026-02-21,22,2,wk inc flu hosp,2026-03-07,quantile,0.025,81
2026-02-21,22,2,wk inc flu hosp,2026-03-07,quantile,0.05,103
2026-02-21,22,2,wk inc flu hosp,2026-03-07,quantile,0.1,125
2026-02-21,22,2,wk inc flu hosp,2026-03-07,quantile,0.15,135
2026-02-21,22,2,wk inc flu hosp,2026-03-07,quantile,0.2,149
2026-02-21,22,2,wk inc flu hosp,2026-03-07,quantile,0.25,162
2026-02-21,22,2,wk inc flu hosp,2026-03-07,quantile,0.3,173
2026-02-21,22,2,wk inc flu hosp,2026-03-07,quantile,0.35,184
2026-02-21,22,2,wk inc flu hosp,2026-03-07,quantile,0.4,195
2026-02-21,22,2,wk inc flu hosp,2026-03-07,quantile,0.45,206
2026-02-21,22,2,wk inc flu hosp,2026-03-07,quantile,0.5,222
2026-02-21,22,2,wk inc flu hosp,2026-03-07,quantile,0.55,239
2026-02-21,22,2,wk inc flu hosp,2026-03-07,quantile,0.6,256
2026-02-21,22,2,wk inc flu hosp,2026-03-07,quantile,0.65,273
2026-02-21,22,2,wk inc flu hosp,2026-03-07,quantile,0.7,286
2026-02-21,22,2,wk inc flu hosp,2026-03-07,quantile,0.75,303
2026-02-21,22,2,wk inc flu hosp,2026-03-07,quantile,0.8,319
2026-02-21,22,2,wk inc flu hosp,2026-03-07,quantile,0.85,338
2026-02-21,22,2,wk inc flu hosp,2026-03-07,quantile,0.9,357
2026-02-21,22,2,wk inc flu hosp,2026-03-07,quantile,0.95,413
2026-02-21,22,2,wk inc flu hosp,2026-03-07,quantile,0.975,457
2026-02-21,22,2,wk inc flu hosp,2026-03-07,quantile,0.99,497
2026-02-21,22,3,wk inc flu hosp,2026-03-14,quantile,0.01,49
2026-02-21,22,3,wk inc flu hosp,2026-03-14,quantile,0.025,66
2026-02-21,22,3,wk inc flu hosp,2026-03-14,quantile,0.05,84
2026-02-21,22,3,wk inc flu hosp,2026-03-14,quantile,0.1,102
2026-02-21,22,3,wk inc flu hosp,2026-03-14,quantile,0.15,111
2026-02-21,22,3,wk inc flu hosp,2026-03-14,quantile,0.2,123
2026-02-21,22,3,wk inc flu hosp,2026-03-14,quantile,0.25,137
2026-02-21,22,3,wk inc flu hosp,2026-03-14,quantile,0.3,148
2026-02-21,22,3,wk inc flu hosp,2026-03-14,quantile,0.35,163
2026-02-21,22,3,wk inc flu hosp,2026-03-14,quantile,0.4,174
2026-02-21,22,3,wk inc flu hosp,2026-03-14,quantile,0.45,185
2026-02-21,22,3,wk inc flu hosp,2026-03-14,quantile,0.5,202
2026-02-21,22,3,wk inc flu hosp,2026-03-14,quantile,0.55,218
2026-02-21,22,3,wk inc flu hosp,2026-03-14,quantile,0.6,234
2026-02-21,22,3,wk inc flu hosp,2026-03-14,quantile,0.65,250
2026-02-21,22,3,wk inc flu hosp,2026-03-14,quantile,0.7,266
2026-02-21,22,3,wk inc flu hosp,2026-03-14,quantile,0.75,283
2026-02-21,22,3,wk inc flu hosp,2026-03-14,quantile,0.8,300
2026-02-21,22,3,wk inc flu hosp,2026-03-14,quantile,0.85,328
2026-02-21,22,3,wk inc flu hosp,2026-03-14,quantile,0.9,355
2026-02-21,22,3,wk inc flu hosp,2026-03-14,quantile,0.95,405
2026-02-21,22,3,wk inc flu hosp,2026-03-14,quantile,0.975,469
2026-02-21,22,3,wk inc flu hosp,2026-03-14,quantile,0.99,533
2026-02-21,23,0,wk inc flu hosp,2026-02-21,quantile,0.01,10
2026-02-21,23,0,wk inc flu hosp,2026-02-21,quantile,0.025,13
2026-02-21,23,0,wk inc flu hosp,2026-02-21,quantile,0.05,16
2026-02-21,23,0,wk inc flu hosp,2026-02-21,quantile,0.1,20
2026-02-21,23,0,wk inc flu hosp,2026-02-21,quantile,0.15,24
2026-02-21,23,0,wk inc flu hosp,2026-02-21,quantile,0.2,28
2026-02-21,23,0,wk inc flu hosp,2026-02-21,quantile,0.25,29
2026-02-21,23,0,wk inc flu hosp,2026-02-21,quantile,0.3,31
2026-02-21,23,0,wk inc flu hosp,2026-02-21,quantile,0.35,33
2026-02-21,23,0,wk inc flu hosp,2026-02-21,quantile,0.4,34
2026-02-21,23,0,wk inc flu hosp,2026-02-21,quantile,0.45,37
2026-02-21,23,0,wk inc flu hosp,2026-02-21,quantile,0.5,39
2026-02-21,23,0,wk inc flu hosp,2026-02-21,quantile,0.55,40
2026-02-21,23,0,wk inc flu hosp,2026-02-21,quantile,0.6,42
2026-02-21,23,0,wk inc flu hosp,2026-02-21,quantile,0.65,44
2026-02-21,23,0,wk inc flu hosp,2026-02-21,quantile,0.7,45
2026-02-21,23,0,wk inc flu hosp,2026-02-21,quantile,0.75,48
2026-02-21,23,0,wk inc flu hosp,2026-02-21,quantile,0.8,50
2026-02-21,23,0,wk inc flu hosp,2026-02-21,quantile,0.85,54
2026-02-21,23,0,wk inc flu hosp,2026-02-21,quantile,0.9,60
2026-02-21,23,0,wk inc flu hosp,2026-02-21,quantile,0.95,70
2026-02-21,23,0,wk inc flu hosp,2026-02-21,quantile,0.975,79
2026-02-21,23,0,wk inc flu hosp,2026-02-21,quantile,0.99,87
2026-02-21,23,1,wk inc flu hosp,2026-02-28,quantile,0.01,5
2026-02-21,23,1,wk inc flu hosp,2026-02-28,quantile,0.025,7
2026-02-21,23,1,wk inc flu hosp,2026-02-28,quantile,0.05,9
2026-02-21,23,1,wk inc flu hosp,2026-02-28,quantile,0.1,13
2026-02-21,23,1,wk inc flu hosp,2026-02-28,quantile,0.15,16
2026-02-21,23,1,wk inc flu hosp,2026-02-28,quantile,0.2,18
2026-02-21,23,1,wk inc flu hosp,2026-02-28,quantile,0.25,21
2026-02-21,23,1,wk inc flu hosp,2026-02-28,quantile,0.3,23
2026-02-21,23,1,wk inc flu hosp,2026-02-28,quantile,0.35,26
2026-02-21,23,1,wk inc flu hosp,2026-02-28,quantile,0.4,28
2026-02-21,23,1,wk inc flu hosp,2026-02-28,quantile,0.45,30
2026-02-21,23,1,wk inc flu hosp,2026-02-28,quantile,0.5,33
2026-02-21,23,1,wk inc flu hosp,2026-02-28,quantile,0.55,35
2026-02-21,23,1,wk inc flu hosp,2026-02-28,quantile,0.6,37
2026-02-21,23,1,wk inc flu hosp,2026-02-28,quantile,0.65,39
2026-02-21,23,1,wk inc flu hosp,2026-02-28,quantile,0.7,42
2026-02-21,23,1,wk inc flu hosp,2026-02-28,quantile,0.75,45
2026-02-21,23,1,wk inc flu hosp,2026-02-28,quantile,0.8,49
2026-02-21,23,1,wk inc flu hosp,2026-02-28,quantile,0.85,52
2026-02-21,23,1,wk inc flu hosp,2026-02-28,quantile,0.9,59
2026-02-21,23,1,wk inc flu hosp,2026-02-28,quantile,0.95,71
2026-02-21,23,1,wk inc flu hosp,2026-02-28,quantile,0.975,83
2026-02-21,23,1,wk inc flu hosp,2026-02-28,quantile,0.99,98
2026-02-21,23,2,wk inc flu hosp,2026-03-07,quantile,0.01,2
2026-02-21,23,2,wk inc flu hosp,2026-03-07,quantile,0.025,3
2026-02-21,23,2,wk inc flu hosp,2026-03-07,quantile,0.05,5
2026-02-21,23,2,wk inc flu hosp,2026-03-07,quantile,0.1,8
2026-02-21,23,2,wk inc flu hosp,2026-03-07,quantile,0.15,9
2026-02-21,23,2,wk inc flu hosp,2026-03-07,quantile,0.2,11
2026-02-21,23,2,wk inc flu hosp,2026-03-07,quantile,0.25,14
2026-02-21,23,2,wk inc flu hosp,2026-03-07,quantile,0.3,15
2026-02-21,23,2,wk inc flu hosp,2026-03-07,quantile,0.35,19
2026-02-21,23,2,wk inc flu hosp,2026-03-07,quantile,0.4,21
2026-02-21,23,2,wk inc flu hosp,2026-03-07,quantile,0.45,22
2026-02-21,23,2,wk inc flu hosp,2026-03-07,quantile,0.5,26
2026-02-21,23,2,wk inc flu hosp,2026-03-07,quantile,0.55,28
2026-02-21,23,2,wk inc flu hosp,2026-03-07,quantile,0.6,30
2026-02-21,23,2,wk inc flu hosp,2026-03-07,quantile,0.65,32
2026-02-21,23,2,wk inc flu hosp,2026-03-07,quantile,0.7,34
2026-02-21,23,2,wk inc flu hosp,2026-03-07,quantile,0.75,37
2026-02-21,23,2,wk inc flu hosp,2026-03-07,quantile,0.8,42
2026-02-21,23,2,wk inc flu hosp,2026-03-07,quantile,0.85,49
2026-02-21,23,2,wk inc flu hosp,2026-03-07,quantile,0.9,59
2026-02-21,23,2,wk inc flu hosp,2026-03-07,quantile,0.95,75
2026-02-21,23,2,wk inc flu hosp,2026-03-07,quantile,0.975,84
2026-02-21,23,2,wk inc flu hosp,2026-03-07,quantile,0.99,98
2026-02-21,23,3,wk inc flu hosp,2026-03-14,quantile,0.01,1
2026-02-21,23,3,wk inc flu hosp,2026-03-14,quantile,0.025,2
2026-02-21,23,3,wk inc flu hosp,2026-03-14,quantile,0.05,3
2026-02-21,23,3,wk inc flu hosp,2026-03-14,quantile,0.1,5
2026-02-21,23,3,wk inc flu hosp,2026-03-14,quantile,0.15,6
2026-02-21,23,3,wk inc flu hosp,2026-03-14,quantile,0.2,7
2026-02-21,23,3,wk inc flu hosp,2026-03-14,quantile,0.25,9
2026-02-21,23,3,wk inc flu hosp,2026-03-14,quantile,0.3,11
2026-02-21,23,3,wk inc flu hosp,2026-03-14,quantile,0.35,14
2026-02-21,23,3,wk inc flu hosp,2026-03-14,quantile,0.4,16
2026-02-21,23,3,wk inc flu hosp,2026-03-14,quantile,0.45,19
2026-02-21,23,3,wk inc flu hosp,2026-03-14,quantile,0.5,20
2026-02-21,23,3,wk inc flu hosp,2026-03-14,quantile,0.55,23
2026-02-21,23,3,wk inc flu hosp,2026-03-14,quantile,0.6,25
2026-02-21,23,3,wk inc flu hosp,2026-03-14,quantile,0.65,27
2026-02-21,23,3,wk inc flu hosp,2026-03-14,quantile,0.7,30
2026-02-21,23,3,wk inc flu hosp,2026-03-14,quantile,0.75,35
2026-02-21,23,3,wk inc flu hosp,2026-03-14,quantile,0.8,40
2026-02-21,23,3,wk inc flu hosp,2026-03-14,quantile,0.85,46
2026-02-21,23,3,wk inc flu hosp,2026-03-14,quantile,0.9,59
2026-02-21,23,3,wk inc flu hosp,2026-03-14,quantile,0.95,75
2026-02-21,23,3,wk inc flu hosp,2026-03-14,quantile,0.975,85
2026-02-21,23,3,wk inc flu hosp,2026-03-14,quantile,0.99,103
2026-02-21,24,0,wk inc flu hosp,2026-02-21,quantile,0.01,25
2026-02-21,24,0,wk inc flu hosp,2026-02-21,quantile,0.025,31
2026-02-21,24,0,wk inc flu hosp,2026-02-21,quantile,0.05,36
2026-02-21,24,0,wk inc flu hosp,2026-02-21,quantile,0.1,42
2026-02-21,24,0,wk inc flu hosp,2026-02-21,quantile,0.15,46
2026-02-21,24,0,wk inc flu hosp,2026-02-21,quantile,0.2,50
2026-02-21,24,0,wk inc flu hosp,2026-02-21,quantile,0.25,51
2026-02-21,24,0,wk inc flu hosp,2026-02-21,quantile,0.3,53
2026-02-21,24,0,wk inc flu hosp,2026-02-21,quantile,0.35,56
2026-02-21,24,0,wk inc flu hosp,2026-02-21,quantile,0.4,60
2026-02-21,24,0,wk inc flu hosp,2026-02-21,quantile,0.45,64
2026-02-21,24,0,wk inc flu hosp,2026-02-21,quantile,0.5,67
2026-02-21,24,0,wk inc flu hosp,2026-02-21,quantile,0.55,76
2026-02-21,24,0,wk inc flu hosp,2026-02-21,quantile,0.6,80
2026-02-21,24,0,wk inc flu hosp,2026-02-21,quantile,0.65,83
2026-02-21,24,0,wk inc flu hosp,2026-02-21,quantile,0.7,87
2026-02-21,24,0,wk inc flu hosp,2026-02-21,quantile,0.75,91
2026-02-21,24,0,wk inc flu hosp,2026-02-21,quantile,0.8,97
2026-02-21,24,0,wk inc flu hosp,2026-02-21,quantile,0.85,104
2026-02-21,24,0,wk inc flu hosp,2026-02-21,quantile,0.9,112
2026-02-21,24,0,wk inc flu hosp,2026-02-21,quantile,0.95,125
2026-02-21,24,0,wk inc flu hosp,2026-02-21,quantile,0.975,140
2026-02-21,24,0,wk inc flu hosp,2026-02-21,quantile,0.99,160
2026-02-21,24,1,wk inc flu hosp,2026-02-28,quantile,0.01,13
2026-02-21,24,1,wk inc flu hosp,2026-02-28,quantile,0.025,18
2026-02-21,24,1,wk inc flu hosp,2026-02-28,quantile,0.05,23
2026-02-21,24,1,wk inc flu hosp,2026-02-28,quantile,0.1,30
2026-02-21,24,1,wk inc flu hosp,2026-02-28,quantile,0.15,34
2026-02-21,24,1,wk inc flu hosp,2026-02-28,quantile,0.2,38
2026-02-21,24,1,wk inc flu hosp,2026-02-28,quantile,0.25,41
2026-02-21,24,1,wk inc flu hosp,2026-02-28,quantile,0.3,45
2026-02-21,24,1,wk inc flu hosp,2026-02-28,quantile,0.35,47
2026-02-21,24,1,wk inc flu hosp,2026-02-28,quantile,0.4,50
2026-02-21,24,1,wk inc flu hosp,2026-02-28,quantile,0.45,54
2026-02-21,24,1,wk inc flu hosp,2026-02-28,quantile,0.5,60
2026-02-21,24,1,wk inc flu hosp,2026-02-28,quantile,0.55,64
2026-02-21,24,1,wk inc flu hosp,2026-02-28,quantile,0.6,73
2026-02-21,24,1,wk inc flu hosp,2026-02-28,quantile,0.65,81
2026-02-21,24,1,wk inc flu hosp,2026-02-28,quantile,0.7,85
2026-02-21,24,1,wk inc flu hosp,2026-02-28,quantile,0.75,94
2026-02-21,24,1,wk inc flu hosp,2026-02-28,quantile,0.8,101
2026-02-21,24,1,wk inc flu hosp,2026-02-28,quantile,0.85,111
2026-02-21,24,1,wk inc flu hosp,2026-02-28,quantile,0.9,131
2026-02-21,24,1,wk inc flu hosp,2026-02-28,quantile,0.95,151
2026-02-21,24,1,wk inc flu hosp,2026-02-28,quantile,0.975,171
2026-02-21,24,1,wk inc flu hosp,2026-02-28,quantile,0.99,201
2026-02-21,24,2,wk inc flu hosp,2026-03-07,quantile,0.01,4
2026-02-21,24,2,wk inc flu hosp,2026-03-07,quantile,0.025,8
2026-02-21,24,2,wk inc flu hosp,2026-03-07,quantile,0.05,12
2026-02-21,24,2,wk inc flu hosp,2026-03-07,quantile,0.1,19
2026-02-21,24,2,wk inc flu hosp,2026-03-07,quantile,0.15,24
2026-02-21,24,2,wk inc flu hosp,2026-03-07,quantile,0.2,28
2026-02-21,24,2,wk inc flu hosp,2026-03-07,quantile,0.25,30
2026-02-21,24,2,wk inc flu hosp,2026-03-07,quantile,0.3,34
2026-02-21,24,2,wk inc flu hosp,2026-03-07,quantile,0.35,39
2026-02-21,24,2,wk inc flu hosp,2026-03-07,quantile,0.4,41
2026-02-21,24,2,wk inc flu hosp,2026-03-07,quantile,0.45,46
2026-02-21,24,2,wk inc flu hosp,2026-03-07,quantile,0.5,50
2026-02-21,24,2,wk inc flu hosp,2026-03-07,quantile,0.55,56
2026-02-21,24,2,wk inc flu hosp,2026-03-07,quantile,0.6,64
2026-02-21,24,2,wk inc flu hosp,2026-03-07,quantile,0.65,75
2026-02-21,24,2,wk inc flu hosp,2026-03-07,quantile,0.7,82
2026-02-21,24,2,wk inc flu hosp,2026-03-07,quantile,0.75,91
2026-02-21,24,2,wk inc flu hosp,2026-03-07,quantile,0.8,102
2026-02-21,24,2,wk inc flu hosp,2026-03-07,quantile,0.85,118
2026-02-21,24,2,wk inc flu hosp,2026-03-07,quantile,0.9,145
2026-02-21,24,2,wk inc flu hosp,2026-03-07,quantile,0.95,179
2026-02-21,24,2,wk inc flu hosp,2026-03-07,quantile,0.975,207
2026-02-21,24,2,wk inc flu hosp,2026-03-07,quantile,0.99,243
2026-02-21,24,3,wk inc flu hosp,2026-03-14,quantile,0.01,1
2026-02-21,24,3,wk inc flu hosp,2026-03-14,quantile,0.025,2
2026-02-21,24,3,wk inc flu hosp,2026-03-14,quantile,0.05,6
2026-02-21,24,3,wk inc flu hosp,2026-03-14,quantile,0.1,12
2026-02-21,24,3,wk inc flu hosp,2026-03-14,quantile,0.15,16
2026-02-21,24,3,wk inc flu hosp,2026-03-14,quantile,0.2,20
2026-02-21,24,3,wk inc flu hosp,2026-03-14,quantile,0.25,24
2026-02-21,24,3,wk inc flu hosp,2026-03-14,quantile,0.3,28
2026-02-21,24,3,wk inc flu hosp,2026-03-14,quantile,0.35,34
2026-02-21,24,3,wk inc flu hosp,2026-03-14,quantile,0.4,38
2026-02-21,24,3,wk inc flu hosp,2026-03-14,quantile,0.45,41
2026-02-21,24,3,wk inc flu hosp,2026-03-14,quantile,0.5,45
2026-02-21,24,3,wk inc flu hosp,2026-03-14,quantile,0.55,48
2026-02-21,24,3,wk inc flu hosp,2026-03-14,quantile,0.6,58
2026-02-21,24,3,wk inc flu hosp,2026-03-14,quantile,0.65,72
2026-02-21,24,3,wk inc flu hosp,2026-03-14,quantile,0.7,82
2026-02-21,24,3,wk inc flu hosp,2026-03-14,quantile,0.75,91
2026-02-21,24,3,wk inc flu hosp,2026-03-14,quantile,0.8,100
2026-02-21,24,3,wk inc flu hosp,2026-03-14,quantile,0.85,116
2026-02-21,24,3,wk inc flu hosp,2026-03-14,quantile,0.9,137
2026-02-21,24,3,wk inc flu hosp,2026-03-14,quantile,0.95,167
2026-02-21,24,3,wk inc flu hosp,2026-03-14,quantile,0.975,199
2026-02-21,24,3,wk inc flu hosp,2026-03-14,quantile,0.99,263
2026-02-21,25,0,wk inc flu hosp,2026-02-21,quantile,0.01,20
2026-02-21,25,0,wk inc flu hosp,2026-02-21,quantile,0.025,25
2026-02-21,25,0,wk inc flu hosp,2026-02-21,quantile,0.05,29
2026-02-21,25,0,wk inc flu hosp,2026-02-21,quantile,0.1,37
2026-02-21,25,0,wk inc flu hosp,2026-02-21,quantile,0.15,42
2026-02-21,25,0,wk inc flu hosp,2026-02-21,quantile,0.2,44
2026-02-21,25,0,wk inc flu hosp,2026-02-21,quantile,0.25,47
2026-02-21,25,0,wk inc flu hosp,2026-02-21,quantile,0.3,52
2026-02-21,25,0,wk inc flu hosp,2026-02-21,quantile,0.35,56
2026-02-21,25,0,wk inc flu hosp,2026-02-21,quantile,0.4,58
2026-02-21,25,0,wk inc flu hosp,2026-02-21,quantile,0.45,61
2026-02-21,25,0,wk inc flu hosp,2026-02-21,quantile,0.5,70
2026-02-21,25,0,wk inc flu hosp,2026-02-21,quantile,0.55,76
2026-02-21,25,0,wk inc flu hosp,2026-02-21,quantile,0.6,81
2026-02-21,25,0,wk inc flu hosp,2026-02-21,quantile,0.65,86
2026-02-21,25,0,wk inc flu hosp,2026-02-21,quantile,0.7,91
2026-02-21,25,0,wk inc flu hosp,2026-02-21,quantile,0.75,98
2026-02-21,25,0,wk inc flu hosp,2026-02-21,quantile,0.8,104
2026-02-21,25,0,wk inc flu hosp,2026-02-21,quantile,0.85,111
2026-02-21,25,0,wk inc flu hosp,2026-02-21,quantile,0.9,126
2026-02-21,25,0,wk inc flu hosp,2026-02-21,quantile,0.95,155
2026-02-21,25,0,wk inc flu hosp,2026-02-21,quantile,0.975,173
2026-02-21,25,0,wk inc flu hosp,2026-02-21,quantile,0.99,211
2026-02-21,25,1,wk inc flu hosp,2026-02-28,quantile,0.01,5
2026-02-21,25,1,wk inc flu hosp,2026-02-28,quantile,0.025,10
2026-02-21,25,1,wk inc flu hosp,2026-02-28,quantile,0.05,15
2026-02-21,25,1,wk inc flu hosp,2026-02-28,quantile,0.1,24
2026-02-21,25,1,wk inc flu hosp,2026-02-28,quantile,0.15,27
2026-02-21,25,1,wk inc flu hosp,2026-02-28,quantile,0.2,31
2026-02-21,25,1,wk inc flu hosp,2026-02-28,quantile,0.25,35
2026-02-21,25,1,wk inc flu hosp,2026-02-28,quantile,0.3,41
2026-02-21,25,1,wk inc flu hosp,2026-02-28,quantile,0.35,43
2026-02-21,25,1,wk inc flu hosp,2026-02-28,quantile,0.4,47
2026-02-21,25,1,wk inc flu hosp,2026-02-28,quantile,0.45,55
2026-02-21,25,1,wk inc flu hosp,2026-02-28,quantile,0.5,62
2026-02-21,25,1,wk inc flu hosp,2026-02-28,quantile,0.55,66
2026-02-21,25,1,wk inc flu hosp,2026-02-28,quantile,0.6,77
2026-02-21,25,1,wk inc flu hosp,2026-02-28,quantile,0.65,82
2026-02-21,25,1,wk inc flu hosp,2026-02-28,quantile,0.7,87
2026-02-21,25,1,wk inc flu hosp,2026-02-28,quantile,0.75,94
2026-02-21,25,1,wk inc flu hosp,2026-02-28,quantile,0.8,104
2026-02-21,25,1,wk inc flu hosp,2026-02-28,quantile,0.85,123
2026-02-21,25,1,wk inc flu hosp,2026-02-28,quantile,0.9,148
2026-02-21,25,1,wk inc flu hosp,2026-02-28,quantile,0.95,172
2026-02-21,25,1,wk inc flu hosp,2026-02-28,quantile,0.975,198
2026-02-21,25,1,wk inc flu hosp,2026-02-28,quantile,0.99,225
2026-02-21,25,2,wk inc flu hosp,2026-03-07,quantile,0.01,3
2026-02-21,25,2,wk inc flu hosp,2026-03-07,quantile,0.025,5
2026-02-21,25,2,wk inc flu hosp,2026-03-07,quantile,0.05,10
2026-02-21,25,2,wk inc flu hosp,2026-03-07,quantile,0.1,15
2026-02-21,25,2,wk inc flu hosp,2026-03-07,quantile,0.15,19
2026-02-21,25,2,wk inc flu hosp,2026-03-07,quantile,0.2,21
2026-02-21,25,2,wk inc flu hosp,2026-03-07,quantile,0.25,22
2026-02-21,25,2,wk inc flu hosp,2026-03-07,quantile,0.3,30
2026-02-21,25,2,wk inc flu hosp,2026-03-07,quantile,0.35,33
2026-02-21,25,2,wk inc flu hosp,2026-03-07,quantile,0.4,38
2026-02-21,25,2,wk inc flu hosp,2026-03-07,quantile,0.45,45
2026-02-21,25,2,wk inc flu hosp,2026-03-07,quantile,0.5,48
2026-02-21,25,2,wk inc flu hosp,2026-03-07,quantile,0.55,52
2026-02-21,25,2,wk inc flu hosp,2026-03-07,quantile,0.6,58
2026-02-21,25,2,wk inc flu hosp,2026-03-07,quantile,0.65,74
2026-02-21,25,2,wk inc flu hosp,2026-03-07,quantile,0.7,78
2026-02-21,25,2,wk inc flu hosp,2026-03-07,quantile,0.75,86
2026-02-21,25,2,wk inc flu hosp,2026-03-07,quantile,0.8,105
2026-02-21,25,2,wk inc flu hosp,2026-03-07,quantile,0.85,127
2026-02-21,25,2,wk inc flu hosp,2026-03-07,quantile,0.9,155
2026-02-21,25,2,wk inc flu hosp,2026-03-07,quantile,0.95,197
2026-02-21,25,2,wk inc flu hosp,2026-03-07,quantile,0.975,227
2026-02-21,25,2,wk inc flu hosp,2026-03-07,quantile,0.99,276
2026-02-21,25,3,wk inc flu hosp,2026-03-14,quantile,0.01,0
2026-02-21,25,3,wk inc flu hosp,2026-03-14,quantile,0.025,2
2026-02-21,25,3,wk inc flu hosp,2026-03-14,quantile,0.05,3
2026-02-21,25,3,wk inc flu hosp,2026-03-14,quantile,0.1,11
2026-02-21,25,3,wk inc flu hosp,2026-03-14,quantile,0.15,13
2026-02-21,25,3,wk inc flu hosp,2026-03-14,quantile,0.2,15
2026-02-21,25,3,wk inc flu hosp,2026-03-14,quantile,0.25,16
2026-02-21,25,3,wk inc flu hosp,2026-03-14,quantile,0.3,22
2026-02-21,25,3,wk inc flu hosp,2026-03-14,quantile,0.35,23
2026-02-21,25,3,wk inc flu hosp,2026-03-14,quantile,0.4,31
2026-02-21,25,3,wk inc flu hosp,2026-03-14,quantile,0.45,39
2026-02-21,25,3,wk inc flu hosp,2026-03-14,quantile,0.5,44
2026-02-21,25,3,wk inc flu hosp,2026-03-14,quantile,0.55,47
2026-02-21,25,3,wk inc flu hosp,2026-03-14,quantile,0.6,51
2026-02-21,25,3,wk inc flu hosp,2026-03-14,quantile,0.65,61
2026-02-21,25,3,wk inc flu hosp,2026-03-14,quantile,0.7,71
2026-02-21,25,3,wk inc flu hosp,2026-03-14,quantile,0.75,94
2026-02-21,25,3,wk inc flu hosp,2026-03-14,quantile,0.8,110
2026-02-21,25,3,wk inc flu hosp,2026-03-14,quantile,0.85,133
2026-02-21,25,3,wk inc flu hosp,2026-03-14,quantile,0.9,161
2026-02-21,25,3,wk inc flu hosp,2026-03-14,quantile,0.95,191
2026-02-21,25,3,wk inc flu hosp,2026-03-14,quantile,0.975,222
2026-02-21,25,3,wk inc flu hosp,2026-03-14,quantile,0.99,291
2026-02-21,26,0,wk inc flu hosp,2026-02-21,quantile,0.01,102
2026-02-21,26,0,wk inc flu hosp,2026-02-21,quantile,0.025,119
2026-02-21,26,0,wk inc flu hosp,2026-02-21,quantile,0.05,135
2026-02-21,26,0,wk inc flu hosp,2026-02-21,quantile,0.1,155
2026-02-21,26,0,wk inc flu hosp,2026-02-21,quantile,0.15,175
2026-02-21,26,0,wk inc flu hosp,2026-02-21,quantile,0.2,184
2026-02-21,26,0,wk inc flu hosp,2026-02-21,quantile,0.25,189
2026-02-21,26,0,wk inc flu hosp,2026-02-21,quantile,0.3,199
2026-02-21,26,0,wk inc flu hosp,2026-02-21,quantile,0.35,209
2026-02-21,26,0,wk inc flu hosp,2026-02-21,quantile,0.4,222
2026-02-21,26,0,wk inc flu hosp,2026-02-21,quantile,0.45,230
2026-02-21,26,0,wk inc flu hosp,2026-02-21,quantile,0.5,239
2026-02-21,26,0,wk inc flu hosp,2026-02-21,quantile,0.55,251
2026-02-21,26,0,wk inc flu hosp,2026-02-21,quantile,0.6,263
2026-02-21,26,0,wk inc flu hosp,2026-02-21,quantile,0.65,275
2026-02-21,26,0,wk inc flu hosp,2026-02-21,quantile,0.7,288
2026-02-21,26,0,wk inc flu hosp,2026-02-21,quantile,0.75,304
2026-02-21,26,0,wk inc flu hosp,2026-02-21,quantile,0.8,321
2026-02-21,26,0,wk inc flu hosp,2026-02-21,quantile,0.85,336
2026-02-21,26,0,wk inc flu hosp,2026-02-21,quantile,0.9,367
2026-02-21,26,0,wk inc flu hosp,2026-02-21,quantile,0.95,417
2026-02-21,26,0,wk inc flu hosp,2026-02-21,quantile,0.975,446
2026-02-21,26,0,wk inc flu hosp,2026-02-21,quantile,0.99,506
2026-02-21,26,1,wk inc flu hosp,2026-02-28,quantile,0.01,63
2026-02-21,26,1,wk inc flu hosp,2026-02-28,quantile,0.025,75
2026-02-21,26,1,wk inc flu hosp,2026-02-28,quantile,0.05,100
2026-02-21,26,1,wk inc flu hosp,2026-02-28,quantile,0.1,115
2026-02-21,26,1,wk inc flu hosp,2026-02-28,quantile,0.15,135
2026-02-21,26,1,wk inc flu hosp,2026-02-28,quantile,0.2,151
2026-02-21,26,1,wk inc flu hosp,2026-02-28,quantile,0.25,165
2026-02-21,26,1,wk inc flu hosp,2026-02-28,quantile,0.3,175
2026-02-21,26,1,wk inc flu hosp,2026-02-28,quantile,0.35,187
2026-02-21,26,1,wk inc flu hosp,2026-02-28,quantile,0.4,203
2026-02-21,26,1,wk inc flu hosp,2026-02-28,quantile,0.45,210
2026-02-21,26,1,wk inc flu hosp,2026-02-28,quantile,0.5,225
2026-02-21,26,1,wk inc flu hosp,2026-02-28,quantile,0.55,238
2026-02-21,26,1,wk inc flu hosp,2026-02-28,quantile,0.6,251
2026-02-21,26,1,wk inc flu hosp,2026-02-28,quantile,0.65,267
2026-02-21,26,1,wk inc flu hosp,2026-02-28,quantile,0.7,286
2026-02-21,26,1,wk inc flu hosp,2026-02-28,quantile,0.75,307
2026-02-21,26,1,wk inc flu hosp,2026-02-28,quantile,0.8,336
2026-02-21,26,1,wk inc flu hosp,2026-02-28,quantile,0.85,356
2026-02-21,26,1,wk inc flu hosp,2026-02-28,quantile,0.9,397
2026-02-21,26,1,wk inc flu hosp,2026-02-28,quantile,0.95,465
2026-02-21,26,1,wk inc flu hosp,2026-02-28,quantile,0.975,513
2026-02-21,26,1,wk inc flu hosp,2026-02-28,quantile,0.99,594
2026-02-21,26,2,wk inc flu hosp,2026-03-07,quantile,0.01,31
2026-02-21,26,2,wk inc flu hosp,2026-03-07,quantile,0.025,42
2026-02-21,26,2,wk inc flu hosp,2026-03-07,quantile,0.05,61
2026-02-21,26,2,wk inc flu hosp,2026-03-07,quantile,0.1,85
2026-02-21,26,2,wk inc flu hosp,2026-03-07,quantile,0.15,104
2026-02-21,26,2,wk inc flu hosp,2026-03-07,quantile,0.2,115
2026-02-21,26,2,wk inc flu hosp,2026-03-07,quantile,0.25,133
2026-02-21,26,2,wk inc flu hosp,2026-03-07,quantile,0.3,149
2026-02-21,26,2,wk inc flu hosp,2026-03-07,quantile,0.35,158
2026-02-21,26,2,wk inc flu hosp,2026-03-07,quantile,0.4,175
2026-02-21,26,2,wk inc flu hosp,2026-03-07,quantile,0.45,185
2026-02-21,26,2,wk inc flu hosp,2026-03-07,quantile,0.5,201
2026-02-21,26,2,wk inc flu hosp,2026-03-07,quantile,0.55,217
2026-02-21,26,2,wk inc flu hosp,2026-03-07,quantile,0.6,233
2026-02-21,26,2,wk inc flu hosp,2026-03-07,quantile,0.65,258
2026-02-21,26,2,wk inc flu hosp,2026-03-07,quantile,0.7,279
2026-02-21,26,2,wk inc flu hosp,2026-03-07,quantile,0.75,298
2026-02-21,26,2,wk inc flu hosp,2026-03-07,quantile,0.8,325
2026-02-21,26,2,wk inc flu hosp,2026-03-07,quantile,0.85,368
2026-02-21,26,2,wk inc flu hosp,2026-03-07,quantile,0.9,421
2026-02-21,26,2,wk inc flu hosp,2026-03-07,quantile,0.95,488
2026-02-21,26,2,wk inc flu hosp,2026-03-07,quantile,0.975,534
2026-02-21,26,2,wk inc flu hosp,2026-03-07,quantile,0.99,620
2026-02-21,26,3,wk inc flu hosp,2026-03-14,quantile,0.01,12
2026-02-21,26,3,wk inc flu hosp,2026-03-14,quantile,0.025,25
2026-02-21,26,3,wk inc flu hosp,2026-03-14,quantile,0.05,40
2026-02-21,26,3,wk inc flu hosp,2026-03-14,quantile,0.1,66
2026-02-21,26,3,wk inc flu hosp,2026-03-14,quantile,0.15,77
2026-02-21,26,3,wk inc flu hosp,2026-03-14,quantile,0.2,91
2026-02-21,26,3,wk inc flu hosp,2026-03-14,quantile,0.25,106
2026-02-21,26,3,wk inc flu hosp,2026-03-14,quantile,0.3,117
2026-02-21,26,3,wk inc flu hosp,2026-03-14,quantile,0.35,131
2026-02-21,26,3,wk inc flu hosp,2026-03-14,quantile,0.4,147
2026-02-21,26,3,wk inc flu hosp,2026-03-14,quantile,0.45,158
2026-02-21,26,3,wk inc flu hosp,2026-03-14,quantile,0.5,176
2026-02-21,26,3,wk inc flu hosp,2026-03-14,quantile,0.55,194
2026-02-21,26,3,wk inc flu hosp,2026-03-14,quantile,0.6,213
2026-02-21,26,3,wk inc flu hosp,2026-03-14,quantile,0.65,234
2026-02-21,26,3,wk inc flu hosp,2026-03-14,quantile,0.7,256
2026-02-21,26,3,wk inc flu hosp,2026-03-14,quantile,0.75,286
2026-02-21,26,3,wk inc flu hosp,2026-03-14,quantile,0.8,310
2026-02-21,26,3,wk inc flu hosp,2026-03-14,quantile,0.85,341
2026-02-21,26,3,wk inc flu hosp,2026-03-14,quantile,0.9,397
2026-02-21,26,3,wk inc flu hosp,2026-03-14,quantile,0.95,480
2026-02-21,26,3,wk inc flu hosp,2026-03-14,quantile,0.975,542
2026-02-21,26,3,wk inc flu hosp,2026-03-14,quantile,0.99,651
2026-02-21,27,0,wk inc flu hosp,2026-02-21,quantile,0.01,55
2026-02-21,27,0,wk inc flu hosp,2026-02-21,quantile,0.025,66
2026-02-21,27,0,wk inc flu hosp,2026-02-21,quantile,0.05,84
2026-02-21,27,0,wk inc flu hosp,2026-02-21,quantile,0.1,103
2026-02-21,27,0,wk inc flu hosp,2026-02-21,quantile,0.15,117
2026-02-21,27,0,wk inc flu hosp,2026-02-21,quantile,0.2,128
2026-02-21,27,0,wk inc flu hosp,2026-02-21,quantile,0.25,137
2026-02-21,27,0,wk inc flu hosp,2026-02-21,quantile,0.3,145
2026-02-21,27,0,wk inc flu hosp,2026-02-21,quantile,0.35,152
2026-02-21,27,0,wk inc flu hosp,2026-02-21,quantile,0.4,160
2026-02-21,27,0,wk inc flu hosp,2026-02-21,quantile,0.45,167
2026-02-21,27,0,wk inc flu hosp,2026-02-21,quantile,0.5,175
2026-02-21,27,0,wk inc flu hosp,2026-02-21,quantile,0.55,185
2026-02-21,27,0,wk inc flu hosp,2026-02-21,quantile,0.6,193
2026-02-21,27,0,wk inc flu hosp,2026-02-21,quantile,0.65,200
2026-02-21,27,0,wk inc flu hosp,2026-02-21,quantile,0.7,210
2026-02-21,27,0,wk inc flu hosp,2026-02-21,quantile,0.75,217
2026-02-21,27,0,wk inc flu hosp,2026-02-21,quantile,0.8,226
2026-02-21,27,0,wk inc flu hosp,2026-02-21,quantile,0.85,239
2026-02-21,27,0,wk inc flu hosp,2026-02-21,quantile,0.9,257
2026-02-21,27,0,wk inc flu hosp,2026-02-21,quantile,0.95,294
2026-02-21,27,0,wk inc flu hosp,2026-02-21,quantile,0.975,322
2026-02-21,27,0,wk inc flu hosp,2026-02-21,quantile,0.99,363
2026-02-21,27,1,wk inc flu hosp,2026-02-28,quantile,0.01,26
2026-02-21,27,1,wk inc flu hosp,2026-02-28,quantile,0.025,41
2026-02-21,27,1,wk inc flu hosp,2026-02-28,quantile,0.05,53
2026-02-21,27,1,wk inc flu hosp,2026-02-28,quantile,0.1,67
2026-02-21,27,1,wk inc flu hosp,2026-02-28,quantile,0.15,84
2026-02-21,27,1,wk inc flu hosp,2026-02-28,quantile,0.2,95
2026-02-21,27,1,wk inc flu hosp,2026-02-28,quantile,0.25,106
2026-02-21,27,1,wk inc flu hosp,2026-02-28,quantile,0.3,116
2026-02-21,27,1,wk inc flu hosp,2026-02-28,quantile,0.35,125
2026-02-21,27,1,wk inc flu hosp,2026-02-28,quantile,0.4,136
2026-02-21,27,1,wk inc flu hosp,2026-02-28,quantile,0.45,143
2026-02-21,27,1,wk inc flu hosp,2026-02-28,quantile,0.5,154
2026-02-21,27,1,wk inc flu hosp,2026-02-28,quantile,0.55,168
2026-02-21,27,1,wk inc flu hosp,2026-02-28,quantile,0.6,178
2026-02-21,27,1,wk inc flu hosp,2026-02-28,quantile,0.65,189
2026-02-21,27,1,wk inc flu hosp,2026-02-28,quantile,0.7,200
2026-02-21,27,1,wk inc flu hosp,2026-02-28,quantile,0.75,214
2026-02-21,27,1,wk inc flu hosp,2026-02-28,quantile,0.8,229
2026-02-21,27,1,wk inc flu hosp,2026-02-28,quantile,0.85,247
2026-02-21,27,1,wk inc flu hosp,2026-02-28,quantile,0.9,273
2026-02-21,27,1,wk inc flu hosp,2026-02-28,quantile,0.95,320
2026-02-21,27,1,wk inc flu hosp,2026-02-28,quantile,0.975,353
2026-02-21,27,1,wk inc flu hosp,2026-02-28,quantile,0.99,412
2026-02-21,27,2,wk inc flu hosp,2026-03-07,quantile,0.01,15
2026-02-21,27,2,wk inc flu hosp,2026-03-07,quantile,0.025,22
2026-02-21,27,2,wk inc flu hosp,2026-03-07,quantile,0.05,38
2026-02-21,27,2,wk inc flu hosp,2026-03-07,quantile,0.1,53
2026-02-21,27,2,wk inc flu hosp,2026-03-07,quantile,0.15,63
2026-02-21,27,2,wk inc flu hosp,2026-03-07,quantile,0.2,74
2026-02-21,27,2,wk inc flu hosp,2026-03-07,quantile,0.25,83
2026-02-21,27,2,wk inc flu hosp,2026-03-07,quantile,0.3,91
2026-02-21,27,2,wk inc flu hosp,2026-03-07,quantile,0.35,104
2026-02-21,27,2,wk inc flu hosp,2026-03-07,quantile,0.4,114
2026-02-21,27,2,wk inc flu hosp,2026-03-07,quantile,0.45,120
2026-02-21,27,2,wk inc flu hosp,2026-03-07,quantile,0.5,132
2026-02-21,27,2,wk inc flu hosp,2026-03-07,quantile,0.55,144
2026-02-21,27,2,wk inc flu hosp,2026-03-07,quantile,0.6,157
2026-02-21,27,2,wk inc flu hosp,2026-03-07,quantile,0.65,172
2026-02-21,27,2,wk inc flu hosp,2026-03-07,quantile,0.7,186
2026-02-21,27,2,wk inc flu hosp,2026-03-07,quantile,0.75,200
2026-02-21,27,2,wk inc flu hosp,2026-03-07,quantile,0.8,217
2026-02-21,27,2,wk inc flu hosp,2026-03-07,quantile,0.85,247
2026-02-21,27,2,wk inc flu hosp,2026-03-07,quantile,0.9,281
2026-02-21,27,2,wk inc flu hosp,2026-03-07,quantile,0.95,341
2026-02-21,27,2,wk inc flu hosp,2026-03-07,quantile,0.975,391
2026-02-21,27,2,wk inc flu hosp,2026-03-07,quantile,0.99,444
2026-02-21,27,3,wk inc flu hosp,2026-03-14,quantile,0.01,8
2026-02-21,27,3,wk inc flu hosp,2026-03-14,quantile,0.025,13
2026-02-21,27,3,wk inc flu hosp,2026-03-14,quantile,0.05,22
2026-02-21,27,3,wk inc flu hosp,2026-03-14,quantile,0.1,36
2026-02-21,27,3,wk inc flu hosp,2026-03-14,quantile,0.15,43
2026-02-21,27,3,wk inc flu hosp,2026-03-14,quantile,0.2,57
2026-02-21,27,3,wk inc flu hosp,2026-03-14,quantile,0.25,66
2026-02-21,27,3,wk inc flu hosp,2026-03-14,quantile,0.3,76
2026-02-21,27,3,wk inc flu hosp,2026-03-14,quantile,0.35,84
2026-02-21,27,3,wk inc flu hosp,2026-03-14,quantile,0.4,96
2026-02-21,27,3,wk inc flu hosp,2026-03-14,quantile,0.45,104
2026-02-21,27,3,wk inc flu hosp,2026-03-14,quantile,0.5,120
2026-02-21,27,3,wk inc flu hosp,2026-03-14,quantile,0.55,132
2026-02-21,27,3,wk inc flu hosp,2026-03-14,quantile,0.6,142
2026-02-21,27,3,wk inc flu hosp,2026-03-14,quantile,0.65,150
2026-02-21,27,3,wk inc flu hosp,2026-03-14,quantile,0.7,161
2026-02-21,27,3,wk inc flu hosp,2026-03-14,quantile,0.75,178
2026-02-21,27,3,wk inc flu hosp,2026-03-14,quantile,0.8,197
2026-02-21,27,3,wk inc flu hosp,2026-03-14,quantile,0.85,223
2026-02-21,27,3,wk inc flu hosp,2026-03-14,quantile,0.9,262
2026-02-21,27,3,wk inc flu hosp,2026-03-14,quantile,0.95,328
2026-02-21,27,3,wk inc flu hosp,2026-03-14,quantile,0.975,377
2026-02-21,27,3,wk inc flu hosp,2026-03-14,quantile,0.99,434
2026-02-21,28,0,wk inc flu hosp,2026-02-21,quantile,0.01,113
2026-02-21,28,0,wk inc flu hosp,2026-02-21,quantile,0.025,125
2026-02-21,28,0,wk inc flu hosp,2026-02-21,quantile,0.05,131
2026-02-21,28,0,wk inc flu hosp,2026-02-21,quantile,0.1,147
2026-02-21,28,0,wk inc flu hosp,2026-02-21,quantile,0.15,159
2026-02-21,28,0,wk inc flu hosp,2026-02-21,quantile,0.2,170
2026-02-21,28,0,wk inc flu hosp,2026-02-21,quantile,0.25,177
2026-02-21,28,0,wk inc flu hosp,2026-02-21,quantile,0.3,186
2026-02-21,28,0,wk inc flu hosp,2026-02-21,quantile,0.35,191
2026-02-21,28,0,wk inc flu hosp,2026-02-21,quantile,0.4,198
2026-02-21,28,0,wk inc flu hosp,2026-02-21,quantile,0.45,204
2026-02-21,28,0,wk inc flu hosp,2026-02-21,quantile,0.5,208
2026-02-21,28,0,wk inc flu hosp,2026-02-21,quantile,0.55,214
2026-02-21,28,0,wk inc flu hosp,2026-02-21,quantile,0.6,219
2026-02-21,28,0,wk inc flu hosp,2026-02-21,quantile,0.65,223
2026-02-21,28,0,wk inc flu hosp,2026-02-21,quantile,0.7,228
2026-02-21,28,0,wk inc flu hosp,2026-02-21,quantile,0.75,236
2026-02-21,28,0,wk inc flu hosp,2026-02-21,quantile,0.8,241
2026-02-21,28,0,wk inc flu hosp,2026-02-21,quantile,0.85,250
2026-02-21,28,0,wk inc flu hosp,2026-02-21,quantile,0.9,266
2026-02-21,28,0,wk inc flu hosp,2026-02-21,quantile,0.95,290
2026-02-21,28,0,wk inc flu hosp,2026-02-21,quantile,0.975,307
2026-02-21,28,0,wk inc flu hosp,2026-02-21,quantile,0.99,323
2026-02-21,28,1,wk inc flu hosp,2026-02-28,quantile,0.01,74
2026-02-21,28,1,wk inc flu hosp,2026-02-28,quantile,0.025,90
2026-02-21,28,1,wk inc flu hosp,2026-02-28,quantile,0.05,101
2026-02-21,28,1,wk inc flu hosp,2026-02-28,quantile,0.1,119
2026-02-21,28,1,wk inc flu hosp,2026-02-28,quantile,0.15,131
2026-02-21,28,1,wk inc flu hosp,2026-02-28,quantile,0.2,141
2026-02-21,28,1,wk inc flu hosp,2026-02-28,quantile,0.25,149
2026-02-21,28,1,wk inc flu hosp,2026-02-28,quantile,0.3,158
2026-02-21,28,1,wk inc flu hosp,2026-02-28,quantile,0.35,170
2026-02-21,28,1,wk inc flu hosp,2026-02-28,quantile,0.4,178
2026-02-21,28,1,wk inc flu hosp,2026-02-28,quantile,0.45,184
2026-02-21,28,1,wk inc flu hosp,2026-02-28,quantile,0.5,190
2026-02-21,28,1,wk inc flu hosp,2026-02-28,quantile,0.55,195
2026-02-21,28,1,wk inc flu hosp,2026-02-28,quantile,0.6,204
2026-02-21,28,1,wk inc flu hosp,2026-02-28,quantile,0.65,211
2026-02-21,28,1,wk inc flu hosp,2026-02-28,quantile,0.7,222
2026-02-21,28,1,wk inc flu hosp,2026-02-28,quantile,0.75,227
2026-02-21,28,1,wk inc flu hosp,2026-02-28,quantile,0.8,236
2026-02-21,28,1,wk inc flu hosp,2026-02-28,quantile,0.85,250
2026-02-21,28,1,wk inc flu hosp,2026-02-28,quantile,0.9,273
2026-02-21,28,1,wk inc flu hosp,2026-02-28,quantile,0.95,304
2026-02-21,28,1,wk inc flu hosp,2026-02-28,quantile,0.975,334
2026-02-21,28,1,wk inc flu hosp,2026-02-28,quantile,0.99,357
2026-02-21,28,2,wk inc flu hosp,2026-03-07,quantile,0.01,51
2026-02-21,28,2,wk inc flu hosp,2026-03-07,quantile,0.025,63
2026-02-21,28,2,wk inc flu hosp,2026-03-07,quantile,0.05,79
2026-02-21,28,2,wk inc flu hosp,2026-03-07,quantile,0.1,94
2026-02-21,28,2,wk inc flu hosp,2026-03-07,quantile,0.15,111
2026-02-21,28,2,wk inc flu hosp,2026-03-07,quantile,0.2,120
2026-02-21,28,2,wk inc flu hosp,2026-03-07,quantile,0.25,127
2026-02-21,28,2,wk inc flu hosp,2026-03-07,quantile,0.3,137
2026-02-21,28,2,wk inc flu hosp,2026-03-07,quantile,0.35,148
2026-02-21,28,2,wk inc flu hosp,2026-03-07,quantile,0.4,156
2026-02-21,28,2,wk inc flu hosp,2026-03-07,quantile,0.45,165
2026-02-21,28,2,wk inc flu hosp,2026-03-07,quantile,0.5,169
2026-02-21,28,2,wk inc flu hosp,2026-03-07,quantile,0.55,180
2026-02-21,28,2,wk inc flu hosp,2026-03-07,quantile,0.6,196
2026-02-21,28,2,wk inc flu hosp,2026-03-07,quantile,0.65,206
2026-02-21,28,2,wk inc flu hosp,2026-03-07,quantile,0.7,215
2026-02-21,28,2,wk inc flu hosp,2026-03-07,quantile,0.75,226
2026-02-21,28,2,wk inc flu hosp,2026-03-07,quantile,0.8,236
2026-02-21,28,2,wk inc flu hosp,2026-03-07,quantile,0.85,249
2026-02-21,28,2,wk inc flu hosp,2026-03-07,quantile,0.9,268
2026-02-21,28,2,wk inc flu hosp,2026-03-07,quantile,0.95,305
2026-02-21,28,2,wk inc flu hosp,2026-03-07,quantile,0.975,340
2026-02-21,28,2,wk inc flu hosp,2026-03-07,quantile,0.99,371
2026-02-21,28,3,wk inc flu hosp,2026-03-14,quantile,0.01,35
2026-02-21,28,3,wk inc flu hosp,2026-03-14,quantile,0.025,49
2026-02-21,28,3,wk inc flu hosp,2026-03-14,quantile,0.05,61
2026-02-21,28,3,wk inc flu hosp,2026-03-14,quantile,0.1,72
2026-02-21,28,3,wk inc flu hosp,2026-03-14,quantile,0.15,91
2026-02-21,28,3,wk inc flu hosp,2026-03-14,quantile,0.2,102
2026-02-21,28,3,wk inc flu hosp,2026-03-14,quantile,0.25,106
2026-02-21,28,3,wk inc flu hosp,2026-03-14,quantile,0.3,113
2026-02-21,28,3,wk inc flu hosp,2026-03-14,quantile,0.35,123
2026-02-21,28,3,wk inc flu hosp,2026-03-14,quantile,0.4,133
2026-02-21,28,3,wk inc flu hosp,2026-03-14,quantile,0.45,143
2026-02-21,28,3,wk inc flu hosp,2026-03-14,quantile,0.5,150
2026-02-21,28,3,wk inc flu hosp,2026-03-14,quantile,0.55,161
2026-02-21,28,3,wk inc flu hosp,2026-03-14,quantile,0.6,172
2026-02-21,28,3,wk inc flu hosp,2026-03-14,quantile,0.65,180
2026-02-21,28,3,wk inc flu hosp,2026-03-14,quantile,0.7,192
2026-02-21,28,3,wk inc flu hosp,2026-03-14,quantile,0.75,206
2026-02-21,28,3,wk inc flu hosp,2026-03-14,quantile,0.8,221
2026-02-21,28,3,wk inc flu hosp,2026-03-14,quantile,0.85,245
2026-02-21,28,3,wk inc flu hosp,2026-03-14,quantile,0.9,266
2026-02-21,28,3,wk inc flu hosp,2026-03-14,quantile,0.95,309
2026-02-21,28,3,wk inc flu hosp,2026-03-14,quantile,0.975,342
2026-02-21,28,3,wk inc flu hosp,2026-03-14,quantile,0.99,387
2026-02-21,29,0,wk inc flu hosp,2026-02-21,quantile,0.01,174
2026-02-21,29,0,wk inc flu hosp,2026-02-21,quantile,0.025,200
2026-02-21,29,0,wk inc flu hosp,2026-02-21,quantile,0.05,230
2026-02-21,29,0,wk inc flu hosp,2026-02-21,quantile,0.1,258
2026-02-21,29,0,wk inc flu hosp,2026-02-21,quantile,0.15,279
2026-02-21,29,0,wk inc flu hosp,2026-02-21,quantile,0.2,293
2026-02-21,29,0,wk inc flu hosp,2026-02-21,quantile,0.25,303
2026-02-21,29,0,wk inc flu hosp,2026-02-21,quantile,0.3,313
2026-02-21,29,0,wk inc flu hosp,2026-02-21,quantile,0.35,320
2026-02-21,29,0,wk inc flu hosp,2026-02-21,quantile,0.4,330
2026-02-21,29,0,wk inc flu hosp,2026-02-21,quantile,0.45,341
2026-02-21,29,0,wk inc flu hosp,2026-02-21,quantile,0.5,358
2026-02-21,29,0,wk inc flu hosp,2026-02-21,quantile,0.55,374
2026-02-21,29,0,wk inc flu hosp,2026-02-21,quantile,0.6,381
2026-02-21,29,0,wk inc flu hosp,2026-02-21,quantile,0.65,388
2026-02-21,29,0,wk inc flu hosp,2026-02-21,quantile,0.7,400
2026-02-21,29,0,wk inc flu hosp,2026-02-21,quantile,0.75,412
2026-02-21,29,0,wk inc flu hosp,2026-02-21,quantile,0.8,441
2026-02-21,29,0,wk inc flu hosp,2026-02-21,quantile,0.85,468
2026-02-21,29,0,wk inc flu hosp,2026-02-21,quantile,0.9,500
2026-02-21,29,0,wk inc flu hosp,2026-02-21,quantile,0.95,556
2026-02-21,29,0,wk inc flu hosp,2026-02-21,quantile,0.975,622
2026-02-21,29,0,wk inc flu hosp,2026-02-21,quantile,0.99,710
2026-02-21,29,1,wk inc flu hosp,2026-02-28,quantile,0.01,104
2026-02-21,29,1,wk inc flu hosp,2026-02-28,quantile,0.025,131
2026-02-21,29,1,wk inc flu hosp,2026-02-28,quantile,0.05,161
2026-02-21,29,1,wk inc flu hosp,2026-02-28,quantile,0.1,194
2026-02-21,29,1,wk inc flu hosp,2026-02-28,quantile,0.15,213
2026-02-21,29,1,wk inc flu hosp,2026-02-28,quantile,0.2,234
2026-02-21,29,1,wk inc flu hosp,2026-02-28,quantile,0.25,254
2026-02-21,29,1,wk inc flu hosp,2026-02-28,quantile,0.3,261
2026-02-21,29,1,wk inc flu hosp,2026-02-28,quantile,0.35,273
2026-02-21,29,1,wk inc flu hosp,2026-02-28,quantile,0.4,287
2026-02-21,29,1,wk inc flu hosp,2026-02-28,quantile,0.45,304
2026-02-21,29,1,wk inc flu hosp,2026-02-28,quantile,0.5,318
2026-02-21,29,1,wk inc flu hosp,2026-02-28,quantile,0.55,341
2026-02-21,29,1,wk inc flu hosp,2026-02-28,quantile,0.6,354
2026-02-21,29,1,wk inc flu hosp,2026-02-28,quantile,0.65,371
2026-02-21,29,1,wk inc flu hosp,2026-02-28,quantile,0.7,388
2026-02-21,29,1,wk inc flu hosp,2026-02-28,quantile,0.75,406
2026-02-21,29,1,wk inc flu hosp,2026-02-28,quantile,0.8,433
2026-02-21,29,1,wk inc flu hosp,2026-02-28,quantile,0.85,467
2026-02-21,29,1,wk inc flu hosp,2026-02-28,quantile,0.9,499
2026-02-21,29,1,wk inc flu hosp,2026-02-28,quantile,0.95,587
2026-02-21,29,1,wk inc flu hosp,2026-02-28,quantile,0.975,673
2026-02-21,29,1,wk inc flu hosp,2026-02-28,quantile,0.99,745
2026-02-21,29,2,wk inc flu hosp,2026-03-07,quantile,0.01,74
2026-02-21,29,2,wk inc flu hosp,2026-03-07,quantile,0.025,88
2026-02-21,29,2,wk inc flu hosp,2026-03-07,quantile,0.05,108
2026-02-21,29,2,wk inc flu hosp,2026-03-07,quantile,0.1,147
2026-02-21,29,2,wk inc flu hosp,2026-03-07,quantile,0.15,171
2026-02-21,29,2,wk inc flu hosp,2026-03-07,quantile,0.2,188
2026-02-21,29,2,wk inc flu hosp,2026-03-07,quantile,0.25,201
2026-02-21,29,2,wk inc flu hosp,2026-03-07,quantile,0.3,215
2026-02-21,29,2,wk inc flu hosp,2026-03-07,quantile,0.35,237
2026-02-21,29,2,wk inc flu hosp,2026-03-07,quantile,0.4,253
2026-02-21,29,2,wk inc flu hosp,2026-03-07,quantile,0.45,269
2026-02-21,29,2,wk inc flu hosp,2026-03-07,quantile,0.5,289
2026-02-21,29,2,wk inc flu hosp,2026-03-07,quantile,0.55,305
2026-02-21,29,2,wk inc flu hosp,2026-03-07,quantile,0.6,326
2026-02-21,29,2,wk inc flu hosp,2026-03-07,quantile,0.65,345
2026-02-21,29,2,wk inc flu hosp,2026-03-07,quantile,0.7,366
2026-02-21,29,2,wk inc flu hosp,2026-03-07,quantile,0.75,387
2026-02-21,29,2,wk inc flu hosp,2026-03-07,quantile,0.8,421
2026-02-21,29,2,wk inc flu hosp,2026-03-07,quantile,0.85,457
2026-02-21,29,2,wk inc flu hosp,2026-03-07,quantile,0.9,504
2026-02-21,29,2,wk inc flu hosp,2026-03-07,quantile,0.95,593
2026-02-21,29,2,wk inc flu hosp,2026-03-07,quantile,0.975,660
2026-02-21,29,2,wk inc flu hosp,2026-03-07,quantile,0.99,733
2026-02-21,29,3,wk inc flu hosp,2026-03-14,quantile,0.01,41
2026-02-21,29,3,wk inc flu hosp,2026-03-14,quantile,0.025,60
2026-02-21,29,3,wk inc flu hosp,2026-03-14,quantile,0.05,82
2026-02-21,29,3,wk inc flu hosp,2026-03-14,quantile,0.1,112
2026-02-21,29,3,wk inc flu hosp,2026-03-14,quantile,0.15,137
2026-02-21,29,3,wk inc flu hosp,2026-03-14,quantile,0.2,160
2026-02-21,29,3,wk inc flu hosp,2026-03-14,quantile,0.25,168
2026-02-21,29,3,wk inc flu hosp,2026-03-14,quantile,0.3,192
2026-02-21,29,3,wk inc flu hosp,2026-03-14,quantile,0.35,206
2026-02-21,29,3,wk inc flu hosp,2026-03-14,quantile,0.4,221
2026-02-21,29,3,wk inc flu hosp,2026-03-14,quantile,0.45,238
2026-02-21,29,3,wk inc flu hosp,2026-03-14,quantile,0.5,255
2026-02-21,29,3,wk inc flu hosp,2026-03-14,quantile,0.55,272
2026-02-21,29,3,wk inc flu hosp,2026-03-14,quantile,0.6,288
2026-02-21,29,3,wk inc flu hosp,2026-03-14,quantile,0.65,307
2026-02-21,29,3,wk inc flu hosp,2026-03-14,quantile,0.7,325
2026-02-21,29,3,wk inc flu hosp,2026-03-14,quantile,0.75,349
2026-02-21,29,3,wk inc flu hosp,2026-03-14,quantile,0.8,386
2026-02-21,29,3,wk inc flu hosp,2026-03-14,quantile,0.85,416
2026-02-21,29,3,wk inc flu hosp,2026-03-14,quantile,0.9,480
2026-02-21,29,3,wk inc flu hosp,2026-03-14,quantile,0.95,557
2026-02-21,29,3,wk inc flu hosp,2026-03-14,quantile,0.975,615
2026-02-21,29,3,wk inc flu hosp,2026-03-14,quantile,0.99,688
2026-02-21,30,0,wk inc flu hosp,2026-02-21,quantile,0.01,24
2026-02-21,30,0,wk inc flu hosp,2026-02-21,quantile,0.025,29
2026-02-21,30,0,wk inc flu hosp,2026-02-21,quantile,0.05,34
2026-02-21,30,0,wk inc flu hosp,2026-02-21,quantile,0.1,41
2026-02-21,30,0,wk inc flu hosp,2026-02-21,quantile,0.15,44
2026-02-21,30,0,wk inc flu hosp,2026-02-21,quantile,0.2,46
2026-02-21,30,0,wk inc flu hosp,2026-02-21,quantile,0.25,49
2026-02-21,30,0,wk inc flu hosp,2026-02-21,quantile,0.3,51
2026-02-21,30,0,wk inc flu hosp,2026-02-21,quantile,0.35,52
2026-02-21,30,0,wk inc flu hosp,2026-02-21,quantile,0.4,56
2026-02-21,30,0,wk inc flu hosp,2026-02-21,quantile,0.45,59
2026-02-21,30,0,wk inc flu hosp,2026-02-21,quantile,0.5,63
2026-02-21,30,0,wk inc flu hosp,2026-02-21,quantile,0.55,64
2026-02-21,30,0,wk inc flu hosp,2026-02-21,quantile,0.6,68
2026-02-21,30,0,wk inc flu hosp,2026-02-21,quantile,0.65,71
2026-02-21,30,0,wk inc flu hosp,2026-02-21,quantile,0.7,74
2026-02-21,30,0,wk inc flu hosp,2026-02-21,quantile,0.75,77
2026-02-21,30,0,wk inc flu hosp,2026-02-21,quantile,0.8,82
2026-02-21,30,0,wk inc flu hosp,2026-02-21,quantile,0.85,86
2026-02-21,30,0,wk inc flu hosp,2026-02-21,quantile,0.9,93
2026-02-21,30,0,wk inc flu hosp,2026-02-21,quantile,0.95,102
2026-02-21,30,0,wk inc flu hosp,2026-02-21,quantile,0.975,115
2026-02-21,30,0,wk inc flu hosp,2026-02-21,quantile,0.99,123
2026-02-21,30,1,wk inc flu hosp,2026-02-28,quantile,0.01,14
2026-02-21,30,1,wk inc flu hosp,2026-02-28,quantile,0.025,20
2026-02-21,30,1,wk inc flu hosp,2026-02-28,quantile,0.05,24
2026-02-21,30,1,wk inc flu hosp,2026-02-28,quantile,0.1,29
2026-02-21,30,1,wk inc flu hosp,2026-02-28,quantile,0.15,32
2026-02-21,30,1,wk inc flu hosp,2026-02-28,quantile,0.2,36
2026-02-21,30,1,wk inc flu hosp,2026-02-28,quantile,0.25,39
2026-02-21,30,1,wk inc flu hosp,2026-02-28,quantile,0.3,42
2026-02-21,30,1,wk inc flu hosp,2026-02-28,quantile,0.35,44
2026-02-21,30,1,wk inc flu hosp,2026-02-28,quantile,0.4,48
2026-02-21,30,1,wk inc flu hosp,2026-02-28,quantile,0.45,49
2026-02-21,30,1,wk inc flu hosp,2026-02-28,quantile,0.5,54
2026-02-21,30,1,wk inc flu hosp,2026-02-28,quantile,0.55,58
2026-02-21,30,1,wk inc flu hosp,2026-02-28,quantile,0.6,61
2026-02-21,30,1,wk inc flu hosp,2026-02-28,quantile,0.65,65
2026-02-21,30,1,wk inc flu hosp,2026-02-28,quantile,0.7,70
2026-02-21,30,1,wk inc flu hosp,2026-02-28,quantile,0.75,75
2026-02-21,30,1,wk inc flu hosp,2026-02-28,quantile,0.8,79
2026-02-21,30,1,wk inc flu hosp,2026-02-28,quantile,0.85,84
2026-02-21,30,1,wk inc flu hosp,2026-02-28,quantile,0.9,91
2026-02-21,30,1,wk inc flu hosp,2026-02-28,quantile,0.95,101
2026-02-21,30,1,wk inc flu hosp,2026-02-28,quantile,0.975,115
2026-02-21,30,1,wk inc flu hosp,2026-02-28,quantile,0.99,132
2026-02-21,30,2,wk inc flu hosp,2026-03-07,quantile,0.01,8
2026-02-21,30,2,wk inc flu hosp,2026-03-07,quantile,0.025,11
2026-02-21,30,2,wk inc flu hosp,2026-03-07,quantile,0.05,16
2026-02-21,30,2,wk inc flu hosp,2026-03-07,quantile,0.1,22
2026-02-21,30,2,wk inc flu hosp,2026-03-07,quantile,0.15,24
2026-02-21,30,2,wk inc flu hosp,2026-03-07,quantile,0.2,28
2026-02-21,30,2,wk inc flu hosp,2026-03-07,quantile,0.25,32
2026-02-21,30,2,wk inc flu hosp,2026-03-07,quantile,0.3,36
2026-02-21,30,2,wk inc flu hosp,2026-03-07,quantile,0.35,39
2026-02-21,30,2,wk inc flu hosp,2026-03-07,quantile,0.4,42
2026-02-21,30,2,wk inc flu hosp,2026-03-07,quantile,0.45,44
2026-02-21,30,2,wk inc flu hosp,2026-03-07,quantile,0.5,48
2026-02-21,30,2,wk inc flu hosp,2026-03-07,quantile,0.55,51
2026-02-21,30,2,wk inc flu hosp,2026-03-07,quantile,0.6,55
2026-02-21,30,2,wk inc flu hosp,2026-03-07,quantile,0.65,61
2026-02-21,30,2,wk inc flu hosp,2026-03-07,quantile,0.7,63
2026-02-21,30,2,wk inc flu hosp,2026-03-07,quantile,0.75,69
2026-02-21,30,2,wk inc flu hosp,2026-03-07,quantile,0.8,74
2026-02-21,30,2,wk inc flu hosp,2026-03-07,quantile,0.85,80
2026-02-21,30,2,wk inc flu hosp,2026-03-07,quantile,0.9,90
2026-02-21,30,2,wk inc flu hosp,2026-03-07,quantile,0.95,108
2026-02-21,30,2,wk inc flu hosp,2026-03-07,quantile,0.975,125
2026-02-21,30,2,wk inc flu hosp,2026-03-07,quantile,0.99,143
2026-02-21,30,3,wk inc flu hosp,2026-03-14,quantile,0.01,4
2026-02-21,30,3,wk inc flu hosp,2026-03-14,quantile,0.025,8
2026-02-21,30,3,wk inc flu hosp,2026-03-14,quantile,0.05,12
2026-02-21,30,3,wk inc flu hosp,2026-03-14,quantile,0.1,15
2026-02-21,30,3,wk inc flu hosp,2026-03-14,quantile,0.15,19
2026-02-21,30,3,wk inc flu hosp,2026-03-14,quantile,0.2,21
2026-02-21,30,3,wk inc flu hosp,2026-03-14,quantile,0.25,26
2026-02-21,30,3,wk inc flu hosp,2026-03-14,quantile,0.3,28
2026-02-21,30,3,wk inc flu hosp,2026-03-14,quantile,0.35,31
2026-02-21,30,3,wk inc flu hosp,2026-03-14,quantile,0.4,34
2026-02-21,30,3,wk inc flu hosp,2026-03-14,quantile,0.45,36
2026-02-21,30,3,wk inc flu hosp,2026-03-14,quantile,0.5,41
2026-02-21,30,3,wk inc flu hosp,2026-03-14,quantile,0.55,43
2026-02-21,30,3,wk inc flu hosp,2026-03-14,quantile,0.6,48
2026-02-21,30,3,wk inc flu hosp,2026-03-14,quantile,0.65,53
2026-02-21,30,3,wk inc flu hosp,2026-03-14,quantile,0.7,57
2026-02-21,30,3,wk inc flu hosp,2026-03-14,quantile,0.75,63
2026-02-21,30,3,wk inc flu hosp,2026-03-14,quantile,0.8,69
2026-02-21,30,3,wk inc flu hosp,2026-03-14,quantile,0.85,76
2026-02-21,30,3,wk inc flu hosp,2026-03-14,quantile,0.9,86
2026-02-21,30,3,wk inc flu hosp,2026-03-14,quantile,0.95,108
2026-02-21,30,3,wk inc flu hosp,2026-03-14,quantile,0.975,120
2026-02-21,30,3,wk inc flu hosp,2026-03-14,quantile,0.99,142
2026-02-21,31,0,wk inc flu hosp,2026-02-21,quantile,0.01,64
2026-02-21,31,0,wk inc flu hosp,2026-02-21,quantile,0.025,81
2026-02-21,31,0,wk inc flu hosp,2026-02-21,quantile,0.05,92
2026-02-21,31,0,wk inc flu hosp,2026-02-21,quantile,0.1,101
2026-02-21,31,0,wk inc flu hosp,2026-02-21,quantile,0.15,108
2026-02-21,31,0,wk inc flu hosp,2026-02-21,quantile,0.2,113
2026-02-21,31,0,wk inc flu hosp,2026-02-21,quantile,0.25,118
2026-02-21,31,0,wk inc flu hosp,2026-02-21,quantile,0.3,121
2026-02-21,31,0,wk inc flu hosp,2026-02-21,quantile,0.35,125
2026-02-21,31,0,wk inc flu hosp,2026-02-21,quantile,0.4,130
2026-02-21,31,0,wk inc flu hosp,2026-02-21,quantile,0.45,133
2026-02-21,31,0,wk inc flu hosp,2026-02-21,quantile,0.5,136
2026-02-21,31,0,wk inc flu hosp,2026-02-21,quantile,0.55,139
2026-02-21,31,0,wk inc flu hosp,2026-02-21,quantile,0.6,145
2026-02-21,31,0,wk inc flu hosp,2026-02-21,quantile,0.65,151
2026-02-21,31,0,wk inc flu hosp,2026-02-21,quantile,0.7,152
2026-02-21,31,0,wk inc flu hosp,2026-02-21,quantile,0.75,155
2026-02-21,31,0,wk inc flu hosp,2026-02-21,quantile,0.8,164
2026-02-21,31,0,wk inc flu hosp,2026-02-21,quantile,0.85,170
2026-02-21,31,0,wk inc flu hosp,2026-02-21,quantile,0.9,182
2026-02-21,31,0,wk inc flu hosp,2026-02-21,quantile,0.95,201
2026-02-21,31,0,wk inc flu hosp,2026-02-21,quantile,0.975,209
2026-02-21,31,0,wk inc flu hosp,2026-02-21,quantile,0.99,225
2026-02-21,31,1,wk inc flu hosp,2026-02-28,quantile,0.01,40
2026-02-21,31,1,wk inc flu hosp,2026-02-28,quantile,0.025,50
2026-02-21,31,1,wk inc flu hosp,2026-02-28,quantile,0.05,62
2026-02-21,31,1,wk inc flu hosp,2026-02-28,quantile,0.1,72
2026-02-21,31,1,wk inc flu hosp,2026-02-28,quantile,0.15,86
2026-02-21,31,1,wk inc flu hosp,2026-02-28,quantile,0.2,95
2026-02-21,31,1,wk inc flu hosp,2026-02-28,quantile,0.25,97
2026-02-21,31,1,wk inc flu hosp,2026-02-28,quantile,0.3,101
2026-02-21,31,1,wk inc flu hosp,2026-02-28,quantile,0.35,108
2026-02-21,31,1,wk inc flu hosp,2026-02-28,quantile,0.4,112
2026-02-21,31,1,wk inc flu hosp,2026-02-28,quantile,0.45,117
2026-02-21,31,1,wk inc flu hosp,2026-02-28,quantile,0.5,120
2026-02-21,31,1,wk inc flu hosp,2026-02-28,quantile,0.55,127
2026-02-21,31,1,wk inc flu hosp,2026-02-28,quantile,0.6,133
2026-02-21,31,1,wk inc flu hosp,2026-02-28,quantile,0.65,145
2026-02-21,31,1,wk inc flu hosp,2026-02-28,quantile,0.7,149
2026-02-21,31,1,wk inc flu hosp,2026-02-28,quantile,0.75,153
2026-02-21,31,1,wk inc flu hosp,2026-02-28,quantile,0.8,158
2026-02-21,31,1,wk inc flu hosp,2026-02-28,quantile,0.85,166
2026-02-21,31,1,wk inc flu hosp,2026-02-28,quantile,0.9,184
2026-02-21,31,1,wk inc flu hosp,2026-02-28,quantile,0.95,207
2026-02-21,31,1,wk inc flu hosp,2026-02-28,quantile,0.975,228
2026-02-21,31,1,wk inc flu hosp,2026-02-28,quantile,0.99,244
2026-02-21,31,2,wk inc flu hosp,2026-03-07,quantile,0.01,27
2026-02-21,31,2,wk inc flu hosp,2026-03-07,quantile,0.025,36
2026-02-21,31,2,wk inc flu hosp,2026-03-07,quantile,0.05,44
2026-02-21,31,2,wk inc flu hosp,2026-03-07,quantile,0.1,54
2026-02-21,31,2,wk inc flu hosp,2026-03-07,quantile,0.15,61
2026-02-21,31,2,wk inc flu hosp,2026-03-07,quantile,0.2,68
2026-02-21,31,2,wk inc flu hosp,2026-03-07,quantile,0.25,76
2026-02-21,31,2,wk inc flu hosp,2026-03-07,quantile,0.3,81
2026-02-21,31,2,wk inc flu hosp,2026-03-07,quantile,0.35,90
2026-02-21,31,2,wk inc flu hosp,2026-03-07,quantile,0.4,95
2026-02-21,31,2,wk inc flu hosp,2026-03-07,quantile,0.45,101
2026-02-21,31,2,wk inc flu hosp,2026-03-07,quantile,0.5,107
2026-02-21,31,2,wk inc flu hosp,2026-03-07,quantile,0.55,112
2026-02-21,31,2,wk inc flu hosp,2026-03-07,quantile,0.6,120
2026-02-21,31,2,wk inc flu hosp,2026-03-07,quantile,0.65,128
2026-02-21,31,2,wk inc flu hosp,2026-03-07,quantile,0.7,138
2026-02-21,31,2,wk inc flu hosp,2026-03-07,quantile,0.75,146
2026-02-21,31,2,wk inc flu hosp,2026-03-07,quantile,0.8,157
2026-02-21,31,2,wk inc flu hosp,2026-03-07,quantile,0.85,167
2026-02-21,31,2,wk inc flu hosp,2026-03-07,quantile,0.9,180
2026-02-21,31,2,wk inc flu hosp,2026-03-07,quantile,0.95,201
2026-02-21,31,2,wk inc flu hosp,2026-03-07,quantile,0.975,224
2026-02-21,31,2,wk inc flu hosp,2026-03-07,quantile,0.99,252
2026-02-21,31,3,wk inc flu hosp,2026-03-14,quantile,0.01,18
2026-02-21,31,3,wk inc flu hosp,2026-03-14,quantile,0.025,27
2026-02-21,31,3,wk inc flu hosp,2026-03-14,quantile,0.05,35
2026-02-21,31,3,wk inc flu hosp,2026-03-14,quantile,0.1,44
2026-02-21,31,3,wk inc flu hosp,2026-03-14,quantile,0.15,49
2026-02-21,31,3,wk inc flu hosp,2026-03-14,quantile,0.2,54
2026-02-21,31,3,wk inc flu hosp,2026-03-14,quantile,0.25,61
2026-02-21,31,3,wk inc flu hosp,2026-03-14,quantile,0.3,66
2026-02-21,31,3,wk inc flu hosp,2026-03-14,quantile,0.35,73
2026-02-21,31,3,wk inc flu hosp,2026-03-14,quantile,0.4,78
2026-02-21,31,3,wk inc flu hosp,2026-03-14,quantile,0.45,85
2026-02-21,31,3,wk inc flu hosp,2026-03-14,quantile,0.5,92
2026-02-21,31,3,wk inc flu hosp,2026-03-14,quantile,0.55,99
2026-02-21,31,3,wk inc flu hosp,2026-03-14,quantile,0.6,106
2026-02-21,31,3,wk inc flu hosp,2026-03-14,quantile,0.65,114
2026-02-21,31,3,wk inc flu hosp,2026-03-14,quantile,0.7,122
2026-02-21,31,3,wk inc flu hosp,2026-03-14,quantile,0.75,131
2026-02-21,31,3,wk inc flu hosp,2026-03-14,quantile,0.8,141
2026-02-21,31,3,wk inc flu hosp,2026-03-14,quantile,0.85,155
2026-02-21,31,3,wk inc flu hosp,2026-03-14,quantile,0.9,173
2026-02-21,31,3,wk inc flu hosp,2026-03-14,quantile,0.95,191
2026-02-21,31,3,wk inc flu hosp,2026-03-14,quantile,0.975,208
2026-02-21,31,3,wk inc flu hosp,2026-03-14,quantile,0.99,246
2026-02-21,32,0,wk inc flu hosp,2026-02-21,quantile,0.01,49
2026-02-21,32,0,wk inc flu hosp,2026-02-21,quantile,0.025,56
2026-02-21,32,0,wk inc flu hosp,2026-02-21,quantile,0.05,64
2026-02-21,32,0,wk inc flu hosp,2026-02-21,quantile,0.1,74
2026-02-21,32,0,wk inc flu hosp,2026-02-21,quantile,0.15,82
2026-02-21,32,0,wk inc flu hosp,2026-02-21,quantile,0.2,88
2026-02-21,32,0,wk inc flu hosp,2026-02-21,quantile,0.25,93
2026-02-21,32,0,wk inc flu hosp,2026-02-21,quantile,0.3,97
2026-02-21,32,0,wk inc flu hosp,2026-02-21,quantile,0.35,100
2026-02-21,32,0,wk inc flu hosp,2026-02-21,quantile,0.4,103
2026-02-21,32,0,wk inc flu hosp,2026-02-21,quantile,0.45,107
2026-02-21,32,0,wk inc flu hosp,2026-02-21,quantile,0.5,110
2026-02-21,32,0,wk inc flu hosp,2026-02-21,quantile,0.55,114
2026-02-21,32,0,wk inc flu hosp,2026-02-21,quantile,0.6,117
2026-02-21,32,0,wk inc flu hosp,2026-02-21,quantile,0.65,123
2026-02-21,32,0,wk inc flu hosp,2026-02-21,quantile,0.7,127
2026-02-21,32,0,wk inc flu hosp,2026-02-21,quantile,0.75,133
2026-02-21,32,0,wk inc flu hosp,2026-02-21,quantile,0.8,138
2026-02-21,32,0,wk inc flu hosp,2026-02-21,quantile,0.85,144
2026-02-21,32,0,wk inc flu hosp,2026-02-21,quantile,0.9,154
2026-02-21,32,0,wk inc flu hosp,2026-02-21,quantile,0.95,169
2026-02-21,32,0,wk inc flu hosp,2026-02-21,quantile,0.975,180
2026-02-21,32,0,wk inc flu hosp,2026-02-21,quantile,0.99,198
2026-02-21,32,1,wk inc flu hosp,2026-02-28,quantile,0.01,33
2026-02-21,32,1,wk inc flu hosp,2026-02-28,quantile,0.025,39
2026-02-21,32,1,wk inc flu hosp,2026-02-28,quantile,0.05,47
2026-02-21,32,1,wk inc flu hosp,2026-02-28,quantile,0.1,56
2026-02-21,32,1,wk inc flu hosp,2026-02-28,quantile,0.15,62
2026-02-21,32,1,wk inc flu hosp,2026-02-28,quantile,0.2,70
2026-02-21,32,1,wk inc flu hosp,2026-02-28,quantile,0.25,74
2026-02-21,32,1,wk inc flu hosp,2026-02-28,quantile,0.3,80
2026-02-21,32,1,wk inc flu hosp,2026-02-28,quantile,0.35,85
2026-02-21,32,1,wk inc flu hosp,2026-02-28,quantile,0.4,91
2026-02-21,32,1,wk inc flu hosp,2026-02-28,quantile,0.45,97
2026-02-21,32,1,wk inc flu hosp,2026-02-28,quantile,0.5,103
2026-02-21,32,1,wk inc flu hosp,2026-02-28,quantile,0.55,108
2026-02-21,32,1,wk inc flu hosp,2026-02-28,quantile,0.6,112
2026-02-21,32,1,wk inc flu hosp,2026-02-28,quantile,0.65,118
2026-02-21,32,1,wk inc flu hosp,2026-02-28,quantile,0.7,125
2026-02-21,32,1,wk inc flu hosp,2026-02-28,quantile,0.75,130
2026-02-21,32,1,wk inc flu hosp,2026-02-28,quantile,0.8,137
2026-02-21,32,1,wk inc flu hosp,2026-02-28,quantile,0.85,149
2026-02-21,32,1,wk inc flu hosp,2026-02-28,quantile,0.9,161
2026-02-21,32,1,wk inc flu hosp,2026-02-28,quantile,0.95,182
2026-02-21,32,1,wk inc flu hosp,2026-02-28,quantile,0.975,198
2026-02-21,32,1,wk inc flu hosp,2026-02-28,quantile,0.99,221
2026-02-21,32,2,wk inc flu hosp,2026-03-07,quantile,0.01,20
2026-02-21,32,2,wk inc flu hosp,2026-03-07,quantile,0.025,27
2026-02-21,32,2,wk inc flu hosp,2026-03-07,quantile,0.05,35
2026-02-21,32,2,wk inc flu hosp,2026-03-07,quantile,0.1,44
2026-02-21,32,2,wk inc flu hosp,2026-03-07,quantile,0.15,52
2026-02-21,32,2,wk inc flu hosp,2026-03-07,quantile,0.2,60
2026-02-21,32,2,wk inc flu hosp,2026-03-07,quantile,0.25,67
2026-02-21,32,2,wk inc flu hosp,2026-03-07,quantile,0.3,73
2026-02-21,32,2,wk inc flu hosp,2026-03-07,quantile,0.35,77
2026-02-21,32,2,wk inc flu hosp,2026-03-07,quantile,0.4,82
2026-02-21,32,2,wk inc flu hosp,2026-03-07,quantile,0.45,87
2026-02-21,32,2,wk inc flu hosp,2026-03-07,quantile,0.5,94
2026-02-21,32,2,wk inc flu hosp,2026-03-07,quantile,0.55,99
2026-02-21,32,2,wk inc flu hosp,2026-03-07,quantile,0.6,105
2026-02-21,32,2,wk inc flu hosp,2026-03-07,quantile,0.65,114
2026-02-21,32,2,wk inc flu hosp,2026-03-07,quantile,0.7,123
2026-02-21,32,2,wk inc flu hosp,2026-03-07,quantile,0.75,130
2026-02-21,32,2,wk inc flu hosp,2026-03-07,quantile,0.8,140
2026-02-21,32,2,wk inc flu hosp,2026-03-07,quantile,0.85,151
2026-02-21,32,2,wk inc flu hosp,2026-03-07,quantile,0.9,165
2026-02-21,32,2,wk inc flu hosp,2026-03-07,quantile,0.95,190
2026-02-21,32,2,wk inc flu hosp,2026-03-07,quantile,0.975,215
2026-02-21,32,2,wk inc flu hosp,2026-03-07,quantile,0.99,242
2026-02-21,32,3,wk inc flu hosp,2026-03-14,quantile,0.01,13
2026-02-21,32,3,wk inc flu hosp,2026-03-14,quantile,0.025,21
2026-02-21,32,3,wk inc flu hosp,2026-03-14,quantile,0.05,28
2026-02-21,32,3,wk inc flu hosp,2026-03-14,quantile,0.1,37
2026-02-21,32,3,wk inc flu hosp,2026-03-14,quantile,0.15,45
2026-02-21,32,3,wk inc flu hosp,2026-03-14,quantile,0.2,51
2026-02-21,32,3,wk inc flu hosp,2026-03-14,quantile,0.25,58
2026-02-21,32,3,wk inc flu hosp,2026-03-14,quantile,0.3,63
2026-02-21,32,3,wk inc flu hosp,2026-03-14,quantile,0.35,69
2026-02-21,32,3,wk inc flu hosp,2026-03-14,quantile,0.4,74
2026-02-21,32,3,wk inc flu hosp,2026-03-14,quantile,0.45,79
2026-02-21,32,3,wk inc flu hosp,2026-03-14,quantile,0.5,86
2026-02-21,32,3,wk inc flu hosp,2026-03-14,quantile,0.55,91
2026-02-21,32,3,wk inc flu hosp,2026-03-14,quantile,0.6,98
2026-02-21,32,3,wk inc flu hosp,2026-03-14,quantile,0.65,105
2026-02-21,32,3,wk inc flu hosp,2026-03-14,quantile,0.7,112
2026-02-21,32,3,wk inc flu hosp,2026-03-14,quantile,0.75,122
2026-02-21,32,3,wk inc flu hosp,2026-03-14,quantile,0.8,132
2026-02-21,32,3,wk inc flu hosp,2026-03-14,quantile,0.85,144
2026-02-21,32,3,wk inc flu hosp,2026-03-14,quantile,0.9,159
2026-02-21,32,3,wk inc flu hosp,2026-03-14,quantile,0.95,181
2026-02-21,32,3,wk inc flu hosp,2026-03-14,quantile,0.975,199
2026-02-21,32,3,wk inc flu hosp,2026-03-14,quantile,0.99,225
2026-02-21,33,0,wk inc flu hosp,2026-02-21,quantile,0.01,11
2026-02-21,33,0,wk inc flu hosp,2026-02-21,quantile,0.025,15
2026-02-21,33,0,wk inc flu hosp,2026-02-21,quantile,0.05,17
2026-02-21,33,0,wk inc flu hosp,2026-02-21,quantile,0.1,21
2026-02-21,33,0,wk inc flu hosp,2026-02-21,quantile,0.15,24
2026-02-21,33,0,wk inc flu hosp,2026-02-21,quantile,0.2,26
2026-02-21,33,0,wk inc flu hosp,2026-02-21,quantile,0.25,27
2026-02-21,33,0,wk inc flu hosp,2026-02-21,quantile,0.3,29
2026-02-21,33,0,wk inc flu hosp,2026-02-21,quantile,0.35,31
2026-02-21,33,0,wk inc flu hosp,2026-02-21,quantile,0.4,33
2026-02-21,33,0,wk inc flu hosp,2026-02-21,quantile,0.45,35
2026-02-21,33,0,wk inc flu hosp,2026-02-21,quantile,0.5,37
2026-02-21,33,0,wk inc flu hosp,2026-02-21,quantile,0.55,39
2026-02-21,33,0,wk inc flu hosp,2026-02-21,quantile,0.6,42
2026-02-21,33,0,wk inc flu hosp,2026-02-21,quantile,0.65,44
2026-02-21,33,0,wk inc flu hosp,2026-02-21,quantile,0.7,48
2026-02-21,33,0,wk inc flu hosp,2026-02-21,quantile,0.75,50
2026-02-21,33,0,wk inc flu hosp,2026-02-21,quantile,0.8,53
2026-02-21,33,0,wk inc flu hosp,2026-02-21,quantile,0.85,57
2026-02-21,33,0,wk inc flu hosp,2026-02-21,quantile,0.9,62
2026-02-21,33,0,wk inc flu hosp,2026-02-21,quantile,0.95,72
2026-02-21,33,0,wk inc flu hosp,2026-02-21,quantile,0.975,79
2026-02-21,33,0,wk inc flu hosp,2026-02-21,quantile,0.99,94
2026-02-21,33,1,wk inc flu hosp,2026-02-28,quantile,0.01,5
2026-02-21,33,1,wk inc flu hosp,2026-02-28,quantile,0.025,7
2026-02-21,33,1,wk inc flu hosp,2026-02-28,quantile,0.05,11
2026-02-21,33,1,wk inc flu hosp,2026-02-28,quantile,0.1,14
2026-02-21,33,1,wk inc flu hosp,2026-02-28,quantile,0.15,17
2026-02-21,33,1,wk inc flu hosp,2026-02-28,quantile,0.2,19
2026-02-21,33,1,wk inc flu hosp,2026-02-28,quantile,0.25,22
2026-02-21,33,1,wk inc flu hosp,2026-02-28,quantile,0.3,24
2026-02-21,33,1,wk inc flu hosp,2026-02-28,quantile,0.35,26
2026-02-21,33,1,wk inc flu hosp,2026-02-28,quantile,0.4,27
2026-02-21,33,1,wk inc flu hosp,2026-02-28,quantile,0.45,30
2026-02-21,33,1,wk inc flu hosp,2026-02-28,quantile,0.5,32
2026-02-21,33,1,wk inc flu hosp,2026-02-28,quantile,0.55,36
2026-02-21,33,1,wk inc flu hosp,2026-02-28,quantile,0.6,39
2026-02-21,33,1,wk inc flu hosp,2026-02-28,quantile,0.65,41
2026-02-21,33,1,wk inc flu hosp,2026-02-28,quantile,0.7,45
2026-02-21,33,1,wk inc flu hosp,2026-02-28,quantile,0.75,48
2026-02-21,33,1,wk inc flu hosp,2026-02-28,quantile,0.8,51
2026-02-21,33,1,wk inc flu hosp,2026-02-28,quantile,0.85,56
2026-02-21,33,1,wk inc flu hosp,2026-02-28,quantile,0.9,63
2026-02-21,33,1,wk inc flu hosp,2026-02-28,quantile,0.95,75
2026-02-21,33,1,wk inc flu hosp,2026-02-28,quantile,0.975,87
2026-02-21,33,1,wk inc flu hosp,2026-02-28,quantile,0.99,106
2026-02-21,33,2,wk inc flu hosp,2026-03-07,quantile,0.01,1
2026-02-21,33,2,wk inc flu hosp,2026-03-07,quantile,0.025,3
2026-02-21,33,2,wk inc flu hosp,2026-03-07,quantile,0.05,6
2026-02-21,33,2,wk inc flu hosp,2026-03-07,quantile,0.1,10
2026-02-21,33,2,wk inc flu hosp,2026-03-07,quantile,0.15,11
2026-02-21,33,2,wk inc flu hosp,2026-03-07,quantile,0.2,14
2026-02-21,33,2,wk inc flu hosp,2026-03-07,quantile,0.25,16
2026-02-21,33,2,wk inc flu hosp,2026-03-07,quantile,0.3,18
2026-02-21,33,2,wk inc flu hosp,2026-03-07,quantile,0.35,20
2026-02-21,33,2,wk inc flu hosp,2026-03-07,quantile,0.4,23
2026-02-21,33,2,wk inc flu hosp,2026-03-07,quantile,0.45,25
2026-02-21,33,2,wk inc flu hosp,2026-03-07,quantile,0.5,29
2026-02-21,33,2,wk inc flu hosp,2026-03-07,quantile,0.55,31
2026-02-21,33,2,wk inc flu hosp,2026-03-07,quantile,0.6,34
2026-02-21,33,2,wk inc flu hosp,2026-03-07,quantile,0.65,36
2026-02-21,33,2,wk inc flu hosp,2026-03-07,quantile,0.7,40
2026-02-21,33,2,wk inc flu hosp,2026-03-07,quantile,0.75,44
2026-02-21,33,2,wk inc flu hosp,2026-03-07,quantile,0.8,48
2026-02-21,33,2,wk inc flu hosp,2026-03-07,quantile,0.85,55
2026-02-21,33,2,wk inc flu hosp,2026-03-07,quantile,0.9,61
2026-02-21,33,2,wk inc flu hosp,2026-03-07,quantile,0.95,74
2026-02-21,33,2,wk inc flu hosp,2026-03-07,quantile,0.975,89
2026-02-21,33,2,wk inc flu hosp,2026-03-07,quantile,0.99,103
2026-02-21,33,3,wk inc flu hosp,2026-03-14,quantile,0.01,0
2026-02-21,33,3,wk inc flu hosp,2026-03-14,quantile,0.025,1
2026-02-21,33,3,wk inc flu hosp,2026-03-14,quantile,0.05,3
2026-02-21,33,3,wk inc flu hosp,2026-03-14,quantile,0.1,5
2026-02-21,33,3,wk inc flu hosp,2026-03-14,quantile,0.15,7
2026-02-21,33,3,wk inc flu hosp,2026-03-14,quantile,0.2,10
2026-02-21,33,3,wk inc flu hosp,2026-03-14,quantile,0.25,12
2026-02-21,33,3,wk inc flu hosp,2026-03-14,quantile,0.3,13
2026-02-21,33,3,wk inc flu hosp,2026-03-14,quantile,0.35,16
2026-02-21,33,3,wk inc flu hosp,2026-03-14,quantile,0.4,18
2026-02-21,33,3,wk inc flu hosp,2026-03-14,quantile,0.45,20
2026-02-21,33,3,wk inc flu hosp,2026-03-14,quantile,0.5,25
2026-02-21,33,3,wk inc flu hosp,2026-03-14,quantile,0.55,27
2026-02-21,33,3,wk inc flu hosp,2026-03-14,quantile,0.6,29
2026-02-21,33,3,wk inc flu hosp,2026-03-14,quantile,0.65,32
2026-02-21,33,3,wk inc flu hosp,2026-03-14,quantile,0.7,35
2026-02-21,33,3,wk inc flu hosp,2026-03-14,quantile,0.75,39
2026-02-21,33,3,wk inc flu hosp,2026-03-14,quantile,0.8,43
2026-02-21,33,3,wk inc flu hosp,2026-03-14,quantile,0.85,49
2026-02-21,33,3,wk inc flu hosp,2026-03-14,quantile,0.9,59
2026-02-21,33,3,wk inc flu hosp,2026-03-14,quantile,0.95,75
2026-02-21,33,3,wk inc flu hosp,2026-03-14,quantile,0.975,88
2026-02-21,33,3,wk inc flu hosp,2026-03-14,quantile,0.99,100
2026-02-21,34,0,wk inc flu hosp,2026-02-21,quantile,0.01,62
2026-02-21,34,0,wk inc flu hosp,2026-02-21,quantile,0.025,73
2026-02-21,34,0,wk inc flu hosp,2026-02-21,quantile,0.05,88
2026-02-21,34,0,wk inc flu hosp,2026-02-21,quantile,0.1,103
2026-02-21,34,0,wk inc flu hosp,2026-02-21,quantile,0.15,111
2026-02-21,34,0,wk inc flu hosp,2026-02-21,quantile,0.2,117
2026-02-21,34,0,wk inc flu hosp,2026-02-21,quantile,0.25,128
2026-02-21,34,0,wk inc flu hosp,2026-02-21,quantile,0.3,134
2026-02-21,34,0,wk inc flu hosp,2026-02-21,quantile,0.35,140
2026-02-21,34,0,wk inc flu hosp,2026-02-21,quantile,0.4,146
2026-02-21,34,0,wk inc flu hosp,2026-02-21,quantile,0.45,151
2026-02-21,34,0,wk inc flu hosp,2026-02-21,quantile,0.5,163
2026-02-21,34,0,wk inc flu hosp,2026-02-21,quantile,0.55,173
2026-02-21,34,0,wk inc flu hosp,2026-02-21,quantile,0.6,182
2026-02-21,34,0,wk inc flu hosp,2026-02-21,quantile,0.65,192
2026-02-21,34,0,wk inc flu hosp,2026-02-21,quantile,0.7,198
2026-02-21,34,0,wk inc flu hosp,2026-02-21,quantile,0.75,206
2026-02-21,34,0,wk inc flu hosp,2026-02-21,quantile,0.8,220
2026-02-21,34,0,wk inc flu hosp,2026-02-21,quantile,0.85,238
2026-02-21,34,0,wk inc flu hosp,2026-02-21,quantile,0.9,263
2026-02-21,34,0,wk inc flu hosp,2026-02-21,quantile,0.95,312
2026-02-21,34,0,wk inc flu hosp,2026-02-21,quantile,0.975,343
2026-02-21,34,0,wk inc flu hosp,2026-02-21,quantile,0.99,366
2026-02-21,34,1,wk inc flu hosp,2026-02-28,quantile,0.01,37
2026-02-21,34,1,wk inc flu hosp,2026-02-28,quantile,0.025,44
2026-02-21,34,1,wk inc flu hosp,2026-02-28,quantile,0.05,57
2026-02-21,34,1,wk inc flu hosp,2026-02-28,quantile,0.1,71
2026-02-21,34,1,wk inc flu hosp,2026-02-28,quantile,0.15,83
2026-02-21,34,1,wk inc flu hosp,2026-02-28,quantile,0.2,96
2026-02-21,34,1,wk inc flu hosp,2026-02-28,quantile,0.25,100
2026-02-21,34,1,wk inc flu hosp,2026-02-28,quantile,0.3,105
2026-02-21,34,1,wk inc flu hosp,2026-02-28,quantile,0.35,112
2026-02-21,34,1,wk inc flu hosp,2026-02-28,quantile,0.4,124
2026-02-21,34,1,wk inc flu hosp,2026-02-28,quantile,0.45,127
2026-02-21,34,1,wk inc flu hosp,2026-02-28,quantile,0.5,138
2026-02-21,34,1,wk inc flu hosp,2026-02-28,quantile,0.55,158
2026-02-21,34,1,wk inc flu hosp,2026-02-28,quantile,0.6,175
2026-02-21,34,1,wk inc flu hosp,2026-02-28,quantile,0.65,191
2026-02-21,34,1,wk inc flu hosp,2026-02-28,quantile,0.7,202
2026-02-21,34,1,wk inc flu hosp,2026-02-28,quantile,0.75,214
2026-02-21,34,1,wk inc flu hosp,2026-02-28,quantile,0.8,234
2026-02-21,34,1,wk inc flu hosp,2026-02-28,quantile,0.85,262
2026-02-21,34,1,wk inc flu hosp,2026-02-28,quantile,0.9,291
2026-02-21,34,1,wk inc flu hosp,2026-02-28,quantile,0.95,338
2026-02-21,34,1,wk inc flu hosp,2026-02-28,quantile,0.975,365
2026-02-21,34,1,wk inc flu hosp,2026-02-28,quantile,0.99,410
2026-02-21,34,2,wk inc flu hosp,2026-03-07,quantile,0.01,17
2026-02-21,34,2,wk inc flu hosp,2026-03-07,quantile,0.025,22
2026-02-21,34,2,wk inc flu hosp,2026-03-07,quantile,0.05,30
2026-02-21,34,2,wk inc flu hosp,2026-03-07,quantile,0.1,39
2026-02-21,34,2,wk inc flu hosp,2026-03-07,quantile,0.15,50
2026-02-21,34,2,wk inc flu hosp,2026-03-07,quantile,0.2,63
2026-02-21,34,2,wk inc flu hosp,2026-03-07,quantile,0.25,73
2026-02-21,34,2,wk inc flu hosp,2026-03-07,quantile,0.3,80
2026-02-21,34,2,wk inc flu hosp,2026-03-07,quantile,0.35,93
2026-02-21,34,2,wk inc flu hosp,2026-03-07,quantile,0.4,98
2026-02-21,34,2,wk inc flu hosp,2026-03-07,quantile,0.45,103
2026-02-21,34,2,wk inc flu hosp,2026-03-07,quantile,0.5,119
2026-02-21,34,2,wk inc flu hosp,2026-03-07,quantile,0.55,133
2026-02-21,34,2,wk inc flu hosp,2026-03-07,quantile,0.6,145
2026-02-21,34,2,wk inc flu hosp,2026-03-07,quantile,0.65,159
2026-02-21,34,2,wk inc flu hosp,2026-03-07,quantile,0.7,179
2026-02-21,34,2,wk inc flu hosp,2026-03-07,quantile,0.75,191
2026-02-21,34,2,wk inc flu hosp,2026-03-07,quantile,0.8,207
2026-02-21,34,2,wk inc flu hosp,2026-03-07,quantile,0.85,245
2026-02-21,34,2,wk inc flu hosp,2026-03-07,quantile,0.9,284
2026-02-21,34,2,wk inc flu hosp,2026-03-07,quantile,0.95,358
2026-02-21,34,2,wk inc flu hosp,2026-03-07,quantile,0.975,419
2026-02-21,34,2,wk inc flu hosp,2026-03-07,quantile,0.99,476
2026-02-21,34,3,wk inc flu hosp,2026-03-14,quantile,0.01,8
2026-02-21,34,3,wk inc flu hosp,2026-03-14,quantile,0.025,12
2026-02-21,34,3,wk inc flu hosp,2026-03-14,quantile,0.05,18
2026-02-21,34,3,wk inc flu hosp,2026-03-14,quantile,0.1,30
2026-02-21,34,3,wk inc flu hosp,2026-03-14,quantile,0.15,33
2026-02-21,34,3,wk inc flu hosp,2026-03-14,quantile,0.2,45
2026-02-21,34,3,wk inc flu hosp,2026-03-14,quantile,0.25,52
2026-02-21,34,3,wk inc flu hosp,2026-03-14,quantile,0.3,57
2026-02-21,34,3,wk inc flu hosp,2026-03-14,quantile,0.35,76
2026-02-21,34,3,wk inc flu hosp,2026-03-14,quantile,0.4,82
2026-02-21,34,3,wk inc flu hosp,2026-03-14,quantile,0.45,89
2026-02-21,34,3,wk inc flu hosp,2026-03-14,quantile,0.5,106
2026-02-21,34,3,wk inc flu hosp,2026-03-14,quantile,0.55,118
2026-02-21,34,3,wk inc flu hosp,2026-03-14,quantile,0.6,136
2026-02-21,34,3,wk inc flu hosp,2026-03-14,quantile,0.65,153
2026-02-21,34,3,wk inc flu hosp,2026-03-14,quantile,0.7,167
2026-02-21,34,3,wk inc flu hosp,2026-03-14,quantile,0.75,190
2026-02-21,34,3,wk inc flu hosp,2026-03-14,quantile,0.8,221
2026-02-21,34,3,wk inc flu hosp,2026-03-14,quantile,0.85,257
2026-02-21,34,3,wk inc flu hosp,2026-03-14,quantile,0.9,306
2026-02-21,34,3,wk inc flu hosp,2026-03-14,quantile,0.95,371
2026-02-21,34,3,wk inc flu hosp,2026-03-14,quantile,0.975,424
2026-02-21,34,3,wk inc flu hosp,2026-03-14,quantile,0.99,492
2026-02-21,35,0,wk inc flu hosp,2026-02-21,quantile,0.01,66
2026-02-21,35,0,wk inc flu hosp,2026-02-21,quantile,0.025,78
2026-02-21,35,0,wk inc flu hosp,2026-02-21,quantile,0.05,87
2026-02-21,35,0,wk inc flu hosp,2026-02-21,quantile,0.1,99
2026-02-21,35,0,wk inc flu hosp,2026-02-21,quantile,0.15,110
2026-02-21,35,0,wk inc flu hosp,2026-02-21,quantile,0.2,117
2026-02-21,35,0,wk inc flu hosp,2026-02-21,quantile,0.25,124
2026-02-21,35,0,wk inc flu hosp,2026-02-21,quantile,0.3,130
2026-02-21,35,0,wk inc flu hosp,2026-02-21,quantile,0.35,135
2026-02-21,35,0,wk inc flu hosp,2026-02-21,quantile,0.4,140
2026-02-21,35,0,wk inc flu hosp,2026-02-21,quantile,0.45,146
2026-02-21,35,0,wk inc flu hosp,2026-02-21,quantile,0.5,151
2026-02-21,35,0,wk inc flu hosp,2026-02-21,quantile,0.55,155
2026-02-21,35,0,wk inc flu hosp,2026-02-21,quantile,0.6,162
2026-02-21,35,0,wk inc flu hosp,2026-02-21,quantile,0.65,169
2026-02-21,35,0,wk inc flu hosp,2026-02-21,quantile,0.7,176
2026-02-21,35,0,wk inc flu hosp,2026-02-21,quantile,0.75,182
2026-02-21,35,0,wk inc flu hosp,2026-02-21,quantile,0.8,190
2026-02-21,35,0,wk inc flu hosp,2026-02-21,quantile,0.85,200
2026-02-21,35,0,wk inc flu hosp,2026-02-21,quantile,0.9,215
2026-02-21,35,0,wk inc flu hosp,2026-02-21,quantile,0.95,232
2026-02-21,35,0,wk inc flu hosp,2026-02-21,quantile,0.975,243
2026-02-21,35,0,wk inc flu hosp,2026-02-21,quantile,0.99,262
2026-02-21,35,1,wk inc flu hosp,2026-02-28,quantile,0.01,43
2026-02-21,35,1,wk inc flu hosp,2026-02-28,quantile,0.025,52
2026-02-21,35,1,wk inc flu hosp,2026-02-28,quantile,0.05,62
2026-02-21,35,1,wk inc flu hosp,2026-02-28,quantile,0.1,74
2026-02-21,35,1,wk inc flu hosp,2026-02-28,quantile,0.15,86
2026-02-21,35,1,wk inc flu hosp,2026-02-28,quantile,0.2,94
2026-02-21,35,1,wk inc flu hosp,2026-02-28,quantile,0.25,100
2026-02-21,35,1,wk inc flu hosp,2026-02-28,quantile,0.3,108
2026-02-21,35,1,wk inc flu hosp,2026-02-28,quantile,0.35,116
2026-02-21,35,1,wk inc flu hosp,2026-02-28,quantile,0.4,124
2026-02-21,35,1,wk inc flu hosp,2026-02-28,quantile,0.45,131
2026-02-21,35,1,wk inc flu hosp,2026-02-28,quantile,0.5,140
2026-02-21,35,1,wk inc flu hosp,2026-02-28,quantile,0.55,148
2026-02-21,35,1,wk inc flu hosp,2026-02-28,quantile,0.6,153
2026-02-21,35,1,wk inc flu hosp,2026-02-28,quantile,0.65,157
2026-02-21,35,1,wk inc flu hosp,2026-02-28,quantile,0.7,163
2026-02-21,35,1,wk inc flu hosp,2026-02-28,quantile,0.75,172
2026-02-21,35,1,wk inc flu hosp,2026-02-28,quantile,0.8,185
2026-02-21,35,1,wk inc flu hosp,2026-02-28,quantile,0.85,199
2026-02-21,35,1,wk inc flu hosp,2026-02-28,quantile,0.9,220
2026-02-21,35,1,wk inc flu hosp,2026-02-28,quantile,0.95,240
2026-02-21,35,1,wk inc flu hosp,2026-02-28,quantile,0.975,268
2026-02-21,35,1,wk inc flu hosp,2026-02-28,quantile,0.99,308
2026-02-21,35,2,wk inc flu hosp,2026-03-07,quantile,0.01,33
2026-02-21,35,2,wk inc flu hosp,2026-03-07,quantile,0.025,39
2026-02-21,35,2,wk inc flu hosp,2026-03-07,quantile,0.05,49
2026-02-21,35,2,wk inc flu hosp,2026-03-07,quantile,0.1,61
2026-02-21,35,2,wk inc flu hosp,2026-03-07,quantile,0.15,70
2026-02-21,35,2,wk inc flu hosp,2026-03-07,quantile,0.2,79
2026-02-21,35,2,wk inc flu hosp,2026-03-07,quantile,0.25,86
2026-02-21,35,2,wk inc flu hosp,2026-03-07,quantile,0.3,94
2026-02-21,35,2,wk inc flu hosp,2026-03-07,quantile,0.35,102
2026-02-21,35,2,wk inc flu hosp,2026-03-07,quantile,0.4,108
2026-02-21,35,2,wk inc flu hosp,2026-03-07,quantile,0.45,114
2026-02-21,35,2,wk inc flu hosp,2026-03-07,quantile,0.5,125
2026-02-21,35,2,wk inc flu hosp,2026-03-07,quantile,0.55,132
2026-02-21,35,2,wk inc flu hosp,2026-03-07,quantile,0.6,138
2026-02-21,35,2,wk inc flu hosp,2026-03-07,quantile,0.65,144
2026-02-21,35,2,wk inc flu hosp,2026-03-07,quantile,0.7,153
2026-02-21,35,2,wk inc flu hosp,2026-03-07,quantile,0.75,164
2026-02-21,35,2,wk inc flu hosp,2026-03-07,quantile,0.8,177
2026-02-21,35,2,wk inc flu hosp,2026-03-07,quantile,0.85,196
2026-02-21,35,2,wk inc flu hosp,2026-03-07,quantile,0.9,224
2026-02-21,35,2,wk inc flu hosp,2026-03-07,quantile,0.95,255
2026-02-21,35,2,wk inc flu hosp,2026-03-07,quantile,0.975,296
2026-02-21,35,2,wk inc flu hosp,2026-03-07,quantile,0.99,341
2026-02-21,35,3,wk inc flu hosp,2026-03-14,quantile,0.01,20
2026-02-21,35,3,wk inc flu hosp,2026-03-14,quantile,0.025,30
2026-02-21,35,3,wk inc flu hosp,2026-03-14,quantile,0.05,37
2026-02-21,35,3,wk inc flu hosp,2026-03-14,quantile,0.1,47
2026-02-21,35,3,wk inc flu hosp,2026-03-14,quantile,0.15,55
2026-02-21,35,3,wk inc flu hosp,2026-03-14,quantile,0.2,64
2026-02-21,35,3,wk inc flu hosp,2026-03-14,quantile,0.25,70
2026-02-21,35,3,wk inc flu hosp,2026-03-14,quantile,0.3,77
2026-02-21,35,3,wk inc flu hosp,2026-03-14,quantile,0.35,84
2026-02-21,35,3,wk inc flu hosp,2026-03-14,quantile,0.4,91
2026-02-21,35,3,wk inc flu hosp,2026-03-14,quantile,0.45,96
2026-02-21,35,3,wk inc flu hosp,2026-03-14,quantile,0.5,104
2026-02-21,35,3,wk inc flu hosp,2026-03-14,quantile,0.55,110
2026-02-21,35,3,wk inc flu hosp,2026-03-14,quantile,0.6,117
2026-02-21,35,3,wk inc flu hosp,2026-03-14,quantile,0.65,125
2026-02-21,35,3,wk inc flu hosp,2026-03-14,quantile,0.7,135
2026-02-21,35,3,wk inc flu hosp,2026-03-14,quantile,0.75,146
2026-02-21,35,3,wk inc flu hosp,2026-03-14,quantile,0.8,161
2026-02-21,35,3,wk inc flu hosp,2026-03-14,quantile,0.85,179
2026-02-21,35,3,wk inc flu hosp,2026-03-14,quantile,0.9,204
2026-02-21,35,3,wk inc flu hosp,2026-03-14,quantile,0.95,248
2026-02-21,35,3,wk inc flu hosp,2026-03-14,quantile,0.975,290
2026-02-21,35,3,wk inc flu hosp,2026-03-14,quantile,0.99,331
2026-02-21,36,0,wk inc flu hosp,2026-02-21,quantile,0.01,62
2026-02-21,36,0,wk inc flu hosp,2026-02-21,quantile,0.025,74
2026-02-21,36,0,wk inc flu hosp,2026-02-21,quantile,0.05,86
2026-02-21,36,0,wk inc flu hosp,2026-02-21,quantile,0.1,103
2026-02-21,36,0,wk inc flu hosp,2026-02-21,quantile,0.15,109
2026-02-21,36,0,wk inc flu hosp,2026-02-21,quantile,0.2,124
2026-02-21,36,0,wk inc flu hosp,2026-02-21,quantile,0.25,135
2026-02-21,36,0,wk inc flu hosp,2026-02-21,quantile,0.3,146
2026-02-21,36,0,wk inc flu hosp,2026-02-21,quantile,0.35,154
2026-02-21,36,0,wk inc flu hosp,2026-02-21,quantile,0.4,158
2026-02-21,36,0,wk inc flu hosp,2026-02-21,quantile,0.45,173
2026-02-21,36,0,wk inc flu hosp,2026-02-21,quantile,0.5,186
2026-02-21,36,0,wk inc flu hosp,2026-02-21,quantile,0.55,194
2026-02-21,36,0,wk inc flu hosp,2026-02-21,quantile,0.6,207
2026-02-21,36,0,wk inc flu hosp,2026-02-21,quantile,0.65,220
2026-02-21,36,0,wk inc flu hosp,2026-02-21,quantile,0.7,232
2026-02-21,36,0,wk inc flu hosp,2026-02-21,quantile,0.75,244
2026-02-21,36,0,wk inc flu hosp,2026-02-21,quantile,0.8,264
2026-02-21,36,0,wk inc flu hosp,2026-02-21,quantile,0.85,284
2026-02-21,36,0,wk inc flu hosp,2026-02-21,quantile,0.9,316
2026-02-21,36,0,wk inc flu hosp,2026-02-21,quantile,0.95,390
2026-02-21,36,0,wk inc flu hosp,2026-02-21,quantile,0.975,429
2026-02-21,36,0,wk inc flu hosp,2026-02-21,quantile,0.99,469
2026-02-21,36,1,wk inc flu hosp,2026-02-28,quantile,0.01,34
2026-02-21,36,1,wk inc flu hosp,2026-02-28,quantile,0.025,49
2026-02-21,36,1,wk inc flu hosp,2026-02-28,quantile,0.05,51
2026-02-21,36,1,wk inc flu hosp,2026-02-28,quantile,0.1,58
2026-02-21,36,1,wk inc flu hosp,2026-02-28,quantile,0.15,72
2026-02-21,36,1,wk inc flu hosp,2026-02-28,quantile,0.2,91
2026-02-21,36,1,wk inc flu hosp,2026-02-28,quantile,0.25,100
2026-02-21,36,1,wk inc flu hosp,2026-02-28,quantile,0.3,109
2026-02-21,36,1,wk inc flu hosp,2026-02-28,quantile,0.35,117
2026-02-21,36,1,wk inc flu hosp,2026-02-28,quantile,0.4,134
2026-02-21,36,1,wk inc flu hosp,2026-02-28,quantile,0.45,151
2026-02-21,36,1,wk inc flu hosp,2026-02-28,quantile,0.5,165
2026-02-21,36,1,wk inc flu hosp,2026-02-28,quantile,0.55,176
2026-02-21,36,1,wk inc flu hosp,2026-02-28,quantile,0.6,189
2026-02-21,36,1,wk inc flu hosp,2026-02-28,quantile,0.65,202
2026-02-21,36,1,wk inc flu hosp,2026-02-28,quantile,0.7,226
2026-02-21,36,1,wk inc flu hosp,2026-02-28,quantile,0.75,261
2026-02-21,36,1,wk inc flu hosp,2026-02-28,quantile,0.8,283
2026-02-21,36,1,wk inc flu hosp,2026-02-28,quantile,0.85,309
2026-02-21,36,1,wk inc flu hosp,2026-02-28,quantile,0.9,368
2026-02-21,36,1,wk inc flu hosp,2026-02-28,quantile,0.95,412
2026-02-21,36,1,wk inc flu hosp,2026-02-28,quantile,0.975,497
2026-02-21,36,1,wk inc flu hosp,2026-02-28,quantile,0.99,584
2026-02-21,36,2,wk inc flu hosp,2026-03-07,quantile,0.01,17
2026-02-21,36,2,wk inc flu hosp,2026-03-07,quantile,0.025,22
2026-02-21,36,2,wk inc flu hosp,2026-03-07,quantile,0.05,32
2026-02-21,36,2,wk inc flu hosp,2026-03-07,quantile,0.1,40
2026-02-21,36,2,wk inc flu hosp,2026-03-07,quantile,0.15,49
2026-02-21,36,2,wk inc flu hosp,2026-03-07,quantile,0.2,56
2026-02-21,36,2,wk inc flu hosp,2026-03-07,quantile,0.25,66
2026-02-21,36,2,wk inc flu hosp,2026-03-07,quantile,0.3,77
2026-02-21,36,2,wk inc flu hosp,2026-03-07,quantile,0.35,88
2026-02-21,36,2,wk inc flu hosp,2026-03-07,quantile,0.4,97
2026-02-21,36,2,wk inc flu hosp,2026-03-07,quantile,0.45,116
2026-02-21,36,2,wk inc flu hosp,2026-03-07,quantile,0.5,127
2026-02-21,36,2,wk inc flu hosp,2026-03-07,quantile,0.55,153
2026-02-21,36,2,wk inc flu hosp,2026-03-07,quantile,0.6,164
2026-02-21,36,2,wk inc flu hosp,2026-03-07,quantile,0.65,194
2026-02-21,36,2,wk inc flu hosp,2026-03-07,quantile,0.7,229
2026-02-21,36,2,wk inc flu hosp,2026-03-07,quantile,0.75,262
2026-02-21,36,2,wk inc flu hosp,2026-03-07,quantile,0.8,305
2026-02-21,36,2,wk inc flu hosp,2026-03-07,quantile,0.85,351
2026-02-21,36,2,wk inc flu hosp,2026-03-07,quantile,0.9,406
2026-02-21,36,2,wk inc flu hosp,2026-03-07,quantile,0.95,510
2026-02-21,36,2,wk inc flu hosp,2026-03-07,quantile,0.975,592
2026-02-21,36,2,wk inc flu hosp,2026-03-07,quantile,0.99,709
2026-02-21,36,3,wk inc flu hosp,2026-03-14,quantile,0.01,5
2026-02-21,36,3,wk inc flu hosp,2026-03-14,quantile,0.025,12
2026-02-21,36,3,wk inc flu hosp,2026-03-14,quantile,0.05,16
2026-02-21,36,3,wk inc flu hosp,2026-03-14,quantile,0.1,25
2026-02-21,36,3,wk inc flu hosp,2026-03-14,quantile,0.15,33
2026-02-21,36,3,wk inc flu hosp,2026-03-14,quantile,0.2,42
2026-02-21,36,3,wk inc flu hosp,2026-03-14,quantile,0.25,50
2026-02-21,36,3,wk inc flu hosp,2026-03-14,quantile,0.3,56
2026-02-21,36,3,wk inc flu hosp,2026-03-14,quantile,0.35,69
2026-02-21,36,3,wk inc flu hosp,2026-03-14,quantile,0.4,87
2026-02-21,36,3,wk inc flu hosp,2026-03-14,quantile,0.45,108
2026-02-21,36,3,wk inc flu hosp,2026-03-14,quantile,0.5,119
2026-02-21,36,3,wk inc flu hosp,2026-03-14,quantile,0.55,140
2026-02-21,36,3,wk inc flu hosp,2026-03-14,quantile,0.6,151
2026-02-21,36,3,wk inc flu hosp,2026-03-14,quantile,0.65,185
2026-02-21,36,3,wk inc flu hosp,2026-03-14,quantile,0.7,228
2026-02-21,36,3,wk inc flu hosp,2026-03-14,quantile,0.75,270
2026-02-21,36,3,wk inc flu hosp,2026-03-14,quantile,0.8,302
2026-02-21,36,3,wk inc flu hosp,2026-03-14,quantile,0.85,342
2026-02-21,36,3,wk inc flu hosp,2026-03-14,quantile,0.9,397
2026-02-21,36,3,wk inc flu hosp,2026-03-14,quantile,0.95,489
2026-02-21,36,3,wk inc flu hosp,2026-03-14,quantile,0.975,596
2026-02-21,36,3,wk inc flu hosp,2026-03-14,quantile,0.99,681
2026-02-21,37,0,wk inc flu hosp,2026-02-21,quantile,0.01,85
2026-02-21,37,0,wk inc flu hosp,2026-02-21,quantile,0.025,99
2026-02-21,37,0,wk inc flu hosp,2026-02-21,quantile,0.05,121
2026-02-21,37,0,wk inc flu hosp,2026-02-21,quantile,0.1,150
2026-02-21,37,0,wk inc flu hosp,2026-02-21,quantile,0.15,157
2026-02-21,37,0,wk inc flu hosp,2026-02-21,quantile,0.2,168
2026-02-21,37,0,wk inc flu hosp,2026-02-21,quantile,0.25,180
2026-02-21,37,0,wk inc flu hosp,2026-02-21,quantile,0.3,191
2026-02-21,37,0,wk inc flu hosp,2026-02-21,quantile,0.35,198
2026-02-21,37,0,wk inc flu hosp,2026-02-21,quantile,0.4,208
2026-02-21,37,0,wk inc flu hosp,2026-02-21,quantile,0.45,219
2026-02-21,37,0,wk inc flu hosp,2026-02-21,quantile,0.5,230
2026-02-21,37,0,wk inc flu hosp,2026-02-21,quantile,0.55,251
2026-02-21,37,0,wk inc flu hosp,2026-02-21,quantile,0.6,264
2026-02-21,37,0,wk inc flu hosp,2026-02-21,quantile,0.65,272
2026-02-21,37,0,wk inc flu hosp,2026-02-21,quantile,0.7,282
2026-02-21,37,0,wk inc flu hosp,2026-02-21,quantile,0.75,292
2026-02-21,37,0,wk inc flu hosp,2026-02-21,quantile,0.8,317
2026-02-21,37,0,wk inc flu hosp,2026-02-21,quantile,0.85,323
2026-02-21,37,0,wk inc flu hosp,2026-02-21,quantile,0.9,360
2026-02-21,37,0,wk inc flu hosp,2026-02-21,quantile,0.95,396
2026-02-21,37,0,wk inc flu hosp,2026-02-21,quantile,0.975,447
2026-02-21,37,0,wk inc flu hosp,2026-02-21,quantile,0.99,505
2026-02-21,37,1,wk inc flu hosp,2026-02-28,quantile,0.01,50
2026-02-21,37,1,wk inc flu hosp,2026-02-28,quantile,0.025,58
2026-02-21,37,1,wk inc flu hosp,2026-02-28,quantile,0.05,74
2026-02-21,37,1,wk inc flu hosp,2026-02-28,quantile,0.1,90
2026-02-21,37,1,wk inc flu hosp,2026-02-28,quantile,0.15,100
2026-02-21,37,1,wk inc flu hosp,2026-02-28,quantile,0.2,116
2026-02-21,37,1,wk inc flu hosp,2026-02-28,quantile,0.25,132
2026-02-21,37,1,wk inc flu hosp,2026-02-28,quantile,0.3,143
2026-02-21,37,1,wk inc flu hosp,2026-02-28,quantile,0.35,156
2026-02-21,37,1,wk inc flu hosp,2026-02-28,quantile,0.4,168
2026-02-21,37,1,wk inc flu hosp,2026-02-28,quantile,0.45,181
2026-02-21,37,1,wk inc flu hosp,2026-02-28,quantile,0.5,191
2026-02-21,37,1,wk inc flu hosp,2026-02-28,quantile,0.55,206
2026-02-21,37,1,wk inc flu hosp,2026-02-28,quantile,0.6,227
2026-02-21,37,1,wk inc flu hosp,2026-02-28,quantile,0.65,257
2026-02-21,37,1,wk inc flu hosp,2026-02-28,quantile,0.7,267
2026-02-21,37,1,wk inc flu hosp,2026-02-28,quantile,0.75,272
2026-02-21,37,1,wk inc flu hosp,2026-02-28,quantile,0.8,285
2026-02-21,37,1,wk inc flu hosp,2026-02-28,quantile,0.85,314
2026-02-21,37,1,wk inc flu hosp,2026-02-28,quantile,0.9,351
2026-02-21,37,1,wk inc flu hosp,2026-02-28,quantile,0.95,432
2026-02-21,37,1,wk inc flu hosp,2026-02-28,quantile,0.975,504
2026-02-21,37,1,wk inc flu hosp,2026-02-28,quantile,0.99,579
2026-02-21,37,2,wk inc flu hosp,2026-03-07,quantile,0.01,22
2026-02-21,37,2,wk inc flu hosp,2026-03-07,quantile,0.025,30
2026-02-21,37,2,wk inc flu hosp,2026-03-07,quantile,0.05,42
2026-02-21,37,2,wk inc flu hosp,2026-03-07,quantile,0.1,62
2026-02-21,37,2,wk inc flu hosp,2026-03-07,quantile,0.15,74
2026-02-21,37,2,wk inc flu hosp,2026-03-07,quantile,0.2,88
2026-02-21,37,2,wk inc flu hosp,2026-03-07,quantile,0.25,101
2026-02-21,37,2,wk inc flu hosp,2026-03-07,quantile,0.3,108
2026-02-21,37,2,wk inc flu hosp,2026-03-07,quantile,0.35,122
2026-02-21,37,2,wk inc flu hosp,2026-03-07,quantile,0.4,133
2026-02-21,37,2,wk inc flu hosp,2026-03-07,quantile,0.45,147
2026-02-21,37,2,wk inc flu hosp,2026-03-07,quantile,0.5,160
2026-02-21,37,2,wk inc flu hosp,2026-03-07,quantile,0.55,181
2026-02-21,37,2,wk inc flu hosp,2026-03-07,quantile,0.6,200
2026-02-21,37,2,wk inc flu hosp,2026-03-07,quantile,0.65,212
2026-02-21,37,2,wk inc flu hosp,2026-03-07,quantile,0.7,229
2026-02-21,37,2,wk inc flu hosp,2026-03-07,quantile,0.75,249
2026-02-21,37,2,wk inc flu hosp,2026-03-07,quantile,0.8,267
2026-02-21,37,2,wk inc flu hosp,2026-03-07,quantile,0.85,295
2026-02-21,37,2,wk inc flu hosp,2026-03-07,quantile,0.9,345
2026-02-21,37,2,wk inc flu hosp,2026-03-07,quantile,0.95,439
2026-02-21,37,2,wk inc flu hosp,2026-03-07,quantile,0.975,515
2026-02-21,37,2,wk inc flu hosp,2026-03-07,quantile,0.99,655
2026-02-21,37,3,wk inc flu hosp,2026-03-14,quantile,0.01,10
2026-02-21,37,3,wk inc flu hosp,2026-03-14,quantile,0.025,14
2026-02-21,37,3,wk inc flu hosp,2026-03-14,quantile,0.05,23
2026-02-21,37,3,wk inc flu hosp,2026-03-14,quantile,0.1,39
2026-02-21,37,3,wk inc flu hosp,2026-03-14,quantile,0.15,50
2026-02-21,37,3,wk inc flu hosp,2026-03-14,quantile,0.2,56
2026-02-21,37,3,wk inc flu hosp,2026-03-14,quantile,0.25,65
2026-02-21,37,3,wk inc flu hosp,2026-03-14,quantile,0.3,81
2026-02-21,37,3,wk inc flu hosp,2026-03-14,quantile,0.35,97
2026-02-21,37,3,wk inc flu hosp,2026-03-14,quantile,0.4,104
2026-02-21,37,3,wk inc flu hosp,2026-03-14,quantile,0.45,114
2026-02-21,37,3,wk inc flu hosp,2026-03-14,quantile,0.5,135
2026-02-21,37,3,wk inc flu hosp,2026-03-14,quantile,0.55,157
2026-02-21,37,3,wk inc flu hosp,2026-03-14,quantile,0.6,179
2026-02-21,37,3,wk inc flu hosp,2026-03-14,quantile,0.65,189
2026-02-21,37,3,wk inc flu hosp,2026-03-14,quantile,0.7,202
2026-02-21,37,3,wk inc flu hosp,2026-03-14,quantile,0.75,217
2026-02-21,37,3,wk inc flu hosp,2026-03-14,quantile,0.8,239
2026-02-21,37,3,wk inc flu hosp,2026-03-14,quantile,0.85,277
2026-02-21,37,3,wk inc flu hosp,2026-03-14,quantile,0.9,350
2026-02-21,37,3,wk inc flu hosp,2026-03-14,quantile,0.95,467
2026-02-21,37,3,wk inc flu hosp,2026-03-14,quantile,0.975,546
2026-02-21,37,3,wk inc flu hosp,2026-03-14,quantile,0.99,656
2026-02-21,38,0,wk inc flu hosp,2026-02-21,quantile,0.01,7
2026-02-21,38,0,wk inc flu hosp,2026-02-21,quantile,0.025,7
2026-02-21,38,0,wk inc flu hosp,2026-02-21,quantile,0.05,10
2026-02-21,38,0,wk inc flu hosp,2026-02-21,quantile,0.1,12
2026-02-21,38,0,wk inc flu hosp,2026-02-21,quantile,0.15,15
2026-02-21,38,0,wk inc flu hosp,2026-02-21,quantile,0.2,17
2026-02-21,38,0,wk inc flu hosp,2026-02-21,quantile,0.25,19
2026-02-21,38,0,wk inc flu hosp,2026-02-21,quantile,0.3,21
2026-02-21,38,0,wk inc flu hosp,2026-02-21,quantile,0.35,22
2026-02-21,38,0,wk inc flu hosp,2026-02-21,quantile,0.4,23
2026-02-21,38,0,wk inc flu hosp,2026-02-21,quantile,0.45,24
2026-02-21,38,0,wk inc flu hosp,2026-02-21,quantile,0.5,26
2026-02-21,38,0,wk inc flu hosp,2026-02-21,quantile,0.55,27
2026-02-21,38,0,wk inc flu hosp,2026-02-21,quantile,0.6,28
2026-02-21,38,0,wk inc flu hosp,2026-02-21,quantile,0.65,30
2026-02-21,38,0,wk inc flu hosp,2026-02-21,quantile,0.7,32
2026-02-21,38,0,wk inc flu hosp,2026-02-21,quantile,0.75,33
2026-02-21,38,0,wk inc flu hosp,2026-02-21,quantile,0.8,35
2026-02-21,38,0,wk inc flu hosp,2026-02-21,quantile,0.85,38
2026-02-21,38,0,wk inc flu hosp,2026-02-21,quantile,0.9,42
2026-02-21,38,0,wk inc flu hosp,2026-02-21,quantile,0.95,48
2026-02-21,38,0,wk inc flu hosp,2026-02-21,quantile,0.975,52
2026-02-21,38,0,wk inc flu hosp,2026-02-21,quantile,0.99,59
2026-02-21,38,1,wk inc flu hosp,2026-02-28,quantile,0.01,3
2026-02-21,38,1,wk inc flu hosp,2026-02-28,quantile,0.025,4
2026-02-21,38,1,wk inc flu hosp,2026-02-28,quantile,0.05,6
2026-02-21,38,1,wk inc flu hosp,2026-02-28,quantile,0.1,8
2026-02-21,38,1,wk inc flu hosp,2026-02-28,quantile,0.15,10
2026-02-21,38,1,wk inc flu hosp,2026-02-28,quantile,0.2,12
2026-02-21,38,1,wk inc flu hosp,2026-02-28,quantile,0.25,14
2026-02-21,38,1,wk inc flu hosp,2026-02-28,quantile,0.3,15
2026-02-21,38,1,wk inc flu hosp,2026-02-28,quantile,0.35,17
2026-02-21,38,1,wk inc flu hosp,2026-02-28,quantile,0.4,19
2026-02-21,38,1,wk inc flu hosp,2026-02-28,quantile,0.45,21
2026-02-21,38,1,wk inc flu hosp,2026-02-28,quantile,0.5,23
2026-02-21,38,1,wk inc flu hosp,2026-02-28,quantile,0.55,24
2026-02-21,38,1,wk inc flu hosp,2026-02-28,quantile,0.6,25
2026-02-21,38,1,wk inc flu hosp,2026-02-28,quantile,0.65,27
2026-02-21,38,1,wk inc flu hosp,2026-02-28,quantile,0.7,29
2026-02-21,38,1,wk inc flu hosp,2026-02-28,quantile,0.75,31
2026-02-21,38,1,wk inc flu hosp,2026-02-28,quantile,0.8,34
2026-02-21,38,1,wk inc flu hosp,2026-02-28,quantile,0.85,37
2026-02-21,38,1,wk inc flu hosp,2026-02-28,quantile,0.9,42
2026-02-21,38,1,wk inc flu hosp,2026-02-28,quantile,0.95,48
2026-02-21,38,1,wk inc flu hosp,2026-02-28,quantile,0.975,56
2026-02-21,38,1,wk inc flu hosp,2026-02-28,quantile,0.99,64
2026-02-21,38,2,wk inc flu hosp,2026-03-07,quantile,0.01,1
2026-02-21,38,2,wk inc flu hosp,2026-03-07,quantile,0.025,1
2026-02-21,38,2,wk inc flu hosp,2026-03-07,quantile,0.05,3
2026-02-21,38,2,wk inc flu hosp,2026-03-07,quantile,0.1,5
2026-02-21,38,2,wk inc flu hosp,2026-03-07,quantile,0.15,6
2026-02-21,38,2,wk inc flu hosp,2026-03-07,quantile,0.2,7
2026-02-21,38,2,wk inc flu hosp,2026-03-07,quantile,0.25,9
2026-02-21,38,2,wk inc flu hosp,2026-03-07,quantile,0.3,10
2026-02-21,38,2,wk inc flu hosp,2026-03-07,quantile,0.35,12
2026-02-21,38,2,wk inc flu hosp,2026-03-07,quantile,0.4,13
2026-02-21,38,2,wk inc flu hosp,2026-03-07,quantile,0.45,15
2026-02-21,38,2,wk inc flu hosp,2026-03-07,quantile,0.5,18
2026-02-21,38,2,wk inc flu hosp,2026-03-07,quantile,0.55,19
2026-02-21,38,2,wk inc flu hosp,2026-03-07,quantile,0.6,21
2026-02-21,38,2,wk inc flu hosp,2026-03-07,quantile,0.65,23
2026-02-21,38,2,wk inc flu hosp,2026-03-07,quantile,0.7,24
2026-02-21,38,2,wk inc flu hosp,2026-03-07,quantile,0.75,28
2026-02-21,38,2,wk inc flu hosp,2026-03-07,quantile,0.8,31
2026-02-21,38,2,wk inc flu hosp,2026-03-07,quantile,0.85,37
2026-02-21,38,2,wk inc flu hosp,2026-03-07,quantile,0.9,41
2026-02-21,38,2,wk inc flu hosp,2026-03-07,quantile,0.95,51
2026-02-21,38,2,wk inc flu hosp,2026-03-07,quantile,0.975,59
2026-02-21,38,2,wk inc flu hosp,2026-03-07,quantile,0.99,67
2026-02-21,38,3,wk inc flu hosp,2026-03-14,quantile,0.01,0
2026-02-21,38,3,wk inc flu hosp,2026-03-14,quantile,0.025,0
2026-02-21,38,3,wk inc flu hosp,2026-03-14,quantile,0.05,2
2026-02-21,38,3,wk inc flu hosp,2026-03-14,quantile,0.1,3
2026-02-21,38,3,wk inc flu hosp,2026-03-14,quantile,0.15,4
2026-02-21,38,3,wk inc flu hosp,2026-03-14,quantile,0.2,5
2026-02-21,38,3,wk inc flu hosp,2026-03-14,quantile,0.25,7
2026-02-21,38,3,wk inc flu hosp,2026-03-14,quantile,0.3,8
2026-02-21,38,3,wk inc flu hosp,2026-03-14,quantile,0.35,9
2026-02-21,38,3,wk inc flu hosp,2026-03-14,quantile,0.4,11
2026-02-21,38,3,wk inc flu hosp,2026-03-14,quantile,0.45,13
2026-02-21,38,3,wk inc flu hosp,2026-03-14,quantile,0.5,16
2026-02-21,38,3,wk inc flu hosp,2026-03-14,quantile,0.55,17
2026-02-21,38,3,wk inc flu hosp,2026-03-14,quantile,0.6,18
2026-02-21,38,3,wk inc flu hosp,2026-03-14,quantile,0.65,20
2026-02-21,38,3,wk inc flu hosp,2026-03-14,quantile,0.7,23
2026-02-21,38,3,wk inc flu hosp,2026-03-14,quantile,0.75,26
2026-02-21,38,3,wk inc flu hosp,2026-03-14,quantile,0.8,29
2026-02-21,38,3,wk inc flu hosp,2026-03-14,quantile,0.85,34
2026-02-21,38,3,wk inc flu hosp,2026-03-14,quantile,0.9,41
2026-02-21,38,3,wk inc flu hosp,2026-03-14,quantile,0.95,49
2026-02-21,38,3,wk inc flu hosp,2026-03-14,quantile,0.975,59
2026-02-21,38,3,wk inc flu hosp,2026-03-14,quantile,0.99,71
2026-02-21,39,0,wk inc flu hosp,2026-02-21,quantile,0.01,176
2026-02-21,39,0,wk inc flu hosp,2026-02-21,quantile,0.025,200
2026-02-21,39,0,wk inc flu hosp,2026-02-21,quantile,0.05,231
2026-02-21,39,0,wk inc flu hosp,2026-02-21,quantile,0.1,269
2026-02-21,39,0,wk inc flu hosp,2026-02-21,quantile,0.15,302
2026-02-21,39,0,wk inc flu hosp,2026-02-21,quantile,0.2,332
2026-02-21,39,0,wk inc flu hosp,2026-02-21,quantile,0.25,348
2026-02-21,39,0,wk inc flu hosp,2026-02-21,quantile,0.3,363
2026-02-21,39,0,wk inc flu hosp,2026-02-21,quantile,0.35,381
2026-02-21,39,0,wk inc flu hosp,2026-02-21,quantile,0.4,398
2026-02-21,39,0,wk inc flu hosp,2026-02-21,quantile,0.45,413
2026-02-21,39,0,wk inc flu hosp,2026-02-21,quantile,0.5,428
2026-02-21,39,0,wk inc flu hosp,2026-02-21,quantile,0.55,443
2026-02-21,39,0,wk inc flu hosp,2026-02-21,quantile,0.6,462
2026-02-21,39,0,wk inc flu hosp,2026-02-21,quantile,0.65,478
2026-02-21,39,0,wk inc flu hosp,2026-02-21,quantile,0.7,489
2026-02-21,39,0,wk inc flu hosp,2026-02-21,quantile,0.75,501
2026-02-21,39,0,wk inc flu hosp,2026-02-21,quantile,0.8,535
2026-02-21,39,0,wk inc flu hosp,2026-02-21,quantile,0.85,564
2026-02-21,39,0,wk inc flu hosp,2026-02-21,quantile,0.9,610
2026-02-21,39,0,wk inc flu hosp,2026-02-21,quantile,0.95,691
2026-02-21,39,0,wk inc flu hosp,2026-02-21,quantile,0.975,761
2026-02-21,39,0,wk inc flu hosp,2026-02-21,quantile,0.99,829
2026-02-21,39,1,wk inc flu hosp,2026-02-28,quantile,0.01,101
2026-02-21,39,1,wk inc flu hosp,2026-02-28,quantile,0.025,124
2026-02-21,39,1,wk inc flu hosp,2026-02-28,quantile,0.05,150
2026-02-21,39,1,wk inc flu hosp,2026-02-28,quantile,0.1,201
2026-02-21,39,1,wk inc flu hosp,2026-02-28,quantile,0.15,228
2026-02-21,39,1,wk inc flu hosp,2026-02-28,quantile,0.2,250
2026-02-21,39,1,wk inc flu hosp,2026-02-28,quantile,0.25,266
2026-02-21,39,1,wk inc flu hosp,2026-02-28,quantile,0.3,286
2026-02-21,39,1,wk inc flu hosp,2026-02-28,quantile,0.35,309
2026-02-21,39,1,wk inc flu hosp,2026-02-28,quantile,0.4,330
2026-02-21,39,1,wk inc flu hosp,2026-02-28,quantile,0.45,350
2026-02-21,39,1,wk inc flu hosp,2026-02-28,quantile,0.5,366
2026-02-21,39,1,wk inc flu hosp,2026-02-28,quantile,0.55,395
2026-02-21,39,1,wk inc flu hosp,2026-02-28,quantile,0.6,413
2026-02-21,39,1,wk inc flu hosp,2026-02-28,quantile,0.65,433
2026-02-21,39,1,wk inc flu hosp,2026-02-28,quantile,0.7,453
2026-02-21,39,1,wk inc flu hosp,2026-02-28,quantile,0.75,480
2026-02-21,39,1,wk inc flu hosp,2026-02-28,quantile,0.8,516
2026-02-21,39,1,wk inc flu hosp,2026-02-28,quantile,0.85,559
2026-02-21,39,1,wk inc flu hosp,2026-02-28,quantile,0.9,632
2026-02-21,39,1,wk inc flu hosp,2026-02-28,quantile,0.95,725
2026-02-21,39,1,wk inc flu hosp,2026-02-28,quantile,0.975,833
2026-02-21,39,1,wk inc flu hosp,2026-02-28,quantile,0.99,918
2026-02-21,39,2,wk inc flu hosp,2026-03-07,quantile,0.01,54
2026-02-21,39,2,wk inc flu hosp,2026-03-07,quantile,0.025,69
2026-02-21,39,2,wk inc flu hosp,2026-03-07,quantile,0.05,86
2026-02-21,39,2,wk inc flu hosp,2026-03-07,quantile,0.1,147
2026-02-21,39,2,wk inc flu hosp,2026-03-07,quantile,0.15,174
2026-02-21,39,2,wk inc flu hosp,2026-03-07,quantile,0.2,190
2026-02-21,39,2,wk inc flu hosp,2026-03-07,quantile,0.25,217
2026-02-21,39,2,wk inc flu hosp,2026-03-07,quantile,0.3,240
2026-02-21,39,2,wk inc flu hosp,2026-03-07,quantile,0.35,259
2026-02-21,39,2,wk inc flu hosp,2026-03-07,quantile,0.4,276
2026-02-21,39,2,wk inc flu hosp,2026-03-07,quantile,0.45,293
2026-02-21,39,2,wk inc flu hosp,2026-03-07,quantile,0.5,311
2026-02-21,39,2,wk inc flu hosp,2026-03-07,quantile,0.55,330
2026-02-21,39,2,wk inc flu hosp,2026-03-07,quantile,0.6,352
2026-02-21,39,2,wk inc flu hosp,2026-03-07,quantile,0.65,376
2026-02-21,39,2,wk inc flu hosp,2026-03-07,quantile,0.7,411
2026-02-21,39,2,wk inc flu hosp,2026-03-07,quantile,0.75,433
2026-02-21,39,2,wk inc flu hosp,2026-03-07,quantile,0.8,473
2026-02-21,39,2,wk inc flu hosp,2026-03-07,quantile,0.85,524
2026-02-21,39,2,wk inc flu hosp,2026-03-07,quantile,0.9,607
2026-02-21,39,2,wk inc flu hosp,2026-03-07,quantile,0.95,744
2026-02-21,39,2,wk inc flu hosp,2026-03-07,quantile,0.975,851
2026-02-21,39,2,wk inc flu hosp,2026-03-07,quantile,0.99,961
2026-02-21,39,3,wk inc flu hosp,2026-03-14,quantile,0.01,31
2026-02-21,39,3,wk inc flu hosp,2026-03-14,quantile,0.025,49
2026-02-21,39,3,wk inc flu hosp,2026-03-14,quantile,0.05,54
2026-02-21,39,3,wk inc flu hosp,2026-03-14,quantile,0.1,100
2026-02-21,39,3,wk inc flu hosp,2026-03-14,quantile,0.15,127
2026-02-21,39,3,wk inc flu hosp,2026-03-14,quantile,0.2,137
2026-02-21,39,3,wk inc flu hosp,2026-03-14,quantile,0.25,171
2026-02-21,39,3,wk inc flu hosp,2026-03-14,quantile,0.3,191
2026-02-21,39,3,wk inc flu hosp,2026-03-14,quantile,0.35,213
2026-02-21,39,3,wk inc flu hosp,2026-03-14,quantile,0.4,247
2026-02-21,39,3,wk inc flu hosp,2026-03-14,quantile,0.45,268
2026-02-21,39,3,wk inc flu hosp,2026-03-14,quantile,0.5,278
2026-02-21,39,3,wk inc flu hosp,2026-03-14,quantile,0.55,308
2026-02-21,39,3,wk inc flu hosp,2026-03-14,quantile,0.6,368
2026-02-21,39,3,wk inc flu hosp,2026-03-14,quantile,0.65,396
2026-02-21,39,3,wk inc flu hosp,2026-03-14,quantile,0.7,413
2026-02-21,39,3,wk inc flu hosp,2026-03-14,quantile,0.75,421
2026-02-21,39,3,wk inc flu hosp,2026-03-14,quantile,0.8,451
2026-02-21,39,3,wk inc flu hosp,2026-03-14,quantile,0.85,518
2026-02-21,39,3,wk inc flu hosp,2026-03-14,quantile,0.9,611
2026-02-21,39,3,wk inc flu hosp,2026-03-14,quantile,0.95,759
2026-02-21,39,3,wk inc flu hosp,2026-03-14,quantile,0.975,848
2026-02-21,39,3,wk inc flu hosp,2026-03-14,quantile,0.99,999
2026-02-21,40,0,wk inc flu hosp,2026-02-21,quantile,0.01,110
2026-02-21,40,0,wk inc flu hosp,2026-02-21,quantile,0.025,133
2026-02-21,40,0,wk inc flu hosp,2026-02-21,quantile,0.05,141
2026-02-21,40,0,wk inc flu hosp,2026-02-21,quantile,0.1,158
2026-02-21,40,0,wk inc flu hosp,2026-02-21,quantile,0.15,167
2026-02-21,40,0,wk inc flu hosp,2026-02-21,quantile,0.2,174
2026-02-21,40,0,wk inc flu hosp,2026-02-21,quantile,0.25,178
2026-02-21,40,0,wk inc flu hosp,2026-02-21,quantile,0.3,183
2026-02-21,40,0,wk inc flu hosp,2026-02-21,quantile,0.35,189
2026-02-21,40,0,wk inc flu hosp,2026-02-21,quantile,0.4,201
2026-02-21,40,0,wk inc flu hosp,2026-02-21,quantile,0.45,206
2026-02-21,40,0,wk inc flu hosp,2026-02-21,quantile,0.5,213
2026-02-21,40,0,wk inc flu hosp,2026-02-21,quantile,0.55,224
2026-02-21,40,0,wk inc flu hosp,2026-02-21,quantile,0.6,233
2026-02-21,40,0,wk inc flu hosp,2026-02-21,quantile,0.65,243
2026-02-21,40,0,wk inc flu hosp,2026-02-21,quantile,0.7,253
2026-02-21,40,0,wk inc flu hosp,2026-02-21,quantile,0.75,263
2026-02-21,40,0,wk inc flu hosp,2026-02-21,quantile,0.8,282
2026-02-21,40,0,wk inc flu hosp,2026-02-21,quantile,0.85,289
2026-02-21,40,0,wk inc flu hosp,2026-02-21,quantile,0.9,319
2026-02-21,40,0,wk inc flu hosp,2026-02-21,quantile,0.95,345
2026-02-21,40,0,wk inc flu hosp,2026-02-21,quantile,0.975,398
2026-02-21,40,0,wk inc flu hosp,2026-02-21,quantile,0.99,415
2026-02-21,40,1,wk inc flu hosp,2026-02-28,quantile,0.01,75
2026-02-21,40,1,wk inc flu hosp,2026-02-28,quantile,0.025,85
2026-02-21,40,1,wk inc flu hosp,2026-02-28,quantile,0.05,101
2026-02-21,40,1,wk inc flu hosp,2026-02-28,quantile,0.1,114
2026-02-21,40,1,wk inc flu hosp,2026-02-28,quantile,0.15,124
2026-02-21,40,1,wk inc flu hosp,2026-02-28,quantile,0.2,135
2026-02-21,40,1,wk inc flu hosp,2026-02-28,quantile,0.25,144
2026-02-21,40,1,wk inc flu hosp,2026-02-28,quantile,0.3,158
2026-02-21,40,1,wk inc flu hosp,2026-02-28,quantile,0.35,163
2026-02-21,40,1,wk inc flu hosp,2026-02-28,quantile,0.4,186
2026-02-21,40,1,wk inc flu hosp,2026-02-28,quantile,0.45,188
2026-02-21,40,1,wk inc flu hosp,2026-02-28,quantile,0.5,200
2026-02-21,40,1,wk inc flu hosp,2026-02-28,quantile,0.55,207
2026-02-21,40,1,wk inc flu hosp,2026-02-28,quantile,0.6,219
2026-02-21,40,1,wk inc flu hosp,2026-02-28,quantile,0.65,230
2026-02-21,40,1,wk inc flu hosp,2026-02-28,quantile,0.7,246
2026-02-21,40,1,wk inc flu hosp,2026-02-28,quantile,0.75,265
2026-02-21,40,1,wk inc flu hosp,2026-02-28,quantile,0.8,277
2026-02-21,40,1,wk inc flu hosp,2026-02-28,quantile,0.85,295
2026-02-21,40,1,wk inc flu hosp,2026-02-28,quantile,0.9,324
2026-02-21,40,1,wk inc flu hosp,2026-02-28,quantile,0.95,372
2026-02-21,40,1,wk inc flu hosp,2026-02-28,quantile,0.975,417
2026-02-21,40,1,wk inc flu hosp,2026-02-28,quantile,0.99,461
2026-02-21,40,2,wk inc flu hosp,2026-03-07,quantile,0.01,49
2026-02-21,40,2,wk inc flu hosp,2026-03-07,quantile,0.025,68
2026-02-21,40,2,wk inc flu hosp,2026-03-07,quantile,0.05,79
2026-02-21,40,2,wk inc flu hosp,2026-03-07,quantile,0.1,92
2026-02-21,40,2,wk inc flu hosp,2026-03-07,quantile,0.15,104
2026-02-21,40,2,wk inc flu hosp,2026-03-07,quantile,0.2,117
2026-02-21,40,2,wk inc flu hosp,2026-03-07,quantile,0.25,129
2026-02-21,40,2,wk inc flu hosp,2026-03-07,quantile,0.3,138
2026-02-21,40,2,wk inc flu hosp,2026-03-07,quantile,0.35,146
2026-02-21,40,2,wk inc flu hosp,2026-03-07,quantile,0.4,155
2026-02-21,40,2,wk inc flu hosp,2026-03-07,quantile,0.45,162
2026-02-21,40,2,wk inc flu hosp,2026-03-07,quantile,0.5,175
2026-02-21,40,2,wk inc flu hosp,2026-03-07,quantile,0.55,185
2026-02-21,40,2,wk inc flu hosp,2026-03-07,quantile,0.6,196
2026-02-21,40,2,wk inc flu hosp,2026-03-07,quantile,0.65,210
2026-02-21,40,2,wk inc flu hosp,2026-03-07,quantile,0.7,220
2026-02-21,40,2,wk inc flu hosp,2026-03-07,quantile,0.75,243
2026-02-21,40,2,wk inc flu hosp,2026-03-07,quantile,0.8,264
2026-02-21,40,2,wk inc flu hosp,2026-03-07,quantile,0.85,290
2026-02-21,40,2,wk inc flu hosp,2026-03-07,quantile,0.9,323
2026-02-21,40,2,wk inc flu hosp,2026-03-07,quantile,0.95,389
2026-02-21,40,2,wk inc flu hosp,2026-03-07,quantile,0.975,448
2026-02-21,40,2,wk inc flu hosp,2026-03-07,quantile,0.99,519
2026-02-21,40,3,wk inc flu hosp,2026-03-14,quantile,0.01,35
2026-02-21,40,3,wk inc flu hosp,2026-03-14,quantile,0.025,49
2026-02-21,40,3,wk inc flu hosp,2026-03-14,quantile,0.05,61
2026-02-21,40,3,wk inc flu hosp,2026-03-14,quantile,0.1,81
2026-02-21,40,3,wk inc flu hosp,2026-03-14,quantile,0.15,93
2026-02-21,40,3,wk inc flu hosp,2026-03-14,quantile,0.2,103
2026-02-21,40,3,wk inc flu hosp,2026-03-14,quantile,0.25,115
2026-02-21,40,3,wk inc flu hosp,2026-03-14,quantile,0.3,123
2026-02-21,40,3,wk inc flu hosp,2026-03-14,quantile,0.35,132
2026-02-21,40,3,wk inc flu hosp,2026-03-14,quantile,0.4,141
2026-02-21,40,3,wk inc flu hosp,2026-03-14,quantile,0.45,148
2026-02-21,40,3,wk inc flu hosp,2026-03-14,quantile,0.5,160
2026-02-21,40,3,wk inc flu hosp,2026-03-14,quantile,0.55,172
2026-02-21,40,3,wk inc flu hosp,2026-03-14,quantile,0.6,184
2026-02-21,40,3,wk inc flu hosp,2026-03-14,quantile,0.65,195
2026-02-21,40,3,wk inc flu hosp,2026-03-14,quantile,0.7,209
2026-02-21,40,3,wk inc flu hosp,2026-03-14,quantile,0.75,229
2026-02-21,40,3,wk inc flu hosp,2026-03-14,quantile,0.8,251
2026-02-21,40,3,wk inc flu hosp,2026-03-14,quantile,0.85,283
2026-02-21,40,3,wk inc flu hosp,2026-03-14,quantile,0.9,325
2026-02-21,40,3,wk inc flu hosp,2026-03-14,quantile,0.95,388
2026-02-21,40,3,wk inc flu hosp,2026-03-14,quantile,0.975,448
2026-02-21,40,3,wk inc flu hosp,2026-03-14,quantile,0.99,516
2026-02-21,41,0,wk inc flu hosp,2026-02-21,quantile,0.01,141
2026-02-21,41,0,wk inc flu hosp,2026-02-21,quantile,0.025,158
2026-02-21,41,0,wk inc flu hosp,2026-02-21,quantile,0.05,181
2026-02-21,41,0,wk inc flu hosp,2026-02-21,quantile,0.1,205
2026-02-21,41,0,wk inc flu hosp,2026-02-21,quantile,0.15,218
2026-02-21,41,0,wk inc flu hosp,2026-02-21,quantile,0.2,231
2026-02-21,41,0,wk inc flu hosp,2026-02-21,quantile,0.25,241
2026-02-21,41,0,wk inc flu hosp,2026-02-21,quantile,0.3,251
2026-02-21,41,0,wk inc flu hosp,2026-02-21,quantile,0.35,263
2026-02-21,41,0,wk inc flu hosp,2026-02-21,quantile,0.4,272
2026-02-21,41,0,wk inc flu hosp,2026-02-21,quantile,0.45,281
2026-02-21,41,0,wk inc flu hosp,2026-02-21,quantile,0.5,299
2026-02-21,41,0,wk inc flu hosp,2026-02-21,quantile,0.55,316
2026-02-21,41,0,wk inc flu hosp,2026-02-21,quantile,0.6,328
2026-02-21,41,0,wk inc flu hosp,2026-02-21,quantile,0.65,340
2026-02-21,41,0,wk inc flu hosp,2026-02-21,quantile,0.7,351
2026-02-21,41,0,wk inc flu hosp,2026-02-21,quantile,0.75,359
2026-02-21,41,0,wk inc flu hosp,2026-02-21,quantile,0.8,376
2026-02-21,41,0,wk inc flu hosp,2026-02-21,quantile,0.85,395
2026-02-21,41,0,wk inc flu hosp,2026-02-21,quantile,0.9,422
2026-02-21,41,0,wk inc flu hosp,2026-02-21,quantile,0.95,476
2026-02-21,41,0,wk inc flu hosp,2026-02-21,quantile,0.975,508
2026-02-21,41,0,wk inc flu hosp,2026-02-21,quantile,0.99,542
2026-02-21,41,1,wk inc flu hosp,2026-02-28,quantile,0.01,82
2026-02-21,41,1,wk inc flu hosp,2026-02-28,quantile,0.025,110
2026-02-21,41,1,wk inc flu hosp,2026-02-28,quantile,0.05,121
2026-02-21,41,1,wk inc flu hosp,2026-02-28,quantile,0.1,139
2026-02-21,41,1,wk inc flu hosp,2026-02-28,quantile,0.15,154
2026-02-21,41,1,wk inc flu hosp,2026-02-28,quantile,0.2,167
2026-02-21,41,1,wk inc flu hosp,2026-02-28,quantile,0.25,181
2026-02-21,41,1,wk inc flu hosp,2026-02-28,quantile,0.3,195
2026-02-21,41,1,wk inc flu hosp,2026-02-28,quantile,0.35,206
2026-02-21,41,1,wk inc flu hosp,2026-02-28,quantile,0.4,222
2026-02-21,41,1,wk inc flu hosp,2026-02-28,quantile,0.45,232
2026-02-21,41,1,wk inc flu hosp,2026-02-28,quantile,0.5,245
2026-02-21,41,1,wk inc flu hosp,2026-02-28,quantile,0.55,262
2026-02-21,41,1,wk inc flu hosp,2026-02-28,quantile,0.6,275
2026-02-21,41,1,wk inc flu hosp,2026-02-28,quantile,0.65,292
2026-02-21,41,1,wk inc flu hosp,2026-02-28,quantile,0.7,311
2026-02-21,41,1,wk inc flu hosp,2026-02-28,quantile,0.75,329
2026-02-21,41,1,wk inc flu hosp,2026-02-28,quantile,0.8,347
2026-02-21,41,1,wk inc flu hosp,2026-02-28,quantile,0.85,374
2026-02-21,41,1,wk inc flu hosp,2026-02-28,quantile,0.9,396
2026-02-21,41,1,wk inc flu hosp,2026-02-28,quantile,0.95,444
2026-02-21,41,1,wk inc flu hosp,2026-02-28,quantile,0.975,477
2026-02-21,41,1,wk inc flu hosp,2026-02-28,quantile,0.99,508
2026-02-21,41,2,wk inc flu hosp,2026-03-07,quantile,0.01,53
2026-02-21,41,2,wk inc flu hosp,2026-03-07,quantile,0.025,73
2026-02-21,41,2,wk inc flu hosp,2026-03-07,quantile,0.05,87
2026-02-21,41,2,wk inc flu hosp,2026-03-07,quantile,0.1,108
2026-02-21,41,2,wk inc flu hosp,2026-03-07,quantile,0.15,124
2026-02-21,41,2,wk inc flu hosp,2026-03-07,quantile,0.2,135
2026-02-21,41,2,wk inc flu hosp,2026-03-07,quantile,0.25,152
2026-02-21,41,2,wk inc flu hosp,2026-03-07,quantile,0.3,169
2026-02-21,41,2,wk inc flu hosp,2026-03-07,quantile,0.35,173
2026-02-21,41,2,wk inc flu hosp,2026-03-07,quantile,0.4,184
2026-02-21,41,2,wk inc flu hosp,2026-03-07,quantile,0.45,194
2026-02-21,41,2,wk inc flu hosp,2026-03-07,quantile,0.5,214
2026-02-21,41,2,wk inc flu hosp,2026-03-07,quantile,0.55,227
2026-02-21,41,2,wk inc flu hosp,2026-03-07,quantile,0.6,240
2026-02-21,41,2,wk inc flu hosp,2026-03-07,quantile,0.65,255
2026-02-21,41,2,wk inc flu hosp,2026-03-07,quantile,0.7,271
2026-02-21,41,2,wk inc flu hosp,2026-03-07,quantile,0.75,283
2026-02-21,41,2,wk inc flu hosp,2026-03-07,quantile,0.8,302
2026-02-21,41,2,wk inc flu hosp,2026-03-07,quantile,0.85,334
2026-02-21,41,2,wk inc flu hosp,2026-03-07,quantile,0.9,384
2026-02-21,41,2,wk inc flu hosp,2026-03-07,quantile,0.95,445
2026-02-21,41,2,wk inc flu hosp,2026-03-07,quantile,0.975,469
2026-02-21,41,2,wk inc flu hosp,2026-03-07,quantile,0.99,571
2026-02-21,41,3,wk inc flu hosp,2026-03-14,quantile,0.01,34
2026-02-21,41,3,wk inc flu hosp,2026-03-14,quantile,0.025,51
2026-02-21,41,3,wk inc flu hosp,2026-03-14,quantile,0.05,65
2026-02-21,41,3,wk inc flu hosp,2026-03-14,quantile,0.1,85
2026-02-21,41,3,wk inc flu hosp,2026-03-14,quantile,0.15,101
2026-02-21,41,3,wk inc flu hosp,2026-03-14,quantile,0.2,111
2026-02-21,41,3,wk inc flu hosp,2026-03-14,quantile,0.25,123
2026-02-21,41,3,wk inc flu hosp,2026-03-14,quantile,0.3,132
2026-02-21,41,3,wk inc flu hosp,2026-03-14,quantile,0.35,145
2026-02-21,41,3,wk inc flu hosp,2026-03-14,quantile,0.4,156
2026-02-21,41,3,wk inc flu hosp,2026-03-14,quantile,0.45,163
2026-02-21,41,3,wk inc flu hosp,2026-03-14,quantile,0.5,175
2026-02-21,41,3,wk inc flu hosp,2026-03-14,quantile,0.55,193
2026-02-21,41,3,wk inc flu hosp,2026-03-14,quantile,0.6,209
2026-02-21,41,3,wk inc flu hosp,2026-03-14,quantile,0.65,223
2026-02-21,41,3,wk inc flu hosp,2026-03-14,quantile,0.7,235
2026-02-21,41,3,wk inc flu hosp,2026-03-14,quantile,0.75,247
2026-02-21,41,3,wk inc flu hosp,2026-03-14,quantile,0.8,267
2026-02-21,41,3,wk inc flu hosp,2026-03-14,quantile,0.85,301
2026-02-21,41,3,wk inc flu hosp,2026-03-14,quantile,0.9,344
2026-02-21,41,3,wk inc flu hosp,2026-03-14,quantile,0.95,422
2026-02-21,41,3,wk inc flu hosp,2026-03-14,quantile,0.975,460
2026-02-21,41,3,wk inc flu hosp,2026-03-14,quantile,0.99,503
2026-02-21,42,0,wk inc flu hosp,2026-02-21,quantile,0.01,328
2026-02-21,42,0,wk inc flu hosp,2026-02-21,quantile,0.025,372
2026-02-21,42,0,wk inc flu hosp,2026-02-21,quantile,0.05,438
2026-02-21,42,0,wk inc flu hosp,2026-02-21,quantile,0.1,510
2026-02-21,42,0,wk inc flu hosp,2026-02-21,quantile,0.15,544
2026-02-21,42,0,wk inc flu hosp,2026-02-21,quantile,0.2,574
2026-02-21,42,0,wk inc flu hosp,2026-02-21,quantile,0.25,595
2026-02-21,42,0,wk inc flu hosp,2026-02-21,quantile,0.3,623
2026-02-21,42,0,wk inc flu hosp,2026-02-21,quantile,0.35,644
2026-02-21,42,0,wk inc flu hosp,2026-02-21,quantile,0.4,667
2026-02-21,42,0,wk inc flu hosp,2026-02-21,quantile,0.45,691
2026-02-21,42,0,wk inc flu hosp,2026-02-21,quantile,0.5,732
2026-02-21,42,0,wk inc flu hosp,2026-02-21,quantile,0.55,750
2026-02-21,42,0,wk inc flu hosp,2026-02-21,quantile,0.6,778
2026-02-21,42,0,wk inc flu hosp,2026-02-21,quantile,0.65,798
2026-02-21,42,0,wk inc flu hosp,2026-02-21,quantile,0.7,825
2026-02-21,42,0,wk inc flu hosp,2026-02-21,quantile,0.75,861
2026-02-21,42,0,wk inc flu hosp,2026-02-21,quantile,0.8,902
2026-02-21,42,0,wk inc flu hosp,2026-02-21,quantile,0.85,950
2026-02-21,42,0,wk inc flu hosp,2026-02-21,quantile,0.9,1018
2026-02-21,42,0,wk inc flu hosp,2026-02-21,quantile,0.95,1123
2026-02-21,42,0,wk inc flu hosp,2026-02-21,quantile,0.975,1193
2026-02-21,42,0,wk inc flu hosp,2026-02-21,quantile,0.99,1358
2026-02-21,42,1,wk inc flu hosp,2026-02-28,quantile,0.01,186
2026-02-21,42,1,wk inc flu hosp,2026-02-28,quantile,0.025,253
2026-02-21,42,1,wk inc flu hosp,2026-02-28,quantile,0.05,306
2026-02-21,42,1,wk inc flu hosp,2026-02-28,quantile,0.1,378
2026-02-21,42,1,wk inc flu hosp,2026-02-28,quantile,0.15,420
2026-02-21,42,1,wk inc flu hosp,2026-02-28,quantile,0.2,441
2026-02-21,42,1,wk inc flu hosp,2026-02-28,quantile,0.25,486
2026-02-21,42,1,wk inc flu hosp,2026-02-28,quantile,0.3,517
2026-02-21,42,1,wk inc flu hosp,2026-02-28,quantile,0.35,543
2026-02-21,42,1,wk inc flu hosp,2026-02-28,quantile,0.4,569
2026-02-21,42,1,wk inc flu hosp,2026-02-28,quantile,0.45,604
2026-02-21,42,1,wk inc flu hosp,2026-02-28,quantile,0.5,672
2026-02-21,42,1,wk inc flu hosp,2026-02-28,quantile,0.55,711
2026-02-21,42,1,wk inc flu hosp,2026-02-28,quantile,0.6,735
2026-02-21,42,1,wk inc flu hosp,2026-02-28,quantile,0.65,756
2026-02-21,42,1,wk inc flu hosp,2026-02-28,quantile,0.7,812
2026-02-21,42,1,wk inc flu hosp,2026-02-28,quantile,0.75,839
2026-02-21,42,1,wk inc flu hosp,2026-02-28,quantile,0.8,863
2026-02-21,42,1,wk inc flu hosp,2026-02-28,quantile,0.85,904
2026-02-21,42,1,wk inc flu hosp,2026-02-28,quantile,0.9,996
2026-02-21,42,1,wk inc flu hosp,2026-02-28,quantile,0.95,1159
2026-02-21,42,1,wk inc flu hosp,2026-02-28,quantile,0.975,1300
2026-02-21,42,1,wk inc flu hosp,2026-02-28,quantile,0.99,1446
2026-02-21,42,2,wk inc flu hosp,2026-03-07,quantile,0.01,98
2026-02-21,42,2,wk inc flu hosp,2026-03-07,quantile,0.025,148
2026-02-21,42,2,wk inc flu hosp,2026-03-07,quantile,0.05,222
2026-02-21,42,2,wk inc flu hosp,2026-03-07,quantile,0.1,280
2026-02-21,42,2,wk inc flu hosp,2026-03-07,quantile,0.15,316
2026-02-21,42,2,wk inc flu hosp,2026-03-07,quantile,0.2,359
2026-02-21,42,2,wk inc flu hosp,2026-03-07,quantile,0.25,377
2026-02-21,42,2,wk inc flu hosp,2026-03-07,quantile,0.3,412
2026-02-21,42,2,wk inc flu hosp,2026-03-07,quantile,0.35,447
2026-02-21,42,2,wk inc flu hosp,2026-03-07,quantile,0.4,491
2026-02-21,42,2,wk inc flu hosp,2026-03-07,quantile,0.45,530
2026-02-21,42,2,wk inc flu hosp,2026-03-07,quantile,0.5,583
2026-02-21,42,2,wk inc flu hosp,2026-03-07,quantile,0.55,648
2026-02-21,42,2,wk inc flu hosp,2026-03-07,quantile,0.6,676
2026-02-21,42,2,wk inc flu hosp,2026-03-07,quantile,0.65,704
2026-02-21,42,2,wk inc flu hosp,2026-03-07,quantile,0.7,730
2026-02-21,42,2,wk inc flu hosp,2026-03-07,quantile,0.75,772
2026-02-21,42,2,wk inc flu hosp,2026-03-07,quantile,0.8,798
2026-02-21,42,2,wk inc flu hosp,2026-03-07,quantile,0.85,867
2026-02-21,42,2,wk inc flu hosp,2026-03-07,quantile,0.9,997
2026-02-21,42,2,wk inc flu hosp,2026-03-07,quantile,0.95,1224
2026-02-21,42,2,wk inc flu hosp,2026-03-07,quantile,0.975,1412
2026-02-21,42,2,wk inc flu hosp,2026-03-07,quantile,0.99,1600
2026-02-21,42,3,wk inc flu hosp,2026-03-14,quantile,0.01,66
2026-02-21,42,3,wk inc flu hosp,2026-03-14,quantile,0.025,106
2026-02-21,42,3,wk inc flu hosp,2026-03-14,quantile,0.05,155
2026-02-21,42,3,wk inc flu hosp,2026-03-14,quantile,0.1,212
2026-02-21,42,3,wk inc flu hosp,2026-03-14,quantile,0.15,265
2026-02-21,42,3,wk inc flu hosp,2026-03-14,quantile,0.2,289
2026-02-21,42,3,wk inc flu hosp,2026-03-14,quantile,0.25,312
2026-02-21,42,3,wk inc flu hosp,2026-03-14,quantile,0.3,341
2026-02-21,42,3,wk inc flu hosp,2026-03-14,quantile,0.35,393
2026-02-21,42,3,wk inc flu hosp,2026-03-14,quantile,0.4,434
2026-02-21,42,3,wk inc flu hosp,2026-03-14,quantile,0.45,462
2026-02-21,42,3,wk inc flu hosp,2026-03-14,quantile,0.5,499
2026-02-21,42,3,wk inc flu hosp,2026-03-14,quantile,0.55,566
2026-02-21,42,3,wk inc flu hosp,2026-03-14,quantile,0.6,601
2026-02-21,42,3,wk inc flu hosp,2026-03-14,quantile,0.65,634
2026-02-21,42,3,wk inc flu hosp,2026-03-14,quantile,0.7,673
2026-02-21,42,3,wk inc flu hosp,2026-03-14,quantile,0.75,726
2026-02-21,42,3,wk inc flu hosp,2026-03-14,quantile,0.8,784
2026-02-21,42,3,wk inc flu hosp,2026-03-14,quantile,0.85,837
2026-02-21,42,3,wk inc flu hosp,2026-03-14,quantile,0.9,959
2026-02-21,42,3,wk inc flu hosp,2026-03-14,quantile,0.95,1208
2026-02-21,42,3,wk inc flu hosp,2026-03-14,quantile,0.975,1420
2026-02-21,42,3,wk inc flu hosp,2026-03-14,quantile,0.99,1634
2026-02-21,44,0,wk inc flu hosp,2026-02-21,quantile,0.01,2
2026-02-21,44,0,wk inc flu hosp,2026-02-21,quantile,0.025,3
2026-02-21,44,0,wk inc flu hosp,2026-02-21,quantile,0.05,4
2026-02-21,44,0,wk inc flu hosp,2026-02-21,quantile,0.1,5
2026-02-21,44,0,wk inc flu hosp,2026-02-21,quantile,0.15,6
2026-02-21,44,0,wk inc flu hosp,2026-02-21,quantile,0.2,6
2026-02-21,44,0,wk inc flu hosp,2026-02-21,quantile,0.25,7
2026-02-21,44,0,wk inc flu hosp,2026-02-21,quantile,0.3,8
2026-02-21,44,0,wk inc flu hosp,2026-02-21,quantile,0.35,9
2026-02-21,44,0,wk inc flu hosp,2026-02-21,quantile,0.4,10
2026-02-21,44,0,wk inc flu hosp,2026-02-21,quantile,0.45,11
2026-02-21,44,0,wk inc flu hosp,2026-02-21,quantile,0.5,13
2026-02-21,44,0,wk inc flu hosp,2026-02-21,quantile,0.55,14
2026-02-21,44,0,wk inc flu hosp,2026-02-21,quantile,0.6,16
2026-02-21,44,0,wk inc flu hosp,2026-02-21,quantile,0.65,17
2026-02-21,44,0,wk inc flu hosp,2026-02-21,quantile,0.7,17
2026-02-21,44,0,wk inc flu hosp,2026-02-21,quantile,0.75,18
2026-02-21,44,0,wk inc flu hosp,2026-02-21,quantile,0.8,20
2026-02-21,44,0,wk inc flu hosp,2026-02-21,quantile,0.85,23
2026-02-21,44,0,wk inc flu hosp,2026-02-21,quantile,0.9,26
2026-02-21,44,0,wk inc flu hosp,2026-02-21,quantile,0.95,32
2026-02-21,44,0,wk inc flu hosp,2026-02-21,quantile,0.975,36
2026-02-21,44,0,wk inc flu hosp,2026-02-21,quantile,0.99,41
2026-02-21,44,1,wk inc flu hosp,2026-02-28,quantile,0.01,0
2026-02-21,44,1,wk inc flu hosp,2026-02-28,quantile,0.025,1
2026-02-21,44,1,wk inc flu hosp,2026-02-28,quantile,0.05,1
2026-02-21,44,1,wk inc flu hosp,2026-02-28,quantile,0.1,3
2026-02-21,44,1,wk inc flu hosp,2026-02-28,quantile,0.15,3
2026-02-21,44,1,wk inc flu hosp,2026-02-28,quantile,0.2,4
2026-02-21,44,1,wk inc flu hosp,2026-02-28,quantile,0.25,5
2026-02-21,44,1,wk inc flu hosp,2026-02-28,quantile,0.3,6
2026-02-21,44,1,wk inc flu hosp,2026-02-28,quantile,0.35,6
2026-02-21,44,1,wk inc flu hosp,2026-02-28,quantile,0.4,7
2026-02-21,44,1,wk inc flu hosp,2026-02-28,quantile,0.45,8
2026-02-21,44,1,wk inc flu hosp,2026-02-28,quantile,0.5,10
2026-02-21,44,1,wk inc flu hosp,2026-02-28,quantile,0.55,10
2026-02-21,44,1,wk inc flu hosp,2026-02-28,quantile,0.6,12
2026-02-21,44,1,wk inc flu hosp,2026-02-28,quantile,0.65,13
2026-02-21,44,1,wk inc flu hosp,2026-02-28,quantile,0.7,14
2026-02-21,44,1,wk inc flu hosp,2026-02-28,quantile,0.75,16
2026-02-21,44,1,wk inc flu hosp,2026-02-28,quantile,0.8,19
2026-02-21,44,1,wk inc flu hosp,2026-02-28,quantile,0.85,23
2026-02-21,44,1,wk inc flu hosp,2026-02-28,quantile,0.9,28
2026-02-21,44,1,wk inc flu hosp,2026-02-28,quantile,0.95,35
2026-02-21,44,1,wk inc flu hosp,2026-02-28,quantile,0.975,40
2026-02-21,44,1,wk inc flu hosp,2026-02-28,quantile,0.99,47
2026-02-21,44,2,wk inc flu hosp,2026-03-07,quantile,0.01,0
2026-02-21,44,2,wk inc flu hosp,2026-03-07,quantile,0.025,0
2026-02-21,44,2,wk inc flu hosp,2026-03-07,quantile,0.05,1
2026-02-21,44,2,wk inc flu hosp,2026-03-07,quantile,0.1,1
2026-02-21,44,2,wk inc flu hosp,2026-03-07,quantile,0.15,2
2026-02-21,44,2,wk inc flu hosp,2026-03-07,quantile,0.2,3
2026-02-21,44,2,wk inc flu hosp,2026-03-07,quantile,0.25,3
2026-02-21,44,2,wk inc flu hosp,2026-03-07,quantile,0.3,4
2026-02-21,44,2,wk inc flu hosp,2026-03-07,quantile,0.35,4
2026-02-21,44,2,wk inc flu hosp,2026-03-07,quantile,0.4,6
2026-02-21,44,2,wk inc flu hosp,2026-03-07,quantile,0.45,7
2026-02-21,44,2,wk inc flu hosp,2026-03-07,quantile,0.5,7
2026-02-21,44,2,wk inc flu hosp,2026-03-07,quantile,0.55,8
2026-02-21,44,2,wk inc flu hosp,2026-03-07,quantile,0.6,10
2026-02-21,44,2,wk inc flu hosp,2026-03-07,quantile,0.65,12
2026-02-21,44,2,wk inc flu hosp,2026-03-07,quantile,0.7,14
2026-02-21,44,2,wk inc flu hosp,2026-03-07,quantile,0.75,15
2026-02-21,44,2,wk inc flu hosp,2026-03-07,quantile,0.8,18
2026-02-21,44,2,wk inc flu hosp,2026-03-07,quantile,0.85,23
2026-02-21,44,2,wk inc flu hosp,2026-03-07,quantile,0.9,28
2026-02-21,44,2,wk inc flu hosp,2026-03-07,quantile,0.95,39
2026-02-21,44,2,wk inc flu hosp,2026-03-07,quantile,0.975,47
2026-02-21,44,2,wk inc flu hosp,2026-03-07,quantile,0.99,56
2026-02-21,44,3,wk inc flu hosp,2026-03-14,quantile,0.01,0
2026-02-21,44,3,wk inc flu hosp,2026-03-14,quantile,0.025,0
2026-02-21,44,3,wk inc flu hosp,2026-03-14,quantile,0.05,0
2026-02-21,44,3,wk inc flu hosp,2026-03-14,quantile,0.1,0
2026-02-21,44,3,wk inc flu hosp,2026-03-14,quantile,0.15,1
2026-02-21,44,3,wk inc flu hosp,2026-03-14,quantile,0.2,2
2026-02-21,44,3,wk inc flu hosp,2026-03-14,quantile,0.25,2
2026-02-21,44,3,wk inc flu hosp,2026-03-14,quantile,0.3,3
2026-02-21,44,3,wk inc flu hosp,2026-03-14,quantile,0.35,3
2026-02-21,44,3,wk inc flu hosp,2026-03-14,quantile,0.4,4
2026-02-21,44,3,wk inc flu hosp,2026-03-14,quantile,0.45,5
2026-02-21,44,3,wk inc flu hosp,2026-03-14,quantile,0.5,7
2026-02-21,44,3,wk inc flu hosp,2026-03-14,quantile,0.55,8
2026-02-21,44,3,wk inc flu hosp,2026-03-14,quantile,0.6,10
2026-02-21,44,3,wk inc flu hosp,2026-03-14,quantile,0.65,11
2026-02-21,44,3,wk inc flu hosp,2026-03-14,quantile,0.7,14
2026-02-21,44,3,wk inc flu hosp,2026-03-14,quantile,0.75,17
2026-02-21,44,3,wk inc flu hosp,2026-03-14,quantile,0.8,20
2026-02-21,44,3,wk inc flu hosp,2026-03-14,quantile,0.85,25
2026-02-21,44,3,wk inc flu hosp,2026-03-14,quantile,0.9,31
2026-02-21,44,3,wk inc flu hosp,2026-03-14,quantile,0.95,40
2026-02-21,44,3,wk inc flu hosp,2026-03-14,quantile,0.975,49
2026-02-21,44,3,wk inc flu hosp,2026-03-14,quantile,0.99,65
2026-02-21,45,0,wk inc flu hosp,2026-02-21,quantile,0.01,83
2026-02-21,45,0,wk inc flu hosp,2026-02-21,quantile,0.025,94
2026-02-21,45,0,wk inc flu hosp,2026-02-21,quantile,0.05,110
2026-02-21,45,0,wk inc flu hosp,2026-02-21,quantile,0.1,134
2026-02-21,45,0,wk inc flu hosp,2026-02-21,quantile,0.15,151
2026-02-21,45,0,wk inc flu hosp,2026-02-21,quantile,0.2,163
2026-02-21,45,0,wk inc flu hosp,2026-02-21,quantile,0.25,170
2026-02-21,45,0,wk inc flu hosp,2026-02-21,quantile,0.3,178
2026-02-21,45,0,wk inc flu hosp,2026-02-21,quantile,0.35,185
2026-02-21,45,0,wk inc flu hosp,2026-02-21,quantile,0.4,191
2026-02-21,45,0,wk inc flu hosp,2026-02-21,quantile,0.45,199
2026-02-21,45,0,wk inc flu hosp,2026-02-21,quantile,0.5,209
2026-02-21,45,0,wk inc flu hosp,2026-02-21,quantile,0.55,222
2026-02-21,45,0,wk inc flu hosp,2026-02-21,quantile,0.6,232
2026-02-21,45,0,wk inc flu hosp,2026-02-21,quantile,0.65,240
2026-02-21,45,0,wk inc flu hosp,2026-02-21,quantile,0.7,249
2026-02-21,45,0,wk inc flu hosp,2026-02-21,quantile,0.75,256
2026-02-21,45,0,wk inc flu hosp,2026-02-21,quantile,0.8,267
2026-02-21,45,0,wk inc flu hosp,2026-02-21,quantile,0.85,281
2026-02-21,45,0,wk inc flu hosp,2026-02-21,quantile,0.9,300
2026-02-21,45,0,wk inc flu hosp,2026-02-21,quantile,0.95,332
2026-02-21,45,0,wk inc flu hosp,2026-02-21,quantile,0.975,358
2026-02-21,45,0,wk inc flu hosp,2026-02-21,quantile,0.99,391
2026-02-21,45,1,wk inc flu hosp,2026-02-28,quantile,0.01,50
2026-02-21,45,1,wk inc flu hosp,2026-02-28,quantile,0.025,63
2026-02-21,45,1,wk inc flu hosp,2026-02-28,quantile,0.05,77
2026-02-21,45,1,wk inc flu hosp,2026-02-28,quantile,0.1,97
2026-02-21,45,1,wk inc flu hosp,2026-02-28,quantile,0.15,112
2026-02-21,45,1,wk inc flu hosp,2026-02-28,quantile,0.2,125
2026-02-21,45,1,wk inc flu hosp,2026-02-28,quantile,0.25,134
2026-02-21,45,1,wk inc flu hosp,2026-02-28,quantile,0.3,144
2026-02-21,45,1,wk inc flu hosp,2026-02-28,quantile,0.35,154
2026-02-21,45,1,wk inc flu hosp,2026-02-28,quantile,0.4,165
2026-02-21,45,1,wk inc flu hosp,2026-02-28,quantile,0.45,175
2026-02-21,45,1,wk inc flu hosp,2026-02-28,quantile,0.5,188
2026-02-21,45,1,wk inc flu hosp,2026-02-28,quantile,0.55,204
2026-02-21,45,1,wk inc flu hosp,2026-02-28,quantile,0.6,216
2026-02-21,45,1,wk inc flu hosp,2026-02-28,quantile,0.65,231
2026-02-21,45,1,wk inc flu hosp,2026-02-28,quantile,0.7,240
2026-02-21,45,1,wk inc flu hosp,2026-02-28,quantile,0.75,250
2026-02-21,45,1,wk inc flu hosp,2026-02-28,quantile,0.8,261
2026-02-21,45,1,wk inc flu hosp,2026-02-28,quantile,0.85,277
2026-02-21,45,1,wk inc flu hosp,2026-02-28,quantile,0.9,305
2026-02-21,45,1,wk inc flu hosp,2026-02-28,quantile,0.95,351
2026-02-21,45,1,wk inc flu hosp,2026-02-28,quantile,0.975,400
2026-02-21,45,1,wk inc flu hosp,2026-02-28,quantile,0.99,470
2026-02-21,45,2,wk inc flu hosp,2026-03-07,quantile,0.01,31
2026-02-21,45,2,wk inc flu hosp,2026-03-07,quantile,0.025,44
2026-02-21,45,2,wk inc flu hosp,2026-03-07,quantile,0.05,57
2026-02-21,45,2,wk inc flu hosp,2026-03-07,quantile,0.1,75
2026-02-21,45,2,wk inc flu hosp,2026-03-07,quantile,0.15,86
2026-02-21,45,2,wk inc flu hosp,2026-03-07,quantile,0.2,98
2026-02-21,45,2,wk inc flu hosp,2026-03-07,quantile,0.25,110
2026-02-21,45,2,wk inc flu hosp,2026-03-07,quantile,0.3,124
2026-02-21,45,2,wk inc flu hosp,2026-03-07,quantile,0.35,134
2026-02-21,45,2,wk inc flu hosp,2026-03-07,quantile,0.4,145
2026-02-21,45,2,wk inc flu hosp,2026-03-07,quantile,0.45,154
2026-02-21,45,2,wk inc flu hosp,2026-03-07,quantile,0.5,164
2026-02-21,45,2,wk inc flu hosp,2026-03-07,quantile,0.55,174
2026-02-21,45,2,wk inc flu hosp,2026-03-07,quantile,0.6,183
2026-02-21,45,2,wk inc flu hosp,2026-03-07,quantile,0.65,198
2026-02-21,45,2,wk inc flu hosp,2026-03-07,quantile,0.7,213
2026-02-21,45,2,wk inc flu hosp,2026-03-07,quantile,0.75,231
2026-02-21,45,2,wk inc flu hosp,2026-03-07,quantile,0.8,252
2026-02-21,45,2,wk inc flu hosp,2026-03-07,quantile,0.85,276
2026-02-21,45,2,wk inc flu hosp,2026-03-07,quantile,0.9,304
2026-02-21,45,2,wk inc flu hosp,2026-03-07,quantile,0.95,370
2026-02-21,45,2,wk inc flu hosp,2026-03-07,quantile,0.975,438
2026-02-21,45,2,wk inc flu hosp,2026-03-07,quantile,0.99,523
2026-02-21,45,3,wk inc flu hosp,2026-03-14,quantile,0.01,21
2026-02-21,45,3,wk inc flu hosp,2026-03-14,quantile,0.025,25
2026-02-21,45,3,wk inc flu hosp,2026-03-14,quantile,0.05,39
2026-02-21,45,3,wk inc flu hosp,2026-03-14,quantile,0.1,54
2026-02-21,45,3,wk inc flu hosp,2026-03-14,quantile,0.15,67
2026-02-21,45,3,wk inc flu hosp,2026-03-14,quantile,0.2,77
2026-02-21,45,3,wk inc flu hosp,2026-03-14,quantile,0.25,90
2026-02-21,45,3,wk inc flu hosp,2026-03-14,quantile,0.3,103
2026-02-21,45,3,wk inc flu hosp,2026-03-14,quantile,0.35,114
2026-02-21,45,3,wk inc flu hosp,2026-03-14,quantile,0.4,122
2026-02-21,45,3,wk inc flu hosp,2026-03-14,quantile,0.45,130
2026-02-21,45,3,wk inc flu hosp,2026-03-14,quantile,0.5,139
2026-02-21,45,3,wk inc flu hosp,2026-03-14,quantile,0.55,152
2026-02-21,45,3,wk inc flu hosp,2026-03-14,quantile,0.6,162
2026-02-21,45,3,wk inc flu hosp,2026-03-14,quantile,0.65,175
2026-02-21,45,3,wk inc flu hosp,2026-03-14,quantile,0.7,195
2026-02-21,45,3,wk inc flu hosp,2026-03-14,quantile,0.75,219
2026-02-21,45,3,wk inc flu hosp,2026-03-14,quantile,0.8,238
2026-02-21,45,3,wk inc flu hosp,2026-03-14,quantile,0.85,261
2026-02-21,45,3,wk inc flu hosp,2026-03-14,quantile,0.9,290
2026-02-21,45,3,wk inc flu hosp,2026-03-14,quantile,0.95,357
2026-02-21,45,3,wk inc flu hosp,2026-03-14,quantile,0.975,421
2026-02-21,45,3,wk inc flu hosp,2026-03-14,quantile,0.99,489
2026-02-21,46,0,wk inc flu hosp,2026-02-21,quantile,0.01,12
2026-02-21,46,0,wk inc flu hosp,2026-02-21,quantile,0.025,14
2026-02-21,46,0,wk inc flu hosp,2026-02-21,quantile,0.05,17
2026-02-21,46,0,wk inc flu hosp,2026-02-21,quantile,0.1,21
2026-02-21,46,0,wk inc flu hosp,2026-02-21,quantile,0.15,23
2026-02-21,46,0,wk inc flu hosp,2026-02-21,quantile,0.2,25
2026-02-21,46,0,wk inc flu hosp,2026-02-21,quantile,0.25,27
2026-02-21,46,0,wk inc flu hosp,2026-02-21,quantile,0.3,29
2026-02-21,46,0,wk inc flu hosp,2026-02-21,quantile,0.35,31
2026-02-21,46,0,wk inc flu hosp,2026-02-21,quantile,0.4,33
2026-02-21,46,0,wk inc flu hosp,2026-02-21,quantile,0.45,34
2026-02-21,46,0,wk inc flu hosp,2026-02-21,quantile,0.5,37
2026-02-21,46,0,wk inc flu hosp,2026-02-21,quantile,0.55,38
2026-02-21,46,0,wk inc flu hosp,2026-02-21,quantile,0.6,41
2026-02-21,46,0,wk inc flu hosp,2026-02-21,quantile,0.65,42
2026-02-21,46,0,wk inc flu hosp,2026-02-21,quantile,0.7,43
2026-02-21,46,0,wk inc flu hosp,2026-02-21,quantile,0.75,46
2026-02-21,46,0,wk inc flu hosp,2026-02-21,quantile,0.8,48
2026-02-21,46,0,wk inc flu hosp,2026-02-21,quantile,0.85,52
2026-02-21,46,0,wk inc flu hosp,2026-02-21,quantile,0.9,55
2026-02-21,46,0,wk inc flu hosp,2026-02-21,quantile,0.95,62
2026-02-21,46,0,wk inc flu hosp,2026-02-21,quantile,0.975,69
2026-02-21,46,0,wk inc flu hosp,2026-02-21,quantile,0.99,78
2026-02-21,46,1,wk inc flu hosp,2026-02-28,quantile,0.01,7
2026-02-21,46,1,wk inc flu hosp,2026-02-28,quantile,0.025,9
2026-02-21,46,1,wk inc flu hosp,2026-02-28,quantile,0.05,12
2026-02-21,46,1,wk inc flu hosp,2026-02-28,quantile,0.1,15
2026-02-21,46,1,wk inc flu hosp,2026-02-28,quantile,0.15,18
2026-02-21,46,1,wk inc flu hosp,2026-02-28,quantile,0.2,20
2026-02-21,46,1,wk inc flu hosp,2026-02-28,quantile,0.25,21
2026-02-21,46,1,wk inc flu hosp,2026-02-28,quantile,0.3,23
2026-02-21,46,1,wk inc flu hosp,2026-02-28,quantile,0.35,26
2026-02-21,46,1,wk inc flu hosp,2026-02-28,quantile,0.4,28
2026-02-21,46,1,wk inc flu hosp,2026-02-28,quantile,0.45,30
2026-02-21,46,1,wk inc flu hosp,2026-02-28,quantile,0.5,32
2026-02-21,46,1,wk inc flu hosp,2026-02-28,quantile,0.55,33
2026-02-21,46,1,wk inc flu hosp,2026-02-28,quantile,0.6,35
2026-02-21,46,1,wk inc flu hosp,2026-02-28,quantile,0.65,37
2026-02-21,46,1,wk inc flu hosp,2026-02-28,quantile,0.7,39
2026-02-21,46,1,wk inc flu hosp,2026-02-28,quantile,0.75,41
2026-02-21,46,1,wk inc flu hosp,2026-02-28,quantile,0.8,45
2026-02-21,46,1,wk inc flu hosp,2026-02-28,quantile,0.85,49
2026-02-21,46,1,wk inc flu hosp,2026-02-28,quantile,0.9,54
2026-02-21,46,1,wk inc flu hosp,2026-02-28,quantile,0.95,61
2026-02-21,46,1,wk inc flu hosp,2026-02-28,quantile,0.975,68
2026-02-21,46,1,wk inc flu hosp,2026-02-28,quantile,0.99,83
2026-02-21,46,2,wk inc flu hosp,2026-03-07,quantile,0.01,3
2026-02-21,46,2,wk inc flu hosp,2026-03-07,quantile,0.025,4
2026-02-21,46,2,wk inc flu hosp,2026-03-07,quantile,0.05,7
2026-02-21,46,2,wk inc flu hosp,2026-03-07,quantile,0.1,11
2026-02-21,46,2,wk inc flu hosp,2026-03-07,quantile,0.15,13
2026-02-21,46,2,wk inc flu hosp,2026-03-07,quantile,0.2,15
2026-02-21,46,2,wk inc flu hosp,2026-03-07,quantile,0.25,17
2026-02-21,46,2,wk inc flu hosp,2026-03-07,quantile,0.3,19
2026-02-21,46,2,wk inc flu hosp,2026-03-07,quantile,0.35,21
2026-02-21,46,2,wk inc flu hosp,2026-03-07,quantile,0.4,23
2026-02-21,46,2,wk inc flu hosp,2026-03-07,quantile,0.45,25
2026-02-21,46,2,wk inc flu hosp,2026-03-07,quantile,0.5,27
2026-02-21,46,2,wk inc flu hosp,2026-03-07,quantile,0.55,30
2026-02-21,46,2,wk inc flu hosp,2026-03-07,quantile,0.6,32
2026-02-21,46,2,wk inc flu hosp,2026-03-07,quantile,0.65,35
2026-02-21,46,2,wk inc flu hosp,2026-03-07,quantile,0.7,38
2026-02-21,46,2,wk inc flu hosp,2026-03-07,quantile,0.75,40
2026-02-21,46,2,wk inc flu hosp,2026-03-07,quantile,0.8,42
2026-02-21,46,2,wk inc flu hosp,2026-03-07,quantile,0.85,45
2026-02-21,46,2,wk inc flu hosp,2026-03-07,quantile,0.9,51
2026-02-21,46,2,wk inc flu hosp,2026-03-07,quantile,0.95,63
2026-02-21,46,2,wk inc flu hosp,2026-03-07,quantile,0.975,73
2026-02-21,46,2,wk inc flu hosp,2026-03-07,quantile,0.99,82
2026-02-21,46,3,wk inc flu hosp,2026-03-14,quantile,0.01,1
2026-02-21,46,3,wk inc flu hosp,2026-03-14,quantile,0.025,2
2026-02-21,46,3,wk inc flu hosp,2026-03-14,quantile,0.05,5
2026-02-21,46,3,wk inc flu hosp,2026-03-14,quantile,0.1,7
2026-02-21,46,3,wk inc flu hosp,2026-03-14,quantile,0.15,9
2026-02-21,46,3,wk inc flu hosp,2026-03-14,quantile,0.2,11
2026-02-21,46,3,wk inc flu hosp,2026-03-14,quantile,0.25,14
2026-02-21,46,3,wk inc flu hosp,2026-03-14,quantile,0.3,15
2026-02-21,46,3,wk inc flu hosp,2026-03-14,quantile,0.35,17
2026-02-21,46,3,wk inc flu hosp,2026-03-14,quantile,0.4,19
2026-02-21,46,3,wk inc flu hosp,2026-03-14,quantile,0.45,20
2026-02-21,46,3,wk inc flu hosp,2026-03-14,quantile,0.5,24
2026-02-21,46,3,wk inc flu hosp,2026-03-14,quantile,0.55,26
2026-02-21,46,3,wk inc flu hosp,2026-03-14,quantile,0.6,28
2026-02-21,46,3,wk inc flu hosp,2026-03-14,quantile,0.65,30
2026-02-21,46,3,wk inc flu hosp,2026-03-14,quantile,0.7,33
2026-02-21,46,3,wk inc flu hosp,2026-03-14,quantile,0.75,36
2026-02-21,46,3,wk inc flu hosp,2026-03-14,quantile,0.8,39
2026-02-21,46,3,wk inc flu hosp,2026-03-14,quantile,0.85,43
2026-02-21,46,3,wk inc flu hosp,2026-03-14,quantile,0.9,50
2026-02-21,46,3,wk inc flu hosp,2026-03-14,quantile,0.95,60
2026-02-21,46,3,wk inc flu hosp,2026-03-14,quantile,0.975,71
2026-02-21,46,3,wk inc flu hosp,2026-03-14,quantile,0.99,85
2026-02-21,47,0,wk inc flu hosp,2026-02-21,quantile,0.01,128
2026-02-21,47,0,wk inc flu hosp,2026-02-21,quantile,0.025,151
2026-02-21,47,0,wk inc flu hosp,2026-02-21,quantile,0.05,182
2026-02-21,47,0,wk inc flu hosp,2026-02-21,quantile,0.1,201
2026-02-21,47,0,wk inc flu hosp,2026-02-21,quantile,0.15,216
2026-02-21,47,0,wk inc flu hosp,2026-02-21,quantile,0.2,230
2026-02-21,47,0,wk inc flu hosp,2026-02-21,quantile,0.25,247
2026-02-21,47,0,wk inc flu hosp,2026-02-21,quantile,0.3,258
2026-02-21,47,0,wk inc flu hosp,2026-02-21,quantile,0.35,266
2026-02-21,47,0,wk inc flu hosp,2026-02-21,quantile,0.4,271
2026-02-21,47,0,wk inc flu hosp,2026-02-21,quantile,0.45,285
2026-02-21,47,0,wk inc flu hosp,2026-02-21,quantile,0.5,297
2026-02-21,47,0,wk inc flu hosp,2026-02-21,quantile,0.55,305
2026-02-21,47,0,wk inc flu hosp,2026-02-21,quantile,0.6,310
2026-02-21,47,0,wk inc flu hosp,2026-02-21,quantile,0.65,320
2026-02-21,47,0,wk inc flu hosp,2026-02-21,quantile,0.7,330
2026-02-21,47,0,wk inc flu hosp,2026-02-21,quantile,0.75,343
2026-02-21,47,0,wk inc flu hosp,2026-02-21,quantile,0.8,360
2026-02-21,47,0,wk inc flu hosp,2026-02-21,quantile,0.85,377
2026-02-21,47,0,wk inc flu hosp,2026-02-21,quantile,0.9,390
2026-02-21,47,0,wk inc flu hosp,2026-02-21,quantile,0.95,442
2026-02-21,47,0,wk inc flu hosp,2026-02-21,quantile,0.975,480
2026-02-21,47,0,wk inc flu hosp,2026-02-21,quantile,0.99,529
2026-02-21,47,1,wk inc flu hosp,2026-02-28,quantile,0.01,81
2026-02-21,47,1,wk inc flu hosp,2026-02-28,quantile,0.025,100
2026-02-21,47,1,wk inc flu hosp,2026-02-28,quantile,0.05,120
2026-02-21,47,1,wk inc flu hosp,2026-02-28,quantile,0.1,155
2026-02-21,47,1,wk inc flu hosp,2026-02-28,quantile,0.15,172
2026-02-21,47,1,wk inc flu hosp,2026-02-28,quantile,0.2,186
2026-02-21,47,1,wk inc flu hosp,2026-02-28,quantile,0.25,198
2026-02-21,47,1,wk inc flu hosp,2026-02-28,quantile,0.3,213
2026-02-21,47,1,wk inc flu hosp,2026-02-28,quantile,0.35,221
2026-02-21,47,1,wk inc flu hosp,2026-02-28,quantile,0.4,233
2026-02-21,47,1,wk inc flu hosp,2026-02-28,quantile,0.45,244
2026-02-21,47,1,wk inc flu hosp,2026-02-28,quantile,0.5,267
2026-02-21,47,1,wk inc flu hosp,2026-02-28,quantile,0.55,277
2026-02-21,47,1,wk inc flu hosp,2026-02-28,quantile,0.6,294
2026-02-21,47,1,wk inc flu hosp,2026-02-28,quantile,0.65,308
2026-02-21,47,1,wk inc flu hosp,2026-02-28,quantile,0.7,324
2026-02-21,47,1,wk inc flu hosp,2026-02-28,quantile,0.75,340
2026-02-21,47,1,wk inc flu hosp,2026-02-28,quantile,0.8,353
2026-02-21,47,1,wk inc flu hosp,2026-02-28,quantile,0.85,376
2026-02-21,47,1,wk inc flu hosp,2026-02-28,quantile,0.9,414
2026-02-21,47,1,wk inc flu hosp,2026-02-28,quantile,0.95,470
2026-02-21,47,1,wk inc flu hosp,2026-02-28,quantile,0.975,522
2026-02-21,47,1,wk inc flu hosp,2026-02-28,quantile,0.99,583
2026-02-21,47,2,wk inc flu hosp,2026-03-07,quantile,0.01,55
2026-02-21,47,2,wk inc flu hosp,2026-03-07,quantile,0.025,74
2026-02-21,47,2,wk inc flu hosp,2026-03-07,quantile,0.05,91
2026-02-21,47,2,wk inc flu hosp,2026-03-07,quantile,0.1,118
2026-02-21,47,2,wk inc flu hosp,2026-03-07,quantile,0.15,144
2026-02-21,47,2,wk inc flu hosp,2026-03-07,quantile,0.2,158
2026-02-21,47,2,wk inc flu hosp,2026-03-07,quantile,0.25,179
2026-02-21,47,2,wk inc flu hosp,2026-03-07,quantile,0.3,191
2026-02-21,47,2,wk inc flu hosp,2026-03-07,quantile,0.35,200
2026-02-21,47,2,wk inc flu hosp,2026-03-07,quantile,0.4,211
2026-02-21,47,2,wk inc flu hosp,2026-03-07,quantile,0.45,219
2026-02-21,47,2,wk inc flu hosp,2026-03-07,quantile,0.5,233
2026-02-21,47,2,wk inc flu hosp,2026-03-07,quantile,0.55,252
2026-02-21,47,2,wk inc flu hosp,2026-03-07,quantile,0.6,265
2026-02-21,47,2,wk inc flu hosp,2026-03-07,quantile,0.65,282
2026-02-21,47,2,wk inc flu hosp,2026-03-07,quantile,0.7,304
2026-02-21,47,2,wk inc flu hosp,2026-03-07,quantile,0.75,321
2026-02-21,47,2,wk inc flu hosp,2026-03-07,quantile,0.8,336
2026-02-21,47,2,wk inc flu hosp,2026-03-07,quantile,0.85,365
2026-02-21,47,2,wk inc flu hosp,2026-03-07,quantile,0.9,407
2026-02-21,47,2,wk inc flu hosp,2026-03-07,quantile,0.95,476
2026-02-21,47,2,wk inc flu hosp,2026-03-07,quantile,0.975,525
2026-02-21,47,2,wk inc flu hosp,2026-03-07,quantile,0.99,610
2026-02-21,47,3,wk inc flu hosp,2026-03-14,quantile,0.01,32
2026-02-21,47,3,wk inc flu hosp,2026-03-14,quantile,0.025,46
2026-02-21,47,3,wk inc flu hosp,2026-03-14,quantile,0.05,67
2026-02-21,47,3,wk inc flu hosp,2026-03-14,quantile,0.1,96
2026-02-21,47,3,wk inc flu hosp,2026-03-14,quantile,0.15,114
2026-02-21,47,3,wk inc flu hosp,2026-03-14,quantile,0.2,129
2026-02-21,47,3,wk inc flu hosp,2026-03-14,quantile,0.25,142
2026-02-21,47,3,wk inc flu hosp,2026-03-14,quantile,0.3,155
2026-02-21,47,3,wk inc flu hosp,2026-03-14,quantile,0.35,165
2026-02-21,47,3,wk inc flu hosp,2026-03-14,quantile,0.4,178
2026-02-21,47,3,wk inc flu hosp,2026-03-14,quantile,0.45,190
2026-02-21,47,3,wk inc flu hosp,2026-03-14,quantile,0.5,204
2026-02-21,47,3,wk inc flu hosp,2026-03-14,quantile,0.55,220
2026-02-21,47,3,wk inc flu hosp,2026-03-14,quantile,0.6,231
2026-02-21,47,3,wk inc flu hosp,2026-03-14,quantile,0.65,247
2026-02-21,47,3,wk inc flu hosp,2026-03-14,quantile,0.7,264
2026-02-21,47,3,wk inc flu hosp,2026-03-14,quantile,0.75,289
2026-02-21,47,3,wk inc flu hosp,2026-03-14,quantile,0.8,314
2026-02-21,47,3,wk inc flu hosp,2026-03-14,quantile,0.85,348
2026-02-21,47,3,wk inc flu hosp,2026-03-14,quantile,0.9,389
2026-02-21,47,3,wk inc flu hosp,2026-03-14,quantile,0.95,455
2026-02-21,47,3,wk inc flu hosp,2026-03-14,quantile,0.975,518
2026-02-21,47,3,wk inc flu hosp,2026-03-14,quantile,0.99,618
2026-02-21,48,0,wk inc flu hosp,2026-02-21,quantile,0.01,600
2026-02-21,48,0,wk inc flu hosp,2026-02-21,quantile,0.025,697
2026-02-21,48,0,wk inc flu hosp,2026-02-21,quantile,0.05,740
2026-02-21,48,0,wk inc flu hosp,2026-02-21,quantile,0.1,804
2026-02-21,48,0,wk inc flu hosp,2026-02-21,quantile,0.15,876
2026-02-21,48,0,wk inc flu hosp,2026-02-21,quantile,0.2,921
2026-02-21,48,0,wk inc flu hosp,2026-02-21,quantile,0.25,960
2026-02-21,48,0,wk inc flu hosp,2026-02-21,quantile,0.3,988
2026-02-21,48,0,wk inc flu hosp,2026-02-21,quantile,0.35,1019
2026-02-21,48,0,wk inc flu hosp,2026-02-21,quantile,0.4,1056
2026-02-21,48,0,wk inc flu hosp,2026-02-21,quantile,0.45,1086
2026-02-21,48,0,wk inc flu hosp,2026-02-21,quantile,0.5,1116
2026-02-21,48,0,wk inc flu hosp,2026-02-21,quantile,0.55,1145
2026-02-21,48,0,wk inc flu hosp,2026-02-21,quantile,0.6,1194
2026-02-21,48,0,wk inc flu hosp,2026-02-21,quantile,0.65,1215
2026-02-21,48,0,wk inc flu hosp,2026-02-21,quantile,0.7,1256
2026-02-21,48,0,wk inc flu hosp,2026-02-21,quantile,0.75,1307
2026-02-21,48,0,wk inc flu hosp,2026-02-21,quantile,0.8,1353
2026-02-21,48,0,wk inc flu hosp,2026-02-21,quantile,0.85,1398
2026-02-21,48,0,wk inc flu hosp,2026-02-21,quantile,0.9,1462
2026-02-21,48,0,wk inc flu hosp,2026-02-21,quantile,0.95,1609
2026-02-21,48,0,wk inc flu hosp,2026-02-21,quantile,0.975,1731
2026-02-21,48,0,wk inc flu hosp,2026-02-21,quantile,0.99,1851
2026-02-21,48,1,wk inc flu hosp,2026-02-28,quantile,0.01,380
2026-02-21,48,1,wk inc flu hosp,2026-02-28,quantile,0.025,439
2026-02-21,48,1,wk inc flu hosp,2026-02-28,quantile,0.05,520
2026-02-21,48,1,wk inc flu hosp,2026-02-28,quantile,0.1,636
2026-02-21,48,1,wk inc flu hosp,2026-02-28,quantile,0.15,679
2026-02-21,48,1,wk inc flu hosp,2026-02-28,quantile,0.2,719
2026-02-21,48,1,wk inc flu hosp,2026-02-28,quantile,0.25,760
2026-02-21,48,1,wk inc flu hosp,2026-02-28,quantile,0.3,795
2026-02-21,48,1,wk inc flu hosp,2026-02-28,quantile,0.35,856
2026-02-21,48,1,wk inc flu hosp,2026-02-28,quantile,0.4,903
2026-02-21,48,1,wk inc flu hosp,2026-02-28,quantile,0.45,949
2026-02-21,48,1,wk inc flu hosp,2026-02-28,quantile,0.5,995
2026-02-21,48,1,wk inc flu hosp,2026-02-28,quantile,0.55,1024
2026-02-21,48,1,wk inc flu hosp,2026-02-28,quantile,0.6,1051
2026-02-21,48,1,wk inc flu hosp,2026-02-28,quantile,0.65,1085
2026-02-21,48,1,wk inc flu hosp,2026-02-28,quantile,0.7,1137
2026-02-21,48,1,wk inc flu hosp,2026-02-28,quantile,0.75,1207
2026-02-21,48,1,wk inc flu hosp,2026-02-28,quantile,0.8,1288
2026-02-21,48,1,wk inc flu hosp,2026-02-28,quantile,0.85,1347
2026-02-21,48,1,wk inc flu hosp,2026-02-28,quantile,0.9,1461
2026-02-21,48,1,wk inc flu hosp,2026-02-28,quantile,0.95,1662
2026-02-21,48,1,wk inc flu hosp,2026-02-28,quantile,0.975,1815
2026-02-21,48,1,wk inc flu hosp,2026-02-28,quantile,0.99,2011
2026-02-21,48,2,wk inc flu hosp,2026-03-07,quantile,0.01,242
2026-02-21,48,2,wk inc flu hosp,2026-03-07,quantile,0.025,347
2026-02-21,48,2,wk inc flu hosp,2026-03-07,quantile,0.05,408
2026-02-21,48,2,wk inc flu hosp,2026-03-07,quantile,0.1,488
2026-02-21,48,2,wk inc flu hosp,2026-03-07,quantile,0.15,552
2026-02-21,48,2,wk inc flu hosp,2026-03-07,quantile,0.2,579
2026-02-21,48,2,wk inc flu hosp,2026-03-07,quantile,0.25,671
2026-02-21,48,2,wk inc flu hosp,2026-03-07,quantile,0.3,712
2026-02-21,48,2,wk inc flu hosp,2026-03-07,quantile,0.35,741
2026-02-21,48,2,wk inc flu hosp,2026-03-07,quantile,0.4,794
2026-02-21,48,2,wk inc flu hosp,2026-03-07,quantile,0.45,866
2026-02-21,48,2,wk inc flu hosp,2026-03-07,quantile,0.5,901
2026-02-21,48,2,wk inc flu hosp,2026-03-07,quantile,0.55,938
2026-02-21,48,2,wk inc flu hosp,2026-03-07,quantile,0.6,967
2026-02-21,48,2,wk inc flu hosp,2026-03-07,quantile,0.65,988
2026-02-21,48,2,wk inc flu hosp,2026-03-07,quantile,0.7,1012
2026-02-21,48,2,wk inc flu hosp,2026-03-07,quantile,0.75,1098
2026-02-21,48,2,wk inc flu hosp,2026-03-07,quantile,0.8,1200
2026-02-21,48,2,wk inc flu hosp,2026-03-07,quantile,0.85,1341
2026-02-21,48,2,wk inc flu hosp,2026-03-07,quantile,0.9,1476
2026-02-21,48,2,wk inc flu hosp,2026-03-07,quantile,0.95,1707
2026-02-21,48,2,wk inc flu hosp,2026-03-07,quantile,0.975,1946
2026-02-21,48,2,wk inc flu hosp,2026-03-07,quantile,0.99,2205
2026-02-21,48,3,wk inc flu hosp,2026-03-14,quantile,0.01,154
2026-02-21,48,3,wk inc flu hosp,2026-03-14,quantile,0.025,223
2026-02-21,48,3,wk inc flu hosp,2026-03-14,quantile,0.05,295
2026-02-21,48,3,wk inc flu hosp,2026-03-14,quantile,0.1,379
2026-02-21,48,3,wk inc flu hosp,2026-03-14,quantile,0.15,415
2026-02-21,48,3,wk inc flu hosp,2026-03-14,quantile,0.2,473
2026-02-21,48,3,wk inc flu hosp,2026-03-14,quantile,0.25,526
2026-02-21,48,3,wk inc flu hosp,2026-03-14,quantile,0.3,576
2026-02-21,48,3,wk inc flu hosp,2026-03-14,quantile,0.35,641
2026-02-21,48,3,wk inc flu hosp,2026-03-14,quantile,0.4,681
2026-02-21,48,3,wk inc flu hosp,2026-03-14,quantile,0.45,731
2026-02-21,48,3,wk inc flu hosp,2026-03-14,quantile,0.5,774
2026-02-21,48,3,wk inc flu hosp,2026-03-14,quantile,0.55,822
2026-02-21,48,3,wk inc flu hosp,2026-03-14,quantile,0.6,873
2026-02-21,48,3,wk inc flu hosp,2026-03-14,quantile,0.65,917
2026-02-21,48,3,wk inc flu hosp,2026-03-14,quantile,0.7,974
2026-02-21,48,3,wk inc flu hosp,2026-03-14,quantile,0.75,1039
2026-02-21,48,3,wk inc flu hosp,2026-03-14,quantile,0.8,1115
2026-02-21,48,3,wk inc flu hosp,2026-03-14,quantile,0.85,1209
2026-02-21,48,3,wk inc flu hosp,2026-03-14,quantile,0.9,1386
2026-02-21,48,3,wk inc flu hosp,2026-03-14,quantile,0.95,1642
2026-02-21,48,3,wk inc flu hosp,2026-03-14,quantile,0.975,1867
2026-02-21,48,3,wk inc flu hosp,2026-03-14,quantile,0.99,2140
2026-02-21,49,0,wk inc flu hosp,2026-02-21,quantile,0.01,24
2026-02-21,49,0,wk inc flu hosp,2026-02-21,quantile,0.025,31
2026-02-21,49,0,wk inc flu hosp,2026-02-21,quantile,0.05,35
2026-02-21,49,0,wk inc flu hosp,2026-02-21,quantile,0.1,41
2026-02-21,49,0,wk inc flu hosp,2026-02-21,quantile,0.15,49
2026-02-21,49,0,wk inc flu hosp,2026-02-21,quantile,0.2,51
2026-02-21,49,0,wk inc flu hosp,2026-02-21,quantile,0.25,54
2026-02-21,49,0,wk inc flu hosp,2026-02-21,quantile,0.3,57
2026-02-21,49,0,wk inc flu hosp,2026-02-21,quantile,0.35,61
2026-02-21,49,0,wk inc flu hosp,2026-02-21,quantile,0.4,64
2026-02-21,49,0,wk inc flu hosp,2026-02-21,quantile,0.45,66
2026-02-21,49,0,wk inc flu hosp,2026-02-21,quantile,0.5,69
2026-02-21,49,0,wk inc flu hosp,2026-02-21,quantile,0.55,72
2026-02-21,49,0,wk inc flu hosp,2026-02-21,quantile,0.6,73
2026-02-21,49,0,wk inc flu hosp,2026-02-21,quantile,0.65,77
2026-02-21,49,0,wk inc flu hosp,2026-02-21,quantile,0.7,80
2026-02-21,49,0,wk inc flu hosp,2026-02-21,quantile,0.75,84
2026-02-21,49,0,wk inc flu hosp,2026-02-21,quantile,0.8,88
2026-02-21,49,0,wk inc flu hosp,2026-02-21,quantile,0.85,94
2026-02-21,49,0,wk inc flu hosp,2026-02-21,quantile,0.9,102
2026-02-21,49,0,wk inc flu hosp,2026-02-21,quantile,0.95,111
2026-02-21,49,0,wk inc flu hosp,2026-02-21,quantile,0.975,124
2026-02-21,49,0,wk inc flu hosp,2026-02-21,quantile,0.99,136
2026-02-21,49,1,wk inc flu hosp,2026-02-28,quantile,0.01,14
2026-02-21,49,1,wk inc flu hosp,2026-02-28,quantile,0.025,18
2026-02-21,49,1,wk inc flu hosp,2026-02-28,quantile,0.05,24
2026-02-21,49,1,wk inc flu hosp,2026-02-28,quantile,0.1,31
2026-02-21,49,1,wk inc flu hosp,2026-02-28,quantile,0.15,36
2026-02-21,49,1,wk inc flu hosp,2026-02-28,quantile,0.2,40
2026-02-21,49,1,wk inc flu hosp,2026-02-28,quantile,0.25,45
2026-02-21,49,1,wk inc flu hosp,2026-02-28,quantile,0.3,48
2026-02-21,49,1,wk inc flu hosp,2026-02-28,quantile,0.35,51
2026-02-21,49,1,wk inc flu hosp,2026-02-28,quantile,0.4,55
2026-02-21,49,1,wk inc flu hosp,2026-02-28,quantile,0.45,58
2026-02-21,49,1,wk inc flu hosp,2026-02-28,quantile,0.5,63
2026-02-21,49,1,wk inc flu hosp,2026-02-28,quantile,0.55,66
2026-02-21,49,1,wk inc flu hosp,2026-02-28,quantile,0.6,69
2026-02-21,49,1,wk inc flu hosp,2026-02-28,quantile,0.65,71
2026-02-21,49,1,wk inc flu hosp,2026-02-28,quantile,0.7,76
2026-02-21,49,1,wk inc flu hosp,2026-02-28,quantile,0.75,80
2026-02-21,49,1,wk inc flu hosp,2026-02-28,quantile,0.8,85
2026-02-21,49,1,wk inc flu hosp,2026-02-28,quantile,0.85,92
2026-02-21,49,1,wk inc flu hosp,2026-02-28,quantile,0.9,102
2026-02-21,49,1,wk inc flu hosp,2026-02-28,quantile,0.95,115
2026-02-21,49,1,wk inc flu hosp,2026-02-28,quantile,0.975,134
2026-02-21,49,1,wk inc flu hosp,2026-02-28,quantile,0.99,147
2026-02-21,49,2,wk inc flu hosp,2026-03-07,quantile,0.01,7
2026-02-21,49,2,wk inc flu hosp,2026-03-07,quantile,0.025,10
2026-02-21,49,2,wk inc flu hosp,2026-03-07,quantile,0.05,17
2026-02-21,49,2,wk inc flu hosp,2026-03-07,quantile,0.1,22
2026-02-21,49,2,wk inc flu hosp,2026-03-07,quantile,0.15,27
2026-02-21,49,2,wk inc flu hosp,2026-03-07,quantile,0.2,32
2026-02-21,49,2,wk inc flu hosp,2026-03-07,quantile,0.25,37
2026-02-21,49,2,wk inc flu hosp,2026-03-07,quantile,0.3,39
2026-02-21,49,2,wk inc flu hosp,2026-03-07,quantile,0.35,44
2026-02-21,49,2,wk inc flu hosp,2026-03-07,quantile,0.4,47
2026-02-21,49,2,wk inc flu hosp,2026-03-07,quantile,0.45,50
2026-02-21,49,2,wk inc flu hosp,2026-03-07,quantile,0.5,54
2026-02-21,49,2,wk inc flu hosp,2026-03-07,quantile,0.55,57
2026-02-21,49,2,wk inc flu hosp,2026-03-07,quantile,0.6,62
2026-02-21,49,2,wk inc flu hosp,2026-03-07,quantile,0.65,66
2026-02-21,49,2,wk inc flu hosp,2026-03-07,quantile,0.7,70
2026-02-21,49,2,wk inc flu hosp,2026-03-07,quantile,0.75,77
2026-02-21,49,2,wk inc flu hosp,2026-03-07,quantile,0.8,83
2026-02-21,49,2,wk inc flu hosp,2026-03-07,quantile,0.85,90
2026-02-21,49,2,wk inc flu hosp,2026-03-07,quantile,0.9,100
2026-02-21,49,2,wk inc flu hosp,2026-03-07,quantile,0.95,122
2026-02-21,49,2,wk inc flu hosp,2026-03-07,quantile,0.975,134
2026-02-21,49,2,wk inc flu hosp,2026-03-07,quantile,0.99,157
2026-02-21,49,3,wk inc flu hosp,2026-03-14,quantile,0.01,4
2026-02-21,49,3,wk inc flu hosp,2026-03-14,quantile,0.025,7
2026-02-21,49,3,wk inc flu hosp,2026-03-14,quantile,0.05,11
2026-02-21,49,3,wk inc flu hosp,2026-03-14,quantile,0.1,17
2026-02-21,49,3,wk inc flu hosp,2026-03-14,quantile,0.15,21
2026-02-21,49,3,wk inc flu hosp,2026-03-14,quantile,0.2,25
2026-02-21,49,3,wk inc flu hosp,2026-03-14,quantile,0.25,31
2026-02-21,49,3,wk inc flu hosp,2026-03-14,quantile,0.3,34
2026-02-21,49,3,wk inc flu hosp,2026-03-14,quantile,0.35,37
2026-02-21,49,3,wk inc flu hosp,2026-03-14,quantile,0.4,40
2026-02-21,49,3,wk inc flu hosp,2026-03-14,quantile,0.45,43
2026-02-21,49,3,wk inc flu hosp,2026-03-14,quantile,0.5,47
2026-02-21,49,3,wk inc flu hosp,2026-03-14,quantile,0.55,51
2026-02-21,49,3,wk inc flu hosp,2026-03-14,quantile,0.6,54
2026-02-21,49,3,wk inc flu hosp,2026-03-14,quantile,0.65,59
2026-02-21,49,3,wk inc flu hosp,2026-03-14,quantile,0.7,64
2026-02-21,49,3,wk inc flu hosp,2026-03-14,quantile,0.75,69
2026-02-21,49,3,wk inc flu hosp,2026-03-14,quantile,0.8,76
2026-02-21,49,3,wk inc flu hosp,2026-03-14,quantile,0.85,84
2026-02-21,49,3,wk inc flu hosp,2026-03-14,quantile,0.9,97
2026-02-21,49,3,wk inc flu hosp,2026-03-14,quantile,0.95,116
2026-02-21,49,3,wk inc flu hosp,2026-03-14,quantile,0.975,133
2026-02-21,49,3,wk inc flu hosp,2026-03-14,quantile,0.99,166
2026-02-21,50,0,wk inc flu hosp,2026-02-21,quantile,0.01,4
2026-02-21,50,0,wk inc flu hosp,2026-02-21,quantile,0.025,5
2026-02-21,50,0,wk inc flu hosp,2026-02-21,quantile,0.05,6
2026-02-21,50,0,wk inc flu hosp,2026-02-21,quantile,0.1,8
2026-02-21,50,0,wk inc flu hosp,2026-02-21,quantile,0.15,10
2026-02-21,50,0,wk inc flu hosp,2026-02-21,quantile,0.2,11
2026-02-21,50,0,wk inc flu hosp,2026-02-21,quantile,0.25,12
2026-02-21,50,0,wk inc flu hosp,2026-02-21,quantile,0.3,13
2026-02-21,50,0,wk inc flu hosp,2026-02-21,quantile,0.35,14
2026-02-21,50,0,wk inc flu hosp,2026-02-21,quantile,0.4,15
2026-02-21,50,0,wk inc flu hosp,2026-02-21,quantile,0.45,16
2026-02-21,50,0,wk inc flu hosp,2026-02-21,quantile,0.5,17
2026-02-21,50,0,wk inc flu hosp,2026-02-21,quantile,0.55,18
2026-02-21,50,0,wk inc flu hosp,2026-02-21,quantile,0.6,19
2026-02-21,50,0,wk inc flu hosp,2026-02-21,quantile,0.65,19
2026-02-21,50,0,wk inc flu hosp,2026-02-21,quantile,0.7,20
2026-02-21,50,0,wk inc flu hosp,2026-02-21,quantile,0.75,21
2026-02-21,50,0,wk inc flu hosp,2026-02-21,quantile,0.8,23
2026-02-21,50,0,wk inc flu hosp,2026-02-21,quantile,0.85,26
2026-02-21,50,0,wk inc flu hosp,2026-02-21,quantile,0.9,28
2026-02-21,50,0,wk inc flu hosp,2026-02-21,quantile,0.95,32
2026-02-21,50,0,wk inc flu hosp,2026-02-21,quantile,0.975,36
2026-02-21,50,0,wk inc flu hosp,2026-02-21,quantile,0.99,40
2026-02-21,50,1,wk inc flu hosp,2026-02-28,quantile,0.01,2
2026-02-21,50,1,wk inc flu hosp,2026-02-28,quantile,0.025,3
2026-02-21,50,1,wk inc flu hosp,2026-02-28,quantile,0.05,4
2026-02-21,50,1,wk inc flu hosp,2026-02-28,quantile,0.1,6
2026-02-21,50,1,wk inc flu hosp,2026-02-28,quantile,0.15,7
2026-02-21,50,1,wk inc flu hosp,2026-02-28,quantile,0.2,8
2026-02-21,50,1,wk inc flu hosp,2026-02-28,quantile,0.25,9
2026-02-21,50,1,wk inc flu hosp,2026-02-28,quantile,0.3,10
2026-02-21,50,1,wk inc flu hosp,2026-02-28,quantile,0.35,11
2026-02-21,50,1,wk inc flu hosp,2026-02-28,quantile,0.4,13
2026-02-21,50,1,wk inc flu hosp,2026-02-28,quantile,0.45,14
2026-02-21,50,1,wk inc flu hosp,2026-02-28,quantile,0.5,15
2026-02-21,50,1,wk inc flu hosp,2026-02-28,quantile,0.55,16
2026-02-21,50,1,wk inc flu hosp,2026-02-28,quantile,0.6,17
2026-02-21,50,1,wk inc flu hosp,2026-02-28,quantile,0.65,18
2026-02-21,50,1,wk inc flu hosp,2026-02-28,quantile,0.7,19
2026-02-21,50,1,wk inc flu hosp,2026-02-28,quantile,0.75,20
2026-02-21,50,1,wk inc flu hosp,2026-02-28,quantile,0.8,22
2026-02-21,50,1,wk inc flu hosp,2026-02-28,quantile,0.85,24
2026-02-21,50,1,wk inc flu hosp,2026-02-28,quantile,0.9,28
2026-02-21,50,1,wk inc flu hosp,2026-02-28,quantile,0.95,34
2026-02-21,50,1,wk inc flu hosp,2026-02-28,quantile,0.975,39
2026-02-21,50,1,wk inc flu hosp,2026-02-28,quantile,0.99,44
2026-02-21,50,2,wk inc flu hosp,2026-03-07,quantile,0.01,0
2026-02-21,50,2,wk inc flu hosp,2026-03-07,quantile,0.025,1
2026-02-21,50,2,wk inc flu hosp,2026-03-07,quantile,0.05,2
2026-02-21,50,2,wk inc flu hosp,2026-03-07,quantile,0.1,3
2026-02-21,50,2,wk inc flu hosp,2026-03-07,quantile,0.15,5
2026-02-21,50,2,wk inc flu hosp,2026-03-07,quantile,0.2,6
2026-02-21,50,2,wk inc flu hosp,2026-03-07,quantile,0.25,7
2026-02-21,50,2,wk inc flu hosp,2026-03-07,quantile,0.3,8
2026-02-21,50,2,wk inc flu hosp,2026-03-07,quantile,0.35,9
2026-02-21,50,2,wk inc flu hosp,2026-03-07,quantile,0.4,10
2026-02-21,50,2,wk inc flu hosp,2026-03-07,quantile,0.45,10
2026-02-21,50,2,wk inc flu hosp,2026-03-07,quantile,0.5,12
2026-02-21,50,2,wk inc flu hosp,2026-03-07,quantile,0.55,13
2026-02-21,50,2,wk inc flu hosp,2026-03-07,quantile,0.6,14
2026-02-21,50,2,wk inc flu hosp,2026-03-07,quantile,0.65,16
2026-02-21,50,2,wk inc flu hosp,2026-03-07,quantile,0.7,17
2026-02-21,50,2,wk inc flu hosp,2026-03-07,quantile,0.75,19
2026-02-21,50,2,wk inc flu hosp,2026-03-07,quantile,0.8,21
2026-02-21,50,2,wk inc flu hosp,2026-03-07,quantile,0.85,24
2026-02-21,50,2,wk inc flu hosp,2026-03-07,quantile,0.9,28
2026-02-21,50,2,wk inc flu hosp,2026-03-07,quantile,0.95,36
2026-02-21,50,2,wk inc flu hosp,2026-03-07,quantile,0.975,43
2026-02-21,50,2,wk inc flu hosp,2026-03-07,quantile,0.99,51
2026-02-21,50,3,wk inc flu hosp,2026-03-14,quantile,0.01,0
2026-02-21,50,3,wk inc flu hosp,2026-03-14,quantile,0.025,0
2026-02-21,50,3,wk inc flu hosp,2026-03-14,quantile,0.05,1
2026-02-21,50,3,wk inc flu hosp,2026-03-14,quantile,0.1,2
2026-02-21,50,3,wk inc flu hosp,2026-03-14,quantile,0.15,3
2026-02-21,50,3,wk inc flu hosp,2026-03-14,quantile,0.2,4
2026-02-21,50,3,wk inc flu hosp,2026-03-14,quantile,0.25,6
2026-02-21,50,3,wk inc flu hosp,2026-03-14,quantile,0.3,7
2026-02-21,50,3,wk inc flu hosp,2026-03-14,quantile,0.35,8
2026-02-21,50,3,wk inc flu hosp,2026-03-14,quantile,0.4,8
2026-02-21,50,3,wk inc flu hosp,2026-03-14,quantile,0.45,9
2026-02-21,50,3,wk inc flu hosp,2026-03-14,quantile,0.5,11
2026-02-21,50,3,wk inc flu hosp,2026-03-14,quantile,0.55,12
2026-02-21,50,3,wk inc flu hosp,2026-03-14,quantile,0.6,13
2026-02-21,50,3,wk inc flu hosp,2026-03-14,quantile,0.65,14
2026-02-21,50,3,wk inc flu hosp,2026-03-14,quantile,0.7,16
2026-02-21,50,3,wk inc flu hosp,2026-03-14,quantile,0.75,17
2026-02-21,50,3,wk inc flu hosp,2026-03-14,quantile,0.8,19
2026-02-21,50,3,wk inc flu hosp,2026-03-14,quantile,0.85,22
2026-02-21,50,3,wk inc flu hosp,2026-03-14,quantile,0.9,27
2026-02-21,50,3,wk inc flu hosp,2026-03-14,quantile,0.95,37
2026-02-21,50,3,wk inc flu hosp,2026-03-14,quantile,0.975,46
2026-02-21,50,3,wk inc flu hosp,2026-03-14,quantile,0.99,57
2026-02-21,51,0,wk inc flu hosp,2026-02-21,quantile,0.01,84
2026-02-21,51,0,wk inc flu hosp,2026-02-21,quantile,0.025,98
2026-02-21,51,0,wk inc flu hosp,2026-02-21,quantile,0.05,110
2026-02-21,51,0,wk inc flu hosp,2026-02-21,quantile,0.1,128
2026-02-21,51,0,wk inc flu hosp,2026-02-21,quantile,0.15,140
2026-02-21,51,0,wk inc flu hosp,2026-02-21,quantile,0.2,150
2026-02-21,51,0,wk inc flu hosp,2026-02-21,quantile,0.25,159
2026-02-21,51,0,wk inc flu hosp,2026-02-21,quantile,0.3,163
2026-02-21,51,0,wk inc flu hosp,2026-02-21,quantile,0.35,171
2026-02-21,51,0,wk inc flu hosp,2026-02-21,quantile,0.4,178
2026-02-21,51,0,wk inc flu hosp,2026-02-21,quantile,0.45,186
2026-02-21,51,0,wk inc flu hosp,2026-02-21,quantile,0.5,198
2026-02-21,51,0,wk inc flu hosp,2026-02-21,quantile,0.55,202
2026-02-21,51,0,wk inc flu hosp,2026-02-21,quantile,0.6,210
2026-02-21,51,0,wk inc flu hosp,2026-02-21,quantile,0.65,221
2026-02-21,51,0,wk inc flu hosp,2026-02-21,quantile,0.7,226
2026-02-21,51,0,wk inc flu hosp,2026-02-21,quantile,0.75,231
2026-02-21,51,0,wk inc flu hosp,2026-02-21,quantile,0.8,240
2026-02-21,51,0,wk inc flu hosp,2026-02-21,quantile,0.85,252
2026-02-21,51,0,wk inc flu hosp,2026-02-21,quantile,0.9,266
2026-02-21,51,0,wk inc flu hosp,2026-02-21,quantile,0.95,291
2026-02-21,51,0,wk inc flu hosp,2026-02-21,quantile,0.975,322
2026-02-21,51,0,wk inc flu hosp,2026-02-21,quantile,0.99,365
2026-02-21,51,1,wk inc flu hosp,2026-02-28,quantile,0.01,45
2026-02-21,51,1,wk inc flu hosp,2026-02-28,quantile,0.025,57
2026-02-21,51,1,wk inc flu hosp,2026-02-28,quantile,0.05,76
2026-02-21,51,1,wk inc flu hosp,2026-02-28,quantile,0.1,97
2026-02-21,51,1,wk inc flu hosp,2026-02-28,quantile,0.15,105
2026-02-21,51,1,wk inc flu hosp,2026-02-28,quantile,0.2,116
2026-02-21,51,1,wk inc flu hosp,2026-02-28,quantile,0.25,126
2026-02-21,51,1,wk inc flu hosp,2026-02-28,quantile,0.3,136
2026-02-21,51,1,wk inc flu hosp,2026-02-28,quantile,0.35,142
2026-02-21,51,1,wk inc flu hosp,2026-02-28,quantile,0.4,148
2026-02-21,51,1,wk inc flu hosp,2026-02-28,quantile,0.45,153
2026-02-21,51,1,wk inc flu hosp,2026-02-28,quantile,0.5,166
2026-02-21,51,1,wk inc flu hosp,2026-02-28,quantile,0.55,177
2026-02-21,51,1,wk inc flu hosp,2026-02-28,quantile,0.6,188
2026-02-21,51,1,wk inc flu hosp,2026-02-28,quantile,0.65,199
2026-02-21,51,1,wk inc flu hosp,2026-02-28,quantile,0.7,218
2026-02-21,51,1,wk inc flu hosp,2026-02-28,quantile,0.75,230
2026-02-21,51,1,wk inc flu hosp,2026-02-28,quantile,0.8,245
2026-02-21,51,1,wk inc flu hosp,2026-02-28,quantile,0.85,261
2026-02-21,51,1,wk inc flu hosp,2026-02-28,quantile,0.9,284
2026-02-21,51,1,wk inc flu hosp,2026-02-28,quantile,0.95,322
2026-02-21,51,1,wk inc flu hosp,2026-02-28,quantile,0.975,376
2026-02-21,51,1,wk inc flu hosp,2026-02-28,quantile,0.99,438
2026-02-21,51,2,wk inc flu hosp,2026-03-07,quantile,0.01,27
2026-02-21,51,2,wk inc flu hosp,2026-03-07,quantile,0.025,34
2026-02-21,51,2,wk inc flu hosp,2026-03-07,quantile,0.05,42
2026-02-21,51,2,wk inc flu hosp,2026-03-07,quantile,0.1,56
2026-02-21,51,2,wk inc flu hosp,2026-03-07,quantile,0.15,70
2026-02-21,51,2,wk inc flu hosp,2026-03-07,quantile,0.2,84
2026-02-21,51,2,wk inc flu hosp,2026-03-07,quantile,0.25,91
2026-02-21,51,2,wk inc flu hosp,2026-03-07,quantile,0.3,101
2026-02-21,51,2,wk inc flu hosp,2026-03-07,quantile,0.35,112
2026-02-21,51,2,wk inc flu hosp,2026-03-07,quantile,0.4,118
2026-02-21,51,2,wk inc flu hosp,2026-03-07,quantile,0.45,127
2026-02-21,51,2,wk inc flu hosp,2026-03-07,quantile,0.5,140
2026-02-21,51,2,wk inc flu hosp,2026-03-07,quantile,0.55,153
2026-02-21,51,2,wk inc flu hosp,2026-03-07,quantile,0.6,164
2026-02-21,51,2,wk inc flu hosp,2026-03-07,quantile,0.65,184
2026-02-21,51,2,wk inc flu hosp,2026-03-07,quantile,0.7,202
2026-02-21,51,2,wk inc flu hosp,2026-03-07,quantile,0.75,220
2026-02-21,51,2,wk inc flu hosp,2026-03-07,quantile,0.8,230
2026-02-21,51,2,wk inc flu hosp,2026-03-07,quantile,0.85,253
2026-02-21,51,2,wk inc flu hosp,2026-03-07,quantile,0.9,289
2026-02-21,51,2,wk inc flu hosp,2026-03-07,quantile,0.95,340
2026-02-21,51,2,wk inc flu hosp,2026-03-07,quantile,0.975,395
2026-02-21,51,2,wk inc flu hosp,2026-03-07,quantile,0.99,475
2026-02-21,51,3,wk inc flu hosp,2026-03-14,quantile,0.01,18
2026-02-21,51,3,wk inc flu hosp,2026-03-14,quantile,0.025,24
2026-02-21,51,3,wk inc flu hosp,2026-03-14,quantile,0.05,32
2026-02-21,51,3,wk inc flu hosp,2026-03-14,quantile,0.1,46
2026-02-21,51,3,wk inc flu hosp,2026-03-14,quantile,0.15,60
2026-02-21,51,3,wk inc flu hosp,2026-03-14,quantile,0.2,68
2026-02-21,51,3,wk inc flu hosp,2026-03-14,quantile,0.25,74
2026-02-21,51,3,wk inc flu hosp,2026-03-14,quantile,0.3,81
2026-02-21,51,3,wk inc flu hosp,2026-03-14,quantile,0.35,92
2026-02-21,51,3,wk inc flu hosp,2026-03-14,quantile,0.4,106
2026-02-21,51,3,wk inc flu hosp,2026-03-14,quantile,0.45,114
2026-02-21,51,3,wk inc flu hosp,2026-03-14,quantile,0.5,122
2026-02-21,51,3,wk inc flu hosp,2026-03-14,quantile,0.55,137
2026-02-21,51,3,wk inc flu hosp,2026-03-14,quantile,0.6,147
2026-02-21,51,3,wk inc flu hosp,2026-03-14,quantile,0.65,166
2026-02-21,51,3,wk inc flu hosp,2026-03-14,quantile,0.7,177
2026-02-21,51,3,wk inc flu hosp,2026-03-14,quantile,0.75,193
2026-02-21,51,3,wk inc flu hosp,2026-03-14,quantile,0.8,215
2026-02-21,51,3,wk inc flu hosp,2026-03-14,quantile,0.85,249
2026-02-21,51,3,wk inc flu hosp,2026-03-14,quantile,0.9,294
2026-02-21,51,3,wk inc flu hosp,2026-03-14,quantile,0.95,362
2026-02-21,51,3,wk inc flu hosp,2026-03-14,quantile,0.975,410
2026-02-21,51,3,wk inc flu hosp,2026-03-14,quantile,0.99,450
2026-02-21,53,0,wk inc flu hosp,2026-02-21,quantile,0.01,128
2026-02-21,53,0,wk inc flu hosp,2026-02-21,quantile,0.025,149
2026-02-21,53,0,wk inc flu hosp,2026-02-21,quantile,0.05,173
2026-02-21,53,0,wk inc flu hosp,2026-02-21,quantile,0.1,189
2026-02-21,53,0,wk inc flu hosp,2026-02-21,quantile,0.15,201
2026-02-21,53,0,wk inc flu hosp,2026-02-21,quantile,0.2,206
2026-02-21,53,0,wk inc flu hosp,2026-02-21,quantile,0.25,217
2026-02-21,53,0,wk inc flu hosp,2026-02-21,quantile,0.3,227
2026-02-21,53,0,wk inc flu hosp,2026-02-21,quantile,0.35,231
2026-02-21,53,0,wk inc flu hosp,2026-02-21,quantile,0.4,238
2026-02-21,53,0,wk inc flu hosp,2026-02-21,quantile,0.45,248
2026-02-21,53,0,wk inc flu hosp,2026-02-21,quantile,0.5,258
2026-02-21,53,0,wk inc flu hosp,2026-02-21,quantile,0.55,263
2026-02-21,53,0,wk inc flu hosp,2026-02-21,quantile,0.6,271
2026-02-21,53,0,wk inc flu hosp,2026-02-21,quantile,0.65,280
2026-02-21,53,0,wk inc flu hosp,2026-02-21,quantile,0.7,289
2026-02-21,53,0,wk inc flu hosp,2026-02-21,quantile,0.75,299
2026-02-21,53,0,wk inc flu hosp,2026-02-21,quantile,0.8,311
2026-02-21,53,0,wk inc flu hosp,2026-02-21,quantile,0.85,322
2026-02-21,53,0,wk inc flu hosp,2026-02-21,quantile,0.9,342
2026-02-21,53,0,wk inc flu hosp,2026-02-21,quantile,0.95,377
2026-02-21,53,0,wk inc flu hosp,2026-02-21,quantile,0.975,392
2026-02-21,53,0,wk inc flu hosp,2026-02-21,quantile,0.99,415
2026-02-21,53,1,wk inc flu hosp,2026-02-28,quantile,0.01,94
2026-02-21,53,1,wk inc flu hosp,2026-02-28,quantile,0.025,110
2026-02-21,53,1,wk inc flu hosp,2026-02-28,quantile,0.05,128
2026-02-21,53,1,wk inc flu hosp,2026-02-28,quantile,0.1,149
2026-02-21,53,1,wk inc flu hosp,2026-02-28,quantile,0.15,166
2026-02-21,53,1,wk inc flu hosp,2026-02-28,quantile,0.2,178
2026-02-21,53,1,wk inc flu hosp,2026-02-28,quantile,0.25,185
2026-02-21,53,1,wk inc flu hosp,2026-02-28,quantile,0.3,195
2026-02-21,53,1,wk inc flu hosp,2026-02-28,quantile,0.35,203
2026-02-21,53,1,wk inc flu hosp,2026-02-28,quantile,0.4,216
2026-02-21,53,1,wk inc flu hosp,2026-02-28,quantile,0.45,224
2026-02-21,53,1,wk inc flu hosp,2026-02-28,quantile,0.5,233
2026-02-21,53,1,wk inc flu hosp,2026-02-28,quantile,0.55,241
2026-02-21,53,1,wk inc flu hosp,2026-02-28,quantile,0.6,250
2026-02-21,53,1,wk inc flu hosp,2026-02-28,quantile,0.65,259
2026-02-21,53,1,wk inc flu hosp,2026-02-28,quantile,0.7,269
2026-02-21,53,1,wk inc flu hosp,2026-02-28,quantile,0.75,280
2026-02-21,53,1,wk inc flu hosp,2026-02-28,quantile,0.8,294
2026-02-21,53,1,wk inc flu hosp,2026-02-28,quantile,0.85,308
2026-02-21,53,1,wk inc flu hosp,2026-02-28,quantile,0.9,333
2026-02-21,53,1,wk inc flu hosp,2026-02-28,quantile,0.95,362
2026-02-21,53,1,wk inc flu hosp,2026-02-28,quantile,0.975,394
2026-02-21,53,1,wk inc flu hosp,2026-02-28,quantile,0.99,444
2026-02-21,53,2,wk inc flu hosp,2026-03-07,quantile,0.01,63
2026-02-21,53,2,wk inc flu hosp,2026-03-07,quantile,0.025,82
2026-02-21,53,2,wk inc flu hosp,2026-03-07,quantile,0.05,99
2026-02-21,53,2,wk inc flu hosp,2026-03-07,quantile,0.1,120
2026-02-21,53,2,wk inc flu hosp,2026-03-07,quantile,0.15,138
2026-02-21,53,2,wk inc flu hosp,2026-03-07,quantile,0.2,154
2026-02-21,53,2,wk inc flu hosp,2026-03-07,quantile,0.25,163
2026-02-21,53,2,wk inc flu hosp,2026-03-07,quantile,0.3,170
2026-02-21,53,2,wk inc flu hosp,2026-03-07,quantile,0.35,177
2026-02-21,53,2,wk inc flu hosp,2026-03-07,quantile,0.4,188
2026-02-21,53,2,wk inc flu hosp,2026-03-07,quantile,0.45,203
2026-02-21,53,2,wk inc flu hosp,2026-03-07,quantile,0.5,212
2026-02-21,53,2,wk inc flu hosp,2026-03-07,quantile,0.55,219
2026-02-21,53,2,wk inc flu hosp,2026-03-07,quantile,0.6,231
2026-02-21,53,2,wk inc flu hosp,2026-03-07,quantile,0.65,247
2026-02-21,53,2,wk inc flu hosp,2026-03-07,quantile,0.7,261
2026-02-21,53,2,wk inc flu hosp,2026-03-07,quantile,0.75,276
2026-02-21,53,2,wk inc flu hosp,2026-03-07,quantile,0.8,288
2026-02-21,53,2,wk inc flu hosp,2026-03-07,quantile,0.85,314
2026-02-21,53,2,wk inc flu hosp,2026-03-07,quantile,0.9,339
2026-02-21,53,2,wk inc flu hosp,2026-03-07,quantile,0.95,384
2026-02-21,53,2,wk inc flu hosp,2026-03-07,quantile,0.975,431
2026-02-21,53,2,wk inc flu hosp,2026-03-07,quantile,0.99,492
2026-02-21,53,3,wk inc flu hosp,2026-03-14,quantile,0.01,42
2026-02-21,53,3,wk inc flu hosp,2026-03-14,quantile,0.025,65
2026-02-21,53,3,wk inc flu hosp,2026-03-14,quantile,0.05,77
2026-02-21,53,3,wk inc flu hosp,2026-03-14,quantile,0.1,102
2026-02-21,53,3,wk inc flu hosp,2026-03-14,quantile,0.15,118
2026-02-21,53,3,wk inc flu hosp,2026-03-14,quantile,0.2,127
2026-02-21,53,3,wk inc flu hosp,2026-03-14,quantile,0.25,134
2026-02-21,53,3,wk inc flu hosp,2026-03-14,quantile,0.3,141
2026-02-21,53,3,wk inc flu hosp,2026-03-14,quantile,0.35,152
2026-02-21,53,3,wk inc flu hosp,2026-03-14,quantile,0.4,163
2026-02-21,53,3,wk inc flu hosp,2026-03-14,quantile,0.45,173
2026-02-21,53,3,wk inc flu hosp,2026-03-14,quantile,0.5,188
2026-02-21,53,3,wk inc flu hosp,2026-03-14,quantile,0.55,200
2026-02-21,53,3,wk inc flu hosp,2026-03-14,quantile,0.6,217
2026-02-21,53,3,wk inc flu hosp,2026-03-14,quantile,0.65,236
2026-02-21,53,3,wk inc flu hosp,2026-03-14,quantile,0.7,254
2026-02-21,53,3,wk inc flu hosp,2026-03-14,quantile,0.75,274
2026-02-21,53,3,wk inc flu hosp,2026-03-14,quantile,0.8,287
2026-02-21,53,3,wk inc flu hosp,2026-03-14,quantile,0.85,311
2026-02-21,53,3,wk inc flu hosp,2026-03-14,quantile,0.9,347
2026-02-21,53,3,wk inc flu hosp,2026-03-14,quantile,0.95,395
2026-02-21,53,3,wk inc flu hosp,2026-03-14,quantile,0.975,443
2026-02-21,53,3,wk inc flu hosp,2026-03-14,quantile,0.99,499
2026-02-21,54,0,wk inc flu hosp,2026-02-21,quantile,0.01,39
2026-02-21,54,0,wk inc flu hosp,2026-02-21,quantile,0.025,48
2026-02-21,54,0,wk inc flu hosp,2026-02-21,quantile,0.05,55
2026-02-21,54,0,wk inc flu hosp,2026-02-21,quantile,0.1,68
2026-02-21,54,0,wk inc flu hosp,2026-02-21,quantile,0.15,77
2026-02-21,54,0,wk inc flu hosp,2026-02-21,quantile,0.2,81
2026-02-21,54,0,wk inc flu hosp,2026-02-21,quantile,0.25,85
2026-02-21,54,0,wk inc flu hosp,2026-02-21,quantile,0.3,92
2026-02-21,54,0,wk inc flu hosp,2026-02-21,quantile,0.35,96
2026-02-21,54,0,wk inc flu hosp,2026-02-21,quantile,0.4,100
2026-02-21,54,0,wk inc flu hosp,2026-02-21,quantile,0.45,104
2026-02-21,54,0,wk inc flu hosp,2026-02-21,quantile,0.5,109
2026-02-21,54,0,wk inc flu hosp,2026-02-21,quantile,0.55,114
2026-02-21,54,0,wk inc flu hosp,2026-02-21,quantile,0.6,118
2026-02-21,54,0,wk inc flu hosp,2026-02-21,quantile,0.65,124
2026-02-21,54,0,wk inc flu hosp,2026-02-21,quantile,0.7,126
2026-02-21,54,0,wk inc flu hosp,2026-02-21,quantile,0.75,132
2026-02-21,54,0,wk inc flu hosp,2026-02-21,quantile,0.8,139
2026-02-21,54,0,wk inc flu hosp,2026-02-21,quantile,0.85,148
2026-02-21,54,0,wk inc flu hosp,2026-02-21,quantile,0.9,163
2026-02-21,54,0,wk inc flu hosp,2026-02-21,quantile,0.95,178
2026-02-21,54,0,wk inc flu hosp,2026-02-21,quantile,0.975,194
2026-02-21,54,0,wk inc flu hosp,2026-02-21,quantile,0.99,211
2026-02-21,54,1,wk inc flu hosp,2026-02-28,quantile,0.01,21
2026-02-21,54,1,wk inc flu hosp,2026-02-28,quantile,0.025,27
2026-02-21,54,1,wk inc flu hosp,2026-02-28,quantile,0.05,38
2026-02-21,54,1,wk inc flu hosp,2026-02-28,quantile,0.1,49
2026-02-21,54,1,wk inc flu hosp,2026-02-28,quantile,0.15,56
2026-02-21,54,1,wk inc flu hosp,2026-02-28,quantile,0.2,63
2026-02-21,54,1,wk inc flu hosp,2026-02-28,quantile,0.25,69
2026-02-21,54,1,wk inc flu hosp,2026-02-28,quantile,0.3,74
2026-02-21,54,1,wk inc flu hosp,2026-02-28,quantile,0.35,79
2026-02-21,54,1,wk inc flu hosp,2026-02-28,quantile,0.4,83
2026-02-21,54,1,wk inc flu hosp,2026-02-28,quantile,0.45,88
2026-02-21,54,1,wk inc flu hosp,2026-02-28,quantile,0.5,92
2026-02-21,54,1,wk inc flu hosp,2026-02-28,quantile,0.55,101
2026-02-21,54,1,wk inc flu hosp,2026-02-28,quantile,0.6,106
2026-02-21,54,1,wk inc flu hosp,2026-02-28,quantile,0.65,113
2026-02-21,54,1,wk inc flu hosp,2026-02-28,quantile,0.7,119
2026-02-21,54,1,wk inc flu hosp,2026-02-28,quantile,0.75,128
2026-02-21,54,1,wk inc flu hosp,2026-02-28,quantile,0.8,135
2026-02-21,54,1,wk inc flu hosp,2026-02-28,quantile,0.85,147
2026-02-21,54,1,wk inc flu hosp,2026-02-28,quantile,0.9,162
2026-02-21,54,1,wk inc flu hosp,2026-02-28,quantile,0.95,179
2026-02-21,54,1,wk inc flu hosp,2026-02-28,quantile,0.975,206
2026-02-21,54,1,wk inc flu hosp,2026-02-28,quantile,0.99,229
2026-02-21,54,2,wk inc flu hosp,2026-03-07,quantile,0.01,11
2026-02-21,54,2,wk inc flu hosp,2026-03-07,quantile,0.025,17
2026-02-21,54,2,wk inc flu hosp,2026-03-07,quantile,0.05,26
2026-02-21,54,2,wk inc flu hosp,2026-03-07,quantile,0.1,35
2026-02-21,54,2,wk inc flu hosp,2026-03-07,quantile,0.15,44
2026-02-21,54,2,wk inc flu hosp,2026-03-07,quantile,0.2,50
2026-02-21,54,2,wk inc flu hosp,2026-03-07,quantile,0.25,54
2026-02-21,54,2,wk inc flu hosp,2026-03-07,quantile,0.3,58
2026-02-21,54,2,wk inc flu hosp,2026-03-07,quantile,0.35,63
2026-02-21,54,2,wk inc flu hosp,2026-03-07,quantile,0.4,68
2026-02-21,54,2,wk inc flu hosp,2026-03-07,quantile,0.45,72
2026-02-21,54,2,wk inc flu hosp,2026-03-07,quantile,0.5,80
2026-02-21,54,2,wk inc flu hosp,2026-03-07,quantile,0.55,84
2026-02-21,54,2,wk inc flu hosp,2026-03-07,quantile,0.6,89
2026-02-21,54,2,wk inc flu hosp,2026-03-07,quantile,0.65,98
2026-02-21,54,2,wk inc flu hosp,2026-03-07,quantile,0.7,103
2026-02-21,54,2,wk inc flu hosp,2026-03-07,quantile,0.75,112
2026-02-21,54,2,wk inc flu hosp,2026-03-07,quantile,0.8,123
2026-02-21,54,2,wk inc flu hosp,2026-03-07,quantile,0.85,134
2026-02-21,54,2,wk inc flu hosp,2026-03-07,quantile,0.9,148
2026-02-21,54,2,wk inc flu hosp,2026-03-07,quantile,0.95,181
2026-02-21,54,2,wk inc flu hosp,2026-03-07,quantile,0.975,210
2026-02-21,54,2,wk inc flu hosp,2026-03-07,quantile,0.99,244
2026-02-21,54,3,wk inc flu hosp,2026-03-14,quantile,0.01,6
2026-02-21,54,3,wk inc flu hosp,2026-03-14,quantile,0.025,8
2026-02-21,54,3,wk inc flu hosp,2026-03-14,quantile,0.05,12
2026-02-21,54,3,wk inc flu hosp,2026-03-14,quantile,0.1,23
2026-02-21,54,3,wk inc flu hosp,2026-03-14,quantile,0.15,31
2026-02-21,54,3,wk inc flu hosp,2026-03-14,quantile,0.2,38
2026-02-21,54,3,wk inc flu hosp,2026-03-14,quantile,0.25,43
2026-02-21,54,3,wk inc flu hosp,2026-03-14,quantile,0.3,47
2026-02-21,54,3,wk inc flu hosp,2026-03-14,quantile,0.35,51
2026-02-21,54,3,wk inc flu hosp,2026-03-14,quantile,0.4,55
2026-02-21,54,3,wk inc flu hosp,2026-03-14,quantile,0.45,60
2026-02-21,54,3,wk inc flu hosp,2026-03-14,quantile,0.5,67
2026-02-21,54,3,wk inc flu hosp,2026-03-14,quantile,0.55,72
2026-02-21,54,3,wk inc flu hosp,2026-03-14,quantile,0.6,78
2026-02-21,54,3,wk inc flu hosp,2026-03-14,quantile,0.65,84
2026-02-21,54,3,wk inc flu hosp,2026-03-14,quantile,0.7,91
2026-02-21,54,3,wk inc flu hosp,2026-03-14,quantile,0.75,103
2026-02-21,54,3,wk inc flu hosp,2026-03-14,quantile,0.8,114
2026-02-21,54,3,wk inc flu hosp,2026-03-14,quantile,0.85,124
2026-02-21,54,3,wk inc flu hosp,2026-03-14,quantile,0.9,146
2026-02-21,54,3,wk inc flu hosp,2026-03-14,quantile,0.95,187
2026-02-21,54,3,wk inc flu hosp,2026-03-14,quantile,0.975,217
2026-02-21,54,3,wk inc flu hosp,2026-03-14,quantile,0.99,257
2026-02-21,55,0,wk inc flu hosp,2026-02-21,quantile,0.01,84
2026-02-21,55,0,wk inc flu hosp,2026-02-21,quantile,0.025,102
2026-02-21,55,0,wk inc flu hosp,2026-02-21,quantile,0.05,119
2026-02-21,55,0,wk inc flu hosp,2026-02-21,quantile,0.1,142
2026-02-21,55,0,wk inc flu hosp,2026-02-21,quantile,0.15,162
2026-02-21,55,0,wk inc flu hosp,2026-02-21,quantile,0.2,174
2026-02-21,55,0,wk inc flu hosp,2026-02-21,quantile,0.25,184
2026-02-21,55,0,wk inc flu hosp,2026-02-21,quantile,0.3,195
2026-02-21,55,0,wk inc flu hosp,2026-02-21,quantile,0.35,202
2026-02-21,55,0,wk inc flu hosp,2026-02-21,quantile,0.4,212
2026-02-21,55,0,wk inc flu hosp,2026-02-21,quantile,0.45,218
2026-02-21,55,0,wk inc flu hosp,2026-02-21,quantile,0.5,230
2026-02-21,55,0,wk inc flu hosp,2026-02-21,quantile,0.55,241
2026-02-21,55,0,wk inc flu hosp,2026-02-21,quantile,0.6,250
2026-02-21,55,0,wk inc flu hosp,2026-02-21,quantile,0.65,258
2026-02-21,55,0,wk inc flu hosp,2026-02-21,quantile,0.7,263
2026-02-21,55,0,wk inc flu hosp,2026-02-21,quantile,0.75,275
2026-02-21,55,0,wk inc flu hosp,2026-02-21,quantile,0.8,288
2026-02-21,55,0,wk inc flu hosp,2026-02-21,quantile,0.85,311
2026-02-21,55,0,wk inc flu hosp,2026-02-21,quantile,0.9,334
2026-02-21,55,0,wk inc flu hosp,2026-02-21,quantile,0.95,359
2026-02-21,55,0,wk inc flu hosp,2026-02-21,quantile,0.975,394
2026-02-21,55,0,wk inc flu hosp,2026-02-21,quantile,0.99,434
2026-02-21,55,1,wk inc flu hosp,2026-02-28,quantile,0.01,50
2026-02-21,55,1,wk inc flu hosp,2026-02-28,quantile,0.025,64
2026-02-21,55,1,wk inc flu hosp,2026-02-28,quantile,0.05,84
2026-02-21,55,1,wk inc flu hosp,2026-02-28,quantile,0.1,107
2026-02-21,55,1,wk inc flu hosp,2026-02-28,quantile,0.15,124
2026-02-21,55,1,wk inc flu hosp,2026-02-28,quantile,0.2,139
2026-02-21,55,1,wk inc flu hosp,2026-02-28,quantile,0.25,151
2026-02-21,55,1,wk inc flu hosp,2026-02-28,quantile,0.3,161
2026-02-21,55,1,wk inc flu hosp,2026-02-28,quantile,0.35,172
2026-02-21,55,1,wk inc flu hosp,2026-02-28,quantile,0.4,182
2026-02-21,55,1,wk inc flu hosp,2026-02-28,quantile,0.45,191
2026-02-21,55,1,wk inc flu hosp,2026-02-28,quantile,0.5,204
2026-02-21,55,1,wk inc flu hosp,2026-02-28,quantile,0.55,225
2026-02-21,55,1,wk inc flu hosp,2026-02-28,quantile,0.6,232
2026-02-21,55,1,wk inc flu hosp,2026-02-28,quantile,0.65,248
2026-02-21,55,1,wk inc flu hosp,2026-02-28,quantile,0.7,261
2026-02-21,55,1,wk inc flu hosp,2026-02-28,quantile,0.75,268
2026-02-21,55,1,wk inc flu hosp,2026-02-28,quantile,0.8,289
2026-02-21,55,1,wk inc flu hosp,2026-02-28,quantile,0.85,314
2026-02-21,55,1,wk inc flu hosp,2026-02-28,quantile,0.9,340
2026-02-21,55,1,wk inc flu hosp,2026-02-28,quantile,0.95,394
2026-02-21,55,1,wk inc flu hosp,2026-02-28,quantile,0.975,443
2026-02-21,55,1,wk inc flu hosp,2026-02-28,quantile,0.99,488
2026-02-21,55,2,wk inc flu hosp,2026-03-07,quantile,0.01,26
2026-02-21,55,2,wk inc flu hosp,2026-03-07,quantile,0.025,42
2026-02-21,55,2,wk inc flu hosp,2026-03-07,quantile,0.05,53
2026-02-21,55,2,wk inc flu hosp,2026-03-07,quantile,0.1,75
2026-02-21,55,2,wk inc flu hosp,2026-03-07,quantile,0.15,89
2026-02-21,55,2,wk inc flu hosp,2026-03-07,quantile,0.2,105
2026-02-21,55,2,wk inc flu hosp,2026-03-07,quantile,0.25,115
2026-02-21,55,2,wk inc flu hosp,2026-03-07,quantile,0.3,127
2026-02-21,55,2,wk inc flu hosp,2026-03-07,quantile,0.35,141
2026-02-21,55,2,wk inc flu hosp,2026-03-07,quantile,0.4,151
2026-02-21,55,2,wk inc flu hosp,2026-03-07,quantile,0.45,165
2026-02-21,55,2,wk inc flu hosp,2026-03-07,quantile,0.5,178
2026-02-21,55,2,wk inc flu hosp,2026-03-07,quantile,0.55,195
2026-02-21,55,2,wk inc flu hosp,2026-03-07,quantile,0.6,212
2026-02-21,55,2,wk inc flu hosp,2026-03-07,quantile,0.65,228
2026-02-21,55,2,wk inc flu hosp,2026-03-07,quantile,0.7,247
2026-02-21,55,2,wk inc flu hosp,2026-03-07,quantile,0.75,263
2026-02-21,55,2,wk inc flu hosp,2026-03-07,quantile,0.8,276
2026-02-21,55,2,wk inc flu hosp,2026-03-07,quantile,0.85,302
2026-02-21,55,2,wk inc flu hosp,2026-03-07,quantile,0.9,352
2026-02-21,55,2,wk inc flu hosp,2026-03-07,quantile,0.95,422
2026-02-21,55,2,wk inc flu hosp,2026-03-07,quantile,0.975,471
2026-02-21,55,2,wk inc flu hosp,2026-03-07,quantile,0.99,532
2026-02-21,55,3,wk inc flu hosp,2026-03-14,quantile,0.01,15
2026-02-21,55,3,wk inc flu hosp,2026-03-14,quantile,0.025,20
2026-02-21,55,3,wk inc flu hosp,2026-03-14,quantile,0.05,29
2026-02-21,55,3,wk inc flu hosp,2026-03-14,quantile,0.1,50
2026-02-21,55,3,wk inc flu hosp,2026-03-14,quantile,0.15,66
2026-02-21,55,3,wk inc flu hosp,2026-03-14,quantile,0.2,80
2026-02-21,55,3,wk inc flu hosp,2026-03-14,quantile,0.25,92
2026-02-21,55,3,wk inc flu hosp,2026-03-14,quantile,0.3,102
2026-02-21,55,3,wk inc flu hosp,2026-03-14,quantile,0.35,114
2026-02-21,55,3,wk inc flu hosp,2026-03-14,quantile,0.4,121
2026-02-21,55,3,wk inc flu hosp,2026-03-14,quantile,0.45,131
2026-02-21,55,3,wk inc flu hosp,2026-03-14,quantile,0.5,147
2026-02-21,55,3,wk inc flu hosp,2026-03-14,quantile,0.55,167
2026-02-21,55,3,wk inc flu hosp,2026-03-14,quantile,0.6,177
2026-02-21,55,3,wk inc flu hosp,2026-03-14,quantile,0.65,189
2026-02-21,55,3,wk inc flu hosp,2026-03-14,quantile,0.7,208
2026-02-21,55,3,wk inc flu hosp,2026-03-14,quantile,0.75,226
2026-02-21,55,3,wk inc flu hosp,2026-03-14,quantile,0.8,258
2026-02-21,55,3,wk inc flu hosp,2026-03-14,quantile,0.85,300
2026-02-21,55,3,wk inc flu hosp,2026-03-14,quantile,0.9,339
2026-02-21,55,3,wk inc flu hosp,2026-03-14,quantile,0.95,418
2026-02-21,55,3,wk inc flu hosp,2026-03-14,quantile,0.975,482
2026-02-21,55,3,wk inc flu hosp,2026-03-14,quantile,0.99,540
2026-02-21,56,0,wk inc flu hosp,2026-02-21,quantile,0.01,5
2026-02-21,56,0,wk inc flu hosp,2026-02-21,quantile,0.025,7
2026-02-21,56,0,wk inc flu hosp,2026-02-21,quantile,0.05,10
2026-02-21,56,0,wk inc flu hosp,2026-02-21,quantile,0.1,13
2026-02-21,56,0,wk inc flu hosp,2026-02-21,quantile,0.15,14
2026-02-21,56,0,wk inc flu hosp,2026-02-21,quantile,0.2,16
2026-02-21,56,0,wk inc flu hosp,2026-02-21,quantile,0.25,17
2026-02-21,56,0,wk inc flu hosp,2026-02-21,quantile,0.3,20
2026-02-21,56,0,wk inc flu hosp,2026-02-21,quantile,0.35,21
2026-02-21,56,0,wk inc flu hosp,2026-02-21,quantile,0.4,22
2026-02-21,56,0,wk inc flu hosp,2026-02-21,quantile,0.45,24
2026-02-21,56,0,wk inc flu hosp,2026-02-21,quantile,0.5,27
2026-02-21,56,0,wk inc flu hosp,2026-02-21,quantile,0.55,28
2026-02-21,56,0,wk inc flu hosp,2026-02-21,quantile,0.6,29
2026-02-21,56,0,wk inc flu hosp,2026-02-21,quantile,0.65,30
2026-02-21,56,0,wk inc flu hosp,2026-02-21,quantile,0.7,32
2026-02-21,56,0,wk inc flu hosp,2026-02-21,quantile,0.75,34
2026-02-21,56,0,wk inc flu hosp,2026-02-21,quantile,0.8,36
2026-02-21,56,0,wk inc flu hosp,2026-02-21,quantile,0.85,38
2026-02-21,56,0,wk inc flu hosp,2026-02-21,quantile,0.9,42
2026-02-21,56,0,wk inc flu hosp,2026-02-21,quantile,0.95,47
2026-02-21,56,0,wk inc flu hosp,2026-02-21,quantile,0.975,52
2026-02-21,56,0,wk inc flu hosp,2026-02-21,quantile,0.99,56
2026-02-21,56,1,wk inc flu hosp,2026-02-28,quantile,0.01,3
2026-02-21,56,1,wk inc flu hosp,2026-02-28,quantile,0.025,5
2026-02-21,56,1,wk inc flu hosp,2026-02-28,quantile,0.05,6
2026-02-21,56,1,wk inc flu hosp,2026-02-28,quantile,0.1,9
2026-02-21,56,1,wk inc flu hosp,2026-02-28,quantile,0.15,11
2026-02-21,56,1,wk inc flu hosp,2026-02-28,quantile,0.2,14
2026-02-21,56,1,wk inc flu hosp,2026-02-28,quantile,0.25,15
2026-02-21,56,1,wk inc flu hosp,2026-02-28,quantile,0.3,17
2026-02-21,56,1,wk inc flu hosp,2026-02-28,quantile,0.35,18
2026-02-21,56,1,wk inc flu hosp,2026-02-28,quantile,0.4,20
2026-02-21,56,1,wk inc flu hosp,2026-02-28,quantile,0.45,21
2026-02-21,56,1,wk inc flu hosp,2026-02-28,quantile,0.5,24
2026-02-21,56,1,wk inc flu hosp,2026-02-28,quantile,0.55,26
2026-02-21,56,1,wk inc flu hosp,2026-02-28,quantile,0.6,27
2026-02-21,56,1,wk inc flu hosp,2026-02-28,quantile,0.65,29
2026-02-21,56,1,wk inc flu hosp,2026-02-28,quantile,0.7,31
2026-02-21,56,1,wk inc flu hosp,2026-02-28,quantile,0.75,33
2026-02-21,56,1,wk inc flu hosp,2026-02-28,quantile,0.8,35
2026-02-21,56,1,wk inc flu hosp,2026-02-28,quantile,0.85,39
2026-02-21,56,1,wk inc flu hosp,2026-02-28,quantile,0.9,44
2026-02-21,56,1,wk inc flu hosp,2026-02-28,quantile,0.95,50
2026-02-21,56,1,wk inc flu hosp,2026-02-28,quantile,0.975,57
2026-02-21,56,1,wk inc flu hosp,2026-02-28,quantile,0.99,66
2026-02-21,56,2,wk inc flu hosp,2026-03-07,quantile,0.01,1
2026-02-21,56,2,wk inc flu hosp,2026-03-07,quantile,0.025,2
2026-02-21,56,2,wk inc flu hosp,2026-03-07,quantile,0.05,5
2026-02-21,56,2,wk inc flu hosp,2026-03-07,quantile,0.1,7
2026-02-21,56,2,wk inc flu hosp,2026-03-07,quantile,0.15,9
2026-02-21,56,2,wk inc flu hosp,2026-03-07,quantile,0.2,11
2026-02-21,56,2,wk inc flu hosp,2026-03-07,quantile,0.25,12
2026-02-21,56,2,wk inc flu hosp,2026-03-07,quantile,0.3,14
2026-02-21,56,2,wk inc flu hosp,2026-03-07,quantile,0.35,16
2026-02-21,56,2,wk inc flu hosp,2026-03-07,quantile,0.4,17
2026-02-21,56,2,wk inc flu hosp,2026-03-07,quantile,0.45,19
2026-02-21,56,2,wk inc flu hosp,2026-03-07,quantile,0.5,22
2026-02-21,56,2,wk inc flu hosp,2026-03-07,quantile,0.55,24
2026-02-21,56,2,wk inc flu hosp,2026-03-07,quantile,0.6,26
2026-02-21,56,2,wk inc flu hosp,2026-03-07,quantile,0.65,28
2026-02-21,56,2,wk inc flu hosp,2026-03-07,quantile,0.7,30
2026-02-21,56,2,wk inc flu hosp,2026-03-07,quantile,0.75,33
2026-02-21,56,2,wk inc flu hosp,2026-03-07,quantile,0.8,36
2026-02-21,56,2,wk inc flu hosp,2026-03-07,quantile,0.85,39
2026-02-21,56,2,wk inc flu hosp,2026-03-07,quantile,0.9,45
2026-02-21,56,2,wk inc flu hosp,2026-03-07,quantile,0.95,57
2026-02-21,56,2,wk inc flu hosp,2026-03-07,quantile,0.975,62
2026-02-21,56,2,wk inc flu hosp,2026-03-07,quantile,0.99,71
2026-02-21,56,3,wk inc flu hosp,2026-03-14,quantile,0.01,1
2026-02-21,56,3,wk inc flu hosp,2026-03-14,quantile,0.025,1
2026-02-21,56,3,wk inc flu hosp,2026-03-14,quantile,0.05,3
2026-02-21,56,3,wk inc flu hosp,2026-03-14,quantile,0.1,6
2026-02-21,56,3,wk inc flu hosp,2026-03-14,quantile,0.15,7
2026-02-21,56,3,wk inc flu hosp,2026-03-14,quantile,0.2,9
2026-02-21,56,3,wk inc flu hosp,2026-03-14,quantile,0.25,11
2026-02-21,56,3,wk inc flu hosp,2026-03-14,quantile,0.3,13
2026-02-21,56,3,wk inc flu hosp,2026-03-14,quantile,0.35,14
2026-02-21,56,3,wk inc flu hosp,2026-03-14,quantile,0.4,16
2026-02-21,56,3,wk inc flu hosp,2026-03-14,quantile,0.45,17
2026-02-21,56,3,wk inc flu hosp,2026-03-14,quantile,0.5,20
2026-02-21,56,3,wk inc flu hosp,2026-03-14,quantile,0.55,21
2026-02-21,56,3,wk inc flu hosp,2026-03-14,quantile,0.6,23
2026-02-21,56,3,wk inc flu hosp,2026-03-14,quantile,0.65,25
2026-02-21,56,3,wk inc flu hosp,2026-03-14,quantile,0.7,28
2026-02-21,56,3,wk inc flu hosp,2026-03-14,quantile,0.75,30
2026-02-21,56,3,wk inc flu hosp,2026-03-14,quantile,0.8,33
2026-02-21,56,3,wk inc flu hosp,2026-03-14,quantile,0.85,38
2026-02-21,56,3,wk inc flu hosp,2026-03-14,quantile,0.9,44
2026-02-21,56,3,wk inc flu hosp,2026-03-14,quantile,0.95,55
2026-02-21,56,3,wk inc flu hosp,2026-03-14,quantile,0.975,61
2026-02-21,56,3,wk inc flu hosp,2026-03-14,quantile,0.99,72
2026-02-21,72,0,wk inc flu hosp,2026-02-21,quantile,0.01,53
2026-02-21,72,0,wk inc flu hosp,2026-02-21,quantile,0.025,62
2026-02-21,72,0,wk inc flu hosp,2026-02-21,quantile,0.05,72
2026-02-21,72,0,wk inc flu hosp,2026-02-21,quantile,0.1,85
2026-02-21,72,0,wk inc flu hosp,2026-02-21,quantile,0.15,93
2026-02-21,72,0,wk inc flu hosp,2026-02-21,quantile,0.2,99
2026-02-21,72,0,wk inc flu hosp,2026-02-21,quantile,0.25,104
2026-02-21,72,0,wk inc flu hosp,2026-02-21,quantile,0.3,108
2026-02-21,72,0,wk inc flu hosp,2026-02-21,quantile,0.35,113
2026-02-21,72,0,wk inc flu hosp,2026-02-21,quantile,0.4,119
2026-02-21,72,0,wk inc flu hosp,2026-02-21,quantile,0.45,124
2026-02-21,72,0,wk inc flu hosp,2026-02-21,quantile,0.5,130
2026-02-21,72,0,wk inc flu hosp,2026-02-21,quantile,0.55,137
2026-02-21,72,0,wk inc flu hosp,2026-02-21,quantile,0.6,141
2026-02-21,72,0,wk inc flu hosp,2026-02-21,quantile,0.65,145
2026-02-21,72,0,wk inc flu hosp,2026-02-21,quantile,0.7,154
2026-02-21,72,0,wk inc flu hosp,2026-02-21,quantile,0.75,163
2026-02-21,72,0,wk inc flu hosp,2026-02-21,quantile,0.8,170
2026-02-21,72,0,wk inc flu hosp,2026-02-21,quantile,0.85,182
2026-02-21,72,0,wk inc flu hosp,2026-02-21,quantile,0.9,191
2026-02-21,72,0,wk inc flu hosp,2026-02-21,quantile,0.95,214
2026-02-21,72,0,wk inc flu hosp,2026-02-21,quantile,0.975,227
2026-02-21,72,0,wk inc flu hosp,2026-02-21,quantile,0.99,253
2026-02-21,72,1,wk inc flu hosp,2026-02-28,quantile,0.01,39
2026-02-21,72,1,wk inc flu hosp,2026-02-28,quantile,0.025,47
2026-02-21,72,1,wk inc flu hosp,2026-02-28,quantile,0.05,57
2026-02-21,72,1,wk inc flu hosp,2026-02-28,quantile,0.1,68
2026-02-21,72,1,wk inc flu hosp,2026-02-28,quantile,0.15,76
2026-02-21,72,1,wk inc flu hosp,2026-02-28,quantile,0.2,83
2026-02-21,72,1,wk inc flu hosp,2026-02-28,quantile,0.25,90
2026-02-21,72,1,wk inc flu hosp,2026-02-28,quantile,0.3,99
2026-02-21,72,1,wk inc flu hosp,2026-02-28,quantile,0.35,103
2026-02-21,72,1,wk inc flu hosp,2026-02-28,quantile,0.4,109
2026-02-21,72,1,wk inc flu hosp,2026-02-28,quantile,0.45,115
2026-02-21,72,1,wk inc flu hosp,2026-02-28,quantile,0.5,121
2026-02-21,72,1,wk inc flu hosp,2026-02-28,quantile,0.55,126
2026-02-21,72,1,wk inc flu hosp,2026-02-28,quantile,0.6,133
2026-02-21,72,1,wk inc flu hosp,2026-02-28,quantile,0.65,139
2026-02-21,72,1,wk inc flu hosp,2026-02-28,quantile,0.7,145
2026-02-21,72,1,wk inc flu hosp,2026-02-28,quantile,0.75,154
2026-02-21,72,1,wk inc flu hosp,2026-02-28,quantile,0.8,166
2026-02-21,72,1,wk inc flu hosp,2026-02-28,quantile,0.85,183
2026-02-21,72,1,wk inc flu hosp,2026-02-28,quantile,0.9,203
2026-02-21,72,1,wk inc flu hosp,2026-02-28,quantile,0.95,239
2026-02-21,72,1,wk inc flu hosp,2026-02-28,quantile,0.975,253
2026-02-21,72,1,wk inc flu hosp,2026-02-28,quantile,0.99,294
2026-02-21,72,2,wk inc flu hosp,2026-03-07,quantile,0.01,28
2026-02-21,72,2,wk inc flu hosp,2026-03-07,quantile,0.025,38
2026-02-21,72,2,wk inc flu hosp,2026-03-07,quantile,0.05,47
2026-02-21,72,2,wk inc flu hosp,2026-03-07,quantile,0.1,59
2026-02-21,72,2,wk inc flu hosp,2026-03-07,quantile,0.15,68
2026-02-21,72,2,wk inc flu hosp,2026-03-07,quantile,0.2,75
2026-02-21,72,2,wk inc flu hosp,2026-03-07,quantile,0.25,80
2026-02-21,72,2,wk inc flu hosp,2026-03-07,quantile,0.3,85
2026-02-21,72,2,wk inc flu hosp,2026-03-07,quantile,0.35,96
2026-02-21,72,2,wk inc flu hosp,2026-03-07,quantile,0.4,102
2026-02-21,72,2,wk inc flu hosp,2026-03-07,quantile,0.45,107
2026-02-21,72,2,wk inc flu hosp,2026-03-07,quantile,0.5,112
2026-02-21,72,2,wk inc flu hosp,2026-03-07,quantile,0.55,121
2026-02-21,72,2,wk inc flu hosp,2026-03-07,quantile,0.6,125
2026-02-21,72,2,wk inc flu hosp,2026-03-07,quantile,0.65,131
2026-02-21,72,2,wk inc flu hosp,2026-03-07,quantile,0.7,144
2026-02-21,72,2,wk inc flu hosp,2026-03-07,quantile,0.75,152
2026-02-21,72,2,wk inc flu hosp,2026-03-07,quantile,0.8,166
2026-02-21,72,2,wk inc flu hosp,2026-03-07,quantile,0.85,188
2026-02-21,72,2,wk inc flu hosp,2026-03-07,quantile,0.9,210
2026-02-21,72,2,wk inc flu hosp,2026-03-07,quantile,0.95,237
2026-02-21,72,2,wk inc flu hosp,2026-03-07,quantile,0.975,280
2026-02-21,72,2,wk inc flu hosp,2026-03-07,quantile,0.99,329
2026-02-21,72,3,wk inc flu hosp,2026-03-14,quantile,0.01,21
2026-02-21,72,3,wk inc flu hosp,2026-03-14,quantile,0.025,32
2026-02-21,72,3,wk inc flu hosp,2026-03-14,quantile,0.05,37
2026-02-21,72,3,wk inc flu hosp,2026-03-14,quantile,0.1,49
2026-02-21,72,3,wk inc flu hosp,2026-03-14,quantile,0.15,62
2026-02-21,72,3,wk inc flu hosp,2026-03-14,quantile,0.2,70
2026-02-21,72,3,wk inc flu hosp,2026-03-14,quantile,0.25,77
2026-02-21,72,3,wk inc flu hosp,2026-03-14,quantile,0.3,80
2026-02-21,72,3,wk inc flu hosp,2026-03-14,quantile,0.35,86
2026-02-21,72,3,wk inc flu hosp,2026-03-14,quantile,0.4,93
2026-02-21,72,3,wk inc flu hosp,2026-03-14,quantile,0.45,98
2026-02-21,72,3,wk inc flu hosp,2026-03-14,quantile,0.5,106
2026-02-21,72,3,wk inc flu hosp,2026-03-14,quantile,0.55,114
2026-02-21,72,3,wk inc flu hosp,2026-03-14,quantile,0.6,119
2026-02-21,72,3,wk inc flu hosp,2026-03-14,quantile,0.65,127
2026-02-21,72,3,wk inc flu hosp,2026-03-14,quantile,0.7,149
2026-02-21,72,3,wk inc flu hosp,2026-03-14,quantile,0.75,158
2026-02-21,72,3,wk inc flu hosp,2026-03-14,quantile,0.8,169
2026-02-21,72,3,wk inc flu hosp,2026-03-14,quantile,0.85,187
2026-02-21,72,3,wk inc flu hosp,2026-03-14,quantile,0.9,215
2026-02-21,72,3,wk inc flu hosp,2026-03-14,quantile,0.95,254
2026-02-21,72,3,wk inc flu hosp,2026-03-14,quantile,0.975,285
2026-02-21,72,3,wk inc flu hosp,2026-03-14,quantile,0.99,336
2026-02-21,US,0,wk inc flu hosp,2026-02-21,quantile,0.01,6958
2026-02-21,US,0,wk inc flu hosp,2026-02-21,quantile,0.025,8096
2026-02-21,US,0,wk inc flu hosp,2026-02-21,quantile,0.05,8828
2026-02-21,US,0,wk inc flu hosp,2026-02-21,quantile,0.1,10013
2026-02-21,US,0,wk inc flu hosp,2026-02-21,quantile,0.15,10674
2026-02-21,US,0,wk inc flu hosp,2026-02-21,quantile,0.2,11196
2026-02-21,US,0,wk inc flu hosp,2026-02-21,quantile,0.25,11613
2026-02-21,US,0,wk inc flu hosp,2026-02-21,quantile,0.3,11968
2026-02-21,US,0,wk inc flu hosp,2026-02-21,quantile,0.35,12319
2026-02-21,US,0,wk inc flu hosp,2026-02-21,quantile,0.4,12615
2026-02-21,US,0,wk inc flu hosp,2026-02-21,quantile,0.45,12977
2026-02-21,US,0,wk inc flu hosp,2026-02-21,quantile,0.5,13502
2026-02-21,US,0,wk inc flu hosp,2026-02-21,quantile,0.55,13858
2026-02-21,US,0,wk inc flu hosp,2026-02-21,quantile,0.6,14195
2026-02-21,US,0,wk inc flu hosp,2026-02-21,quantile,0.65,14562
2026-02-21,US,0,wk inc flu hosp,2026-02-21,quantile,0.7,15016
2026-02-21,US,0,wk inc flu hosp,2026-02-21,quantile,0.75,15490
2026-02-21,US,0,wk inc flu hosp,2026-02-21,quantile,0.8,16099
2026-02-21,US,0,wk inc flu hosp,2026-02-21,quantile,0.85,16710
2026-02-21,US,0,wk inc flu hosp,2026-02-21,quantile,0.9,17403
2026-02-21,US,0,wk inc flu hosp,2026-02-21,quantile,0.95,18664
2026-02-21,US,0,wk inc flu hosp,2026-02-21,quantile,0.975,19555
2026-02-21,US,0,wk inc flu hosp,2026-02-21,quantile,0.99,20844
2026-02-21,US,1,wk inc flu hosp,2026-02-28,quantile,0.01,4548
2026-02-21,US,1,wk inc flu hosp,2026-02-28,quantile,0.025,5315
2026-02-21,US,1,wk inc flu hosp,2026-02-28,quantile,0.05,6223
2026-02-21,US,1,wk inc flu hosp,2026-02-28,quantile,0.1,7399
2026-02-21,US,1,wk inc flu hosp,2026-02-28,quantile,0.15,8466
2026-02-21,US,1,wk inc flu hosp,2026-02-28,quantile,0.2,9115
2026-02-21,US,1,wk inc flu hosp,2026-02-28,quantile,0.25,9540
2026-02-21,US,1,wk inc flu hosp,2026-02-28,quantile,0.3,10317
2026-02-21,US,1,wk inc flu hosp,2026-02-28,quantile,0.35,10745
2026-02-21,US,1,wk inc flu hosp,2026-02-28,quantile,0.4,11149
2026-02-21,US,1,wk inc flu hosp,2026-02-28,quantile,0.45,11641
2026-02-21,US,1,wk inc flu hosp,2026-02-28,quantile,0.5,12349
2026-02-21,US,1,wk inc flu hosp,2026-02-28,quantile,0.55,12643
2026-02-21,US,1,wk inc flu hosp,2026-02-28,quantile,0.6,13004
2026-02-21,US,1,wk inc flu hosp,2026-02-28,quantile,0.65,13741
2026-02-21,US,1,wk inc flu hosp,2026-02-28,quantile,0.7,14300
2026-02-21,US,1,wk inc flu hosp,2026-02-28,quantile,0.75,15029
2026-02-21,US,1,wk inc flu hosp,2026-02-28,quantile,0.8,15687
2026-02-21,US,1,wk inc flu hosp,2026-02-28,quantile,0.85,16406
2026-02-21,US,1,wk inc flu hosp,2026-02-28,quantile,0.9,17551
2026-02-21,US,1,wk inc flu hosp,2026-02-28,quantile,0.95,19530
2026-02-21,US,1,wk inc flu hosp,2026-02-28,quantile,0.975,21120
2026-02-21,US,1,wk inc flu hosp,2026-02-28,quantile,0.99,23793
2026-02-21,US,2,wk inc flu hosp,2026-03-07,quantile,0.01,3168
2026-02-21,US,2,wk inc flu hosp,2026-03-07,quantile,0.025,3732
2026-02-21,US,2,wk inc flu hosp,2026-03-07,quantile,0.05,4737
2026-02-21,US,2,wk inc flu hosp,2026-03-07,quantile,0.1,5966
2026-02-21,US,2,wk inc flu hosp,2026-03-07,quantile,0.15,7002
2026-02-21,US,2,wk inc flu hosp,2026-03-07,quantile,0.2,7558
2026-02-21,US,2,wk inc flu hosp,2026-03-07,quantile,0.25,8080
2026-02-21,US,2,wk inc flu hosp,2026-03-07,quantile,0.3,8701
2026-02-21,US,2,wk inc flu hosp,2026-03-07,quantile,0.35,9382
2026-02-21,US,2,wk inc flu hosp,2026-03-07,quantile,0.4,9591
2026-02-21,US,2,wk inc flu hosp,2026-03-07,quantile,0.45,10062
2026-02-21,US,2,wk inc flu hosp,2026-03-07,quantile,0.5,10443
2026-02-21,US,2,wk inc flu hosp,2026-03-07,quantile,0.55,10966
2026-02-21,US,2,wk inc flu hosp,2026-03-07,quantile,0.6,11626
2026-02-21,US,2,wk inc flu hosp,2026-03-07,quantile,0.65,12410
2026-02-21,US,2,wk inc flu hosp,2026-03-07,quantile,0.7,13035
2026-02-21,US,2,wk inc flu hosp,2026-03-07,quantile,0.75,13758
2026-02-21,US,2,wk inc flu hosp,2026-03-07,quantile,0.8,14607
2026-02-21,US,2,wk inc flu hosp,2026-03-07,quantile,0.85,15306
2026-02-21,US,2,wk inc flu hosp,2026-03-07,quantile,0.9,16795
2026-02-21,US,2,wk inc flu hosp,2026-03-07,quantile,0.95,19290
2026-02-21,US,2,wk inc flu hosp,2026-03-07,quantile,0.975,21957
2026-02-21,US,2,wk inc flu hosp,2026-03-07,quantile,0.99,24558
2026-02-21,US,3,wk inc flu hosp,2026-03-14,quantile,0.01,2015
2026-02-21,US,3,wk inc flu hosp,2026-03-14,quantile,0.025,2475
2026-02-21,US,3,wk inc flu hosp,2026-03-14,quantile,0.05,3376
2026-02-21,US,3,wk inc flu hosp,2026-03-14,quantile,0.1,4648
2026-02-21,US,3,wk inc flu hosp,2026-03-14,quantile,0.15,5456
2026-02-21,US,3,wk inc flu hosp,2026-03-14,quantile,0.2,6057
2026-02-21,US,3,wk inc flu hosp,2026-03-14,quantile,0.25,6612
2026-02-21,US,3,wk inc flu hosp,2026-03-14,quantile,0.3,6988
2026-02-21,US,3,wk inc flu hosp,2026-03-14,quantile,0.35,7745
2026-02-21,US,3,wk inc flu hosp,2026-03-14,quantile,0.4,8175
2026-02-21,US,3,wk inc flu hosp,2026-03-14,quantile,0.45,8601
2026-02-21,US,3,wk inc flu hosp,2026-03-14,quantile,0.5,9133
2026-02-21,US,3,wk inc flu hosp,2026-03-14,quantile,0.55,9716
2026-02-21,US,3,wk inc flu hosp,2026-03-14,quantile,0.6,10282
2026-02-21,US,3,wk inc flu hosp,2026-03-14,quantile,0.65,10942
2026-02-21,US,3,wk inc flu hosp,2026-03-14,quantile,0.7,11553
2026-02-21,US,3,wk inc flu hosp,2026-03-14,quantile,0.75,12365
2026-02-21,US,3,wk inc flu hosp,2026-03-14,quantile,0.8,13555
2026-02-21,US,3,wk inc flu hosp,2026-03-14,quantile,0.85,14652
2026-02-21,US,3,wk inc flu hosp,2026-03-14,quantile,0.9,16135
2026-02-21,US,3,wk inc flu hosp,2026-03-14,quantile,0.95,19162
2026-02-21,US,3,wk inc flu hosp,2026-03-14,quantile,0.975,21608
2026-02-21,US,3,wk inc flu hosp,2026-03-14,quantile,0.99,24564
