reference_date,location,horizon,target,target_end_date,output_type,output_type_id,value
2026-02-14,01,0,wk inc flu hosp,2026-02-14,quantile,0.01,157
2026-02-14,01,0,wk inc flu hosp,2026-02-14,quantile,0.025,180
2026-02-14,01,0,wk inc flu hosp,2026-02-14,quantile,0.05,202
2026-02-14,01,0,wk inc flu hosp,2026-02-14,quantile,0.1,223
2026-02-14,01,0,wk inc flu hosp,2026-02-14,quantile,0.15,246
2026-02-14,01,0,wk inc flu hosp,2026-02-14,quantile,0.2,266
2026-02-14,01,0,wk inc flu hosp,2026-02-14,quantile,0.25,284
2026-02-14,01,0,wk inc flu hosp,2026-02-14,quantile,0.3,298
2026-02-14,01,0,wk inc flu hosp,2026-02-14,quantile,0.35,308
2026-02-14,01,0,wk inc flu hosp,2026-02-14,quantile,0.4,318
2026-02-14,01,0,wk inc flu hosp,2026-02-14,quantile,0.45,328
2026-02-14,01,0,wk inc flu hosp,2026-02-14,quantile,0.5,337
2026-02-14,01,0,wk inc flu hosp,2026-02-14,quantile,0.55,349
2026-02-14,01,0,wk inc flu hosp,2026-02-14,quantile,0.6,362
2026-02-14,01,0,wk inc flu hosp,2026-02-14,quantile,0.65,369
2026-02-14,01,0,wk inc flu hosp,2026-02-14,quantile,0.7,379
2026-02-14,01,0,wk inc flu hosp,2026-02-14,quantile,0.75,393
2026-02-14,01,0,wk inc flu hosp,2026-02-14,quantile,0.8,413
2026-02-14,01,0,wk inc flu hosp,2026-02-14,quantile,0.85,435
2026-02-14,01,0,wk inc flu hosp,2026-02-14,quantile,0.9,449
2026-02-14,01,0,wk inc flu hosp,2026-02-14,quantile,0.95,470
2026-02-14,01,0,wk inc flu hosp,2026-02-14,quantile,0.975,505
2026-02-14,01,0,wk inc flu hosp,2026-02-14,quantile,0.99,539
2026-02-14,01,1,wk inc flu hosp,2026-02-21,quantile,0.01,107
2026-02-14,01,1,wk inc flu hosp,2026-02-21,quantile,0.025,126
2026-02-14,01,1,wk inc flu hosp,2026-02-21,quantile,0.05,145
2026-02-14,01,1,wk inc flu hosp,2026-02-21,quantile,0.1,174
2026-02-14,01,1,wk inc flu hosp,2026-02-21,quantile,0.15,199
2026-02-14,01,1,wk inc flu hosp,2026-02-21,quantile,0.2,215
2026-02-14,01,1,wk inc flu hosp,2026-02-21,quantile,0.25,233
2026-02-14,01,1,wk inc flu hosp,2026-02-21,quantile,0.3,249
2026-02-14,01,1,wk inc flu hosp,2026-02-21,quantile,0.35,265
2026-02-14,01,1,wk inc flu hosp,2026-02-21,quantile,0.4,284
2026-02-14,01,1,wk inc flu hosp,2026-02-21,quantile,0.45,304
2026-02-14,01,1,wk inc flu hosp,2026-02-21,quantile,0.5,319
2026-02-14,01,1,wk inc flu hosp,2026-02-21,quantile,0.55,332
2026-02-14,01,1,wk inc flu hosp,2026-02-21,quantile,0.6,345
2026-02-14,01,1,wk inc flu hosp,2026-02-21,quantile,0.65,366
2026-02-14,01,1,wk inc flu hosp,2026-02-21,quantile,0.7,376
2026-02-14,01,1,wk inc flu hosp,2026-02-21,quantile,0.75,395
2026-02-14,01,1,wk inc flu hosp,2026-02-21,quantile,0.8,422
2026-02-14,01,1,wk inc flu hosp,2026-02-21,quantile,0.85,446
2026-02-14,01,1,wk inc flu hosp,2026-02-21,quantile,0.9,474
2026-02-14,01,1,wk inc flu hosp,2026-02-21,quantile,0.95,528
2026-02-14,01,1,wk inc flu hosp,2026-02-21,quantile,0.975,565
2026-02-14,01,1,wk inc flu hosp,2026-02-21,quantile,0.99,617
2026-02-14,01,2,wk inc flu hosp,2026-02-28,quantile,0.01,70
2026-02-14,01,2,wk inc flu hosp,2026-02-28,quantile,0.025,86
2026-02-14,01,2,wk inc flu hosp,2026-02-28,quantile,0.05,112
2026-02-14,01,2,wk inc flu hosp,2026-02-28,quantile,0.1,140
2026-02-14,01,2,wk inc flu hosp,2026-02-28,quantile,0.15,159
2026-02-14,01,2,wk inc flu hosp,2026-02-28,quantile,0.2,192
2026-02-14,01,2,wk inc flu hosp,2026-02-28,quantile,0.25,198
2026-02-14,01,2,wk inc flu hosp,2026-02-28,quantile,0.3,221
2026-02-14,01,2,wk inc flu hosp,2026-02-28,quantile,0.35,242
2026-02-14,01,2,wk inc flu hosp,2026-02-28,quantile,0.4,257
2026-02-14,01,2,wk inc flu hosp,2026-02-28,quantile,0.45,277
2026-02-14,01,2,wk inc flu hosp,2026-02-28,quantile,0.5,297
2026-02-14,01,2,wk inc flu hosp,2026-02-28,quantile,0.55,315
2026-02-14,01,2,wk inc flu hosp,2026-02-28,quantile,0.6,328
2026-02-14,01,2,wk inc flu hosp,2026-02-28,quantile,0.65,341
2026-02-14,01,2,wk inc flu hosp,2026-02-28,quantile,0.7,356
2026-02-14,01,2,wk inc flu hosp,2026-02-28,quantile,0.75,380
2026-02-14,01,2,wk inc flu hosp,2026-02-28,quantile,0.8,406
2026-02-14,01,2,wk inc flu hosp,2026-02-28,quantile,0.85,431
2026-02-14,01,2,wk inc flu hosp,2026-02-28,quantile,0.9,467
2026-02-14,01,2,wk inc flu hosp,2026-02-28,quantile,0.95,517
2026-02-14,01,2,wk inc flu hosp,2026-02-28,quantile,0.975,573
2026-02-14,01,2,wk inc flu hosp,2026-02-28,quantile,0.99,636
2026-02-14,01,3,wk inc flu hosp,2026-03-07,quantile,0.01,50
2026-02-14,01,3,wk inc flu hosp,2026-03-07,quantile,0.025,66
2026-02-14,01,3,wk inc flu hosp,2026-03-07,quantile,0.05,93
2026-02-14,01,3,wk inc flu hosp,2026-03-07,quantile,0.1,112
2026-02-14,01,3,wk inc flu hosp,2026-03-07,quantile,0.15,134
2026-02-14,01,3,wk inc flu hosp,2026-03-07,quantile,0.2,158
2026-02-14,01,3,wk inc flu hosp,2026-03-07,quantile,0.25,166
2026-02-14,01,3,wk inc flu hosp,2026-03-07,quantile,0.3,192
2026-02-14,01,3,wk inc flu hosp,2026-03-07,quantile,0.35,218
2026-02-14,01,3,wk inc flu hosp,2026-03-07,quantile,0.4,240
2026-02-14,01,3,wk inc flu hosp,2026-03-07,quantile,0.45,254
2026-02-14,01,3,wk inc flu hosp,2026-03-07,quantile,0.5,270
2026-02-14,01,3,wk inc flu hosp,2026-03-07,quantile,0.55,284
2026-02-14,01,3,wk inc flu hosp,2026-03-07,quantile,0.6,301
2026-02-14,01,3,wk inc flu hosp,2026-03-07,quantile,0.65,319
2026-02-14,01,3,wk inc flu hosp,2026-03-07,quantile,0.7,338
2026-02-14,01,3,wk inc flu hosp,2026-03-07,quantile,0.75,366
2026-02-14,01,3,wk inc flu hosp,2026-03-07,quantile,0.8,403
2026-02-14,01,3,wk inc flu hosp,2026-03-07,quantile,0.85,429
2026-02-14,01,3,wk inc flu hosp,2026-03-07,quantile,0.9,465
2026-02-14,01,3,wk inc flu hosp,2026-03-07,quantile,0.95,537
2026-02-14,01,3,wk inc flu hosp,2026-03-07,quantile,0.975,597
2026-02-14,01,3,wk inc flu hosp,2026-03-07,quantile,0.99,664
2026-02-14,02,0,wk inc flu hosp,2026-02-14,quantile,0.01,1
2026-02-14,02,0,wk inc flu hosp,2026-02-14,quantile,0.025,2
2026-02-14,02,0,wk inc flu hosp,2026-02-14,quantile,0.05,2
2026-02-14,02,0,wk inc flu hosp,2026-02-14,quantile,0.1,4
2026-02-14,02,0,wk inc flu hosp,2026-02-14,quantile,0.15,5
2026-02-14,02,0,wk inc flu hosp,2026-02-14,quantile,0.2,5
2026-02-14,02,0,wk inc flu hosp,2026-02-14,quantile,0.25,6
2026-02-14,02,0,wk inc flu hosp,2026-02-14,quantile,0.3,7
2026-02-14,02,0,wk inc flu hosp,2026-02-14,quantile,0.35,8
2026-02-14,02,0,wk inc flu hosp,2026-02-14,quantile,0.4,9
2026-02-14,02,0,wk inc flu hosp,2026-02-14,quantile,0.45,9
2026-02-14,02,0,wk inc flu hosp,2026-02-14,quantile,0.5,11
2026-02-14,02,0,wk inc flu hosp,2026-02-14,quantile,0.55,11
2026-02-14,02,0,wk inc flu hosp,2026-02-14,quantile,0.6,12
2026-02-14,02,0,wk inc flu hosp,2026-02-14,quantile,0.65,14
2026-02-14,02,0,wk inc flu hosp,2026-02-14,quantile,0.7,15
2026-02-14,02,0,wk inc flu hosp,2026-02-14,quantile,0.75,16
2026-02-14,02,0,wk inc flu hosp,2026-02-14,quantile,0.8,18
2026-02-14,02,0,wk inc flu hosp,2026-02-14,quantile,0.85,19
2026-02-14,02,0,wk inc flu hosp,2026-02-14,quantile,0.9,22
2026-02-14,02,0,wk inc flu hosp,2026-02-14,quantile,0.95,25
2026-02-14,02,0,wk inc flu hosp,2026-02-14,quantile,0.975,30
2026-02-14,02,0,wk inc flu hosp,2026-02-14,quantile,0.99,36
2026-02-14,02,1,wk inc flu hosp,2026-02-21,quantile,0.01,1
2026-02-14,02,1,wk inc flu hosp,2026-02-21,quantile,0.025,1
2026-02-14,02,1,wk inc flu hosp,2026-02-21,quantile,0.05,2
2026-02-14,02,1,wk inc flu hosp,2026-02-21,quantile,0.1,3
2026-02-14,02,1,wk inc flu hosp,2026-02-21,quantile,0.15,3
2026-02-14,02,1,wk inc flu hosp,2026-02-21,quantile,0.2,4
2026-02-14,02,1,wk inc flu hosp,2026-02-21,quantile,0.25,5
2026-02-14,02,1,wk inc flu hosp,2026-02-21,quantile,0.3,6
2026-02-14,02,1,wk inc flu hosp,2026-02-21,quantile,0.35,7
2026-02-14,02,1,wk inc flu hosp,2026-02-21,quantile,0.4,7
2026-02-14,02,1,wk inc flu hosp,2026-02-21,quantile,0.45,8
2026-02-14,02,1,wk inc flu hosp,2026-02-21,quantile,0.5,10
2026-02-14,02,1,wk inc flu hosp,2026-02-21,quantile,0.55,11
2026-02-14,02,1,wk inc flu hosp,2026-02-21,quantile,0.6,12
2026-02-14,02,1,wk inc flu hosp,2026-02-21,quantile,0.65,13
2026-02-14,02,1,wk inc flu hosp,2026-02-21,quantile,0.7,15
2026-02-14,02,1,wk inc flu hosp,2026-02-21,quantile,0.75,16
2026-02-14,02,1,wk inc flu hosp,2026-02-21,quantile,0.8,17
2026-02-14,02,1,wk inc flu hosp,2026-02-21,quantile,0.85,19
2026-02-14,02,1,wk inc flu hosp,2026-02-21,quantile,0.9,22
2026-02-14,02,1,wk inc flu hosp,2026-02-21,quantile,0.95,30
2026-02-14,02,1,wk inc flu hosp,2026-02-21,quantile,0.975,35
2026-02-14,02,1,wk inc flu hosp,2026-02-21,quantile,0.99,41
2026-02-14,02,2,wk inc flu hosp,2026-02-28,quantile,0.01,0
2026-02-14,02,2,wk inc flu hosp,2026-02-28,quantile,0.025,0
2026-02-14,02,2,wk inc flu hosp,2026-02-28,quantile,0.05,1
2026-02-14,02,2,wk inc flu hosp,2026-02-28,quantile,0.1,2
2026-02-14,02,2,wk inc flu hosp,2026-02-28,quantile,0.15,3
2026-02-14,02,2,wk inc flu hosp,2026-02-28,quantile,0.2,3
2026-02-14,02,2,wk inc flu hosp,2026-02-28,quantile,0.25,4
2026-02-14,02,2,wk inc flu hosp,2026-02-28,quantile,0.3,5
2026-02-14,02,2,wk inc flu hosp,2026-02-28,quantile,0.35,5
2026-02-14,02,2,wk inc flu hosp,2026-02-28,quantile,0.4,6
2026-02-14,02,2,wk inc flu hosp,2026-02-28,quantile,0.45,7
2026-02-14,02,2,wk inc flu hosp,2026-02-28,quantile,0.5,8
2026-02-14,02,2,wk inc flu hosp,2026-02-28,quantile,0.55,9
2026-02-14,02,2,wk inc flu hosp,2026-02-28,quantile,0.6,10
2026-02-14,02,2,wk inc flu hosp,2026-02-28,quantile,0.65,12
2026-02-14,02,2,wk inc flu hosp,2026-02-28,quantile,0.7,13
2026-02-14,02,2,wk inc flu hosp,2026-02-28,quantile,0.75,15
2026-02-14,02,2,wk inc flu hosp,2026-02-28,quantile,0.8,17
2026-02-14,02,2,wk inc flu hosp,2026-02-28,quantile,0.85,19
2026-02-14,02,2,wk inc flu hosp,2026-02-28,quantile,0.9,23
2026-02-14,02,2,wk inc flu hosp,2026-02-28,quantile,0.95,33
2026-02-14,02,2,wk inc flu hosp,2026-02-28,quantile,0.975,38
2026-02-14,02,2,wk inc flu hosp,2026-02-28,quantile,0.99,45
2026-02-14,02,3,wk inc flu hosp,2026-03-07,quantile,0.01,0
2026-02-14,02,3,wk inc flu hosp,2026-03-07,quantile,0.025,0
2026-02-14,02,3,wk inc flu hosp,2026-03-07,quantile,0.05,0
2026-02-14,02,3,wk inc flu hosp,2026-03-07,quantile,0.1,1
2026-02-14,02,3,wk inc flu hosp,2026-03-07,quantile,0.15,2
2026-02-14,02,3,wk inc flu hosp,2026-03-07,quantile,0.2,2
2026-02-14,02,3,wk inc flu hosp,2026-03-07,quantile,0.25,3
2026-02-14,02,3,wk inc flu hosp,2026-03-07,quantile,0.3,4
2026-02-14,02,3,wk inc flu hosp,2026-03-07,quantile,0.35,4
2026-02-14,02,3,wk inc flu hosp,2026-03-07,quantile,0.4,5
2026-02-14,02,3,wk inc flu hosp,2026-03-07,quantile,0.45,6
2026-02-14,02,3,wk inc flu hosp,2026-03-07,quantile,0.5,7
2026-02-14,02,3,wk inc flu hosp,2026-03-07,quantile,0.55,8
2026-02-14,02,3,wk inc flu hosp,2026-03-07,quantile,0.6,10
2026-02-14,02,3,wk inc flu hosp,2026-03-07,quantile,0.65,11
2026-02-14,02,3,wk inc flu hosp,2026-03-07,quantile,0.7,13
2026-02-14,02,3,wk inc flu hosp,2026-03-07,quantile,0.75,15
2026-02-14,02,3,wk inc flu hosp,2026-03-07,quantile,0.8,17
2026-02-14,02,3,wk inc flu hosp,2026-03-07,quantile,0.85,20
2026-02-14,02,3,wk inc flu hosp,2026-03-07,quantile,0.9,23
2026-02-14,02,3,wk inc flu hosp,2026-03-07,quantile,0.95,33
2026-02-14,02,3,wk inc flu hosp,2026-03-07,quantile,0.975,43
2026-02-14,02,3,wk inc flu hosp,2026-03-07,quantile,0.99,48
2026-02-14,04,0,wk inc flu hosp,2026-02-14,quantile,0.01,155
2026-02-14,04,0,wk inc flu hosp,2026-02-14,quantile,0.025,178
2026-02-14,04,0,wk inc flu hosp,2026-02-14,quantile,0.05,197
2026-02-14,04,0,wk inc flu hosp,2026-02-14,quantile,0.1,230
2026-02-14,04,0,wk inc flu hosp,2026-02-14,quantile,0.15,248
2026-02-14,04,0,wk inc flu hosp,2026-02-14,quantile,0.2,260
2026-02-14,04,0,wk inc flu hosp,2026-02-14,quantile,0.25,273
2026-02-14,04,0,wk inc flu hosp,2026-02-14,quantile,0.3,286
2026-02-14,04,0,wk inc flu hosp,2026-02-14,quantile,0.35,299
2026-02-14,04,0,wk inc flu hosp,2026-02-14,quantile,0.4,309
2026-02-14,04,0,wk inc flu hosp,2026-02-14,quantile,0.45,319
2026-02-14,04,0,wk inc flu hosp,2026-02-14,quantile,0.5,331
2026-02-14,04,0,wk inc flu hosp,2026-02-14,quantile,0.55,341
2026-02-14,04,0,wk inc flu hosp,2026-02-14,quantile,0.6,349
2026-02-14,04,0,wk inc flu hosp,2026-02-14,quantile,0.65,360
2026-02-14,04,0,wk inc flu hosp,2026-02-14,quantile,0.7,376
2026-02-14,04,0,wk inc flu hosp,2026-02-14,quantile,0.75,394
2026-02-14,04,0,wk inc flu hosp,2026-02-14,quantile,0.8,416
2026-02-14,04,0,wk inc flu hosp,2026-02-14,quantile,0.85,443
2026-02-14,04,0,wk inc flu hosp,2026-02-14,quantile,0.9,468
2026-02-14,04,0,wk inc flu hosp,2026-02-14,quantile,0.95,527
2026-02-14,04,0,wk inc flu hosp,2026-02-14,quantile,0.975,579
2026-02-14,04,0,wk inc flu hosp,2026-02-14,quantile,0.99,632
2026-02-14,04,1,wk inc flu hosp,2026-02-21,quantile,0.01,110
2026-02-14,04,1,wk inc flu hosp,2026-02-21,quantile,0.025,131
2026-02-14,04,1,wk inc flu hosp,2026-02-21,quantile,0.05,156
2026-02-14,04,1,wk inc flu hosp,2026-02-21,quantile,0.1,187
2026-02-14,04,1,wk inc flu hosp,2026-02-21,quantile,0.15,215
2026-02-14,04,1,wk inc flu hosp,2026-02-21,quantile,0.2,231
2026-02-14,04,1,wk inc flu hosp,2026-02-21,quantile,0.25,246
2026-02-14,04,1,wk inc flu hosp,2026-02-21,quantile,0.3,270
2026-02-14,04,1,wk inc flu hosp,2026-02-21,quantile,0.35,284
2026-02-14,04,1,wk inc flu hosp,2026-02-21,quantile,0.4,297
2026-02-14,04,1,wk inc flu hosp,2026-02-21,quantile,0.45,311
2026-02-14,04,1,wk inc flu hosp,2026-02-21,quantile,0.5,327
2026-02-14,04,1,wk inc flu hosp,2026-02-21,quantile,0.55,339
2026-02-14,04,1,wk inc flu hosp,2026-02-21,quantile,0.6,352
2026-02-14,04,1,wk inc flu hosp,2026-02-21,quantile,0.65,363
2026-02-14,04,1,wk inc flu hosp,2026-02-21,quantile,0.7,385
2026-02-14,04,1,wk inc flu hosp,2026-02-21,quantile,0.75,406
2026-02-14,04,1,wk inc flu hosp,2026-02-21,quantile,0.8,439
2026-02-14,04,1,wk inc flu hosp,2026-02-21,quantile,0.85,470
2026-02-14,04,1,wk inc flu hosp,2026-02-21,quantile,0.9,523
2026-02-14,04,1,wk inc flu hosp,2026-02-21,quantile,0.95,594
2026-02-14,04,1,wk inc flu hosp,2026-02-21,quantile,0.975,677
2026-02-14,04,1,wk inc flu hosp,2026-02-21,quantile,0.99,727
2026-02-14,04,2,wk inc flu hosp,2026-02-28,quantile,0.01,75
2026-02-14,04,2,wk inc flu hosp,2026-02-28,quantile,0.025,90
2026-02-14,04,2,wk inc flu hosp,2026-02-28,quantile,0.05,113
2026-02-14,04,2,wk inc flu hosp,2026-02-28,quantile,0.1,143
2026-02-14,04,2,wk inc flu hosp,2026-02-28,quantile,0.15,170
2026-02-14,04,2,wk inc flu hosp,2026-02-28,quantile,0.2,194
2026-02-14,04,2,wk inc flu hosp,2026-02-28,quantile,0.25,209
2026-02-14,04,2,wk inc flu hosp,2026-02-28,quantile,0.3,226
2026-02-14,04,2,wk inc flu hosp,2026-02-28,quantile,0.35,248
2026-02-14,04,2,wk inc flu hosp,2026-02-28,quantile,0.4,269
2026-02-14,04,2,wk inc flu hosp,2026-02-28,quantile,0.45,292
2026-02-14,04,2,wk inc flu hosp,2026-02-28,quantile,0.5,307
2026-02-14,04,2,wk inc flu hosp,2026-02-28,quantile,0.55,318
2026-02-14,04,2,wk inc flu hosp,2026-02-28,quantile,0.6,343
2026-02-14,04,2,wk inc flu hosp,2026-02-28,quantile,0.65,368
2026-02-14,04,2,wk inc flu hosp,2026-02-28,quantile,0.7,386
2026-02-14,04,2,wk inc flu hosp,2026-02-28,quantile,0.75,412
2026-02-14,04,2,wk inc flu hosp,2026-02-28,quantile,0.8,446
2026-02-14,04,2,wk inc flu hosp,2026-02-28,quantile,0.85,479
2026-02-14,04,2,wk inc flu hosp,2026-02-28,quantile,0.9,548
2026-02-14,04,2,wk inc flu hosp,2026-02-28,quantile,0.95,629
2026-02-14,04,2,wk inc flu hosp,2026-02-28,quantile,0.975,716
2026-02-14,04,2,wk inc flu hosp,2026-02-28,quantile,0.99,885
2026-02-14,04,3,wk inc flu hosp,2026-03-07,quantile,0.01,49
2026-02-14,04,3,wk inc flu hosp,2026-03-07,quantile,0.025,65
2026-02-14,04,3,wk inc flu hosp,2026-03-07,quantile,0.05,81
2026-02-14,04,3,wk inc flu hosp,2026-03-07,quantile,0.1,111
2026-02-14,04,3,wk inc flu hosp,2026-03-07,quantile,0.15,135
2026-02-14,04,3,wk inc flu hosp,2026-03-07,quantile,0.2,171
2026-02-14,04,3,wk inc flu hosp,2026-03-07,quantile,0.25,188
2026-02-14,04,3,wk inc flu hosp,2026-03-07,quantile,0.3,204
2026-02-14,04,3,wk inc flu hosp,2026-03-07,quantile,0.35,222
2026-02-14,04,3,wk inc flu hosp,2026-03-07,quantile,0.4,238
2026-02-14,04,3,wk inc flu hosp,2026-03-07,quantile,0.45,264
2026-02-14,04,3,wk inc flu hosp,2026-03-07,quantile,0.5,285
2026-02-14,04,3,wk inc flu hosp,2026-03-07,quantile,0.55,304
2026-02-14,04,3,wk inc flu hosp,2026-03-07,quantile,0.6,329
2026-02-14,04,3,wk inc flu hosp,2026-03-07,quantile,0.65,344
2026-02-14,04,3,wk inc flu hosp,2026-03-07,quantile,0.7,363
2026-02-14,04,3,wk inc flu hosp,2026-03-07,quantile,0.75,395
2026-02-14,04,3,wk inc flu hosp,2026-03-07,quantile,0.8,437
2026-02-14,04,3,wk inc flu hosp,2026-03-07,quantile,0.85,483
2026-02-14,04,3,wk inc flu hosp,2026-03-07,quantile,0.9,523
2026-02-14,04,3,wk inc flu hosp,2026-03-07,quantile,0.95,615
2026-02-14,04,3,wk inc flu hosp,2026-03-07,quantile,0.975,709
2026-02-14,04,3,wk inc flu hosp,2026-03-07,quantile,0.99,794
2026-02-14,05,0,wk inc flu hosp,2026-02-14,quantile,0.01,70
2026-02-14,05,0,wk inc flu hosp,2026-02-14,quantile,0.025,83
2026-02-14,05,0,wk inc flu hosp,2026-02-14,quantile,0.05,92
2026-02-14,05,0,wk inc flu hosp,2026-02-14,quantile,0.1,108
2026-02-14,05,0,wk inc flu hosp,2026-02-14,quantile,0.15,117
2026-02-14,05,0,wk inc flu hosp,2026-02-14,quantile,0.2,125
2026-02-14,05,0,wk inc flu hosp,2026-02-14,quantile,0.25,131
2026-02-14,05,0,wk inc flu hosp,2026-02-14,quantile,0.3,137
2026-02-14,05,0,wk inc flu hosp,2026-02-14,quantile,0.35,144
2026-02-14,05,0,wk inc flu hosp,2026-02-14,quantile,0.4,149
2026-02-14,05,0,wk inc flu hosp,2026-02-14,quantile,0.45,154
2026-02-14,05,0,wk inc flu hosp,2026-02-14,quantile,0.5,158
2026-02-14,05,0,wk inc flu hosp,2026-02-14,quantile,0.55,165
2026-02-14,05,0,wk inc flu hosp,2026-02-14,quantile,0.6,170
2026-02-14,05,0,wk inc flu hosp,2026-02-14,quantile,0.65,177
2026-02-14,05,0,wk inc flu hosp,2026-02-14,quantile,0.7,183
2026-02-14,05,0,wk inc flu hosp,2026-02-14,quantile,0.75,191
2026-02-14,05,0,wk inc flu hosp,2026-02-14,quantile,0.8,200
2026-02-14,05,0,wk inc flu hosp,2026-02-14,quantile,0.85,208
2026-02-14,05,0,wk inc flu hosp,2026-02-14,quantile,0.9,221
2026-02-14,05,0,wk inc flu hosp,2026-02-14,quantile,0.95,243
2026-02-14,05,0,wk inc flu hosp,2026-02-14,quantile,0.975,265
2026-02-14,05,0,wk inc flu hosp,2026-02-14,quantile,0.99,284
2026-02-14,05,1,wk inc flu hosp,2026-02-21,quantile,0.01,43
2026-02-14,05,1,wk inc flu hosp,2026-02-21,quantile,0.025,58
2026-02-14,05,1,wk inc flu hosp,2026-02-21,quantile,0.05,70
2026-02-14,05,1,wk inc flu hosp,2026-02-21,quantile,0.1,80
2026-02-14,05,1,wk inc flu hosp,2026-02-21,quantile,0.15,91
2026-02-14,05,1,wk inc flu hosp,2026-02-21,quantile,0.2,97
2026-02-14,05,1,wk inc flu hosp,2026-02-21,quantile,0.25,104
2026-02-14,05,1,wk inc flu hosp,2026-02-21,quantile,0.3,110
2026-02-14,05,1,wk inc flu hosp,2026-02-21,quantile,0.35,117
2026-02-14,05,1,wk inc flu hosp,2026-02-21,quantile,0.4,123
2026-02-14,05,1,wk inc flu hosp,2026-02-21,quantile,0.45,132
2026-02-14,05,1,wk inc flu hosp,2026-02-21,quantile,0.5,141
2026-02-14,05,1,wk inc flu hosp,2026-02-21,quantile,0.55,149
2026-02-14,05,1,wk inc flu hosp,2026-02-21,quantile,0.6,159
2026-02-14,05,1,wk inc flu hosp,2026-02-21,quantile,0.65,167
2026-02-14,05,1,wk inc flu hosp,2026-02-21,quantile,0.7,175
2026-02-14,05,1,wk inc flu hosp,2026-02-21,quantile,0.75,183
2026-02-14,05,1,wk inc flu hosp,2026-02-21,quantile,0.8,196
2026-02-14,05,1,wk inc flu hosp,2026-02-21,quantile,0.85,212
2026-02-14,05,1,wk inc flu hosp,2026-02-21,quantile,0.9,236
2026-02-14,05,1,wk inc flu hosp,2026-02-21,quantile,0.95,264
2026-02-14,05,1,wk inc flu hosp,2026-02-21,quantile,0.975,312
2026-02-14,05,1,wk inc flu hosp,2026-02-21,quantile,0.99,332
2026-02-14,05,2,wk inc flu hosp,2026-02-28,quantile,0.01,30
2026-02-14,05,2,wk inc flu hosp,2026-02-28,quantile,0.025,41
2026-02-14,05,2,wk inc flu hosp,2026-02-28,quantile,0.05,52
2026-02-14,05,2,wk inc flu hosp,2026-02-28,quantile,0.1,65
2026-02-14,05,2,wk inc flu hosp,2026-02-28,quantile,0.15,75
2026-02-14,05,2,wk inc flu hosp,2026-02-28,quantile,0.2,84
2026-02-14,05,2,wk inc flu hosp,2026-02-28,quantile,0.25,94
2026-02-14,05,2,wk inc flu hosp,2026-02-28,quantile,0.3,99
2026-02-14,05,2,wk inc flu hosp,2026-02-28,quantile,0.35,107
2026-02-14,05,2,wk inc flu hosp,2026-02-28,quantile,0.4,113
2026-02-14,05,2,wk inc flu hosp,2026-02-28,quantile,0.45,119
2026-02-14,05,2,wk inc flu hosp,2026-02-28,quantile,0.5,128
2026-02-14,05,2,wk inc flu hosp,2026-02-28,quantile,0.55,137
2026-02-14,05,2,wk inc flu hosp,2026-02-28,quantile,0.6,142
2026-02-14,05,2,wk inc flu hosp,2026-02-28,quantile,0.65,151
2026-02-14,05,2,wk inc flu hosp,2026-02-28,quantile,0.7,161
2026-02-14,05,2,wk inc flu hosp,2026-02-28,quantile,0.75,172
2026-02-14,05,2,wk inc flu hosp,2026-02-28,quantile,0.8,191
2026-02-14,05,2,wk inc flu hosp,2026-02-28,quantile,0.85,201
2026-02-14,05,2,wk inc flu hosp,2026-02-28,quantile,0.9,224
2026-02-14,05,2,wk inc flu hosp,2026-02-28,quantile,0.95,254
2026-02-14,05,2,wk inc flu hosp,2026-02-28,quantile,0.975,310
2026-02-14,05,2,wk inc flu hosp,2026-02-28,quantile,0.99,313
2026-02-14,05,3,wk inc flu hosp,2026-03-07,quantile,0.01,20
2026-02-14,05,3,wk inc flu hosp,2026-03-07,quantile,0.025,32
2026-02-14,05,3,wk inc flu hosp,2026-03-07,quantile,0.05,44
2026-02-14,05,3,wk inc flu hosp,2026-03-07,quantile,0.1,53
2026-02-14,05,3,wk inc flu hosp,2026-03-07,quantile,0.15,61
2026-02-14,05,3,wk inc flu hosp,2026-03-07,quantile,0.2,73
2026-02-14,05,3,wk inc flu hosp,2026-03-07,quantile,0.25,79
2026-02-14,05,3,wk inc flu hosp,2026-03-07,quantile,0.3,86
2026-02-14,05,3,wk inc flu hosp,2026-03-07,quantile,0.35,95
2026-02-14,05,3,wk inc flu hosp,2026-03-07,quantile,0.4,99
2026-02-14,05,3,wk inc flu hosp,2026-03-07,quantile,0.45,104
2026-02-14,05,3,wk inc flu hosp,2026-03-07,quantile,0.5,114
2026-02-14,05,3,wk inc flu hosp,2026-03-07,quantile,0.55,125
2026-02-14,05,3,wk inc flu hosp,2026-03-07,quantile,0.6,131
2026-02-14,05,3,wk inc flu hosp,2026-03-07,quantile,0.65,143
2026-02-14,05,3,wk inc flu hosp,2026-03-07,quantile,0.7,156
2026-02-14,05,3,wk inc flu hosp,2026-03-07,quantile,0.75,166
2026-02-14,05,3,wk inc flu hosp,2026-03-07,quantile,0.8,186
2026-02-14,05,3,wk inc flu hosp,2026-03-07,quantile,0.85,201
2026-02-14,05,3,wk inc flu hosp,2026-03-07,quantile,0.9,221
2026-02-14,05,3,wk inc flu hosp,2026-03-07,quantile,0.95,261
2026-02-14,05,3,wk inc flu hosp,2026-03-07,quantile,0.975,305
2026-02-14,05,3,wk inc flu hosp,2026-03-07,quantile,0.99,367
2026-02-14,06,0,wk inc flu hosp,2026-02-14,quantile,0.01,1143
2026-02-14,06,0,wk inc flu hosp,2026-02-14,quantile,0.025,1217
2026-02-14,06,0,wk inc flu hosp,2026-02-14,quantile,0.05,1283
2026-02-14,06,0,wk inc flu hosp,2026-02-14,quantile,0.1,1378
2026-02-14,06,0,wk inc flu hosp,2026-02-14,quantile,0.15,1455
2026-02-14,06,0,wk inc flu hosp,2026-02-14,quantile,0.2,1534
2026-02-14,06,0,wk inc flu hosp,2026-02-14,quantile,0.25,1593
2026-02-14,06,0,wk inc flu hosp,2026-02-14,quantile,0.3,1647
2026-02-14,06,0,wk inc flu hosp,2026-02-14,quantile,0.35,1709
2026-02-14,06,0,wk inc flu hosp,2026-02-14,quantile,0.4,1756
2026-02-14,06,0,wk inc flu hosp,2026-02-14,quantile,0.45,1788
2026-02-14,06,0,wk inc flu hosp,2026-02-14,quantile,0.5,1841
2026-02-14,06,0,wk inc flu hosp,2026-02-14,quantile,0.55,1882
2026-02-14,06,0,wk inc flu hosp,2026-02-14,quantile,0.6,1921
2026-02-14,06,0,wk inc flu hosp,2026-02-14,quantile,0.65,1987
2026-02-14,06,0,wk inc flu hosp,2026-02-14,quantile,0.7,2044
2026-02-14,06,0,wk inc flu hosp,2026-02-14,quantile,0.75,2108
2026-02-14,06,0,wk inc flu hosp,2026-02-14,quantile,0.8,2161
2026-02-14,06,0,wk inc flu hosp,2026-02-14,quantile,0.85,2241
2026-02-14,06,0,wk inc flu hosp,2026-02-14,quantile,0.9,2335
2026-02-14,06,0,wk inc flu hosp,2026-02-14,quantile,0.95,2535
2026-02-14,06,0,wk inc flu hosp,2026-02-14,quantile,0.975,2675
2026-02-14,06,0,wk inc flu hosp,2026-02-14,quantile,0.99,2900
2026-02-14,06,1,wk inc flu hosp,2026-02-21,quantile,0.01,850
2026-02-14,06,1,wk inc flu hosp,2026-02-21,quantile,0.025,951
2026-02-14,06,1,wk inc flu hosp,2026-02-21,quantile,0.05,1053
2026-02-14,06,1,wk inc flu hosp,2026-02-21,quantile,0.1,1184
2026-02-14,06,1,wk inc flu hosp,2026-02-21,quantile,0.15,1276
2026-02-14,06,1,wk inc flu hosp,2026-02-21,quantile,0.2,1345
2026-02-14,06,1,wk inc flu hosp,2026-02-21,quantile,0.25,1423
2026-02-14,06,1,wk inc flu hosp,2026-02-21,quantile,0.3,1476
2026-02-14,06,1,wk inc flu hosp,2026-02-21,quantile,0.35,1527
2026-02-14,06,1,wk inc flu hosp,2026-02-21,quantile,0.4,1585
2026-02-14,06,1,wk inc flu hosp,2026-02-21,quantile,0.45,1642
2026-02-14,06,1,wk inc flu hosp,2026-02-21,quantile,0.5,1725
2026-02-14,06,1,wk inc flu hosp,2026-02-21,quantile,0.55,1756
2026-02-14,06,1,wk inc flu hosp,2026-02-21,quantile,0.6,1838
2026-02-14,06,1,wk inc flu hosp,2026-02-21,quantile,0.65,1889
2026-02-14,06,1,wk inc flu hosp,2026-02-21,quantile,0.7,1984
2026-02-14,06,1,wk inc flu hosp,2026-02-21,quantile,0.75,2121
2026-02-14,06,1,wk inc flu hosp,2026-02-21,quantile,0.8,2194
2026-02-14,06,1,wk inc flu hosp,2026-02-21,quantile,0.85,2288
2026-02-14,06,1,wk inc flu hosp,2026-02-21,quantile,0.9,2470
2026-02-14,06,1,wk inc flu hosp,2026-02-21,quantile,0.95,2736
2026-02-14,06,1,wk inc flu hosp,2026-02-21,quantile,0.975,2926
2026-02-14,06,1,wk inc flu hosp,2026-02-21,quantile,0.99,3120
2026-02-14,06,2,wk inc flu hosp,2026-02-28,quantile,0.01,622
2026-02-14,06,2,wk inc flu hosp,2026-02-28,quantile,0.025,747
2026-02-14,06,2,wk inc flu hosp,2026-02-28,quantile,0.05,840
2026-02-14,06,2,wk inc flu hosp,2026-02-28,quantile,0.1,966
2026-02-14,06,2,wk inc flu hosp,2026-02-28,quantile,0.15,1070
2026-02-14,06,2,wk inc flu hosp,2026-02-28,quantile,0.2,1170
2026-02-14,06,2,wk inc flu hosp,2026-02-28,quantile,0.25,1234
2026-02-14,06,2,wk inc flu hosp,2026-02-28,quantile,0.3,1298
2026-02-14,06,2,wk inc flu hosp,2026-02-28,quantile,0.35,1356
2026-02-14,06,2,wk inc flu hosp,2026-02-28,quantile,0.4,1432
2026-02-14,06,2,wk inc flu hosp,2026-02-28,quantile,0.45,1492
2026-02-14,06,2,wk inc flu hosp,2026-02-28,quantile,0.5,1558
2026-02-14,06,2,wk inc flu hosp,2026-02-28,quantile,0.55,1606
2026-02-14,06,2,wk inc flu hosp,2026-02-28,quantile,0.6,1668
2026-02-14,06,2,wk inc flu hosp,2026-02-28,quantile,0.65,1747
2026-02-14,06,2,wk inc flu hosp,2026-02-28,quantile,0.7,1870
2026-02-14,06,2,wk inc flu hosp,2026-02-28,quantile,0.75,1955
2026-02-14,06,2,wk inc flu hosp,2026-02-28,quantile,0.8,2065
2026-02-14,06,2,wk inc flu hosp,2026-02-28,quantile,0.85,2190
2026-02-14,06,2,wk inc flu hosp,2026-02-28,quantile,0.9,2384
2026-02-14,06,2,wk inc flu hosp,2026-02-28,quantile,0.95,2642
2026-02-14,06,2,wk inc flu hosp,2026-02-28,quantile,0.975,2929
2026-02-14,06,2,wk inc flu hosp,2026-02-28,quantile,0.99,3263
2026-02-14,06,3,wk inc flu hosp,2026-03-07,quantile,0.01,487
2026-02-14,06,3,wk inc flu hosp,2026-03-07,quantile,0.025,601
2026-02-14,06,3,wk inc flu hosp,2026-03-07,quantile,0.05,675
2026-02-14,06,3,wk inc flu hosp,2026-03-07,quantile,0.1,797
2026-02-14,06,3,wk inc flu hosp,2026-03-07,quantile,0.15,908
2026-02-14,06,3,wk inc flu hosp,2026-03-07,quantile,0.2,1013
2026-02-14,06,3,wk inc flu hosp,2026-03-07,quantile,0.25,1092
2026-02-14,06,3,wk inc flu hosp,2026-03-07,quantile,0.3,1151
2026-02-14,06,3,wk inc flu hosp,2026-03-07,quantile,0.35,1219
2026-02-14,06,3,wk inc flu hosp,2026-03-07,quantile,0.4,1276
2026-02-14,06,3,wk inc flu hosp,2026-03-07,quantile,0.45,1325
2026-02-14,06,3,wk inc flu hosp,2026-03-07,quantile,0.5,1448
2026-02-14,06,3,wk inc flu hosp,2026-03-07,quantile,0.55,1509
2026-02-14,06,3,wk inc flu hosp,2026-03-07,quantile,0.6,1560
2026-02-14,06,3,wk inc flu hosp,2026-03-07,quantile,0.65,1622
2026-02-14,06,3,wk inc flu hosp,2026-03-07,quantile,0.7,1736
2026-02-14,06,3,wk inc flu hosp,2026-03-07,quantile,0.75,1864
2026-02-14,06,3,wk inc flu hosp,2026-03-07,quantile,0.8,2002
2026-02-14,06,3,wk inc flu hosp,2026-03-07,quantile,0.85,2161
2026-02-14,06,3,wk inc flu hosp,2026-03-07,quantile,0.9,2391
2026-02-14,06,3,wk inc flu hosp,2026-03-07,quantile,0.95,2694
2026-02-14,06,3,wk inc flu hosp,2026-03-07,quantile,0.975,2948
2026-02-14,06,3,wk inc flu hosp,2026-03-07,quantile,0.99,3235
2026-02-14,08,0,wk inc flu hosp,2026-02-14,quantile,0.01,36
2026-02-14,08,0,wk inc flu hosp,2026-02-14,quantile,0.025,41
2026-02-14,08,0,wk inc flu hosp,2026-02-14,quantile,0.05,46
2026-02-14,08,0,wk inc flu hosp,2026-02-14,quantile,0.1,54
2026-02-14,08,0,wk inc flu hosp,2026-02-14,quantile,0.15,59
2026-02-14,08,0,wk inc flu hosp,2026-02-14,quantile,0.2,64
2026-02-14,08,0,wk inc flu hosp,2026-02-14,quantile,0.25,70
2026-02-14,08,0,wk inc flu hosp,2026-02-14,quantile,0.3,76
2026-02-14,08,0,wk inc flu hosp,2026-02-14,quantile,0.35,80
2026-02-14,08,0,wk inc flu hosp,2026-02-14,quantile,0.4,84
2026-02-14,08,0,wk inc flu hosp,2026-02-14,quantile,0.45,89
2026-02-14,08,0,wk inc flu hosp,2026-02-14,quantile,0.5,96
2026-02-14,08,0,wk inc flu hosp,2026-02-14,quantile,0.55,102
2026-02-14,08,0,wk inc flu hosp,2026-02-14,quantile,0.6,107
2026-02-14,08,0,wk inc flu hosp,2026-02-14,quantile,0.65,114
2026-02-14,08,0,wk inc flu hosp,2026-02-14,quantile,0.7,119
2026-02-14,08,0,wk inc flu hosp,2026-02-14,quantile,0.75,124
2026-02-14,08,0,wk inc flu hosp,2026-02-14,quantile,0.8,129
2026-02-14,08,0,wk inc flu hosp,2026-02-14,quantile,0.85,135
2026-02-14,08,0,wk inc flu hosp,2026-02-14,quantile,0.9,147
2026-02-14,08,0,wk inc flu hosp,2026-02-14,quantile,0.95,163
2026-02-14,08,0,wk inc flu hosp,2026-02-14,quantile,0.975,181
2026-02-14,08,0,wk inc flu hosp,2026-02-14,quantile,0.99,195
2026-02-14,08,1,wk inc flu hosp,2026-02-21,quantile,0.01,20
2026-02-14,08,1,wk inc flu hosp,2026-02-21,quantile,0.025,26
2026-02-14,08,1,wk inc flu hosp,2026-02-21,quantile,0.05,32
2026-02-14,08,1,wk inc flu hosp,2026-02-21,quantile,0.1,39
2026-02-14,08,1,wk inc flu hosp,2026-02-21,quantile,0.15,44
2026-02-14,08,1,wk inc flu hosp,2026-02-21,quantile,0.2,52
2026-02-14,08,1,wk inc flu hosp,2026-02-21,quantile,0.25,57
2026-02-14,08,1,wk inc flu hosp,2026-02-21,quantile,0.3,60
2026-02-14,08,1,wk inc flu hosp,2026-02-21,quantile,0.35,64
2026-02-14,08,1,wk inc flu hosp,2026-02-21,quantile,0.4,68
2026-02-14,08,1,wk inc flu hosp,2026-02-21,quantile,0.45,73
2026-02-14,08,1,wk inc flu hosp,2026-02-21,quantile,0.5,84
2026-02-14,08,1,wk inc flu hosp,2026-02-21,quantile,0.55,92
2026-02-14,08,1,wk inc flu hosp,2026-02-21,quantile,0.6,100
2026-02-14,08,1,wk inc flu hosp,2026-02-21,quantile,0.65,110
2026-02-14,08,1,wk inc flu hosp,2026-02-21,quantile,0.7,116
2026-02-14,08,1,wk inc flu hosp,2026-02-21,quantile,0.75,123
2026-02-14,08,1,wk inc flu hosp,2026-02-21,quantile,0.8,130
2026-02-14,08,1,wk inc flu hosp,2026-02-21,quantile,0.85,141
2026-02-14,08,1,wk inc flu hosp,2026-02-21,quantile,0.9,155
2026-02-14,08,1,wk inc flu hosp,2026-02-21,quantile,0.95,178
2026-02-14,08,1,wk inc flu hosp,2026-02-21,quantile,0.975,196
2026-02-14,08,1,wk inc flu hosp,2026-02-21,quantile,0.99,220
2026-02-14,08,2,wk inc flu hosp,2026-02-28,quantile,0.01,7
2026-02-14,08,2,wk inc flu hosp,2026-02-28,quantile,0.025,11
2026-02-14,08,2,wk inc flu hosp,2026-02-28,quantile,0.05,16
2026-02-14,08,2,wk inc flu hosp,2026-02-28,quantile,0.1,24
2026-02-14,08,2,wk inc flu hosp,2026-02-28,quantile,0.15,28
2026-02-14,08,2,wk inc flu hosp,2026-02-28,quantile,0.2,32
2026-02-14,08,2,wk inc flu hosp,2026-02-28,quantile,0.25,37
2026-02-14,08,2,wk inc flu hosp,2026-02-28,quantile,0.3,46
2026-02-14,08,2,wk inc flu hosp,2026-02-28,quantile,0.35,49
2026-02-14,08,2,wk inc flu hosp,2026-02-28,quantile,0.4,52
2026-02-14,08,2,wk inc flu hosp,2026-02-28,quantile,0.45,64
2026-02-14,08,2,wk inc flu hosp,2026-02-28,quantile,0.5,70
2026-02-14,08,2,wk inc flu hosp,2026-02-28,quantile,0.55,75
2026-02-14,08,2,wk inc flu hosp,2026-02-28,quantile,0.6,81
2026-02-14,08,2,wk inc flu hosp,2026-02-28,quantile,0.65,96
2026-02-14,08,2,wk inc flu hosp,2026-02-28,quantile,0.7,105
2026-02-14,08,2,wk inc flu hosp,2026-02-28,quantile,0.75,113
2026-02-14,08,2,wk inc flu hosp,2026-02-28,quantile,0.8,124
2026-02-14,08,2,wk inc flu hosp,2026-02-28,quantile,0.85,139
2026-02-14,08,2,wk inc flu hosp,2026-02-28,quantile,0.9,154
2026-02-14,08,2,wk inc flu hosp,2026-02-28,quantile,0.95,181
2026-02-14,08,2,wk inc flu hosp,2026-02-28,quantile,0.975,207
2026-02-14,08,2,wk inc flu hosp,2026-02-28,quantile,0.99,232
2026-02-14,08,3,wk inc flu hosp,2026-03-07,quantile,0.01,4
2026-02-14,08,3,wk inc flu hosp,2026-03-07,quantile,0.025,6
2026-02-14,08,3,wk inc flu hosp,2026-03-07,quantile,0.05,13
2026-02-14,08,3,wk inc flu hosp,2026-03-07,quantile,0.1,17
2026-02-14,08,3,wk inc flu hosp,2026-03-07,quantile,0.15,19
2026-02-14,08,3,wk inc flu hosp,2026-03-07,quantile,0.2,21
2026-02-14,08,3,wk inc flu hosp,2026-03-07,quantile,0.25,29
2026-02-14,08,3,wk inc flu hosp,2026-03-07,quantile,0.3,35
2026-02-14,08,3,wk inc flu hosp,2026-03-07,quantile,0.35,38
2026-02-14,08,3,wk inc flu hosp,2026-03-07,quantile,0.4,41
2026-02-14,08,3,wk inc flu hosp,2026-03-07,quantile,0.45,48
2026-02-14,08,3,wk inc flu hosp,2026-03-07,quantile,0.5,60
2026-02-14,08,3,wk inc flu hosp,2026-03-07,quantile,0.55,71
2026-02-14,08,3,wk inc flu hosp,2026-03-07,quantile,0.6,81
2026-02-14,08,3,wk inc flu hosp,2026-03-07,quantile,0.65,92
2026-02-14,08,3,wk inc flu hosp,2026-03-07,quantile,0.7,99
2026-02-14,08,3,wk inc flu hosp,2026-03-07,quantile,0.75,108
2026-02-14,08,3,wk inc flu hosp,2026-03-07,quantile,0.8,123
2026-02-14,08,3,wk inc flu hosp,2026-03-07,quantile,0.85,142
2026-02-14,08,3,wk inc flu hosp,2026-03-07,quantile,0.9,164
2026-02-14,08,3,wk inc flu hosp,2026-03-07,quantile,0.95,200
2026-02-14,08,3,wk inc flu hosp,2026-03-07,quantile,0.975,234
2026-02-14,08,3,wk inc flu hosp,2026-03-07,quantile,0.99,267
2026-02-14,09,0,wk inc flu hosp,2026-02-14,quantile,0.01,12
2026-02-14,09,0,wk inc flu hosp,2026-02-14,quantile,0.025,17
2026-02-14,09,0,wk inc flu hosp,2026-02-14,quantile,0.05,21
2026-02-14,09,0,wk inc flu hosp,2026-02-14,quantile,0.1,24
2026-02-14,09,0,wk inc flu hosp,2026-02-14,quantile,0.15,28
2026-02-14,09,0,wk inc flu hosp,2026-02-14,quantile,0.2,29
2026-02-14,09,0,wk inc flu hosp,2026-02-14,quantile,0.25,31
2026-02-14,09,0,wk inc flu hosp,2026-02-14,quantile,0.3,34
2026-02-14,09,0,wk inc flu hosp,2026-02-14,quantile,0.35,37
2026-02-14,09,0,wk inc flu hosp,2026-02-14,quantile,0.4,39
2026-02-14,09,0,wk inc flu hosp,2026-02-14,quantile,0.45,41
2026-02-14,09,0,wk inc flu hosp,2026-02-14,quantile,0.5,47
2026-02-14,09,0,wk inc flu hosp,2026-02-14,quantile,0.55,50
2026-02-14,09,0,wk inc flu hosp,2026-02-14,quantile,0.6,52
2026-02-14,09,0,wk inc flu hosp,2026-02-14,quantile,0.65,54
2026-02-14,09,0,wk inc flu hosp,2026-02-14,quantile,0.7,58
2026-02-14,09,0,wk inc flu hosp,2026-02-14,quantile,0.75,61
2026-02-14,09,0,wk inc flu hosp,2026-02-14,quantile,0.8,66
2026-02-14,09,0,wk inc flu hosp,2026-02-14,quantile,0.85,73
2026-02-14,09,0,wk inc flu hosp,2026-02-14,quantile,0.9,82
2026-02-14,09,0,wk inc flu hosp,2026-02-14,quantile,0.95,92
2026-02-14,09,0,wk inc flu hosp,2026-02-14,quantile,0.975,106
2026-02-14,09,0,wk inc flu hosp,2026-02-14,quantile,0.99,123
2026-02-14,09,1,wk inc flu hosp,2026-02-21,quantile,0.01,6
2026-02-14,09,1,wk inc flu hosp,2026-02-21,quantile,0.025,8
2026-02-14,09,1,wk inc flu hosp,2026-02-21,quantile,0.05,9
2026-02-14,09,1,wk inc flu hosp,2026-02-21,quantile,0.1,13
2026-02-14,09,1,wk inc flu hosp,2026-02-21,quantile,0.15,16
2026-02-14,09,1,wk inc flu hosp,2026-02-21,quantile,0.2,20
2026-02-14,09,1,wk inc flu hosp,2026-02-21,quantile,0.25,24
2026-02-14,09,1,wk inc flu hosp,2026-02-21,quantile,0.3,27
2026-02-14,09,1,wk inc flu hosp,2026-02-21,quantile,0.35,30
2026-02-14,09,1,wk inc flu hosp,2026-02-21,quantile,0.4,31
2026-02-14,09,1,wk inc flu hosp,2026-02-21,quantile,0.45,36
2026-02-14,09,1,wk inc flu hosp,2026-02-21,quantile,0.5,41
2026-02-14,09,1,wk inc flu hosp,2026-02-21,quantile,0.55,45
2026-02-14,09,1,wk inc flu hosp,2026-02-21,quantile,0.6,50
2026-02-14,09,1,wk inc flu hosp,2026-02-21,quantile,0.65,54
2026-02-14,09,1,wk inc flu hosp,2026-02-21,quantile,0.7,58
2026-02-14,09,1,wk inc flu hosp,2026-02-21,quantile,0.75,63
2026-02-14,09,1,wk inc flu hosp,2026-02-21,quantile,0.8,70
2026-02-14,09,1,wk inc flu hosp,2026-02-21,quantile,0.85,78
2026-02-14,09,1,wk inc flu hosp,2026-02-21,quantile,0.9,89
2026-02-14,09,1,wk inc flu hosp,2026-02-21,quantile,0.95,109
2026-02-14,09,1,wk inc flu hosp,2026-02-21,quantile,0.975,130
2026-02-14,09,1,wk inc flu hosp,2026-02-21,quantile,0.99,162
2026-02-14,09,2,wk inc flu hosp,2026-02-28,quantile,0.01,1
2026-02-14,09,2,wk inc flu hosp,2026-02-28,quantile,0.025,3
2026-02-14,09,2,wk inc flu hosp,2026-02-28,quantile,0.05,4
2026-02-14,09,2,wk inc flu hosp,2026-02-28,quantile,0.1,9
2026-02-14,09,2,wk inc flu hosp,2026-02-28,quantile,0.15,10
2026-02-14,09,2,wk inc flu hosp,2026-02-28,quantile,0.2,12
2026-02-14,09,2,wk inc flu hosp,2026-02-28,quantile,0.25,15
2026-02-14,09,2,wk inc flu hosp,2026-02-28,quantile,0.3,19
2026-02-14,09,2,wk inc flu hosp,2026-02-28,quantile,0.35,21
2026-02-14,09,2,wk inc flu hosp,2026-02-28,quantile,0.4,23
2026-02-14,09,2,wk inc flu hosp,2026-02-28,quantile,0.45,28
2026-02-14,09,2,wk inc flu hosp,2026-02-28,quantile,0.5,31
2026-02-14,09,2,wk inc flu hosp,2026-02-28,quantile,0.55,36
2026-02-14,09,2,wk inc flu hosp,2026-02-28,quantile,0.6,46
2026-02-14,09,2,wk inc flu hosp,2026-02-28,quantile,0.65,50
2026-02-14,09,2,wk inc flu hosp,2026-02-28,quantile,0.7,53
2026-02-14,09,2,wk inc flu hosp,2026-02-28,quantile,0.75,60
2026-02-14,09,2,wk inc flu hosp,2026-02-28,quantile,0.8,71
2026-02-14,09,2,wk inc flu hosp,2026-02-28,quantile,0.85,82
2026-02-14,09,2,wk inc flu hosp,2026-02-28,quantile,0.9,101
2026-02-14,09,2,wk inc flu hosp,2026-02-28,quantile,0.95,130
2026-02-14,09,2,wk inc flu hosp,2026-02-28,quantile,0.975,157
2026-02-14,09,2,wk inc flu hosp,2026-02-28,quantile,0.99,197
2026-02-14,09,3,wk inc flu hosp,2026-03-07,quantile,0.01,0
2026-02-14,09,3,wk inc flu hosp,2026-03-07,quantile,0.025,2
2026-02-14,09,3,wk inc flu hosp,2026-03-07,quantile,0.05,2
2026-02-14,09,3,wk inc flu hosp,2026-03-07,quantile,0.1,6
2026-02-14,09,3,wk inc flu hosp,2026-03-07,quantile,0.15,7
2026-02-14,09,3,wk inc flu hosp,2026-03-07,quantile,0.2,9
2026-02-14,09,3,wk inc flu hosp,2026-03-07,quantile,0.25,12
2026-02-14,09,3,wk inc flu hosp,2026-03-07,quantile,0.3,15
2026-02-14,09,3,wk inc flu hosp,2026-03-07,quantile,0.35,18
2026-02-14,09,3,wk inc flu hosp,2026-03-07,quantile,0.4,20
2026-02-14,09,3,wk inc flu hosp,2026-03-07,quantile,0.45,24
2026-02-14,09,3,wk inc flu hosp,2026-03-07,quantile,0.5,28
2026-02-14,09,3,wk inc flu hosp,2026-03-07,quantile,0.55,31
2026-02-14,09,3,wk inc flu hosp,2026-03-07,quantile,0.6,41
2026-02-14,09,3,wk inc flu hosp,2026-03-07,quantile,0.65,47
2026-02-14,09,3,wk inc flu hosp,2026-03-07,quantile,0.7,53
2026-02-14,09,3,wk inc flu hosp,2026-03-07,quantile,0.75,61
2026-02-14,09,3,wk inc flu hosp,2026-03-07,quantile,0.8,70
2026-02-14,09,3,wk inc flu hosp,2026-03-07,quantile,0.85,81
2026-02-14,09,3,wk inc flu hosp,2026-03-07,quantile,0.9,102
2026-02-14,09,3,wk inc flu hosp,2026-03-07,quantile,0.95,143
2026-02-14,09,3,wk inc flu hosp,2026-03-07,quantile,0.975,179
2026-02-14,09,3,wk inc flu hosp,2026-03-07,quantile,0.99,215
2026-02-14,10,0,wk inc flu hosp,2026-02-14,quantile,0.01,11
2026-02-14,10,0,wk inc flu hosp,2026-02-14,quantile,0.025,13
2026-02-14,10,0,wk inc flu hosp,2026-02-14,quantile,0.05,17
2026-02-14,10,0,wk inc flu hosp,2026-02-14,quantile,0.1,21
2026-02-14,10,0,wk inc flu hosp,2026-02-14,quantile,0.15,22
2026-02-14,10,0,wk inc flu hosp,2026-02-14,quantile,0.2,24
2026-02-14,10,0,wk inc flu hosp,2026-02-14,quantile,0.25,27
2026-02-14,10,0,wk inc flu hosp,2026-02-14,quantile,0.3,28
2026-02-14,10,0,wk inc flu hosp,2026-02-14,quantile,0.35,31
2026-02-14,10,0,wk inc flu hosp,2026-02-14,quantile,0.4,32
2026-02-14,10,0,wk inc flu hosp,2026-02-14,quantile,0.45,34
2026-02-14,10,0,wk inc flu hosp,2026-02-14,quantile,0.5,38
2026-02-14,10,0,wk inc flu hosp,2026-02-14,quantile,0.55,39
2026-02-14,10,0,wk inc flu hosp,2026-02-14,quantile,0.6,41
2026-02-14,10,0,wk inc flu hosp,2026-02-14,quantile,0.65,44
2026-02-14,10,0,wk inc flu hosp,2026-02-14,quantile,0.7,46
2026-02-14,10,0,wk inc flu hosp,2026-02-14,quantile,0.75,48
2026-02-14,10,0,wk inc flu hosp,2026-02-14,quantile,0.8,50
2026-02-14,10,0,wk inc flu hosp,2026-02-14,quantile,0.85,54
2026-02-14,10,0,wk inc flu hosp,2026-02-14,quantile,0.9,59
2026-02-14,10,0,wk inc flu hosp,2026-02-14,quantile,0.95,66
2026-02-14,10,0,wk inc flu hosp,2026-02-14,quantile,0.975,74
2026-02-14,10,0,wk inc flu hosp,2026-02-14,quantile,0.99,83
2026-02-14,10,1,wk inc flu hosp,2026-02-21,quantile,0.01,4
2026-02-14,10,1,wk inc flu hosp,2026-02-21,quantile,0.025,5
2026-02-14,10,1,wk inc flu hosp,2026-02-21,quantile,0.05,8
2026-02-14,10,1,wk inc flu hosp,2026-02-21,quantile,0.1,12
2026-02-14,10,1,wk inc flu hosp,2026-02-21,quantile,0.15,13
2026-02-14,10,1,wk inc flu hosp,2026-02-21,quantile,0.2,15
2026-02-14,10,1,wk inc flu hosp,2026-02-21,quantile,0.25,17
2026-02-14,10,1,wk inc flu hosp,2026-02-21,quantile,0.3,18
2026-02-14,10,1,wk inc flu hosp,2026-02-21,quantile,0.35,20
2026-02-14,10,1,wk inc flu hosp,2026-02-21,quantile,0.4,24
2026-02-14,10,1,wk inc flu hosp,2026-02-21,quantile,0.45,27
2026-02-14,10,1,wk inc flu hosp,2026-02-21,quantile,0.5,29
2026-02-14,10,1,wk inc flu hosp,2026-02-21,quantile,0.55,32
2026-02-14,10,1,wk inc flu hosp,2026-02-21,quantile,0.6,35
2026-02-14,10,1,wk inc flu hosp,2026-02-21,quantile,0.65,36
2026-02-14,10,1,wk inc flu hosp,2026-02-21,quantile,0.7,39
2026-02-14,10,1,wk inc flu hosp,2026-02-21,quantile,0.75,42
2026-02-14,10,1,wk inc flu hosp,2026-02-21,quantile,0.8,46
2026-02-14,10,1,wk inc flu hosp,2026-02-21,quantile,0.85,50
2026-02-14,10,1,wk inc flu hosp,2026-02-21,quantile,0.9,56
2026-02-14,10,1,wk inc flu hosp,2026-02-21,quantile,0.95,67
2026-02-14,10,1,wk inc flu hosp,2026-02-21,quantile,0.975,78
2026-02-14,10,1,wk inc flu hosp,2026-02-21,quantile,0.99,92
2026-02-14,10,2,wk inc flu hosp,2026-02-28,quantile,0.01,2
2026-02-14,10,2,wk inc flu hosp,2026-02-28,quantile,0.025,2
2026-02-14,10,2,wk inc flu hosp,2026-02-28,quantile,0.05,4
2026-02-14,10,2,wk inc flu hosp,2026-02-28,quantile,0.1,7
2026-02-14,10,2,wk inc flu hosp,2026-02-28,quantile,0.15,8
2026-02-14,10,2,wk inc flu hosp,2026-02-28,quantile,0.2,10
2026-02-14,10,2,wk inc flu hosp,2026-02-28,quantile,0.25,12
2026-02-14,10,2,wk inc flu hosp,2026-02-28,quantile,0.3,14
2026-02-14,10,2,wk inc flu hosp,2026-02-28,quantile,0.35,16
2026-02-14,10,2,wk inc flu hosp,2026-02-28,quantile,0.4,19
2026-02-14,10,2,wk inc flu hosp,2026-02-28,quantile,0.45,21
2026-02-14,10,2,wk inc flu hosp,2026-02-28,quantile,0.5,22
2026-02-14,10,2,wk inc flu hosp,2026-02-28,quantile,0.55,24
2026-02-14,10,2,wk inc flu hosp,2026-02-28,quantile,0.6,28
2026-02-14,10,2,wk inc flu hosp,2026-02-28,quantile,0.65,31
2026-02-14,10,2,wk inc flu hosp,2026-02-28,quantile,0.7,33
2026-02-14,10,2,wk inc flu hosp,2026-02-28,quantile,0.75,37
2026-02-14,10,2,wk inc flu hosp,2026-02-28,quantile,0.8,42
2026-02-14,10,2,wk inc flu hosp,2026-02-28,quantile,0.85,49
2026-02-14,10,2,wk inc flu hosp,2026-02-28,quantile,0.9,56
2026-02-14,10,2,wk inc flu hosp,2026-02-28,quantile,0.95,65
2026-02-14,10,2,wk inc flu hosp,2026-02-28,quantile,0.975,81
2026-02-14,10,2,wk inc flu hosp,2026-02-28,quantile,0.99,95
2026-02-14,10,3,wk inc flu hosp,2026-03-07,quantile,0.01,0
2026-02-14,10,3,wk inc flu hosp,2026-03-07,quantile,0.025,1
2026-02-14,10,3,wk inc flu hosp,2026-03-07,quantile,0.05,1
2026-02-14,10,3,wk inc flu hosp,2026-03-07,quantile,0.1,3
2026-02-14,10,3,wk inc flu hosp,2026-03-07,quantile,0.15,5
2026-02-14,10,3,wk inc flu hosp,2026-03-07,quantile,0.2,6
2026-02-14,10,3,wk inc flu hosp,2026-03-07,quantile,0.25,7
2026-02-14,10,3,wk inc flu hosp,2026-03-07,quantile,0.3,9
2026-02-14,10,3,wk inc flu hosp,2026-03-07,quantile,0.35,10
2026-02-14,10,3,wk inc flu hosp,2026-03-07,quantile,0.4,13
2026-02-14,10,3,wk inc flu hosp,2026-03-07,quantile,0.45,14
2026-02-14,10,3,wk inc flu hosp,2026-03-07,quantile,0.5,18
2026-02-14,10,3,wk inc flu hosp,2026-03-07,quantile,0.55,19
2026-02-14,10,3,wk inc flu hosp,2026-03-07,quantile,0.6,22
2026-02-14,10,3,wk inc flu hosp,2026-03-07,quantile,0.65,26
2026-02-14,10,3,wk inc flu hosp,2026-03-07,quantile,0.7,29
2026-02-14,10,3,wk inc flu hosp,2026-03-07,quantile,0.75,34
2026-02-14,10,3,wk inc flu hosp,2026-03-07,quantile,0.8,38
2026-02-14,10,3,wk inc flu hosp,2026-03-07,quantile,0.85,43
2026-02-14,10,3,wk inc flu hosp,2026-03-07,quantile,0.9,48
2026-02-14,10,3,wk inc flu hosp,2026-03-07,quantile,0.95,65
2026-02-14,10,3,wk inc flu hosp,2026-03-07,quantile,0.975,79
2026-02-14,10,3,wk inc flu hosp,2026-03-07,quantile,0.99,92
2026-02-14,11,0,wk inc flu hosp,2026-02-14,quantile,0.01,0
2026-02-14,11,0,wk inc flu hosp,2026-02-14,quantile,0.025,0
2026-02-14,11,0,wk inc flu hosp,2026-02-14,quantile,0.05,1
2026-02-14,11,0,wk inc flu hosp,2026-02-14,quantile,0.1,1
2026-02-14,11,0,wk inc flu hosp,2026-02-14,quantile,0.15,2
2026-02-14,11,0,wk inc flu hosp,2026-02-14,quantile,0.2,2
2026-02-14,11,0,wk inc flu hosp,2026-02-14,quantile,0.25,3
2026-02-14,11,0,wk inc flu hosp,2026-02-14,quantile,0.3,3
2026-02-14,11,0,wk inc flu hosp,2026-02-14,quantile,0.35,3
2026-02-14,11,0,wk inc flu hosp,2026-02-14,quantile,0.4,4
2026-02-14,11,0,wk inc flu hosp,2026-02-14,quantile,0.45,4
2026-02-14,11,0,wk inc flu hosp,2026-02-14,quantile,0.5,6
2026-02-14,11,0,wk inc flu hosp,2026-02-14,quantile,0.55,6
2026-02-14,11,0,wk inc flu hosp,2026-02-14,quantile,0.6,7
2026-02-14,11,0,wk inc flu hosp,2026-02-14,quantile,0.65,8
2026-02-14,11,0,wk inc flu hosp,2026-02-14,quantile,0.7,9
2026-02-14,11,0,wk inc flu hosp,2026-02-14,quantile,0.75,10
2026-02-14,11,0,wk inc flu hosp,2026-02-14,quantile,0.8,11
2026-02-14,11,0,wk inc flu hosp,2026-02-14,quantile,0.85,12
2026-02-14,11,0,wk inc flu hosp,2026-02-14,quantile,0.9,14
2026-02-14,11,0,wk inc flu hosp,2026-02-14,quantile,0.95,19
2026-02-14,11,0,wk inc flu hosp,2026-02-14,quantile,0.975,23
2026-02-14,11,0,wk inc flu hosp,2026-02-14,quantile,0.99,28
2026-02-14,11,1,wk inc flu hosp,2026-02-21,quantile,0.01,0
2026-02-14,11,1,wk inc flu hosp,2026-02-21,quantile,0.025,0
2026-02-14,11,1,wk inc flu hosp,2026-02-21,quantile,0.05,0
2026-02-14,11,1,wk inc flu hosp,2026-02-21,quantile,0.1,0
2026-02-14,11,1,wk inc flu hosp,2026-02-21,quantile,0.15,1
2026-02-14,11,1,wk inc flu hosp,2026-02-21,quantile,0.2,1
2026-02-14,11,1,wk inc flu hosp,2026-02-21,quantile,0.25,1
2026-02-14,11,1,wk inc flu hosp,2026-02-21,quantile,0.3,2
2026-02-14,11,1,wk inc flu hosp,2026-02-21,quantile,0.35,2
2026-02-14,11,1,wk inc flu hosp,2026-02-21,quantile,0.4,3
2026-02-14,11,1,wk inc flu hosp,2026-02-21,quantile,0.45,4
2026-02-14,11,1,wk inc flu hosp,2026-02-21,quantile,0.5,5
2026-02-14,11,1,wk inc flu hosp,2026-02-21,quantile,0.55,6
2026-02-14,11,1,wk inc flu hosp,2026-02-21,quantile,0.6,6
2026-02-14,11,1,wk inc flu hosp,2026-02-21,quantile,0.65,7
2026-02-14,11,1,wk inc flu hosp,2026-02-21,quantile,0.7,8
2026-02-14,11,1,wk inc flu hosp,2026-02-21,quantile,0.75,10
2026-02-14,11,1,wk inc flu hosp,2026-02-21,quantile,0.8,11
2026-02-14,11,1,wk inc flu hosp,2026-02-21,quantile,0.85,13
2026-02-14,11,1,wk inc flu hosp,2026-02-21,quantile,0.9,16
2026-02-14,11,1,wk inc flu hosp,2026-02-21,quantile,0.95,23
2026-02-14,11,1,wk inc flu hosp,2026-02-21,quantile,0.975,28
2026-02-14,11,1,wk inc flu hosp,2026-02-21,quantile,0.99,37
2026-02-14,11,2,wk inc flu hosp,2026-02-28,quantile,0.01,0
2026-02-14,11,2,wk inc flu hosp,2026-02-28,quantile,0.025,0
2026-02-14,11,2,wk inc flu hosp,2026-02-28,quantile,0.05,0
2026-02-14,11,2,wk inc flu hosp,2026-02-28,quantile,0.1,0
2026-02-14,11,2,wk inc flu hosp,2026-02-28,quantile,0.15,0
2026-02-14,11,2,wk inc flu hosp,2026-02-28,quantile,0.2,0
2026-02-14,11,2,wk inc flu hosp,2026-02-28,quantile,0.25,1
2026-02-14,11,2,wk inc flu hosp,2026-02-28,quantile,0.3,1
2026-02-14,11,2,wk inc flu hosp,2026-02-28,quantile,0.35,2
2026-02-14,11,2,wk inc flu hosp,2026-02-28,quantile,0.4,2
2026-02-14,11,2,wk inc flu hosp,2026-02-28,quantile,0.45,3
2026-02-14,11,2,wk inc flu hosp,2026-02-28,quantile,0.5,4
2026-02-14,11,2,wk inc flu hosp,2026-02-28,quantile,0.55,5
2026-02-14,11,2,wk inc flu hosp,2026-02-28,quantile,0.6,6
2026-02-14,11,2,wk inc flu hosp,2026-02-28,quantile,0.65,7
2026-02-14,11,2,wk inc flu hosp,2026-02-28,quantile,0.7,8
2026-02-14,11,2,wk inc flu hosp,2026-02-28,quantile,0.75,9
2026-02-14,11,2,wk inc flu hosp,2026-02-28,quantile,0.8,12
2026-02-14,11,2,wk inc flu hosp,2026-02-28,quantile,0.85,14
2026-02-14,11,2,wk inc flu hosp,2026-02-28,quantile,0.9,16
2026-02-14,11,2,wk inc flu hosp,2026-02-28,quantile,0.95,27
2026-02-14,11,2,wk inc flu hosp,2026-02-28,quantile,0.975,36
2026-02-14,11,2,wk inc flu hosp,2026-02-28,quantile,0.99,43
2026-02-14,11,3,wk inc flu hosp,2026-03-07,quantile,0.01,0
2026-02-14,11,3,wk inc flu hosp,2026-03-07,quantile,0.025,0
2026-02-14,11,3,wk inc flu hosp,2026-03-07,quantile,0.05,0
2026-02-14,11,3,wk inc flu hosp,2026-03-07,quantile,0.1,0
2026-02-14,11,3,wk inc flu hosp,2026-03-07,quantile,0.15,0
2026-02-14,11,3,wk inc flu hosp,2026-03-07,quantile,0.2,0
2026-02-14,11,3,wk inc flu hosp,2026-03-07,quantile,0.25,1
2026-02-14,11,3,wk inc flu hosp,2026-03-07,quantile,0.3,1
2026-02-14,11,3,wk inc flu hosp,2026-03-07,quantile,0.35,1
2026-02-14,11,3,wk inc flu hosp,2026-03-07,quantile,0.4,2
2026-02-14,11,3,wk inc flu hosp,2026-03-07,quantile,0.45,2
2026-02-14,11,3,wk inc flu hosp,2026-03-07,quantile,0.5,4
2026-02-14,11,3,wk inc flu hosp,2026-03-07,quantile,0.55,4
2026-02-14,11,3,wk inc flu hosp,2026-03-07,quantile,0.6,5
2026-02-14,11,3,wk inc flu hosp,2026-03-07,quantile,0.65,6
2026-02-14,11,3,wk inc flu hosp,2026-03-07,quantile,0.7,8
2026-02-14,11,3,wk inc flu hosp,2026-03-07,quantile,0.75,9
2026-02-14,11,3,wk inc flu hosp,2026-03-07,quantile,0.8,12
2026-02-14,11,3,wk inc flu hosp,2026-03-07,quantile,0.85,15
2026-02-14,11,3,wk inc flu hosp,2026-03-07,quantile,0.9,19
2026-02-14,11,3,wk inc flu hosp,2026-03-07,quantile,0.95,33
2026-02-14,11,3,wk inc flu hosp,2026-03-07,quantile,0.975,40
2026-02-14,11,3,wk inc flu hosp,2026-03-07,quantile,0.99,57
2026-02-14,12,0,wk inc flu hosp,2026-02-14,quantile,0.01,860
2026-02-14,12,0,wk inc flu hosp,2026-02-14,quantile,0.025,996
2026-02-14,12,0,wk inc flu hosp,2026-02-14,quantile,0.05,1053
2026-02-14,12,0,wk inc flu hosp,2026-02-14,quantile,0.1,1137
2026-02-14,12,0,wk inc flu hosp,2026-02-14,quantile,0.15,1223
2026-02-14,12,0,wk inc flu hosp,2026-02-14,quantile,0.2,1281
2026-02-14,12,0,wk inc flu hosp,2026-02-14,quantile,0.25,1318
2026-02-14,12,0,wk inc flu hosp,2026-02-14,quantile,0.3,1383
2026-02-14,12,0,wk inc flu hosp,2026-02-14,quantile,0.35,1436
2026-02-14,12,0,wk inc flu hosp,2026-02-14,quantile,0.4,1484
2026-02-14,12,0,wk inc flu hosp,2026-02-14,quantile,0.45,1526
2026-02-14,12,0,wk inc flu hosp,2026-02-14,quantile,0.5,1557
2026-02-14,12,0,wk inc flu hosp,2026-02-14,quantile,0.55,1606
2026-02-14,12,0,wk inc flu hosp,2026-02-14,quantile,0.6,1656
2026-02-14,12,0,wk inc flu hosp,2026-02-14,quantile,0.65,1709
2026-02-14,12,0,wk inc flu hosp,2026-02-14,quantile,0.7,1767
2026-02-14,12,0,wk inc flu hosp,2026-02-14,quantile,0.75,1777
2026-02-14,12,0,wk inc flu hosp,2026-02-14,quantile,0.8,1828
2026-02-14,12,0,wk inc flu hosp,2026-02-14,quantile,0.85,1856
2026-02-14,12,0,wk inc flu hosp,2026-02-14,quantile,0.9,1975
2026-02-14,12,0,wk inc flu hosp,2026-02-14,quantile,0.95,2171
2026-02-14,12,0,wk inc flu hosp,2026-02-14,quantile,0.975,2320
2026-02-14,12,0,wk inc flu hosp,2026-02-14,quantile,0.99,2486
2026-02-14,12,1,wk inc flu hosp,2026-02-21,quantile,0.01,668
2026-02-14,12,1,wk inc flu hosp,2026-02-21,quantile,0.025,766
2026-02-14,12,1,wk inc flu hosp,2026-02-21,quantile,0.05,853
2026-02-14,12,1,wk inc flu hosp,2026-02-21,quantile,0.1,1028
2026-02-14,12,1,wk inc flu hosp,2026-02-21,quantile,0.15,1088
2026-02-14,12,1,wk inc flu hosp,2026-02-21,quantile,0.2,1132
2026-02-14,12,1,wk inc flu hosp,2026-02-21,quantile,0.25,1188
2026-02-14,12,1,wk inc flu hosp,2026-02-21,quantile,0.3,1252
2026-02-14,12,1,wk inc flu hosp,2026-02-21,quantile,0.35,1295
2026-02-14,12,1,wk inc flu hosp,2026-02-21,quantile,0.4,1341
2026-02-14,12,1,wk inc flu hosp,2026-02-21,quantile,0.45,1400
2026-02-14,12,1,wk inc flu hosp,2026-02-21,quantile,0.5,1474
2026-02-14,12,1,wk inc flu hosp,2026-02-21,quantile,0.55,1519
2026-02-14,12,1,wk inc flu hosp,2026-02-21,quantile,0.6,1600
2026-02-14,12,1,wk inc flu hosp,2026-02-21,quantile,0.65,1631
2026-02-14,12,1,wk inc flu hosp,2026-02-21,quantile,0.7,1676
2026-02-14,12,1,wk inc flu hosp,2026-02-21,quantile,0.75,1751
2026-02-14,12,1,wk inc flu hosp,2026-02-21,quantile,0.8,1832
2026-02-14,12,1,wk inc flu hosp,2026-02-21,quantile,0.85,1868
2026-02-14,12,1,wk inc flu hosp,2026-02-21,quantile,0.9,2004
2026-02-14,12,1,wk inc flu hosp,2026-02-21,quantile,0.95,2295
2026-02-14,12,1,wk inc flu hosp,2026-02-21,quantile,0.975,2511
2026-02-14,12,1,wk inc flu hosp,2026-02-21,quantile,0.99,2695
2026-02-14,12,2,wk inc flu hosp,2026-02-28,quantile,0.01,477
2026-02-14,12,2,wk inc flu hosp,2026-02-28,quantile,0.025,555
2026-02-14,12,2,wk inc flu hosp,2026-02-28,quantile,0.05,680
2026-02-14,12,2,wk inc flu hosp,2026-02-28,quantile,0.1,830
2026-02-14,12,2,wk inc flu hosp,2026-02-28,quantile,0.15,917
2026-02-14,12,2,wk inc flu hosp,2026-02-28,quantile,0.2,985
2026-02-14,12,2,wk inc flu hosp,2026-02-28,quantile,0.25,1051
2026-02-14,12,2,wk inc flu hosp,2026-02-28,quantile,0.3,1098
2026-02-14,12,2,wk inc flu hosp,2026-02-28,quantile,0.35,1148
2026-02-14,12,2,wk inc flu hosp,2026-02-28,quantile,0.4,1200
2026-02-14,12,2,wk inc flu hosp,2026-02-28,quantile,0.45,1266
2026-02-14,12,2,wk inc flu hosp,2026-02-28,quantile,0.5,1344
2026-02-14,12,2,wk inc flu hosp,2026-02-28,quantile,0.55,1418
2026-02-14,12,2,wk inc flu hosp,2026-02-28,quantile,0.6,1478
2026-02-14,12,2,wk inc flu hosp,2026-02-28,quantile,0.65,1544
2026-02-14,12,2,wk inc flu hosp,2026-02-28,quantile,0.7,1620
2026-02-14,12,2,wk inc flu hosp,2026-02-28,quantile,0.75,1689
2026-02-14,12,2,wk inc flu hosp,2026-02-28,quantile,0.8,1802
2026-02-14,12,2,wk inc flu hosp,2026-02-28,quantile,0.85,1923
2026-02-14,12,2,wk inc flu hosp,2026-02-28,quantile,0.9,2086
2026-02-14,12,2,wk inc flu hosp,2026-02-28,quantile,0.95,2322
2026-02-14,12,2,wk inc flu hosp,2026-02-28,quantile,0.975,2454
2026-02-14,12,2,wk inc flu hosp,2026-02-28,quantile,0.99,2703
2026-02-14,12,3,wk inc flu hosp,2026-03-07,quantile,0.01,320
2026-02-14,12,3,wk inc flu hosp,2026-03-07,quantile,0.025,439
2026-02-14,12,3,wk inc flu hosp,2026-03-07,quantile,0.05,497
2026-02-14,12,3,wk inc flu hosp,2026-03-07,quantile,0.1,656
2026-02-14,12,3,wk inc flu hosp,2026-03-07,quantile,0.15,744
2026-02-14,12,3,wk inc flu hosp,2026-03-07,quantile,0.2,835
2026-02-14,12,3,wk inc flu hosp,2026-03-07,quantile,0.25,888
2026-02-14,12,3,wk inc flu hosp,2026-03-07,quantile,0.3,929
2026-02-14,12,3,wk inc flu hosp,2026-03-07,quantile,0.35,1007
2026-02-14,12,3,wk inc flu hosp,2026-03-07,quantile,0.4,1079
2026-02-14,12,3,wk inc flu hosp,2026-03-07,quantile,0.45,1164
2026-02-14,12,3,wk inc flu hosp,2026-03-07,quantile,0.5,1233
2026-02-14,12,3,wk inc flu hosp,2026-03-07,quantile,0.55,1308
2026-02-14,12,3,wk inc flu hosp,2026-03-07,quantile,0.6,1340
2026-02-14,12,3,wk inc flu hosp,2026-03-07,quantile,0.65,1424
2026-02-14,12,3,wk inc flu hosp,2026-03-07,quantile,0.7,1530
2026-02-14,12,3,wk inc flu hosp,2026-03-07,quantile,0.75,1623
2026-02-14,12,3,wk inc flu hosp,2026-03-07,quantile,0.8,1732
2026-02-14,12,3,wk inc flu hosp,2026-03-07,quantile,0.85,1874
2026-02-14,12,3,wk inc flu hosp,2026-03-07,quantile,0.9,2038
2026-02-14,12,3,wk inc flu hosp,2026-03-07,quantile,0.95,2308
2026-02-14,12,3,wk inc flu hosp,2026-03-07,quantile,0.975,2583
2026-02-14,12,3,wk inc flu hosp,2026-03-07,quantile,0.99,2828
2026-02-14,13,0,wk inc flu hosp,2026-02-14,quantile,0.01,150
2026-02-14,13,0,wk inc flu hosp,2026-02-14,quantile,0.025,174
2026-02-14,13,0,wk inc flu hosp,2026-02-14,quantile,0.05,202
2026-02-14,13,0,wk inc flu hosp,2026-02-14,quantile,0.1,225
2026-02-14,13,0,wk inc flu hosp,2026-02-14,quantile,0.15,239
2026-02-14,13,0,wk inc flu hosp,2026-02-14,quantile,0.2,252
2026-02-14,13,0,wk inc flu hosp,2026-02-14,quantile,0.25,266
2026-02-14,13,0,wk inc flu hosp,2026-02-14,quantile,0.3,279
2026-02-14,13,0,wk inc flu hosp,2026-02-14,quantile,0.35,293
2026-02-14,13,0,wk inc flu hosp,2026-02-14,quantile,0.4,311
2026-02-14,13,0,wk inc flu hosp,2026-02-14,quantile,0.45,323
2026-02-14,13,0,wk inc flu hosp,2026-02-14,quantile,0.5,335
2026-02-14,13,0,wk inc flu hosp,2026-02-14,quantile,0.55,345
2026-02-14,13,0,wk inc flu hosp,2026-02-14,quantile,0.6,359
2026-02-14,13,0,wk inc flu hosp,2026-02-14,quantile,0.65,376
2026-02-14,13,0,wk inc flu hosp,2026-02-14,quantile,0.7,394
2026-02-14,13,0,wk inc flu hosp,2026-02-14,quantile,0.75,404
2026-02-14,13,0,wk inc flu hosp,2026-02-14,quantile,0.8,422
2026-02-14,13,0,wk inc flu hosp,2026-02-14,quantile,0.85,445
2026-02-14,13,0,wk inc flu hosp,2026-02-14,quantile,0.9,472
2026-02-14,13,0,wk inc flu hosp,2026-02-14,quantile,0.95,520
2026-02-14,13,0,wk inc flu hosp,2026-02-14,quantile,0.975,568
2026-02-14,13,0,wk inc flu hosp,2026-02-14,quantile,0.99,640
2026-02-14,13,1,wk inc flu hosp,2026-02-21,quantile,0.01,92
2026-02-14,13,1,wk inc flu hosp,2026-02-21,quantile,0.025,113
2026-02-14,13,1,wk inc flu hosp,2026-02-21,quantile,0.05,140
2026-02-14,13,1,wk inc flu hosp,2026-02-21,quantile,0.1,167
2026-02-14,13,1,wk inc flu hosp,2026-02-21,quantile,0.15,189
2026-02-14,13,1,wk inc flu hosp,2026-02-21,quantile,0.2,205
2026-02-14,13,1,wk inc flu hosp,2026-02-21,quantile,0.25,222
2026-02-14,13,1,wk inc flu hosp,2026-02-21,quantile,0.3,237
2026-02-14,13,1,wk inc flu hosp,2026-02-21,quantile,0.35,250
2026-02-14,13,1,wk inc flu hosp,2026-02-21,quantile,0.4,273
2026-02-14,13,1,wk inc flu hosp,2026-02-21,quantile,0.45,289
2026-02-14,13,1,wk inc flu hosp,2026-02-21,quantile,0.5,311
2026-02-14,13,1,wk inc flu hosp,2026-02-21,quantile,0.55,331
2026-02-14,13,1,wk inc flu hosp,2026-02-21,quantile,0.6,347
2026-02-14,13,1,wk inc flu hosp,2026-02-21,quantile,0.65,366
2026-02-14,13,1,wk inc flu hosp,2026-02-21,quantile,0.7,381
2026-02-14,13,1,wk inc flu hosp,2026-02-21,quantile,0.75,409
2026-02-14,13,1,wk inc flu hosp,2026-02-21,quantile,0.8,426
2026-02-14,13,1,wk inc flu hosp,2026-02-21,quantile,0.85,450
2026-02-14,13,1,wk inc flu hosp,2026-02-21,quantile,0.9,500
2026-02-14,13,1,wk inc flu hosp,2026-02-21,quantile,0.95,565
2026-02-14,13,1,wk inc flu hosp,2026-02-21,quantile,0.975,639
2026-02-14,13,1,wk inc flu hosp,2026-02-21,quantile,0.99,763
2026-02-14,13,2,wk inc flu hosp,2026-02-28,quantile,0.01,53
2026-02-14,13,2,wk inc flu hosp,2026-02-28,quantile,0.025,69
2026-02-14,13,2,wk inc flu hosp,2026-02-28,quantile,0.05,94
2026-02-14,13,2,wk inc flu hosp,2026-02-28,quantile,0.1,128
2026-02-14,13,2,wk inc flu hosp,2026-02-28,quantile,0.15,158
2026-02-14,13,2,wk inc flu hosp,2026-02-28,quantile,0.2,175
2026-02-14,13,2,wk inc flu hosp,2026-02-28,quantile,0.25,189
2026-02-14,13,2,wk inc flu hosp,2026-02-28,quantile,0.3,202
2026-02-14,13,2,wk inc flu hosp,2026-02-28,quantile,0.35,216
2026-02-14,13,2,wk inc flu hosp,2026-02-28,quantile,0.4,239
2026-02-14,13,2,wk inc flu hosp,2026-02-28,quantile,0.45,256
2026-02-14,13,2,wk inc flu hosp,2026-02-28,quantile,0.5,289
2026-02-14,13,2,wk inc flu hosp,2026-02-28,quantile,0.55,314
2026-02-14,13,2,wk inc flu hosp,2026-02-28,quantile,0.6,329
2026-02-14,13,2,wk inc flu hosp,2026-02-28,quantile,0.65,352
2026-02-14,13,2,wk inc flu hosp,2026-02-28,quantile,0.7,369
2026-02-14,13,2,wk inc flu hosp,2026-02-28,quantile,0.75,397
2026-02-14,13,2,wk inc flu hosp,2026-02-28,quantile,0.8,439
2026-02-14,13,2,wk inc flu hosp,2026-02-28,quantile,0.85,467
2026-02-14,13,2,wk inc flu hosp,2026-02-28,quantile,0.9,514
2026-02-14,13,2,wk inc flu hosp,2026-02-28,quantile,0.95,577
2026-02-14,13,2,wk inc flu hosp,2026-02-28,quantile,0.975,657
2026-02-14,13,2,wk inc flu hosp,2026-02-28,quantile,0.99,787
2026-02-14,13,3,wk inc flu hosp,2026-03-07,quantile,0.01,49
2026-02-14,13,3,wk inc flu hosp,2026-03-07,quantile,0.025,61
2026-02-14,13,3,wk inc flu hosp,2026-03-07,quantile,0.05,78
2026-02-14,13,3,wk inc flu hosp,2026-03-07,quantile,0.1,101
2026-02-14,13,3,wk inc flu hosp,2026-03-07,quantile,0.15,119
2026-02-14,13,3,wk inc flu hosp,2026-03-07,quantile,0.2,143
2026-02-14,13,3,wk inc flu hosp,2026-03-07,quantile,0.25,159
2026-02-14,13,3,wk inc flu hosp,2026-03-07,quantile,0.3,171
2026-02-14,13,3,wk inc flu hosp,2026-03-07,quantile,0.35,187
2026-02-14,13,3,wk inc flu hosp,2026-03-07,quantile,0.4,205
2026-02-14,13,3,wk inc flu hosp,2026-03-07,quantile,0.45,223
2026-02-14,13,3,wk inc flu hosp,2026-03-07,quantile,0.5,243
2026-02-14,13,3,wk inc flu hosp,2026-03-07,quantile,0.55,269
2026-02-14,13,3,wk inc flu hosp,2026-03-07,quantile,0.6,291
2026-02-14,13,3,wk inc flu hosp,2026-03-07,quantile,0.65,320
2026-02-14,13,3,wk inc flu hosp,2026-03-07,quantile,0.7,354
2026-02-14,13,3,wk inc flu hosp,2026-03-07,quantile,0.75,387
2026-02-14,13,3,wk inc flu hosp,2026-03-07,quantile,0.8,412
2026-02-14,13,3,wk inc flu hosp,2026-03-07,quantile,0.85,440
2026-02-14,13,3,wk inc flu hosp,2026-03-07,quantile,0.9,495
2026-02-14,13,3,wk inc flu hosp,2026-03-07,quantile,0.95,585
2026-02-14,13,3,wk inc flu hosp,2026-03-07,quantile,0.975,691
2026-02-14,13,3,wk inc flu hosp,2026-03-07,quantile,0.99,859
2026-02-14,15,0,wk inc flu hosp,2026-02-14,quantile,0.01,5
2026-02-14,15,0,wk inc flu hosp,2026-02-14,quantile,0.025,8
2026-02-14,15,0,wk inc flu hosp,2026-02-14,quantile,0.05,10
2026-02-14,15,0,wk inc flu hosp,2026-02-14,quantile,0.1,12
2026-02-14,15,0,wk inc flu hosp,2026-02-14,quantile,0.15,13
2026-02-14,15,0,wk inc flu hosp,2026-02-14,quantile,0.2,14
2026-02-14,15,0,wk inc flu hosp,2026-02-14,quantile,0.25,16
2026-02-14,15,0,wk inc flu hosp,2026-02-14,quantile,0.3,17
2026-02-14,15,0,wk inc flu hosp,2026-02-14,quantile,0.35,18
2026-02-14,15,0,wk inc flu hosp,2026-02-14,quantile,0.4,19
2026-02-14,15,0,wk inc flu hosp,2026-02-14,quantile,0.45,20
2026-02-14,15,0,wk inc flu hosp,2026-02-14,quantile,0.5,22
2026-02-14,15,0,wk inc flu hosp,2026-02-14,quantile,0.55,23
2026-02-14,15,0,wk inc flu hosp,2026-02-14,quantile,0.6,25
2026-02-14,15,0,wk inc flu hosp,2026-02-14,quantile,0.65,26
2026-02-14,15,0,wk inc flu hosp,2026-02-14,quantile,0.7,28
2026-02-14,15,0,wk inc flu hosp,2026-02-14,quantile,0.75,30
2026-02-14,15,0,wk inc flu hosp,2026-02-14,quantile,0.8,32
2026-02-14,15,0,wk inc flu hosp,2026-02-14,quantile,0.85,34
2026-02-14,15,0,wk inc flu hosp,2026-02-14,quantile,0.9,37
2026-02-14,15,0,wk inc flu hosp,2026-02-14,quantile,0.95,42
2026-02-14,15,0,wk inc flu hosp,2026-02-14,quantile,0.975,47
2026-02-14,15,0,wk inc flu hosp,2026-02-14,quantile,0.99,49
2026-02-14,15,1,wk inc flu hosp,2026-02-21,quantile,0.01,3
2026-02-14,15,1,wk inc flu hosp,2026-02-21,quantile,0.025,5
2026-02-14,15,1,wk inc flu hosp,2026-02-21,quantile,0.05,7
2026-02-14,15,1,wk inc flu hosp,2026-02-21,quantile,0.1,8
2026-02-14,15,1,wk inc flu hosp,2026-02-21,quantile,0.15,10
2026-02-14,15,1,wk inc flu hosp,2026-02-21,quantile,0.2,12
2026-02-14,15,1,wk inc flu hosp,2026-02-21,quantile,0.25,14
2026-02-14,15,1,wk inc flu hosp,2026-02-21,quantile,0.3,14
2026-02-14,15,1,wk inc flu hosp,2026-02-21,quantile,0.35,16
2026-02-14,15,1,wk inc flu hosp,2026-02-21,quantile,0.4,18
2026-02-14,15,1,wk inc flu hosp,2026-02-21,quantile,0.45,19
2026-02-14,15,1,wk inc flu hosp,2026-02-21,quantile,0.5,22
2026-02-14,15,1,wk inc flu hosp,2026-02-21,quantile,0.55,23
2026-02-14,15,1,wk inc flu hosp,2026-02-21,quantile,0.6,24
2026-02-14,15,1,wk inc flu hosp,2026-02-21,quantile,0.65,26
2026-02-14,15,1,wk inc flu hosp,2026-02-21,quantile,0.7,28
2026-02-14,15,1,wk inc flu hosp,2026-02-21,quantile,0.75,31
2026-02-14,15,1,wk inc flu hosp,2026-02-21,quantile,0.8,33
2026-02-14,15,1,wk inc flu hosp,2026-02-21,quantile,0.85,37
2026-02-14,15,1,wk inc flu hosp,2026-02-21,quantile,0.9,42
2026-02-14,15,1,wk inc flu hosp,2026-02-21,quantile,0.95,47
2026-02-14,15,1,wk inc flu hosp,2026-02-21,quantile,0.975,53
2026-02-14,15,1,wk inc flu hosp,2026-02-21,quantile,0.99,59
2026-02-14,15,2,wk inc flu hosp,2026-02-28,quantile,0.01,2
2026-02-14,15,2,wk inc flu hosp,2026-02-28,quantile,0.025,3
2026-02-14,15,2,wk inc flu hosp,2026-02-28,quantile,0.05,5
2026-02-14,15,2,wk inc flu hosp,2026-02-28,quantile,0.1,7
2026-02-14,15,2,wk inc flu hosp,2026-02-28,quantile,0.15,8
2026-02-14,15,2,wk inc flu hosp,2026-02-28,quantile,0.2,10
2026-02-14,15,2,wk inc flu hosp,2026-02-28,quantile,0.25,11
2026-02-14,15,2,wk inc flu hosp,2026-02-28,quantile,0.3,12
2026-02-14,15,2,wk inc flu hosp,2026-02-28,quantile,0.35,13
2026-02-14,15,2,wk inc flu hosp,2026-02-28,quantile,0.4,15
2026-02-14,15,2,wk inc flu hosp,2026-02-28,quantile,0.45,17
2026-02-14,15,2,wk inc flu hosp,2026-02-28,quantile,0.5,19
2026-02-14,15,2,wk inc flu hosp,2026-02-28,quantile,0.55,21
2026-02-14,15,2,wk inc flu hosp,2026-02-28,quantile,0.6,22
2026-02-14,15,2,wk inc flu hosp,2026-02-28,quantile,0.65,25
2026-02-14,15,2,wk inc flu hosp,2026-02-28,quantile,0.7,27
2026-02-14,15,2,wk inc flu hosp,2026-02-28,quantile,0.75,29
2026-02-14,15,2,wk inc flu hosp,2026-02-28,quantile,0.8,32
2026-02-14,15,2,wk inc flu hosp,2026-02-28,quantile,0.85,36
2026-02-14,15,2,wk inc flu hosp,2026-02-28,quantile,0.9,41
2026-02-14,15,2,wk inc flu hosp,2026-02-28,quantile,0.95,48
2026-02-14,15,2,wk inc flu hosp,2026-02-28,quantile,0.975,54
2026-02-14,15,2,wk inc flu hosp,2026-02-28,quantile,0.99,62
2026-02-14,15,3,wk inc flu hosp,2026-03-07,quantile,0.01,1
2026-02-14,15,3,wk inc flu hosp,2026-03-07,quantile,0.025,2
2026-02-14,15,3,wk inc flu hosp,2026-03-07,quantile,0.05,4
2026-02-14,15,3,wk inc flu hosp,2026-03-07,quantile,0.1,5
2026-02-14,15,3,wk inc flu hosp,2026-03-07,quantile,0.15,7
2026-02-14,15,3,wk inc flu hosp,2026-03-07,quantile,0.2,9
2026-02-14,15,3,wk inc flu hosp,2026-03-07,quantile,0.25,10
2026-02-14,15,3,wk inc flu hosp,2026-03-07,quantile,0.3,10
2026-02-14,15,3,wk inc flu hosp,2026-03-07,quantile,0.35,12
2026-02-14,15,3,wk inc flu hosp,2026-03-07,quantile,0.4,13
2026-02-14,15,3,wk inc flu hosp,2026-03-07,quantile,0.45,14
2026-02-14,15,3,wk inc flu hosp,2026-03-07,quantile,0.5,17
2026-02-14,15,3,wk inc flu hosp,2026-03-07,quantile,0.55,20
2026-02-14,15,3,wk inc flu hosp,2026-03-07,quantile,0.6,22
2026-02-14,15,3,wk inc flu hosp,2026-03-07,quantile,0.65,24
2026-02-14,15,3,wk inc flu hosp,2026-03-07,quantile,0.7,27
2026-02-14,15,3,wk inc flu hosp,2026-03-07,quantile,0.75,30
2026-02-14,15,3,wk inc flu hosp,2026-03-07,quantile,0.8,33
2026-02-14,15,3,wk inc flu hosp,2026-03-07,quantile,0.85,37
2026-02-14,15,3,wk inc flu hosp,2026-03-07,quantile,0.9,41
2026-02-14,15,3,wk inc flu hosp,2026-03-07,quantile,0.95,48
2026-02-14,15,3,wk inc flu hosp,2026-03-07,quantile,0.975,54
2026-02-14,15,3,wk inc flu hosp,2026-03-07,quantile,0.99,64
2026-02-14,16,0,wk inc flu hosp,2026-02-14,quantile,0.01,41
2026-02-14,16,0,wk inc flu hosp,2026-02-14,quantile,0.025,49
2026-02-14,16,0,wk inc flu hosp,2026-02-14,quantile,0.05,56
2026-02-14,16,0,wk inc flu hosp,2026-02-14,quantile,0.1,65
2026-02-14,16,0,wk inc flu hosp,2026-02-14,quantile,0.15,71
2026-02-14,16,0,wk inc flu hosp,2026-02-14,quantile,0.2,77
2026-02-14,16,0,wk inc flu hosp,2026-02-14,quantile,0.25,80
2026-02-14,16,0,wk inc flu hosp,2026-02-14,quantile,0.3,84
2026-02-14,16,0,wk inc flu hosp,2026-02-14,quantile,0.35,87
2026-02-14,16,0,wk inc flu hosp,2026-02-14,quantile,0.4,91
2026-02-14,16,0,wk inc flu hosp,2026-02-14,quantile,0.45,95
2026-02-14,16,0,wk inc flu hosp,2026-02-14,quantile,0.5,100
2026-02-14,16,0,wk inc flu hosp,2026-02-14,quantile,0.55,104
2026-02-14,16,0,wk inc flu hosp,2026-02-14,quantile,0.6,107
2026-02-14,16,0,wk inc flu hosp,2026-02-14,quantile,0.65,110
2026-02-14,16,0,wk inc flu hosp,2026-02-14,quantile,0.7,113
2026-02-14,16,0,wk inc flu hosp,2026-02-14,quantile,0.75,118
2026-02-14,16,0,wk inc flu hosp,2026-02-14,quantile,0.8,124
2026-02-14,16,0,wk inc flu hosp,2026-02-14,quantile,0.85,129
2026-02-14,16,0,wk inc flu hosp,2026-02-14,quantile,0.9,139
2026-02-14,16,0,wk inc flu hosp,2026-02-14,quantile,0.95,151
2026-02-14,16,0,wk inc flu hosp,2026-02-14,quantile,0.975,162
2026-02-14,16,0,wk inc flu hosp,2026-02-14,quantile,0.99,176
2026-02-14,16,1,wk inc flu hosp,2026-02-21,quantile,0.01,27
2026-02-14,16,1,wk inc flu hosp,2026-02-21,quantile,0.025,34
2026-02-14,16,1,wk inc flu hosp,2026-02-21,quantile,0.05,42
2026-02-14,16,1,wk inc flu hosp,2026-02-21,quantile,0.1,51
2026-02-14,16,1,wk inc flu hosp,2026-02-21,quantile,0.15,56
2026-02-14,16,1,wk inc flu hosp,2026-02-21,quantile,0.2,64
2026-02-14,16,1,wk inc flu hosp,2026-02-21,quantile,0.25,69
2026-02-14,16,1,wk inc flu hosp,2026-02-21,quantile,0.3,72
2026-02-14,16,1,wk inc flu hosp,2026-02-21,quantile,0.35,77
2026-02-14,16,1,wk inc flu hosp,2026-02-21,quantile,0.4,82
2026-02-14,16,1,wk inc flu hosp,2026-02-21,quantile,0.45,86
2026-02-14,16,1,wk inc flu hosp,2026-02-21,quantile,0.5,93
2026-02-14,16,1,wk inc flu hosp,2026-02-21,quantile,0.55,97
2026-02-14,16,1,wk inc flu hosp,2026-02-21,quantile,0.6,101
2026-02-14,16,1,wk inc flu hosp,2026-02-21,quantile,0.65,104
2026-02-14,16,1,wk inc flu hosp,2026-02-21,quantile,0.7,110
2026-02-14,16,1,wk inc flu hosp,2026-02-21,quantile,0.75,116
2026-02-14,16,1,wk inc flu hosp,2026-02-21,quantile,0.8,124
2026-02-14,16,1,wk inc flu hosp,2026-02-21,quantile,0.85,134
2026-02-14,16,1,wk inc flu hosp,2026-02-21,quantile,0.9,145
2026-02-14,16,1,wk inc flu hosp,2026-02-21,quantile,0.95,165
2026-02-14,16,1,wk inc flu hosp,2026-02-21,quantile,0.975,188
2026-02-14,16,1,wk inc flu hosp,2026-02-21,quantile,0.99,194
2026-02-14,16,2,wk inc flu hosp,2026-02-28,quantile,0.01,19
2026-02-14,16,2,wk inc flu hosp,2026-02-28,quantile,0.025,24
2026-02-14,16,2,wk inc flu hosp,2026-02-28,quantile,0.05,32
2026-02-14,16,2,wk inc flu hosp,2026-02-28,quantile,0.1,39
2026-02-14,16,2,wk inc flu hosp,2026-02-28,quantile,0.15,44
2026-02-14,16,2,wk inc flu hosp,2026-02-28,quantile,0.2,50
2026-02-14,16,2,wk inc flu hosp,2026-02-28,quantile,0.25,55
2026-02-14,16,2,wk inc flu hosp,2026-02-28,quantile,0.3,59
2026-02-14,16,2,wk inc flu hosp,2026-02-28,quantile,0.35,63
2026-02-14,16,2,wk inc flu hosp,2026-02-28,quantile,0.4,67
2026-02-14,16,2,wk inc flu hosp,2026-02-28,quantile,0.45,72
2026-02-14,16,2,wk inc flu hosp,2026-02-28,quantile,0.5,80
2026-02-14,16,2,wk inc flu hosp,2026-02-28,quantile,0.55,83
2026-02-14,16,2,wk inc flu hosp,2026-02-28,quantile,0.6,91
2026-02-14,16,2,wk inc flu hosp,2026-02-28,quantile,0.65,98
2026-02-14,16,2,wk inc flu hosp,2026-02-28,quantile,0.7,105
2026-02-14,16,2,wk inc flu hosp,2026-02-28,quantile,0.75,114
2026-02-14,16,2,wk inc flu hosp,2026-02-28,quantile,0.8,123
2026-02-14,16,2,wk inc flu hosp,2026-02-28,quantile,0.85,132
2026-02-14,16,2,wk inc flu hosp,2026-02-28,quantile,0.9,146
2026-02-14,16,2,wk inc flu hosp,2026-02-28,quantile,0.95,170
2026-02-14,16,2,wk inc flu hosp,2026-02-28,quantile,0.975,195
2026-02-14,16,2,wk inc flu hosp,2026-02-28,quantile,0.99,220
2026-02-14,16,3,wk inc flu hosp,2026-03-07,quantile,0.01,14
2026-02-14,16,3,wk inc flu hosp,2026-03-07,quantile,0.025,18
2026-02-14,16,3,wk inc flu hosp,2026-03-07,quantile,0.05,25
2026-02-14,16,3,wk inc flu hosp,2026-03-07,quantile,0.1,33
2026-02-14,16,3,wk inc flu hosp,2026-03-07,quantile,0.15,38
2026-02-14,16,3,wk inc flu hosp,2026-03-07,quantile,0.2,42
2026-02-14,16,3,wk inc flu hosp,2026-03-07,quantile,0.25,49
2026-02-14,16,3,wk inc flu hosp,2026-03-07,quantile,0.3,54
2026-02-14,16,3,wk inc flu hosp,2026-03-07,quantile,0.35,58
2026-02-14,16,3,wk inc flu hosp,2026-03-07,quantile,0.4,61
2026-02-14,16,3,wk inc flu hosp,2026-03-07,quantile,0.45,65
2026-02-14,16,3,wk inc flu hosp,2026-03-07,quantile,0.5,72
2026-02-14,16,3,wk inc flu hosp,2026-03-07,quantile,0.55,79
2026-02-14,16,3,wk inc flu hosp,2026-03-07,quantile,0.6,84
2026-02-14,16,3,wk inc flu hosp,2026-03-07,quantile,0.65,90
2026-02-14,16,3,wk inc flu hosp,2026-03-07,quantile,0.7,101
2026-02-14,16,3,wk inc flu hosp,2026-03-07,quantile,0.75,108
2026-02-14,16,3,wk inc flu hosp,2026-03-07,quantile,0.8,118
2026-02-14,16,3,wk inc flu hosp,2026-03-07,quantile,0.85,127
2026-02-14,16,3,wk inc flu hosp,2026-03-07,quantile,0.9,142
2026-02-14,16,3,wk inc flu hosp,2026-03-07,quantile,0.95,165
2026-02-14,16,3,wk inc flu hosp,2026-03-07,quantile,0.975,193
2026-02-14,16,3,wk inc flu hosp,2026-03-07,quantile,0.99,228
2026-02-14,17,0,wk inc flu hosp,2026-02-14,quantile,0.01,210
2026-02-14,17,0,wk inc flu hosp,2026-02-14,quantile,0.025,239
2026-02-14,17,0,wk inc flu hosp,2026-02-14,quantile,0.05,271
2026-02-14,17,0,wk inc flu hosp,2026-02-14,quantile,0.1,316
2026-02-14,17,0,wk inc flu hosp,2026-02-14,quantile,0.15,337
2026-02-14,17,0,wk inc flu hosp,2026-02-14,quantile,0.2,356
2026-02-14,17,0,wk inc flu hosp,2026-02-14,quantile,0.25,371
2026-02-14,17,0,wk inc flu hosp,2026-02-14,quantile,0.3,386
2026-02-14,17,0,wk inc flu hosp,2026-02-14,quantile,0.35,410
2026-02-14,17,0,wk inc flu hosp,2026-02-14,quantile,0.4,425
2026-02-14,17,0,wk inc flu hosp,2026-02-14,quantile,0.45,436
2026-02-14,17,0,wk inc flu hosp,2026-02-14,quantile,0.5,458
2026-02-14,17,0,wk inc flu hosp,2026-02-14,quantile,0.55,479
2026-02-14,17,0,wk inc flu hosp,2026-02-14,quantile,0.6,499
2026-02-14,17,0,wk inc flu hosp,2026-02-14,quantile,0.65,520
2026-02-14,17,0,wk inc flu hosp,2026-02-14,quantile,0.7,541
2026-02-14,17,0,wk inc flu hosp,2026-02-14,quantile,0.75,565
2026-02-14,17,0,wk inc flu hosp,2026-02-14,quantile,0.8,589
2026-02-14,17,0,wk inc flu hosp,2026-02-14,quantile,0.85,611
2026-02-14,17,0,wk inc flu hosp,2026-02-14,quantile,0.9,640
2026-02-14,17,0,wk inc flu hosp,2026-02-14,quantile,0.95,703
2026-02-14,17,0,wk inc flu hosp,2026-02-14,quantile,0.975,773
2026-02-14,17,0,wk inc flu hosp,2026-02-14,quantile,0.99,866
2026-02-14,17,1,wk inc flu hosp,2026-02-21,quantile,0.01,124
2026-02-14,17,1,wk inc flu hosp,2026-02-21,quantile,0.025,159
2026-02-14,17,1,wk inc flu hosp,2026-02-21,quantile,0.05,201
2026-02-14,17,1,wk inc flu hosp,2026-02-21,quantile,0.1,233
2026-02-14,17,1,wk inc flu hosp,2026-02-21,quantile,0.15,258
2026-02-14,17,1,wk inc flu hosp,2026-02-21,quantile,0.2,280
2026-02-14,17,1,wk inc flu hosp,2026-02-21,quantile,0.25,301
2026-02-14,17,1,wk inc flu hosp,2026-02-21,quantile,0.3,323
2026-02-14,17,1,wk inc flu hosp,2026-02-21,quantile,0.35,345
2026-02-14,17,1,wk inc flu hosp,2026-02-21,quantile,0.4,367
2026-02-14,17,1,wk inc flu hosp,2026-02-21,quantile,0.45,391
2026-02-14,17,1,wk inc flu hosp,2026-02-21,quantile,0.5,417
2026-02-14,17,1,wk inc flu hosp,2026-02-21,quantile,0.55,441
2026-02-14,17,1,wk inc flu hosp,2026-02-21,quantile,0.6,461
2026-02-14,17,1,wk inc flu hosp,2026-02-21,quantile,0.65,480
2026-02-14,17,1,wk inc flu hosp,2026-02-21,quantile,0.7,501
2026-02-14,17,1,wk inc flu hosp,2026-02-21,quantile,0.75,536
2026-02-14,17,1,wk inc flu hosp,2026-02-21,quantile,0.8,563
2026-02-14,17,1,wk inc flu hosp,2026-02-21,quantile,0.85,610
2026-02-14,17,1,wk inc flu hosp,2026-02-21,quantile,0.9,666
2026-02-14,17,1,wk inc flu hosp,2026-02-21,quantile,0.95,781
2026-02-14,17,1,wk inc flu hosp,2026-02-21,quantile,0.975,895
2026-02-14,17,1,wk inc flu hosp,2026-02-21,quantile,0.99,1044
2026-02-14,17,2,wk inc flu hosp,2026-02-28,quantile,0.01,69
2026-02-14,17,2,wk inc flu hosp,2026-02-28,quantile,0.025,109
2026-02-14,17,2,wk inc flu hosp,2026-02-28,quantile,0.05,143
2026-02-14,17,2,wk inc flu hosp,2026-02-28,quantile,0.1,181
2026-02-14,17,2,wk inc flu hosp,2026-02-28,quantile,0.15,204
2026-02-14,17,2,wk inc flu hosp,2026-02-28,quantile,0.2,226
2026-02-14,17,2,wk inc flu hosp,2026-02-28,quantile,0.25,239
2026-02-14,17,2,wk inc flu hosp,2026-02-28,quantile,0.3,263
2026-02-14,17,2,wk inc flu hosp,2026-02-28,quantile,0.35,294
2026-02-14,17,2,wk inc flu hosp,2026-02-28,quantile,0.4,311
2026-02-14,17,2,wk inc flu hosp,2026-02-28,quantile,0.45,334
2026-02-14,17,2,wk inc flu hosp,2026-02-28,quantile,0.5,367
2026-02-14,17,2,wk inc flu hosp,2026-02-28,quantile,0.55,392
2026-02-14,17,2,wk inc flu hosp,2026-02-28,quantile,0.6,415
2026-02-14,17,2,wk inc flu hosp,2026-02-28,quantile,0.65,437
2026-02-14,17,2,wk inc flu hosp,2026-02-28,quantile,0.7,462
2026-02-14,17,2,wk inc flu hosp,2026-02-28,quantile,0.75,491
2026-02-14,17,2,wk inc flu hosp,2026-02-28,quantile,0.8,543
2026-02-14,17,2,wk inc flu hosp,2026-02-28,quantile,0.85,593
2026-02-14,17,2,wk inc flu hosp,2026-02-28,quantile,0.9,666
2026-02-14,17,2,wk inc flu hosp,2026-02-28,quantile,0.95,787
2026-02-14,17,2,wk inc flu hosp,2026-02-28,quantile,0.975,903
2026-02-14,17,2,wk inc flu hosp,2026-02-28,quantile,0.99,1086
2026-02-14,17,3,wk inc flu hosp,2026-03-07,quantile,0.01,53
2026-02-14,17,3,wk inc flu hosp,2026-03-07,quantile,0.025,66
2026-02-14,17,3,wk inc flu hosp,2026-03-07,quantile,0.05,102
2026-02-14,17,3,wk inc flu hosp,2026-03-07,quantile,0.1,132
2026-02-14,17,3,wk inc flu hosp,2026-03-07,quantile,0.15,157
2026-02-14,17,3,wk inc flu hosp,2026-03-07,quantile,0.2,186
2026-02-14,17,3,wk inc flu hosp,2026-03-07,quantile,0.25,218
2026-02-14,17,3,wk inc flu hosp,2026-03-07,quantile,0.3,245
2026-02-14,17,3,wk inc flu hosp,2026-03-07,quantile,0.35,267
2026-02-14,17,3,wk inc flu hosp,2026-03-07,quantile,0.4,289
2026-02-14,17,3,wk inc flu hosp,2026-03-07,quantile,0.45,308
2026-02-14,17,3,wk inc flu hosp,2026-03-07,quantile,0.5,326
2026-02-14,17,3,wk inc flu hosp,2026-03-07,quantile,0.55,345
2026-02-14,17,3,wk inc flu hosp,2026-03-07,quantile,0.6,367
2026-02-14,17,3,wk inc flu hosp,2026-03-07,quantile,0.65,391
2026-02-14,17,3,wk inc flu hosp,2026-03-07,quantile,0.7,418
2026-02-14,17,3,wk inc flu hosp,2026-03-07,quantile,0.75,465
2026-02-14,17,3,wk inc flu hosp,2026-03-07,quantile,0.8,504
2026-02-14,17,3,wk inc flu hosp,2026-03-07,quantile,0.85,594
2026-02-14,17,3,wk inc flu hosp,2026-03-07,quantile,0.9,674
2026-02-14,17,3,wk inc flu hosp,2026-03-07,quantile,0.95,786
2026-02-14,17,3,wk inc flu hosp,2026-03-07,quantile,0.975,917
2026-02-14,17,3,wk inc flu hosp,2026-03-07,quantile,0.99,1095
2026-02-14,18,0,wk inc flu hosp,2026-02-14,quantile,0.01,147
2026-02-14,18,0,wk inc flu hosp,2026-02-14,quantile,0.025,162
2026-02-14,18,0,wk inc flu hosp,2026-02-14,quantile,0.05,183
2026-02-14,18,0,wk inc flu hosp,2026-02-14,quantile,0.1,212
2026-02-14,18,0,wk inc flu hosp,2026-02-14,quantile,0.15,234
2026-02-14,18,0,wk inc flu hosp,2026-02-14,quantile,0.2,250
2026-02-14,18,0,wk inc flu hosp,2026-02-14,quantile,0.25,263
2026-02-14,18,0,wk inc flu hosp,2026-02-14,quantile,0.3,277
2026-02-14,18,0,wk inc flu hosp,2026-02-14,quantile,0.35,290
2026-02-14,18,0,wk inc flu hosp,2026-02-14,quantile,0.4,306
2026-02-14,18,0,wk inc flu hosp,2026-02-14,quantile,0.45,318
2026-02-14,18,0,wk inc flu hosp,2026-02-14,quantile,0.5,329
2026-02-14,18,0,wk inc flu hosp,2026-02-14,quantile,0.55,338
2026-02-14,18,0,wk inc flu hosp,2026-02-14,quantile,0.6,347
2026-02-14,18,0,wk inc flu hosp,2026-02-14,quantile,0.65,358
2026-02-14,18,0,wk inc flu hosp,2026-02-14,quantile,0.7,371
2026-02-14,18,0,wk inc flu hosp,2026-02-14,quantile,0.75,386
2026-02-14,18,0,wk inc flu hosp,2026-02-14,quantile,0.8,403
2026-02-14,18,0,wk inc flu hosp,2026-02-14,quantile,0.85,427
2026-02-14,18,0,wk inc flu hosp,2026-02-14,quantile,0.9,462
2026-02-14,18,0,wk inc flu hosp,2026-02-14,quantile,0.95,504
2026-02-14,18,0,wk inc flu hosp,2026-02-14,quantile,0.975,547
2026-02-14,18,0,wk inc flu hosp,2026-02-14,quantile,0.99,585
2026-02-14,18,1,wk inc flu hosp,2026-02-21,quantile,0.01,94
2026-02-14,18,1,wk inc flu hosp,2026-02-21,quantile,0.025,125
2026-02-14,18,1,wk inc flu hosp,2026-02-21,quantile,0.05,147
2026-02-14,18,1,wk inc flu hosp,2026-02-21,quantile,0.1,170
2026-02-14,18,1,wk inc flu hosp,2026-02-21,quantile,0.15,191
2026-02-14,18,1,wk inc flu hosp,2026-02-21,quantile,0.2,206
2026-02-14,18,1,wk inc flu hosp,2026-02-21,quantile,0.25,224
2026-02-14,18,1,wk inc flu hosp,2026-02-21,quantile,0.3,238
2026-02-14,18,1,wk inc flu hosp,2026-02-21,quantile,0.35,259
2026-02-14,18,1,wk inc flu hosp,2026-02-21,quantile,0.4,274
2026-02-14,18,1,wk inc flu hosp,2026-02-21,quantile,0.45,287
2026-02-14,18,1,wk inc flu hosp,2026-02-21,quantile,0.5,302
2026-02-14,18,1,wk inc flu hosp,2026-02-21,quantile,0.55,320
2026-02-14,18,1,wk inc flu hosp,2026-02-21,quantile,0.6,336
2026-02-14,18,1,wk inc flu hosp,2026-02-21,quantile,0.65,352
2026-02-14,18,1,wk inc flu hosp,2026-02-21,quantile,0.7,369
2026-02-14,18,1,wk inc flu hosp,2026-02-21,quantile,0.75,388
2026-02-14,18,1,wk inc flu hosp,2026-02-21,quantile,0.8,411
2026-02-14,18,1,wk inc flu hosp,2026-02-21,quantile,0.85,443
2026-02-14,18,1,wk inc flu hosp,2026-02-21,quantile,0.9,481
2026-02-14,18,1,wk inc flu hosp,2026-02-21,quantile,0.95,555
2026-02-14,18,1,wk inc flu hosp,2026-02-21,quantile,0.975,611
2026-02-14,18,1,wk inc flu hosp,2026-02-21,quantile,0.99,655
2026-02-14,18,2,wk inc flu hosp,2026-02-28,quantile,0.01,45
2026-02-14,18,2,wk inc flu hosp,2026-02-28,quantile,0.025,80
2026-02-14,18,2,wk inc flu hosp,2026-02-28,quantile,0.05,106
2026-02-14,18,2,wk inc flu hosp,2026-02-28,quantile,0.1,136
2026-02-14,18,2,wk inc flu hosp,2026-02-28,quantile,0.15,154
2026-02-14,18,2,wk inc flu hosp,2026-02-28,quantile,0.2,170
2026-02-14,18,2,wk inc flu hosp,2026-02-28,quantile,0.25,185
2026-02-14,18,2,wk inc flu hosp,2026-02-28,quantile,0.3,210
2026-02-14,18,2,wk inc flu hosp,2026-02-28,quantile,0.35,226
2026-02-14,18,2,wk inc flu hosp,2026-02-28,quantile,0.4,238
2026-02-14,18,2,wk inc flu hosp,2026-02-28,quantile,0.45,259
2026-02-14,18,2,wk inc flu hosp,2026-02-28,quantile,0.5,277
2026-02-14,18,2,wk inc flu hosp,2026-02-28,quantile,0.55,288
2026-02-14,18,2,wk inc flu hosp,2026-02-28,quantile,0.6,299
2026-02-14,18,2,wk inc flu hosp,2026-02-28,quantile,0.65,330
2026-02-14,18,2,wk inc flu hosp,2026-02-28,quantile,0.7,354
2026-02-14,18,2,wk inc flu hosp,2026-02-28,quantile,0.75,385
2026-02-14,18,2,wk inc flu hosp,2026-02-28,quantile,0.8,420
2026-02-14,18,2,wk inc flu hosp,2026-02-28,quantile,0.85,456
2026-02-14,18,2,wk inc flu hosp,2026-02-28,quantile,0.9,499
2026-02-14,18,2,wk inc flu hosp,2026-02-28,quantile,0.95,568
2026-02-14,18,2,wk inc flu hosp,2026-02-28,quantile,0.975,631
2026-02-14,18,2,wk inc flu hosp,2026-02-28,quantile,0.99,717
2026-02-14,18,3,wk inc flu hosp,2026-03-07,quantile,0.01,29
2026-02-14,18,3,wk inc flu hosp,2026-03-07,quantile,0.025,42
2026-02-14,18,3,wk inc flu hosp,2026-03-07,quantile,0.05,73
2026-02-14,18,3,wk inc flu hosp,2026-03-07,quantile,0.1,112
2026-02-14,18,3,wk inc flu hosp,2026-03-07,quantile,0.15,131
2026-02-14,18,3,wk inc flu hosp,2026-03-07,quantile,0.2,146
2026-02-14,18,3,wk inc flu hosp,2026-03-07,quantile,0.25,159
2026-02-14,18,3,wk inc flu hosp,2026-03-07,quantile,0.3,171
2026-02-14,18,3,wk inc flu hosp,2026-03-07,quantile,0.35,189
2026-02-14,18,3,wk inc flu hosp,2026-03-07,quantile,0.4,203
2026-02-14,18,3,wk inc flu hosp,2026-03-07,quantile,0.45,222
2026-02-14,18,3,wk inc flu hosp,2026-03-07,quantile,0.5,241
2026-02-14,18,3,wk inc flu hosp,2026-03-07,quantile,0.55,256
2026-02-14,18,3,wk inc flu hosp,2026-03-07,quantile,0.6,284
2026-02-14,18,3,wk inc flu hosp,2026-03-07,quantile,0.65,301
2026-02-14,18,3,wk inc flu hosp,2026-03-07,quantile,0.7,327
2026-02-14,18,3,wk inc flu hosp,2026-03-07,quantile,0.75,369
2026-02-14,18,3,wk inc flu hosp,2026-03-07,quantile,0.8,406
2026-02-14,18,3,wk inc flu hosp,2026-03-07,quantile,0.85,455
2026-02-14,18,3,wk inc flu hosp,2026-03-07,quantile,0.9,517
2026-02-14,18,3,wk inc flu hosp,2026-03-07,quantile,0.95,617
2026-02-14,18,3,wk inc flu hosp,2026-03-07,quantile,0.975,699
2026-02-14,18,3,wk inc flu hosp,2026-03-07,quantile,0.99,799
2026-02-14,19,0,wk inc flu hosp,2026-02-14,quantile,0.01,88
2026-02-14,19,0,wk inc flu hosp,2026-02-14,quantile,0.025,95
2026-02-14,19,0,wk inc flu hosp,2026-02-14,quantile,0.05,109
2026-02-14,19,0,wk inc flu hosp,2026-02-14,quantile,0.1,122
2026-02-14,19,0,wk inc flu hosp,2026-02-14,quantile,0.15,134
2026-02-14,19,0,wk inc flu hosp,2026-02-14,quantile,0.2,142
2026-02-14,19,0,wk inc flu hosp,2026-02-14,quantile,0.25,149
2026-02-14,19,0,wk inc flu hosp,2026-02-14,quantile,0.3,155
2026-02-14,19,0,wk inc flu hosp,2026-02-14,quantile,0.35,160
2026-02-14,19,0,wk inc flu hosp,2026-02-14,quantile,0.4,167
2026-02-14,19,0,wk inc flu hosp,2026-02-14,quantile,0.45,173
2026-02-14,19,0,wk inc flu hosp,2026-02-14,quantile,0.5,179
2026-02-14,19,0,wk inc flu hosp,2026-02-14,quantile,0.55,186
2026-02-14,19,0,wk inc flu hosp,2026-02-14,quantile,0.6,194
2026-02-14,19,0,wk inc flu hosp,2026-02-14,quantile,0.65,200
2026-02-14,19,0,wk inc flu hosp,2026-02-14,quantile,0.7,208
2026-02-14,19,0,wk inc flu hosp,2026-02-14,quantile,0.75,214
2026-02-14,19,0,wk inc flu hosp,2026-02-14,quantile,0.8,223
2026-02-14,19,0,wk inc flu hosp,2026-02-14,quantile,0.85,232
2026-02-14,19,0,wk inc flu hosp,2026-02-14,quantile,0.9,244
2026-02-14,19,0,wk inc flu hosp,2026-02-14,quantile,0.95,269
2026-02-14,19,0,wk inc flu hosp,2026-02-14,quantile,0.975,284
2026-02-14,19,0,wk inc flu hosp,2026-02-14,quantile,0.99,305
2026-02-14,19,1,wk inc flu hosp,2026-02-21,quantile,0.01,53
2026-02-14,19,1,wk inc flu hosp,2026-02-21,quantile,0.025,63
2026-02-14,19,1,wk inc flu hosp,2026-02-21,quantile,0.05,79
2026-02-14,19,1,wk inc flu hosp,2026-02-21,quantile,0.1,97
2026-02-14,19,1,wk inc flu hosp,2026-02-21,quantile,0.15,105
2026-02-14,19,1,wk inc flu hosp,2026-02-21,quantile,0.2,113
2026-02-14,19,1,wk inc flu hosp,2026-02-21,quantile,0.25,121
2026-02-14,19,1,wk inc flu hosp,2026-02-21,quantile,0.3,129
2026-02-14,19,1,wk inc flu hosp,2026-02-21,quantile,0.35,136
2026-02-14,19,1,wk inc flu hosp,2026-02-21,quantile,0.4,144
2026-02-14,19,1,wk inc flu hosp,2026-02-21,quantile,0.45,151
2026-02-14,19,1,wk inc flu hosp,2026-02-21,quantile,0.5,161
2026-02-14,19,1,wk inc flu hosp,2026-02-21,quantile,0.55,168
2026-02-14,19,1,wk inc flu hosp,2026-02-21,quantile,0.6,177
2026-02-14,19,1,wk inc flu hosp,2026-02-21,quantile,0.65,186
2026-02-14,19,1,wk inc flu hosp,2026-02-21,quantile,0.7,197
2026-02-14,19,1,wk inc flu hosp,2026-02-21,quantile,0.75,204
2026-02-14,19,1,wk inc flu hosp,2026-02-21,quantile,0.8,215
2026-02-14,19,1,wk inc flu hosp,2026-02-21,quantile,0.85,230
2026-02-14,19,1,wk inc flu hosp,2026-02-21,quantile,0.9,246
2026-02-14,19,1,wk inc flu hosp,2026-02-21,quantile,0.95,277
2026-02-14,19,1,wk inc flu hosp,2026-02-21,quantile,0.975,302
2026-02-14,19,1,wk inc flu hosp,2026-02-21,quantile,0.99,331
2026-02-14,19,2,wk inc flu hosp,2026-02-28,quantile,0.01,32
2026-02-14,19,2,wk inc flu hosp,2026-02-28,quantile,0.025,43
2026-02-14,19,2,wk inc flu hosp,2026-02-28,quantile,0.05,56
2026-02-14,19,2,wk inc flu hosp,2026-02-28,quantile,0.1,73
2026-02-14,19,2,wk inc flu hosp,2026-02-28,quantile,0.15,81
2026-02-14,19,2,wk inc flu hosp,2026-02-28,quantile,0.2,92
2026-02-14,19,2,wk inc flu hosp,2026-02-28,quantile,0.25,102
2026-02-14,19,2,wk inc flu hosp,2026-02-28,quantile,0.3,109
2026-02-14,19,2,wk inc flu hosp,2026-02-28,quantile,0.35,117
2026-02-14,19,2,wk inc flu hosp,2026-02-28,quantile,0.4,124
2026-02-14,19,2,wk inc flu hosp,2026-02-28,quantile,0.45,131
2026-02-14,19,2,wk inc flu hosp,2026-02-28,quantile,0.5,139
2026-02-14,19,2,wk inc flu hosp,2026-02-28,quantile,0.55,147
2026-02-14,19,2,wk inc flu hosp,2026-02-28,quantile,0.6,156
2026-02-14,19,2,wk inc flu hosp,2026-02-28,quantile,0.65,164
2026-02-14,19,2,wk inc flu hosp,2026-02-28,quantile,0.7,174
2026-02-14,19,2,wk inc flu hosp,2026-02-28,quantile,0.75,184
2026-02-14,19,2,wk inc flu hosp,2026-02-28,quantile,0.8,199
2026-02-14,19,2,wk inc flu hosp,2026-02-28,quantile,0.85,217
2026-02-14,19,2,wk inc flu hosp,2026-02-28,quantile,0.9,235
2026-02-14,19,2,wk inc flu hosp,2026-02-28,quantile,0.95,268
2026-02-14,19,2,wk inc flu hosp,2026-02-28,quantile,0.975,296
2026-02-14,19,2,wk inc flu hosp,2026-02-28,quantile,0.99,339
2026-02-14,19,3,wk inc flu hosp,2026-03-07,quantile,0.01,21
2026-02-14,19,3,wk inc flu hosp,2026-03-07,quantile,0.025,33
2026-02-14,19,3,wk inc flu hosp,2026-03-07,quantile,0.05,42
2026-02-14,19,3,wk inc flu hosp,2026-03-07,quantile,0.1,55
2026-02-14,19,3,wk inc flu hosp,2026-03-07,quantile,0.15,61
2026-02-14,19,3,wk inc flu hosp,2026-03-07,quantile,0.2,70
2026-02-14,19,3,wk inc flu hosp,2026-03-07,quantile,0.25,80
2026-02-14,19,3,wk inc flu hosp,2026-03-07,quantile,0.3,86
2026-02-14,19,3,wk inc flu hosp,2026-03-07,quantile,0.35,93
2026-02-14,19,3,wk inc flu hosp,2026-03-07,quantile,0.4,100
2026-02-14,19,3,wk inc flu hosp,2026-03-07,quantile,0.45,107
2026-02-14,19,3,wk inc flu hosp,2026-03-07,quantile,0.5,114
2026-02-14,19,3,wk inc flu hosp,2026-03-07,quantile,0.55,123
2026-02-14,19,3,wk inc flu hosp,2026-03-07,quantile,0.6,128
2026-02-14,19,3,wk inc flu hosp,2026-03-07,quantile,0.65,144
2026-02-14,19,3,wk inc flu hosp,2026-03-07,quantile,0.7,152
2026-02-14,19,3,wk inc flu hosp,2026-03-07,quantile,0.75,159
2026-02-14,19,3,wk inc flu hosp,2026-03-07,quantile,0.8,171
2026-02-14,19,3,wk inc flu hosp,2026-03-07,quantile,0.85,205
2026-02-14,19,3,wk inc flu hosp,2026-03-07,quantile,0.9,225
2026-02-14,19,3,wk inc flu hosp,2026-03-07,quantile,0.95,261
2026-02-14,19,3,wk inc flu hosp,2026-03-07,quantile,0.975,289
2026-02-14,19,3,wk inc flu hosp,2026-03-07,quantile,0.99,331
2026-02-14,20,0,wk inc flu hosp,2026-02-14,quantile,0.01,85
2026-02-14,20,0,wk inc flu hosp,2026-02-14,quantile,0.025,97
2026-02-14,20,0,wk inc flu hosp,2026-02-14,quantile,0.05,115
2026-02-14,20,0,wk inc flu hosp,2026-02-14,quantile,0.1,133
2026-02-14,20,0,wk inc flu hosp,2026-02-14,quantile,0.15,141
2026-02-14,20,0,wk inc flu hosp,2026-02-14,quantile,0.2,149
2026-02-14,20,0,wk inc flu hosp,2026-02-14,quantile,0.25,160
2026-02-14,20,0,wk inc flu hosp,2026-02-14,quantile,0.3,166
2026-02-14,20,0,wk inc flu hosp,2026-02-14,quantile,0.35,171
2026-02-14,20,0,wk inc flu hosp,2026-02-14,quantile,0.4,177
2026-02-14,20,0,wk inc flu hosp,2026-02-14,quantile,0.45,183
2026-02-14,20,0,wk inc flu hosp,2026-02-14,quantile,0.5,189
2026-02-14,20,0,wk inc flu hosp,2026-02-14,quantile,0.55,195
2026-02-14,20,0,wk inc flu hosp,2026-02-14,quantile,0.6,201
2026-02-14,20,0,wk inc flu hosp,2026-02-14,quantile,0.65,207
2026-02-14,20,0,wk inc flu hosp,2026-02-14,quantile,0.7,213
2026-02-14,20,0,wk inc flu hosp,2026-02-14,quantile,0.75,219
2026-02-14,20,0,wk inc flu hosp,2026-02-14,quantile,0.8,229
2026-02-14,20,0,wk inc flu hosp,2026-02-14,quantile,0.85,238
2026-02-14,20,0,wk inc flu hosp,2026-02-14,quantile,0.9,252
2026-02-14,20,0,wk inc flu hosp,2026-02-14,quantile,0.95,278
2026-02-14,20,0,wk inc flu hosp,2026-02-14,quantile,0.975,301
2026-02-14,20,0,wk inc flu hosp,2026-02-14,quantile,0.99,342
2026-02-14,20,1,wk inc flu hosp,2026-02-21,quantile,0.01,54
2026-02-14,20,1,wk inc flu hosp,2026-02-21,quantile,0.025,68
2026-02-14,20,1,wk inc flu hosp,2026-02-21,quantile,0.05,80
2026-02-14,20,1,wk inc flu hosp,2026-02-21,quantile,0.1,96
2026-02-14,20,1,wk inc flu hosp,2026-02-21,quantile,0.15,107
2026-02-14,20,1,wk inc flu hosp,2026-02-21,quantile,0.2,116
2026-02-14,20,1,wk inc flu hosp,2026-02-21,quantile,0.25,126
2026-02-14,20,1,wk inc flu hosp,2026-02-21,quantile,0.3,133
2026-02-14,20,1,wk inc flu hosp,2026-02-21,quantile,0.35,141
2026-02-14,20,1,wk inc flu hosp,2026-02-21,quantile,0.4,148
2026-02-14,20,1,wk inc flu hosp,2026-02-21,quantile,0.45,156
2026-02-14,20,1,wk inc flu hosp,2026-02-21,quantile,0.5,166
2026-02-14,20,1,wk inc flu hosp,2026-02-21,quantile,0.55,175
2026-02-14,20,1,wk inc flu hosp,2026-02-21,quantile,0.6,183
2026-02-14,20,1,wk inc flu hosp,2026-02-21,quantile,0.65,193
2026-02-14,20,1,wk inc flu hosp,2026-02-21,quantile,0.7,200
2026-02-14,20,1,wk inc flu hosp,2026-02-21,quantile,0.75,213
2026-02-14,20,1,wk inc flu hosp,2026-02-21,quantile,0.8,227
2026-02-14,20,1,wk inc flu hosp,2026-02-21,quantile,0.85,240
2026-02-14,20,1,wk inc flu hosp,2026-02-21,quantile,0.9,254
2026-02-14,20,1,wk inc flu hosp,2026-02-21,quantile,0.95,292
2026-02-14,20,1,wk inc flu hosp,2026-02-21,quantile,0.975,316
2026-02-14,20,1,wk inc flu hosp,2026-02-21,quantile,0.99,359
2026-02-14,20,2,wk inc flu hosp,2026-02-28,quantile,0.01,35
2026-02-14,20,2,wk inc flu hosp,2026-02-28,quantile,0.025,43
2026-02-14,20,2,wk inc flu hosp,2026-02-28,quantile,0.05,56
2026-02-14,20,2,wk inc flu hosp,2026-02-28,quantile,0.1,70
2026-02-14,20,2,wk inc flu hosp,2026-02-28,quantile,0.15,79
2026-02-14,20,2,wk inc flu hosp,2026-02-28,quantile,0.2,90
2026-02-14,20,2,wk inc flu hosp,2026-02-28,quantile,0.25,98
2026-02-14,20,2,wk inc flu hosp,2026-02-28,quantile,0.3,107
2026-02-14,20,2,wk inc flu hosp,2026-02-28,quantile,0.35,116
2026-02-14,20,2,wk inc flu hosp,2026-02-28,quantile,0.4,124
2026-02-14,20,2,wk inc flu hosp,2026-02-28,quantile,0.45,130
2026-02-14,20,2,wk inc flu hosp,2026-02-28,quantile,0.5,142
2026-02-14,20,2,wk inc flu hosp,2026-02-28,quantile,0.55,151
2026-02-14,20,2,wk inc flu hosp,2026-02-28,quantile,0.6,161
2026-02-14,20,2,wk inc flu hosp,2026-02-28,quantile,0.65,171
2026-02-14,20,2,wk inc flu hosp,2026-02-28,quantile,0.7,181
2026-02-14,20,2,wk inc flu hosp,2026-02-28,quantile,0.75,193
2026-02-14,20,2,wk inc flu hosp,2026-02-28,quantile,0.8,207
2026-02-14,20,2,wk inc flu hosp,2026-02-28,quantile,0.85,221
2026-02-14,20,2,wk inc flu hosp,2026-02-28,quantile,0.9,245
2026-02-14,20,2,wk inc flu hosp,2026-02-28,quantile,0.95,277
2026-02-14,20,2,wk inc flu hosp,2026-02-28,quantile,0.975,301
2026-02-14,20,2,wk inc flu hosp,2026-02-28,quantile,0.99,355
2026-02-14,20,3,wk inc flu hosp,2026-03-07,quantile,0.01,21
2026-02-14,20,3,wk inc flu hosp,2026-03-07,quantile,0.025,31
2026-02-14,20,3,wk inc flu hosp,2026-03-07,quantile,0.05,39
2026-02-14,20,3,wk inc flu hosp,2026-03-07,quantile,0.1,55
2026-02-14,20,3,wk inc flu hosp,2026-03-07,quantile,0.15,62
2026-02-14,20,3,wk inc flu hosp,2026-03-07,quantile,0.2,69
2026-02-14,20,3,wk inc flu hosp,2026-03-07,quantile,0.25,76
2026-02-14,20,3,wk inc flu hosp,2026-03-07,quantile,0.3,82
2026-02-14,20,3,wk inc flu hosp,2026-03-07,quantile,0.35,92
2026-02-14,20,3,wk inc flu hosp,2026-03-07,quantile,0.4,103
2026-02-14,20,3,wk inc flu hosp,2026-03-07,quantile,0.45,115
2026-02-14,20,3,wk inc flu hosp,2026-03-07,quantile,0.5,122
2026-02-14,20,3,wk inc flu hosp,2026-03-07,quantile,0.55,126
2026-02-14,20,3,wk inc flu hosp,2026-03-07,quantile,0.6,137
2026-02-14,20,3,wk inc flu hosp,2026-03-07,quantile,0.65,151
2026-02-14,20,3,wk inc flu hosp,2026-03-07,quantile,0.7,164
2026-02-14,20,3,wk inc flu hosp,2026-03-07,quantile,0.75,177
2026-02-14,20,3,wk inc flu hosp,2026-03-07,quantile,0.8,190
2026-02-14,20,3,wk inc flu hosp,2026-03-07,quantile,0.85,211
2026-02-14,20,3,wk inc flu hosp,2026-03-07,quantile,0.9,227
2026-02-14,20,3,wk inc flu hosp,2026-03-07,quantile,0.95,260
2026-02-14,20,3,wk inc flu hosp,2026-03-07,quantile,0.975,294
2026-02-14,20,3,wk inc flu hosp,2026-03-07,quantile,0.99,349
2026-02-14,21,0,wk inc flu hosp,2026-02-14,quantile,0.01,77
2026-02-14,21,0,wk inc flu hosp,2026-02-14,quantile,0.025,98
2026-02-14,21,0,wk inc flu hosp,2026-02-14,quantile,0.05,117
2026-02-14,21,0,wk inc flu hosp,2026-02-14,quantile,0.1,139
2026-02-14,21,0,wk inc flu hosp,2026-02-14,quantile,0.15,156
2026-02-14,21,0,wk inc flu hosp,2026-02-14,quantile,0.2,164
2026-02-14,21,0,wk inc flu hosp,2026-02-14,quantile,0.25,172
2026-02-14,21,0,wk inc flu hosp,2026-02-14,quantile,0.3,178
2026-02-14,21,0,wk inc flu hosp,2026-02-14,quantile,0.35,186
2026-02-14,21,0,wk inc flu hosp,2026-02-14,quantile,0.4,193
2026-02-14,21,0,wk inc flu hosp,2026-02-14,quantile,0.45,199
2026-02-14,21,0,wk inc flu hosp,2026-02-14,quantile,0.5,207
2026-02-14,21,0,wk inc flu hosp,2026-02-14,quantile,0.55,220
2026-02-14,21,0,wk inc flu hosp,2026-02-14,quantile,0.6,227
2026-02-14,21,0,wk inc flu hosp,2026-02-14,quantile,0.65,235
2026-02-14,21,0,wk inc flu hosp,2026-02-14,quantile,0.7,246
2026-02-14,21,0,wk inc flu hosp,2026-02-14,quantile,0.75,257
2026-02-14,21,0,wk inc flu hosp,2026-02-14,quantile,0.8,270
2026-02-14,21,0,wk inc flu hosp,2026-02-14,quantile,0.85,285
2026-02-14,21,0,wk inc flu hosp,2026-02-14,quantile,0.9,301
2026-02-14,21,0,wk inc flu hosp,2026-02-14,quantile,0.95,323
2026-02-14,21,0,wk inc flu hosp,2026-02-14,quantile,0.975,346
2026-02-14,21,0,wk inc flu hosp,2026-02-14,quantile,0.99,370
2026-02-14,21,1,wk inc flu hosp,2026-02-21,quantile,0.01,49
2026-02-14,21,1,wk inc flu hosp,2026-02-21,quantile,0.025,67
2026-02-14,21,1,wk inc flu hosp,2026-02-21,quantile,0.05,86
2026-02-14,21,1,wk inc flu hosp,2026-02-21,quantile,0.1,102
2026-02-14,21,1,wk inc flu hosp,2026-02-21,quantile,0.15,119
2026-02-14,21,1,wk inc flu hosp,2026-02-21,quantile,0.2,129
2026-02-14,21,1,wk inc flu hosp,2026-02-21,quantile,0.25,141
2026-02-14,21,1,wk inc flu hosp,2026-02-21,quantile,0.3,151
2026-02-14,21,1,wk inc flu hosp,2026-02-21,quantile,0.35,159
2026-02-14,21,1,wk inc flu hosp,2026-02-21,quantile,0.4,168
2026-02-14,21,1,wk inc flu hosp,2026-02-21,quantile,0.45,178
2026-02-14,21,1,wk inc flu hosp,2026-02-21,quantile,0.5,189
2026-02-14,21,1,wk inc flu hosp,2026-02-21,quantile,0.55,200
2026-02-14,21,1,wk inc flu hosp,2026-02-21,quantile,0.6,214
2026-02-14,21,1,wk inc flu hosp,2026-02-21,quantile,0.65,227
2026-02-14,21,1,wk inc flu hosp,2026-02-21,quantile,0.7,238
2026-02-14,21,1,wk inc flu hosp,2026-02-21,quantile,0.75,254
2026-02-14,21,1,wk inc flu hosp,2026-02-21,quantile,0.8,267
2026-02-14,21,1,wk inc flu hosp,2026-02-21,quantile,0.85,282
2026-02-14,21,1,wk inc flu hosp,2026-02-21,quantile,0.9,314
2026-02-14,21,1,wk inc flu hosp,2026-02-21,quantile,0.95,361
2026-02-14,21,1,wk inc flu hosp,2026-02-21,quantile,0.975,413
2026-02-14,21,1,wk inc flu hosp,2026-02-21,quantile,0.99,464
2026-02-14,21,2,wk inc flu hosp,2026-02-28,quantile,0.01,30
2026-02-14,21,2,wk inc flu hosp,2026-02-28,quantile,0.025,39
2026-02-14,21,2,wk inc flu hosp,2026-02-28,quantile,0.05,57
2026-02-14,21,2,wk inc flu hosp,2026-02-28,quantile,0.1,78
2026-02-14,21,2,wk inc flu hosp,2026-02-28,quantile,0.15,93
2026-02-14,21,2,wk inc flu hosp,2026-02-28,quantile,0.2,105
2026-02-14,21,2,wk inc flu hosp,2026-02-28,quantile,0.25,116
2026-02-14,21,2,wk inc flu hosp,2026-02-28,quantile,0.3,123
2026-02-14,21,2,wk inc flu hosp,2026-02-28,quantile,0.35,134
2026-02-14,21,2,wk inc flu hosp,2026-02-28,quantile,0.4,144
2026-02-14,21,2,wk inc flu hosp,2026-02-28,quantile,0.45,155
2026-02-14,21,2,wk inc flu hosp,2026-02-28,quantile,0.5,169
2026-02-14,21,2,wk inc flu hosp,2026-02-28,quantile,0.55,180
2026-02-14,21,2,wk inc flu hosp,2026-02-28,quantile,0.6,195
2026-02-14,21,2,wk inc flu hosp,2026-02-28,quantile,0.65,213
2026-02-14,21,2,wk inc flu hosp,2026-02-28,quantile,0.7,231
2026-02-14,21,2,wk inc flu hosp,2026-02-28,quantile,0.75,241
2026-02-14,21,2,wk inc flu hosp,2026-02-28,quantile,0.8,254
2026-02-14,21,2,wk inc flu hosp,2026-02-28,quantile,0.85,279
2026-02-14,21,2,wk inc flu hosp,2026-02-28,quantile,0.9,319
2026-02-14,21,2,wk inc flu hosp,2026-02-28,quantile,0.95,371
2026-02-14,21,2,wk inc flu hosp,2026-02-28,quantile,0.975,429
2026-02-14,21,2,wk inc flu hosp,2026-02-28,quantile,0.99,486
2026-02-14,21,3,wk inc flu hosp,2026-03-07,quantile,0.01,16
2026-02-14,21,3,wk inc flu hosp,2026-03-07,quantile,0.025,25
2026-02-14,21,3,wk inc flu hosp,2026-03-07,quantile,0.05,41
2026-02-14,21,3,wk inc flu hosp,2026-03-07,quantile,0.1,62
2026-02-14,21,3,wk inc flu hosp,2026-03-07,quantile,0.15,74
2026-02-14,21,3,wk inc flu hosp,2026-03-07,quantile,0.2,85
2026-02-14,21,3,wk inc flu hosp,2026-03-07,quantile,0.25,96
2026-02-14,21,3,wk inc flu hosp,2026-03-07,quantile,0.3,105
2026-02-14,21,3,wk inc flu hosp,2026-03-07,quantile,0.35,114
2026-02-14,21,3,wk inc flu hosp,2026-03-07,quantile,0.4,124
2026-02-14,21,3,wk inc flu hosp,2026-03-07,quantile,0.45,134
2026-02-14,21,3,wk inc flu hosp,2026-03-07,quantile,0.5,144
2026-02-14,21,3,wk inc flu hosp,2026-03-07,quantile,0.55,157
2026-02-14,21,3,wk inc flu hosp,2026-03-07,quantile,0.6,168
2026-02-14,21,3,wk inc flu hosp,2026-03-07,quantile,0.65,187
2026-02-14,21,3,wk inc flu hosp,2026-03-07,quantile,0.7,206
2026-02-14,21,3,wk inc flu hosp,2026-03-07,quantile,0.75,234
2026-02-14,21,3,wk inc flu hosp,2026-03-07,quantile,0.8,253
2026-02-14,21,3,wk inc flu hosp,2026-03-07,quantile,0.85,279
2026-02-14,21,3,wk inc flu hosp,2026-03-07,quantile,0.9,316
2026-02-14,21,3,wk inc flu hosp,2026-03-07,quantile,0.95,396
2026-02-14,21,3,wk inc flu hosp,2026-03-07,quantile,0.975,467
2026-02-14,21,3,wk inc flu hosp,2026-03-07,quantile,0.99,555
2026-02-14,22,0,wk inc flu hosp,2026-02-14,quantile,0.01,123
2026-02-14,22,0,wk inc flu hosp,2026-02-14,quantile,0.025,140
2026-02-14,22,0,wk inc flu hosp,2026-02-14,quantile,0.05,155
2026-02-14,22,0,wk inc flu hosp,2026-02-14,quantile,0.1,177
2026-02-14,22,0,wk inc flu hosp,2026-02-14,quantile,0.15,193
2026-02-14,22,0,wk inc flu hosp,2026-02-14,quantile,0.2,203
2026-02-14,22,0,wk inc flu hosp,2026-02-14,quantile,0.25,214
2026-02-14,22,0,wk inc flu hosp,2026-02-14,quantile,0.3,223
2026-02-14,22,0,wk inc flu hosp,2026-02-14,quantile,0.35,230
2026-02-14,22,0,wk inc flu hosp,2026-02-14,quantile,0.4,236
2026-02-14,22,0,wk inc flu hosp,2026-02-14,quantile,0.45,245
2026-02-14,22,0,wk inc flu hosp,2026-02-14,quantile,0.5,261
2026-02-14,22,0,wk inc flu hosp,2026-02-14,quantile,0.55,275
2026-02-14,22,0,wk inc flu hosp,2026-02-14,quantile,0.6,282
2026-02-14,22,0,wk inc flu hosp,2026-02-14,quantile,0.65,290
2026-02-14,22,0,wk inc flu hosp,2026-02-14,quantile,0.7,300
2026-02-14,22,0,wk inc flu hosp,2026-02-14,quantile,0.75,310
2026-02-14,22,0,wk inc flu hosp,2026-02-14,quantile,0.8,319
2026-02-14,22,0,wk inc flu hosp,2026-02-14,quantile,0.85,334
2026-02-14,22,0,wk inc flu hosp,2026-02-14,quantile,0.9,353
2026-02-14,22,0,wk inc flu hosp,2026-02-14,quantile,0.95,386
2026-02-14,22,0,wk inc flu hosp,2026-02-14,quantile,0.975,414
2026-02-14,22,0,wk inc flu hosp,2026-02-14,quantile,0.99,437
2026-02-14,22,1,wk inc flu hosp,2026-02-21,quantile,0.01,91
2026-02-14,22,1,wk inc flu hosp,2026-02-21,quantile,0.025,105
2026-02-14,22,1,wk inc flu hosp,2026-02-21,quantile,0.05,122
2026-02-14,22,1,wk inc flu hosp,2026-02-21,quantile,0.1,145
2026-02-14,22,1,wk inc flu hosp,2026-02-21,quantile,0.15,162
2026-02-14,22,1,wk inc flu hosp,2026-02-21,quantile,0.2,174
2026-02-14,22,1,wk inc flu hosp,2026-02-21,quantile,0.25,182
2026-02-14,22,1,wk inc flu hosp,2026-02-21,quantile,0.3,192
2026-02-14,22,1,wk inc flu hosp,2026-02-21,quantile,0.35,197
2026-02-14,22,1,wk inc flu hosp,2026-02-21,quantile,0.4,207
2026-02-14,22,1,wk inc flu hosp,2026-02-21,quantile,0.45,217
2026-02-14,22,1,wk inc flu hosp,2026-02-21,quantile,0.5,230
2026-02-14,22,1,wk inc flu hosp,2026-02-21,quantile,0.55,249
2026-02-14,22,1,wk inc flu hosp,2026-02-21,quantile,0.6,265
2026-02-14,22,1,wk inc flu hosp,2026-02-21,quantile,0.65,279
2026-02-14,22,1,wk inc flu hosp,2026-02-21,quantile,0.7,292
2026-02-14,22,1,wk inc flu hosp,2026-02-21,quantile,0.75,303
2026-02-14,22,1,wk inc flu hosp,2026-02-21,quantile,0.8,314
2026-02-14,22,1,wk inc flu hosp,2026-02-21,quantile,0.85,331
2026-02-14,22,1,wk inc flu hosp,2026-02-21,quantile,0.9,362
2026-02-14,22,1,wk inc flu hosp,2026-02-21,quantile,0.95,409
2026-02-14,22,1,wk inc flu hosp,2026-02-21,quantile,0.975,437
2026-02-14,22,1,wk inc flu hosp,2026-02-21,quantile,0.99,477
2026-02-14,22,2,wk inc flu hosp,2026-02-28,quantile,0.01,67
2026-02-14,22,2,wk inc flu hosp,2026-02-28,quantile,0.025,76
2026-02-14,22,2,wk inc flu hosp,2026-02-28,quantile,0.05,94
2026-02-14,22,2,wk inc flu hosp,2026-02-28,quantile,0.1,117
2026-02-14,22,2,wk inc flu hosp,2026-02-28,quantile,0.15,131
2026-02-14,22,2,wk inc flu hosp,2026-02-28,quantile,0.2,146
2026-02-14,22,2,wk inc flu hosp,2026-02-28,quantile,0.25,154
2026-02-14,22,2,wk inc flu hosp,2026-02-28,quantile,0.3,165
2026-02-14,22,2,wk inc flu hosp,2026-02-28,quantile,0.35,174
2026-02-14,22,2,wk inc flu hosp,2026-02-28,quantile,0.4,187
2026-02-14,22,2,wk inc flu hosp,2026-02-28,quantile,0.45,195
2026-02-14,22,2,wk inc flu hosp,2026-02-28,quantile,0.5,208
2026-02-14,22,2,wk inc flu hosp,2026-02-28,quantile,0.55,218
2026-02-14,22,2,wk inc flu hosp,2026-02-28,quantile,0.6,229
2026-02-14,22,2,wk inc flu hosp,2026-02-28,quantile,0.65,242
2026-02-14,22,2,wk inc flu hosp,2026-02-28,quantile,0.7,261
2026-02-14,22,2,wk inc flu hosp,2026-02-28,quantile,0.75,274
2026-02-14,22,2,wk inc flu hosp,2026-02-28,quantile,0.8,290
2026-02-14,22,2,wk inc flu hosp,2026-02-28,quantile,0.85,320
2026-02-14,22,2,wk inc flu hosp,2026-02-28,quantile,0.9,354
2026-02-14,22,2,wk inc flu hosp,2026-02-28,quantile,0.95,378
2026-02-14,22,2,wk inc flu hosp,2026-02-28,quantile,0.975,429
2026-02-14,22,2,wk inc flu hosp,2026-02-28,quantile,0.99,487
2026-02-14,22,3,wk inc flu hosp,2026-03-07,quantile,0.01,52
2026-02-14,22,3,wk inc flu hosp,2026-03-07,quantile,0.025,62
2026-02-14,22,3,wk inc flu hosp,2026-03-07,quantile,0.05,77
2026-02-14,22,3,wk inc flu hosp,2026-03-07,quantile,0.1,95
2026-02-14,22,3,wk inc flu hosp,2026-03-07,quantile,0.15,104
2026-02-14,22,3,wk inc flu hosp,2026-03-07,quantile,0.2,119
2026-02-14,22,3,wk inc flu hosp,2026-03-07,quantile,0.25,132
2026-02-14,22,3,wk inc flu hosp,2026-03-07,quantile,0.3,141
2026-02-14,22,3,wk inc flu hosp,2026-03-07,quantile,0.35,152
2026-02-14,22,3,wk inc flu hosp,2026-03-07,quantile,0.4,165
2026-02-14,22,3,wk inc flu hosp,2026-03-07,quantile,0.45,177
2026-02-14,22,3,wk inc flu hosp,2026-03-07,quantile,0.5,190
2026-02-14,22,3,wk inc flu hosp,2026-03-07,quantile,0.55,203
2026-02-14,22,3,wk inc flu hosp,2026-03-07,quantile,0.6,218
2026-02-14,22,3,wk inc flu hosp,2026-03-07,quantile,0.65,236
2026-02-14,22,3,wk inc flu hosp,2026-03-07,quantile,0.7,249
2026-02-14,22,3,wk inc flu hosp,2026-03-07,quantile,0.75,264
2026-02-14,22,3,wk inc flu hosp,2026-03-07,quantile,0.8,281
2026-02-14,22,3,wk inc flu hosp,2026-03-07,quantile,0.85,317
2026-02-14,22,3,wk inc flu hosp,2026-03-07,quantile,0.9,337
2026-02-14,22,3,wk inc flu hosp,2026-03-07,quantile,0.95,378
2026-02-14,22,3,wk inc flu hosp,2026-03-07,quantile,0.975,428
2026-02-14,22,3,wk inc flu hosp,2026-03-07,quantile,0.99,505
2026-02-14,23,0,wk inc flu hosp,2026-02-14,quantile,0.01,17
2026-02-14,23,0,wk inc flu hosp,2026-02-14,quantile,0.025,21
2026-02-14,23,0,wk inc flu hosp,2026-02-14,quantile,0.05,26
2026-02-14,23,0,wk inc flu hosp,2026-02-14,quantile,0.1,33
2026-02-14,23,0,wk inc flu hosp,2026-02-14,quantile,0.15,35
2026-02-14,23,0,wk inc flu hosp,2026-02-14,quantile,0.2,38
2026-02-14,23,0,wk inc flu hosp,2026-02-14,quantile,0.25,40
2026-02-14,23,0,wk inc flu hosp,2026-02-14,quantile,0.3,43
2026-02-14,23,0,wk inc flu hosp,2026-02-14,quantile,0.35,44
2026-02-14,23,0,wk inc flu hosp,2026-02-14,quantile,0.4,48
2026-02-14,23,0,wk inc flu hosp,2026-02-14,quantile,0.45,52
2026-02-14,23,0,wk inc flu hosp,2026-02-14,quantile,0.5,54
2026-02-14,23,0,wk inc flu hosp,2026-02-14,quantile,0.55,57
2026-02-14,23,0,wk inc flu hosp,2026-02-14,quantile,0.6,59
2026-02-14,23,0,wk inc flu hosp,2026-02-14,quantile,0.65,62
2026-02-14,23,0,wk inc flu hosp,2026-02-14,quantile,0.7,64
2026-02-14,23,0,wk inc flu hosp,2026-02-14,quantile,0.75,66
2026-02-14,23,0,wk inc flu hosp,2026-02-14,quantile,0.8,69
2026-02-14,23,0,wk inc flu hosp,2026-02-14,quantile,0.85,71
2026-02-14,23,0,wk inc flu hosp,2026-02-14,quantile,0.9,79
2026-02-14,23,0,wk inc flu hosp,2026-02-14,quantile,0.95,87
2026-02-14,23,0,wk inc flu hosp,2026-02-14,quantile,0.975,100
2026-02-14,23,0,wk inc flu hosp,2026-02-14,quantile,0.99,109
2026-02-14,23,1,wk inc flu hosp,2026-02-21,quantile,0.01,9
2026-02-14,23,1,wk inc flu hosp,2026-02-21,quantile,0.025,12
2026-02-14,23,1,wk inc flu hosp,2026-02-21,quantile,0.05,16
2026-02-14,23,1,wk inc flu hosp,2026-02-21,quantile,0.1,21
2026-02-14,23,1,wk inc flu hosp,2026-02-21,quantile,0.15,25
2026-02-14,23,1,wk inc flu hosp,2026-02-21,quantile,0.2,28
2026-02-14,23,1,wk inc flu hosp,2026-02-21,quantile,0.25,31
2026-02-14,23,1,wk inc flu hosp,2026-02-21,quantile,0.3,34
2026-02-14,23,1,wk inc flu hosp,2026-02-21,quantile,0.35,37
2026-02-14,23,1,wk inc flu hosp,2026-02-21,quantile,0.4,41
2026-02-14,23,1,wk inc flu hosp,2026-02-21,quantile,0.45,44
2026-02-14,23,1,wk inc flu hosp,2026-02-21,quantile,0.5,47
2026-02-14,23,1,wk inc flu hosp,2026-02-21,quantile,0.55,50
2026-02-14,23,1,wk inc flu hosp,2026-02-21,quantile,0.6,53
2026-02-14,23,1,wk inc flu hosp,2026-02-21,quantile,0.65,56
2026-02-14,23,1,wk inc flu hosp,2026-02-21,quantile,0.7,59
2026-02-14,23,1,wk inc flu hosp,2026-02-21,quantile,0.75,63
2026-02-14,23,1,wk inc flu hosp,2026-02-21,quantile,0.8,69
2026-02-14,23,1,wk inc flu hosp,2026-02-21,quantile,0.85,73
2026-02-14,23,1,wk inc flu hosp,2026-02-21,quantile,0.9,82
2026-02-14,23,1,wk inc flu hosp,2026-02-21,quantile,0.95,95
2026-02-14,23,1,wk inc flu hosp,2026-02-21,quantile,0.975,112
2026-02-14,23,1,wk inc flu hosp,2026-02-21,quantile,0.99,127
2026-02-14,23,2,wk inc flu hosp,2026-02-28,quantile,0.01,4
2026-02-14,23,2,wk inc flu hosp,2026-02-28,quantile,0.025,7
2026-02-14,23,2,wk inc flu hosp,2026-02-28,quantile,0.05,11
2026-02-14,23,2,wk inc flu hosp,2026-02-28,quantile,0.1,15
2026-02-14,23,2,wk inc flu hosp,2026-02-28,quantile,0.15,18
2026-02-14,23,2,wk inc flu hosp,2026-02-28,quantile,0.2,21
2026-02-14,23,2,wk inc flu hosp,2026-02-28,quantile,0.25,23
2026-02-14,23,2,wk inc flu hosp,2026-02-28,quantile,0.3,27
2026-02-14,23,2,wk inc flu hosp,2026-02-28,quantile,0.35,30
2026-02-14,23,2,wk inc flu hosp,2026-02-28,quantile,0.4,33
2026-02-14,23,2,wk inc flu hosp,2026-02-28,quantile,0.45,36
2026-02-14,23,2,wk inc flu hosp,2026-02-28,quantile,0.5,39
2026-02-14,23,2,wk inc flu hosp,2026-02-28,quantile,0.55,43
2026-02-14,23,2,wk inc flu hosp,2026-02-28,quantile,0.6,47
2026-02-14,23,2,wk inc flu hosp,2026-02-28,quantile,0.65,51
2026-02-14,23,2,wk inc flu hosp,2026-02-28,quantile,0.7,55
2026-02-14,23,2,wk inc flu hosp,2026-02-28,quantile,0.75,59
2026-02-14,23,2,wk inc flu hosp,2026-02-28,quantile,0.8,66
2026-02-14,23,2,wk inc flu hosp,2026-02-28,quantile,0.85,73
2026-02-14,23,2,wk inc flu hosp,2026-02-28,quantile,0.9,80
2026-02-14,23,2,wk inc flu hosp,2026-02-28,quantile,0.95,99
2026-02-14,23,2,wk inc flu hosp,2026-02-28,quantile,0.975,117
2026-02-14,23,2,wk inc flu hosp,2026-02-28,quantile,0.99,140
2026-02-14,23,3,wk inc flu hosp,2026-03-07,quantile,0.01,2
2026-02-14,23,3,wk inc flu hosp,2026-03-07,quantile,0.025,4
2026-02-14,23,3,wk inc flu hosp,2026-03-07,quantile,0.05,6
2026-02-14,23,3,wk inc flu hosp,2026-03-07,quantile,0.1,11
2026-02-14,23,3,wk inc flu hosp,2026-03-07,quantile,0.15,13
2026-02-14,23,3,wk inc flu hosp,2026-03-07,quantile,0.2,14
2026-02-14,23,3,wk inc flu hosp,2026-03-07,quantile,0.25,15
2026-02-14,23,3,wk inc flu hosp,2026-03-07,quantile,0.3,18
2026-02-14,23,3,wk inc flu hosp,2026-03-07,quantile,0.35,22
2026-02-14,23,3,wk inc flu hosp,2026-03-07,quantile,0.4,24
2026-02-14,23,3,wk inc flu hosp,2026-03-07,quantile,0.45,27
2026-02-14,23,3,wk inc flu hosp,2026-03-07,quantile,0.5,31
2026-02-14,23,3,wk inc flu hosp,2026-03-07,quantile,0.55,35
2026-02-14,23,3,wk inc flu hosp,2026-03-07,quantile,0.6,38
2026-02-14,23,3,wk inc flu hosp,2026-03-07,quantile,0.65,43
2026-02-14,23,3,wk inc flu hosp,2026-03-07,quantile,0.7,48
2026-02-14,23,3,wk inc flu hosp,2026-03-07,quantile,0.75,54
2026-02-14,23,3,wk inc flu hosp,2026-03-07,quantile,0.8,60
2026-02-14,23,3,wk inc flu hosp,2026-03-07,quantile,0.85,69
2026-02-14,23,3,wk inc flu hosp,2026-03-07,quantile,0.9,79
2026-02-14,23,3,wk inc flu hosp,2026-03-07,quantile,0.95,98
2026-02-14,23,3,wk inc flu hosp,2026-03-07,quantile,0.975,112
2026-02-14,23,3,wk inc flu hosp,2026-03-07,quantile,0.99,139
2026-02-14,24,0,wk inc flu hosp,2026-02-14,quantile,0.01,16
2026-02-14,24,0,wk inc flu hosp,2026-02-14,quantile,0.025,24
2026-02-14,24,0,wk inc flu hosp,2026-02-14,quantile,0.05,31
2026-02-14,24,0,wk inc flu hosp,2026-02-14,quantile,0.1,36
2026-02-14,24,0,wk inc flu hosp,2026-02-14,quantile,0.15,41
2026-02-14,24,0,wk inc flu hosp,2026-02-14,quantile,0.2,47
2026-02-14,24,0,wk inc flu hosp,2026-02-14,quantile,0.25,50
2026-02-14,24,0,wk inc flu hosp,2026-02-14,quantile,0.3,51
2026-02-14,24,0,wk inc flu hosp,2026-02-14,quantile,0.35,55
2026-02-14,24,0,wk inc flu hosp,2026-02-14,quantile,0.4,59
2026-02-14,24,0,wk inc flu hosp,2026-02-14,quantile,0.45,63
2026-02-14,24,0,wk inc flu hosp,2026-02-14,quantile,0.5,70
2026-02-14,24,0,wk inc flu hosp,2026-02-14,quantile,0.55,75
2026-02-14,24,0,wk inc flu hosp,2026-02-14,quantile,0.6,80
2026-02-14,24,0,wk inc flu hosp,2026-02-14,quantile,0.65,84
2026-02-14,24,0,wk inc flu hosp,2026-02-14,quantile,0.7,87
2026-02-14,24,0,wk inc flu hosp,2026-02-14,quantile,0.75,91
2026-02-14,24,0,wk inc flu hosp,2026-02-14,quantile,0.8,97
2026-02-14,24,0,wk inc flu hosp,2026-02-14,quantile,0.85,103
2026-02-14,24,0,wk inc flu hosp,2026-02-14,quantile,0.9,112
2026-02-14,24,0,wk inc flu hosp,2026-02-14,quantile,0.95,127
2026-02-14,24,0,wk inc flu hosp,2026-02-14,quantile,0.975,141
2026-02-14,24,0,wk inc flu hosp,2026-02-14,quantile,0.99,167
2026-02-14,24,1,wk inc flu hosp,2026-02-21,quantile,0.01,7
2026-02-14,24,1,wk inc flu hosp,2026-02-21,quantile,0.025,11
2026-02-14,24,1,wk inc flu hosp,2026-02-21,quantile,0.05,18
2026-02-14,24,1,wk inc flu hosp,2026-02-21,quantile,0.1,23
2026-02-14,24,1,wk inc flu hosp,2026-02-21,quantile,0.15,31
2026-02-14,24,1,wk inc flu hosp,2026-02-21,quantile,0.2,35
2026-02-14,24,1,wk inc flu hosp,2026-02-21,quantile,0.25,37
2026-02-14,24,1,wk inc flu hosp,2026-02-21,quantile,0.3,41
2026-02-14,24,1,wk inc flu hosp,2026-02-21,quantile,0.35,45
2026-02-14,24,1,wk inc flu hosp,2026-02-21,quantile,0.4,49
2026-02-14,24,1,wk inc flu hosp,2026-02-21,quantile,0.45,54
2026-02-14,24,1,wk inc flu hosp,2026-02-21,quantile,0.5,59
2026-02-14,24,1,wk inc flu hosp,2026-02-21,quantile,0.55,64
2026-02-14,24,1,wk inc flu hosp,2026-02-21,quantile,0.6,71
2026-02-14,24,1,wk inc flu hosp,2026-02-21,quantile,0.65,76
2026-02-14,24,1,wk inc flu hosp,2026-02-21,quantile,0.7,83
2026-02-14,24,1,wk inc flu hosp,2026-02-21,quantile,0.75,91
2026-02-14,24,1,wk inc flu hosp,2026-02-21,quantile,0.8,100
2026-02-14,24,1,wk inc flu hosp,2026-02-21,quantile,0.85,109
2026-02-14,24,1,wk inc flu hosp,2026-02-21,quantile,0.9,123
2026-02-14,24,1,wk inc flu hosp,2026-02-21,quantile,0.95,143
2026-02-14,24,1,wk inc flu hosp,2026-02-21,quantile,0.975,161
2026-02-14,24,1,wk inc flu hosp,2026-02-21,quantile,0.99,193
2026-02-14,24,2,wk inc flu hosp,2026-02-28,quantile,0.01,3
2026-02-14,24,2,wk inc flu hosp,2026-02-28,quantile,0.025,5
2026-02-14,24,2,wk inc flu hosp,2026-02-28,quantile,0.05,9
2026-02-14,24,2,wk inc flu hosp,2026-02-28,quantile,0.1,14
2026-02-14,24,2,wk inc flu hosp,2026-02-28,quantile,0.15,17
2026-02-14,24,2,wk inc flu hosp,2026-02-28,quantile,0.2,19
2026-02-14,24,2,wk inc flu hosp,2026-02-28,quantile,0.25,26
2026-02-14,24,2,wk inc flu hosp,2026-02-28,quantile,0.3,30
2026-02-14,24,2,wk inc flu hosp,2026-02-28,quantile,0.35,34
2026-02-14,24,2,wk inc flu hosp,2026-02-28,quantile,0.4,37
2026-02-14,24,2,wk inc flu hosp,2026-02-28,quantile,0.45,42
2026-02-14,24,2,wk inc flu hosp,2026-02-28,quantile,0.5,44
2026-02-14,24,2,wk inc flu hosp,2026-02-28,quantile,0.55,51
2026-02-14,24,2,wk inc flu hosp,2026-02-28,quantile,0.6,56
2026-02-14,24,2,wk inc flu hosp,2026-02-28,quantile,0.65,68
2026-02-14,24,2,wk inc flu hosp,2026-02-28,quantile,0.7,75
2026-02-14,24,2,wk inc flu hosp,2026-02-28,quantile,0.75,85
2026-02-14,24,2,wk inc flu hosp,2026-02-28,quantile,0.8,97
2026-02-14,24,2,wk inc flu hosp,2026-02-28,quantile,0.85,116
2026-02-14,24,2,wk inc flu hosp,2026-02-28,quantile,0.9,137
2026-02-14,24,2,wk inc flu hosp,2026-02-28,quantile,0.95,160
2026-02-14,24,2,wk inc flu hosp,2026-02-28,quantile,0.975,201
2026-02-14,24,2,wk inc flu hosp,2026-02-28,quantile,0.99,241
2026-02-14,24,3,wk inc flu hosp,2026-03-07,quantile,0.01,1
2026-02-14,24,3,wk inc flu hosp,2026-03-07,quantile,0.025,2
2026-02-14,24,3,wk inc flu hosp,2026-03-07,quantile,0.05,3
2026-02-14,24,3,wk inc flu hosp,2026-03-07,quantile,0.1,8
2026-02-14,24,3,wk inc flu hosp,2026-03-07,quantile,0.15,11
2026-02-14,24,3,wk inc flu hosp,2026-03-07,quantile,0.2,16
2026-02-14,24,3,wk inc flu hosp,2026-03-07,quantile,0.25,22
2026-02-14,24,3,wk inc flu hosp,2026-03-07,quantile,0.3,25
2026-02-14,24,3,wk inc flu hosp,2026-03-07,quantile,0.35,27
2026-02-14,24,3,wk inc flu hosp,2026-03-07,quantile,0.4,30
2026-02-14,24,3,wk inc flu hosp,2026-03-07,quantile,0.45,39
2026-02-14,24,3,wk inc flu hosp,2026-03-07,quantile,0.5,41
2026-02-14,24,3,wk inc flu hosp,2026-03-07,quantile,0.55,43
2026-02-14,24,3,wk inc flu hosp,2026-03-07,quantile,0.6,52
2026-02-14,24,3,wk inc flu hosp,2026-03-07,quantile,0.65,64
2026-02-14,24,3,wk inc flu hosp,2026-03-07,quantile,0.7,71
2026-02-14,24,3,wk inc flu hosp,2026-03-07,quantile,0.75,86
2026-02-14,24,3,wk inc flu hosp,2026-03-07,quantile,0.8,97
2026-02-14,24,3,wk inc flu hosp,2026-03-07,quantile,0.85,110
2026-02-14,24,3,wk inc flu hosp,2026-03-07,quantile,0.9,128
2026-02-14,24,3,wk inc flu hosp,2026-03-07,quantile,0.95,169
2026-02-14,24,3,wk inc flu hosp,2026-03-07,quantile,0.975,217
2026-02-14,24,3,wk inc flu hosp,2026-03-07,quantile,0.99,269
2026-02-14,25,0,wk inc flu hosp,2026-02-14,quantile,0.01,31
2026-02-14,25,0,wk inc flu hosp,2026-02-14,quantile,0.025,38
2026-02-14,25,0,wk inc flu hosp,2026-02-14,quantile,0.05,45
2026-02-14,25,0,wk inc flu hosp,2026-02-14,quantile,0.1,57
2026-02-14,25,0,wk inc flu hosp,2026-02-14,quantile,0.15,64
2026-02-14,25,0,wk inc flu hosp,2026-02-14,quantile,0.2,70
2026-02-14,25,0,wk inc flu hosp,2026-02-14,quantile,0.25,74
2026-02-14,25,0,wk inc flu hosp,2026-02-14,quantile,0.3,81
2026-02-14,25,0,wk inc flu hosp,2026-02-14,quantile,0.35,85
2026-02-14,25,0,wk inc flu hosp,2026-02-14,quantile,0.4,90
2026-02-14,25,0,wk inc flu hosp,2026-02-14,quantile,0.45,95
2026-02-14,25,0,wk inc flu hosp,2026-02-14,quantile,0.5,101
2026-02-14,25,0,wk inc flu hosp,2026-02-14,quantile,0.55,109
2026-02-14,25,0,wk inc flu hosp,2026-02-14,quantile,0.6,114
2026-02-14,25,0,wk inc flu hosp,2026-02-14,quantile,0.65,121
2026-02-14,25,0,wk inc flu hosp,2026-02-14,quantile,0.7,126
2026-02-14,25,0,wk inc flu hosp,2026-02-14,quantile,0.75,131
2026-02-14,25,0,wk inc flu hosp,2026-02-14,quantile,0.8,140
2026-02-14,25,0,wk inc flu hosp,2026-02-14,quantile,0.85,157
2026-02-14,25,0,wk inc flu hosp,2026-02-14,quantile,0.9,170
2026-02-14,25,0,wk inc flu hosp,2026-02-14,quantile,0.95,195
2026-02-14,25,0,wk inc flu hosp,2026-02-14,quantile,0.975,217
2026-02-14,25,0,wk inc flu hosp,2026-02-14,quantile,0.99,242
2026-02-14,25,1,wk inc flu hosp,2026-02-21,quantile,0.01,14
2026-02-14,25,1,wk inc flu hosp,2026-02-21,quantile,0.025,18
2026-02-14,25,1,wk inc flu hosp,2026-02-21,quantile,0.05,23
2026-02-14,25,1,wk inc flu hosp,2026-02-21,quantile,0.1,35
2026-02-14,25,1,wk inc flu hosp,2026-02-21,quantile,0.15,45
2026-02-14,25,1,wk inc flu hosp,2026-02-21,quantile,0.2,51
2026-02-14,25,1,wk inc flu hosp,2026-02-21,quantile,0.25,57
2026-02-14,25,1,wk inc flu hosp,2026-02-21,quantile,0.3,61
2026-02-14,25,1,wk inc flu hosp,2026-02-21,quantile,0.35,67
2026-02-14,25,1,wk inc flu hosp,2026-02-21,quantile,0.4,72
2026-02-14,25,1,wk inc flu hosp,2026-02-21,quantile,0.45,81
2026-02-14,25,1,wk inc flu hosp,2026-02-21,quantile,0.5,87
2026-02-14,25,1,wk inc flu hosp,2026-02-21,quantile,0.55,96
2026-02-14,25,1,wk inc flu hosp,2026-02-21,quantile,0.6,101
2026-02-14,25,1,wk inc flu hosp,2026-02-21,quantile,0.65,107
2026-02-14,25,1,wk inc flu hosp,2026-02-21,quantile,0.7,114
2026-02-14,25,1,wk inc flu hosp,2026-02-21,quantile,0.75,123
2026-02-14,25,1,wk inc flu hosp,2026-02-21,quantile,0.8,136
2026-02-14,25,1,wk inc flu hosp,2026-02-21,quantile,0.85,157
2026-02-14,25,1,wk inc flu hosp,2026-02-21,quantile,0.9,180
2026-02-14,25,1,wk inc flu hosp,2026-02-21,quantile,0.95,223
2026-02-14,25,1,wk inc flu hosp,2026-02-21,quantile,0.975,261
2026-02-14,25,1,wk inc flu hosp,2026-02-21,quantile,0.99,315
2026-02-14,25,2,wk inc flu hosp,2026-02-28,quantile,0.01,4
2026-02-14,25,2,wk inc flu hosp,2026-02-28,quantile,0.025,6
2026-02-14,25,2,wk inc flu hosp,2026-02-28,quantile,0.05,11
2026-02-14,25,2,wk inc flu hosp,2026-02-28,quantile,0.1,20
2026-02-14,25,2,wk inc flu hosp,2026-02-28,quantile,0.15,26
2026-02-14,25,2,wk inc flu hosp,2026-02-28,quantile,0.2,37
2026-02-14,25,2,wk inc flu hosp,2026-02-28,quantile,0.25,42
2026-02-14,25,2,wk inc flu hosp,2026-02-28,quantile,0.3,46
2026-02-14,25,2,wk inc flu hosp,2026-02-28,quantile,0.35,49
2026-02-14,25,2,wk inc flu hosp,2026-02-28,quantile,0.4,58
2026-02-14,25,2,wk inc flu hosp,2026-02-28,quantile,0.45,65
2026-02-14,25,2,wk inc flu hosp,2026-02-28,quantile,0.5,71
2026-02-14,25,2,wk inc flu hosp,2026-02-28,quantile,0.55,76
2026-02-14,25,2,wk inc flu hosp,2026-02-28,quantile,0.6,89
2026-02-14,25,2,wk inc flu hosp,2026-02-28,quantile,0.65,99
2026-02-14,25,2,wk inc flu hosp,2026-02-28,quantile,0.7,104
2026-02-14,25,2,wk inc flu hosp,2026-02-28,quantile,0.75,111
2026-02-14,25,2,wk inc flu hosp,2026-02-28,quantile,0.8,124
2026-02-14,25,2,wk inc flu hosp,2026-02-28,quantile,0.85,154
2026-02-14,25,2,wk inc flu hosp,2026-02-28,quantile,0.9,205
2026-02-14,25,2,wk inc flu hosp,2026-02-28,quantile,0.95,251
2026-02-14,25,2,wk inc flu hosp,2026-02-28,quantile,0.975,294
2026-02-14,25,2,wk inc flu hosp,2026-02-28,quantile,0.99,351
2026-02-14,25,3,wk inc flu hosp,2026-03-07,quantile,0.01,2
2026-02-14,25,3,wk inc flu hosp,2026-03-07,quantile,0.025,4
2026-02-14,25,3,wk inc flu hosp,2026-03-07,quantile,0.05,7
2026-02-14,25,3,wk inc flu hosp,2026-03-07,quantile,0.1,12
2026-02-14,25,3,wk inc flu hosp,2026-03-07,quantile,0.15,18
2026-02-14,25,3,wk inc flu hosp,2026-03-07,quantile,0.2,22
2026-02-14,25,3,wk inc flu hosp,2026-03-07,quantile,0.25,29
2026-02-14,25,3,wk inc flu hosp,2026-03-07,quantile,0.3,34
2026-02-14,25,3,wk inc flu hosp,2026-03-07,quantile,0.35,39
2026-02-14,25,3,wk inc flu hosp,2026-03-07,quantile,0.4,45
2026-02-14,25,3,wk inc flu hosp,2026-03-07,quantile,0.45,53
2026-02-14,25,3,wk inc flu hosp,2026-03-07,quantile,0.5,57
2026-02-14,25,3,wk inc flu hosp,2026-03-07,quantile,0.55,64
2026-02-14,25,3,wk inc flu hosp,2026-03-07,quantile,0.6,72
2026-02-14,25,3,wk inc flu hosp,2026-03-07,quantile,0.65,84
2026-02-14,25,3,wk inc flu hosp,2026-03-07,quantile,0.7,92
2026-02-14,25,3,wk inc flu hosp,2026-03-07,quantile,0.75,111
2026-02-14,25,3,wk inc flu hosp,2026-03-07,quantile,0.8,131
2026-02-14,25,3,wk inc flu hosp,2026-03-07,quantile,0.85,171
2026-02-14,25,3,wk inc flu hosp,2026-03-07,quantile,0.9,211
2026-02-14,25,3,wk inc flu hosp,2026-03-07,quantile,0.95,252
2026-02-14,25,3,wk inc flu hosp,2026-03-07,quantile,0.975,295
2026-02-14,25,3,wk inc flu hosp,2026-03-07,quantile,0.99,357
2026-02-14,26,0,wk inc flu hosp,2026-02-14,quantile,0.01,110
2026-02-14,26,0,wk inc flu hosp,2026-02-14,quantile,0.025,124
2026-02-14,26,0,wk inc flu hosp,2026-02-14,quantile,0.05,142
2026-02-14,26,0,wk inc flu hosp,2026-02-14,quantile,0.1,167
2026-02-14,26,0,wk inc flu hosp,2026-02-14,quantile,0.15,180
2026-02-14,26,0,wk inc flu hosp,2026-02-14,quantile,0.2,191
2026-02-14,26,0,wk inc flu hosp,2026-02-14,quantile,0.25,198
2026-02-14,26,0,wk inc flu hosp,2026-02-14,quantile,0.3,206
2026-02-14,26,0,wk inc flu hosp,2026-02-14,quantile,0.35,217
2026-02-14,26,0,wk inc flu hosp,2026-02-14,quantile,0.4,226
2026-02-14,26,0,wk inc flu hosp,2026-02-14,quantile,0.45,240
2026-02-14,26,0,wk inc flu hosp,2026-02-14,quantile,0.5,254
2026-02-14,26,0,wk inc flu hosp,2026-02-14,quantile,0.55,263
2026-02-14,26,0,wk inc flu hosp,2026-02-14,quantile,0.6,273
2026-02-14,26,0,wk inc flu hosp,2026-02-14,quantile,0.65,285
2026-02-14,26,0,wk inc flu hosp,2026-02-14,quantile,0.7,298
2026-02-14,26,0,wk inc flu hosp,2026-02-14,quantile,0.75,312
2026-02-14,26,0,wk inc flu hosp,2026-02-14,quantile,0.8,328
2026-02-14,26,0,wk inc flu hosp,2026-02-14,quantile,0.85,351
2026-02-14,26,0,wk inc flu hosp,2026-02-14,quantile,0.9,374
2026-02-14,26,0,wk inc flu hosp,2026-02-14,quantile,0.95,417
2026-02-14,26,0,wk inc flu hosp,2026-02-14,quantile,0.975,446
2026-02-14,26,0,wk inc flu hosp,2026-02-14,quantile,0.99,519
2026-02-14,26,1,wk inc flu hosp,2026-02-21,quantile,0.01,62
2026-02-14,26,1,wk inc flu hosp,2026-02-21,quantile,0.025,75
2026-02-14,26,1,wk inc flu hosp,2026-02-21,quantile,0.05,98
2026-02-14,26,1,wk inc flu hosp,2026-02-21,quantile,0.1,124
2026-02-14,26,1,wk inc flu hosp,2026-02-21,quantile,0.15,140
2026-02-14,26,1,wk inc flu hosp,2026-02-21,quantile,0.2,154
2026-02-14,26,1,wk inc flu hosp,2026-02-21,quantile,0.25,164
2026-02-14,26,1,wk inc flu hosp,2026-02-21,quantile,0.3,175
2026-02-14,26,1,wk inc flu hosp,2026-02-21,quantile,0.35,185
2026-02-14,26,1,wk inc flu hosp,2026-02-21,quantile,0.4,197
2026-02-14,26,1,wk inc flu hosp,2026-02-21,quantile,0.45,210
2026-02-14,26,1,wk inc flu hosp,2026-02-21,quantile,0.5,229
2026-02-14,26,1,wk inc flu hosp,2026-02-21,quantile,0.55,245
2026-02-14,26,1,wk inc flu hosp,2026-02-21,quantile,0.6,261
2026-02-14,26,1,wk inc flu hosp,2026-02-21,quantile,0.65,279
2026-02-14,26,1,wk inc flu hosp,2026-02-21,quantile,0.7,298
2026-02-14,26,1,wk inc flu hosp,2026-02-21,quantile,0.75,320
2026-02-14,26,1,wk inc flu hosp,2026-02-21,quantile,0.8,346
2026-02-14,26,1,wk inc flu hosp,2026-02-21,quantile,0.85,378
2026-02-14,26,1,wk inc flu hosp,2026-02-21,quantile,0.9,423
2026-02-14,26,1,wk inc flu hosp,2026-02-21,quantile,0.95,475
2026-02-14,26,1,wk inc flu hosp,2026-02-21,quantile,0.975,543
2026-02-14,26,1,wk inc flu hosp,2026-02-21,quantile,0.99,630
2026-02-14,26,2,wk inc flu hosp,2026-02-28,quantile,0.01,33
2026-02-14,26,2,wk inc flu hosp,2026-02-28,quantile,0.025,40
2026-02-14,26,2,wk inc flu hosp,2026-02-28,quantile,0.05,62
2026-02-14,26,2,wk inc flu hosp,2026-02-28,quantile,0.1,88
2026-02-14,26,2,wk inc flu hosp,2026-02-28,quantile,0.15,104
2026-02-14,26,2,wk inc flu hosp,2026-02-28,quantile,0.2,121
2026-02-14,26,2,wk inc flu hosp,2026-02-28,quantile,0.25,134
2026-02-14,26,2,wk inc flu hosp,2026-02-28,quantile,0.3,146
2026-02-14,26,2,wk inc flu hosp,2026-02-28,quantile,0.35,156
2026-02-14,26,2,wk inc flu hosp,2026-02-28,quantile,0.4,168
2026-02-14,26,2,wk inc flu hosp,2026-02-28,quantile,0.45,189
2026-02-14,26,2,wk inc flu hosp,2026-02-28,quantile,0.5,204
2026-02-14,26,2,wk inc flu hosp,2026-02-28,quantile,0.55,223
2026-02-14,26,2,wk inc flu hosp,2026-02-28,quantile,0.6,240
2026-02-14,26,2,wk inc flu hosp,2026-02-28,quantile,0.65,256
2026-02-14,26,2,wk inc flu hosp,2026-02-28,quantile,0.7,272
2026-02-14,26,2,wk inc flu hosp,2026-02-28,quantile,0.75,298
2026-02-14,26,2,wk inc flu hosp,2026-02-28,quantile,0.8,330
2026-02-14,26,2,wk inc flu hosp,2026-02-28,quantile,0.85,379
2026-02-14,26,2,wk inc flu hosp,2026-02-28,quantile,0.9,410
2026-02-14,26,2,wk inc flu hosp,2026-02-28,quantile,0.95,484
2026-02-14,26,2,wk inc flu hosp,2026-02-28,quantile,0.975,574
2026-02-14,26,2,wk inc flu hosp,2026-02-28,quantile,0.99,705
2026-02-14,26,3,wk inc flu hosp,2026-03-07,quantile,0.01,16
2026-02-14,26,3,wk inc flu hosp,2026-03-07,quantile,0.025,32
2026-02-14,26,3,wk inc flu hosp,2026-03-07,quantile,0.05,43
2026-02-14,26,3,wk inc flu hosp,2026-03-07,quantile,0.1,62
2026-02-14,26,3,wk inc flu hosp,2026-03-07,quantile,0.15,82
2026-02-14,26,3,wk inc flu hosp,2026-03-07,quantile,0.2,97
2026-02-14,26,3,wk inc flu hosp,2026-03-07,quantile,0.25,108
2026-02-14,26,3,wk inc flu hosp,2026-03-07,quantile,0.3,117
2026-02-14,26,3,wk inc flu hosp,2026-03-07,quantile,0.35,130
2026-02-14,26,3,wk inc flu hosp,2026-03-07,quantile,0.4,141
2026-02-14,26,3,wk inc flu hosp,2026-03-07,quantile,0.45,161
2026-02-14,26,3,wk inc flu hosp,2026-03-07,quantile,0.5,183
2026-02-14,26,3,wk inc flu hosp,2026-03-07,quantile,0.55,205
2026-02-14,26,3,wk inc flu hosp,2026-03-07,quantile,0.6,229
2026-02-14,26,3,wk inc flu hosp,2026-03-07,quantile,0.65,254
2026-02-14,26,3,wk inc flu hosp,2026-03-07,quantile,0.7,271
2026-02-14,26,3,wk inc flu hosp,2026-03-07,quantile,0.75,289
2026-02-14,26,3,wk inc flu hosp,2026-03-07,quantile,0.8,331
2026-02-14,26,3,wk inc flu hosp,2026-03-07,quantile,0.85,359
2026-02-14,26,3,wk inc flu hosp,2026-03-07,quantile,0.9,430
2026-02-14,26,3,wk inc flu hosp,2026-03-07,quantile,0.95,529
2026-02-14,26,3,wk inc flu hosp,2026-03-07,quantile,0.975,646
2026-02-14,26,3,wk inc flu hosp,2026-03-07,quantile,0.99,731
2026-02-14,27,0,wk inc flu hosp,2026-02-14,quantile,0.01,55
2026-02-14,27,0,wk inc flu hosp,2026-02-14,quantile,0.025,65
2026-02-14,27,0,wk inc flu hosp,2026-02-14,quantile,0.05,75
2026-02-14,27,0,wk inc flu hosp,2026-02-14,quantile,0.1,95
2026-02-14,27,0,wk inc flu hosp,2026-02-14,quantile,0.15,102
2026-02-14,27,0,wk inc flu hosp,2026-02-14,quantile,0.2,107
2026-02-14,27,0,wk inc flu hosp,2026-02-14,quantile,0.25,113
2026-02-14,27,0,wk inc flu hosp,2026-02-14,quantile,0.3,121
2026-02-14,27,0,wk inc flu hosp,2026-02-14,quantile,0.35,127
2026-02-14,27,0,wk inc flu hosp,2026-02-14,quantile,0.4,135
2026-02-14,27,0,wk inc flu hosp,2026-02-14,quantile,0.45,144
2026-02-14,27,0,wk inc flu hosp,2026-02-14,quantile,0.5,151
2026-02-14,27,0,wk inc flu hosp,2026-02-14,quantile,0.55,164
2026-02-14,27,0,wk inc flu hosp,2026-02-14,quantile,0.6,170
2026-02-14,27,0,wk inc flu hosp,2026-02-14,quantile,0.65,178
2026-02-14,27,0,wk inc flu hosp,2026-02-14,quantile,0.7,184
2026-02-14,27,0,wk inc flu hosp,2026-02-14,quantile,0.75,193
2026-02-14,27,0,wk inc flu hosp,2026-02-14,quantile,0.8,200
2026-02-14,27,0,wk inc flu hosp,2026-02-14,quantile,0.85,211
2026-02-14,27,0,wk inc flu hosp,2026-02-14,quantile,0.9,227
2026-02-14,27,0,wk inc flu hosp,2026-02-14,quantile,0.95,255
2026-02-14,27,0,wk inc flu hosp,2026-02-14,quantile,0.975,275
2026-02-14,27,0,wk inc flu hosp,2026-02-14,quantile,0.99,303
2026-02-14,27,1,wk inc flu hosp,2026-02-21,quantile,0.01,30
2026-02-14,27,1,wk inc flu hosp,2026-02-21,quantile,0.025,35
2026-02-14,27,1,wk inc flu hosp,2026-02-21,quantile,0.05,42
2026-02-14,27,1,wk inc flu hosp,2026-02-21,quantile,0.1,58
2026-02-14,27,1,wk inc flu hosp,2026-02-21,quantile,0.15,68
2026-02-14,27,1,wk inc flu hosp,2026-02-21,quantile,0.2,76
2026-02-14,27,1,wk inc flu hosp,2026-02-21,quantile,0.25,82
2026-02-14,27,1,wk inc flu hosp,2026-02-21,quantile,0.3,93
2026-02-14,27,1,wk inc flu hosp,2026-02-21,quantile,0.35,100
2026-02-14,27,1,wk inc flu hosp,2026-02-21,quantile,0.4,106
2026-02-14,27,1,wk inc flu hosp,2026-02-21,quantile,0.45,116
2026-02-14,27,1,wk inc flu hosp,2026-02-21,quantile,0.5,130
2026-02-14,27,1,wk inc flu hosp,2026-02-21,quantile,0.55,139
2026-02-14,27,1,wk inc flu hosp,2026-02-21,quantile,0.6,152
2026-02-14,27,1,wk inc flu hosp,2026-02-21,quantile,0.65,163
2026-02-14,27,1,wk inc flu hosp,2026-02-21,quantile,0.7,176
2026-02-14,27,1,wk inc flu hosp,2026-02-21,quantile,0.75,188
2026-02-14,27,1,wk inc flu hosp,2026-02-21,quantile,0.8,199
2026-02-14,27,1,wk inc flu hosp,2026-02-21,quantile,0.85,218
2026-02-14,27,1,wk inc flu hosp,2026-02-21,quantile,0.9,237
2026-02-14,27,1,wk inc flu hosp,2026-02-21,quantile,0.95,274
2026-02-14,27,1,wk inc flu hosp,2026-02-21,quantile,0.975,315
2026-02-14,27,1,wk inc flu hosp,2026-02-21,quantile,0.99,358
2026-02-14,27,2,wk inc flu hosp,2026-02-28,quantile,0.01,11
2026-02-14,27,2,wk inc flu hosp,2026-02-28,quantile,0.025,17
2026-02-14,27,2,wk inc flu hosp,2026-02-28,quantile,0.05,23
2026-02-14,27,2,wk inc flu hosp,2026-02-28,quantile,0.1,29
2026-02-14,27,2,wk inc flu hosp,2026-02-28,quantile,0.15,37
2026-02-14,27,2,wk inc flu hosp,2026-02-28,quantile,0.2,52
2026-02-14,27,2,wk inc flu hosp,2026-02-28,quantile,0.25,62
2026-02-14,27,2,wk inc flu hosp,2026-02-28,quantile,0.3,66
2026-02-14,27,2,wk inc flu hosp,2026-02-28,quantile,0.35,78
2026-02-14,27,2,wk inc flu hosp,2026-02-28,quantile,0.4,86
2026-02-14,27,2,wk inc flu hosp,2026-02-28,quantile,0.45,98
2026-02-14,27,2,wk inc flu hosp,2026-02-28,quantile,0.5,110
2026-02-14,27,2,wk inc flu hosp,2026-02-28,quantile,0.55,121
2026-02-14,27,2,wk inc flu hosp,2026-02-28,quantile,0.6,135
2026-02-14,27,2,wk inc flu hosp,2026-02-28,quantile,0.65,146
2026-02-14,27,2,wk inc flu hosp,2026-02-28,quantile,0.7,166
2026-02-14,27,2,wk inc flu hosp,2026-02-28,quantile,0.75,183
2026-02-14,27,2,wk inc flu hosp,2026-02-28,quantile,0.8,195
2026-02-14,27,2,wk inc flu hosp,2026-02-28,quantile,0.85,212
2026-02-14,27,2,wk inc flu hosp,2026-02-28,quantile,0.9,245
2026-02-14,27,2,wk inc flu hosp,2026-02-28,quantile,0.95,299
2026-02-14,27,2,wk inc flu hosp,2026-02-28,quantile,0.975,337
2026-02-14,27,2,wk inc flu hosp,2026-02-28,quantile,0.99,393
2026-02-14,27,3,wk inc flu hosp,2026-03-07,quantile,0.01,7
2026-02-14,27,3,wk inc flu hosp,2026-03-07,quantile,0.025,11
2026-02-14,27,3,wk inc flu hosp,2026-03-07,quantile,0.05,15
2026-02-14,27,3,wk inc flu hosp,2026-03-07,quantile,0.1,23
2026-02-14,27,3,wk inc flu hosp,2026-03-07,quantile,0.15,29
2026-02-14,27,3,wk inc flu hosp,2026-03-07,quantile,0.2,39
2026-02-14,27,3,wk inc flu hosp,2026-03-07,quantile,0.25,46
2026-02-14,27,3,wk inc flu hosp,2026-03-07,quantile,0.3,54
2026-02-14,27,3,wk inc flu hosp,2026-03-07,quantile,0.35,63
2026-02-14,27,3,wk inc flu hosp,2026-03-07,quantile,0.4,67
2026-02-14,27,3,wk inc flu hosp,2026-03-07,quantile,0.45,76
2026-02-14,27,3,wk inc flu hosp,2026-03-07,quantile,0.5,92
2026-02-14,27,3,wk inc flu hosp,2026-03-07,quantile,0.55,109
2026-02-14,27,3,wk inc flu hosp,2026-03-07,quantile,0.6,117
2026-02-14,27,3,wk inc flu hosp,2026-03-07,quantile,0.65,132
2026-02-14,27,3,wk inc flu hosp,2026-03-07,quantile,0.7,147
2026-02-14,27,3,wk inc flu hosp,2026-03-07,quantile,0.75,167
2026-02-14,27,3,wk inc flu hosp,2026-03-07,quantile,0.8,188
2026-02-14,27,3,wk inc flu hosp,2026-03-07,quantile,0.85,217
2026-02-14,27,3,wk inc flu hosp,2026-03-07,quantile,0.9,260
2026-02-14,27,3,wk inc flu hosp,2026-03-07,quantile,0.95,316
2026-02-14,27,3,wk inc flu hosp,2026-03-07,quantile,0.975,358
2026-02-14,27,3,wk inc flu hosp,2026-03-07,quantile,0.99,448
2026-02-14,28,0,wk inc flu hosp,2026-02-14,quantile,0.01,86
2026-02-14,28,0,wk inc flu hosp,2026-02-14,quantile,0.025,102
2026-02-14,28,0,wk inc flu hosp,2026-02-14,quantile,0.05,114
2026-02-14,28,0,wk inc flu hosp,2026-02-14,quantile,0.1,123
2026-02-14,28,0,wk inc flu hosp,2026-02-14,quantile,0.15,133
2026-02-14,28,0,wk inc flu hosp,2026-02-14,quantile,0.2,140
2026-02-14,28,0,wk inc flu hosp,2026-02-14,quantile,0.25,152
2026-02-14,28,0,wk inc flu hosp,2026-02-14,quantile,0.3,161
2026-02-14,28,0,wk inc flu hosp,2026-02-14,quantile,0.35,167
2026-02-14,28,0,wk inc flu hosp,2026-02-14,quantile,0.4,173
2026-02-14,28,0,wk inc flu hosp,2026-02-14,quantile,0.45,178
2026-02-14,28,0,wk inc flu hosp,2026-02-14,quantile,0.5,185
2026-02-14,28,0,wk inc flu hosp,2026-02-14,quantile,0.55,191
2026-02-14,28,0,wk inc flu hosp,2026-02-14,quantile,0.6,197
2026-02-14,28,0,wk inc flu hosp,2026-02-14,quantile,0.65,204
2026-02-14,28,0,wk inc flu hosp,2026-02-14,quantile,0.7,208
2026-02-14,28,0,wk inc flu hosp,2026-02-14,quantile,0.75,217
2026-02-14,28,0,wk inc flu hosp,2026-02-14,quantile,0.8,227
2026-02-14,28,0,wk inc flu hosp,2026-02-14,quantile,0.85,238
2026-02-14,28,0,wk inc flu hosp,2026-02-14,quantile,0.9,249
2026-02-14,28,0,wk inc flu hosp,2026-02-14,quantile,0.95,263
2026-02-14,28,0,wk inc flu hosp,2026-02-14,quantile,0.975,285
2026-02-14,28,0,wk inc flu hosp,2026-02-14,quantile,0.99,300
2026-02-14,28,1,wk inc flu hosp,2026-02-21,quantile,0.01,68
2026-02-14,28,1,wk inc flu hosp,2026-02-21,quantile,0.025,78
2026-02-14,28,1,wk inc flu hosp,2026-02-21,quantile,0.05,90
2026-02-14,28,1,wk inc flu hosp,2026-02-21,quantile,0.1,102
2026-02-14,28,1,wk inc flu hosp,2026-02-21,quantile,0.15,114
2026-02-14,28,1,wk inc flu hosp,2026-02-21,quantile,0.2,122
2026-02-14,28,1,wk inc flu hosp,2026-02-21,quantile,0.25,129
2026-02-14,28,1,wk inc flu hosp,2026-02-21,quantile,0.3,136
2026-02-14,28,1,wk inc flu hosp,2026-02-21,quantile,0.35,145
2026-02-14,28,1,wk inc flu hosp,2026-02-21,quantile,0.4,152
2026-02-14,28,1,wk inc flu hosp,2026-02-21,quantile,0.45,162
2026-02-14,28,1,wk inc flu hosp,2026-02-21,quantile,0.5,171
2026-02-14,28,1,wk inc flu hosp,2026-02-21,quantile,0.55,178
2026-02-14,28,1,wk inc flu hosp,2026-02-21,quantile,0.6,187
2026-02-14,28,1,wk inc flu hosp,2026-02-21,quantile,0.65,199
2026-02-14,28,1,wk inc flu hosp,2026-02-21,quantile,0.7,208
2026-02-14,28,1,wk inc flu hosp,2026-02-21,quantile,0.75,218
2026-02-14,28,1,wk inc flu hosp,2026-02-21,quantile,0.8,228
2026-02-14,28,1,wk inc flu hosp,2026-02-21,quantile,0.85,246
2026-02-14,28,1,wk inc flu hosp,2026-02-21,quantile,0.9,260
2026-02-14,28,1,wk inc flu hosp,2026-02-21,quantile,0.95,291
2026-02-14,28,1,wk inc flu hosp,2026-02-21,quantile,0.975,313
2026-02-14,28,1,wk inc flu hosp,2026-02-21,quantile,0.99,346
2026-02-14,28,2,wk inc flu hosp,2026-02-28,quantile,0.01,44
2026-02-14,28,2,wk inc flu hosp,2026-02-28,quantile,0.025,58
2026-02-14,28,2,wk inc flu hosp,2026-02-28,quantile,0.05,67
2026-02-14,28,2,wk inc flu hosp,2026-02-28,quantile,0.1,84
2026-02-14,28,2,wk inc flu hosp,2026-02-28,quantile,0.15,95
2026-02-14,28,2,wk inc flu hosp,2026-02-28,quantile,0.2,106
2026-02-14,28,2,wk inc flu hosp,2026-02-28,quantile,0.25,114
2026-02-14,28,2,wk inc flu hosp,2026-02-28,quantile,0.3,124
2026-02-14,28,2,wk inc flu hosp,2026-02-28,quantile,0.35,133
2026-02-14,28,2,wk inc flu hosp,2026-02-28,quantile,0.4,145
2026-02-14,28,2,wk inc flu hosp,2026-02-28,quantile,0.45,153
2026-02-14,28,2,wk inc flu hosp,2026-02-28,quantile,0.5,162
2026-02-14,28,2,wk inc flu hosp,2026-02-28,quantile,0.55,168
2026-02-14,28,2,wk inc flu hosp,2026-02-28,quantile,0.6,175
2026-02-14,28,2,wk inc flu hosp,2026-02-28,quantile,0.65,185
2026-02-14,28,2,wk inc flu hosp,2026-02-28,quantile,0.7,200
2026-02-14,28,2,wk inc flu hosp,2026-02-28,quantile,0.75,210
2026-02-14,28,2,wk inc flu hosp,2026-02-28,quantile,0.8,218
2026-02-14,28,2,wk inc flu hosp,2026-02-28,quantile,0.85,233
2026-02-14,28,2,wk inc flu hosp,2026-02-28,quantile,0.9,253
2026-02-14,28,2,wk inc flu hosp,2026-02-28,quantile,0.95,292
2026-02-14,28,2,wk inc flu hosp,2026-02-28,quantile,0.975,315
2026-02-14,28,2,wk inc flu hosp,2026-02-28,quantile,0.99,339
2026-02-14,28,3,wk inc flu hosp,2026-03-07,quantile,0.01,36
2026-02-14,28,3,wk inc flu hosp,2026-03-07,quantile,0.025,47
2026-02-14,28,3,wk inc flu hosp,2026-03-07,quantile,0.05,53
2026-02-14,28,3,wk inc flu hosp,2026-03-07,quantile,0.1,67
2026-02-14,28,3,wk inc flu hosp,2026-03-07,quantile,0.15,83
2026-02-14,28,3,wk inc flu hosp,2026-03-07,quantile,0.2,92
2026-02-14,28,3,wk inc flu hosp,2026-03-07,quantile,0.25,99
2026-02-14,28,3,wk inc flu hosp,2026-03-07,quantile,0.3,109
2026-02-14,28,3,wk inc flu hosp,2026-03-07,quantile,0.35,120
2026-02-14,28,3,wk inc flu hosp,2026-03-07,quantile,0.4,131
2026-02-14,28,3,wk inc flu hosp,2026-03-07,quantile,0.45,142
2026-02-14,28,3,wk inc flu hosp,2026-03-07,quantile,0.5,153
2026-02-14,28,3,wk inc flu hosp,2026-03-07,quantile,0.55,164
2026-02-14,28,3,wk inc flu hosp,2026-03-07,quantile,0.6,176
2026-02-14,28,3,wk inc flu hosp,2026-03-07,quantile,0.65,186
2026-02-14,28,3,wk inc flu hosp,2026-03-07,quantile,0.7,196
2026-02-14,28,3,wk inc flu hosp,2026-03-07,quantile,0.75,211
2026-02-14,28,3,wk inc flu hosp,2026-03-07,quantile,0.8,225
2026-02-14,28,3,wk inc flu hosp,2026-03-07,quantile,0.85,243
2026-02-14,28,3,wk inc flu hosp,2026-03-07,quantile,0.9,266
2026-02-14,28,3,wk inc flu hosp,2026-03-07,quantile,0.95,304
2026-02-14,28,3,wk inc flu hosp,2026-03-07,quantile,0.975,330
2026-02-14,28,3,wk inc flu hosp,2026-03-07,quantile,0.99,363
2026-02-14,29,0,wk inc flu hosp,2026-02-14,quantile,0.01,124
2026-02-14,29,0,wk inc flu hosp,2026-02-14,quantile,0.025,150
2026-02-14,29,0,wk inc flu hosp,2026-02-14,quantile,0.05,169
2026-02-14,29,0,wk inc flu hosp,2026-02-14,quantile,0.1,193
2026-02-14,29,0,wk inc flu hosp,2026-02-14,quantile,0.15,212
2026-02-14,29,0,wk inc flu hosp,2026-02-14,quantile,0.2,226
2026-02-14,29,0,wk inc flu hosp,2026-02-14,quantile,0.25,237
2026-02-14,29,0,wk inc flu hosp,2026-02-14,quantile,0.3,248
2026-02-14,29,0,wk inc flu hosp,2026-02-14,quantile,0.35,257
2026-02-14,29,0,wk inc flu hosp,2026-02-14,quantile,0.4,267
2026-02-14,29,0,wk inc flu hosp,2026-02-14,quantile,0.45,282
2026-02-14,29,0,wk inc flu hosp,2026-02-14,quantile,0.5,293
2026-02-14,29,0,wk inc flu hosp,2026-02-14,quantile,0.55,306
2026-02-14,29,0,wk inc flu hosp,2026-02-14,quantile,0.6,323
2026-02-14,29,0,wk inc flu hosp,2026-02-14,quantile,0.65,334
2026-02-14,29,0,wk inc flu hosp,2026-02-14,quantile,0.7,351
2026-02-14,29,0,wk inc flu hosp,2026-02-14,quantile,0.75,361
2026-02-14,29,0,wk inc flu hosp,2026-02-14,quantile,0.8,373
2026-02-14,29,0,wk inc flu hosp,2026-02-14,quantile,0.85,389
2026-02-14,29,0,wk inc flu hosp,2026-02-14,quantile,0.9,419
2026-02-14,29,0,wk inc flu hosp,2026-02-14,quantile,0.95,472
2026-02-14,29,0,wk inc flu hosp,2026-02-14,quantile,0.975,526
2026-02-14,29,0,wk inc flu hosp,2026-02-14,quantile,0.99,621
2026-02-14,29,1,wk inc flu hosp,2026-02-21,quantile,0.01,69
2026-02-14,29,1,wk inc flu hosp,2026-02-21,quantile,0.025,92
2026-02-14,29,1,wk inc flu hosp,2026-02-21,quantile,0.05,118
2026-02-14,29,1,wk inc flu hosp,2026-02-21,quantile,0.1,145
2026-02-14,29,1,wk inc flu hosp,2026-02-21,quantile,0.15,164
2026-02-14,29,1,wk inc flu hosp,2026-02-21,quantile,0.2,175
2026-02-14,29,1,wk inc flu hosp,2026-02-21,quantile,0.25,186
2026-02-14,29,1,wk inc flu hosp,2026-02-21,quantile,0.3,203
2026-02-14,29,1,wk inc flu hosp,2026-02-21,quantile,0.35,220
2026-02-14,29,1,wk inc flu hosp,2026-02-21,quantile,0.4,235
2026-02-14,29,1,wk inc flu hosp,2026-02-21,quantile,0.45,247
2026-02-14,29,1,wk inc flu hosp,2026-02-21,quantile,0.5,260
2026-02-14,29,1,wk inc flu hosp,2026-02-21,quantile,0.55,279
2026-02-14,29,1,wk inc flu hosp,2026-02-21,quantile,0.6,299
2026-02-14,29,1,wk inc flu hosp,2026-02-21,quantile,0.65,322
2026-02-14,29,1,wk inc flu hosp,2026-02-21,quantile,0.7,339
2026-02-14,29,1,wk inc flu hosp,2026-02-21,quantile,0.75,357
2026-02-14,29,1,wk inc flu hosp,2026-02-21,quantile,0.8,377
2026-02-14,29,1,wk inc flu hosp,2026-02-21,quantile,0.85,399
2026-02-14,29,1,wk inc flu hosp,2026-02-21,quantile,0.9,432
2026-02-14,29,1,wk inc flu hosp,2026-02-21,quantile,0.95,508
2026-02-14,29,1,wk inc flu hosp,2026-02-21,quantile,0.975,585
2026-02-14,29,1,wk inc flu hosp,2026-02-21,quantile,0.99,711
2026-02-14,29,2,wk inc flu hosp,2026-02-28,quantile,0.01,34
2026-02-14,29,2,wk inc flu hosp,2026-02-28,quantile,0.025,69
2026-02-14,29,2,wk inc flu hosp,2026-02-28,quantile,0.05,89
2026-02-14,29,2,wk inc flu hosp,2026-02-28,quantile,0.1,112
2026-02-14,29,2,wk inc flu hosp,2026-02-28,quantile,0.15,121
2026-02-14,29,2,wk inc flu hosp,2026-02-28,quantile,0.2,138
2026-02-14,29,2,wk inc flu hosp,2026-02-28,quantile,0.25,144
2026-02-14,29,2,wk inc flu hosp,2026-02-28,quantile,0.3,174
2026-02-14,29,2,wk inc flu hosp,2026-02-28,quantile,0.35,189
2026-02-14,29,2,wk inc flu hosp,2026-02-28,quantile,0.4,208
2026-02-14,29,2,wk inc flu hosp,2026-02-28,quantile,0.45,226
2026-02-14,29,2,wk inc flu hosp,2026-02-28,quantile,0.5,241
2026-02-14,29,2,wk inc flu hosp,2026-02-28,quantile,0.55,256
2026-02-14,29,2,wk inc flu hosp,2026-02-28,quantile,0.6,276
2026-02-14,29,2,wk inc flu hosp,2026-02-28,quantile,0.65,288
2026-02-14,29,2,wk inc flu hosp,2026-02-28,quantile,0.7,305
2026-02-14,29,2,wk inc flu hosp,2026-02-28,quantile,0.75,325
2026-02-14,29,2,wk inc flu hosp,2026-02-28,quantile,0.8,348
2026-02-14,29,2,wk inc flu hosp,2026-02-28,quantile,0.85,384
2026-02-14,29,2,wk inc flu hosp,2026-02-28,quantile,0.9,446
2026-02-14,29,2,wk inc flu hosp,2026-02-28,quantile,0.95,527
2026-02-14,29,2,wk inc flu hosp,2026-02-28,quantile,0.975,611
2026-02-14,29,2,wk inc flu hosp,2026-02-28,quantile,0.99,739
2026-02-14,29,3,wk inc flu hosp,2026-03-07,quantile,0.01,15
2026-02-14,29,3,wk inc flu hosp,2026-03-07,quantile,0.025,51
2026-02-14,29,3,wk inc flu hosp,2026-03-07,quantile,0.05,63
2026-02-14,29,3,wk inc flu hosp,2026-03-07,quantile,0.1,79
2026-02-14,29,3,wk inc flu hosp,2026-03-07,quantile,0.15,98
2026-02-14,29,3,wk inc flu hosp,2026-03-07,quantile,0.2,109
2026-02-14,29,3,wk inc flu hosp,2026-03-07,quantile,0.25,117
2026-02-14,29,3,wk inc flu hosp,2026-03-07,quantile,0.3,138
2026-02-14,29,3,wk inc flu hosp,2026-03-07,quantile,0.35,157
2026-02-14,29,3,wk inc flu hosp,2026-03-07,quantile,0.4,166
2026-02-14,29,3,wk inc flu hosp,2026-03-07,quantile,0.45,182
2026-02-14,29,3,wk inc flu hosp,2026-03-07,quantile,0.5,196
2026-02-14,29,3,wk inc flu hosp,2026-03-07,quantile,0.55,210
2026-02-14,29,3,wk inc flu hosp,2026-03-07,quantile,0.6,231
2026-02-14,29,3,wk inc flu hosp,2026-03-07,quantile,0.65,253
2026-02-14,29,3,wk inc flu hosp,2026-03-07,quantile,0.7,281
2026-02-14,29,3,wk inc flu hosp,2026-03-07,quantile,0.75,304
2026-02-14,29,3,wk inc flu hosp,2026-03-07,quantile,0.8,335
2026-02-14,29,3,wk inc flu hosp,2026-03-07,quantile,0.85,372
2026-02-14,29,3,wk inc flu hosp,2026-03-07,quantile,0.9,427
2026-02-14,29,3,wk inc flu hosp,2026-03-07,quantile,0.95,507
2026-02-14,29,3,wk inc flu hosp,2026-03-07,quantile,0.975,602
2026-02-14,29,3,wk inc flu hosp,2026-03-07,quantile,0.99,745
2026-02-14,30,0,wk inc flu hosp,2026-02-14,quantile,0.01,20
2026-02-14,30,0,wk inc flu hosp,2026-02-14,quantile,0.025,24
2026-02-14,30,0,wk inc flu hosp,2026-02-14,quantile,0.05,30
2026-02-14,30,0,wk inc flu hosp,2026-02-14,quantile,0.1,37
2026-02-14,30,0,wk inc flu hosp,2026-02-14,quantile,0.15,41
2026-02-14,30,0,wk inc flu hosp,2026-02-14,quantile,0.2,44
2026-02-14,30,0,wk inc flu hosp,2026-02-14,quantile,0.25,47
2026-02-14,30,0,wk inc flu hosp,2026-02-14,quantile,0.3,49
2026-02-14,30,0,wk inc flu hosp,2026-02-14,quantile,0.35,51
2026-02-14,30,0,wk inc flu hosp,2026-02-14,quantile,0.4,52
2026-02-14,30,0,wk inc flu hosp,2026-02-14,quantile,0.45,56
2026-02-14,30,0,wk inc flu hosp,2026-02-14,quantile,0.5,60
2026-02-14,30,0,wk inc flu hosp,2026-02-14,quantile,0.55,64
2026-02-14,30,0,wk inc flu hosp,2026-02-14,quantile,0.6,65
2026-02-14,30,0,wk inc flu hosp,2026-02-14,quantile,0.65,68
2026-02-14,30,0,wk inc flu hosp,2026-02-14,quantile,0.7,70
2026-02-14,30,0,wk inc flu hosp,2026-02-14,quantile,0.75,73
2026-02-14,30,0,wk inc flu hosp,2026-02-14,quantile,0.8,77
2026-02-14,30,0,wk inc flu hosp,2026-02-14,quantile,0.85,82
2026-02-14,30,0,wk inc flu hosp,2026-02-14,quantile,0.9,87
2026-02-14,30,0,wk inc flu hosp,2026-02-14,quantile,0.95,98
2026-02-14,30,0,wk inc flu hosp,2026-02-14,quantile,0.975,107
2026-02-14,30,0,wk inc flu hosp,2026-02-14,quantile,0.99,110
2026-02-14,30,1,wk inc flu hosp,2026-02-21,quantile,0.01,12
2026-02-14,30,1,wk inc flu hosp,2026-02-21,quantile,0.025,16
2026-02-14,30,1,wk inc flu hosp,2026-02-21,quantile,0.05,21
2026-02-14,30,1,wk inc flu hosp,2026-02-21,quantile,0.1,27
2026-02-14,30,1,wk inc flu hosp,2026-02-21,quantile,0.15,31
2026-02-14,30,1,wk inc flu hosp,2026-02-21,quantile,0.2,34
2026-02-14,30,1,wk inc flu hosp,2026-02-21,quantile,0.25,37
2026-02-14,30,1,wk inc flu hosp,2026-02-21,quantile,0.3,40
2026-02-14,30,1,wk inc flu hosp,2026-02-21,quantile,0.35,42
2026-02-14,30,1,wk inc flu hosp,2026-02-21,quantile,0.4,45
2026-02-14,30,1,wk inc flu hosp,2026-02-21,quantile,0.45,48
2026-02-14,30,1,wk inc flu hosp,2026-02-21,quantile,0.5,52
2026-02-14,30,1,wk inc flu hosp,2026-02-21,quantile,0.55,57
2026-02-14,30,1,wk inc flu hosp,2026-02-21,quantile,0.6,60
2026-02-14,30,1,wk inc flu hosp,2026-02-21,quantile,0.65,62
2026-02-14,30,1,wk inc flu hosp,2026-02-21,quantile,0.7,67
2026-02-14,30,1,wk inc flu hosp,2026-02-21,quantile,0.75,72
2026-02-14,30,1,wk inc flu hosp,2026-02-21,quantile,0.8,78
2026-02-14,30,1,wk inc flu hosp,2026-02-21,quantile,0.85,84
2026-02-14,30,1,wk inc flu hosp,2026-02-21,quantile,0.9,92
2026-02-14,30,1,wk inc flu hosp,2026-02-21,quantile,0.95,105
2026-02-14,30,1,wk inc flu hosp,2026-02-21,quantile,0.975,117
2026-02-14,30,1,wk inc flu hosp,2026-02-21,quantile,0.99,127
2026-02-14,30,2,wk inc flu hosp,2026-02-28,quantile,0.01,7
2026-02-14,30,2,wk inc flu hosp,2026-02-28,quantile,0.025,11
2026-02-14,30,2,wk inc flu hosp,2026-02-28,quantile,0.05,14
2026-02-14,30,2,wk inc flu hosp,2026-02-28,quantile,0.1,19
2026-02-14,30,2,wk inc flu hosp,2026-02-28,quantile,0.15,23
2026-02-14,30,2,wk inc flu hosp,2026-02-28,quantile,0.2,27
2026-02-14,30,2,wk inc flu hosp,2026-02-28,quantile,0.25,31
2026-02-14,30,2,wk inc flu hosp,2026-02-28,quantile,0.3,34
2026-02-14,30,2,wk inc flu hosp,2026-02-28,quantile,0.35,37
2026-02-14,30,2,wk inc flu hosp,2026-02-28,quantile,0.4,39
2026-02-14,30,2,wk inc flu hosp,2026-02-28,quantile,0.45,42
2026-02-14,30,2,wk inc flu hosp,2026-02-28,quantile,0.5,47
2026-02-14,30,2,wk inc flu hosp,2026-02-28,quantile,0.55,50
2026-02-14,30,2,wk inc flu hosp,2026-02-28,quantile,0.6,54
2026-02-14,30,2,wk inc flu hosp,2026-02-28,quantile,0.65,58
2026-02-14,30,2,wk inc flu hosp,2026-02-28,quantile,0.7,62
2026-02-14,30,2,wk inc flu hosp,2026-02-28,quantile,0.75,67
2026-02-14,30,2,wk inc flu hosp,2026-02-28,quantile,0.8,74
2026-02-14,30,2,wk inc flu hosp,2026-02-28,quantile,0.85,80
2026-02-14,30,2,wk inc flu hosp,2026-02-28,quantile,0.9,88
2026-02-14,30,2,wk inc flu hosp,2026-02-28,quantile,0.95,103
2026-02-14,30,2,wk inc flu hosp,2026-02-28,quantile,0.975,118
2026-02-14,30,2,wk inc flu hosp,2026-02-28,quantile,0.99,137
2026-02-14,30,3,wk inc flu hosp,2026-03-07,quantile,0.01,4
2026-02-14,30,3,wk inc flu hosp,2026-03-07,quantile,0.025,9
2026-02-14,30,3,wk inc flu hosp,2026-03-07,quantile,0.05,11
2026-02-14,30,3,wk inc flu hosp,2026-03-07,quantile,0.1,15
2026-02-14,30,3,wk inc flu hosp,2026-03-07,quantile,0.15,18
2026-02-14,30,3,wk inc flu hosp,2026-03-07,quantile,0.2,24
2026-02-14,30,3,wk inc flu hosp,2026-03-07,quantile,0.25,27
2026-02-14,30,3,wk inc flu hosp,2026-03-07,quantile,0.3,29
2026-02-14,30,3,wk inc flu hosp,2026-03-07,quantile,0.35,30
2026-02-14,30,3,wk inc flu hosp,2026-03-07,quantile,0.4,33
2026-02-14,30,3,wk inc flu hosp,2026-03-07,quantile,0.45,36
2026-02-14,30,3,wk inc flu hosp,2026-03-07,quantile,0.5,41
2026-02-14,30,3,wk inc flu hosp,2026-03-07,quantile,0.55,43
2026-02-14,30,3,wk inc flu hosp,2026-03-07,quantile,0.6,49
2026-02-14,30,3,wk inc flu hosp,2026-03-07,quantile,0.65,53
2026-02-14,30,3,wk inc flu hosp,2026-03-07,quantile,0.7,57
2026-02-14,30,3,wk inc flu hosp,2026-03-07,quantile,0.75,63
2026-02-14,30,3,wk inc flu hosp,2026-03-07,quantile,0.8,70
2026-02-14,30,3,wk inc flu hosp,2026-03-07,quantile,0.85,77
2026-02-14,30,3,wk inc flu hosp,2026-03-07,quantile,0.9,86
2026-02-14,30,3,wk inc flu hosp,2026-03-07,quantile,0.95,104
2026-02-14,30,3,wk inc flu hosp,2026-03-07,quantile,0.975,121
2026-02-14,30,3,wk inc flu hosp,2026-03-07,quantile,0.99,142
2026-02-14,31,0,wk inc flu hosp,2026-02-14,quantile,0.01,63
2026-02-14,31,0,wk inc flu hosp,2026-02-14,quantile,0.025,68
2026-02-14,31,0,wk inc flu hosp,2026-02-14,quantile,0.05,79
2026-02-14,31,0,wk inc flu hosp,2026-02-14,quantile,0.1,89
2026-02-14,31,0,wk inc flu hosp,2026-02-14,quantile,0.15,97
2026-02-14,31,0,wk inc flu hosp,2026-02-14,quantile,0.2,103
2026-02-14,31,0,wk inc flu hosp,2026-02-14,quantile,0.25,108
2026-02-14,31,0,wk inc flu hosp,2026-02-14,quantile,0.3,113
2026-02-14,31,0,wk inc flu hosp,2026-02-14,quantile,0.35,118
2026-02-14,31,0,wk inc flu hosp,2026-02-14,quantile,0.4,122
2026-02-14,31,0,wk inc flu hosp,2026-02-14,quantile,0.45,127
2026-02-14,31,0,wk inc flu hosp,2026-02-14,quantile,0.5,132
2026-02-14,31,0,wk inc flu hosp,2026-02-14,quantile,0.55,136
2026-02-14,31,0,wk inc flu hosp,2026-02-14,quantile,0.6,140
2026-02-14,31,0,wk inc flu hosp,2026-02-14,quantile,0.65,144
2026-02-14,31,0,wk inc flu hosp,2026-02-14,quantile,0.7,147
2026-02-14,31,0,wk inc flu hosp,2026-02-14,quantile,0.75,150
2026-02-14,31,0,wk inc flu hosp,2026-02-14,quantile,0.8,158
2026-02-14,31,0,wk inc flu hosp,2026-02-14,quantile,0.85,167
2026-02-14,31,0,wk inc flu hosp,2026-02-14,quantile,0.9,182
2026-02-14,31,0,wk inc flu hosp,2026-02-14,quantile,0.95,198
2026-02-14,31,0,wk inc flu hosp,2026-02-14,quantile,0.975,216
2026-02-14,31,0,wk inc flu hosp,2026-02-14,quantile,0.99,229
2026-02-14,31,1,wk inc flu hosp,2026-02-21,quantile,0.01,40
2026-02-14,31,1,wk inc flu hosp,2026-02-21,quantile,0.025,48
2026-02-14,31,1,wk inc flu hosp,2026-02-21,quantile,0.05,55
2026-02-14,31,1,wk inc flu hosp,2026-02-21,quantile,0.1,69
2026-02-14,31,1,wk inc flu hosp,2026-02-21,quantile,0.15,76
2026-02-14,31,1,wk inc flu hosp,2026-02-21,quantile,0.2,84
2026-02-14,31,1,wk inc flu hosp,2026-02-21,quantile,0.25,91
2026-02-14,31,1,wk inc flu hosp,2026-02-21,quantile,0.3,96
2026-02-14,31,1,wk inc flu hosp,2026-02-21,quantile,0.35,102
2026-02-14,31,1,wk inc flu hosp,2026-02-21,quantile,0.4,109
2026-02-14,31,1,wk inc flu hosp,2026-02-21,quantile,0.45,117
2026-02-14,31,1,wk inc flu hosp,2026-02-21,quantile,0.5,124
2026-02-14,31,1,wk inc flu hosp,2026-02-21,quantile,0.55,128
2026-02-14,31,1,wk inc flu hosp,2026-02-21,quantile,0.6,132
2026-02-14,31,1,wk inc flu hosp,2026-02-21,quantile,0.65,138
2026-02-14,31,1,wk inc flu hosp,2026-02-21,quantile,0.7,141
2026-02-14,31,1,wk inc flu hosp,2026-02-21,quantile,0.75,148
2026-02-14,31,1,wk inc flu hosp,2026-02-21,quantile,0.8,156
2026-02-14,31,1,wk inc flu hosp,2026-02-21,quantile,0.85,165
2026-02-14,31,1,wk inc flu hosp,2026-02-21,quantile,0.9,180
2026-02-14,31,1,wk inc flu hosp,2026-02-21,quantile,0.95,203
2026-02-14,31,1,wk inc flu hosp,2026-02-21,quantile,0.975,219
2026-02-14,31,1,wk inc flu hosp,2026-02-21,quantile,0.99,241
2026-02-14,31,2,wk inc flu hosp,2026-02-28,quantile,0.01,28
2026-02-14,31,2,wk inc flu hosp,2026-02-28,quantile,0.025,35
2026-02-14,31,2,wk inc flu hosp,2026-02-28,quantile,0.05,42
2026-02-14,31,2,wk inc flu hosp,2026-02-28,quantile,0.1,54
2026-02-14,31,2,wk inc flu hosp,2026-02-28,quantile,0.15,58
2026-02-14,31,2,wk inc flu hosp,2026-02-28,quantile,0.2,65
2026-02-14,31,2,wk inc flu hosp,2026-02-28,quantile,0.25,72
2026-02-14,31,2,wk inc flu hosp,2026-02-28,quantile,0.3,77
2026-02-14,31,2,wk inc flu hosp,2026-02-28,quantile,0.35,86
2026-02-14,31,2,wk inc flu hosp,2026-02-28,quantile,0.4,92
2026-02-14,31,2,wk inc flu hosp,2026-02-28,quantile,0.45,98
2026-02-14,31,2,wk inc flu hosp,2026-02-28,quantile,0.5,103
2026-02-14,31,2,wk inc flu hosp,2026-02-28,quantile,0.55,111
2026-02-14,31,2,wk inc flu hosp,2026-02-28,quantile,0.6,120
2026-02-14,31,2,wk inc flu hosp,2026-02-28,quantile,0.65,122
2026-02-14,31,2,wk inc flu hosp,2026-02-28,quantile,0.7,132
2026-02-14,31,2,wk inc flu hosp,2026-02-28,quantile,0.75,144
2026-02-14,31,2,wk inc flu hosp,2026-02-28,quantile,0.8,154
2026-02-14,31,2,wk inc flu hosp,2026-02-28,quantile,0.85,162
2026-02-14,31,2,wk inc flu hosp,2026-02-28,quantile,0.9,179
2026-02-14,31,2,wk inc flu hosp,2026-02-28,quantile,0.95,202
2026-02-14,31,2,wk inc flu hosp,2026-02-28,quantile,0.975,217
2026-02-14,31,2,wk inc flu hosp,2026-02-28,quantile,0.99,237
2026-02-14,31,3,wk inc flu hosp,2026-03-07,quantile,0.01,18
2026-02-14,31,3,wk inc flu hosp,2026-03-07,quantile,0.025,26
2026-02-14,31,3,wk inc flu hosp,2026-03-07,quantile,0.05,32
2026-02-14,31,3,wk inc flu hosp,2026-03-07,quantile,0.1,42
2026-02-14,31,3,wk inc flu hosp,2026-03-07,quantile,0.15,46
2026-02-14,31,3,wk inc flu hosp,2026-03-07,quantile,0.2,51
2026-02-14,31,3,wk inc flu hosp,2026-03-07,quantile,0.25,56
2026-02-14,31,3,wk inc flu hosp,2026-03-07,quantile,0.3,63
2026-02-14,31,3,wk inc flu hosp,2026-03-07,quantile,0.35,70
2026-02-14,31,3,wk inc flu hosp,2026-03-07,quantile,0.4,75
2026-02-14,31,3,wk inc flu hosp,2026-03-07,quantile,0.45,82
2026-02-14,31,3,wk inc flu hosp,2026-03-07,quantile,0.5,90
2026-02-14,31,3,wk inc flu hosp,2026-03-07,quantile,0.55,93
2026-02-14,31,3,wk inc flu hosp,2026-03-07,quantile,0.6,100
2026-02-14,31,3,wk inc flu hosp,2026-03-07,quantile,0.65,107
2026-02-14,31,3,wk inc flu hosp,2026-03-07,quantile,0.7,116
2026-02-14,31,3,wk inc flu hosp,2026-03-07,quantile,0.75,131
2026-02-14,31,3,wk inc flu hosp,2026-03-07,quantile,0.8,149
2026-02-14,31,3,wk inc flu hosp,2026-03-07,quantile,0.85,157
2026-02-14,31,3,wk inc flu hosp,2026-03-07,quantile,0.9,174
2026-02-14,31,3,wk inc flu hosp,2026-03-07,quantile,0.95,197
2026-02-14,31,3,wk inc flu hosp,2026-03-07,quantile,0.975,225
2026-02-14,31,3,wk inc flu hosp,2026-03-07,quantile,0.99,254
2026-02-14,32,0,wk inc flu hosp,2026-02-14,quantile,0.01,31
2026-02-14,32,0,wk inc flu hosp,2026-02-14,quantile,0.025,38
2026-02-14,32,0,wk inc flu hosp,2026-02-14,quantile,0.05,44
2026-02-14,32,0,wk inc flu hosp,2026-02-14,quantile,0.1,51
2026-02-14,32,0,wk inc flu hosp,2026-02-14,quantile,0.15,56
2026-02-14,32,0,wk inc flu hosp,2026-02-14,quantile,0.2,60
2026-02-14,32,0,wk inc flu hosp,2026-02-14,quantile,0.25,64
2026-02-14,32,0,wk inc flu hosp,2026-02-14,quantile,0.3,67
2026-02-14,32,0,wk inc flu hosp,2026-02-14,quantile,0.35,71
2026-02-14,32,0,wk inc flu hosp,2026-02-14,quantile,0.4,76
2026-02-14,32,0,wk inc flu hosp,2026-02-14,quantile,0.45,79
2026-02-14,32,0,wk inc flu hosp,2026-02-14,quantile,0.5,84
2026-02-14,32,0,wk inc flu hosp,2026-02-14,quantile,0.55,88
2026-02-14,32,0,wk inc flu hosp,2026-02-14,quantile,0.6,92
2026-02-14,32,0,wk inc flu hosp,2026-02-14,quantile,0.65,95
2026-02-14,32,0,wk inc flu hosp,2026-02-14,quantile,0.7,99
2026-02-14,32,0,wk inc flu hosp,2026-02-14,quantile,0.75,103
2026-02-14,32,0,wk inc flu hosp,2026-02-14,quantile,0.8,108
2026-02-14,32,0,wk inc flu hosp,2026-02-14,quantile,0.85,113
2026-02-14,32,0,wk inc flu hosp,2026-02-14,quantile,0.9,122
2026-02-14,32,0,wk inc flu hosp,2026-02-14,quantile,0.95,137
2026-02-14,32,0,wk inc flu hosp,2026-02-14,quantile,0.975,146
2026-02-14,32,0,wk inc flu hosp,2026-02-14,quantile,0.99,165
2026-02-14,32,1,wk inc flu hosp,2026-02-21,quantile,0.01,19
2026-02-14,32,1,wk inc flu hosp,2026-02-21,quantile,0.025,25
2026-02-14,32,1,wk inc flu hosp,2026-02-21,quantile,0.05,32
2026-02-14,32,1,wk inc flu hosp,2026-02-21,quantile,0.1,39
2026-02-14,32,1,wk inc flu hosp,2026-02-21,quantile,0.15,45
2026-02-14,32,1,wk inc flu hosp,2026-02-21,quantile,0.2,50
2026-02-14,32,1,wk inc flu hosp,2026-02-21,quantile,0.25,54
2026-02-14,32,1,wk inc flu hosp,2026-02-21,quantile,0.3,58
2026-02-14,32,1,wk inc flu hosp,2026-02-21,quantile,0.35,64
2026-02-14,32,1,wk inc flu hosp,2026-02-21,quantile,0.4,68
2026-02-14,32,1,wk inc flu hosp,2026-02-21,quantile,0.45,72
2026-02-14,32,1,wk inc flu hosp,2026-02-21,quantile,0.5,77
2026-02-14,32,1,wk inc flu hosp,2026-02-21,quantile,0.55,82
2026-02-14,32,1,wk inc flu hosp,2026-02-21,quantile,0.6,86
2026-02-14,32,1,wk inc flu hosp,2026-02-21,quantile,0.65,91
2026-02-14,32,1,wk inc flu hosp,2026-02-21,quantile,0.7,94
2026-02-14,32,1,wk inc flu hosp,2026-02-21,quantile,0.75,99
2026-02-14,32,1,wk inc flu hosp,2026-02-21,quantile,0.8,106
2026-02-14,32,1,wk inc flu hosp,2026-02-21,quantile,0.85,114
2026-02-14,32,1,wk inc flu hosp,2026-02-21,quantile,0.9,127
2026-02-14,32,1,wk inc flu hosp,2026-02-21,quantile,0.95,145
2026-02-14,32,1,wk inc flu hosp,2026-02-21,quantile,0.975,160
2026-02-14,32,1,wk inc flu hosp,2026-02-21,quantile,0.99,180
2026-02-14,32,2,wk inc flu hosp,2026-02-28,quantile,0.01,11
2026-02-14,32,2,wk inc flu hosp,2026-02-28,quantile,0.025,15
2026-02-14,32,2,wk inc flu hosp,2026-02-28,quantile,0.05,22
2026-02-14,32,2,wk inc flu hosp,2026-02-28,quantile,0.1,29
2026-02-14,32,2,wk inc flu hosp,2026-02-28,quantile,0.15,35
2026-02-14,32,2,wk inc flu hosp,2026-02-28,quantile,0.2,37
2026-02-14,32,2,wk inc flu hosp,2026-02-28,quantile,0.25,43
2026-02-14,32,2,wk inc flu hosp,2026-02-28,quantile,0.3,49
2026-02-14,32,2,wk inc flu hosp,2026-02-28,quantile,0.35,56
2026-02-14,32,2,wk inc flu hosp,2026-02-28,quantile,0.4,59
2026-02-14,32,2,wk inc flu hosp,2026-02-28,quantile,0.45,63
2026-02-14,32,2,wk inc flu hosp,2026-02-28,quantile,0.5,68
2026-02-14,32,2,wk inc flu hosp,2026-02-28,quantile,0.55,72
2026-02-14,32,2,wk inc flu hosp,2026-02-28,quantile,0.6,77
2026-02-14,32,2,wk inc flu hosp,2026-02-28,quantile,0.65,83
2026-02-14,32,2,wk inc flu hosp,2026-02-28,quantile,0.7,89
2026-02-14,32,2,wk inc flu hosp,2026-02-28,quantile,0.75,95
2026-02-14,32,2,wk inc flu hosp,2026-02-28,quantile,0.8,101
2026-02-14,32,2,wk inc flu hosp,2026-02-28,quantile,0.85,111
2026-02-14,32,2,wk inc flu hosp,2026-02-28,quantile,0.9,126
2026-02-14,32,2,wk inc flu hosp,2026-02-28,quantile,0.95,151
2026-02-14,32,2,wk inc flu hosp,2026-02-28,quantile,0.975,173
2026-02-14,32,2,wk inc flu hosp,2026-02-28,quantile,0.99,192
2026-02-14,32,3,wk inc flu hosp,2026-03-07,quantile,0.01,7
2026-02-14,32,3,wk inc flu hosp,2026-03-07,quantile,0.025,11
2026-02-14,32,3,wk inc flu hosp,2026-03-07,quantile,0.05,17
2026-02-14,32,3,wk inc flu hosp,2026-03-07,quantile,0.1,24
2026-02-14,32,3,wk inc flu hosp,2026-03-07,quantile,0.15,28
2026-02-14,32,3,wk inc flu hosp,2026-03-07,quantile,0.2,33
2026-02-14,32,3,wk inc flu hosp,2026-03-07,quantile,0.25,35
2026-02-14,32,3,wk inc flu hosp,2026-03-07,quantile,0.3,42
2026-02-14,32,3,wk inc flu hosp,2026-03-07,quantile,0.35,48
2026-02-14,32,3,wk inc flu hosp,2026-03-07,quantile,0.4,52
2026-02-14,32,3,wk inc flu hosp,2026-03-07,quantile,0.45,57
2026-02-14,32,3,wk inc flu hosp,2026-03-07,quantile,0.5,61
2026-02-14,32,3,wk inc flu hosp,2026-03-07,quantile,0.55,66
2026-02-14,32,3,wk inc flu hosp,2026-03-07,quantile,0.6,70
2026-02-14,32,3,wk inc flu hosp,2026-03-07,quantile,0.65,78
2026-02-14,32,3,wk inc flu hosp,2026-03-07,quantile,0.7,84
2026-02-14,32,3,wk inc flu hosp,2026-03-07,quantile,0.75,91
2026-02-14,32,3,wk inc flu hosp,2026-03-07,quantile,0.8,99
2026-02-14,32,3,wk inc flu hosp,2026-03-07,quantile,0.85,110
2026-02-14,32,3,wk inc flu hosp,2026-03-07,quantile,0.9,124
2026-02-14,32,3,wk inc flu hosp,2026-03-07,quantile,0.95,152
2026-02-14,32,3,wk inc flu hosp,2026-03-07,quantile,0.975,183
2026-02-14,32,3,wk inc flu hosp,2026-03-07,quantile,0.99,215
2026-02-14,33,0,wk inc flu hosp,2026-02-14,quantile,0.01,10
2026-02-14,33,0,wk inc flu hosp,2026-02-14,quantile,0.025,14
2026-02-14,33,0,wk inc flu hosp,2026-02-14,quantile,0.05,18
2026-02-14,33,0,wk inc flu hosp,2026-02-14,quantile,0.1,21
2026-02-14,33,0,wk inc flu hosp,2026-02-14,quantile,0.15,24
2026-02-14,33,0,wk inc flu hosp,2026-02-14,quantile,0.2,27
2026-02-14,33,0,wk inc flu hosp,2026-02-14,quantile,0.25,29
2026-02-14,33,0,wk inc flu hosp,2026-02-14,quantile,0.3,31
2026-02-14,33,0,wk inc flu hosp,2026-02-14,quantile,0.35,33
2026-02-14,33,0,wk inc flu hosp,2026-02-14,quantile,0.4,36
2026-02-14,33,0,wk inc flu hosp,2026-02-14,quantile,0.45,38
2026-02-14,33,0,wk inc flu hosp,2026-02-14,quantile,0.5,41
2026-02-14,33,0,wk inc flu hosp,2026-02-14,quantile,0.55,45
2026-02-14,33,0,wk inc flu hosp,2026-02-14,quantile,0.6,49
2026-02-14,33,0,wk inc flu hosp,2026-02-14,quantile,0.65,52
2026-02-14,33,0,wk inc flu hosp,2026-02-14,quantile,0.7,54
2026-02-14,33,0,wk inc flu hosp,2026-02-14,quantile,0.75,55
2026-02-14,33,0,wk inc flu hosp,2026-02-14,quantile,0.8,57
2026-02-14,33,0,wk inc flu hosp,2026-02-14,quantile,0.85,62
2026-02-14,33,0,wk inc flu hosp,2026-02-14,quantile,0.9,69
2026-02-14,33,0,wk inc flu hosp,2026-02-14,quantile,0.95,77
2026-02-14,33,0,wk inc flu hosp,2026-02-14,quantile,0.975,86
2026-02-14,33,0,wk inc flu hosp,2026-02-14,quantile,0.99,100
2026-02-14,33,1,wk inc flu hosp,2026-02-21,quantile,0.01,5
2026-02-14,33,1,wk inc flu hosp,2026-02-21,quantile,0.025,8
2026-02-14,33,1,wk inc flu hosp,2026-02-21,quantile,0.05,10
2026-02-14,33,1,wk inc flu hosp,2026-02-21,quantile,0.1,15
2026-02-14,33,1,wk inc flu hosp,2026-02-21,quantile,0.15,17
2026-02-14,33,1,wk inc flu hosp,2026-02-21,quantile,0.2,20
2026-02-14,33,1,wk inc flu hosp,2026-02-21,quantile,0.25,21
2026-02-14,33,1,wk inc flu hosp,2026-02-21,quantile,0.3,23
2026-02-14,33,1,wk inc flu hosp,2026-02-21,quantile,0.35,26
2026-02-14,33,1,wk inc flu hosp,2026-02-21,quantile,0.4,27
2026-02-14,33,1,wk inc flu hosp,2026-02-21,quantile,0.45,30
2026-02-14,33,1,wk inc flu hosp,2026-02-21,quantile,0.5,34
2026-02-14,33,1,wk inc flu hosp,2026-02-21,quantile,0.55,42
2026-02-14,33,1,wk inc flu hosp,2026-02-21,quantile,0.6,46
2026-02-14,33,1,wk inc flu hosp,2026-02-21,quantile,0.65,48
2026-02-14,33,1,wk inc flu hosp,2026-02-21,quantile,0.7,50
2026-02-14,33,1,wk inc flu hosp,2026-02-21,quantile,0.75,55
2026-02-14,33,1,wk inc flu hosp,2026-02-21,quantile,0.8,59
2026-02-14,33,1,wk inc flu hosp,2026-02-21,quantile,0.85,64
2026-02-14,33,1,wk inc flu hosp,2026-02-21,quantile,0.9,70
2026-02-14,33,1,wk inc flu hosp,2026-02-21,quantile,0.95,85
2026-02-14,33,1,wk inc flu hosp,2026-02-21,quantile,0.975,94
2026-02-14,33,1,wk inc flu hosp,2026-02-21,quantile,0.99,105
2026-02-14,33,2,wk inc flu hosp,2026-02-28,quantile,0.01,1
2026-02-14,33,2,wk inc flu hosp,2026-02-28,quantile,0.025,3
2026-02-14,33,2,wk inc flu hosp,2026-02-28,quantile,0.05,6
2026-02-14,33,2,wk inc flu hosp,2026-02-28,quantile,0.1,10
2026-02-14,33,2,wk inc flu hosp,2026-02-28,quantile,0.15,12
2026-02-14,33,2,wk inc flu hosp,2026-02-28,quantile,0.2,14
2026-02-14,33,2,wk inc flu hosp,2026-02-28,quantile,0.25,15
2026-02-14,33,2,wk inc flu hosp,2026-02-28,quantile,0.3,17
2026-02-14,33,2,wk inc flu hosp,2026-02-28,quantile,0.35,20
2026-02-14,33,2,wk inc flu hosp,2026-02-28,quantile,0.4,21
2026-02-14,33,2,wk inc flu hosp,2026-02-28,quantile,0.45,25
2026-02-14,33,2,wk inc flu hosp,2026-02-28,quantile,0.5,28
2026-02-14,33,2,wk inc flu hosp,2026-02-28,quantile,0.55,33
2026-02-14,33,2,wk inc flu hosp,2026-02-28,quantile,0.6,36
2026-02-14,33,2,wk inc flu hosp,2026-02-28,quantile,0.65,39
2026-02-14,33,2,wk inc flu hosp,2026-02-28,quantile,0.7,47
2026-02-14,33,2,wk inc flu hosp,2026-02-28,quantile,0.75,51
2026-02-14,33,2,wk inc flu hosp,2026-02-28,quantile,0.8,55
2026-02-14,33,2,wk inc flu hosp,2026-02-28,quantile,0.85,60
2026-02-14,33,2,wk inc flu hosp,2026-02-28,quantile,0.9,65
2026-02-14,33,2,wk inc flu hosp,2026-02-28,quantile,0.95,77
2026-02-14,33,2,wk inc flu hosp,2026-02-28,quantile,0.975,92
2026-02-14,33,2,wk inc flu hosp,2026-02-28,quantile,0.99,112
2026-02-14,33,3,wk inc flu hosp,2026-03-07,quantile,0.01,0
2026-02-14,33,3,wk inc flu hosp,2026-03-07,quantile,0.025,1
2026-02-14,33,3,wk inc flu hosp,2026-03-07,quantile,0.05,2
2026-02-14,33,3,wk inc flu hosp,2026-03-07,quantile,0.1,6
2026-02-14,33,3,wk inc flu hosp,2026-03-07,quantile,0.15,7
2026-02-14,33,3,wk inc flu hosp,2026-03-07,quantile,0.2,10
2026-02-14,33,3,wk inc flu hosp,2026-03-07,quantile,0.25,12
2026-02-14,33,3,wk inc flu hosp,2026-03-07,quantile,0.3,14
2026-02-14,33,3,wk inc flu hosp,2026-03-07,quantile,0.35,15
2026-02-14,33,3,wk inc flu hosp,2026-03-07,quantile,0.4,18
2026-02-14,33,3,wk inc flu hosp,2026-03-07,quantile,0.45,21
2026-02-14,33,3,wk inc flu hosp,2026-03-07,quantile,0.5,26
2026-02-14,33,3,wk inc flu hosp,2026-03-07,quantile,0.55,28
2026-02-14,33,3,wk inc flu hosp,2026-03-07,quantile,0.6,32
2026-02-14,33,3,wk inc flu hosp,2026-03-07,quantile,0.65,36
2026-02-14,33,3,wk inc flu hosp,2026-03-07,quantile,0.7,41
2026-02-14,33,3,wk inc flu hosp,2026-03-07,quantile,0.75,47
2026-02-14,33,3,wk inc flu hosp,2026-03-07,quantile,0.8,55
2026-02-14,33,3,wk inc flu hosp,2026-03-07,quantile,0.85,60
2026-02-14,33,3,wk inc flu hosp,2026-03-07,quantile,0.9,67
2026-02-14,33,3,wk inc flu hosp,2026-03-07,quantile,0.95,83
2026-02-14,33,3,wk inc flu hosp,2026-03-07,quantile,0.975,100
2026-02-14,33,3,wk inc flu hosp,2026-03-07,quantile,0.99,115
2026-02-14,34,0,wk inc flu hosp,2026-02-14,quantile,0.01,66
2026-02-14,34,0,wk inc flu hosp,2026-02-14,quantile,0.025,77
2026-02-14,34,0,wk inc flu hosp,2026-02-14,quantile,0.05,95
2026-02-14,34,0,wk inc flu hosp,2026-02-14,quantile,0.1,108
2026-02-14,34,0,wk inc flu hosp,2026-02-14,quantile,0.15,118
2026-02-14,34,0,wk inc flu hosp,2026-02-14,quantile,0.2,124
2026-02-14,34,0,wk inc flu hosp,2026-02-14,quantile,0.25,134
2026-02-14,34,0,wk inc flu hosp,2026-02-14,quantile,0.3,142
2026-02-14,34,0,wk inc flu hosp,2026-02-14,quantile,0.35,150
2026-02-14,34,0,wk inc flu hosp,2026-02-14,quantile,0.4,157
2026-02-14,34,0,wk inc flu hosp,2026-02-14,quantile,0.45,167
2026-02-14,34,0,wk inc flu hosp,2026-02-14,quantile,0.5,178
2026-02-14,34,0,wk inc flu hosp,2026-02-14,quantile,0.55,192
2026-02-14,34,0,wk inc flu hosp,2026-02-14,quantile,0.6,201
2026-02-14,34,0,wk inc flu hosp,2026-02-14,quantile,0.65,210
2026-02-14,34,0,wk inc flu hosp,2026-02-14,quantile,0.7,222
2026-02-14,34,0,wk inc flu hosp,2026-02-14,quantile,0.75,227
2026-02-14,34,0,wk inc flu hosp,2026-02-14,quantile,0.8,234
2026-02-14,34,0,wk inc flu hosp,2026-02-14,quantile,0.85,250
2026-02-14,34,0,wk inc flu hosp,2026-02-14,quantile,0.9,271
2026-02-14,34,0,wk inc flu hosp,2026-02-14,quantile,0.95,299
2026-02-14,34,0,wk inc flu hosp,2026-02-14,quantile,0.975,357
2026-02-14,34,0,wk inc flu hosp,2026-02-14,quantile,0.99,391
2026-02-14,34,1,wk inc flu hosp,2026-02-21,quantile,0.01,39
2026-02-14,34,1,wk inc flu hosp,2026-02-21,quantile,0.025,48
2026-02-14,34,1,wk inc flu hosp,2026-02-21,quantile,0.05,57
2026-02-14,34,1,wk inc flu hosp,2026-02-21,quantile,0.1,71
2026-02-14,34,1,wk inc flu hosp,2026-02-21,quantile,0.15,82
2026-02-14,34,1,wk inc flu hosp,2026-02-21,quantile,0.2,94
2026-02-14,34,1,wk inc flu hosp,2026-02-21,quantile,0.25,102
2026-02-14,34,1,wk inc flu hosp,2026-02-21,quantile,0.3,110
2026-02-14,34,1,wk inc flu hosp,2026-02-21,quantile,0.35,118
2026-02-14,34,1,wk inc flu hosp,2026-02-21,quantile,0.4,123
2026-02-14,34,1,wk inc flu hosp,2026-02-21,quantile,0.45,129
2026-02-14,34,1,wk inc flu hosp,2026-02-21,quantile,0.5,145
2026-02-14,34,1,wk inc flu hosp,2026-02-21,quantile,0.55,160
2026-02-14,34,1,wk inc flu hosp,2026-02-21,quantile,0.6,169
2026-02-14,34,1,wk inc flu hosp,2026-02-21,quantile,0.65,191
2026-02-14,34,1,wk inc flu hosp,2026-02-21,quantile,0.7,202
2026-02-14,34,1,wk inc flu hosp,2026-02-21,quantile,0.75,212
2026-02-14,34,1,wk inc flu hosp,2026-02-21,quantile,0.8,230
2026-02-14,34,1,wk inc flu hosp,2026-02-21,quantile,0.85,251
2026-02-14,34,1,wk inc flu hosp,2026-02-21,quantile,0.9,279
2026-02-14,34,1,wk inc flu hosp,2026-02-21,quantile,0.95,336
2026-02-14,34,1,wk inc flu hosp,2026-02-21,quantile,0.975,375
2026-02-14,34,1,wk inc flu hosp,2026-02-21,quantile,0.99,449
2026-02-14,34,2,wk inc flu hosp,2026-02-28,quantile,0.01,21
2026-02-14,34,2,wk inc flu hosp,2026-02-28,quantile,0.025,28
2026-02-14,34,2,wk inc flu hosp,2026-02-28,quantile,0.05,35
2026-02-14,34,2,wk inc flu hosp,2026-02-28,quantile,0.1,45
2026-02-14,34,2,wk inc flu hosp,2026-02-28,quantile,0.15,56
2026-02-14,34,2,wk inc flu hosp,2026-02-28,quantile,0.2,66
2026-02-14,34,2,wk inc flu hosp,2026-02-28,quantile,0.25,76
2026-02-14,34,2,wk inc flu hosp,2026-02-28,quantile,0.3,86
2026-02-14,34,2,wk inc flu hosp,2026-02-28,quantile,0.35,96
2026-02-14,34,2,wk inc flu hosp,2026-02-28,quantile,0.4,97
2026-02-14,34,2,wk inc flu hosp,2026-02-28,quantile,0.45,107
2026-02-14,34,2,wk inc flu hosp,2026-02-28,quantile,0.5,120
2026-02-14,34,2,wk inc flu hosp,2026-02-28,quantile,0.55,135
2026-02-14,34,2,wk inc flu hosp,2026-02-28,quantile,0.6,150
2026-02-14,34,2,wk inc flu hosp,2026-02-28,quantile,0.65,162
2026-02-14,34,2,wk inc flu hosp,2026-02-28,quantile,0.7,186
2026-02-14,34,2,wk inc flu hosp,2026-02-28,quantile,0.75,202
2026-02-14,34,2,wk inc flu hosp,2026-02-28,quantile,0.8,221
2026-02-14,34,2,wk inc flu hosp,2026-02-28,quantile,0.85,249
2026-02-14,34,2,wk inc flu hosp,2026-02-28,quantile,0.9,294
2026-02-14,34,2,wk inc flu hosp,2026-02-28,quantile,0.95,392
2026-02-14,34,2,wk inc flu hosp,2026-02-28,quantile,0.975,469
2026-02-14,34,2,wk inc flu hosp,2026-02-28,quantile,0.99,562
2026-02-14,34,3,wk inc flu hosp,2026-03-07,quantile,0.01,8
2026-02-14,34,3,wk inc flu hosp,2026-03-07,quantile,0.025,21
2026-02-14,34,3,wk inc flu hosp,2026-03-07,quantile,0.05,23
2026-02-14,34,3,wk inc flu hosp,2026-03-07,quantile,0.1,32
2026-02-14,34,3,wk inc flu hosp,2026-03-07,quantile,0.15,35
2026-02-14,34,3,wk inc flu hosp,2026-03-07,quantile,0.2,46
2026-02-14,34,3,wk inc flu hosp,2026-03-07,quantile,0.25,50
2026-02-14,34,3,wk inc flu hosp,2026-03-07,quantile,0.3,54
2026-02-14,34,3,wk inc flu hosp,2026-03-07,quantile,0.35,61
2026-02-14,34,3,wk inc flu hosp,2026-03-07,quantile,0.4,67
2026-02-14,34,3,wk inc flu hosp,2026-03-07,quantile,0.45,74
2026-02-14,34,3,wk inc flu hosp,2026-03-07,quantile,0.5,86
2026-02-14,34,3,wk inc flu hosp,2026-03-07,quantile,0.55,109
2026-02-14,34,3,wk inc flu hosp,2026-03-07,quantile,0.6,126
2026-02-14,34,3,wk inc flu hosp,2026-03-07,quantile,0.65,147
2026-02-14,34,3,wk inc flu hosp,2026-03-07,quantile,0.7,166
2026-02-14,34,3,wk inc flu hosp,2026-03-07,quantile,0.75,180
2026-02-14,34,3,wk inc flu hosp,2026-03-07,quantile,0.8,205
2026-02-14,34,3,wk inc flu hosp,2026-03-07,quantile,0.85,246
2026-02-14,34,3,wk inc flu hosp,2026-03-07,quantile,0.9,308
2026-02-14,34,3,wk inc flu hosp,2026-03-07,quantile,0.95,413
2026-02-14,34,3,wk inc flu hosp,2026-03-07,quantile,0.975,459
2026-02-14,34,3,wk inc flu hosp,2026-03-07,quantile,0.99,621
2026-02-14,35,0,wk inc flu hosp,2026-02-14,quantile,0.01,57
2026-02-14,35,0,wk inc flu hosp,2026-02-14,quantile,0.025,68
2026-02-14,35,0,wk inc flu hosp,2026-02-14,quantile,0.05,77
2026-02-14,35,0,wk inc flu hosp,2026-02-14,quantile,0.1,90
2026-02-14,35,0,wk inc flu hosp,2026-02-14,quantile,0.15,97
2026-02-14,35,0,wk inc flu hosp,2026-02-14,quantile,0.2,102
2026-02-14,35,0,wk inc flu hosp,2026-02-14,quantile,0.25,108
2026-02-14,35,0,wk inc flu hosp,2026-02-14,quantile,0.3,115
2026-02-14,35,0,wk inc flu hosp,2026-02-14,quantile,0.35,122
2026-02-14,35,0,wk inc flu hosp,2026-02-14,quantile,0.4,128
2026-02-14,35,0,wk inc flu hosp,2026-02-14,quantile,0.45,134
2026-02-14,35,0,wk inc flu hosp,2026-02-14,quantile,0.5,138
2026-02-14,35,0,wk inc flu hosp,2026-02-14,quantile,0.55,145
2026-02-14,35,0,wk inc flu hosp,2026-02-14,quantile,0.6,152
2026-02-14,35,0,wk inc flu hosp,2026-02-14,quantile,0.65,159
2026-02-14,35,0,wk inc flu hosp,2026-02-14,quantile,0.7,164
2026-02-14,35,0,wk inc flu hosp,2026-02-14,quantile,0.75,169
2026-02-14,35,0,wk inc flu hosp,2026-02-14,quantile,0.8,176
2026-02-14,35,0,wk inc flu hosp,2026-02-14,quantile,0.85,188
2026-02-14,35,0,wk inc flu hosp,2026-02-14,quantile,0.9,201
2026-02-14,35,0,wk inc flu hosp,2026-02-14,quantile,0.95,222
2026-02-14,35,0,wk inc flu hosp,2026-02-14,quantile,0.975,235
2026-02-14,35,0,wk inc flu hosp,2026-02-14,quantile,0.99,254
2026-02-14,35,1,wk inc flu hosp,2026-02-21,quantile,0.01,38
2026-02-14,35,1,wk inc flu hosp,2026-02-21,quantile,0.025,49
2026-02-14,35,1,wk inc flu hosp,2026-02-21,quantile,0.05,57
2026-02-14,35,1,wk inc flu hosp,2026-02-21,quantile,0.1,68
2026-02-14,35,1,wk inc flu hosp,2026-02-21,quantile,0.15,77
2026-02-14,35,1,wk inc flu hosp,2026-02-21,quantile,0.2,84
2026-02-14,35,1,wk inc flu hosp,2026-02-21,quantile,0.25,93
2026-02-14,35,1,wk inc flu hosp,2026-02-21,quantile,0.3,100
2026-02-14,35,1,wk inc flu hosp,2026-02-21,quantile,0.35,107
2026-02-14,35,1,wk inc flu hosp,2026-02-21,quantile,0.4,115
2026-02-14,35,1,wk inc flu hosp,2026-02-21,quantile,0.45,124
2026-02-14,35,1,wk inc flu hosp,2026-02-21,quantile,0.5,133
2026-02-14,35,1,wk inc flu hosp,2026-02-21,quantile,0.55,139
2026-02-14,35,1,wk inc flu hosp,2026-02-21,quantile,0.6,148
2026-02-14,35,1,wk inc flu hosp,2026-02-21,quantile,0.65,156
2026-02-14,35,1,wk inc flu hosp,2026-02-21,quantile,0.7,164
2026-02-14,35,1,wk inc flu hosp,2026-02-21,quantile,0.75,173
2026-02-14,35,1,wk inc flu hosp,2026-02-21,quantile,0.8,182
2026-02-14,35,1,wk inc flu hosp,2026-02-21,quantile,0.85,196
2026-02-14,35,1,wk inc flu hosp,2026-02-21,quantile,0.9,218
2026-02-14,35,1,wk inc flu hosp,2026-02-21,quantile,0.95,242
2026-02-14,35,1,wk inc flu hosp,2026-02-21,quantile,0.975,275
2026-02-14,35,1,wk inc flu hosp,2026-02-21,quantile,0.99,314
2026-02-14,35,2,wk inc flu hosp,2026-02-28,quantile,0.01,27
2026-02-14,35,2,wk inc flu hosp,2026-02-28,quantile,0.025,39
2026-02-14,35,2,wk inc flu hosp,2026-02-28,quantile,0.05,45
2026-02-14,35,2,wk inc flu hosp,2026-02-28,quantile,0.1,54
2026-02-14,35,2,wk inc flu hosp,2026-02-28,quantile,0.15,63
2026-02-14,35,2,wk inc flu hosp,2026-02-28,quantile,0.2,74
2026-02-14,35,2,wk inc flu hosp,2026-02-28,quantile,0.25,80
2026-02-14,35,2,wk inc flu hosp,2026-02-28,quantile,0.3,86
2026-02-14,35,2,wk inc flu hosp,2026-02-28,quantile,0.35,93
2026-02-14,35,2,wk inc flu hosp,2026-02-28,quantile,0.4,100
2026-02-14,35,2,wk inc flu hosp,2026-02-28,quantile,0.45,107
2026-02-14,35,2,wk inc flu hosp,2026-02-28,quantile,0.5,114
2026-02-14,35,2,wk inc flu hosp,2026-02-28,quantile,0.55,122
2026-02-14,35,2,wk inc flu hosp,2026-02-28,quantile,0.6,135
2026-02-14,35,2,wk inc flu hosp,2026-02-28,quantile,0.65,146
2026-02-14,35,2,wk inc flu hosp,2026-02-28,quantile,0.7,158
2026-02-14,35,2,wk inc flu hosp,2026-02-28,quantile,0.75,165
2026-02-14,35,2,wk inc flu hosp,2026-02-28,quantile,0.8,174
2026-02-14,35,2,wk inc flu hosp,2026-02-28,quantile,0.85,190
2026-02-14,35,2,wk inc flu hosp,2026-02-28,quantile,0.9,207
2026-02-14,35,2,wk inc flu hosp,2026-02-28,quantile,0.95,236
2026-02-14,35,2,wk inc flu hosp,2026-02-28,quantile,0.975,258
2026-02-14,35,2,wk inc flu hosp,2026-02-28,quantile,0.99,281
2026-02-14,35,3,wk inc flu hosp,2026-03-07,quantile,0.01,21
2026-02-14,35,3,wk inc flu hosp,2026-03-07,quantile,0.025,29
2026-02-14,35,3,wk inc flu hosp,2026-03-07,quantile,0.05,35
2026-02-14,35,3,wk inc flu hosp,2026-03-07,quantile,0.1,43
2026-02-14,35,3,wk inc flu hosp,2026-03-07,quantile,0.15,53
2026-02-14,35,3,wk inc flu hosp,2026-03-07,quantile,0.2,59
2026-02-14,35,3,wk inc flu hosp,2026-03-07,quantile,0.25,65
2026-02-14,35,3,wk inc flu hosp,2026-03-07,quantile,0.3,72
2026-02-14,35,3,wk inc flu hosp,2026-03-07,quantile,0.35,78
2026-02-14,35,3,wk inc flu hosp,2026-03-07,quantile,0.4,87
2026-02-14,35,3,wk inc flu hosp,2026-03-07,quantile,0.45,94
2026-02-14,35,3,wk inc flu hosp,2026-03-07,quantile,0.5,101
2026-02-14,35,3,wk inc flu hosp,2026-03-07,quantile,0.55,111
2026-02-14,35,3,wk inc flu hosp,2026-03-07,quantile,0.6,125
2026-02-14,35,3,wk inc flu hosp,2026-03-07,quantile,0.65,133
2026-02-14,35,3,wk inc flu hosp,2026-03-07,quantile,0.7,147
2026-02-14,35,3,wk inc flu hosp,2026-03-07,quantile,0.75,155
2026-02-14,35,3,wk inc flu hosp,2026-03-07,quantile,0.8,167
2026-02-14,35,3,wk inc flu hosp,2026-03-07,quantile,0.85,183
2026-02-14,35,3,wk inc flu hosp,2026-03-07,quantile,0.9,202
2026-02-14,35,3,wk inc flu hosp,2026-03-07,quantile,0.95,240
2026-02-14,35,3,wk inc flu hosp,2026-03-07,quantile,0.975,268
2026-02-14,35,3,wk inc flu hosp,2026-03-07,quantile,0.99,294
2026-02-14,36,0,wk inc flu hosp,2026-02-14,quantile,0.01,72
2026-02-14,36,0,wk inc flu hosp,2026-02-14,quantile,0.025,87
2026-02-14,36,0,wk inc flu hosp,2026-02-14,quantile,0.05,100
2026-02-14,36,0,wk inc flu hosp,2026-02-14,quantile,0.1,108
2026-02-14,36,0,wk inc flu hosp,2026-02-14,quantile,0.15,122
2026-02-14,36,0,wk inc flu hosp,2026-02-14,quantile,0.2,136
2026-02-14,36,0,wk inc flu hosp,2026-02-14,quantile,0.25,143
2026-02-14,36,0,wk inc flu hosp,2026-02-14,quantile,0.3,149
2026-02-14,36,0,wk inc flu hosp,2026-02-14,quantile,0.35,158
2026-02-14,36,0,wk inc flu hosp,2026-02-14,quantile,0.4,172
2026-02-14,36,0,wk inc flu hosp,2026-02-14,quantile,0.45,194
2026-02-14,36,0,wk inc flu hosp,2026-02-14,quantile,0.5,213
2026-02-14,36,0,wk inc flu hosp,2026-02-14,quantile,0.55,230
2026-02-14,36,0,wk inc flu hosp,2026-02-14,quantile,0.6,237
2026-02-14,36,0,wk inc flu hosp,2026-02-14,quantile,0.65,244
2026-02-14,36,0,wk inc flu hosp,2026-02-14,quantile,0.7,249
2026-02-14,36,0,wk inc flu hosp,2026-02-14,quantile,0.75,261
2026-02-14,36,0,wk inc flu hosp,2026-02-14,quantile,0.8,284
2026-02-14,36,0,wk inc flu hosp,2026-02-14,quantile,0.85,302
2026-02-14,36,0,wk inc flu hosp,2026-02-14,quantile,0.9,321
2026-02-14,36,0,wk inc flu hosp,2026-02-14,quantile,0.95,374
2026-02-14,36,0,wk inc flu hosp,2026-02-14,quantile,0.975,416
2026-02-14,36,0,wk inc flu hosp,2026-02-14,quantile,0.99,463
2026-02-14,36,1,wk inc flu hosp,2026-02-21,quantile,0.01,36
2026-02-14,36,1,wk inc flu hosp,2026-02-21,quantile,0.025,48
2026-02-14,36,1,wk inc flu hosp,2026-02-21,quantile,0.05,58
2026-02-14,36,1,wk inc flu hosp,2026-02-21,quantile,0.1,68
2026-02-14,36,1,wk inc flu hosp,2026-02-21,quantile,0.15,80
2026-02-14,36,1,wk inc flu hosp,2026-02-21,quantile,0.2,90
2026-02-14,36,1,wk inc flu hosp,2026-02-21,quantile,0.25,103
2026-02-14,36,1,wk inc flu hosp,2026-02-21,quantile,0.3,116
2026-02-14,36,1,wk inc flu hosp,2026-02-21,quantile,0.35,127
2026-02-14,36,1,wk inc flu hosp,2026-02-21,quantile,0.4,134
2026-02-14,36,1,wk inc flu hosp,2026-02-21,quantile,0.45,144
2026-02-14,36,1,wk inc flu hosp,2026-02-21,quantile,0.5,170
2026-02-14,36,1,wk inc flu hosp,2026-02-21,quantile,0.55,182
2026-02-14,36,1,wk inc flu hosp,2026-02-21,quantile,0.6,195
2026-02-14,36,1,wk inc flu hosp,2026-02-21,quantile,0.65,217
2026-02-14,36,1,wk inc flu hosp,2026-02-21,quantile,0.7,237
2026-02-14,36,1,wk inc flu hosp,2026-02-21,quantile,0.75,258
2026-02-14,36,1,wk inc flu hosp,2026-02-21,quantile,0.8,276
2026-02-14,36,1,wk inc flu hosp,2026-02-21,quantile,0.85,311
2026-02-14,36,1,wk inc flu hosp,2026-02-21,quantile,0.9,366
2026-02-14,36,1,wk inc flu hosp,2026-02-21,quantile,0.95,457
2026-02-14,36,1,wk inc flu hosp,2026-02-21,quantile,0.975,530
2026-02-14,36,1,wk inc flu hosp,2026-02-21,quantile,0.99,631
2026-02-14,36,2,wk inc flu hosp,2026-02-28,quantile,0.01,15
2026-02-14,36,2,wk inc flu hosp,2026-02-28,quantile,0.025,31
2026-02-14,36,2,wk inc flu hosp,2026-02-28,quantile,0.05,38
2026-02-14,36,2,wk inc flu hosp,2026-02-28,quantile,0.1,48
2026-02-14,36,2,wk inc flu hosp,2026-02-28,quantile,0.15,56
2026-02-14,36,2,wk inc flu hosp,2026-02-28,quantile,0.2,61
2026-02-14,36,2,wk inc flu hosp,2026-02-28,quantile,0.25,65
2026-02-14,36,2,wk inc flu hosp,2026-02-28,quantile,0.3,84
2026-02-14,36,2,wk inc flu hosp,2026-02-28,quantile,0.35,91
2026-02-14,36,2,wk inc flu hosp,2026-02-28,quantile,0.4,100
2026-02-14,36,2,wk inc flu hosp,2026-02-28,quantile,0.45,112
2026-02-14,36,2,wk inc flu hosp,2026-02-28,quantile,0.5,130
2026-02-14,36,2,wk inc flu hosp,2026-02-28,quantile,0.55,157
2026-02-14,36,2,wk inc flu hosp,2026-02-28,quantile,0.6,181
2026-02-14,36,2,wk inc flu hosp,2026-02-28,quantile,0.65,200
2026-02-14,36,2,wk inc flu hosp,2026-02-28,quantile,0.7,226
2026-02-14,36,2,wk inc flu hosp,2026-02-28,quantile,0.75,249
2026-02-14,36,2,wk inc flu hosp,2026-02-28,quantile,0.8,280
2026-02-14,36,2,wk inc flu hosp,2026-02-28,quantile,0.85,350
2026-02-14,36,2,wk inc flu hosp,2026-02-28,quantile,0.9,425
2026-02-14,36,2,wk inc flu hosp,2026-02-28,quantile,0.95,545
2026-02-14,36,2,wk inc flu hosp,2026-02-28,quantile,0.975,652
2026-02-14,36,2,wk inc flu hosp,2026-02-28,quantile,0.99,761
2026-02-14,36,3,wk inc flu hosp,2026-03-07,quantile,0.01,8
2026-02-14,36,3,wk inc flu hosp,2026-03-07,quantile,0.025,15
2026-02-14,36,3,wk inc flu hosp,2026-03-07,quantile,0.05,25
2026-02-14,36,3,wk inc flu hosp,2026-03-07,quantile,0.1,30
2026-02-14,36,3,wk inc flu hosp,2026-03-07,quantile,0.15,36
2026-02-14,36,3,wk inc flu hosp,2026-03-07,quantile,0.2,39
2026-02-14,36,3,wk inc flu hosp,2026-03-07,quantile,0.25,43
2026-02-14,36,3,wk inc flu hosp,2026-03-07,quantile,0.3,54
2026-02-14,36,3,wk inc flu hosp,2026-03-07,quantile,0.35,60
2026-02-14,36,3,wk inc flu hosp,2026-03-07,quantile,0.4,68
2026-02-14,36,3,wk inc flu hosp,2026-03-07,quantile,0.45,81
2026-02-14,36,3,wk inc flu hosp,2026-03-07,quantile,0.5,97
2026-02-14,36,3,wk inc flu hosp,2026-03-07,quantile,0.55,127
2026-02-14,36,3,wk inc flu hosp,2026-03-07,quantile,0.6,141
2026-02-14,36,3,wk inc flu hosp,2026-03-07,quantile,0.65,168
2026-02-14,36,3,wk inc flu hosp,2026-03-07,quantile,0.7,206
2026-02-14,36,3,wk inc flu hosp,2026-03-07,quantile,0.75,247
2026-02-14,36,3,wk inc flu hosp,2026-03-07,quantile,0.8,296
2026-02-14,36,3,wk inc flu hosp,2026-03-07,quantile,0.85,374
2026-02-14,36,3,wk inc flu hosp,2026-03-07,quantile,0.9,458
2026-02-14,36,3,wk inc flu hosp,2026-03-07,quantile,0.95,577
2026-02-14,36,3,wk inc flu hosp,2026-03-07,quantile,0.975,739
2026-02-14,36,3,wk inc flu hosp,2026-03-07,quantile,0.99,870
2026-02-14,37,0,wk inc flu hosp,2026-02-14,quantile,0.01,113
2026-02-14,37,0,wk inc flu hosp,2026-02-14,quantile,0.025,131
2026-02-14,37,0,wk inc flu hosp,2026-02-14,quantile,0.05,148
2026-02-14,37,0,wk inc flu hosp,2026-02-14,quantile,0.1,175
2026-02-14,37,0,wk inc flu hosp,2026-02-14,quantile,0.15,192
2026-02-14,37,0,wk inc flu hosp,2026-02-14,quantile,0.2,211
2026-02-14,37,0,wk inc flu hosp,2026-02-14,quantile,0.25,227
2026-02-14,37,0,wk inc flu hosp,2026-02-14,quantile,0.3,242
2026-02-14,37,0,wk inc flu hosp,2026-02-14,quantile,0.35,260
2026-02-14,37,0,wk inc flu hosp,2026-02-14,quantile,0.4,275
2026-02-14,37,0,wk inc flu hosp,2026-02-14,quantile,0.45,285
2026-02-14,37,0,wk inc flu hosp,2026-02-14,quantile,0.5,304
2026-02-14,37,0,wk inc flu hosp,2026-02-14,quantile,0.55,324
2026-02-14,37,0,wk inc flu hosp,2026-02-14,quantile,0.6,350
2026-02-14,37,0,wk inc flu hosp,2026-02-14,quantile,0.65,368
2026-02-14,37,0,wk inc flu hosp,2026-02-14,quantile,0.7,380
2026-02-14,37,0,wk inc flu hosp,2026-02-14,quantile,0.75,390
2026-02-14,37,0,wk inc flu hosp,2026-02-14,quantile,0.8,407
2026-02-14,37,0,wk inc flu hosp,2026-02-14,quantile,0.85,430
2026-02-14,37,0,wk inc flu hosp,2026-02-14,quantile,0.9,462
2026-02-14,37,0,wk inc flu hosp,2026-02-14,quantile,0.95,504
2026-02-14,37,0,wk inc flu hosp,2026-02-14,quantile,0.975,557
2026-02-14,37,0,wk inc flu hosp,2026-02-14,quantile,0.99,618
2026-02-14,37,1,wk inc flu hosp,2026-02-21,quantile,0.01,70
2026-02-14,37,1,wk inc flu hosp,2026-02-21,quantile,0.025,80
2026-02-14,37,1,wk inc flu hosp,2026-02-21,quantile,0.05,90
2026-02-14,37,1,wk inc flu hosp,2026-02-21,quantile,0.1,116
2026-02-14,37,1,wk inc flu hosp,2026-02-21,quantile,0.15,132
2026-02-14,37,1,wk inc flu hosp,2026-02-21,quantile,0.2,147
2026-02-14,37,1,wk inc flu hosp,2026-02-21,quantile,0.25,163
2026-02-14,37,1,wk inc flu hosp,2026-02-21,quantile,0.3,176
2026-02-14,37,1,wk inc flu hosp,2026-02-21,quantile,0.35,190
2026-02-14,37,1,wk inc flu hosp,2026-02-21,quantile,0.4,207
2026-02-14,37,1,wk inc flu hosp,2026-02-21,quantile,0.45,229
2026-02-14,37,1,wk inc flu hosp,2026-02-21,quantile,0.5,255
2026-02-14,37,1,wk inc flu hosp,2026-02-21,quantile,0.55,271
2026-02-14,37,1,wk inc flu hosp,2026-02-21,quantile,0.6,295
2026-02-14,37,1,wk inc flu hosp,2026-02-21,quantile,0.65,323
2026-02-14,37,1,wk inc flu hosp,2026-02-21,quantile,0.7,347
2026-02-14,37,1,wk inc flu hosp,2026-02-21,quantile,0.75,370
2026-02-14,37,1,wk inc flu hosp,2026-02-21,quantile,0.8,382
2026-02-14,37,1,wk inc flu hosp,2026-02-21,quantile,0.85,401
2026-02-14,37,1,wk inc flu hosp,2026-02-21,quantile,0.9,450
2026-02-14,37,1,wk inc flu hosp,2026-02-21,quantile,0.95,559
2026-02-14,37,1,wk inc flu hosp,2026-02-21,quantile,0.975,651
2026-02-14,37,1,wk inc flu hosp,2026-02-21,quantile,0.99,751
2026-02-14,37,2,wk inc flu hosp,2026-02-28,quantile,0.01,38
2026-02-14,37,2,wk inc flu hosp,2026-02-28,quantile,0.025,53
2026-02-14,37,2,wk inc flu hosp,2026-02-28,quantile,0.05,61
2026-02-14,37,2,wk inc flu hosp,2026-02-28,quantile,0.1,77
2026-02-14,37,2,wk inc flu hosp,2026-02-28,quantile,0.15,93
2026-02-14,37,2,wk inc flu hosp,2026-02-28,quantile,0.2,109
2026-02-14,37,2,wk inc flu hosp,2026-02-28,quantile,0.25,118
2026-02-14,37,2,wk inc flu hosp,2026-02-28,quantile,0.3,128
2026-02-14,37,2,wk inc flu hosp,2026-02-28,quantile,0.35,152
2026-02-14,37,2,wk inc flu hosp,2026-02-28,quantile,0.4,162
2026-02-14,37,2,wk inc flu hosp,2026-02-28,quantile,0.45,178
2026-02-14,37,2,wk inc flu hosp,2026-02-28,quantile,0.5,214
2026-02-14,37,2,wk inc flu hosp,2026-02-28,quantile,0.55,234
2026-02-14,37,2,wk inc flu hosp,2026-02-28,quantile,0.6,272
2026-02-14,37,2,wk inc flu hosp,2026-02-28,quantile,0.65,303
2026-02-14,37,2,wk inc flu hosp,2026-02-28,quantile,0.7,357
2026-02-14,37,2,wk inc flu hosp,2026-02-28,quantile,0.75,373
2026-02-14,37,2,wk inc flu hosp,2026-02-28,quantile,0.8,382
2026-02-14,37,2,wk inc flu hosp,2026-02-28,quantile,0.85,411
2026-02-14,37,2,wk inc flu hosp,2026-02-28,quantile,0.9,475
2026-02-14,37,2,wk inc flu hosp,2026-02-28,quantile,0.95,587
2026-02-14,37,2,wk inc flu hosp,2026-02-28,quantile,0.975,706
2026-02-14,37,2,wk inc flu hosp,2026-02-28,quantile,0.99,854
2026-02-14,37,3,wk inc flu hosp,2026-03-07,quantile,0.01,23
2026-02-14,37,3,wk inc flu hosp,2026-03-07,quantile,0.025,32
2026-02-14,37,3,wk inc flu hosp,2026-03-07,quantile,0.05,41
2026-02-14,37,3,wk inc flu hosp,2026-03-07,quantile,0.1,56
2026-02-14,37,3,wk inc flu hosp,2026-03-07,quantile,0.15,65
2026-02-14,37,3,wk inc flu hosp,2026-03-07,quantile,0.2,89
2026-02-14,37,3,wk inc flu hosp,2026-03-07,quantile,0.25,103
2026-02-14,37,3,wk inc flu hosp,2026-03-07,quantile,0.3,119
2026-02-14,37,3,wk inc flu hosp,2026-03-07,quantile,0.35,128
2026-02-14,37,3,wk inc flu hosp,2026-03-07,quantile,0.4,143
2026-02-14,37,3,wk inc flu hosp,2026-03-07,quantile,0.45,166
2026-02-14,37,3,wk inc flu hosp,2026-03-07,quantile,0.5,188
2026-02-14,37,3,wk inc flu hosp,2026-03-07,quantile,0.55,208
2026-02-14,37,3,wk inc flu hosp,2026-03-07,quantile,0.6,249
2026-02-14,37,3,wk inc flu hosp,2026-03-07,quantile,0.65,288
2026-02-14,37,3,wk inc flu hosp,2026-03-07,quantile,0.7,318
2026-02-14,37,3,wk inc flu hosp,2026-03-07,quantile,0.75,353
2026-02-14,37,3,wk inc flu hosp,2026-03-07,quantile,0.8,388
2026-02-14,37,3,wk inc flu hosp,2026-03-07,quantile,0.85,427
2026-02-14,37,3,wk inc flu hosp,2026-03-07,quantile,0.9,489
2026-02-14,37,3,wk inc flu hosp,2026-03-07,quantile,0.95,655
2026-02-14,37,3,wk inc flu hosp,2026-03-07,quantile,0.975,759
2026-02-14,37,3,wk inc flu hosp,2026-03-07,quantile,0.99,889
2026-02-14,38,0,wk inc flu hosp,2026-02-14,quantile,0.01,10
2026-02-14,38,0,wk inc flu hosp,2026-02-14,quantile,0.025,13
2026-02-14,38,0,wk inc flu hosp,2026-02-14,quantile,0.05,16
2026-02-14,38,0,wk inc flu hosp,2026-02-14,quantile,0.1,19
2026-02-14,38,0,wk inc flu hosp,2026-02-14,quantile,0.15,22
2026-02-14,38,0,wk inc flu hosp,2026-02-14,quantile,0.2,24
2026-02-14,38,0,wk inc flu hosp,2026-02-14,quantile,0.25,26
2026-02-14,38,0,wk inc flu hosp,2026-02-14,quantile,0.3,28
2026-02-14,38,0,wk inc flu hosp,2026-02-14,quantile,0.35,29
2026-02-14,38,0,wk inc flu hosp,2026-02-14,quantile,0.4,30
2026-02-14,38,0,wk inc flu hosp,2026-02-14,quantile,0.45,32
2026-02-14,38,0,wk inc flu hosp,2026-02-14,quantile,0.5,35
2026-02-14,38,0,wk inc flu hosp,2026-02-14,quantile,0.55,36
2026-02-14,38,0,wk inc flu hosp,2026-02-14,quantile,0.6,39
2026-02-14,38,0,wk inc flu hosp,2026-02-14,quantile,0.65,40
2026-02-14,38,0,wk inc flu hosp,2026-02-14,quantile,0.7,43
2026-02-14,38,0,wk inc flu hosp,2026-02-14,quantile,0.75,45
2026-02-14,38,0,wk inc flu hosp,2026-02-14,quantile,0.8,47
2026-02-14,38,0,wk inc flu hosp,2026-02-14,quantile,0.85,51
2026-02-14,38,0,wk inc flu hosp,2026-02-14,quantile,0.9,55
2026-02-14,38,0,wk inc flu hosp,2026-02-14,quantile,0.95,64
2026-02-14,38,0,wk inc flu hosp,2026-02-14,quantile,0.975,70
2026-02-14,38,0,wk inc flu hosp,2026-02-14,quantile,0.99,77
2026-02-14,38,1,wk inc flu hosp,2026-02-21,quantile,0.01,5
2026-02-14,38,1,wk inc flu hosp,2026-02-21,quantile,0.025,6
2026-02-14,38,1,wk inc flu hosp,2026-02-21,quantile,0.05,9
2026-02-14,38,1,wk inc flu hosp,2026-02-21,quantile,0.1,12
2026-02-14,38,1,wk inc flu hosp,2026-02-21,quantile,0.15,15
2026-02-14,38,1,wk inc flu hosp,2026-02-21,quantile,0.2,17
2026-02-14,38,1,wk inc flu hosp,2026-02-21,quantile,0.25,19
2026-02-14,38,1,wk inc flu hosp,2026-02-21,quantile,0.3,21
2026-02-14,38,1,wk inc flu hosp,2026-02-21,quantile,0.35,22
2026-02-14,38,1,wk inc flu hosp,2026-02-21,quantile,0.4,25
2026-02-14,38,1,wk inc flu hosp,2026-02-21,quantile,0.45,27
2026-02-14,38,1,wk inc flu hosp,2026-02-21,quantile,0.5,30
2026-02-14,38,1,wk inc flu hosp,2026-02-21,quantile,0.55,32
2026-02-14,38,1,wk inc flu hosp,2026-02-21,quantile,0.6,34
2026-02-14,38,1,wk inc flu hosp,2026-02-21,quantile,0.65,35
2026-02-14,38,1,wk inc flu hosp,2026-02-21,quantile,0.7,37
2026-02-14,38,1,wk inc flu hosp,2026-02-21,quantile,0.75,40
2026-02-14,38,1,wk inc flu hosp,2026-02-21,quantile,0.8,43
2026-02-14,38,1,wk inc flu hosp,2026-02-21,quantile,0.85,47
2026-02-14,38,1,wk inc flu hosp,2026-02-21,quantile,0.9,52
2026-02-14,38,1,wk inc flu hosp,2026-02-21,quantile,0.95,61
2026-02-14,38,1,wk inc flu hosp,2026-02-21,quantile,0.975,71
2026-02-14,38,1,wk inc flu hosp,2026-02-21,quantile,0.99,85
2026-02-14,38,2,wk inc flu hosp,2026-02-28,quantile,0.01,2
2026-02-14,38,2,wk inc flu hosp,2026-02-28,quantile,0.025,3
2026-02-14,38,2,wk inc flu hosp,2026-02-28,quantile,0.05,4
2026-02-14,38,2,wk inc flu hosp,2026-02-28,quantile,0.1,7
2026-02-14,38,2,wk inc flu hosp,2026-02-28,quantile,0.15,9
2026-02-14,38,2,wk inc flu hosp,2026-02-28,quantile,0.2,11
2026-02-14,38,2,wk inc flu hosp,2026-02-28,quantile,0.25,13
2026-02-14,38,2,wk inc flu hosp,2026-02-28,quantile,0.3,16
2026-02-14,38,2,wk inc flu hosp,2026-02-28,quantile,0.35,17
2026-02-14,38,2,wk inc flu hosp,2026-02-28,quantile,0.4,19
2026-02-14,38,2,wk inc flu hosp,2026-02-28,quantile,0.45,21
2026-02-14,38,2,wk inc flu hosp,2026-02-28,quantile,0.5,23
2026-02-14,38,2,wk inc flu hosp,2026-02-28,quantile,0.55,26
2026-02-14,38,2,wk inc flu hosp,2026-02-28,quantile,0.6,28
2026-02-14,38,2,wk inc flu hosp,2026-02-28,quantile,0.65,29
2026-02-14,38,2,wk inc flu hosp,2026-02-28,quantile,0.7,31
2026-02-14,38,2,wk inc flu hosp,2026-02-28,quantile,0.75,35
2026-02-14,38,2,wk inc flu hosp,2026-02-28,quantile,0.8,38
2026-02-14,38,2,wk inc flu hosp,2026-02-28,quantile,0.85,43
2026-02-14,38,2,wk inc flu hosp,2026-02-28,quantile,0.9,47
2026-02-14,38,2,wk inc flu hosp,2026-02-28,quantile,0.95,60
2026-02-14,38,2,wk inc flu hosp,2026-02-28,quantile,0.975,70
2026-02-14,38,2,wk inc flu hosp,2026-02-28,quantile,0.99,81
2026-02-14,38,3,wk inc flu hosp,2026-03-07,quantile,0.01,1
2026-02-14,38,3,wk inc flu hosp,2026-03-07,quantile,0.025,1
2026-02-14,38,3,wk inc flu hosp,2026-03-07,quantile,0.05,3
2026-02-14,38,3,wk inc flu hosp,2026-03-07,quantile,0.1,5
2026-02-14,38,3,wk inc flu hosp,2026-03-07,quantile,0.15,7
2026-02-14,38,3,wk inc flu hosp,2026-03-07,quantile,0.2,9
2026-02-14,38,3,wk inc flu hosp,2026-03-07,quantile,0.25,11
2026-02-14,38,3,wk inc flu hosp,2026-03-07,quantile,0.3,12
2026-02-14,38,3,wk inc flu hosp,2026-03-07,quantile,0.35,14
2026-02-14,38,3,wk inc flu hosp,2026-03-07,quantile,0.4,15
2026-02-14,38,3,wk inc flu hosp,2026-03-07,quantile,0.45,17
2026-02-14,38,3,wk inc flu hosp,2026-03-07,quantile,0.5,20
2026-02-14,38,3,wk inc flu hosp,2026-03-07,quantile,0.55,22
2026-02-14,38,3,wk inc flu hosp,2026-03-07,quantile,0.6,24
2026-02-14,38,3,wk inc flu hosp,2026-03-07,quantile,0.65,26
2026-02-14,38,3,wk inc flu hosp,2026-03-07,quantile,0.7,29
2026-02-14,38,3,wk inc flu hosp,2026-03-07,quantile,0.75,32
2026-02-14,38,3,wk inc flu hosp,2026-03-07,quantile,0.8,35
2026-02-14,38,3,wk inc flu hosp,2026-03-07,quantile,0.85,40
2026-02-14,38,3,wk inc flu hosp,2026-03-07,quantile,0.9,49
2026-02-14,38,3,wk inc flu hosp,2026-03-07,quantile,0.95,58
2026-02-14,38,3,wk inc flu hosp,2026-03-07,quantile,0.975,69
2026-02-14,38,3,wk inc flu hosp,2026-03-07,quantile,0.99,82
2026-02-14,39,0,wk inc flu hosp,2026-02-14,quantile,0.01,191
2026-02-14,39,0,wk inc flu hosp,2026-02-14,quantile,0.025,224
2026-02-14,39,0,wk inc flu hosp,2026-02-14,quantile,0.05,245
2026-02-14,39,0,wk inc flu hosp,2026-02-14,quantile,0.1,289
2026-02-14,39,0,wk inc flu hosp,2026-02-14,quantile,0.15,320
2026-02-14,39,0,wk inc flu hosp,2026-02-14,quantile,0.2,342
2026-02-14,39,0,wk inc flu hosp,2026-02-14,quantile,0.25,363
2026-02-14,39,0,wk inc flu hosp,2026-02-14,quantile,0.3,381
2026-02-14,39,0,wk inc flu hosp,2026-02-14,quantile,0.35,396
2026-02-14,39,0,wk inc flu hosp,2026-02-14,quantile,0.4,405
2026-02-14,39,0,wk inc flu hosp,2026-02-14,quantile,0.45,420
2026-02-14,39,0,wk inc flu hosp,2026-02-14,quantile,0.5,442
2026-02-14,39,0,wk inc flu hosp,2026-02-14,quantile,0.55,463
2026-02-14,39,0,wk inc flu hosp,2026-02-14,quantile,0.6,496
2026-02-14,39,0,wk inc flu hosp,2026-02-14,quantile,0.65,520
2026-02-14,39,0,wk inc flu hosp,2026-02-14,quantile,0.7,531
2026-02-14,39,0,wk inc flu hosp,2026-02-14,quantile,0.75,546
2026-02-14,39,0,wk inc flu hosp,2026-02-14,quantile,0.8,567
2026-02-14,39,0,wk inc flu hosp,2026-02-14,quantile,0.85,604
2026-02-14,39,0,wk inc flu hosp,2026-02-14,quantile,0.9,653
2026-02-14,39,0,wk inc flu hosp,2026-02-14,quantile,0.95,727
2026-02-14,39,0,wk inc flu hosp,2026-02-14,quantile,0.975,790
2026-02-14,39,0,wk inc flu hosp,2026-02-14,quantile,0.99,886
2026-02-14,39,1,wk inc flu hosp,2026-02-21,quantile,0.01,102
2026-02-14,39,1,wk inc flu hosp,2026-02-21,quantile,0.025,124
2026-02-14,39,1,wk inc flu hosp,2026-02-21,quantile,0.05,168
2026-02-14,39,1,wk inc flu hosp,2026-02-21,quantile,0.1,202
2026-02-14,39,1,wk inc flu hosp,2026-02-21,quantile,0.15,230
2026-02-14,39,1,wk inc flu hosp,2026-02-21,quantile,0.2,260
2026-02-14,39,1,wk inc flu hosp,2026-02-21,quantile,0.25,283
2026-02-14,39,1,wk inc flu hosp,2026-02-21,quantile,0.3,304
2026-02-14,39,1,wk inc flu hosp,2026-02-21,quantile,0.35,321
2026-02-14,39,1,wk inc flu hosp,2026-02-21,quantile,0.4,349
2026-02-14,39,1,wk inc flu hosp,2026-02-21,quantile,0.45,377
2026-02-14,39,1,wk inc flu hosp,2026-02-21,quantile,0.5,406
2026-02-14,39,1,wk inc flu hosp,2026-02-21,quantile,0.55,432
2026-02-14,39,1,wk inc flu hosp,2026-02-21,quantile,0.6,448
2026-02-14,39,1,wk inc flu hosp,2026-02-21,quantile,0.65,484
2026-02-14,39,1,wk inc flu hosp,2026-02-21,quantile,0.7,509
2026-02-14,39,1,wk inc flu hosp,2026-02-21,quantile,0.75,527
2026-02-14,39,1,wk inc flu hosp,2026-02-21,quantile,0.8,562
2026-02-14,39,1,wk inc flu hosp,2026-02-21,quantile,0.85,610
2026-02-14,39,1,wk inc flu hosp,2026-02-21,quantile,0.9,666
2026-02-14,39,1,wk inc flu hosp,2026-02-21,quantile,0.95,800
2026-02-14,39,1,wk inc flu hosp,2026-02-21,quantile,0.975,895
2026-02-14,39,1,wk inc flu hosp,2026-02-21,quantile,0.99,1029
2026-02-14,39,2,wk inc flu hosp,2026-02-28,quantile,0.01,58
2026-02-14,39,2,wk inc flu hosp,2026-02-28,quantile,0.025,70
2026-02-14,39,2,wk inc flu hosp,2026-02-28,quantile,0.05,100
2026-02-14,39,2,wk inc flu hosp,2026-02-28,quantile,0.1,133
2026-02-14,39,2,wk inc flu hosp,2026-02-28,quantile,0.15,161
2026-02-14,39,2,wk inc flu hosp,2026-02-28,quantile,0.2,181
2026-02-14,39,2,wk inc flu hosp,2026-02-28,quantile,0.25,207
2026-02-14,39,2,wk inc flu hosp,2026-02-28,quantile,0.3,232
2026-02-14,39,2,wk inc flu hosp,2026-02-28,quantile,0.35,262
2026-02-14,39,2,wk inc flu hosp,2026-02-28,quantile,0.4,282
2026-02-14,39,2,wk inc flu hosp,2026-02-28,quantile,0.45,304
2026-02-14,39,2,wk inc flu hosp,2026-02-28,quantile,0.5,335
2026-02-14,39,2,wk inc flu hosp,2026-02-28,quantile,0.55,363
2026-02-14,39,2,wk inc flu hosp,2026-02-28,quantile,0.6,395
2026-02-14,39,2,wk inc flu hosp,2026-02-28,quantile,0.65,432
2026-02-14,39,2,wk inc flu hosp,2026-02-28,quantile,0.7,472
2026-02-14,39,2,wk inc flu hosp,2026-02-28,quantile,0.75,500
2026-02-14,39,2,wk inc flu hosp,2026-02-28,quantile,0.8,543
2026-02-14,39,2,wk inc flu hosp,2026-02-28,quantile,0.85,589
2026-02-14,39,2,wk inc flu hosp,2026-02-28,quantile,0.9,666
2026-02-14,39,2,wk inc flu hosp,2026-02-28,quantile,0.95,811
2026-02-14,39,2,wk inc flu hosp,2026-02-28,quantile,0.975,936
2026-02-14,39,2,wk inc flu hosp,2026-02-28,quantile,0.99,1107
2026-02-14,39,3,wk inc flu hosp,2026-03-07,quantile,0.01,28
2026-02-14,39,3,wk inc flu hosp,2026-03-07,quantile,0.025,42
2026-02-14,39,3,wk inc flu hosp,2026-03-07,quantile,0.05,62
2026-02-14,39,3,wk inc flu hosp,2026-03-07,quantile,0.1,89
2026-02-14,39,3,wk inc flu hosp,2026-03-07,quantile,0.15,111
2026-02-14,39,3,wk inc flu hosp,2026-03-07,quantile,0.2,127
2026-02-14,39,3,wk inc flu hosp,2026-03-07,quantile,0.25,161
2026-02-14,39,3,wk inc flu hosp,2026-03-07,quantile,0.3,186
2026-02-14,39,3,wk inc flu hosp,2026-03-07,quantile,0.35,215
2026-02-14,39,3,wk inc flu hosp,2026-03-07,quantile,0.4,231
2026-02-14,39,3,wk inc flu hosp,2026-03-07,quantile,0.45,256
2026-02-14,39,3,wk inc flu hosp,2026-03-07,quantile,0.5,278
2026-02-14,39,3,wk inc flu hosp,2026-03-07,quantile,0.55,297
2026-02-14,39,3,wk inc flu hosp,2026-03-07,quantile,0.6,327
2026-02-14,39,3,wk inc flu hosp,2026-03-07,quantile,0.65,362
2026-02-14,39,3,wk inc flu hosp,2026-03-07,quantile,0.7,423
2026-02-14,39,3,wk inc flu hosp,2026-03-07,quantile,0.75,468
2026-02-14,39,3,wk inc flu hosp,2026-03-07,quantile,0.8,515
2026-02-14,39,3,wk inc flu hosp,2026-03-07,quantile,0.85,598
2026-02-14,39,3,wk inc flu hosp,2026-03-07,quantile,0.9,675
2026-02-14,39,3,wk inc flu hosp,2026-03-07,quantile,0.95,808
2026-02-14,39,3,wk inc flu hosp,2026-03-07,quantile,0.975,980
2026-02-14,39,3,wk inc flu hosp,2026-03-07,quantile,0.99,1140
2026-02-14,40,0,wk inc flu hosp,2026-02-14,quantile,0.01,63
2026-02-14,40,0,wk inc flu hosp,2026-02-14,quantile,0.025,77
2026-02-14,40,0,wk inc flu hosp,2026-02-14,quantile,0.05,95
2026-02-14,40,0,wk inc flu hosp,2026-02-14,quantile,0.1,108
2026-02-14,40,0,wk inc flu hosp,2026-02-14,quantile,0.15,118
2026-02-14,40,0,wk inc flu hosp,2026-02-14,quantile,0.2,127
2026-02-14,40,0,wk inc flu hosp,2026-02-14,quantile,0.25,133
2026-02-14,40,0,wk inc flu hosp,2026-02-14,quantile,0.3,139
2026-02-14,40,0,wk inc flu hosp,2026-02-14,quantile,0.35,144
2026-02-14,40,0,wk inc flu hosp,2026-02-14,quantile,0.4,151
2026-02-14,40,0,wk inc flu hosp,2026-02-14,quantile,0.45,157
2026-02-14,40,0,wk inc flu hosp,2026-02-14,quantile,0.5,165
2026-02-14,40,0,wk inc flu hosp,2026-02-14,quantile,0.55,171
2026-02-14,40,0,wk inc flu hosp,2026-02-14,quantile,0.6,177
2026-02-14,40,0,wk inc flu hosp,2026-02-14,quantile,0.65,184
2026-02-14,40,0,wk inc flu hosp,2026-02-14,quantile,0.7,194
2026-02-14,40,0,wk inc flu hosp,2026-02-14,quantile,0.75,203
2026-02-14,40,0,wk inc flu hosp,2026-02-14,quantile,0.8,213
2026-02-14,40,0,wk inc flu hosp,2026-02-14,quantile,0.85,224
2026-02-14,40,0,wk inc flu hosp,2026-02-14,quantile,0.9,241
2026-02-14,40,0,wk inc flu hosp,2026-02-14,quantile,0.95,271
2026-02-14,40,0,wk inc flu hosp,2026-02-14,quantile,0.975,306
2026-02-14,40,0,wk inc flu hosp,2026-02-14,quantile,0.99,340
2026-02-14,40,1,wk inc flu hosp,2026-02-21,quantile,0.01,45
2026-02-14,40,1,wk inc flu hosp,2026-02-21,quantile,0.025,56
2026-02-14,40,1,wk inc flu hosp,2026-02-21,quantile,0.05,65
2026-02-14,40,1,wk inc flu hosp,2026-02-21,quantile,0.1,80
2026-02-14,40,1,wk inc flu hosp,2026-02-21,quantile,0.15,89
2026-02-14,40,1,wk inc flu hosp,2026-02-21,quantile,0.2,99
2026-02-14,40,1,wk inc flu hosp,2026-02-21,quantile,0.25,109
2026-02-14,40,1,wk inc flu hosp,2026-02-21,quantile,0.3,117
2026-02-14,40,1,wk inc flu hosp,2026-02-21,quantile,0.35,125
2026-02-14,40,1,wk inc flu hosp,2026-02-21,quantile,0.4,133
2026-02-14,40,1,wk inc flu hosp,2026-02-21,quantile,0.45,142
2026-02-14,40,1,wk inc flu hosp,2026-02-21,quantile,0.5,151
2026-02-14,40,1,wk inc flu hosp,2026-02-21,quantile,0.55,158
2026-02-14,40,1,wk inc flu hosp,2026-02-21,quantile,0.6,166
2026-02-14,40,1,wk inc flu hosp,2026-02-21,quantile,0.65,175
2026-02-14,40,1,wk inc flu hosp,2026-02-21,quantile,0.7,183
2026-02-14,40,1,wk inc flu hosp,2026-02-21,quantile,0.75,190
2026-02-14,40,1,wk inc flu hosp,2026-02-21,quantile,0.8,205
2026-02-14,40,1,wk inc flu hosp,2026-02-21,quantile,0.85,219
2026-02-14,40,1,wk inc flu hosp,2026-02-21,quantile,0.9,244
2026-02-14,40,1,wk inc flu hosp,2026-02-21,quantile,0.95,290
2026-02-14,40,1,wk inc flu hosp,2026-02-21,quantile,0.975,314
2026-02-14,40,1,wk inc flu hosp,2026-02-21,quantile,0.99,378
2026-02-14,40,2,wk inc flu hosp,2026-02-28,quantile,0.01,25
2026-02-14,40,2,wk inc flu hosp,2026-02-28,quantile,0.025,43
2026-02-14,40,2,wk inc flu hosp,2026-02-28,quantile,0.05,46
2026-02-14,40,2,wk inc flu hosp,2026-02-28,quantile,0.1,66
2026-02-14,40,2,wk inc flu hosp,2026-02-28,quantile,0.15,73
2026-02-14,40,2,wk inc flu hosp,2026-02-28,quantile,0.2,81
2026-02-14,40,2,wk inc flu hosp,2026-02-28,quantile,0.25,87
2026-02-14,40,2,wk inc flu hosp,2026-02-28,quantile,0.3,95
2026-02-14,40,2,wk inc flu hosp,2026-02-28,quantile,0.35,102
2026-02-14,40,2,wk inc flu hosp,2026-02-28,quantile,0.4,109
2026-02-14,40,2,wk inc flu hosp,2026-02-28,quantile,0.45,118
2026-02-14,40,2,wk inc flu hosp,2026-02-28,quantile,0.5,127
2026-02-14,40,2,wk inc flu hosp,2026-02-28,quantile,0.55,137
2026-02-14,40,2,wk inc flu hosp,2026-02-28,quantile,0.6,144
2026-02-14,40,2,wk inc flu hosp,2026-02-28,quantile,0.65,160
2026-02-14,40,2,wk inc flu hosp,2026-02-28,quantile,0.7,165
2026-02-14,40,2,wk inc flu hosp,2026-02-28,quantile,0.75,170
2026-02-14,40,2,wk inc flu hosp,2026-02-28,quantile,0.8,182
2026-02-14,40,2,wk inc flu hosp,2026-02-28,quantile,0.85,204
2026-02-14,40,2,wk inc flu hosp,2026-02-28,quantile,0.9,220
2026-02-14,40,2,wk inc flu hosp,2026-02-28,quantile,0.95,250
2026-02-14,40,2,wk inc flu hosp,2026-02-28,quantile,0.975,318
2026-02-14,40,2,wk inc flu hosp,2026-02-28,quantile,0.99,385
2026-02-14,40,3,wk inc flu hosp,2026-03-07,quantile,0.01,19
2026-02-14,40,3,wk inc flu hosp,2026-03-07,quantile,0.025,30
2026-02-14,40,3,wk inc flu hosp,2026-03-07,quantile,0.05,42
2026-02-14,40,3,wk inc flu hosp,2026-03-07,quantile,0.1,49
2026-02-14,40,3,wk inc flu hosp,2026-03-07,quantile,0.15,60
2026-02-14,40,3,wk inc flu hosp,2026-03-07,quantile,0.2,65
2026-02-14,40,3,wk inc flu hosp,2026-03-07,quantile,0.25,70
2026-02-14,40,3,wk inc flu hosp,2026-03-07,quantile,0.3,76
2026-02-14,40,3,wk inc flu hosp,2026-03-07,quantile,0.35,84
2026-02-14,40,3,wk inc flu hosp,2026-03-07,quantile,0.4,92
2026-02-14,40,3,wk inc flu hosp,2026-03-07,quantile,0.45,99
2026-02-14,40,3,wk inc flu hosp,2026-03-07,quantile,0.5,108
2026-02-14,40,3,wk inc flu hosp,2026-03-07,quantile,0.55,118
2026-02-14,40,3,wk inc flu hosp,2026-03-07,quantile,0.6,131
2026-02-14,40,3,wk inc flu hosp,2026-03-07,quantile,0.65,143
2026-02-14,40,3,wk inc flu hosp,2026-03-07,quantile,0.7,154
2026-02-14,40,3,wk inc flu hosp,2026-03-07,quantile,0.75,166
2026-02-14,40,3,wk inc flu hosp,2026-03-07,quantile,0.8,181
2026-02-14,40,3,wk inc flu hosp,2026-03-07,quantile,0.85,207
2026-02-14,40,3,wk inc flu hosp,2026-03-07,quantile,0.9,243
2026-02-14,40,3,wk inc flu hosp,2026-03-07,quantile,0.95,299
2026-02-14,40,3,wk inc flu hosp,2026-03-07,quantile,0.975,332
2026-02-14,40,3,wk inc flu hosp,2026-03-07,quantile,0.99,396
2026-02-14,41,0,wk inc flu hosp,2026-02-14,quantile,0.01,247
2026-02-14,41,0,wk inc flu hosp,2026-02-14,quantile,0.025,267
2026-02-14,41,0,wk inc flu hosp,2026-02-14,quantile,0.05,284
2026-02-14,41,0,wk inc flu hosp,2026-02-14,quantile,0.1,306
2026-02-14,41,0,wk inc flu hosp,2026-02-14,quantile,0.15,322
2026-02-14,41,0,wk inc flu hosp,2026-02-14,quantile,0.2,333
2026-02-14,41,0,wk inc flu hosp,2026-02-14,quantile,0.25,347
2026-02-14,41,0,wk inc flu hosp,2026-02-14,quantile,0.3,354
2026-02-14,41,0,wk inc flu hosp,2026-02-14,quantile,0.35,366
2026-02-14,41,0,wk inc flu hosp,2026-02-14,quantile,0.4,376
2026-02-14,41,0,wk inc flu hosp,2026-02-14,quantile,0.45,382
2026-02-14,41,0,wk inc flu hosp,2026-02-14,quantile,0.5,388
2026-02-14,41,0,wk inc flu hosp,2026-02-14,quantile,0.55,394
2026-02-14,41,0,wk inc flu hosp,2026-02-14,quantile,0.6,408
2026-02-14,41,0,wk inc flu hosp,2026-02-14,quantile,0.65,421
2026-02-14,41,0,wk inc flu hosp,2026-02-14,quantile,0.7,433
2026-02-14,41,0,wk inc flu hosp,2026-02-14,quantile,0.75,449
2026-02-14,41,0,wk inc flu hosp,2026-02-14,quantile,0.8,466
2026-02-14,41,0,wk inc flu hosp,2026-02-14,quantile,0.85,490
2026-02-14,41,0,wk inc flu hosp,2026-02-14,quantile,0.9,518
2026-02-14,41,0,wk inc flu hosp,2026-02-14,quantile,0.95,559
2026-02-14,41,0,wk inc flu hosp,2026-02-14,quantile,0.975,607
2026-02-14,41,0,wk inc flu hosp,2026-02-14,quantile,0.99,630
2026-02-14,41,1,wk inc flu hosp,2026-02-21,quantile,0.01,177
2026-02-14,41,1,wk inc flu hosp,2026-02-21,quantile,0.025,196
2026-02-14,41,1,wk inc flu hosp,2026-02-21,quantile,0.05,231
2026-02-14,41,1,wk inc flu hosp,2026-02-21,quantile,0.1,259
2026-02-14,41,1,wk inc flu hosp,2026-02-21,quantile,0.15,275
2026-02-14,41,1,wk inc flu hosp,2026-02-21,quantile,0.2,289
2026-02-14,41,1,wk inc flu hosp,2026-02-21,quantile,0.25,304
2026-02-14,41,1,wk inc flu hosp,2026-02-21,quantile,0.3,318
2026-02-14,41,1,wk inc flu hosp,2026-02-21,quantile,0.35,326
2026-02-14,41,1,wk inc flu hosp,2026-02-21,quantile,0.4,336
2026-02-14,41,1,wk inc flu hosp,2026-02-21,quantile,0.45,347
2026-02-14,41,1,wk inc flu hosp,2026-02-21,quantile,0.5,360
2026-02-14,41,1,wk inc flu hosp,2026-02-21,quantile,0.55,379
2026-02-14,41,1,wk inc flu hosp,2026-02-21,quantile,0.6,392
2026-02-14,41,1,wk inc flu hosp,2026-02-21,quantile,0.65,404
2026-02-14,41,1,wk inc flu hosp,2026-02-21,quantile,0.7,425
2026-02-14,41,1,wk inc flu hosp,2026-02-21,quantile,0.75,442
2026-02-14,41,1,wk inc flu hosp,2026-02-21,quantile,0.8,463
2026-02-14,41,1,wk inc flu hosp,2026-02-21,quantile,0.85,493
2026-02-14,41,1,wk inc flu hosp,2026-02-21,quantile,0.9,530
2026-02-14,41,1,wk inc flu hosp,2026-02-21,quantile,0.95,600
2026-02-14,41,1,wk inc flu hosp,2026-02-21,quantile,0.975,652
2026-02-14,41,1,wk inc flu hosp,2026-02-21,quantile,0.99,727
2026-02-14,41,2,wk inc flu hosp,2026-02-28,quantile,0.01,114
2026-02-14,41,2,wk inc flu hosp,2026-02-28,quantile,0.025,133
2026-02-14,41,2,wk inc flu hosp,2026-02-28,quantile,0.05,158
2026-02-14,41,2,wk inc flu hosp,2026-02-28,quantile,0.1,200
2026-02-14,41,2,wk inc flu hosp,2026-02-28,quantile,0.15,222
2026-02-14,41,2,wk inc flu hosp,2026-02-28,quantile,0.2,238
2026-02-14,41,2,wk inc flu hosp,2026-02-28,quantile,0.25,248
2026-02-14,41,2,wk inc flu hosp,2026-02-28,quantile,0.3,258
2026-02-14,41,2,wk inc flu hosp,2026-02-28,quantile,0.35,274
2026-02-14,41,2,wk inc flu hosp,2026-02-28,quantile,0.4,289
2026-02-14,41,2,wk inc flu hosp,2026-02-28,quantile,0.45,301
2026-02-14,41,2,wk inc flu hosp,2026-02-28,quantile,0.5,313
2026-02-14,41,2,wk inc flu hosp,2026-02-28,quantile,0.55,324
2026-02-14,41,2,wk inc flu hosp,2026-02-28,quantile,0.6,335
2026-02-14,41,2,wk inc flu hosp,2026-02-28,quantile,0.65,345
2026-02-14,41,2,wk inc flu hosp,2026-02-28,quantile,0.7,360
2026-02-14,41,2,wk inc flu hosp,2026-02-28,quantile,0.75,376
2026-02-14,41,2,wk inc flu hosp,2026-02-28,quantile,0.8,411
2026-02-14,41,2,wk inc flu hosp,2026-02-28,quantile,0.85,449
2026-02-14,41,2,wk inc flu hosp,2026-02-28,quantile,0.9,518
2026-02-14,41,2,wk inc flu hosp,2026-02-28,quantile,0.95,603
2026-02-14,41,2,wk inc flu hosp,2026-02-28,quantile,0.975,629
2026-02-14,41,2,wk inc flu hosp,2026-02-28,quantile,0.99,685
2026-02-14,41,3,wk inc flu hosp,2026-03-07,quantile,0.01,81
2026-02-14,41,3,wk inc flu hosp,2026-03-07,quantile,0.025,104
2026-02-14,41,3,wk inc flu hosp,2026-03-07,quantile,0.05,132
2026-02-14,41,3,wk inc flu hosp,2026-03-07,quantile,0.1,162
2026-02-14,41,3,wk inc flu hosp,2026-03-07,quantile,0.15,190
2026-02-14,41,3,wk inc flu hosp,2026-03-07,quantile,0.2,201
2026-02-14,41,3,wk inc flu hosp,2026-03-07,quantile,0.25,218
2026-02-14,41,3,wk inc flu hosp,2026-03-07,quantile,0.3,240
2026-02-14,41,3,wk inc flu hosp,2026-03-07,quantile,0.35,250
2026-02-14,41,3,wk inc flu hosp,2026-03-07,quantile,0.4,262
2026-02-14,41,3,wk inc flu hosp,2026-03-07,quantile,0.45,275
2026-02-14,41,3,wk inc flu hosp,2026-03-07,quantile,0.5,286
2026-02-14,41,3,wk inc flu hosp,2026-03-07,quantile,0.55,299
2026-02-14,41,3,wk inc flu hosp,2026-03-07,quantile,0.6,311
2026-02-14,41,3,wk inc flu hosp,2026-03-07,quantile,0.65,319
2026-02-14,41,3,wk inc flu hosp,2026-03-07,quantile,0.7,334
2026-02-14,41,3,wk inc flu hosp,2026-03-07,quantile,0.75,392
2026-02-14,41,3,wk inc flu hosp,2026-03-07,quantile,0.8,424
2026-02-14,41,3,wk inc flu hosp,2026-03-07,quantile,0.85,450
2026-02-14,41,3,wk inc flu hosp,2026-03-07,quantile,0.9,503
2026-02-14,41,3,wk inc flu hosp,2026-03-07,quantile,0.95,576
2026-02-14,41,3,wk inc flu hosp,2026-03-07,quantile,0.975,620
2026-02-14,41,3,wk inc flu hosp,2026-03-07,quantile,0.99,670
2026-02-14,42,0,wk inc flu hosp,2026-02-14,quantile,0.01,281
2026-02-14,42,0,wk inc flu hosp,2026-02-14,quantile,0.025,338
2026-02-14,42,0,wk inc flu hosp,2026-02-14,quantile,0.05,395
2026-02-14,42,0,wk inc flu hosp,2026-02-14,quantile,0.1,438
2026-02-14,42,0,wk inc flu hosp,2026-02-14,quantile,0.15,457
2026-02-14,42,0,wk inc flu hosp,2026-02-14,quantile,0.2,473
2026-02-14,42,0,wk inc flu hosp,2026-02-14,quantile,0.25,494
2026-02-14,42,0,wk inc flu hosp,2026-02-14,quantile,0.3,524
2026-02-14,42,0,wk inc flu hosp,2026-02-14,quantile,0.35,555
2026-02-14,42,0,wk inc flu hosp,2026-02-14,quantile,0.4,583
2026-02-14,42,0,wk inc flu hosp,2026-02-14,quantile,0.45,638
2026-02-14,42,0,wk inc flu hosp,2026-02-14,quantile,0.5,671
2026-02-14,42,0,wk inc flu hosp,2026-02-14,quantile,0.55,692
2026-02-14,42,0,wk inc flu hosp,2026-02-14,quantile,0.6,710
2026-02-14,42,0,wk inc flu hosp,2026-02-14,quantile,0.65,730
2026-02-14,42,0,wk inc flu hosp,2026-02-14,quantile,0.7,760
2026-02-14,42,0,wk inc flu hosp,2026-02-14,quantile,0.75,785
2026-02-14,42,0,wk inc flu hosp,2026-02-14,quantile,0.8,821
2026-02-14,42,0,wk inc flu hosp,2026-02-14,quantile,0.85,858
2026-02-14,42,0,wk inc flu hosp,2026-02-14,quantile,0.9,918
2026-02-14,42,0,wk inc flu hosp,2026-02-14,quantile,0.95,1020
2026-02-14,42,0,wk inc flu hosp,2026-02-14,quantile,0.975,1100
2026-02-14,42,0,wk inc flu hosp,2026-02-14,quantile,0.99,1193
2026-02-14,42,1,wk inc flu hosp,2026-02-21,quantile,0.01,164
2026-02-14,42,1,wk inc flu hosp,2026-02-21,quantile,0.025,213
2026-02-14,42,1,wk inc flu hosp,2026-02-21,quantile,0.05,261
2026-02-14,42,1,wk inc flu hosp,2026-02-21,quantile,0.1,291
2026-02-14,42,1,wk inc flu hosp,2026-02-21,quantile,0.15,328
2026-02-14,42,1,wk inc flu hosp,2026-02-21,quantile,0.2,359
2026-02-14,42,1,wk inc flu hosp,2026-02-21,quantile,0.25,392
2026-02-14,42,1,wk inc flu hosp,2026-02-21,quantile,0.3,421
2026-02-14,42,1,wk inc flu hosp,2026-02-21,quantile,0.35,450
2026-02-14,42,1,wk inc flu hosp,2026-02-21,quantile,0.4,490
2026-02-14,42,1,wk inc flu hosp,2026-02-21,quantile,0.45,533
2026-02-14,42,1,wk inc flu hosp,2026-02-21,quantile,0.5,561
2026-02-14,42,1,wk inc flu hosp,2026-02-21,quantile,0.55,608
2026-02-14,42,1,wk inc flu hosp,2026-02-21,quantile,0.6,662
2026-02-14,42,1,wk inc flu hosp,2026-02-21,quantile,0.65,716
2026-02-14,42,1,wk inc flu hosp,2026-02-21,quantile,0.7,756
2026-02-14,42,1,wk inc flu hosp,2026-02-21,quantile,0.75,773
2026-02-14,42,1,wk inc flu hosp,2026-02-21,quantile,0.8,789
2026-02-14,42,1,wk inc flu hosp,2026-02-21,quantile,0.85,841
2026-02-14,42,1,wk inc flu hosp,2026-02-21,quantile,0.9,935
2026-02-14,42,1,wk inc flu hosp,2026-02-21,quantile,0.95,1069
2026-02-14,42,1,wk inc flu hosp,2026-02-21,quantile,0.975,1232
2026-02-14,42,1,wk inc flu hosp,2026-02-21,quantile,0.99,1439
2026-02-14,42,2,wk inc flu hosp,2026-02-28,quantile,0.01,64
2026-02-14,42,2,wk inc flu hosp,2026-02-28,quantile,0.025,119
2026-02-14,42,2,wk inc flu hosp,2026-02-28,quantile,0.05,165
2026-02-14,42,2,wk inc flu hosp,2026-02-28,quantile,0.1,190
2026-02-14,42,2,wk inc flu hosp,2026-02-28,quantile,0.15,231
2026-02-14,42,2,wk inc flu hosp,2026-02-28,quantile,0.2,262
2026-02-14,42,2,wk inc flu hosp,2026-02-28,quantile,0.25,297
2026-02-14,42,2,wk inc flu hosp,2026-02-28,quantile,0.3,320
2026-02-14,42,2,wk inc flu hosp,2026-02-28,quantile,0.35,362
2026-02-14,42,2,wk inc flu hosp,2026-02-28,quantile,0.4,409
2026-02-14,42,2,wk inc flu hosp,2026-02-28,quantile,0.45,430
2026-02-14,42,2,wk inc flu hosp,2026-02-28,quantile,0.5,459
2026-02-14,42,2,wk inc flu hosp,2026-02-28,quantile,0.55,519
2026-02-14,42,2,wk inc flu hosp,2026-02-28,quantile,0.6,569
2026-02-14,42,2,wk inc flu hosp,2026-02-28,quantile,0.65,616
2026-02-14,42,2,wk inc flu hosp,2026-02-28,quantile,0.7,661
2026-02-14,42,2,wk inc flu hosp,2026-02-28,quantile,0.75,707
2026-02-14,42,2,wk inc flu hosp,2026-02-28,quantile,0.8,770
2026-02-14,42,2,wk inc flu hosp,2026-02-28,quantile,0.85,830
2026-02-14,42,2,wk inc flu hosp,2026-02-28,quantile,0.9,942
2026-02-14,42,2,wk inc flu hosp,2026-02-28,quantile,0.95,1183
2026-02-14,42,2,wk inc flu hosp,2026-02-28,quantile,0.975,1340
2026-02-14,42,2,wk inc flu hosp,2026-02-28,quantile,0.99,1565
2026-02-14,42,3,wk inc flu hosp,2026-03-07,quantile,0.01,71
2026-02-14,42,3,wk inc flu hosp,2026-03-07,quantile,0.025,93
2026-02-14,42,3,wk inc flu hosp,2026-03-07,quantile,0.05,126
2026-02-14,42,3,wk inc flu hosp,2026-03-07,quantile,0.1,150
2026-02-14,42,3,wk inc flu hosp,2026-03-07,quantile,0.15,171
2026-02-14,42,3,wk inc flu hosp,2026-03-07,quantile,0.2,200
2026-02-14,42,3,wk inc flu hosp,2026-03-07,quantile,0.25,224
2026-02-14,42,3,wk inc flu hosp,2026-03-07,quantile,0.3,249
2026-02-14,42,3,wk inc flu hosp,2026-03-07,quantile,0.35,295
2026-02-14,42,3,wk inc flu hosp,2026-03-07,quantile,0.4,315
2026-02-14,42,3,wk inc flu hosp,2026-03-07,quantile,0.45,361
2026-02-14,42,3,wk inc flu hosp,2026-03-07,quantile,0.5,406
2026-02-14,42,3,wk inc flu hosp,2026-03-07,quantile,0.55,434
2026-02-14,42,3,wk inc flu hosp,2026-03-07,quantile,0.6,497
2026-02-14,42,3,wk inc flu hosp,2026-03-07,quantile,0.65,537
2026-02-14,42,3,wk inc flu hosp,2026-03-07,quantile,0.7,584
2026-02-14,42,3,wk inc flu hosp,2026-03-07,quantile,0.75,637
2026-02-14,42,3,wk inc flu hosp,2026-03-07,quantile,0.8,769
2026-02-14,42,3,wk inc flu hosp,2026-03-07,quantile,0.85,809
2026-02-14,42,3,wk inc flu hosp,2026-03-07,quantile,0.9,946
2026-02-14,42,3,wk inc flu hosp,2026-03-07,quantile,0.95,1266
2026-02-14,42,3,wk inc flu hosp,2026-03-07,quantile,0.975,1426
2026-02-14,42,3,wk inc flu hosp,2026-03-07,quantile,0.99,1633
2026-02-14,44,0,wk inc flu hosp,2026-02-14,quantile,0.01,4
2026-02-14,44,0,wk inc flu hosp,2026-02-14,quantile,0.025,6
2026-02-14,44,0,wk inc flu hosp,2026-02-14,quantile,0.05,8
2026-02-14,44,0,wk inc flu hosp,2026-02-14,quantile,0.1,10
2026-02-14,44,0,wk inc flu hosp,2026-02-14,quantile,0.15,11
2026-02-14,44,0,wk inc flu hosp,2026-02-14,quantile,0.2,12
2026-02-14,44,0,wk inc flu hosp,2026-02-14,quantile,0.25,14
2026-02-14,44,0,wk inc flu hosp,2026-02-14,quantile,0.3,15
2026-02-14,44,0,wk inc flu hosp,2026-02-14,quantile,0.35,16
2026-02-14,44,0,wk inc flu hosp,2026-02-14,quantile,0.4,18
2026-02-14,44,0,wk inc flu hosp,2026-02-14,quantile,0.45,19
2026-02-14,44,0,wk inc flu hosp,2026-02-14,quantile,0.5,21
2026-02-14,44,0,wk inc flu hosp,2026-02-14,quantile,0.55,24
2026-02-14,44,0,wk inc flu hosp,2026-02-14,quantile,0.6,25
2026-02-14,44,0,wk inc flu hosp,2026-02-14,quantile,0.65,26
2026-02-14,44,0,wk inc flu hosp,2026-02-14,quantile,0.7,27
2026-02-14,44,0,wk inc flu hosp,2026-02-14,quantile,0.75,29
2026-02-14,44,0,wk inc flu hosp,2026-02-14,quantile,0.8,31
2026-02-14,44,0,wk inc flu hosp,2026-02-14,quantile,0.85,35
2026-02-14,44,0,wk inc flu hosp,2026-02-14,quantile,0.9,37
2026-02-14,44,0,wk inc flu hosp,2026-02-14,quantile,0.95,45
2026-02-14,44,0,wk inc flu hosp,2026-02-14,quantile,0.975,51
2026-02-14,44,0,wk inc flu hosp,2026-02-14,quantile,0.99,61
2026-02-14,44,1,wk inc flu hosp,2026-02-21,quantile,0.01,2
2026-02-14,44,1,wk inc flu hosp,2026-02-21,quantile,0.025,3
2026-02-14,44,1,wk inc flu hosp,2026-02-21,quantile,0.05,4
2026-02-14,44,1,wk inc flu hosp,2026-02-21,quantile,0.1,6
2026-02-14,44,1,wk inc flu hosp,2026-02-21,quantile,0.15,7
2026-02-14,44,1,wk inc flu hosp,2026-02-21,quantile,0.2,9
2026-02-14,44,1,wk inc flu hosp,2026-02-21,quantile,0.25,10
2026-02-14,44,1,wk inc flu hosp,2026-02-21,quantile,0.3,12
2026-02-14,44,1,wk inc flu hosp,2026-02-21,quantile,0.35,13
2026-02-14,44,1,wk inc flu hosp,2026-02-21,quantile,0.4,14
2026-02-14,44,1,wk inc flu hosp,2026-02-21,quantile,0.45,16
2026-02-14,44,1,wk inc flu hosp,2026-02-21,quantile,0.5,18
2026-02-14,44,1,wk inc flu hosp,2026-02-21,quantile,0.55,21
2026-02-14,44,1,wk inc flu hosp,2026-02-21,quantile,0.6,23
2026-02-14,44,1,wk inc flu hosp,2026-02-21,quantile,0.65,26
2026-02-14,44,1,wk inc flu hosp,2026-02-21,quantile,0.7,28
2026-02-14,44,1,wk inc flu hosp,2026-02-21,quantile,0.75,31
2026-02-14,44,1,wk inc flu hosp,2026-02-21,quantile,0.8,33
2026-02-14,44,1,wk inc flu hosp,2026-02-21,quantile,0.85,37
2026-02-14,44,1,wk inc flu hosp,2026-02-21,quantile,0.9,42
2026-02-14,44,1,wk inc flu hosp,2026-02-21,quantile,0.95,50
2026-02-14,44,1,wk inc flu hosp,2026-02-21,quantile,0.975,59
2026-02-14,44,1,wk inc flu hosp,2026-02-21,quantile,0.99,70
2026-02-14,44,2,wk inc flu hosp,2026-02-28,quantile,0.01,1
2026-02-14,44,2,wk inc flu hosp,2026-02-28,quantile,0.025,1
2026-02-14,44,2,wk inc flu hosp,2026-02-28,quantile,0.05,2
2026-02-14,44,2,wk inc flu hosp,2026-02-28,quantile,0.1,4
2026-02-14,44,2,wk inc flu hosp,2026-02-28,quantile,0.15,5
2026-02-14,44,2,wk inc flu hosp,2026-02-28,quantile,0.2,6
2026-02-14,44,2,wk inc flu hosp,2026-02-28,quantile,0.25,7
2026-02-14,44,2,wk inc flu hosp,2026-02-28,quantile,0.3,8
2026-02-14,44,2,wk inc flu hosp,2026-02-28,quantile,0.35,9
2026-02-14,44,2,wk inc flu hosp,2026-02-28,quantile,0.4,11
2026-02-14,44,2,wk inc flu hosp,2026-02-28,quantile,0.45,13
2026-02-14,44,2,wk inc flu hosp,2026-02-28,quantile,0.5,15
2026-02-14,44,2,wk inc flu hosp,2026-02-28,quantile,0.55,18
2026-02-14,44,2,wk inc flu hosp,2026-02-28,quantile,0.6,21
2026-02-14,44,2,wk inc flu hosp,2026-02-28,quantile,0.65,23
2026-02-14,44,2,wk inc flu hosp,2026-02-28,quantile,0.7,25
2026-02-14,44,2,wk inc flu hosp,2026-02-28,quantile,0.75,28
2026-02-14,44,2,wk inc flu hosp,2026-02-28,quantile,0.8,31
2026-02-14,44,2,wk inc flu hosp,2026-02-28,quantile,0.85,37
2026-02-14,44,2,wk inc flu hosp,2026-02-28,quantile,0.9,45
2026-02-14,44,2,wk inc flu hosp,2026-02-28,quantile,0.95,52
2026-02-14,44,2,wk inc flu hosp,2026-02-28,quantile,0.975,63
2026-02-14,44,2,wk inc flu hosp,2026-02-28,quantile,0.99,73
2026-02-14,44,3,wk inc flu hosp,2026-03-07,quantile,0.01,0
2026-02-14,44,3,wk inc flu hosp,2026-03-07,quantile,0.025,0
2026-02-14,44,3,wk inc flu hosp,2026-03-07,quantile,0.05,1
2026-02-14,44,3,wk inc flu hosp,2026-03-07,quantile,0.1,2
2026-02-14,44,3,wk inc flu hosp,2026-03-07,quantile,0.15,3
2026-02-14,44,3,wk inc flu hosp,2026-03-07,quantile,0.2,4
2026-02-14,44,3,wk inc flu hosp,2026-03-07,quantile,0.25,5
2026-02-14,44,3,wk inc flu hosp,2026-03-07,quantile,0.3,6
2026-02-14,44,3,wk inc flu hosp,2026-03-07,quantile,0.35,7
2026-02-14,44,3,wk inc flu hosp,2026-03-07,quantile,0.4,7
2026-02-14,44,3,wk inc flu hosp,2026-03-07,quantile,0.45,9
2026-02-14,44,3,wk inc flu hosp,2026-03-07,quantile,0.5,12
2026-02-14,44,3,wk inc flu hosp,2026-03-07,quantile,0.55,14
2026-02-14,44,3,wk inc flu hosp,2026-03-07,quantile,0.6,18
2026-02-14,44,3,wk inc flu hosp,2026-03-07,quantile,0.65,22
2026-02-14,44,3,wk inc flu hosp,2026-03-07,quantile,0.7,25
2026-02-14,44,3,wk inc flu hosp,2026-03-07,quantile,0.75,28
2026-02-14,44,3,wk inc flu hosp,2026-03-07,quantile,0.8,32
2026-02-14,44,3,wk inc flu hosp,2026-03-07,quantile,0.85,39
2026-02-14,44,3,wk inc flu hosp,2026-03-07,quantile,0.9,44
2026-02-14,44,3,wk inc flu hosp,2026-03-07,quantile,0.95,55
2026-02-14,44,3,wk inc flu hosp,2026-03-07,quantile,0.975,65
2026-02-14,44,3,wk inc flu hosp,2026-03-07,quantile,0.99,87
2026-02-14,45,0,wk inc flu hosp,2026-02-14,quantile,0.01,58
2026-02-14,45,0,wk inc flu hosp,2026-02-14,quantile,0.025,68
2026-02-14,45,0,wk inc flu hosp,2026-02-14,quantile,0.05,87
2026-02-14,45,0,wk inc flu hosp,2026-02-14,quantile,0.1,98
2026-02-14,45,0,wk inc flu hosp,2026-02-14,quantile,0.15,108
2026-02-14,45,0,wk inc flu hosp,2026-02-14,quantile,0.2,114
2026-02-14,45,0,wk inc flu hosp,2026-02-14,quantile,0.25,118
2026-02-14,45,0,wk inc flu hosp,2026-02-14,quantile,0.3,126
2026-02-14,45,0,wk inc flu hosp,2026-02-14,quantile,0.35,135
2026-02-14,45,0,wk inc flu hosp,2026-02-14,quantile,0.4,146
2026-02-14,45,0,wk inc flu hosp,2026-02-14,quantile,0.45,157
2026-02-14,45,0,wk inc flu hosp,2026-02-14,quantile,0.5,163
2026-02-14,45,0,wk inc flu hosp,2026-02-14,quantile,0.55,175
2026-02-14,45,0,wk inc flu hosp,2026-02-14,quantile,0.6,182
2026-02-14,45,0,wk inc flu hosp,2026-02-14,quantile,0.65,196
2026-02-14,45,0,wk inc flu hosp,2026-02-14,quantile,0.7,207
2026-02-14,45,0,wk inc flu hosp,2026-02-14,quantile,0.75,213
2026-02-14,45,0,wk inc flu hosp,2026-02-14,quantile,0.8,225
2026-02-14,45,0,wk inc flu hosp,2026-02-14,quantile,0.85,231
2026-02-14,45,0,wk inc flu hosp,2026-02-14,quantile,0.9,253
2026-02-14,45,0,wk inc flu hosp,2026-02-14,quantile,0.95,280
2026-02-14,45,0,wk inc flu hosp,2026-02-14,quantile,0.975,300
2026-02-14,45,0,wk inc flu hosp,2026-02-14,quantile,0.99,324
2026-02-14,45,1,wk inc flu hosp,2026-02-21,quantile,0.01,31
2026-02-14,45,1,wk inc flu hosp,2026-02-21,quantile,0.025,41
2026-02-14,45,1,wk inc flu hosp,2026-02-21,quantile,0.05,58
2026-02-14,45,1,wk inc flu hosp,2026-02-21,quantile,0.1,74
2026-02-14,45,1,wk inc flu hosp,2026-02-21,quantile,0.15,78
2026-02-14,45,1,wk inc flu hosp,2026-02-21,quantile,0.2,83
2026-02-14,45,1,wk inc flu hosp,2026-02-21,quantile,0.25,94
2026-02-14,45,1,wk inc flu hosp,2026-02-21,quantile,0.3,103
2026-02-14,45,1,wk inc flu hosp,2026-02-21,quantile,0.35,111
2026-02-14,45,1,wk inc flu hosp,2026-02-21,quantile,0.4,123
2026-02-14,45,1,wk inc flu hosp,2026-02-21,quantile,0.45,134
2026-02-14,45,1,wk inc flu hosp,2026-02-21,quantile,0.5,147
2026-02-14,45,1,wk inc flu hosp,2026-02-21,quantile,0.55,154
2026-02-14,45,1,wk inc flu hosp,2026-02-21,quantile,0.6,167
2026-02-14,45,1,wk inc flu hosp,2026-02-21,quantile,0.65,175
2026-02-14,45,1,wk inc flu hosp,2026-02-21,quantile,0.7,184
2026-02-14,45,1,wk inc flu hosp,2026-02-21,quantile,0.75,193
2026-02-14,45,1,wk inc flu hosp,2026-02-21,quantile,0.8,204
2026-02-14,45,1,wk inc flu hosp,2026-02-21,quantile,0.85,223
2026-02-14,45,1,wk inc flu hosp,2026-02-21,quantile,0.9,245
2026-02-14,45,1,wk inc flu hosp,2026-02-21,quantile,0.95,291
2026-02-14,45,1,wk inc flu hosp,2026-02-21,quantile,0.975,332
2026-02-14,45,1,wk inc flu hosp,2026-02-21,quantile,0.99,372
2026-02-14,45,2,wk inc flu hosp,2026-02-28,quantile,0.01,19
2026-02-14,45,2,wk inc flu hosp,2026-02-28,quantile,0.025,26
2026-02-14,45,2,wk inc flu hosp,2026-02-28,quantile,0.05,37
2026-02-14,45,2,wk inc flu hosp,2026-02-28,quantile,0.1,46
2026-02-14,45,2,wk inc flu hosp,2026-02-28,quantile,0.15,52
2026-02-14,45,2,wk inc flu hosp,2026-02-28,quantile,0.2,61
2026-02-14,45,2,wk inc flu hosp,2026-02-28,quantile,0.25,74
2026-02-14,45,2,wk inc flu hosp,2026-02-28,quantile,0.3,83
2026-02-14,45,2,wk inc flu hosp,2026-02-28,quantile,0.35,94
2026-02-14,45,2,wk inc flu hosp,2026-02-28,quantile,0.4,104
2026-02-14,45,2,wk inc flu hosp,2026-02-28,quantile,0.45,116
2026-02-14,45,2,wk inc flu hosp,2026-02-28,quantile,0.5,125
2026-02-14,45,2,wk inc flu hosp,2026-02-28,quantile,0.55,139
2026-02-14,45,2,wk inc flu hosp,2026-02-28,quantile,0.6,153
2026-02-14,45,2,wk inc flu hosp,2026-02-28,quantile,0.65,166
2026-02-14,45,2,wk inc flu hosp,2026-02-28,quantile,0.7,179
2026-02-14,45,2,wk inc flu hosp,2026-02-28,quantile,0.75,192
2026-02-14,45,2,wk inc flu hosp,2026-02-28,quantile,0.8,206
2026-02-14,45,2,wk inc flu hosp,2026-02-28,quantile,0.85,227
2026-02-14,45,2,wk inc flu hosp,2026-02-28,quantile,0.9,252
2026-02-14,45,2,wk inc flu hosp,2026-02-28,quantile,0.95,308
2026-02-14,45,2,wk inc flu hosp,2026-02-28,quantile,0.975,370
2026-02-14,45,2,wk inc flu hosp,2026-02-28,quantile,0.99,441
2026-02-14,45,3,wk inc flu hosp,2026-03-07,quantile,0.01,11
2026-02-14,45,3,wk inc flu hosp,2026-03-07,quantile,0.025,17
2026-02-14,45,3,wk inc flu hosp,2026-03-07,quantile,0.05,25
2026-02-14,45,3,wk inc flu hosp,2026-03-07,quantile,0.1,31
2026-02-14,45,3,wk inc flu hosp,2026-03-07,quantile,0.15,40
2026-02-14,45,3,wk inc flu hosp,2026-03-07,quantile,0.2,53
2026-02-14,45,3,wk inc flu hosp,2026-03-07,quantile,0.25,61
2026-02-14,45,3,wk inc flu hosp,2026-03-07,quantile,0.3,71
2026-02-14,45,3,wk inc flu hosp,2026-03-07,quantile,0.35,81
2026-02-14,45,3,wk inc flu hosp,2026-03-07,quantile,0.4,94
2026-02-14,45,3,wk inc flu hosp,2026-03-07,quantile,0.45,105
2026-02-14,45,3,wk inc flu hosp,2026-03-07,quantile,0.5,113
2026-02-14,45,3,wk inc flu hosp,2026-03-07,quantile,0.55,126
2026-02-14,45,3,wk inc flu hosp,2026-03-07,quantile,0.6,140
2026-02-14,45,3,wk inc flu hosp,2026-03-07,quantile,0.65,153
2026-02-14,45,3,wk inc flu hosp,2026-03-07,quantile,0.7,168
2026-02-14,45,3,wk inc flu hosp,2026-03-07,quantile,0.75,188
2026-02-14,45,3,wk inc flu hosp,2026-03-07,quantile,0.8,205
2026-02-14,45,3,wk inc flu hosp,2026-03-07,quantile,0.85,221
2026-02-14,45,3,wk inc flu hosp,2026-03-07,quantile,0.9,250
2026-02-14,45,3,wk inc flu hosp,2026-03-07,quantile,0.95,320
2026-02-14,45,3,wk inc flu hosp,2026-03-07,quantile,0.975,384
2026-02-14,45,3,wk inc flu hosp,2026-03-07,quantile,0.99,467
2026-02-14,46,0,wk inc flu hosp,2026-02-14,quantile,0.01,16
2026-02-14,46,0,wk inc flu hosp,2026-02-14,quantile,0.025,20
2026-02-14,46,0,wk inc flu hosp,2026-02-14,quantile,0.05,25
2026-02-14,46,0,wk inc flu hosp,2026-02-14,quantile,0.1,30
2026-02-14,46,0,wk inc flu hosp,2026-02-14,quantile,0.15,33
2026-02-14,46,0,wk inc flu hosp,2026-02-14,quantile,0.2,36
2026-02-14,46,0,wk inc flu hosp,2026-02-14,quantile,0.25,38
2026-02-14,46,0,wk inc flu hosp,2026-02-14,quantile,0.3,40
2026-02-14,46,0,wk inc flu hosp,2026-02-14,quantile,0.35,41
2026-02-14,46,0,wk inc flu hosp,2026-02-14,quantile,0.4,43
2026-02-14,46,0,wk inc flu hosp,2026-02-14,quantile,0.45,44
2026-02-14,46,0,wk inc flu hosp,2026-02-14,quantile,0.5,47
2026-02-14,46,0,wk inc flu hosp,2026-02-14,quantile,0.55,49
2026-02-14,46,0,wk inc flu hosp,2026-02-14,quantile,0.6,51
2026-02-14,46,0,wk inc flu hosp,2026-02-14,quantile,0.65,53
2026-02-14,46,0,wk inc flu hosp,2026-02-14,quantile,0.7,56
2026-02-14,46,0,wk inc flu hosp,2026-02-14,quantile,0.75,59
2026-02-14,46,0,wk inc flu hosp,2026-02-14,quantile,0.8,61
2026-02-14,46,0,wk inc flu hosp,2026-02-14,quantile,0.85,65
2026-02-14,46,0,wk inc flu hosp,2026-02-14,quantile,0.9,68
2026-02-14,46,0,wk inc flu hosp,2026-02-14,quantile,0.95,76
2026-02-14,46,0,wk inc flu hosp,2026-02-14,quantile,0.975,82
2026-02-14,46,0,wk inc flu hosp,2026-02-14,quantile,0.99,90
2026-02-14,46,1,wk inc flu hosp,2026-02-21,quantile,0.01,8
2026-02-14,46,1,wk inc flu hosp,2026-02-21,quantile,0.025,14
2026-02-14,46,1,wk inc flu hosp,2026-02-21,quantile,0.05,17
2026-02-14,46,1,wk inc flu hosp,2026-02-21,quantile,0.1,21
2026-02-14,46,1,wk inc flu hosp,2026-02-21,quantile,0.15,24
2026-02-14,46,1,wk inc flu hosp,2026-02-21,quantile,0.2,27
2026-02-14,46,1,wk inc flu hosp,2026-02-21,quantile,0.25,29
2026-02-14,46,1,wk inc flu hosp,2026-02-21,quantile,0.3,31
2026-02-14,46,1,wk inc flu hosp,2026-02-21,quantile,0.35,33
2026-02-14,46,1,wk inc flu hosp,2026-02-21,quantile,0.4,35
2026-02-14,46,1,wk inc flu hosp,2026-02-21,quantile,0.45,37
2026-02-14,46,1,wk inc flu hosp,2026-02-21,quantile,0.5,40
2026-02-14,46,1,wk inc flu hosp,2026-02-21,quantile,0.55,42
2026-02-14,46,1,wk inc flu hosp,2026-02-21,quantile,0.6,44
2026-02-14,46,1,wk inc flu hosp,2026-02-21,quantile,0.65,47
2026-02-14,46,1,wk inc flu hosp,2026-02-21,quantile,0.7,50
2026-02-14,46,1,wk inc flu hosp,2026-02-21,quantile,0.75,54
2026-02-14,46,1,wk inc flu hosp,2026-02-21,quantile,0.8,58
2026-02-14,46,1,wk inc flu hosp,2026-02-21,quantile,0.85,63
2026-02-14,46,1,wk inc flu hosp,2026-02-21,quantile,0.9,69
2026-02-14,46,1,wk inc flu hosp,2026-02-21,quantile,0.95,77
2026-02-14,46,1,wk inc flu hosp,2026-02-21,quantile,0.975,89
2026-02-14,46,1,wk inc flu hosp,2026-02-21,quantile,0.99,102
2026-02-14,46,2,wk inc flu hosp,2026-02-28,quantile,0.01,6
2026-02-14,46,2,wk inc flu hosp,2026-02-28,quantile,0.025,9
2026-02-14,46,2,wk inc flu hosp,2026-02-28,quantile,0.05,13
2026-02-14,46,2,wk inc flu hosp,2026-02-28,quantile,0.1,15
2026-02-14,46,2,wk inc flu hosp,2026-02-28,quantile,0.15,18
2026-02-14,46,2,wk inc flu hosp,2026-02-28,quantile,0.2,22
2026-02-14,46,2,wk inc flu hosp,2026-02-28,quantile,0.25,23
2026-02-14,46,2,wk inc flu hosp,2026-02-28,quantile,0.3,25
2026-02-14,46,2,wk inc flu hosp,2026-02-28,quantile,0.35,27
2026-02-14,46,2,wk inc flu hosp,2026-02-28,quantile,0.4,29
2026-02-14,46,2,wk inc flu hosp,2026-02-28,quantile,0.45,31
2026-02-14,46,2,wk inc flu hosp,2026-02-28,quantile,0.5,34
2026-02-14,46,2,wk inc flu hosp,2026-02-28,quantile,0.55,37
2026-02-14,46,2,wk inc flu hosp,2026-02-28,quantile,0.6,40
2026-02-14,46,2,wk inc flu hosp,2026-02-28,quantile,0.65,44
2026-02-14,46,2,wk inc flu hosp,2026-02-28,quantile,0.7,47
2026-02-14,46,2,wk inc flu hosp,2026-02-28,quantile,0.75,50
2026-02-14,46,2,wk inc flu hosp,2026-02-28,quantile,0.8,55
2026-02-14,46,2,wk inc flu hosp,2026-02-28,quantile,0.85,61
2026-02-14,46,2,wk inc flu hosp,2026-02-28,quantile,0.9,70
2026-02-14,46,2,wk inc flu hosp,2026-02-28,quantile,0.95,79
2026-02-14,46,2,wk inc flu hosp,2026-02-28,quantile,0.975,89
2026-02-14,46,2,wk inc flu hosp,2026-02-28,quantile,0.99,101
2026-02-14,46,3,wk inc flu hosp,2026-03-07,quantile,0.01,3
2026-02-14,46,3,wk inc flu hosp,2026-03-07,quantile,0.025,6
2026-02-14,46,3,wk inc flu hosp,2026-03-07,quantile,0.05,7
2026-02-14,46,3,wk inc flu hosp,2026-03-07,quantile,0.1,11
2026-02-14,46,3,wk inc flu hosp,2026-03-07,quantile,0.15,14
2026-02-14,46,3,wk inc flu hosp,2026-03-07,quantile,0.2,18
2026-02-14,46,3,wk inc flu hosp,2026-03-07,quantile,0.25,19
2026-02-14,46,3,wk inc flu hosp,2026-03-07,quantile,0.3,21
2026-02-14,46,3,wk inc flu hosp,2026-03-07,quantile,0.35,23
2026-02-14,46,3,wk inc flu hosp,2026-03-07,quantile,0.4,26
2026-02-14,46,3,wk inc flu hosp,2026-03-07,quantile,0.45,28
2026-02-14,46,3,wk inc flu hosp,2026-03-07,quantile,0.5,31
2026-02-14,46,3,wk inc flu hosp,2026-03-07,quantile,0.55,34
2026-02-14,46,3,wk inc flu hosp,2026-03-07,quantile,0.6,36
2026-02-14,46,3,wk inc flu hosp,2026-03-07,quantile,0.65,39
2026-02-14,46,3,wk inc flu hosp,2026-03-07,quantile,0.7,42
2026-02-14,46,3,wk inc flu hosp,2026-03-07,quantile,0.75,47
2026-02-14,46,3,wk inc flu hosp,2026-03-07,quantile,0.8,52
2026-02-14,46,3,wk inc flu hosp,2026-03-07,quantile,0.85,60
2026-02-14,46,3,wk inc flu hosp,2026-03-07,quantile,0.9,67
2026-02-14,46,3,wk inc flu hosp,2026-03-07,quantile,0.95,81
2026-02-14,46,3,wk inc flu hosp,2026-03-07,quantile,0.975,87
2026-02-14,46,3,wk inc flu hosp,2026-03-07,quantile,0.99,111
2026-02-14,47,0,wk inc flu hosp,2026-02-14,quantile,0.01,95
2026-02-14,47,0,wk inc flu hosp,2026-02-14,quantile,0.025,123
2026-02-14,47,0,wk inc flu hosp,2026-02-14,quantile,0.05,149
2026-02-14,47,0,wk inc flu hosp,2026-02-14,quantile,0.1,171
2026-02-14,47,0,wk inc flu hosp,2026-02-14,quantile,0.15,185
2026-02-14,47,0,wk inc flu hosp,2026-02-14,quantile,0.2,200
2026-02-14,47,0,wk inc flu hosp,2026-02-14,quantile,0.25,213
2026-02-14,47,0,wk inc flu hosp,2026-02-14,quantile,0.3,222
2026-02-14,47,0,wk inc flu hosp,2026-02-14,quantile,0.35,232
2026-02-14,47,0,wk inc flu hosp,2026-02-14,quantile,0.4,240
2026-02-14,47,0,wk inc flu hosp,2026-02-14,quantile,0.45,248
2026-02-14,47,0,wk inc flu hosp,2026-02-14,quantile,0.5,257
2026-02-14,47,0,wk inc flu hosp,2026-02-14,quantile,0.55,272
2026-02-14,47,0,wk inc flu hosp,2026-02-14,quantile,0.6,282
2026-02-14,47,0,wk inc flu hosp,2026-02-14,quantile,0.65,295
2026-02-14,47,0,wk inc flu hosp,2026-02-14,quantile,0.7,305
2026-02-14,47,0,wk inc flu hosp,2026-02-14,quantile,0.75,320
2026-02-14,47,0,wk inc flu hosp,2026-02-14,quantile,0.8,335
2026-02-14,47,0,wk inc flu hosp,2026-02-14,quantile,0.85,357
2026-02-14,47,0,wk inc flu hosp,2026-02-14,quantile,0.9,377
2026-02-14,47,0,wk inc flu hosp,2026-02-14,quantile,0.95,404
2026-02-14,47,0,wk inc flu hosp,2026-02-14,quantile,0.975,435
2026-02-14,47,0,wk inc flu hosp,2026-02-14,quantile,0.99,475
2026-02-14,47,1,wk inc flu hosp,2026-02-21,quantile,0.01,66
2026-02-14,47,1,wk inc flu hosp,2026-02-21,quantile,0.025,82
2026-02-14,47,1,wk inc flu hosp,2026-02-21,quantile,0.05,103
2026-02-14,47,1,wk inc flu hosp,2026-02-21,quantile,0.1,124
2026-02-14,47,1,wk inc flu hosp,2026-02-21,quantile,0.15,149
2026-02-14,47,1,wk inc flu hosp,2026-02-21,quantile,0.2,168
2026-02-14,47,1,wk inc flu hosp,2026-02-21,quantile,0.25,181
2026-02-14,47,1,wk inc flu hosp,2026-02-21,quantile,0.3,191
2026-02-14,47,1,wk inc flu hosp,2026-02-21,quantile,0.35,200
2026-02-14,47,1,wk inc flu hosp,2026-02-21,quantile,0.4,210
2026-02-14,47,1,wk inc flu hosp,2026-02-21,quantile,0.45,218
2026-02-14,47,1,wk inc flu hosp,2026-02-21,quantile,0.5,235
2026-02-14,47,1,wk inc flu hosp,2026-02-21,quantile,0.55,249
2026-02-14,47,1,wk inc flu hosp,2026-02-21,quantile,0.6,266
2026-02-14,47,1,wk inc flu hosp,2026-02-21,quantile,0.65,280
2026-02-14,47,1,wk inc flu hosp,2026-02-21,quantile,0.7,293
2026-02-14,47,1,wk inc flu hosp,2026-02-21,quantile,0.75,306
2026-02-14,47,1,wk inc flu hosp,2026-02-21,quantile,0.8,327
2026-02-14,47,1,wk inc flu hosp,2026-02-21,quantile,0.85,349
2026-02-14,47,1,wk inc flu hosp,2026-02-21,quantile,0.9,381
2026-02-14,47,1,wk inc flu hosp,2026-02-21,quantile,0.95,449
2026-02-14,47,1,wk inc flu hosp,2026-02-21,quantile,0.975,502
2026-02-14,47,1,wk inc flu hosp,2026-02-21,quantile,0.99,573
2026-02-14,47,2,wk inc flu hosp,2026-02-28,quantile,0.01,39
2026-02-14,47,2,wk inc flu hosp,2026-02-28,quantile,0.025,54
2026-02-14,47,2,wk inc flu hosp,2026-02-28,quantile,0.05,77
2026-02-14,47,2,wk inc flu hosp,2026-02-28,quantile,0.1,100
2026-02-14,47,2,wk inc flu hosp,2026-02-28,quantile,0.15,118
2026-02-14,47,2,wk inc flu hosp,2026-02-28,quantile,0.2,130
2026-02-14,47,2,wk inc flu hosp,2026-02-28,quantile,0.25,143
2026-02-14,47,2,wk inc flu hosp,2026-02-28,quantile,0.3,154
2026-02-14,47,2,wk inc flu hosp,2026-02-28,quantile,0.35,164
2026-02-14,47,2,wk inc flu hosp,2026-02-28,quantile,0.4,174
2026-02-14,47,2,wk inc flu hosp,2026-02-28,quantile,0.45,186
2026-02-14,47,2,wk inc flu hosp,2026-02-28,quantile,0.5,201
2026-02-14,47,2,wk inc flu hosp,2026-02-28,quantile,0.55,219
2026-02-14,47,2,wk inc flu hosp,2026-02-28,quantile,0.6,239
2026-02-14,47,2,wk inc flu hosp,2026-02-28,quantile,0.65,252
2026-02-14,47,2,wk inc flu hosp,2026-02-28,quantile,0.7,273
2026-02-14,47,2,wk inc flu hosp,2026-02-28,quantile,0.75,292
2026-02-14,47,2,wk inc flu hosp,2026-02-28,quantile,0.8,310
2026-02-14,47,2,wk inc flu hosp,2026-02-28,quantile,0.85,338
2026-02-14,47,2,wk inc flu hosp,2026-02-28,quantile,0.9,376
2026-02-14,47,2,wk inc flu hosp,2026-02-28,quantile,0.95,438
2026-02-14,47,2,wk inc flu hosp,2026-02-28,quantile,0.975,520
2026-02-14,47,2,wk inc flu hosp,2026-02-28,quantile,0.99,631
2026-02-14,47,3,wk inc flu hosp,2026-03-07,quantile,0.01,33
2026-02-14,47,3,wk inc flu hosp,2026-03-07,quantile,0.025,39
2026-02-14,47,3,wk inc flu hosp,2026-03-07,quantile,0.05,54
2026-02-14,47,3,wk inc flu hosp,2026-03-07,quantile,0.1,73
2026-02-14,47,3,wk inc flu hosp,2026-03-07,quantile,0.15,87
2026-02-14,47,3,wk inc flu hosp,2026-03-07,quantile,0.2,105
2026-02-14,47,3,wk inc flu hosp,2026-03-07,quantile,0.25,115
2026-02-14,47,3,wk inc flu hosp,2026-03-07,quantile,0.3,127
2026-02-14,47,3,wk inc flu hosp,2026-03-07,quantile,0.35,143
2026-02-14,47,3,wk inc flu hosp,2026-03-07,quantile,0.4,154
2026-02-14,47,3,wk inc flu hosp,2026-03-07,quantile,0.45,168
2026-02-14,47,3,wk inc flu hosp,2026-03-07,quantile,0.5,178
2026-02-14,47,3,wk inc flu hosp,2026-03-07,quantile,0.55,192
2026-02-14,47,3,wk inc flu hosp,2026-03-07,quantile,0.6,209
2026-02-14,47,3,wk inc flu hosp,2026-03-07,quantile,0.65,231
2026-02-14,47,3,wk inc flu hosp,2026-03-07,quantile,0.7,249
2026-02-14,47,3,wk inc flu hosp,2026-03-07,quantile,0.75,270
2026-02-14,47,3,wk inc flu hosp,2026-03-07,quantile,0.8,294
2026-02-14,47,3,wk inc flu hosp,2026-03-07,quantile,0.85,326
2026-02-14,47,3,wk inc flu hosp,2026-03-07,quantile,0.9,376
2026-02-14,47,3,wk inc flu hosp,2026-03-07,quantile,0.95,447
2026-02-14,47,3,wk inc flu hosp,2026-03-07,quantile,0.975,523
2026-02-14,47,3,wk inc flu hosp,2026-03-07,quantile,0.99,660
2026-02-14,48,0,wk inc flu hosp,2026-02-14,quantile,0.01,658
2026-02-14,48,0,wk inc flu hosp,2026-02-14,quantile,0.025,724
2026-02-14,48,0,wk inc flu hosp,2026-02-14,quantile,0.05,786
2026-02-14,48,0,wk inc flu hosp,2026-02-14,quantile,0.1,868
2026-02-14,48,0,wk inc flu hosp,2026-02-14,quantile,0.15,938
2026-02-14,48,0,wk inc flu hosp,2026-02-14,quantile,0.2,995
2026-02-14,48,0,wk inc flu hosp,2026-02-14,quantile,0.25,1025
2026-02-14,48,0,wk inc flu hosp,2026-02-14,quantile,0.3,1049
2026-02-14,48,0,wk inc flu hosp,2026-02-14,quantile,0.35,1097
2026-02-14,48,0,wk inc flu hosp,2026-02-14,quantile,0.4,1142
2026-02-14,48,0,wk inc flu hosp,2026-02-14,quantile,0.45,1169
2026-02-14,48,0,wk inc flu hosp,2026-02-14,quantile,0.5,1211
2026-02-14,48,0,wk inc flu hosp,2026-02-14,quantile,0.55,1276
2026-02-14,48,0,wk inc flu hosp,2026-02-14,quantile,0.6,1322
2026-02-14,48,0,wk inc flu hosp,2026-02-14,quantile,0.65,1350
2026-02-14,48,0,wk inc flu hosp,2026-02-14,quantile,0.7,1388
2026-02-14,48,0,wk inc flu hosp,2026-02-14,quantile,0.75,1428
2026-02-14,48,0,wk inc flu hosp,2026-02-14,quantile,0.8,1499
2026-02-14,48,0,wk inc flu hosp,2026-02-14,quantile,0.85,1540
2026-02-14,48,0,wk inc flu hosp,2026-02-14,quantile,0.9,1627
2026-02-14,48,0,wk inc flu hosp,2026-02-14,quantile,0.95,1727
2026-02-14,48,0,wk inc flu hosp,2026-02-14,quantile,0.975,1855
2026-02-14,48,0,wk inc flu hosp,2026-02-14,quantile,0.99,2029
2026-02-14,48,1,wk inc flu hosp,2026-02-21,quantile,0.01,413
2026-02-14,48,1,wk inc flu hosp,2026-02-21,quantile,0.025,479
2026-02-14,48,1,wk inc flu hosp,2026-02-21,quantile,0.05,568
2026-02-14,48,1,wk inc flu hosp,2026-02-21,quantile,0.1,662
2026-02-14,48,1,wk inc flu hosp,2026-02-21,quantile,0.15,731
2026-02-14,48,1,wk inc flu hosp,2026-02-21,quantile,0.2,782
2026-02-14,48,1,wk inc flu hosp,2026-02-21,quantile,0.25,830
2026-02-14,48,1,wk inc flu hosp,2026-02-21,quantile,0.3,881
2026-02-14,48,1,wk inc flu hosp,2026-02-21,quantile,0.35,960
2026-02-14,48,1,wk inc flu hosp,2026-02-21,quantile,0.4,985
2026-02-14,48,1,wk inc flu hosp,2026-02-21,quantile,0.45,1054
2026-02-14,48,1,wk inc flu hosp,2026-02-21,quantile,0.5,1089
2026-02-14,48,1,wk inc flu hosp,2026-02-21,quantile,0.55,1140
2026-02-14,48,1,wk inc flu hosp,2026-02-21,quantile,0.6,1193
2026-02-14,48,1,wk inc flu hosp,2026-02-21,quantile,0.65,1238
2026-02-14,48,1,wk inc flu hosp,2026-02-21,quantile,0.7,1270
2026-02-14,48,1,wk inc flu hosp,2026-02-21,quantile,0.75,1335
2026-02-14,48,1,wk inc flu hosp,2026-02-21,quantile,0.8,1410
2026-02-14,48,1,wk inc flu hosp,2026-02-21,quantile,0.85,1497
2026-02-14,48,1,wk inc flu hosp,2026-02-21,quantile,0.9,1618
2026-02-14,48,1,wk inc flu hosp,2026-02-21,quantile,0.95,1829
2026-02-14,48,1,wk inc flu hosp,2026-02-21,quantile,0.975,2084
2026-02-14,48,1,wk inc flu hosp,2026-02-21,quantile,0.99,2368
2026-02-14,48,2,wk inc flu hosp,2026-02-28,quantile,0.01,262
2026-02-14,48,2,wk inc flu hosp,2026-02-28,quantile,0.025,315
2026-02-14,48,2,wk inc flu hosp,2026-02-28,quantile,0.05,420
2026-02-14,48,2,wk inc flu hosp,2026-02-28,quantile,0.1,534
2026-02-14,48,2,wk inc flu hosp,2026-02-28,quantile,0.15,585
2026-02-14,48,2,wk inc flu hosp,2026-02-28,quantile,0.2,624
2026-02-14,48,2,wk inc flu hosp,2026-02-28,quantile,0.25,676
2026-02-14,48,2,wk inc flu hosp,2026-02-28,quantile,0.3,744
2026-02-14,48,2,wk inc flu hosp,2026-02-28,quantile,0.35,786
2026-02-14,48,2,wk inc flu hosp,2026-02-28,quantile,0.4,851
2026-02-14,48,2,wk inc flu hosp,2026-02-28,quantile,0.45,902
2026-02-14,48,2,wk inc flu hosp,2026-02-28,quantile,0.5,944
2026-02-14,48,2,wk inc flu hosp,2026-02-28,quantile,0.55,1019
2026-02-14,48,2,wk inc flu hosp,2026-02-28,quantile,0.6,1095
2026-02-14,48,2,wk inc flu hosp,2026-02-28,quantile,0.65,1141
2026-02-14,48,2,wk inc flu hosp,2026-02-28,quantile,0.7,1216
2026-02-14,48,2,wk inc flu hosp,2026-02-28,quantile,0.75,1302
2026-02-14,48,2,wk inc flu hosp,2026-02-28,quantile,0.8,1395
2026-02-14,48,2,wk inc flu hosp,2026-02-28,quantile,0.85,1496
2026-02-14,48,2,wk inc flu hosp,2026-02-28,quantile,0.9,1647
2026-02-14,48,2,wk inc flu hosp,2026-02-28,quantile,0.95,1874
2026-02-14,48,2,wk inc flu hosp,2026-02-28,quantile,0.975,2115
2026-02-14,48,2,wk inc flu hosp,2026-02-28,quantile,0.99,2401
2026-02-14,48,3,wk inc flu hosp,2026-03-07,quantile,0.01,181
2026-02-14,48,3,wk inc flu hosp,2026-03-07,quantile,0.025,249
2026-02-14,48,3,wk inc flu hosp,2026-03-07,quantile,0.05,314
2026-02-14,48,3,wk inc flu hosp,2026-03-07,quantile,0.1,430
2026-02-14,48,3,wk inc flu hosp,2026-03-07,quantile,0.15,469
2026-02-14,48,3,wk inc flu hosp,2026-03-07,quantile,0.2,513
2026-02-14,48,3,wk inc flu hosp,2026-03-07,quantile,0.25,566
2026-02-14,48,3,wk inc flu hosp,2026-03-07,quantile,0.3,616
2026-02-14,48,3,wk inc flu hosp,2026-03-07,quantile,0.35,699
2026-02-14,48,3,wk inc flu hosp,2026-03-07,quantile,0.4,747
2026-02-14,48,3,wk inc flu hosp,2026-03-07,quantile,0.45,791
2026-02-14,48,3,wk inc flu hosp,2026-03-07,quantile,0.5,840
2026-02-14,48,3,wk inc flu hosp,2026-03-07,quantile,0.55,903
2026-02-14,48,3,wk inc flu hosp,2026-03-07,quantile,0.6,944
2026-02-14,48,3,wk inc flu hosp,2026-03-07,quantile,0.65,1000
2026-02-14,48,3,wk inc flu hosp,2026-03-07,quantile,0.7,1054
2026-02-14,48,3,wk inc flu hosp,2026-03-07,quantile,0.75,1123
2026-02-14,48,3,wk inc flu hosp,2026-03-07,quantile,0.8,1286
2026-02-14,48,3,wk inc flu hosp,2026-03-07,quantile,0.85,1463
2026-02-14,48,3,wk inc flu hosp,2026-03-07,quantile,0.9,1659
2026-02-14,48,3,wk inc flu hosp,2026-03-07,quantile,0.95,1910
2026-02-14,48,3,wk inc flu hosp,2026-03-07,quantile,0.975,2134
2026-02-14,48,3,wk inc flu hosp,2026-03-07,quantile,0.99,2483
2026-02-14,49,0,wk inc flu hosp,2026-02-14,quantile,0.01,31
2026-02-14,49,0,wk inc flu hosp,2026-02-14,quantile,0.025,37
2026-02-14,49,0,wk inc flu hosp,2026-02-14,quantile,0.05,42
2026-02-14,49,0,wk inc flu hosp,2026-02-14,quantile,0.1,50
2026-02-14,49,0,wk inc flu hosp,2026-02-14,quantile,0.15,55
2026-02-14,49,0,wk inc flu hosp,2026-02-14,quantile,0.2,59
2026-02-14,49,0,wk inc flu hosp,2026-02-14,quantile,0.25,63
2026-02-14,49,0,wk inc flu hosp,2026-02-14,quantile,0.3,67
2026-02-14,49,0,wk inc flu hosp,2026-02-14,quantile,0.35,70
2026-02-14,49,0,wk inc flu hosp,2026-02-14,quantile,0.4,74
2026-02-14,49,0,wk inc flu hosp,2026-02-14,quantile,0.45,77
2026-02-14,49,0,wk inc flu hosp,2026-02-14,quantile,0.5,83
2026-02-14,49,0,wk inc flu hosp,2026-02-14,quantile,0.55,85
2026-02-14,49,0,wk inc flu hosp,2026-02-14,quantile,0.6,89
2026-02-14,49,0,wk inc flu hosp,2026-02-14,quantile,0.65,91
2026-02-14,49,0,wk inc flu hosp,2026-02-14,quantile,0.7,95
2026-02-14,49,0,wk inc flu hosp,2026-02-14,quantile,0.75,100
2026-02-14,49,0,wk inc flu hosp,2026-02-14,quantile,0.8,105
2026-02-14,49,0,wk inc flu hosp,2026-02-14,quantile,0.85,112
2026-02-14,49,0,wk inc flu hosp,2026-02-14,quantile,0.9,118
2026-02-14,49,0,wk inc flu hosp,2026-02-14,quantile,0.95,133
2026-02-14,49,0,wk inc flu hosp,2026-02-14,quantile,0.975,146
2026-02-14,49,0,wk inc flu hosp,2026-02-14,quantile,0.99,163
2026-02-14,49,1,wk inc flu hosp,2026-02-21,quantile,0.01,22
2026-02-14,49,1,wk inc flu hosp,2026-02-21,quantile,0.025,27
2026-02-14,49,1,wk inc flu hosp,2026-02-21,quantile,0.05,32
2026-02-14,49,1,wk inc flu hosp,2026-02-21,quantile,0.1,38
2026-02-14,49,1,wk inc flu hosp,2026-02-21,quantile,0.15,44
2026-02-14,49,1,wk inc flu hosp,2026-02-21,quantile,0.2,49
2026-02-14,49,1,wk inc flu hosp,2026-02-21,quantile,0.25,54
2026-02-14,49,1,wk inc flu hosp,2026-02-21,quantile,0.3,57
2026-02-14,49,1,wk inc flu hosp,2026-02-21,quantile,0.35,61
2026-02-14,49,1,wk inc flu hosp,2026-02-21,quantile,0.4,65
2026-02-14,49,1,wk inc flu hosp,2026-02-21,quantile,0.45,68
2026-02-14,49,1,wk inc flu hosp,2026-02-21,quantile,0.5,74
2026-02-14,49,1,wk inc flu hosp,2026-02-21,quantile,0.55,78
2026-02-14,49,1,wk inc flu hosp,2026-02-21,quantile,0.6,83
2026-02-14,49,1,wk inc flu hosp,2026-02-21,quantile,0.65,88
2026-02-14,49,1,wk inc flu hosp,2026-02-21,quantile,0.7,93
2026-02-14,49,1,wk inc flu hosp,2026-02-21,quantile,0.75,98
2026-02-14,49,1,wk inc flu hosp,2026-02-21,quantile,0.8,106
2026-02-14,49,1,wk inc flu hosp,2026-02-21,quantile,0.85,116
2026-02-14,49,1,wk inc flu hosp,2026-02-21,quantile,0.9,125
2026-02-14,49,1,wk inc flu hosp,2026-02-21,quantile,0.95,141
2026-02-14,49,1,wk inc flu hosp,2026-02-21,quantile,0.975,155
2026-02-14,49,1,wk inc flu hosp,2026-02-21,quantile,0.99,179
2026-02-14,49,2,wk inc flu hosp,2026-02-28,quantile,0.01,12
2026-02-14,49,2,wk inc flu hosp,2026-02-28,quantile,0.025,16
2026-02-14,49,2,wk inc flu hosp,2026-02-28,quantile,0.05,23
2026-02-14,49,2,wk inc flu hosp,2026-02-28,quantile,0.1,30
2026-02-14,49,2,wk inc flu hosp,2026-02-28,quantile,0.15,35
2026-02-14,49,2,wk inc flu hosp,2026-02-28,quantile,0.2,40
2026-02-14,49,2,wk inc flu hosp,2026-02-28,quantile,0.25,43
2026-02-14,49,2,wk inc flu hosp,2026-02-28,quantile,0.3,48
2026-02-14,49,2,wk inc flu hosp,2026-02-28,quantile,0.35,53
2026-02-14,49,2,wk inc flu hosp,2026-02-28,quantile,0.4,54
2026-02-14,49,2,wk inc flu hosp,2026-02-28,quantile,0.45,58
2026-02-14,49,2,wk inc flu hosp,2026-02-28,quantile,0.5,64
2026-02-14,49,2,wk inc flu hosp,2026-02-28,quantile,0.55,69
2026-02-14,49,2,wk inc flu hosp,2026-02-28,quantile,0.6,74
2026-02-14,49,2,wk inc flu hosp,2026-02-28,quantile,0.65,79
2026-02-14,49,2,wk inc flu hosp,2026-02-28,quantile,0.7,85
2026-02-14,49,2,wk inc flu hosp,2026-02-28,quantile,0.75,93
2026-02-14,49,2,wk inc flu hosp,2026-02-28,quantile,0.8,100
2026-02-14,49,2,wk inc flu hosp,2026-02-28,quantile,0.85,109
2026-02-14,49,2,wk inc flu hosp,2026-02-28,quantile,0.9,121
2026-02-14,49,2,wk inc flu hosp,2026-02-28,quantile,0.95,136
2026-02-14,49,2,wk inc flu hosp,2026-02-28,quantile,0.975,153
2026-02-14,49,2,wk inc flu hosp,2026-02-28,quantile,0.99,179
2026-02-14,49,3,wk inc flu hosp,2026-03-07,quantile,0.01,7
2026-02-14,49,3,wk inc flu hosp,2026-03-07,quantile,0.025,11
2026-02-14,49,3,wk inc flu hosp,2026-03-07,quantile,0.05,17
2026-02-14,49,3,wk inc flu hosp,2026-03-07,quantile,0.1,24
2026-02-14,49,3,wk inc flu hosp,2026-03-07,quantile,0.15,28
2026-02-14,49,3,wk inc flu hosp,2026-03-07,quantile,0.2,32
2026-02-14,49,3,wk inc flu hosp,2026-03-07,quantile,0.25,37
2026-02-14,49,3,wk inc flu hosp,2026-03-07,quantile,0.3,40
2026-02-14,49,3,wk inc flu hosp,2026-03-07,quantile,0.35,44
2026-02-14,49,3,wk inc flu hosp,2026-03-07,quantile,0.4,47
2026-02-14,49,3,wk inc flu hosp,2026-03-07,quantile,0.45,51
2026-02-14,49,3,wk inc flu hosp,2026-03-07,quantile,0.5,57
2026-02-14,49,3,wk inc flu hosp,2026-03-07,quantile,0.55,62
2026-02-14,49,3,wk inc flu hosp,2026-03-07,quantile,0.6,68
2026-02-14,49,3,wk inc flu hosp,2026-03-07,quantile,0.65,74
2026-02-14,49,3,wk inc flu hosp,2026-03-07,quantile,0.7,80
2026-02-14,49,3,wk inc flu hosp,2026-03-07,quantile,0.75,88
2026-02-14,49,3,wk inc flu hosp,2026-03-07,quantile,0.8,95
2026-02-14,49,3,wk inc flu hosp,2026-03-07,quantile,0.85,103
2026-02-14,49,3,wk inc flu hosp,2026-03-07,quantile,0.9,120
2026-02-14,49,3,wk inc flu hosp,2026-03-07,quantile,0.95,141
2026-02-14,49,3,wk inc flu hosp,2026-03-07,quantile,0.975,165
2026-02-14,49,3,wk inc flu hosp,2026-03-07,quantile,0.99,201
2026-02-14,50,0,wk inc flu hosp,2026-02-14,quantile,0.01,7
2026-02-14,50,0,wk inc flu hosp,2026-02-14,quantile,0.025,9
2026-02-14,50,0,wk inc flu hosp,2026-02-14,quantile,0.05,11
2026-02-14,50,0,wk inc flu hosp,2026-02-14,quantile,0.1,14
2026-02-14,50,0,wk inc flu hosp,2026-02-14,quantile,0.15,16
2026-02-14,50,0,wk inc flu hosp,2026-02-14,quantile,0.2,18
2026-02-14,50,0,wk inc flu hosp,2026-02-14,quantile,0.25,18
2026-02-14,50,0,wk inc flu hosp,2026-02-14,quantile,0.3,21
2026-02-14,50,0,wk inc flu hosp,2026-02-14,quantile,0.35,22
2026-02-14,50,0,wk inc flu hosp,2026-02-14,quantile,0.4,23
2026-02-14,50,0,wk inc flu hosp,2026-02-14,quantile,0.45,24
2026-02-14,50,0,wk inc flu hosp,2026-02-14,quantile,0.5,26
2026-02-14,50,0,wk inc flu hosp,2026-02-14,quantile,0.55,27
2026-02-14,50,0,wk inc flu hosp,2026-02-14,quantile,0.6,28
2026-02-14,50,0,wk inc flu hosp,2026-02-14,quantile,0.65,28
2026-02-14,50,0,wk inc flu hosp,2026-02-14,quantile,0.7,30
2026-02-14,50,0,wk inc flu hosp,2026-02-14,quantile,0.75,31
2026-02-14,50,0,wk inc flu hosp,2026-02-14,quantile,0.8,33
2026-02-14,50,0,wk inc flu hosp,2026-02-14,quantile,0.85,35
2026-02-14,50,0,wk inc flu hosp,2026-02-14,quantile,0.9,37
2026-02-14,50,0,wk inc flu hosp,2026-02-14,quantile,0.95,41
2026-02-14,50,0,wk inc flu hosp,2026-02-14,quantile,0.975,46
2026-02-14,50,0,wk inc flu hosp,2026-02-14,quantile,0.99,51
2026-02-14,50,1,wk inc flu hosp,2026-02-21,quantile,0.01,5
2026-02-14,50,1,wk inc flu hosp,2026-02-21,quantile,0.025,6
2026-02-14,50,1,wk inc flu hosp,2026-02-21,quantile,0.05,8
2026-02-14,50,1,wk inc flu hosp,2026-02-21,quantile,0.1,10
2026-02-14,50,1,wk inc flu hosp,2026-02-21,quantile,0.15,13
2026-02-14,50,1,wk inc flu hosp,2026-02-21,quantile,0.2,14
2026-02-14,50,1,wk inc flu hosp,2026-02-21,quantile,0.25,15
2026-02-14,50,1,wk inc flu hosp,2026-02-21,quantile,0.3,17
2026-02-14,50,1,wk inc flu hosp,2026-02-21,quantile,0.35,19
2026-02-14,50,1,wk inc flu hosp,2026-02-21,quantile,0.4,20
2026-02-14,50,1,wk inc flu hosp,2026-02-21,quantile,0.45,21
2026-02-14,50,1,wk inc flu hosp,2026-02-21,quantile,0.5,24
2026-02-14,50,1,wk inc flu hosp,2026-02-21,quantile,0.55,25
2026-02-14,50,1,wk inc flu hosp,2026-02-21,quantile,0.6,26
2026-02-14,50,1,wk inc flu hosp,2026-02-21,quantile,0.65,28
2026-02-14,50,1,wk inc flu hosp,2026-02-21,quantile,0.7,29
2026-02-14,50,1,wk inc flu hosp,2026-02-21,quantile,0.75,31
2026-02-14,50,1,wk inc flu hosp,2026-02-21,quantile,0.8,33
2026-02-14,50,1,wk inc flu hosp,2026-02-21,quantile,0.85,37
2026-02-14,50,1,wk inc flu hosp,2026-02-21,quantile,0.9,40
2026-02-14,50,1,wk inc flu hosp,2026-02-21,quantile,0.95,47
2026-02-14,50,1,wk inc flu hosp,2026-02-21,quantile,0.975,52
2026-02-14,50,1,wk inc flu hosp,2026-02-21,quantile,0.99,58
2026-02-14,50,2,wk inc flu hosp,2026-02-28,quantile,0.01,2
2026-02-14,50,2,wk inc flu hosp,2026-02-28,quantile,0.025,4
2026-02-14,50,2,wk inc flu hosp,2026-02-28,quantile,0.05,5
2026-02-14,50,2,wk inc flu hosp,2026-02-28,quantile,0.1,7
2026-02-14,50,2,wk inc flu hosp,2026-02-28,quantile,0.15,10
2026-02-14,50,2,wk inc flu hosp,2026-02-28,quantile,0.2,11
2026-02-14,50,2,wk inc flu hosp,2026-02-28,quantile,0.25,13
2026-02-14,50,2,wk inc flu hosp,2026-02-28,quantile,0.3,14
2026-02-14,50,2,wk inc flu hosp,2026-02-28,quantile,0.35,16
2026-02-14,50,2,wk inc flu hosp,2026-02-28,quantile,0.4,17
2026-02-14,50,2,wk inc flu hosp,2026-02-28,quantile,0.45,18
2026-02-14,50,2,wk inc flu hosp,2026-02-28,quantile,0.5,21
2026-02-14,50,2,wk inc flu hosp,2026-02-28,quantile,0.55,22
2026-02-14,50,2,wk inc flu hosp,2026-02-28,quantile,0.6,24
2026-02-14,50,2,wk inc flu hosp,2026-02-28,quantile,0.65,26
2026-02-14,50,2,wk inc flu hosp,2026-02-28,quantile,0.7,28
2026-02-14,50,2,wk inc flu hosp,2026-02-28,quantile,0.75,30
2026-02-14,50,2,wk inc flu hosp,2026-02-28,quantile,0.8,33
2026-02-14,50,2,wk inc flu hosp,2026-02-28,quantile,0.85,36
2026-02-14,50,2,wk inc flu hosp,2026-02-28,quantile,0.9,41
2026-02-14,50,2,wk inc flu hosp,2026-02-28,quantile,0.95,49
2026-02-14,50,2,wk inc flu hosp,2026-02-28,quantile,0.975,55
2026-02-14,50,2,wk inc flu hosp,2026-02-28,quantile,0.99,65
2026-02-14,50,3,wk inc flu hosp,2026-03-07,quantile,0.01,1
2026-02-14,50,3,wk inc flu hosp,2026-03-07,quantile,0.025,3
2026-02-14,50,3,wk inc flu hosp,2026-03-07,quantile,0.05,4
2026-02-14,50,3,wk inc flu hosp,2026-03-07,quantile,0.1,6
2026-02-14,50,3,wk inc flu hosp,2026-03-07,quantile,0.15,8
2026-02-14,50,3,wk inc flu hosp,2026-03-07,quantile,0.2,10
2026-02-14,50,3,wk inc flu hosp,2026-03-07,quantile,0.25,11
2026-02-14,50,3,wk inc flu hosp,2026-03-07,quantile,0.3,13
2026-02-14,50,3,wk inc flu hosp,2026-03-07,quantile,0.35,14
2026-02-14,50,3,wk inc flu hosp,2026-03-07,quantile,0.4,17
2026-02-14,50,3,wk inc flu hosp,2026-03-07,quantile,0.45,18
2026-02-14,50,3,wk inc flu hosp,2026-03-07,quantile,0.5,20
2026-02-14,50,3,wk inc flu hosp,2026-03-07,quantile,0.55,22
2026-02-14,50,3,wk inc flu hosp,2026-03-07,quantile,0.6,23
2026-02-14,50,3,wk inc flu hosp,2026-03-07,quantile,0.65,24
2026-02-14,50,3,wk inc flu hosp,2026-03-07,quantile,0.7,25
2026-02-14,50,3,wk inc flu hosp,2026-03-07,quantile,0.75,28
2026-02-14,50,3,wk inc flu hosp,2026-03-07,quantile,0.8,33
2026-02-14,50,3,wk inc flu hosp,2026-03-07,quantile,0.85,36
2026-02-14,50,3,wk inc flu hosp,2026-03-07,quantile,0.9,41
2026-02-14,50,3,wk inc flu hosp,2026-03-07,quantile,0.95,51
2026-02-14,50,3,wk inc flu hosp,2026-03-07,quantile,0.975,57
2026-02-14,50,3,wk inc flu hosp,2026-03-07,quantile,0.99,74
2026-02-14,51,0,wk inc flu hosp,2026-02-14,quantile,0.01,98
2026-02-14,51,0,wk inc flu hosp,2026-02-14,quantile,0.025,114
2026-02-14,51,0,wk inc flu hosp,2026-02-14,quantile,0.05,132
2026-02-14,51,0,wk inc flu hosp,2026-02-14,quantile,0.1,151
2026-02-14,51,0,wk inc flu hosp,2026-02-14,quantile,0.15,160
2026-02-14,51,0,wk inc flu hosp,2026-02-14,quantile,0.2,169
2026-02-14,51,0,wk inc flu hosp,2026-02-14,quantile,0.25,178
2026-02-14,51,0,wk inc flu hosp,2026-02-14,quantile,0.3,186
2026-02-14,51,0,wk inc flu hosp,2026-02-14,quantile,0.35,200
2026-02-14,51,0,wk inc flu hosp,2026-02-14,quantile,0.4,212
2026-02-14,51,0,wk inc flu hosp,2026-02-14,quantile,0.45,223
2026-02-14,51,0,wk inc flu hosp,2026-02-14,quantile,0.5,232
2026-02-14,51,0,wk inc flu hosp,2026-02-14,quantile,0.55,248
2026-02-14,51,0,wk inc flu hosp,2026-02-14,quantile,0.6,256
2026-02-14,51,0,wk inc flu hosp,2026-02-14,quantile,0.65,263
2026-02-14,51,0,wk inc flu hosp,2026-02-14,quantile,0.7,271
2026-02-14,51,0,wk inc flu hosp,2026-02-14,quantile,0.75,278
2026-02-14,51,0,wk inc flu hosp,2026-02-14,quantile,0.8,289
2026-02-14,51,0,wk inc flu hosp,2026-02-14,quantile,0.85,309
2026-02-14,51,0,wk inc flu hosp,2026-02-14,quantile,0.9,331
2026-02-14,51,0,wk inc flu hosp,2026-02-14,quantile,0.95,369
2026-02-14,51,0,wk inc flu hosp,2026-02-14,quantile,0.975,398
2026-02-14,51,0,wk inc flu hosp,2026-02-14,quantile,0.99,448
2026-02-14,51,1,wk inc flu hosp,2026-02-21,quantile,0.01,64
2026-02-14,51,1,wk inc flu hosp,2026-02-21,quantile,0.025,76
2026-02-14,51,1,wk inc flu hosp,2026-02-21,quantile,0.05,93
2026-02-14,51,1,wk inc flu hosp,2026-02-21,quantile,0.1,107
2026-02-14,51,1,wk inc flu hosp,2026-02-21,quantile,0.15,121
2026-02-14,51,1,wk inc flu hosp,2026-02-21,quantile,0.2,132
2026-02-14,51,1,wk inc flu hosp,2026-02-21,quantile,0.25,142
2026-02-14,51,1,wk inc flu hosp,2026-02-21,quantile,0.3,151
2026-02-14,51,1,wk inc flu hosp,2026-02-21,quantile,0.35,161
2026-02-14,51,1,wk inc flu hosp,2026-02-21,quantile,0.4,173
2026-02-14,51,1,wk inc flu hosp,2026-02-21,quantile,0.45,188
2026-02-14,51,1,wk inc flu hosp,2026-02-21,quantile,0.5,201
2026-02-14,51,1,wk inc flu hosp,2026-02-21,quantile,0.55,211
2026-02-14,51,1,wk inc flu hosp,2026-02-21,quantile,0.6,225
2026-02-14,51,1,wk inc flu hosp,2026-02-21,quantile,0.65,237
2026-02-14,51,1,wk inc flu hosp,2026-02-21,quantile,0.7,250
2026-02-14,51,1,wk inc flu hosp,2026-02-21,quantile,0.75,264
2026-02-14,51,1,wk inc flu hosp,2026-02-21,quantile,0.8,281
2026-02-14,51,1,wk inc flu hosp,2026-02-21,quantile,0.85,294
2026-02-14,51,1,wk inc flu hosp,2026-02-21,quantile,0.9,325
2026-02-14,51,1,wk inc flu hosp,2026-02-21,quantile,0.95,383
2026-02-14,51,1,wk inc flu hosp,2026-02-21,quantile,0.975,447
2026-02-14,51,1,wk inc flu hosp,2026-02-21,quantile,0.99,523
2026-02-14,51,2,wk inc flu hosp,2026-02-28,quantile,0.01,30
2026-02-14,51,2,wk inc flu hosp,2026-02-28,quantile,0.025,46
2026-02-14,51,2,wk inc flu hosp,2026-02-28,quantile,0.05,61
2026-02-14,51,2,wk inc flu hosp,2026-02-28,quantile,0.1,74
2026-02-14,51,2,wk inc flu hosp,2026-02-28,quantile,0.15,90
2026-02-14,51,2,wk inc flu hosp,2026-02-28,quantile,0.2,96
2026-02-14,51,2,wk inc flu hosp,2026-02-28,quantile,0.25,112
2026-02-14,51,2,wk inc flu hosp,2026-02-28,quantile,0.3,123
2026-02-14,51,2,wk inc flu hosp,2026-02-28,quantile,0.35,132
2026-02-14,51,2,wk inc flu hosp,2026-02-28,quantile,0.4,143
2026-02-14,51,2,wk inc flu hosp,2026-02-28,quantile,0.45,154
2026-02-14,51,2,wk inc flu hosp,2026-02-28,quantile,0.5,168
2026-02-14,51,2,wk inc flu hosp,2026-02-28,quantile,0.55,176
2026-02-14,51,2,wk inc flu hosp,2026-02-28,quantile,0.6,198
2026-02-14,51,2,wk inc flu hosp,2026-02-28,quantile,0.65,214
2026-02-14,51,2,wk inc flu hosp,2026-02-28,quantile,0.7,228
2026-02-14,51,2,wk inc flu hosp,2026-02-28,quantile,0.75,249
2026-02-14,51,2,wk inc flu hosp,2026-02-28,quantile,0.8,279
2026-02-14,51,2,wk inc flu hosp,2026-02-28,quantile,0.85,302
2026-02-14,51,2,wk inc flu hosp,2026-02-28,quantile,0.9,334
2026-02-14,51,2,wk inc flu hosp,2026-02-28,quantile,0.95,405
2026-02-14,51,2,wk inc flu hosp,2026-02-28,quantile,0.975,471
2026-02-14,51,2,wk inc flu hosp,2026-02-28,quantile,0.99,513
2026-02-14,51,3,wk inc flu hosp,2026-03-07,quantile,0.01,24
2026-02-14,51,3,wk inc flu hosp,2026-03-07,quantile,0.025,29
2026-02-14,51,3,wk inc flu hosp,2026-03-07,quantile,0.05,37
2026-02-14,51,3,wk inc flu hosp,2026-03-07,quantile,0.1,60
2026-02-14,51,3,wk inc flu hosp,2026-03-07,quantile,0.15,63
2026-02-14,51,3,wk inc flu hosp,2026-03-07,quantile,0.2,69
2026-02-14,51,3,wk inc flu hosp,2026-03-07,quantile,0.25,86
2026-02-14,51,3,wk inc flu hosp,2026-03-07,quantile,0.3,94
2026-02-14,51,3,wk inc flu hosp,2026-03-07,quantile,0.35,107
2026-02-14,51,3,wk inc flu hosp,2026-03-07,quantile,0.4,118
2026-02-14,51,3,wk inc flu hosp,2026-03-07,quantile,0.45,126
2026-02-14,51,3,wk inc flu hosp,2026-03-07,quantile,0.5,136
2026-02-14,51,3,wk inc flu hosp,2026-03-07,quantile,0.55,150
2026-02-14,51,3,wk inc flu hosp,2026-03-07,quantile,0.6,169
2026-02-14,51,3,wk inc flu hosp,2026-03-07,quantile,0.65,190
2026-02-14,51,3,wk inc flu hosp,2026-03-07,quantile,0.7,217
2026-02-14,51,3,wk inc flu hosp,2026-03-07,quantile,0.75,249
2026-02-14,51,3,wk inc flu hosp,2026-03-07,quantile,0.8,281
2026-02-14,51,3,wk inc flu hosp,2026-03-07,quantile,0.85,307
2026-02-14,51,3,wk inc flu hosp,2026-03-07,quantile,0.9,339
2026-02-14,51,3,wk inc flu hosp,2026-03-07,quantile,0.95,420
2026-02-14,51,3,wk inc flu hosp,2026-03-07,quantile,0.975,510
2026-02-14,51,3,wk inc flu hosp,2026-03-07,quantile,0.99,596
2026-02-14,53,0,wk inc flu hosp,2026-02-14,quantile,0.01,221
2026-02-14,53,0,wk inc flu hosp,2026-02-14,quantile,0.025,239
2026-02-14,53,0,wk inc flu hosp,2026-02-14,quantile,0.05,258
2026-02-14,53,0,wk inc flu hosp,2026-02-14,quantile,0.1,276
2026-02-14,53,0,wk inc flu hosp,2026-02-14,quantile,0.15,291
2026-02-14,53,0,wk inc flu hosp,2026-02-14,quantile,0.2,303
2026-02-14,53,0,wk inc flu hosp,2026-02-14,quantile,0.25,311
2026-02-14,53,0,wk inc flu hosp,2026-02-14,quantile,0.3,322
2026-02-14,53,0,wk inc flu hosp,2026-02-14,quantile,0.35,336
2026-02-14,53,0,wk inc flu hosp,2026-02-14,quantile,0.4,349
2026-02-14,53,0,wk inc flu hosp,2026-02-14,quantile,0.45,360
2026-02-14,53,0,wk inc flu hosp,2026-02-14,quantile,0.5,366
2026-02-14,53,0,wk inc flu hosp,2026-02-14,quantile,0.55,377
2026-02-14,53,0,wk inc flu hosp,2026-02-14,quantile,0.6,390
2026-02-14,53,0,wk inc flu hosp,2026-02-14,quantile,0.65,400
2026-02-14,53,0,wk inc flu hosp,2026-02-14,quantile,0.7,410
2026-02-14,53,0,wk inc flu hosp,2026-02-14,quantile,0.75,424
2026-02-14,53,0,wk inc flu hosp,2026-02-14,quantile,0.8,437
2026-02-14,53,0,wk inc flu hosp,2026-02-14,quantile,0.85,451
2026-02-14,53,0,wk inc flu hosp,2026-02-14,quantile,0.9,471
2026-02-14,53,0,wk inc flu hosp,2026-02-14,quantile,0.95,509
2026-02-14,53,0,wk inc flu hosp,2026-02-14,quantile,0.975,543
2026-02-14,53,0,wk inc flu hosp,2026-02-14,quantile,0.99,585
2026-02-14,53,1,wk inc flu hosp,2026-02-21,quantile,0.01,156
2026-02-14,53,1,wk inc flu hosp,2026-02-21,quantile,0.025,173
2026-02-14,53,1,wk inc flu hosp,2026-02-21,quantile,0.05,197
2026-02-14,53,1,wk inc flu hosp,2026-02-21,quantile,0.1,220
2026-02-14,53,1,wk inc flu hosp,2026-02-21,quantile,0.15,246
2026-02-14,53,1,wk inc flu hosp,2026-02-21,quantile,0.2,267
2026-02-14,53,1,wk inc flu hosp,2026-02-21,quantile,0.25,275
2026-02-14,53,1,wk inc flu hosp,2026-02-21,quantile,0.3,287
2026-02-14,53,1,wk inc flu hosp,2026-02-21,quantile,0.35,302
2026-02-14,53,1,wk inc flu hosp,2026-02-21,quantile,0.4,314
2026-02-14,53,1,wk inc flu hosp,2026-02-21,quantile,0.45,323
2026-02-14,53,1,wk inc flu hosp,2026-02-21,quantile,0.5,337
2026-02-14,53,1,wk inc flu hosp,2026-02-21,quantile,0.55,353
2026-02-14,53,1,wk inc flu hosp,2026-02-21,quantile,0.6,368
2026-02-14,53,1,wk inc flu hosp,2026-02-21,quantile,0.65,387
2026-02-14,53,1,wk inc flu hosp,2026-02-21,quantile,0.7,405
2026-02-14,53,1,wk inc flu hosp,2026-02-21,quantile,0.75,424
2026-02-14,53,1,wk inc flu hosp,2026-02-21,quantile,0.8,445
2026-02-14,53,1,wk inc flu hosp,2026-02-21,quantile,0.85,467
2026-02-14,53,1,wk inc flu hosp,2026-02-21,quantile,0.9,496
2026-02-14,53,1,wk inc flu hosp,2026-02-21,quantile,0.95,550
2026-02-14,53,1,wk inc flu hosp,2026-02-21,quantile,0.975,597
2026-02-14,53,1,wk inc flu hosp,2026-02-21,quantile,0.99,648
2026-02-14,53,2,wk inc flu hosp,2026-02-28,quantile,0.01,100
2026-02-14,53,2,wk inc flu hosp,2026-02-28,quantile,0.025,133
2026-02-14,53,2,wk inc flu hosp,2026-02-28,quantile,0.05,154
2026-02-14,53,2,wk inc flu hosp,2026-02-28,quantile,0.1,180
2026-02-14,53,2,wk inc flu hosp,2026-02-28,quantile,0.15,206
2026-02-14,53,2,wk inc flu hosp,2026-02-28,quantile,0.2,224
2026-02-14,53,2,wk inc flu hosp,2026-02-28,quantile,0.25,240
2026-02-14,53,2,wk inc flu hosp,2026-02-28,quantile,0.3,249
2026-02-14,53,2,wk inc flu hosp,2026-02-28,quantile,0.35,268
2026-02-14,53,2,wk inc flu hosp,2026-02-28,quantile,0.4,285
2026-02-14,53,2,wk inc flu hosp,2026-02-28,quantile,0.45,296
2026-02-14,53,2,wk inc flu hosp,2026-02-28,quantile,0.5,306
2026-02-14,53,2,wk inc flu hosp,2026-02-28,quantile,0.55,318
2026-02-14,53,2,wk inc flu hosp,2026-02-28,quantile,0.6,329
2026-02-14,53,2,wk inc flu hosp,2026-02-28,quantile,0.65,349
2026-02-14,53,2,wk inc flu hosp,2026-02-28,quantile,0.7,380
2026-02-14,53,2,wk inc flu hosp,2026-02-28,quantile,0.75,397
2026-02-14,53,2,wk inc flu hosp,2026-02-28,quantile,0.8,429
2026-02-14,53,2,wk inc flu hosp,2026-02-28,quantile,0.85,452
2026-02-14,53,2,wk inc flu hosp,2026-02-28,quantile,0.9,514
2026-02-14,53,2,wk inc flu hosp,2026-02-28,quantile,0.95,559
2026-02-14,53,2,wk inc flu hosp,2026-02-28,quantile,0.975,636
2026-02-14,53,2,wk inc flu hosp,2026-02-28,quantile,0.99,700
2026-02-14,53,3,wk inc flu hosp,2026-03-07,quantile,0.01,73
2026-02-14,53,3,wk inc flu hosp,2026-03-07,quantile,0.025,102
2026-02-14,53,3,wk inc flu hosp,2026-03-07,quantile,0.05,125
2026-02-14,53,3,wk inc flu hosp,2026-03-07,quantile,0.1,151
2026-02-14,53,3,wk inc flu hosp,2026-03-07,quantile,0.15,176
2026-02-14,53,3,wk inc flu hosp,2026-03-07,quantile,0.2,196
2026-02-14,53,3,wk inc flu hosp,2026-03-07,quantile,0.25,208
2026-02-14,53,3,wk inc flu hosp,2026-03-07,quantile,0.3,217
2026-02-14,53,3,wk inc flu hosp,2026-03-07,quantile,0.35,235
2026-02-14,53,3,wk inc flu hosp,2026-03-07,quantile,0.4,253
2026-02-14,53,3,wk inc flu hosp,2026-03-07,quantile,0.45,261
2026-02-14,53,3,wk inc flu hosp,2026-03-07,quantile,0.5,283
2026-02-14,53,3,wk inc flu hosp,2026-03-07,quantile,0.55,301
2026-02-14,53,3,wk inc flu hosp,2026-03-07,quantile,0.6,315
2026-02-14,53,3,wk inc flu hosp,2026-03-07,quantile,0.65,329
2026-02-14,53,3,wk inc flu hosp,2026-03-07,quantile,0.7,350
2026-02-14,53,3,wk inc flu hosp,2026-03-07,quantile,0.75,378
2026-02-14,53,3,wk inc flu hosp,2026-03-07,quantile,0.8,408
2026-02-14,53,3,wk inc flu hosp,2026-03-07,quantile,0.85,445
2026-02-14,53,3,wk inc flu hosp,2026-03-07,quantile,0.9,498
2026-02-14,53,3,wk inc flu hosp,2026-03-07,quantile,0.95,543
2026-02-14,53,3,wk inc flu hosp,2026-03-07,quantile,0.975,596
2026-02-14,53,3,wk inc flu hosp,2026-03-07,quantile,0.99,658
2026-02-14,54,0,wk inc flu hosp,2026-02-14,quantile,0.01,48
2026-02-14,54,0,wk inc flu hosp,2026-02-14,quantile,0.025,65
2026-02-14,54,0,wk inc flu hosp,2026-02-14,quantile,0.05,74
2026-02-14,54,0,wk inc flu hosp,2026-02-14,quantile,0.1,87
2026-02-14,54,0,wk inc flu hosp,2026-02-14,quantile,0.15,95
2026-02-14,54,0,wk inc flu hosp,2026-02-14,quantile,0.2,102
2026-02-14,54,0,wk inc flu hosp,2026-02-14,quantile,0.25,107
2026-02-14,54,0,wk inc flu hosp,2026-02-14,quantile,0.3,114
2026-02-14,54,0,wk inc flu hosp,2026-02-14,quantile,0.35,119
2026-02-14,54,0,wk inc flu hosp,2026-02-14,quantile,0.4,124
2026-02-14,54,0,wk inc flu hosp,2026-02-14,quantile,0.45,129
2026-02-14,54,0,wk inc flu hosp,2026-02-14,quantile,0.5,133
2026-02-14,54,0,wk inc flu hosp,2026-02-14,quantile,0.55,141
2026-02-14,54,0,wk inc flu hosp,2026-02-14,quantile,0.6,147
2026-02-14,54,0,wk inc flu hosp,2026-02-14,quantile,0.65,152
2026-02-14,54,0,wk inc flu hosp,2026-02-14,quantile,0.7,158
2026-02-14,54,0,wk inc flu hosp,2026-02-14,quantile,0.75,164
2026-02-14,54,0,wk inc flu hosp,2026-02-14,quantile,0.8,171
2026-02-14,54,0,wk inc flu hosp,2026-02-14,quantile,0.85,179
2026-02-14,54,0,wk inc flu hosp,2026-02-14,quantile,0.9,191
2026-02-14,54,0,wk inc flu hosp,2026-02-14,quantile,0.95,211
2026-02-14,54,0,wk inc flu hosp,2026-02-14,quantile,0.975,228
2026-02-14,54,0,wk inc flu hosp,2026-02-14,quantile,0.99,246
2026-02-14,54,1,wk inc flu hosp,2026-02-21,quantile,0.01,30
2026-02-14,54,1,wk inc flu hosp,2026-02-21,quantile,0.025,40
2026-02-14,54,1,wk inc flu hosp,2026-02-21,quantile,0.05,50
2026-02-14,54,1,wk inc flu hosp,2026-02-21,quantile,0.1,60
2026-02-14,54,1,wk inc flu hosp,2026-02-21,quantile,0.15,70
2026-02-14,54,1,wk inc flu hosp,2026-02-21,quantile,0.2,78
2026-02-14,54,1,wk inc flu hosp,2026-02-21,quantile,0.25,84
2026-02-14,54,1,wk inc flu hosp,2026-02-21,quantile,0.3,90
2026-02-14,54,1,wk inc flu hosp,2026-02-21,quantile,0.35,97
2026-02-14,54,1,wk inc flu hosp,2026-02-21,quantile,0.4,104
2026-02-14,54,1,wk inc flu hosp,2026-02-21,quantile,0.45,112
2026-02-14,54,1,wk inc flu hosp,2026-02-21,quantile,0.5,120
2026-02-14,54,1,wk inc flu hosp,2026-02-21,quantile,0.55,126
2026-02-14,54,1,wk inc flu hosp,2026-02-21,quantile,0.6,132
2026-02-14,54,1,wk inc flu hosp,2026-02-21,quantile,0.65,138
2026-02-14,54,1,wk inc flu hosp,2026-02-21,quantile,0.7,145
2026-02-14,54,1,wk inc flu hosp,2026-02-21,quantile,0.75,154
2026-02-14,54,1,wk inc flu hosp,2026-02-21,quantile,0.8,163
2026-02-14,54,1,wk inc flu hosp,2026-02-21,quantile,0.85,174
2026-02-14,54,1,wk inc flu hosp,2026-02-21,quantile,0.9,194
2026-02-14,54,1,wk inc flu hosp,2026-02-21,quantile,0.95,222
2026-02-14,54,1,wk inc flu hosp,2026-02-21,quantile,0.975,253
2026-02-14,54,1,wk inc flu hosp,2026-02-21,quantile,0.99,282
2026-02-14,54,2,wk inc flu hosp,2026-02-28,quantile,0.01,19
2026-02-14,54,2,wk inc flu hosp,2026-02-28,quantile,0.025,26
2026-02-14,54,2,wk inc flu hosp,2026-02-28,quantile,0.05,37
2026-02-14,54,2,wk inc flu hosp,2026-02-28,quantile,0.1,47
2026-02-14,54,2,wk inc flu hosp,2026-02-28,quantile,0.15,53
2026-02-14,54,2,wk inc flu hosp,2026-02-28,quantile,0.2,57
2026-02-14,54,2,wk inc flu hosp,2026-02-28,quantile,0.25,64
2026-02-14,54,2,wk inc flu hosp,2026-02-28,quantile,0.3,71
2026-02-14,54,2,wk inc flu hosp,2026-02-28,quantile,0.35,79
2026-02-14,54,2,wk inc flu hosp,2026-02-28,quantile,0.4,87
2026-02-14,54,2,wk inc flu hosp,2026-02-28,quantile,0.45,96
2026-02-14,54,2,wk inc flu hosp,2026-02-28,quantile,0.5,104
2026-02-14,54,2,wk inc flu hosp,2026-02-28,quantile,0.55,113
2026-02-14,54,2,wk inc flu hosp,2026-02-28,quantile,0.6,120
2026-02-14,54,2,wk inc flu hosp,2026-02-28,quantile,0.65,127
2026-02-14,54,2,wk inc flu hosp,2026-02-28,quantile,0.7,135
2026-02-14,54,2,wk inc flu hosp,2026-02-28,quantile,0.75,146
2026-02-14,54,2,wk inc flu hosp,2026-02-28,quantile,0.8,157
2026-02-14,54,2,wk inc flu hosp,2026-02-28,quantile,0.85,172
2026-02-14,54,2,wk inc flu hosp,2026-02-28,quantile,0.9,188
2026-02-14,54,2,wk inc flu hosp,2026-02-28,quantile,0.95,218
2026-02-14,54,2,wk inc flu hosp,2026-02-28,quantile,0.975,245
2026-02-14,54,2,wk inc flu hosp,2026-02-28,quantile,0.99,277
2026-02-14,54,3,wk inc flu hosp,2026-03-07,quantile,0.01,10
2026-02-14,54,3,wk inc flu hosp,2026-03-07,quantile,0.025,15
2026-02-14,54,3,wk inc flu hosp,2026-03-07,quantile,0.05,24
2026-02-14,54,3,wk inc flu hosp,2026-03-07,quantile,0.1,32
2026-02-14,54,3,wk inc flu hosp,2026-03-07,quantile,0.15,39
2026-02-14,54,3,wk inc flu hosp,2026-03-07,quantile,0.2,47
2026-02-14,54,3,wk inc flu hosp,2026-03-07,quantile,0.25,51
2026-02-14,54,3,wk inc flu hosp,2026-03-07,quantile,0.3,55
2026-02-14,54,3,wk inc flu hosp,2026-03-07,quantile,0.35,61
2026-02-14,54,3,wk inc flu hosp,2026-03-07,quantile,0.4,66
2026-02-14,54,3,wk inc flu hosp,2026-03-07,quantile,0.45,75
2026-02-14,54,3,wk inc flu hosp,2026-03-07,quantile,0.5,82
2026-02-14,54,3,wk inc flu hosp,2026-03-07,quantile,0.55,95
2026-02-14,54,3,wk inc flu hosp,2026-03-07,quantile,0.6,105
2026-02-14,54,3,wk inc flu hosp,2026-03-07,quantile,0.65,118
2026-02-14,54,3,wk inc flu hosp,2026-03-07,quantile,0.7,125
2026-02-14,54,3,wk inc flu hosp,2026-03-07,quantile,0.75,136
2026-02-14,54,3,wk inc flu hosp,2026-03-07,quantile,0.8,143
2026-02-14,54,3,wk inc flu hosp,2026-03-07,quantile,0.85,159
2026-02-14,54,3,wk inc flu hosp,2026-03-07,quantile,0.9,178
2026-02-14,54,3,wk inc flu hosp,2026-03-07,quantile,0.95,224
2026-02-14,54,3,wk inc flu hosp,2026-03-07,quantile,0.975,258
2026-02-14,54,3,wk inc flu hosp,2026-03-07,quantile,0.99,294
2026-02-14,55,0,wk inc flu hosp,2026-02-14,quantile,0.01,85
2026-02-14,55,0,wk inc flu hosp,2026-02-14,quantile,0.025,103
2026-02-14,55,0,wk inc flu hosp,2026-02-14,quantile,0.05,133
2026-02-14,55,0,wk inc flu hosp,2026-02-14,quantile,0.1,152
2026-02-14,55,0,wk inc flu hosp,2026-02-14,quantile,0.15,165
2026-02-14,55,0,wk inc flu hosp,2026-02-14,quantile,0.2,176
2026-02-14,55,0,wk inc flu hosp,2026-02-14,quantile,0.25,183
2026-02-14,55,0,wk inc flu hosp,2026-02-14,quantile,0.3,190
2026-02-14,55,0,wk inc flu hosp,2026-02-14,quantile,0.35,204
2026-02-14,55,0,wk inc flu hosp,2026-02-14,quantile,0.4,214
2026-02-14,55,0,wk inc flu hosp,2026-02-14,quantile,0.45,223
2026-02-14,55,0,wk inc flu hosp,2026-02-14,quantile,0.5,247
2026-02-14,55,0,wk inc flu hosp,2026-02-14,quantile,0.55,255
2026-02-14,55,0,wk inc flu hosp,2026-02-14,quantile,0.6,264
2026-02-14,55,0,wk inc flu hosp,2026-02-14,quantile,0.65,272
2026-02-14,55,0,wk inc flu hosp,2026-02-14,quantile,0.7,282
2026-02-14,55,0,wk inc flu hosp,2026-02-14,quantile,0.75,297
2026-02-14,55,0,wk inc flu hosp,2026-02-14,quantile,0.8,308
2026-02-14,55,0,wk inc flu hosp,2026-02-14,quantile,0.85,325
2026-02-14,55,0,wk inc flu hosp,2026-02-14,quantile,0.9,346
2026-02-14,55,0,wk inc flu hosp,2026-02-14,quantile,0.95,381
2026-02-14,55,0,wk inc flu hosp,2026-02-14,quantile,0.975,421
2026-02-14,55,0,wk inc flu hosp,2026-02-14,quantile,0.99,467
2026-02-14,55,1,wk inc flu hosp,2026-02-21,quantile,0.01,49
2026-02-14,55,1,wk inc flu hosp,2026-02-21,quantile,0.025,71
2026-02-14,55,1,wk inc flu hosp,2026-02-21,quantile,0.05,90
2026-02-14,55,1,wk inc flu hosp,2026-02-21,quantile,0.1,110
2026-02-14,55,1,wk inc flu hosp,2026-02-21,quantile,0.15,127
2026-02-14,55,1,wk inc flu hosp,2026-02-21,quantile,0.2,138
2026-02-14,55,1,wk inc flu hosp,2026-02-21,quantile,0.25,150
2026-02-14,55,1,wk inc flu hosp,2026-02-21,quantile,0.3,160
2026-02-14,55,1,wk inc flu hosp,2026-02-21,quantile,0.35,175
2026-02-14,55,1,wk inc flu hosp,2026-02-21,quantile,0.4,186
2026-02-14,55,1,wk inc flu hosp,2026-02-21,quantile,0.45,204
2026-02-14,55,1,wk inc flu hosp,2026-02-21,quantile,0.5,221
2026-02-14,55,1,wk inc flu hosp,2026-02-21,quantile,0.55,237
2026-02-14,55,1,wk inc flu hosp,2026-02-21,quantile,0.6,252
2026-02-14,55,1,wk inc flu hosp,2026-02-21,quantile,0.65,266
2026-02-14,55,1,wk inc flu hosp,2026-02-21,quantile,0.7,277
2026-02-14,55,1,wk inc flu hosp,2026-02-21,quantile,0.75,288
2026-02-14,55,1,wk inc flu hosp,2026-02-21,quantile,0.8,310
2026-02-14,55,1,wk inc flu hosp,2026-02-21,quantile,0.85,336
2026-02-14,55,1,wk inc flu hosp,2026-02-21,quantile,0.9,368
2026-02-14,55,1,wk inc flu hosp,2026-02-21,quantile,0.95,427
2026-02-14,55,1,wk inc flu hosp,2026-02-21,quantile,0.975,481
2026-02-14,55,1,wk inc flu hosp,2026-02-21,quantile,0.99,530
2026-02-14,55,2,wk inc flu hosp,2026-02-28,quantile,0.01,22
2026-02-14,55,2,wk inc flu hosp,2026-02-28,quantile,0.025,39
2026-02-14,55,2,wk inc flu hosp,2026-02-28,quantile,0.05,58
2026-02-14,55,2,wk inc flu hosp,2026-02-28,quantile,0.1,81
2026-02-14,55,2,wk inc flu hosp,2026-02-28,quantile,0.15,96
2026-02-14,55,2,wk inc flu hosp,2026-02-28,quantile,0.2,105
2026-02-14,55,2,wk inc flu hosp,2026-02-28,quantile,0.25,114
2026-02-14,55,2,wk inc flu hosp,2026-02-28,quantile,0.3,124
2026-02-14,55,2,wk inc flu hosp,2026-02-28,quantile,0.35,135
2026-02-14,55,2,wk inc flu hosp,2026-02-28,quantile,0.4,155
2026-02-14,55,2,wk inc flu hosp,2026-02-28,quantile,0.45,170
2026-02-14,55,2,wk inc flu hosp,2026-02-28,quantile,0.5,186
2026-02-14,55,2,wk inc flu hosp,2026-02-28,quantile,0.55,199
2026-02-14,55,2,wk inc flu hosp,2026-02-28,quantile,0.6,218
2026-02-14,55,2,wk inc flu hosp,2026-02-28,quantile,0.65,237
2026-02-14,55,2,wk inc flu hosp,2026-02-28,quantile,0.7,258
2026-02-14,55,2,wk inc flu hosp,2026-02-28,quantile,0.75,284
2026-02-14,55,2,wk inc flu hosp,2026-02-28,quantile,0.8,311
2026-02-14,55,2,wk inc flu hosp,2026-02-28,quantile,0.85,324
2026-02-14,55,2,wk inc flu hosp,2026-02-28,quantile,0.9,394
2026-02-14,55,2,wk inc flu hosp,2026-02-28,quantile,0.95,456
2026-02-14,55,2,wk inc flu hosp,2026-02-28,quantile,0.975,512
2026-02-14,55,2,wk inc flu hosp,2026-02-28,quantile,0.99,568
2026-02-14,55,3,wk inc flu hosp,2026-03-07,quantile,0.01,12
2026-02-14,55,3,wk inc flu hosp,2026-03-07,quantile,0.025,25
2026-02-14,55,3,wk inc flu hosp,2026-03-07,quantile,0.05,30
2026-02-14,55,3,wk inc flu hosp,2026-03-07,quantile,0.1,59
2026-02-14,55,3,wk inc flu hosp,2026-03-07,quantile,0.15,70
2026-02-14,55,3,wk inc flu hosp,2026-03-07,quantile,0.2,81
2026-02-14,55,3,wk inc flu hosp,2026-03-07,quantile,0.25,92
2026-02-14,55,3,wk inc flu hosp,2026-03-07,quantile,0.3,102
2026-02-14,55,3,wk inc flu hosp,2026-03-07,quantile,0.35,122
2026-02-14,55,3,wk inc flu hosp,2026-03-07,quantile,0.4,134
2026-02-14,55,3,wk inc flu hosp,2026-03-07,quantile,0.45,152
2026-02-14,55,3,wk inc flu hosp,2026-03-07,quantile,0.5,179
2026-02-14,55,3,wk inc flu hosp,2026-03-07,quantile,0.55,192
2026-02-14,55,3,wk inc flu hosp,2026-03-07,quantile,0.6,209
2026-02-14,55,3,wk inc flu hosp,2026-03-07,quantile,0.65,226
2026-02-14,55,3,wk inc flu hosp,2026-03-07,quantile,0.7,246
2026-02-14,55,3,wk inc flu hosp,2026-03-07,quantile,0.75,264
2026-02-14,55,3,wk inc flu hosp,2026-03-07,quantile,0.8,296
2026-02-14,55,3,wk inc flu hosp,2026-03-07,quantile,0.85,330
2026-02-14,55,3,wk inc flu hosp,2026-03-07,quantile,0.9,379
2026-02-14,55,3,wk inc flu hosp,2026-03-07,quantile,0.95,460
2026-02-14,55,3,wk inc flu hosp,2026-03-07,quantile,0.975,499
2026-02-14,55,3,wk inc flu hosp,2026-03-07,quantile,0.99,583
2026-02-14,56,0,wk inc flu hosp,2026-02-14,quantile,0.01,2
2026-02-14,56,0,wk inc flu hosp,2026-02-14,quantile,0.025,4
2026-02-14,56,0,wk inc flu hosp,2026-02-14,quantile,0.05,5
2026-02-14,56,0,wk inc flu hosp,2026-02-14,quantile,0.1,8
2026-02-14,56,0,wk inc flu hosp,2026-02-14,quantile,0.15,10
2026-02-14,56,0,wk inc flu hosp,2026-02-14,quantile,0.2,11
2026-02-14,56,0,wk inc flu hosp,2026-02-14,quantile,0.25,12
2026-02-14,56,0,wk inc flu hosp,2026-02-14,quantile,0.3,13
2026-02-14,56,0,wk inc flu hosp,2026-02-14,quantile,0.35,14
2026-02-14,56,0,wk inc flu hosp,2026-02-14,quantile,0.4,16
2026-02-14,56,0,wk inc flu hosp,2026-02-14,quantile,0.45,17
2026-02-14,56,0,wk inc flu hosp,2026-02-14,quantile,0.5,18
2026-02-14,56,0,wk inc flu hosp,2026-02-14,quantile,0.55,19
2026-02-14,56,0,wk inc flu hosp,2026-02-14,quantile,0.6,20
2026-02-14,56,0,wk inc flu hosp,2026-02-14,quantile,0.65,21
2026-02-14,56,0,wk inc flu hosp,2026-02-14,quantile,0.7,22
2026-02-14,56,0,wk inc flu hosp,2026-02-14,quantile,0.75,24
2026-02-14,56,0,wk inc flu hosp,2026-02-14,quantile,0.8,25
2026-02-14,56,0,wk inc flu hosp,2026-02-14,quantile,0.85,27
2026-02-14,56,0,wk inc flu hosp,2026-02-14,quantile,0.9,30
2026-02-14,56,0,wk inc flu hosp,2026-02-14,quantile,0.95,35
2026-02-14,56,0,wk inc flu hosp,2026-02-14,quantile,0.975,40
2026-02-14,56,0,wk inc flu hosp,2026-02-14,quantile,0.99,44
2026-02-14,56,1,wk inc flu hosp,2026-02-21,quantile,0.01,1
2026-02-14,56,1,wk inc flu hosp,2026-02-21,quantile,0.025,2
2026-02-14,56,1,wk inc flu hosp,2026-02-21,quantile,0.05,3
2026-02-14,56,1,wk inc flu hosp,2026-02-21,quantile,0.1,5
2026-02-14,56,1,wk inc flu hosp,2026-02-21,quantile,0.15,7
2026-02-14,56,1,wk inc flu hosp,2026-02-21,quantile,0.2,9
2026-02-14,56,1,wk inc flu hosp,2026-02-21,quantile,0.25,11
2026-02-14,56,1,wk inc flu hosp,2026-02-21,quantile,0.3,12
2026-02-14,56,1,wk inc flu hosp,2026-02-21,quantile,0.35,13
2026-02-14,56,1,wk inc flu hosp,2026-02-21,quantile,0.4,15
2026-02-14,56,1,wk inc flu hosp,2026-02-21,quantile,0.45,16
2026-02-14,56,1,wk inc flu hosp,2026-02-21,quantile,0.5,17
2026-02-14,56,1,wk inc flu hosp,2026-02-21,quantile,0.55,18
2026-02-14,56,1,wk inc flu hosp,2026-02-21,quantile,0.6,19
2026-02-14,56,1,wk inc flu hosp,2026-02-21,quantile,0.65,20
2026-02-14,56,1,wk inc flu hosp,2026-02-21,quantile,0.7,22
2026-02-14,56,1,wk inc flu hosp,2026-02-21,quantile,0.75,24
2026-02-14,56,1,wk inc flu hosp,2026-02-21,quantile,0.8,26
2026-02-14,56,1,wk inc flu hosp,2026-02-21,quantile,0.85,29
2026-02-14,56,1,wk inc flu hosp,2026-02-21,quantile,0.9,32
2026-02-14,56,1,wk inc flu hosp,2026-02-21,quantile,0.95,40
2026-02-14,56,1,wk inc flu hosp,2026-02-21,quantile,0.975,47
2026-02-14,56,1,wk inc flu hosp,2026-02-21,quantile,0.99,55
2026-02-14,56,2,wk inc flu hosp,2026-02-28,quantile,0.01,0
2026-02-14,56,2,wk inc flu hosp,2026-02-28,quantile,0.025,1
2026-02-14,56,2,wk inc flu hosp,2026-02-28,quantile,0.05,2
2026-02-14,56,2,wk inc flu hosp,2026-02-28,quantile,0.1,4
2026-02-14,56,2,wk inc flu hosp,2026-02-28,quantile,0.15,6
2026-02-14,56,2,wk inc flu hosp,2026-02-28,quantile,0.2,8
2026-02-14,56,2,wk inc flu hosp,2026-02-28,quantile,0.25,9
2026-02-14,56,2,wk inc flu hosp,2026-02-28,quantile,0.3,10
2026-02-14,56,2,wk inc flu hosp,2026-02-28,quantile,0.35,12
2026-02-14,56,2,wk inc flu hosp,2026-02-28,quantile,0.4,13
2026-02-14,56,2,wk inc flu hosp,2026-02-28,quantile,0.45,14
2026-02-14,56,2,wk inc flu hosp,2026-02-28,quantile,0.5,16
2026-02-14,56,2,wk inc flu hosp,2026-02-28,quantile,0.55,17
2026-02-14,56,2,wk inc flu hosp,2026-02-28,quantile,0.6,19
2026-02-14,56,2,wk inc flu hosp,2026-02-28,quantile,0.65,20
2026-02-14,56,2,wk inc flu hosp,2026-02-28,quantile,0.7,21
2026-02-14,56,2,wk inc flu hosp,2026-02-28,quantile,0.75,23
2026-02-14,56,2,wk inc flu hosp,2026-02-28,quantile,0.8,25
2026-02-14,56,2,wk inc flu hosp,2026-02-28,quantile,0.85,31
2026-02-14,56,2,wk inc flu hosp,2026-02-28,quantile,0.9,34
2026-02-14,56,2,wk inc flu hosp,2026-02-28,quantile,0.95,44
2026-02-14,56,2,wk inc flu hosp,2026-02-28,quantile,0.975,51
2026-02-14,56,2,wk inc flu hosp,2026-02-28,quantile,0.99,62
2026-02-14,56,3,wk inc flu hosp,2026-03-07,quantile,0.01,0
2026-02-14,56,3,wk inc flu hosp,2026-03-07,quantile,0.025,1
2026-02-14,56,3,wk inc flu hosp,2026-03-07,quantile,0.05,2
2026-02-14,56,3,wk inc flu hosp,2026-03-07,quantile,0.1,3
2026-02-14,56,3,wk inc flu hosp,2026-03-07,quantile,0.15,5
2026-02-14,56,3,wk inc flu hosp,2026-03-07,quantile,0.2,6
2026-02-14,56,3,wk inc flu hosp,2026-03-07,quantile,0.25,8
2026-02-14,56,3,wk inc flu hosp,2026-03-07,quantile,0.3,9
2026-02-14,56,3,wk inc flu hosp,2026-03-07,quantile,0.35,11
2026-02-14,56,3,wk inc flu hosp,2026-03-07,quantile,0.4,12
2026-02-14,56,3,wk inc flu hosp,2026-03-07,quantile,0.45,14
2026-02-14,56,3,wk inc flu hosp,2026-03-07,quantile,0.5,15
2026-02-14,56,3,wk inc flu hosp,2026-03-07,quantile,0.55,16
2026-02-14,56,3,wk inc flu hosp,2026-03-07,quantile,0.6,18
2026-02-14,56,3,wk inc flu hosp,2026-03-07,quantile,0.65,20
2026-02-14,56,3,wk inc flu hosp,2026-03-07,quantile,0.7,22
2026-02-14,56,3,wk inc flu hosp,2026-03-07,quantile,0.75,25
2026-02-14,56,3,wk inc flu hosp,2026-03-07,quantile,0.8,28
2026-02-14,56,3,wk inc flu hosp,2026-03-07,quantile,0.85,31
2026-02-14,56,3,wk inc flu hosp,2026-03-07,quantile,0.9,35
2026-02-14,56,3,wk inc flu hosp,2026-03-07,quantile,0.95,44
2026-02-14,56,3,wk inc flu hosp,2026-03-07,quantile,0.975,54
2026-02-14,56,3,wk inc flu hosp,2026-03-07,quantile,0.99,68
2026-02-14,72,0,wk inc flu hosp,2026-02-14,quantile,0.01,53
2026-02-14,72,0,wk inc flu hosp,2026-02-14,quantile,0.025,65
2026-02-14,72,0,wk inc flu hosp,2026-02-14,quantile,0.05,77
2026-02-14,72,0,wk inc flu hosp,2026-02-14,quantile,0.1,93
2026-02-14,72,0,wk inc flu hosp,2026-02-14,quantile,0.15,103
2026-02-14,72,0,wk inc flu hosp,2026-02-14,quantile,0.2,109
2026-02-14,72,0,wk inc flu hosp,2026-02-14,quantile,0.25,115
2026-02-14,72,0,wk inc flu hosp,2026-02-14,quantile,0.3,122
2026-02-14,72,0,wk inc flu hosp,2026-02-14,quantile,0.35,127
2026-02-14,72,0,wk inc flu hosp,2026-02-14,quantile,0.4,132
2026-02-14,72,0,wk inc flu hosp,2026-02-14,quantile,0.45,138
2026-02-14,72,0,wk inc flu hosp,2026-02-14,quantile,0.5,144
2026-02-14,72,0,wk inc flu hosp,2026-02-14,quantile,0.55,152
2026-02-14,72,0,wk inc flu hosp,2026-02-14,quantile,0.6,159
2026-02-14,72,0,wk inc flu hosp,2026-02-14,quantile,0.65,166
2026-02-14,72,0,wk inc flu hosp,2026-02-14,quantile,0.7,173
2026-02-14,72,0,wk inc flu hosp,2026-02-14,quantile,0.75,182
2026-02-14,72,0,wk inc flu hosp,2026-02-14,quantile,0.8,191
2026-02-14,72,0,wk inc flu hosp,2026-02-14,quantile,0.85,202
2026-02-14,72,0,wk inc flu hosp,2026-02-14,quantile,0.9,214
2026-02-14,72,0,wk inc flu hosp,2026-02-14,quantile,0.95,238
2026-02-14,72,0,wk inc flu hosp,2026-02-14,quantile,0.975,261
2026-02-14,72,0,wk inc flu hosp,2026-02-14,quantile,0.99,294
2026-02-14,72,1,wk inc flu hosp,2026-02-21,quantile,0.01,42
2026-02-14,72,1,wk inc flu hosp,2026-02-21,quantile,0.025,52
2026-02-14,72,1,wk inc flu hosp,2026-02-21,quantile,0.05,62
2026-02-14,72,1,wk inc flu hosp,2026-02-21,quantile,0.1,72
2026-02-14,72,1,wk inc flu hosp,2026-02-21,quantile,0.15,83
2026-02-14,72,1,wk inc flu hosp,2026-02-21,quantile,0.2,91
2026-02-14,72,1,wk inc flu hosp,2026-02-21,quantile,0.25,98
2026-02-14,72,1,wk inc flu hosp,2026-02-21,quantile,0.3,106
2026-02-14,72,1,wk inc flu hosp,2026-02-21,quantile,0.35,112
2026-02-14,72,1,wk inc flu hosp,2026-02-21,quantile,0.4,118
2026-02-14,72,1,wk inc flu hosp,2026-02-21,quantile,0.45,125
2026-02-14,72,1,wk inc flu hosp,2026-02-21,quantile,0.5,134
2026-02-14,72,1,wk inc flu hosp,2026-02-21,quantile,0.55,143
2026-02-14,72,1,wk inc flu hosp,2026-02-21,quantile,0.6,150
2026-02-14,72,1,wk inc flu hosp,2026-02-21,quantile,0.65,157
2026-02-14,72,1,wk inc flu hosp,2026-02-21,quantile,0.7,164
2026-02-14,72,1,wk inc flu hosp,2026-02-21,quantile,0.75,173
2026-02-14,72,1,wk inc flu hosp,2026-02-21,quantile,0.8,184
2026-02-14,72,1,wk inc flu hosp,2026-02-21,quantile,0.85,201
2026-02-14,72,1,wk inc flu hosp,2026-02-21,quantile,0.9,219
2026-02-14,72,1,wk inc flu hosp,2026-02-21,quantile,0.95,253
2026-02-14,72,1,wk inc flu hosp,2026-02-21,quantile,0.975,281
2026-02-14,72,1,wk inc flu hosp,2026-02-21,quantile,0.99,323
2026-02-14,72,2,wk inc flu hosp,2026-02-28,quantile,0.01,31
2026-02-14,72,2,wk inc flu hosp,2026-02-28,quantile,0.025,39
2026-02-14,72,2,wk inc flu hosp,2026-02-28,quantile,0.05,48
2026-02-14,72,2,wk inc flu hosp,2026-02-28,quantile,0.1,61
2026-02-14,72,2,wk inc flu hosp,2026-02-28,quantile,0.15,68
2026-02-14,72,2,wk inc flu hosp,2026-02-28,quantile,0.2,80
2026-02-14,72,2,wk inc flu hosp,2026-02-28,quantile,0.25,88
2026-02-14,72,2,wk inc flu hosp,2026-02-28,quantile,0.3,95
2026-02-14,72,2,wk inc flu hosp,2026-02-28,quantile,0.35,101
2026-02-14,72,2,wk inc flu hosp,2026-02-28,quantile,0.4,108
2026-02-14,72,2,wk inc flu hosp,2026-02-28,quantile,0.45,114
2026-02-14,72,2,wk inc flu hosp,2026-02-28,quantile,0.5,123
2026-02-14,72,2,wk inc flu hosp,2026-02-28,quantile,0.55,134
2026-02-14,72,2,wk inc flu hosp,2026-02-28,quantile,0.6,144
2026-02-14,72,2,wk inc flu hosp,2026-02-28,quantile,0.65,154
2026-02-14,72,2,wk inc flu hosp,2026-02-28,quantile,0.7,165
2026-02-14,72,2,wk inc flu hosp,2026-02-28,quantile,0.75,175
2026-02-14,72,2,wk inc flu hosp,2026-02-28,quantile,0.8,187
2026-02-14,72,2,wk inc flu hosp,2026-02-28,quantile,0.85,203
2026-02-14,72,2,wk inc flu hosp,2026-02-28,quantile,0.9,227
2026-02-14,72,2,wk inc flu hosp,2026-02-28,quantile,0.95,259
2026-02-14,72,2,wk inc flu hosp,2026-02-28,quantile,0.975,291
2026-02-14,72,2,wk inc flu hosp,2026-02-28,quantile,0.99,347
2026-02-14,72,3,wk inc flu hosp,2026-03-07,quantile,0.01,20
2026-02-14,72,3,wk inc flu hosp,2026-03-07,quantile,0.025,29
2026-02-14,72,3,wk inc flu hosp,2026-03-07,quantile,0.05,38
2026-02-14,72,3,wk inc flu hosp,2026-03-07,quantile,0.1,51
2026-02-14,72,3,wk inc flu hosp,2026-03-07,quantile,0.15,59
2026-02-14,72,3,wk inc flu hosp,2026-03-07,quantile,0.2,68
2026-02-14,72,3,wk inc flu hosp,2026-03-07,quantile,0.25,78
2026-02-14,72,3,wk inc flu hosp,2026-03-07,quantile,0.3,88
2026-02-14,72,3,wk inc flu hosp,2026-03-07,quantile,0.35,95
2026-02-14,72,3,wk inc flu hosp,2026-03-07,quantile,0.4,103
2026-02-14,72,3,wk inc flu hosp,2026-03-07,quantile,0.45,109
2026-02-14,72,3,wk inc flu hosp,2026-03-07,quantile,0.5,118
2026-02-14,72,3,wk inc flu hosp,2026-03-07,quantile,0.55,126
2026-02-14,72,3,wk inc flu hosp,2026-03-07,quantile,0.6,136
2026-02-14,72,3,wk inc flu hosp,2026-03-07,quantile,0.65,147
2026-02-14,72,3,wk inc flu hosp,2026-03-07,quantile,0.7,158
2026-02-14,72,3,wk inc flu hosp,2026-03-07,quantile,0.75,173
2026-02-14,72,3,wk inc flu hosp,2026-03-07,quantile,0.8,188
2026-02-14,72,3,wk inc flu hosp,2026-03-07,quantile,0.85,206
2026-02-14,72,3,wk inc flu hosp,2026-03-07,quantile,0.9,230
2026-02-14,72,3,wk inc flu hosp,2026-03-07,quantile,0.95,276
2026-02-14,72,3,wk inc flu hosp,2026-03-07,quantile,0.975,314
2026-02-14,72,3,wk inc flu hosp,2026-03-07,quantile,0.99,386
2026-02-14,US,0,wk inc flu hosp,2026-02-14,quantile,0.01,7125
2026-02-14,US,0,wk inc flu hosp,2026-02-14,quantile,0.025,8361
2026-02-14,US,0,wk inc flu hosp,2026-02-14,quantile,0.05,9079
2026-02-14,US,0,wk inc flu hosp,2026-02-14,quantile,0.1,9944
2026-02-14,US,0,wk inc flu hosp,2026-02-14,quantile,0.15,10604
2026-02-14,US,0,wk inc flu hosp,2026-02-14,quantile,0.2,11104
2026-02-14,US,0,wk inc flu hosp,2026-02-14,quantile,0.25,11541
2026-02-14,US,0,wk inc flu hosp,2026-02-14,quantile,0.3,11844
2026-02-14,US,0,wk inc flu hosp,2026-02-14,quantile,0.35,12363
2026-02-14,US,0,wk inc flu hosp,2026-02-14,quantile,0.4,12750
2026-02-14,US,0,wk inc flu hosp,2026-02-14,quantile,0.45,13167
2026-02-14,US,0,wk inc flu hosp,2026-02-14,quantile,0.5,13768
2026-02-14,US,0,wk inc flu hosp,2026-02-14,quantile,0.55,14163
2026-02-14,US,0,wk inc flu hosp,2026-02-14,quantile,0.6,14570
2026-02-14,US,0,wk inc flu hosp,2026-02-14,quantile,0.65,14936
2026-02-14,US,0,wk inc flu hosp,2026-02-14,quantile,0.7,15414
2026-02-14,US,0,wk inc flu hosp,2026-02-14,quantile,0.75,15957
2026-02-14,US,0,wk inc flu hosp,2026-02-14,quantile,0.8,16506
2026-02-14,US,0,wk inc flu hosp,2026-02-14,quantile,0.85,17038
2026-02-14,US,0,wk inc flu hosp,2026-02-14,quantile,0.9,17639
2026-02-14,US,0,wk inc flu hosp,2026-02-14,quantile,0.95,19035
2026-02-14,US,0,wk inc flu hosp,2026-02-14,quantile,0.975,19908
2026-02-14,US,0,wk inc flu hosp,2026-02-14,quantile,0.99,21728
2026-02-14,US,1,wk inc flu hosp,2026-02-21,quantile,0.01,4628
2026-02-14,US,1,wk inc flu hosp,2026-02-21,quantile,0.025,5644
2026-02-14,US,1,wk inc flu hosp,2026-02-21,quantile,0.05,6908
2026-02-14,US,1,wk inc flu hosp,2026-02-21,quantile,0.1,7615
2026-02-14,US,1,wk inc flu hosp,2026-02-21,quantile,0.15,8327
2026-02-14,US,1,wk inc flu hosp,2026-02-21,quantile,0.2,8927
2026-02-14,US,1,wk inc flu hosp,2026-02-21,quantile,0.25,9648
2026-02-14,US,1,wk inc flu hosp,2026-02-21,quantile,0.3,10293
2026-02-14,US,1,wk inc flu hosp,2026-02-21,quantile,0.35,10674
2026-02-14,US,1,wk inc flu hosp,2026-02-21,quantile,0.4,11153
2026-02-14,US,1,wk inc flu hosp,2026-02-21,quantile,0.45,11566
2026-02-14,US,1,wk inc flu hosp,2026-02-21,quantile,0.5,12161
2026-02-14,US,1,wk inc flu hosp,2026-02-21,quantile,0.55,12980
2026-02-14,US,1,wk inc flu hosp,2026-02-21,quantile,0.6,13542
2026-02-14,US,1,wk inc flu hosp,2026-02-21,quantile,0.65,14122
2026-02-14,US,1,wk inc flu hosp,2026-02-21,quantile,0.7,14590
2026-02-14,US,1,wk inc flu hosp,2026-02-21,quantile,0.75,15334
2026-02-14,US,1,wk inc flu hosp,2026-02-21,quantile,0.8,16253
2026-02-14,US,1,wk inc flu hosp,2026-02-21,quantile,0.85,17405
2026-02-14,US,1,wk inc flu hosp,2026-02-21,quantile,0.9,18879
2026-02-14,US,1,wk inc flu hosp,2026-02-21,quantile,0.95,21211
2026-02-14,US,1,wk inc flu hosp,2026-02-21,quantile,0.975,23231
2026-02-14,US,1,wk inc flu hosp,2026-02-21,quantile,0.99,25620
2026-02-14,US,2,wk inc flu hosp,2026-02-28,quantile,0.01,3513
2026-02-14,US,2,wk inc flu hosp,2026-02-28,quantile,0.025,4124
2026-02-14,US,2,wk inc flu hosp,2026-02-28,quantile,0.05,5049
2026-02-14,US,2,wk inc flu hosp,2026-02-28,quantile,0.1,6095
2026-02-14,US,2,wk inc flu hosp,2026-02-28,quantile,0.15,6727
2026-02-14,US,2,wk inc flu hosp,2026-02-28,quantile,0.2,7309
2026-02-14,US,2,wk inc flu hosp,2026-02-28,quantile,0.25,7958
2026-02-14,US,2,wk inc flu hosp,2026-02-28,quantile,0.3,8723
2026-02-14,US,2,wk inc flu hosp,2026-02-28,quantile,0.35,9227
2026-02-14,US,2,wk inc flu hosp,2026-02-28,quantile,0.4,9740
2026-02-14,US,2,wk inc flu hosp,2026-02-28,quantile,0.45,10297
2026-02-14,US,2,wk inc flu hosp,2026-02-28,quantile,0.5,10814
2026-02-14,US,2,wk inc flu hosp,2026-02-28,quantile,0.55,11640
2026-02-14,US,2,wk inc flu hosp,2026-02-28,quantile,0.6,12300
2026-02-14,US,2,wk inc flu hosp,2026-02-28,quantile,0.65,12966
2026-02-14,US,2,wk inc flu hosp,2026-02-28,quantile,0.7,13662
2026-02-14,US,2,wk inc flu hosp,2026-02-28,quantile,0.75,14648
2026-02-14,US,2,wk inc flu hosp,2026-02-28,quantile,0.8,15723
2026-02-14,US,2,wk inc flu hosp,2026-02-28,quantile,0.85,16999
2026-02-14,US,2,wk inc flu hosp,2026-02-28,quantile,0.9,18633
2026-02-14,US,2,wk inc flu hosp,2026-02-28,quantile,0.95,21523
2026-02-14,US,2,wk inc flu hosp,2026-02-28,quantile,0.975,24047
2026-02-14,US,2,wk inc flu hosp,2026-02-28,quantile,0.99,26591
2026-02-14,US,3,wk inc flu hosp,2026-03-07,quantile,0.01,2487
2026-02-14,US,3,wk inc flu hosp,2026-03-07,quantile,0.025,3020
2026-02-14,US,3,wk inc flu hosp,2026-03-07,quantile,0.05,3877
2026-02-14,US,3,wk inc flu hosp,2026-03-07,quantile,0.1,4967
2026-02-14,US,3,wk inc flu hosp,2026-03-07,quantile,0.15,5588
2026-02-14,US,3,wk inc flu hosp,2026-03-07,quantile,0.2,6204
2026-02-14,US,3,wk inc flu hosp,2026-03-07,quantile,0.25,6749
2026-02-14,US,3,wk inc flu hosp,2026-03-07,quantile,0.3,7438
2026-02-14,US,3,wk inc flu hosp,2026-03-07,quantile,0.35,8007
2026-02-14,US,3,wk inc flu hosp,2026-03-07,quantile,0.4,8546
2026-02-14,US,3,wk inc flu hosp,2026-03-07,quantile,0.45,9023
2026-02-14,US,3,wk inc flu hosp,2026-03-07,quantile,0.5,9558
2026-02-14,US,3,wk inc flu hosp,2026-03-07,quantile,0.55,10291
2026-02-14,US,3,wk inc flu hosp,2026-03-07,quantile,0.6,11021
2026-02-14,US,3,wk inc flu hosp,2026-03-07,quantile,0.65,11511
2026-02-14,US,3,wk inc flu hosp,2026-03-07,quantile,0.7,12466
2026-02-14,US,3,wk inc flu hosp,2026-03-07,quantile,0.75,13276
2026-02-14,US,3,wk inc flu hosp,2026-03-07,quantile,0.8,14543
2026-02-14,US,3,wk inc flu hosp,2026-03-07,quantile,0.85,15511
2026-02-14,US,3,wk inc flu hosp,2026-03-07,quantile,0.9,17601
2026-02-14,US,3,wk inc flu hosp,2026-03-07,quantile,0.95,20657
2026-02-14,US,3,wk inc flu hosp,2026-03-07,quantile,0.975,23987
2026-02-14,US,3,wk inc flu hosp,2026-03-07,quantile,0.99,27127
