reference_date,location,horizon,target,target_end_date,output_type,output_type_id,value
2026-04-25,01,0,wk inc flu hosp,2026-04-25,quantile,0.01,1
2026-04-25,01,0,wk inc flu hosp,2026-04-25,quantile,0.025,2
2026-04-25,01,0,wk inc flu hosp,2026-04-25,quantile,0.05,4
2026-04-25,01,0,wk inc flu hosp,2026-04-25,quantile,0.1,7
2026-04-25,01,0,wk inc flu hosp,2026-04-25,quantile,0.15,9
2026-04-25,01,0,wk inc flu hosp,2026-04-25,quantile,0.2,11
2026-04-25,01,0,wk inc flu hosp,2026-04-25,quantile,0.25,13
2026-04-25,01,0,wk inc flu hosp,2026-04-25,quantile,0.3,14
2026-04-25,01,0,wk inc flu hosp,2026-04-25,quantile,0.35,16
2026-04-25,01,0,wk inc flu hosp,2026-04-25,quantile,0.4,17
2026-04-25,01,0,wk inc flu hosp,2026-04-25,quantile,0.45,18
2026-04-25,01,0,wk inc flu hosp,2026-04-25,quantile,0.5,20
2026-04-25,01,0,wk inc flu hosp,2026-04-25,quantile,0.55,21
2026-04-25,01,0,wk inc flu hosp,2026-04-25,quantile,0.6,23
2026-04-25,01,0,wk inc flu hosp,2026-04-25,quantile,0.65,24
2026-04-25,01,0,wk inc flu hosp,2026-04-25,quantile,0.7,26
2026-04-25,01,0,wk inc flu hosp,2026-04-25,quantile,0.75,29
2026-04-25,01,0,wk inc flu hosp,2026-04-25,quantile,0.8,31
2026-04-25,01,0,wk inc flu hosp,2026-04-25,quantile,0.85,33
2026-04-25,01,0,wk inc flu hosp,2026-04-25,quantile,0.9,37
2026-04-25,01,0,wk inc flu hosp,2026-04-25,quantile,0.95,44
2026-04-25,01,0,wk inc flu hosp,2026-04-25,quantile,0.975,50
2026-04-25,01,0,wk inc flu hosp,2026-04-25,quantile,0.99,61
2026-04-25,01,1,wk inc flu hosp,2026-05-02,quantile,0.01,0
2026-04-25,01,1,wk inc flu hosp,2026-05-02,quantile,0.025,1
2026-04-25,01,1,wk inc flu hosp,2026-05-02,quantile,0.05,2
2026-04-25,01,1,wk inc flu hosp,2026-05-02,quantile,0.1,4
2026-04-25,01,1,wk inc flu hosp,2026-05-02,quantile,0.15,6
2026-04-25,01,1,wk inc flu hosp,2026-05-02,quantile,0.2,7
2026-04-25,01,1,wk inc flu hosp,2026-05-02,quantile,0.25,9
2026-04-25,01,1,wk inc flu hosp,2026-05-02,quantile,0.3,10
2026-04-25,01,1,wk inc flu hosp,2026-05-02,quantile,0.35,12
2026-04-25,01,1,wk inc flu hosp,2026-05-02,quantile,0.4,14
2026-04-25,01,1,wk inc flu hosp,2026-05-02,quantile,0.45,15
2026-04-25,01,1,wk inc flu hosp,2026-05-02,quantile,0.5,17
2026-04-25,01,1,wk inc flu hosp,2026-05-02,quantile,0.55,19
2026-04-25,01,1,wk inc flu hosp,2026-05-02,quantile,0.6,20
2026-04-25,01,1,wk inc flu hosp,2026-05-02,quantile,0.65,23
2026-04-25,01,1,wk inc flu hosp,2026-05-02,quantile,0.7,24
2026-04-25,01,1,wk inc flu hosp,2026-05-02,quantile,0.75,26
2026-04-25,01,1,wk inc flu hosp,2026-05-02,quantile,0.8,29
2026-04-25,01,1,wk inc flu hosp,2026-05-02,quantile,0.85,32
2026-04-25,01,1,wk inc flu hosp,2026-05-02,quantile,0.9,36
2026-04-25,01,1,wk inc flu hosp,2026-05-02,quantile,0.95,44
2026-04-25,01,1,wk inc flu hosp,2026-05-02,quantile,0.975,52
2026-04-25,01,1,wk inc flu hosp,2026-05-02,quantile,0.99,60
2026-04-25,01,2,wk inc flu hosp,2026-05-09,quantile,0.01,0
2026-04-25,01,2,wk inc flu hosp,2026-05-09,quantile,0.025,0
2026-04-25,01,2,wk inc flu hosp,2026-05-09,quantile,0.05,0
2026-04-25,01,2,wk inc flu hosp,2026-05-09,quantile,0.1,2
2026-04-25,01,2,wk inc flu hosp,2026-05-09,quantile,0.15,3
2026-04-25,01,2,wk inc flu hosp,2026-05-09,quantile,0.2,5
2026-04-25,01,2,wk inc flu hosp,2026-05-09,quantile,0.25,7
2026-04-25,01,2,wk inc flu hosp,2026-05-09,quantile,0.3,8
2026-04-25,01,2,wk inc flu hosp,2026-05-09,quantile,0.35,10
2026-04-25,01,2,wk inc flu hosp,2026-05-09,quantile,0.4,12
2026-04-25,01,2,wk inc flu hosp,2026-05-09,quantile,0.45,13
2026-04-25,01,2,wk inc flu hosp,2026-05-09,quantile,0.5,16
2026-04-25,01,2,wk inc flu hosp,2026-05-09,quantile,0.55,18
2026-04-25,01,2,wk inc flu hosp,2026-05-09,quantile,0.6,19
2026-04-25,01,2,wk inc flu hosp,2026-05-09,quantile,0.65,21
2026-04-25,01,2,wk inc flu hosp,2026-05-09,quantile,0.7,22
2026-04-25,01,2,wk inc flu hosp,2026-05-09,quantile,0.75,25
2026-04-25,01,2,wk inc flu hosp,2026-05-09,quantile,0.8,28
2026-04-25,01,2,wk inc flu hosp,2026-05-09,quantile,0.85,33
2026-04-25,01,2,wk inc flu hosp,2026-05-09,quantile,0.9,38
2026-04-25,01,2,wk inc flu hosp,2026-05-09,quantile,0.95,44
2026-04-25,01,2,wk inc flu hosp,2026-05-09,quantile,0.975,53
2026-04-25,01,2,wk inc flu hosp,2026-05-09,quantile,0.99,63
2026-04-25,01,3,wk inc flu hosp,2026-05-16,quantile,0.01,0
2026-04-25,01,3,wk inc flu hosp,2026-05-16,quantile,0.025,0
2026-04-25,01,3,wk inc flu hosp,2026-05-16,quantile,0.05,0
2026-04-25,01,3,wk inc flu hosp,2026-05-16,quantile,0.1,1
2026-04-25,01,3,wk inc flu hosp,2026-05-16,quantile,0.15,3
2026-04-25,01,3,wk inc flu hosp,2026-05-16,quantile,0.2,5
2026-04-25,01,3,wk inc flu hosp,2026-05-16,quantile,0.25,7
2026-04-25,01,3,wk inc flu hosp,2026-05-16,quantile,0.3,8
2026-04-25,01,3,wk inc flu hosp,2026-05-16,quantile,0.35,9
2026-04-25,01,3,wk inc flu hosp,2026-05-16,quantile,0.4,11
2026-04-25,01,3,wk inc flu hosp,2026-05-16,quantile,0.45,12
2026-04-25,01,3,wk inc flu hosp,2026-05-16,quantile,0.5,14
2026-04-25,01,3,wk inc flu hosp,2026-05-16,quantile,0.55,16
2026-04-25,01,3,wk inc flu hosp,2026-05-16,quantile,0.6,18
2026-04-25,01,3,wk inc flu hosp,2026-05-16,quantile,0.65,19
2026-04-25,01,3,wk inc flu hosp,2026-05-16,quantile,0.7,22
2026-04-25,01,3,wk inc flu hosp,2026-05-16,quantile,0.75,24
2026-04-25,01,3,wk inc flu hosp,2026-05-16,quantile,0.8,28
2026-04-25,01,3,wk inc flu hosp,2026-05-16,quantile,0.85,33
2026-04-25,01,3,wk inc flu hosp,2026-05-16,quantile,0.9,37
2026-04-25,01,3,wk inc flu hosp,2026-05-16,quantile,0.95,43
2026-04-25,01,3,wk inc flu hosp,2026-05-16,quantile,0.975,52
2026-04-25,01,3,wk inc flu hosp,2026-05-16,quantile,0.99,69
2026-04-25,02,0,wk inc flu hosp,2026-04-25,quantile,0.01,0
2026-04-25,02,0,wk inc flu hosp,2026-04-25,quantile,0.025,0
2026-04-25,02,0,wk inc flu hosp,2026-04-25,quantile,0.05,0
2026-04-25,02,0,wk inc flu hosp,2026-04-25,quantile,0.1,0
2026-04-25,02,0,wk inc flu hosp,2026-04-25,quantile,0.15,0
2026-04-25,02,0,wk inc flu hosp,2026-04-25,quantile,0.2,0
2026-04-25,02,0,wk inc flu hosp,2026-04-25,quantile,0.25,1
2026-04-25,02,0,wk inc flu hosp,2026-04-25,quantile,0.3,1
2026-04-25,02,0,wk inc flu hosp,2026-04-25,quantile,0.35,1
2026-04-25,02,0,wk inc flu hosp,2026-04-25,quantile,0.4,1
2026-04-25,02,0,wk inc flu hosp,2026-04-25,quantile,0.45,2
2026-04-25,02,0,wk inc flu hosp,2026-04-25,quantile,0.5,2
2026-04-25,02,0,wk inc flu hosp,2026-04-25,quantile,0.55,2
2026-04-25,02,0,wk inc flu hosp,2026-04-25,quantile,0.6,3
2026-04-25,02,0,wk inc flu hosp,2026-04-25,quantile,0.65,3
2026-04-25,02,0,wk inc flu hosp,2026-04-25,quantile,0.7,4
2026-04-25,02,0,wk inc flu hosp,2026-04-25,quantile,0.75,4
2026-04-25,02,0,wk inc flu hosp,2026-04-25,quantile,0.8,5
2026-04-25,02,0,wk inc flu hosp,2026-04-25,quantile,0.85,5
2026-04-25,02,0,wk inc flu hosp,2026-04-25,quantile,0.9,6
2026-04-25,02,0,wk inc flu hosp,2026-04-25,quantile,0.95,8
2026-04-25,02,0,wk inc flu hosp,2026-04-25,quantile,0.975,10
2026-04-25,02,0,wk inc flu hosp,2026-04-25,quantile,0.99,12
2026-04-25,02,1,wk inc flu hosp,2026-05-02,quantile,0.01,0
2026-04-25,02,1,wk inc flu hosp,2026-05-02,quantile,0.025,0
2026-04-25,02,1,wk inc flu hosp,2026-05-02,quantile,0.05,0
2026-04-25,02,1,wk inc flu hosp,2026-05-02,quantile,0.1,0
2026-04-25,02,1,wk inc flu hosp,2026-05-02,quantile,0.15,0
2026-04-25,02,1,wk inc flu hosp,2026-05-02,quantile,0.2,0
2026-04-25,02,1,wk inc flu hosp,2026-05-02,quantile,0.25,0
2026-04-25,02,1,wk inc flu hosp,2026-05-02,quantile,0.3,0
2026-04-25,02,1,wk inc flu hosp,2026-05-02,quantile,0.35,1
2026-04-25,02,1,wk inc flu hosp,2026-05-02,quantile,0.4,1
2026-04-25,02,1,wk inc flu hosp,2026-05-02,quantile,0.45,1
2026-04-25,02,1,wk inc flu hosp,2026-05-02,quantile,0.5,2
2026-04-25,02,1,wk inc flu hosp,2026-05-02,quantile,0.55,2
2026-04-25,02,1,wk inc flu hosp,2026-05-02,quantile,0.6,3
2026-04-25,02,1,wk inc flu hosp,2026-05-02,quantile,0.65,3
2026-04-25,02,1,wk inc flu hosp,2026-05-02,quantile,0.7,3
2026-04-25,02,1,wk inc flu hosp,2026-05-02,quantile,0.75,4
2026-04-25,02,1,wk inc flu hosp,2026-05-02,quantile,0.8,5
2026-04-25,02,1,wk inc flu hosp,2026-05-02,quantile,0.85,6
2026-04-25,02,1,wk inc flu hosp,2026-05-02,quantile,0.9,7
2026-04-25,02,1,wk inc flu hosp,2026-05-02,quantile,0.95,8
2026-04-25,02,1,wk inc flu hosp,2026-05-02,quantile,0.975,11
2026-04-25,02,1,wk inc flu hosp,2026-05-02,quantile,0.99,14
2026-04-25,02,2,wk inc flu hosp,2026-05-09,quantile,0.01,0
2026-04-25,02,2,wk inc flu hosp,2026-05-09,quantile,0.025,0
2026-04-25,02,2,wk inc flu hosp,2026-05-09,quantile,0.05,0
2026-04-25,02,2,wk inc flu hosp,2026-05-09,quantile,0.1,0
2026-04-25,02,2,wk inc flu hosp,2026-05-09,quantile,0.15,0
2026-04-25,02,2,wk inc flu hosp,2026-05-09,quantile,0.2,0
2026-04-25,02,2,wk inc flu hosp,2026-05-09,quantile,0.25,0
2026-04-25,02,2,wk inc flu hosp,2026-05-09,quantile,0.3,0
2026-04-25,02,2,wk inc flu hosp,2026-05-09,quantile,0.35,0
2026-04-25,02,2,wk inc flu hosp,2026-05-09,quantile,0.4,1
2026-04-25,02,2,wk inc flu hosp,2026-05-09,quantile,0.45,1
2026-04-25,02,2,wk inc flu hosp,2026-05-09,quantile,0.5,2
2026-04-25,02,2,wk inc flu hosp,2026-05-09,quantile,0.55,2
2026-04-25,02,2,wk inc flu hosp,2026-05-09,quantile,0.6,2
2026-04-25,02,2,wk inc flu hosp,2026-05-09,quantile,0.65,3
2026-04-25,02,2,wk inc flu hosp,2026-05-09,quantile,0.7,3
2026-04-25,02,2,wk inc flu hosp,2026-05-09,quantile,0.75,4
2026-04-25,02,2,wk inc flu hosp,2026-05-09,quantile,0.8,4
2026-04-25,02,2,wk inc flu hosp,2026-05-09,quantile,0.85,5
2026-04-25,02,2,wk inc flu hosp,2026-05-09,quantile,0.9,7
2026-04-25,02,2,wk inc flu hosp,2026-05-09,quantile,0.95,8
2026-04-25,02,2,wk inc flu hosp,2026-05-09,quantile,0.975,10
2026-04-25,02,2,wk inc flu hosp,2026-05-09,quantile,0.99,15
2026-04-25,02,3,wk inc flu hosp,2026-05-16,quantile,0.01,0
2026-04-25,02,3,wk inc flu hosp,2026-05-16,quantile,0.025,0
2026-04-25,02,3,wk inc flu hosp,2026-05-16,quantile,0.05,0
2026-04-25,02,3,wk inc flu hosp,2026-05-16,quantile,0.1,0
2026-04-25,02,3,wk inc flu hosp,2026-05-16,quantile,0.15,0
2026-04-25,02,3,wk inc flu hosp,2026-05-16,quantile,0.2,0
2026-04-25,02,3,wk inc flu hosp,2026-05-16,quantile,0.25,0
2026-04-25,02,3,wk inc flu hosp,2026-05-16,quantile,0.3,0
2026-04-25,02,3,wk inc flu hosp,2026-05-16,quantile,0.35,0
2026-04-25,02,3,wk inc flu hosp,2026-05-16,quantile,0.4,0
2026-04-25,02,3,wk inc flu hosp,2026-05-16,quantile,0.45,1
2026-04-25,02,3,wk inc flu hosp,2026-05-16,quantile,0.5,2
2026-04-25,02,3,wk inc flu hosp,2026-05-16,quantile,0.55,2
2026-04-25,02,3,wk inc flu hosp,2026-05-16,quantile,0.6,2
2026-04-25,02,3,wk inc flu hosp,2026-05-16,quantile,0.65,3
2026-04-25,02,3,wk inc flu hosp,2026-05-16,quantile,0.7,3
2026-04-25,02,3,wk inc flu hosp,2026-05-16,quantile,0.75,4
2026-04-25,02,3,wk inc flu hosp,2026-05-16,quantile,0.8,4
2026-04-25,02,3,wk inc flu hosp,2026-05-16,quantile,0.85,5
2026-04-25,02,3,wk inc flu hosp,2026-05-16,quantile,0.9,6
2026-04-25,02,3,wk inc flu hosp,2026-05-16,quantile,0.95,8
2026-04-25,02,3,wk inc flu hosp,2026-05-16,quantile,0.975,9
2026-04-25,02,3,wk inc flu hosp,2026-05-16,quantile,0.99,14
2026-04-25,04,0,wk inc flu hosp,2026-04-25,quantile,0.01,14
2026-04-25,04,0,wk inc flu hosp,2026-04-25,quantile,0.025,18
2026-04-25,04,0,wk inc flu hosp,2026-04-25,quantile,0.05,23
2026-04-25,04,0,wk inc flu hosp,2026-04-25,quantile,0.1,29
2026-04-25,04,0,wk inc flu hosp,2026-04-25,quantile,0.15,33
2026-04-25,04,0,wk inc flu hosp,2026-04-25,quantile,0.2,36
2026-04-25,04,0,wk inc flu hosp,2026-04-25,quantile,0.25,39
2026-04-25,04,0,wk inc flu hosp,2026-04-25,quantile,0.3,41
2026-04-25,04,0,wk inc flu hosp,2026-04-25,quantile,0.35,44
2026-04-25,04,0,wk inc flu hosp,2026-04-25,quantile,0.4,46
2026-04-25,04,0,wk inc flu hosp,2026-04-25,quantile,0.45,48
2026-04-25,04,0,wk inc flu hosp,2026-04-25,quantile,0.5,52
2026-04-25,04,0,wk inc flu hosp,2026-04-25,quantile,0.55,55
2026-04-25,04,0,wk inc flu hosp,2026-04-25,quantile,0.6,58
2026-04-25,04,0,wk inc flu hosp,2026-04-25,quantile,0.65,62
2026-04-25,04,0,wk inc flu hosp,2026-04-25,quantile,0.7,66
2026-04-25,04,0,wk inc flu hosp,2026-04-25,quantile,0.75,71
2026-04-25,04,0,wk inc flu hosp,2026-04-25,quantile,0.8,76
2026-04-25,04,0,wk inc flu hosp,2026-04-25,quantile,0.85,81
2026-04-25,04,0,wk inc flu hosp,2026-04-25,quantile,0.9,91
2026-04-25,04,0,wk inc flu hosp,2026-04-25,quantile,0.95,103
2026-04-25,04,0,wk inc flu hosp,2026-04-25,quantile,0.975,116
2026-04-25,04,0,wk inc flu hosp,2026-04-25,quantile,0.99,137
2026-04-25,04,1,wk inc flu hosp,2026-05-02,quantile,0.01,6
2026-04-25,04,1,wk inc flu hosp,2026-05-02,quantile,0.025,9
2026-04-25,04,1,wk inc flu hosp,2026-05-02,quantile,0.05,11
2026-04-25,04,1,wk inc flu hosp,2026-05-02,quantile,0.1,19
2026-04-25,04,1,wk inc flu hosp,2026-05-02,quantile,0.15,25
2026-04-25,04,1,wk inc flu hosp,2026-05-02,quantile,0.2,28
2026-04-25,04,1,wk inc flu hosp,2026-05-02,quantile,0.25,29
2026-04-25,04,1,wk inc flu hosp,2026-05-02,quantile,0.3,31
2026-04-25,04,1,wk inc flu hosp,2026-05-02,quantile,0.35,34
2026-04-25,04,1,wk inc flu hosp,2026-05-02,quantile,0.4,38
2026-04-25,04,1,wk inc flu hosp,2026-05-02,quantile,0.45,41
2026-04-25,04,1,wk inc flu hosp,2026-05-02,quantile,0.5,45
2026-04-25,04,1,wk inc flu hosp,2026-05-02,quantile,0.55,49
2026-04-25,04,1,wk inc flu hosp,2026-05-02,quantile,0.6,52
2026-04-25,04,1,wk inc flu hosp,2026-05-02,quantile,0.65,56
2026-04-25,04,1,wk inc flu hosp,2026-05-02,quantile,0.7,62
2026-04-25,04,1,wk inc flu hosp,2026-05-02,quantile,0.75,68
2026-04-25,04,1,wk inc flu hosp,2026-05-02,quantile,0.8,74
2026-04-25,04,1,wk inc flu hosp,2026-05-02,quantile,0.85,83
2026-04-25,04,1,wk inc flu hosp,2026-05-02,quantile,0.9,92
2026-04-25,04,1,wk inc flu hosp,2026-05-02,quantile,0.95,109
2026-04-25,04,1,wk inc flu hosp,2026-05-02,quantile,0.975,128
2026-04-25,04,1,wk inc flu hosp,2026-05-02,quantile,0.99,151
2026-04-25,04,2,wk inc flu hosp,2026-05-09,quantile,0.01,4
2026-04-25,04,2,wk inc flu hosp,2026-05-09,quantile,0.025,8
2026-04-25,04,2,wk inc flu hosp,2026-05-09,quantile,0.05,10
2026-04-25,04,2,wk inc flu hosp,2026-05-09,quantile,0.1,15
2026-04-25,04,2,wk inc flu hosp,2026-05-09,quantile,0.15,19
2026-04-25,04,2,wk inc flu hosp,2026-05-09,quantile,0.2,23
2026-04-25,04,2,wk inc flu hosp,2026-05-09,quantile,0.25,26
2026-04-25,04,2,wk inc flu hosp,2026-05-09,quantile,0.3,28
2026-04-25,04,2,wk inc flu hosp,2026-05-09,quantile,0.35,30
2026-04-25,04,2,wk inc flu hosp,2026-05-09,quantile,0.4,33
2026-04-25,04,2,wk inc flu hosp,2026-05-09,quantile,0.45,35
2026-04-25,04,2,wk inc flu hosp,2026-05-09,quantile,0.5,40
2026-04-25,04,2,wk inc flu hosp,2026-05-09,quantile,0.55,43
2026-04-25,04,2,wk inc flu hosp,2026-05-09,quantile,0.6,48
2026-04-25,04,2,wk inc flu hosp,2026-05-09,quantile,0.65,51
2026-04-25,04,2,wk inc flu hosp,2026-05-09,quantile,0.7,56
2026-04-25,04,2,wk inc flu hosp,2026-05-09,quantile,0.75,61
2026-04-25,04,2,wk inc flu hosp,2026-05-09,quantile,0.8,68
2026-04-25,04,2,wk inc flu hosp,2026-05-09,quantile,0.85,75
2026-04-25,04,2,wk inc flu hosp,2026-05-09,quantile,0.9,85
2026-04-25,04,2,wk inc flu hosp,2026-05-09,quantile,0.95,103
2026-04-25,04,2,wk inc flu hosp,2026-05-09,quantile,0.975,128
2026-04-25,04,2,wk inc flu hosp,2026-05-09,quantile,0.99,158
2026-04-25,04,3,wk inc flu hosp,2026-05-16,quantile,0.01,2
2026-04-25,04,3,wk inc flu hosp,2026-05-16,quantile,0.025,6
2026-04-25,04,3,wk inc flu hosp,2026-05-16,quantile,0.05,10
2026-04-25,04,3,wk inc flu hosp,2026-05-16,quantile,0.1,13
2026-04-25,04,3,wk inc flu hosp,2026-05-16,quantile,0.15,16
2026-04-25,04,3,wk inc flu hosp,2026-05-16,quantile,0.2,20
2026-04-25,04,3,wk inc flu hosp,2026-05-16,quantile,0.25,22
2026-04-25,04,3,wk inc flu hosp,2026-05-16,quantile,0.3,24
2026-04-25,04,3,wk inc flu hosp,2026-05-16,quantile,0.35,27
2026-04-25,04,3,wk inc flu hosp,2026-05-16,quantile,0.4,30
2026-04-25,04,3,wk inc flu hosp,2026-05-16,quantile,0.45,32
2026-04-25,04,3,wk inc flu hosp,2026-05-16,quantile,0.5,37
2026-04-25,04,3,wk inc flu hosp,2026-05-16,quantile,0.55,40
2026-04-25,04,3,wk inc flu hosp,2026-05-16,quantile,0.6,45
2026-04-25,04,3,wk inc flu hosp,2026-05-16,quantile,0.65,49
2026-04-25,04,3,wk inc flu hosp,2026-05-16,quantile,0.7,53
2026-04-25,04,3,wk inc flu hosp,2026-05-16,quantile,0.75,58
2026-04-25,04,3,wk inc flu hosp,2026-05-16,quantile,0.8,65
2026-04-25,04,3,wk inc flu hosp,2026-05-16,quantile,0.85,72
2026-04-25,04,3,wk inc flu hosp,2026-05-16,quantile,0.9,84
2026-04-25,04,3,wk inc flu hosp,2026-05-16,quantile,0.95,109
2026-04-25,04,3,wk inc flu hosp,2026-05-16,quantile,0.975,136
2026-04-25,04,3,wk inc flu hosp,2026-05-16,quantile,0.99,171
2026-04-25,05,0,wk inc flu hosp,2026-04-25,quantile,0.01,0
2026-04-25,05,0,wk inc flu hosp,2026-04-25,quantile,0.025,0
2026-04-25,05,0,wk inc flu hosp,2026-04-25,quantile,0.05,0
2026-04-25,05,0,wk inc flu hosp,2026-04-25,quantile,0.1,0
2026-04-25,05,0,wk inc flu hosp,2026-04-25,quantile,0.15,0
2026-04-25,05,0,wk inc flu hosp,2026-04-25,quantile,0.2,1
2026-04-25,05,0,wk inc flu hosp,2026-04-25,quantile,0.25,1
2026-04-25,05,0,wk inc flu hosp,2026-04-25,quantile,0.3,2
2026-04-25,05,0,wk inc flu hosp,2026-04-25,quantile,0.35,2
2026-04-25,05,0,wk inc flu hosp,2026-04-25,quantile,0.4,2
2026-04-25,05,0,wk inc flu hosp,2026-04-25,quantile,0.45,3
2026-04-25,05,0,wk inc flu hosp,2026-04-25,quantile,0.5,4
2026-04-25,05,0,wk inc flu hosp,2026-04-25,quantile,0.55,5
2026-04-25,05,0,wk inc flu hosp,2026-04-25,quantile,0.6,6
2026-04-25,05,0,wk inc flu hosp,2026-04-25,quantile,0.65,7
2026-04-25,05,0,wk inc flu hosp,2026-04-25,quantile,0.7,8
2026-04-25,05,0,wk inc flu hosp,2026-04-25,quantile,0.75,9
2026-04-25,05,0,wk inc flu hosp,2026-04-25,quantile,0.8,10
2026-04-25,05,0,wk inc flu hosp,2026-04-25,quantile,0.85,11
2026-04-25,05,0,wk inc flu hosp,2026-04-25,quantile,0.9,13
2026-04-25,05,0,wk inc flu hosp,2026-04-25,quantile,0.95,18
2026-04-25,05,0,wk inc flu hosp,2026-04-25,quantile,0.975,21
2026-04-25,05,0,wk inc flu hosp,2026-04-25,quantile,0.99,27
2026-04-25,05,1,wk inc flu hosp,2026-05-02,quantile,0.01,0
2026-04-25,05,1,wk inc flu hosp,2026-05-02,quantile,0.025,0
2026-04-25,05,1,wk inc flu hosp,2026-05-02,quantile,0.05,0
2026-04-25,05,1,wk inc flu hosp,2026-05-02,quantile,0.1,0
2026-04-25,05,1,wk inc flu hosp,2026-05-02,quantile,0.15,0
2026-04-25,05,1,wk inc flu hosp,2026-05-02,quantile,0.2,0
2026-04-25,05,1,wk inc flu hosp,2026-05-02,quantile,0.25,1
2026-04-25,05,1,wk inc flu hosp,2026-05-02,quantile,0.3,1
2026-04-25,05,1,wk inc flu hosp,2026-05-02,quantile,0.35,2
2026-04-25,05,1,wk inc flu hosp,2026-05-02,quantile,0.4,2
2026-04-25,05,1,wk inc flu hosp,2026-05-02,quantile,0.45,2
2026-04-25,05,1,wk inc flu hosp,2026-05-02,quantile,0.5,3
2026-04-25,05,1,wk inc flu hosp,2026-05-02,quantile,0.55,4
2026-04-25,05,1,wk inc flu hosp,2026-05-02,quantile,0.6,5
2026-04-25,05,1,wk inc flu hosp,2026-05-02,quantile,0.65,6
2026-04-25,05,1,wk inc flu hosp,2026-05-02,quantile,0.7,7
2026-04-25,05,1,wk inc flu hosp,2026-05-02,quantile,0.75,8
2026-04-25,05,1,wk inc flu hosp,2026-05-02,quantile,0.8,8
2026-04-25,05,1,wk inc flu hosp,2026-05-02,quantile,0.85,9
2026-04-25,05,1,wk inc flu hosp,2026-05-02,quantile,0.9,12
2026-04-25,05,1,wk inc flu hosp,2026-05-02,quantile,0.95,16
2026-04-25,05,1,wk inc flu hosp,2026-05-02,quantile,0.975,21
2026-04-25,05,1,wk inc flu hosp,2026-05-02,quantile,0.99,27
2026-04-25,05,2,wk inc flu hosp,2026-05-09,quantile,0.01,0
2026-04-25,05,2,wk inc flu hosp,2026-05-09,quantile,0.025,0
2026-04-25,05,2,wk inc flu hosp,2026-05-09,quantile,0.05,0
2026-04-25,05,2,wk inc flu hosp,2026-05-09,quantile,0.1,0
2026-04-25,05,2,wk inc flu hosp,2026-05-09,quantile,0.15,0
2026-04-25,05,2,wk inc flu hosp,2026-05-09,quantile,0.2,0
2026-04-25,05,2,wk inc flu hosp,2026-05-09,quantile,0.25,1
2026-04-25,05,2,wk inc flu hosp,2026-05-09,quantile,0.3,1
2026-04-25,05,2,wk inc flu hosp,2026-05-09,quantile,0.35,2
2026-04-25,05,2,wk inc flu hosp,2026-05-09,quantile,0.4,2
2026-04-25,05,2,wk inc flu hosp,2026-05-09,quantile,0.45,2
2026-04-25,05,2,wk inc flu hosp,2026-05-09,quantile,0.5,3
2026-04-25,05,2,wk inc flu hosp,2026-05-09,quantile,0.55,4
2026-04-25,05,2,wk inc flu hosp,2026-05-09,quantile,0.6,5
2026-04-25,05,2,wk inc flu hosp,2026-05-09,quantile,0.65,6
2026-04-25,05,2,wk inc flu hosp,2026-05-09,quantile,0.7,7
2026-04-25,05,2,wk inc flu hosp,2026-05-09,quantile,0.75,8
2026-04-25,05,2,wk inc flu hosp,2026-05-09,quantile,0.8,8
2026-04-25,05,2,wk inc flu hosp,2026-05-09,quantile,0.85,10
2026-04-25,05,2,wk inc flu hosp,2026-05-09,quantile,0.9,12
2026-04-25,05,2,wk inc flu hosp,2026-05-09,quantile,0.95,18
2026-04-25,05,2,wk inc flu hosp,2026-05-09,quantile,0.975,22
2026-04-25,05,2,wk inc flu hosp,2026-05-09,quantile,0.99,32
2026-04-25,05,3,wk inc flu hosp,2026-05-16,quantile,0.01,0
2026-04-25,05,3,wk inc flu hosp,2026-05-16,quantile,0.025,0
2026-04-25,05,3,wk inc flu hosp,2026-05-16,quantile,0.05,0
2026-04-25,05,3,wk inc flu hosp,2026-05-16,quantile,0.1,0
2026-04-25,05,3,wk inc flu hosp,2026-05-16,quantile,0.15,0
2026-04-25,05,3,wk inc flu hosp,2026-05-16,quantile,0.2,0
2026-04-25,05,3,wk inc flu hosp,2026-05-16,quantile,0.25,1
2026-04-25,05,3,wk inc flu hosp,2026-05-16,quantile,0.3,1
2026-04-25,05,3,wk inc flu hosp,2026-05-16,quantile,0.35,1
2026-04-25,05,3,wk inc flu hosp,2026-05-16,quantile,0.4,2
2026-04-25,05,3,wk inc flu hosp,2026-05-16,quantile,0.45,2
2026-04-25,05,3,wk inc flu hosp,2026-05-16,quantile,0.5,3
2026-04-25,05,3,wk inc flu hosp,2026-05-16,quantile,0.55,4
2026-04-25,05,3,wk inc flu hosp,2026-05-16,quantile,0.6,4
2026-04-25,05,3,wk inc flu hosp,2026-05-16,quantile,0.65,5
2026-04-25,05,3,wk inc flu hosp,2026-05-16,quantile,0.7,7
2026-04-25,05,3,wk inc flu hosp,2026-05-16,quantile,0.75,7
2026-04-25,05,3,wk inc flu hosp,2026-05-16,quantile,0.8,8
2026-04-25,05,3,wk inc flu hosp,2026-05-16,quantile,0.85,9
2026-04-25,05,3,wk inc flu hosp,2026-05-16,quantile,0.9,12
2026-04-25,05,3,wk inc flu hosp,2026-05-16,quantile,0.95,18
2026-04-25,05,3,wk inc flu hosp,2026-05-16,quantile,0.975,26
2026-04-25,05,3,wk inc flu hosp,2026-05-16,quantile,0.99,35
2026-04-25,06,0,wk inc flu hosp,2026-04-25,quantile,0.01,49
2026-04-25,06,0,wk inc flu hosp,2026-04-25,quantile,0.025,56
2026-04-25,06,0,wk inc flu hosp,2026-04-25,quantile,0.05,68
2026-04-25,06,0,wk inc flu hosp,2026-04-25,quantile,0.1,86
2026-04-25,06,0,wk inc flu hosp,2026-04-25,quantile,0.15,99
2026-04-25,06,0,wk inc flu hosp,2026-04-25,quantile,0.2,110
2026-04-25,06,0,wk inc flu hosp,2026-04-25,quantile,0.25,118
2026-04-25,06,0,wk inc flu hosp,2026-04-25,quantile,0.3,125
2026-04-25,06,0,wk inc flu hosp,2026-04-25,quantile,0.35,131
2026-04-25,06,0,wk inc flu hosp,2026-04-25,quantile,0.4,139
2026-04-25,06,0,wk inc flu hosp,2026-04-25,quantile,0.45,149
2026-04-25,06,0,wk inc flu hosp,2026-04-25,quantile,0.5,159
2026-04-25,06,0,wk inc flu hosp,2026-04-25,quantile,0.55,166
2026-04-25,06,0,wk inc flu hosp,2026-04-25,quantile,0.6,174
2026-04-25,06,0,wk inc flu hosp,2026-04-25,quantile,0.65,186
2026-04-25,06,0,wk inc flu hosp,2026-04-25,quantile,0.7,195
2026-04-25,06,0,wk inc flu hosp,2026-04-25,quantile,0.75,208
2026-04-25,06,0,wk inc flu hosp,2026-04-25,quantile,0.8,215
2026-04-25,06,0,wk inc flu hosp,2026-04-25,quantile,0.85,233
2026-04-25,06,0,wk inc flu hosp,2026-04-25,quantile,0.9,252
2026-04-25,06,0,wk inc flu hosp,2026-04-25,quantile,0.95,288
2026-04-25,06,0,wk inc flu hosp,2026-04-25,quantile,0.975,324
2026-04-25,06,0,wk inc flu hosp,2026-04-25,quantile,0.99,361
2026-04-25,06,1,wk inc flu hosp,2026-05-02,quantile,0.01,25
2026-04-25,06,1,wk inc flu hosp,2026-05-02,quantile,0.025,40
2026-04-25,06,1,wk inc flu hosp,2026-05-02,quantile,0.05,52
2026-04-25,06,1,wk inc flu hosp,2026-05-02,quantile,0.1,68
2026-04-25,06,1,wk inc flu hosp,2026-05-02,quantile,0.15,76
2026-04-25,06,1,wk inc flu hosp,2026-05-02,quantile,0.2,86
2026-04-25,06,1,wk inc flu hosp,2026-05-02,quantile,0.25,93
2026-04-25,06,1,wk inc flu hosp,2026-05-02,quantile,0.3,101
2026-04-25,06,1,wk inc flu hosp,2026-05-02,quantile,0.35,106
2026-04-25,06,1,wk inc flu hosp,2026-05-02,quantile,0.4,114
2026-04-25,06,1,wk inc flu hosp,2026-05-02,quantile,0.45,125
2026-04-25,06,1,wk inc flu hosp,2026-05-02,quantile,0.5,135
2026-04-25,06,1,wk inc flu hosp,2026-05-02,quantile,0.55,143
2026-04-25,06,1,wk inc flu hosp,2026-05-02,quantile,0.6,153
2026-04-25,06,1,wk inc flu hosp,2026-05-02,quantile,0.65,162
2026-04-25,06,1,wk inc flu hosp,2026-05-02,quantile,0.7,173
2026-04-25,06,1,wk inc flu hosp,2026-05-02,quantile,0.75,185
2026-04-25,06,1,wk inc flu hosp,2026-05-02,quantile,0.8,200
2026-04-25,06,1,wk inc flu hosp,2026-05-02,quantile,0.85,216
2026-04-25,06,1,wk inc flu hosp,2026-05-02,quantile,0.9,240
2026-04-25,06,1,wk inc flu hosp,2026-05-02,quantile,0.95,284
2026-04-25,06,1,wk inc flu hosp,2026-05-02,quantile,0.975,322
2026-04-25,06,1,wk inc flu hosp,2026-05-02,quantile,0.99,385
2026-04-25,06,2,wk inc flu hosp,2026-05-09,quantile,0.01,5
2026-04-25,06,2,wk inc flu hosp,2026-05-09,quantile,0.025,20
2026-04-25,06,2,wk inc flu hosp,2026-05-09,quantile,0.05,31
2026-04-25,06,2,wk inc flu hosp,2026-05-09,quantile,0.1,46
2026-04-25,06,2,wk inc flu hosp,2026-05-09,quantile,0.15,59
2026-04-25,06,2,wk inc flu hosp,2026-05-09,quantile,0.2,66
2026-04-25,06,2,wk inc flu hosp,2026-05-09,quantile,0.25,71
2026-04-25,06,2,wk inc flu hosp,2026-05-09,quantile,0.3,80
2026-04-25,06,2,wk inc flu hosp,2026-05-09,quantile,0.35,88
2026-04-25,06,2,wk inc flu hosp,2026-05-09,quantile,0.4,97
2026-04-25,06,2,wk inc flu hosp,2026-05-09,quantile,0.45,108
2026-04-25,06,2,wk inc flu hosp,2026-05-09,quantile,0.5,118
2026-04-25,06,2,wk inc flu hosp,2026-05-09,quantile,0.55,128
2026-04-25,06,2,wk inc flu hosp,2026-05-09,quantile,0.6,136
2026-04-25,06,2,wk inc flu hosp,2026-05-09,quantile,0.65,148
2026-04-25,06,2,wk inc flu hosp,2026-05-09,quantile,0.7,160
2026-04-25,06,2,wk inc flu hosp,2026-05-09,quantile,0.75,174
2026-04-25,06,2,wk inc flu hosp,2026-05-09,quantile,0.8,191
2026-04-25,06,2,wk inc flu hosp,2026-05-09,quantile,0.85,210
2026-04-25,06,2,wk inc flu hosp,2026-05-09,quantile,0.9,238
2026-04-25,06,2,wk inc flu hosp,2026-05-09,quantile,0.95,277
2026-04-25,06,2,wk inc flu hosp,2026-05-09,quantile,0.975,325
2026-04-25,06,2,wk inc flu hosp,2026-05-09,quantile,0.99,400
2026-04-25,06,3,wk inc flu hosp,2026-05-16,quantile,0.01,5
2026-04-25,06,3,wk inc flu hosp,2026-05-16,quantile,0.025,13
2026-04-25,06,3,wk inc flu hosp,2026-05-16,quantile,0.05,21
2026-04-25,06,3,wk inc flu hosp,2026-05-16,quantile,0.1,34
2026-04-25,06,3,wk inc flu hosp,2026-05-16,quantile,0.15,44
2026-04-25,06,3,wk inc flu hosp,2026-05-16,quantile,0.2,53
2026-04-25,06,3,wk inc flu hosp,2026-05-16,quantile,0.25,60
2026-04-25,06,3,wk inc flu hosp,2026-05-16,quantile,0.3,68
2026-04-25,06,3,wk inc flu hosp,2026-05-16,quantile,0.35,76
2026-04-25,06,3,wk inc flu hosp,2026-05-16,quantile,0.4,84
2026-04-25,06,3,wk inc flu hosp,2026-05-16,quantile,0.45,91
2026-04-25,06,3,wk inc flu hosp,2026-05-16,quantile,0.5,105
2026-04-25,06,3,wk inc flu hosp,2026-05-16,quantile,0.55,115
2026-04-25,06,3,wk inc flu hosp,2026-05-16,quantile,0.6,122
2026-04-25,06,3,wk inc flu hosp,2026-05-16,quantile,0.65,134
2026-04-25,06,3,wk inc flu hosp,2026-05-16,quantile,0.7,150
2026-04-25,06,3,wk inc flu hosp,2026-05-16,quantile,0.75,166
2026-04-25,06,3,wk inc flu hosp,2026-05-16,quantile,0.8,183
2026-04-25,06,3,wk inc flu hosp,2026-05-16,quantile,0.85,204
2026-04-25,06,3,wk inc flu hosp,2026-05-16,quantile,0.9,233
2026-04-25,06,3,wk inc flu hosp,2026-05-16,quantile,0.95,298
2026-04-25,06,3,wk inc flu hosp,2026-05-16,quantile,0.975,358
2026-04-25,06,3,wk inc flu hosp,2026-05-16,quantile,0.99,482
2026-04-25,08,0,wk inc flu hosp,2026-04-25,quantile,0.01,0
2026-04-25,08,0,wk inc flu hosp,2026-04-25,quantile,0.025,1
2026-04-25,08,0,wk inc flu hosp,2026-04-25,quantile,0.05,2
2026-04-25,08,0,wk inc flu hosp,2026-04-25,quantile,0.1,3
2026-04-25,08,0,wk inc flu hosp,2026-04-25,quantile,0.15,6
2026-04-25,08,0,wk inc flu hosp,2026-04-25,quantile,0.2,7
2026-04-25,08,0,wk inc flu hosp,2026-04-25,quantile,0.25,9
2026-04-25,08,0,wk inc flu hosp,2026-04-25,quantile,0.3,10
2026-04-25,08,0,wk inc flu hosp,2026-04-25,quantile,0.35,12
2026-04-25,08,0,wk inc flu hosp,2026-04-25,quantile,0.4,13
2026-04-25,08,0,wk inc flu hosp,2026-04-25,quantile,0.45,14
2026-04-25,08,0,wk inc flu hosp,2026-04-25,quantile,0.5,16
2026-04-25,08,0,wk inc flu hosp,2026-04-25,quantile,0.55,18
2026-04-25,08,0,wk inc flu hosp,2026-04-25,quantile,0.6,19
2026-04-25,08,0,wk inc flu hosp,2026-04-25,quantile,0.65,20
2026-04-25,08,0,wk inc flu hosp,2026-04-25,quantile,0.7,21
2026-04-25,08,0,wk inc flu hosp,2026-04-25,quantile,0.75,24
2026-04-25,08,0,wk inc flu hosp,2026-04-25,quantile,0.8,26
2026-04-25,08,0,wk inc flu hosp,2026-04-25,quantile,0.85,30
2026-04-25,08,0,wk inc flu hosp,2026-04-25,quantile,0.9,34
2026-04-25,08,0,wk inc flu hosp,2026-04-25,quantile,0.95,41
2026-04-25,08,0,wk inc flu hosp,2026-04-25,quantile,0.975,49
2026-04-25,08,0,wk inc flu hosp,2026-04-25,quantile,0.99,57
2026-04-25,08,1,wk inc flu hosp,2026-05-02,quantile,0.01,0
2026-04-25,08,1,wk inc flu hosp,2026-05-02,quantile,0.025,0
2026-04-25,08,1,wk inc flu hosp,2026-05-02,quantile,0.05,0
2026-04-25,08,1,wk inc flu hosp,2026-05-02,quantile,0.1,2
2026-04-25,08,1,wk inc flu hosp,2026-05-02,quantile,0.15,3
2026-04-25,08,1,wk inc flu hosp,2026-05-02,quantile,0.2,5
2026-04-25,08,1,wk inc flu hosp,2026-05-02,quantile,0.25,7
2026-04-25,08,1,wk inc flu hosp,2026-05-02,quantile,0.3,8
2026-04-25,08,1,wk inc flu hosp,2026-05-02,quantile,0.35,9
2026-04-25,08,1,wk inc flu hosp,2026-05-02,quantile,0.4,11
2026-04-25,08,1,wk inc flu hosp,2026-05-02,quantile,0.45,12
2026-04-25,08,1,wk inc flu hosp,2026-05-02,quantile,0.5,14
2026-04-25,08,1,wk inc flu hosp,2026-05-02,quantile,0.55,16
2026-04-25,08,1,wk inc flu hosp,2026-05-02,quantile,0.6,18
2026-04-25,08,1,wk inc flu hosp,2026-05-02,quantile,0.65,19
2026-04-25,08,1,wk inc flu hosp,2026-05-02,quantile,0.7,22
2026-04-25,08,1,wk inc flu hosp,2026-05-02,quantile,0.75,24
2026-04-25,08,1,wk inc flu hosp,2026-05-02,quantile,0.8,26
2026-04-25,08,1,wk inc flu hosp,2026-05-02,quantile,0.85,29
2026-04-25,08,1,wk inc flu hosp,2026-05-02,quantile,0.9,33
2026-04-25,08,1,wk inc flu hosp,2026-05-02,quantile,0.95,42
2026-04-25,08,1,wk inc flu hosp,2026-05-02,quantile,0.975,52
2026-04-25,08,1,wk inc flu hosp,2026-05-02,quantile,0.99,63
2026-04-25,08,2,wk inc flu hosp,2026-05-09,quantile,0.01,0
2026-04-25,08,2,wk inc flu hosp,2026-05-09,quantile,0.025,0
2026-04-25,08,2,wk inc flu hosp,2026-05-09,quantile,0.05,0
2026-04-25,08,2,wk inc flu hosp,2026-05-09,quantile,0.1,0
2026-04-25,08,2,wk inc flu hosp,2026-05-09,quantile,0.15,2
2026-04-25,08,2,wk inc flu hosp,2026-05-09,quantile,0.2,3
2026-04-25,08,2,wk inc flu hosp,2026-05-09,quantile,0.25,4
2026-04-25,08,2,wk inc flu hosp,2026-05-09,quantile,0.3,5
2026-04-25,08,2,wk inc flu hosp,2026-05-09,quantile,0.35,6
2026-04-25,08,2,wk inc flu hosp,2026-05-09,quantile,0.4,7
2026-04-25,08,2,wk inc flu hosp,2026-05-09,quantile,0.45,8
2026-04-25,08,2,wk inc flu hosp,2026-05-09,quantile,0.5,11
2026-04-25,08,2,wk inc flu hosp,2026-05-09,quantile,0.55,13
2026-04-25,08,2,wk inc flu hosp,2026-05-09,quantile,0.6,14
2026-04-25,08,2,wk inc flu hosp,2026-05-09,quantile,0.65,17
2026-04-25,08,2,wk inc flu hosp,2026-05-09,quantile,0.7,19
2026-04-25,08,2,wk inc flu hosp,2026-05-09,quantile,0.75,24
2026-04-25,08,2,wk inc flu hosp,2026-05-09,quantile,0.8,26
2026-04-25,08,2,wk inc flu hosp,2026-05-09,quantile,0.85,29
2026-04-25,08,2,wk inc flu hosp,2026-05-09,quantile,0.9,33
2026-04-25,08,2,wk inc flu hosp,2026-05-09,quantile,0.95,44
2026-04-25,08,2,wk inc flu hosp,2026-05-09,quantile,0.975,55
2026-04-25,08,2,wk inc flu hosp,2026-05-09,quantile,0.99,69
2026-04-25,08,3,wk inc flu hosp,2026-05-16,quantile,0.01,0
2026-04-25,08,3,wk inc flu hosp,2026-05-16,quantile,0.025,0
2026-04-25,08,3,wk inc flu hosp,2026-05-16,quantile,0.05,0
2026-04-25,08,3,wk inc flu hosp,2026-05-16,quantile,0.1,0
2026-04-25,08,3,wk inc flu hosp,2026-05-16,quantile,0.15,1
2026-04-25,08,3,wk inc flu hosp,2026-05-16,quantile,0.2,2
2026-04-25,08,3,wk inc flu hosp,2026-05-16,quantile,0.25,3
2026-04-25,08,3,wk inc flu hosp,2026-05-16,quantile,0.3,4
2026-04-25,08,3,wk inc flu hosp,2026-05-16,quantile,0.35,5
2026-04-25,08,3,wk inc flu hosp,2026-05-16,quantile,0.4,6
2026-04-25,08,3,wk inc flu hosp,2026-05-16,quantile,0.45,7
2026-04-25,08,3,wk inc flu hosp,2026-05-16,quantile,0.5,10
2026-04-25,08,3,wk inc flu hosp,2026-05-16,quantile,0.55,11
2026-04-25,08,3,wk inc flu hosp,2026-05-16,quantile,0.6,14
2026-04-25,08,3,wk inc flu hosp,2026-05-16,quantile,0.65,16
2026-04-25,08,3,wk inc flu hosp,2026-05-16,quantile,0.7,18
2026-04-25,08,3,wk inc flu hosp,2026-05-16,quantile,0.75,21
2026-04-25,08,3,wk inc flu hosp,2026-05-16,quantile,0.8,24
2026-04-25,08,3,wk inc flu hosp,2026-05-16,quantile,0.85,30
2026-04-25,08,3,wk inc flu hosp,2026-05-16,quantile,0.9,37
2026-04-25,08,3,wk inc flu hosp,2026-05-16,quantile,0.95,48
2026-04-25,08,3,wk inc flu hosp,2026-05-16,quantile,0.975,60
2026-04-25,08,3,wk inc flu hosp,2026-05-16,quantile,0.99,75
2026-04-25,09,0,wk inc flu hosp,2026-04-25,quantile,0.01,5
2026-04-25,09,0,wk inc flu hosp,2026-04-25,quantile,0.025,8
2026-04-25,09,0,wk inc flu hosp,2026-04-25,quantile,0.05,10
2026-04-25,09,0,wk inc flu hosp,2026-04-25,quantile,0.1,12
2026-04-25,09,0,wk inc flu hosp,2026-04-25,quantile,0.15,14
2026-04-25,09,0,wk inc flu hosp,2026-04-25,quantile,0.2,16
2026-04-25,09,0,wk inc flu hosp,2026-04-25,quantile,0.25,18
2026-04-25,09,0,wk inc flu hosp,2026-04-25,quantile,0.3,19
2026-04-25,09,0,wk inc flu hosp,2026-04-25,quantile,0.35,21
2026-04-25,09,0,wk inc flu hosp,2026-04-25,quantile,0.4,22
2026-04-25,09,0,wk inc flu hosp,2026-04-25,quantile,0.45,24
2026-04-25,09,0,wk inc flu hosp,2026-04-25,quantile,0.5,26
2026-04-25,09,0,wk inc flu hosp,2026-04-25,quantile,0.55,28
2026-04-25,09,0,wk inc flu hosp,2026-04-25,quantile,0.6,30
2026-04-25,09,0,wk inc flu hosp,2026-04-25,quantile,0.65,32
2026-04-25,09,0,wk inc flu hosp,2026-04-25,quantile,0.7,34
2026-04-25,09,0,wk inc flu hosp,2026-04-25,quantile,0.75,36
2026-04-25,09,0,wk inc flu hosp,2026-04-25,quantile,0.8,40
2026-04-25,09,0,wk inc flu hosp,2026-04-25,quantile,0.85,42
2026-04-25,09,0,wk inc flu hosp,2026-04-25,quantile,0.9,47
2026-04-25,09,0,wk inc flu hosp,2026-04-25,quantile,0.95,55
2026-04-25,09,0,wk inc flu hosp,2026-04-25,quantile,0.975,61
2026-04-25,09,0,wk inc flu hosp,2026-04-25,quantile,0.99,71
2026-04-25,09,1,wk inc flu hosp,2026-05-02,quantile,0.01,2
2026-04-25,09,1,wk inc flu hosp,2026-05-02,quantile,0.025,2
2026-04-25,09,1,wk inc flu hosp,2026-05-02,quantile,0.05,4
2026-04-25,09,1,wk inc flu hosp,2026-05-02,quantile,0.1,6
2026-04-25,09,1,wk inc flu hosp,2026-05-02,quantile,0.15,8
2026-04-25,09,1,wk inc flu hosp,2026-05-02,quantile,0.2,10
2026-04-25,09,1,wk inc flu hosp,2026-05-02,quantile,0.25,12
2026-04-25,09,1,wk inc flu hosp,2026-05-02,quantile,0.3,13
2026-04-25,09,1,wk inc flu hosp,2026-05-02,quantile,0.35,15
2026-04-25,09,1,wk inc flu hosp,2026-05-02,quantile,0.4,17
2026-04-25,09,1,wk inc flu hosp,2026-05-02,quantile,0.45,19
2026-04-25,09,1,wk inc flu hosp,2026-05-02,quantile,0.5,22
2026-04-25,09,1,wk inc flu hosp,2026-05-02,quantile,0.55,24
2026-04-25,09,1,wk inc flu hosp,2026-05-02,quantile,0.6,26
2026-04-25,09,1,wk inc flu hosp,2026-05-02,quantile,0.65,29
2026-04-25,09,1,wk inc flu hosp,2026-05-02,quantile,0.7,32
2026-04-25,09,1,wk inc flu hosp,2026-05-02,quantile,0.75,36
2026-04-25,09,1,wk inc flu hosp,2026-05-02,quantile,0.8,38
2026-04-25,09,1,wk inc flu hosp,2026-05-02,quantile,0.85,41
2026-04-25,09,1,wk inc flu hosp,2026-05-02,quantile,0.9,46
2026-04-25,09,1,wk inc flu hosp,2026-05-02,quantile,0.95,54
2026-04-25,09,1,wk inc flu hosp,2026-05-02,quantile,0.975,64
2026-04-25,09,1,wk inc flu hosp,2026-05-02,quantile,0.99,84
2026-04-25,09,2,wk inc flu hosp,2026-05-09,quantile,0.01,0
2026-04-25,09,2,wk inc flu hosp,2026-05-09,quantile,0.025,1
2026-04-25,09,2,wk inc flu hosp,2026-05-09,quantile,0.05,2
2026-04-25,09,2,wk inc flu hosp,2026-05-09,quantile,0.1,3
2026-04-25,09,2,wk inc flu hosp,2026-05-09,quantile,0.15,5
2026-04-25,09,2,wk inc flu hosp,2026-05-09,quantile,0.2,7
2026-04-25,09,2,wk inc flu hosp,2026-05-09,quantile,0.25,9
2026-04-25,09,2,wk inc flu hosp,2026-05-09,quantile,0.3,11
2026-04-25,09,2,wk inc flu hosp,2026-05-09,quantile,0.35,12
2026-04-25,09,2,wk inc flu hosp,2026-05-09,quantile,0.4,13
2026-04-25,09,2,wk inc flu hosp,2026-05-09,quantile,0.45,15
2026-04-25,09,2,wk inc flu hosp,2026-05-09,quantile,0.5,17
2026-04-25,09,2,wk inc flu hosp,2026-05-09,quantile,0.55,20
2026-04-25,09,2,wk inc flu hosp,2026-05-09,quantile,0.6,23
2026-04-25,09,2,wk inc flu hosp,2026-05-09,quantile,0.65,26
2026-04-25,09,2,wk inc flu hosp,2026-05-09,quantile,0.7,28
2026-04-25,09,2,wk inc flu hosp,2026-05-09,quantile,0.75,30
2026-04-25,09,2,wk inc flu hosp,2026-05-09,quantile,0.8,34
2026-04-25,09,2,wk inc flu hosp,2026-05-09,quantile,0.85,41
2026-04-25,09,2,wk inc flu hosp,2026-05-09,quantile,0.9,46
2026-04-25,09,2,wk inc flu hosp,2026-05-09,quantile,0.95,54
2026-04-25,09,2,wk inc flu hosp,2026-05-09,quantile,0.975,71
2026-04-25,09,2,wk inc flu hosp,2026-05-09,quantile,0.99,82
2026-04-25,09,3,wk inc flu hosp,2026-05-16,quantile,0.01,0
2026-04-25,09,3,wk inc flu hosp,2026-05-16,quantile,0.025,1
2026-04-25,09,3,wk inc flu hosp,2026-05-16,quantile,0.05,1
2026-04-25,09,3,wk inc flu hosp,2026-05-16,quantile,0.1,3
2026-04-25,09,3,wk inc flu hosp,2026-05-16,quantile,0.15,4
2026-04-25,09,3,wk inc flu hosp,2026-05-16,quantile,0.2,5
2026-04-25,09,3,wk inc flu hosp,2026-05-16,quantile,0.25,6
2026-04-25,09,3,wk inc flu hosp,2026-05-16,quantile,0.3,8
2026-04-25,09,3,wk inc flu hosp,2026-05-16,quantile,0.35,9
2026-04-25,09,3,wk inc flu hosp,2026-05-16,quantile,0.4,11
2026-04-25,09,3,wk inc flu hosp,2026-05-16,quantile,0.45,12
2026-04-25,09,3,wk inc flu hosp,2026-05-16,quantile,0.5,15
2026-04-25,09,3,wk inc flu hosp,2026-05-16,quantile,0.55,17
2026-04-25,09,3,wk inc flu hosp,2026-05-16,quantile,0.6,19
2026-04-25,09,3,wk inc flu hosp,2026-05-16,quantile,0.65,23
2026-04-25,09,3,wk inc flu hosp,2026-05-16,quantile,0.7,26
2026-04-25,09,3,wk inc flu hosp,2026-05-16,quantile,0.75,28
2026-04-25,09,3,wk inc flu hosp,2026-05-16,quantile,0.8,31
2026-04-25,09,3,wk inc flu hosp,2026-05-16,quantile,0.85,34
2026-04-25,09,3,wk inc flu hosp,2026-05-16,quantile,0.9,39
2026-04-25,09,3,wk inc flu hosp,2026-05-16,quantile,0.95,52
2026-04-25,09,3,wk inc flu hosp,2026-05-16,quantile,0.975,65
2026-04-25,09,3,wk inc flu hosp,2026-05-16,quantile,0.99,79
2026-04-25,10,0,wk inc flu hosp,2026-04-25,quantile,0.01,0
2026-04-25,10,0,wk inc flu hosp,2026-04-25,quantile,0.025,0
2026-04-25,10,0,wk inc flu hosp,2026-04-25,quantile,0.05,0
2026-04-25,10,0,wk inc flu hosp,2026-04-25,quantile,0.1,0
2026-04-25,10,0,wk inc flu hosp,2026-04-25,quantile,0.15,0
2026-04-25,10,0,wk inc flu hosp,2026-04-25,quantile,0.2,0
2026-04-25,10,0,wk inc flu hosp,2026-04-25,quantile,0.25,0
2026-04-25,10,0,wk inc flu hosp,2026-04-25,quantile,0.3,0
2026-04-25,10,0,wk inc flu hosp,2026-04-25,quantile,0.35,1
2026-04-25,10,0,wk inc flu hosp,2026-04-25,quantile,0.4,1
2026-04-25,10,0,wk inc flu hosp,2026-04-25,quantile,0.45,1
2026-04-25,10,0,wk inc flu hosp,2026-04-25,quantile,0.5,2
2026-04-25,10,0,wk inc flu hosp,2026-04-25,quantile,0.55,2
2026-04-25,10,0,wk inc flu hosp,2026-04-25,quantile,0.6,3
2026-04-25,10,0,wk inc flu hosp,2026-04-25,quantile,0.65,3
2026-04-25,10,0,wk inc flu hosp,2026-04-25,quantile,0.7,4
2026-04-25,10,0,wk inc flu hosp,2026-04-25,quantile,0.75,4
2026-04-25,10,0,wk inc flu hosp,2026-04-25,quantile,0.8,5
2026-04-25,10,0,wk inc flu hosp,2026-04-25,quantile,0.85,5
2026-04-25,10,0,wk inc flu hosp,2026-04-25,quantile,0.9,7
2026-04-25,10,0,wk inc flu hosp,2026-04-25,quantile,0.95,9
2026-04-25,10,0,wk inc flu hosp,2026-04-25,quantile,0.975,12
2026-04-25,10,0,wk inc flu hosp,2026-04-25,quantile,0.99,15
2026-04-25,10,1,wk inc flu hosp,2026-05-02,quantile,0.01,0
2026-04-25,10,1,wk inc flu hosp,2026-05-02,quantile,0.025,0
2026-04-25,10,1,wk inc flu hosp,2026-05-02,quantile,0.05,0
2026-04-25,10,1,wk inc flu hosp,2026-05-02,quantile,0.1,0
2026-04-25,10,1,wk inc flu hosp,2026-05-02,quantile,0.15,0
2026-04-25,10,1,wk inc flu hosp,2026-05-02,quantile,0.2,0
2026-04-25,10,1,wk inc flu hosp,2026-05-02,quantile,0.25,0
2026-04-25,10,1,wk inc flu hosp,2026-05-02,quantile,0.3,0
2026-04-25,10,1,wk inc flu hosp,2026-05-02,quantile,0.35,0
2026-04-25,10,1,wk inc flu hosp,2026-05-02,quantile,0.4,1
2026-04-25,10,1,wk inc flu hosp,2026-05-02,quantile,0.45,1
2026-04-25,10,1,wk inc flu hosp,2026-05-02,quantile,0.5,1
2026-04-25,10,1,wk inc flu hosp,2026-05-02,quantile,0.55,2
2026-04-25,10,1,wk inc flu hosp,2026-05-02,quantile,0.6,2
2026-04-25,10,1,wk inc flu hosp,2026-05-02,quantile,0.65,3
2026-04-25,10,1,wk inc flu hosp,2026-05-02,quantile,0.7,3
2026-04-25,10,1,wk inc flu hosp,2026-05-02,quantile,0.75,4
2026-04-25,10,1,wk inc flu hosp,2026-05-02,quantile,0.8,5
2026-04-25,10,1,wk inc flu hosp,2026-05-02,quantile,0.85,5
2026-04-25,10,1,wk inc flu hosp,2026-05-02,quantile,0.9,7
2026-04-25,10,1,wk inc flu hosp,2026-05-02,quantile,0.95,9
2026-04-25,10,1,wk inc flu hosp,2026-05-02,quantile,0.975,13
2026-04-25,10,1,wk inc flu hosp,2026-05-02,quantile,0.99,15
2026-04-25,10,2,wk inc flu hosp,2026-05-09,quantile,0.01,0
2026-04-25,10,2,wk inc flu hosp,2026-05-09,quantile,0.025,0
2026-04-25,10,2,wk inc flu hosp,2026-05-09,quantile,0.05,0
2026-04-25,10,2,wk inc flu hosp,2026-05-09,quantile,0.1,0
2026-04-25,10,2,wk inc flu hosp,2026-05-09,quantile,0.15,0
2026-04-25,10,2,wk inc flu hosp,2026-05-09,quantile,0.2,0
2026-04-25,10,2,wk inc flu hosp,2026-05-09,quantile,0.25,0
2026-04-25,10,2,wk inc flu hosp,2026-05-09,quantile,0.3,0
2026-04-25,10,2,wk inc flu hosp,2026-05-09,quantile,0.35,0
2026-04-25,10,2,wk inc flu hosp,2026-05-09,quantile,0.4,0
2026-04-25,10,2,wk inc flu hosp,2026-05-09,quantile,0.45,0
2026-04-25,10,2,wk inc flu hosp,2026-05-09,quantile,0.5,1
2026-04-25,10,2,wk inc flu hosp,2026-05-09,quantile,0.55,2
2026-04-25,10,2,wk inc flu hosp,2026-05-09,quantile,0.6,2
2026-04-25,10,2,wk inc flu hosp,2026-05-09,quantile,0.65,2
2026-04-25,10,2,wk inc flu hosp,2026-05-09,quantile,0.7,3
2026-04-25,10,2,wk inc flu hosp,2026-05-09,quantile,0.75,3
2026-04-25,10,2,wk inc flu hosp,2026-05-09,quantile,0.8,4
2026-04-25,10,2,wk inc flu hosp,2026-05-09,quantile,0.85,5
2026-04-25,10,2,wk inc flu hosp,2026-05-09,quantile,0.9,6
2026-04-25,10,2,wk inc flu hosp,2026-05-09,quantile,0.95,8
2026-04-25,10,2,wk inc flu hosp,2026-05-09,quantile,0.975,10
2026-04-25,10,2,wk inc flu hosp,2026-05-09,quantile,0.99,14
2026-04-25,10,3,wk inc flu hosp,2026-05-16,quantile,0.01,0
2026-04-25,10,3,wk inc flu hosp,2026-05-16,quantile,0.025,0
2026-04-25,10,3,wk inc flu hosp,2026-05-16,quantile,0.05,0
2026-04-25,10,3,wk inc flu hosp,2026-05-16,quantile,0.1,0
2026-04-25,10,3,wk inc flu hosp,2026-05-16,quantile,0.15,0
2026-04-25,10,3,wk inc flu hosp,2026-05-16,quantile,0.2,0
2026-04-25,10,3,wk inc flu hosp,2026-05-16,quantile,0.25,0
2026-04-25,10,3,wk inc flu hosp,2026-05-16,quantile,0.3,0
2026-04-25,10,3,wk inc flu hosp,2026-05-16,quantile,0.35,0
2026-04-25,10,3,wk inc flu hosp,2026-05-16,quantile,0.4,0
2026-04-25,10,3,wk inc flu hosp,2026-05-16,quantile,0.45,0
2026-04-25,10,3,wk inc flu hosp,2026-05-16,quantile,0.5,1
2026-04-25,10,3,wk inc flu hosp,2026-05-16,quantile,0.55,1
2026-04-25,10,3,wk inc flu hosp,2026-05-16,quantile,0.6,2
2026-04-25,10,3,wk inc flu hosp,2026-05-16,quantile,0.65,2
2026-04-25,10,3,wk inc flu hosp,2026-05-16,quantile,0.7,2
2026-04-25,10,3,wk inc flu hosp,2026-05-16,quantile,0.75,3
2026-04-25,10,3,wk inc flu hosp,2026-05-16,quantile,0.8,4
2026-04-25,10,3,wk inc flu hosp,2026-05-16,quantile,0.85,5
2026-04-25,10,3,wk inc flu hosp,2026-05-16,quantile,0.9,6
2026-04-25,10,3,wk inc flu hosp,2026-05-16,quantile,0.95,8
2026-04-25,10,3,wk inc flu hosp,2026-05-16,quantile,0.975,11
2026-04-25,10,3,wk inc flu hosp,2026-05-16,quantile,0.99,15
2026-04-25,11,0,wk inc flu hosp,2026-04-25,quantile,0.01,0
2026-04-25,11,0,wk inc flu hosp,2026-04-25,quantile,0.025,0
2026-04-25,11,0,wk inc flu hosp,2026-04-25,quantile,0.05,0
2026-04-25,11,0,wk inc flu hosp,2026-04-25,quantile,0.1,0
2026-04-25,11,0,wk inc flu hosp,2026-04-25,quantile,0.15,0
2026-04-25,11,0,wk inc flu hosp,2026-04-25,quantile,0.2,0
2026-04-25,11,0,wk inc flu hosp,2026-04-25,quantile,0.25,1
2026-04-25,11,0,wk inc flu hosp,2026-04-25,quantile,0.3,1
2026-04-25,11,0,wk inc flu hosp,2026-04-25,quantile,0.35,1
2026-04-25,11,0,wk inc flu hosp,2026-04-25,quantile,0.4,1
2026-04-25,11,0,wk inc flu hosp,2026-04-25,quantile,0.45,2
2026-04-25,11,0,wk inc flu hosp,2026-04-25,quantile,0.5,3
2026-04-25,11,0,wk inc flu hosp,2026-04-25,quantile,0.55,3
2026-04-25,11,0,wk inc flu hosp,2026-04-25,quantile,0.6,4
2026-04-25,11,0,wk inc flu hosp,2026-04-25,quantile,0.65,4
2026-04-25,11,0,wk inc flu hosp,2026-04-25,quantile,0.7,4
2026-04-25,11,0,wk inc flu hosp,2026-04-25,quantile,0.75,5
2026-04-25,11,0,wk inc flu hosp,2026-04-25,quantile,0.8,6
2026-04-25,11,0,wk inc flu hosp,2026-04-25,quantile,0.85,6
2026-04-25,11,0,wk inc flu hosp,2026-04-25,quantile,0.9,8
2026-04-25,11,0,wk inc flu hosp,2026-04-25,quantile,0.95,10
2026-04-25,11,0,wk inc flu hosp,2026-04-25,quantile,0.975,11
2026-04-25,11,0,wk inc flu hosp,2026-04-25,quantile,0.99,13
2026-04-25,11,1,wk inc flu hosp,2026-05-02,quantile,0.01,0
2026-04-25,11,1,wk inc flu hosp,2026-05-02,quantile,0.025,0
2026-04-25,11,1,wk inc flu hosp,2026-05-02,quantile,0.05,0
2026-04-25,11,1,wk inc flu hosp,2026-05-02,quantile,0.1,0
2026-04-25,11,1,wk inc flu hosp,2026-05-02,quantile,0.15,0
2026-04-25,11,1,wk inc flu hosp,2026-05-02,quantile,0.2,0
2026-04-25,11,1,wk inc flu hosp,2026-05-02,quantile,0.25,0
2026-04-25,11,1,wk inc flu hosp,2026-05-02,quantile,0.3,1
2026-04-25,11,1,wk inc flu hosp,2026-05-02,quantile,0.35,1
2026-04-25,11,1,wk inc flu hosp,2026-05-02,quantile,0.4,1
2026-04-25,11,1,wk inc flu hosp,2026-05-02,quantile,0.45,1
2026-04-25,11,1,wk inc flu hosp,2026-05-02,quantile,0.5,3
2026-04-25,11,1,wk inc flu hosp,2026-05-02,quantile,0.55,3
2026-04-25,11,1,wk inc flu hosp,2026-05-02,quantile,0.6,4
2026-04-25,11,1,wk inc flu hosp,2026-05-02,quantile,0.65,4
2026-04-25,11,1,wk inc flu hosp,2026-05-02,quantile,0.7,5
2026-04-25,11,1,wk inc flu hosp,2026-05-02,quantile,0.75,5
2026-04-25,11,1,wk inc flu hosp,2026-05-02,quantile,0.8,6
2026-04-25,11,1,wk inc flu hosp,2026-05-02,quantile,0.85,7
2026-04-25,11,1,wk inc flu hosp,2026-05-02,quantile,0.9,8
2026-04-25,11,1,wk inc flu hosp,2026-05-02,quantile,0.95,11
2026-04-25,11,1,wk inc flu hosp,2026-05-02,quantile,0.975,13
2026-04-25,11,1,wk inc flu hosp,2026-05-02,quantile,0.99,17
2026-04-25,11,2,wk inc flu hosp,2026-05-09,quantile,0.01,0
2026-04-25,11,2,wk inc flu hosp,2026-05-09,quantile,0.025,0
2026-04-25,11,2,wk inc flu hosp,2026-05-09,quantile,0.05,0
2026-04-25,11,2,wk inc flu hosp,2026-05-09,quantile,0.1,0
2026-04-25,11,2,wk inc flu hosp,2026-05-09,quantile,0.15,0
2026-04-25,11,2,wk inc flu hosp,2026-05-09,quantile,0.2,0
2026-04-25,11,2,wk inc flu hosp,2026-05-09,quantile,0.25,0
2026-04-25,11,2,wk inc flu hosp,2026-05-09,quantile,0.3,0
2026-04-25,11,2,wk inc flu hosp,2026-05-09,quantile,0.35,1
2026-04-25,11,2,wk inc flu hosp,2026-05-09,quantile,0.4,1
2026-04-25,11,2,wk inc flu hosp,2026-05-09,quantile,0.45,1
2026-04-25,11,2,wk inc flu hosp,2026-05-09,quantile,0.5,2
2026-04-25,11,2,wk inc flu hosp,2026-05-09,quantile,0.55,3
2026-04-25,11,2,wk inc flu hosp,2026-05-09,quantile,0.6,3
2026-04-25,11,2,wk inc flu hosp,2026-05-09,quantile,0.65,4
2026-04-25,11,2,wk inc flu hosp,2026-05-09,quantile,0.7,5
2026-04-25,11,2,wk inc flu hosp,2026-05-09,quantile,0.75,5
2026-04-25,11,2,wk inc flu hosp,2026-05-09,quantile,0.8,6
2026-04-25,11,2,wk inc flu hosp,2026-05-09,quantile,0.85,7
2026-04-25,11,2,wk inc flu hosp,2026-05-09,quantile,0.9,8
2026-04-25,11,2,wk inc flu hosp,2026-05-09,quantile,0.95,11
2026-04-25,11,2,wk inc flu hosp,2026-05-09,quantile,0.975,14
2026-04-25,11,2,wk inc flu hosp,2026-05-09,quantile,0.99,20
2026-04-25,11,3,wk inc flu hosp,2026-05-16,quantile,0.01,0
2026-04-25,11,3,wk inc flu hosp,2026-05-16,quantile,0.025,0
2026-04-25,11,3,wk inc flu hosp,2026-05-16,quantile,0.05,0
2026-04-25,11,3,wk inc flu hosp,2026-05-16,quantile,0.1,0
2026-04-25,11,3,wk inc flu hosp,2026-05-16,quantile,0.15,0
2026-04-25,11,3,wk inc flu hosp,2026-05-16,quantile,0.2,0
2026-04-25,11,3,wk inc flu hosp,2026-05-16,quantile,0.25,0
2026-04-25,11,3,wk inc flu hosp,2026-05-16,quantile,0.3,0
2026-04-25,11,3,wk inc flu hosp,2026-05-16,quantile,0.35,1
2026-04-25,11,3,wk inc flu hosp,2026-05-16,quantile,0.4,1
2026-04-25,11,3,wk inc flu hosp,2026-05-16,quantile,0.45,1
2026-04-25,11,3,wk inc flu hosp,2026-05-16,quantile,0.5,2
2026-04-25,11,3,wk inc flu hosp,2026-05-16,quantile,0.55,3
2026-04-25,11,3,wk inc flu hosp,2026-05-16,quantile,0.6,3
2026-04-25,11,3,wk inc flu hosp,2026-05-16,quantile,0.65,4
2026-04-25,11,3,wk inc flu hosp,2026-05-16,quantile,0.7,5
2026-04-25,11,3,wk inc flu hosp,2026-05-16,quantile,0.75,5
2026-04-25,11,3,wk inc flu hosp,2026-05-16,quantile,0.8,6
2026-04-25,11,3,wk inc flu hosp,2026-05-16,quantile,0.85,7
2026-04-25,11,3,wk inc flu hosp,2026-05-16,quantile,0.9,8
2026-04-25,11,3,wk inc flu hosp,2026-05-16,quantile,0.95,12
2026-04-25,11,3,wk inc flu hosp,2026-05-16,quantile,0.975,14
2026-04-25,11,3,wk inc flu hosp,2026-05-16,quantile,0.99,21
2026-04-25,12,0,wk inc flu hosp,2026-04-25,quantile,0.01,35
2026-04-25,12,0,wk inc flu hosp,2026-04-25,quantile,0.025,49
2026-04-25,12,0,wk inc flu hosp,2026-04-25,quantile,0.05,54
2026-04-25,12,0,wk inc flu hosp,2026-04-25,quantile,0.1,67
2026-04-25,12,0,wk inc flu hosp,2026-04-25,quantile,0.15,77
2026-04-25,12,0,wk inc flu hosp,2026-04-25,quantile,0.2,85
2026-04-25,12,0,wk inc flu hosp,2026-04-25,quantile,0.25,92
2026-04-25,12,0,wk inc flu hosp,2026-04-25,quantile,0.3,98
2026-04-25,12,0,wk inc flu hosp,2026-04-25,quantile,0.35,104
2026-04-25,12,0,wk inc flu hosp,2026-04-25,quantile,0.4,111
2026-04-25,12,0,wk inc flu hosp,2026-04-25,quantile,0.45,118
2026-04-25,12,0,wk inc flu hosp,2026-04-25,quantile,0.5,127
2026-04-25,12,0,wk inc flu hosp,2026-04-25,quantile,0.55,136
2026-04-25,12,0,wk inc flu hosp,2026-04-25,quantile,0.6,148
2026-04-25,12,0,wk inc flu hosp,2026-04-25,quantile,0.65,159
2026-04-25,12,0,wk inc flu hosp,2026-04-25,quantile,0.7,169
2026-04-25,12,0,wk inc flu hosp,2026-04-25,quantile,0.75,181
2026-04-25,12,0,wk inc flu hosp,2026-04-25,quantile,0.8,185
2026-04-25,12,0,wk inc flu hosp,2026-04-25,quantile,0.85,198
2026-04-25,12,0,wk inc flu hosp,2026-04-25,quantile,0.9,223
2026-04-25,12,0,wk inc flu hosp,2026-04-25,quantile,0.95,255
2026-04-25,12,0,wk inc flu hosp,2026-04-25,quantile,0.975,309
2026-04-25,12,0,wk inc flu hosp,2026-04-25,quantile,0.99,332
2026-04-25,12,1,wk inc flu hosp,2026-05-02,quantile,0.01,18
2026-04-25,12,1,wk inc flu hosp,2026-05-02,quantile,0.025,22
2026-04-25,12,1,wk inc flu hosp,2026-05-02,quantile,0.05,28
2026-04-25,12,1,wk inc flu hosp,2026-05-02,quantile,0.1,46
2026-04-25,12,1,wk inc flu hosp,2026-05-02,quantile,0.15,58
2026-04-25,12,1,wk inc flu hosp,2026-05-02,quantile,0.2,66
2026-04-25,12,1,wk inc flu hosp,2026-05-02,quantile,0.25,73
2026-04-25,12,1,wk inc flu hosp,2026-05-02,quantile,0.3,79
2026-04-25,12,1,wk inc flu hosp,2026-05-02,quantile,0.35,85
2026-04-25,12,1,wk inc flu hosp,2026-05-02,quantile,0.4,93
2026-04-25,12,1,wk inc flu hosp,2026-05-02,quantile,0.45,103
2026-04-25,12,1,wk inc flu hosp,2026-05-02,quantile,0.5,112
2026-04-25,12,1,wk inc flu hosp,2026-05-02,quantile,0.55,119
2026-04-25,12,1,wk inc flu hosp,2026-05-02,quantile,0.6,128
2026-04-25,12,1,wk inc flu hosp,2026-05-02,quantile,0.65,137
2026-04-25,12,1,wk inc flu hosp,2026-05-02,quantile,0.7,151
2026-04-25,12,1,wk inc flu hosp,2026-05-02,quantile,0.75,165
2026-04-25,12,1,wk inc flu hosp,2026-05-02,quantile,0.8,178
2026-04-25,12,1,wk inc flu hosp,2026-05-02,quantile,0.85,196
2026-04-25,12,1,wk inc flu hosp,2026-05-02,quantile,0.9,221
2026-04-25,12,1,wk inc flu hosp,2026-05-02,quantile,0.95,260
2026-04-25,12,1,wk inc flu hosp,2026-05-02,quantile,0.975,300
2026-04-25,12,1,wk inc flu hosp,2026-05-02,quantile,0.99,350
2026-04-25,12,2,wk inc flu hosp,2026-05-09,quantile,0.01,9
2026-04-25,12,2,wk inc flu hosp,2026-05-09,quantile,0.025,16
2026-04-25,12,2,wk inc flu hosp,2026-05-09,quantile,0.05,25
2026-04-25,12,2,wk inc flu hosp,2026-05-09,quantile,0.1,39
2026-04-25,12,2,wk inc flu hosp,2026-05-09,quantile,0.15,48
2026-04-25,12,2,wk inc flu hosp,2026-05-09,quantile,0.2,56
2026-04-25,12,2,wk inc flu hosp,2026-05-09,quantile,0.25,63
2026-04-25,12,2,wk inc flu hosp,2026-05-09,quantile,0.3,70
2026-04-25,12,2,wk inc flu hosp,2026-05-09,quantile,0.35,76
2026-04-25,12,2,wk inc flu hosp,2026-05-09,quantile,0.4,82
2026-04-25,12,2,wk inc flu hosp,2026-05-09,quantile,0.45,92
2026-04-25,12,2,wk inc flu hosp,2026-05-09,quantile,0.5,103
2026-04-25,12,2,wk inc flu hosp,2026-05-09,quantile,0.55,111
2026-04-25,12,2,wk inc flu hosp,2026-05-09,quantile,0.6,119
2026-04-25,12,2,wk inc flu hosp,2026-05-09,quantile,0.65,131
2026-04-25,12,2,wk inc flu hosp,2026-05-09,quantile,0.7,144
2026-04-25,12,2,wk inc flu hosp,2026-05-09,quantile,0.75,160
2026-04-25,12,2,wk inc flu hosp,2026-05-09,quantile,0.8,180
2026-04-25,12,2,wk inc flu hosp,2026-05-09,quantile,0.85,206
2026-04-25,12,2,wk inc flu hosp,2026-05-09,quantile,0.9,239
2026-04-25,12,2,wk inc flu hosp,2026-05-09,quantile,0.95,268
2026-04-25,12,2,wk inc flu hosp,2026-05-09,quantile,0.975,304
2026-04-25,12,2,wk inc flu hosp,2026-05-09,quantile,0.99,376
2026-04-25,12,3,wk inc flu hosp,2026-05-16,quantile,0.01,7
2026-04-25,12,3,wk inc flu hosp,2026-05-16,quantile,0.025,11
2026-04-25,12,3,wk inc flu hosp,2026-05-16,quantile,0.05,20
2026-04-25,12,3,wk inc flu hosp,2026-05-16,quantile,0.1,29
2026-04-25,12,3,wk inc flu hosp,2026-05-16,quantile,0.15,41
2026-04-25,12,3,wk inc flu hosp,2026-05-16,quantile,0.2,52
2026-04-25,12,3,wk inc flu hosp,2026-05-16,quantile,0.25,59
2026-04-25,12,3,wk inc flu hosp,2026-05-16,quantile,0.3,65
2026-04-25,12,3,wk inc flu hosp,2026-05-16,quantile,0.35,70
2026-04-25,12,3,wk inc flu hosp,2026-05-16,quantile,0.4,77
2026-04-25,12,3,wk inc flu hosp,2026-05-16,quantile,0.45,83
2026-04-25,12,3,wk inc flu hosp,2026-05-16,quantile,0.5,95
2026-04-25,12,3,wk inc flu hosp,2026-05-16,quantile,0.55,107
2026-04-25,12,3,wk inc flu hosp,2026-05-16,quantile,0.6,116
2026-04-25,12,3,wk inc flu hosp,2026-05-16,quantile,0.65,130
2026-04-25,12,3,wk inc flu hosp,2026-05-16,quantile,0.7,148
2026-04-25,12,3,wk inc flu hosp,2026-05-16,quantile,0.75,164
2026-04-25,12,3,wk inc flu hosp,2026-05-16,quantile,0.8,183
2026-04-25,12,3,wk inc flu hosp,2026-05-16,quantile,0.85,207
2026-04-25,12,3,wk inc flu hosp,2026-05-16,quantile,0.9,244
2026-04-25,12,3,wk inc flu hosp,2026-05-16,quantile,0.95,287
2026-04-25,12,3,wk inc flu hosp,2026-05-16,quantile,0.975,324
2026-04-25,12,3,wk inc flu hosp,2026-05-16,quantile,0.99,392
2026-04-25,13,0,wk inc flu hosp,2026-04-25,quantile,0.01,5
2026-04-25,13,0,wk inc flu hosp,2026-04-25,quantile,0.025,7
2026-04-25,13,0,wk inc flu hosp,2026-04-25,quantile,0.05,9
2026-04-25,13,0,wk inc flu hosp,2026-04-25,quantile,0.1,12
2026-04-25,13,0,wk inc flu hosp,2026-04-25,quantile,0.15,14
2026-04-25,13,0,wk inc flu hosp,2026-04-25,quantile,0.2,16
2026-04-25,13,0,wk inc flu hosp,2026-04-25,quantile,0.25,18
2026-04-25,13,0,wk inc flu hosp,2026-04-25,quantile,0.3,20
2026-04-25,13,0,wk inc flu hosp,2026-04-25,quantile,0.35,22
2026-04-25,13,0,wk inc flu hosp,2026-04-25,quantile,0.4,25
2026-04-25,13,0,wk inc flu hosp,2026-04-25,quantile,0.45,28
2026-04-25,13,0,wk inc flu hosp,2026-04-25,quantile,0.5,30
2026-04-25,13,0,wk inc flu hosp,2026-04-25,quantile,0.55,33
2026-04-25,13,0,wk inc flu hosp,2026-04-25,quantile,0.6,35
2026-04-25,13,0,wk inc flu hosp,2026-04-25,quantile,0.65,37
2026-04-25,13,0,wk inc flu hosp,2026-04-25,quantile,0.7,41
2026-04-25,13,0,wk inc flu hosp,2026-04-25,quantile,0.75,44
2026-04-25,13,0,wk inc flu hosp,2026-04-25,quantile,0.8,48
2026-04-25,13,0,wk inc flu hosp,2026-04-25,quantile,0.85,52
2026-04-25,13,0,wk inc flu hosp,2026-04-25,quantile,0.9,56
2026-04-25,13,0,wk inc flu hosp,2026-04-25,quantile,0.95,65
2026-04-25,13,0,wk inc flu hosp,2026-04-25,quantile,0.975,77
2026-04-25,13,0,wk inc flu hosp,2026-04-25,quantile,0.99,95
2026-04-25,13,1,wk inc flu hosp,2026-05-02,quantile,0.01,1
2026-04-25,13,1,wk inc flu hosp,2026-05-02,quantile,0.025,2
2026-04-25,13,1,wk inc flu hosp,2026-05-02,quantile,0.05,6
2026-04-25,13,1,wk inc flu hosp,2026-05-02,quantile,0.1,7
2026-04-25,13,1,wk inc flu hosp,2026-05-02,quantile,0.15,8
2026-04-25,13,1,wk inc flu hosp,2026-05-02,quantile,0.2,11
2026-04-25,13,1,wk inc flu hosp,2026-05-02,quantile,0.25,14
2026-04-25,13,1,wk inc flu hosp,2026-05-02,quantile,0.3,16
2026-04-25,13,1,wk inc flu hosp,2026-05-02,quantile,0.35,19
2026-04-25,13,1,wk inc flu hosp,2026-05-02,quantile,0.4,21
2026-04-25,13,1,wk inc flu hosp,2026-05-02,quantile,0.45,23
2026-04-25,13,1,wk inc flu hosp,2026-05-02,quantile,0.5,27
2026-04-25,13,1,wk inc flu hosp,2026-05-02,quantile,0.55,29
2026-04-25,13,1,wk inc flu hosp,2026-05-02,quantile,0.6,31
2026-04-25,13,1,wk inc flu hosp,2026-05-02,quantile,0.65,32
2026-04-25,13,1,wk inc flu hosp,2026-05-02,quantile,0.7,37
2026-04-25,13,1,wk inc flu hosp,2026-05-02,quantile,0.75,40
2026-04-25,13,1,wk inc flu hosp,2026-05-02,quantile,0.8,43
2026-04-25,13,1,wk inc flu hosp,2026-05-02,quantile,0.85,47
2026-04-25,13,1,wk inc flu hosp,2026-05-02,quantile,0.9,53
2026-04-25,13,1,wk inc flu hosp,2026-05-02,quantile,0.95,63
2026-04-25,13,1,wk inc flu hosp,2026-05-02,quantile,0.975,75
2026-04-25,13,1,wk inc flu hosp,2026-05-02,quantile,0.99,91
2026-04-25,13,2,wk inc flu hosp,2026-05-09,quantile,0.01,0
2026-04-25,13,2,wk inc flu hosp,2026-05-09,quantile,0.025,1
2026-04-25,13,2,wk inc flu hosp,2026-05-09,quantile,0.05,1
2026-04-25,13,2,wk inc flu hosp,2026-05-09,quantile,0.1,6
2026-04-25,13,2,wk inc flu hosp,2026-05-09,quantile,0.15,7
2026-04-25,13,2,wk inc flu hosp,2026-05-09,quantile,0.2,9
2026-04-25,13,2,wk inc flu hosp,2026-05-09,quantile,0.25,11
2026-04-25,13,2,wk inc flu hosp,2026-05-09,quantile,0.3,13
2026-04-25,13,2,wk inc flu hosp,2026-05-09,quantile,0.35,15
2026-04-25,13,2,wk inc flu hosp,2026-05-09,quantile,0.4,17
2026-04-25,13,2,wk inc flu hosp,2026-05-09,quantile,0.45,21
2026-04-25,13,2,wk inc flu hosp,2026-05-09,quantile,0.5,24
2026-04-25,13,2,wk inc flu hosp,2026-05-09,quantile,0.55,26
2026-04-25,13,2,wk inc flu hosp,2026-05-09,quantile,0.6,28
2026-04-25,13,2,wk inc flu hosp,2026-05-09,quantile,0.65,31
2026-04-25,13,2,wk inc flu hosp,2026-05-09,quantile,0.7,35
2026-04-25,13,2,wk inc flu hosp,2026-05-09,quantile,0.75,38
2026-04-25,13,2,wk inc flu hosp,2026-05-09,quantile,0.8,42
2026-04-25,13,2,wk inc flu hosp,2026-05-09,quantile,0.85,45
2026-04-25,13,2,wk inc flu hosp,2026-05-09,quantile,0.9,50
2026-04-25,13,2,wk inc flu hosp,2026-05-09,quantile,0.95,61
2026-04-25,13,2,wk inc flu hosp,2026-05-09,quantile,0.975,81
2026-04-25,13,2,wk inc flu hosp,2026-05-09,quantile,0.99,104
2026-04-25,13,3,wk inc flu hosp,2026-05-16,quantile,0.01,0
2026-04-25,13,3,wk inc flu hosp,2026-05-16,quantile,0.025,0
2026-04-25,13,3,wk inc flu hosp,2026-05-16,quantile,0.05,2
2026-04-25,13,3,wk inc flu hosp,2026-05-16,quantile,0.1,4
2026-04-25,13,3,wk inc flu hosp,2026-05-16,quantile,0.15,7
2026-04-25,13,3,wk inc flu hosp,2026-05-16,quantile,0.2,8
2026-04-25,13,3,wk inc flu hosp,2026-05-16,quantile,0.25,10
2026-04-25,13,3,wk inc flu hosp,2026-05-16,quantile,0.3,12
2026-04-25,13,3,wk inc flu hosp,2026-05-16,quantile,0.35,13
2026-04-25,13,3,wk inc flu hosp,2026-05-16,quantile,0.4,15
2026-04-25,13,3,wk inc flu hosp,2026-05-16,quantile,0.45,18
2026-04-25,13,3,wk inc flu hosp,2026-05-16,quantile,0.5,22
2026-04-25,13,3,wk inc flu hosp,2026-05-16,quantile,0.55,24
2026-04-25,13,3,wk inc flu hosp,2026-05-16,quantile,0.6,26
2026-04-25,13,3,wk inc flu hosp,2026-05-16,quantile,0.65,28
2026-04-25,13,3,wk inc flu hosp,2026-05-16,quantile,0.7,31
2026-04-25,13,3,wk inc flu hosp,2026-05-16,quantile,0.75,37
2026-04-25,13,3,wk inc flu hosp,2026-05-16,quantile,0.8,40
2026-04-25,13,3,wk inc flu hosp,2026-05-16,quantile,0.85,44
2026-04-25,13,3,wk inc flu hosp,2026-05-16,quantile,0.9,51
2026-04-25,13,3,wk inc flu hosp,2026-05-16,quantile,0.95,63
2026-04-25,13,3,wk inc flu hosp,2026-05-16,quantile,0.975,81
2026-04-25,13,3,wk inc flu hosp,2026-05-16,quantile,0.99,106
2026-04-25,15,0,wk inc flu hosp,2026-04-25,quantile,0.01,0
2026-04-25,15,0,wk inc flu hosp,2026-04-25,quantile,0.025,0
2026-04-25,15,0,wk inc flu hosp,2026-04-25,quantile,0.05,0
2026-04-25,15,0,wk inc flu hosp,2026-04-25,quantile,0.1,0
2026-04-25,15,0,wk inc flu hosp,2026-04-25,quantile,0.15,0
2026-04-25,15,0,wk inc flu hosp,2026-04-25,quantile,0.2,0
2026-04-25,15,0,wk inc flu hosp,2026-04-25,quantile,0.25,1
2026-04-25,15,0,wk inc flu hosp,2026-04-25,quantile,0.3,1
2026-04-25,15,0,wk inc flu hosp,2026-04-25,quantile,0.35,1
2026-04-25,15,0,wk inc flu hosp,2026-04-25,quantile,0.4,2
2026-04-25,15,0,wk inc flu hosp,2026-04-25,quantile,0.45,2
2026-04-25,15,0,wk inc flu hosp,2026-04-25,quantile,0.5,3
2026-04-25,15,0,wk inc flu hosp,2026-04-25,quantile,0.55,3
2026-04-25,15,0,wk inc flu hosp,2026-04-25,quantile,0.6,4
2026-04-25,15,0,wk inc flu hosp,2026-04-25,quantile,0.65,4
2026-04-25,15,0,wk inc flu hosp,2026-04-25,quantile,0.7,5
2026-04-25,15,0,wk inc flu hosp,2026-04-25,quantile,0.75,5
2026-04-25,15,0,wk inc flu hosp,2026-04-25,quantile,0.8,6
2026-04-25,15,0,wk inc flu hosp,2026-04-25,quantile,0.85,7
2026-04-25,15,0,wk inc flu hosp,2026-04-25,quantile,0.9,8
2026-04-25,15,0,wk inc flu hosp,2026-04-25,quantile,0.95,11
2026-04-25,15,0,wk inc flu hosp,2026-04-25,quantile,0.975,13
2026-04-25,15,0,wk inc flu hosp,2026-04-25,quantile,0.99,16
2026-04-25,15,1,wk inc flu hosp,2026-05-02,quantile,0.01,0
2026-04-25,15,1,wk inc flu hosp,2026-05-02,quantile,0.025,0
2026-04-25,15,1,wk inc flu hosp,2026-05-02,quantile,0.05,0
2026-04-25,15,1,wk inc flu hosp,2026-05-02,quantile,0.1,0
2026-04-25,15,1,wk inc flu hosp,2026-05-02,quantile,0.15,0
2026-04-25,15,1,wk inc flu hosp,2026-05-02,quantile,0.2,0
2026-04-25,15,1,wk inc flu hosp,2026-05-02,quantile,0.25,1
2026-04-25,15,1,wk inc flu hosp,2026-05-02,quantile,0.3,1
2026-04-25,15,1,wk inc flu hosp,2026-05-02,quantile,0.35,1
2026-04-25,15,1,wk inc flu hosp,2026-05-02,quantile,0.4,2
2026-04-25,15,1,wk inc flu hosp,2026-05-02,quantile,0.45,2
2026-04-25,15,1,wk inc flu hosp,2026-05-02,quantile,0.5,3
2026-04-25,15,1,wk inc flu hosp,2026-05-02,quantile,0.55,3
2026-04-25,15,1,wk inc flu hosp,2026-05-02,quantile,0.6,4
2026-04-25,15,1,wk inc flu hosp,2026-05-02,quantile,0.65,4
2026-04-25,15,1,wk inc flu hosp,2026-05-02,quantile,0.7,5
2026-04-25,15,1,wk inc flu hosp,2026-05-02,quantile,0.75,5
2026-04-25,15,1,wk inc flu hosp,2026-05-02,quantile,0.8,6
2026-04-25,15,1,wk inc flu hosp,2026-05-02,quantile,0.85,7
2026-04-25,15,1,wk inc flu hosp,2026-05-02,quantile,0.9,8
2026-04-25,15,1,wk inc flu hosp,2026-05-02,quantile,0.95,11
2026-04-25,15,1,wk inc flu hosp,2026-05-02,quantile,0.975,15
2026-04-25,15,1,wk inc flu hosp,2026-05-02,quantile,0.99,18
2026-04-25,15,2,wk inc flu hosp,2026-05-09,quantile,0.01,0
2026-04-25,15,2,wk inc flu hosp,2026-05-09,quantile,0.025,0
2026-04-25,15,2,wk inc flu hosp,2026-05-09,quantile,0.05,0
2026-04-25,15,2,wk inc flu hosp,2026-05-09,quantile,0.1,0
2026-04-25,15,2,wk inc flu hosp,2026-05-09,quantile,0.15,0
2026-04-25,15,2,wk inc flu hosp,2026-05-09,quantile,0.2,0
2026-04-25,15,2,wk inc flu hosp,2026-05-09,quantile,0.25,1
2026-04-25,15,2,wk inc flu hosp,2026-05-09,quantile,0.3,1
2026-04-25,15,2,wk inc flu hosp,2026-05-09,quantile,0.35,1
2026-04-25,15,2,wk inc flu hosp,2026-05-09,quantile,0.4,1
2026-04-25,15,2,wk inc flu hosp,2026-05-09,quantile,0.45,2
2026-04-25,15,2,wk inc flu hosp,2026-05-09,quantile,0.5,3
2026-04-25,15,2,wk inc flu hosp,2026-05-09,quantile,0.55,3
2026-04-25,15,2,wk inc flu hosp,2026-05-09,quantile,0.6,3
2026-04-25,15,2,wk inc flu hosp,2026-05-09,quantile,0.65,4
2026-04-25,15,2,wk inc flu hosp,2026-05-09,quantile,0.7,4
2026-04-25,15,2,wk inc flu hosp,2026-05-09,quantile,0.75,6
2026-04-25,15,2,wk inc flu hosp,2026-05-09,quantile,0.8,6
2026-04-25,15,2,wk inc flu hosp,2026-05-09,quantile,0.85,7
2026-04-25,15,2,wk inc flu hosp,2026-05-09,quantile,0.9,9
2026-04-25,15,2,wk inc flu hosp,2026-05-09,quantile,0.95,13
2026-04-25,15,2,wk inc flu hosp,2026-05-09,quantile,0.975,16
2026-04-25,15,2,wk inc flu hosp,2026-05-09,quantile,0.99,20
2026-04-25,15,3,wk inc flu hosp,2026-05-16,quantile,0.01,0
2026-04-25,15,3,wk inc flu hosp,2026-05-16,quantile,0.025,0
2026-04-25,15,3,wk inc flu hosp,2026-05-16,quantile,0.05,0
2026-04-25,15,3,wk inc flu hosp,2026-05-16,quantile,0.1,0
2026-04-25,15,3,wk inc flu hosp,2026-05-16,quantile,0.15,0
2026-04-25,15,3,wk inc flu hosp,2026-05-16,quantile,0.2,0
2026-04-25,15,3,wk inc flu hosp,2026-05-16,quantile,0.25,1
2026-04-25,15,3,wk inc flu hosp,2026-05-16,quantile,0.3,1
2026-04-25,15,3,wk inc flu hosp,2026-05-16,quantile,0.35,1
2026-04-25,15,3,wk inc flu hosp,2026-05-16,quantile,0.4,1
2026-04-25,15,3,wk inc flu hosp,2026-05-16,quantile,0.45,1
2026-04-25,15,3,wk inc flu hosp,2026-05-16,quantile,0.5,3
2026-04-25,15,3,wk inc flu hosp,2026-05-16,quantile,0.55,3
2026-04-25,15,3,wk inc flu hosp,2026-05-16,quantile,0.6,3
2026-04-25,15,3,wk inc flu hosp,2026-05-16,quantile,0.65,4
2026-04-25,15,3,wk inc flu hosp,2026-05-16,quantile,0.7,4
2026-04-25,15,3,wk inc flu hosp,2026-05-16,quantile,0.75,5
2026-04-25,15,3,wk inc flu hosp,2026-05-16,quantile,0.8,6
2026-04-25,15,3,wk inc flu hosp,2026-05-16,quantile,0.85,7
2026-04-25,15,3,wk inc flu hosp,2026-05-16,quantile,0.9,9
2026-04-25,15,3,wk inc flu hosp,2026-05-16,quantile,0.95,13
2026-04-25,15,3,wk inc flu hosp,2026-05-16,quantile,0.975,16
2026-04-25,15,3,wk inc flu hosp,2026-05-16,quantile,0.99,21
2026-04-25,16,0,wk inc flu hosp,2026-04-25,quantile,0.01,0
2026-04-25,16,0,wk inc flu hosp,2026-04-25,quantile,0.025,0
2026-04-25,16,0,wk inc flu hosp,2026-04-25,quantile,0.05,0
2026-04-25,16,0,wk inc flu hosp,2026-04-25,quantile,0.1,1
2026-04-25,16,0,wk inc flu hosp,2026-04-25,quantile,0.15,2
2026-04-25,16,0,wk inc flu hosp,2026-04-25,quantile,0.2,2
2026-04-25,16,0,wk inc flu hosp,2026-04-25,quantile,0.25,3
2026-04-25,16,0,wk inc flu hosp,2026-04-25,quantile,0.3,4
2026-04-25,16,0,wk inc flu hosp,2026-04-25,quantile,0.35,4
2026-04-25,16,0,wk inc flu hosp,2026-04-25,quantile,0.4,5
2026-04-25,16,0,wk inc flu hosp,2026-04-25,quantile,0.45,5
2026-04-25,16,0,wk inc flu hosp,2026-04-25,quantile,0.5,7
2026-04-25,16,0,wk inc flu hosp,2026-04-25,quantile,0.55,7
2026-04-25,16,0,wk inc flu hosp,2026-04-25,quantile,0.6,8
2026-04-25,16,0,wk inc flu hosp,2026-04-25,quantile,0.65,9
2026-04-25,16,0,wk inc flu hosp,2026-04-25,quantile,0.7,10
2026-04-25,16,0,wk inc flu hosp,2026-04-25,quantile,0.75,11
2026-04-25,16,0,wk inc flu hosp,2026-04-25,quantile,0.8,12
2026-04-25,16,0,wk inc flu hosp,2026-04-25,quantile,0.85,14
2026-04-25,16,0,wk inc flu hosp,2026-04-25,quantile,0.9,16
2026-04-25,16,0,wk inc flu hosp,2026-04-25,quantile,0.95,20
2026-04-25,16,0,wk inc flu hosp,2026-04-25,quantile,0.975,25
2026-04-25,16,0,wk inc flu hosp,2026-04-25,quantile,0.99,30
2026-04-25,16,1,wk inc flu hosp,2026-05-02,quantile,0.01,0
2026-04-25,16,1,wk inc flu hosp,2026-05-02,quantile,0.025,0
2026-04-25,16,1,wk inc flu hosp,2026-05-02,quantile,0.05,0
2026-04-25,16,1,wk inc flu hosp,2026-05-02,quantile,0.1,0
2026-04-25,16,1,wk inc flu hosp,2026-05-02,quantile,0.15,1
2026-04-25,16,1,wk inc flu hosp,2026-05-02,quantile,0.2,1
2026-04-25,16,1,wk inc flu hosp,2026-05-02,quantile,0.25,2
2026-04-25,16,1,wk inc flu hosp,2026-05-02,quantile,0.3,2
2026-04-25,16,1,wk inc flu hosp,2026-05-02,quantile,0.35,3
2026-04-25,16,1,wk inc flu hosp,2026-05-02,quantile,0.4,3
2026-04-25,16,1,wk inc flu hosp,2026-05-02,quantile,0.45,4
2026-04-25,16,1,wk inc flu hosp,2026-05-02,quantile,0.5,5
2026-04-25,16,1,wk inc flu hosp,2026-05-02,quantile,0.55,6
2026-04-25,16,1,wk inc flu hosp,2026-05-02,quantile,0.6,7
2026-04-25,16,1,wk inc flu hosp,2026-05-02,quantile,0.65,7
2026-04-25,16,1,wk inc flu hosp,2026-05-02,quantile,0.7,8
2026-04-25,16,1,wk inc flu hosp,2026-05-02,quantile,0.75,9
2026-04-25,16,1,wk inc flu hosp,2026-05-02,quantile,0.8,11
2026-04-25,16,1,wk inc flu hosp,2026-05-02,quantile,0.85,12
2026-04-25,16,1,wk inc flu hosp,2026-05-02,quantile,0.9,15
2026-04-25,16,1,wk inc flu hosp,2026-05-02,quantile,0.95,19
2026-04-25,16,1,wk inc flu hosp,2026-05-02,quantile,0.975,24
2026-04-25,16,1,wk inc flu hosp,2026-05-02,quantile,0.99,28
2026-04-25,16,2,wk inc flu hosp,2026-05-09,quantile,0.01,0
2026-04-25,16,2,wk inc flu hosp,2026-05-09,quantile,0.025,0
2026-04-25,16,2,wk inc flu hosp,2026-05-09,quantile,0.05,0
2026-04-25,16,2,wk inc flu hosp,2026-05-09,quantile,0.1,0
2026-04-25,16,2,wk inc flu hosp,2026-05-09,quantile,0.15,0
2026-04-25,16,2,wk inc flu hosp,2026-05-09,quantile,0.2,1
2026-04-25,16,2,wk inc flu hosp,2026-05-09,quantile,0.25,1
2026-04-25,16,2,wk inc flu hosp,2026-05-09,quantile,0.3,1
2026-04-25,16,2,wk inc flu hosp,2026-05-09,quantile,0.35,2
2026-04-25,16,2,wk inc flu hosp,2026-05-09,quantile,0.4,2
2026-04-25,16,2,wk inc flu hosp,2026-05-09,quantile,0.45,3
2026-04-25,16,2,wk inc flu hosp,2026-05-09,quantile,0.5,4
2026-04-25,16,2,wk inc flu hosp,2026-05-09,quantile,0.55,5
2026-04-25,16,2,wk inc flu hosp,2026-05-09,quantile,0.6,5
2026-04-25,16,2,wk inc flu hosp,2026-05-09,quantile,0.65,6
2026-04-25,16,2,wk inc flu hosp,2026-05-09,quantile,0.7,7
2026-04-25,16,2,wk inc flu hosp,2026-05-09,quantile,0.75,8
2026-04-25,16,2,wk inc flu hosp,2026-05-09,quantile,0.8,10
2026-04-25,16,2,wk inc flu hosp,2026-05-09,quantile,0.85,12
2026-04-25,16,2,wk inc flu hosp,2026-05-09,quantile,0.9,16
2026-04-25,16,2,wk inc flu hosp,2026-05-09,quantile,0.95,20
2026-04-25,16,2,wk inc flu hosp,2026-05-09,quantile,0.975,26
2026-04-25,16,2,wk inc flu hosp,2026-05-09,quantile,0.99,32
2026-04-25,16,3,wk inc flu hosp,2026-05-16,quantile,0.01,0
2026-04-25,16,3,wk inc flu hosp,2026-05-16,quantile,0.025,0
2026-04-25,16,3,wk inc flu hosp,2026-05-16,quantile,0.05,0
2026-04-25,16,3,wk inc flu hosp,2026-05-16,quantile,0.1,0
2026-04-25,16,3,wk inc flu hosp,2026-05-16,quantile,0.15,0
2026-04-25,16,3,wk inc flu hosp,2026-05-16,quantile,0.2,0
2026-04-25,16,3,wk inc flu hosp,2026-05-16,quantile,0.25,1
2026-04-25,16,3,wk inc flu hosp,2026-05-16,quantile,0.3,1
2026-04-25,16,3,wk inc flu hosp,2026-05-16,quantile,0.35,1
2026-04-25,16,3,wk inc flu hosp,2026-05-16,quantile,0.4,2
2026-04-25,16,3,wk inc flu hosp,2026-05-16,quantile,0.45,2
2026-04-25,16,3,wk inc flu hosp,2026-05-16,quantile,0.5,3
2026-04-25,16,3,wk inc flu hosp,2026-05-16,quantile,0.55,4
2026-04-25,16,3,wk inc flu hosp,2026-05-16,quantile,0.6,4
2026-04-25,16,3,wk inc flu hosp,2026-05-16,quantile,0.65,5
2026-04-25,16,3,wk inc flu hosp,2026-05-16,quantile,0.7,6
2026-04-25,16,3,wk inc flu hosp,2026-05-16,quantile,0.75,7
2026-04-25,16,3,wk inc flu hosp,2026-05-16,quantile,0.8,8
2026-04-25,16,3,wk inc flu hosp,2026-05-16,quantile,0.85,11
2026-04-25,16,3,wk inc flu hosp,2026-05-16,quantile,0.9,14
2026-04-25,16,3,wk inc flu hosp,2026-05-16,quantile,0.95,21
2026-04-25,16,3,wk inc flu hosp,2026-05-16,quantile,0.975,26
2026-04-25,16,3,wk inc flu hosp,2026-05-16,quantile,0.99,34
2026-04-25,17,0,wk inc flu hosp,2026-04-25,quantile,0.01,6
2026-04-25,17,0,wk inc flu hosp,2026-04-25,quantile,0.025,9
2026-04-25,17,0,wk inc flu hosp,2026-04-25,quantile,0.05,14
2026-04-25,17,0,wk inc flu hosp,2026-04-25,quantile,0.1,23
2026-04-25,17,0,wk inc flu hosp,2026-04-25,quantile,0.15,28
2026-04-25,17,0,wk inc flu hosp,2026-04-25,quantile,0.2,30
2026-04-25,17,0,wk inc flu hosp,2026-04-25,quantile,0.25,36
2026-04-25,17,0,wk inc flu hosp,2026-04-25,quantile,0.3,42
2026-04-25,17,0,wk inc flu hosp,2026-04-25,quantile,0.35,43
2026-04-25,17,0,wk inc flu hosp,2026-04-25,quantile,0.4,49
2026-04-25,17,0,wk inc flu hosp,2026-04-25,quantile,0.45,51
2026-04-25,17,0,wk inc flu hosp,2026-04-25,quantile,0.5,58
2026-04-25,17,0,wk inc flu hosp,2026-04-25,quantile,0.55,61
2026-04-25,17,0,wk inc flu hosp,2026-04-25,quantile,0.6,63
2026-04-25,17,0,wk inc flu hosp,2026-04-25,quantile,0.65,66
2026-04-25,17,0,wk inc flu hosp,2026-04-25,quantile,0.7,72
2026-04-25,17,0,wk inc flu hosp,2026-04-25,quantile,0.75,80
2026-04-25,17,0,wk inc flu hosp,2026-04-25,quantile,0.8,90
2026-04-25,17,0,wk inc flu hosp,2026-04-25,quantile,0.85,97
2026-04-25,17,0,wk inc flu hosp,2026-04-25,quantile,0.9,108
2026-04-25,17,0,wk inc flu hosp,2026-04-25,quantile,0.95,120
2026-04-25,17,0,wk inc flu hosp,2026-04-25,quantile,0.975,136
2026-04-25,17,0,wk inc flu hosp,2026-04-25,quantile,0.99,166
2026-04-25,17,1,wk inc flu hosp,2026-05-02,quantile,0.01,4
2026-04-25,17,1,wk inc flu hosp,2026-05-02,quantile,0.025,5
2026-04-25,17,1,wk inc flu hosp,2026-05-02,quantile,0.05,6
2026-04-25,17,1,wk inc flu hosp,2026-05-02,quantile,0.1,10
2026-04-25,17,1,wk inc flu hosp,2026-05-02,quantile,0.15,15
2026-04-25,17,1,wk inc flu hosp,2026-05-02,quantile,0.2,17
2026-04-25,17,1,wk inc flu hosp,2026-05-02,quantile,0.25,20
2026-04-25,17,1,wk inc flu hosp,2026-05-02,quantile,0.3,27
2026-04-25,17,1,wk inc flu hosp,2026-05-02,quantile,0.35,30
2026-04-25,17,1,wk inc flu hosp,2026-05-02,quantile,0.4,37
2026-04-25,17,1,wk inc flu hosp,2026-05-02,quantile,0.45,41
2026-04-25,17,1,wk inc flu hosp,2026-05-02,quantile,0.5,45
2026-04-25,17,1,wk inc flu hosp,2026-05-02,quantile,0.55,50
2026-04-25,17,1,wk inc flu hosp,2026-05-02,quantile,0.6,56
2026-04-25,17,1,wk inc flu hosp,2026-05-02,quantile,0.65,62
2026-04-25,17,1,wk inc flu hosp,2026-05-02,quantile,0.7,66
2026-04-25,17,1,wk inc flu hosp,2026-05-02,quantile,0.75,68
2026-04-25,17,1,wk inc flu hosp,2026-05-02,quantile,0.8,83
2026-04-25,17,1,wk inc flu hosp,2026-05-02,quantile,0.85,98
2026-04-25,17,1,wk inc flu hosp,2026-05-02,quantile,0.9,108
2026-04-25,17,1,wk inc flu hosp,2026-05-02,quantile,0.95,133
2026-04-25,17,1,wk inc flu hosp,2026-05-02,quantile,0.975,158
2026-04-25,17,1,wk inc flu hosp,2026-05-02,quantile,0.99,196
2026-04-25,17,2,wk inc flu hosp,2026-05-09,quantile,0.01,0
2026-04-25,17,2,wk inc flu hosp,2026-05-09,quantile,0.025,0
2026-04-25,17,2,wk inc flu hosp,2026-05-09,quantile,0.05,2
2026-04-25,17,2,wk inc flu hosp,2026-05-09,quantile,0.1,5
2026-04-25,17,2,wk inc flu hosp,2026-05-09,quantile,0.15,9
2026-04-25,17,2,wk inc flu hosp,2026-05-09,quantile,0.2,12
2026-04-25,17,2,wk inc flu hosp,2026-05-09,quantile,0.25,15
2026-04-25,17,2,wk inc flu hosp,2026-05-09,quantile,0.3,17
2026-04-25,17,2,wk inc flu hosp,2026-05-09,quantile,0.35,23
2026-04-25,17,2,wk inc flu hosp,2026-05-09,quantile,0.4,28
2026-04-25,17,2,wk inc flu hosp,2026-05-09,quantile,0.45,31
2026-04-25,17,2,wk inc flu hosp,2026-05-09,quantile,0.5,37
2026-04-25,17,2,wk inc flu hosp,2026-05-09,quantile,0.55,42
2026-04-25,17,2,wk inc flu hosp,2026-05-09,quantile,0.6,49
2026-04-25,17,2,wk inc flu hosp,2026-05-09,quantile,0.65,55
2026-04-25,17,2,wk inc flu hosp,2026-05-09,quantile,0.7,64
2026-04-25,17,2,wk inc flu hosp,2026-05-09,quantile,0.75,74
2026-04-25,17,2,wk inc flu hosp,2026-05-09,quantile,0.8,84
2026-04-25,17,2,wk inc flu hosp,2026-05-09,quantile,0.85,100
2026-04-25,17,2,wk inc flu hosp,2026-05-09,quantile,0.9,118
2026-04-25,17,2,wk inc flu hosp,2026-05-09,quantile,0.95,154
2026-04-25,17,2,wk inc flu hosp,2026-05-09,quantile,0.975,209
2026-04-25,17,2,wk inc flu hosp,2026-05-09,quantile,0.99,278
2026-04-25,17,3,wk inc flu hosp,2026-05-16,quantile,0.01,0
2026-04-25,17,3,wk inc flu hosp,2026-05-16,quantile,0.025,0
2026-04-25,17,3,wk inc flu hosp,2026-05-16,quantile,0.05,1
2026-04-25,17,3,wk inc flu hosp,2026-05-16,quantile,0.1,4
2026-04-25,17,3,wk inc flu hosp,2026-05-16,quantile,0.15,7
2026-04-25,17,3,wk inc flu hosp,2026-05-16,quantile,0.2,11
2026-04-25,17,3,wk inc flu hosp,2026-05-16,quantile,0.25,14
2026-04-25,17,3,wk inc flu hosp,2026-05-16,quantile,0.3,16
2026-04-25,17,3,wk inc flu hosp,2026-05-16,quantile,0.35,18
2026-04-25,17,3,wk inc flu hosp,2026-05-16,quantile,0.4,24
2026-04-25,17,3,wk inc flu hosp,2026-05-16,quantile,0.45,29
2026-04-25,17,3,wk inc flu hosp,2026-05-16,quantile,0.5,33
2026-04-25,17,3,wk inc flu hosp,2026-05-16,quantile,0.55,40
2026-04-25,17,3,wk inc flu hosp,2026-05-16,quantile,0.6,44
2026-04-25,17,3,wk inc flu hosp,2026-05-16,quantile,0.65,51
2026-04-25,17,3,wk inc flu hosp,2026-05-16,quantile,0.7,54
2026-04-25,17,3,wk inc flu hosp,2026-05-16,quantile,0.75,62
2026-04-25,17,3,wk inc flu hosp,2026-05-16,quantile,0.8,73
2026-04-25,17,3,wk inc flu hosp,2026-05-16,quantile,0.85,86
2026-04-25,17,3,wk inc flu hosp,2026-05-16,quantile,0.9,112
2026-04-25,17,3,wk inc flu hosp,2026-05-16,quantile,0.95,156
2026-04-25,17,3,wk inc flu hosp,2026-05-16,quantile,0.975,204
2026-04-25,17,3,wk inc flu hosp,2026-05-16,quantile,0.99,269
2026-04-25,18,0,wk inc flu hosp,2026-04-25,quantile,0.01,3
2026-04-25,18,0,wk inc flu hosp,2026-04-25,quantile,0.025,4
2026-04-25,18,0,wk inc flu hosp,2026-04-25,quantile,0.05,6
2026-04-25,18,0,wk inc flu hosp,2026-04-25,quantile,0.1,8
2026-04-25,18,0,wk inc flu hosp,2026-04-25,quantile,0.15,10
2026-04-25,18,0,wk inc flu hosp,2026-04-25,quantile,0.2,14
2026-04-25,18,0,wk inc flu hosp,2026-04-25,quantile,0.25,16
2026-04-25,18,0,wk inc flu hosp,2026-04-25,quantile,0.3,19
2026-04-25,18,0,wk inc flu hosp,2026-04-25,quantile,0.35,22
2026-04-25,18,0,wk inc flu hosp,2026-04-25,quantile,0.4,24
2026-04-25,18,0,wk inc flu hosp,2026-04-25,quantile,0.45,25
2026-04-25,18,0,wk inc flu hosp,2026-04-25,quantile,0.5,28
2026-04-25,18,0,wk inc flu hosp,2026-04-25,quantile,0.55,30
2026-04-25,18,0,wk inc flu hosp,2026-04-25,quantile,0.6,33
2026-04-25,18,0,wk inc flu hosp,2026-04-25,quantile,0.65,35
2026-04-25,18,0,wk inc flu hosp,2026-04-25,quantile,0.7,36
2026-04-25,18,0,wk inc flu hosp,2026-04-25,quantile,0.75,39
2026-04-25,18,0,wk inc flu hosp,2026-04-25,quantile,0.8,42
2026-04-25,18,0,wk inc flu hosp,2026-04-25,quantile,0.85,45
2026-04-25,18,0,wk inc flu hosp,2026-04-25,quantile,0.9,52
2026-04-25,18,0,wk inc flu hosp,2026-04-25,quantile,0.95,62
2026-04-25,18,0,wk inc flu hosp,2026-04-25,quantile,0.975,74
2026-04-25,18,0,wk inc flu hosp,2026-04-25,quantile,0.99,85
2026-04-25,18,1,wk inc flu hosp,2026-05-02,quantile,0.01,2
2026-04-25,18,1,wk inc flu hosp,2026-05-02,quantile,0.025,3
2026-04-25,18,1,wk inc flu hosp,2026-05-02,quantile,0.05,3
2026-04-25,18,1,wk inc flu hosp,2026-05-02,quantile,0.1,5
2026-04-25,18,1,wk inc flu hosp,2026-05-02,quantile,0.15,7
2026-04-25,18,1,wk inc flu hosp,2026-05-02,quantile,0.2,9
2026-04-25,18,1,wk inc flu hosp,2026-05-02,quantile,0.25,10
2026-04-25,18,1,wk inc flu hosp,2026-05-02,quantile,0.3,11
2026-04-25,18,1,wk inc flu hosp,2026-05-02,quantile,0.35,15
2026-04-25,18,1,wk inc flu hosp,2026-05-02,quantile,0.4,18
2026-04-25,18,1,wk inc flu hosp,2026-05-02,quantile,0.45,20
2026-04-25,18,1,wk inc flu hosp,2026-05-02,quantile,0.5,23
2026-04-25,18,1,wk inc flu hosp,2026-05-02,quantile,0.55,27
2026-04-25,18,1,wk inc flu hosp,2026-05-02,quantile,0.6,29
2026-04-25,18,1,wk inc flu hosp,2026-05-02,quantile,0.65,30
2026-04-25,18,1,wk inc flu hosp,2026-05-02,quantile,0.7,33
2026-04-25,18,1,wk inc flu hosp,2026-05-02,quantile,0.75,36
2026-04-25,18,1,wk inc flu hosp,2026-05-02,quantile,0.8,39
2026-04-25,18,1,wk inc flu hosp,2026-05-02,quantile,0.85,43
2026-04-25,18,1,wk inc flu hosp,2026-05-02,quantile,0.9,48
2026-04-25,18,1,wk inc flu hosp,2026-05-02,quantile,0.95,62
2026-04-25,18,1,wk inc flu hosp,2026-05-02,quantile,0.975,74
2026-04-25,18,1,wk inc flu hosp,2026-05-02,quantile,0.99,94
2026-04-25,18,2,wk inc flu hosp,2026-05-09,quantile,0.01,0
2026-04-25,18,2,wk inc flu hosp,2026-05-09,quantile,0.025,1
2026-04-25,18,2,wk inc flu hosp,2026-05-09,quantile,0.05,2
2026-04-25,18,2,wk inc flu hosp,2026-05-09,quantile,0.1,4
2026-04-25,18,2,wk inc flu hosp,2026-05-09,quantile,0.15,5
2026-04-25,18,2,wk inc flu hosp,2026-05-09,quantile,0.2,6
2026-04-25,18,2,wk inc flu hosp,2026-05-09,quantile,0.25,7
2026-04-25,18,2,wk inc flu hosp,2026-05-09,quantile,0.3,9
2026-04-25,18,2,wk inc flu hosp,2026-05-09,quantile,0.35,11
2026-04-25,18,2,wk inc flu hosp,2026-05-09,quantile,0.4,13
2026-04-25,18,2,wk inc flu hosp,2026-05-09,quantile,0.45,16
2026-04-25,18,2,wk inc flu hosp,2026-05-09,quantile,0.5,21
2026-04-25,18,2,wk inc flu hosp,2026-05-09,quantile,0.55,24
2026-04-25,18,2,wk inc flu hosp,2026-05-09,quantile,0.6,25
2026-04-25,18,2,wk inc flu hosp,2026-05-09,quantile,0.65,27
2026-04-25,18,2,wk inc flu hosp,2026-05-09,quantile,0.7,30
2026-04-25,18,2,wk inc flu hosp,2026-05-09,quantile,0.75,32
2026-04-25,18,2,wk inc flu hosp,2026-05-09,quantile,0.8,35
2026-04-25,18,2,wk inc flu hosp,2026-05-09,quantile,0.85,39
2026-04-25,18,2,wk inc flu hosp,2026-05-09,quantile,0.9,46
2026-04-25,18,2,wk inc flu hosp,2026-05-09,quantile,0.95,58
2026-04-25,18,2,wk inc flu hosp,2026-05-09,quantile,0.975,71
2026-04-25,18,2,wk inc flu hosp,2026-05-09,quantile,0.99,92
2026-04-25,18,3,wk inc flu hosp,2026-05-16,quantile,0.01,0
2026-04-25,18,3,wk inc flu hosp,2026-05-16,quantile,0.025,1
2026-04-25,18,3,wk inc flu hosp,2026-05-16,quantile,0.05,1
2026-04-25,18,3,wk inc flu hosp,2026-05-16,quantile,0.1,3
2026-04-25,18,3,wk inc flu hosp,2026-05-16,quantile,0.15,4
2026-04-25,18,3,wk inc flu hosp,2026-05-16,quantile,0.2,6
2026-04-25,18,3,wk inc flu hosp,2026-05-16,quantile,0.25,7
2026-04-25,18,3,wk inc flu hosp,2026-05-16,quantile,0.3,8
2026-04-25,18,3,wk inc flu hosp,2026-05-16,quantile,0.35,10
2026-04-25,18,3,wk inc flu hosp,2026-05-16,quantile,0.4,11
2026-04-25,18,3,wk inc flu hosp,2026-05-16,quantile,0.45,13
2026-04-25,18,3,wk inc flu hosp,2026-05-16,quantile,0.5,18
2026-04-25,18,3,wk inc flu hosp,2026-05-16,quantile,0.55,20
2026-04-25,18,3,wk inc flu hosp,2026-05-16,quantile,0.6,23
2026-04-25,18,3,wk inc flu hosp,2026-05-16,quantile,0.65,25
2026-04-25,18,3,wk inc flu hosp,2026-05-16,quantile,0.7,27
2026-04-25,18,3,wk inc flu hosp,2026-05-16,quantile,0.75,30
2026-04-25,18,3,wk inc flu hosp,2026-05-16,quantile,0.8,33
2026-04-25,18,3,wk inc flu hosp,2026-05-16,quantile,0.85,37
2026-04-25,18,3,wk inc flu hosp,2026-05-16,quantile,0.9,42
2026-04-25,18,3,wk inc flu hosp,2026-05-16,quantile,0.95,55
2026-04-25,18,3,wk inc flu hosp,2026-05-16,quantile,0.975,74
2026-04-25,18,3,wk inc flu hosp,2026-05-16,quantile,0.99,101
2026-04-25,19,0,wk inc flu hosp,2026-04-25,quantile,0.01,0
2026-04-25,19,0,wk inc flu hosp,2026-04-25,quantile,0.025,1
2026-04-25,19,0,wk inc flu hosp,2026-04-25,quantile,0.05,2
2026-04-25,19,0,wk inc flu hosp,2026-04-25,quantile,0.1,3
2026-04-25,19,0,wk inc flu hosp,2026-04-25,quantile,0.15,4
2026-04-25,19,0,wk inc flu hosp,2026-04-25,quantile,0.2,5
2026-04-25,19,0,wk inc flu hosp,2026-04-25,quantile,0.25,6
2026-04-25,19,0,wk inc flu hosp,2026-04-25,quantile,0.3,7
2026-04-25,19,0,wk inc flu hosp,2026-04-25,quantile,0.35,8
2026-04-25,19,0,wk inc flu hosp,2026-04-25,quantile,0.4,8
2026-04-25,19,0,wk inc flu hosp,2026-04-25,quantile,0.45,10
2026-04-25,19,0,wk inc flu hosp,2026-04-25,quantile,0.5,11
2026-04-25,19,0,wk inc flu hosp,2026-04-25,quantile,0.55,12
2026-04-25,19,0,wk inc flu hosp,2026-04-25,quantile,0.6,13
2026-04-25,19,0,wk inc flu hosp,2026-04-25,quantile,0.65,14
2026-04-25,19,0,wk inc flu hosp,2026-04-25,quantile,0.7,15
2026-04-25,19,0,wk inc flu hosp,2026-04-25,quantile,0.75,17
2026-04-25,19,0,wk inc flu hosp,2026-04-25,quantile,0.8,19
2026-04-25,19,0,wk inc flu hosp,2026-04-25,quantile,0.85,21
2026-04-25,19,0,wk inc flu hosp,2026-04-25,quantile,0.9,22
2026-04-25,19,0,wk inc flu hosp,2026-04-25,quantile,0.95,27
2026-04-25,19,0,wk inc flu hosp,2026-04-25,quantile,0.975,34
2026-04-25,19,0,wk inc flu hosp,2026-04-25,quantile,0.99,40
2026-04-25,19,1,wk inc flu hosp,2026-05-02,quantile,0.01,0
2026-04-25,19,1,wk inc flu hosp,2026-05-02,quantile,0.025,0
2026-04-25,19,1,wk inc flu hosp,2026-05-02,quantile,0.05,0
2026-04-25,19,1,wk inc flu hosp,2026-05-02,quantile,0.1,1
2026-04-25,19,1,wk inc flu hosp,2026-05-02,quantile,0.15,2
2026-04-25,19,1,wk inc flu hosp,2026-05-02,quantile,0.2,3
2026-04-25,19,1,wk inc flu hosp,2026-05-02,quantile,0.25,4
2026-04-25,19,1,wk inc flu hosp,2026-05-02,quantile,0.3,5
2026-04-25,19,1,wk inc flu hosp,2026-05-02,quantile,0.35,5
2026-04-25,19,1,wk inc flu hosp,2026-05-02,quantile,0.4,6
2026-04-25,19,1,wk inc flu hosp,2026-05-02,quantile,0.45,8
2026-04-25,19,1,wk inc flu hosp,2026-05-02,quantile,0.5,10
2026-04-25,19,1,wk inc flu hosp,2026-05-02,quantile,0.55,11
2026-04-25,19,1,wk inc flu hosp,2026-05-02,quantile,0.6,11
2026-04-25,19,1,wk inc flu hosp,2026-05-02,quantile,0.65,13
2026-04-25,19,1,wk inc flu hosp,2026-05-02,quantile,0.7,14
2026-04-25,19,1,wk inc flu hosp,2026-05-02,quantile,0.75,16
2026-04-25,19,1,wk inc flu hosp,2026-05-02,quantile,0.8,17
2026-04-25,19,1,wk inc flu hosp,2026-05-02,quantile,0.85,19
2026-04-25,19,1,wk inc flu hosp,2026-05-02,quantile,0.9,21
2026-04-25,19,1,wk inc flu hosp,2026-05-02,quantile,0.95,25
2026-04-25,19,1,wk inc flu hosp,2026-05-02,quantile,0.975,31
2026-04-25,19,1,wk inc flu hosp,2026-05-02,quantile,0.99,43
2026-04-25,19,2,wk inc flu hosp,2026-05-09,quantile,0.01,0
2026-04-25,19,2,wk inc flu hosp,2026-05-09,quantile,0.025,0
2026-04-25,19,2,wk inc flu hosp,2026-05-09,quantile,0.05,0
2026-04-25,19,2,wk inc flu hosp,2026-05-09,quantile,0.1,0
2026-04-25,19,2,wk inc flu hosp,2026-05-09,quantile,0.15,1
2026-04-25,19,2,wk inc flu hosp,2026-05-09,quantile,0.2,2
2026-04-25,19,2,wk inc flu hosp,2026-05-09,quantile,0.25,3
2026-04-25,19,2,wk inc flu hosp,2026-05-09,quantile,0.3,3
2026-04-25,19,2,wk inc flu hosp,2026-05-09,quantile,0.35,4
2026-04-25,19,2,wk inc flu hosp,2026-05-09,quantile,0.4,5
2026-04-25,19,2,wk inc flu hosp,2026-05-09,quantile,0.45,6
2026-04-25,19,2,wk inc flu hosp,2026-05-09,quantile,0.5,8
2026-04-25,19,2,wk inc flu hosp,2026-05-09,quantile,0.55,9
2026-04-25,19,2,wk inc flu hosp,2026-05-09,quantile,0.6,10
2026-04-25,19,2,wk inc flu hosp,2026-05-09,quantile,0.65,12
2026-04-25,19,2,wk inc flu hosp,2026-05-09,quantile,0.7,13
2026-04-25,19,2,wk inc flu hosp,2026-05-09,quantile,0.75,14
2026-04-25,19,2,wk inc flu hosp,2026-05-09,quantile,0.8,16
2026-04-25,19,2,wk inc flu hosp,2026-05-09,quantile,0.85,17
2026-04-25,19,2,wk inc flu hosp,2026-05-09,quantile,0.9,20
2026-04-25,19,2,wk inc flu hosp,2026-05-09,quantile,0.95,26
2026-04-25,19,2,wk inc flu hosp,2026-05-09,quantile,0.975,34
2026-04-25,19,2,wk inc flu hosp,2026-05-09,quantile,0.99,46
2026-04-25,19,3,wk inc flu hosp,2026-05-16,quantile,0.01,0
2026-04-25,19,3,wk inc flu hosp,2026-05-16,quantile,0.025,0
2026-04-25,19,3,wk inc flu hosp,2026-05-16,quantile,0.05,0
2026-04-25,19,3,wk inc flu hosp,2026-05-16,quantile,0.1,0
2026-04-25,19,3,wk inc flu hosp,2026-05-16,quantile,0.15,0
2026-04-25,19,3,wk inc flu hosp,2026-05-16,quantile,0.2,1
2026-04-25,19,3,wk inc flu hosp,2026-05-16,quantile,0.25,2
2026-04-25,19,3,wk inc flu hosp,2026-05-16,quantile,0.3,2
2026-04-25,19,3,wk inc flu hosp,2026-05-16,quantile,0.35,2
2026-04-25,19,3,wk inc flu hosp,2026-05-16,quantile,0.4,3
2026-04-25,19,3,wk inc flu hosp,2026-05-16,quantile,0.45,4
2026-04-25,19,3,wk inc flu hosp,2026-05-16,quantile,0.5,6
2026-04-25,19,3,wk inc flu hosp,2026-05-16,quantile,0.55,7
2026-04-25,19,3,wk inc flu hosp,2026-05-16,quantile,0.6,9
2026-04-25,19,3,wk inc flu hosp,2026-05-16,quantile,0.65,10
2026-04-25,19,3,wk inc flu hosp,2026-05-16,quantile,0.7,11
2026-04-25,19,3,wk inc flu hosp,2026-05-16,quantile,0.75,13
2026-04-25,19,3,wk inc flu hosp,2026-05-16,quantile,0.8,14
2026-04-25,19,3,wk inc flu hosp,2026-05-16,quantile,0.85,16
2026-04-25,19,3,wk inc flu hosp,2026-05-16,quantile,0.9,20
2026-04-25,19,3,wk inc flu hosp,2026-05-16,quantile,0.95,28
2026-04-25,19,3,wk inc flu hosp,2026-05-16,quantile,0.975,36
2026-04-25,19,3,wk inc flu hosp,2026-05-16,quantile,0.99,51
2026-04-25,20,0,wk inc flu hosp,2026-04-25,quantile,0.01,0
2026-04-25,20,0,wk inc flu hosp,2026-04-25,quantile,0.025,0
2026-04-25,20,0,wk inc flu hosp,2026-04-25,quantile,0.05,0
2026-04-25,20,0,wk inc flu hosp,2026-04-25,quantile,0.1,1
2026-04-25,20,0,wk inc flu hosp,2026-04-25,quantile,0.15,2
2026-04-25,20,0,wk inc flu hosp,2026-04-25,quantile,0.2,2
2026-04-25,20,0,wk inc flu hosp,2026-04-25,quantile,0.25,3
2026-04-25,20,0,wk inc flu hosp,2026-04-25,quantile,0.3,3
2026-04-25,20,0,wk inc flu hosp,2026-04-25,quantile,0.35,4
2026-04-25,20,0,wk inc flu hosp,2026-04-25,quantile,0.4,4
2026-04-25,20,0,wk inc flu hosp,2026-04-25,quantile,0.45,5
2026-04-25,20,0,wk inc flu hosp,2026-04-25,quantile,0.5,6
2026-04-25,20,0,wk inc flu hosp,2026-04-25,quantile,0.55,7
2026-04-25,20,0,wk inc flu hosp,2026-04-25,quantile,0.6,7
2026-04-25,20,0,wk inc flu hosp,2026-04-25,quantile,0.65,8
2026-04-25,20,0,wk inc flu hosp,2026-04-25,quantile,0.7,9
2026-04-25,20,0,wk inc flu hosp,2026-04-25,quantile,0.75,10
2026-04-25,20,0,wk inc flu hosp,2026-04-25,quantile,0.8,11
2026-04-25,20,0,wk inc flu hosp,2026-04-25,quantile,0.85,12
2026-04-25,20,0,wk inc flu hosp,2026-04-25,quantile,0.9,14
2026-04-25,20,0,wk inc flu hosp,2026-04-25,quantile,0.95,18
2026-04-25,20,0,wk inc flu hosp,2026-04-25,quantile,0.975,21
2026-04-25,20,0,wk inc flu hosp,2026-04-25,quantile,0.99,26
2026-04-25,20,1,wk inc flu hosp,2026-05-02,quantile,0.01,0
2026-04-25,20,1,wk inc flu hosp,2026-05-02,quantile,0.025,0
2026-04-25,20,1,wk inc flu hosp,2026-05-02,quantile,0.05,0
2026-04-25,20,1,wk inc flu hosp,2026-05-02,quantile,0.1,0
2026-04-25,20,1,wk inc flu hosp,2026-05-02,quantile,0.15,1
2026-04-25,20,1,wk inc flu hosp,2026-05-02,quantile,0.2,1
2026-04-25,20,1,wk inc flu hosp,2026-05-02,quantile,0.25,2
2026-04-25,20,1,wk inc flu hosp,2026-05-02,quantile,0.3,2
2026-04-25,20,1,wk inc flu hosp,2026-05-02,quantile,0.35,3
2026-04-25,20,1,wk inc flu hosp,2026-05-02,quantile,0.4,3
2026-04-25,20,1,wk inc flu hosp,2026-05-02,quantile,0.45,3
2026-04-25,20,1,wk inc flu hosp,2026-05-02,quantile,0.5,5
2026-04-25,20,1,wk inc flu hosp,2026-05-02,quantile,0.55,6
2026-04-25,20,1,wk inc flu hosp,2026-05-02,quantile,0.6,6
2026-04-25,20,1,wk inc flu hosp,2026-05-02,quantile,0.65,7
2026-04-25,20,1,wk inc flu hosp,2026-05-02,quantile,0.7,8
2026-04-25,20,1,wk inc flu hosp,2026-05-02,quantile,0.75,9
2026-04-25,20,1,wk inc flu hosp,2026-05-02,quantile,0.8,10
2026-04-25,20,1,wk inc flu hosp,2026-05-02,quantile,0.85,11
2026-04-25,20,1,wk inc flu hosp,2026-05-02,quantile,0.9,13
2026-04-25,20,1,wk inc flu hosp,2026-05-02,quantile,0.95,17
2026-04-25,20,1,wk inc flu hosp,2026-05-02,quantile,0.975,20
2026-04-25,20,1,wk inc flu hosp,2026-05-02,quantile,0.99,24
2026-04-25,20,2,wk inc flu hosp,2026-05-09,quantile,0.01,0
2026-04-25,20,2,wk inc flu hosp,2026-05-09,quantile,0.025,0
2026-04-25,20,2,wk inc flu hosp,2026-05-09,quantile,0.05,0
2026-04-25,20,2,wk inc flu hosp,2026-05-09,quantile,0.1,0
2026-04-25,20,2,wk inc flu hosp,2026-05-09,quantile,0.15,0
2026-04-25,20,2,wk inc flu hosp,2026-05-09,quantile,0.2,1
2026-04-25,20,2,wk inc flu hosp,2026-05-09,quantile,0.25,1
2026-04-25,20,2,wk inc flu hosp,2026-05-09,quantile,0.3,2
2026-04-25,20,2,wk inc flu hosp,2026-05-09,quantile,0.35,2
2026-04-25,20,2,wk inc flu hosp,2026-05-09,quantile,0.4,3
2026-04-25,20,2,wk inc flu hosp,2026-05-09,quantile,0.45,3
2026-04-25,20,2,wk inc flu hosp,2026-05-09,quantile,0.5,4
2026-04-25,20,2,wk inc flu hosp,2026-05-09,quantile,0.55,5
2026-04-25,20,2,wk inc flu hosp,2026-05-09,quantile,0.6,6
2026-04-25,20,2,wk inc flu hosp,2026-05-09,quantile,0.65,6
2026-04-25,20,2,wk inc flu hosp,2026-05-09,quantile,0.7,7
2026-04-25,20,2,wk inc flu hosp,2026-05-09,quantile,0.75,8
2026-04-25,20,2,wk inc flu hosp,2026-05-09,quantile,0.8,9
2026-04-25,20,2,wk inc flu hosp,2026-05-09,quantile,0.85,10
2026-04-25,20,2,wk inc flu hosp,2026-05-09,quantile,0.9,13
2026-04-25,20,2,wk inc flu hosp,2026-05-09,quantile,0.95,18
2026-04-25,20,2,wk inc flu hosp,2026-05-09,quantile,0.975,26
2026-04-25,20,2,wk inc flu hosp,2026-05-09,quantile,0.99,34
2026-04-25,20,3,wk inc flu hosp,2026-05-16,quantile,0.01,0
2026-04-25,20,3,wk inc flu hosp,2026-05-16,quantile,0.025,0
2026-04-25,20,3,wk inc flu hosp,2026-05-16,quantile,0.05,0
2026-04-25,20,3,wk inc flu hosp,2026-05-16,quantile,0.1,0
2026-04-25,20,3,wk inc flu hosp,2026-05-16,quantile,0.15,0
2026-04-25,20,3,wk inc flu hosp,2026-05-16,quantile,0.2,0
2026-04-25,20,3,wk inc flu hosp,2026-05-16,quantile,0.25,1
2026-04-25,20,3,wk inc flu hosp,2026-05-16,quantile,0.3,1
2026-04-25,20,3,wk inc flu hosp,2026-05-16,quantile,0.35,1
2026-04-25,20,3,wk inc flu hosp,2026-05-16,quantile,0.4,2
2026-04-25,20,3,wk inc flu hosp,2026-05-16,quantile,0.45,2
2026-04-25,20,3,wk inc flu hosp,2026-05-16,quantile,0.5,4
2026-04-25,20,3,wk inc flu hosp,2026-05-16,quantile,0.55,5
2026-04-25,20,3,wk inc flu hosp,2026-05-16,quantile,0.6,5
2026-04-25,20,3,wk inc flu hosp,2026-05-16,quantile,0.65,6
2026-04-25,20,3,wk inc flu hosp,2026-05-16,quantile,0.7,6
2026-04-25,20,3,wk inc flu hosp,2026-05-16,quantile,0.75,7
2026-04-25,20,3,wk inc flu hosp,2026-05-16,quantile,0.8,9
2026-04-25,20,3,wk inc flu hosp,2026-05-16,quantile,0.85,10
2026-04-25,20,3,wk inc flu hosp,2026-05-16,quantile,0.9,13
2026-04-25,20,3,wk inc flu hosp,2026-05-16,quantile,0.95,18
2026-04-25,20,3,wk inc flu hosp,2026-05-16,quantile,0.975,25
2026-04-25,20,3,wk inc flu hosp,2026-05-16,quantile,0.99,34
2026-04-25,21,0,wk inc flu hosp,2026-04-25,quantile,0.01,0
2026-04-25,21,0,wk inc flu hosp,2026-04-25,quantile,0.025,1
2026-04-25,21,0,wk inc flu hosp,2026-04-25,quantile,0.05,2
2026-04-25,21,0,wk inc flu hosp,2026-04-25,quantile,0.1,5
2026-04-25,21,0,wk inc flu hosp,2026-04-25,quantile,0.15,7
2026-04-25,21,0,wk inc flu hosp,2026-04-25,quantile,0.2,8
2026-04-25,21,0,wk inc flu hosp,2026-04-25,quantile,0.25,9
2026-04-25,21,0,wk inc flu hosp,2026-04-25,quantile,0.3,10
2026-04-25,21,0,wk inc flu hosp,2026-04-25,quantile,0.35,12
2026-04-25,21,0,wk inc flu hosp,2026-04-25,quantile,0.4,14
2026-04-25,21,0,wk inc flu hosp,2026-04-25,quantile,0.45,14
2026-04-25,21,0,wk inc flu hosp,2026-04-25,quantile,0.5,17
2026-04-25,21,0,wk inc flu hosp,2026-04-25,quantile,0.55,18
2026-04-25,21,0,wk inc flu hosp,2026-04-25,quantile,0.6,20
2026-04-25,21,0,wk inc flu hosp,2026-04-25,quantile,0.65,21
2026-04-25,21,0,wk inc flu hosp,2026-04-25,quantile,0.7,23
2026-04-25,21,0,wk inc flu hosp,2026-04-25,quantile,0.75,25
2026-04-25,21,0,wk inc flu hosp,2026-04-25,quantile,0.8,28
2026-04-25,21,0,wk inc flu hosp,2026-04-25,quantile,0.85,31
2026-04-25,21,0,wk inc flu hosp,2026-04-25,quantile,0.9,36
2026-04-25,21,0,wk inc flu hosp,2026-04-25,quantile,0.95,43
2026-04-25,21,0,wk inc flu hosp,2026-04-25,quantile,0.975,52
2026-04-25,21,0,wk inc flu hosp,2026-04-25,quantile,0.99,65
2026-04-25,21,1,wk inc flu hosp,2026-05-02,quantile,0.01,0
2026-04-25,21,1,wk inc flu hosp,2026-05-02,quantile,0.025,0
2026-04-25,21,1,wk inc flu hosp,2026-05-02,quantile,0.05,1
2026-04-25,21,1,wk inc flu hosp,2026-05-02,quantile,0.1,2
2026-04-25,21,1,wk inc flu hosp,2026-05-02,quantile,0.15,2
2026-04-25,21,1,wk inc flu hosp,2026-05-02,quantile,0.2,3
2026-04-25,21,1,wk inc flu hosp,2026-05-02,quantile,0.25,5
2026-04-25,21,1,wk inc flu hosp,2026-05-02,quantile,0.3,5
2026-04-25,21,1,wk inc flu hosp,2026-05-02,quantile,0.35,7
2026-04-25,21,1,wk inc flu hosp,2026-05-02,quantile,0.4,8
2026-04-25,21,1,wk inc flu hosp,2026-05-02,quantile,0.45,9
2026-04-25,21,1,wk inc flu hosp,2026-05-02,quantile,0.5,13
2026-04-25,21,1,wk inc flu hosp,2026-05-02,quantile,0.55,14
2026-04-25,21,1,wk inc flu hosp,2026-05-02,quantile,0.6,16
2026-04-25,21,1,wk inc flu hosp,2026-05-02,quantile,0.65,18
2026-04-25,21,1,wk inc flu hosp,2026-05-02,quantile,0.7,20
2026-04-25,21,1,wk inc flu hosp,2026-05-02,quantile,0.75,22
2026-04-25,21,1,wk inc flu hosp,2026-05-02,quantile,0.8,24
2026-04-25,21,1,wk inc flu hosp,2026-05-02,quantile,0.85,28
2026-04-25,21,1,wk inc flu hosp,2026-05-02,quantile,0.9,33
2026-04-25,21,1,wk inc flu hosp,2026-05-02,quantile,0.95,42
2026-04-25,21,1,wk inc flu hosp,2026-05-02,quantile,0.975,51
2026-04-25,21,1,wk inc flu hosp,2026-05-02,quantile,0.99,61
2026-04-25,21,2,wk inc flu hosp,2026-05-09,quantile,0.01,0
2026-04-25,21,2,wk inc flu hosp,2026-05-09,quantile,0.025,0
2026-04-25,21,2,wk inc flu hosp,2026-05-09,quantile,0.05,0
2026-04-25,21,2,wk inc flu hosp,2026-05-09,quantile,0.1,0
2026-04-25,21,2,wk inc flu hosp,2026-05-09,quantile,0.15,1
2026-04-25,21,2,wk inc flu hosp,2026-05-09,quantile,0.2,2
2026-04-25,21,2,wk inc flu hosp,2026-05-09,quantile,0.25,3
2026-04-25,21,2,wk inc flu hosp,2026-05-09,quantile,0.3,4
2026-04-25,21,2,wk inc flu hosp,2026-05-09,quantile,0.35,6
2026-04-25,21,2,wk inc flu hosp,2026-05-09,quantile,0.4,8
2026-04-25,21,2,wk inc flu hosp,2026-05-09,quantile,0.45,9
2026-04-25,21,2,wk inc flu hosp,2026-05-09,quantile,0.5,12
2026-04-25,21,2,wk inc flu hosp,2026-05-09,quantile,0.55,13
2026-04-25,21,2,wk inc flu hosp,2026-05-09,quantile,0.6,15
2026-04-25,21,2,wk inc flu hosp,2026-05-09,quantile,0.65,17
2026-04-25,21,2,wk inc flu hosp,2026-05-09,quantile,0.7,18
2026-04-25,21,2,wk inc flu hosp,2026-05-09,quantile,0.75,19
2026-04-25,21,2,wk inc flu hosp,2026-05-09,quantile,0.8,21
2026-04-25,21,2,wk inc flu hosp,2026-05-09,quantile,0.85,23
2026-04-25,21,2,wk inc flu hosp,2026-05-09,quantile,0.9,27
2026-04-25,21,2,wk inc flu hosp,2026-05-09,quantile,0.95,38
2026-04-25,21,2,wk inc flu hosp,2026-05-09,quantile,0.975,51
2026-04-25,21,2,wk inc flu hosp,2026-05-09,quantile,0.99,75
2026-04-25,21,3,wk inc flu hosp,2026-05-16,quantile,0.01,0
2026-04-25,21,3,wk inc flu hosp,2026-05-16,quantile,0.025,0
2026-04-25,21,3,wk inc flu hosp,2026-05-16,quantile,0.05,0
2026-04-25,21,3,wk inc flu hosp,2026-05-16,quantile,0.1,0
2026-04-25,21,3,wk inc flu hosp,2026-05-16,quantile,0.15,1
2026-04-25,21,3,wk inc flu hosp,2026-05-16,quantile,0.2,2
2026-04-25,21,3,wk inc flu hosp,2026-05-16,quantile,0.25,3
2026-04-25,21,3,wk inc flu hosp,2026-05-16,quantile,0.3,4
2026-04-25,21,3,wk inc flu hosp,2026-05-16,quantile,0.35,5
2026-04-25,21,3,wk inc flu hosp,2026-05-16,quantile,0.4,7
2026-04-25,21,3,wk inc flu hosp,2026-05-16,quantile,0.45,9
2026-04-25,21,3,wk inc flu hosp,2026-05-16,quantile,0.5,10
2026-04-25,21,3,wk inc flu hosp,2026-05-16,quantile,0.55,12
2026-04-25,21,3,wk inc flu hosp,2026-05-16,quantile,0.6,13
2026-04-25,21,3,wk inc flu hosp,2026-05-16,quantile,0.65,14
2026-04-25,21,3,wk inc flu hosp,2026-05-16,quantile,0.7,16
2026-04-25,21,3,wk inc flu hosp,2026-05-16,quantile,0.75,18
2026-04-25,21,3,wk inc flu hosp,2026-05-16,quantile,0.8,19
2026-04-25,21,3,wk inc flu hosp,2026-05-16,quantile,0.85,21
2026-04-25,21,3,wk inc flu hosp,2026-05-16,quantile,0.9,24
2026-04-25,21,3,wk inc flu hosp,2026-05-16,quantile,0.95,33
2026-04-25,21,3,wk inc flu hosp,2026-05-16,quantile,0.975,47
2026-04-25,21,3,wk inc flu hosp,2026-05-16,quantile,0.99,63
2026-04-25,22,0,wk inc flu hosp,2026-04-25,quantile,0.01,1
2026-04-25,22,0,wk inc flu hosp,2026-04-25,quantile,0.025,3
2026-04-25,22,0,wk inc flu hosp,2026-04-25,quantile,0.05,5
2026-04-25,22,0,wk inc flu hosp,2026-04-25,quantile,0.1,7
2026-04-25,22,0,wk inc flu hosp,2026-04-25,quantile,0.15,8
2026-04-25,22,0,wk inc flu hosp,2026-04-25,quantile,0.2,10
2026-04-25,22,0,wk inc flu hosp,2026-04-25,quantile,0.25,11
2026-04-25,22,0,wk inc flu hosp,2026-04-25,quantile,0.3,12
2026-04-25,22,0,wk inc flu hosp,2026-04-25,quantile,0.35,14
2026-04-25,22,0,wk inc flu hosp,2026-04-25,quantile,0.4,14
2026-04-25,22,0,wk inc flu hosp,2026-04-25,quantile,0.45,16
2026-04-25,22,0,wk inc flu hosp,2026-04-25,quantile,0.5,18
2026-04-25,22,0,wk inc flu hosp,2026-04-25,quantile,0.55,19
2026-04-25,22,0,wk inc flu hosp,2026-04-25,quantile,0.6,21
2026-04-25,22,0,wk inc flu hosp,2026-04-25,quantile,0.65,22
2026-04-25,22,0,wk inc flu hosp,2026-04-25,quantile,0.7,25
2026-04-25,22,0,wk inc flu hosp,2026-04-25,quantile,0.75,27
2026-04-25,22,0,wk inc flu hosp,2026-04-25,quantile,0.8,29
2026-04-25,22,0,wk inc flu hosp,2026-04-25,quantile,0.85,33
2026-04-25,22,0,wk inc flu hosp,2026-04-25,quantile,0.9,36
2026-04-25,22,0,wk inc flu hosp,2026-04-25,quantile,0.95,43
2026-04-25,22,0,wk inc flu hosp,2026-04-25,quantile,0.975,53
2026-04-25,22,0,wk inc flu hosp,2026-04-25,quantile,0.99,63
2026-04-25,22,1,wk inc flu hosp,2026-05-02,quantile,0.01,0
2026-04-25,22,1,wk inc flu hosp,2026-05-02,quantile,0.025,1
2026-04-25,22,1,wk inc flu hosp,2026-05-02,quantile,0.05,2
2026-04-25,22,1,wk inc flu hosp,2026-05-02,quantile,0.1,3
2026-04-25,22,1,wk inc flu hosp,2026-05-02,quantile,0.15,5
2026-04-25,22,1,wk inc flu hosp,2026-05-02,quantile,0.2,6
2026-04-25,22,1,wk inc flu hosp,2026-05-02,quantile,0.25,7
2026-04-25,22,1,wk inc flu hosp,2026-05-02,quantile,0.3,8
2026-04-25,22,1,wk inc flu hosp,2026-05-02,quantile,0.35,10
2026-04-25,22,1,wk inc flu hosp,2026-05-02,quantile,0.4,11
2026-04-25,22,1,wk inc flu hosp,2026-05-02,quantile,0.45,12
2026-04-25,22,1,wk inc flu hosp,2026-05-02,quantile,0.5,14
2026-04-25,22,1,wk inc flu hosp,2026-05-02,quantile,0.55,17
2026-04-25,22,1,wk inc flu hosp,2026-05-02,quantile,0.6,19
2026-04-25,22,1,wk inc flu hosp,2026-05-02,quantile,0.65,21
2026-04-25,22,1,wk inc flu hosp,2026-05-02,quantile,0.7,23
2026-04-25,22,1,wk inc flu hosp,2026-05-02,quantile,0.75,25
2026-04-25,22,1,wk inc flu hosp,2026-05-02,quantile,0.8,27
2026-04-25,22,1,wk inc flu hosp,2026-05-02,quantile,0.85,30
2026-04-25,22,1,wk inc flu hosp,2026-05-02,quantile,0.9,35
2026-04-25,22,1,wk inc flu hosp,2026-05-02,quantile,0.95,43
2026-04-25,22,1,wk inc flu hosp,2026-05-02,quantile,0.975,53
2026-04-25,22,1,wk inc flu hosp,2026-05-02,quantile,0.99,64
2026-04-25,22,2,wk inc flu hosp,2026-05-09,quantile,0.01,0
2026-04-25,22,2,wk inc flu hosp,2026-05-09,quantile,0.025,0
2026-04-25,22,2,wk inc flu hosp,2026-05-09,quantile,0.05,1
2026-04-25,22,2,wk inc flu hosp,2026-05-09,quantile,0.1,3
2026-04-25,22,2,wk inc flu hosp,2026-05-09,quantile,0.15,4
2026-04-25,22,2,wk inc flu hosp,2026-05-09,quantile,0.2,5
2026-04-25,22,2,wk inc flu hosp,2026-05-09,quantile,0.25,7
2026-04-25,22,2,wk inc flu hosp,2026-05-09,quantile,0.3,7
2026-04-25,22,2,wk inc flu hosp,2026-05-09,quantile,0.35,9
2026-04-25,22,2,wk inc flu hosp,2026-05-09,quantile,0.4,10
2026-04-25,22,2,wk inc flu hosp,2026-05-09,quantile,0.45,12
2026-04-25,22,2,wk inc flu hosp,2026-05-09,quantile,0.5,14
2026-04-25,22,2,wk inc flu hosp,2026-05-09,quantile,0.55,15
2026-04-25,22,2,wk inc flu hosp,2026-05-09,quantile,0.6,18
2026-04-25,22,2,wk inc flu hosp,2026-05-09,quantile,0.65,19
2026-04-25,22,2,wk inc flu hosp,2026-05-09,quantile,0.7,23
2026-04-25,22,2,wk inc flu hosp,2026-05-09,quantile,0.75,24
2026-04-25,22,2,wk inc flu hosp,2026-05-09,quantile,0.8,27
2026-04-25,22,2,wk inc flu hosp,2026-05-09,quantile,0.85,30
2026-04-25,22,2,wk inc flu hosp,2026-05-09,quantile,0.9,35
2026-04-25,22,2,wk inc flu hosp,2026-05-09,quantile,0.95,44
2026-04-25,22,2,wk inc flu hosp,2026-05-09,quantile,0.975,54
2026-04-25,22,2,wk inc flu hosp,2026-05-09,quantile,0.99,65
2026-04-25,22,3,wk inc flu hosp,2026-05-16,quantile,0.01,0
2026-04-25,22,3,wk inc flu hosp,2026-05-16,quantile,0.025,0
2026-04-25,22,3,wk inc flu hosp,2026-05-16,quantile,0.05,0
2026-04-25,22,3,wk inc flu hosp,2026-05-16,quantile,0.1,2
2026-04-25,22,3,wk inc flu hosp,2026-05-16,quantile,0.15,3
2026-04-25,22,3,wk inc flu hosp,2026-05-16,quantile,0.2,5
2026-04-25,22,3,wk inc flu hosp,2026-05-16,quantile,0.25,5
2026-04-25,22,3,wk inc flu hosp,2026-05-16,quantile,0.3,6
2026-04-25,22,3,wk inc flu hosp,2026-05-16,quantile,0.35,7
2026-04-25,22,3,wk inc flu hosp,2026-05-16,quantile,0.4,8
2026-04-25,22,3,wk inc flu hosp,2026-05-16,quantile,0.45,10
2026-04-25,22,3,wk inc flu hosp,2026-05-16,quantile,0.5,13
2026-04-25,22,3,wk inc flu hosp,2026-05-16,quantile,0.55,15
2026-04-25,22,3,wk inc flu hosp,2026-05-16,quantile,0.6,17
2026-04-25,22,3,wk inc flu hosp,2026-05-16,quantile,0.65,18
2026-04-25,22,3,wk inc flu hosp,2026-05-16,quantile,0.7,21
2026-04-25,22,3,wk inc flu hosp,2026-05-16,quantile,0.75,24
2026-04-25,22,3,wk inc flu hosp,2026-05-16,quantile,0.8,26
2026-04-25,22,3,wk inc flu hosp,2026-05-16,quantile,0.85,29
2026-04-25,22,3,wk inc flu hosp,2026-05-16,quantile,0.9,34
2026-04-25,22,3,wk inc flu hosp,2026-05-16,quantile,0.95,42
2026-04-25,22,3,wk inc flu hosp,2026-05-16,quantile,0.975,49
2026-04-25,22,3,wk inc flu hosp,2026-05-16,quantile,0.99,61
2026-04-25,23,0,wk inc flu hosp,2026-04-25,quantile,0.01,0
2026-04-25,23,0,wk inc flu hosp,2026-04-25,quantile,0.025,0
2026-04-25,23,0,wk inc flu hosp,2026-04-25,quantile,0.05,0
2026-04-25,23,0,wk inc flu hosp,2026-04-25,quantile,0.1,0
2026-04-25,23,0,wk inc flu hosp,2026-04-25,quantile,0.15,0
2026-04-25,23,0,wk inc flu hosp,2026-04-25,quantile,0.2,0
2026-04-25,23,0,wk inc flu hosp,2026-04-25,quantile,0.25,1
2026-04-25,23,0,wk inc flu hosp,2026-04-25,quantile,0.3,1
2026-04-25,23,0,wk inc flu hosp,2026-04-25,quantile,0.35,1
2026-04-25,23,0,wk inc flu hosp,2026-04-25,quantile,0.4,2
2026-04-25,23,0,wk inc flu hosp,2026-04-25,quantile,0.45,2
2026-04-25,23,0,wk inc flu hosp,2026-04-25,quantile,0.5,3
2026-04-25,23,0,wk inc flu hosp,2026-04-25,quantile,0.55,3
2026-04-25,23,0,wk inc flu hosp,2026-04-25,quantile,0.6,4
2026-04-25,23,0,wk inc flu hosp,2026-04-25,quantile,0.65,4
2026-04-25,23,0,wk inc flu hosp,2026-04-25,quantile,0.7,5
2026-04-25,23,0,wk inc flu hosp,2026-04-25,quantile,0.75,5
2026-04-25,23,0,wk inc flu hosp,2026-04-25,quantile,0.8,6
2026-04-25,23,0,wk inc flu hosp,2026-04-25,quantile,0.85,7
2026-04-25,23,0,wk inc flu hosp,2026-04-25,quantile,0.9,8
2026-04-25,23,0,wk inc flu hosp,2026-04-25,quantile,0.95,10
2026-04-25,23,0,wk inc flu hosp,2026-04-25,quantile,0.975,12
2026-04-25,23,0,wk inc flu hosp,2026-04-25,quantile,0.99,15
2026-04-25,23,1,wk inc flu hosp,2026-05-02,quantile,0.01,0
2026-04-25,23,1,wk inc flu hosp,2026-05-02,quantile,0.025,0
2026-04-25,23,1,wk inc flu hosp,2026-05-02,quantile,0.05,0
2026-04-25,23,1,wk inc flu hosp,2026-05-02,quantile,0.1,0
2026-04-25,23,1,wk inc flu hosp,2026-05-02,quantile,0.15,0
2026-04-25,23,1,wk inc flu hosp,2026-05-02,quantile,0.2,0
2026-04-25,23,1,wk inc flu hosp,2026-05-02,quantile,0.25,0
2026-04-25,23,1,wk inc flu hosp,2026-05-02,quantile,0.3,1
2026-04-25,23,1,wk inc flu hosp,2026-05-02,quantile,0.35,1
2026-04-25,23,1,wk inc flu hosp,2026-05-02,quantile,0.4,1
2026-04-25,23,1,wk inc flu hosp,2026-05-02,quantile,0.45,1
2026-04-25,23,1,wk inc flu hosp,2026-05-02,quantile,0.5,2
2026-04-25,23,1,wk inc flu hosp,2026-05-02,quantile,0.55,2
2026-04-25,23,1,wk inc flu hosp,2026-05-02,quantile,0.6,3
2026-04-25,23,1,wk inc flu hosp,2026-05-02,quantile,0.65,3
2026-04-25,23,1,wk inc flu hosp,2026-05-02,quantile,0.7,4
2026-04-25,23,1,wk inc flu hosp,2026-05-02,quantile,0.75,5
2026-04-25,23,1,wk inc flu hosp,2026-05-02,quantile,0.8,6
2026-04-25,23,1,wk inc flu hosp,2026-05-02,quantile,0.85,6
2026-04-25,23,1,wk inc flu hosp,2026-05-02,quantile,0.9,7
2026-04-25,23,1,wk inc flu hosp,2026-05-02,quantile,0.95,10
2026-04-25,23,1,wk inc flu hosp,2026-05-02,quantile,0.975,13
2026-04-25,23,1,wk inc flu hosp,2026-05-02,quantile,0.99,16
2026-04-25,23,2,wk inc flu hosp,2026-05-09,quantile,0.01,0
2026-04-25,23,2,wk inc flu hosp,2026-05-09,quantile,0.025,0
2026-04-25,23,2,wk inc flu hosp,2026-05-09,quantile,0.05,0
2026-04-25,23,2,wk inc flu hosp,2026-05-09,quantile,0.1,0
2026-04-25,23,2,wk inc flu hosp,2026-05-09,quantile,0.15,0
2026-04-25,23,2,wk inc flu hosp,2026-05-09,quantile,0.2,0
2026-04-25,23,2,wk inc flu hosp,2026-05-09,quantile,0.25,0
2026-04-25,23,2,wk inc flu hosp,2026-05-09,quantile,0.3,0
2026-04-25,23,2,wk inc flu hosp,2026-05-09,quantile,0.35,1
2026-04-25,23,2,wk inc flu hosp,2026-05-09,quantile,0.4,1
2026-04-25,23,2,wk inc flu hosp,2026-05-09,quantile,0.45,1
2026-04-25,23,2,wk inc flu hosp,2026-05-09,quantile,0.5,1
2026-04-25,23,2,wk inc flu hosp,2026-05-09,quantile,0.55,2
2026-04-25,23,2,wk inc flu hosp,2026-05-09,quantile,0.6,2
2026-04-25,23,2,wk inc flu hosp,2026-05-09,quantile,0.65,3
2026-04-25,23,2,wk inc flu hosp,2026-05-09,quantile,0.7,3
2026-04-25,23,2,wk inc flu hosp,2026-05-09,quantile,0.75,4
2026-04-25,23,2,wk inc flu hosp,2026-05-09,quantile,0.8,5
2026-04-25,23,2,wk inc flu hosp,2026-05-09,quantile,0.85,6
2026-04-25,23,2,wk inc flu hosp,2026-05-09,quantile,0.9,7
2026-04-25,23,2,wk inc flu hosp,2026-05-09,quantile,0.95,9
2026-04-25,23,2,wk inc flu hosp,2026-05-09,quantile,0.975,13
2026-04-25,23,2,wk inc flu hosp,2026-05-09,quantile,0.99,16
2026-04-25,23,3,wk inc flu hosp,2026-05-16,quantile,0.01,0
2026-04-25,23,3,wk inc flu hosp,2026-05-16,quantile,0.025,0
2026-04-25,23,3,wk inc flu hosp,2026-05-16,quantile,0.05,0
2026-04-25,23,3,wk inc flu hosp,2026-05-16,quantile,0.1,0
2026-04-25,23,3,wk inc flu hosp,2026-05-16,quantile,0.15,0
2026-04-25,23,3,wk inc flu hosp,2026-05-16,quantile,0.2,0
2026-04-25,23,3,wk inc flu hosp,2026-05-16,quantile,0.25,0
2026-04-25,23,3,wk inc flu hosp,2026-05-16,quantile,0.3,0
2026-04-25,23,3,wk inc flu hosp,2026-05-16,quantile,0.35,0
2026-04-25,23,3,wk inc flu hosp,2026-05-16,quantile,0.4,1
2026-04-25,23,3,wk inc flu hosp,2026-05-16,quantile,0.45,1
2026-04-25,23,3,wk inc flu hosp,2026-05-16,quantile,0.5,1
2026-04-25,23,3,wk inc flu hosp,2026-05-16,quantile,0.55,2
2026-04-25,23,3,wk inc flu hosp,2026-05-16,quantile,0.6,2
2026-04-25,23,3,wk inc flu hosp,2026-05-16,quantile,0.65,3
2026-04-25,23,3,wk inc flu hosp,2026-05-16,quantile,0.7,3
2026-04-25,23,3,wk inc flu hosp,2026-05-16,quantile,0.75,4
2026-04-25,23,3,wk inc flu hosp,2026-05-16,quantile,0.8,4
2026-04-25,23,3,wk inc flu hosp,2026-05-16,quantile,0.85,5
2026-04-25,23,3,wk inc flu hosp,2026-05-16,quantile,0.9,6
2026-04-25,23,3,wk inc flu hosp,2026-05-16,quantile,0.95,10
2026-04-25,23,3,wk inc flu hosp,2026-05-16,quantile,0.975,14
2026-04-25,23,3,wk inc flu hosp,2026-05-16,quantile,0.99,20
2026-04-25,24,0,wk inc flu hosp,2026-04-25,quantile,0.01,0
2026-04-25,24,0,wk inc flu hosp,2026-04-25,quantile,0.025,0
2026-04-25,24,0,wk inc flu hosp,2026-04-25,quantile,0.05,0
2026-04-25,24,0,wk inc flu hosp,2026-04-25,quantile,0.1,0
2026-04-25,24,0,wk inc flu hosp,2026-04-25,quantile,0.15,1
2026-04-25,24,0,wk inc flu hosp,2026-04-25,quantile,0.2,1
2026-04-25,24,0,wk inc flu hosp,2026-04-25,quantile,0.25,2
2026-04-25,24,0,wk inc flu hosp,2026-04-25,quantile,0.3,4
2026-04-25,24,0,wk inc flu hosp,2026-04-25,quantile,0.35,4
2026-04-25,24,0,wk inc flu hosp,2026-04-25,quantile,0.4,4
2026-04-25,24,0,wk inc flu hosp,2026-04-25,quantile,0.45,5
2026-04-25,24,0,wk inc flu hosp,2026-04-25,quantile,0.5,6
2026-04-25,24,0,wk inc flu hosp,2026-04-25,quantile,0.55,7
2026-04-25,24,0,wk inc flu hosp,2026-04-25,quantile,0.6,8
2026-04-25,24,0,wk inc flu hosp,2026-04-25,quantile,0.65,8
2026-04-25,24,0,wk inc flu hosp,2026-04-25,quantile,0.7,9
2026-04-25,24,0,wk inc flu hosp,2026-04-25,quantile,0.75,11
2026-04-25,24,0,wk inc flu hosp,2026-04-25,quantile,0.8,12
2026-04-25,24,0,wk inc flu hosp,2026-04-25,quantile,0.85,14
2026-04-25,24,0,wk inc flu hosp,2026-04-25,quantile,0.9,17
2026-04-25,24,0,wk inc flu hosp,2026-04-25,quantile,0.95,22
2026-04-25,24,0,wk inc flu hosp,2026-04-25,quantile,0.975,28
2026-04-25,24,0,wk inc flu hosp,2026-04-25,quantile,0.99,36
2026-04-25,24,1,wk inc flu hosp,2026-05-02,quantile,0.01,0
2026-04-25,24,1,wk inc flu hosp,2026-05-02,quantile,0.025,0
2026-04-25,24,1,wk inc flu hosp,2026-05-02,quantile,0.05,0
2026-04-25,24,1,wk inc flu hosp,2026-05-02,quantile,0.1,0
2026-04-25,24,1,wk inc flu hosp,2026-05-02,quantile,0.15,0
2026-04-25,24,1,wk inc flu hosp,2026-05-02,quantile,0.2,1
2026-04-25,24,1,wk inc flu hosp,2026-05-02,quantile,0.25,2
2026-04-25,24,1,wk inc flu hosp,2026-05-02,quantile,0.3,2
2026-04-25,24,1,wk inc flu hosp,2026-05-02,quantile,0.35,3
2026-04-25,24,1,wk inc flu hosp,2026-05-02,quantile,0.4,3
2026-04-25,24,1,wk inc flu hosp,2026-05-02,quantile,0.45,3
2026-04-25,24,1,wk inc flu hosp,2026-05-02,quantile,0.5,6
2026-04-25,24,1,wk inc flu hosp,2026-05-02,quantile,0.55,6
2026-04-25,24,1,wk inc flu hosp,2026-05-02,quantile,0.6,7
2026-04-25,24,1,wk inc flu hosp,2026-05-02,quantile,0.65,8
2026-04-25,24,1,wk inc flu hosp,2026-05-02,quantile,0.7,9
2026-04-25,24,1,wk inc flu hosp,2026-05-02,quantile,0.75,10
2026-04-25,24,1,wk inc flu hosp,2026-05-02,quantile,0.8,12
2026-04-25,24,1,wk inc flu hosp,2026-05-02,quantile,0.85,17
2026-04-25,24,1,wk inc flu hosp,2026-05-02,quantile,0.9,20
2026-04-25,24,1,wk inc flu hosp,2026-05-02,quantile,0.95,25
2026-04-25,24,1,wk inc flu hosp,2026-05-02,quantile,0.975,30
2026-04-25,24,1,wk inc flu hosp,2026-05-02,quantile,0.99,40
2026-04-25,24,2,wk inc flu hosp,2026-05-09,quantile,0.01,0
2026-04-25,24,2,wk inc flu hosp,2026-05-09,quantile,0.025,0
2026-04-25,24,2,wk inc flu hosp,2026-05-09,quantile,0.05,0
2026-04-25,24,2,wk inc flu hosp,2026-05-09,quantile,0.1,0
2026-04-25,24,2,wk inc flu hosp,2026-05-09,quantile,0.15,0
2026-04-25,24,2,wk inc flu hosp,2026-05-09,quantile,0.2,1
2026-04-25,24,2,wk inc flu hosp,2026-05-09,quantile,0.25,1
2026-04-25,24,2,wk inc flu hosp,2026-05-09,quantile,0.3,2
2026-04-25,24,2,wk inc flu hosp,2026-05-09,quantile,0.35,2
2026-04-25,24,2,wk inc flu hosp,2026-05-09,quantile,0.4,3
2026-04-25,24,2,wk inc flu hosp,2026-05-09,quantile,0.45,3
2026-04-25,24,2,wk inc flu hosp,2026-05-09,quantile,0.5,5
2026-04-25,24,2,wk inc flu hosp,2026-05-09,quantile,0.55,6
2026-04-25,24,2,wk inc flu hosp,2026-05-09,quantile,0.6,6
2026-04-25,24,2,wk inc flu hosp,2026-05-09,quantile,0.65,8
2026-04-25,24,2,wk inc flu hosp,2026-05-09,quantile,0.7,9
2026-04-25,24,2,wk inc flu hosp,2026-05-09,quantile,0.75,10
2026-04-25,24,2,wk inc flu hosp,2026-05-09,quantile,0.8,13
2026-04-25,24,2,wk inc flu hosp,2026-05-09,quantile,0.85,17
2026-04-25,24,2,wk inc flu hosp,2026-05-09,quantile,0.9,22
2026-04-25,24,2,wk inc flu hosp,2026-05-09,quantile,0.95,27
2026-04-25,24,2,wk inc flu hosp,2026-05-09,quantile,0.975,32
2026-04-25,24,2,wk inc flu hosp,2026-05-09,quantile,0.99,41
2026-04-25,24,3,wk inc flu hosp,2026-05-16,quantile,0.01,0
2026-04-25,24,3,wk inc flu hosp,2026-05-16,quantile,0.025,0
2026-04-25,24,3,wk inc flu hosp,2026-05-16,quantile,0.05,0
2026-04-25,24,3,wk inc flu hosp,2026-05-16,quantile,0.1,0
2026-04-25,24,3,wk inc flu hosp,2026-05-16,quantile,0.15,0
2026-04-25,24,3,wk inc flu hosp,2026-05-16,quantile,0.2,1
2026-04-25,24,3,wk inc flu hosp,2026-05-16,quantile,0.25,1
2026-04-25,24,3,wk inc flu hosp,2026-05-16,quantile,0.3,2
2026-04-25,24,3,wk inc flu hosp,2026-05-16,quantile,0.35,3
2026-04-25,24,3,wk inc flu hosp,2026-05-16,quantile,0.4,3
2026-04-25,24,3,wk inc flu hosp,2026-05-16,quantile,0.45,4
2026-04-25,24,3,wk inc flu hosp,2026-05-16,quantile,0.5,5
2026-04-25,24,3,wk inc flu hosp,2026-05-16,quantile,0.55,6
2026-04-25,24,3,wk inc flu hosp,2026-05-16,quantile,0.6,6
2026-04-25,24,3,wk inc flu hosp,2026-05-16,quantile,0.65,7
2026-04-25,24,3,wk inc flu hosp,2026-05-16,quantile,0.7,9
2026-04-25,24,3,wk inc flu hosp,2026-05-16,quantile,0.75,10
2026-04-25,24,3,wk inc flu hosp,2026-05-16,quantile,0.8,12
2026-04-25,24,3,wk inc flu hosp,2026-05-16,quantile,0.85,17
2026-04-25,24,3,wk inc flu hosp,2026-05-16,quantile,0.9,22
2026-04-25,24,3,wk inc flu hosp,2026-05-16,quantile,0.95,27
2026-04-25,24,3,wk inc flu hosp,2026-05-16,quantile,0.975,36
2026-04-25,24,3,wk inc flu hosp,2026-05-16,quantile,0.99,52
2026-04-25,25,0,wk inc flu hosp,2026-04-25,quantile,0.01,5
2026-04-25,25,0,wk inc flu hosp,2026-04-25,quantile,0.025,7
2026-04-25,25,0,wk inc flu hosp,2026-04-25,quantile,0.05,9
2026-04-25,25,0,wk inc flu hosp,2026-04-25,quantile,0.1,16
2026-04-25,25,0,wk inc flu hosp,2026-04-25,quantile,0.15,19
2026-04-25,25,0,wk inc flu hosp,2026-04-25,quantile,0.2,20
2026-04-25,25,0,wk inc flu hosp,2026-04-25,quantile,0.25,21
2026-04-25,25,0,wk inc flu hosp,2026-04-25,quantile,0.3,24
2026-04-25,25,0,wk inc flu hosp,2026-04-25,quantile,0.35,26
2026-04-25,25,0,wk inc flu hosp,2026-04-25,quantile,0.4,29
2026-04-25,25,0,wk inc flu hosp,2026-04-25,quantile,0.45,31
2026-04-25,25,0,wk inc flu hosp,2026-04-25,quantile,0.5,34
2026-04-25,25,0,wk inc flu hosp,2026-04-25,quantile,0.55,35
2026-04-25,25,0,wk inc flu hosp,2026-04-25,quantile,0.6,37
2026-04-25,25,0,wk inc flu hosp,2026-04-25,quantile,0.65,41
2026-04-25,25,0,wk inc flu hosp,2026-04-25,quantile,0.7,42
2026-04-25,25,0,wk inc flu hosp,2026-04-25,quantile,0.75,44
2026-04-25,25,0,wk inc flu hosp,2026-04-25,quantile,0.8,47
2026-04-25,25,0,wk inc flu hosp,2026-04-25,quantile,0.85,51
2026-04-25,25,0,wk inc flu hosp,2026-04-25,quantile,0.9,56
2026-04-25,25,0,wk inc flu hosp,2026-04-25,quantile,0.95,63
2026-04-25,25,0,wk inc flu hosp,2026-04-25,quantile,0.975,76
2026-04-25,25,0,wk inc flu hosp,2026-04-25,quantile,0.99,86
2026-04-25,25,1,wk inc flu hosp,2026-05-02,quantile,0.01,2
2026-04-25,25,1,wk inc flu hosp,2026-05-02,quantile,0.025,5
2026-04-25,25,1,wk inc flu hosp,2026-05-02,quantile,0.05,7
2026-04-25,25,1,wk inc flu hosp,2026-05-02,quantile,0.1,9
2026-04-25,25,1,wk inc flu hosp,2026-05-02,quantile,0.15,11
2026-04-25,25,1,wk inc flu hosp,2026-05-02,quantile,0.2,12
2026-04-25,25,1,wk inc flu hosp,2026-05-02,quantile,0.25,16
2026-04-25,25,1,wk inc flu hosp,2026-05-02,quantile,0.3,17
2026-04-25,25,1,wk inc flu hosp,2026-05-02,quantile,0.35,21
2026-04-25,25,1,wk inc flu hosp,2026-05-02,quantile,0.4,22
2026-04-25,25,1,wk inc flu hosp,2026-05-02,quantile,0.45,24
2026-04-25,25,1,wk inc flu hosp,2026-05-02,quantile,0.5,30
2026-04-25,25,1,wk inc flu hosp,2026-05-02,quantile,0.55,32
2026-04-25,25,1,wk inc flu hosp,2026-05-02,quantile,0.6,33
2026-04-25,25,1,wk inc flu hosp,2026-05-02,quantile,0.65,36
2026-04-25,25,1,wk inc flu hosp,2026-05-02,quantile,0.7,40
2026-04-25,25,1,wk inc flu hosp,2026-05-02,quantile,0.75,42
2026-04-25,25,1,wk inc flu hosp,2026-05-02,quantile,0.8,44
2026-04-25,25,1,wk inc flu hosp,2026-05-02,quantile,0.85,50
2026-04-25,25,1,wk inc flu hosp,2026-05-02,quantile,0.9,55
2026-04-25,25,1,wk inc flu hosp,2026-05-02,quantile,0.95,71
2026-04-25,25,1,wk inc flu hosp,2026-05-02,quantile,0.975,82
2026-04-25,25,1,wk inc flu hosp,2026-05-02,quantile,0.99,102
2026-04-25,25,2,wk inc flu hosp,2026-05-09,quantile,0.01,1
2026-04-25,25,2,wk inc flu hosp,2026-05-09,quantile,0.025,3
2026-04-25,25,2,wk inc flu hosp,2026-05-09,quantile,0.05,4
2026-04-25,25,2,wk inc flu hosp,2026-05-09,quantile,0.1,7
2026-04-25,25,2,wk inc flu hosp,2026-05-09,quantile,0.15,10
2026-04-25,25,2,wk inc flu hosp,2026-05-09,quantile,0.2,11
2026-04-25,25,2,wk inc flu hosp,2026-05-09,quantile,0.25,13
2026-04-25,25,2,wk inc flu hosp,2026-05-09,quantile,0.3,16
2026-04-25,25,2,wk inc flu hosp,2026-05-09,quantile,0.35,18
2026-04-25,25,2,wk inc flu hosp,2026-05-09,quantile,0.4,20
2026-04-25,25,2,wk inc flu hosp,2026-05-09,quantile,0.45,23
2026-04-25,25,2,wk inc flu hosp,2026-05-09,quantile,0.5,27
2026-04-25,25,2,wk inc flu hosp,2026-05-09,quantile,0.55,29
2026-04-25,25,2,wk inc flu hosp,2026-05-09,quantile,0.6,32
2026-04-25,25,2,wk inc flu hosp,2026-05-09,quantile,0.65,36
2026-04-25,25,2,wk inc flu hosp,2026-05-09,quantile,0.7,37
2026-04-25,25,2,wk inc flu hosp,2026-05-09,quantile,0.75,41
2026-04-25,25,2,wk inc flu hosp,2026-05-09,quantile,0.8,44
2026-04-25,25,2,wk inc flu hosp,2026-05-09,quantile,0.85,49
2026-04-25,25,2,wk inc flu hosp,2026-05-09,quantile,0.9,56
2026-04-25,25,2,wk inc flu hosp,2026-05-09,quantile,0.95,70
2026-04-25,25,2,wk inc flu hosp,2026-05-09,quantile,0.975,83
2026-04-25,25,2,wk inc flu hosp,2026-05-09,quantile,0.99,106
2026-04-25,25,3,wk inc flu hosp,2026-05-16,quantile,0.01,0
2026-04-25,25,3,wk inc flu hosp,2026-05-16,quantile,0.025,0
2026-04-25,25,3,wk inc flu hosp,2026-05-16,quantile,0.05,2
2026-04-25,25,3,wk inc flu hosp,2026-05-16,quantile,0.1,4
2026-04-25,25,3,wk inc flu hosp,2026-05-16,quantile,0.15,6
2026-04-25,25,3,wk inc flu hosp,2026-05-16,quantile,0.2,8
2026-04-25,25,3,wk inc flu hosp,2026-05-16,quantile,0.25,9
2026-04-25,25,3,wk inc flu hosp,2026-05-16,quantile,0.3,11
2026-04-25,25,3,wk inc flu hosp,2026-05-16,quantile,0.35,13
2026-04-25,25,3,wk inc flu hosp,2026-05-16,quantile,0.4,15
2026-04-25,25,3,wk inc flu hosp,2026-05-16,quantile,0.45,18
2026-04-25,25,3,wk inc flu hosp,2026-05-16,quantile,0.5,21
2026-04-25,25,3,wk inc flu hosp,2026-05-16,quantile,0.55,25
2026-04-25,25,3,wk inc flu hosp,2026-05-16,quantile,0.6,28
2026-04-25,25,3,wk inc flu hosp,2026-05-16,quantile,0.65,31
2026-04-25,25,3,wk inc flu hosp,2026-05-16,quantile,0.7,35
2026-04-25,25,3,wk inc flu hosp,2026-05-16,quantile,0.75,40
2026-04-25,25,3,wk inc flu hosp,2026-05-16,quantile,0.8,42
2026-04-25,25,3,wk inc flu hosp,2026-05-16,quantile,0.85,49
2026-04-25,25,3,wk inc flu hosp,2026-05-16,quantile,0.9,58
2026-04-25,25,3,wk inc flu hosp,2026-05-16,quantile,0.95,64
2026-04-25,25,3,wk inc flu hosp,2026-05-16,quantile,0.975,82
2026-04-25,25,3,wk inc flu hosp,2026-05-16,quantile,0.99,115
2026-04-25,26,0,wk inc flu hosp,2026-04-25,quantile,0.01,4
2026-04-25,26,0,wk inc flu hosp,2026-04-25,quantile,0.025,8
2026-04-25,26,0,wk inc flu hosp,2026-04-25,quantile,0.05,12
2026-04-25,26,0,wk inc flu hosp,2026-04-25,quantile,0.1,17
2026-04-25,26,0,wk inc flu hosp,2026-04-25,quantile,0.15,22
2026-04-25,26,0,wk inc flu hosp,2026-04-25,quantile,0.2,24
2026-04-25,26,0,wk inc flu hosp,2026-04-25,quantile,0.25,27
2026-04-25,26,0,wk inc flu hosp,2026-04-25,quantile,0.3,29
2026-04-25,26,0,wk inc flu hosp,2026-04-25,quantile,0.35,32
2026-04-25,26,0,wk inc flu hosp,2026-04-25,quantile,0.4,33
2026-04-25,26,0,wk inc flu hosp,2026-04-25,quantile,0.45,37
2026-04-25,26,0,wk inc flu hosp,2026-04-25,quantile,0.5,40
2026-04-25,26,0,wk inc flu hosp,2026-04-25,quantile,0.55,45
2026-04-25,26,0,wk inc flu hosp,2026-04-25,quantile,0.6,47
2026-04-25,26,0,wk inc flu hosp,2026-04-25,quantile,0.65,50
2026-04-25,26,0,wk inc flu hosp,2026-04-25,quantile,0.7,52
2026-04-25,26,0,wk inc flu hosp,2026-04-25,quantile,0.75,55
2026-04-25,26,0,wk inc flu hosp,2026-04-25,quantile,0.8,58
2026-04-25,26,0,wk inc flu hosp,2026-04-25,quantile,0.85,64
2026-04-25,26,0,wk inc flu hosp,2026-04-25,quantile,0.9,72
2026-04-25,26,0,wk inc flu hosp,2026-04-25,quantile,0.95,82
2026-04-25,26,0,wk inc flu hosp,2026-04-25,quantile,0.975,98
2026-04-25,26,0,wk inc flu hosp,2026-04-25,quantile,0.99,112
2026-04-25,26,1,wk inc flu hosp,2026-05-02,quantile,0.01,0
2026-04-25,26,1,wk inc flu hosp,2026-05-02,quantile,0.025,3
2026-04-25,26,1,wk inc flu hosp,2026-05-02,quantile,0.05,5
2026-04-25,26,1,wk inc flu hosp,2026-05-02,quantile,0.1,8
2026-04-25,26,1,wk inc flu hosp,2026-05-02,quantile,0.15,12
2026-04-25,26,1,wk inc flu hosp,2026-05-02,quantile,0.2,15
2026-04-25,26,1,wk inc flu hosp,2026-05-02,quantile,0.25,17
2026-04-25,26,1,wk inc flu hosp,2026-05-02,quantile,0.3,21
2026-04-25,26,1,wk inc flu hosp,2026-05-02,quantile,0.35,23
2026-04-25,26,1,wk inc flu hosp,2026-05-02,quantile,0.4,26
2026-04-25,26,1,wk inc flu hosp,2026-05-02,quantile,0.45,30
2026-04-25,26,1,wk inc flu hosp,2026-05-02,quantile,0.5,33
2026-04-25,26,1,wk inc flu hosp,2026-05-02,quantile,0.55,37
2026-04-25,26,1,wk inc flu hosp,2026-05-02,quantile,0.6,40
2026-04-25,26,1,wk inc flu hosp,2026-05-02,quantile,0.65,43
2026-04-25,26,1,wk inc flu hosp,2026-05-02,quantile,0.7,48
2026-04-25,26,1,wk inc flu hosp,2026-05-02,quantile,0.75,50
2026-04-25,26,1,wk inc flu hosp,2026-05-02,quantile,0.8,56
2026-04-25,26,1,wk inc flu hosp,2026-05-02,quantile,0.85,61
2026-04-25,26,1,wk inc flu hosp,2026-05-02,quantile,0.9,68
2026-04-25,26,1,wk inc flu hosp,2026-05-02,quantile,0.95,84
2026-04-25,26,1,wk inc flu hosp,2026-05-02,quantile,0.975,99
2026-04-25,26,1,wk inc flu hosp,2026-05-02,quantile,0.99,116
2026-04-25,26,2,wk inc flu hosp,2026-05-09,quantile,0.01,0
2026-04-25,26,2,wk inc flu hosp,2026-05-09,quantile,0.025,0
2026-04-25,26,2,wk inc flu hosp,2026-05-09,quantile,0.05,1
2026-04-25,26,2,wk inc flu hosp,2026-05-09,quantile,0.1,4
2026-04-25,26,2,wk inc flu hosp,2026-05-09,quantile,0.15,6
2026-04-25,26,2,wk inc flu hosp,2026-05-09,quantile,0.2,9
2026-04-25,26,2,wk inc flu hosp,2026-05-09,quantile,0.25,12
2026-04-25,26,2,wk inc flu hosp,2026-05-09,quantile,0.3,15
2026-04-25,26,2,wk inc flu hosp,2026-05-09,quantile,0.35,19
2026-04-25,26,2,wk inc flu hosp,2026-05-09,quantile,0.4,21
2026-04-25,26,2,wk inc flu hosp,2026-05-09,quantile,0.45,24
2026-04-25,26,2,wk inc flu hosp,2026-05-09,quantile,0.5,29
2026-04-25,26,2,wk inc flu hosp,2026-05-09,quantile,0.55,33
2026-04-25,26,2,wk inc flu hosp,2026-05-09,quantile,0.6,38
2026-04-25,26,2,wk inc flu hosp,2026-05-09,quantile,0.65,42
2026-04-25,26,2,wk inc flu hosp,2026-05-09,quantile,0.7,45
2026-04-25,26,2,wk inc flu hosp,2026-05-09,quantile,0.75,48
2026-04-25,26,2,wk inc flu hosp,2026-05-09,quantile,0.8,51
2026-04-25,26,2,wk inc flu hosp,2026-05-09,quantile,0.85,56
2026-04-25,26,2,wk inc flu hosp,2026-05-09,quantile,0.9,64
2026-04-25,26,2,wk inc flu hosp,2026-05-09,quantile,0.95,79
2026-04-25,26,2,wk inc flu hosp,2026-05-09,quantile,0.975,103
2026-04-25,26,2,wk inc flu hosp,2026-05-09,quantile,0.99,134
2026-04-25,26,3,wk inc flu hosp,2026-05-16,quantile,0.01,0
2026-04-25,26,3,wk inc flu hosp,2026-05-16,quantile,0.025,0
2026-04-25,26,3,wk inc flu hosp,2026-05-16,quantile,0.05,0
2026-04-25,26,3,wk inc flu hosp,2026-05-16,quantile,0.1,1
2026-04-25,26,3,wk inc flu hosp,2026-05-16,quantile,0.15,4
2026-04-25,26,3,wk inc flu hosp,2026-05-16,quantile,0.2,6
2026-04-25,26,3,wk inc flu hosp,2026-05-16,quantile,0.25,8
2026-04-25,26,3,wk inc flu hosp,2026-05-16,quantile,0.3,12
2026-04-25,26,3,wk inc flu hosp,2026-05-16,quantile,0.35,17
2026-04-25,26,3,wk inc flu hosp,2026-05-16,quantile,0.4,20
2026-04-25,26,3,wk inc flu hosp,2026-05-16,quantile,0.45,21
2026-04-25,26,3,wk inc flu hosp,2026-05-16,quantile,0.5,23
2026-04-25,26,3,wk inc flu hosp,2026-05-16,quantile,0.55,27
2026-04-25,26,3,wk inc flu hosp,2026-05-16,quantile,0.6,33
2026-04-25,26,3,wk inc flu hosp,2026-05-16,quantile,0.65,38
2026-04-25,26,3,wk inc flu hosp,2026-05-16,quantile,0.7,43
2026-04-25,26,3,wk inc flu hosp,2026-05-16,quantile,0.75,47
2026-04-25,26,3,wk inc flu hosp,2026-05-16,quantile,0.8,49
2026-04-25,26,3,wk inc flu hosp,2026-05-16,quantile,0.85,53
2026-04-25,26,3,wk inc flu hosp,2026-05-16,quantile,0.9,63
2026-04-25,26,3,wk inc flu hosp,2026-05-16,quantile,0.95,76
2026-04-25,26,3,wk inc flu hosp,2026-05-16,quantile,0.975,96
2026-04-25,26,3,wk inc flu hosp,2026-05-16,quantile,0.99,121
2026-04-25,27,0,wk inc flu hosp,2026-04-25,quantile,0.01,0
2026-04-25,27,0,wk inc flu hosp,2026-04-25,quantile,0.025,1
2026-04-25,27,0,wk inc flu hosp,2026-04-25,quantile,0.05,2
2026-04-25,27,0,wk inc flu hosp,2026-04-25,quantile,0.1,4
2026-04-25,27,0,wk inc flu hosp,2026-04-25,quantile,0.15,6
2026-04-25,27,0,wk inc flu hosp,2026-04-25,quantile,0.2,7
2026-04-25,27,0,wk inc flu hosp,2026-04-25,quantile,0.25,8
2026-04-25,27,0,wk inc flu hosp,2026-04-25,quantile,0.3,10
2026-04-25,27,0,wk inc flu hosp,2026-04-25,quantile,0.35,11
2026-04-25,27,0,wk inc flu hosp,2026-04-25,quantile,0.4,14
2026-04-25,27,0,wk inc flu hosp,2026-04-25,quantile,0.45,15
2026-04-25,27,0,wk inc flu hosp,2026-04-25,quantile,0.5,17
2026-04-25,27,0,wk inc flu hosp,2026-04-25,quantile,0.55,18
2026-04-25,27,0,wk inc flu hosp,2026-04-25,quantile,0.6,20
2026-04-25,27,0,wk inc flu hosp,2026-04-25,quantile,0.65,22
2026-04-25,27,0,wk inc flu hosp,2026-04-25,quantile,0.7,23
2026-04-25,27,0,wk inc flu hosp,2026-04-25,quantile,0.75,26
2026-04-25,27,0,wk inc flu hosp,2026-04-25,quantile,0.8,29
2026-04-25,27,0,wk inc flu hosp,2026-04-25,quantile,0.85,32
2026-04-25,27,0,wk inc flu hosp,2026-04-25,quantile,0.9,36
2026-04-25,27,0,wk inc flu hosp,2026-04-25,quantile,0.95,43
2026-04-25,27,0,wk inc flu hosp,2026-04-25,quantile,0.975,53
2026-04-25,27,0,wk inc flu hosp,2026-04-25,quantile,0.99,66
2026-04-25,27,1,wk inc flu hosp,2026-05-02,quantile,0.01,0
2026-04-25,27,1,wk inc flu hosp,2026-05-02,quantile,0.025,0
2026-04-25,27,1,wk inc flu hosp,2026-05-02,quantile,0.05,0
2026-04-25,27,1,wk inc flu hosp,2026-05-02,quantile,0.1,2
2026-04-25,27,1,wk inc flu hosp,2026-05-02,quantile,0.15,3
2026-04-25,27,1,wk inc flu hosp,2026-05-02,quantile,0.2,4
2026-04-25,27,1,wk inc flu hosp,2026-05-02,quantile,0.25,6
2026-04-25,27,1,wk inc flu hosp,2026-05-02,quantile,0.3,7
2026-04-25,27,1,wk inc flu hosp,2026-05-02,quantile,0.35,8
2026-04-25,27,1,wk inc flu hosp,2026-05-02,quantile,0.4,9
2026-04-25,27,1,wk inc flu hosp,2026-05-02,quantile,0.45,11
2026-04-25,27,1,wk inc flu hosp,2026-05-02,quantile,0.5,13
2026-04-25,27,1,wk inc flu hosp,2026-05-02,quantile,0.55,15
2026-04-25,27,1,wk inc flu hosp,2026-05-02,quantile,0.6,16
2026-04-25,27,1,wk inc flu hosp,2026-05-02,quantile,0.65,19
2026-04-25,27,1,wk inc flu hosp,2026-05-02,quantile,0.7,21
2026-04-25,27,1,wk inc flu hosp,2026-05-02,quantile,0.75,23
2026-04-25,27,1,wk inc flu hosp,2026-05-02,quantile,0.8,26
2026-04-25,27,1,wk inc flu hosp,2026-05-02,quantile,0.85,30
2026-04-25,27,1,wk inc flu hosp,2026-05-02,quantile,0.9,36
2026-04-25,27,1,wk inc flu hosp,2026-05-02,quantile,0.95,51
2026-04-25,27,1,wk inc flu hosp,2026-05-02,quantile,0.975,65
2026-04-25,27,1,wk inc flu hosp,2026-05-02,quantile,0.99,75
2026-04-25,27,2,wk inc flu hosp,2026-05-09,quantile,0.01,0
2026-04-25,27,2,wk inc flu hosp,2026-05-09,quantile,0.025,0
2026-04-25,27,2,wk inc flu hosp,2026-05-09,quantile,0.05,0
2026-04-25,27,2,wk inc flu hosp,2026-05-09,quantile,0.1,1
2026-04-25,27,2,wk inc flu hosp,2026-05-09,quantile,0.15,2
2026-04-25,27,2,wk inc flu hosp,2026-05-09,quantile,0.2,3
2026-04-25,27,2,wk inc flu hosp,2026-05-09,quantile,0.25,3
2026-04-25,27,2,wk inc flu hosp,2026-05-09,quantile,0.3,5
2026-04-25,27,2,wk inc flu hosp,2026-05-09,quantile,0.35,6
2026-04-25,27,2,wk inc flu hosp,2026-05-09,quantile,0.4,6
2026-04-25,27,2,wk inc flu hosp,2026-05-09,quantile,0.45,9
2026-04-25,27,2,wk inc flu hosp,2026-05-09,quantile,0.5,11
2026-04-25,27,2,wk inc flu hosp,2026-05-09,quantile,0.55,12
2026-04-25,27,2,wk inc flu hosp,2026-05-09,quantile,0.6,13
2026-04-25,27,2,wk inc flu hosp,2026-05-09,quantile,0.65,16
2026-04-25,27,2,wk inc flu hosp,2026-05-09,quantile,0.7,18
2026-04-25,27,2,wk inc flu hosp,2026-05-09,quantile,0.75,21
2026-04-25,27,2,wk inc flu hosp,2026-05-09,quantile,0.8,25
2026-04-25,27,2,wk inc flu hosp,2026-05-09,quantile,0.85,29
2026-04-25,27,2,wk inc flu hosp,2026-05-09,quantile,0.9,36
2026-04-25,27,2,wk inc flu hosp,2026-05-09,quantile,0.95,50
2026-04-25,27,2,wk inc flu hosp,2026-05-09,quantile,0.975,64
2026-04-25,27,2,wk inc flu hosp,2026-05-09,quantile,0.99,78
2026-04-25,27,3,wk inc flu hosp,2026-05-16,quantile,0.01,0
2026-04-25,27,3,wk inc flu hosp,2026-05-16,quantile,0.025,0
2026-04-25,27,3,wk inc flu hosp,2026-05-16,quantile,0.05,0
2026-04-25,27,3,wk inc flu hosp,2026-05-16,quantile,0.1,0
2026-04-25,27,3,wk inc flu hosp,2026-05-16,quantile,0.15,1
2026-04-25,27,3,wk inc flu hosp,2026-05-16,quantile,0.2,2
2026-04-25,27,3,wk inc flu hosp,2026-05-16,quantile,0.25,2
2026-04-25,27,3,wk inc flu hosp,2026-05-16,quantile,0.3,3
2026-04-25,27,3,wk inc flu hosp,2026-05-16,quantile,0.35,4
2026-04-25,27,3,wk inc flu hosp,2026-05-16,quantile,0.4,5
2026-04-25,27,3,wk inc flu hosp,2026-05-16,quantile,0.45,6
2026-04-25,27,3,wk inc flu hosp,2026-05-16,quantile,0.5,9
2026-04-25,27,3,wk inc flu hosp,2026-05-16,quantile,0.55,11
2026-04-25,27,3,wk inc flu hosp,2026-05-16,quantile,0.6,12
2026-04-25,27,3,wk inc flu hosp,2026-05-16,quantile,0.65,14
2026-04-25,27,3,wk inc flu hosp,2026-05-16,quantile,0.7,17
2026-04-25,27,3,wk inc flu hosp,2026-05-16,quantile,0.75,19
2026-04-25,27,3,wk inc flu hosp,2026-05-16,quantile,0.8,23
2026-04-25,27,3,wk inc flu hosp,2026-05-16,quantile,0.85,27
2026-04-25,27,3,wk inc flu hosp,2026-05-16,quantile,0.9,33
2026-04-25,27,3,wk inc flu hosp,2026-05-16,quantile,0.95,44
2026-04-25,27,3,wk inc flu hosp,2026-05-16,quantile,0.975,56
2026-04-25,27,3,wk inc flu hosp,2026-05-16,quantile,0.99,80
2026-04-25,28,0,wk inc flu hosp,2026-04-25,quantile,0.01,1
2026-04-25,28,0,wk inc flu hosp,2026-04-25,quantile,0.025,2
2026-04-25,28,0,wk inc flu hosp,2026-04-25,quantile,0.05,4
2026-04-25,28,0,wk inc flu hosp,2026-04-25,quantile,0.1,5
2026-04-25,28,0,wk inc flu hosp,2026-04-25,quantile,0.15,6
2026-04-25,28,0,wk inc flu hosp,2026-04-25,quantile,0.2,7
2026-04-25,28,0,wk inc flu hosp,2026-04-25,quantile,0.25,8
2026-04-25,28,0,wk inc flu hosp,2026-04-25,quantile,0.3,9
2026-04-25,28,0,wk inc flu hosp,2026-04-25,quantile,0.35,10
2026-04-25,28,0,wk inc flu hosp,2026-04-25,quantile,0.4,10
2026-04-25,28,0,wk inc flu hosp,2026-04-25,quantile,0.45,11
2026-04-25,28,0,wk inc flu hosp,2026-04-25,quantile,0.5,13
2026-04-25,28,0,wk inc flu hosp,2026-04-25,quantile,0.55,15
2026-04-25,28,0,wk inc flu hosp,2026-04-25,quantile,0.6,16
2026-04-25,28,0,wk inc flu hosp,2026-04-25,quantile,0.65,17
2026-04-25,28,0,wk inc flu hosp,2026-04-25,quantile,0.7,18
2026-04-25,28,0,wk inc flu hosp,2026-04-25,quantile,0.75,20
2026-04-25,28,0,wk inc flu hosp,2026-04-25,quantile,0.8,21
2026-04-25,28,0,wk inc flu hosp,2026-04-25,quantile,0.85,23
2026-04-25,28,0,wk inc flu hosp,2026-04-25,quantile,0.9,27
2026-04-25,28,0,wk inc flu hosp,2026-04-25,quantile,0.95,32
2026-04-25,28,0,wk inc flu hosp,2026-04-25,quantile,0.975,38
2026-04-25,28,0,wk inc flu hosp,2026-04-25,quantile,0.99,44
2026-04-25,28,1,wk inc flu hosp,2026-05-02,quantile,0.01,0
2026-04-25,28,1,wk inc flu hosp,2026-05-02,quantile,0.025,1
2026-04-25,28,1,wk inc flu hosp,2026-05-02,quantile,0.05,2
2026-04-25,28,1,wk inc flu hosp,2026-05-02,quantile,0.1,3
2026-04-25,28,1,wk inc flu hosp,2026-05-02,quantile,0.15,4
2026-04-25,28,1,wk inc flu hosp,2026-05-02,quantile,0.2,5
2026-04-25,28,1,wk inc flu hosp,2026-05-02,quantile,0.25,5
2026-04-25,28,1,wk inc flu hosp,2026-05-02,quantile,0.3,7
2026-04-25,28,1,wk inc flu hosp,2026-05-02,quantile,0.35,7
2026-04-25,28,1,wk inc flu hosp,2026-05-02,quantile,0.4,8
2026-04-25,28,1,wk inc flu hosp,2026-05-02,quantile,0.45,9
2026-04-25,28,1,wk inc flu hosp,2026-05-02,quantile,0.5,11
2026-04-25,28,1,wk inc flu hosp,2026-05-02,quantile,0.55,13
2026-04-25,28,1,wk inc flu hosp,2026-05-02,quantile,0.6,14
2026-04-25,28,1,wk inc flu hosp,2026-05-02,quantile,0.65,16
2026-04-25,28,1,wk inc flu hosp,2026-05-02,quantile,0.7,17
2026-04-25,28,1,wk inc flu hosp,2026-05-02,quantile,0.75,19
2026-04-25,28,1,wk inc flu hosp,2026-05-02,quantile,0.8,21
2026-04-25,28,1,wk inc flu hosp,2026-05-02,quantile,0.85,25
2026-04-25,28,1,wk inc flu hosp,2026-05-02,quantile,0.9,29
2026-04-25,28,1,wk inc flu hosp,2026-05-02,quantile,0.95,35
2026-04-25,28,1,wk inc flu hosp,2026-05-02,quantile,0.975,40
2026-04-25,28,1,wk inc flu hosp,2026-05-02,quantile,0.99,47
2026-04-25,28,2,wk inc flu hosp,2026-05-09,quantile,0.01,0
2026-04-25,28,2,wk inc flu hosp,2026-05-09,quantile,0.025,0
2026-04-25,28,2,wk inc flu hosp,2026-05-09,quantile,0.05,0
2026-04-25,28,2,wk inc flu hosp,2026-05-09,quantile,0.1,2
2026-04-25,28,2,wk inc flu hosp,2026-05-09,quantile,0.15,3
2026-04-25,28,2,wk inc flu hosp,2026-05-09,quantile,0.2,4
2026-04-25,28,2,wk inc flu hosp,2026-05-09,quantile,0.25,4
2026-04-25,28,2,wk inc flu hosp,2026-05-09,quantile,0.3,5
2026-04-25,28,2,wk inc flu hosp,2026-05-09,quantile,0.35,6
2026-04-25,28,2,wk inc flu hosp,2026-05-09,quantile,0.4,7
2026-04-25,28,2,wk inc flu hosp,2026-05-09,quantile,0.45,8
2026-04-25,28,2,wk inc flu hosp,2026-05-09,quantile,0.5,11
2026-04-25,28,2,wk inc flu hosp,2026-05-09,quantile,0.55,12
2026-04-25,28,2,wk inc flu hosp,2026-05-09,quantile,0.6,13
2026-04-25,28,2,wk inc flu hosp,2026-05-09,quantile,0.65,16
2026-04-25,28,2,wk inc flu hosp,2026-05-09,quantile,0.7,18
2026-04-25,28,2,wk inc flu hosp,2026-05-09,quantile,0.75,19
2026-04-25,28,2,wk inc flu hosp,2026-05-09,quantile,0.8,21
2026-04-25,28,2,wk inc flu hosp,2026-05-09,quantile,0.85,25
2026-04-25,28,2,wk inc flu hosp,2026-05-09,quantile,0.9,29
2026-04-25,28,2,wk inc flu hosp,2026-05-09,quantile,0.95,36
2026-04-25,28,2,wk inc flu hosp,2026-05-09,quantile,0.975,43
2026-04-25,28,2,wk inc flu hosp,2026-05-09,quantile,0.99,52
2026-04-25,28,3,wk inc flu hosp,2026-05-16,quantile,0.01,0
2026-04-25,28,3,wk inc flu hosp,2026-05-16,quantile,0.025,0
2026-04-25,28,3,wk inc flu hosp,2026-05-16,quantile,0.05,0
2026-04-25,28,3,wk inc flu hosp,2026-05-16,quantile,0.1,1
2026-04-25,28,3,wk inc flu hosp,2026-05-16,quantile,0.15,2
2026-04-25,28,3,wk inc flu hosp,2026-05-16,quantile,0.2,3
2026-04-25,28,3,wk inc flu hosp,2026-05-16,quantile,0.25,4
2026-04-25,28,3,wk inc flu hosp,2026-05-16,quantile,0.3,5
2026-04-25,28,3,wk inc flu hosp,2026-05-16,quantile,0.35,6
2026-04-25,28,3,wk inc flu hosp,2026-05-16,quantile,0.4,7
2026-04-25,28,3,wk inc flu hosp,2026-05-16,quantile,0.45,8
2026-04-25,28,3,wk inc flu hosp,2026-05-16,quantile,0.5,10
2026-04-25,28,3,wk inc flu hosp,2026-05-16,quantile,0.55,11
2026-04-25,28,3,wk inc flu hosp,2026-05-16,quantile,0.6,13
2026-04-25,28,3,wk inc flu hosp,2026-05-16,quantile,0.65,15
2026-04-25,28,3,wk inc flu hosp,2026-05-16,quantile,0.7,16
2026-04-25,28,3,wk inc flu hosp,2026-05-16,quantile,0.75,19
2026-04-25,28,3,wk inc flu hosp,2026-05-16,quantile,0.8,20
2026-04-25,28,3,wk inc flu hosp,2026-05-16,quantile,0.85,23
2026-04-25,28,3,wk inc flu hosp,2026-05-16,quantile,0.9,28
2026-04-25,28,3,wk inc flu hosp,2026-05-16,quantile,0.95,33
2026-04-25,28,3,wk inc flu hosp,2026-05-16,quantile,0.975,41
2026-04-25,28,3,wk inc flu hosp,2026-05-16,quantile,0.99,49
2026-04-25,29,0,wk inc flu hosp,2026-04-25,quantile,0.01,0
2026-04-25,29,0,wk inc flu hosp,2026-04-25,quantile,0.025,2
2026-04-25,29,0,wk inc flu hosp,2026-04-25,quantile,0.05,4
2026-04-25,29,0,wk inc flu hosp,2026-04-25,quantile,0.1,7
2026-04-25,29,0,wk inc flu hosp,2026-04-25,quantile,0.15,9
2026-04-25,29,0,wk inc flu hosp,2026-04-25,quantile,0.2,10
2026-04-25,29,0,wk inc flu hosp,2026-04-25,quantile,0.25,12
2026-04-25,29,0,wk inc flu hosp,2026-04-25,quantile,0.3,14
2026-04-25,29,0,wk inc flu hosp,2026-04-25,quantile,0.35,15
2026-04-25,29,0,wk inc flu hosp,2026-04-25,quantile,0.4,17
2026-04-25,29,0,wk inc flu hosp,2026-04-25,quantile,0.45,18
2026-04-25,29,0,wk inc flu hosp,2026-04-25,quantile,0.5,20
2026-04-25,29,0,wk inc flu hosp,2026-04-25,quantile,0.55,22
2026-04-25,29,0,wk inc flu hosp,2026-04-25,quantile,0.6,23
2026-04-25,29,0,wk inc flu hosp,2026-04-25,quantile,0.65,25
2026-04-25,29,0,wk inc flu hosp,2026-04-25,quantile,0.7,28
2026-04-25,29,0,wk inc flu hosp,2026-04-25,quantile,0.75,29
2026-04-25,29,0,wk inc flu hosp,2026-04-25,quantile,0.8,32
2026-04-25,29,0,wk inc flu hosp,2026-04-25,quantile,0.85,37
2026-04-25,29,0,wk inc flu hosp,2026-04-25,quantile,0.9,44
2026-04-25,29,0,wk inc flu hosp,2026-04-25,quantile,0.95,47
2026-04-25,29,0,wk inc flu hosp,2026-04-25,quantile,0.975,58
2026-04-25,29,0,wk inc flu hosp,2026-04-25,quantile,0.99,76
2026-04-25,29,1,wk inc flu hosp,2026-05-02,quantile,0.01,0
2026-04-25,29,1,wk inc flu hosp,2026-05-02,quantile,0.025,0
2026-04-25,29,1,wk inc flu hosp,2026-05-02,quantile,0.05,2
2026-04-25,29,1,wk inc flu hosp,2026-05-02,quantile,0.1,4
2026-04-25,29,1,wk inc flu hosp,2026-05-02,quantile,0.15,6
2026-04-25,29,1,wk inc flu hosp,2026-05-02,quantile,0.2,7
2026-04-25,29,1,wk inc flu hosp,2026-05-02,quantile,0.25,9
2026-04-25,29,1,wk inc flu hosp,2026-05-02,quantile,0.3,10
2026-04-25,29,1,wk inc flu hosp,2026-05-02,quantile,0.35,12
2026-04-25,29,1,wk inc flu hosp,2026-05-02,quantile,0.4,13
2026-04-25,29,1,wk inc flu hosp,2026-05-02,quantile,0.45,14
2026-04-25,29,1,wk inc flu hosp,2026-05-02,quantile,0.5,17
2026-04-25,29,1,wk inc flu hosp,2026-05-02,quantile,0.55,18
2026-04-25,29,1,wk inc flu hosp,2026-05-02,quantile,0.6,21
2026-04-25,29,1,wk inc flu hosp,2026-05-02,quantile,0.65,22
2026-04-25,29,1,wk inc flu hosp,2026-05-02,quantile,0.7,24
2026-04-25,29,1,wk inc flu hosp,2026-05-02,quantile,0.75,27
2026-04-25,29,1,wk inc flu hosp,2026-05-02,quantile,0.8,29
2026-04-25,29,1,wk inc flu hosp,2026-05-02,quantile,0.85,34
2026-04-25,29,1,wk inc flu hosp,2026-05-02,quantile,0.9,39
2026-04-25,29,1,wk inc flu hosp,2026-05-02,quantile,0.95,52
2026-04-25,29,1,wk inc flu hosp,2026-05-02,quantile,0.975,66
2026-04-25,29,1,wk inc flu hosp,2026-05-02,quantile,0.99,81
2026-04-25,29,2,wk inc flu hosp,2026-05-09,quantile,0.01,0
2026-04-25,29,2,wk inc flu hosp,2026-05-09,quantile,0.025,0
2026-04-25,29,2,wk inc flu hosp,2026-05-09,quantile,0.05,0
2026-04-25,29,2,wk inc flu hosp,2026-05-09,quantile,0.1,1
2026-04-25,29,2,wk inc flu hosp,2026-05-09,quantile,0.15,4
2026-04-25,29,2,wk inc flu hosp,2026-05-09,quantile,0.2,5
2026-04-25,29,2,wk inc flu hosp,2026-05-09,quantile,0.25,6
2026-04-25,29,2,wk inc flu hosp,2026-05-09,quantile,0.3,7
2026-04-25,29,2,wk inc flu hosp,2026-05-09,quantile,0.35,8
2026-04-25,29,2,wk inc flu hosp,2026-05-09,quantile,0.4,10
2026-04-25,29,2,wk inc flu hosp,2026-05-09,quantile,0.45,11
2026-04-25,29,2,wk inc flu hosp,2026-05-09,quantile,0.5,13
2026-04-25,29,2,wk inc flu hosp,2026-05-09,quantile,0.55,15
2026-04-25,29,2,wk inc flu hosp,2026-05-09,quantile,0.6,17
2026-04-25,29,2,wk inc flu hosp,2026-05-09,quantile,0.65,19
2026-04-25,29,2,wk inc flu hosp,2026-05-09,quantile,0.7,22
2026-04-25,29,2,wk inc flu hosp,2026-05-09,quantile,0.75,24
2026-04-25,29,2,wk inc flu hosp,2026-05-09,quantile,0.8,26
2026-04-25,29,2,wk inc flu hosp,2026-05-09,quantile,0.85,29
2026-04-25,29,2,wk inc flu hosp,2026-05-09,quantile,0.9,35
2026-04-25,29,2,wk inc flu hosp,2026-05-09,quantile,0.95,47
2026-04-25,29,2,wk inc flu hosp,2026-05-09,quantile,0.975,60
2026-04-25,29,2,wk inc flu hosp,2026-05-09,quantile,0.99,75
2026-04-25,29,3,wk inc flu hosp,2026-05-16,quantile,0.01,0
2026-04-25,29,3,wk inc flu hosp,2026-05-16,quantile,0.025,0
2026-04-25,29,3,wk inc flu hosp,2026-05-16,quantile,0.05,0
2026-04-25,29,3,wk inc flu hosp,2026-05-16,quantile,0.1,1
2026-04-25,29,3,wk inc flu hosp,2026-05-16,quantile,0.15,2
2026-04-25,29,3,wk inc flu hosp,2026-05-16,quantile,0.2,3
2026-04-25,29,3,wk inc flu hosp,2026-05-16,quantile,0.25,4
2026-04-25,29,3,wk inc flu hosp,2026-05-16,quantile,0.3,5
2026-04-25,29,3,wk inc flu hosp,2026-05-16,quantile,0.35,7
2026-04-25,29,3,wk inc flu hosp,2026-05-16,quantile,0.4,8
2026-04-25,29,3,wk inc flu hosp,2026-05-16,quantile,0.45,9
2026-04-25,29,3,wk inc flu hosp,2026-05-16,quantile,0.5,12
2026-04-25,29,3,wk inc flu hosp,2026-05-16,quantile,0.55,13
2026-04-25,29,3,wk inc flu hosp,2026-05-16,quantile,0.6,15
2026-04-25,29,3,wk inc flu hosp,2026-05-16,quantile,0.65,18
2026-04-25,29,3,wk inc flu hosp,2026-05-16,quantile,0.7,20
2026-04-25,29,3,wk inc flu hosp,2026-05-16,quantile,0.75,23
2026-04-25,29,3,wk inc flu hosp,2026-05-16,quantile,0.8,25
2026-04-25,29,3,wk inc flu hosp,2026-05-16,quantile,0.85,28
2026-04-25,29,3,wk inc flu hosp,2026-05-16,quantile,0.9,33
2026-04-25,29,3,wk inc flu hosp,2026-05-16,quantile,0.95,43
2026-04-25,29,3,wk inc flu hosp,2026-05-16,quantile,0.975,61
2026-04-25,29,3,wk inc flu hosp,2026-05-16,quantile,0.99,84
2026-04-25,30,0,wk inc flu hosp,2026-04-25,quantile,0.01,0
2026-04-25,30,0,wk inc flu hosp,2026-04-25,quantile,0.025,0
2026-04-25,30,0,wk inc flu hosp,2026-04-25,quantile,0.05,0
2026-04-25,30,0,wk inc flu hosp,2026-04-25,quantile,0.1,0
2026-04-25,30,0,wk inc flu hosp,2026-04-25,quantile,0.15,1
2026-04-25,30,0,wk inc flu hosp,2026-04-25,quantile,0.2,1
2026-04-25,30,0,wk inc flu hosp,2026-04-25,quantile,0.25,2
2026-04-25,30,0,wk inc flu hosp,2026-04-25,quantile,0.3,2
2026-04-25,30,0,wk inc flu hosp,2026-04-25,quantile,0.35,3
2026-04-25,30,0,wk inc flu hosp,2026-04-25,quantile,0.4,3
2026-04-25,30,0,wk inc flu hosp,2026-04-25,quantile,0.45,4
2026-04-25,30,0,wk inc flu hosp,2026-04-25,quantile,0.5,4
2026-04-25,30,0,wk inc flu hosp,2026-04-25,quantile,0.55,5
2026-04-25,30,0,wk inc flu hosp,2026-04-25,quantile,0.6,5
2026-04-25,30,0,wk inc flu hosp,2026-04-25,quantile,0.65,6
2026-04-25,30,0,wk inc flu hosp,2026-04-25,quantile,0.7,7
2026-04-25,30,0,wk inc flu hosp,2026-04-25,quantile,0.75,7
2026-04-25,30,0,wk inc flu hosp,2026-04-25,quantile,0.8,8
2026-04-25,30,0,wk inc flu hosp,2026-04-25,quantile,0.85,10
2026-04-25,30,0,wk inc flu hosp,2026-04-25,quantile,0.9,11
2026-04-25,30,0,wk inc flu hosp,2026-04-25,quantile,0.95,13
2026-04-25,30,0,wk inc flu hosp,2026-04-25,quantile,0.975,15
2026-04-25,30,0,wk inc flu hosp,2026-04-25,quantile,0.99,19
2026-04-25,30,1,wk inc flu hosp,2026-05-02,quantile,0.01,0
2026-04-25,30,1,wk inc flu hosp,2026-05-02,quantile,0.025,0
2026-04-25,30,1,wk inc flu hosp,2026-05-02,quantile,0.05,0
2026-04-25,30,1,wk inc flu hosp,2026-05-02,quantile,0.1,0
2026-04-25,30,1,wk inc flu hosp,2026-05-02,quantile,0.15,0
2026-04-25,30,1,wk inc flu hosp,2026-05-02,quantile,0.2,1
2026-04-25,30,1,wk inc flu hosp,2026-05-02,quantile,0.25,1
2026-04-25,30,1,wk inc flu hosp,2026-05-02,quantile,0.3,1
2026-04-25,30,1,wk inc flu hosp,2026-05-02,quantile,0.35,1
2026-04-25,30,1,wk inc flu hosp,2026-05-02,quantile,0.4,2
2026-04-25,30,1,wk inc flu hosp,2026-05-02,quantile,0.45,2
2026-04-25,30,1,wk inc flu hosp,2026-05-02,quantile,0.5,3
2026-04-25,30,1,wk inc flu hosp,2026-05-02,quantile,0.55,3
2026-04-25,30,1,wk inc flu hosp,2026-05-02,quantile,0.6,4
2026-04-25,30,1,wk inc flu hosp,2026-05-02,quantile,0.65,5
2026-04-25,30,1,wk inc flu hosp,2026-05-02,quantile,0.7,6
2026-04-25,30,1,wk inc flu hosp,2026-05-02,quantile,0.75,7
2026-04-25,30,1,wk inc flu hosp,2026-05-02,quantile,0.8,8
2026-04-25,30,1,wk inc flu hosp,2026-05-02,quantile,0.85,9
2026-04-25,30,1,wk inc flu hosp,2026-05-02,quantile,0.9,10
2026-04-25,30,1,wk inc flu hosp,2026-05-02,quantile,0.95,12
2026-04-25,30,1,wk inc flu hosp,2026-05-02,quantile,0.975,14
2026-04-25,30,1,wk inc flu hosp,2026-05-02,quantile,0.99,18
2026-04-25,30,2,wk inc flu hosp,2026-05-09,quantile,0.01,0
2026-04-25,30,2,wk inc flu hosp,2026-05-09,quantile,0.025,0
2026-04-25,30,2,wk inc flu hosp,2026-05-09,quantile,0.05,0
2026-04-25,30,2,wk inc flu hosp,2026-05-09,quantile,0.1,0
2026-04-25,30,2,wk inc flu hosp,2026-05-09,quantile,0.15,0
2026-04-25,30,2,wk inc flu hosp,2026-05-09,quantile,0.2,0
2026-04-25,30,2,wk inc flu hosp,2026-05-09,quantile,0.25,0
2026-04-25,30,2,wk inc flu hosp,2026-05-09,quantile,0.3,1
2026-04-25,30,2,wk inc flu hosp,2026-05-09,quantile,0.35,1
2026-04-25,30,2,wk inc flu hosp,2026-05-09,quantile,0.4,1
2026-04-25,30,2,wk inc flu hosp,2026-05-09,quantile,0.45,2
2026-04-25,30,2,wk inc flu hosp,2026-05-09,quantile,0.5,3
2026-04-25,30,2,wk inc flu hosp,2026-05-09,quantile,0.55,3
2026-04-25,30,2,wk inc flu hosp,2026-05-09,quantile,0.6,3
2026-04-25,30,2,wk inc flu hosp,2026-05-09,quantile,0.65,4
2026-04-25,30,2,wk inc flu hosp,2026-05-09,quantile,0.7,5
2026-04-25,30,2,wk inc flu hosp,2026-05-09,quantile,0.75,6
2026-04-25,30,2,wk inc flu hosp,2026-05-09,quantile,0.8,7
2026-04-25,30,2,wk inc flu hosp,2026-05-09,quantile,0.85,8
2026-04-25,30,2,wk inc flu hosp,2026-05-09,quantile,0.9,9
2026-04-25,30,2,wk inc flu hosp,2026-05-09,quantile,0.95,13
2026-04-25,30,2,wk inc flu hosp,2026-05-09,quantile,0.975,15
2026-04-25,30,2,wk inc flu hosp,2026-05-09,quantile,0.99,20
2026-04-25,30,3,wk inc flu hosp,2026-05-16,quantile,0.01,0
2026-04-25,30,3,wk inc flu hosp,2026-05-16,quantile,0.025,0
2026-04-25,30,3,wk inc flu hosp,2026-05-16,quantile,0.05,0
2026-04-25,30,3,wk inc flu hosp,2026-05-16,quantile,0.1,0
2026-04-25,30,3,wk inc flu hosp,2026-05-16,quantile,0.15,0
2026-04-25,30,3,wk inc flu hosp,2026-05-16,quantile,0.2,0
2026-04-25,30,3,wk inc flu hosp,2026-05-16,quantile,0.25,0
2026-04-25,30,3,wk inc flu hosp,2026-05-16,quantile,0.3,1
2026-04-25,30,3,wk inc flu hosp,2026-05-16,quantile,0.35,1
2026-04-25,30,3,wk inc flu hosp,2026-05-16,quantile,0.4,1
2026-04-25,30,3,wk inc flu hosp,2026-05-16,quantile,0.45,1
2026-04-25,30,3,wk inc flu hosp,2026-05-16,quantile,0.5,2
2026-04-25,30,3,wk inc flu hosp,2026-05-16,quantile,0.55,2
2026-04-25,30,3,wk inc flu hosp,2026-05-16,quantile,0.6,3
2026-04-25,30,3,wk inc flu hosp,2026-05-16,quantile,0.65,4
2026-04-25,30,3,wk inc flu hosp,2026-05-16,quantile,0.7,5
2026-04-25,30,3,wk inc flu hosp,2026-05-16,quantile,0.75,5
2026-04-25,30,3,wk inc flu hosp,2026-05-16,quantile,0.8,6
2026-04-25,30,3,wk inc flu hosp,2026-05-16,quantile,0.85,7
2026-04-25,30,3,wk inc flu hosp,2026-05-16,quantile,0.9,9
2026-04-25,30,3,wk inc flu hosp,2026-05-16,quantile,0.95,14
2026-04-25,30,3,wk inc flu hosp,2026-05-16,quantile,0.975,16
2026-04-25,30,3,wk inc flu hosp,2026-05-16,quantile,0.99,20
2026-04-25,31,0,wk inc flu hosp,2026-04-25,quantile,0.01,0
2026-04-25,31,0,wk inc flu hosp,2026-04-25,quantile,0.025,0
2026-04-25,31,0,wk inc flu hosp,2026-04-25,quantile,0.05,1
2026-04-25,31,0,wk inc flu hosp,2026-04-25,quantile,0.1,1
2026-04-25,31,0,wk inc flu hosp,2026-04-25,quantile,0.15,2
2026-04-25,31,0,wk inc flu hosp,2026-04-25,quantile,0.2,2
2026-04-25,31,0,wk inc flu hosp,2026-04-25,quantile,0.25,3
2026-04-25,31,0,wk inc flu hosp,2026-04-25,quantile,0.3,3
2026-04-25,31,0,wk inc flu hosp,2026-04-25,quantile,0.35,4
2026-04-25,31,0,wk inc flu hosp,2026-04-25,quantile,0.4,4
2026-04-25,31,0,wk inc flu hosp,2026-04-25,quantile,0.45,5
2026-04-25,31,0,wk inc flu hosp,2026-04-25,quantile,0.5,6
2026-04-25,31,0,wk inc flu hosp,2026-04-25,quantile,0.55,7
2026-04-25,31,0,wk inc flu hosp,2026-04-25,quantile,0.6,7
2026-04-25,31,0,wk inc flu hosp,2026-04-25,quantile,0.65,8
2026-04-25,31,0,wk inc flu hosp,2026-04-25,quantile,0.7,8
2026-04-25,31,0,wk inc flu hosp,2026-04-25,quantile,0.75,9
2026-04-25,31,0,wk inc flu hosp,2026-04-25,quantile,0.8,10
2026-04-25,31,0,wk inc flu hosp,2026-04-25,quantile,0.85,11
2026-04-25,31,0,wk inc flu hosp,2026-04-25,quantile,0.9,14
2026-04-25,31,0,wk inc flu hosp,2026-04-25,quantile,0.95,17
2026-04-25,31,0,wk inc flu hosp,2026-04-25,quantile,0.975,20
2026-04-25,31,0,wk inc flu hosp,2026-04-25,quantile,0.99,24
2026-04-25,31,1,wk inc flu hosp,2026-05-02,quantile,0.01,0
2026-04-25,31,1,wk inc flu hosp,2026-05-02,quantile,0.025,0
2026-04-25,31,1,wk inc flu hosp,2026-05-02,quantile,0.05,0
2026-04-25,31,1,wk inc flu hosp,2026-05-02,quantile,0.1,0
2026-04-25,31,1,wk inc flu hosp,2026-05-02,quantile,0.15,1
2026-04-25,31,1,wk inc flu hosp,2026-05-02,quantile,0.2,1
2026-04-25,31,1,wk inc flu hosp,2026-05-02,quantile,0.25,2
2026-04-25,31,1,wk inc flu hosp,2026-05-02,quantile,0.3,2
2026-04-25,31,1,wk inc flu hosp,2026-05-02,quantile,0.35,3
2026-04-25,31,1,wk inc flu hosp,2026-05-02,quantile,0.4,3
2026-04-25,31,1,wk inc flu hosp,2026-05-02,quantile,0.45,3
2026-04-25,31,1,wk inc flu hosp,2026-05-02,quantile,0.5,5
2026-04-25,31,1,wk inc flu hosp,2026-05-02,quantile,0.55,6
2026-04-25,31,1,wk inc flu hosp,2026-05-02,quantile,0.6,6
2026-04-25,31,1,wk inc flu hosp,2026-05-02,quantile,0.65,6
2026-04-25,31,1,wk inc flu hosp,2026-05-02,quantile,0.7,7
2026-04-25,31,1,wk inc flu hosp,2026-05-02,quantile,0.75,8
2026-04-25,31,1,wk inc flu hosp,2026-05-02,quantile,0.8,9
2026-04-25,31,1,wk inc flu hosp,2026-05-02,quantile,0.85,10
2026-04-25,31,1,wk inc flu hosp,2026-05-02,quantile,0.9,13
2026-04-25,31,1,wk inc flu hosp,2026-05-02,quantile,0.95,16
2026-04-25,31,1,wk inc flu hosp,2026-05-02,quantile,0.975,19
2026-04-25,31,1,wk inc flu hosp,2026-05-02,quantile,0.99,25
2026-04-25,31,2,wk inc flu hosp,2026-05-09,quantile,0.01,0
2026-04-25,31,2,wk inc flu hosp,2026-05-09,quantile,0.025,0
2026-04-25,31,2,wk inc flu hosp,2026-05-09,quantile,0.05,0
2026-04-25,31,2,wk inc flu hosp,2026-05-09,quantile,0.1,0
2026-04-25,31,2,wk inc flu hosp,2026-05-09,quantile,0.15,0
2026-04-25,31,2,wk inc flu hosp,2026-05-09,quantile,0.2,0
2026-04-25,31,2,wk inc flu hosp,2026-05-09,quantile,0.25,1
2026-04-25,31,2,wk inc flu hosp,2026-05-09,quantile,0.3,1
2026-04-25,31,2,wk inc flu hosp,2026-05-09,quantile,0.35,2
2026-04-25,31,2,wk inc flu hosp,2026-05-09,quantile,0.4,2
2026-04-25,31,2,wk inc flu hosp,2026-05-09,quantile,0.45,3
2026-04-25,31,2,wk inc flu hosp,2026-05-09,quantile,0.5,4
2026-04-25,31,2,wk inc flu hosp,2026-05-09,quantile,0.55,5
2026-04-25,31,2,wk inc flu hosp,2026-05-09,quantile,0.6,5
2026-04-25,31,2,wk inc flu hosp,2026-05-09,quantile,0.65,6
2026-04-25,31,2,wk inc flu hosp,2026-05-09,quantile,0.7,6
2026-04-25,31,2,wk inc flu hosp,2026-05-09,quantile,0.75,7
2026-04-25,31,2,wk inc flu hosp,2026-05-09,quantile,0.8,9
2026-04-25,31,2,wk inc flu hosp,2026-05-09,quantile,0.85,10
2026-04-25,31,2,wk inc flu hosp,2026-05-09,quantile,0.9,12
2026-04-25,31,2,wk inc flu hosp,2026-05-09,quantile,0.95,16
2026-04-25,31,2,wk inc flu hosp,2026-05-09,quantile,0.975,20
2026-04-25,31,2,wk inc flu hosp,2026-05-09,quantile,0.99,25
2026-04-25,31,3,wk inc flu hosp,2026-05-16,quantile,0.01,0
2026-04-25,31,3,wk inc flu hosp,2026-05-16,quantile,0.025,0
2026-04-25,31,3,wk inc flu hosp,2026-05-16,quantile,0.05,0
2026-04-25,31,3,wk inc flu hosp,2026-05-16,quantile,0.1,0
2026-04-25,31,3,wk inc flu hosp,2026-05-16,quantile,0.15,0
2026-04-25,31,3,wk inc flu hosp,2026-05-16,quantile,0.2,0
2026-04-25,31,3,wk inc flu hosp,2026-05-16,quantile,0.25,1
2026-04-25,31,3,wk inc flu hosp,2026-05-16,quantile,0.3,1
2026-04-25,31,3,wk inc flu hosp,2026-05-16,quantile,0.35,2
2026-04-25,31,3,wk inc flu hosp,2026-05-16,quantile,0.4,2
2026-04-25,31,3,wk inc flu hosp,2026-05-16,quantile,0.45,2
2026-04-25,31,3,wk inc flu hosp,2026-05-16,quantile,0.5,3
2026-04-25,31,3,wk inc flu hosp,2026-05-16,quantile,0.55,4
2026-04-25,31,3,wk inc flu hosp,2026-05-16,quantile,0.6,5
2026-04-25,31,3,wk inc flu hosp,2026-05-16,quantile,0.65,5
2026-04-25,31,3,wk inc flu hosp,2026-05-16,quantile,0.7,6
2026-04-25,31,3,wk inc flu hosp,2026-05-16,quantile,0.75,7
2026-04-25,31,3,wk inc flu hosp,2026-05-16,quantile,0.8,9
2026-04-25,31,3,wk inc flu hosp,2026-05-16,quantile,0.85,10
2026-04-25,31,3,wk inc flu hosp,2026-05-16,quantile,0.9,11
2026-04-25,31,3,wk inc flu hosp,2026-05-16,quantile,0.95,16
2026-04-25,31,3,wk inc flu hosp,2026-05-16,quantile,0.975,21
2026-04-25,31,3,wk inc flu hosp,2026-05-16,quantile,0.99,29
2026-04-25,32,0,wk inc flu hosp,2026-04-25,quantile,0.01,1
2026-04-25,32,0,wk inc flu hosp,2026-04-25,quantile,0.025,3
2026-04-25,32,0,wk inc flu hosp,2026-04-25,quantile,0.05,4
2026-04-25,32,0,wk inc flu hosp,2026-04-25,quantile,0.1,6
2026-04-25,32,0,wk inc flu hosp,2026-04-25,quantile,0.15,8
2026-04-25,32,0,wk inc flu hosp,2026-04-25,quantile,0.2,9
2026-04-25,32,0,wk inc flu hosp,2026-04-25,quantile,0.25,10
2026-04-25,32,0,wk inc flu hosp,2026-04-25,quantile,0.3,11
2026-04-25,32,0,wk inc flu hosp,2026-04-25,quantile,0.35,12
2026-04-25,32,0,wk inc flu hosp,2026-04-25,quantile,0.4,14
2026-04-25,32,0,wk inc flu hosp,2026-04-25,quantile,0.45,15
2026-04-25,32,0,wk inc flu hosp,2026-04-25,quantile,0.5,16
2026-04-25,32,0,wk inc flu hosp,2026-04-25,quantile,0.55,18
2026-04-25,32,0,wk inc flu hosp,2026-04-25,quantile,0.6,19
2026-04-25,32,0,wk inc flu hosp,2026-04-25,quantile,0.65,20
2026-04-25,32,0,wk inc flu hosp,2026-04-25,quantile,0.7,21
2026-04-25,32,0,wk inc flu hosp,2026-04-25,quantile,0.75,22
2026-04-25,32,0,wk inc flu hosp,2026-04-25,quantile,0.8,24
2026-04-25,32,0,wk inc flu hosp,2026-04-25,quantile,0.85,26
2026-04-25,32,0,wk inc flu hosp,2026-04-25,quantile,0.9,28
2026-04-25,32,0,wk inc flu hosp,2026-04-25,quantile,0.95,33
2026-04-25,32,0,wk inc flu hosp,2026-04-25,quantile,0.975,38
2026-04-25,32,0,wk inc flu hosp,2026-04-25,quantile,0.99,44
2026-04-25,32,1,wk inc flu hosp,2026-05-02,quantile,0.01,0
2026-04-25,32,1,wk inc flu hosp,2026-05-02,quantile,0.025,1
2026-04-25,32,1,wk inc flu hosp,2026-05-02,quantile,0.05,1
2026-04-25,32,1,wk inc flu hosp,2026-05-02,quantile,0.1,3
2026-04-25,32,1,wk inc flu hosp,2026-05-02,quantile,0.15,5
2026-04-25,32,1,wk inc flu hosp,2026-05-02,quantile,0.2,7
2026-04-25,32,1,wk inc flu hosp,2026-05-02,quantile,0.25,7
2026-04-25,32,1,wk inc flu hosp,2026-05-02,quantile,0.3,9
2026-04-25,32,1,wk inc flu hosp,2026-05-02,quantile,0.35,10
2026-04-25,32,1,wk inc flu hosp,2026-05-02,quantile,0.4,11
2026-04-25,32,1,wk inc flu hosp,2026-05-02,quantile,0.45,12
2026-04-25,32,1,wk inc flu hosp,2026-05-02,quantile,0.5,14
2026-04-25,32,1,wk inc flu hosp,2026-05-02,quantile,0.55,16
2026-04-25,32,1,wk inc flu hosp,2026-05-02,quantile,0.6,17
2026-04-25,32,1,wk inc flu hosp,2026-05-02,quantile,0.65,18
2026-04-25,32,1,wk inc flu hosp,2026-05-02,quantile,0.7,21
2026-04-25,32,1,wk inc flu hosp,2026-05-02,quantile,0.75,22
2026-04-25,32,1,wk inc flu hosp,2026-05-02,quantile,0.8,24
2026-04-25,32,1,wk inc flu hosp,2026-05-02,quantile,0.85,28
2026-04-25,32,1,wk inc flu hosp,2026-05-02,quantile,0.9,31
2026-04-25,32,1,wk inc flu hosp,2026-05-02,quantile,0.95,35
2026-04-25,32,1,wk inc flu hosp,2026-05-02,quantile,0.975,41
2026-04-25,32,1,wk inc flu hosp,2026-05-02,quantile,0.99,48
2026-04-25,32,2,wk inc flu hosp,2026-05-09,quantile,0.01,0
2026-04-25,32,2,wk inc flu hosp,2026-05-09,quantile,0.025,0
2026-04-25,32,2,wk inc flu hosp,2026-05-09,quantile,0.05,0
2026-04-25,32,2,wk inc flu hosp,2026-05-09,quantile,0.1,2
2026-04-25,32,2,wk inc flu hosp,2026-05-09,quantile,0.15,3
2026-04-25,32,2,wk inc flu hosp,2026-05-09,quantile,0.2,4
2026-04-25,32,2,wk inc flu hosp,2026-05-09,quantile,0.25,6
2026-04-25,32,2,wk inc flu hosp,2026-05-09,quantile,0.3,7
2026-04-25,32,2,wk inc flu hosp,2026-05-09,quantile,0.35,7
2026-04-25,32,2,wk inc flu hosp,2026-05-09,quantile,0.4,9
2026-04-25,32,2,wk inc flu hosp,2026-05-09,quantile,0.45,10
2026-04-25,32,2,wk inc flu hosp,2026-05-09,quantile,0.5,12
2026-04-25,32,2,wk inc flu hosp,2026-05-09,quantile,0.55,14
2026-04-25,32,2,wk inc flu hosp,2026-05-09,quantile,0.6,15
2026-04-25,32,2,wk inc flu hosp,2026-05-09,quantile,0.65,16
2026-04-25,32,2,wk inc flu hosp,2026-05-09,quantile,0.7,18
2026-04-25,32,2,wk inc flu hosp,2026-05-09,quantile,0.75,20
2026-04-25,32,2,wk inc flu hosp,2026-05-09,quantile,0.8,22
2026-04-25,32,2,wk inc flu hosp,2026-05-09,quantile,0.85,27
2026-04-25,32,2,wk inc flu hosp,2026-05-09,quantile,0.9,30
2026-04-25,32,2,wk inc flu hosp,2026-05-09,quantile,0.95,34
2026-04-25,32,2,wk inc flu hosp,2026-05-09,quantile,0.975,42
2026-04-25,32,2,wk inc flu hosp,2026-05-09,quantile,0.99,52
2026-04-25,32,3,wk inc flu hosp,2026-05-16,quantile,0.01,0
2026-04-25,32,3,wk inc flu hosp,2026-05-16,quantile,0.025,0
2026-04-25,32,3,wk inc flu hosp,2026-05-16,quantile,0.05,0
2026-04-25,32,3,wk inc flu hosp,2026-05-16,quantile,0.1,1
2026-04-25,32,3,wk inc flu hosp,2026-05-16,quantile,0.15,2
2026-04-25,32,3,wk inc flu hosp,2026-05-16,quantile,0.2,4
2026-04-25,32,3,wk inc flu hosp,2026-05-16,quantile,0.25,4
2026-04-25,32,3,wk inc flu hosp,2026-05-16,quantile,0.3,6
2026-04-25,32,3,wk inc flu hosp,2026-05-16,quantile,0.35,7
2026-04-25,32,3,wk inc flu hosp,2026-05-16,quantile,0.4,7
2026-04-25,32,3,wk inc flu hosp,2026-05-16,quantile,0.45,9
2026-04-25,32,3,wk inc flu hosp,2026-05-16,quantile,0.5,11
2026-04-25,32,3,wk inc flu hosp,2026-05-16,quantile,0.55,12
2026-04-25,32,3,wk inc flu hosp,2026-05-16,quantile,0.6,14
2026-04-25,32,3,wk inc flu hosp,2026-05-16,quantile,0.65,15
2026-04-25,32,3,wk inc flu hosp,2026-05-16,quantile,0.7,16
2026-04-25,32,3,wk inc flu hosp,2026-05-16,quantile,0.75,19
2026-04-25,32,3,wk inc flu hosp,2026-05-16,quantile,0.8,22
2026-04-25,32,3,wk inc flu hosp,2026-05-16,quantile,0.85,25
2026-04-25,32,3,wk inc flu hosp,2026-05-16,quantile,0.9,28
2026-04-25,32,3,wk inc flu hosp,2026-05-16,quantile,0.95,32
2026-04-25,32,3,wk inc flu hosp,2026-05-16,quantile,0.975,38
2026-04-25,32,3,wk inc flu hosp,2026-05-16,quantile,0.99,50
2026-04-25,33,0,wk inc flu hosp,2026-04-25,quantile,0.01,0
2026-04-25,33,0,wk inc flu hosp,2026-04-25,quantile,0.025,0
2026-04-25,33,0,wk inc flu hosp,2026-04-25,quantile,0.05,1
2026-04-25,33,0,wk inc flu hosp,2026-04-25,quantile,0.1,1
2026-04-25,33,0,wk inc flu hosp,2026-04-25,quantile,0.15,2
2026-04-25,33,0,wk inc flu hosp,2026-04-25,quantile,0.2,2
2026-04-25,33,0,wk inc flu hosp,2026-04-25,quantile,0.25,3
2026-04-25,33,0,wk inc flu hosp,2026-04-25,quantile,0.3,4
2026-04-25,33,0,wk inc flu hosp,2026-04-25,quantile,0.35,4
2026-04-25,33,0,wk inc flu hosp,2026-04-25,quantile,0.4,5
2026-04-25,33,0,wk inc flu hosp,2026-04-25,quantile,0.45,6
2026-04-25,33,0,wk inc flu hosp,2026-04-25,quantile,0.5,7
2026-04-25,33,0,wk inc flu hosp,2026-04-25,quantile,0.55,7
2026-04-25,33,0,wk inc flu hosp,2026-04-25,quantile,0.6,8
2026-04-25,33,0,wk inc flu hosp,2026-04-25,quantile,0.65,9
2026-04-25,33,0,wk inc flu hosp,2026-04-25,quantile,0.7,9
2026-04-25,33,0,wk inc flu hosp,2026-04-25,quantile,0.75,10
2026-04-25,33,0,wk inc flu hosp,2026-04-25,quantile,0.8,11
2026-04-25,33,0,wk inc flu hosp,2026-04-25,quantile,0.85,12
2026-04-25,33,0,wk inc flu hosp,2026-04-25,quantile,0.9,14
2026-04-25,33,0,wk inc flu hosp,2026-04-25,quantile,0.95,16
2026-04-25,33,0,wk inc flu hosp,2026-04-25,quantile,0.975,19
2026-04-25,33,0,wk inc flu hosp,2026-04-25,quantile,0.99,22
2026-04-25,33,1,wk inc flu hosp,2026-05-02,quantile,0.01,0
2026-04-25,33,1,wk inc flu hosp,2026-05-02,quantile,0.025,0
2026-04-25,33,1,wk inc flu hosp,2026-05-02,quantile,0.05,0
2026-04-25,33,1,wk inc flu hosp,2026-05-02,quantile,0.1,1
2026-04-25,33,1,wk inc flu hosp,2026-05-02,quantile,0.15,1
2026-04-25,33,1,wk inc flu hosp,2026-05-02,quantile,0.2,2
2026-04-25,33,1,wk inc flu hosp,2026-05-02,quantile,0.25,2
2026-04-25,33,1,wk inc flu hosp,2026-05-02,quantile,0.3,2
2026-04-25,33,1,wk inc flu hosp,2026-05-02,quantile,0.35,3
2026-04-25,33,1,wk inc flu hosp,2026-05-02,quantile,0.4,3
2026-04-25,33,1,wk inc flu hosp,2026-05-02,quantile,0.45,4
2026-04-25,33,1,wk inc flu hosp,2026-05-02,quantile,0.5,5
2026-04-25,33,1,wk inc flu hosp,2026-05-02,quantile,0.55,6
2026-04-25,33,1,wk inc flu hosp,2026-05-02,quantile,0.6,6
2026-04-25,33,1,wk inc flu hosp,2026-05-02,quantile,0.65,7
2026-04-25,33,1,wk inc flu hosp,2026-05-02,quantile,0.7,8
2026-04-25,33,1,wk inc flu hosp,2026-05-02,quantile,0.75,9
2026-04-25,33,1,wk inc flu hosp,2026-05-02,quantile,0.8,10
2026-04-25,33,1,wk inc flu hosp,2026-05-02,quantile,0.85,12
2026-04-25,33,1,wk inc flu hosp,2026-05-02,quantile,0.9,14
2026-04-25,33,1,wk inc flu hosp,2026-05-02,quantile,0.95,18
2026-04-25,33,1,wk inc flu hosp,2026-05-02,quantile,0.975,21
2026-04-25,33,1,wk inc flu hosp,2026-05-02,quantile,0.99,25
2026-04-25,33,2,wk inc flu hosp,2026-05-09,quantile,0.01,0
2026-04-25,33,2,wk inc flu hosp,2026-05-09,quantile,0.025,0
2026-04-25,33,2,wk inc flu hosp,2026-05-09,quantile,0.05,0
2026-04-25,33,2,wk inc flu hosp,2026-05-09,quantile,0.1,0
2026-04-25,33,2,wk inc flu hosp,2026-05-09,quantile,0.15,0
2026-04-25,33,2,wk inc flu hosp,2026-05-09,quantile,0.2,1
2026-04-25,33,2,wk inc flu hosp,2026-05-09,quantile,0.25,1
2026-04-25,33,2,wk inc flu hosp,2026-05-09,quantile,0.3,2
2026-04-25,33,2,wk inc flu hosp,2026-05-09,quantile,0.35,2
2026-04-25,33,2,wk inc flu hosp,2026-05-09,quantile,0.4,2
2026-04-25,33,2,wk inc flu hosp,2026-05-09,quantile,0.45,3
2026-04-25,33,2,wk inc flu hosp,2026-05-09,quantile,0.5,4
2026-04-25,33,2,wk inc flu hosp,2026-05-09,quantile,0.55,5
2026-04-25,33,2,wk inc flu hosp,2026-05-09,quantile,0.6,6
2026-04-25,33,2,wk inc flu hosp,2026-05-09,quantile,0.65,7
2026-04-25,33,2,wk inc flu hosp,2026-05-09,quantile,0.7,7
2026-04-25,33,2,wk inc flu hosp,2026-05-09,quantile,0.75,8
2026-04-25,33,2,wk inc flu hosp,2026-05-09,quantile,0.8,10
2026-04-25,33,2,wk inc flu hosp,2026-05-09,quantile,0.85,12
2026-04-25,33,2,wk inc flu hosp,2026-05-09,quantile,0.9,15
2026-04-25,33,2,wk inc flu hosp,2026-05-09,quantile,0.95,19
2026-04-25,33,2,wk inc flu hosp,2026-05-09,quantile,0.975,23
2026-04-25,33,2,wk inc flu hosp,2026-05-09,quantile,0.99,30
2026-04-25,33,3,wk inc flu hosp,2026-05-16,quantile,0.01,0
2026-04-25,33,3,wk inc flu hosp,2026-05-16,quantile,0.025,0
2026-04-25,33,3,wk inc flu hosp,2026-05-16,quantile,0.05,0
2026-04-25,33,3,wk inc flu hosp,2026-05-16,quantile,0.1,0
2026-04-25,33,3,wk inc flu hosp,2026-05-16,quantile,0.15,0
2026-04-25,33,3,wk inc flu hosp,2026-05-16,quantile,0.2,0
2026-04-25,33,3,wk inc flu hosp,2026-05-16,quantile,0.25,1
2026-04-25,33,3,wk inc flu hosp,2026-05-16,quantile,0.3,1
2026-04-25,33,3,wk inc flu hosp,2026-05-16,quantile,0.35,2
2026-04-25,33,3,wk inc flu hosp,2026-05-16,quantile,0.4,2
2026-04-25,33,3,wk inc flu hosp,2026-05-16,quantile,0.45,2
2026-04-25,33,3,wk inc flu hosp,2026-05-16,quantile,0.5,4
2026-04-25,33,3,wk inc flu hosp,2026-05-16,quantile,0.55,5
2026-04-25,33,3,wk inc flu hosp,2026-05-16,quantile,0.6,5
2026-04-25,33,3,wk inc flu hosp,2026-05-16,quantile,0.65,6
2026-04-25,33,3,wk inc flu hosp,2026-05-16,quantile,0.7,6
2026-04-25,33,3,wk inc flu hosp,2026-05-16,quantile,0.75,8
2026-04-25,33,3,wk inc flu hosp,2026-05-16,quantile,0.8,9
2026-04-25,33,3,wk inc flu hosp,2026-05-16,quantile,0.85,11
2026-04-25,33,3,wk inc flu hosp,2026-05-16,quantile,0.9,14
2026-04-25,33,3,wk inc flu hosp,2026-05-16,quantile,0.95,18
2026-04-25,33,3,wk inc flu hosp,2026-05-16,quantile,0.975,24
2026-04-25,33,3,wk inc flu hosp,2026-05-16,quantile,0.99,30
2026-04-25,34,0,wk inc flu hosp,2026-04-25,quantile,0.01,1
2026-04-25,34,0,wk inc flu hosp,2026-04-25,quantile,0.025,2
2026-04-25,34,0,wk inc flu hosp,2026-04-25,quantile,0.05,5
2026-04-25,34,0,wk inc flu hosp,2026-04-25,quantile,0.1,9
2026-04-25,34,0,wk inc flu hosp,2026-04-25,quantile,0.15,11
2026-04-25,34,0,wk inc flu hosp,2026-04-25,quantile,0.2,13
2026-04-25,34,0,wk inc flu hosp,2026-04-25,quantile,0.25,15
2026-04-25,34,0,wk inc flu hosp,2026-04-25,quantile,0.3,17
2026-04-25,34,0,wk inc flu hosp,2026-04-25,quantile,0.35,18
2026-04-25,34,0,wk inc flu hosp,2026-04-25,quantile,0.4,20
2026-04-25,34,0,wk inc flu hosp,2026-04-25,quantile,0.45,22
2026-04-25,34,0,wk inc flu hosp,2026-04-25,quantile,0.5,25
2026-04-25,34,0,wk inc flu hosp,2026-04-25,quantile,0.55,27
2026-04-25,34,0,wk inc flu hosp,2026-04-25,quantile,0.6,31
2026-04-25,34,0,wk inc flu hosp,2026-04-25,quantile,0.65,33
2026-04-25,34,0,wk inc flu hosp,2026-04-25,quantile,0.7,35
2026-04-25,34,0,wk inc flu hosp,2026-04-25,quantile,0.75,38
2026-04-25,34,0,wk inc flu hosp,2026-04-25,quantile,0.8,41
2026-04-25,34,0,wk inc flu hosp,2026-04-25,quantile,0.85,47
2026-04-25,34,0,wk inc flu hosp,2026-04-25,quantile,0.9,55
2026-04-25,34,0,wk inc flu hosp,2026-04-25,quantile,0.95,68
2026-04-25,34,0,wk inc flu hosp,2026-04-25,quantile,0.975,79
2026-04-25,34,0,wk inc flu hosp,2026-04-25,quantile,0.99,97
2026-04-25,34,1,wk inc flu hosp,2026-05-02,quantile,0.01,0
2026-04-25,34,1,wk inc flu hosp,2026-05-02,quantile,0.025,0
2026-04-25,34,1,wk inc flu hosp,2026-05-02,quantile,0.05,1
2026-04-25,34,1,wk inc flu hosp,2026-05-02,quantile,0.1,3
2026-04-25,34,1,wk inc flu hosp,2026-05-02,quantile,0.15,5
2026-04-25,34,1,wk inc flu hosp,2026-05-02,quantile,0.2,7
2026-04-25,34,1,wk inc flu hosp,2026-05-02,quantile,0.25,9
2026-04-25,34,1,wk inc flu hosp,2026-05-02,quantile,0.3,12
2026-04-25,34,1,wk inc flu hosp,2026-05-02,quantile,0.35,14
2026-04-25,34,1,wk inc flu hosp,2026-05-02,quantile,0.4,16
2026-04-25,34,1,wk inc flu hosp,2026-05-02,quantile,0.45,17
2026-04-25,34,1,wk inc flu hosp,2026-05-02,quantile,0.5,21
2026-04-25,34,1,wk inc flu hosp,2026-05-02,quantile,0.55,25
2026-04-25,34,1,wk inc flu hosp,2026-05-02,quantile,0.6,27
2026-04-25,34,1,wk inc flu hosp,2026-05-02,quantile,0.65,30
2026-04-25,34,1,wk inc flu hosp,2026-05-02,quantile,0.7,33
2026-04-25,34,1,wk inc flu hosp,2026-05-02,quantile,0.75,36
2026-04-25,34,1,wk inc flu hosp,2026-05-02,quantile,0.8,41
2026-04-25,34,1,wk inc flu hosp,2026-05-02,quantile,0.85,47
2026-04-25,34,1,wk inc flu hosp,2026-05-02,quantile,0.9,57
2026-04-25,34,1,wk inc flu hosp,2026-05-02,quantile,0.95,74
2026-04-25,34,1,wk inc flu hosp,2026-05-02,quantile,0.975,92
2026-04-25,34,1,wk inc flu hosp,2026-05-02,quantile,0.99,111
2026-04-25,34,2,wk inc flu hosp,2026-05-09,quantile,0.01,0
2026-04-25,34,2,wk inc flu hosp,2026-05-09,quantile,0.025,0
2026-04-25,34,2,wk inc flu hosp,2026-05-09,quantile,0.05,0
2026-04-25,34,2,wk inc flu hosp,2026-05-09,quantile,0.1,1
2026-04-25,34,2,wk inc flu hosp,2026-05-09,quantile,0.15,2
2026-04-25,34,2,wk inc flu hosp,2026-05-09,quantile,0.2,5
2026-04-25,34,2,wk inc flu hosp,2026-05-09,quantile,0.25,7
2026-04-25,34,2,wk inc flu hosp,2026-05-09,quantile,0.3,8
2026-04-25,34,2,wk inc flu hosp,2026-05-09,quantile,0.35,11
2026-04-25,34,2,wk inc flu hosp,2026-05-09,quantile,0.4,13
2026-04-25,34,2,wk inc flu hosp,2026-05-09,quantile,0.45,14
2026-04-25,34,2,wk inc flu hosp,2026-05-09,quantile,0.5,18
2026-04-25,34,2,wk inc flu hosp,2026-05-09,quantile,0.55,20
2026-04-25,34,2,wk inc flu hosp,2026-05-09,quantile,0.6,23
2026-04-25,34,2,wk inc flu hosp,2026-05-09,quantile,0.65,26
2026-04-25,34,2,wk inc flu hosp,2026-05-09,quantile,0.7,28
2026-04-25,34,2,wk inc flu hosp,2026-05-09,quantile,0.75,32
2026-04-25,34,2,wk inc flu hosp,2026-05-09,quantile,0.8,36
2026-04-25,34,2,wk inc flu hosp,2026-05-09,quantile,0.85,41
2026-04-25,34,2,wk inc flu hosp,2026-05-09,quantile,0.9,53
2026-04-25,34,2,wk inc flu hosp,2026-05-09,quantile,0.95,72
2026-04-25,34,2,wk inc flu hosp,2026-05-09,quantile,0.975,89
2026-04-25,34,2,wk inc flu hosp,2026-05-09,quantile,0.99,110
2026-04-25,34,3,wk inc flu hosp,2026-05-16,quantile,0.01,0
2026-04-25,34,3,wk inc flu hosp,2026-05-16,quantile,0.025,0
2026-04-25,34,3,wk inc flu hosp,2026-05-16,quantile,0.05,0
2026-04-25,34,3,wk inc flu hosp,2026-05-16,quantile,0.1,1
2026-04-25,34,3,wk inc flu hosp,2026-05-16,quantile,0.15,4
2026-04-25,34,3,wk inc flu hosp,2026-05-16,quantile,0.2,4
2026-04-25,34,3,wk inc flu hosp,2026-05-16,quantile,0.25,7
2026-04-25,34,3,wk inc flu hosp,2026-05-16,quantile,0.3,7
2026-04-25,34,3,wk inc flu hosp,2026-05-16,quantile,0.35,9
2026-04-25,34,3,wk inc flu hosp,2026-05-16,quantile,0.4,11
2026-04-25,34,3,wk inc flu hosp,2026-05-16,quantile,0.45,13
2026-04-25,34,3,wk inc flu hosp,2026-05-16,quantile,0.5,17
2026-04-25,34,3,wk inc flu hosp,2026-05-16,quantile,0.55,19
2026-04-25,34,3,wk inc flu hosp,2026-05-16,quantile,0.6,21
2026-04-25,34,3,wk inc flu hosp,2026-05-16,quantile,0.65,25
2026-04-25,34,3,wk inc flu hosp,2026-05-16,quantile,0.7,27
2026-04-25,34,3,wk inc flu hosp,2026-05-16,quantile,0.75,30
2026-04-25,34,3,wk inc flu hosp,2026-05-16,quantile,0.8,34
2026-04-25,34,3,wk inc flu hosp,2026-05-16,quantile,0.85,40
2026-04-25,34,3,wk inc flu hosp,2026-05-16,quantile,0.9,53
2026-04-25,34,3,wk inc flu hosp,2026-05-16,quantile,0.95,74
2026-04-25,34,3,wk inc flu hosp,2026-05-16,quantile,0.975,92
2026-04-25,34,3,wk inc flu hosp,2026-05-16,quantile,0.99,122
2026-04-25,35,0,wk inc flu hosp,2026-04-25,quantile,0.01,0
2026-04-25,35,0,wk inc flu hosp,2026-04-25,quantile,0.025,0
2026-04-25,35,0,wk inc flu hosp,2026-04-25,quantile,0.05,0
2026-04-25,35,0,wk inc flu hosp,2026-04-25,quantile,0.1,1
2026-04-25,35,0,wk inc flu hosp,2026-04-25,quantile,0.15,2
2026-04-25,35,0,wk inc flu hosp,2026-04-25,quantile,0.2,2
2026-04-25,35,0,wk inc flu hosp,2026-04-25,quantile,0.25,3
2026-04-25,35,0,wk inc flu hosp,2026-04-25,quantile,0.3,3
2026-04-25,35,0,wk inc flu hosp,2026-04-25,quantile,0.35,4
2026-04-25,35,0,wk inc flu hosp,2026-04-25,quantile,0.4,4
2026-04-25,35,0,wk inc flu hosp,2026-04-25,quantile,0.45,5
2026-04-25,35,0,wk inc flu hosp,2026-04-25,quantile,0.5,6
2026-04-25,35,0,wk inc flu hosp,2026-04-25,quantile,0.55,7
2026-04-25,35,0,wk inc flu hosp,2026-04-25,quantile,0.6,7
2026-04-25,35,0,wk inc flu hosp,2026-04-25,quantile,0.65,8
2026-04-25,35,0,wk inc flu hosp,2026-04-25,quantile,0.7,9
2026-04-25,35,0,wk inc flu hosp,2026-04-25,quantile,0.75,10
2026-04-25,35,0,wk inc flu hosp,2026-04-25,quantile,0.8,11
2026-04-25,35,0,wk inc flu hosp,2026-04-25,quantile,0.85,12
2026-04-25,35,0,wk inc flu hosp,2026-04-25,quantile,0.9,14
2026-04-25,35,0,wk inc flu hosp,2026-04-25,quantile,0.95,19
2026-04-25,35,0,wk inc flu hosp,2026-04-25,quantile,0.975,23
2026-04-25,35,0,wk inc flu hosp,2026-04-25,quantile,0.99,31
2026-04-25,35,1,wk inc flu hosp,2026-05-02,quantile,0.01,0
2026-04-25,35,1,wk inc flu hosp,2026-05-02,quantile,0.025,0
2026-04-25,35,1,wk inc flu hosp,2026-05-02,quantile,0.05,0
2026-04-25,35,1,wk inc flu hosp,2026-05-02,quantile,0.1,0
2026-04-25,35,1,wk inc flu hosp,2026-05-02,quantile,0.15,1
2026-04-25,35,1,wk inc flu hosp,2026-05-02,quantile,0.2,1
2026-04-25,35,1,wk inc flu hosp,2026-05-02,quantile,0.25,2
2026-04-25,35,1,wk inc flu hosp,2026-05-02,quantile,0.3,2
2026-04-25,35,1,wk inc flu hosp,2026-05-02,quantile,0.35,3
2026-04-25,35,1,wk inc flu hosp,2026-05-02,quantile,0.4,3
2026-04-25,35,1,wk inc flu hosp,2026-05-02,quantile,0.45,4
2026-04-25,35,1,wk inc flu hosp,2026-05-02,quantile,0.5,5
2026-04-25,35,1,wk inc flu hosp,2026-05-02,quantile,0.55,5
2026-04-25,35,1,wk inc flu hosp,2026-05-02,quantile,0.6,7
2026-04-25,35,1,wk inc flu hosp,2026-05-02,quantile,0.65,7
2026-04-25,35,1,wk inc flu hosp,2026-05-02,quantile,0.7,8
2026-04-25,35,1,wk inc flu hosp,2026-05-02,quantile,0.75,9
2026-04-25,35,1,wk inc flu hosp,2026-05-02,quantile,0.8,10
2026-04-25,35,1,wk inc flu hosp,2026-05-02,quantile,0.85,11
2026-04-25,35,1,wk inc flu hosp,2026-05-02,quantile,0.9,14
2026-04-25,35,1,wk inc flu hosp,2026-05-02,quantile,0.95,19
2026-04-25,35,1,wk inc flu hosp,2026-05-02,quantile,0.975,24
2026-04-25,35,1,wk inc flu hosp,2026-05-02,quantile,0.99,32
2026-04-25,35,2,wk inc flu hosp,2026-05-09,quantile,0.01,0
2026-04-25,35,2,wk inc flu hosp,2026-05-09,quantile,0.025,0
2026-04-25,35,2,wk inc flu hosp,2026-05-09,quantile,0.05,0
2026-04-25,35,2,wk inc flu hosp,2026-05-09,quantile,0.1,0
2026-04-25,35,2,wk inc flu hosp,2026-05-09,quantile,0.15,0
2026-04-25,35,2,wk inc flu hosp,2026-05-09,quantile,0.2,1
2026-04-25,35,2,wk inc flu hosp,2026-05-09,quantile,0.25,1
2026-04-25,35,2,wk inc flu hosp,2026-05-09,quantile,0.3,2
2026-04-25,35,2,wk inc flu hosp,2026-05-09,quantile,0.35,2
2026-04-25,35,2,wk inc flu hosp,2026-05-09,quantile,0.4,3
2026-04-25,35,2,wk inc flu hosp,2026-05-09,quantile,0.45,3
2026-04-25,35,2,wk inc flu hosp,2026-05-09,quantile,0.5,4
2026-04-25,35,2,wk inc flu hosp,2026-05-09,quantile,0.55,5
2026-04-25,35,2,wk inc flu hosp,2026-05-09,quantile,0.6,5
2026-04-25,35,2,wk inc flu hosp,2026-05-09,quantile,0.65,7
2026-04-25,35,2,wk inc flu hosp,2026-05-09,quantile,0.7,7
2026-04-25,35,2,wk inc flu hosp,2026-05-09,quantile,0.75,8
2026-04-25,35,2,wk inc flu hosp,2026-05-09,quantile,0.8,9
2026-04-25,35,2,wk inc flu hosp,2026-05-09,quantile,0.85,11
2026-04-25,35,2,wk inc flu hosp,2026-05-09,quantile,0.9,13
2026-04-25,35,2,wk inc flu hosp,2026-05-09,quantile,0.95,19
2026-04-25,35,2,wk inc flu hosp,2026-05-09,quantile,0.975,26
2026-04-25,35,2,wk inc flu hosp,2026-05-09,quantile,0.99,32
2026-04-25,35,3,wk inc flu hosp,2026-05-16,quantile,0.01,0
2026-04-25,35,3,wk inc flu hosp,2026-05-16,quantile,0.025,0
2026-04-25,35,3,wk inc flu hosp,2026-05-16,quantile,0.05,0
2026-04-25,35,3,wk inc flu hosp,2026-05-16,quantile,0.1,0
2026-04-25,35,3,wk inc flu hosp,2026-05-16,quantile,0.15,1
2026-04-25,35,3,wk inc flu hosp,2026-05-16,quantile,0.2,1
2026-04-25,35,3,wk inc flu hosp,2026-05-16,quantile,0.25,1
2026-04-25,35,3,wk inc flu hosp,2026-05-16,quantile,0.3,2
2026-04-25,35,3,wk inc flu hosp,2026-05-16,quantile,0.35,2
2026-04-25,35,3,wk inc flu hosp,2026-05-16,quantile,0.4,2
2026-04-25,35,3,wk inc flu hosp,2026-05-16,quantile,0.45,3
2026-04-25,35,3,wk inc flu hosp,2026-05-16,quantile,0.5,4
2026-04-25,35,3,wk inc flu hosp,2026-05-16,quantile,0.55,5
2026-04-25,35,3,wk inc flu hosp,2026-05-16,quantile,0.6,5
2026-04-25,35,3,wk inc flu hosp,2026-05-16,quantile,0.65,6
2026-04-25,35,3,wk inc flu hosp,2026-05-16,quantile,0.7,7
2026-04-25,35,3,wk inc flu hosp,2026-05-16,quantile,0.75,7
2026-04-25,35,3,wk inc flu hosp,2026-05-16,quantile,0.8,8
2026-04-25,35,3,wk inc flu hosp,2026-05-16,quantile,0.85,10
2026-04-25,35,3,wk inc flu hosp,2026-05-16,quantile,0.9,12
2026-04-25,35,3,wk inc flu hosp,2026-05-16,quantile,0.95,18
2026-04-25,35,3,wk inc flu hosp,2026-05-16,quantile,0.975,23
2026-04-25,35,3,wk inc flu hosp,2026-05-16,quantile,0.99,35
2026-04-25,36,0,wk inc flu hosp,2026-04-25,quantile,0.01,14
2026-04-25,36,0,wk inc flu hosp,2026-04-25,quantile,0.025,20
2026-04-25,36,0,wk inc flu hosp,2026-04-25,quantile,0.05,25
2026-04-25,36,0,wk inc flu hosp,2026-04-25,quantile,0.1,41
2026-04-25,36,0,wk inc flu hosp,2026-04-25,quantile,0.15,48
2026-04-25,36,0,wk inc flu hosp,2026-04-25,quantile,0.2,54
2026-04-25,36,0,wk inc flu hosp,2026-04-25,quantile,0.25,61
2026-04-25,36,0,wk inc flu hosp,2026-04-25,quantile,0.3,66
2026-04-25,36,0,wk inc flu hosp,2026-04-25,quantile,0.35,73
2026-04-25,36,0,wk inc flu hosp,2026-04-25,quantile,0.4,79
2026-04-25,36,0,wk inc flu hosp,2026-04-25,quantile,0.45,84
2026-04-25,36,0,wk inc flu hosp,2026-04-25,quantile,0.5,88
2026-04-25,36,0,wk inc flu hosp,2026-04-25,quantile,0.55,96
2026-04-25,36,0,wk inc flu hosp,2026-04-25,quantile,0.6,99
2026-04-25,36,0,wk inc flu hosp,2026-04-25,quantile,0.65,105
2026-04-25,36,0,wk inc flu hosp,2026-04-25,quantile,0.7,110
2026-04-25,36,0,wk inc flu hosp,2026-04-25,quantile,0.75,118
2026-04-25,36,0,wk inc flu hosp,2026-04-25,quantile,0.8,126
2026-04-25,36,0,wk inc flu hosp,2026-04-25,quantile,0.85,143
2026-04-25,36,0,wk inc flu hosp,2026-04-25,quantile,0.9,159
2026-04-25,36,0,wk inc flu hosp,2026-04-25,quantile,0.95,182
2026-04-25,36,0,wk inc flu hosp,2026-04-25,quantile,0.975,202
2026-04-25,36,0,wk inc flu hosp,2026-04-25,quantile,0.99,241
2026-04-25,36,1,wk inc flu hosp,2026-05-02,quantile,0.01,2
2026-04-25,36,1,wk inc flu hosp,2026-05-02,quantile,0.025,6
2026-04-25,36,1,wk inc flu hosp,2026-05-02,quantile,0.05,12
2026-04-25,36,1,wk inc flu hosp,2026-05-02,quantile,0.1,23
2026-04-25,36,1,wk inc flu hosp,2026-05-02,quantile,0.15,29
2026-04-25,36,1,wk inc flu hosp,2026-05-02,quantile,0.2,37
2026-04-25,36,1,wk inc flu hosp,2026-05-02,quantile,0.25,47
2026-04-25,36,1,wk inc flu hosp,2026-05-02,quantile,0.3,51
2026-04-25,36,1,wk inc flu hosp,2026-05-02,quantile,0.35,54
2026-04-25,36,1,wk inc flu hosp,2026-05-02,quantile,0.4,59
2026-04-25,36,1,wk inc flu hosp,2026-05-02,quantile,0.45,65
2026-04-25,36,1,wk inc flu hosp,2026-05-02,quantile,0.5,73
2026-04-25,36,1,wk inc flu hosp,2026-05-02,quantile,0.55,81
2026-04-25,36,1,wk inc flu hosp,2026-05-02,quantile,0.6,87
2026-04-25,36,1,wk inc flu hosp,2026-05-02,quantile,0.65,94
2026-04-25,36,1,wk inc flu hosp,2026-05-02,quantile,0.7,103
2026-04-25,36,1,wk inc flu hosp,2026-05-02,quantile,0.75,105
2026-04-25,36,1,wk inc flu hosp,2026-05-02,quantile,0.8,115
2026-04-25,36,1,wk inc flu hosp,2026-05-02,quantile,0.85,128
2026-04-25,36,1,wk inc flu hosp,2026-05-02,quantile,0.9,142
2026-04-25,36,1,wk inc flu hosp,2026-05-02,quantile,0.95,174
2026-04-25,36,1,wk inc flu hosp,2026-05-02,quantile,0.975,206
2026-04-25,36,1,wk inc flu hosp,2026-05-02,quantile,0.99,256
2026-04-25,36,2,wk inc flu hosp,2026-05-09,quantile,0.01,0
2026-04-25,36,2,wk inc flu hosp,2026-05-09,quantile,0.025,0
2026-04-25,36,2,wk inc flu hosp,2026-05-09,quantile,0.05,2
2026-04-25,36,2,wk inc flu hosp,2026-05-09,quantile,0.1,15
2026-04-25,36,2,wk inc flu hosp,2026-05-09,quantile,0.15,22
2026-04-25,36,2,wk inc flu hosp,2026-05-09,quantile,0.2,27
2026-04-25,36,2,wk inc flu hosp,2026-05-09,quantile,0.25,32
2026-04-25,36,2,wk inc flu hosp,2026-05-09,quantile,0.3,36
2026-04-25,36,2,wk inc flu hosp,2026-05-09,quantile,0.35,39
2026-04-25,36,2,wk inc flu hosp,2026-05-09,quantile,0.4,45
2026-04-25,36,2,wk inc flu hosp,2026-05-09,quantile,0.45,52
2026-04-25,36,2,wk inc flu hosp,2026-05-09,quantile,0.5,61
2026-04-25,36,2,wk inc flu hosp,2026-05-09,quantile,0.55,67
2026-04-25,36,2,wk inc flu hosp,2026-05-09,quantile,0.6,76
2026-04-25,36,2,wk inc flu hosp,2026-05-09,quantile,0.65,84
2026-04-25,36,2,wk inc flu hosp,2026-05-09,quantile,0.7,93
2026-04-25,36,2,wk inc flu hosp,2026-05-09,quantile,0.75,100
2026-04-25,36,2,wk inc flu hosp,2026-05-09,quantile,0.8,106
2026-04-25,36,2,wk inc flu hosp,2026-05-09,quantile,0.85,117
2026-04-25,36,2,wk inc flu hosp,2026-05-09,quantile,0.9,137
2026-04-25,36,2,wk inc flu hosp,2026-05-09,quantile,0.95,170
2026-04-25,36,2,wk inc flu hosp,2026-05-09,quantile,0.975,215
2026-04-25,36,2,wk inc flu hosp,2026-05-09,quantile,0.99,272
2026-04-25,36,3,wk inc flu hosp,2026-05-16,quantile,0.01,0
2026-04-25,36,3,wk inc flu hosp,2026-05-16,quantile,0.025,0
2026-04-25,36,3,wk inc flu hosp,2026-05-16,quantile,0.05,1
2026-04-25,36,3,wk inc flu hosp,2026-05-16,quantile,0.1,8
2026-04-25,36,3,wk inc flu hosp,2026-05-16,quantile,0.15,16
2026-04-25,36,3,wk inc flu hosp,2026-05-16,quantile,0.2,21
2026-04-25,36,3,wk inc flu hosp,2026-05-16,quantile,0.25,25
2026-04-25,36,3,wk inc flu hosp,2026-05-16,quantile,0.3,28
2026-04-25,36,3,wk inc flu hosp,2026-05-16,quantile,0.35,32
2026-04-25,36,3,wk inc flu hosp,2026-05-16,quantile,0.4,38
2026-04-25,36,3,wk inc flu hosp,2026-05-16,quantile,0.45,42
2026-04-25,36,3,wk inc flu hosp,2026-05-16,quantile,0.5,53
2026-04-25,36,3,wk inc flu hosp,2026-05-16,quantile,0.55,62
2026-04-25,36,3,wk inc flu hosp,2026-05-16,quantile,0.6,70
2026-04-25,36,3,wk inc flu hosp,2026-05-16,quantile,0.65,78
2026-04-25,36,3,wk inc flu hosp,2026-05-16,quantile,0.7,87
2026-04-25,36,3,wk inc flu hosp,2026-05-16,quantile,0.75,97
2026-04-25,36,3,wk inc flu hosp,2026-05-16,quantile,0.8,103
2026-04-25,36,3,wk inc flu hosp,2026-05-16,quantile,0.85,114
2026-04-25,36,3,wk inc flu hosp,2026-05-16,quantile,0.9,144
2026-04-25,36,3,wk inc flu hosp,2026-05-16,quantile,0.95,180
2026-04-25,36,3,wk inc flu hosp,2026-05-16,quantile,0.975,222
2026-04-25,36,3,wk inc flu hosp,2026-05-16,quantile,0.99,292
2026-04-25,37,0,wk inc flu hosp,2026-04-25,quantile,0.01,0
2026-04-25,37,0,wk inc flu hosp,2026-04-25,quantile,0.025,0
2026-04-25,37,0,wk inc flu hosp,2026-04-25,quantile,0.05,0
2026-04-25,37,0,wk inc flu hosp,2026-04-25,quantile,0.1,2
2026-04-25,37,0,wk inc flu hosp,2026-04-25,quantile,0.15,5
2026-04-25,37,0,wk inc flu hosp,2026-04-25,quantile,0.2,6
2026-04-25,37,0,wk inc flu hosp,2026-04-25,quantile,0.25,7
2026-04-25,37,0,wk inc flu hosp,2026-04-25,quantile,0.3,8
2026-04-25,37,0,wk inc flu hosp,2026-04-25,quantile,0.35,10
2026-04-25,37,0,wk inc flu hosp,2026-04-25,quantile,0.4,11
2026-04-25,37,0,wk inc flu hosp,2026-04-25,quantile,0.45,12
2026-04-25,37,0,wk inc flu hosp,2026-04-25,quantile,0.5,14
2026-04-25,37,0,wk inc flu hosp,2026-04-25,quantile,0.55,16
2026-04-25,37,0,wk inc flu hosp,2026-04-25,quantile,0.6,17
2026-04-25,37,0,wk inc flu hosp,2026-04-25,quantile,0.65,18
2026-04-25,37,0,wk inc flu hosp,2026-04-25,quantile,0.7,19
2026-04-25,37,0,wk inc flu hosp,2026-04-25,quantile,0.75,21
2026-04-25,37,0,wk inc flu hosp,2026-04-25,quantile,0.8,25
2026-04-25,37,0,wk inc flu hosp,2026-04-25,quantile,0.85,29
2026-04-25,37,0,wk inc flu hosp,2026-04-25,quantile,0.9,34
2026-04-25,37,0,wk inc flu hosp,2026-04-25,quantile,0.95,44
2026-04-25,37,0,wk inc flu hosp,2026-04-25,quantile,0.975,53
2026-04-25,37,0,wk inc flu hosp,2026-04-25,quantile,0.99,61
2026-04-25,37,1,wk inc flu hosp,2026-05-02,quantile,0.01,0
2026-04-25,37,1,wk inc flu hosp,2026-05-02,quantile,0.025,0
2026-04-25,37,1,wk inc flu hosp,2026-05-02,quantile,0.05,0
2026-04-25,37,1,wk inc flu hosp,2026-05-02,quantile,0.1,0
2026-04-25,37,1,wk inc flu hosp,2026-05-02,quantile,0.15,1
2026-04-25,37,1,wk inc flu hosp,2026-05-02,quantile,0.2,3
2026-04-25,37,1,wk inc flu hosp,2026-05-02,quantile,0.25,4
2026-04-25,37,1,wk inc flu hosp,2026-05-02,quantile,0.3,5
2026-04-25,37,1,wk inc flu hosp,2026-05-02,quantile,0.35,8
2026-04-25,37,1,wk inc flu hosp,2026-05-02,quantile,0.4,9
2026-04-25,37,1,wk inc flu hosp,2026-05-02,quantile,0.45,10
2026-04-25,37,1,wk inc flu hosp,2026-05-02,quantile,0.5,12
2026-04-25,37,1,wk inc flu hosp,2026-05-02,quantile,0.55,14
2026-04-25,37,1,wk inc flu hosp,2026-05-02,quantile,0.6,16
2026-04-25,37,1,wk inc flu hosp,2026-05-02,quantile,0.65,18
2026-04-25,37,1,wk inc flu hosp,2026-05-02,quantile,0.7,20
2026-04-25,37,1,wk inc flu hosp,2026-05-02,quantile,0.75,22
2026-04-25,37,1,wk inc flu hosp,2026-05-02,quantile,0.8,26
2026-04-25,37,1,wk inc flu hosp,2026-05-02,quantile,0.85,30
2026-04-25,37,1,wk inc flu hosp,2026-05-02,quantile,0.9,38
2026-04-25,37,1,wk inc flu hosp,2026-05-02,quantile,0.95,51
2026-04-25,37,1,wk inc flu hosp,2026-05-02,quantile,0.975,65
2026-04-25,37,1,wk inc flu hosp,2026-05-02,quantile,0.99,84
2026-04-25,37,2,wk inc flu hosp,2026-05-09,quantile,0.01,0
2026-04-25,37,2,wk inc flu hosp,2026-05-09,quantile,0.025,0
2026-04-25,37,2,wk inc flu hosp,2026-05-09,quantile,0.05,0
2026-04-25,37,2,wk inc flu hosp,2026-05-09,quantile,0.1,0
2026-04-25,37,2,wk inc flu hosp,2026-05-09,quantile,0.15,0
2026-04-25,37,2,wk inc flu hosp,2026-05-09,quantile,0.2,2
2026-04-25,37,2,wk inc flu hosp,2026-05-09,quantile,0.25,4
2026-04-25,37,2,wk inc flu hosp,2026-05-09,quantile,0.3,5
2026-04-25,37,2,wk inc flu hosp,2026-05-09,quantile,0.35,6
2026-04-25,37,2,wk inc flu hosp,2026-05-09,quantile,0.4,7
2026-04-25,37,2,wk inc flu hosp,2026-05-09,quantile,0.45,8
2026-04-25,37,2,wk inc flu hosp,2026-05-09,quantile,0.5,11
2026-04-25,37,2,wk inc flu hosp,2026-05-09,quantile,0.55,12
2026-04-25,37,2,wk inc flu hosp,2026-05-09,quantile,0.6,15
2026-04-25,37,2,wk inc flu hosp,2026-05-09,quantile,0.65,16
2026-04-25,37,2,wk inc flu hosp,2026-05-09,quantile,0.7,18
2026-04-25,37,2,wk inc flu hosp,2026-05-09,quantile,0.75,20
2026-04-25,37,2,wk inc flu hosp,2026-05-09,quantile,0.8,24
2026-04-25,37,2,wk inc flu hosp,2026-05-09,quantile,0.85,30
2026-04-25,37,2,wk inc flu hosp,2026-05-09,quantile,0.9,39
2026-04-25,37,2,wk inc flu hosp,2026-05-09,quantile,0.95,55
2026-04-25,37,2,wk inc flu hosp,2026-05-09,quantile,0.975,74
2026-04-25,37,2,wk inc flu hosp,2026-05-09,quantile,0.99,98
2026-04-25,37,3,wk inc flu hosp,2026-05-16,quantile,0.01,0
2026-04-25,37,3,wk inc flu hosp,2026-05-16,quantile,0.025,0
2026-04-25,37,3,wk inc flu hosp,2026-05-16,quantile,0.05,0
2026-04-25,37,3,wk inc flu hosp,2026-05-16,quantile,0.1,0
2026-04-25,37,3,wk inc flu hosp,2026-05-16,quantile,0.15,1
2026-04-25,37,3,wk inc flu hosp,2026-05-16,quantile,0.2,1
2026-04-25,37,3,wk inc flu hosp,2026-05-16,quantile,0.25,3
2026-04-25,37,3,wk inc flu hosp,2026-05-16,quantile,0.3,5
2026-04-25,37,3,wk inc flu hosp,2026-05-16,quantile,0.35,6
2026-04-25,37,3,wk inc flu hosp,2026-05-16,quantile,0.4,7
2026-04-25,37,3,wk inc flu hosp,2026-05-16,quantile,0.45,9
2026-04-25,37,3,wk inc flu hosp,2026-05-16,quantile,0.5,11
2026-04-25,37,3,wk inc flu hosp,2026-05-16,quantile,0.55,12
2026-04-25,37,3,wk inc flu hosp,2026-05-16,quantile,0.6,14
2026-04-25,37,3,wk inc flu hosp,2026-05-16,quantile,0.65,16
2026-04-25,37,3,wk inc flu hosp,2026-05-16,quantile,0.7,17
2026-04-25,37,3,wk inc flu hosp,2026-05-16,quantile,0.75,20
2026-04-25,37,3,wk inc flu hosp,2026-05-16,quantile,0.8,24
2026-04-25,37,3,wk inc flu hosp,2026-05-16,quantile,0.85,29
2026-04-25,37,3,wk inc flu hosp,2026-05-16,quantile,0.9,40
2026-04-25,37,3,wk inc flu hosp,2026-05-16,quantile,0.95,58
2026-04-25,37,3,wk inc flu hosp,2026-05-16,quantile,0.975,78
2026-04-25,37,3,wk inc flu hosp,2026-05-16,quantile,0.99,106
2026-04-25,38,0,wk inc flu hosp,2026-04-25,quantile,0.01,0
2026-04-25,38,0,wk inc flu hosp,2026-04-25,quantile,0.025,0
2026-04-25,38,0,wk inc flu hosp,2026-04-25,quantile,0.05,1
2026-04-25,38,0,wk inc flu hosp,2026-04-25,quantile,0.1,1
2026-04-25,38,0,wk inc flu hosp,2026-04-25,quantile,0.15,2
2026-04-25,38,0,wk inc flu hosp,2026-04-25,quantile,0.2,3
2026-04-25,38,0,wk inc flu hosp,2026-04-25,quantile,0.25,3
2026-04-25,38,0,wk inc flu hosp,2026-04-25,quantile,0.3,4
2026-04-25,38,0,wk inc flu hosp,2026-04-25,quantile,0.35,4
2026-04-25,38,0,wk inc flu hosp,2026-04-25,quantile,0.4,5
2026-04-25,38,0,wk inc flu hosp,2026-04-25,quantile,0.45,5
2026-04-25,38,0,wk inc flu hosp,2026-04-25,quantile,0.5,6
2026-04-25,38,0,wk inc flu hosp,2026-04-25,quantile,0.55,7
2026-04-25,38,0,wk inc flu hosp,2026-04-25,quantile,0.6,7
2026-04-25,38,0,wk inc flu hosp,2026-04-25,quantile,0.65,8
2026-04-25,38,0,wk inc flu hosp,2026-04-25,quantile,0.7,9
2026-04-25,38,0,wk inc flu hosp,2026-04-25,quantile,0.75,9
2026-04-25,38,0,wk inc flu hosp,2026-04-25,quantile,0.8,10
2026-04-25,38,0,wk inc flu hosp,2026-04-25,quantile,0.85,11
2026-04-25,38,0,wk inc flu hosp,2026-04-25,quantile,0.9,13
2026-04-25,38,0,wk inc flu hosp,2026-04-25,quantile,0.95,15
2026-04-25,38,0,wk inc flu hosp,2026-04-25,quantile,0.975,18
2026-04-25,38,0,wk inc flu hosp,2026-04-25,quantile,0.99,21
2026-04-25,38,1,wk inc flu hosp,2026-05-02,quantile,0.01,0
2026-04-25,38,1,wk inc flu hosp,2026-05-02,quantile,0.025,0
2026-04-25,38,1,wk inc flu hosp,2026-05-02,quantile,0.05,0
2026-04-25,38,1,wk inc flu hosp,2026-05-02,quantile,0.1,1
2026-04-25,38,1,wk inc flu hosp,2026-05-02,quantile,0.15,1
2026-04-25,38,1,wk inc flu hosp,2026-05-02,quantile,0.2,2
2026-04-25,38,1,wk inc flu hosp,2026-05-02,quantile,0.25,2
2026-04-25,38,1,wk inc flu hosp,2026-05-02,quantile,0.3,2
2026-04-25,38,1,wk inc flu hosp,2026-05-02,quantile,0.35,3
2026-04-25,38,1,wk inc flu hosp,2026-05-02,quantile,0.4,3
2026-04-25,38,1,wk inc flu hosp,2026-05-02,quantile,0.45,4
2026-04-25,38,1,wk inc flu hosp,2026-05-02,quantile,0.5,5
2026-04-25,38,1,wk inc flu hosp,2026-05-02,quantile,0.55,6
2026-04-25,38,1,wk inc flu hosp,2026-05-02,quantile,0.6,6
2026-04-25,38,1,wk inc flu hosp,2026-05-02,quantile,0.65,7
2026-04-25,38,1,wk inc flu hosp,2026-05-02,quantile,0.7,8
2026-04-25,38,1,wk inc flu hosp,2026-05-02,quantile,0.75,8
2026-04-25,38,1,wk inc flu hosp,2026-05-02,quantile,0.8,9
2026-04-25,38,1,wk inc flu hosp,2026-05-02,quantile,0.85,10
2026-04-25,38,1,wk inc flu hosp,2026-05-02,quantile,0.9,12
2026-04-25,38,1,wk inc flu hosp,2026-05-02,quantile,0.95,14
2026-04-25,38,1,wk inc flu hosp,2026-05-02,quantile,0.975,18
2026-04-25,38,1,wk inc flu hosp,2026-05-02,quantile,0.99,21
2026-04-25,38,2,wk inc flu hosp,2026-05-09,quantile,0.01,0
2026-04-25,38,2,wk inc flu hosp,2026-05-09,quantile,0.025,0
2026-04-25,38,2,wk inc flu hosp,2026-05-09,quantile,0.05,0
2026-04-25,38,2,wk inc flu hosp,2026-05-09,quantile,0.1,0
2026-04-25,38,2,wk inc flu hosp,2026-05-09,quantile,0.15,0
2026-04-25,38,2,wk inc flu hosp,2026-05-09,quantile,0.2,1
2026-04-25,38,2,wk inc flu hosp,2026-05-09,quantile,0.25,1
2026-04-25,38,2,wk inc flu hosp,2026-05-09,quantile,0.3,2
2026-04-25,38,2,wk inc flu hosp,2026-05-09,quantile,0.35,2
2026-04-25,38,2,wk inc flu hosp,2026-05-09,quantile,0.4,3
2026-04-25,38,2,wk inc flu hosp,2026-05-09,quantile,0.45,3
2026-04-25,38,2,wk inc flu hosp,2026-05-09,quantile,0.5,4
2026-04-25,38,2,wk inc flu hosp,2026-05-09,quantile,0.55,5
2026-04-25,38,2,wk inc flu hosp,2026-05-09,quantile,0.6,6
2026-04-25,38,2,wk inc flu hosp,2026-05-09,quantile,0.65,6
2026-04-25,38,2,wk inc flu hosp,2026-05-09,quantile,0.7,7
2026-04-25,38,2,wk inc flu hosp,2026-05-09,quantile,0.75,8
2026-04-25,38,2,wk inc flu hosp,2026-05-09,quantile,0.8,9
2026-04-25,38,2,wk inc flu hosp,2026-05-09,quantile,0.85,10
2026-04-25,38,2,wk inc flu hosp,2026-05-09,quantile,0.9,11
2026-04-25,38,2,wk inc flu hosp,2026-05-09,quantile,0.95,14
2026-04-25,38,2,wk inc flu hosp,2026-05-09,quantile,0.975,17
2026-04-25,38,2,wk inc flu hosp,2026-05-09,quantile,0.99,21
2026-04-25,38,3,wk inc flu hosp,2026-05-16,quantile,0.01,0
2026-04-25,38,3,wk inc flu hosp,2026-05-16,quantile,0.025,0
2026-04-25,38,3,wk inc flu hosp,2026-05-16,quantile,0.05,0
2026-04-25,38,3,wk inc flu hosp,2026-05-16,quantile,0.1,0
2026-04-25,38,3,wk inc flu hosp,2026-05-16,quantile,0.15,0
2026-04-25,38,3,wk inc flu hosp,2026-05-16,quantile,0.2,1
2026-04-25,38,3,wk inc flu hosp,2026-05-16,quantile,0.25,1
2026-04-25,38,3,wk inc flu hosp,2026-05-16,quantile,0.3,1
2026-04-25,38,3,wk inc flu hosp,2026-05-16,quantile,0.35,2
2026-04-25,38,3,wk inc flu hosp,2026-05-16,quantile,0.4,2
2026-04-25,38,3,wk inc flu hosp,2026-05-16,quantile,0.45,3
2026-04-25,38,3,wk inc flu hosp,2026-05-16,quantile,0.5,4
2026-04-25,38,3,wk inc flu hosp,2026-05-16,quantile,0.55,4
2026-04-25,38,3,wk inc flu hosp,2026-05-16,quantile,0.6,5
2026-04-25,38,3,wk inc flu hosp,2026-05-16,quantile,0.65,6
2026-04-25,38,3,wk inc flu hosp,2026-05-16,quantile,0.7,7
2026-04-25,38,3,wk inc flu hosp,2026-05-16,quantile,0.75,8
2026-04-25,38,3,wk inc flu hosp,2026-05-16,quantile,0.8,9
2026-04-25,38,3,wk inc flu hosp,2026-05-16,quantile,0.85,10
2026-04-25,38,3,wk inc flu hosp,2026-05-16,quantile,0.9,11
2026-04-25,38,3,wk inc flu hosp,2026-05-16,quantile,0.95,15
2026-04-25,38,3,wk inc flu hosp,2026-05-16,quantile,0.975,18
2026-04-25,38,3,wk inc flu hosp,2026-05-16,quantile,0.99,22
2026-04-25,39,0,wk inc flu hosp,2026-04-25,quantile,0.01,0
2026-04-25,39,0,wk inc flu hosp,2026-04-25,quantile,0.025,1
2026-04-25,39,0,wk inc flu hosp,2026-04-25,quantile,0.05,2
2026-04-25,39,0,wk inc flu hosp,2026-04-25,quantile,0.1,5
2026-04-25,39,0,wk inc flu hosp,2026-04-25,quantile,0.15,8
2026-04-25,39,0,wk inc flu hosp,2026-04-25,quantile,0.2,10
2026-04-25,39,0,wk inc flu hosp,2026-04-25,quantile,0.25,12
2026-04-25,39,0,wk inc flu hosp,2026-04-25,quantile,0.3,13
2026-04-25,39,0,wk inc flu hosp,2026-04-25,quantile,0.35,16
2026-04-25,39,0,wk inc flu hosp,2026-04-25,quantile,0.4,17
2026-04-25,39,0,wk inc flu hosp,2026-04-25,quantile,0.45,19
2026-04-25,39,0,wk inc flu hosp,2026-04-25,quantile,0.5,21
2026-04-25,39,0,wk inc flu hosp,2026-04-25,quantile,0.55,23
2026-04-25,39,0,wk inc flu hosp,2026-04-25,quantile,0.6,25
2026-04-25,39,0,wk inc flu hosp,2026-04-25,quantile,0.65,28
2026-04-25,39,0,wk inc flu hosp,2026-04-25,quantile,0.7,32
2026-04-25,39,0,wk inc flu hosp,2026-04-25,quantile,0.75,37
2026-04-25,39,0,wk inc flu hosp,2026-04-25,quantile,0.8,41
2026-04-25,39,0,wk inc flu hosp,2026-04-25,quantile,0.85,45
2026-04-25,39,0,wk inc flu hosp,2026-04-25,quantile,0.9,55
2026-04-25,39,0,wk inc flu hosp,2026-04-25,quantile,0.95,75
2026-04-25,39,0,wk inc flu hosp,2026-04-25,quantile,0.975,95
2026-04-25,39,0,wk inc flu hosp,2026-04-25,quantile,0.99,120
2026-04-25,39,1,wk inc flu hosp,2026-05-02,quantile,0.01,0
2026-04-25,39,1,wk inc flu hosp,2026-05-02,quantile,0.025,0
2026-04-25,39,1,wk inc flu hosp,2026-05-02,quantile,0.05,1
2026-04-25,39,1,wk inc flu hosp,2026-05-02,quantile,0.1,3
2026-04-25,39,1,wk inc flu hosp,2026-05-02,quantile,0.15,5
2026-04-25,39,1,wk inc flu hosp,2026-05-02,quantile,0.2,6
2026-04-25,39,1,wk inc flu hosp,2026-05-02,quantile,0.25,8
2026-04-25,39,1,wk inc flu hosp,2026-05-02,quantile,0.3,9
2026-04-25,39,1,wk inc flu hosp,2026-05-02,quantile,0.35,11
2026-04-25,39,1,wk inc flu hosp,2026-05-02,quantile,0.4,14
2026-04-25,39,1,wk inc flu hosp,2026-05-02,quantile,0.45,15
2026-04-25,39,1,wk inc flu hosp,2026-05-02,quantile,0.5,17
2026-04-25,39,1,wk inc flu hosp,2026-05-02,quantile,0.55,19
2026-04-25,39,1,wk inc flu hosp,2026-05-02,quantile,0.6,22
2026-04-25,39,1,wk inc flu hosp,2026-05-02,quantile,0.65,25
2026-04-25,39,1,wk inc flu hosp,2026-05-02,quantile,0.7,28
2026-04-25,39,1,wk inc flu hosp,2026-05-02,quantile,0.75,31
2026-04-25,39,1,wk inc flu hosp,2026-05-02,quantile,0.8,36
2026-04-25,39,1,wk inc flu hosp,2026-05-02,quantile,0.85,42
2026-04-25,39,1,wk inc flu hosp,2026-05-02,quantile,0.9,51
2026-04-25,39,1,wk inc flu hosp,2026-05-02,quantile,0.95,69
2026-04-25,39,1,wk inc flu hosp,2026-05-02,quantile,0.975,89
2026-04-25,39,1,wk inc flu hosp,2026-05-02,quantile,0.99,113
2026-04-25,39,2,wk inc flu hosp,2026-05-09,quantile,0.01,0
2026-04-25,39,2,wk inc flu hosp,2026-05-09,quantile,0.025,0
2026-04-25,39,2,wk inc flu hosp,2026-05-09,quantile,0.05,0
2026-04-25,39,2,wk inc flu hosp,2026-05-09,quantile,0.1,1
2026-04-25,39,2,wk inc flu hosp,2026-05-09,quantile,0.15,3
2026-04-25,39,2,wk inc flu hosp,2026-05-09,quantile,0.2,3
2026-04-25,39,2,wk inc flu hosp,2026-05-09,quantile,0.25,4
2026-04-25,39,2,wk inc flu hosp,2026-05-09,quantile,0.3,5
2026-04-25,39,2,wk inc flu hosp,2026-05-09,quantile,0.35,7
2026-04-25,39,2,wk inc flu hosp,2026-05-09,quantile,0.4,9
2026-04-25,39,2,wk inc flu hosp,2026-05-09,quantile,0.45,12
2026-04-25,39,2,wk inc flu hosp,2026-05-09,quantile,0.5,14
2026-04-25,39,2,wk inc flu hosp,2026-05-09,quantile,0.55,16
2026-04-25,39,2,wk inc flu hosp,2026-05-09,quantile,0.6,19
2026-04-25,39,2,wk inc flu hosp,2026-05-09,quantile,0.65,22
2026-04-25,39,2,wk inc flu hosp,2026-05-09,quantile,0.7,24
2026-04-25,39,2,wk inc flu hosp,2026-05-09,quantile,0.75,28
2026-04-25,39,2,wk inc flu hosp,2026-05-09,quantile,0.8,31
2026-04-25,39,2,wk inc flu hosp,2026-05-09,quantile,0.85,38
2026-04-25,39,2,wk inc flu hosp,2026-05-09,quantile,0.9,47
2026-04-25,39,2,wk inc flu hosp,2026-05-09,quantile,0.95,65
2026-04-25,39,2,wk inc flu hosp,2026-05-09,quantile,0.975,84
2026-04-25,39,2,wk inc flu hosp,2026-05-09,quantile,0.99,113
2026-04-25,39,3,wk inc flu hosp,2026-05-16,quantile,0.01,0
2026-04-25,39,3,wk inc flu hosp,2026-05-16,quantile,0.025,0
2026-04-25,39,3,wk inc flu hosp,2026-05-16,quantile,0.05,0
2026-04-25,39,3,wk inc flu hosp,2026-05-16,quantile,0.1,0
2026-04-25,39,3,wk inc flu hosp,2026-05-16,quantile,0.15,1
2026-04-25,39,3,wk inc flu hosp,2026-05-16,quantile,0.2,3
2026-04-25,39,3,wk inc flu hosp,2026-05-16,quantile,0.25,3
2026-04-25,39,3,wk inc flu hosp,2026-05-16,quantile,0.3,4
2026-04-25,39,3,wk inc flu hosp,2026-05-16,quantile,0.35,5
2026-04-25,39,3,wk inc flu hosp,2026-05-16,quantile,0.4,8
2026-04-25,39,3,wk inc flu hosp,2026-05-16,quantile,0.45,10
2026-04-25,39,3,wk inc flu hosp,2026-05-16,quantile,0.5,13
2026-04-25,39,3,wk inc flu hosp,2026-05-16,quantile,0.55,14
2026-04-25,39,3,wk inc flu hosp,2026-05-16,quantile,0.6,16
2026-04-25,39,3,wk inc flu hosp,2026-05-16,quantile,0.65,18
2026-04-25,39,3,wk inc flu hosp,2026-05-16,quantile,0.7,22
2026-04-25,39,3,wk inc flu hosp,2026-05-16,quantile,0.75,25
2026-04-25,39,3,wk inc flu hosp,2026-05-16,quantile,0.8,30
2026-04-25,39,3,wk inc flu hosp,2026-05-16,quantile,0.85,36
2026-04-25,39,3,wk inc flu hosp,2026-05-16,quantile,0.9,47
2026-04-25,39,3,wk inc flu hosp,2026-05-16,quantile,0.95,65
2026-04-25,39,3,wk inc flu hosp,2026-05-16,quantile,0.975,87
2026-04-25,39,3,wk inc flu hosp,2026-05-16,quantile,0.99,127
2026-04-25,40,0,wk inc flu hosp,2026-04-25,quantile,0.01,0
2026-04-25,40,0,wk inc flu hosp,2026-04-25,quantile,0.025,0
2026-04-25,40,0,wk inc flu hosp,2026-04-25,quantile,0.05,0
2026-04-25,40,0,wk inc flu hosp,2026-04-25,quantile,0.1,0
2026-04-25,40,0,wk inc flu hosp,2026-04-25,quantile,0.15,0
2026-04-25,40,0,wk inc flu hosp,2026-04-25,quantile,0.2,1
2026-04-25,40,0,wk inc flu hosp,2026-04-25,quantile,0.25,1
2026-04-25,40,0,wk inc flu hosp,2026-04-25,quantile,0.3,2
2026-04-25,40,0,wk inc flu hosp,2026-04-25,quantile,0.35,2
2026-04-25,40,0,wk inc flu hosp,2026-04-25,quantile,0.4,3
2026-04-25,40,0,wk inc flu hosp,2026-04-25,quantile,0.45,4
2026-04-25,40,0,wk inc flu hosp,2026-04-25,quantile,0.5,7
2026-04-25,40,0,wk inc flu hosp,2026-04-25,quantile,0.55,8
2026-04-25,40,0,wk inc flu hosp,2026-04-25,quantile,0.6,8
2026-04-25,40,0,wk inc flu hosp,2026-04-25,quantile,0.65,10
2026-04-25,40,0,wk inc flu hosp,2026-04-25,quantile,0.7,11
2026-04-25,40,0,wk inc flu hosp,2026-04-25,quantile,0.75,12
2026-04-25,40,0,wk inc flu hosp,2026-04-25,quantile,0.8,14
2026-04-25,40,0,wk inc flu hosp,2026-04-25,quantile,0.85,17
2026-04-25,40,0,wk inc flu hosp,2026-04-25,quantile,0.9,21
2026-04-25,40,0,wk inc flu hosp,2026-04-25,quantile,0.95,26
2026-04-25,40,0,wk inc flu hosp,2026-04-25,quantile,0.975,30
2026-04-25,40,0,wk inc flu hosp,2026-04-25,quantile,0.99,36
2026-04-25,40,1,wk inc flu hosp,2026-05-02,quantile,0.01,0
2026-04-25,40,1,wk inc flu hosp,2026-05-02,quantile,0.025,0
2026-04-25,40,1,wk inc flu hosp,2026-05-02,quantile,0.05,0
2026-04-25,40,1,wk inc flu hosp,2026-05-02,quantile,0.1,0
2026-04-25,40,1,wk inc flu hosp,2026-05-02,quantile,0.15,0
2026-04-25,40,1,wk inc flu hosp,2026-05-02,quantile,0.2,1
2026-04-25,40,1,wk inc flu hosp,2026-05-02,quantile,0.25,2
2026-04-25,40,1,wk inc flu hosp,2026-05-02,quantile,0.3,2
2026-04-25,40,1,wk inc flu hosp,2026-05-02,quantile,0.35,3
2026-04-25,40,1,wk inc flu hosp,2026-05-02,quantile,0.4,3
2026-04-25,40,1,wk inc flu hosp,2026-05-02,quantile,0.45,4
2026-04-25,40,1,wk inc flu hosp,2026-05-02,quantile,0.5,6
2026-04-25,40,1,wk inc flu hosp,2026-05-02,quantile,0.55,7
2026-04-25,40,1,wk inc flu hosp,2026-05-02,quantile,0.6,8
2026-04-25,40,1,wk inc flu hosp,2026-05-02,quantile,0.65,9
2026-04-25,40,1,wk inc flu hosp,2026-05-02,quantile,0.7,11
2026-04-25,40,1,wk inc flu hosp,2026-05-02,quantile,0.75,11
2026-04-25,40,1,wk inc flu hosp,2026-05-02,quantile,0.8,13
2026-04-25,40,1,wk inc flu hosp,2026-05-02,quantile,0.85,16
2026-04-25,40,1,wk inc flu hosp,2026-05-02,quantile,0.9,20
2026-04-25,40,1,wk inc flu hosp,2026-05-02,quantile,0.95,25
2026-04-25,40,1,wk inc flu hosp,2026-05-02,quantile,0.975,31
2026-04-25,40,1,wk inc flu hosp,2026-05-02,quantile,0.99,46
2026-04-25,40,2,wk inc flu hosp,2026-05-09,quantile,0.01,0
2026-04-25,40,2,wk inc flu hosp,2026-05-09,quantile,0.025,0
2026-04-25,40,2,wk inc flu hosp,2026-05-09,quantile,0.05,0
2026-04-25,40,2,wk inc flu hosp,2026-05-09,quantile,0.1,0
2026-04-25,40,2,wk inc flu hosp,2026-05-09,quantile,0.15,0
2026-04-25,40,2,wk inc flu hosp,2026-05-09,quantile,0.2,1
2026-04-25,40,2,wk inc flu hosp,2026-05-09,quantile,0.25,1
2026-04-25,40,2,wk inc flu hosp,2026-05-09,quantile,0.3,1
2026-04-25,40,2,wk inc flu hosp,2026-05-09,quantile,0.35,2
2026-04-25,40,2,wk inc flu hosp,2026-05-09,quantile,0.4,3
2026-04-25,40,2,wk inc flu hosp,2026-05-09,quantile,0.45,4
2026-04-25,40,2,wk inc flu hosp,2026-05-09,quantile,0.5,5
2026-04-25,40,2,wk inc flu hosp,2026-05-09,quantile,0.55,6
2026-04-25,40,2,wk inc flu hosp,2026-05-09,quantile,0.6,7
2026-04-25,40,2,wk inc flu hosp,2026-05-09,quantile,0.65,8
2026-04-25,40,2,wk inc flu hosp,2026-05-09,quantile,0.7,11
2026-04-25,40,2,wk inc flu hosp,2026-05-09,quantile,0.75,11
2026-04-25,40,2,wk inc flu hosp,2026-05-09,quantile,0.8,12
2026-04-25,40,2,wk inc flu hosp,2026-05-09,quantile,0.85,16
2026-04-25,40,2,wk inc flu hosp,2026-05-09,quantile,0.9,21
2026-04-25,40,2,wk inc flu hosp,2026-05-09,quantile,0.95,30
2026-04-25,40,2,wk inc flu hosp,2026-05-09,quantile,0.975,36
2026-04-25,40,2,wk inc flu hosp,2026-05-09,quantile,0.99,48
2026-04-25,40,3,wk inc flu hosp,2026-05-16,quantile,0.01,0
2026-04-25,40,3,wk inc flu hosp,2026-05-16,quantile,0.025,0
2026-04-25,40,3,wk inc flu hosp,2026-05-16,quantile,0.05,0
2026-04-25,40,3,wk inc flu hosp,2026-05-16,quantile,0.1,0
2026-04-25,40,3,wk inc flu hosp,2026-05-16,quantile,0.15,0
2026-04-25,40,3,wk inc flu hosp,2026-05-16,quantile,0.2,1
2026-04-25,40,3,wk inc flu hosp,2026-05-16,quantile,0.25,1
2026-04-25,40,3,wk inc flu hosp,2026-05-16,quantile,0.3,1
2026-04-25,40,3,wk inc flu hosp,2026-05-16,quantile,0.35,1
2026-04-25,40,3,wk inc flu hosp,2026-05-16,quantile,0.4,2
2026-04-25,40,3,wk inc flu hosp,2026-05-16,quantile,0.45,3
2026-04-25,40,3,wk inc flu hosp,2026-05-16,quantile,0.5,5
2026-04-25,40,3,wk inc flu hosp,2026-05-16,quantile,0.55,5
2026-04-25,40,3,wk inc flu hosp,2026-05-16,quantile,0.6,6
2026-04-25,40,3,wk inc flu hosp,2026-05-16,quantile,0.65,8
2026-04-25,40,3,wk inc flu hosp,2026-05-16,quantile,0.7,10
2026-04-25,40,3,wk inc flu hosp,2026-05-16,quantile,0.75,11
2026-04-25,40,3,wk inc flu hosp,2026-05-16,quantile,0.8,12
2026-04-25,40,3,wk inc flu hosp,2026-05-16,quantile,0.85,15
2026-04-25,40,3,wk inc flu hosp,2026-05-16,quantile,0.9,20
2026-04-25,40,3,wk inc flu hosp,2026-05-16,quantile,0.95,28
2026-04-25,40,3,wk inc flu hosp,2026-05-16,quantile,0.975,40
2026-04-25,40,3,wk inc flu hosp,2026-05-16,quantile,0.99,57
2026-04-25,41,0,wk inc flu hosp,2026-04-25,quantile,0.01,0
2026-04-25,41,0,wk inc flu hosp,2026-04-25,quantile,0.025,0
2026-04-25,41,0,wk inc flu hosp,2026-04-25,quantile,0.05,0
2026-04-25,41,0,wk inc flu hosp,2026-04-25,quantile,0.1,1
2026-04-25,41,0,wk inc flu hosp,2026-04-25,quantile,0.15,2
2026-04-25,41,0,wk inc flu hosp,2026-04-25,quantile,0.2,3
2026-04-25,41,0,wk inc flu hosp,2026-04-25,quantile,0.25,4
2026-04-25,41,0,wk inc flu hosp,2026-04-25,quantile,0.3,4
2026-04-25,41,0,wk inc flu hosp,2026-04-25,quantile,0.35,4
2026-04-25,41,0,wk inc flu hosp,2026-04-25,quantile,0.4,5
2026-04-25,41,0,wk inc flu hosp,2026-04-25,quantile,0.45,6
2026-04-25,41,0,wk inc flu hosp,2026-04-25,quantile,0.5,7
2026-04-25,41,0,wk inc flu hosp,2026-04-25,quantile,0.55,8
2026-04-25,41,0,wk inc flu hosp,2026-04-25,quantile,0.6,9
2026-04-25,41,0,wk inc flu hosp,2026-04-25,quantile,0.65,10
2026-04-25,41,0,wk inc flu hosp,2026-04-25,quantile,0.7,11
2026-04-25,41,0,wk inc flu hosp,2026-04-25,quantile,0.75,12
2026-04-25,41,0,wk inc flu hosp,2026-04-25,quantile,0.8,14
2026-04-25,41,0,wk inc flu hosp,2026-04-25,quantile,0.85,17
2026-04-25,41,0,wk inc flu hosp,2026-04-25,quantile,0.9,21
2026-04-25,41,0,wk inc flu hosp,2026-04-25,quantile,0.95,26
2026-04-25,41,0,wk inc flu hosp,2026-04-25,quantile,0.975,29
2026-04-25,41,0,wk inc flu hosp,2026-04-25,quantile,0.99,36
2026-04-25,41,1,wk inc flu hosp,2026-05-02,quantile,0.01,0
2026-04-25,41,1,wk inc flu hosp,2026-05-02,quantile,0.025,0
2026-04-25,41,1,wk inc flu hosp,2026-05-02,quantile,0.05,0
2026-04-25,41,1,wk inc flu hosp,2026-05-02,quantile,0.1,0
2026-04-25,41,1,wk inc flu hosp,2026-05-02,quantile,0.15,1
2026-04-25,41,1,wk inc flu hosp,2026-05-02,quantile,0.2,2
2026-04-25,41,1,wk inc flu hosp,2026-05-02,quantile,0.25,2
2026-04-25,41,1,wk inc flu hosp,2026-05-02,quantile,0.3,3
2026-04-25,41,1,wk inc flu hosp,2026-05-02,quantile,0.35,3
2026-04-25,41,1,wk inc flu hosp,2026-05-02,quantile,0.4,4
2026-04-25,41,1,wk inc flu hosp,2026-05-02,quantile,0.45,5
2026-04-25,41,1,wk inc flu hosp,2026-05-02,quantile,0.5,7
2026-04-25,41,1,wk inc flu hosp,2026-05-02,quantile,0.55,7
2026-04-25,41,1,wk inc flu hosp,2026-05-02,quantile,0.6,8
2026-04-25,41,1,wk inc flu hosp,2026-05-02,quantile,0.65,9
2026-04-25,41,1,wk inc flu hosp,2026-05-02,quantile,0.7,10
2026-04-25,41,1,wk inc flu hosp,2026-05-02,quantile,0.75,11
2026-04-25,41,1,wk inc flu hosp,2026-05-02,quantile,0.8,13
2026-04-25,41,1,wk inc flu hosp,2026-05-02,quantile,0.85,16
2026-04-25,41,1,wk inc flu hosp,2026-05-02,quantile,0.9,20
2026-04-25,41,1,wk inc flu hosp,2026-05-02,quantile,0.95,27
2026-04-25,41,1,wk inc flu hosp,2026-05-02,quantile,0.975,32
2026-04-25,41,1,wk inc flu hosp,2026-05-02,quantile,0.99,40
2026-04-25,41,2,wk inc flu hosp,2026-05-09,quantile,0.01,0
2026-04-25,41,2,wk inc flu hosp,2026-05-09,quantile,0.025,0
2026-04-25,41,2,wk inc flu hosp,2026-05-09,quantile,0.05,0
2026-04-25,41,2,wk inc flu hosp,2026-05-09,quantile,0.1,0
2026-04-25,41,2,wk inc flu hosp,2026-05-09,quantile,0.15,0
2026-04-25,41,2,wk inc flu hosp,2026-05-09,quantile,0.2,1
2026-04-25,41,2,wk inc flu hosp,2026-05-09,quantile,0.25,1
2026-04-25,41,2,wk inc flu hosp,2026-05-09,quantile,0.3,2
2026-04-25,41,2,wk inc flu hosp,2026-05-09,quantile,0.35,2
2026-04-25,41,2,wk inc flu hosp,2026-05-09,quantile,0.4,3
2026-04-25,41,2,wk inc flu hosp,2026-05-09,quantile,0.45,4
2026-04-25,41,2,wk inc flu hosp,2026-05-09,quantile,0.5,5
2026-04-25,41,2,wk inc flu hosp,2026-05-09,quantile,0.55,7
2026-04-25,41,2,wk inc flu hosp,2026-05-09,quantile,0.6,8
2026-04-25,41,2,wk inc flu hosp,2026-05-09,quantile,0.65,9
2026-04-25,41,2,wk inc flu hosp,2026-05-09,quantile,0.7,10
2026-04-25,41,2,wk inc flu hosp,2026-05-09,quantile,0.75,11
2026-04-25,41,2,wk inc flu hosp,2026-05-09,quantile,0.8,14
2026-04-25,41,2,wk inc flu hosp,2026-05-09,quantile,0.85,17
2026-04-25,41,2,wk inc flu hosp,2026-05-09,quantile,0.9,20
2026-04-25,41,2,wk inc flu hosp,2026-05-09,quantile,0.95,28
2026-04-25,41,2,wk inc flu hosp,2026-05-09,quantile,0.975,37
2026-04-25,41,2,wk inc flu hosp,2026-05-09,quantile,0.99,52
2026-04-25,41,3,wk inc flu hosp,2026-05-16,quantile,0.01,0
2026-04-25,41,3,wk inc flu hosp,2026-05-16,quantile,0.025,0
2026-04-25,41,3,wk inc flu hosp,2026-05-16,quantile,0.05,0
2026-04-25,41,3,wk inc flu hosp,2026-05-16,quantile,0.1,0
2026-04-25,41,3,wk inc flu hosp,2026-05-16,quantile,0.15,0
2026-04-25,41,3,wk inc flu hosp,2026-05-16,quantile,0.2,0
2026-04-25,41,3,wk inc flu hosp,2026-05-16,quantile,0.25,1
2026-04-25,41,3,wk inc flu hosp,2026-05-16,quantile,0.3,1
2026-04-25,41,3,wk inc flu hosp,2026-05-16,quantile,0.35,2
2026-04-25,41,3,wk inc flu hosp,2026-05-16,quantile,0.4,2
2026-04-25,41,3,wk inc flu hosp,2026-05-16,quantile,0.45,3
2026-04-25,41,3,wk inc flu hosp,2026-05-16,quantile,0.5,4
2026-04-25,41,3,wk inc flu hosp,2026-05-16,quantile,0.55,6
2026-04-25,41,3,wk inc flu hosp,2026-05-16,quantile,0.6,8
2026-04-25,41,3,wk inc flu hosp,2026-05-16,quantile,0.65,9
2026-04-25,41,3,wk inc flu hosp,2026-05-16,quantile,0.7,10
2026-04-25,41,3,wk inc flu hosp,2026-05-16,quantile,0.75,10
2026-04-25,41,3,wk inc flu hosp,2026-05-16,quantile,0.8,12
2026-04-25,41,3,wk inc flu hosp,2026-05-16,quantile,0.85,16
2026-04-25,41,3,wk inc flu hosp,2026-05-16,quantile,0.9,21
2026-04-25,41,3,wk inc flu hosp,2026-05-16,quantile,0.95,30
2026-04-25,41,3,wk inc flu hosp,2026-05-16,quantile,0.975,40
2026-04-25,41,3,wk inc flu hosp,2026-05-16,quantile,0.99,56
2026-04-25,42,0,wk inc flu hosp,2026-04-25,quantile,0.01,55
2026-04-25,42,0,wk inc flu hosp,2026-04-25,quantile,0.025,63
2026-04-25,42,0,wk inc flu hosp,2026-04-25,quantile,0.05,71
2026-04-25,42,0,wk inc flu hosp,2026-04-25,quantile,0.1,82
2026-04-25,42,0,wk inc flu hosp,2026-04-25,quantile,0.15,94
2026-04-25,42,0,wk inc flu hosp,2026-04-25,quantile,0.2,105
2026-04-25,42,0,wk inc flu hosp,2026-04-25,quantile,0.25,117
2026-04-25,42,0,wk inc flu hosp,2026-04-25,quantile,0.3,123
2026-04-25,42,0,wk inc flu hosp,2026-04-25,quantile,0.35,129
2026-04-25,42,0,wk inc flu hosp,2026-04-25,quantile,0.4,136
2026-04-25,42,0,wk inc flu hosp,2026-04-25,quantile,0.45,144
2026-04-25,42,0,wk inc flu hosp,2026-04-25,quantile,0.5,152
2026-04-25,42,0,wk inc flu hosp,2026-04-25,quantile,0.55,161
2026-04-25,42,0,wk inc flu hosp,2026-04-25,quantile,0.6,169
2026-04-25,42,0,wk inc flu hosp,2026-04-25,quantile,0.65,177
2026-04-25,42,0,wk inc flu hosp,2026-04-25,quantile,0.7,185
2026-04-25,42,0,wk inc flu hosp,2026-04-25,quantile,0.75,192
2026-04-25,42,0,wk inc flu hosp,2026-04-25,quantile,0.8,200
2026-04-25,42,0,wk inc flu hosp,2026-04-25,quantile,0.85,221
2026-04-25,42,0,wk inc flu hosp,2026-04-25,quantile,0.9,238
2026-04-25,42,0,wk inc flu hosp,2026-04-25,quantile,0.95,270
2026-04-25,42,0,wk inc flu hosp,2026-04-25,quantile,0.975,292
2026-04-25,42,0,wk inc flu hosp,2026-04-25,quantile,0.99,325
2026-04-25,42,1,wk inc flu hosp,2026-05-02,quantile,0.01,20
2026-04-25,42,1,wk inc flu hosp,2026-05-02,quantile,0.025,28
2026-04-25,42,1,wk inc flu hosp,2026-05-02,quantile,0.05,42
2026-04-25,42,1,wk inc flu hosp,2026-05-02,quantile,0.1,60
2026-04-25,42,1,wk inc flu hosp,2026-05-02,quantile,0.15,71
2026-04-25,42,1,wk inc flu hosp,2026-05-02,quantile,0.2,81
2026-04-25,42,1,wk inc flu hosp,2026-05-02,quantile,0.25,88
2026-04-25,42,1,wk inc flu hosp,2026-05-02,quantile,0.3,97
2026-04-25,42,1,wk inc flu hosp,2026-05-02,quantile,0.35,105
2026-04-25,42,1,wk inc flu hosp,2026-05-02,quantile,0.4,110
2026-04-25,42,1,wk inc flu hosp,2026-05-02,quantile,0.45,115
2026-04-25,42,1,wk inc flu hosp,2026-05-02,quantile,0.5,127
2026-04-25,42,1,wk inc flu hosp,2026-05-02,quantile,0.55,135
2026-04-25,42,1,wk inc flu hosp,2026-05-02,quantile,0.6,148
2026-04-25,42,1,wk inc flu hosp,2026-05-02,quantile,0.65,156
2026-04-25,42,1,wk inc flu hosp,2026-05-02,quantile,0.7,167
2026-04-25,42,1,wk inc flu hosp,2026-05-02,quantile,0.75,172
2026-04-25,42,1,wk inc flu hosp,2026-05-02,quantile,0.8,179
2026-04-25,42,1,wk inc flu hosp,2026-05-02,quantile,0.85,198
2026-04-25,42,1,wk inc flu hosp,2026-05-02,quantile,0.9,231
2026-04-25,42,1,wk inc flu hosp,2026-05-02,quantile,0.95,277
2026-04-25,42,1,wk inc flu hosp,2026-05-02,quantile,0.975,334
2026-04-25,42,1,wk inc flu hosp,2026-05-02,quantile,0.99,404
2026-04-25,42,2,wk inc flu hosp,2026-05-09,quantile,0.01,14
2026-04-25,42,2,wk inc flu hosp,2026-05-09,quantile,0.025,18
2026-04-25,42,2,wk inc flu hosp,2026-05-09,quantile,0.05,23
2026-04-25,42,2,wk inc flu hosp,2026-05-09,quantile,0.1,37
2026-04-25,42,2,wk inc flu hosp,2026-05-09,quantile,0.15,50
2026-04-25,42,2,wk inc flu hosp,2026-05-09,quantile,0.2,60
2026-04-25,42,2,wk inc flu hosp,2026-05-09,quantile,0.25,67
2026-04-25,42,2,wk inc flu hosp,2026-05-09,quantile,0.3,73
2026-04-25,42,2,wk inc flu hosp,2026-05-09,quantile,0.35,79
2026-04-25,42,2,wk inc flu hosp,2026-05-09,quantile,0.4,87
2026-04-25,42,2,wk inc flu hosp,2026-05-09,quantile,0.45,96
2026-04-25,42,2,wk inc flu hosp,2026-05-09,quantile,0.5,114
2026-04-25,42,2,wk inc flu hosp,2026-05-09,quantile,0.55,124
2026-04-25,42,2,wk inc flu hosp,2026-05-09,quantile,0.6,136
2026-04-25,42,2,wk inc flu hosp,2026-05-09,quantile,0.65,145
2026-04-25,42,2,wk inc flu hosp,2026-05-09,quantile,0.7,153
2026-04-25,42,2,wk inc flu hosp,2026-05-09,quantile,0.75,163
2026-04-25,42,2,wk inc flu hosp,2026-05-09,quantile,0.8,175
2026-04-25,42,2,wk inc flu hosp,2026-05-09,quantile,0.85,197
2026-04-25,42,2,wk inc flu hosp,2026-05-09,quantile,0.9,228
2026-04-25,42,2,wk inc flu hosp,2026-05-09,quantile,0.95,270
2026-04-25,42,2,wk inc flu hosp,2026-05-09,quantile,0.975,318
2026-04-25,42,2,wk inc flu hosp,2026-05-09,quantile,0.99,375
2026-04-25,42,3,wk inc flu hosp,2026-05-16,quantile,0.01,10
2026-04-25,42,3,wk inc flu hosp,2026-05-16,quantile,0.025,14
2026-04-25,42,3,wk inc flu hosp,2026-05-16,quantile,0.05,18
2026-04-25,42,3,wk inc flu hosp,2026-05-16,quantile,0.1,25
2026-04-25,42,3,wk inc flu hosp,2026-05-16,quantile,0.15,36
2026-04-25,42,3,wk inc flu hosp,2026-05-16,quantile,0.2,47
2026-04-25,42,3,wk inc flu hosp,2026-05-16,quantile,0.25,53
2026-04-25,42,3,wk inc flu hosp,2026-05-16,quantile,0.3,60
2026-04-25,42,3,wk inc flu hosp,2026-05-16,quantile,0.35,66
2026-04-25,42,3,wk inc flu hosp,2026-05-16,quantile,0.4,77
2026-04-25,42,3,wk inc flu hosp,2026-05-16,quantile,0.45,84
2026-04-25,42,3,wk inc flu hosp,2026-05-16,quantile,0.5,106
2026-04-25,42,3,wk inc flu hosp,2026-05-16,quantile,0.55,111
2026-04-25,42,3,wk inc flu hosp,2026-05-16,quantile,0.6,126
2026-04-25,42,3,wk inc flu hosp,2026-05-16,quantile,0.65,136
2026-04-25,42,3,wk inc flu hosp,2026-05-16,quantile,0.7,142
2026-04-25,42,3,wk inc flu hosp,2026-05-16,quantile,0.75,151
2026-04-25,42,3,wk inc flu hosp,2026-05-16,quantile,0.8,167
2026-04-25,42,3,wk inc flu hosp,2026-05-16,quantile,0.85,192
2026-04-25,42,3,wk inc flu hosp,2026-05-16,quantile,0.9,220
2026-04-25,42,3,wk inc flu hosp,2026-05-16,quantile,0.95,258
2026-04-25,42,3,wk inc flu hosp,2026-05-16,quantile,0.975,315
2026-04-25,42,3,wk inc flu hosp,2026-05-16,quantile,0.99,389
2026-04-25,44,0,wk inc flu hosp,2026-04-25,quantile,0.01,0
2026-04-25,44,0,wk inc flu hosp,2026-04-25,quantile,0.025,0
2026-04-25,44,0,wk inc flu hosp,2026-04-25,quantile,0.05,1
2026-04-25,44,0,wk inc flu hosp,2026-04-25,quantile,0.1,3
2026-04-25,44,0,wk inc flu hosp,2026-04-25,quantile,0.15,4
2026-04-25,44,0,wk inc flu hosp,2026-04-25,quantile,0.2,4
2026-04-25,44,0,wk inc flu hosp,2026-04-25,quantile,0.25,4
2026-04-25,44,0,wk inc flu hosp,2026-04-25,quantile,0.3,4
2026-04-25,44,0,wk inc flu hosp,2026-04-25,quantile,0.35,5
2026-04-25,44,0,wk inc flu hosp,2026-04-25,quantile,0.4,6
2026-04-25,44,0,wk inc flu hosp,2026-04-25,quantile,0.45,6
2026-04-25,44,0,wk inc flu hosp,2026-04-25,quantile,0.5,8
2026-04-25,44,0,wk inc flu hosp,2026-04-25,quantile,0.55,8
2026-04-25,44,0,wk inc flu hosp,2026-04-25,quantile,0.6,9
2026-04-25,44,0,wk inc flu hosp,2026-04-25,quantile,0.65,10
2026-04-25,44,0,wk inc flu hosp,2026-04-25,quantile,0.7,10
2026-04-25,44,0,wk inc flu hosp,2026-04-25,quantile,0.75,11
2026-04-25,44,0,wk inc flu hosp,2026-04-25,quantile,0.8,12
2026-04-25,44,0,wk inc flu hosp,2026-04-25,quantile,0.85,13
2026-04-25,44,0,wk inc flu hosp,2026-04-25,quantile,0.9,15
2026-04-25,44,0,wk inc flu hosp,2026-04-25,quantile,0.95,18
2026-04-25,44,0,wk inc flu hosp,2026-04-25,quantile,0.975,22
2026-04-25,44,0,wk inc flu hosp,2026-04-25,quantile,0.99,26
2026-04-25,44,1,wk inc flu hosp,2026-05-02,quantile,0.01,0
2026-04-25,44,1,wk inc flu hosp,2026-05-02,quantile,0.025,0
2026-04-25,44,1,wk inc flu hosp,2026-05-02,quantile,0.05,0
2026-04-25,44,1,wk inc flu hosp,2026-05-02,quantile,0.1,1
2026-04-25,44,1,wk inc flu hosp,2026-05-02,quantile,0.15,1
2026-04-25,44,1,wk inc flu hosp,2026-05-02,quantile,0.2,2
2026-04-25,44,1,wk inc flu hosp,2026-05-02,quantile,0.25,2
2026-04-25,44,1,wk inc flu hosp,2026-05-02,quantile,0.3,3
2026-04-25,44,1,wk inc flu hosp,2026-05-02,quantile,0.35,4
2026-04-25,44,1,wk inc flu hosp,2026-05-02,quantile,0.4,4
2026-04-25,44,1,wk inc flu hosp,2026-05-02,quantile,0.45,5
2026-04-25,44,1,wk inc flu hosp,2026-05-02,quantile,0.5,6
2026-04-25,44,1,wk inc flu hosp,2026-05-02,quantile,0.55,7
2026-04-25,44,1,wk inc flu hosp,2026-05-02,quantile,0.6,8
2026-04-25,44,1,wk inc flu hosp,2026-05-02,quantile,0.65,8
2026-04-25,44,1,wk inc flu hosp,2026-05-02,quantile,0.7,9
2026-04-25,44,1,wk inc flu hosp,2026-05-02,quantile,0.75,10
2026-04-25,44,1,wk inc flu hosp,2026-05-02,quantile,0.8,12
2026-04-25,44,1,wk inc flu hosp,2026-05-02,quantile,0.85,13
2026-04-25,44,1,wk inc flu hosp,2026-05-02,quantile,0.9,15
2026-04-25,44,1,wk inc flu hosp,2026-05-02,quantile,0.95,18
2026-04-25,44,1,wk inc flu hosp,2026-05-02,quantile,0.975,23
2026-04-25,44,1,wk inc flu hosp,2026-05-02,quantile,0.99,28
2026-04-25,44,2,wk inc flu hosp,2026-05-09,quantile,0.01,0
2026-04-25,44,2,wk inc flu hosp,2026-05-09,quantile,0.025,0
2026-04-25,44,2,wk inc flu hosp,2026-05-09,quantile,0.05,0
2026-04-25,44,2,wk inc flu hosp,2026-05-09,quantile,0.1,0
2026-04-25,44,2,wk inc flu hosp,2026-05-09,quantile,0.15,1
2026-04-25,44,2,wk inc flu hosp,2026-05-09,quantile,0.2,1
2026-04-25,44,2,wk inc flu hosp,2026-05-09,quantile,0.25,2
2026-04-25,44,2,wk inc flu hosp,2026-05-09,quantile,0.3,2
2026-04-25,44,2,wk inc flu hosp,2026-05-09,quantile,0.35,3
2026-04-25,44,2,wk inc flu hosp,2026-05-09,quantile,0.4,3
2026-04-25,44,2,wk inc flu hosp,2026-05-09,quantile,0.45,4
2026-04-25,44,2,wk inc flu hosp,2026-05-09,quantile,0.5,5
2026-04-25,44,2,wk inc flu hosp,2026-05-09,quantile,0.55,6
2026-04-25,44,2,wk inc flu hosp,2026-05-09,quantile,0.6,7
2026-04-25,44,2,wk inc flu hosp,2026-05-09,quantile,0.65,8
2026-04-25,44,2,wk inc flu hosp,2026-05-09,quantile,0.7,8
2026-04-25,44,2,wk inc flu hosp,2026-05-09,quantile,0.75,10
2026-04-25,44,2,wk inc flu hosp,2026-05-09,quantile,0.8,11
2026-04-25,44,2,wk inc flu hosp,2026-05-09,quantile,0.85,12
2026-04-25,44,2,wk inc flu hosp,2026-05-09,quantile,0.9,14
2026-04-25,44,2,wk inc flu hosp,2026-05-09,quantile,0.95,17
2026-04-25,44,2,wk inc flu hosp,2026-05-09,quantile,0.975,24
2026-04-25,44,2,wk inc flu hosp,2026-05-09,quantile,0.99,29
2026-04-25,44,3,wk inc flu hosp,2026-05-16,quantile,0.01,0
2026-04-25,44,3,wk inc flu hosp,2026-05-16,quantile,0.025,0
2026-04-25,44,3,wk inc flu hosp,2026-05-16,quantile,0.05,0
2026-04-25,44,3,wk inc flu hosp,2026-05-16,quantile,0.1,0
2026-04-25,44,3,wk inc flu hosp,2026-05-16,quantile,0.15,0
2026-04-25,44,3,wk inc flu hosp,2026-05-16,quantile,0.2,1
2026-04-25,44,3,wk inc flu hosp,2026-05-16,quantile,0.25,1
2026-04-25,44,3,wk inc flu hosp,2026-05-16,quantile,0.3,2
2026-04-25,44,3,wk inc flu hosp,2026-05-16,quantile,0.35,3
2026-04-25,44,3,wk inc flu hosp,2026-05-16,quantile,0.4,3
2026-04-25,44,3,wk inc flu hosp,2026-05-16,quantile,0.45,3
2026-04-25,44,3,wk inc flu hosp,2026-05-16,quantile,0.5,5
2026-04-25,44,3,wk inc flu hosp,2026-05-16,quantile,0.55,6
2026-04-25,44,3,wk inc flu hosp,2026-05-16,quantile,0.6,6
2026-04-25,44,3,wk inc flu hosp,2026-05-16,quantile,0.65,7
2026-04-25,44,3,wk inc flu hosp,2026-05-16,quantile,0.7,8
2026-04-25,44,3,wk inc flu hosp,2026-05-16,quantile,0.75,9
2026-04-25,44,3,wk inc flu hosp,2026-05-16,quantile,0.8,10
2026-04-25,44,3,wk inc flu hosp,2026-05-16,quantile,0.85,11
2026-04-25,44,3,wk inc flu hosp,2026-05-16,quantile,0.9,14
2026-04-25,44,3,wk inc flu hosp,2026-05-16,quantile,0.95,19
2026-04-25,44,3,wk inc flu hosp,2026-05-16,quantile,0.975,24
2026-04-25,44,3,wk inc flu hosp,2026-05-16,quantile,0.99,33
2026-04-25,45,0,wk inc flu hosp,2026-04-25,quantile,0.01,0
2026-04-25,45,0,wk inc flu hosp,2026-04-25,quantile,0.025,0
2026-04-25,45,0,wk inc flu hosp,2026-04-25,quantile,0.05,0
2026-04-25,45,0,wk inc flu hosp,2026-04-25,quantile,0.1,0
2026-04-25,45,0,wk inc flu hosp,2026-04-25,quantile,0.15,1
2026-04-25,45,0,wk inc flu hosp,2026-04-25,quantile,0.2,1
2026-04-25,45,0,wk inc flu hosp,2026-04-25,quantile,0.25,2
2026-04-25,45,0,wk inc flu hosp,2026-04-25,quantile,0.3,2
2026-04-25,45,0,wk inc flu hosp,2026-04-25,quantile,0.35,3
2026-04-25,45,0,wk inc flu hosp,2026-04-25,quantile,0.4,3
2026-04-25,45,0,wk inc flu hosp,2026-04-25,quantile,0.45,4
2026-04-25,45,0,wk inc flu hosp,2026-04-25,quantile,0.5,5
2026-04-25,45,0,wk inc flu hosp,2026-04-25,quantile,0.55,6
2026-04-25,45,0,wk inc flu hosp,2026-04-25,quantile,0.6,7
2026-04-25,45,0,wk inc flu hosp,2026-04-25,quantile,0.65,8
2026-04-25,45,0,wk inc flu hosp,2026-04-25,quantile,0.7,9
2026-04-25,45,0,wk inc flu hosp,2026-04-25,quantile,0.75,10
2026-04-25,45,0,wk inc flu hosp,2026-04-25,quantile,0.8,11
2026-04-25,45,0,wk inc flu hosp,2026-04-25,quantile,0.85,14
2026-04-25,45,0,wk inc flu hosp,2026-04-25,quantile,0.9,16
2026-04-25,45,0,wk inc flu hosp,2026-04-25,quantile,0.95,23
2026-04-25,45,0,wk inc flu hosp,2026-04-25,quantile,0.975,30
2026-04-25,45,0,wk inc flu hosp,2026-04-25,quantile,0.99,37
2026-04-25,45,1,wk inc flu hosp,2026-05-02,quantile,0.01,0
2026-04-25,45,1,wk inc flu hosp,2026-05-02,quantile,0.025,0
2026-04-25,45,1,wk inc flu hosp,2026-05-02,quantile,0.05,0
2026-04-25,45,1,wk inc flu hosp,2026-05-02,quantile,0.1,0
2026-04-25,45,1,wk inc flu hosp,2026-05-02,quantile,0.15,0
2026-04-25,45,1,wk inc flu hosp,2026-05-02,quantile,0.2,0
2026-04-25,45,1,wk inc flu hosp,2026-05-02,quantile,0.25,1
2026-04-25,45,1,wk inc flu hosp,2026-05-02,quantile,0.3,1
2026-04-25,45,1,wk inc flu hosp,2026-05-02,quantile,0.35,2
2026-04-25,45,1,wk inc flu hosp,2026-05-02,quantile,0.4,3
2026-04-25,45,1,wk inc flu hosp,2026-05-02,quantile,0.45,3
2026-04-25,45,1,wk inc flu hosp,2026-05-02,quantile,0.5,5
2026-04-25,45,1,wk inc flu hosp,2026-05-02,quantile,0.55,6
2026-04-25,45,1,wk inc flu hosp,2026-05-02,quantile,0.6,8
2026-04-25,45,1,wk inc flu hosp,2026-05-02,quantile,0.65,8
2026-04-25,45,1,wk inc flu hosp,2026-05-02,quantile,0.7,9
2026-04-25,45,1,wk inc flu hosp,2026-05-02,quantile,0.75,10
2026-04-25,45,1,wk inc flu hosp,2026-05-02,quantile,0.8,11
2026-04-25,45,1,wk inc flu hosp,2026-05-02,quantile,0.85,15
2026-04-25,45,1,wk inc flu hosp,2026-05-02,quantile,0.9,17
2026-04-25,45,1,wk inc flu hosp,2026-05-02,quantile,0.95,24
2026-04-25,45,1,wk inc flu hosp,2026-05-02,quantile,0.975,32
2026-04-25,45,1,wk inc flu hosp,2026-05-02,quantile,0.99,42
2026-04-25,45,2,wk inc flu hosp,2026-05-09,quantile,0.01,0
2026-04-25,45,2,wk inc flu hosp,2026-05-09,quantile,0.025,0
2026-04-25,45,2,wk inc flu hosp,2026-05-09,quantile,0.05,0
2026-04-25,45,2,wk inc flu hosp,2026-05-09,quantile,0.1,0
2026-04-25,45,2,wk inc flu hosp,2026-05-09,quantile,0.15,0
2026-04-25,45,2,wk inc flu hosp,2026-05-09,quantile,0.2,0
2026-04-25,45,2,wk inc flu hosp,2026-05-09,quantile,0.25,1
2026-04-25,45,2,wk inc flu hosp,2026-05-09,quantile,0.3,1
2026-04-25,45,2,wk inc flu hosp,2026-05-09,quantile,0.35,2
2026-04-25,45,2,wk inc flu hosp,2026-05-09,quantile,0.4,2
2026-04-25,45,2,wk inc flu hosp,2026-05-09,quantile,0.45,3
2026-04-25,45,2,wk inc flu hosp,2026-05-09,quantile,0.5,5
2026-04-25,45,2,wk inc flu hosp,2026-05-09,quantile,0.55,5
2026-04-25,45,2,wk inc flu hosp,2026-05-09,quantile,0.6,6
2026-04-25,45,2,wk inc flu hosp,2026-05-09,quantile,0.65,6
2026-04-25,45,2,wk inc flu hosp,2026-05-09,quantile,0.7,7
2026-04-25,45,2,wk inc flu hosp,2026-05-09,quantile,0.75,9
2026-04-25,45,2,wk inc flu hosp,2026-05-09,quantile,0.8,10
2026-04-25,45,2,wk inc flu hosp,2026-05-09,quantile,0.85,13
2026-04-25,45,2,wk inc flu hosp,2026-05-09,quantile,0.9,17
2026-04-25,45,2,wk inc flu hosp,2026-05-09,quantile,0.95,26
2026-04-25,45,2,wk inc flu hosp,2026-05-09,quantile,0.975,32
2026-04-25,45,2,wk inc flu hosp,2026-05-09,quantile,0.99,43
2026-04-25,45,3,wk inc flu hosp,2026-05-16,quantile,0.01,0
2026-04-25,45,3,wk inc flu hosp,2026-05-16,quantile,0.025,0
2026-04-25,45,3,wk inc flu hosp,2026-05-16,quantile,0.05,0
2026-04-25,45,3,wk inc flu hosp,2026-05-16,quantile,0.1,0
2026-04-25,45,3,wk inc flu hosp,2026-05-16,quantile,0.15,0
2026-04-25,45,3,wk inc flu hosp,2026-05-16,quantile,0.2,0
2026-04-25,45,3,wk inc flu hosp,2026-05-16,quantile,0.25,0
2026-04-25,45,3,wk inc flu hosp,2026-05-16,quantile,0.3,1
2026-04-25,45,3,wk inc flu hosp,2026-05-16,quantile,0.35,2
2026-04-25,45,3,wk inc flu hosp,2026-05-16,quantile,0.4,2
2026-04-25,45,3,wk inc flu hosp,2026-05-16,quantile,0.45,3
2026-04-25,45,3,wk inc flu hosp,2026-05-16,quantile,0.5,4
2026-04-25,45,3,wk inc flu hosp,2026-05-16,quantile,0.55,5
2026-04-25,45,3,wk inc flu hosp,2026-05-16,quantile,0.6,5
2026-04-25,45,3,wk inc flu hosp,2026-05-16,quantile,0.65,7
2026-04-25,45,3,wk inc flu hosp,2026-05-16,quantile,0.7,8
2026-04-25,45,3,wk inc flu hosp,2026-05-16,quantile,0.75,9
2026-04-25,45,3,wk inc flu hosp,2026-05-16,quantile,0.8,10
2026-04-25,45,3,wk inc flu hosp,2026-05-16,quantile,0.85,13
2026-04-25,45,3,wk inc flu hosp,2026-05-16,quantile,0.9,16
2026-04-25,45,3,wk inc flu hosp,2026-05-16,quantile,0.95,25
2026-04-25,45,3,wk inc flu hosp,2026-05-16,quantile,0.975,31
2026-04-25,45,3,wk inc flu hosp,2026-05-16,quantile,0.99,41
2026-04-25,46,0,wk inc flu hosp,2026-04-25,quantile,0.01,0
2026-04-25,46,0,wk inc flu hosp,2026-04-25,quantile,0.025,0
2026-04-25,46,0,wk inc flu hosp,2026-04-25,quantile,0.05,0
2026-04-25,46,0,wk inc flu hosp,2026-04-25,quantile,0.1,1
2026-04-25,46,0,wk inc flu hosp,2026-04-25,quantile,0.15,1
2026-04-25,46,0,wk inc flu hosp,2026-04-25,quantile,0.2,2
2026-04-25,46,0,wk inc flu hosp,2026-04-25,quantile,0.25,2
2026-04-25,46,0,wk inc flu hosp,2026-04-25,quantile,0.3,2
2026-04-25,46,0,wk inc flu hosp,2026-04-25,quantile,0.35,3
2026-04-25,46,0,wk inc flu hosp,2026-04-25,quantile,0.4,3
2026-04-25,46,0,wk inc flu hosp,2026-04-25,quantile,0.45,4
2026-04-25,46,0,wk inc flu hosp,2026-04-25,quantile,0.5,5
2026-04-25,46,0,wk inc flu hosp,2026-04-25,quantile,0.55,5
2026-04-25,46,0,wk inc flu hosp,2026-04-25,quantile,0.6,6
2026-04-25,46,0,wk inc flu hosp,2026-04-25,quantile,0.65,6
2026-04-25,46,0,wk inc flu hosp,2026-04-25,quantile,0.7,7
2026-04-25,46,0,wk inc flu hosp,2026-04-25,quantile,0.75,7
2026-04-25,46,0,wk inc flu hosp,2026-04-25,quantile,0.8,8
2026-04-25,46,0,wk inc flu hosp,2026-04-25,quantile,0.85,9
2026-04-25,46,0,wk inc flu hosp,2026-04-25,quantile,0.9,10
2026-04-25,46,0,wk inc flu hosp,2026-04-25,quantile,0.95,12
2026-04-25,46,0,wk inc flu hosp,2026-04-25,quantile,0.975,13
2026-04-25,46,0,wk inc flu hosp,2026-04-25,quantile,0.99,18
2026-04-25,46,1,wk inc flu hosp,2026-05-02,quantile,0.01,0
2026-04-25,46,1,wk inc flu hosp,2026-05-02,quantile,0.025,0
2026-04-25,46,1,wk inc flu hosp,2026-05-02,quantile,0.05,0
2026-04-25,46,1,wk inc flu hosp,2026-05-02,quantile,0.1,0
2026-04-25,46,1,wk inc flu hosp,2026-05-02,quantile,0.15,1
2026-04-25,46,1,wk inc flu hosp,2026-05-02,quantile,0.2,1
2026-04-25,46,1,wk inc flu hosp,2026-05-02,quantile,0.25,1
2026-04-25,46,1,wk inc flu hosp,2026-05-02,quantile,0.3,1
2026-04-25,46,1,wk inc flu hosp,2026-05-02,quantile,0.35,2
2026-04-25,46,1,wk inc flu hosp,2026-05-02,quantile,0.4,2
2026-04-25,46,1,wk inc flu hosp,2026-05-02,quantile,0.45,3
2026-04-25,46,1,wk inc flu hosp,2026-05-02,quantile,0.5,3
2026-04-25,46,1,wk inc flu hosp,2026-05-02,quantile,0.55,4
2026-04-25,46,1,wk inc flu hosp,2026-05-02,quantile,0.6,4
2026-04-25,46,1,wk inc flu hosp,2026-05-02,quantile,0.65,5
2026-04-25,46,1,wk inc flu hosp,2026-05-02,quantile,0.7,6
2026-04-25,46,1,wk inc flu hosp,2026-05-02,quantile,0.75,6
2026-04-25,46,1,wk inc flu hosp,2026-05-02,quantile,0.8,7
2026-04-25,46,1,wk inc flu hosp,2026-05-02,quantile,0.85,8
2026-04-25,46,1,wk inc flu hosp,2026-05-02,quantile,0.9,10
2026-04-25,46,1,wk inc flu hosp,2026-05-02,quantile,0.95,12
2026-04-25,46,1,wk inc flu hosp,2026-05-02,quantile,0.975,16
2026-04-25,46,1,wk inc flu hosp,2026-05-02,quantile,0.99,19
2026-04-25,46,2,wk inc flu hosp,2026-05-09,quantile,0.01,0
2026-04-25,46,2,wk inc flu hosp,2026-05-09,quantile,0.025,0
2026-04-25,46,2,wk inc flu hosp,2026-05-09,quantile,0.05,0
2026-04-25,46,2,wk inc flu hosp,2026-05-09,quantile,0.1,0
2026-04-25,46,2,wk inc flu hosp,2026-05-09,quantile,0.15,0
2026-04-25,46,2,wk inc flu hosp,2026-05-09,quantile,0.2,0
2026-04-25,46,2,wk inc flu hosp,2026-05-09,quantile,0.25,0
2026-04-25,46,2,wk inc flu hosp,2026-05-09,quantile,0.3,1
2026-04-25,46,2,wk inc flu hosp,2026-05-09,quantile,0.35,1
2026-04-25,46,2,wk inc flu hosp,2026-05-09,quantile,0.4,2
2026-04-25,46,2,wk inc flu hosp,2026-05-09,quantile,0.45,2
2026-04-25,46,2,wk inc flu hosp,2026-05-09,quantile,0.5,3
2026-04-25,46,2,wk inc flu hosp,2026-05-09,quantile,0.55,3
2026-04-25,46,2,wk inc flu hosp,2026-05-09,quantile,0.6,4
2026-04-25,46,2,wk inc flu hosp,2026-05-09,quantile,0.65,4
2026-04-25,46,2,wk inc flu hosp,2026-05-09,quantile,0.7,5
2026-04-25,46,2,wk inc flu hosp,2026-05-09,quantile,0.75,6
2026-04-25,46,2,wk inc flu hosp,2026-05-09,quantile,0.8,7
2026-04-25,46,2,wk inc flu hosp,2026-05-09,quantile,0.85,7
2026-04-25,46,2,wk inc flu hosp,2026-05-09,quantile,0.9,9
2026-04-25,46,2,wk inc flu hosp,2026-05-09,quantile,0.95,13
2026-04-25,46,2,wk inc flu hosp,2026-05-09,quantile,0.975,15
2026-04-25,46,2,wk inc flu hosp,2026-05-09,quantile,0.99,18
2026-04-25,46,3,wk inc flu hosp,2026-05-16,quantile,0.01,0
2026-04-25,46,3,wk inc flu hosp,2026-05-16,quantile,0.025,0
2026-04-25,46,3,wk inc flu hosp,2026-05-16,quantile,0.05,0
2026-04-25,46,3,wk inc flu hosp,2026-05-16,quantile,0.1,0
2026-04-25,46,3,wk inc flu hosp,2026-05-16,quantile,0.15,0
2026-04-25,46,3,wk inc flu hosp,2026-05-16,quantile,0.2,0
2026-04-25,46,3,wk inc flu hosp,2026-05-16,quantile,0.25,0
2026-04-25,46,3,wk inc flu hosp,2026-05-16,quantile,0.3,1
2026-04-25,46,3,wk inc flu hosp,2026-05-16,quantile,0.35,1
2026-04-25,46,3,wk inc flu hosp,2026-05-16,quantile,0.4,1
2026-04-25,46,3,wk inc flu hosp,2026-05-16,quantile,0.45,1
2026-04-25,46,3,wk inc flu hosp,2026-05-16,quantile,0.5,2
2026-04-25,46,3,wk inc flu hosp,2026-05-16,quantile,0.55,3
2026-04-25,46,3,wk inc flu hosp,2026-05-16,quantile,0.6,3
2026-04-25,46,3,wk inc flu hosp,2026-05-16,quantile,0.65,4
2026-04-25,46,3,wk inc flu hosp,2026-05-16,quantile,0.7,4
2026-04-25,46,3,wk inc flu hosp,2026-05-16,quantile,0.75,5
2026-04-25,46,3,wk inc flu hosp,2026-05-16,quantile,0.8,6
2026-04-25,46,3,wk inc flu hosp,2026-05-16,quantile,0.85,7
2026-04-25,46,3,wk inc flu hosp,2026-05-16,quantile,0.9,9
2026-04-25,46,3,wk inc flu hosp,2026-05-16,quantile,0.95,12
2026-04-25,46,3,wk inc flu hosp,2026-05-16,quantile,0.975,15
2026-04-25,46,3,wk inc flu hosp,2026-05-16,quantile,0.99,18
2026-04-25,47,0,wk inc flu hosp,2026-04-25,quantile,0.01,8
2026-04-25,47,0,wk inc flu hosp,2026-04-25,quantile,0.025,11
2026-04-25,47,0,wk inc flu hosp,2026-04-25,quantile,0.05,13
2026-04-25,47,0,wk inc flu hosp,2026-04-25,quantile,0.1,16
2026-04-25,47,0,wk inc flu hosp,2026-04-25,quantile,0.15,22
2026-04-25,47,0,wk inc flu hosp,2026-04-25,quantile,0.2,25
2026-04-25,47,0,wk inc flu hosp,2026-04-25,quantile,0.25,27
2026-04-25,47,0,wk inc flu hosp,2026-04-25,quantile,0.3,29
2026-04-25,47,0,wk inc flu hosp,2026-04-25,quantile,0.35,32
2026-04-25,47,0,wk inc flu hosp,2026-04-25,quantile,0.4,34
2026-04-25,47,0,wk inc flu hosp,2026-04-25,quantile,0.45,36
2026-04-25,47,0,wk inc flu hosp,2026-04-25,quantile,0.5,38
2026-04-25,47,0,wk inc flu hosp,2026-04-25,quantile,0.55,40
2026-04-25,47,0,wk inc flu hosp,2026-04-25,quantile,0.6,42
2026-04-25,47,0,wk inc flu hosp,2026-04-25,quantile,0.65,44
2026-04-25,47,0,wk inc flu hosp,2026-04-25,quantile,0.7,46
2026-04-25,47,0,wk inc flu hosp,2026-04-25,quantile,0.75,49
2026-04-25,47,0,wk inc flu hosp,2026-04-25,quantile,0.8,54
2026-04-25,47,0,wk inc flu hosp,2026-04-25,quantile,0.85,56
2026-04-25,47,0,wk inc flu hosp,2026-04-25,quantile,0.9,63
2026-04-25,47,0,wk inc flu hosp,2026-04-25,quantile,0.95,71
2026-04-25,47,0,wk inc flu hosp,2026-04-25,quantile,0.975,84
2026-04-25,47,0,wk inc flu hosp,2026-04-25,quantile,0.99,100
2026-04-25,47,1,wk inc flu hosp,2026-05-02,quantile,0.01,3
2026-04-25,47,1,wk inc flu hosp,2026-05-02,quantile,0.025,6
2026-04-25,47,1,wk inc flu hosp,2026-05-02,quantile,0.05,7
2026-04-25,47,1,wk inc flu hosp,2026-05-02,quantile,0.1,12
2026-04-25,47,1,wk inc flu hosp,2026-05-02,quantile,0.15,15
2026-04-25,47,1,wk inc flu hosp,2026-05-02,quantile,0.2,18
2026-04-25,47,1,wk inc flu hosp,2026-05-02,quantile,0.25,21
2026-04-25,47,1,wk inc flu hosp,2026-05-02,quantile,0.3,24
2026-04-25,47,1,wk inc flu hosp,2026-05-02,quantile,0.35,26
2026-04-25,47,1,wk inc flu hosp,2026-05-02,quantile,0.4,28
2026-04-25,47,1,wk inc flu hosp,2026-05-02,quantile,0.45,30
2026-04-25,47,1,wk inc flu hosp,2026-05-02,quantile,0.5,33
2026-04-25,47,1,wk inc flu hosp,2026-05-02,quantile,0.55,36
2026-04-25,47,1,wk inc flu hosp,2026-05-02,quantile,0.6,40
2026-04-25,47,1,wk inc flu hosp,2026-05-02,quantile,0.65,43
2026-04-25,47,1,wk inc flu hosp,2026-05-02,quantile,0.7,46
2026-04-25,47,1,wk inc flu hosp,2026-05-02,quantile,0.75,49
2026-04-25,47,1,wk inc flu hosp,2026-05-02,quantile,0.8,52
2026-04-25,47,1,wk inc flu hosp,2026-05-02,quantile,0.85,57
2026-04-25,47,1,wk inc flu hosp,2026-05-02,quantile,0.9,64
2026-04-25,47,1,wk inc flu hosp,2026-05-02,quantile,0.95,76
2026-04-25,47,1,wk inc flu hosp,2026-05-02,quantile,0.975,85
2026-04-25,47,1,wk inc flu hosp,2026-05-02,quantile,0.99,102
2026-04-25,47,2,wk inc flu hosp,2026-05-09,quantile,0.01,0
2026-04-25,47,2,wk inc flu hosp,2026-05-09,quantile,0.025,2
2026-04-25,47,2,wk inc flu hosp,2026-05-09,quantile,0.05,5
2026-04-25,47,2,wk inc flu hosp,2026-05-09,quantile,0.1,7
2026-04-25,47,2,wk inc flu hosp,2026-05-09,quantile,0.15,10
2026-04-25,47,2,wk inc flu hosp,2026-05-09,quantile,0.2,14
2026-04-25,47,2,wk inc flu hosp,2026-05-09,quantile,0.25,15
2026-04-25,47,2,wk inc flu hosp,2026-05-09,quantile,0.3,19
2026-04-25,47,2,wk inc flu hosp,2026-05-09,quantile,0.35,22
2026-04-25,47,2,wk inc flu hosp,2026-05-09,quantile,0.4,24
2026-04-25,47,2,wk inc flu hosp,2026-05-09,quantile,0.45,25
2026-04-25,47,2,wk inc flu hosp,2026-05-09,quantile,0.5,30
2026-04-25,47,2,wk inc flu hosp,2026-05-09,quantile,0.55,34
2026-04-25,47,2,wk inc flu hosp,2026-05-09,quantile,0.6,36
2026-04-25,47,2,wk inc flu hosp,2026-05-09,quantile,0.65,41
2026-04-25,47,2,wk inc flu hosp,2026-05-09,quantile,0.7,43
2026-04-25,47,2,wk inc flu hosp,2026-05-09,quantile,0.75,46
2026-04-25,47,2,wk inc flu hosp,2026-05-09,quantile,0.8,50
2026-04-25,47,2,wk inc flu hosp,2026-05-09,quantile,0.85,55
2026-04-25,47,2,wk inc flu hosp,2026-05-09,quantile,0.9,60
2026-04-25,47,2,wk inc flu hosp,2026-05-09,quantile,0.95,72
2026-04-25,47,2,wk inc flu hosp,2026-05-09,quantile,0.975,85
2026-04-25,47,2,wk inc flu hosp,2026-05-09,quantile,0.99,104
2026-04-25,47,3,wk inc flu hosp,2026-05-16,quantile,0.01,0
2026-04-25,47,3,wk inc flu hosp,2026-05-16,quantile,0.025,1
2026-04-25,47,3,wk inc flu hosp,2026-05-16,quantile,0.05,3
2026-04-25,47,3,wk inc flu hosp,2026-05-16,quantile,0.1,7
2026-04-25,47,3,wk inc flu hosp,2026-05-16,quantile,0.15,8
2026-04-25,47,3,wk inc flu hosp,2026-05-16,quantile,0.2,11
2026-04-25,47,3,wk inc flu hosp,2026-05-16,quantile,0.25,13
2026-04-25,47,3,wk inc flu hosp,2026-05-16,quantile,0.3,16
2026-04-25,47,3,wk inc flu hosp,2026-05-16,quantile,0.35,18
2026-04-25,47,3,wk inc flu hosp,2026-05-16,quantile,0.4,21
2026-04-25,47,3,wk inc flu hosp,2026-05-16,quantile,0.45,23
2026-04-25,47,3,wk inc flu hosp,2026-05-16,quantile,0.5,27
2026-04-25,47,3,wk inc flu hosp,2026-05-16,quantile,0.55,31
2026-04-25,47,3,wk inc flu hosp,2026-05-16,quantile,0.6,35
2026-04-25,47,3,wk inc flu hosp,2026-05-16,quantile,0.65,38
2026-04-25,47,3,wk inc flu hosp,2026-05-16,quantile,0.7,41
2026-04-25,47,3,wk inc flu hosp,2026-05-16,quantile,0.75,44
2026-04-25,47,3,wk inc flu hosp,2026-05-16,quantile,0.8,47
2026-04-25,47,3,wk inc flu hosp,2026-05-16,quantile,0.85,52
2026-04-25,47,3,wk inc flu hosp,2026-05-16,quantile,0.9,59
2026-04-25,47,3,wk inc flu hosp,2026-05-16,quantile,0.95,72
2026-04-25,47,3,wk inc flu hosp,2026-05-16,quantile,0.975,89
2026-04-25,47,3,wk inc flu hosp,2026-05-16,quantile,0.99,109
2026-04-25,48,0,wk inc flu hosp,2026-04-25,quantile,0.01,18
2026-04-25,48,0,wk inc flu hosp,2026-04-25,quantile,0.025,25
2026-04-25,48,0,wk inc flu hosp,2026-04-25,quantile,0.05,29
2026-04-25,48,0,wk inc flu hosp,2026-04-25,quantile,0.1,41
2026-04-25,48,0,wk inc flu hosp,2026-04-25,quantile,0.15,50
2026-04-25,48,0,wk inc flu hosp,2026-04-25,quantile,0.2,59
2026-04-25,48,0,wk inc flu hosp,2026-04-25,quantile,0.25,68
2026-04-25,48,0,wk inc flu hosp,2026-04-25,quantile,0.3,76
2026-04-25,48,0,wk inc flu hosp,2026-04-25,quantile,0.35,82
2026-04-25,48,0,wk inc flu hosp,2026-04-25,quantile,0.4,87
2026-04-25,48,0,wk inc flu hosp,2026-04-25,quantile,0.45,94
2026-04-25,48,0,wk inc flu hosp,2026-04-25,quantile,0.5,106
2026-04-25,48,0,wk inc flu hosp,2026-04-25,quantile,0.55,112
2026-04-25,48,0,wk inc flu hosp,2026-04-25,quantile,0.6,116
2026-04-25,48,0,wk inc flu hosp,2026-04-25,quantile,0.65,124
2026-04-25,48,0,wk inc flu hosp,2026-04-25,quantile,0.7,132
2026-04-25,48,0,wk inc flu hosp,2026-04-25,quantile,0.75,139
2026-04-25,48,0,wk inc flu hosp,2026-04-25,quantile,0.8,145
2026-04-25,48,0,wk inc flu hosp,2026-04-25,quantile,0.85,161
2026-04-25,48,0,wk inc flu hosp,2026-04-25,quantile,0.9,180
2026-04-25,48,0,wk inc flu hosp,2026-04-25,quantile,0.95,209
2026-04-25,48,0,wk inc flu hosp,2026-04-25,quantile,0.975,232
2026-04-25,48,0,wk inc flu hosp,2026-04-25,quantile,0.99,278
2026-04-25,48,1,wk inc flu hosp,2026-05-02,quantile,0.01,7
2026-04-25,48,1,wk inc flu hosp,2026-05-02,quantile,0.025,12
2026-04-25,48,1,wk inc flu hosp,2026-05-02,quantile,0.05,20
2026-04-25,48,1,wk inc flu hosp,2026-05-02,quantile,0.1,23
2026-04-25,48,1,wk inc flu hosp,2026-05-02,quantile,0.15,37
2026-04-25,48,1,wk inc flu hosp,2026-05-02,quantile,0.2,51
2026-04-25,48,1,wk inc flu hosp,2026-05-02,quantile,0.25,59
2026-04-25,48,1,wk inc flu hosp,2026-05-02,quantile,0.3,64
2026-04-25,48,1,wk inc flu hosp,2026-05-02,quantile,0.35,70
2026-04-25,48,1,wk inc flu hosp,2026-05-02,quantile,0.4,76
2026-04-25,48,1,wk inc flu hosp,2026-05-02,quantile,0.45,83
2026-04-25,48,1,wk inc flu hosp,2026-05-02,quantile,0.5,94
2026-04-25,48,1,wk inc flu hosp,2026-05-02,quantile,0.55,103
2026-04-25,48,1,wk inc flu hosp,2026-05-02,quantile,0.6,109
2026-04-25,48,1,wk inc flu hosp,2026-05-02,quantile,0.65,120
2026-04-25,48,1,wk inc flu hosp,2026-05-02,quantile,0.7,129
2026-04-25,48,1,wk inc flu hosp,2026-05-02,quantile,0.75,135
2026-04-25,48,1,wk inc flu hosp,2026-05-02,quantile,0.8,149
2026-04-25,48,1,wk inc flu hosp,2026-05-02,quantile,0.85,163
2026-04-25,48,1,wk inc flu hosp,2026-05-02,quantile,0.9,180
2026-04-25,48,1,wk inc flu hosp,2026-05-02,quantile,0.95,214
2026-04-25,48,1,wk inc flu hosp,2026-05-02,quantile,0.975,261
2026-04-25,48,1,wk inc flu hosp,2026-05-02,quantile,0.99,303
2026-04-25,48,2,wk inc flu hosp,2026-05-09,quantile,0.01,3
2026-04-25,48,2,wk inc flu hosp,2026-05-09,quantile,0.025,7
2026-04-25,48,2,wk inc flu hosp,2026-05-09,quantile,0.05,13
2026-04-25,48,2,wk inc flu hosp,2026-05-09,quantile,0.1,17
2026-04-25,48,2,wk inc flu hosp,2026-05-09,quantile,0.15,28
2026-04-25,48,2,wk inc flu hosp,2026-05-09,quantile,0.2,36
2026-04-25,48,2,wk inc flu hosp,2026-05-09,quantile,0.25,44
2026-04-25,48,2,wk inc flu hosp,2026-05-09,quantile,0.3,51
2026-04-25,48,2,wk inc flu hosp,2026-05-09,quantile,0.35,58
2026-04-25,48,2,wk inc flu hosp,2026-05-09,quantile,0.4,66
2026-04-25,48,2,wk inc flu hosp,2026-05-09,quantile,0.45,74
2026-04-25,48,2,wk inc flu hosp,2026-05-09,quantile,0.5,82
2026-04-25,48,2,wk inc flu hosp,2026-05-09,quantile,0.55,90
2026-04-25,48,2,wk inc flu hosp,2026-05-09,quantile,0.6,102
2026-04-25,48,2,wk inc flu hosp,2026-05-09,quantile,0.65,112
2026-04-25,48,2,wk inc flu hosp,2026-05-09,quantile,0.7,120
2026-04-25,48,2,wk inc flu hosp,2026-05-09,quantile,0.75,131
2026-04-25,48,2,wk inc flu hosp,2026-05-09,quantile,0.8,146
2026-04-25,48,2,wk inc flu hosp,2026-05-09,quantile,0.85,159
2026-04-25,48,2,wk inc flu hosp,2026-05-09,quantile,0.9,175
2026-04-25,48,2,wk inc flu hosp,2026-05-09,quantile,0.95,221
2026-04-25,48,2,wk inc flu hosp,2026-05-09,quantile,0.975,264
2026-04-25,48,2,wk inc flu hosp,2026-05-09,quantile,0.99,346
2026-04-25,48,3,wk inc flu hosp,2026-05-16,quantile,0.01,1
2026-04-25,48,3,wk inc flu hosp,2026-05-16,quantile,0.025,6
2026-04-25,48,3,wk inc flu hosp,2026-05-16,quantile,0.05,10
2026-04-25,48,3,wk inc flu hosp,2026-05-16,quantile,0.1,18
2026-04-25,48,3,wk inc flu hosp,2026-05-16,quantile,0.15,25
2026-04-25,48,3,wk inc flu hosp,2026-05-16,quantile,0.2,30
2026-04-25,48,3,wk inc flu hosp,2026-05-16,quantile,0.25,38
2026-04-25,48,3,wk inc flu hosp,2026-05-16,quantile,0.3,42
2026-04-25,48,3,wk inc flu hosp,2026-05-16,quantile,0.35,50
2026-04-25,48,3,wk inc flu hosp,2026-05-16,quantile,0.4,61
2026-04-25,48,3,wk inc flu hosp,2026-05-16,quantile,0.45,67
2026-04-25,48,3,wk inc flu hosp,2026-05-16,quantile,0.5,76
2026-04-25,48,3,wk inc flu hosp,2026-05-16,quantile,0.55,85
2026-04-25,48,3,wk inc flu hosp,2026-05-16,quantile,0.6,95
2026-04-25,48,3,wk inc flu hosp,2026-05-16,quantile,0.65,101
2026-04-25,48,3,wk inc flu hosp,2026-05-16,quantile,0.7,112
2026-04-25,48,3,wk inc flu hosp,2026-05-16,quantile,0.75,125
2026-04-25,48,3,wk inc flu hosp,2026-05-16,quantile,0.8,139
2026-04-25,48,3,wk inc flu hosp,2026-05-16,quantile,0.85,154
2026-04-25,48,3,wk inc flu hosp,2026-05-16,quantile,0.9,181
2026-04-25,48,3,wk inc flu hosp,2026-05-16,quantile,0.95,221
2026-04-25,48,3,wk inc flu hosp,2026-05-16,quantile,0.975,281
2026-04-25,48,3,wk inc flu hosp,2026-05-16,quantile,0.99,386
2026-04-25,49,0,wk inc flu hosp,2026-04-25,quantile,0.01,0
2026-04-25,49,0,wk inc flu hosp,2026-04-25,quantile,0.025,0
2026-04-25,49,0,wk inc flu hosp,2026-04-25,quantile,0.05,0
2026-04-25,49,0,wk inc flu hosp,2026-04-25,quantile,0.1,1
2026-04-25,49,0,wk inc flu hosp,2026-04-25,quantile,0.15,1
2026-04-25,49,0,wk inc flu hosp,2026-04-25,quantile,0.2,1
2026-04-25,49,0,wk inc flu hosp,2026-04-25,quantile,0.25,2
2026-04-25,49,0,wk inc flu hosp,2026-04-25,quantile,0.3,2
2026-04-25,49,0,wk inc flu hosp,2026-04-25,quantile,0.35,3
2026-04-25,49,0,wk inc flu hosp,2026-04-25,quantile,0.4,3
2026-04-25,49,0,wk inc flu hosp,2026-04-25,quantile,0.45,4
2026-04-25,49,0,wk inc flu hosp,2026-04-25,quantile,0.5,4
2026-04-25,49,0,wk inc flu hosp,2026-04-25,quantile,0.55,5
2026-04-25,49,0,wk inc flu hosp,2026-04-25,quantile,0.6,5
2026-04-25,49,0,wk inc flu hosp,2026-04-25,quantile,0.65,6
2026-04-25,49,0,wk inc flu hosp,2026-04-25,quantile,0.7,6
2026-04-25,49,0,wk inc flu hosp,2026-04-25,quantile,0.75,7
2026-04-25,49,0,wk inc flu hosp,2026-04-25,quantile,0.8,8
2026-04-25,49,0,wk inc flu hosp,2026-04-25,quantile,0.85,10
2026-04-25,49,0,wk inc flu hosp,2026-04-25,quantile,0.9,12
2026-04-25,49,0,wk inc flu hosp,2026-04-25,quantile,0.95,14
2026-04-25,49,0,wk inc flu hosp,2026-04-25,quantile,0.975,17
2026-04-25,49,0,wk inc flu hosp,2026-04-25,quantile,0.99,20
2026-04-25,49,1,wk inc flu hosp,2026-05-02,quantile,0.01,0
2026-04-25,49,1,wk inc flu hosp,2026-05-02,quantile,0.025,0
2026-04-25,49,1,wk inc flu hosp,2026-05-02,quantile,0.05,0
2026-04-25,49,1,wk inc flu hosp,2026-05-02,quantile,0.1,0
2026-04-25,49,1,wk inc flu hosp,2026-05-02,quantile,0.15,1
2026-04-25,49,1,wk inc flu hosp,2026-05-02,quantile,0.2,1
2026-04-25,49,1,wk inc flu hosp,2026-05-02,quantile,0.25,1
2026-04-25,49,1,wk inc flu hosp,2026-05-02,quantile,0.3,1
2026-04-25,49,1,wk inc flu hosp,2026-05-02,quantile,0.35,2
2026-04-25,49,1,wk inc flu hosp,2026-05-02,quantile,0.4,2
2026-04-25,49,1,wk inc flu hosp,2026-05-02,quantile,0.45,3
2026-04-25,49,1,wk inc flu hosp,2026-05-02,quantile,0.5,4
2026-04-25,49,1,wk inc flu hosp,2026-05-02,quantile,0.55,4
2026-04-25,49,1,wk inc flu hosp,2026-05-02,quantile,0.6,5
2026-04-25,49,1,wk inc flu hosp,2026-05-02,quantile,0.65,5
2026-04-25,49,1,wk inc flu hosp,2026-05-02,quantile,0.7,6
2026-04-25,49,1,wk inc flu hosp,2026-05-02,quantile,0.75,7
2026-04-25,49,1,wk inc flu hosp,2026-05-02,quantile,0.8,8
2026-04-25,49,1,wk inc flu hosp,2026-05-02,quantile,0.85,9
2026-04-25,49,1,wk inc flu hosp,2026-05-02,quantile,0.9,11
2026-04-25,49,1,wk inc flu hosp,2026-05-02,quantile,0.95,13
2026-04-25,49,1,wk inc flu hosp,2026-05-02,quantile,0.975,17
2026-04-25,49,1,wk inc flu hosp,2026-05-02,quantile,0.99,23
2026-04-25,49,2,wk inc flu hosp,2026-05-09,quantile,0.01,0
2026-04-25,49,2,wk inc flu hosp,2026-05-09,quantile,0.025,0
2026-04-25,49,2,wk inc flu hosp,2026-05-09,quantile,0.05,0
2026-04-25,49,2,wk inc flu hosp,2026-05-09,quantile,0.1,0
2026-04-25,49,2,wk inc flu hosp,2026-05-09,quantile,0.15,0
2026-04-25,49,2,wk inc flu hosp,2026-05-09,quantile,0.2,1
2026-04-25,49,2,wk inc flu hosp,2026-05-09,quantile,0.25,1
2026-04-25,49,2,wk inc flu hosp,2026-05-09,quantile,0.3,1
2026-04-25,49,2,wk inc flu hosp,2026-05-09,quantile,0.35,1
2026-04-25,49,2,wk inc flu hosp,2026-05-09,quantile,0.4,2
2026-04-25,49,2,wk inc flu hosp,2026-05-09,quantile,0.45,2
2026-04-25,49,2,wk inc flu hosp,2026-05-09,quantile,0.5,3
2026-04-25,49,2,wk inc flu hosp,2026-05-09,quantile,0.55,4
2026-04-25,49,2,wk inc flu hosp,2026-05-09,quantile,0.6,4
2026-04-25,49,2,wk inc flu hosp,2026-05-09,quantile,0.65,5
2026-04-25,49,2,wk inc flu hosp,2026-05-09,quantile,0.7,6
2026-04-25,49,2,wk inc flu hosp,2026-05-09,quantile,0.75,6
2026-04-25,49,2,wk inc flu hosp,2026-05-09,quantile,0.8,7
2026-04-25,49,2,wk inc flu hosp,2026-05-09,quantile,0.85,8
2026-04-25,49,2,wk inc flu hosp,2026-05-09,quantile,0.9,10
2026-04-25,49,2,wk inc flu hosp,2026-05-09,quantile,0.95,14
2026-04-25,49,2,wk inc flu hosp,2026-05-09,quantile,0.975,17
2026-04-25,49,2,wk inc flu hosp,2026-05-09,quantile,0.99,23
2026-04-25,49,3,wk inc flu hosp,2026-05-16,quantile,0.01,0
2026-04-25,49,3,wk inc flu hosp,2026-05-16,quantile,0.025,0
2026-04-25,49,3,wk inc flu hosp,2026-05-16,quantile,0.05,0
2026-04-25,49,3,wk inc flu hosp,2026-05-16,quantile,0.1,0
2026-04-25,49,3,wk inc flu hosp,2026-05-16,quantile,0.15,0
2026-04-25,49,3,wk inc flu hosp,2026-05-16,quantile,0.2,0
2026-04-25,49,3,wk inc flu hosp,2026-05-16,quantile,0.25,1
2026-04-25,49,3,wk inc flu hosp,2026-05-16,quantile,0.3,1
2026-04-25,49,3,wk inc flu hosp,2026-05-16,quantile,0.35,1
2026-04-25,49,3,wk inc flu hosp,2026-05-16,quantile,0.4,2
2026-04-25,49,3,wk inc flu hosp,2026-05-16,quantile,0.45,2
2026-04-25,49,3,wk inc flu hosp,2026-05-16,quantile,0.5,3
2026-04-25,49,3,wk inc flu hosp,2026-05-16,quantile,0.55,4
2026-04-25,49,3,wk inc flu hosp,2026-05-16,quantile,0.6,4
2026-04-25,49,3,wk inc flu hosp,2026-05-16,quantile,0.65,5
2026-04-25,49,3,wk inc flu hosp,2026-05-16,quantile,0.7,5
2026-04-25,49,3,wk inc flu hosp,2026-05-16,quantile,0.75,6
2026-04-25,49,3,wk inc flu hosp,2026-05-16,quantile,0.8,7
2026-04-25,49,3,wk inc flu hosp,2026-05-16,quantile,0.85,8
2026-04-25,49,3,wk inc flu hosp,2026-05-16,quantile,0.9,10
2026-04-25,49,3,wk inc flu hosp,2026-05-16,quantile,0.95,14
2026-04-25,49,3,wk inc flu hosp,2026-05-16,quantile,0.975,18
2026-04-25,49,3,wk inc flu hosp,2026-05-16,quantile,0.99,24
2026-04-25,50,0,wk inc flu hosp,2026-04-25,quantile,0.01,0
2026-04-25,50,0,wk inc flu hosp,2026-04-25,quantile,0.025,0
2026-04-25,50,0,wk inc flu hosp,2026-04-25,quantile,0.05,0
2026-04-25,50,0,wk inc flu hosp,2026-04-25,quantile,0.1,0
2026-04-25,50,0,wk inc flu hosp,2026-04-25,quantile,0.15,0
2026-04-25,50,0,wk inc flu hosp,2026-04-25,quantile,0.2,1
2026-04-25,50,0,wk inc flu hosp,2026-04-25,quantile,0.25,1
2026-04-25,50,0,wk inc flu hosp,2026-04-25,quantile,0.3,1
2026-04-25,50,0,wk inc flu hosp,2026-04-25,quantile,0.35,1
2026-04-25,50,0,wk inc flu hosp,2026-04-25,quantile,0.4,2
2026-04-25,50,0,wk inc flu hosp,2026-04-25,quantile,0.45,2
2026-04-25,50,0,wk inc flu hosp,2026-04-25,quantile,0.5,2
2026-04-25,50,0,wk inc flu hosp,2026-04-25,quantile,0.55,3
2026-04-25,50,0,wk inc flu hosp,2026-04-25,quantile,0.6,3
2026-04-25,50,0,wk inc flu hosp,2026-04-25,quantile,0.65,3
2026-04-25,50,0,wk inc flu hosp,2026-04-25,quantile,0.7,4
2026-04-25,50,0,wk inc flu hosp,2026-04-25,quantile,0.75,4
2026-04-25,50,0,wk inc flu hosp,2026-04-25,quantile,0.8,4
2026-04-25,50,0,wk inc flu hosp,2026-04-25,quantile,0.85,5
2026-04-25,50,0,wk inc flu hosp,2026-04-25,quantile,0.9,6
2026-04-25,50,0,wk inc flu hosp,2026-04-25,quantile,0.95,7
2026-04-25,50,0,wk inc flu hosp,2026-04-25,quantile,0.975,8
2026-04-25,50,0,wk inc flu hosp,2026-04-25,quantile,0.99,10
2026-04-25,50,1,wk inc flu hosp,2026-05-02,quantile,0.01,0
2026-04-25,50,1,wk inc flu hosp,2026-05-02,quantile,0.025,0
2026-04-25,50,1,wk inc flu hosp,2026-05-02,quantile,0.05,0
2026-04-25,50,1,wk inc flu hosp,2026-05-02,quantile,0.1,0
2026-04-25,50,1,wk inc flu hosp,2026-05-02,quantile,0.15,0
2026-04-25,50,1,wk inc flu hosp,2026-05-02,quantile,0.2,0
2026-04-25,50,1,wk inc flu hosp,2026-05-02,quantile,0.25,0
2026-04-25,50,1,wk inc flu hosp,2026-05-02,quantile,0.3,0
2026-04-25,50,1,wk inc flu hosp,2026-05-02,quantile,0.35,1
2026-04-25,50,1,wk inc flu hosp,2026-05-02,quantile,0.4,1
2026-04-25,50,1,wk inc flu hosp,2026-05-02,quantile,0.45,1
2026-04-25,50,1,wk inc flu hosp,2026-05-02,quantile,0.5,2
2026-04-25,50,1,wk inc flu hosp,2026-05-02,quantile,0.55,2
2026-04-25,50,1,wk inc flu hosp,2026-05-02,quantile,0.6,3
2026-04-25,50,1,wk inc flu hosp,2026-05-02,quantile,0.65,3
2026-04-25,50,1,wk inc flu hosp,2026-05-02,quantile,0.7,3
2026-04-25,50,1,wk inc flu hosp,2026-05-02,quantile,0.75,4
2026-04-25,50,1,wk inc flu hosp,2026-05-02,quantile,0.8,4
2026-04-25,50,1,wk inc flu hosp,2026-05-02,quantile,0.85,5
2026-04-25,50,1,wk inc flu hosp,2026-05-02,quantile,0.9,6
2026-04-25,50,1,wk inc flu hosp,2026-05-02,quantile,0.95,7
2026-04-25,50,1,wk inc flu hosp,2026-05-02,quantile,0.975,9
2026-04-25,50,1,wk inc flu hosp,2026-05-02,quantile,0.99,12
2026-04-25,50,2,wk inc flu hosp,2026-05-09,quantile,0.01,0
2026-04-25,50,2,wk inc flu hosp,2026-05-09,quantile,0.025,0
2026-04-25,50,2,wk inc flu hosp,2026-05-09,quantile,0.05,0
2026-04-25,50,2,wk inc flu hosp,2026-05-09,quantile,0.1,0
2026-04-25,50,2,wk inc flu hosp,2026-05-09,quantile,0.15,0
2026-04-25,50,2,wk inc flu hosp,2026-05-09,quantile,0.2,0
2026-04-25,50,2,wk inc flu hosp,2026-05-09,quantile,0.25,0
2026-04-25,50,2,wk inc flu hosp,2026-05-09,quantile,0.3,0
2026-04-25,50,2,wk inc flu hosp,2026-05-09,quantile,0.35,0
2026-04-25,50,2,wk inc flu hosp,2026-05-09,quantile,0.4,0
2026-04-25,50,2,wk inc flu hosp,2026-05-09,quantile,0.45,1
2026-04-25,50,2,wk inc flu hosp,2026-05-09,quantile,0.5,2
2026-04-25,50,2,wk inc flu hosp,2026-05-09,quantile,0.55,2
2026-04-25,50,2,wk inc flu hosp,2026-05-09,quantile,0.6,2
2026-04-25,50,2,wk inc flu hosp,2026-05-09,quantile,0.65,3
2026-04-25,50,2,wk inc flu hosp,2026-05-09,quantile,0.7,3
2026-04-25,50,2,wk inc flu hosp,2026-05-09,quantile,0.75,4
2026-04-25,50,2,wk inc flu hosp,2026-05-09,quantile,0.8,4
2026-04-25,50,2,wk inc flu hosp,2026-05-09,quantile,0.85,5
2026-04-25,50,2,wk inc flu hosp,2026-05-09,quantile,0.9,6
2026-04-25,50,2,wk inc flu hosp,2026-05-09,quantile,0.95,8
2026-04-25,50,2,wk inc flu hosp,2026-05-09,quantile,0.975,10
2026-04-25,50,2,wk inc flu hosp,2026-05-09,quantile,0.99,14
2026-04-25,50,3,wk inc flu hosp,2026-05-16,quantile,0.01,0
2026-04-25,50,3,wk inc flu hosp,2026-05-16,quantile,0.025,0
2026-04-25,50,3,wk inc flu hosp,2026-05-16,quantile,0.05,0
2026-04-25,50,3,wk inc flu hosp,2026-05-16,quantile,0.1,0
2026-04-25,50,3,wk inc flu hosp,2026-05-16,quantile,0.15,0
2026-04-25,50,3,wk inc flu hosp,2026-05-16,quantile,0.2,0
2026-04-25,50,3,wk inc flu hosp,2026-05-16,quantile,0.25,0
2026-04-25,50,3,wk inc flu hosp,2026-05-16,quantile,0.3,0
2026-04-25,50,3,wk inc flu hosp,2026-05-16,quantile,0.35,0
2026-04-25,50,3,wk inc flu hosp,2026-05-16,quantile,0.4,0
2026-04-25,50,3,wk inc flu hosp,2026-05-16,quantile,0.45,1
2026-04-25,50,3,wk inc flu hosp,2026-05-16,quantile,0.5,1
2026-04-25,50,3,wk inc flu hosp,2026-05-16,quantile,0.55,2
2026-04-25,50,3,wk inc flu hosp,2026-05-16,quantile,0.6,2
2026-04-25,50,3,wk inc flu hosp,2026-05-16,quantile,0.65,2
2026-04-25,50,3,wk inc flu hosp,2026-05-16,quantile,0.7,3
2026-04-25,50,3,wk inc flu hosp,2026-05-16,quantile,0.75,3
2026-04-25,50,3,wk inc flu hosp,2026-05-16,quantile,0.8,4
2026-04-25,50,3,wk inc flu hosp,2026-05-16,quantile,0.85,5
2026-04-25,50,3,wk inc flu hosp,2026-05-16,quantile,0.9,7
2026-04-25,50,3,wk inc flu hosp,2026-05-16,quantile,0.95,8
2026-04-25,50,3,wk inc flu hosp,2026-05-16,quantile,0.975,11
2026-04-25,50,3,wk inc flu hosp,2026-05-16,quantile,0.99,14
2026-04-25,51,0,wk inc flu hosp,2026-04-25,quantile,0.01,0
2026-04-25,51,0,wk inc flu hosp,2026-04-25,quantile,0.025,0
2026-04-25,51,0,wk inc flu hosp,2026-04-25,quantile,0.05,1
2026-04-25,51,0,wk inc flu hosp,2026-04-25,quantile,0.1,3
2026-04-25,51,0,wk inc flu hosp,2026-04-25,quantile,0.15,5
2026-04-25,51,0,wk inc flu hosp,2026-04-25,quantile,0.2,5
2026-04-25,51,0,wk inc flu hosp,2026-04-25,quantile,0.25,6
2026-04-25,51,0,wk inc flu hosp,2026-04-25,quantile,0.3,7
2026-04-25,51,0,wk inc flu hosp,2026-04-25,quantile,0.35,8
2026-04-25,51,0,wk inc flu hosp,2026-04-25,quantile,0.4,10
2026-04-25,51,0,wk inc flu hosp,2026-04-25,quantile,0.45,10
2026-04-25,51,0,wk inc flu hosp,2026-04-25,quantile,0.5,12
2026-04-25,51,0,wk inc flu hosp,2026-04-25,quantile,0.55,14
2026-04-25,51,0,wk inc flu hosp,2026-04-25,quantile,0.6,16
2026-04-25,51,0,wk inc flu hosp,2026-04-25,quantile,0.65,17
2026-04-25,51,0,wk inc flu hosp,2026-04-25,quantile,0.7,18
2026-04-25,51,0,wk inc flu hosp,2026-04-25,quantile,0.75,19
2026-04-25,51,0,wk inc flu hosp,2026-04-25,quantile,0.8,22
2026-04-25,51,0,wk inc flu hosp,2026-04-25,quantile,0.85,25
2026-04-25,51,0,wk inc flu hosp,2026-04-25,quantile,0.9,29
2026-04-25,51,0,wk inc flu hosp,2026-04-25,quantile,0.95,35
2026-04-25,51,0,wk inc flu hosp,2026-04-25,quantile,0.975,42
2026-04-25,51,0,wk inc flu hosp,2026-04-25,quantile,0.99,54
2026-04-25,51,1,wk inc flu hosp,2026-05-02,quantile,0.01,0
2026-04-25,51,1,wk inc flu hosp,2026-05-02,quantile,0.025,0
2026-04-25,51,1,wk inc flu hosp,2026-05-02,quantile,0.05,0
2026-04-25,51,1,wk inc flu hosp,2026-05-02,quantile,0.1,2
2026-04-25,51,1,wk inc flu hosp,2026-05-02,quantile,0.15,3
2026-04-25,51,1,wk inc flu hosp,2026-05-02,quantile,0.2,4
2026-04-25,51,1,wk inc flu hosp,2026-05-02,quantile,0.25,5
2026-04-25,51,1,wk inc flu hosp,2026-05-02,quantile,0.3,6
2026-04-25,51,1,wk inc flu hosp,2026-05-02,quantile,0.35,7
2026-04-25,51,1,wk inc flu hosp,2026-05-02,quantile,0.4,8
2026-04-25,51,1,wk inc flu hosp,2026-05-02,quantile,0.45,9
2026-04-25,51,1,wk inc flu hosp,2026-05-02,quantile,0.5,11
2026-04-25,51,1,wk inc flu hosp,2026-05-02,quantile,0.55,12
2026-04-25,51,1,wk inc flu hosp,2026-05-02,quantile,0.6,14
2026-04-25,51,1,wk inc flu hosp,2026-05-02,quantile,0.65,16
2026-04-25,51,1,wk inc flu hosp,2026-05-02,quantile,0.7,17
2026-04-25,51,1,wk inc flu hosp,2026-05-02,quantile,0.75,18
2026-04-25,51,1,wk inc flu hosp,2026-05-02,quantile,0.8,20
2026-04-25,51,1,wk inc flu hosp,2026-05-02,quantile,0.85,23
2026-04-25,51,1,wk inc flu hosp,2026-05-02,quantile,0.9,26
2026-04-25,51,1,wk inc flu hosp,2026-05-02,quantile,0.95,34
2026-04-25,51,1,wk inc flu hosp,2026-05-02,quantile,0.975,47
2026-04-25,51,1,wk inc flu hosp,2026-05-02,quantile,0.99,60
2026-04-25,51,2,wk inc flu hosp,2026-05-09,quantile,0.01,0
2026-04-25,51,2,wk inc flu hosp,2026-05-09,quantile,0.025,0
2026-04-25,51,2,wk inc flu hosp,2026-05-09,quantile,0.05,0
2026-04-25,51,2,wk inc flu hosp,2026-05-09,quantile,0.1,1
2026-04-25,51,2,wk inc flu hosp,2026-05-09,quantile,0.15,2
2026-04-25,51,2,wk inc flu hosp,2026-05-09,quantile,0.2,3
2026-04-25,51,2,wk inc flu hosp,2026-05-09,quantile,0.25,4
2026-04-25,51,2,wk inc flu hosp,2026-05-09,quantile,0.3,5
2026-04-25,51,2,wk inc flu hosp,2026-05-09,quantile,0.35,6
2026-04-25,51,2,wk inc flu hosp,2026-05-09,quantile,0.4,7
2026-04-25,51,2,wk inc flu hosp,2026-05-09,quantile,0.45,8
2026-04-25,51,2,wk inc flu hosp,2026-05-09,quantile,0.5,10
2026-04-25,51,2,wk inc flu hosp,2026-05-09,quantile,0.55,11
2026-04-25,51,2,wk inc flu hosp,2026-05-09,quantile,0.6,13
2026-04-25,51,2,wk inc flu hosp,2026-05-09,quantile,0.65,14
2026-04-25,51,2,wk inc flu hosp,2026-05-09,quantile,0.7,15
2026-04-25,51,2,wk inc flu hosp,2026-05-09,quantile,0.75,17
2026-04-25,51,2,wk inc flu hosp,2026-05-09,quantile,0.8,18
2026-04-25,51,2,wk inc flu hosp,2026-05-09,quantile,0.85,21
2026-04-25,51,2,wk inc flu hosp,2026-05-09,quantile,0.9,23
2026-04-25,51,2,wk inc flu hosp,2026-05-09,quantile,0.95,36
2026-04-25,51,2,wk inc flu hosp,2026-05-09,quantile,0.975,45
2026-04-25,51,2,wk inc flu hosp,2026-05-09,quantile,0.99,62
2026-04-25,51,3,wk inc flu hosp,2026-05-16,quantile,0.01,0
2026-04-25,51,3,wk inc flu hosp,2026-05-16,quantile,0.025,0
2026-04-25,51,3,wk inc flu hosp,2026-05-16,quantile,0.05,0
2026-04-25,51,3,wk inc flu hosp,2026-05-16,quantile,0.1,0
2026-04-25,51,3,wk inc flu hosp,2026-05-16,quantile,0.15,2
2026-04-25,51,3,wk inc flu hosp,2026-05-16,quantile,0.2,2
2026-04-25,51,3,wk inc flu hosp,2026-05-16,quantile,0.25,3
2026-04-25,51,3,wk inc flu hosp,2026-05-16,quantile,0.3,4
2026-04-25,51,3,wk inc flu hosp,2026-05-16,quantile,0.35,5
2026-04-25,51,3,wk inc flu hosp,2026-05-16,quantile,0.4,6
2026-04-25,51,3,wk inc flu hosp,2026-05-16,quantile,0.45,7
2026-04-25,51,3,wk inc flu hosp,2026-05-16,quantile,0.5,9
2026-04-25,51,3,wk inc flu hosp,2026-05-16,quantile,0.55,10
2026-04-25,51,3,wk inc flu hosp,2026-05-16,quantile,0.6,11
2026-04-25,51,3,wk inc flu hosp,2026-05-16,quantile,0.65,13
2026-04-25,51,3,wk inc flu hosp,2026-05-16,quantile,0.7,14
2026-04-25,51,3,wk inc flu hosp,2026-05-16,quantile,0.75,16
2026-04-25,51,3,wk inc flu hosp,2026-05-16,quantile,0.8,17
2026-04-25,51,3,wk inc flu hosp,2026-05-16,quantile,0.85,20
2026-04-25,51,3,wk inc flu hosp,2026-05-16,quantile,0.9,25
2026-04-25,51,3,wk inc flu hosp,2026-05-16,quantile,0.95,35
2026-04-25,51,3,wk inc flu hosp,2026-05-16,quantile,0.975,49
2026-04-25,51,3,wk inc flu hosp,2026-05-16,quantile,0.99,71
2026-04-25,53,0,wk inc flu hosp,2026-04-25,quantile,0.01,5
2026-04-25,53,0,wk inc flu hosp,2026-04-25,quantile,0.025,9
2026-04-25,53,0,wk inc flu hosp,2026-04-25,quantile,0.05,12
2026-04-25,53,0,wk inc flu hosp,2026-04-25,quantile,0.1,15
2026-04-25,53,0,wk inc flu hosp,2026-04-25,quantile,0.15,18
2026-04-25,53,0,wk inc flu hosp,2026-04-25,quantile,0.2,20
2026-04-25,53,0,wk inc flu hosp,2026-04-25,quantile,0.25,21
2026-04-25,53,0,wk inc flu hosp,2026-04-25,quantile,0.3,24
2026-04-25,53,0,wk inc flu hosp,2026-04-25,quantile,0.35,27
2026-04-25,53,0,wk inc flu hosp,2026-04-25,quantile,0.4,28
2026-04-25,53,0,wk inc flu hosp,2026-04-25,quantile,0.45,29
2026-04-25,53,0,wk inc flu hosp,2026-04-25,quantile,0.5,32
2026-04-25,53,0,wk inc flu hosp,2026-04-25,quantile,0.55,34
2026-04-25,53,0,wk inc flu hosp,2026-04-25,quantile,0.6,35
2026-04-25,53,0,wk inc flu hosp,2026-04-25,quantile,0.65,37
2026-04-25,53,0,wk inc flu hosp,2026-04-25,quantile,0.7,40
2026-04-25,53,0,wk inc flu hosp,2026-04-25,quantile,0.75,42
2026-04-25,53,0,wk inc flu hosp,2026-04-25,quantile,0.8,44
2026-04-25,53,0,wk inc flu hosp,2026-04-25,quantile,0.85,48
2026-04-25,53,0,wk inc flu hosp,2026-04-25,quantile,0.9,52
2026-04-25,53,0,wk inc flu hosp,2026-04-25,quantile,0.95,61
2026-04-25,53,0,wk inc flu hosp,2026-04-25,quantile,0.975,69
2026-04-25,53,0,wk inc flu hosp,2026-04-25,quantile,0.99,81
2026-04-25,53,1,wk inc flu hosp,2026-05-02,quantile,0.01,2
2026-04-25,53,1,wk inc flu hosp,2026-05-02,quantile,0.025,3
2026-04-25,53,1,wk inc flu hosp,2026-05-02,quantile,0.05,6
2026-04-25,53,1,wk inc flu hosp,2026-05-02,quantile,0.1,9
2026-04-25,53,1,wk inc flu hosp,2026-05-02,quantile,0.15,13
2026-04-25,53,1,wk inc flu hosp,2026-05-02,quantile,0.2,14
2026-04-25,53,1,wk inc flu hosp,2026-05-02,quantile,0.25,16
2026-04-25,53,1,wk inc flu hosp,2026-05-02,quantile,0.3,19
2026-04-25,53,1,wk inc flu hosp,2026-05-02,quantile,0.35,21
2026-04-25,53,1,wk inc flu hosp,2026-05-02,quantile,0.4,23
2026-04-25,53,1,wk inc flu hosp,2026-05-02,quantile,0.45,25
2026-04-25,53,1,wk inc flu hosp,2026-05-02,quantile,0.5,28
2026-04-25,53,1,wk inc flu hosp,2026-05-02,quantile,0.55,30
2026-04-25,53,1,wk inc flu hosp,2026-05-02,quantile,0.6,32
2026-04-25,53,1,wk inc flu hosp,2026-05-02,quantile,0.65,34
2026-04-25,53,1,wk inc flu hosp,2026-05-02,quantile,0.7,36
2026-04-25,53,1,wk inc flu hosp,2026-05-02,quantile,0.75,39
2026-04-25,53,1,wk inc flu hosp,2026-05-02,quantile,0.8,42
2026-04-25,53,1,wk inc flu hosp,2026-05-02,quantile,0.85,45
2026-04-25,53,1,wk inc flu hosp,2026-05-02,quantile,0.9,52
2026-04-25,53,1,wk inc flu hosp,2026-05-02,quantile,0.95,60
2026-04-25,53,1,wk inc flu hosp,2026-05-02,quantile,0.975,70
2026-04-25,53,1,wk inc flu hosp,2026-05-02,quantile,0.99,86
2026-04-25,53,2,wk inc flu hosp,2026-05-09,quantile,0.01,0
2026-04-25,53,2,wk inc flu hosp,2026-05-09,quantile,0.025,1
2026-04-25,53,2,wk inc flu hosp,2026-05-09,quantile,0.05,3
2026-04-25,53,2,wk inc flu hosp,2026-05-09,quantile,0.1,7
2026-04-25,53,2,wk inc flu hosp,2026-05-09,quantile,0.15,8
2026-04-25,53,2,wk inc flu hosp,2026-05-09,quantile,0.2,11
2026-04-25,53,2,wk inc flu hosp,2026-05-09,quantile,0.25,14
2026-04-25,53,2,wk inc flu hosp,2026-05-09,quantile,0.3,15
2026-04-25,53,2,wk inc flu hosp,2026-05-09,quantile,0.35,16
2026-04-25,53,2,wk inc flu hosp,2026-05-09,quantile,0.4,18
2026-04-25,53,2,wk inc flu hosp,2026-05-09,quantile,0.45,20
2026-04-25,53,2,wk inc flu hosp,2026-05-09,quantile,0.5,24
2026-04-25,53,2,wk inc flu hosp,2026-05-09,quantile,0.55,27
2026-04-25,53,2,wk inc flu hosp,2026-05-09,quantile,0.6,29
2026-04-25,53,2,wk inc flu hosp,2026-05-09,quantile,0.65,31
2026-04-25,53,2,wk inc flu hosp,2026-05-09,quantile,0.7,34
2026-04-25,53,2,wk inc flu hosp,2026-05-09,quantile,0.75,37
2026-04-25,53,2,wk inc flu hosp,2026-05-09,quantile,0.8,40
2026-04-25,53,2,wk inc flu hosp,2026-05-09,quantile,0.85,44
2026-04-25,53,2,wk inc flu hosp,2026-05-09,quantile,0.9,52
2026-04-25,53,2,wk inc flu hosp,2026-05-09,quantile,0.95,64
2026-04-25,53,2,wk inc flu hosp,2026-05-09,quantile,0.975,75
2026-04-25,53,2,wk inc flu hosp,2026-05-09,quantile,0.99,99
2026-04-25,53,3,wk inc flu hosp,2026-05-16,quantile,0.01,0
2026-04-25,53,3,wk inc flu hosp,2026-05-16,quantile,0.025,0
2026-04-25,53,3,wk inc flu hosp,2026-05-16,quantile,0.05,2
2026-04-25,53,3,wk inc flu hosp,2026-05-16,quantile,0.1,5
2026-04-25,53,3,wk inc flu hosp,2026-05-16,quantile,0.15,6
2026-04-25,53,3,wk inc flu hosp,2026-05-16,quantile,0.2,7
2026-04-25,53,3,wk inc flu hosp,2026-05-16,quantile,0.25,10
2026-04-25,53,3,wk inc flu hosp,2026-05-16,quantile,0.3,12
2026-04-25,53,3,wk inc flu hosp,2026-05-16,quantile,0.35,14
2026-04-25,53,3,wk inc flu hosp,2026-05-16,quantile,0.4,15
2026-04-25,53,3,wk inc flu hosp,2026-05-16,quantile,0.45,18
2026-04-25,53,3,wk inc flu hosp,2026-05-16,quantile,0.5,22
2026-04-25,53,3,wk inc flu hosp,2026-05-16,quantile,0.55,26
2026-04-25,53,3,wk inc flu hosp,2026-05-16,quantile,0.6,27
2026-04-25,53,3,wk inc flu hosp,2026-05-16,quantile,0.65,30
2026-04-25,53,3,wk inc flu hosp,2026-05-16,quantile,0.7,33
2026-04-25,53,3,wk inc flu hosp,2026-05-16,quantile,0.75,36
2026-04-25,53,3,wk inc flu hosp,2026-05-16,quantile,0.8,39
2026-04-25,53,3,wk inc flu hosp,2026-05-16,quantile,0.85,43
2026-04-25,53,3,wk inc flu hosp,2026-05-16,quantile,0.9,52
2026-04-25,53,3,wk inc flu hosp,2026-05-16,quantile,0.95,65
2026-04-25,53,3,wk inc flu hosp,2026-05-16,quantile,0.975,76
2026-04-25,53,3,wk inc flu hosp,2026-05-16,quantile,0.99,100
2026-04-25,54,0,wk inc flu hosp,2026-04-25,quantile,0.01,1
2026-04-25,54,0,wk inc flu hosp,2026-04-25,quantile,0.025,1
2026-04-25,54,0,wk inc flu hosp,2026-04-25,quantile,0.05,2
2026-04-25,54,0,wk inc flu hosp,2026-04-25,quantile,0.1,5
2026-04-25,54,0,wk inc flu hosp,2026-04-25,quantile,0.15,6
2026-04-25,54,0,wk inc flu hosp,2026-04-25,quantile,0.2,8
2026-04-25,54,0,wk inc flu hosp,2026-04-25,quantile,0.25,10
2026-04-25,54,0,wk inc flu hosp,2026-04-25,quantile,0.3,10
2026-04-25,54,0,wk inc flu hosp,2026-04-25,quantile,0.35,12
2026-04-25,54,0,wk inc flu hosp,2026-04-25,quantile,0.4,13
2026-04-25,54,0,wk inc flu hosp,2026-04-25,quantile,0.45,15
2026-04-25,54,0,wk inc flu hosp,2026-04-25,quantile,0.5,17
2026-04-25,54,0,wk inc flu hosp,2026-04-25,quantile,0.55,19
2026-04-25,54,0,wk inc flu hosp,2026-04-25,quantile,0.6,20
2026-04-25,54,0,wk inc flu hosp,2026-04-25,quantile,0.65,22
2026-04-25,54,0,wk inc flu hosp,2026-04-25,quantile,0.7,23
2026-04-25,54,0,wk inc flu hosp,2026-04-25,quantile,0.75,25
2026-04-25,54,0,wk inc flu hosp,2026-04-25,quantile,0.8,26
2026-04-25,54,0,wk inc flu hosp,2026-04-25,quantile,0.85,31
2026-04-25,54,0,wk inc flu hosp,2026-04-25,quantile,0.9,35
2026-04-25,54,0,wk inc flu hosp,2026-04-25,quantile,0.95,42
2026-04-25,54,0,wk inc flu hosp,2026-04-25,quantile,0.975,49
2026-04-25,54,0,wk inc flu hosp,2026-04-25,quantile,0.99,58
2026-04-25,54,1,wk inc flu hosp,2026-05-02,quantile,0.01,0
2026-04-25,54,1,wk inc flu hosp,2026-05-02,quantile,0.025,0
2026-04-25,54,1,wk inc flu hosp,2026-05-02,quantile,0.05,1
2026-04-25,54,1,wk inc flu hosp,2026-05-02,quantile,0.1,2
2026-04-25,54,1,wk inc flu hosp,2026-05-02,quantile,0.15,3
2026-04-25,54,1,wk inc flu hosp,2026-05-02,quantile,0.2,5
2026-04-25,54,1,wk inc flu hosp,2026-05-02,quantile,0.25,6
2026-04-25,54,1,wk inc flu hosp,2026-05-02,quantile,0.3,8
2026-04-25,54,1,wk inc flu hosp,2026-05-02,quantile,0.35,9
2026-04-25,54,1,wk inc flu hosp,2026-05-02,quantile,0.4,10
2026-04-25,54,1,wk inc flu hosp,2026-05-02,quantile,0.45,11
2026-04-25,54,1,wk inc flu hosp,2026-05-02,quantile,0.5,12
2026-04-25,54,1,wk inc flu hosp,2026-05-02,quantile,0.55,13
2026-04-25,54,1,wk inc flu hosp,2026-05-02,quantile,0.6,15
2026-04-25,54,1,wk inc flu hosp,2026-05-02,quantile,0.65,18
2026-04-25,54,1,wk inc flu hosp,2026-05-02,quantile,0.7,20
2026-04-25,54,1,wk inc flu hosp,2026-05-02,quantile,0.75,22
2026-04-25,54,1,wk inc flu hosp,2026-05-02,quantile,0.8,24
2026-04-25,54,1,wk inc flu hosp,2026-05-02,quantile,0.85,27
2026-04-25,54,1,wk inc flu hosp,2026-05-02,quantile,0.9,30
2026-04-25,54,1,wk inc flu hosp,2026-05-02,quantile,0.95,36
2026-04-25,54,1,wk inc flu hosp,2026-05-02,quantile,0.975,46
2026-04-25,54,1,wk inc flu hosp,2026-05-02,quantile,0.99,66
2026-04-25,54,2,wk inc flu hosp,2026-05-09,quantile,0.01,0
2026-04-25,54,2,wk inc flu hosp,2026-05-09,quantile,0.025,0
2026-04-25,54,2,wk inc flu hosp,2026-05-09,quantile,0.05,0
2026-04-25,54,2,wk inc flu hosp,2026-05-09,quantile,0.1,1
2026-04-25,54,2,wk inc flu hosp,2026-05-09,quantile,0.15,1
2026-04-25,54,2,wk inc flu hosp,2026-05-09,quantile,0.2,3
2026-04-25,54,2,wk inc flu hosp,2026-05-09,quantile,0.25,3
2026-04-25,54,2,wk inc flu hosp,2026-05-09,quantile,0.3,5
2026-04-25,54,2,wk inc flu hosp,2026-05-09,quantile,0.35,6
2026-04-25,54,2,wk inc flu hosp,2026-05-09,quantile,0.4,7
2026-04-25,54,2,wk inc flu hosp,2026-05-09,quantile,0.45,8
2026-04-25,54,2,wk inc flu hosp,2026-05-09,quantile,0.5,10
2026-04-25,54,2,wk inc flu hosp,2026-05-09,quantile,0.55,12
2026-04-25,54,2,wk inc flu hosp,2026-05-09,quantile,0.6,14
2026-04-25,54,2,wk inc flu hosp,2026-05-09,quantile,0.65,16
2026-04-25,54,2,wk inc flu hosp,2026-05-09,quantile,0.7,17
2026-04-25,54,2,wk inc flu hosp,2026-05-09,quantile,0.75,19
2026-04-25,54,2,wk inc flu hosp,2026-05-09,quantile,0.8,22
2026-04-25,54,2,wk inc flu hosp,2026-05-09,quantile,0.85,26
2026-04-25,54,2,wk inc flu hosp,2026-05-09,quantile,0.9,32
2026-04-25,54,2,wk inc flu hosp,2026-05-09,quantile,0.95,41
2026-04-25,54,2,wk inc flu hosp,2026-05-09,quantile,0.975,51
2026-04-25,54,2,wk inc flu hosp,2026-05-09,quantile,0.99,67
2026-04-25,54,3,wk inc flu hosp,2026-05-16,quantile,0.01,0
2026-04-25,54,3,wk inc flu hosp,2026-05-16,quantile,0.025,0
2026-04-25,54,3,wk inc flu hosp,2026-05-16,quantile,0.05,0
2026-04-25,54,3,wk inc flu hosp,2026-05-16,quantile,0.1,0
2026-04-25,54,3,wk inc flu hosp,2026-05-16,quantile,0.15,1
2026-04-25,54,3,wk inc flu hosp,2026-05-16,quantile,0.2,1
2026-04-25,54,3,wk inc flu hosp,2026-05-16,quantile,0.25,2
2026-04-25,54,3,wk inc flu hosp,2026-05-16,quantile,0.3,3
2026-04-25,54,3,wk inc flu hosp,2026-05-16,quantile,0.35,3
2026-04-25,54,3,wk inc flu hosp,2026-05-16,quantile,0.4,4
2026-04-25,54,3,wk inc flu hosp,2026-05-16,quantile,0.45,5
2026-04-25,54,3,wk inc flu hosp,2026-05-16,quantile,0.5,7
2026-04-25,54,3,wk inc flu hosp,2026-05-16,quantile,0.55,9
2026-04-25,54,3,wk inc flu hosp,2026-05-16,quantile,0.6,11
2026-04-25,54,3,wk inc flu hosp,2026-05-16,quantile,0.65,12
2026-04-25,54,3,wk inc flu hosp,2026-05-16,quantile,0.7,13
2026-04-25,54,3,wk inc flu hosp,2026-05-16,quantile,0.75,14
2026-04-25,54,3,wk inc flu hosp,2026-05-16,quantile,0.8,17
2026-04-25,54,3,wk inc flu hosp,2026-05-16,quantile,0.85,21
2026-04-25,54,3,wk inc flu hosp,2026-05-16,quantile,0.9,29
2026-04-25,54,3,wk inc flu hosp,2026-05-16,quantile,0.95,38
2026-04-25,54,3,wk inc flu hosp,2026-05-16,quantile,0.975,49
2026-04-25,54,3,wk inc flu hosp,2026-05-16,quantile,0.99,65
2026-04-25,55,0,wk inc flu hosp,2026-04-25,quantile,0.01,2
2026-04-25,55,0,wk inc flu hosp,2026-04-25,quantile,0.025,3
2026-04-25,55,0,wk inc flu hosp,2026-04-25,quantile,0.05,7
2026-04-25,55,0,wk inc flu hosp,2026-04-25,quantile,0.1,8
2026-04-25,55,0,wk inc flu hosp,2026-04-25,quantile,0.15,10
2026-04-25,55,0,wk inc flu hosp,2026-04-25,quantile,0.2,12
2026-04-25,55,0,wk inc flu hosp,2026-04-25,quantile,0.25,15
2026-04-25,55,0,wk inc flu hosp,2026-04-25,quantile,0.3,16
2026-04-25,55,0,wk inc flu hosp,2026-04-25,quantile,0.35,18
2026-04-25,55,0,wk inc flu hosp,2026-04-25,quantile,0.4,20
2026-04-25,55,0,wk inc flu hosp,2026-04-25,quantile,0.45,22
2026-04-25,55,0,wk inc flu hosp,2026-04-25,quantile,0.5,25
2026-04-25,55,0,wk inc flu hosp,2026-04-25,quantile,0.55,27
2026-04-25,55,0,wk inc flu hosp,2026-04-25,quantile,0.6,29
2026-04-25,55,0,wk inc flu hosp,2026-04-25,quantile,0.65,31
2026-04-25,55,0,wk inc flu hosp,2026-04-25,quantile,0.7,33
2026-04-25,55,0,wk inc flu hosp,2026-04-25,quantile,0.75,35
2026-04-25,55,0,wk inc flu hosp,2026-04-25,quantile,0.8,37
2026-04-25,55,0,wk inc flu hosp,2026-04-25,quantile,0.85,41
2026-04-25,55,0,wk inc flu hosp,2026-04-25,quantile,0.9,47
2026-04-25,55,0,wk inc flu hosp,2026-04-25,quantile,0.95,58
2026-04-25,55,0,wk inc flu hosp,2026-04-25,quantile,0.975,67
2026-04-25,55,0,wk inc flu hosp,2026-04-25,quantile,0.99,82
2026-04-25,55,1,wk inc flu hosp,2026-05-02,quantile,0.01,0
2026-04-25,55,1,wk inc flu hosp,2026-05-02,quantile,0.025,1
2026-04-25,55,1,wk inc flu hosp,2026-05-02,quantile,0.05,2
2026-04-25,55,1,wk inc flu hosp,2026-05-02,quantile,0.1,4
2026-04-25,55,1,wk inc flu hosp,2026-05-02,quantile,0.15,7
2026-04-25,55,1,wk inc flu hosp,2026-05-02,quantile,0.2,7
2026-04-25,55,1,wk inc flu hosp,2026-05-02,quantile,0.25,9
2026-04-25,55,1,wk inc flu hosp,2026-05-02,quantile,0.3,11
2026-04-25,55,1,wk inc flu hosp,2026-05-02,quantile,0.35,13
2026-04-25,55,1,wk inc flu hosp,2026-05-02,quantile,0.4,15
2026-04-25,55,1,wk inc flu hosp,2026-05-02,quantile,0.45,17
2026-04-25,55,1,wk inc flu hosp,2026-05-02,quantile,0.5,20
2026-04-25,55,1,wk inc flu hosp,2026-05-02,quantile,0.55,23
2026-04-25,55,1,wk inc flu hosp,2026-05-02,quantile,0.6,26
2026-04-25,55,1,wk inc flu hosp,2026-05-02,quantile,0.65,27
2026-04-25,55,1,wk inc flu hosp,2026-05-02,quantile,0.7,29
2026-04-25,55,1,wk inc flu hosp,2026-05-02,quantile,0.75,32
2026-04-25,55,1,wk inc flu hosp,2026-05-02,quantile,0.8,38
2026-04-25,55,1,wk inc flu hosp,2026-05-02,quantile,0.85,43
2026-04-25,55,1,wk inc flu hosp,2026-05-02,quantile,0.9,48
2026-04-25,55,1,wk inc flu hosp,2026-05-02,quantile,0.95,61
2026-04-25,55,1,wk inc flu hosp,2026-05-02,quantile,0.975,73
2026-04-25,55,1,wk inc flu hosp,2026-05-02,quantile,0.99,86
2026-04-25,55,2,wk inc flu hosp,2026-05-09,quantile,0.01,0
2026-04-25,55,2,wk inc flu hosp,2026-05-09,quantile,0.025,0
2026-04-25,55,2,wk inc flu hosp,2026-05-09,quantile,0.05,0
2026-04-25,55,2,wk inc flu hosp,2026-05-09,quantile,0.1,1
2026-04-25,55,2,wk inc flu hosp,2026-05-09,quantile,0.15,3
2026-04-25,55,2,wk inc flu hosp,2026-05-09,quantile,0.2,4
2026-04-25,55,2,wk inc flu hosp,2026-05-09,quantile,0.25,5
2026-04-25,55,2,wk inc flu hosp,2026-05-09,quantile,0.3,7
2026-04-25,55,2,wk inc flu hosp,2026-05-09,quantile,0.35,8
2026-04-25,55,2,wk inc flu hosp,2026-05-09,quantile,0.4,10
2026-04-25,55,2,wk inc flu hosp,2026-05-09,quantile,0.45,11
2026-04-25,55,2,wk inc flu hosp,2026-05-09,quantile,0.5,15
2026-04-25,55,2,wk inc flu hosp,2026-05-09,quantile,0.55,18
2026-04-25,55,2,wk inc flu hosp,2026-05-09,quantile,0.6,21
2026-04-25,55,2,wk inc flu hosp,2026-05-09,quantile,0.65,23
2026-04-25,55,2,wk inc flu hosp,2026-05-09,quantile,0.7,27
2026-04-25,55,2,wk inc flu hosp,2026-05-09,quantile,0.75,31
2026-04-25,55,2,wk inc flu hosp,2026-05-09,quantile,0.8,34
2026-04-25,55,2,wk inc flu hosp,2026-05-09,quantile,0.85,40
2026-04-25,55,2,wk inc flu hosp,2026-05-09,quantile,0.9,47
2026-04-25,55,2,wk inc flu hosp,2026-05-09,quantile,0.95,58
2026-04-25,55,2,wk inc flu hosp,2026-05-09,quantile,0.975,76
2026-04-25,55,2,wk inc flu hosp,2026-05-09,quantile,0.99,90
2026-04-25,55,3,wk inc flu hosp,2026-05-16,quantile,0.01,0
2026-04-25,55,3,wk inc flu hosp,2026-05-16,quantile,0.025,0
2026-04-25,55,3,wk inc flu hosp,2026-05-16,quantile,0.05,0
2026-04-25,55,3,wk inc flu hosp,2026-05-16,quantile,0.1,0
2026-04-25,55,3,wk inc flu hosp,2026-05-16,quantile,0.15,2
2026-04-25,55,3,wk inc flu hosp,2026-05-16,quantile,0.2,4
2026-04-25,55,3,wk inc flu hosp,2026-05-16,quantile,0.25,4
2026-04-25,55,3,wk inc flu hosp,2026-05-16,quantile,0.3,5
2026-04-25,55,3,wk inc flu hosp,2026-05-16,quantile,0.35,7
2026-04-25,55,3,wk inc flu hosp,2026-05-16,quantile,0.4,8
2026-04-25,55,3,wk inc flu hosp,2026-05-16,quantile,0.45,10
2026-04-25,55,3,wk inc flu hosp,2026-05-16,quantile,0.5,14
2026-04-25,55,3,wk inc flu hosp,2026-05-16,quantile,0.55,17
2026-04-25,55,3,wk inc flu hosp,2026-05-16,quantile,0.6,19
2026-04-25,55,3,wk inc flu hosp,2026-05-16,quantile,0.65,22
2026-04-25,55,3,wk inc flu hosp,2026-05-16,quantile,0.7,25
2026-04-25,55,3,wk inc flu hosp,2026-05-16,quantile,0.75,28
2026-04-25,55,3,wk inc flu hosp,2026-05-16,quantile,0.8,31
2026-04-25,55,3,wk inc flu hosp,2026-05-16,quantile,0.85,38
2026-04-25,55,3,wk inc flu hosp,2026-05-16,quantile,0.9,45
2026-04-25,55,3,wk inc flu hosp,2026-05-16,quantile,0.95,57
2026-04-25,55,3,wk inc flu hosp,2026-05-16,quantile,0.975,71
2026-04-25,55,3,wk inc flu hosp,2026-05-16,quantile,0.99,98
2026-04-25,56,0,wk inc flu hosp,2026-04-25,quantile,0.01,0
2026-04-25,56,0,wk inc flu hosp,2026-04-25,quantile,0.025,0
2026-04-25,56,0,wk inc flu hosp,2026-04-25,quantile,0.05,0
2026-04-25,56,0,wk inc flu hosp,2026-04-25,quantile,0.1,1
2026-04-25,56,0,wk inc flu hosp,2026-04-25,quantile,0.15,1
2026-04-25,56,0,wk inc flu hosp,2026-04-25,quantile,0.2,2
2026-04-25,56,0,wk inc flu hosp,2026-04-25,quantile,0.25,2
2026-04-25,56,0,wk inc flu hosp,2026-04-25,quantile,0.3,3
2026-04-25,56,0,wk inc flu hosp,2026-04-25,quantile,0.35,3
2026-04-25,56,0,wk inc flu hosp,2026-04-25,quantile,0.4,4
2026-04-25,56,0,wk inc flu hosp,2026-04-25,quantile,0.45,4
2026-04-25,56,0,wk inc flu hosp,2026-04-25,quantile,0.5,5
2026-04-25,56,0,wk inc flu hosp,2026-04-25,quantile,0.55,6
2026-04-25,56,0,wk inc flu hosp,2026-04-25,quantile,0.6,6
2026-04-25,56,0,wk inc flu hosp,2026-04-25,quantile,0.65,7
2026-04-25,56,0,wk inc flu hosp,2026-04-25,quantile,0.7,7
2026-04-25,56,0,wk inc flu hosp,2026-04-25,quantile,0.75,8
2026-04-25,56,0,wk inc flu hosp,2026-04-25,quantile,0.8,9
2026-04-25,56,0,wk inc flu hosp,2026-04-25,quantile,0.85,9
2026-04-25,56,0,wk inc flu hosp,2026-04-25,quantile,0.9,11
2026-04-25,56,0,wk inc flu hosp,2026-04-25,quantile,0.95,13
2026-04-25,56,0,wk inc flu hosp,2026-04-25,quantile,0.975,16
2026-04-25,56,0,wk inc flu hosp,2026-04-25,quantile,0.99,18
2026-04-25,56,1,wk inc flu hosp,2026-05-02,quantile,0.01,0
2026-04-25,56,1,wk inc flu hosp,2026-05-02,quantile,0.025,0
2026-04-25,56,1,wk inc flu hosp,2026-05-02,quantile,0.05,0
2026-04-25,56,1,wk inc flu hosp,2026-05-02,quantile,0.1,0
2026-04-25,56,1,wk inc flu hosp,2026-05-02,quantile,0.15,1
2026-04-25,56,1,wk inc flu hosp,2026-05-02,quantile,0.2,1
2026-04-25,56,1,wk inc flu hosp,2026-05-02,quantile,0.25,2
2026-04-25,56,1,wk inc flu hosp,2026-05-02,quantile,0.3,2
2026-04-25,56,1,wk inc flu hosp,2026-05-02,quantile,0.35,3
2026-04-25,56,1,wk inc flu hosp,2026-05-02,quantile,0.4,3
2026-04-25,56,1,wk inc flu hosp,2026-05-02,quantile,0.45,4
2026-04-25,56,1,wk inc flu hosp,2026-05-02,quantile,0.5,4
2026-04-25,56,1,wk inc flu hosp,2026-05-02,quantile,0.55,5
2026-04-25,56,1,wk inc flu hosp,2026-05-02,quantile,0.6,5
2026-04-25,56,1,wk inc flu hosp,2026-05-02,quantile,0.65,6
2026-04-25,56,1,wk inc flu hosp,2026-05-02,quantile,0.7,7
2026-04-25,56,1,wk inc flu hosp,2026-05-02,quantile,0.75,7
2026-04-25,56,1,wk inc flu hosp,2026-05-02,quantile,0.8,8
2026-04-25,56,1,wk inc flu hosp,2026-05-02,quantile,0.85,9
2026-04-25,56,1,wk inc flu hosp,2026-05-02,quantile,0.9,11
2026-04-25,56,1,wk inc flu hosp,2026-05-02,quantile,0.95,14
2026-04-25,56,1,wk inc flu hosp,2026-05-02,quantile,0.975,16
2026-04-25,56,1,wk inc flu hosp,2026-05-02,quantile,0.99,20
2026-04-25,56,2,wk inc flu hosp,2026-05-09,quantile,0.01,0
2026-04-25,56,2,wk inc flu hosp,2026-05-09,quantile,0.025,0
2026-04-25,56,2,wk inc flu hosp,2026-05-09,quantile,0.05,0
2026-04-25,56,2,wk inc flu hosp,2026-05-09,quantile,0.1,0
2026-04-25,56,2,wk inc flu hosp,2026-05-09,quantile,0.15,0
2026-04-25,56,2,wk inc flu hosp,2026-05-09,quantile,0.2,1
2026-04-25,56,2,wk inc flu hosp,2026-05-09,quantile,0.25,1
2026-04-25,56,2,wk inc flu hosp,2026-05-09,quantile,0.3,1
2026-04-25,56,2,wk inc flu hosp,2026-05-09,quantile,0.35,2
2026-04-25,56,2,wk inc flu hosp,2026-05-09,quantile,0.4,2
2026-04-25,56,2,wk inc flu hosp,2026-05-09,quantile,0.45,2
2026-04-25,56,2,wk inc flu hosp,2026-05-09,quantile,0.5,4
2026-04-25,56,2,wk inc flu hosp,2026-05-09,quantile,0.55,4
2026-04-25,56,2,wk inc flu hosp,2026-05-09,quantile,0.6,5
2026-04-25,56,2,wk inc flu hosp,2026-05-09,quantile,0.65,6
2026-04-25,56,2,wk inc flu hosp,2026-05-09,quantile,0.7,6
2026-04-25,56,2,wk inc flu hosp,2026-05-09,quantile,0.75,7
2026-04-25,56,2,wk inc flu hosp,2026-05-09,quantile,0.8,8
2026-04-25,56,2,wk inc flu hosp,2026-05-09,quantile,0.85,9
2026-04-25,56,2,wk inc flu hosp,2026-05-09,quantile,0.9,10
2026-04-25,56,2,wk inc flu hosp,2026-05-09,quantile,0.95,13
2026-04-25,56,2,wk inc flu hosp,2026-05-09,quantile,0.975,16
2026-04-25,56,2,wk inc flu hosp,2026-05-09,quantile,0.99,21
2026-04-25,56,3,wk inc flu hosp,2026-05-16,quantile,0.01,0
2026-04-25,56,3,wk inc flu hosp,2026-05-16,quantile,0.025,0
2026-04-25,56,3,wk inc flu hosp,2026-05-16,quantile,0.05,0
2026-04-25,56,3,wk inc flu hosp,2026-05-16,quantile,0.1,0
2026-04-25,56,3,wk inc flu hosp,2026-05-16,quantile,0.15,0
2026-04-25,56,3,wk inc flu hosp,2026-05-16,quantile,0.2,0
2026-04-25,56,3,wk inc flu hosp,2026-05-16,quantile,0.25,1
2026-04-25,56,3,wk inc flu hosp,2026-05-16,quantile,0.3,1
2026-04-25,56,3,wk inc flu hosp,2026-05-16,quantile,0.35,1
2026-04-25,56,3,wk inc flu hosp,2026-05-16,quantile,0.4,2
2026-04-25,56,3,wk inc flu hosp,2026-05-16,quantile,0.45,2
2026-04-25,56,3,wk inc flu hosp,2026-05-16,quantile,0.5,3
2026-04-25,56,3,wk inc flu hosp,2026-05-16,quantile,0.55,4
2026-04-25,56,3,wk inc flu hosp,2026-05-16,quantile,0.6,5
2026-04-25,56,3,wk inc flu hosp,2026-05-16,quantile,0.65,5
2026-04-25,56,3,wk inc flu hosp,2026-05-16,quantile,0.7,6
2026-04-25,56,3,wk inc flu hosp,2026-05-16,quantile,0.75,7
2026-04-25,56,3,wk inc flu hosp,2026-05-16,quantile,0.8,7
2026-04-25,56,3,wk inc flu hosp,2026-05-16,quantile,0.85,9
2026-04-25,56,3,wk inc flu hosp,2026-05-16,quantile,0.9,11
2026-04-25,56,3,wk inc flu hosp,2026-05-16,quantile,0.95,13
2026-04-25,56,3,wk inc flu hosp,2026-05-16,quantile,0.975,17
2026-04-25,56,3,wk inc flu hosp,2026-05-16,quantile,0.99,21
2026-04-25,72,0,wk inc flu hosp,2026-04-25,quantile,0.01,25
2026-04-25,72,0,wk inc flu hosp,2026-04-25,quantile,0.025,30
2026-04-25,72,0,wk inc flu hosp,2026-04-25,quantile,0.05,34
2026-04-25,72,0,wk inc flu hosp,2026-04-25,quantile,0.1,41
2026-04-25,72,0,wk inc flu hosp,2026-04-25,quantile,0.15,44
2026-04-25,72,0,wk inc flu hosp,2026-04-25,quantile,0.2,48
2026-04-25,72,0,wk inc flu hosp,2026-04-25,quantile,0.25,52
2026-04-25,72,0,wk inc flu hosp,2026-04-25,quantile,0.3,56
2026-04-25,72,0,wk inc flu hosp,2026-04-25,quantile,0.35,60
2026-04-25,72,0,wk inc flu hosp,2026-04-25,quantile,0.4,65
2026-04-25,72,0,wk inc flu hosp,2026-04-25,quantile,0.45,67
2026-04-25,72,0,wk inc flu hosp,2026-04-25,quantile,0.5,71
2026-04-25,72,0,wk inc flu hosp,2026-04-25,quantile,0.55,75
2026-04-25,72,0,wk inc flu hosp,2026-04-25,quantile,0.6,81
2026-04-25,72,0,wk inc flu hosp,2026-04-25,quantile,0.65,86
2026-04-25,72,0,wk inc flu hosp,2026-04-25,quantile,0.7,92
2026-04-25,72,0,wk inc flu hosp,2026-04-25,quantile,0.75,97
2026-04-25,72,0,wk inc flu hosp,2026-04-25,quantile,0.8,103
2026-04-25,72,0,wk inc flu hosp,2026-04-25,quantile,0.85,111
2026-04-25,72,0,wk inc flu hosp,2026-04-25,quantile,0.9,122
2026-04-25,72,0,wk inc flu hosp,2026-04-25,quantile,0.95,137
2026-04-25,72,0,wk inc flu hosp,2026-04-25,quantile,0.975,157
2026-04-25,72,0,wk inc flu hosp,2026-04-25,quantile,0.99,171
2026-04-25,72,1,wk inc flu hosp,2026-05-02,quantile,0.01,19
2026-04-25,72,1,wk inc flu hosp,2026-05-02,quantile,0.025,22
2026-04-25,72,1,wk inc flu hosp,2026-05-02,quantile,0.05,27
2026-04-25,72,1,wk inc flu hosp,2026-05-02,quantile,0.1,34
2026-04-25,72,1,wk inc flu hosp,2026-05-02,quantile,0.15,39
2026-04-25,72,1,wk inc flu hosp,2026-05-02,quantile,0.2,44
2026-04-25,72,1,wk inc flu hosp,2026-05-02,quantile,0.25,48
2026-04-25,72,1,wk inc flu hosp,2026-05-02,quantile,0.3,52
2026-04-25,72,1,wk inc flu hosp,2026-05-02,quantile,0.35,56
2026-04-25,72,1,wk inc flu hosp,2026-05-02,quantile,0.4,60
2026-04-25,72,1,wk inc flu hosp,2026-05-02,quantile,0.45,64
2026-04-25,72,1,wk inc flu hosp,2026-05-02,quantile,0.5,69
2026-04-25,72,1,wk inc flu hosp,2026-05-02,quantile,0.55,74
2026-04-25,72,1,wk inc flu hosp,2026-05-02,quantile,0.6,79
2026-04-25,72,1,wk inc flu hosp,2026-05-02,quantile,0.65,84
2026-04-25,72,1,wk inc flu hosp,2026-05-02,quantile,0.7,87
2026-04-25,72,1,wk inc flu hosp,2026-05-02,quantile,0.75,92
2026-04-25,72,1,wk inc flu hosp,2026-05-02,quantile,0.8,102
2026-04-25,72,1,wk inc flu hosp,2026-05-02,quantile,0.85,113
2026-04-25,72,1,wk inc flu hosp,2026-05-02,quantile,0.9,132
2026-04-25,72,1,wk inc flu hosp,2026-05-02,quantile,0.95,153
2026-04-25,72,1,wk inc flu hosp,2026-05-02,quantile,0.975,173
2026-04-25,72,1,wk inc flu hosp,2026-05-02,quantile,0.99,216
2026-04-25,72,2,wk inc flu hosp,2026-05-09,quantile,0.01,14
2026-04-25,72,2,wk inc flu hosp,2026-05-09,quantile,0.025,19
2026-04-25,72,2,wk inc flu hosp,2026-05-09,quantile,0.05,24
2026-04-25,72,2,wk inc flu hosp,2026-05-09,quantile,0.1,30
2026-04-25,72,2,wk inc flu hosp,2026-05-09,quantile,0.15,35
2026-04-25,72,2,wk inc flu hosp,2026-05-09,quantile,0.2,39
2026-04-25,72,2,wk inc flu hosp,2026-05-09,quantile,0.25,42
2026-04-25,72,2,wk inc flu hosp,2026-05-09,quantile,0.3,48
2026-04-25,72,2,wk inc flu hosp,2026-05-09,quantile,0.35,53
2026-04-25,72,2,wk inc flu hosp,2026-05-09,quantile,0.4,57
2026-04-25,72,2,wk inc flu hosp,2026-05-09,quantile,0.45,62
2026-04-25,72,2,wk inc flu hosp,2026-05-09,quantile,0.5,68
2026-04-25,72,2,wk inc flu hosp,2026-05-09,quantile,0.55,73
2026-04-25,72,2,wk inc flu hosp,2026-05-09,quantile,0.6,78
2026-04-25,72,2,wk inc flu hosp,2026-05-09,quantile,0.65,80
2026-04-25,72,2,wk inc flu hosp,2026-05-09,quantile,0.7,83
2026-04-25,72,2,wk inc flu hosp,2026-05-09,quantile,0.75,92
2026-04-25,72,2,wk inc flu hosp,2026-05-09,quantile,0.8,102
2026-04-25,72,2,wk inc flu hosp,2026-05-09,quantile,0.85,112
2026-04-25,72,2,wk inc flu hosp,2026-05-09,quantile,0.9,139
2026-04-25,72,2,wk inc flu hosp,2026-05-09,quantile,0.95,167
2026-04-25,72,2,wk inc flu hosp,2026-05-09,quantile,0.975,196
2026-04-25,72,2,wk inc flu hosp,2026-05-09,quantile,0.99,229
2026-04-25,72,3,wk inc flu hosp,2026-05-16,quantile,0.01,10
2026-04-25,72,3,wk inc flu hosp,2026-05-16,quantile,0.025,15
2026-04-25,72,3,wk inc flu hosp,2026-05-16,quantile,0.05,19
2026-04-25,72,3,wk inc flu hosp,2026-05-16,quantile,0.1,25
2026-04-25,72,3,wk inc flu hosp,2026-05-16,quantile,0.15,28
2026-04-25,72,3,wk inc flu hosp,2026-05-16,quantile,0.2,33
2026-04-25,72,3,wk inc flu hosp,2026-05-16,quantile,0.25,38
2026-04-25,72,3,wk inc flu hosp,2026-05-16,quantile,0.3,43
2026-04-25,72,3,wk inc flu hosp,2026-05-16,quantile,0.35,49
2026-04-25,72,3,wk inc flu hosp,2026-05-16,quantile,0.4,55
2026-04-25,72,3,wk inc flu hosp,2026-05-16,quantile,0.45,59
2026-04-25,72,3,wk inc flu hosp,2026-05-16,quantile,0.5,65
2026-04-25,72,3,wk inc flu hosp,2026-05-16,quantile,0.55,68
2026-04-25,72,3,wk inc flu hosp,2026-05-16,quantile,0.6,74
2026-04-25,72,3,wk inc flu hosp,2026-05-16,quantile,0.65,79
2026-04-25,72,3,wk inc flu hosp,2026-05-16,quantile,0.7,83
2026-04-25,72,3,wk inc flu hosp,2026-05-16,quantile,0.75,88
2026-04-25,72,3,wk inc flu hosp,2026-05-16,quantile,0.8,92
2026-04-25,72,3,wk inc flu hosp,2026-05-16,quantile,0.85,109
2026-04-25,72,3,wk inc flu hosp,2026-05-16,quantile,0.9,128
2026-04-25,72,3,wk inc flu hosp,2026-05-16,quantile,0.95,174
2026-04-25,72,3,wk inc flu hosp,2026-05-16,quantile,0.975,204
2026-04-25,72,3,wk inc flu hosp,2026-05-16,quantile,0.99,241
2026-04-25,US,0,wk inc flu hosp,2026-04-25,quantile,0.01,521
2026-04-25,US,0,wk inc flu hosp,2026-04-25,quantile,0.025,584
2026-04-25,US,0,wk inc flu hosp,2026-04-25,quantile,0.05,672
2026-04-25,US,0,wk inc flu hosp,2026-04-25,quantile,0.1,816
2026-04-25,US,0,wk inc flu hosp,2026-04-25,quantile,0.15,908
2026-04-25,US,0,wk inc flu hosp,2026-04-25,quantile,0.2,998
2026-04-25,US,0,wk inc flu hosp,2026-04-25,quantile,0.25,1088
2026-04-25,US,0,wk inc flu hosp,2026-04-25,quantile,0.3,1204
2026-04-25,US,0,wk inc flu hosp,2026-04-25,quantile,0.35,1271
2026-04-25,US,0,wk inc flu hosp,2026-04-25,quantile,0.4,1328
2026-04-25,US,0,wk inc flu hosp,2026-04-25,quantile,0.45,1384
2026-04-25,US,0,wk inc flu hosp,2026-04-25,quantile,0.5,1465
2026-04-25,US,0,wk inc flu hosp,2026-04-25,quantile,0.55,1520
2026-04-25,US,0,wk inc flu hosp,2026-04-25,quantile,0.6,1599
2026-04-25,US,0,wk inc flu hosp,2026-04-25,quantile,0.65,1663
2026-04-25,US,0,wk inc flu hosp,2026-04-25,quantile,0.7,1725
2026-04-25,US,0,wk inc flu hosp,2026-04-25,quantile,0.75,1826
2026-04-25,US,0,wk inc flu hosp,2026-04-25,quantile,0.8,1928
2026-04-25,US,0,wk inc flu hosp,2026-04-25,quantile,0.85,2067
2026-04-25,US,0,wk inc flu hosp,2026-04-25,quantile,0.9,2244
2026-04-25,US,0,wk inc flu hosp,2026-04-25,quantile,0.95,2563
2026-04-25,US,0,wk inc flu hosp,2026-04-25,quantile,0.975,2865
2026-04-25,US,0,wk inc flu hosp,2026-04-25,quantile,0.99,3203
2026-04-25,US,1,wk inc flu hosp,2026-05-02,quantile,0.01,379
2026-04-25,US,1,wk inc flu hosp,2026-05-02,quantile,0.025,464
2026-04-25,US,1,wk inc flu hosp,2026-05-02,quantile,0.05,556
2026-04-25,US,1,wk inc flu hosp,2026-05-02,quantile,0.1,663
2026-04-25,US,1,wk inc flu hosp,2026-05-02,quantile,0.15,756
2026-04-25,US,1,wk inc flu hosp,2026-05-02,quantile,0.2,812
2026-04-25,US,1,wk inc flu hosp,2026-05-02,quantile,0.25,875
2026-04-25,US,1,wk inc flu hosp,2026-05-02,quantile,0.3,949
2026-04-25,US,1,wk inc flu hosp,2026-05-02,quantile,0.35,1014
2026-04-25,US,1,wk inc flu hosp,2026-05-02,quantile,0.4,1044
2026-04-25,US,1,wk inc flu hosp,2026-05-02,quantile,0.45,1084
2026-04-25,US,1,wk inc flu hosp,2026-05-02,quantile,0.5,1253
2026-04-25,US,1,wk inc flu hosp,2026-05-02,quantile,0.55,1327
2026-04-25,US,1,wk inc flu hosp,2026-05-02,quantile,0.6,1425
2026-04-25,US,1,wk inc flu hosp,2026-05-02,quantile,0.65,1513
2026-04-25,US,1,wk inc flu hosp,2026-05-02,quantile,0.7,1571
2026-04-25,US,1,wk inc flu hosp,2026-05-02,quantile,0.75,1644
2026-04-25,US,1,wk inc flu hosp,2026-05-02,quantile,0.8,1769
2026-04-25,US,1,wk inc flu hosp,2026-05-02,quantile,0.85,1897
2026-04-25,US,1,wk inc flu hosp,2026-05-02,quantile,0.9,2041
2026-04-25,US,1,wk inc flu hosp,2026-05-02,quantile,0.95,2405
2026-04-25,US,1,wk inc flu hosp,2026-05-02,quantile,0.975,2825
2026-04-25,US,1,wk inc flu hosp,2026-05-02,quantile,0.99,3318
2026-04-25,US,2,wk inc flu hosp,2026-05-09,quantile,0.01,42
2026-04-25,US,2,wk inc flu hosp,2026-05-09,quantile,0.025,185
2026-04-25,US,2,wk inc flu hosp,2026-05-09,quantile,0.05,216
2026-04-25,US,2,wk inc flu hosp,2026-05-09,quantile,0.1,342
2026-04-25,US,2,wk inc flu hosp,2026-05-09,quantile,0.15,417
2026-04-25,US,2,wk inc flu hosp,2026-05-09,quantile,0.2,508
2026-04-25,US,2,wk inc flu hosp,2026-05-09,quantile,0.25,607
2026-04-25,US,2,wk inc flu hosp,2026-05-09,quantile,0.3,676
2026-04-25,US,2,wk inc flu hosp,2026-05-09,quantile,0.35,722
2026-04-25,US,2,wk inc flu hosp,2026-05-09,quantile,0.4,826
2026-04-25,US,2,wk inc flu hosp,2026-05-09,quantile,0.45,967
2026-04-25,US,2,wk inc flu hosp,2026-05-09,quantile,0.5,1111
2026-04-25,US,2,wk inc flu hosp,2026-05-09,quantile,0.55,1167
2026-04-25,US,2,wk inc flu hosp,2026-05-09,quantile,0.6,1249
2026-04-25,US,2,wk inc flu hosp,2026-05-09,quantile,0.65,1419
2026-04-25,US,2,wk inc flu hosp,2026-05-09,quantile,0.7,1522
2026-04-25,US,2,wk inc flu hosp,2026-05-09,quantile,0.75,1554
2026-04-25,US,2,wk inc flu hosp,2026-05-09,quantile,0.8,1665
2026-04-25,US,2,wk inc flu hosp,2026-05-09,quantile,0.85,1781
2026-04-25,US,2,wk inc flu hosp,2026-05-09,quantile,0.9,1951
2026-04-25,US,2,wk inc flu hosp,2026-05-09,quantile,0.95,2300
2026-04-25,US,2,wk inc flu hosp,2026-05-09,quantile,0.975,2730
2026-04-25,US,2,wk inc flu hosp,2026-05-09,quantile,0.99,3196
2026-04-25,US,3,wk inc flu hosp,2026-05-16,quantile,0.01,15
2026-04-25,US,3,wk inc flu hosp,2026-05-16,quantile,0.025,71
2026-04-25,US,3,wk inc flu hosp,2026-05-16,quantile,0.05,159
2026-04-25,US,3,wk inc flu hosp,2026-05-16,quantile,0.1,302
2026-04-25,US,3,wk inc flu hosp,2026-05-16,quantile,0.15,378
2026-04-25,US,3,wk inc flu hosp,2026-05-16,quantile,0.2,475
2026-04-25,US,3,wk inc flu hosp,2026-05-16,quantile,0.25,535
2026-04-25,US,3,wk inc flu hosp,2026-05-16,quantile,0.3,592
2026-04-25,US,3,wk inc flu hosp,2026-05-16,quantile,0.35,651
2026-04-25,US,3,wk inc flu hosp,2026-05-16,quantile,0.4,702
2026-04-25,US,3,wk inc flu hosp,2026-05-16,quantile,0.45,836
2026-04-25,US,3,wk inc flu hosp,2026-05-16,quantile,0.5,966
2026-04-25,US,3,wk inc flu hosp,2026-05-16,quantile,0.55,1026
2026-04-25,US,3,wk inc flu hosp,2026-05-16,quantile,0.6,1120
2026-04-25,US,3,wk inc flu hosp,2026-05-16,quantile,0.65,1243
2026-04-25,US,3,wk inc flu hosp,2026-05-16,quantile,0.7,1422
2026-04-25,US,3,wk inc flu hosp,2026-05-16,quantile,0.75,1500
2026-04-25,US,3,wk inc flu hosp,2026-05-16,quantile,0.8,1572
2026-04-25,US,3,wk inc flu hosp,2026-05-16,quantile,0.85,1679
2026-04-25,US,3,wk inc flu hosp,2026-05-16,quantile,0.9,1897
2026-04-25,US,3,wk inc flu hosp,2026-05-16,quantile,0.95,2356
2026-04-25,US,3,wk inc flu hosp,2026-05-16,quantile,0.975,2830
2026-04-25,US,3,wk inc flu hosp,2026-05-16,quantile,0.99,3146
