reference_date,location,horizon,target,target_end_date,output_type,output_type_id,value
2025-12-27,01,0,wk inc flu hosp,2025-12-27,quantile,0.01,177
2025-12-27,01,0,wk inc flu hosp,2025-12-27,quantile,0.025,196
2025-12-27,01,0,wk inc flu hosp,2025-12-27,quantile,0.05,224
2025-12-27,01,0,wk inc flu hosp,2025-12-27,quantile,0.1,256
2025-12-27,01,0,wk inc flu hosp,2025-12-27,quantile,0.15,279
2025-12-27,01,0,wk inc flu hosp,2025-12-27,quantile,0.2,290
2025-12-27,01,0,wk inc flu hosp,2025-12-27,quantile,0.25,298
2025-12-27,01,0,wk inc flu hosp,2025-12-27,quantile,0.3,317
2025-12-27,01,0,wk inc flu hosp,2025-12-27,quantile,0.35,334
2025-12-27,01,0,wk inc flu hosp,2025-12-27,quantile,0.4,341
2025-12-27,01,0,wk inc flu hosp,2025-12-27,quantile,0.45,354
2025-12-27,01,0,wk inc flu hosp,2025-12-27,quantile,0.5,366
2025-12-27,01,0,wk inc flu hosp,2025-12-27,quantile,0.55,385
2025-12-27,01,0,wk inc flu hosp,2025-12-27,quantile,0.6,390
2025-12-27,01,0,wk inc flu hosp,2025-12-27,quantile,0.65,406
2025-12-27,01,0,wk inc flu hosp,2025-12-27,quantile,0.7,411
2025-12-27,01,0,wk inc flu hosp,2025-12-27,quantile,0.75,445
2025-12-27,01,0,wk inc flu hosp,2025-12-27,quantile,0.8,462
2025-12-27,01,0,wk inc flu hosp,2025-12-27,quantile,0.85,483
2025-12-27,01,0,wk inc flu hosp,2025-12-27,quantile,0.9,510
2025-12-27,01,0,wk inc flu hosp,2025-12-27,quantile,0.95,538
2025-12-27,01,0,wk inc flu hosp,2025-12-27,quantile,0.975,580
2025-12-27,01,0,wk inc flu hosp,2025-12-27,quantile,0.99,613
2025-12-27,01,1,wk inc flu hosp,2026-01-03,quantile,0.01,172
2025-12-27,01,1,wk inc flu hosp,2026-01-03,quantile,0.025,187
2025-12-27,01,1,wk inc flu hosp,2026-01-03,quantile,0.05,224
2025-12-27,01,1,wk inc flu hosp,2026-01-03,quantile,0.1,253
2025-12-27,01,1,wk inc flu hosp,2026-01-03,quantile,0.15,285
2025-12-27,01,1,wk inc flu hosp,2026-01-03,quantile,0.2,302
2025-12-27,01,1,wk inc flu hosp,2026-01-03,quantile,0.25,314
2025-12-27,01,1,wk inc flu hosp,2026-01-03,quantile,0.3,327
2025-12-27,01,1,wk inc flu hosp,2026-01-03,quantile,0.35,349
2025-12-27,01,1,wk inc flu hosp,2026-01-03,quantile,0.4,372
2025-12-27,01,1,wk inc flu hosp,2026-01-03,quantile,0.45,397
2025-12-27,01,1,wk inc flu hosp,2026-01-03,quantile,0.5,416
2025-12-27,01,1,wk inc flu hosp,2026-01-03,quantile,0.55,440
2025-12-27,01,1,wk inc flu hosp,2026-01-03,quantile,0.6,448
2025-12-27,01,1,wk inc flu hosp,2026-01-03,quantile,0.65,474
2025-12-27,01,1,wk inc flu hosp,2026-01-03,quantile,0.7,500
2025-12-27,01,1,wk inc flu hosp,2026-01-03,quantile,0.75,534
2025-12-27,01,1,wk inc flu hosp,2026-01-03,quantile,0.8,576
2025-12-27,01,1,wk inc flu hosp,2026-01-03,quantile,0.85,616
2025-12-27,01,1,wk inc flu hosp,2026-01-03,quantile,0.9,622
2025-12-27,01,1,wk inc flu hosp,2026-01-03,quantile,0.95,716
2025-12-27,01,1,wk inc flu hosp,2026-01-03,quantile,0.975,797
2025-12-27,01,1,wk inc flu hosp,2026-01-03,quantile,0.99,841
2025-12-27,01,2,wk inc flu hosp,2026-01-10,quantile,0.01,134
2025-12-27,01,2,wk inc flu hosp,2026-01-10,quantile,0.025,174
2025-12-27,01,2,wk inc flu hosp,2026-01-10,quantile,0.05,200
2025-12-27,01,2,wk inc flu hosp,2026-01-10,quantile,0.1,233
2025-12-27,01,2,wk inc flu hosp,2026-01-10,quantile,0.15,259
2025-12-27,01,2,wk inc flu hosp,2026-01-10,quantile,0.2,287
2025-12-27,01,2,wk inc flu hosp,2026-01-10,quantile,0.25,312
2025-12-27,01,2,wk inc flu hosp,2026-01-10,quantile,0.3,331
2025-12-27,01,2,wk inc flu hosp,2026-01-10,quantile,0.35,350
2025-12-27,01,2,wk inc flu hosp,2026-01-10,quantile,0.4,377
2025-12-27,01,2,wk inc flu hosp,2026-01-10,quantile,0.45,402
2025-12-27,01,2,wk inc flu hosp,2026-01-10,quantile,0.5,433
2025-12-27,01,2,wk inc flu hosp,2026-01-10,quantile,0.55,462
2025-12-27,01,2,wk inc flu hosp,2026-01-10,quantile,0.6,494
2025-12-27,01,2,wk inc flu hosp,2026-01-10,quantile,0.65,521
2025-12-27,01,2,wk inc flu hosp,2026-01-10,quantile,0.7,551
2025-12-27,01,2,wk inc flu hosp,2026-01-10,quantile,0.75,571
2025-12-27,01,2,wk inc flu hosp,2026-01-10,quantile,0.8,606
2025-12-27,01,2,wk inc flu hosp,2026-01-10,quantile,0.85,632
2025-12-27,01,2,wk inc flu hosp,2026-01-10,quantile,0.9,687
2025-12-27,01,2,wk inc flu hosp,2026-01-10,quantile,0.95,816
2025-12-27,01,2,wk inc flu hosp,2026-01-10,quantile,0.975,921
2025-12-27,01,2,wk inc flu hosp,2026-01-10,quantile,0.99,1010
2025-12-27,01,3,wk inc flu hosp,2026-01-17,quantile,0.01,105
2025-12-27,01,3,wk inc flu hosp,2026-01-17,quantile,0.025,146
2025-12-27,01,3,wk inc flu hosp,2026-01-17,quantile,0.05,181
2025-12-27,01,3,wk inc flu hosp,2026-01-17,quantile,0.1,213
2025-12-27,01,3,wk inc flu hosp,2026-01-17,quantile,0.15,245
2025-12-27,01,3,wk inc flu hosp,2026-01-17,quantile,0.2,263
2025-12-27,01,3,wk inc flu hosp,2026-01-17,quantile,0.25,280
2025-12-27,01,3,wk inc flu hosp,2026-01-17,quantile,0.3,294
2025-12-27,01,3,wk inc flu hosp,2026-01-17,quantile,0.35,327
2025-12-27,01,3,wk inc flu hosp,2026-01-17,quantile,0.4,357
2025-12-27,01,3,wk inc flu hosp,2026-01-17,quantile,0.45,385
2025-12-27,01,3,wk inc flu hosp,2026-01-17,quantile,0.5,420
2025-12-27,01,3,wk inc flu hosp,2026-01-17,quantile,0.55,454
2025-12-27,01,3,wk inc flu hosp,2026-01-17,quantile,0.6,485
2025-12-27,01,3,wk inc flu hosp,2026-01-17,quantile,0.65,516
2025-12-27,01,3,wk inc flu hosp,2026-01-17,quantile,0.7,546
2025-12-27,01,3,wk inc flu hosp,2026-01-17,quantile,0.75,587
2025-12-27,01,3,wk inc flu hosp,2026-01-17,quantile,0.8,632
2025-12-27,01,3,wk inc flu hosp,2026-01-17,quantile,0.85,682
2025-12-27,01,3,wk inc flu hosp,2026-01-17,quantile,0.9,806
2025-12-27,01,3,wk inc flu hosp,2026-01-17,quantile,0.95,881
2025-12-27,01,3,wk inc flu hosp,2026-01-17,quantile,0.975,966
2025-12-27,01,3,wk inc flu hosp,2026-01-17,quantile,0.99,1060
2025-12-27,02,0,wk inc flu hosp,2025-12-27,quantile,0.01,19
2025-12-27,02,0,wk inc flu hosp,2025-12-27,quantile,0.025,23
2025-12-27,02,0,wk inc flu hosp,2025-12-27,quantile,0.05,26
2025-12-27,02,0,wk inc flu hosp,2025-12-27,quantile,0.1,30
2025-12-27,02,0,wk inc flu hosp,2025-12-27,quantile,0.15,32
2025-12-27,02,0,wk inc flu hosp,2025-12-27,quantile,0.2,35
2025-12-27,02,0,wk inc flu hosp,2025-12-27,quantile,0.25,38
2025-12-27,02,0,wk inc flu hosp,2025-12-27,quantile,0.3,41
2025-12-27,02,0,wk inc flu hosp,2025-12-27,quantile,0.35,42
2025-12-27,02,0,wk inc flu hosp,2025-12-27,quantile,0.4,44
2025-12-27,02,0,wk inc flu hosp,2025-12-27,quantile,0.45,46
2025-12-27,02,0,wk inc flu hosp,2025-12-27,quantile,0.5,48
2025-12-27,02,0,wk inc flu hosp,2025-12-27,quantile,0.55,50
2025-12-27,02,0,wk inc flu hosp,2025-12-27,quantile,0.6,50
2025-12-27,02,0,wk inc flu hosp,2025-12-27,quantile,0.65,52
2025-12-27,02,0,wk inc flu hosp,2025-12-27,quantile,0.7,54
2025-12-27,02,0,wk inc flu hosp,2025-12-27,quantile,0.75,57
2025-12-27,02,0,wk inc flu hosp,2025-12-27,quantile,0.8,60
2025-12-27,02,0,wk inc flu hosp,2025-12-27,quantile,0.85,64
2025-12-27,02,0,wk inc flu hosp,2025-12-27,quantile,0.9,69
2025-12-27,02,0,wk inc flu hosp,2025-12-27,quantile,0.95,79
2025-12-27,02,0,wk inc flu hosp,2025-12-27,quantile,0.975,84
2025-12-27,02,0,wk inc flu hosp,2025-12-27,quantile,0.99,93
2025-12-27,02,1,wk inc flu hosp,2026-01-03,quantile,0.01,16
2025-12-27,02,1,wk inc flu hosp,2026-01-03,quantile,0.025,20
2025-12-27,02,1,wk inc flu hosp,2026-01-03,quantile,0.05,24
2025-12-27,02,1,wk inc flu hosp,2026-01-03,quantile,0.1,30
2025-12-27,02,1,wk inc flu hosp,2026-01-03,quantile,0.15,36
2025-12-27,02,1,wk inc flu hosp,2026-01-03,quantile,0.2,39
2025-12-27,02,1,wk inc flu hosp,2026-01-03,quantile,0.25,41
2025-12-27,02,1,wk inc flu hosp,2026-01-03,quantile,0.3,44
2025-12-27,02,1,wk inc flu hosp,2026-01-03,quantile,0.35,47
2025-12-27,02,1,wk inc flu hosp,2026-01-03,quantile,0.4,48
2025-12-27,02,1,wk inc flu hosp,2026-01-03,quantile,0.45,50
2025-12-27,02,1,wk inc flu hosp,2026-01-03,quantile,0.5,53
2025-12-27,02,1,wk inc flu hosp,2026-01-03,quantile,0.55,56
2025-12-27,02,1,wk inc flu hosp,2026-01-03,quantile,0.6,59
2025-12-27,02,1,wk inc flu hosp,2026-01-03,quantile,0.65,62
2025-12-27,02,1,wk inc flu hosp,2026-01-03,quantile,0.7,65
2025-12-27,02,1,wk inc flu hosp,2026-01-03,quantile,0.75,70
2025-12-27,02,1,wk inc flu hosp,2026-01-03,quantile,0.8,75
2025-12-27,02,1,wk inc flu hosp,2026-01-03,quantile,0.85,78
2025-12-27,02,1,wk inc flu hosp,2026-01-03,quantile,0.9,85
2025-12-27,02,1,wk inc flu hosp,2026-01-03,quantile,0.95,97
2025-12-27,02,1,wk inc flu hosp,2026-01-03,quantile,0.975,106
2025-12-27,02,1,wk inc flu hosp,2026-01-03,quantile,0.99,119
2025-12-27,02,2,wk inc flu hosp,2026-01-10,quantile,0.01,13
2025-12-27,02,2,wk inc flu hosp,2026-01-10,quantile,0.025,15
2025-12-27,02,2,wk inc flu hosp,2026-01-10,quantile,0.05,20
2025-12-27,02,2,wk inc flu hosp,2026-01-10,quantile,0.1,26
2025-12-27,02,2,wk inc flu hosp,2026-01-10,quantile,0.15,31
2025-12-27,02,2,wk inc flu hosp,2026-01-10,quantile,0.2,36
2025-12-27,02,2,wk inc flu hosp,2026-01-10,quantile,0.25,39
2025-12-27,02,2,wk inc flu hosp,2026-01-10,quantile,0.3,42
2025-12-27,02,2,wk inc flu hosp,2026-01-10,quantile,0.35,45
2025-12-27,02,2,wk inc flu hosp,2026-01-10,quantile,0.4,47
2025-12-27,02,2,wk inc flu hosp,2026-01-10,quantile,0.45,49
2025-12-27,02,2,wk inc flu hosp,2026-01-10,quantile,0.5,51
2025-12-27,02,2,wk inc flu hosp,2026-01-10,quantile,0.55,53
2025-12-27,02,2,wk inc flu hosp,2026-01-10,quantile,0.6,55
2025-12-27,02,2,wk inc flu hosp,2026-01-10,quantile,0.65,57
2025-12-27,02,2,wk inc flu hosp,2026-01-10,quantile,0.7,62
2025-12-27,02,2,wk inc flu hosp,2026-01-10,quantile,0.75,67
2025-12-27,02,2,wk inc flu hosp,2026-01-10,quantile,0.8,74
2025-12-27,02,2,wk inc flu hosp,2026-01-10,quantile,0.85,88
2025-12-27,02,2,wk inc flu hosp,2026-01-10,quantile,0.9,98
2025-12-27,02,2,wk inc flu hosp,2026-01-10,quantile,0.95,107
2025-12-27,02,2,wk inc flu hosp,2026-01-10,quantile,0.975,116
2025-12-27,02,2,wk inc flu hosp,2026-01-10,quantile,0.99,134
2025-12-27,02,3,wk inc flu hosp,2026-01-17,quantile,0.01,10
2025-12-27,02,3,wk inc flu hosp,2026-01-17,quantile,0.025,12
2025-12-27,02,3,wk inc flu hosp,2026-01-17,quantile,0.05,16
2025-12-27,02,3,wk inc flu hosp,2026-01-17,quantile,0.1,21
2025-12-27,02,3,wk inc flu hosp,2026-01-17,quantile,0.15,25
2025-12-27,02,3,wk inc flu hosp,2026-01-17,quantile,0.2,28
2025-12-27,02,3,wk inc flu hosp,2026-01-17,quantile,0.25,32
2025-12-27,02,3,wk inc flu hosp,2026-01-17,quantile,0.3,35
2025-12-27,02,3,wk inc flu hosp,2026-01-17,quantile,0.35,39
2025-12-27,02,3,wk inc flu hosp,2026-01-17,quantile,0.4,43
2025-12-27,02,3,wk inc flu hosp,2026-01-17,quantile,0.45,46
2025-12-27,02,3,wk inc flu hosp,2026-01-17,quantile,0.5,50
2025-12-27,02,3,wk inc flu hosp,2026-01-17,quantile,0.55,52
2025-12-27,02,3,wk inc flu hosp,2026-01-17,quantile,0.6,53
2025-12-27,02,3,wk inc flu hosp,2026-01-17,quantile,0.65,55
2025-12-27,02,3,wk inc flu hosp,2026-01-17,quantile,0.7,59
2025-12-27,02,3,wk inc flu hosp,2026-01-17,quantile,0.75,63
2025-12-27,02,3,wk inc flu hosp,2026-01-17,quantile,0.8,69
2025-12-27,02,3,wk inc flu hosp,2026-01-17,quantile,0.85,84
2025-12-27,02,3,wk inc flu hosp,2026-01-17,quantile,0.9,99
2025-12-27,02,3,wk inc flu hosp,2026-01-17,quantile,0.95,112
2025-12-27,02,3,wk inc flu hosp,2026-01-17,quantile,0.975,122
2025-12-27,02,3,wk inc flu hosp,2026-01-17,quantile,0.99,139
2025-12-27,04,0,wk inc flu hosp,2025-12-27,quantile,0.01,75
2025-12-27,04,0,wk inc flu hosp,2025-12-27,quantile,0.025,85
2025-12-27,04,0,wk inc flu hosp,2025-12-27,quantile,0.05,94
2025-12-27,04,0,wk inc flu hosp,2025-12-27,quantile,0.1,108
2025-12-27,04,0,wk inc flu hosp,2025-12-27,quantile,0.15,119
2025-12-27,04,0,wk inc flu hosp,2025-12-27,quantile,0.2,128
2025-12-27,04,0,wk inc flu hosp,2025-12-27,quantile,0.25,137
2025-12-27,04,0,wk inc flu hosp,2025-12-27,quantile,0.3,145
2025-12-27,04,0,wk inc flu hosp,2025-12-27,quantile,0.35,151
2025-12-27,04,0,wk inc flu hosp,2025-12-27,quantile,0.4,158
2025-12-27,04,0,wk inc flu hosp,2025-12-27,quantile,0.45,165
2025-12-27,04,0,wk inc flu hosp,2025-12-27,quantile,0.5,174
2025-12-27,04,0,wk inc flu hosp,2025-12-27,quantile,0.55,180
2025-12-27,04,0,wk inc flu hosp,2025-12-27,quantile,0.6,187
2025-12-27,04,0,wk inc flu hosp,2025-12-27,quantile,0.65,194
2025-12-27,04,0,wk inc flu hosp,2025-12-27,quantile,0.7,204
2025-12-27,04,0,wk inc flu hosp,2025-12-27,quantile,0.75,216
2025-12-27,04,0,wk inc flu hosp,2025-12-27,quantile,0.8,226
2025-12-27,04,0,wk inc flu hosp,2025-12-27,quantile,0.85,243
2025-12-27,04,0,wk inc flu hosp,2025-12-27,quantile,0.9,265
2025-12-27,04,0,wk inc flu hosp,2025-12-27,quantile,0.95,302
2025-12-27,04,0,wk inc flu hosp,2025-12-27,quantile,0.975,345
2025-12-27,04,0,wk inc flu hosp,2025-12-27,quantile,0.99,408
2025-12-27,04,1,wk inc flu hosp,2026-01-03,quantile,0.01,73
2025-12-27,04,1,wk inc flu hosp,2026-01-03,quantile,0.025,86
2025-12-27,04,1,wk inc flu hosp,2026-01-03,quantile,0.05,95
2025-12-27,04,1,wk inc flu hosp,2026-01-03,quantile,0.1,115
2025-12-27,04,1,wk inc flu hosp,2026-01-03,quantile,0.15,124
2025-12-27,04,1,wk inc flu hosp,2026-01-03,quantile,0.2,135
2025-12-27,04,1,wk inc flu hosp,2026-01-03,quantile,0.25,151
2025-12-27,04,1,wk inc flu hosp,2026-01-03,quantile,0.3,165
2025-12-27,04,1,wk inc flu hosp,2026-01-03,quantile,0.35,178
2025-12-27,04,1,wk inc flu hosp,2026-01-03,quantile,0.4,191
2025-12-27,04,1,wk inc flu hosp,2026-01-03,quantile,0.45,202
2025-12-27,04,1,wk inc flu hosp,2026-01-03,quantile,0.5,213
2025-12-27,04,1,wk inc flu hosp,2026-01-03,quantile,0.55,222
2025-12-27,04,1,wk inc flu hosp,2026-01-03,quantile,0.6,231
2025-12-27,04,1,wk inc flu hosp,2026-01-03,quantile,0.65,251
2025-12-27,04,1,wk inc flu hosp,2026-01-03,quantile,0.7,260
2025-12-27,04,1,wk inc flu hosp,2026-01-03,quantile,0.75,279
2025-12-27,04,1,wk inc flu hosp,2026-01-03,quantile,0.8,306
2025-12-27,04,1,wk inc flu hosp,2026-01-03,quantile,0.85,333
2025-12-27,04,1,wk inc flu hosp,2026-01-03,quantile,0.9,382
2025-12-27,04,1,wk inc flu hosp,2026-01-03,quantile,0.95,445
2025-12-27,04,1,wk inc flu hosp,2026-01-03,quantile,0.975,516
2025-12-27,04,1,wk inc flu hosp,2026-01-03,quantile,0.99,679
2025-12-27,04,2,wk inc flu hosp,2026-01-10,quantile,0.01,63
2025-12-27,04,2,wk inc flu hosp,2026-01-10,quantile,0.025,81
2025-12-27,04,2,wk inc flu hosp,2026-01-10,quantile,0.05,90
2025-12-27,04,2,wk inc flu hosp,2026-01-10,quantile,0.1,107
2025-12-27,04,2,wk inc flu hosp,2026-01-10,quantile,0.15,123
2025-12-27,04,2,wk inc flu hosp,2026-01-10,quantile,0.2,147
2025-12-27,04,2,wk inc flu hosp,2026-01-10,quantile,0.25,160
2025-12-27,04,2,wk inc flu hosp,2026-01-10,quantile,0.3,179
2025-12-27,04,2,wk inc flu hosp,2026-01-10,quantile,0.35,194
2025-12-27,04,2,wk inc flu hosp,2026-01-10,quantile,0.4,206
2025-12-27,04,2,wk inc flu hosp,2026-01-10,quantile,0.45,218
2025-12-27,04,2,wk inc flu hosp,2026-01-10,quantile,0.5,234
2025-12-27,04,2,wk inc flu hosp,2026-01-10,quantile,0.55,246
2025-12-27,04,2,wk inc flu hosp,2026-01-10,quantile,0.6,258
2025-12-27,04,2,wk inc flu hosp,2026-01-10,quantile,0.65,276
2025-12-27,04,2,wk inc flu hosp,2026-01-10,quantile,0.7,304
2025-12-27,04,2,wk inc flu hosp,2026-01-10,quantile,0.75,337
2025-12-27,04,2,wk inc flu hosp,2026-01-10,quantile,0.8,362
2025-12-27,04,2,wk inc flu hosp,2026-01-10,quantile,0.85,393
2025-12-27,04,2,wk inc flu hosp,2026-01-10,quantile,0.9,436
2025-12-27,04,2,wk inc flu hosp,2026-01-10,quantile,0.95,517
2025-12-27,04,2,wk inc flu hosp,2026-01-10,quantile,0.975,639
2025-12-27,04,2,wk inc flu hosp,2026-01-10,quantile,0.99,749
2025-12-27,04,3,wk inc flu hosp,2026-01-17,quantile,0.01,53
2025-12-27,04,3,wk inc flu hosp,2026-01-17,quantile,0.025,71
2025-12-27,04,3,wk inc flu hosp,2026-01-17,quantile,0.05,82
2025-12-27,04,3,wk inc flu hosp,2026-01-17,quantile,0.1,103
2025-12-27,04,3,wk inc flu hosp,2026-01-17,quantile,0.15,139
2025-12-27,04,3,wk inc flu hosp,2026-01-17,quantile,0.2,163
2025-12-27,04,3,wk inc flu hosp,2026-01-17,quantile,0.25,180
2025-12-27,04,3,wk inc flu hosp,2026-01-17,quantile,0.3,198
2025-12-27,04,3,wk inc flu hosp,2026-01-17,quantile,0.35,211
2025-12-27,04,3,wk inc flu hosp,2026-01-17,quantile,0.4,229
2025-12-27,04,3,wk inc flu hosp,2026-01-17,quantile,0.45,241
2025-12-27,04,3,wk inc flu hosp,2026-01-17,quantile,0.5,253
2025-12-27,04,3,wk inc flu hosp,2026-01-17,quantile,0.55,267
2025-12-27,04,3,wk inc flu hosp,2026-01-17,quantile,0.6,288
2025-12-27,04,3,wk inc flu hosp,2026-01-17,quantile,0.65,311
2025-12-27,04,3,wk inc flu hosp,2026-01-17,quantile,0.7,336
2025-12-27,04,3,wk inc flu hosp,2026-01-17,quantile,0.75,365
2025-12-27,04,3,wk inc flu hosp,2026-01-17,quantile,0.8,390
2025-12-27,04,3,wk inc flu hosp,2026-01-17,quantile,0.85,434
2025-12-27,04,3,wk inc flu hosp,2026-01-17,quantile,0.9,528
2025-12-27,04,3,wk inc flu hosp,2026-01-17,quantile,0.95,667
2025-12-27,04,3,wk inc flu hosp,2026-01-17,quantile,0.975,766
2025-12-27,04,3,wk inc flu hosp,2026-01-17,quantile,0.99,994
2025-12-27,05,0,wk inc flu hosp,2025-12-27,quantile,0.01,89
2025-12-27,05,0,wk inc flu hosp,2025-12-27,quantile,0.025,105
2025-12-27,05,0,wk inc flu hosp,2025-12-27,quantile,0.05,121
2025-12-27,05,0,wk inc flu hosp,2025-12-27,quantile,0.1,134
2025-12-27,05,0,wk inc flu hosp,2025-12-27,quantile,0.15,142
2025-12-27,05,0,wk inc flu hosp,2025-12-27,quantile,0.2,150
2025-12-27,05,0,wk inc flu hosp,2025-12-27,quantile,0.25,159
2025-12-27,05,0,wk inc flu hosp,2025-12-27,quantile,0.3,167
2025-12-27,05,0,wk inc flu hosp,2025-12-27,quantile,0.35,174
2025-12-27,05,0,wk inc flu hosp,2025-12-27,quantile,0.4,180
2025-12-27,05,0,wk inc flu hosp,2025-12-27,quantile,0.45,190
2025-12-27,05,0,wk inc flu hosp,2025-12-27,quantile,0.5,201
2025-12-27,05,0,wk inc flu hosp,2025-12-27,quantile,0.55,209
2025-12-27,05,0,wk inc flu hosp,2025-12-27,quantile,0.6,215
2025-12-27,05,0,wk inc flu hosp,2025-12-27,quantile,0.65,221
2025-12-27,05,0,wk inc flu hosp,2025-12-27,quantile,0.7,228
2025-12-27,05,0,wk inc flu hosp,2025-12-27,quantile,0.75,239
2025-12-27,05,0,wk inc flu hosp,2025-12-27,quantile,0.8,251
2025-12-27,05,0,wk inc flu hosp,2025-12-27,quantile,0.85,267
2025-12-27,05,0,wk inc flu hosp,2025-12-27,quantile,0.9,285
2025-12-27,05,0,wk inc flu hosp,2025-12-27,quantile,0.95,315
2025-12-27,05,0,wk inc flu hosp,2025-12-27,quantile,0.975,342
2025-12-27,05,0,wk inc flu hosp,2025-12-27,quantile,0.99,384
2025-12-27,05,1,wk inc flu hosp,2026-01-03,quantile,0.01,77
2025-12-27,05,1,wk inc flu hosp,2026-01-03,quantile,0.025,94
2025-12-27,05,1,wk inc flu hosp,2026-01-03,quantile,0.05,108
2025-12-27,05,1,wk inc flu hosp,2026-01-03,quantile,0.1,128
2025-12-27,05,1,wk inc flu hosp,2026-01-03,quantile,0.15,145
2025-12-27,05,1,wk inc flu hosp,2026-01-03,quantile,0.2,155
2025-12-27,05,1,wk inc flu hosp,2026-01-03,quantile,0.25,168
2025-12-27,05,1,wk inc flu hosp,2026-01-03,quantile,0.3,183
2025-12-27,05,1,wk inc flu hosp,2026-01-03,quantile,0.35,196
2025-12-27,05,1,wk inc flu hosp,2026-01-03,quantile,0.4,204
2025-12-27,05,1,wk inc flu hosp,2026-01-03,quantile,0.45,217
2025-12-27,05,1,wk inc flu hosp,2026-01-03,quantile,0.5,230
2025-12-27,05,1,wk inc flu hosp,2026-01-03,quantile,0.55,244
2025-12-27,05,1,wk inc flu hosp,2026-01-03,quantile,0.6,257
2025-12-27,05,1,wk inc flu hosp,2026-01-03,quantile,0.65,271
2025-12-27,05,1,wk inc flu hosp,2026-01-03,quantile,0.7,286
2025-12-27,05,1,wk inc flu hosp,2026-01-03,quantile,0.75,299
2025-12-27,05,1,wk inc flu hosp,2026-01-03,quantile,0.8,313
2025-12-27,05,1,wk inc flu hosp,2026-01-03,quantile,0.85,339
2025-12-27,05,1,wk inc flu hosp,2026-01-03,quantile,0.9,378
2025-12-27,05,1,wk inc flu hosp,2026-01-03,quantile,0.95,424
2025-12-27,05,1,wk inc flu hosp,2026-01-03,quantile,0.975,503
2025-12-27,05,1,wk inc flu hosp,2026-01-03,quantile,0.99,547
2025-12-27,05,2,wk inc flu hosp,2026-01-10,quantile,0.01,71
2025-12-27,05,2,wk inc flu hosp,2026-01-10,quantile,0.025,83
2025-12-27,05,2,wk inc flu hosp,2026-01-10,quantile,0.05,109
2025-12-27,05,2,wk inc flu hosp,2026-01-10,quantile,0.1,135
2025-12-27,05,2,wk inc flu hosp,2026-01-10,quantile,0.15,152
2025-12-27,05,2,wk inc flu hosp,2026-01-10,quantile,0.2,166
2025-12-27,05,2,wk inc flu hosp,2026-01-10,quantile,0.25,178
2025-12-27,05,2,wk inc flu hosp,2026-01-10,quantile,0.3,192
2025-12-27,05,2,wk inc flu hosp,2026-01-10,quantile,0.35,203
2025-12-27,05,2,wk inc flu hosp,2026-01-10,quantile,0.4,221
2025-12-27,05,2,wk inc flu hosp,2026-01-10,quantile,0.45,238
2025-12-27,05,2,wk inc flu hosp,2026-01-10,quantile,0.5,253
2025-12-27,05,2,wk inc flu hosp,2026-01-10,quantile,0.55,272
2025-12-27,05,2,wk inc flu hosp,2026-01-10,quantile,0.6,289
2025-12-27,05,2,wk inc flu hosp,2026-01-10,quantile,0.65,307
2025-12-27,05,2,wk inc flu hosp,2026-01-10,quantile,0.7,323
2025-12-27,05,2,wk inc flu hosp,2026-01-10,quantile,0.75,340
2025-12-27,05,2,wk inc flu hosp,2026-01-10,quantile,0.8,363
2025-12-27,05,2,wk inc flu hosp,2026-01-10,quantile,0.85,403
2025-12-27,05,2,wk inc flu hosp,2026-01-10,quantile,0.9,454
2025-12-27,05,2,wk inc flu hosp,2026-01-10,quantile,0.95,532
2025-12-27,05,2,wk inc flu hosp,2026-01-10,quantile,0.975,616
2025-12-27,05,2,wk inc flu hosp,2026-01-10,quantile,0.99,659
2025-12-27,05,3,wk inc flu hosp,2026-01-17,quantile,0.01,61
2025-12-27,05,3,wk inc flu hosp,2026-01-17,quantile,0.025,75
2025-12-27,05,3,wk inc flu hosp,2026-01-17,quantile,0.05,95
2025-12-27,05,3,wk inc flu hosp,2026-01-17,quantile,0.1,127
2025-12-27,05,3,wk inc flu hosp,2026-01-17,quantile,0.15,148
2025-12-27,05,3,wk inc flu hosp,2026-01-17,quantile,0.2,166
2025-12-27,05,3,wk inc flu hosp,2026-01-17,quantile,0.25,183
2025-12-27,05,3,wk inc flu hosp,2026-01-17,quantile,0.3,197
2025-12-27,05,3,wk inc flu hosp,2026-01-17,quantile,0.35,209
2025-12-27,05,3,wk inc flu hosp,2026-01-17,quantile,0.4,223
2025-12-27,05,3,wk inc flu hosp,2026-01-17,quantile,0.45,241
2025-12-27,05,3,wk inc flu hosp,2026-01-17,quantile,0.5,259
2025-12-27,05,3,wk inc flu hosp,2026-01-17,quantile,0.55,285
2025-12-27,05,3,wk inc flu hosp,2026-01-17,quantile,0.6,309
2025-12-27,05,3,wk inc flu hosp,2026-01-17,quantile,0.65,337
2025-12-27,05,3,wk inc flu hosp,2026-01-17,quantile,0.7,367
2025-12-27,05,3,wk inc flu hosp,2026-01-17,quantile,0.75,392
2025-12-27,05,3,wk inc flu hosp,2026-01-17,quantile,0.8,425
2025-12-27,05,3,wk inc flu hosp,2026-01-17,quantile,0.85,472
2025-12-27,05,3,wk inc flu hosp,2026-01-17,quantile,0.9,520
2025-12-27,05,3,wk inc flu hosp,2026-01-17,quantile,0.95,595
2025-12-27,05,3,wk inc flu hosp,2026-01-17,quantile,0.975,649
2025-12-27,05,3,wk inc flu hosp,2026-01-17,quantile,0.99,705
2025-12-27,06,0,wk inc flu hosp,2025-12-27,quantile,0.01,409
2025-12-27,06,0,wk inc flu hosp,2025-12-27,quantile,0.025,478
2025-12-27,06,0,wk inc flu hosp,2025-12-27,quantile,0.05,535
2025-12-27,06,0,wk inc flu hosp,2025-12-27,quantile,0.1,614
2025-12-27,06,0,wk inc flu hosp,2025-12-27,quantile,0.15,650
2025-12-27,06,0,wk inc flu hosp,2025-12-27,quantile,0.2,680
2025-12-27,06,0,wk inc flu hosp,2025-12-27,quantile,0.25,708
2025-12-27,06,0,wk inc flu hosp,2025-12-27,quantile,0.3,757
2025-12-27,06,0,wk inc flu hosp,2025-12-27,quantile,0.35,785
2025-12-27,06,0,wk inc flu hosp,2025-12-27,quantile,0.4,806
2025-12-27,06,0,wk inc flu hosp,2025-12-27,quantile,0.45,829
2025-12-27,06,0,wk inc flu hosp,2025-12-27,quantile,0.5,867
2025-12-27,06,0,wk inc flu hosp,2025-12-27,quantile,0.55,916
2025-12-27,06,0,wk inc flu hosp,2025-12-27,quantile,0.6,932
2025-12-27,06,0,wk inc flu hosp,2025-12-27,quantile,0.65,939
2025-12-27,06,0,wk inc flu hosp,2025-12-27,quantile,0.7,958
2025-12-27,06,0,wk inc flu hosp,2025-12-27,quantile,0.75,979
2025-12-27,06,0,wk inc flu hosp,2025-12-27,quantile,0.8,1038
2025-12-27,06,0,wk inc flu hosp,2025-12-27,quantile,0.85,1132
2025-12-27,06,0,wk inc flu hosp,2025-12-27,quantile,0.9,1239
2025-12-27,06,0,wk inc flu hosp,2025-12-27,quantile,0.95,1329
2025-12-27,06,0,wk inc flu hosp,2025-12-27,quantile,0.975,1412
2025-12-27,06,0,wk inc flu hosp,2025-12-27,quantile,0.99,1580
2025-12-27,06,1,wk inc flu hosp,2026-01-03,quantile,0.01,393
2025-12-27,06,1,wk inc flu hosp,2026-01-03,quantile,0.025,483
2025-12-27,06,1,wk inc flu hosp,2026-01-03,quantile,0.05,557
2025-12-27,06,1,wk inc flu hosp,2026-01-03,quantile,0.1,632
2025-12-27,06,1,wk inc flu hosp,2026-01-03,quantile,0.15,683
2025-12-27,06,1,wk inc flu hosp,2026-01-03,quantile,0.2,732
2025-12-27,06,1,wk inc flu hosp,2026-01-03,quantile,0.25,789
2025-12-27,06,1,wk inc flu hosp,2026-01-03,quantile,0.3,847
2025-12-27,06,1,wk inc flu hosp,2026-01-03,quantile,0.35,922
2025-12-27,06,1,wk inc flu hosp,2026-01-03,quantile,0.4,970
2025-12-27,06,1,wk inc flu hosp,2026-01-03,quantile,0.45,1048
2025-12-27,06,1,wk inc flu hosp,2026-01-03,quantile,0.5,1112
2025-12-27,06,1,wk inc flu hosp,2026-01-03,quantile,0.55,1166
2025-12-27,06,1,wk inc flu hosp,2026-01-03,quantile,0.6,1230
2025-12-27,06,1,wk inc flu hosp,2026-01-03,quantile,0.65,1267
2025-12-27,06,1,wk inc flu hosp,2026-01-03,quantile,0.7,1337
2025-12-27,06,1,wk inc flu hosp,2026-01-03,quantile,0.75,1372
2025-12-27,06,1,wk inc flu hosp,2026-01-03,quantile,0.8,1409
2025-12-27,06,1,wk inc flu hosp,2026-01-03,quantile,0.85,1462
2025-12-27,06,1,wk inc flu hosp,2026-01-03,quantile,0.9,1570
2025-12-27,06,1,wk inc flu hosp,2026-01-03,quantile,0.95,1803
2025-12-27,06,1,wk inc flu hosp,2026-01-03,quantile,0.975,2077
2025-12-27,06,1,wk inc flu hosp,2026-01-03,quantile,0.99,2324
2025-12-27,06,2,wk inc flu hosp,2026-01-10,quantile,0.01,328
2025-12-27,06,2,wk inc flu hosp,2026-01-10,quantile,0.025,433
2025-12-27,06,2,wk inc flu hosp,2026-01-10,quantile,0.05,520
2025-12-27,06,2,wk inc flu hosp,2026-01-10,quantile,0.1,633
2025-12-27,06,2,wk inc flu hosp,2026-01-10,quantile,0.15,687
2025-12-27,06,2,wk inc flu hosp,2026-01-10,quantile,0.2,758
2025-12-27,06,2,wk inc flu hosp,2026-01-10,quantile,0.25,822
2025-12-27,06,2,wk inc flu hosp,2026-01-10,quantile,0.3,901
2025-12-27,06,2,wk inc flu hosp,2026-01-10,quantile,0.35,977
2025-12-27,06,2,wk inc flu hosp,2026-01-10,quantile,0.4,1043
2025-12-27,06,2,wk inc flu hosp,2026-01-10,quantile,0.45,1110
2025-12-27,06,2,wk inc flu hosp,2026-01-10,quantile,0.5,1185
2025-12-27,06,2,wk inc flu hosp,2026-01-10,quantile,0.55,1247
2025-12-27,06,2,wk inc flu hosp,2026-01-10,quantile,0.6,1323
2025-12-27,06,2,wk inc flu hosp,2026-01-10,quantile,0.65,1423
2025-12-27,06,2,wk inc flu hosp,2026-01-10,quantile,0.7,1535
2025-12-27,06,2,wk inc flu hosp,2026-01-10,quantile,0.75,1638
2025-12-27,06,2,wk inc flu hosp,2026-01-10,quantile,0.8,1734
2025-12-27,06,2,wk inc flu hosp,2026-01-10,quantile,0.85,1855
2025-12-27,06,2,wk inc flu hosp,2026-01-10,quantile,0.9,2061
2025-12-27,06,2,wk inc flu hosp,2026-01-10,quantile,0.95,2483
2025-12-27,06,2,wk inc flu hosp,2026-01-10,quantile,0.975,3020
2025-12-27,06,2,wk inc flu hosp,2026-01-10,quantile,0.99,3312
2025-12-27,06,3,wk inc flu hosp,2026-01-17,quantile,0.01,303
2025-12-27,06,3,wk inc flu hosp,2026-01-17,quantile,0.025,348
2025-12-27,06,3,wk inc flu hosp,2026-01-17,quantile,0.05,527
2025-12-27,06,3,wk inc flu hosp,2026-01-17,quantile,0.1,628
2025-12-27,06,3,wk inc flu hosp,2026-01-17,quantile,0.15,720
2025-12-27,06,3,wk inc flu hosp,2026-01-17,quantile,0.2,797
2025-12-27,06,3,wk inc flu hosp,2026-01-17,quantile,0.25,866
2025-12-27,06,3,wk inc flu hosp,2026-01-17,quantile,0.3,954
2025-12-27,06,3,wk inc flu hosp,2026-01-17,quantile,0.35,1033
2025-12-27,06,3,wk inc flu hosp,2026-01-17,quantile,0.4,1118
2025-12-27,06,3,wk inc flu hosp,2026-01-17,quantile,0.45,1205
2025-12-27,06,3,wk inc flu hosp,2026-01-17,quantile,0.5,1296
2025-12-27,06,3,wk inc flu hosp,2026-01-17,quantile,0.55,1389
2025-12-27,06,3,wk inc flu hosp,2026-01-17,quantile,0.6,1503
2025-12-27,06,3,wk inc flu hosp,2026-01-17,quantile,0.65,1644
2025-12-27,06,3,wk inc flu hosp,2026-01-17,quantile,0.7,1834
2025-12-27,06,3,wk inc flu hosp,2026-01-17,quantile,0.75,2008
2025-12-27,06,3,wk inc flu hosp,2026-01-17,quantile,0.8,2211
2025-12-27,06,3,wk inc flu hosp,2026-01-17,quantile,0.85,2420
2025-12-27,06,3,wk inc flu hosp,2026-01-17,quantile,0.9,2621
2025-12-27,06,3,wk inc flu hosp,2026-01-17,quantile,0.95,3107
2025-12-27,06,3,wk inc flu hosp,2026-01-17,quantile,0.975,3642
2025-12-27,06,3,wk inc flu hosp,2026-01-17,quantile,0.99,4215
2025-12-27,08,0,wk inc flu hosp,2025-12-27,quantile,0.01,371
2025-12-27,08,0,wk inc flu hosp,2025-12-27,quantile,0.025,394
2025-12-27,08,0,wk inc flu hosp,2025-12-27,quantile,0.05,416
2025-12-27,08,0,wk inc flu hosp,2025-12-27,quantile,0.1,452
2025-12-27,08,0,wk inc flu hosp,2025-12-27,quantile,0.15,477
2025-12-27,08,0,wk inc flu hosp,2025-12-27,quantile,0.2,494
2025-12-27,08,0,wk inc flu hosp,2025-12-27,quantile,0.25,526
2025-12-27,08,0,wk inc flu hosp,2025-12-27,quantile,0.3,554
2025-12-27,08,0,wk inc flu hosp,2025-12-27,quantile,0.35,567
2025-12-27,08,0,wk inc flu hosp,2025-12-27,quantile,0.4,597
2025-12-27,08,0,wk inc flu hosp,2025-12-27,quantile,0.45,608
2025-12-27,08,0,wk inc flu hosp,2025-12-27,quantile,0.5,622
2025-12-27,08,0,wk inc flu hosp,2025-12-27,quantile,0.55,641
2025-12-27,08,0,wk inc flu hosp,2025-12-27,quantile,0.6,650
2025-12-27,08,0,wk inc flu hosp,2025-12-27,quantile,0.65,686
2025-12-27,08,0,wk inc flu hosp,2025-12-27,quantile,0.7,712
2025-12-27,08,0,wk inc flu hosp,2025-12-27,quantile,0.75,725
2025-12-27,08,0,wk inc flu hosp,2025-12-27,quantile,0.8,739
2025-12-27,08,0,wk inc flu hosp,2025-12-27,quantile,0.85,754
2025-12-27,08,0,wk inc flu hosp,2025-12-27,quantile,0.9,808
2025-12-27,08,0,wk inc flu hosp,2025-12-27,quantile,0.95,865
2025-12-27,08,0,wk inc flu hosp,2025-12-27,quantile,0.975,912
2025-12-27,08,0,wk inc flu hosp,2025-12-27,quantile,0.99,996
2025-12-27,08,1,wk inc flu hosp,2026-01-03,quantile,0.01,285
2025-12-27,08,1,wk inc flu hosp,2026-01-03,quantile,0.025,320
2025-12-27,08,1,wk inc flu hosp,2026-01-03,quantile,0.05,357
2025-12-27,08,1,wk inc flu hosp,2026-01-03,quantile,0.1,418
2025-12-27,08,1,wk inc flu hosp,2026-01-03,quantile,0.15,451
2025-12-27,08,1,wk inc flu hosp,2026-01-03,quantile,0.2,483
2025-12-27,08,1,wk inc flu hosp,2026-01-03,quantile,0.25,521
2025-12-27,08,1,wk inc flu hosp,2026-01-03,quantile,0.3,541
2025-12-27,08,1,wk inc flu hosp,2026-01-03,quantile,0.35,582
2025-12-27,08,1,wk inc flu hosp,2026-01-03,quantile,0.4,602
2025-12-27,08,1,wk inc flu hosp,2026-01-03,quantile,0.45,637
2025-12-27,08,1,wk inc flu hosp,2026-01-03,quantile,0.5,658
2025-12-27,08,1,wk inc flu hosp,2026-01-03,quantile,0.55,682
2025-12-27,08,1,wk inc flu hosp,2026-01-03,quantile,0.6,710
2025-12-27,08,1,wk inc flu hosp,2026-01-03,quantile,0.65,726
2025-12-27,08,1,wk inc flu hosp,2026-01-03,quantile,0.7,736
2025-12-27,08,1,wk inc flu hosp,2026-01-03,quantile,0.75,767
2025-12-27,08,1,wk inc flu hosp,2026-01-03,quantile,0.8,819
2025-12-27,08,1,wk inc flu hosp,2026-01-03,quantile,0.85,860
2025-12-27,08,1,wk inc flu hosp,2026-01-03,quantile,0.9,922
2025-12-27,08,1,wk inc flu hosp,2026-01-03,quantile,0.95,1026
2025-12-27,08,1,wk inc flu hosp,2026-01-03,quantile,0.975,1072
2025-12-27,08,1,wk inc flu hosp,2026-01-03,quantile,0.99,1127
2025-12-27,08,2,wk inc flu hosp,2026-01-10,quantile,0.01,213
2025-12-27,08,2,wk inc flu hosp,2026-01-10,quantile,0.025,252
2025-12-27,08,2,wk inc flu hosp,2026-01-10,quantile,0.05,300
2025-12-27,08,2,wk inc flu hosp,2026-01-10,quantile,0.1,345
2025-12-27,08,2,wk inc flu hosp,2026-01-10,quantile,0.15,386
2025-12-27,08,2,wk inc flu hosp,2026-01-10,quantile,0.2,426
2025-12-27,08,2,wk inc flu hosp,2026-01-10,quantile,0.25,461
2025-12-27,08,2,wk inc flu hosp,2026-01-10,quantile,0.3,497
2025-12-27,08,2,wk inc flu hosp,2026-01-10,quantile,0.35,535
2025-12-27,08,2,wk inc flu hosp,2026-01-10,quantile,0.4,561
2025-12-27,08,2,wk inc flu hosp,2026-01-10,quantile,0.45,594
2025-12-27,08,2,wk inc flu hosp,2026-01-10,quantile,0.5,622
2025-12-27,08,2,wk inc flu hosp,2026-01-10,quantile,0.55,653
2025-12-27,08,2,wk inc flu hosp,2026-01-10,quantile,0.6,685
2025-12-27,08,2,wk inc flu hosp,2026-01-10,quantile,0.65,706
2025-12-27,08,2,wk inc flu hosp,2026-01-10,quantile,0.7,750
2025-12-27,08,2,wk inc flu hosp,2026-01-10,quantile,0.75,807
2025-12-27,08,2,wk inc flu hosp,2026-01-10,quantile,0.8,850
2025-12-27,08,2,wk inc flu hosp,2026-01-10,quantile,0.85,911
2025-12-27,08,2,wk inc flu hosp,2026-01-10,quantile,0.9,980
2025-12-27,08,2,wk inc flu hosp,2026-01-10,quantile,0.95,1090
2025-12-27,08,2,wk inc flu hosp,2026-01-10,quantile,0.975,1217
2025-12-27,08,2,wk inc flu hosp,2026-01-10,quantile,0.99,1339
2025-12-27,08,3,wk inc flu hosp,2026-01-17,quantile,0.01,149
2025-12-27,08,3,wk inc flu hosp,2026-01-17,quantile,0.025,204
2025-12-27,08,3,wk inc flu hosp,2026-01-17,quantile,0.05,243
2025-12-27,08,3,wk inc flu hosp,2026-01-17,quantile,0.1,299
2025-12-27,08,3,wk inc flu hosp,2026-01-17,quantile,0.15,346
2025-12-27,08,3,wk inc flu hosp,2026-01-17,quantile,0.2,381
2025-12-27,08,3,wk inc flu hosp,2026-01-17,quantile,0.25,408
2025-12-27,08,3,wk inc flu hosp,2026-01-17,quantile,0.3,439
2025-12-27,08,3,wk inc flu hosp,2026-01-17,quantile,0.35,480
2025-12-27,08,3,wk inc flu hosp,2026-01-17,quantile,0.4,512
2025-12-27,08,3,wk inc flu hosp,2026-01-17,quantile,0.45,549
2025-12-27,08,3,wk inc flu hosp,2026-01-17,quantile,0.5,580
2025-12-27,08,3,wk inc flu hosp,2026-01-17,quantile,0.55,630
2025-12-27,08,3,wk inc flu hosp,2026-01-17,quantile,0.6,665
2025-12-27,08,3,wk inc flu hosp,2026-01-17,quantile,0.65,714
2025-12-27,08,3,wk inc flu hosp,2026-01-17,quantile,0.7,739
2025-12-27,08,3,wk inc flu hosp,2026-01-17,quantile,0.75,777
2025-12-27,08,3,wk inc flu hosp,2026-01-17,quantile,0.8,815
2025-12-27,08,3,wk inc flu hosp,2026-01-17,quantile,0.85,881
2025-12-27,08,3,wk inc flu hosp,2026-01-17,quantile,0.9,960
2025-12-27,08,3,wk inc flu hosp,2026-01-17,quantile,0.95,1009
2025-12-27,08,3,wk inc flu hosp,2026-01-17,quantile,0.975,1120
2025-12-27,08,3,wk inc flu hosp,2026-01-17,quantile,0.99,1179
2025-12-27,09,0,wk inc flu hosp,2025-12-27,quantile,0.01,285
2025-12-27,09,0,wk inc flu hosp,2025-12-27,quantile,0.025,322
2025-12-27,09,0,wk inc flu hosp,2025-12-27,quantile,0.05,354
2025-12-27,09,0,wk inc flu hosp,2025-12-27,quantile,0.1,400
2025-12-27,09,0,wk inc flu hosp,2025-12-27,quantile,0.15,431
2025-12-27,09,0,wk inc flu hosp,2025-12-27,quantile,0.2,448
2025-12-27,09,0,wk inc flu hosp,2025-12-27,quantile,0.25,465
2025-12-27,09,0,wk inc flu hosp,2025-12-27,quantile,0.3,485
2025-12-27,09,0,wk inc flu hosp,2025-12-27,quantile,0.35,501
2025-12-27,09,0,wk inc flu hosp,2025-12-27,quantile,0.4,508
2025-12-27,09,0,wk inc flu hosp,2025-12-27,quantile,0.45,520
2025-12-27,09,0,wk inc flu hosp,2025-12-27,quantile,0.5,533
2025-12-27,09,0,wk inc flu hosp,2025-12-27,quantile,0.55,547
2025-12-27,09,0,wk inc flu hosp,2025-12-27,quantile,0.6,554
2025-12-27,09,0,wk inc flu hosp,2025-12-27,quantile,0.65,576
2025-12-27,09,0,wk inc flu hosp,2025-12-27,quantile,0.7,611
2025-12-27,09,0,wk inc flu hosp,2025-12-27,quantile,0.75,637
2025-12-27,09,0,wk inc flu hosp,2025-12-27,quantile,0.8,668
2025-12-27,09,0,wk inc flu hosp,2025-12-27,quantile,0.85,704
2025-12-27,09,0,wk inc flu hosp,2025-12-27,quantile,0.9,738
2025-12-27,09,0,wk inc flu hosp,2025-12-27,quantile,0.95,833
2025-12-27,09,0,wk inc flu hosp,2025-12-27,quantile,0.975,859
2025-12-27,09,0,wk inc flu hosp,2025-12-27,quantile,0.99,896
2025-12-27,09,1,wk inc flu hosp,2026-01-03,quantile,0.01,269
2025-12-27,09,1,wk inc flu hosp,2026-01-03,quantile,0.025,309
2025-12-27,09,1,wk inc flu hosp,2026-01-03,quantile,0.05,351
2025-12-27,09,1,wk inc flu hosp,2026-01-03,quantile,0.1,381
2025-12-27,09,1,wk inc flu hosp,2026-01-03,quantile,0.15,404
2025-12-27,09,1,wk inc flu hosp,2026-01-03,quantile,0.2,428
2025-12-27,09,1,wk inc flu hosp,2026-01-03,quantile,0.25,452
2025-12-27,09,1,wk inc flu hosp,2026-01-03,quantile,0.3,476
2025-12-27,09,1,wk inc flu hosp,2026-01-03,quantile,0.35,496
2025-12-27,09,1,wk inc flu hosp,2026-01-03,quantile,0.4,519
2025-12-27,09,1,wk inc flu hosp,2026-01-03,quantile,0.45,540
2025-12-27,09,1,wk inc flu hosp,2026-01-03,quantile,0.5,557
2025-12-27,09,1,wk inc flu hosp,2026-01-03,quantile,0.55,567
2025-12-27,09,1,wk inc flu hosp,2026-01-03,quantile,0.6,592
2025-12-27,09,1,wk inc flu hosp,2026-01-03,quantile,0.65,602
2025-12-27,09,1,wk inc flu hosp,2026-01-03,quantile,0.7,646
2025-12-27,09,1,wk inc flu hosp,2026-01-03,quantile,0.75,691
2025-12-27,09,1,wk inc flu hosp,2026-01-03,quantile,0.8,750
2025-12-27,09,1,wk inc flu hosp,2026-01-03,quantile,0.85,797
2025-12-27,09,1,wk inc flu hosp,2026-01-03,quantile,0.9,844
2025-12-27,09,1,wk inc flu hosp,2026-01-03,quantile,0.95,934
2025-12-27,09,1,wk inc flu hosp,2026-01-03,quantile,0.975,986
2025-12-27,09,1,wk inc flu hosp,2026-01-03,quantile,0.99,1120
2025-12-27,09,2,wk inc flu hosp,2026-01-10,quantile,0.01,198
2025-12-27,09,2,wk inc flu hosp,2026-01-10,quantile,0.025,250
2025-12-27,09,2,wk inc flu hosp,2026-01-10,quantile,0.05,287
2025-12-27,09,2,wk inc flu hosp,2026-01-10,quantile,0.1,327
2025-12-27,09,2,wk inc flu hosp,2026-01-10,quantile,0.15,349
2025-12-27,09,2,wk inc flu hosp,2026-01-10,quantile,0.2,369
2025-12-27,09,2,wk inc flu hosp,2026-01-10,quantile,0.25,400
2025-12-27,09,2,wk inc flu hosp,2026-01-10,quantile,0.3,426
2025-12-27,09,2,wk inc flu hosp,2026-01-10,quantile,0.35,453
2025-12-27,09,2,wk inc flu hosp,2026-01-10,quantile,0.4,465
2025-12-27,09,2,wk inc flu hosp,2026-01-10,quantile,0.45,480
2025-12-27,09,2,wk inc flu hosp,2026-01-10,quantile,0.5,504
2025-12-27,09,2,wk inc flu hosp,2026-01-10,quantile,0.55,535
2025-12-27,09,2,wk inc flu hosp,2026-01-10,quantile,0.6,569
2025-12-27,09,2,wk inc flu hosp,2026-01-10,quantile,0.65,623
2025-12-27,09,2,wk inc flu hosp,2026-01-10,quantile,0.7,650
2025-12-27,09,2,wk inc flu hosp,2026-01-10,quantile,0.75,678
2025-12-27,09,2,wk inc flu hosp,2026-01-10,quantile,0.8,710
2025-12-27,09,2,wk inc flu hosp,2026-01-10,quantile,0.85,765
2025-12-27,09,2,wk inc flu hosp,2026-01-10,quantile,0.9,819
2025-12-27,09,2,wk inc flu hosp,2026-01-10,quantile,0.95,912
2025-12-27,09,2,wk inc flu hosp,2026-01-10,quantile,0.975,1020
2025-12-27,09,2,wk inc flu hosp,2026-01-10,quantile,0.99,1150
2025-12-27,09,3,wk inc flu hosp,2026-01-17,quantile,0.01,177
2025-12-27,09,3,wk inc flu hosp,2026-01-17,quantile,0.025,214
2025-12-27,09,3,wk inc flu hosp,2026-01-17,quantile,0.05,244
2025-12-27,09,3,wk inc flu hosp,2026-01-17,quantile,0.1,281
2025-12-27,09,3,wk inc flu hosp,2026-01-17,quantile,0.15,311
2025-12-27,09,3,wk inc flu hosp,2026-01-17,quantile,0.2,335
2025-12-27,09,3,wk inc flu hosp,2026-01-17,quantile,0.25,352
2025-12-27,09,3,wk inc flu hosp,2026-01-17,quantile,0.3,384
2025-12-27,09,3,wk inc flu hosp,2026-01-17,quantile,0.35,413
2025-12-27,09,3,wk inc flu hosp,2026-01-17,quantile,0.4,421
2025-12-27,09,3,wk inc flu hosp,2026-01-17,quantile,0.45,435
2025-12-27,09,3,wk inc flu hosp,2026-01-17,quantile,0.5,469
2025-12-27,09,3,wk inc flu hosp,2026-01-17,quantile,0.55,520
2025-12-27,09,3,wk inc flu hosp,2026-01-17,quantile,0.6,557
2025-12-27,09,3,wk inc flu hosp,2026-01-17,quantile,0.65,594
2025-12-27,09,3,wk inc flu hosp,2026-01-17,quantile,0.7,614
2025-12-27,09,3,wk inc flu hosp,2026-01-17,quantile,0.75,645
2025-12-27,09,3,wk inc flu hosp,2026-01-17,quantile,0.8,681
2025-12-27,09,3,wk inc flu hosp,2026-01-17,quantile,0.85,700
2025-12-27,09,3,wk inc flu hosp,2026-01-17,quantile,0.9,755
2025-12-27,09,3,wk inc flu hosp,2026-01-17,quantile,0.95,883
2025-12-27,09,3,wk inc flu hosp,2026-01-17,quantile,0.975,949
2025-12-27,09,3,wk inc flu hosp,2026-01-17,quantile,0.99,1083
2025-12-27,10,0,wk inc flu hosp,2025-12-27,quantile,0.01,63
2025-12-27,10,0,wk inc flu hosp,2025-12-27,quantile,0.025,68
2025-12-27,10,0,wk inc flu hosp,2025-12-27,quantile,0.05,77
2025-12-27,10,0,wk inc flu hosp,2025-12-27,quantile,0.1,86
2025-12-27,10,0,wk inc flu hosp,2025-12-27,quantile,0.15,93
2025-12-27,10,0,wk inc flu hosp,2025-12-27,quantile,0.2,99
2025-12-27,10,0,wk inc flu hosp,2025-12-27,quantile,0.25,102
2025-12-27,10,0,wk inc flu hosp,2025-12-27,quantile,0.3,111
2025-12-27,10,0,wk inc flu hosp,2025-12-27,quantile,0.35,117
2025-12-27,10,0,wk inc flu hosp,2025-12-27,quantile,0.4,121
2025-12-27,10,0,wk inc flu hosp,2025-12-27,quantile,0.45,124
2025-12-27,10,0,wk inc flu hosp,2025-12-27,quantile,0.5,131
2025-12-27,10,0,wk inc flu hosp,2025-12-27,quantile,0.55,136
2025-12-27,10,0,wk inc flu hosp,2025-12-27,quantile,0.6,142
2025-12-27,10,0,wk inc flu hosp,2025-12-27,quantile,0.65,145
2025-12-27,10,0,wk inc flu hosp,2025-12-27,quantile,0.7,150
2025-12-27,10,0,wk inc flu hosp,2025-12-27,quantile,0.75,153
2025-12-27,10,0,wk inc flu hosp,2025-12-27,quantile,0.8,161
2025-12-27,10,0,wk inc flu hosp,2025-12-27,quantile,0.85,170
2025-12-27,10,0,wk inc flu hosp,2025-12-27,quantile,0.9,184
2025-12-27,10,0,wk inc flu hosp,2025-12-27,quantile,0.95,203
2025-12-27,10,0,wk inc flu hosp,2025-12-27,quantile,0.975,230
2025-12-27,10,0,wk inc flu hosp,2025-12-27,quantile,0.99,270
2025-12-27,10,1,wk inc flu hosp,2026-01-03,quantile,0.01,61
2025-12-27,10,1,wk inc flu hosp,2026-01-03,quantile,0.025,68
2025-12-27,10,1,wk inc flu hosp,2026-01-03,quantile,0.05,77
2025-12-27,10,1,wk inc flu hosp,2026-01-03,quantile,0.1,86
2025-12-27,10,1,wk inc flu hosp,2026-01-03,quantile,0.15,97
2025-12-27,10,1,wk inc flu hosp,2026-01-03,quantile,0.2,105
2025-12-27,10,1,wk inc flu hosp,2026-01-03,quantile,0.25,112
2025-12-27,10,1,wk inc flu hosp,2026-01-03,quantile,0.3,119
2025-12-27,10,1,wk inc flu hosp,2026-01-03,quantile,0.35,124
2025-12-27,10,1,wk inc flu hosp,2026-01-03,quantile,0.4,129
2025-12-27,10,1,wk inc flu hosp,2026-01-03,quantile,0.45,138
2025-12-27,10,1,wk inc flu hosp,2026-01-03,quantile,0.5,143
2025-12-27,10,1,wk inc flu hosp,2026-01-03,quantile,0.55,146
2025-12-27,10,1,wk inc flu hosp,2026-01-03,quantile,0.6,151
2025-12-27,10,1,wk inc flu hosp,2026-01-03,quantile,0.65,163
2025-12-27,10,1,wk inc flu hosp,2026-01-03,quantile,0.7,173
2025-12-27,10,1,wk inc flu hosp,2026-01-03,quantile,0.75,181
2025-12-27,10,1,wk inc flu hosp,2026-01-03,quantile,0.8,203
2025-12-27,10,1,wk inc flu hosp,2026-01-03,quantile,0.85,211
2025-12-27,10,1,wk inc flu hosp,2026-01-03,quantile,0.9,231
2025-12-27,10,1,wk inc flu hosp,2026-01-03,quantile,0.95,269
2025-12-27,10,1,wk inc flu hosp,2026-01-03,quantile,0.975,291
2025-12-27,10,1,wk inc flu hosp,2026-01-03,quantile,0.99,308
2025-12-27,10,2,wk inc flu hosp,2026-01-10,quantile,0.01,49
2025-12-27,10,2,wk inc flu hosp,2026-01-10,quantile,0.025,61
2025-12-27,10,2,wk inc flu hosp,2026-01-10,quantile,0.05,66
2025-12-27,10,2,wk inc flu hosp,2026-01-10,quantile,0.1,77
2025-12-27,10,2,wk inc flu hosp,2026-01-10,quantile,0.15,87
2025-12-27,10,2,wk inc flu hosp,2026-01-10,quantile,0.2,99
2025-12-27,10,2,wk inc flu hosp,2026-01-10,quantile,0.25,110
2025-12-27,10,2,wk inc flu hosp,2026-01-10,quantile,0.3,116
2025-12-27,10,2,wk inc flu hosp,2026-01-10,quantile,0.35,119
2025-12-27,10,2,wk inc flu hosp,2026-01-10,quantile,0.4,121
2025-12-27,10,2,wk inc flu hosp,2026-01-10,quantile,0.45,125
2025-12-27,10,2,wk inc flu hosp,2026-01-10,quantile,0.5,130
2025-12-27,10,2,wk inc flu hosp,2026-01-10,quantile,0.55,144
2025-12-27,10,2,wk inc flu hosp,2026-01-10,quantile,0.6,160
2025-12-27,10,2,wk inc flu hosp,2026-01-10,quantile,0.65,167
2025-12-27,10,2,wk inc flu hosp,2026-01-10,quantile,0.7,178
2025-12-27,10,2,wk inc flu hosp,2026-01-10,quantile,0.75,193
2025-12-27,10,2,wk inc flu hosp,2026-01-10,quantile,0.8,214
2025-12-27,10,2,wk inc flu hosp,2026-01-10,quantile,0.85,235
2025-12-27,10,2,wk inc flu hosp,2026-01-10,quantile,0.9,246
2025-12-27,10,2,wk inc flu hosp,2026-01-10,quantile,0.95,264
2025-12-27,10,2,wk inc flu hosp,2026-01-10,quantile,0.975,312
2025-12-27,10,2,wk inc flu hosp,2026-01-10,quantile,0.99,348
2025-12-27,10,3,wk inc flu hosp,2026-01-17,quantile,0.01,43
2025-12-27,10,3,wk inc flu hosp,2026-01-17,quantile,0.025,52
2025-12-27,10,3,wk inc flu hosp,2026-01-17,quantile,0.05,58
2025-12-27,10,3,wk inc flu hosp,2026-01-17,quantile,0.1,70
2025-12-27,10,3,wk inc flu hosp,2026-01-17,quantile,0.15,81
2025-12-27,10,3,wk inc flu hosp,2026-01-17,quantile,0.2,91
2025-12-27,10,3,wk inc flu hosp,2026-01-17,quantile,0.25,99
2025-12-27,10,3,wk inc flu hosp,2026-01-17,quantile,0.3,105
2025-12-27,10,3,wk inc flu hosp,2026-01-17,quantile,0.35,112
2025-12-27,10,3,wk inc flu hosp,2026-01-17,quantile,0.4,117
2025-12-27,10,3,wk inc flu hosp,2026-01-17,quantile,0.45,120
2025-12-27,10,3,wk inc flu hosp,2026-01-17,quantile,0.5,128
2025-12-27,10,3,wk inc flu hosp,2026-01-17,quantile,0.55,138
2025-12-27,10,3,wk inc flu hosp,2026-01-17,quantile,0.6,149
2025-12-27,10,3,wk inc flu hosp,2026-01-17,quantile,0.65,156
2025-12-27,10,3,wk inc flu hosp,2026-01-17,quantile,0.7,169
2025-12-27,10,3,wk inc flu hosp,2026-01-17,quantile,0.75,187
2025-12-27,10,3,wk inc flu hosp,2026-01-17,quantile,0.8,204
2025-12-27,10,3,wk inc flu hosp,2026-01-17,quantile,0.85,227
2025-12-27,10,3,wk inc flu hosp,2026-01-17,quantile,0.9,240
2025-12-27,10,3,wk inc flu hosp,2026-01-17,quantile,0.95,276
2025-12-27,10,3,wk inc flu hosp,2026-01-17,quantile,0.975,316
2025-12-27,10,3,wk inc flu hosp,2026-01-17,quantile,0.99,353
2025-12-27,11,0,wk inc flu hosp,2025-12-27,quantile,0.01,14
2025-12-27,11,0,wk inc flu hosp,2025-12-27,quantile,0.025,18
2025-12-27,11,0,wk inc flu hosp,2025-12-27,quantile,0.05,21
2025-12-27,11,0,wk inc flu hosp,2025-12-27,quantile,0.1,27
2025-12-27,11,0,wk inc flu hosp,2025-12-27,quantile,0.15,30
2025-12-27,11,0,wk inc flu hosp,2025-12-27,quantile,0.2,34
2025-12-27,11,0,wk inc flu hosp,2025-12-27,quantile,0.25,35
2025-12-27,11,0,wk inc flu hosp,2025-12-27,quantile,0.3,37
2025-12-27,11,0,wk inc flu hosp,2025-12-27,quantile,0.35,40
2025-12-27,11,0,wk inc flu hosp,2025-12-27,quantile,0.4,41
2025-12-27,11,0,wk inc flu hosp,2025-12-27,quantile,0.45,42
2025-12-27,11,0,wk inc flu hosp,2025-12-27,quantile,0.5,46
2025-12-27,11,0,wk inc flu hosp,2025-12-27,quantile,0.55,48
2025-12-27,11,0,wk inc flu hosp,2025-12-27,quantile,0.6,49
2025-12-27,11,0,wk inc flu hosp,2025-12-27,quantile,0.65,52
2025-12-27,11,0,wk inc flu hosp,2025-12-27,quantile,0.7,55
2025-12-27,11,0,wk inc flu hosp,2025-12-27,quantile,0.75,56
2025-12-27,11,0,wk inc flu hosp,2025-12-27,quantile,0.8,60
2025-12-27,11,0,wk inc flu hosp,2025-12-27,quantile,0.85,64
2025-12-27,11,0,wk inc flu hosp,2025-12-27,quantile,0.9,71
2025-12-27,11,0,wk inc flu hosp,2025-12-27,quantile,0.95,79
2025-12-27,11,0,wk inc flu hosp,2025-12-27,quantile,0.975,90
2025-12-27,11,0,wk inc flu hosp,2025-12-27,quantile,0.99,98
2025-12-27,11,1,wk inc flu hosp,2026-01-03,quantile,0.01,11
2025-12-27,11,1,wk inc flu hosp,2026-01-03,quantile,0.025,16
2025-12-27,11,1,wk inc flu hosp,2026-01-03,quantile,0.05,19
2025-12-27,11,1,wk inc flu hosp,2026-01-03,quantile,0.1,25
2025-12-27,11,1,wk inc flu hosp,2026-01-03,quantile,0.15,31
2025-12-27,11,1,wk inc flu hosp,2026-01-03,quantile,0.2,34
2025-12-27,11,1,wk inc flu hosp,2026-01-03,quantile,0.25,38
2025-12-27,11,1,wk inc flu hosp,2026-01-03,quantile,0.3,39
2025-12-27,11,1,wk inc flu hosp,2026-01-03,quantile,0.35,41
2025-12-27,11,1,wk inc flu hosp,2026-01-03,quantile,0.4,44
2025-12-27,11,1,wk inc flu hosp,2026-01-03,quantile,0.45,45
2025-12-27,11,1,wk inc flu hosp,2026-01-03,quantile,0.5,49
2025-12-27,11,1,wk inc flu hosp,2026-01-03,quantile,0.55,52
2025-12-27,11,1,wk inc flu hosp,2026-01-03,quantile,0.6,55
2025-12-27,11,1,wk inc flu hosp,2026-01-03,quantile,0.65,58
2025-12-27,11,1,wk inc flu hosp,2026-01-03,quantile,0.7,62
2025-12-27,11,1,wk inc flu hosp,2026-01-03,quantile,0.75,68
2025-12-27,11,1,wk inc flu hosp,2026-01-03,quantile,0.8,72
2025-12-27,11,1,wk inc flu hosp,2026-01-03,quantile,0.85,82
2025-12-27,11,1,wk inc flu hosp,2026-01-03,quantile,0.9,95
2025-12-27,11,1,wk inc flu hosp,2026-01-03,quantile,0.95,112
2025-12-27,11,1,wk inc flu hosp,2026-01-03,quantile,0.975,123
2025-12-27,11,1,wk inc flu hosp,2026-01-03,quantile,0.99,138
2025-12-27,11,2,wk inc flu hosp,2026-01-10,quantile,0.01,11
2025-12-27,11,2,wk inc flu hosp,2026-01-10,quantile,0.025,15
2025-12-27,11,2,wk inc flu hosp,2026-01-10,quantile,0.05,19
2025-12-27,11,2,wk inc flu hosp,2026-01-10,quantile,0.1,24
2025-12-27,11,2,wk inc flu hosp,2026-01-10,quantile,0.15,29
2025-12-27,11,2,wk inc flu hosp,2026-01-10,quantile,0.2,33
2025-12-27,11,2,wk inc flu hosp,2026-01-10,quantile,0.25,35
2025-12-27,11,2,wk inc flu hosp,2026-01-10,quantile,0.3,38
2025-12-27,11,2,wk inc flu hosp,2026-01-10,quantile,0.35,42
2025-12-27,11,2,wk inc flu hosp,2026-01-10,quantile,0.4,43
2025-12-27,11,2,wk inc flu hosp,2026-01-10,quantile,0.45,46
2025-12-27,11,2,wk inc flu hosp,2026-01-10,quantile,0.5,50
2025-12-27,11,2,wk inc flu hosp,2026-01-10,quantile,0.55,53
2025-12-27,11,2,wk inc flu hosp,2026-01-10,quantile,0.6,54
2025-12-27,11,2,wk inc flu hosp,2026-01-10,quantile,0.65,58
2025-12-27,11,2,wk inc flu hosp,2026-01-10,quantile,0.7,61
2025-12-27,11,2,wk inc flu hosp,2026-01-10,quantile,0.75,65
2025-12-27,11,2,wk inc flu hosp,2026-01-10,quantile,0.8,72
2025-12-27,11,2,wk inc flu hosp,2026-01-10,quantile,0.85,81
2025-12-27,11,2,wk inc flu hosp,2026-01-10,quantile,0.9,92
2025-12-27,11,2,wk inc flu hosp,2026-01-10,quantile,0.95,116
2025-12-27,11,2,wk inc flu hosp,2026-01-10,quantile,0.975,140
2025-12-27,11,2,wk inc flu hosp,2026-01-10,quantile,0.99,156
2025-12-27,11,3,wk inc flu hosp,2026-01-17,quantile,0.01,10
2025-12-27,11,3,wk inc flu hosp,2026-01-17,quantile,0.025,13
2025-12-27,11,3,wk inc flu hosp,2026-01-17,quantile,0.05,16
2025-12-27,11,3,wk inc flu hosp,2026-01-17,quantile,0.1,23
2025-12-27,11,3,wk inc flu hosp,2026-01-17,quantile,0.15,25
2025-12-27,11,3,wk inc flu hosp,2026-01-17,quantile,0.2,27
2025-12-27,11,3,wk inc flu hosp,2026-01-17,quantile,0.25,30
2025-12-27,11,3,wk inc flu hosp,2026-01-17,quantile,0.3,33
2025-12-27,11,3,wk inc flu hosp,2026-01-17,quantile,0.35,37
2025-12-27,11,3,wk inc flu hosp,2026-01-17,quantile,0.4,42
2025-12-27,11,3,wk inc flu hosp,2026-01-17,quantile,0.45,45
2025-12-27,11,3,wk inc flu hosp,2026-01-17,quantile,0.5,47
2025-12-27,11,3,wk inc flu hosp,2026-01-17,quantile,0.55,50
2025-12-27,11,3,wk inc flu hosp,2026-01-17,quantile,0.6,54
2025-12-27,11,3,wk inc flu hosp,2026-01-17,quantile,0.65,59
2025-12-27,11,3,wk inc flu hosp,2026-01-17,quantile,0.7,67
2025-12-27,11,3,wk inc flu hosp,2026-01-17,quantile,0.75,74
2025-12-27,11,3,wk inc flu hosp,2026-01-17,quantile,0.8,82
2025-12-27,11,3,wk inc flu hosp,2026-01-17,quantile,0.85,86
2025-12-27,11,3,wk inc flu hosp,2026-01-17,quantile,0.9,97
2025-12-27,11,3,wk inc flu hosp,2026-01-17,quantile,0.95,117
2025-12-27,11,3,wk inc flu hosp,2026-01-17,quantile,0.975,138
2025-12-27,11,3,wk inc flu hosp,2026-01-17,quantile,0.99,164
2025-12-27,12,0,wk inc flu hosp,2025-12-27,quantile,0.01,994
2025-12-27,12,0,wk inc flu hosp,2025-12-27,quantile,0.025,1101
2025-12-27,12,0,wk inc flu hosp,2025-12-27,quantile,0.05,1224
2025-12-27,12,0,wk inc flu hosp,2025-12-27,quantile,0.1,1380
2025-12-27,12,0,wk inc flu hosp,2025-12-27,quantile,0.15,1479
2025-12-27,12,0,wk inc flu hosp,2025-12-27,quantile,0.2,1511
2025-12-27,12,0,wk inc flu hosp,2025-12-27,quantile,0.25,1549
2025-12-27,12,0,wk inc flu hosp,2025-12-27,quantile,0.3,1581
2025-12-27,12,0,wk inc flu hosp,2025-12-27,quantile,0.35,1637
2025-12-27,12,0,wk inc flu hosp,2025-12-27,quantile,0.4,1694
2025-12-27,12,0,wk inc flu hosp,2025-12-27,quantile,0.45,1733
2025-12-27,12,0,wk inc flu hosp,2025-12-27,quantile,0.5,1774
2025-12-27,12,0,wk inc flu hosp,2025-12-27,quantile,0.55,1818
2025-12-27,12,0,wk inc flu hosp,2025-12-27,quantile,0.6,1854
2025-12-27,12,0,wk inc flu hosp,2025-12-27,quantile,0.65,1910
2025-12-27,12,0,wk inc flu hosp,2025-12-27,quantile,0.7,1975
2025-12-27,12,0,wk inc flu hosp,2025-12-27,quantile,0.75,2044
2025-12-27,12,0,wk inc flu hosp,2025-12-27,quantile,0.8,2110
2025-12-27,12,0,wk inc flu hosp,2025-12-27,quantile,0.85,2179
2025-12-27,12,0,wk inc flu hosp,2025-12-27,quantile,0.9,2273
2025-12-27,12,0,wk inc flu hosp,2025-12-27,quantile,0.95,2404
2025-12-27,12,0,wk inc flu hosp,2025-12-27,quantile,0.975,2484
2025-12-27,12,0,wk inc flu hosp,2025-12-27,quantile,0.99,2786
2025-12-27,12,1,wk inc flu hosp,2026-01-03,quantile,0.01,804
2025-12-27,12,1,wk inc flu hosp,2026-01-03,quantile,0.025,938
2025-12-27,12,1,wk inc flu hosp,2026-01-03,quantile,0.05,1123
2025-12-27,12,1,wk inc flu hosp,2026-01-03,quantile,0.1,1260
2025-12-27,12,1,wk inc flu hosp,2026-01-03,quantile,0.15,1366
2025-12-27,12,1,wk inc flu hosp,2026-01-03,quantile,0.2,1463
2025-12-27,12,1,wk inc flu hosp,2026-01-03,quantile,0.25,1547
2025-12-27,12,1,wk inc flu hosp,2026-01-03,quantile,0.3,1648
2025-12-27,12,1,wk inc flu hosp,2026-01-03,quantile,0.35,1703
2025-12-27,12,1,wk inc flu hosp,2026-01-03,quantile,0.4,1783
2025-12-27,12,1,wk inc flu hosp,2026-01-03,quantile,0.45,1865
2025-12-27,12,1,wk inc flu hosp,2026-01-03,quantile,0.5,1954
2025-12-27,12,1,wk inc flu hosp,2026-01-03,quantile,0.55,2028
2025-12-27,12,1,wk inc flu hosp,2026-01-03,quantile,0.6,2112
2025-12-27,12,1,wk inc flu hosp,2026-01-03,quantile,0.65,2206
2025-12-27,12,1,wk inc flu hosp,2026-01-03,quantile,0.7,2288
2025-12-27,12,1,wk inc flu hosp,2026-01-03,quantile,0.75,2369
2025-12-27,12,1,wk inc flu hosp,2026-01-03,quantile,0.8,2466
2025-12-27,12,1,wk inc flu hosp,2026-01-03,quantile,0.85,2550
2025-12-27,12,1,wk inc flu hosp,2026-01-03,quantile,0.9,2690
2025-12-27,12,1,wk inc flu hosp,2026-01-03,quantile,0.95,2952
2025-12-27,12,1,wk inc flu hosp,2026-01-03,quantile,0.975,3263
2025-12-27,12,1,wk inc flu hosp,2026-01-03,quantile,0.99,3591
2025-12-27,12,2,wk inc flu hosp,2026-01-10,quantile,0.01,639
2025-12-27,12,2,wk inc flu hosp,2026-01-10,quantile,0.025,781
2025-12-27,12,2,wk inc flu hosp,2026-01-10,quantile,0.05,1043
2025-12-27,12,2,wk inc flu hosp,2026-01-10,quantile,0.1,1216
2025-12-27,12,2,wk inc flu hosp,2026-01-10,quantile,0.15,1337
2025-12-27,12,2,wk inc flu hosp,2026-01-10,quantile,0.2,1416
2025-12-27,12,2,wk inc flu hosp,2026-01-10,quantile,0.25,1591
2025-12-27,12,2,wk inc flu hosp,2026-01-10,quantile,0.3,1691
2025-12-27,12,2,wk inc flu hosp,2026-01-10,quantile,0.35,1773
2025-12-27,12,2,wk inc flu hosp,2026-01-10,quantile,0.4,1825
2025-12-27,12,2,wk inc flu hosp,2026-01-10,quantile,0.45,1884
2025-12-27,12,2,wk inc flu hosp,2026-01-10,quantile,0.5,1933
2025-12-27,12,2,wk inc flu hosp,2026-01-10,quantile,0.55,2037
2025-12-27,12,2,wk inc flu hosp,2026-01-10,quantile,0.6,2144
2025-12-27,12,2,wk inc flu hosp,2026-01-10,quantile,0.65,2275
2025-12-27,12,2,wk inc flu hosp,2026-01-10,quantile,0.7,2338
2025-12-27,12,2,wk inc flu hosp,2026-01-10,quantile,0.75,2403
2025-12-27,12,2,wk inc flu hosp,2026-01-10,quantile,0.8,2485
2025-12-27,12,2,wk inc flu hosp,2026-01-10,quantile,0.85,2597
2025-12-27,12,2,wk inc flu hosp,2026-01-10,quantile,0.9,2709
2025-12-27,12,2,wk inc flu hosp,2026-01-10,quantile,0.95,3053
2025-12-27,12,2,wk inc flu hosp,2026-01-10,quantile,0.975,3286
2025-12-27,12,2,wk inc flu hosp,2026-01-10,quantile,0.99,3631
2025-12-27,12,3,wk inc flu hosp,2026-01-17,quantile,0.01,575
2025-12-27,12,3,wk inc flu hosp,2026-01-17,quantile,0.025,669
2025-12-27,12,3,wk inc flu hosp,2026-01-17,quantile,0.05,928
2025-12-27,12,3,wk inc flu hosp,2026-01-17,quantile,0.1,1136
2025-12-27,12,3,wk inc flu hosp,2026-01-17,quantile,0.15,1277
2025-12-27,12,3,wk inc flu hosp,2026-01-17,quantile,0.2,1323
2025-12-27,12,3,wk inc flu hosp,2026-01-17,quantile,0.25,1378
2025-12-27,12,3,wk inc flu hosp,2026-01-17,quantile,0.3,1505
2025-12-27,12,3,wk inc flu hosp,2026-01-17,quantile,0.35,1689
2025-12-27,12,3,wk inc flu hosp,2026-01-17,quantile,0.4,1772
2025-12-27,12,3,wk inc flu hosp,2026-01-17,quantile,0.45,1869
2025-12-27,12,3,wk inc flu hosp,2026-01-17,quantile,0.5,1921
2025-12-27,12,3,wk inc flu hosp,2026-01-17,quantile,0.55,1984
2025-12-27,12,3,wk inc flu hosp,2026-01-17,quantile,0.6,2100
2025-12-27,12,3,wk inc flu hosp,2026-01-17,quantile,0.65,2201
2025-12-27,12,3,wk inc flu hosp,2026-01-17,quantile,0.7,2349
2025-12-27,12,3,wk inc flu hosp,2026-01-17,quantile,0.75,2454
2025-12-27,12,3,wk inc flu hosp,2026-01-17,quantile,0.8,2516
2025-12-27,12,3,wk inc flu hosp,2026-01-17,quantile,0.85,2656
2025-12-27,12,3,wk inc flu hosp,2026-01-17,quantile,0.9,2822
2025-12-27,12,3,wk inc flu hosp,2026-01-17,quantile,0.95,3211
2025-12-27,12,3,wk inc flu hosp,2026-01-17,quantile,0.975,3519
2025-12-27,12,3,wk inc flu hosp,2026-01-17,quantile,0.99,4082
2025-12-27,13,0,wk inc flu hosp,2025-12-27,quantile,0.01,310
2025-12-27,13,0,wk inc flu hosp,2025-12-27,quantile,0.025,337
2025-12-27,13,0,wk inc flu hosp,2025-12-27,quantile,0.05,362
2025-12-27,13,0,wk inc flu hosp,2025-12-27,quantile,0.1,400
2025-12-27,13,0,wk inc flu hosp,2025-12-27,quantile,0.15,453
2025-12-27,13,0,wk inc flu hosp,2025-12-27,quantile,0.2,481
2025-12-27,13,0,wk inc flu hosp,2025-12-27,quantile,0.25,506
2025-12-27,13,0,wk inc flu hosp,2025-12-27,quantile,0.3,538
2025-12-27,13,0,wk inc flu hosp,2025-12-27,quantile,0.35,549
2025-12-27,13,0,wk inc flu hosp,2025-12-27,quantile,0.4,561
2025-12-27,13,0,wk inc flu hosp,2025-12-27,quantile,0.45,579
2025-12-27,13,0,wk inc flu hosp,2025-12-27,quantile,0.5,600
2025-12-27,13,0,wk inc flu hosp,2025-12-27,quantile,0.55,620
2025-12-27,13,0,wk inc flu hosp,2025-12-27,quantile,0.6,642
2025-12-27,13,0,wk inc flu hosp,2025-12-27,quantile,0.65,663
2025-12-27,13,0,wk inc flu hosp,2025-12-27,quantile,0.7,685
2025-12-27,13,0,wk inc flu hosp,2025-12-27,quantile,0.75,714
2025-12-27,13,0,wk inc flu hosp,2025-12-27,quantile,0.8,744
2025-12-27,13,0,wk inc flu hosp,2025-12-27,quantile,0.85,757
2025-12-27,13,0,wk inc flu hosp,2025-12-27,quantile,0.9,781
2025-12-27,13,0,wk inc flu hosp,2025-12-27,quantile,0.95,876
2025-12-27,13,0,wk inc flu hosp,2025-12-27,quantile,0.975,940
2025-12-27,13,0,wk inc flu hosp,2025-12-27,quantile,0.99,1008
2025-12-27,13,1,wk inc flu hosp,2026-01-03,quantile,0.01,268
2025-12-27,13,1,wk inc flu hosp,2026-01-03,quantile,0.025,304
2025-12-27,13,1,wk inc flu hosp,2026-01-03,quantile,0.05,354
2025-12-27,13,1,wk inc flu hosp,2026-01-03,quantile,0.1,431
2025-12-27,13,1,wk inc flu hosp,2026-01-03,quantile,0.15,488
2025-12-27,13,1,wk inc flu hosp,2026-01-03,quantile,0.2,526
2025-12-27,13,1,wk inc flu hosp,2026-01-03,quantile,0.25,569
2025-12-27,13,1,wk inc flu hosp,2026-01-03,quantile,0.3,600
2025-12-27,13,1,wk inc flu hosp,2026-01-03,quantile,0.35,633
2025-12-27,13,1,wk inc flu hosp,2026-01-03,quantile,0.4,664
2025-12-27,13,1,wk inc flu hosp,2026-01-03,quantile,0.45,688
2025-12-27,13,1,wk inc flu hosp,2026-01-03,quantile,0.5,724
2025-12-27,13,1,wk inc flu hosp,2026-01-03,quantile,0.55,764
2025-12-27,13,1,wk inc flu hosp,2026-01-03,quantile,0.6,812
2025-12-27,13,1,wk inc flu hosp,2026-01-03,quantile,0.65,849
2025-12-27,13,1,wk inc flu hosp,2026-01-03,quantile,0.7,861
2025-12-27,13,1,wk inc flu hosp,2026-01-03,quantile,0.75,906
2025-12-27,13,1,wk inc flu hosp,2026-01-03,quantile,0.8,924
2025-12-27,13,1,wk inc flu hosp,2026-01-03,quantile,0.85,976
2025-12-27,13,1,wk inc flu hosp,2026-01-03,quantile,0.9,1052
2025-12-27,13,1,wk inc flu hosp,2026-01-03,quantile,0.95,1148
2025-12-27,13,1,wk inc flu hosp,2026-01-03,quantile,0.975,1242
2025-12-27,13,1,wk inc flu hosp,2026-01-03,quantile,0.99,1356
2025-12-27,13,2,wk inc flu hosp,2026-01-10,quantile,0.01,198
2025-12-27,13,2,wk inc flu hosp,2026-01-10,quantile,0.025,262
2025-12-27,13,2,wk inc flu hosp,2026-01-10,quantile,0.05,341
2025-12-27,13,2,wk inc flu hosp,2026-01-10,quantile,0.1,404
2025-12-27,13,2,wk inc flu hosp,2026-01-10,quantile,0.15,454
2025-12-27,13,2,wk inc flu hosp,2026-01-10,quantile,0.2,496
2025-12-27,13,2,wk inc flu hosp,2026-01-10,quantile,0.25,546
2025-12-27,13,2,wk inc flu hosp,2026-01-10,quantile,0.3,579
2025-12-27,13,2,wk inc flu hosp,2026-01-10,quantile,0.35,620
2025-12-27,13,2,wk inc flu hosp,2026-01-10,quantile,0.4,647
2025-12-27,13,2,wk inc flu hosp,2026-01-10,quantile,0.45,692
2025-12-27,13,2,wk inc flu hosp,2026-01-10,quantile,0.5,748
2025-12-27,13,2,wk inc flu hosp,2026-01-10,quantile,0.55,784
2025-12-27,13,2,wk inc flu hosp,2026-01-10,quantile,0.6,830
2025-12-27,13,2,wk inc flu hosp,2026-01-10,quantile,0.65,882
2025-12-27,13,2,wk inc flu hosp,2026-01-10,quantile,0.7,926
2025-12-27,13,2,wk inc flu hosp,2026-01-10,quantile,0.75,983
2025-12-27,13,2,wk inc flu hosp,2026-01-10,quantile,0.8,1021
2025-12-27,13,2,wk inc flu hosp,2026-01-10,quantile,0.85,1042
2025-12-27,13,2,wk inc flu hosp,2026-01-10,quantile,0.9,1096
2025-12-27,13,2,wk inc flu hosp,2026-01-10,quantile,0.95,1287
2025-12-27,13,2,wk inc flu hosp,2026-01-10,quantile,0.975,1446
2025-12-27,13,2,wk inc flu hosp,2026-01-10,quantile,0.99,1707
2025-12-27,13,3,wk inc flu hosp,2026-01-17,quantile,0.01,164
2025-12-27,13,3,wk inc flu hosp,2026-01-17,quantile,0.025,218
2025-12-27,13,3,wk inc flu hosp,2026-01-17,quantile,0.05,304
2025-12-27,13,3,wk inc flu hosp,2026-01-17,quantile,0.1,382
2025-12-27,13,3,wk inc flu hosp,2026-01-17,quantile,0.15,430
2025-12-27,13,3,wk inc flu hosp,2026-01-17,quantile,0.2,480
2025-12-27,13,3,wk inc flu hosp,2026-01-17,quantile,0.25,522
2025-12-27,13,3,wk inc flu hosp,2026-01-17,quantile,0.3,578
2025-12-27,13,3,wk inc flu hosp,2026-01-17,quantile,0.35,630
2025-12-27,13,3,wk inc flu hosp,2026-01-17,quantile,0.4,687
2025-12-27,13,3,wk inc flu hosp,2026-01-17,quantile,0.45,729
2025-12-27,13,3,wk inc flu hosp,2026-01-17,quantile,0.5,761
2025-12-27,13,3,wk inc flu hosp,2026-01-17,quantile,0.55,798
2025-12-27,13,3,wk inc flu hosp,2026-01-17,quantile,0.6,837
2025-12-27,13,3,wk inc flu hosp,2026-01-17,quantile,0.65,898
2025-12-27,13,3,wk inc flu hosp,2026-01-17,quantile,0.7,964
2025-12-27,13,3,wk inc flu hosp,2026-01-17,quantile,0.75,1017
2025-12-27,13,3,wk inc flu hosp,2026-01-17,quantile,0.8,1051
2025-12-27,13,3,wk inc flu hosp,2026-01-17,quantile,0.85,1095
2025-12-27,13,3,wk inc flu hosp,2026-01-17,quantile,0.9,1222
2025-12-27,13,3,wk inc flu hosp,2026-01-17,quantile,0.95,1460
2025-12-27,13,3,wk inc flu hosp,2026-01-17,quantile,0.975,1729
2025-12-27,13,3,wk inc flu hosp,2026-01-17,quantile,0.99,1848
2025-12-27,15,0,wk inc flu hosp,2025-12-27,quantile,0.01,42
2025-12-27,15,0,wk inc flu hosp,2025-12-27,quantile,0.025,51
2025-12-27,15,0,wk inc flu hosp,2025-12-27,quantile,0.05,57
2025-12-27,15,0,wk inc flu hosp,2025-12-27,quantile,0.1,66
2025-12-27,15,0,wk inc flu hosp,2025-12-27,quantile,0.15,73
2025-12-27,15,0,wk inc flu hosp,2025-12-27,quantile,0.2,77
2025-12-27,15,0,wk inc flu hosp,2025-12-27,quantile,0.25,80
2025-12-27,15,0,wk inc flu hosp,2025-12-27,quantile,0.3,81
2025-12-27,15,0,wk inc flu hosp,2025-12-27,quantile,0.35,84
2025-12-27,15,0,wk inc flu hosp,2025-12-27,quantile,0.4,87
2025-12-27,15,0,wk inc flu hosp,2025-12-27,quantile,0.45,90
2025-12-27,15,0,wk inc flu hosp,2025-12-27,quantile,0.5,93
2025-12-27,15,0,wk inc flu hosp,2025-12-27,quantile,0.55,98
2025-12-27,15,0,wk inc flu hosp,2025-12-27,quantile,0.6,100
2025-12-27,15,0,wk inc flu hosp,2025-12-27,quantile,0.65,105
2025-12-27,15,0,wk inc flu hosp,2025-12-27,quantile,0.7,111
2025-12-27,15,0,wk inc flu hosp,2025-12-27,quantile,0.75,117
2025-12-27,15,0,wk inc flu hosp,2025-12-27,quantile,0.8,123
2025-12-27,15,0,wk inc flu hosp,2025-12-27,quantile,0.85,128
2025-12-27,15,0,wk inc flu hosp,2025-12-27,quantile,0.9,133
2025-12-27,15,0,wk inc flu hosp,2025-12-27,quantile,0.95,142
2025-12-27,15,0,wk inc flu hosp,2025-12-27,quantile,0.975,157
2025-12-27,15,0,wk inc flu hosp,2025-12-27,quantile,0.99,170
2025-12-27,15,1,wk inc flu hosp,2026-01-03,quantile,0.01,40
2025-12-27,15,1,wk inc flu hosp,2026-01-03,quantile,0.025,43
2025-12-27,15,1,wk inc flu hosp,2026-01-03,quantile,0.05,50
2025-12-27,15,1,wk inc flu hosp,2026-01-03,quantile,0.1,60
2025-12-27,15,1,wk inc flu hosp,2026-01-03,quantile,0.15,67
2025-12-27,15,1,wk inc flu hosp,2026-01-03,quantile,0.2,72
2025-12-27,15,1,wk inc flu hosp,2026-01-03,quantile,0.25,80
2025-12-27,15,1,wk inc flu hosp,2026-01-03,quantile,0.3,84
2025-12-27,15,1,wk inc flu hosp,2026-01-03,quantile,0.35,86
2025-12-27,15,1,wk inc flu hosp,2026-01-03,quantile,0.4,91
2025-12-27,15,1,wk inc flu hosp,2026-01-03,quantile,0.45,97
2025-12-27,15,1,wk inc flu hosp,2026-01-03,quantile,0.5,102
2025-12-27,15,1,wk inc flu hosp,2026-01-03,quantile,0.55,105
2025-12-27,15,1,wk inc flu hosp,2026-01-03,quantile,0.6,109
2025-12-27,15,1,wk inc flu hosp,2026-01-03,quantile,0.65,112
2025-12-27,15,1,wk inc flu hosp,2026-01-03,quantile,0.7,117
2025-12-27,15,1,wk inc flu hosp,2026-01-03,quantile,0.75,123
2025-12-27,15,1,wk inc flu hosp,2026-01-03,quantile,0.8,132
2025-12-27,15,1,wk inc flu hosp,2026-01-03,quantile,0.85,135
2025-12-27,15,1,wk inc flu hosp,2026-01-03,quantile,0.9,147
2025-12-27,15,1,wk inc flu hosp,2026-01-03,quantile,0.95,176
2025-12-27,15,1,wk inc flu hosp,2026-01-03,quantile,0.975,187
2025-12-27,15,1,wk inc flu hosp,2026-01-03,quantile,0.99,209
2025-12-27,15,2,wk inc flu hosp,2026-01-10,quantile,0.01,32
2025-12-27,15,2,wk inc flu hosp,2026-01-10,quantile,0.025,37
2025-12-27,15,2,wk inc flu hosp,2026-01-10,quantile,0.05,43
2025-12-27,15,2,wk inc flu hosp,2026-01-10,quantile,0.1,50
2025-12-27,15,2,wk inc flu hosp,2026-01-10,quantile,0.15,58
2025-12-27,15,2,wk inc flu hosp,2026-01-10,quantile,0.2,64
2025-12-27,15,2,wk inc flu hosp,2026-01-10,quantile,0.25,67
2025-12-27,15,2,wk inc flu hosp,2026-01-10,quantile,0.3,70
2025-12-27,15,2,wk inc flu hosp,2026-01-10,quantile,0.35,75
2025-12-27,15,2,wk inc flu hosp,2026-01-10,quantile,0.4,80
2025-12-27,15,2,wk inc flu hosp,2026-01-10,quantile,0.45,85
2025-12-27,15,2,wk inc flu hosp,2026-01-10,quantile,0.5,91
2025-12-27,15,2,wk inc flu hosp,2026-01-10,quantile,0.55,95
2025-12-27,15,2,wk inc flu hosp,2026-01-10,quantile,0.6,99
2025-12-27,15,2,wk inc flu hosp,2026-01-10,quantile,0.65,107
2025-12-27,15,2,wk inc flu hosp,2026-01-10,quantile,0.7,115
2025-12-27,15,2,wk inc flu hosp,2026-01-10,quantile,0.75,124
2025-12-27,15,2,wk inc flu hosp,2026-01-10,quantile,0.8,129
2025-12-27,15,2,wk inc flu hosp,2026-01-10,quantile,0.85,140
2025-12-27,15,2,wk inc flu hosp,2026-01-10,quantile,0.9,158
2025-12-27,15,2,wk inc flu hosp,2026-01-10,quantile,0.95,181
2025-12-27,15,2,wk inc flu hosp,2026-01-10,quantile,0.975,197
2025-12-27,15,2,wk inc flu hosp,2026-01-10,quantile,0.99,222
2025-12-27,15,3,wk inc flu hosp,2026-01-17,quantile,0.01,25
2025-12-27,15,3,wk inc flu hosp,2026-01-17,quantile,0.025,28
2025-12-27,15,3,wk inc flu hosp,2026-01-17,quantile,0.05,33
2025-12-27,15,3,wk inc flu hosp,2026-01-17,quantile,0.1,42
2025-12-27,15,3,wk inc flu hosp,2026-01-17,quantile,0.15,48
2025-12-27,15,3,wk inc flu hosp,2026-01-17,quantile,0.2,54
2025-12-27,15,3,wk inc flu hosp,2026-01-17,quantile,0.25,61
2025-12-27,15,3,wk inc flu hosp,2026-01-17,quantile,0.3,66
2025-12-27,15,3,wk inc flu hosp,2026-01-17,quantile,0.35,70
2025-12-27,15,3,wk inc flu hosp,2026-01-17,quantile,0.4,73
2025-12-27,15,3,wk inc flu hosp,2026-01-17,quantile,0.45,80
2025-12-27,15,3,wk inc flu hosp,2026-01-17,quantile,0.5,86
2025-12-27,15,3,wk inc flu hosp,2026-01-17,quantile,0.55,90
2025-12-27,15,3,wk inc flu hosp,2026-01-17,quantile,0.6,95
2025-12-27,15,3,wk inc flu hosp,2026-01-17,quantile,0.65,103
2025-12-27,15,3,wk inc flu hosp,2026-01-17,quantile,0.7,109
2025-12-27,15,3,wk inc flu hosp,2026-01-17,quantile,0.75,114
2025-12-27,15,3,wk inc flu hosp,2026-01-17,quantile,0.8,123
2025-12-27,15,3,wk inc flu hosp,2026-01-17,quantile,0.85,134
2025-12-27,15,3,wk inc flu hosp,2026-01-17,quantile,0.9,154
2025-12-27,15,3,wk inc flu hosp,2026-01-17,quantile,0.95,181
2025-12-27,15,3,wk inc flu hosp,2026-01-17,quantile,0.975,200
2025-12-27,15,3,wk inc flu hosp,2026-01-17,quantile,0.99,228
2025-12-27,16,0,wk inc flu hosp,2025-12-27,quantile,0.01,53
2025-12-27,16,0,wk inc flu hosp,2025-12-27,quantile,0.025,62
2025-12-27,16,0,wk inc flu hosp,2025-12-27,quantile,0.05,71
2025-12-27,16,0,wk inc flu hosp,2025-12-27,quantile,0.1,82
2025-12-27,16,0,wk inc flu hosp,2025-12-27,quantile,0.15,90
2025-12-27,16,0,wk inc flu hosp,2025-12-27,quantile,0.2,95
2025-12-27,16,0,wk inc flu hosp,2025-12-27,quantile,0.25,98
2025-12-27,16,0,wk inc flu hosp,2025-12-27,quantile,0.3,102
2025-12-27,16,0,wk inc flu hosp,2025-12-27,quantile,0.35,106
2025-12-27,16,0,wk inc flu hosp,2025-12-27,quantile,0.4,108
2025-12-27,16,0,wk inc flu hosp,2025-12-27,quantile,0.45,114
2025-12-27,16,0,wk inc flu hosp,2025-12-27,quantile,0.5,118
2025-12-27,16,0,wk inc flu hosp,2025-12-27,quantile,0.55,121
2025-12-27,16,0,wk inc flu hosp,2025-12-27,quantile,0.6,126
2025-12-27,16,0,wk inc flu hosp,2025-12-27,quantile,0.65,131
2025-12-27,16,0,wk inc flu hosp,2025-12-27,quantile,0.7,140
2025-12-27,16,0,wk inc flu hosp,2025-12-27,quantile,0.75,150
2025-12-27,16,0,wk inc flu hosp,2025-12-27,quantile,0.8,158
2025-12-27,16,0,wk inc flu hosp,2025-12-27,quantile,0.85,167
2025-12-27,16,0,wk inc flu hosp,2025-12-27,quantile,0.9,175
2025-12-27,16,0,wk inc flu hosp,2025-12-27,quantile,0.95,200
2025-12-27,16,0,wk inc flu hosp,2025-12-27,quantile,0.975,216
2025-12-27,16,0,wk inc flu hosp,2025-12-27,quantile,0.99,228
2025-12-27,16,1,wk inc flu hosp,2026-01-03,quantile,0.01,51
2025-12-27,16,1,wk inc flu hosp,2026-01-03,quantile,0.025,59
2025-12-27,16,1,wk inc flu hosp,2026-01-03,quantile,0.05,68
2025-12-27,16,1,wk inc flu hosp,2026-01-03,quantile,0.1,79
2025-12-27,16,1,wk inc flu hosp,2026-01-03,quantile,0.15,85
2025-12-27,16,1,wk inc flu hosp,2026-01-03,quantile,0.2,93
2025-12-27,16,1,wk inc flu hosp,2026-01-03,quantile,0.25,98
2025-12-27,16,1,wk inc flu hosp,2026-01-03,quantile,0.3,107
2025-12-27,16,1,wk inc flu hosp,2026-01-03,quantile,0.35,112
2025-12-27,16,1,wk inc flu hosp,2026-01-03,quantile,0.4,118
2025-12-27,16,1,wk inc flu hosp,2026-01-03,quantile,0.45,120
2025-12-27,16,1,wk inc flu hosp,2026-01-03,quantile,0.5,131
2025-12-27,16,1,wk inc flu hosp,2026-01-03,quantile,0.55,137
2025-12-27,16,1,wk inc flu hosp,2026-01-03,quantile,0.6,140
2025-12-27,16,1,wk inc flu hosp,2026-01-03,quantile,0.65,147
2025-12-27,16,1,wk inc flu hosp,2026-01-03,quantile,0.7,154
2025-12-27,16,1,wk inc flu hosp,2026-01-03,quantile,0.75,168
2025-12-27,16,1,wk inc flu hosp,2026-01-03,quantile,0.8,183
2025-12-27,16,1,wk inc flu hosp,2026-01-03,quantile,0.85,194
2025-12-27,16,1,wk inc flu hosp,2026-01-03,quantile,0.9,224
2025-12-27,16,1,wk inc flu hosp,2026-01-03,quantile,0.95,269
2025-12-27,16,1,wk inc flu hosp,2026-01-03,quantile,0.975,319
2025-12-27,16,1,wk inc flu hosp,2026-01-03,quantile,0.99,346
2025-12-27,16,2,wk inc flu hosp,2026-01-10,quantile,0.01,40
2025-12-27,16,2,wk inc flu hosp,2026-01-10,quantile,0.025,51
2025-12-27,16,2,wk inc flu hosp,2026-01-10,quantile,0.05,57
2025-12-27,16,2,wk inc flu hosp,2026-01-10,quantile,0.1,67
2025-12-27,16,2,wk inc flu hosp,2026-01-10,quantile,0.15,77
2025-12-27,16,2,wk inc flu hosp,2026-01-10,quantile,0.2,83
2025-12-27,16,2,wk inc flu hosp,2026-01-10,quantile,0.25,91
2025-12-27,16,2,wk inc flu hosp,2026-01-10,quantile,0.3,98
2025-12-27,16,2,wk inc flu hosp,2026-01-10,quantile,0.35,102
2025-12-27,16,2,wk inc flu hosp,2026-01-10,quantile,0.4,105
2025-12-27,16,2,wk inc flu hosp,2026-01-10,quantile,0.45,113
2025-12-27,16,2,wk inc flu hosp,2026-01-10,quantile,0.5,125
2025-12-27,16,2,wk inc flu hosp,2026-01-10,quantile,0.55,130
2025-12-27,16,2,wk inc flu hosp,2026-01-10,quantile,0.6,134
2025-12-27,16,2,wk inc flu hosp,2026-01-10,quantile,0.65,142
2025-12-27,16,2,wk inc flu hosp,2026-01-10,quantile,0.7,152
2025-12-27,16,2,wk inc flu hosp,2026-01-10,quantile,0.75,165
2025-12-27,16,2,wk inc flu hosp,2026-01-10,quantile,0.8,185
2025-12-27,16,2,wk inc flu hosp,2026-01-10,quantile,0.85,206
2025-12-27,16,2,wk inc flu hosp,2026-01-10,quantile,0.9,241
2025-12-27,16,2,wk inc flu hosp,2026-01-10,quantile,0.95,290
2025-12-27,16,2,wk inc flu hosp,2026-01-10,quantile,0.975,353
2025-12-27,16,2,wk inc flu hosp,2026-01-10,quantile,0.99,395
2025-12-27,16,3,wk inc flu hosp,2026-01-17,quantile,0.01,27
2025-12-27,16,3,wk inc flu hosp,2026-01-17,quantile,0.025,33
2025-12-27,16,3,wk inc flu hosp,2026-01-17,quantile,0.05,43
2025-12-27,16,3,wk inc flu hosp,2026-01-17,quantile,0.1,55
2025-12-27,16,3,wk inc flu hosp,2026-01-17,quantile,0.15,67
2025-12-27,16,3,wk inc flu hosp,2026-01-17,quantile,0.2,77
2025-12-27,16,3,wk inc flu hosp,2026-01-17,quantile,0.25,82
2025-12-27,16,3,wk inc flu hosp,2026-01-17,quantile,0.3,87
2025-12-27,16,3,wk inc flu hosp,2026-01-17,quantile,0.35,94
2025-12-27,16,3,wk inc flu hosp,2026-01-17,quantile,0.4,100
2025-12-27,16,3,wk inc flu hosp,2026-01-17,quantile,0.45,108
2025-12-27,16,3,wk inc flu hosp,2026-01-17,quantile,0.5,117
2025-12-27,16,3,wk inc flu hosp,2026-01-17,quantile,0.55,126
2025-12-27,16,3,wk inc flu hosp,2026-01-17,quantile,0.6,136
2025-12-27,16,3,wk inc flu hosp,2026-01-17,quantile,0.65,145
2025-12-27,16,3,wk inc flu hosp,2026-01-17,quantile,0.7,156
2025-12-27,16,3,wk inc flu hosp,2026-01-17,quantile,0.75,170
2025-12-27,16,3,wk inc flu hosp,2026-01-17,quantile,0.8,205
2025-12-27,16,3,wk inc flu hosp,2026-01-17,quantile,0.85,225
2025-12-27,16,3,wk inc flu hosp,2026-01-17,quantile,0.9,255
2025-12-27,16,3,wk inc flu hosp,2026-01-17,quantile,0.95,300
2025-12-27,16,3,wk inc flu hosp,2026-01-17,quantile,0.975,348
2025-12-27,16,3,wk inc flu hosp,2026-01-17,quantile,0.99,388
2025-12-27,17,0,wk inc flu hosp,2025-12-27,quantile,0.01,424
2025-12-27,17,0,wk inc flu hosp,2025-12-27,quantile,0.025,506
2025-12-27,17,0,wk inc flu hosp,2025-12-27,quantile,0.05,532
2025-12-27,17,0,wk inc flu hosp,2025-12-27,quantile,0.1,575
2025-12-27,17,0,wk inc flu hosp,2025-12-27,quantile,0.15,598
2025-12-27,17,0,wk inc flu hosp,2025-12-27,quantile,0.2,610
2025-12-27,17,0,wk inc flu hosp,2025-12-27,quantile,0.25,642
2025-12-27,17,0,wk inc flu hosp,2025-12-27,quantile,0.3,681
2025-12-27,17,0,wk inc flu hosp,2025-12-27,quantile,0.35,718
2025-12-27,17,0,wk inc flu hosp,2025-12-27,quantile,0.4,748
2025-12-27,17,0,wk inc flu hosp,2025-12-27,quantile,0.45,803
2025-12-27,17,0,wk inc flu hosp,2025-12-27,quantile,0.5,836
2025-12-27,17,0,wk inc flu hosp,2025-12-27,quantile,0.55,862
2025-12-27,17,0,wk inc flu hosp,2025-12-27,quantile,0.6,891
2025-12-27,17,0,wk inc flu hosp,2025-12-27,quantile,0.65,919
2025-12-27,17,0,wk inc flu hosp,2025-12-27,quantile,0.7,956
2025-12-27,17,0,wk inc flu hosp,2025-12-27,quantile,0.75,1004
2025-12-27,17,0,wk inc flu hosp,2025-12-27,quantile,0.8,1045
2025-12-27,17,0,wk inc flu hosp,2025-12-27,quantile,0.85,1081
2025-12-27,17,0,wk inc flu hosp,2025-12-27,quantile,0.9,1129
2025-12-27,17,0,wk inc flu hosp,2025-12-27,quantile,0.95,1205
2025-12-27,17,0,wk inc flu hosp,2025-12-27,quantile,0.975,1256
2025-12-27,17,0,wk inc flu hosp,2025-12-27,quantile,0.99,1393
2025-12-27,17,1,wk inc flu hosp,2026-01-03,quantile,0.01,399
2025-12-27,17,1,wk inc flu hosp,2026-01-03,quantile,0.025,454
2025-12-27,17,1,wk inc flu hosp,2026-01-03,quantile,0.05,507
2025-12-27,17,1,wk inc flu hosp,2026-01-03,quantile,0.1,575
2025-12-27,17,1,wk inc flu hosp,2026-01-03,quantile,0.15,608
2025-12-27,17,1,wk inc flu hosp,2026-01-03,quantile,0.2,641
2025-12-27,17,1,wk inc flu hosp,2026-01-03,quantile,0.25,726
2025-12-27,17,1,wk inc flu hosp,2026-01-03,quantile,0.3,780
2025-12-27,17,1,wk inc flu hosp,2026-01-03,quantile,0.35,836
2025-12-27,17,1,wk inc flu hosp,2026-01-03,quantile,0.4,882
2025-12-27,17,1,wk inc flu hosp,2026-01-03,quantile,0.45,937
2025-12-27,17,1,wk inc flu hosp,2026-01-03,quantile,0.5,975
2025-12-27,17,1,wk inc flu hosp,2026-01-03,quantile,0.55,993
2025-12-27,17,1,wk inc flu hosp,2026-01-03,quantile,0.6,1098
2025-12-27,17,1,wk inc flu hosp,2026-01-03,quantile,0.65,1156
2025-12-27,17,1,wk inc flu hosp,2026-01-03,quantile,0.7,1219
2025-12-27,17,1,wk inc flu hosp,2026-01-03,quantile,0.75,1290
2025-12-27,17,1,wk inc flu hosp,2026-01-03,quantile,0.8,1368
2025-12-27,17,1,wk inc flu hosp,2026-01-03,quantile,0.85,1404
2025-12-27,17,1,wk inc flu hosp,2026-01-03,quantile,0.9,1465
2025-12-27,17,1,wk inc flu hosp,2026-01-03,quantile,0.95,1766
2025-12-27,17,1,wk inc flu hosp,2026-01-03,quantile,0.975,1799
2025-12-27,17,1,wk inc flu hosp,2026-01-03,quantile,0.99,2130
2025-12-27,17,2,wk inc flu hosp,2026-01-10,quantile,0.01,295
2025-12-27,17,2,wk inc flu hosp,2026-01-10,quantile,0.025,403
2025-12-27,17,2,wk inc flu hosp,2026-01-10,quantile,0.05,467
2025-12-27,17,2,wk inc flu hosp,2026-01-10,quantile,0.1,543
2025-12-27,17,2,wk inc flu hosp,2026-01-10,quantile,0.15,603
2025-12-27,17,2,wk inc flu hosp,2026-01-10,quantile,0.2,643
2025-12-27,17,2,wk inc flu hosp,2026-01-10,quantile,0.25,717
2025-12-27,17,2,wk inc flu hosp,2026-01-10,quantile,0.3,778
2025-12-27,17,2,wk inc flu hosp,2026-01-10,quantile,0.35,835
2025-12-27,17,2,wk inc flu hosp,2026-01-10,quantile,0.4,870
2025-12-27,17,2,wk inc flu hosp,2026-01-10,quantile,0.45,903
2025-12-27,17,2,wk inc flu hosp,2026-01-10,quantile,0.5,937
2025-12-27,17,2,wk inc flu hosp,2026-01-10,quantile,0.55,971
2025-12-27,17,2,wk inc flu hosp,2026-01-10,quantile,0.6,1007
2025-12-27,17,2,wk inc flu hosp,2026-01-10,quantile,0.65,1107
2025-12-27,17,2,wk inc flu hosp,2026-01-10,quantile,0.7,1206
2025-12-27,17,2,wk inc flu hosp,2026-01-10,quantile,0.75,1251
2025-12-27,17,2,wk inc flu hosp,2026-01-10,quantile,0.8,1334
2025-12-27,17,2,wk inc flu hosp,2026-01-10,quantile,0.85,1452
2025-12-27,17,2,wk inc flu hosp,2026-01-10,quantile,0.9,1585
2025-12-27,17,2,wk inc flu hosp,2026-01-10,quantile,0.95,1822
2025-12-27,17,2,wk inc flu hosp,2026-01-10,quantile,0.975,2009
2025-12-27,17,2,wk inc flu hosp,2026-01-10,quantile,0.99,2242
2025-12-27,17,3,wk inc flu hosp,2026-01-17,quantile,0.01,292
2025-12-27,17,3,wk inc flu hosp,2026-01-17,quantile,0.025,370
2025-12-27,17,3,wk inc flu hosp,2026-01-17,quantile,0.05,427
2025-12-27,17,3,wk inc flu hosp,2026-01-17,quantile,0.1,532
2025-12-27,17,3,wk inc flu hosp,2026-01-17,quantile,0.15,601
2025-12-27,17,3,wk inc flu hosp,2026-01-17,quantile,0.2,636
2025-12-27,17,3,wk inc flu hosp,2026-01-17,quantile,0.25,673
2025-12-27,17,3,wk inc flu hosp,2026-01-17,quantile,0.3,752
2025-12-27,17,3,wk inc flu hosp,2026-01-17,quantile,0.35,842
2025-12-27,17,3,wk inc flu hosp,2026-01-17,quantile,0.4,885
2025-12-27,17,3,wk inc flu hosp,2026-01-17,quantile,0.45,920
2025-12-27,17,3,wk inc flu hosp,2026-01-17,quantile,0.5,974
2025-12-27,17,3,wk inc flu hosp,2026-01-17,quantile,0.55,1026
2025-12-27,17,3,wk inc flu hosp,2026-01-17,quantile,0.6,1095
2025-12-27,17,3,wk inc flu hosp,2026-01-17,quantile,0.65,1191
2025-12-27,17,3,wk inc flu hosp,2026-01-17,quantile,0.7,1234
2025-12-27,17,3,wk inc flu hosp,2026-01-17,quantile,0.75,1345
2025-12-27,17,3,wk inc flu hosp,2026-01-17,quantile,0.8,1453
2025-12-27,17,3,wk inc flu hosp,2026-01-17,quantile,0.85,1572
2025-12-27,17,3,wk inc flu hosp,2026-01-17,quantile,0.9,1665
2025-12-27,17,3,wk inc flu hosp,2026-01-17,quantile,0.95,1989
2025-12-27,17,3,wk inc flu hosp,2026-01-17,quantile,0.975,2284
2025-12-27,17,3,wk inc flu hosp,2026-01-17,quantile,0.99,2470
2025-12-27,18,0,wk inc flu hosp,2025-12-27,quantile,0.01,195
2025-12-27,18,0,wk inc flu hosp,2025-12-27,quantile,0.025,245
2025-12-27,18,0,wk inc flu hosp,2025-12-27,quantile,0.05,296
2025-12-27,18,0,wk inc flu hosp,2025-12-27,quantile,0.1,327
2025-12-27,18,0,wk inc flu hosp,2025-12-27,quantile,0.15,342
2025-12-27,18,0,wk inc flu hosp,2025-12-27,quantile,0.2,359
2025-12-27,18,0,wk inc flu hosp,2025-12-27,quantile,0.25,377
2025-12-27,18,0,wk inc flu hosp,2025-12-27,quantile,0.3,396
2025-12-27,18,0,wk inc flu hosp,2025-12-27,quantile,0.35,412
2025-12-27,18,0,wk inc flu hosp,2025-12-27,quantile,0.4,430
2025-12-27,18,0,wk inc flu hosp,2025-12-27,quantile,0.45,450
2025-12-27,18,0,wk inc flu hosp,2025-12-27,quantile,0.5,458
2025-12-27,18,0,wk inc flu hosp,2025-12-27,quantile,0.55,466
2025-12-27,18,0,wk inc flu hosp,2025-12-27,quantile,0.6,479
2025-12-27,18,0,wk inc flu hosp,2025-12-27,quantile,0.65,491
2025-12-27,18,0,wk inc flu hosp,2025-12-27,quantile,0.7,518
2025-12-27,18,0,wk inc flu hosp,2025-12-27,quantile,0.75,558
2025-12-27,18,0,wk inc flu hosp,2025-12-27,quantile,0.8,587
2025-12-27,18,0,wk inc flu hosp,2025-12-27,quantile,0.85,605
2025-12-27,18,0,wk inc flu hosp,2025-12-27,quantile,0.9,627
2025-12-27,18,0,wk inc flu hosp,2025-12-27,quantile,0.95,655
2025-12-27,18,0,wk inc flu hosp,2025-12-27,quantile,0.975,714
2025-12-27,18,0,wk inc flu hosp,2025-12-27,quantile,0.99,802
2025-12-27,18,1,wk inc flu hosp,2026-01-03,quantile,0.01,185
2025-12-27,18,1,wk inc flu hosp,2026-01-03,quantile,0.025,244
2025-12-27,18,1,wk inc flu hosp,2026-01-03,quantile,0.05,287
2025-12-27,18,1,wk inc flu hosp,2026-01-03,quantile,0.1,335
2025-12-27,18,1,wk inc flu hosp,2026-01-03,quantile,0.15,371
2025-12-27,18,1,wk inc flu hosp,2026-01-03,quantile,0.2,402
2025-12-27,18,1,wk inc flu hosp,2026-01-03,quantile,0.25,429
2025-12-27,18,1,wk inc flu hosp,2026-01-03,quantile,0.3,442
2025-12-27,18,1,wk inc flu hosp,2026-01-03,quantile,0.35,454
2025-12-27,18,1,wk inc flu hosp,2026-01-03,quantile,0.4,476
2025-12-27,18,1,wk inc flu hosp,2026-01-03,quantile,0.45,519
2025-12-27,18,1,wk inc flu hosp,2026-01-03,quantile,0.5,533
2025-12-27,18,1,wk inc flu hosp,2026-01-03,quantile,0.55,560
2025-12-27,18,1,wk inc flu hosp,2026-01-03,quantile,0.6,610
2025-12-27,18,1,wk inc flu hosp,2026-01-03,quantile,0.65,633
2025-12-27,18,1,wk inc flu hosp,2026-01-03,quantile,0.7,666
2025-12-27,18,1,wk inc flu hosp,2026-01-03,quantile,0.75,707
2025-12-27,18,1,wk inc flu hosp,2026-01-03,quantile,0.8,756
2025-12-27,18,1,wk inc flu hosp,2026-01-03,quantile,0.85,820
2025-12-27,18,1,wk inc flu hosp,2026-01-03,quantile,0.9,910
2025-12-27,18,1,wk inc flu hosp,2026-01-03,quantile,0.95,1037
2025-12-27,18,1,wk inc flu hosp,2026-01-03,quantile,0.975,1170
2025-12-27,18,1,wk inc flu hosp,2026-01-03,quantile,0.99,1256
2025-12-27,18,2,wk inc flu hosp,2026-01-10,quantile,0.01,158
2025-12-27,18,2,wk inc flu hosp,2026-01-10,quantile,0.025,208
2025-12-27,18,2,wk inc flu hosp,2026-01-10,quantile,0.05,242
2025-12-27,18,2,wk inc flu hosp,2026-01-10,quantile,0.1,311
2025-12-27,18,2,wk inc flu hosp,2026-01-10,quantile,0.15,344
2025-12-27,18,2,wk inc flu hosp,2026-01-10,quantile,0.2,387
2025-12-27,18,2,wk inc flu hosp,2026-01-10,quantile,0.25,425
2025-12-27,18,2,wk inc flu hosp,2026-01-10,quantile,0.3,458
2025-12-27,18,2,wk inc flu hosp,2026-01-10,quantile,0.35,479
2025-12-27,18,2,wk inc flu hosp,2026-01-10,quantile,0.4,504
2025-12-27,18,2,wk inc flu hosp,2026-01-10,quantile,0.45,533
2025-12-27,18,2,wk inc flu hosp,2026-01-10,quantile,0.5,562
2025-12-27,18,2,wk inc flu hosp,2026-01-10,quantile,0.55,591
2025-12-27,18,2,wk inc flu hosp,2026-01-10,quantile,0.6,614
2025-12-27,18,2,wk inc flu hosp,2026-01-10,quantile,0.65,647
2025-12-27,18,2,wk inc flu hosp,2026-01-10,quantile,0.7,683
2025-12-27,18,2,wk inc flu hosp,2026-01-10,quantile,0.75,722
2025-12-27,18,2,wk inc flu hosp,2026-01-10,quantile,0.8,763
2025-12-27,18,2,wk inc flu hosp,2026-01-10,quantile,0.85,831
2025-12-27,18,2,wk inc flu hosp,2026-01-10,quantile,0.9,907
2025-12-27,18,2,wk inc flu hosp,2026-01-10,quantile,0.95,1135
2025-12-27,18,2,wk inc flu hosp,2026-01-10,quantile,0.975,1324
2025-12-27,18,2,wk inc flu hosp,2026-01-10,quantile,0.99,1502
2025-12-27,18,3,wk inc flu hosp,2026-01-17,quantile,0.01,134
2025-12-27,18,3,wk inc flu hosp,2026-01-17,quantile,0.025,188
2025-12-27,18,3,wk inc flu hosp,2026-01-17,quantile,0.05,221
2025-12-27,18,3,wk inc flu hosp,2026-01-17,quantile,0.1,291
2025-12-27,18,3,wk inc flu hosp,2026-01-17,quantile,0.15,337
2025-12-27,18,3,wk inc flu hosp,2026-01-17,quantile,0.2,377
2025-12-27,18,3,wk inc flu hosp,2026-01-17,quantile,0.25,420
2025-12-27,18,3,wk inc flu hosp,2026-01-17,quantile,0.3,452
2025-12-27,18,3,wk inc flu hosp,2026-01-17,quantile,0.35,483
2025-12-27,18,3,wk inc flu hosp,2026-01-17,quantile,0.4,518
2025-12-27,18,3,wk inc flu hosp,2026-01-17,quantile,0.45,549
2025-12-27,18,3,wk inc flu hosp,2026-01-17,quantile,0.5,593
2025-12-27,18,3,wk inc flu hosp,2026-01-17,quantile,0.55,630
2025-12-27,18,3,wk inc flu hosp,2026-01-17,quantile,0.6,672
2025-12-27,18,3,wk inc flu hosp,2026-01-17,quantile,0.65,708
2025-12-27,18,3,wk inc flu hosp,2026-01-17,quantile,0.7,735
2025-12-27,18,3,wk inc flu hosp,2026-01-17,quantile,0.75,755
2025-12-27,18,3,wk inc flu hosp,2026-01-17,quantile,0.8,790
2025-12-27,18,3,wk inc flu hosp,2026-01-17,quantile,0.85,886
2025-12-27,18,3,wk inc flu hosp,2026-01-17,quantile,0.9,1014
2025-12-27,18,3,wk inc flu hosp,2026-01-17,quantile,0.95,1260
2025-12-27,18,3,wk inc flu hosp,2026-01-17,quantile,0.975,1360
2025-12-27,18,3,wk inc flu hosp,2026-01-17,quantile,0.99,1588
2025-12-27,19,0,wk inc flu hosp,2025-12-27,quantile,0.01,45
2025-12-27,19,0,wk inc flu hosp,2025-12-27,quantile,0.025,52
2025-12-27,19,0,wk inc flu hosp,2025-12-27,quantile,0.05,64
2025-12-27,19,0,wk inc flu hosp,2025-12-27,quantile,0.1,70
2025-12-27,19,0,wk inc flu hosp,2025-12-27,quantile,0.15,78
2025-12-27,19,0,wk inc flu hosp,2025-12-27,quantile,0.2,83
2025-12-27,19,0,wk inc flu hosp,2025-12-27,quantile,0.25,88
2025-12-27,19,0,wk inc flu hosp,2025-12-27,quantile,0.3,94
2025-12-27,19,0,wk inc flu hosp,2025-12-27,quantile,0.35,100
2025-12-27,19,0,wk inc flu hosp,2025-12-27,quantile,0.4,103
2025-12-27,19,0,wk inc flu hosp,2025-12-27,quantile,0.45,107
2025-12-27,19,0,wk inc flu hosp,2025-12-27,quantile,0.5,111
2025-12-27,19,0,wk inc flu hosp,2025-12-27,quantile,0.55,114
2025-12-27,19,0,wk inc flu hosp,2025-12-27,quantile,0.6,117
2025-12-27,19,0,wk inc flu hosp,2025-12-27,quantile,0.65,121
2025-12-27,19,0,wk inc flu hosp,2025-12-27,quantile,0.7,129
2025-12-27,19,0,wk inc flu hosp,2025-12-27,quantile,0.75,136
2025-12-27,19,0,wk inc flu hosp,2025-12-27,quantile,0.8,142
2025-12-27,19,0,wk inc flu hosp,2025-12-27,quantile,0.85,155
2025-12-27,19,0,wk inc flu hosp,2025-12-27,quantile,0.9,165
2025-12-27,19,0,wk inc flu hosp,2025-12-27,quantile,0.95,189
2025-12-27,19,0,wk inc flu hosp,2025-12-27,quantile,0.975,204
2025-12-27,19,0,wk inc flu hosp,2025-12-27,quantile,0.99,232
2025-12-27,19,1,wk inc flu hosp,2026-01-03,quantile,0.01,39
2025-12-27,19,1,wk inc flu hosp,2026-01-03,quantile,0.025,52
2025-12-27,19,1,wk inc flu hosp,2026-01-03,quantile,0.05,67
2025-12-27,19,1,wk inc flu hosp,2026-01-03,quantile,0.1,76
2025-12-27,19,1,wk inc flu hosp,2026-01-03,quantile,0.15,92
2025-12-27,19,1,wk inc flu hosp,2026-01-03,quantile,0.2,97
2025-12-27,19,1,wk inc flu hosp,2026-01-03,quantile,0.25,104
2025-12-27,19,1,wk inc flu hosp,2026-01-03,quantile,0.3,114
2025-12-27,19,1,wk inc flu hosp,2026-01-03,quantile,0.35,127
2025-12-27,19,1,wk inc flu hosp,2026-01-03,quantile,0.4,136
2025-12-27,19,1,wk inc flu hosp,2026-01-03,quantile,0.45,139
2025-12-27,19,1,wk inc flu hosp,2026-01-03,quantile,0.5,149
2025-12-27,19,1,wk inc flu hosp,2026-01-03,quantile,0.55,155
2025-12-27,19,1,wk inc flu hosp,2026-01-03,quantile,0.6,158
2025-12-27,19,1,wk inc flu hosp,2026-01-03,quantile,0.65,163
2025-12-27,19,1,wk inc flu hosp,2026-01-03,quantile,0.7,168
2025-12-27,19,1,wk inc flu hosp,2026-01-03,quantile,0.75,181
2025-12-27,19,1,wk inc flu hosp,2026-01-03,quantile,0.8,202
2025-12-27,19,1,wk inc flu hosp,2026-01-03,quantile,0.85,218
2025-12-27,19,1,wk inc flu hosp,2026-01-03,quantile,0.9,241
2025-12-27,19,1,wk inc flu hosp,2026-01-03,quantile,0.95,275
2025-12-27,19,1,wk inc flu hosp,2026-01-03,quantile,0.975,306
2025-12-27,19,1,wk inc flu hosp,2026-01-03,quantile,0.99,337
2025-12-27,19,2,wk inc flu hosp,2026-01-10,quantile,0.01,36
2025-12-27,19,2,wk inc flu hosp,2026-01-10,quantile,0.025,49
2025-12-27,19,2,wk inc flu hosp,2026-01-10,quantile,0.05,62
2025-12-27,19,2,wk inc flu hosp,2026-01-10,quantile,0.1,74
2025-12-27,19,2,wk inc flu hosp,2026-01-10,quantile,0.15,83
2025-12-27,19,2,wk inc flu hosp,2026-01-10,quantile,0.2,94
2025-12-27,19,2,wk inc flu hosp,2026-01-10,quantile,0.25,103
2025-12-27,19,2,wk inc flu hosp,2026-01-10,quantile,0.3,111
2025-12-27,19,2,wk inc flu hosp,2026-01-10,quantile,0.35,120
2025-12-27,19,2,wk inc flu hosp,2026-01-10,quantile,0.4,130
2025-12-27,19,2,wk inc flu hosp,2026-01-10,quantile,0.45,139
2025-12-27,19,2,wk inc flu hosp,2026-01-10,quantile,0.5,150
2025-12-27,19,2,wk inc flu hosp,2026-01-10,quantile,0.55,161
2025-12-27,19,2,wk inc flu hosp,2026-01-10,quantile,0.6,174
2025-12-27,19,2,wk inc flu hosp,2026-01-10,quantile,0.65,188
2025-12-27,19,2,wk inc flu hosp,2026-01-10,quantile,0.7,199
2025-12-27,19,2,wk inc flu hosp,2026-01-10,quantile,0.75,216
2025-12-27,19,2,wk inc flu hosp,2026-01-10,quantile,0.8,240
2025-12-27,19,2,wk inc flu hosp,2026-01-10,quantile,0.85,260
2025-12-27,19,2,wk inc flu hosp,2026-01-10,quantile,0.9,284
2025-12-27,19,2,wk inc flu hosp,2026-01-10,quantile,0.95,346
2025-12-27,19,2,wk inc flu hosp,2026-01-10,quantile,0.975,393
2025-12-27,19,2,wk inc flu hosp,2026-01-10,quantile,0.99,435
2025-12-27,19,3,wk inc flu hosp,2026-01-17,quantile,0.01,29
2025-12-27,19,3,wk inc flu hosp,2026-01-17,quantile,0.025,40
2025-12-27,19,3,wk inc flu hosp,2026-01-17,quantile,0.05,55
2025-12-27,19,3,wk inc flu hosp,2026-01-17,quantile,0.1,67
2025-12-27,19,3,wk inc flu hosp,2026-01-17,quantile,0.15,78
2025-12-27,19,3,wk inc flu hosp,2026-01-17,quantile,0.2,90
2025-12-27,19,3,wk inc flu hosp,2026-01-17,quantile,0.25,100
2025-12-27,19,3,wk inc flu hosp,2026-01-17,quantile,0.3,113
2025-12-27,19,3,wk inc flu hosp,2026-01-17,quantile,0.35,124
2025-12-27,19,3,wk inc flu hosp,2026-01-17,quantile,0.4,136
2025-12-27,19,3,wk inc flu hosp,2026-01-17,quantile,0.45,150
2025-12-27,19,3,wk inc flu hosp,2026-01-17,quantile,0.5,166
2025-12-27,19,3,wk inc flu hosp,2026-01-17,quantile,0.55,182
2025-12-27,19,3,wk inc flu hosp,2026-01-17,quantile,0.6,195
2025-12-27,19,3,wk inc flu hosp,2026-01-17,quantile,0.65,212
2025-12-27,19,3,wk inc flu hosp,2026-01-17,quantile,0.7,226
2025-12-27,19,3,wk inc flu hosp,2026-01-17,quantile,0.75,252
2025-12-27,19,3,wk inc flu hosp,2026-01-17,quantile,0.8,277
2025-12-27,19,3,wk inc flu hosp,2026-01-17,quantile,0.85,297
2025-12-27,19,3,wk inc flu hosp,2026-01-17,quantile,0.9,326
2025-12-27,19,3,wk inc flu hosp,2026-01-17,quantile,0.95,359
2025-12-27,19,3,wk inc flu hosp,2026-01-17,quantile,0.975,427
2025-12-27,19,3,wk inc flu hosp,2026-01-17,quantile,0.99,507
2025-12-27,20,0,wk inc flu hosp,2025-12-27,quantile,0.01,64
2025-12-27,20,0,wk inc flu hosp,2025-12-27,quantile,0.025,73
2025-12-27,20,0,wk inc flu hosp,2025-12-27,quantile,0.05,81
2025-12-27,20,0,wk inc flu hosp,2025-12-27,quantile,0.1,91
2025-12-27,20,0,wk inc flu hosp,2025-12-27,quantile,0.15,96
2025-12-27,20,0,wk inc flu hosp,2025-12-27,quantile,0.2,104
2025-12-27,20,0,wk inc flu hosp,2025-12-27,quantile,0.25,112
2025-12-27,20,0,wk inc flu hosp,2025-12-27,quantile,0.3,116
2025-12-27,20,0,wk inc flu hosp,2025-12-27,quantile,0.35,118
2025-12-27,20,0,wk inc flu hosp,2025-12-27,quantile,0.4,124
2025-12-27,20,0,wk inc flu hosp,2025-12-27,quantile,0.45,131
2025-12-27,20,0,wk inc flu hosp,2025-12-27,quantile,0.5,134
2025-12-27,20,0,wk inc flu hosp,2025-12-27,quantile,0.55,138
2025-12-27,20,0,wk inc flu hosp,2025-12-27,quantile,0.6,141
2025-12-27,20,0,wk inc flu hosp,2025-12-27,quantile,0.65,146
2025-12-27,20,0,wk inc flu hosp,2025-12-27,quantile,0.7,152
2025-12-27,20,0,wk inc flu hosp,2025-12-27,quantile,0.75,159
2025-12-27,20,0,wk inc flu hosp,2025-12-27,quantile,0.8,174
2025-12-27,20,0,wk inc flu hosp,2025-12-27,quantile,0.85,188
2025-12-27,20,0,wk inc flu hosp,2025-12-27,quantile,0.9,202
2025-12-27,20,0,wk inc flu hosp,2025-12-27,quantile,0.95,220
2025-12-27,20,0,wk inc flu hosp,2025-12-27,quantile,0.975,244
2025-12-27,20,0,wk inc flu hosp,2025-12-27,quantile,0.99,273
2025-12-27,20,1,wk inc flu hosp,2026-01-03,quantile,0.01,65
2025-12-27,20,1,wk inc flu hosp,2026-01-03,quantile,0.025,72
2025-12-27,20,1,wk inc flu hosp,2026-01-03,quantile,0.05,88
2025-12-27,20,1,wk inc flu hosp,2026-01-03,quantile,0.1,104
2025-12-27,20,1,wk inc flu hosp,2026-01-03,quantile,0.15,114
2025-12-27,20,1,wk inc flu hosp,2026-01-03,quantile,0.2,121
2025-12-27,20,1,wk inc flu hosp,2026-01-03,quantile,0.25,127
2025-12-27,20,1,wk inc flu hosp,2026-01-03,quantile,0.3,136
2025-12-27,20,1,wk inc flu hosp,2026-01-03,quantile,0.35,143
2025-12-27,20,1,wk inc flu hosp,2026-01-03,quantile,0.4,148
2025-12-27,20,1,wk inc flu hosp,2026-01-03,quantile,0.45,152
2025-12-27,20,1,wk inc flu hosp,2026-01-03,quantile,0.5,156
2025-12-27,20,1,wk inc flu hosp,2026-01-03,quantile,0.55,164
2025-12-27,20,1,wk inc flu hosp,2026-01-03,quantile,0.6,185
2025-12-27,20,1,wk inc flu hosp,2026-01-03,quantile,0.65,194
2025-12-27,20,1,wk inc flu hosp,2026-01-03,quantile,0.7,202
2025-12-27,20,1,wk inc flu hosp,2026-01-03,quantile,0.75,211
2025-12-27,20,1,wk inc flu hosp,2026-01-03,quantile,0.8,222
2025-12-27,20,1,wk inc flu hosp,2026-01-03,quantile,0.85,247
2025-12-27,20,1,wk inc flu hosp,2026-01-03,quantile,0.9,272
2025-12-27,20,1,wk inc flu hosp,2026-01-03,quantile,0.95,326
2025-12-27,20,1,wk inc flu hosp,2026-01-03,quantile,0.975,350
2025-12-27,20,1,wk inc flu hosp,2026-01-03,quantile,0.99,381
2025-12-27,20,2,wk inc flu hosp,2026-01-10,quantile,0.01,48
2025-12-27,20,2,wk inc flu hosp,2026-01-10,quantile,0.025,77
2025-12-27,20,2,wk inc flu hosp,2026-01-10,quantile,0.05,86
2025-12-27,20,2,wk inc flu hosp,2026-01-10,quantile,0.1,103
2025-12-27,20,2,wk inc flu hosp,2026-01-10,quantile,0.15,115
2025-12-27,20,2,wk inc flu hosp,2026-01-10,quantile,0.2,125
2025-12-27,20,2,wk inc flu hosp,2026-01-10,quantile,0.25,133
2025-12-27,20,2,wk inc flu hosp,2026-01-10,quantile,0.3,145
2025-12-27,20,2,wk inc flu hosp,2026-01-10,quantile,0.35,151
2025-12-27,20,2,wk inc flu hosp,2026-01-10,quantile,0.4,156
2025-12-27,20,2,wk inc flu hosp,2026-01-10,quantile,0.45,160
2025-12-27,20,2,wk inc flu hosp,2026-01-10,quantile,0.5,169
2025-12-27,20,2,wk inc flu hosp,2026-01-10,quantile,0.55,177
2025-12-27,20,2,wk inc flu hosp,2026-01-10,quantile,0.6,187
2025-12-27,20,2,wk inc flu hosp,2026-01-10,quantile,0.65,198
2025-12-27,20,2,wk inc flu hosp,2026-01-10,quantile,0.7,212
2025-12-27,20,2,wk inc flu hosp,2026-01-10,quantile,0.75,236
2025-12-27,20,2,wk inc flu hosp,2026-01-10,quantile,0.8,262
2025-12-27,20,2,wk inc flu hosp,2026-01-10,quantile,0.85,284
2025-12-27,20,2,wk inc flu hosp,2026-01-10,quantile,0.9,305
2025-12-27,20,2,wk inc flu hosp,2026-01-10,quantile,0.95,380
2025-12-27,20,2,wk inc flu hosp,2026-01-10,quantile,0.975,430
2025-12-27,20,2,wk inc flu hosp,2026-01-10,quantile,0.99,496
2025-12-27,20,3,wk inc flu hosp,2026-01-17,quantile,0.01,43
2025-12-27,20,3,wk inc flu hosp,2026-01-17,quantile,0.025,60
2025-12-27,20,3,wk inc flu hosp,2026-01-17,quantile,0.05,78
2025-12-27,20,3,wk inc flu hosp,2026-01-17,quantile,0.1,95
2025-12-27,20,3,wk inc flu hosp,2026-01-17,quantile,0.15,108
2025-12-27,20,3,wk inc flu hosp,2026-01-17,quantile,0.2,119
2025-12-27,20,3,wk inc flu hosp,2026-01-17,quantile,0.25,128
2025-12-27,20,3,wk inc flu hosp,2026-01-17,quantile,0.3,139
2025-12-27,20,3,wk inc flu hosp,2026-01-17,quantile,0.35,150
2025-12-27,20,3,wk inc flu hosp,2026-01-17,quantile,0.4,159
2025-12-27,20,3,wk inc flu hosp,2026-01-17,quantile,0.45,168
2025-12-27,20,3,wk inc flu hosp,2026-01-17,quantile,0.5,177
2025-12-27,20,3,wk inc flu hosp,2026-01-17,quantile,0.55,187
2025-12-27,20,3,wk inc flu hosp,2026-01-17,quantile,0.6,199
2025-12-27,20,3,wk inc flu hosp,2026-01-17,quantile,0.65,211
2025-12-27,20,3,wk inc flu hosp,2026-01-17,quantile,0.7,229
2025-12-27,20,3,wk inc flu hosp,2026-01-17,quantile,0.75,255
2025-12-27,20,3,wk inc flu hosp,2026-01-17,quantile,0.8,298
2025-12-27,20,3,wk inc flu hosp,2026-01-17,quantile,0.85,343
2025-12-27,20,3,wk inc flu hosp,2026-01-17,quantile,0.9,382
2025-12-27,20,3,wk inc flu hosp,2026-01-17,quantile,0.95,452
2025-12-27,20,3,wk inc flu hosp,2026-01-17,quantile,0.975,512
2025-12-27,20,3,wk inc flu hosp,2026-01-17,quantile,0.99,554
2025-12-27,21,0,wk inc flu hosp,2025-12-27,quantile,0.01,108
2025-12-27,21,0,wk inc flu hosp,2025-12-27,quantile,0.025,136
2025-12-27,21,0,wk inc flu hosp,2025-12-27,quantile,0.05,153
2025-12-27,21,0,wk inc flu hosp,2025-12-27,quantile,0.1,164
2025-12-27,21,0,wk inc flu hosp,2025-12-27,quantile,0.15,179
2025-12-27,21,0,wk inc flu hosp,2025-12-27,quantile,0.2,190
2025-12-27,21,0,wk inc flu hosp,2025-12-27,quantile,0.25,200
2025-12-27,21,0,wk inc flu hosp,2025-12-27,quantile,0.3,208
2025-12-27,21,0,wk inc flu hosp,2025-12-27,quantile,0.35,223
2025-12-27,21,0,wk inc flu hosp,2025-12-27,quantile,0.4,231
2025-12-27,21,0,wk inc flu hosp,2025-12-27,quantile,0.45,239
2025-12-27,21,0,wk inc flu hosp,2025-12-27,quantile,0.5,244
2025-12-27,21,0,wk inc flu hosp,2025-12-27,quantile,0.55,249
2025-12-27,21,0,wk inc flu hosp,2025-12-27,quantile,0.6,260
2025-12-27,21,0,wk inc flu hosp,2025-12-27,quantile,0.65,277
2025-12-27,21,0,wk inc flu hosp,2025-12-27,quantile,0.7,291
2025-12-27,21,0,wk inc flu hosp,2025-12-27,quantile,0.75,304
2025-12-27,21,0,wk inc flu hosp,2025-12-27,quantile,0.8,321
2025-12-27,21,0,wk inc flu hosp,2025-12-27,quantile,0.85,345
2025-12-27,21,0,wk inc flu hosp,2025-12-27,quantile,0.9,368
2025-12-27,21,0,wk inc flu hosp,2025-12-27,quantile,0.95,401
2025-12-27,21,0,wk inc flu hosp,2025-12-27,quantile,0.975,455
2025-12-27,21,0,wk inc flu hosp,2025-12-27,quantile,0.99,521
2025-12-27,21,1,wk inc flu hosp,2026-01-03,quantile,0.01,102
2025-12-27,21,1,wk inc flu hosp,2026-01-03,quantile,0.025,120
2025-12-27,21,1,wk inc flu hosp,2026-01-03,quantile,0.05,141
2025-12-27,21,1,wk inc flu hosp,2026-01-03,quantile,0.1,170
2025-12-27,21,1,wk inc flu hosp,2026-01-03,quantile,0.15,187
2025-12-27,21,1,wk inc flu hosp,2026-01-03,quantile,0.2,199
2025-12-27,21,1,wk inc flu hosp,2026-01-03,quantile,0.25,217
2025-12-27,21,1,wk inc flu hosp,2026-01-03,quantile,0.3,237
2025-12-27,21,1,wk inc flu hosp,2026-01-03,quantile,0.35,254
2025-12-27,21,1,wk inc flu hosp,2026-01-03,quantile,0.4,277
2025-12-27,21,1,wk inc flu hosp,2026-01-03,quantile,0.45,303
2025-12-27,21,1,wk inc flu hosp,2026-01-03,quantile,0.5,333
2025-12-27,21,1,wk inc flu hosp,2026-01-03,quantile,0.55,349
2025-12-27,21,1,wk inc flu hosp,2026-01-03,quantile,0.6,377
2025-12-27,21,1,wk inc flu hosp,2026-01-03,quantile,0.65,392
2025-12-27,21,1,wk inc flu hosp,2026-01-03,quantile,0.7,400
2025-12-27,21,1,wk inc flu hosp,2026-01-03,quantile,0.75,442
2025-12-27,21,1,wk inc flu hosp,2026-01-03,quantile,0.8,473
2025-12-27,21,1,wk inc flu hosp,2026-01-03,quantile,0.85,494
2025-12-27,21,1,wk inc flu hosp,2026-01-03,quantile,0.9,553
2025-12-27,21,1,wk inc flu hosp,2026-01-03,quantile,0.95,634
2025-12-27,21,1,wk inc flu hosp,2026-01-03,quantile,0.975,735
2025-12-27,21,1,wk inc flu hosp,2026-01-03,quantile,0.99,882
2025-12-27,21,2,wk inc flu hosp,2026-01-10,quantile,0.01,103
2025-12-27,21,2,wk inc flu hosp,2026-01-10,quantile,0.025,116
2025-12-27,21,2,wk inc flu hosp,2026-01-10,quantile,0.05,141
2025-12-27,21,2,wk inc flu hosp,2026-01-10,quantile,0.1,169
2025-12-27,21,2,wk inc flu hosp,2026-01-10,quantile,0.15,202
2025-12-27,21,2,wk inc flu hosp,2026-01-10,quantile,0.2,229
2025-12-27,21,2,wk inc flu hosp,2026-01-10,quantile,0.25,247
2025-12-27,21,2,wk inc flu hosp,2026-01-10,quantile,0.3,262
2025-12-27,21,2,wk inc flu hosp,2026-01-10,quantile,0.35,281
2025-12-27,21,2,wk inc flu hosp,2026-01-10,quantile,0.4,306
2025-12-27,21,2,wk inc flu hosp,2026-01-10,quantile,0.45,318
2025-12-27,21,2,wk inc flu hosp,2026-01-10,quantile,0.5,327
2025-12-27,21,2,wk inc flu hosp,2026-01-10,quantile,0.55,349
2025-12-27,21,2,wk inc flu hosp,2026-01-10,quantile,0.6,372
2025-12-27,21,2,wk inc flu hosp,2026-01-10,quantile,0.65,400
2025-12-27,21,2,wk inc flu hosp,2026-01-10,quantile,0.7,430
2025-12-27,21,2,wk inc flu hosp,2026-01-10,quantile,0.75,483
2025-12-27,21,2,wk inc flu hosp,2026-01-10,quantile,0.8,535
2025-12-27,21,2,wk inc flu hosp,2026-01-10,quantile,0.85,584
2025-12-27,21,2,wk inc flu hosp,2026-01-10,quantile,0.9,689
2025-12-27,21,2,wk inc flu hosp,2026-01-10,quantile,0.95,844
2025-12-27,21,2,wk inc flu hosp,2026-01-10,quantile,0.975,946
2025-12-27,21,2,wk inc flu hosp,2026-01-10,quantile,0.99,1043
2025-12-27,21,3,wk inc flu hosp,2026-01-17,quantile,0.01,91
2025-12-27,21,3,wk inc flu hosp,2026-01-17,quantile,0.025,105
2025-12-27,21,3,wk inc flu hosp,2026-01-17,quantile,0.05,128
2025-12-27,21,3,wk inc flu hosp,2026-01-17,quantile,0.1,164
2025-12-27,21,3,wk inc flu hosp,2026-01-17,quantile,0.15,193
2025-12-27,21,3,wk inc flu hosp,2026-01-17,quantile,0.2,216
2025-12-27,21,3,wk inc flu hosp,2026-01-17,quantile,0.25,234
2025-12-27,21,3,wk inc flu hosp,2026-01-17,quantile,0.3,259
2025-12-27,21,3,wk inc flu hosp,2026-01-17,quantile,0.35,287
2025-12-27,21,3,wk inc flu hosp,2026-01-17,quantile,0.4,312
2025-12-27,21,3,wk inc flu hosp,2026-01-17,quantile,0.45,330
2025-12-27,21,3,wk inc flu hosp,2026-01-17,quantile,0.5,349
2025-12-27,21,3,wk inc flu hosp,2026-01-17,quantile,0.55,373
2025-12-27,21,3,wk inc flu hosp,2026-01-17,quantile,0.6,401
2025-12-27,21,3,wk inc flu hosp,2026-01-17,quantile,0.65,426
2025-12-27,21,3,wk inc flu hosp,2026-01-17,quantile,0.7,478
2025-12-27,21,3,wk inc flu hosp,2026-01-17,quantile,0.75,537
2025-12-27,21,3,wk inc flu hosp,2026-01-17,quantile,0.8,586
2025-12-27,21,3,wk inc flu hosp,2026-01-17,quantile,0.85,650
2025-12-27,21,3,wk inc flu hosp,2026-01-17,quantile,0.9,725
2025-12-27,21,3,wk inc flu hosp,2026-01-17,quantile,0.95,860
2025-12-27,21,3,wk inc flu hosp,2026-01-17,quantile,0.975,967
2025-12-27,21,3,wk inc flu hosp,2026-01-17,quantile,0.99,1187
2025-12-27,22,0,wk inc flu hosp,2025-12-27,quantile,0.01,295
2025-12-27,22,0,wk inc flu hosp,2025-12-27,quantile,0.025,328
2025-12-27,22,0,wk inc flu hosp,2025-12-27,quantile,0.05,356
2025-12-27,22,0,wk inc flu hosp,2025-12-27,quantile,0.1,398
2025-12-27,22,0,wk inc flu hosp,2025-12-27,quantile,0.15,431
2025-12-27,22,0,wk inc flu hosp,2025-12-27,quantile,0.2,443
2025-12-27,22,0,wk inc flu hosp,2025-12-27,quantile,0.25,463
2025-12-27,22,0,wk inc flu hosp,2025-12-27,quantile,0.3,479
2025-12-27,22,0,wk inc flu hosp,2025-12-27,quantile,0.35,496
2025-12-27,22,0,wk inc flu hosp,2025-12-27,quantile,0.4,512
2025-12-27,22,0,wk inc flu hosp,2025-12-27,quantile,0.45,521
2025-12-27,22,0,wk inc flu hosp,2025-12-27,quantile,0.5,534
2025-12-27,22,0,wk inc flu hosp,2025-12-27,quantile,0.55,561
2025-12-27,22,0,wk inc flu hosp,2025-12-27,quantile,0.6,579
2025-12-27,22,0,wk inc flu hosp,2025-12-27,quantile,0.65,584
2025-12-27,22,0,wk inc flu hosp,2025-12-27,quantile,0.7,596
2025-12-27,22,0,wk inc flu hosp,2025-12-27,quantile,0.75,620
2025-12-27,22,0,wk inc flu hosp,2025-12-27,quantile,0.8,646
2025-12-27,22,0,wk inc flu hosp,2025-12-27,quantile,0.85,665
2025-12-27,22,0,wk inc flu hosp,2025-12-27,quantile,0.9,686
2025-12-27,22,0,wk inc flu hosp,2025-12-27,quantile,0.95,723
2025-12-27,22,0,wk inc flu hosp,2025-12-27,quantile,0.975,776
2025-12-27,22,0,wk inc flu hosp,2025-12-27,quantile,0.99,861
2025-12-27,22,1,wk inc flu hosp,2026-01-03,quantile,0.01,275
2025-12-27,22,1,wk inc flu hosp,2026-01-03,quantile,0.025,291
2025-12-27,22,1,wk inc flu hosp,2026-01-03,quantile,0.05,319
2025-12-27,22,1,wk inc flu hosp,2026-01-03,quantile,0.1,368
2025-12-27,22,1,wk inc flu hosp,2026-01-03,quantile,0.15,386
2025-12-27,22,1,wk inc flu hosp,2026-01-03,quantile,0.2,417
2025-12-27,22,1,wk inc flu hosp,2026-01-03,quantile,0.25,448
2025-12-27,22,1,wk inc flu hosp,2026-01-03,quantile,0.3,466
2025-12-27,22,1,wk inc flu hosp,2026-01-03,quantile,0.35,498
2025-12-27,22,1,wk inc flu hosp,2026-01-03,quantile,0.4,519
2025-12-27,22,1,wk inc flu hosp,2026-01-03,quantile,0.45,538
2025-12-27,22,1,wk inc flu hosp,2026-01-03,quantile,0.5,553
2025-12-27,22,1,wk inc flu hosp,2026-01-03,quantile,0.55,571
2025-12-27,22,1,wk inc flu hosp,2026-01-03,quantile,0.6,589
2025-12-27,22,1,wk inc flu hosp,2026-01-03,quantile,0.65,609
2025-12-27,22,1,wk inc flu hosp,2026-01-03,quantile,0.7,631
2025-12-27,22,1,wk inc flu hosp,2026-01-03,quantile,0.75,656
2025-12-27,22,1,wk inc flu hosp,2026-01-03,quantile,0.8,700
2025-12-27,22,1,wk inc flu hosp,2026-01-03,quantile,0.85,740
2025-12-27,22,1,wk inc flu hosp,2026-01-03,quantile,0.9,791
2025-12-27,22,1,wk inc flu hosp,2026-01-03,quantile,0.95,862
2025-12-27,22,1,wk inc flu hosp,2026-01-03,quantile,0.975,918
2025-12-27,22,1,wk inc flu hosp,2026-01-03,quantile,0.99,1016
2025-12-27,22,2,wk inc flu hosp,2026-01-10,quantile,0.01,224
2025-12-27,22,2,wk inc flu hosp,2026-01-10,quantile,0.025,244
2025-12-27,22,2,wk inc flu hosp,2026-01-10,quantile,0.05,271
2025-12-27,22,2,wk inc flu hosp,2026-01-10,quantile,0.1,306
2025-12-27,22,2,wk inc flu hosp,2026-01-10,quantile,0.15,347
2025-12-27,22,2,wk inc flu hosp,2026-01-10,quantile,0.2,371
2025-12-27,22,2,wk inc flu hosp,2026-01-10,quantile,0.25,404
2025-12-27,22,2,wk inc flu hosp,2026-01-10,quantile,0.3,437
2025-12-27,22,2,wk inc flu hosp,2026-01-10,quantile,0.35,466
2025-12-27,22,2,wk inc flu hosp,2026-01-10,quantile,0.4,484
2025-12-27,22,2,wk inc flu hosp,2026-01-10,quantile,0.45,506
2025-12-27,22,2,wk inc flu hosp,2026-01-10,quantile,0.5,530
2025-12-27,22,2,wk inc flu hosp,2026-01-10,quantile,0.55,573
2025-12-27,22,2,wk inc flu hosp,2026-01-10,quantile,0.6,590
2025-12-27,22,2,wk inc flu hosp,2026-01-10,quantile,0.65,619
2025-12-27,22,2,wk inc flu hosp,2026-01-10,quantile,0.7,652
2025-12-27,22,2,wk inc flu hosp,2026-01-10,quantile,0.75,678
2025-12-27,22,2,wk inc flu hosp,2026-01-10,quantile,0.8,719
2025-12-27,22,2,wk inc flu hosp,2026-01-10,quantile,0.85,768
2025-12-27,22,2,wk inc flu hosp,2026-01-10,quantile,0.9,849
2025-12-27,22,2,wk inc flu hosp,2026-01-10,quantile,0.95,940
2025-12-27,22,2,wk inc flu hosp,2026-01-10,quantile,0.975,1021
2025-12-27,22,2,wk inc flu hosp,2026-01-10,quantile,0.99,1134
2025-12-27,22,3,wk inc flu hosp,2026-01-17,quantile,0.01,203
2025-12-27,22,3,wk inc flu hosp,2026-01-17,quantile,0.025,220
2025-12-27,22,3,wk inc flu hosp,2026-01-17,quantile,0.05,248
2025-12-27,22,3,wk inc flu hosp,2026-01-17,quantile,0.1,281
2025-12-27,22,3,wk inc flu hosp,2026-01-17,quantile,0.15,310
2025-12-27,22,3,wk inc flu hosp,2026-01-17,quantile,0.2,344
2025-12-27,22,3,wk inc flu hosp,2026-01-17,quantile,0.25,375
2025-12-27,22,3,wk inc flu hosp,2026-01-17,quantile,0.3,398
2025-12-27,22,3,wk inc flu hosp,2026-01-17,quantile,0.35,423
2025-12-27,22,3,wk inc flu hosp,2026-01-17,quantile,0.4,449
2025-12-27,22,3,wk inc flu hosp,2026-01-17,quantile,0.45,483
2025-12-27,22,3,wk inc flu hosp,2026-01-17,quantile,0.5,526
2025-12-27,22,3,wk inc flu hosp,2026-01-17,quantile,0.55,553
2025-12-27,22,3,wk inc flu hosp,2026-01-17,quantile,0.6,571
2025-12-27,22,3,wk inc flu hosp,2026-01-17,quantile,0.65,600
2025-12-27,22,3,wk inc flu hosp,2026-01-17,quantile,0.7,637
2025-12-27,22,3,wk inc flu hosp,2026-01-17,quantile,0.75,670
2025-12-27,22,3,wk inc flu hosp,2026-01-17,quantile,0.8,708
2025-12-27,22,3,wk inc flu hosp,2026-01-17,quantile,0.85,763
2025-12-27,22,3,wk inc flu hosp,2026-01-17,quantile,0.9,842
2025-12-27,22,3,wk inc flu hosp,2026-01-17,quantile,0.95,977
2025-12-27,22,3,wk inc flu hosp,2026-01-17,quantile,0.975,1054
2025-12-27,22,3,wk inc flu hosp,2026-01-17,quantile,0.99,1128
2025-12-27,23,0,wk inc flu hosp,2025-12-27,quantile,0.01,47
2025-12-27,23,0,wk inc flu hosp,2025-12-27,quantile,0.025,53
2025-12-27,23,0,wk inc flu hosp,2025-12-27,quantile,0.05,59
2025-12-27,23,0,wk inc flu hosp,2025-12-27,quantile,0.1,68
2025-12-27,23,0,wk inc flu hosp,2025-12-27,quantile,0.15,73
2025-12-27,23,0,wk inc flu hosp,2025-12-27,quantile,0.2,76
2025-12-27,23,0,wk inc flu hosp,2025-12-27,quantile,0.25,80
2025-12-27,23,0,wk inc flu hosp,2025-12-27,quantile,0.3,85
2025-12-27,23,0,wk inc flu hosp,2025-12-27,quantile,0.35,91
2025-12-27,23,0,wk inc flu hosp,2025-12-27,quantile,0.4,96
2025-12-27,23,0,wk inc flu hosp,2025-12-27,quantile,0.45,99
2025-12-27,23,0,wk inc flu hosp,2025-12-27,quantile,0.5,105
2025-12-27,23,0,wk inc flu hosp,2025-12-27,quantile,0.55,107
2025-12-27,23,0,wk inc flu hosp,2025-12-27,quantile,0.6,112
2025-12-27,23,0,wk inc flu hosp,2025-12-27,quantile,0.65,120
2025-12-27,23,0,wk inc flu hosp,2025-12-27,quantile,0.7,124
2025-12-27,23,0,wk inc flu hosp,2025-12-27,quantile,0.75,128
2025-12-27,23,0,wk inc flu hosp,2025-12-27,quantile,0.8,135
2025-12-27,23,0,wk inc flu hosp,2025-12-27,quantile,0.85,142
2025-12-27,23,0,wk inc flu hosp,2025-12-27,quantile,0.9,149
2025-12-27,23,0,wk inc flu hosp,2025-12-27,quantile,0.95,164
2025-12-27,23,0,wk inc flu hosp,2025-12-27,quantile,0.975,178
2025-12-27,23,0,wk inc flu hosp,2025-12-27,quantile,0.99,198
2025-12-27,23,1,wk inc flu hosp,2026-01-03,quantile,0.01,47
2025-12-27,23,1,wk inc flu hosp,2026-01-03,quantile,0.025,51
2025-12-27,23,1,wk inc flu hosp,2026-01-03,quantile,0.05,60
2025-12-27,23,1,wk inc flu hosp,2026-01-03,quantile,0.1,72
2025-12-27,23,1,wk inc flu hosp,2026-01-03,quantile,0.15,83
2025-12-27,23,1,wk inc flu hosp,2026-01-03,quantile,0.2,90
2025-12-27,23,1,wk inc flu hosp,2026-01-03,quantile,0.25,96
2025-12-27,23,1,wk inc flu hosp,2026-01-03,quantile,0.3,103
2025-12-27,23,1,wk inc flu hosp,2026-01-03,quantile,0.35,109
2025-12-27,23,1,wk inc flu hosp,2026-01-03,quantile,0.4,112
2025-12-27,23,1,wk inc flu hosp,2026-01-03,quantile,0.45,117
2025-12-27,23,1,wk inc flu hosp,2026-01-03,quantile,0.5,122
2025-12-27,23,1,wk inc flu hosp,2026-01-03,quantile,0.55,127
2025-12-27,23,1,wk inc flu hosp,2026-01-03,quantile,0.6,135
2025-12-27,23,1,wk inc flu hosp,2026-01-03,quantile,0.65,142
2025-12-27,23,1,wk inc flu hosp,2026-01-03,quantile,0.7,148
2025-12-27,23,1,wk inc flu hosp,2026-01-03,quantile,0.75,159
2025-12-27,23,1,wk inc flu hosp,2026-01-03,quantile,0.8,170
2025-12-27,23,1,wk inc flu hosp,2026-01-03,quantile,0.85,182
2025-12-27,23,1,wk inc flu hosp,2026-01-03,quantile,0.9,206
2025-12-27,23,1,wk inc flu hosp,2026-01-03,quantile,0.95,234
2025-12-27,23,1,wk inc flu hosp,2026-01-03,quantile,0.975,256
2025-12-27,23,1,wk inc flu hosp,2026-01-03,quantile,0.99,288
2025-12-27,23,2,wk inc flu hosp,2026-01-10,quantile,0.01,35
2025-12-27,23,2,wk inc flu hosp,2026-01-10,quantile,0.025,44
2025-12-27,23,2,wk inc flu hosp,2026-01-10,quantile,0.05,54
2025-12-27,23,2,wk inc flu hosp,2026-01-10,quantile,0.1,69
2025-12-27,23,2,wk inc flu hosp,2026-01-10,quantile,0.15,77
2025-12-27,23,2,wk inc flu hosp,2026-01-10,quantile,0.2,87
2025-12-27,23,2,wk inc flu hosp,2026-01-10,quantile,0.25,95
2025-12-27,23,2,wk inc flu hosp,2026-01-10,quantile,0.3,101
2025-12-27,23,2,wk inc flu hosp,2026-01-10,quantile,0.35,106
2025-12-27,23,2,wk inc flu hosp,2026-01-10,quantile,0.4,108
2025-12-27,23,2,wk inc flu hosp,2026-01-10,quantile,0.45,117
2025-12-27,23,2,wk inc flu hosp,2026-01-10,quantile,0.5,123
2025-12-27,23,2,wk inc flu hosp,2026-01-10,quantile,0.55,129
2025-12-27,23,2,wk inc flu hosp,2026-01-10,quantile,0.6,137
2025-12-27,23,2,wk inc flu hosp,2026-01-10,quantile,0.65,147
2025-12-27,23,2,wk inc flu hosp,2026-01-10,quantile,0.7,158
2025-12-27,23,2,wk inc flu hosp,2026-01-10,quantile,0.75,178
2025-12-27,23,2,wk inc flu hosp,2026-01-10,quantile,0.8,185
2025-12-27,23,2,wk inc flu hosp,2026-01-10,quantile,0.85,204
2025-12-27,23,2,wk inc flu hosp,2026-01-10,quantile,0.9,239
2025-12-27,23,2,wk inc flu hosp,2026-01-10,quantile,0.95,266
2025-12-27,23,2,wk inc flu hosp,2026-01-10,quantile,0.975,296
2025-12-27,23,2,wk inc flu hosp,2026-01-10,quantile,0.99,350
2025-12-27,23,3,wk inc flu hosp,2026-01-17,quantile,0.01,30
2025-12-27,23,3,wk inc flu hosp,2026-01-17,quantile,0.025,37
2025-12-27,23,3,wk inc flu hosp,2026-01-17,quantile,0.05,44
2025-12-27,23,3,wk inc flu hosp,2026-01-17,quantile,0.1,60
2025-12-27,23,3,wk inc flu hosp,2026-01-17,quantile,0.15,69
2025-12-27,23,3,wk inc flu hosp,2026-01-17,quantile,0.2,75
2025-12-27,23,3,wk inc flu hosp,2026-01-17,quantile,0.25,83
2025-12-27,23,3,wk inc flu hosp,2026-01-17,quantile,0.3,91
2025-12-27,23,3,wk inc flu hosp,2026-01-17,quantile,0.35,100
2025-12-27,23,3,wk inc flu hosp,2026-01-17,quantile,0.4,106
2025-12-27,23,3,wk inc flu hosp,2026-01-17,quantile,0.45,112
2025-12-27,23,3,wk inc flu hosp,2026-01-17,quantile,0.5,122
2025-12-27,23,3,wk inc flu hosp,2026-01-17,quantile,0.55,132
2025-12-27,23,3,wk inc flu hosp,2026-01-17,quantile,0.6,140
2025-12-27,23,3,wk inc flu hosp,2026-01-17,quantile,0.65,154
2025-12-27,23,3,wk inc flu hosp,2026-01-17,quantile,0.7,173
2025-12-27,23,3,wk inc flu hosp,2026-01-17,quantile,0.75,191
2025-12-27,23,3,wk inc flu hosp,2026-01-17,quantile,0.8,206
2025-12-27,23,3,wk inc flu hosp,2026-01-17,quantile,0.85,231
2025-12-27,23,3,wk inc flu hosp,2026-01-17,quantile,0.9,253
2025-12-27,23,3,wk inc flu hosp,2026-01-17,quantile,0.95,294
2025-12-27,23,3,wk inc flu hosp,2026-01-17,quantile,0.975,315
2025-12-27,23,3,wk inc flu hosp,2026-01-17,quantile,0.99,348
2025-12-27,24,0,wk inc flu hosp,2025-12-27,quantile,0.01,306
2025-12-27,24,0,wk inc flu hosp,2025-12-27,quantile,0.025,337
2025-12-27,24,0,wk inc flu hosp,2025-12-27,quantile,0.05,355
2025-12-27,24,0,wk inc flu hosp,2025-12-27,quantile,0.1,382
2025-12-27,24,0,wk inc flu hosp,2025-12-27,quantile,0.15,426
2025-12-27,24,0,wk inc flu hosp,2025-12-27,quantile,0.2,438
2025-12-27,24,0,wk inc flu hosp,2025-12-27,quantile,0.25,454
2025-12-27,24,0,wk inc flu hosp,2025-12-27,quantile,0.3,474
2025-12-27,24,0,wk inc flu hosp,2025-12-27,quantile,0.35,504
2025-12-27,24,0,wk inc flu hosp,2025-12-27,quantile,0.4,512
2025-12-27,24,0,wk inc flu hosp,2025-12-27,quantile,0.45,532
2025-12-27,24,0,wk inc flu hosp,2025-12-27,quantile,0.5,552
2025-12-27,24,0,wk inc flu hosp,2025-12-27,quantile,0.55,571
2025-12-27,24,0,wk inc flu hosp,2025-12-27,quantile,0.6,596
2025-12-27,24,0,wk inc flu hosp,2025-12-27,quantile,0.65,609
2025-12-27,24,0,wk inc flu hosp,2025-12-27,quantile,0.7,629
2025-12-27,24,0,wk inc flu hosp,2025-12-27,quantile,0.75,655
2025-12-27,24,0,wk inc flu hosp,2025-12-27,quantile,0.8,681
2025-12-27,24,0,wk inc flu hosp,2025-12-27,quantile,0.85,702
2025-12-27,24,0,wk inc flu hosp,2025-12-27,quantile,0.9,711
2025-12-27,24,0,wk inc flu hosp,2025-12-27,quantile,0.95,774
2025-12-27,24,0,wk inc flu hosp,2025-12-27,quantile,0.975,830
2025-12-27,24,0,wk inc flu hosp,2025-12-27,quantile,0.99,885
2025-12-27,24,1,wk inc flu hosp,2026-01-03,quantile,0.01,255
2025-12-27,24,1,wk inc flu hosp,2026-01-03,quantile,0.025,316
2025-12-27,24,1,wk inc flu hosp,2026-01-03,quantile,0.05,326
2025-12-27,24,1,wk inc flu hosp,2026-01-03,quantile,0.1,369
2025-12-27,24,1,wk inc flu hosp,2026-01-03,quantile,0.15,402
2025-12-27,24,1,wk inc flu hosp,2026-01-03,quantile,0.2,439
2025-12-27,24,1,wk inc flu hosp,2026-01-03,quantile,0.25,469
2025-12-27,24,1,wk inc flu hosp,2026-01-03,quantile,0.3,488
2025-12-27,24,1,wk inc flu hosp,2026-01-03,quantile,0.35,519
2025-12-27,24,1,wk inc flu hosp,2026-01-03,quantile,0.4,541
2025-12-27,24,1,wk inc flu hosp,2026-01-03,quantile,0.45,572
2025-12-27,24,1,wk inc flu hosp,2026-01-03,quantile,0.5,608
2025-12-27,24,1,wk inc flu hosp,2026-01-03,quantile,0.55,646
2025-12-27,24,1,wk inc flu hosp,2026-01-03,quantile,0.6,677
2025-12-27,24,1,wk inc flu hosp,2026-01-03,quantile,0.65,703
2025-12-27,24,1,wk inc flu hosp,2026-01-03,quantile,0.7,730
2025-12-27,24,1,wk inc flu hosp,2026-01-03,quantile,0.75,757
2025-12-27,24,1,wk inc flu hosp,2026-01-03,quantile,0.8,789
2025-12-27,24,1,wk inc flu hosp,2026-01-03,quantile,0.85,812
2025-12-27,24,1,wk inc flu hosp,2026-01-03,quantile,0.9,888
2025-12-27,24,1,wk inc flu hosp,2026-01-03,quantile,0.95,988
2025-12-27,24,1,wk inc flu hosp,2026-01-03,quantile,0.975,1124
2025-12-27,24,1,wk inc flu hosp,2026-01-03,quantile,0.99,1257
2025-12-27,24,2,wk inc flu hosp,2026-01-10,quantile,0.01,195
2025-12-27,24,2,wk inc flu hosp,2026-01-10,quantile,0.025,248
2025-12-27,24,2,wk inc flu hosp,2026-01-10,quantile,0.05,280
2025-12-27,24,2,wk inc flu hosp,2026-01-10,quantile,0.1,332
2025-12-27,24,2,wk inc flu hosp,2026-01-10,quantile,0.15,379
2025-12-27,24,2,wk inc flu hosp,2026-01-10,quantile,0.2,419
2025-12-27,24,2,wk inc flu hosp,2026-01-10,quantile,0.25,429
2025-12-27,24,2,wk inc flu hosp,2026-01-10,quantile,0.3,460
2025-12-27,24,2,wk inc flu hosp,2026-01-10,quantile,0.35,497
2025-12-27,24,2,wk inc flu hosp,2026-01-10,quantile,0.4,523
2025-12-27,24,2,wk inc flu hosp,2026-01-10,quantile,0.45,552
2025-12-27,24,2,wk inc flu hosp,2026-01-10,quantile,0.5,583
2025-12-27,24,2,wk inc flu hosp,2026-01-10,quantile,0.55,616
2025-12-27,24,2,wk inc flu hosp,2026-01-10,quantile,0.6,663
2025-12-27,24,2,wk inc flu hosp,2026-01-10,quantile,0.65,710
2025-12-27,24,2,wk inc flu hosp,2026-01-10,quantile,0.7,745
2025-12-27,24,2,wk inc flu hosp,2026-01-10,quantile,0.75,775
2025-12-27,24,2,wk inc flu hosp,2026-01-10,quantile,0.8,828
2025-12-27,24,2,wk inc flu hosp,2026-01-10,quantile,0.85,890
2025-12-27,24,2,wk inc flu hosp,2026-01-10,quantile,0.9,961
2025-12-27,24,2,wk inc flu hosp,2026-01-10,quantile,0.95,1083
2025-12-27,24,2,wk inc flu hosp,2026-01-10,quantile,0.975,1176
2025-12-27,24,2,wk inc flu hosp,2026-01-10,quantile,0.99,1329
2025-12-27,24,3,wk inc flu hosp,2026-01-17,quantile,0.01,164
2025-12-27,24,3,wk inc flu hosp,2026-01-17,quantile,0.025,215
2025-12-27,24,3,wk inc flu hosp,2026-01-17,quantile,0.05,244
2025-12-27,24,3,wk inc flu hosp,2026-01-17,quantile,0.1,281
2025-12-27,24,3,wk inc flu hosp,2026-01-17,quantile,0.15,325
2025-12-27,24,3,wk inc flu hosp,2026-01-17,quantile,0.2,379
2025-12-27,24,3,wk inc flu hosp,2026-01-17,quantile,0.25,431
2025-12-27,24,3,wk inc flu hosp,2026-01-17,quantile,0.3,467
2025-12-27,24,3,wk inc flu hosp,2026-01-17,quantile,0.35,491
2025-12-27,24,3,wk inc flu hosp,2026-01-17,quantile,0.4,514
2025-12-27,24,3,wk inc flu hosp,2026-01-17,quantile,0.45,551
2025-12-27,24,3,wk inc flu hosp,2026-01-17,quantile,0.5,584
2025-12-27,24,3,wk inc flu hosp,2026-01-17,quantile,0.55,609
2025-12-27,24,3,wk inc flu hosp,2026-01-17,quantile,0.6,642
2025-12-27,24,3,wk inc flu hosp,2026-01-17,quantile,0.65,678
2025-12-27,24,3,wk inc flu hosp,2026-01-17,quantile,0.7,704
2025-12-27,24,3,wk inc flu hosp,2026-01-17,quantile,0.75,754
2025-12-27,24,3,wk inc flu hosp,2026-01-17,quantile,0.8,805
2025-12-27,24,3,wk inc flu hosp,2026-01-17,quantile,0.85,880
2025-12-27,24,3,wk inc flu hosp,2026-01-17,quantile,0.9,969
2025-12-27,24,3,wk inc flu hosp,2026-01-17,quantile,0.95,1089
2025-12-27,24,3,wk inc flu hosp,2026-01-17,quantile,0.975,1289
2025-12-27,24,3,wk inc flu hosp,2026-01-17,quantile,0.99,1480
2025-12-27,25,0,wk inc flu hosp,2025-12-27,quantile,0.01,347
2025-12-27,25,0,wk inc flu hosp,2025-12-27,quantile,0.025,377
2025-12-27,25,0,wk inc flu hosp,2025-12-27,quantile,0.05,413
2025-12-27,25,0,wk inc flu hosp,2025-12-27,quantile,0.1,462
2025-12-27,25,0,wk inc flu hosp,2025-12-27,quantile,0.15,500
2025-12-27,25,0,wk inc flu hosp,2025-12-27,quantile,0.2,535
2025-12-27,25,0,wk inc flu hosp,2025-12-27,quantile,0.25,571
2025-12-27,25,0,wk inc flu hosp,2025-12-27,quantile,0.3,593
2025-12-27,25,0,wk inc flu hosp,2025-12-27,quantile,0.35,609
2025-12-27,25,0,wk inc flu hosp,2025-12-27,quantile,0.4,628
2025-12-27,25,0,wk inc flu hosp,2025-12-27,quantile,0.45,642
2025-12-27,25,0,wk inc flu hosp,2025-12-27,quantile,0.5,654
2025-12-27,25,0,wk inc flu hosp,2025-12-27,quantile,0.55,661
2025-12-27,25,0,wk inc flu hosp,2025-12-27,quantile,0.6,682
2025-12-27,25,0,wk inc flu hosp,2025-12-27,quantile,0.65,701
2025-12-27,25,0,wk inc flu hosp,2025-12-27,quantile,0.7,718
2025-12-27,25,0,wk inc flu hosp,2025-12-27,quantile,0.75,736
2025-12-27,25,0,wk inc flu hosp,2025-12-27,quantile,0.8,769
2025-12-27,25,0,wk inc flu hosp,2025-12-27,quantile,0.85,805
2025-12-27,25,0,wk inc flu hosp,2025-12-27,quantile,0.9,860
2025-12-27,25,0,wk inc flu hosp,2025-12-27,quantile,0.95,940
2025-12-27,25,0,wk inc flu hosp,2025-12-27,quantile,0.975,1015
2025-12-27,25,0,wk inc flu hosp,2025-12-27,quantile,0.99,1080
2025-12-27,25,1,wk inc flu hosp,2026-01-03,quantile,0.01,326
2025-12-27,25,1,wk inc flu hosp,2026-01-03,quantile,0.025,355
2025-12-27,25,1,wk inc flu hosp,2026-01-03,quantile,0.05,396
2025-12-27,25,1,wk inc flu hosp,2026-01-03,quantile,0.1,466
2025-12-27,25,1,wk inc flu hosp,2026-01-03,quantile,0.15,521
2025-12-27,25,1,wk inc flu hosp,2026-01-03,quantile,0.2,590
2025-12-27,25,1,wk inc flu hosp,2026-01-03,quantile,0.25,627
2025-12-27,25,1,wk inc flu hosp,2026-01-03,quantile,0.3,656
2025-12-27,25,1,wk inc flu hosp,2026-01-03,quantile,0.35,678
2025-12-27,25,1,wk inc flu hosp,2026-01-03,quantile,0.4,709
2025-12-27,25,1,wk inc flu hosp,2026-01-03,quantile,0.45,742
2025-12-27,25,1,wk inc flu hosp,2026-01-03,quantile,0.5,771
2025-12-27,25,1,wk inc flu hosp,2026-01-03,quantile,0.55,822
2025-12-27,25,1,wk inc flu hosp,2026-01-03,quantile,0.6,856
2025-12-27,25,1,wk inc flu hosp,2026-01-03,quantile,0.65,895
2025-12-27,25,1,wk inc flu hosp,2026-01-03,quantile,0.7,952
2025-12-27,25,1,wk inc flu hosp,2026-01-03,quantile,0.75,991
2025-12-27,25,1,wk inc flu hosp,2026-01-03,quantile,0.8,1049
2025-12-27,25,1,wk inc flu hosp,2026-01-03,quantile,0.85,1101
2025-12-27,25,1,wk inc flu hosp,2026-01-03,quantile,0.9,1180
2025-12-27,25,1,wk inc flu hosp,2026-01-03,quantile,0.95,1328
2025-12-27,25,1,wk inc flu hosp,2026-01-03,quantile,0.975,1472
2025-12-27,25,1,wk inc flu hosp,2026-01-03,quantile,0.99,1617
2025-12-27,25,2,wk inc flu hosp,2026-01-10,quantile,0.01,245
2025-12-27,25,2,wk inc flu hosp,2026-01-10,quantile,0.025,310
2025-12-27,25,2,wk inc flu hosp,2026-01-10,quantile,0.05,353
2025-12-27,25,2,wk inc flu hosp,2026-01-10,quantile,0.1,417
2025-12-27,25,2,wk inc flu hosp,2026-01-10,quantile,0.15,485
2025-12-27,25,2,wk inc flu hosp,2026-01-10,quantile,0.2,565
2025-12-27,25,2,wk inc flu hosp,2026-01-10,quantile,0.25,636
2025-12-27,25,2,wk inc flu hosp,2026-01-10,quantile,0.3,658
2025-12-27,25,2,wk inc flu hosp,2026-01-10,quantile,0.35,698
2025-12-27,25,2,wk inc flu hosp,2026-01-10,quantile,0.4,740
2025-12-27,25,2,wk inc flu hosp,2026-01-10,quantile,0.45,768
2025-12-27,25,2,wk inc flu hosp,2026-01-10,quantile,0.5,773
2025-12-27,25,2,wk inc flu hosp,2026-01-10,quantile,0.55,831
2025-12-27,25,2,wk inc flu hosp,2026-01-10,quantile,0.6,879
2025-12-27,25,2,wk inc flu hosp,2026-01-10,quantile,0.65,930
2025-12-27,25,2,wk inc flu hosp,2026-01-10,quantile,0.7,994
2025-12-27,25,2,wk inc flu hosp,2026-01-10,quantile,0.75,1082
2025-12-27,25,2,wk inc flu hosp,2026-01-10,quantile,0.8,1157
2025-12-27,25,2,wk inc flu hosp,2026-01-10,quantile,0.85,1235
2025-12-27,25,2,wk inc flu hosp,2026-01-10,quantile,0.9,1313
2025-12-27,25,2,wk inc flu hosp,2026-01-10,quantile,0.95,1427
2025-12-27,25,2,wk inc flu hosp,2026-01-10,quantile,0.975,1585
2025-12-27,25,2,wk inc flu hosp,2026-01-10,quantile,0.99,1821
2025-12-27,25,3,wk inc flu hosp,2026-01-17,quantile,0.01,233
2025-12-27,25,3,wk inc flu hosp,2026-01-17,quantile,0.025,295
2025-12-27,25,3,wk inc flu hosp,2026-01-17,quantile,0.05,323
2025-12-27,25,3,wk inc flu hosp,2026-01-17,quantile,0.1,380
2025-12-27,25,3,wk inc flu hosp,2026-01-17,quantile,0.15,466
2025-12-27,25,3,wk inc flu hosp,2026-01-17,quantile,0.2,525
2025-12-27,25,3,wk inc flu hosp,2026-01-17,quantile,0.25,576
2025-12-27,25,3,wk inc flu hosp,2026-01-17,quantile,0.3,641
2025-12-27,25,3,wk inc flu hosp,2026-01-17,quantile,0.35,691
2025-12-27,25,3,wk inc flu hosp,2026-01-17,quantile,0.4,735
2025-12-27,25,3,wk inc flu hosp,2026-01-17,quantile,0.45,750
2025-12-27,25,3,wk inc flu hosp,2026-01-17,quantile,0.5,783
2025-12-27,25,3,wk inc flu hosp,2026-01-17,quantile,0.55,851
2025-12-27,25,3,wk inc flu hosp,2026-01-17,quantile,0.6,908
2025-12-27,25,3,wk inc flu hosp,2026-01-17,quantile,0.65,953
2025-12-27,25,3,wk inc flu hosp,2026-01-17,quantile,0.7,998
2025-12-27,25,3,wk inc flu hosp,2026-01-17,quantile,0.75,1073
2025-12-27,25,3,wk inc flu hosp,2026-01-17,quantile,0.8,1134
2025-12-27,25,3,wk inc flu hosp,2026-01-17,quantile,0.85,1257
2025-12-27,25,3,wk inc flu hosp,2026-01-17,quantile,0.9,1373
2025-12-27,25,3,wk inc flu hosp,2026-01-17,quantile,0.95,1485
2025-12-27,25,3,wk inc flu hosp,2026-01-17,quantile,0.975,1672
2025-12-27,25,3,wk inc flu hosp,2026-01-17,quantile,0.99,1926
2025-12-27,26,0,wk inc flu hosp,2025-12-27,quantile,0.01,272
2025-12-27,26,0,wk inc flu hosp,2025-12-27,quantile,0.025,282
2025-12-27,26,0,wk inc flu hosp,2025-12-27,quantile,0.05,312
2025-12-27,26,0,wk inc flu hosp,2025-12-27,quantile,0.1,370
2025-12-27,26,0,wk inc flu hosp,2025-12-27,quantile,0.15,404
2025-12-27,26,0,wk inc flu hosp,2025-12-27,quantile,0.2,426
2025-12-27,26,0,wk inc flu hosp,2025-12-27,quantile,0.25,455
2025-12-27,26,0,wk inc flu hosp,2025-12-27,quantile,0.3,476
2025-12-27,26,0,wk inc flu hosp,2025-12-27,quantile,0.35,493
2025-12-27,26,0,wk inc flu hosp,2025-12-27,quantile,0.4,509
2025-12-27,26,0,wk inc flu hosp,2025-12-27,quantile,0.45,528
2025-12-27,26,0,wk inc flu hosp,2025-12-27,quantile,0.5,540
2025-12-27,26,0,wk inc flu hosp,2025-12-27,quantile,0.55,557
2025-12-27,26,0,wk inc flu hosp,2025-12-27,quantile,0.6,590
2025-12-27,26,0,wk inc flu hosp,2025-12-27,quantile,0.65,625
2025-12-27,26,0,wk inc flu hosp,2025-12-27,quantile,0.7,653
2025-12-27,26,0,wk inc flu hosp,2025-12-27,quantile,0.75,676
2025-12-27,26,0,wk inc flu hosp,2025-12-27,quantile,0.8,700
2025-12-27,26,0,wk inc flu hosp,2025-12-27,quantile,0.85,737
2025-12-27,26,0,wk inc flu hosp,2025-12-27,quantile,0.9,794
2025-12-27,26,0,wk inc flu hosp,2025-12-27,quantile,0.95,877
2025-12-27,26,0,wk inc flu hosp,2025-12-27,quantile,0.975,967
2025-12-27,26,0,wk inc flu hosp,2025-12-27,quantile,0.99,1045
2025-12-27,26,1,wk inc flu hosp,2026-01-03,quantile,0.01,270
2025-12-27,26,1,wk inc flu hosp,2026-01-03,quantile,0.025,302
2025-12-27,26,1,wk inc flu hosp,2026-01-03,quantile,0.05,342
2025-12-27,26,1,wk inc flu hosp,2026-01-03,quantile,0.1,394
2025-12-27,26,1,wk inc flu hosp,2026-01-03,quantile,0.15,420
2025-12-27,26,1,wk inc flu hosp,2026-01-03,quantile,0.2,441
2025-12-27,26,1,wk inc flu hosp,2026-01-03,quantile,0.25,482
2025-12-27,26,1,wk inc flu hosp,2026-01-03,quantile,0.3,520
2025-12-27,26,1,wk inc flu hosp,2026-01-03,quantile,0.35,543
2025-12-27,26,1,wk inc flu hosp,2026-01-03,quantile,0.4,581
2025-12-27,26,1,wk inc flu hosp,2026-01-03,quantile,0.45,602
2025-12-27,26,1,wk inc flu hosp,2026-01-03,quantile,0.5,638
2025-12-27,26,1,wk inc flu hosp,2026-01-03,quantile,0.55,684
2025-12-27,26,1,wk inc flu hosp,2026-01-03,quantile,0.6,689
2025-12-27,26,1,wk inc flu hosp,2026-01-03,quantile,0.65,717
2025-12-27,26,1,wk inc flu hosp,2026-01-03,quantile,0.7,751
2025-12-27,26,1,wk inc flu hosp,2026-01-03,quantile,0.75,785
2025-12-27,26,1,wk inc flu hosp,2026-01-03,quantile,0.8,817
2025-12-27,26,1,wk inc flu hosp,2026-01-03,quantile,0.85,886
2025-12-27,26,1,wk inc flu hosp,2026-01-03,quantile,0.9,985
2025-12-27,26,1,wk inc flu hosp,2026-01-03,quantile,0.95,1153
2025-12-27,26,1,wk inc flu hosp,2026-01-03,quantile,0.975,1322
2025-12-27,26,1,wk inc flu hosp,2026-01-03,quantile,0.99,1484
2025-12-27,26,2,wk inc flu hosp,2026-01-10,quantile,0.01,199
2025-12-27,26,2,wk inc flu hosp,2026-01-10,quantile,0.025,262
2025-12-27,26,2,wk inc flu hosp,2026-01-10,quantile,0.05,297
2025-12-27,26,2,wk inc flu hosp,2026-01-10,quantile,0.1,346
2025-12-27,26,2,wk inc flu hosp,2026-01-10,quantile,0.15,397
2025-12-27,26,2,wk inc flu hosp,2026-01-10,quantile,0.2,437
2025-12-27,26,2,wk inc flu hosp,2026-01-10,quantile,0.25,480
2025-12-27,26,2,wk inc flu hosp,2026-01-10,quantile,0.3,523
2025-12-27,26,2,wk inc flu hosp,2026-01-10,quantile,0.35,554
2025-12-27,26,2,wk inc flu hosp,2026-01-10,quantile,0.4,598
2025-12-27,26,2,wk inc flu hosp,2026-01-10,quantile,0.45,620
2025-12-27,26,2,wk inc flu hosp,2026-01-10,quantile,0.5,643
2025-12-27,26,2,wk inc flu hosp,2026-01-10,quantile,0.55,667
2025-12-27,26,2,wk inc flu hosp,2026-01-10,quantile,0.6,702
2025-12-27,26,2,wk inc flu hosp,2026-01-10,quantile,0.65,727
2025-12-27,26,2,wk inc flu hosp,2026-01-10,quantile,0.7,772
2025-12-27,26,2,wk inc flu hosp,2026-01-10,quantile,0.75,817
2025-12-27,26,2,wk inc flu hosp,2026-01-10,quantile,0.8,860
2025-12-27,26,2,wk inc flu hosp,2026-01-10,quantile,0.85,954
2025-12-27,26,2,wk inc flu hosp,2026-01-10,quantile,0.9,1123
2025-12-27,26,2,wk inc flu hosp,2026-01-10,quantile,0.95,1271
2025-12-27,26,2,wk inc flu hosp,2026-01-10,quantile,0.975,1511
2025-12-27,26,2,wk inc flu hosp,2026-01-10,quantile,0.99,1766
2025-12-27,26,3,wk inc flu hosp,2026-01-17,quantile,0.01,146
2025-12-27,26,3,wk inc flu hosp,2026-01-17,quantile,0.025,222
2025-12-27,26,3,wk inc flu hosp,2026-01-17,quantile,0.05,261
2025-12-27,26,3,wk inc flu hosp,2026-01-17,quantile,0.1,309
2025-12-27,26,3,wk inc flu hosp,2026-01-17,quantile,0.15,364
2025-12-27,26,3,wk inc flu hosp,2026-01-17,quantile,0.2,406
2025-12-27,26,3,wk inc flu hosp,2026-01-17,quantile,0.25,456
2025-12-27,26,3,wk inc flu hosp,2026-01-17,quantile,0.3,499
2025-12-27,26,3,wk inc flu hosp,2026-01-17,quantile,0.35,539
2025-12-27,26,3,wk inc flu hosp,2026-01-17,quantile,0.4,574
2025-12-27,26,3,wk inc flu hosp,2026-01-17,quantile,0.45,612
2025-12-27,26,3,wk inc flu hosp,2026-01-17,quantile,0.5,662
2025-12-27,26,3,wk inc flu hosp,2026-01-17,quantile,0.55,706
2025-12-27,26,3,wk inc flu hosp,2026-01-17,quantile,0.6,758
2025-12-27,26,3,wk inc flu hosp,2026-01-17,quantile,0.65,791
2025-12-27,26,3,wk inc flu hosp,2026-01-17,quantile,0.7,817
2025-12-27,26,3,wk inc flu hosp,2026-01-17,quantile,0.75,862
2025-12-27,26,3,wk inc flu hosp,2026-01-17,quantile,0.8,915
2025-12-27,26,3,wk inc flu hosp,2026-01-17,quantile,0.85,1111
2025-12-27,26,3,wk inc flu hosp,2026-01-17,quantile,0.9,1221
2025-12-27,26,3,wk inc flu hosp,2026-01-17,quantile,0.95,1431
2025-12-27,26,3,wk inc flu hosp,2026-01-17,quantile,0.975,1719
2025-12-27,26,3,wk inc flu hosp,2026-01-17,quantile,0.99,1950
2025-12-27,27,0,wk inc flu hosp,2025-12-27,quantile,0.01,353
2025-12-27,27,0,wk inc flu hosp,2025-12-27,quantile,0.025,415
2025-12-27,27,0,wk inc flu hosp,2025-12-27,quantile,0.05,462
2025-12-27,27,0,wk inc flu hosp,2025-12-27,quantile,0.1,518
2025-12-27,27,0,wk inc flu hosp,2025-12-27,quantile,0.15,553
2025-12-27,27,0,wk inc flu hosp,2025-12-27,quantile,0.2,574
2025-12-27,27,0,wk inc flu hosp,2025-12-27,quantile,0.25,605
2025-12-27,27,0,wk inc flu hosp,2025-12-27,quantile,0.3,632
2025-12-27,27,0,wk inc flu hosp,2025-12-27,quantile,0.35,663
2025-12-27,27,0,wk inc flu hosp,2025-12-27,quantile,0.4,702
2025-12-27,27,0,wk inc flu hosp,2025-12-27,quantile,0.45,716
2025-12-27,27,0,wk inc flu hosp,2025-12-27,quantile,0.5,738
2025-12-27,27,0,wk inc flu hosp,2025-12-27,quantile,0.55,760
2025-12-27,27,0,wk inc flu hosp,2025-12-27,quantile,0.6,775
2025-12-27,27,0,wk inc flu hosp,2025-12-27,quantile,0.65,790
2025-12-27,27,0,wk inc flu hosp,2025-12-27,quantile,0.7,810
2025-12-27,27,0,wk inc flu hosp,2025-12-27,quantile,0.75,836
2025-12-27,27,0,wk inc flu hosp,2025-12-27,quantile,0.8,866
2025-12-27,27,0,wk inc flu hosp,2025-12-27,quantile,0.85,896
2025-12-27,27,0,wk inc flu hosp,2025-12-27,quantile,0.9,938
2025-12-27,27,0,wk inc flu hosp,2025-12-27,quantile,0.95,992
2025-12-27,27,0,wk inc flu hosp,2025-12-27,quantile,0.975,1046
2025-12-27,27,0,wk inc flu hosp,2025-12-27,quantile,0.99,1105
2025-12-27,27,1,wk inc flu hosp,2026-01-03,quantile,0.01,345
2025-12-27,27,1,wk inc flu hosp,2026-01-03,quantile,0.025,443
2025-12-27,27,1,wk inc flu hosp,2026-01-03,quantile,0.05,478
2025-12-27,27,1,wk inc flu hosp,2026-01-03,quantile,0.1,543
2025-12-27,27,1,wk inc flu hosp,2026-01-03,quantile,0.15,564
2025-12-27,27,1,wk inc flu hosp,2026-01-03,quantile,0.2,592
2025-12-27,27,1,wk inc flu hosp,2026-01-03,quantile,0.25,630
2025-12-27,27,1,wk inc flu hosp,2026-01-03,quantile,0.3,661
2025-12-27,27,1,wk inc flu hosp,2026-01-03,quantile,0.35,692
2025-12-27,27,1,wk inc flu hosp,2026-01-03,quantile,0.4,721
2025-12-27,27,1,wk inc flu hosp,2026-01-03,quantile,0.45,760
2025-12-27,27,1,wk inc flu hosp,2026-01-03,quantile,0.5,797
2025-12-27,27,1,wk inc flu hosp,2026-01-03,quantile,0.55,828
2025-12-27,27,1,wk inc flu hosp,2026-01-03,quantile,0.6,843
2025-12-27,27,1,wk inc flu hosp,2026-01-03,quantile,0.65,886
2025-12-27,27,1,wk inc flu hosp,2026-01-03,quantile,0.7,926
2025-12-27,27,1,wk inc flu hosp,2026-01-03,quantile,0.75,964
2025-12-27,27,1,wk inc flu hosp,2026-01-03,quantile,0.8,1014
2025-12-27,27,1,wk inc flu hosp,2026-01-03,quantile,0.85,1071
2025-12-27,27,1,wk inc flu hosp,2026-01-03,quantile,0.9,1146
2025-12-27,27,1,wk inc flu hosp,2026-01-03,quantile,0.95,1262
2025-12-27,27,1,wk inc flu hosp,2026-01-03,quantile,0.975,1378
2025-12-27,27,1,wk inc flu hosp,2026-01-03,quantile,0.99,1483
2025-12-27,27,2,wk inc flu hosp,2026-01-10,quantile,0.01,252
2025-12-27,27,2,wk inc flu hosp,2026-01-10,quantile,0.025,340
2025-12-27,27,2,wk inc flu hosp,2026-01-10,quantile,0.05,430
2025-12-27,27,2,wk inc flu hosp,2026-01-10,quantile,0.1,484
2025-12-27,27,2,wk inc flu hosp,2026-01-10,quantile,0.15,544
2025-12-27,27,2,wk inc flu hosp,2026-01-10,quantile,0.2,581
2025-12-27,27,2,wk inc flu hosp,2026-01-10,quantile,0.25,616
2025-12-27,27,2,wk inc flu hosp,2026-01-10,quantile,0.3,662
2025-12-27,27,2,wk inc flu hosp,2026-01-10,quantile,0.35,688
2025-12-27,27,2,wk inc flu hosp,2026-01-10,quantile,0.4,723
2025-12-27,27,2,wk inc flu hosp,2026-01-10,quantile,0.45,759
2025-12-27,27,2,wk inc flu hosp,2026-01-10,quantile,0.5,776
2025-12-27,27,2,wk inc flu hosp,2026-01-10,quantile,0.55,820
2025-12-27,27,2,wk inc flu hosp,2026-01-10,quantile,0.6,846
2025-12-27,27,2,wk inc flu hosp,2026-01-10,quantile,0.65,865
2025-12-27,27,2,wk inc flu hosp,2026-01-10,quantile,0.7,908
2025-12-27,27,2,wk inc flu hosp,2026-01-10,quantile,0.75,954
2025-12-27,27,2,wk inc flu hosp,2026-01-10,quantile,0.8,1004
2025-12-27,27,2,wk inc flu hosp,2026-01-10,quantile,0.85,1091
2025-12-27,27,2,wk inc flu hosp,2026-01-10,quantile,0.9,1175
2025-12-27,27,2,wk inc flu hosp,2026-01-10,quantile,0.95,1328
2025-12-27,27,2,wk inc flu hosp,2026-01-10,quantile,0.975,1502
2025-12-27,27,2,wk inc flu hosp,2026-01-10,quantile,0.99,1714
2025-12-27,27,3,wk inc flu hosp,2026-01-17,quantile,0.01,177
2025-12-27,27,3,wk inc flu hosp,2026-01-17,quantile,0.025,255
2025-12-27,27,3,wk inc flu hosp,2026-01-17,quantile,0.05,353
2025-12-27,27,3,wk inc flu hosp,2026-01-17,quantile,0.1,426
2025-12-27,27,3,wk inc flu hosp,2026-01-17,quantile,0.15,467
2025-12-27,27,3,wk inc flu hosp,2026-01-17,quantile,0.2,500
2025-12-27,27,3,wk inc flu hosp,2026-01-17,quantile,0.25,532
2025-12-27,27,3,wk inc flu hosp,2026-01-17,quantile,0.3,556
2025-12-27,27,3,wk inc flu hosp,2026-01-17,quantile,0.35,601
2025-12-27,27,3,wk inc flu hosp,2026-01-17,quantile,0.4,644
2025-12-27,27,3,wk inc flu hosp,2026-01-17,quantile,0.45,683
2025-12-27,27,3,wk inc flu hosp,2026-01-17,quantile,0.5,734
2025-12-27,27,3,wk inc flu hosp,2026-01-17,quantile,0.55,760
2025-12-27,27,3,wk inc flu hosp,2026-01-17,quantile,0.6,811
2025-12-27,27,3,wk inc flu hosp,2026-01-17,quantile,0.65,841
2025-12-27,27,3,wk inc flu hosp,2026-01-17,quantile,0.7,862
2025-12-27,27,3,wk inc flu hosp,2026-01-17,quantile,0.75,918
2025-12-27,27,3,wk inc flu hosp,2026-01-17,quantile,0.8,1010
2025-12-27,27,3,wk inc flu hosp,2026-01-17,quantile,0.85,1059
2025-12-27,27,3,wk inc flu hosp,2026-01-17,quantile,0.9,1187
2025-12-27,27,3,wk inc flu hosp,2026-01-17,quantile,0.95,1338
2025-12-27,27,3,wk inc flu hosp,2026-01-17,quantile,0.975,1488
2025-12-27,27,3,wk inc flu hosp,2026-01-17,quantile,0.99,1639
2025-12-27,28,0,wk inc flu hosp,2025-12-27,quantile,0.01,91
2025-12-27,28,0,wk inc flu hosp,2025-12-27,quantile,0.025,101
2025-12-27,28,0,wk inc flu hosp,2025-12-27,quantile,0.05,117
2025-12-27,28,0,wk inc flu hosp,2025-12-27,quantile,0.1,129
2025-12-27,28,0,wk inc flu hosp,2025-12-27,quantile,0.15,140
2025-12-27,28,0,wk inc flu hosp,2025-12-27,quantile,0.2,145
2025-12-27,28,0,wk inc flu hosp,2025-12-27,quantile,0.25,154
2025-12-27,28,0,wk inc flu hosp,2025-12-27,quantile,0.3,161
2025-12-27,28,0,wk inc flu hosp,2025-12-27,quantile,0.35,168
2025-12-27,28,0,wk inc flu hosp,2025-12-27,quantile,0.4,175
2025-12-27,28,0,wk inc flu hosp,2025-12-27,quantile,0.45,182
2025-12-27,28,0,wk inc flu hosp,2025-12-27,quantile,0.5,191
2025-12-27,28,0,wk inc flu hosp,2025-12-27,quantile,0.55,196
2025-12-27,28,0,wk inc flu hosp,2025-12-27,quantile,0.6,203
2025-12-27,28,0,wk inc flu hosp,2025-12-27,quantile,0.65,212
2025-12-27,28,0,wk inc flu hosp,2025-12-27,quantile,0.7,223
2025-12-27,28,0,wk inc flu hosp,2025-12-27,quantile,0.75,230
2025-12-27,28,0,wk inc flu hosp,2025-12-27,quantile,0.8,239
2025-12-27,28,0,wk inc flu hosp,2025-12-27,quantile,0.85,254
2025-12-27,28,0,wk inc flu hosp,2025-12-27,quantile,0.9,266
2025-12-27,28,0,wk inc flu hosp,2025-12-27,quantile,0.95,297
2025-12-27,28,0,wk inc flu hosp,2025-12-27,quantile,0.975,304
2025-12-27,28,0,wk inc flu hosp,2025-12-27,quantile,0.99,347
2025-12-27,28,1,wk inc flu hosp,2026-01-03,quantile,0.01,90
2025-12-27,28,1,wk inc flu hosp,2026-01-03,quantile,0.025,106
2025-12-27,28,1,wk inc flu hosp,2026-01-03,quantile,0.05,120
2025-12-27,28,1,wk inc flu hosp,2026-01-03,quantile,0.1,139
2025-12-27,28,1,wk inc flu hosp,2026-01-03,quantile,0.15,146
2025-12-27,28,1,wk inc flu hosp,2026-01-03,quantile,0.2,157
2025-12-27,28,1,wk inc flu hosp,2026-01-03,quantile,0.25,169
2025-12-27,28,1,wk inc flu hosp,2026-01-03,quantile,0.3,181
2025-12-27,28,1,wk inc flu hosp,2026-01-03,quantile,0.35,192
2025-12-27,28,1,wk inc flu hosp,2026-01-03,quantile,0.4,203
2025-12-27,28,1,wk inc flu hosp,2026-01-03,quantile,0.45,207
2025-12-27,28,1,wk inc flu hosp,2026-01-03,quantile,0.5,222
2025-12-27,28,1,wk inc flu hosp,2026-01-03,quantile,0.55,238
2025-12-27,28,1,wk inc flu hosp,2026-01-03,quantile,0.6,242
2025-12-27,28,1,wk inc flu hosp,2026-01-03,quantile,0.65,247
2025-12-27,28,1,wk inc flu hosp,2026-01-03,quantile,0.7,259
2025-12-27,28,1,wk inc flu hosp,2026-01-03,quantile,0.75,278
2025-12-27,28,1,wk inc flu hosp,2026-01-03,quantile,0.8,298
2025-12-27,28,1,wk inc flu hosp,2026-01-03,quantile,0.85,310
2025-12-27,28,1,wk inc flu hosp,2026-01-03,quantile,0.9,335
2025-12-27,28,1,wk inc flu hosp,2026-01-03,quantile,0.95,365
2025-12-27,28,1,wk inc flu hosp,2026-01-03,quantile,0.975,421
2025-12-27,28,1,wk inc flu hosp,2026-01-03,quantile,0.99,468
2025-12-27,28,2,wk inc flu hosp,2026-01-10,quantile,0.01,75
2025-12-27,28,2,wk inc flu hosp,2026-01-10,quantile,0.025,94
2025-12-27,28,2,wk inc flu hosp,2026-01-10,quantile,0.05,112
2025-12-27,28,2,wk inc flu hosp,2026-01-10,quantile,0.1,125
2025-12-27,28,2,wk inc flu hosp,2026-01-10,quantile,0.15,136
2025-12-27,28,2,wk inc flu hosp,2026-01-10,quantile,0.2,147
2025-12-27,28,2,wk inc flu hosp,2026-01-10,quantile,0.25,160
2025-12-27,28,2,wk inc flu hosp,2026-01-10,quantile,0.3,172
2025-12-27,28,2,wk inc flu hosp,2026-01-10,quantile,0.35,183
2025-12-27,28,2,wk inc flu hosp,2026-01-10,quantile,0.4,196
2025-12-27,28,2,wk inc flu hosp,2026-01-10,quantile,0.45,206
2025-12-27,28,2,wk inc flu hosp,2026-01-10,quantile,0.5,216
2025-12-27,28,2,wk inc flu hosp,2026-01-10,quantile,0.55,228
2025-12-27,28,2,wk inc flu hosp,2026-01-10,quantile,0.6,245
2025-12-27,28,2,wk inc flu hosp,2026-01-10,quantile,0.65,262
2025-12-27,28,2,wk inc flu hosp,2026-01-10,quantile,0.7,280
2025-12-27,28,2,wk inc flu hosp,2026-01-10,quantile,0.75,299
2025-12-27,28,2,wk inc flu hosp,2026-01-10,quantile,0.8,324
2025-12-27,28,2,wk inc flu hosp,2026-01-10,quantile,0.85,350
2025-12-27,28,2,wk inc flu hosp,2026-01-10,quantile,0.9,390
2025-12-27,28,2,wk inc flu hosp,2026-01-10,quantile,0.95,438
2025-12-27,28,2,wk inc flu hosp,2026-01-10,quantile,0.975,488
2025-12-27,28,2,wk inc flu hosp,2026-01-10,quantile,0.99,562
2025-12-27,28,3,wk inc flu hosp,2026-01-17,quantile,0.01,68
2025-12-27,28,3,wk inc flu hosp,2026-01-17,quantile,0.025,83
2025-12-27,28,3,wk inc flu hosp,2026-01-17,quantile,0.05,100
2025-12-27,28,3,wk inc flu hosp,2026-01-17,quantile,0.1,120
2025-12-27,28,3,wk inc flu hosp,2026-01-17,quantile,0.15,130
2025-12-27,28,3,wk inc flu hosp,2026-01-17,quantile,0.2,139
2025-12-27,28,3,wk inc flu hosp,2026-01-17,quantile,0.25,151
2025-12-27,28,3,wk inc flu hosp,2026-01-17,quantile,0.3,164
2025-12-27,28,3,wk inc flu hosp,2026-01-17,quantile,0.35,178
2025-12-27,28,3,wk inc flu hosp,2026-01-17,quantile,0.4,198
2025-12-27,28,3,wk inc flu hosp,2026-01-17,quantile,0.45,209
2025-12-27,28,3,wk inc flu hosp,2026-01-17,quantile,0.5,224
2025-12-27,28,3,wk inc flu hosp,2026-01-17,quantile,0.55,238
2025-12-27,28,3,wk inc flu hosp,2026-01-17,quantile,0.6,258
2025-12-27,28,3,wk inc flu hosp,2026-01-17,quantile,0.65,280
2025-12-27,28,3,wk inc flu hosp,2026-01-17,quantile,0.7,299
2025-12-27,28,3,wk inc flu hosp,2026-01-17,quantile,0.75,309
2025-12-27,28,3,wk inc flu hosp,2026-01-17,quantile,0.8,337
2025-12-27,28,3,wk inc flu hosp,2026-01-17,quantile,0.85,400
2025-12-27,28,3,wk inc flu hosp,2026-01-17,quantile,0.9,446
2025-12-27,28,3,wk inc flu hosp,2026-01-17,quantile,0.95,505
2025-12-27,28,3,wk inc flu hosp,2026-01-17,quantile,0.975,569
2025-12-27,28,3,wk inc flu hosp,2026-01-17,quantile,0.99,601
2025-12-27,29,0,wk inc flu hosp,2025-12-27,quantile,0.01,92
2025-12-27,29,0,wk inc flu hosp,2025-12-27,quantile,0.025,116
2025-12-27,29,0,wk inc flu hosp,2025-12-27,quantile,0.05,128
2025-12-27,29,0,wk inc flu hosp,2025-12-27,quantile,0.1,142
2025-12-27,29,0,wk inc flu hosp,2025-12-27,quantile,0.15,153
2025-12-27,29,0,wk inc flu hosp,2025-12-27,quantile,0.2,168
2025-12-27,29,0,wk inc flu hosp,2025-12-27,quantile,0.25,178
2025-12-27,29,0,wk inc flu hosp,2025-12-27,quantile,0.3,188
2025-12-27,29,0,wk inc flu hosp,2025-12-27,quantile,0.35,195
2025-12-27,29,0,wk inc flu hosp,2025-12-27,quantile,0.4,202
2025-12-27,29,0,wk inc flu hosp,2025-12-27,quantile,0.45,210
2025-12-27,29,0,wk inc flu hosp,2025-12-27,quantile,0.5,219
2025-12-27,29,0,wk inc flu hosp,2025-12-27,quantile,0.55,224
2025-12-27,29,0,wk inc flu hosp,2025-12-27,quantile,0.6,233
2025-12-27,29,0,wk inc flu hosp,2025-12-27,quantile,0.65,241
2025-12-27,29,0,wk inc flu hosp,2025-12-27,quantile,0.7,253
2025-12-27,29,0,wk inc flu hosp,2025-12-27,quantile,0.75,271
2025-12-27,29,0,wk inc flu hosp,2025-12-27,quantile,0.8,285
2025-12-27,29,0,wk inc flu hosp,2025-12-27,quantile,0.85,302
2025-12-27,29,0,wk inc flu hosp,2025-12-27,quantile,0.9,325
2025-12-27,29,0,wk inc flu hosp,2025-12-27,quantile,0.95,362
2025-12-27,29,0,wk inc flu hosp,2025-12-27,quantile,0.975,405
2025-12-27,29,0,wk inc flu hosp,2025-12-27,quantile,0.99,470
2025-12-27,29,1,wk inc flu hosp,2026-01-03,quantile,0.01,89
2025-12-27,29,1,wk inc flu hosp,2026-01-03,quantile,0.025,109
2025-12-27,29,1,wk inc flu hosp,2026-01-03,quantile,0.05,127
2025-12-27,29,1,wk inc flu hosp,2026-01-03,quantile,0.1,163
2025-12-27,29,1,wk inc flu hosp,2026-01-03,quantile,0.15,173
2025-12-27,29,1,wk inc flu hosp,2026-01-03,quantile,0.2,183
2025-12-27,29,1,wk inc flu hosp,2026-01-03,quantile,0.25,201
2025-12-27,29,1,wk inc flu hosp,2026-01-03,quantile,0.3,215
2025-12-27,29,1,wk inc flu hosp,2026-01-03,quantile,0.35,228
2025-12-27,29,1,wk inc flu hosp,2026-01-03,quantile,0.4,240
2025-12-27,29,1,wk inc flu hosp,2026-01-03,quantile,0.45,250
2025-12-27,29,1,wk inc flu hosp,2026-01-03,quantile,0.5,263
2025-12-27,29,1,wk inc flu hosp,2026-01-03,quantile,0.55,284
2025-12-27,29,1,wk inc flu hosp,2026-01-03,quantile,0.6,296
2025-12-27,29,1,wk inc flu hosp,2026-01-03,quantile,0.65,311
2025-12-27,29,1,wk inc flu hosp,2026-01-03,quantile,0.7,334
2025-12-27,29,1,wk inc flu hosp,2026-01-03,quantile,0.75,350
2025-12-27,29,1,wk inc flu hosp,2026-01-03,quantile,0.8,378
2025-12-27,29,1,wk inc flu hosp,2026-01-03,quantile,0.85,423
2025-12-27,29,1,wk inc flu hosp,2026-01-03,quantile,0.9,472
2025-12-27,29,1,wk inc flu hosp,2026-01-03,quantile,0.95,577
2025-12-27,29,1,wk inc flu hosp,2026-01-03,quantile,0.975,667
2025-12-27,29,1,wk inc flu hosp,2026-01-03,quantile,0.99,773
2025-12-27,29,2,wk inc flu hosp,2026-01-10,quantile,0.01,82
2025-12-27,29,2,wk inc flu hosp,2026-01-10,quantile,0.025,106
2025-12-27,29,2,wk inc flu hosp,2026-01-10,quantile,0.05,124
2025-12-27,29,2,wk inc flu hosp,2026-01-10,quantile,0.1,156
2025-12-27,29,2,wk inc flu hosp,2026-01-10,quantile,0.15,174
2025-12-27,29,2,wk inc flu hosp,2026-01-10,quantile,0.2,192
2025-12-27,29,2,wk inc flu hosp,2026-01-10,quantile,0.25,208
2025-12-27,29,2,wk inc flu hosp,2026-01-10,quantile,0.3,217
2025-12-27,29,2,wk inc flu hosp,2026-01-10,quantile,0.35,231
2025-12-27,29,2,wk inc flu hosp,2026-01-10,quantile,0.4,248
2025-12-27,29,2,wk inc flu hosp,2026-01-10,quantile,0.45,262
2025-12-27,29,2,wk inc flu hosp,2026-01-10,quantile,0.5,282
2025-12-27,29,2,wk inc flu hosp,2026-01-10,quantile,0.55,298
2025-12-27,29,2,wk inc flu hosp,2026-01-10,quantile,0.6,317
2025-12-27,29,2,wk inc flu hosp,2026-01-10,quantile,0.65,333
2025-12-27,29,2,wk inc flu hosp,2026-01-10,quantile,0.7,359
2025-12-27,29,2,wk inc flu hosp,2026-01-10,quantile,0.75,382
2025-12-27,29,2,wk inc flu hosp,2026-01-10,quantile,0.8,411
2025-12-27,29,2,wk inc flu hosp,2026-01-10,quantile,0.85,462
2025-12-27,29,2,wk inc flu hosp,2026-01-10,quantile,0.9,546
2025-12-27,29,2,wk inc flu hosp,2026-01-10,quantile,0.95,690
2025-12-27,29,2,wk inc flu hosp,2026-01-10,quantile,0.975,813
2025-12-27,29,2,wk inc flu hosp,2026-01-10,quantile,0.99,1033
2025-12-27,29,3,wk inc flu hosp,2026-01-17,quantile,0.01,72
2025-12-27,29,3,wk inc flu hosp,2026-01-17,quantile,0.025,109
2025-12-27,29,3,wk inc flu hosp,2026-01-17,quantile,0.05,120
2025-12-27,29,3,wk inc flu hosp,2026-01-17,quantile,0.1,157
2025-12-27,29,3,wk inc flu hosp,2026-01-17,quantile,0.15,188
2025-12-27,29,3,wk inc flu hosp,2026-01-17,quantile,0.2,209
2025-12-27,29,3,wk inc flu hosp,2026-01-17,quantile,0.25,231
2025-12-27,29,3,wk inc flu hosp,2026-01-17,quantile,0.3,247
2025-12-27,29,3,wk inc flu hosp,2026-01-17,quantile,0.35,264
2025-12-27,29,3,wk inc flu hosp,2026-01-17,quantile,0.4,283
2025-12-27,29,3,wk inc flu hosp,2026-01-17,quantile,0.45,306
2025-12-27,29,3,wk inc flu hosp,2026-01-17,quantile,0.5,328
2025-12-27,29,3,wk inc flu hosp,2026-01-17,quantile,0.55,351
2025-12-27,29,3,wk inc flu hosp,2026-01-17,quantile,0.6,373
2025-12-27,29,3,wk inc flu hosp,2026-01-17,quantile,0.65,393
2025-12-27,29,3,wk inc flu hosp,2026-01-17,quantile,0.7,426
2025-12-27,29,3,wk inc flu hosp,2026-01-17,quantile,0.75,470
2025-12-27,29,3,wk inc flu hosp,2026-01-17,quantile,0.8,520
2025-12-27,29,3,wk inc flu hosp,2026-01-17,quantile,0.85,581
2025-12-27,29,3,wk inc flu hosp,2026-01-17,quantile,0.9,665
2025-12-27,29,3,wk inc flu hosp,2026-01-17,quantile,0.95,841
2025-12-27,29,3,wk inc flu hosp,2026-01-17,quantile,0.975,973
2025-12-27,29,3,wk inc flu hosp,2026-01-17,quantile,0.99,1165
2025-12-27,30,0,wk inc flu hosp,2025-12-27,quantile,0.01,12
2025-12-27,30,0,wk inc flu hosp,2025-12-27,quantile,0.025,15
2025-12-27,30,0,wk inc flu hosp,2025-12-27,quantile,0.05,17
2025-12-27,30,0,wk inc flu hosp,2025-12-27,quantile,0.1,21
2025-12-27,30,0,wk inc flu hosp,2025-12-27,quantile,0.15,24
2025-12-27,30,0,wk inc flu hosp,2025-12-27,quantile,0.2,26
2025-12-27,30,0,wk inc flu hosp,2025-12-27,quantile,0.25,28
2025-12-27,30,0,wk inc flu hosp,2025-12-27,quantile,0.3,31
2025-12-27,30,0,wk inc flu hosp,2025-12-27,quantile,0.35,33
2025-12-27,30,0,wk inc flu hosp,2025-12-27,quantile,0.4,34
2025-12-27,30,0,wk inc flu hosp,2025-12-27,quantile,0.45,35
2025-12-27,30,0,wk inc flu hosp,2025-12-27,quantile,0.5,38
2025-12-27,30,0,wk inc flu hosp,2025-12-27,quantile,0.55,39
2025-12-27,30,0,wk inc flu hosp,2025-12-27,quantile,0.6,42
2025-12-27,30,0,wk inc flu hosp,2025-12-27,quantile,0.65,43
2025-12-27,30,0,wk inc flu hosp,2025-12-27,quantile,0.7,45
2025-12-27,30,0,wk inc flu hosp,2025-12-27,quantile,0.75,47
2025-12-27,30,0,wk inc flu hosp,2025-12-27,quantile,0.8,51
2025-12-27,30,0,wk inc flu hosp,2025-12-27,quantile,0.85,56
2025-12-27,30,0,wk inc flu hosp,2025-12-27,quantile,0.9,60
2025-12-27,30,0,wk inc flu hosp,2025-12-27,quantile,0.95,69
2025-12-27,30,0,wk inc flu hosp,2025-12-27,quantile,0.975,76
2025-12-27,30,0,wk inc flu hosp,2025-12-27,quantile,0.99,92
2025-12-27,30,1,wk inc flu hosp,2026-01-03,quantile,0.01,11
2025-12-27,30,1,wk inc flu hosp,2026-01-03,quantile,0.025,14
2025-12-27,30,1,wk inc flu hosp,2026-01-03,quantile,0.05,18
2025-12-27,30,1,wk inc flu hosp,2026-01-03,quantile,0.1,22
2025-12-27,30,1,wk inc flu hosp,2026-01-03,quantile,0.15,26
2025-12-27,30,1,wk inc flu hosp,2026-01-03,quantile,0.2,29
2025-12-27,30,1,wk inc flu hosp,2026-01-03,quantile,0.25,32
2025-12-27,30,1,wk inc flu hosp,2026-01-03,quantile,0.3,35
2025-12-27,30,1,wk inc flu hosp,2026-01-03,quantile,0.35,36
2025-12-27,30,1,wk inc flu hosp,2026-01-03,quantile,0.4,38
2025-12-27,30,1,wk inc flu hosp,2026-01-03,quantile,0.45,40
2025-12-27,30,1,wk inc flu hosp,2026-01-03,quantile,0.5,42
2025-12-27,30,1,wk inc flu hosp,2026-01-03,quantile,0.55,45
2025-12-27,30,1,wk inc flu hosp,2026-01-03,quantile,0.6,48
2025-12-27,30,1,wk inc flu hosp,2026-01-03,quantile,0.65,51
2025-12-27,30,1,wk inc flu hosp,2026-01-03,quantile,0.7,54
2025-12-27,30,1,wk inc flu hosp,2026-01-03,quantile,0.75,59
2025-12-27,30,1,wk inc flu hosp,2026-01-03,quantile,0.8,64
2025-12-27,30,1,wk inc flu hosp,2026-01-03,quantile,0.85,72
2025-12-27,30,1,wk inc flu hosp,2026-01-03,quantile,0.9,82
2025-12-27,30,1,wk inc flu hosp,2026-01-03,quantile,0.95,96
2025-12-27,30,1,wk inc flu hosp,2026-01-03,quantile,0.975,112
2025-12-27,30,1,wk inc flu hosp,2026-01-03,quantile,0.99,126
2025-12-27,30,2,wk inc flu hosp,2026-01-10,quantile,0.01,9
2025-12-27,30,2,wk inc flu hosp,2026-01-10,quantile,0.025,13
2025-12-27,30,2,wk inc flu hosp,2026-01-10,quantile,0.05,15
2025-12-27,30,2,wk inc flu hosp,2026-01-10,quantile,0.1,19
2025-12-27,30,2,wk inc flu hosp,2026-01-10,quantile,0.15,23
2025-12-27,30,2,wk inc flu hosp,2026-01-10,quantile,0.2,26
2025-12-27,30,2,wk inc flu hosp,2026-01-10,quantile,0.25,29
2025-12-27,30,2,wk inc flu hosp,2026-01-10,quantile,0.3,32
2025-12-27,30,2,wk inc flu hosp,2026-01-10,quantile,0.35,34
2025-12-27,30,2,wk inc flu hosp,2026-01-10,quantile,0.4,38
2025-12-27,30,2,wk inc flu hosp,2026-01-10,quantile,0.45,41
2025-12-27,30,2,wk inc flu hosp,2026-01-10,quantile,0.5,44
2025-12-27,30,2,wk inc flu hosp,2026-01-10,quantile,0.55,47
2025-12-27,30,2,wk inc flu hosp,2026-01-10,quantile,0.6,51
2025-12-27,30,2,wk inc flu hosp,2026-01-10,quantile,0.65,55
2025-12-27,30,2,wk inc flu hosp,2026-01-10,quantile,0.7,59
2025-12-27,30,2,wk inc flu hosp,2026-01-10,quantile,0.75,64
2025-12-27,30,2,wk inc flu hosp,2026-01-10,quantile,0.8,71
2025-12-27,30,2,wk inc flu hosp,2026-01-10,quantile,0.85,79
2025-12-27,30,2,wk inc flu hosp,2026-01-10,quantile,0.9,92
2025-12-27,30,2,wk inc flu hosp,2026-01-10,quantile,0.95,108
2025-12-27,30,2,wk inc flu hosp,2026-01-10,quantile,0.975,126
2025-12-27,30,2,wk inc flu hosp,2026-01-10,quantile,0.99,141
2025-12-27,30,3,wk inc flu hosp,2026-01-17,quantile,0.01,8
2025-12-27,30,3,wk inc flu hosp,2026-01-17,quantile,0.025,11
2025-12-27,30,3,wk inc flu hosp,2026-01-17,quantile,0.05,13
2025-12-27,30,3,wk inc flu hosp,2026-01-17,quantile,0.1,17
2025-12-27,30,3,wk inc flu hosp,2026-01-17,quantile,0.15,20
2025-12-27,30,3,wk inc flu hosp,2026-01-17,quantile,0.2,23
2025-12-27,30,3,wk inc flu hosp,2026-01-17,quantile,0.25,27
2025-12-27,30,3,wk inc flu hosp,2026-01-17,quantile,0.3,31
2025-12-27,30,3,wk inc flu hosp,2026-01-17,quantile,0.35,35
2025-12-27,30,3,wk inc flu hosp,2026-01-17,quantile,0.4,38
2025-12-27,30,3,wk inc flu hosp,2026-01-17,quantile,0.45,41
2025-12-27,30,3,wk inc flu hosp,2026-01-17,quantile,0.5,45
2025-12-27,30,3,wk inc flu hosp,2026-01-17,quantile,0.55,49
2025-12-27,30,3,wk inc flu hosp,2026-01-17,quantile,0.6,53
2025-12-27,30,3,wk inc flu hosp,2026-01-17,quantile,0.65,59
2025-12-27,30,3,wk inc flu hosp,2026-01-17,quantile,0.7,63
2025-12-27,30,3,wk inc flu hosp,2026-01-17,quantile,0.75,71
2025-12-27,30,3,wk inc flu hosp,2026-01-17,quantile,0.8,78
2025-12-27,30,3,wk inc flu hosp,2026-01-17,quantile,0.85,91
2025-12-27,30,3,wk inc flu hosp,2026-01-17,quantile,0.9,102
2025-12-27,30,3,wk inc flu hosp,2026-01-17,quantile,0.95,115
2025-12-27,30,3,wk inc flu hosp,2026-01-17,quantile,0.975,136
2025-12-27,30,3,wk inc flu hosp,2026-01-17,quantile,0.99,160
2025-12-27,31,0,wk inc flu hosp,2025-12-27,quantile,0.01,38
2025-12-27,31,0,wk inc flu hosp,2025-12-27,quantile,0.025,47
2025-12-27,31,0,wk inc flu hosp,2025-12-27,quantile,0.05,55
2025-12-27,31,0,wk inc flu hosp,2025-12-27,quantile,0.1,60
2025-12-27,31,0,wk inc flu hosp,2025-12-27,quantile,0.15,64
2025-12-27,31,0,wk inc flu hosp,2025-12-27,quantile,0.2,71
2025-12-27,31,0,wk inc flu hosp,2025-12-27,quantile,0.25,74
2025-12-27,31,0,wk inc flu hosp,2025-12-27,quantile,0.3,76
2025-12-27,31,0,wk inc flu hosp,2025-12-27,quantile,0.35,79
2025-12-27,31,0,wk inc flu hosp,2025-12-27,quantile,0.4,84
2025-12-27,31,0,wk inc flu hosp,2025-12-27,quantile,0.45,87
2025-12-27,31,0,wk inc flu hosp,2025-12-27,quantile,0.5,91
2025-12-27,31,0,wk inc flu hosp,2025-12-27,quantile,0.55,98
2025-12-27,31,0,wk inc flu hosp,2025-12-27,quantile,0.6,106
2025-12-27,31,0,wk inc flu hosp,2025-12-27,quantile,0.65,113
2025-12-27,31,0,wk inc flu hosp,2025-12-27,quantile,0.7,118
2025-12-27,31,0,wk inc flu hosp,2025-12-27,quantile,0.75,122
2025-12-27,31,0,wk inc flu hosp,2025-12-27,quantile,0.8,126
2025-12-27,31,0,wk inc flu hosp,2025-12-27,quantile,0.85,130
2025-12-27,31,0,wk inc flu hosp,2025-12-27,quantile,0.9,145
2025-12-27,31,0,wk inc flu hosp,2025-12-27,quantile,0.95,158
2025-12-27,31,0,wk inc flu hosp,2025-12-27,quantile,0.975,175
2025-12-27,31,0,wk inc flu hosp,2025-12-27,quantile,0.99,190
2025-12-27,31,1,wk inc flu hosp,2026-01-03,quantile,0.01,34
2025-12-27,31,1,wk inc flu hosp,2026-01-03,quantile,0.025,50
2025-12-27,31,1,wk inc flu hosp,2026-01-03,quantile,0.05,55
2025-12-27,31,1,wk inc flu hosp,2026-01-03,quantile,0.1,64
2025-12-27,31,1,wk inc flu hosp,2026-01-03,quantile,0.15,73
2025-12-27,31,1,wk inc flu hosp,2026-01-03,quantile,0.2,77
2025-12-27,31,1,wk inc flu hosp,2026-01-03,quantile,0.25,83
2025-12-27,31,1,wk inc flu hosp,2026-01-03,quantile,0.3,91
2025-12-27,31,1,wk inc flu hosp,2026-01-03,quantile,0.35,96
2025-12-27,31,1,wk inc flu hosp,2026-01-03,quantile,0.4,102
2025-12-27,31,1,wk inc flu hosp,2026-01-03,quantile,0.45,105
2025-12-27,31,1,wk inc flu hosp,2026-01-03,quantile,0.5,108
2025-12-27,31,1,wk inc flu hosp,2026-01-03,quantile,0.55,122
2025-12-27,31,1,wk inc flu hosp,2026-01-03,quantile,0.6,128
2025-12-27,31,1,wk inc flu hosp,2026-01-03,quantile,0.65,135
2025-12-27,31,1,wk inc flu hosp,2026-01-03,quantile,0.7,144
2025-12-27,31,1,wk inc flu hosp,2026-01-03,quantile,0.75,158
2025-12-27,31,1,wk inc flu hosp,2026-01-03,quantile,0.8,168
2025-12-27,31,1,wk inc flu hosp,2026-01-03,quantile,0.85,183
2025-12-27,31,1,wk inc flu hosp,2026-01-03,quantile,0.9,207
2025-12-27,31,1,wk inc flu hosp,2026-01-03,quantile,0.95,227
2025-12-27,31,1,wk inc flu hosp,2026-01-03,quantile,0.975,259
2025-12-27,31,1,wk inc flu hosp,2026-01-03,quantile,0.99,294
2025-12-27,31,2,wk inc flu hosp,2026-01-10,quantile,0.01,31
2025-12-27,31,2,wk inc flu hosp,2026-01-10,quantile,0.025,44
2025-12-27,31,2,wk inc flu hosp,2026-01-10,quantile,0.05,52
2025-12-27,31,2,wk inc flu hosp,2026-01-10,quantile,0.1,62
2025-12-27,31,2,wk inc flu hosp,2026-01-10,quantile,0.15,68
2025-12-27,31,2,wk inc flu hosp,2026-01-10,quantile,0.2,74
2025-12-27,31,2,wk inc flu hosp,2026-01-10,quantile,0.25,83
2025-12-27,31,2,wk inc flu hosp,2026-01-10,quantile,0.3,89
2025-12-27,31,2,wk inc flu hosp,2026-01-10,quantile,0.35,96
2025-12-27,31,2,wk inc flu hosp,2026-01-10,quantile,0.4,106
2025-12-27,31,2,wk inc flu hosp,2026-01-10,quantile,0.45,114
2025-12-27,31,2,wk inc flu hosp,2026-01-10,quantile,0.5,121
2025-12-27,31,2,wk inc flu hosp,2026-01-10,quantile,0.55,125
2025-12-27,31,2,wk inc flu hosp,2026-01-10,quantile,0.6,132
2025-12-27,31,2,wk inc flu hosp,2026-01-10,quantile,0.65,149
2025-12-27,31,2,wk inc flu hosp,2026-01-10,quantile,0.7,164
2025-12-27,31,2,wk inc flu hosp,2026-01-10,quantile,0.75,178
2025-12-27,31,2,wk inc flu hosp,2026-01-10,quantile,0.8,190
2025-12-27,31,2,wk inc flu hosp,2026-01-10,quantile,0.85,215
2025-12-27,31,2,wk inc flu hosp,2026-01-10,quantile,0.9,238
2025-12-27,31,2,wk inc flu hosp,2026-01-10,quantile,0.95,269
2025-12-27,31,2,wk inc flu hosp,2026-01-10,quantile,0.975,298
2025-12-27,31,2,wk inc flu hosp,2026-01-10,quantile,0.99,336
2025-12-27,31,3,wk inc flu hosp,2026-01-17,quantile,0.01,26
2025-12-27,31,3,wk inc flu hosp,2026-01-17,quantile,0.025,39
2025-12-27,31,3,wk inc flu hosp,2026-01-17,quantile,0.05,46
2025-12-27,31,3,wk inc flu hosp,2026-01-17,quantile,0.1,58
2025-12-27,31,3,wk inc flu hosp,2026-01-17,quantile,0.15,67
2025-12-27,31,3,wk inc flu hosp,2026-01-17,quantile,0.2,78
2025-12-27,31,3,wk inc flu hosp,2026-01-17,quantile,0.25,86
2025-12-27,31,3,wk inc flu hosp,2026-01-17,quantile,0.3,93
2025-12-27,31,3,wk inc flu hosp,2026-01-17,quantile,0.35,100
2025-12-27,31,3,wk inc flu hosp,2026-01-17,quantile,0.4,108
2025-12-27,31,3,wk inc flu hosp,2026-01-17,quantile,0.45,119
2025-12-27,31,3,wk inc flu hosp,2026-01-17,quantile,0.5,130
2025-12-27,31,3,wk inc flu hosp,2026-01-17,quantile,0.55,145
2025-12-27,31,3,wk inc flu hosp,2026-01-17,quantile,0.6,153
2025-12-27,31,3,wk inc flu hosp,2026-01-17,quantile,0.65,162
2025-12-27,31,3,wk inc flu hosp,2026-01-17,quantile,0.7,180
2025-12-27,31,3,wk inc flu hosp,2026-01-17,quantile,0.75,208
2025-12-27,31,3,wk inc flu hosp,2026-01-17,quantile,0.8,222
2025-12-27,31,3,wk inc flu hosp,2026-01-17,quantile,0.85,245
2025-12-27,31,3,wk inc flu hosp,2026-01-17,quantile,0.9,261
2025-12-27,31,3,wk inc flu hosp,2026-01-17,quantile,0.95,292
2025-12-27,31,3,wk inc flu hosp,2026-01-17,quantile,0.975,325
2025-12-27,31,3,wk inc flu hosp,2026-01-17,quantile,0.99,385
2025-12-27,32,0,wk inc flu hosp,2025-12-27,quantile,0.01,68
2025-12-27,32,0,wk inc flu hosp,2025-12-27,quantile,0.025,84
2025-12-27,32,0,wk inc flu hosp,2025-12-27,quantile,0.05,102
2025-12-27,32,0,wk inc flu hosp,2025-12-27,quantile,0.1,114
2025-12-27,32,0,wk inc flu hosp,2025-12-27,quantile,0.15,120
2025-12-27,32,0,wk inc flu hosp,2025-12-27,quantile,0.2,125
2025-12-27,32,0,wk inc flu hosp,2025-12-27,quantile,0.25,131
2025-12-27,32,0,wk inc flu hosp,2025-12-27,quantile,0.3,136
2025-12-27,32,0,wk inc flu hosp,2025-12-27,quantile,0.35,140
2025-12-27,32,0,wk inc flu hosp,2025-12-27,quantile,0.4,146
2025-12-27,32,0,wk inc flu hosp,2025-12-27,quantile,0.45,157
2025-12-27,32,0,wk inc flu hosp,2025-12-27,quantile,0.5,164
2025-12-27,32,0,wk inc flu hosp,2025-12-27,quantile,0.55,172
2025-12-27,32,0,wk inc flu hosp,2025-12-27,quantile,0.6,176
2025-12-27,32,0,wk inc flu hosp,2025-12-27,quantile,0.65,184
2025-12-27,32,0,wk inc flu hosp,2025-12-27,quantile,0.7,196
2025-12-27,32,0,wk inc flu hosp,2025-12-27,quantile,0.75,204
2025-12-27,32,0,wk inc flu hosp,2025-12-27,quantile,0.8,211
2025-12-27,32,0,wk inc flu hosp,2025-12-27,quantile,0.85,223
2025-12-27,32,0,wk inc flu hosp,2025-12-27,quantile,0.9,235
2025-12-27,32,0,wk inc flu hosp,2025-12-27,quantile,0.95,243
2025-12-27,32,0,wk inc flu hosp,2025-12-27,quantile,0.975,262
2025-12-27,32,0,wk inc flu hosp,2025-12-27,quantile,0.99,296
2025-12-27,32,1,wk inc flu hosp,2026-01-03,quantile,0.01,64
2025-12-27,32,1,wk inc flu hosp,2026-01-03,quantile,0.025,83
2025-12-27,32,1,wk inc flu hosp,2026-01-03,quantile,0.05,100
2025-12-27,32,1,wk inc flu hosp,2026-01-03,quantile,0.1,115
2025-12-27,32,1,wk inc flu hosp,2026-01-03,quantile,0.15,128
2025-12-27,32,1,wk inc flu hosp,2026-01-03,quantile,0.2,137
2025-12-27,32,1,wk inc flu hosp,2026-01-03,quantile,0.25,141
2025-12-27,32,1,wk inc flu hosp,2026-01-03,quantile,0.3,145
2025-12-27,32,1,wk inc flu hosp,2026-01-03,quantile,0.35,154
2025-12-27,32,1,wk inc flu hosp,2026-01-03,quantile,0.4,165
2025-12-27,32,1,wk inc flu hosp,2026-01-03,quantile,0.45,175
2025-12-27,32,1,wk inc flu hosp,2026-01-03,quantile,0.5,191
2025-12-27,32,1,wk inc flu hosp,2026-01-03,quantile,0.55,205
2025-12-27,32,1,wk inc flu hosp,2026-01-03,quantile,0.6,220
2025-12-27,32,1,wk inc flu hosp,2026-01-03,quantile,0.65,229
2025-12-27,32,1,wk inc flu hosp,2026-01-03,quantile,0.7,232
2025-12-27,32,1,wk inc flu hosp,2026-01-03,quantile,0.75,241
2025-12-27,32,1,wk inc flu hosp,2026-01-03,quantile,0.8,249
2025-12-27,32,1,wk inc flu hosp,2026-01-03,quantile,0.85,275
2025-12-27,32,1,wk inc flu hosp,2026-01-03,quantile,0.9,305
2025-12-27,32,1,wk inc flu hosp,2026-01-03,quantile,0.95,340
2025-12-27,32,1,wk inc flu hosp,2026-01-03,quantile,0.975,382
2025-12-27,32,1,wk inc flu hosp,2026-01-03,quantile,0.99,403
2025-12-27,32,2,wk inc flu hosp,2026-01-10,quantile,0.01,50
2025-12-27,32,2,wk inc flu hosp,2026-01-10,quantile,0.025,68
2025-12-27,32,2,wk inc flu hosp,2026-01-10,quantile,0.05,87
2025-12-27,32,2,wk inc flu hosp,2026-01-10,quantile,0.1,100
2025-12-27,32,2,wk inc flu hosp,2026-01-10,quantile,0.15,109
2025-12-27,32,2,wk inc flu hosp,2026-01-10,quantile,0.2,118
2025-12-27,32,2,wk inc flu hosp,2026-01-10,quantile,0.25,127
2025-12-27,32,2,wk inc flu hosp,2026-01-10,quantile,0.3,138
2025-12-27,32,2,wk inc flu hosp,2026-01-10,quantile,0.35,145
2025-12-27,32,2,wk inc flu hosp,2026-01-10,quantile,0.4,164
2025-12-27,32,2,wk inc flu hosp,2026-01-10,quantile,0.45,172
2025-12-27,32,2,wk inc flu hosp,2026-01-10,quantile,0.5,181
2025-12-27,32,2,wk inc flu hosp,2026-01-10,quantile,0.55,190
2025-12-27,32,2,wk inc flu hosp,2026-01-10,quantile,0.6,204
2025-12-27,32,2,wk inc flu hosp,2026-01-10,quantile,0.65,227
2025-12-27,32,2,wk inc flu hosp,2026-01-10,quantile,0.7,242
2025-12-27,32,2,wk inc flu hosp,2026-01-10,quantile,0.75,265
2025-12-27,32,2,wk inc flu hosp,2026-01-10,quantile,0.8,288
2025-12-27,32,2,wk inc flu hosp,2026-01-10,quantile,0.85,314
2025-12-27,32,2,wk inc flu hosp,2026-01-10,quantile,0.9,349
2025-12-27,32,2,wk inc flu hosp,2026-01-10,quantile,0.95,424
2025-12-27,32,2,wk inc flu hosp,2026-01-10,quantile,0.975,460
2025-12-27,32,2,wk inc flu hosp,2026-01-10,quantile,0.99,487
2025-12-27,32,3,wk inc flu hosp,2026-01-17,quantile,0.01,37
2025-12-27,32,3,wk inc flu hosp,2026-01-17,quantile,0.025,49
2025-12-27,32,3,wk inc flu hosp,2026-01-17,quantile,0.05,68
2025-12-27,32,3,wk inc flu hosp,2026-01-17,quantile,0.1,84
2025-12-27,32,3,wk inc flu hosp,2026-01-17,quantile,0.15,95
2025-12-27,32,3,wk inc flu hosp,2026-01-17,quantile,0.2,106
2025-12-27,32,3,wk inc flu hosp,2026-01-17,quantile,0.25,114
2025-12-27,32,3,wk inc flu hosp,2026-01-17,quantile,0.3,123
2025-12-27,32,3,wk inc flu hosp,2026-01-17,quantile,0.35,135
2025-12-27,32,3,wk inc flu hosp,2026-01-17,quantile,0.4,143
2025-12-27,32,3,wk inc flu hosp,2026-01-17,quantile,0.45,158
2025-12-27,32,3,wk inc flu hosp,2026-01-17,quantile,0.5,175
2025-12-27,32,3,wk inc flu hosp,2026-01-17,quantile,0.55,190
2025-12-27,32,3,wk inc flu hosp,2026-01-17,quantile,0.6,207
2025-12-27,32,3,wk inc flu hosp,2026-01-17,quantile,0.65,229
2025-12-27,32,3,wk inc flu hosp,2026-01-17,quantile,0.7,255
2025-12-27,32,3,wk inc flu hosp,2026-01-17,quantile,0.75,270
2025-12-27,32,3,wk inc flu hosp,2026-01-17,quantile,0.8,292
2025-12-27,32,3,wk inc flu hosp,2026-01-17,quantile,0.85,316
2025-12-27,32,3,wk inc flu hosp,2026-01-17,quantile,0.9,351
2025-12-27,32,3,wk inc flu hosp,2026-01-17,quantile,0.95,414
2025-12-27,32,3,wk inc flu hosp,2026-01-17,quantile,0.975,470
2025-12-27,32,3,wk inc flu hosp,2026-01-17,quantile,0.99,510
2025-12-27,33,0,wk inc flu hosp,2025-12-27,quantile,0.01,51
2025-12-27,33,0,wk inc flu hosp,2025-12-27,quantile,0.025,66
2025-12-27,33,0,wk inc flu hosp,2025-12-27,quantile,0.05,69
2025-12-27,33,0,wk inc flu hosp,2025-12-27,quantile,0.1,76
2025-12-27,33,0,wk inc flu hosp,2025-12-27,quantile,0.15,82
2025-12-27,33,0,wk inc flu hosp,2025-12-27,quantile,0.2,89
2025-12-27,33,0,wk inc flu hosp,2025-12-27,quantile,0.25,92
2025-12-27,33,0,wk inc flu hosp,2025-12-27,quantile,0.3,98
2025-12-27,33,0,wk inc flu hosp,2025-12-27,quantile,0.35,103
2025-12-27,33,0,wk inc flu hosp,2025-12-27,quantile,0.4,108
2025-12-27,33,0,wk inc flu hosp,2025-12-27,quantile,0.45,111
2025-12-27,33,0,wk inc flu hosp,2025-12-27,quantile,0.5,116
2025-12-27,33,0,wk inc flu hosp,2025-12-27,quantile,0.55,120
2025-12-27,33,0,wk inc flu hosp,2025-12-27,quantile,0.6,123
2025-12-27,33,0,wk inc flu hosp,2025-12-27,quantile,0.65,127
2025-12-27,33,0,wk inc flu hosp,2025-12-27,quantile,0.7,132
2025-12-27,33,0,wk inc flu hosp,2025-12-27,quantile,0.75,138
2025-12-27,33,0,wk inc flu hosp,2025-12-27,quantile,0.8,146
2025-12-27,33,0,wk inc flu hosp,2025-12-27,quantile,0.85,154
2025-12-27,33,0,wk inc flu hosp,2025-12-27,quantile,0.9,161
2025-12-27,33,0,wk inc flu hosp,2025-12-27,quantile,0.95,180
2025-12-27,33,0,wk inc flu hosp,2025-12-27,quantile,0.975,196
2025-12-27,33,0,wk inc flu hosp,2025-12-27,quantile,0.99,212
2025-12-27,33,1,wk inc flu hosp,2026-01-03,quantile,0.01,46
2025-12-27,33,1,wk inc flu hosp,2026-01-03,quantile,0.025,51
2025-12-27,33,1,wk inc flu hosp,2026-01-03,quantile,0.05,64
2025-12-27,33,1,wk inc flu hosp,2026-01-03,quantile,0.1,74
2025-12-27,33,1,wk inc flu hosp,2026-01-03,quantile,0.15,83
2025-12-27,33,1,wk inc flu hosp,2026-01-03,quantile,0.2,90
2025-12-27,33,1,wk inc flu hosp,2026-01-03,quantile,0.25,97
2025-12-27,33,1,wk inc flu hosp,2026-01-03,quantile,0.3,104
2025-12-27,33,1,wk inc flu hosp,2026-01-03,quantile,0.35,111
2025-12-27,33,1,wk inc flu hosp,2026-01-03,quantile,0.4,115
2025-12-27,33,1,wk inc flu hosp,2026-01-03,quantile,0.45,116
2025-12-27,33,1,wk inc flu hosp,2026-01-03,quantile,0.5,121
2025-12-27,33,1,wk inc flu hosp,2026-01-03,quantile,0.55,130
2025-12-27,33,1,wk inc flu hosp,2026-01-03,quantile,0.6,135
2025-12-27,33,1,wk inc flu hosp,2026-01-03,quantile,0.65,147
2025-12-27,33,1,wk inc flu hosp,2026-01-03,quantile,0.7,152
2025-12-27,33,1,wk inc flu hosp,2026-01-03,quantile,0.75,155
2025-12-27,33,1,wk inc flu hosp,2026-01-03,quantile,0.8,169
2025-12-27,33,1,wk inc flu hosp,2026-01-03,quantile,0.85,175
2025-12-27,33,1,wk inc flu hosp,2026-01-03,quantile,0.9,195
2025-12-27,33,1,wk inc flu hosp,2026-01-03,quantile,0.95,231
2025-12-27,33,1,wk inc flu hosp,2026-01-03,quantile,0.975,274
2025-12-27,33,1,wk inc flu hosp,2026-01-03,quantile,0.99,301
2025-12-27,33,2,wk inc flu hosp,2026-01-10,quantile,0.01,36
2025-12-27,33,2,wk inc flu hosp,2026-01-10,quantile,0.025,45
2025-12-27,33,2,wk inc flu hosp,2026-01-10,quantile,0.05,57
2025-12-27,33,2,wk inc flu hosp,2026-01-10,quantile,0.1,65
2025-12-27,33,2,wk inc flu hosp,2026-01-10,quantile,0.15,76
2025-12-27,33,2,wk inc flu hosp,2026-01-10,quantile,0.2,85
2025-12-27,33,2,wk inc flu hosp,2026-01-10,quantile,0.25,94
2025-12-27,33,2,wk inc flu hosp,2026-01-10,quantile,0.3,103
2025-12-27,33,2,wk inc flu hosp,2026-01-10,quantile,0.35,108
2025-12-27,33,2,wk inc flu hosp,2026-01-10,quantile,0.4,112
2025-12-27,33,2,wk inc flu hosp,2026-01-10,quantile,0.45,119
2025-12-27,33,2,wk inc flu hosp,2026-01-10,quantile,0.5,123
2025-12-27,33,2,wk inc flu hosp,2026-01-10,quantile,0.55,128
2025-12-27,33,2,wk inc flu hosp,2026-01-10,quantile,0.6,139
2025-12-27,33,2,wk inc flu hosp,2026-01-10,quantile,0.65,147
2025-12-27,33,2,wk inc flu hosp,2026-01-10,quantile,0.7,154
2025-12-27,33,2,wk inc flu hosp,2026-01-10,quantile,0.75,166
2025-12-27,33,2,wk inc flu hosp,2026-01-10,quantile,0.8,177
2025-12-27,33,2,wk inc flu hosp,2026-01-10,quantile,0.85,197
2025-12-27,33,2,wk inc flu hosp,2026-01-10,quantile,0.9,217
2025-12-27,33,2,wk inc flu hosp,2026-01-10,quantile,0.95,255
2025-12-27,33,2,wk inc flu hosp,2026-01-10,quantile,0.975,278
2025-12-27,33,2,wk inc flu hosp,2026-01-10,quantile,0.99,310
2025-12-27,33,3,wk inc flu hosp,2026-01-17,quantile,0.01,29
2025-12-27,33,3,wk inc flu hosp,2026-01-17,quantile,0.025,39
2025-12-27,33,3,wk inc flu hosp,2026-01-17,quantile,0.05,48
2025-12-27,33,3,wk inc flu hosp,2026-01-17,quantile,0.1,60
2025-12-27,33,3,wk inc flu hosp,2026-01-17,quantile,0.15,69
2025-12-27,33,3,wk inc flu hosp,2026-01-17,quantile,0.2,76
2025-12-27,33,3,wk inc flu hosp,2026-01-17,quantile,0.25,84
2025-12-27,33,3,wk inc flu hosp,2026-01-17,quantile,0.3,90
2025-12-27,33,3,wk inc flu hosp,2026-01-17,quantile,0.35,97
2025-12-27,33,3,wk inc flu hosp,2026-01-17,quantile,0.4,106
2025-12-27,33,3,wk inc flu hosp,2026-01-17,quantile,0.45,117
2025-12-27,33,3,wk inc flu hosp,2026-01-17,quantile,0.5,125
2025-12-27,33,3,wk inc flu hosp,2026-01-17,quantile,0.55,135
2025-12-27,33,3,wk inc flu hosp,2026-01-17,quantile,0.6,144
2025-12-27,33,3,wk inc flu hosp,2026-01-17,quantile,0.65,149
2025-12-27,33,3,wk inc flu hosp,2026-01-17,quantile,0.7,157
2025-12-27,33,3,wk inc flu hosp,2026-01-17,quantile,0.75,171
2025-12-27,33,3,wk inc flu hosp,2026-01-17,quantile,0.8,190
2025-12-27,33,3,wk inc flu hosp,2026-01-17,quantile,0.85,209
2025-12-27,33,3,wk inc flu hosp,2026-01-17,quantile,0.9,236
2025-12-27,33,3,wk inc flu hosp,2026-01-17,quantile,0.95,270
2025-12-27,33,3,wk inc flu hosp,2026-01-17,quantile,0.975,294
2025-12-27,33,3,wk inc flu hosp,2026-01-17,quantile,0.99,341
2025-12-27,34,0,wk inc flu hosp,2025-12-27,quantile,0.01,823
2025-12-27,34,0,wk inc flu hosp,2025-12-27,quantile,0.025,860
2025-12-27,34,0,wk inc flu hosp,2025-12-27,quantile,0.05,932
2025-12-27,34,0,wk inc flu hosp,2025-12-27,quantile,0.1,1020
2025-12-27,34,0,wk inc flu hosp,2025-12-27,quantile,0.15,1075
2025-12-27,34,0,wk inc flu hosp,2025-12-27,quantile,0.2,1108
2025-12-27,34,0,wk inc flu hosp,2025-12-27,quantile,0.25,1142
2025-12-27,34,0,wk inc flu hosp,2025-12-27,quantile,0.3,1185
2025-12-27,34,0,wk inc flu hosp,2025-12-27,quantile,0.35,1215
2025-12-27,34,0,wk inc flu hosp,2025-12-27,quantile,0.4,1289
2025-12-27,34,0,wk inc flu hosp,2025-12-27,quantile,0.45,1348
2025-12-27,34,0,wk inc flu hosp,2025-12-27,quantile,0.5,1405
2025-12-27,34,0,wk inc flu hosp,2025-12-27,quantile,0.55,1428
2025-12-27,34,0,wk inc flu hosp,2025-12-27,quantile,0.6,1462
2025-12-27,34,0,wk inc flu hosp,2025-12-27,quantile,0.65,1498
2025-12-27,34,0,wk inc flu hosp,2025-12-27,quantile,0.7,1530
2025-12-27,34,0,wk inc flu hosp,2025-12-27,quantile,0.75,1564
2025-12-27,34,0,wk inc flu hosp,2025-12-27,quantile,0.8,1583
2025-12-27,34,0,wk inc flu hosp,2025-12-27,quantile,0.85,1646
2025-12-27,34,0,wk inc flu hosp,2025-12-27,quantile,0.9,1743
2025-12-27,34,0,wk inc flu hosp,2025-12-27,quantile,0.95,1847
2025-12-27,34,0,wk inc flu hosp,2025-12-27,quantile,0.975,1937
2025-12-27,34,0,wk inc flu hosp,2025-12-27,quantile,0.99,2115
2025-12-27,34,1,wk inc flu hosp,2026-01-03,quantile,0.01,716
2025-12-27,34,1,wk inc flu hosp,2026-01-03,quantile,0.025,800
2025-12-27,34,1,wk inc flu hosp,2026-01-03,quantile,0.05,867
2025-12-27,34,1,wk inc flu hosp,2026-01-03,quantile,0.1,919
2025-12-27,34,1,wk inc flu hosp,2026-01-03,quantile,0.15,998
2025-12-27,34,1,wk inc flu hosp,2026-01-03,quantile,0.2,1097
2025-12-27,34,1,wk inc flu hosp,2026-01-03,quantile,0.25,1190
2025-12-27,34,1,wk inc flu hosp,2026-01-03,quantile,0.3,1218
2025-12-27,34,1,wk inc flu hosp,2026-01-03,quantile,0.35,1257
2025-12-27,34,1,wk inc flu hosp,2026-01-03,quantile,0.4,1303
2025-12-27,34,1,wk inc flu hosp,2026-01-03,quantile,0.45,1340
2025-12-27,34,1,wk inc flu hosp,2026-01-03,quantile,0.5,1400
2025-12-27,34,1,wk inc flu hosp,2026-01-03,quantile,0.55,1506
2025-12-27,34,1,wk inc flu hosp,2026-01-03,quantile,0.6,1550
2025-12-27,34,1,wk inc flu hosp,2026-01-03,quantile,0.65,1604
2025-12-27,34,1,wk inc flu hosp,2026-01-03,quantile,0.7,1704
2025-12-27,34,1,wk inc flu hosp,2026-01-03,quantile,0.75,1792
2025-12-27,34,1,wk inc flu hosp,2026-01-03,quantile,0.8,1871
2025-12-27,34,1,wk inc flu hosp,2026-01-03,quantile,0.85,1983
2025-12-27,34,1,wk inc flu hosp,2026-01-03,quantile,0.9,2098
2025-12-27,34,1,wk inc flu hosp,2026-01-03,quantile,0.95,2292
2025-12-27,34,1,wk inc flu hosp,2026-01-03,quantile,0.975,2498
2025-12-27,34,1,wk inc flu hosp,2026-01-03,quantile,0.99,2823
2025-12-27,34,2,wk inc flu hosp,2026-01-10,quantile,0.01,478
2025-12-27,34,2,wk inc flu hosp,2026-01-10,quantile,0.025,583
2025-12-27,34,2,wk inc flu hosp,2026-01-10,quantile,0.05,729
2025-12-27,34,2,wk inc flu hosp,2026-01-10,quantile,0.1,798
2025-12-27,34,2,wk inc flu hosp,2026-01-10,quantile,0.15,842
2025-12-27,34,2,wk inc flu hosp,2026-01-10,quantile,0.2,957
2025-12-27,34,2,wk inc flu hosp,2026-01-10,quantile,0.25,1087
2025-12-27,34,2,wk inc flu hosp,2026-01-10,quantile,0.3,1121
2025-12-27,34,2,wk inc flu hosp,2026-01-10,quantile,0.35,1184
2025-12-27,34,2,wk inc flu hosp,2026-01-10,quantile,0.4,1245
2025-12-27,34,2,wk inc flu hosp,2026-01-10,quantile,0.45,1302
2025-12-27,34,2,wk inc flu hosp,2026-01-10,quantile,0.5,1411
2025-12-27,34,2,wk inc flu hosp,2026-01-10,quantile,0.55,1452
2025-12-27,34,2,wk inc flu hosp,2026-01-10,quantile,0.6,1580
2025-12-27,34,2,wk inc flu hosp,2026-01-10,quantile,0.65,1621
2025-12-27,34,2,wk inc flu hosp,2026-01-10,quantile,0.7,1653
2025-12-27,34,2,wk inc flu hosp,2026-01-10,quantile,0.75,1793
2025-12-27,34,2,wk inc flu hosp,2026-01-10,quantile,0.8,1947
2025-12-27,34,2,wk inc flu hosp,2026-01-10,quantile,0.85,2084
2025-12-27,34,2,wk inc flu hosp,2026-01-10,quantile,0.9,2270
2025-12-27,34,2,wk inc flu hosp,2026-01-10,quantile,0.95,2459
2025-12-27,34,2,wk inc flu hosp,2026-01-10,quantile,0.975,2817
2025-12-27,34,2,wk inc flu hosp,2026-01-10,quantile,0.99,3073
2025-12-27,34,3,wk inc flu hosp,2026-01-17,quantile,0.01,431
2025-12-27,34,3,wk inc flu hosp,2026-01-17,quantile,0.025,535
2025-12-27,34,3,wk inc flu hosp,2026-01-17,quantile,0.05,642
2025-12-27,34,3,wk inc flu hosp,2026-01-17,quantile,0.1,712
2025-12-27,34,3,wk inc flu hosp,2026-01-17,quantile,0.15,795
2025-12-27,34,3,wk inc flu hosp,2026-01-17,quantile,0.2,864
2025-12-27,34,3,wk inc flu hosp,2026-01-17,quantile,0.25,1000
2025-12-27,34,3,wk inc flu hosp,2026-01-17,quantile,0.3,1086
2025-12-27,34,3,wk inc flu hosp,2026-01-17,quantile,0.35,1148
2025-12-27,34,3,wk inc flu hosp,2026-01-17,quantile,0.4,1175
2025-12-27,34,3,wk inc flu hosp,2026-01-17,quantile,0.45,1213
2025-12-27,34,3,wk inc flu hosp,2026-01-17,quantile,0.5,1314
2025-12-27,34,3,wk inc flu hosp,2026-01-17,quantile,0.55,1432
2025-12-27,34,3,wk inc flu hosp,2026-01-17,quantile,0.6,1512
2025-12-27,34,3,wk inc flu hosp,2026-01-17,quantile,0.65,1614
2025-12-27,34,3,wk inc flu hosp,2026-01-17,quantile,0.7,1708
2025-12-27,34,3,wk inc flu hosp,2026-01-17,quantile,0.75,1759
2025-12-27,34,3,wk inc flu hosp,2026-01-17,quantile,0.8,1785
2025-12-27,34,3,wk inc flu hosp,2026-01-17,quantile,0.85,2048
2025-12-27,34,3,wk inc flu hosp,2026-01-17,quantile,0.9,2137
2025-12-27,34,3,wk inc flu hosp,2026-01-17,quantile,0.95,2321
2025-12-27,34,3,wk inc flu hosp,2026-01-17,quantile,0.975,2679
2025-12-27,34,3,wk inc flu hosp,2026-01-17,quantile,0.99,3008
2025-12-27,35,0,wk inc flu hosp,2025-12-27,quantile,0.01,116
2025-12-27,35,0,wk inc flu hosp,2025-12-27,quantile,0.025,132
2025-12-27,35,0,wk inc flu hosp,2025-12-27,quantile,0.05,142
2025-12-27,35,0,wk inc flu hosp,2025-12-27,quantile,0.1,152
2025-12-27,35,0,wk inc flu hosp,2025-12-27,quantile,0.15,160
2025-12-27,35,0,wk inc flu hosp,2025-12-27,quantile,0.2,166
2025-12-27,35,0,wk inc flu hosp,2025-12-27,quantile,0.25,171
2025-12-27,35,0,wk inc flu hosp,2025-12-27,quantile,0.3,177
2025-12-27,35,0,wk inc flu hosp,2025-12-27,quantile,0.35,185
2025-12-27,35,0,wk inc flu hosp,2025-12-27,quantile,0.4,193
2025-12-27,35,0,wk inc flu hosp,2025-12-27,quantile,0.45,196
2025-12-27,35,0,wk inc flu hosp,2025-12-27,quantile,0.5,207
2025-12-27,35,0,wk inc flu hosp,2025-12-27,quantile,0.55,214
2025-12-27,35,0,wk inc flu hosp,2025-12-27,quantile,0.6,222
2025-12-27,35,0,wk inc flu hosp,2025-12-27,quantile,0.65,231
2025-12-27,35,0,wk inc flu hosp,2025-12-27,quantile,0.7,240
2025-12-27,35,0,wk inc flu hosp,2025-12-27,quantile,0.75,249
2025-12-27,35,0,wk inc flu hosp,2025-12-27,quantile,0.8,263
2025-12-27,35,0,wk inc flu hosp,2025-12-27,quantile,0.85,280
2025-12-27,35,0,wk inc flu hosp,2025-12-27,quantile,0.9,296
2025-12-27,35,0,wk inc flu hosp,2025-12-27,quantile,0.95,320
2025-12-27,35,0,wk inc flu hosp,2025-12-27,quantile,0.975,338
2025-12-27,35,0,wk inc flu hosp,2025-12-27,quantile,0.99,365
2025-12-27,35,1,wk inc flu hosp,2026-01-03,quantile,0.01,103
2025-12-27,35,1,wk inc flu hosp,2026-01-03,quantile,0.025,112
2025-12-27,35,1,wk inc flu hosp,2026-01-03,quantile,0.05,132
2025-12-27,35,1,wk inc flu hosp,2026-01-03,quantile,0.1,156
2025-12-27,35,1,wk inc flu hosp,2026-01-03,quantile,0.15,171
2025-12-27,35,1,wk inc flu hosp,2026-01-03,quantile,0.2,182
2025-12-27,35,1,wk inc flu hosp,2026-01-03,quantile,0.25,191
2025-12-27,35,1,wk inc flu hosp,2026-01-03,quantile,0.3,200
2025-12-27,35,1,wk inc flu hosp,2026-01-03,quantile,0.35,206
2025-12-27,35,1,wk inc flu hosp,2026-01-03,quantile,0.4,214
2025-12-27,35,1,wk inc flu hosp,2026-01-03,quantile,0.45,221
2025-12-27,35,1,wk inc flu hosp,2026-01-03,quantile,0.5,234
2025-12-27,35,1,wk inc flu hosp,2026-01-03,quantile,0.55,242
2025-12-27,35,1,wk inc flu hosp,2026-01-03,quantile,0.6,248
2025-12-27,35,1,wk inc flu hosp,2026-01-03,quantile,0.65,261
2025-12-27,35,1,wk inc flu hosp,2026-01-03,quantile,0.7,281
2025-12-27,35,1,wk inc flu hosp,2026-01-03,quantile,0.75,299
2025-12-27,35,1,wk inc flu hosp,2026-01-03,quantile,0.8,325
2025-12-27,35,1,wk inc flu hosp,2026-01-03,quantile,0.85,352
2025-12-27,35,1,wk inc flu hosp,2026-01-03,quantile,0.9,385
2025-12-27,35,1,wk inc flu hosp,2026-01-03,quantile,0.95,428
2025-12-27,35,1,wk inc flu hosp,2026-01-03,quantile,0.975,461
2025-12-27,35,1,wk inc flu hosp,2026-01-03,quantile,0.99,500
2025-12-27,35,2,wk inc flu hosp,2026-01-10,quantile,0.01,81
2025-12-27,35,2,wk inc flu hosp,2026-01-10,quantile,0.025,101
2025-12-27,35,2,wk inc flu hosp,2026-01-10,quantile,0.05,116
2025-12-27,35,2,wk inc flu hosp,2026-01-10,quantile,0.1,129
2025-12-27,35,2,wk inc flu hosp,2026-01-10,quantile,0.15,144
2025-12-27,35,2,wk inc flu hosp,2026-01-10,quantile,0.2,155
2025-12-27,35,2,wk inc flu hosp,2026-01-10,quantile,0.25,166
2025-12-27,35,2,wk inc flu hosp,2026-01-10,quantile,0.3,181
2025-12-27,35,2,wk inc flu hosp,2026-01-10,quantile,0.35,198
2025-12-27,35,2,wk inc flu hosp,2026-01-10,quantile,0.4,217
2025-12-27,35,2,wk inc flu hosp,2026-01-10,quantile,0.45,229
2025-12-27,35,2,wk inc flu hosp,2026-01-10,quantile,0.5,244
2025-12-27,35,2,wk inc flu hosp,2026-01-10,quantile,0.55,258
2025-12-27,35,2,wk inc flu hosp,2026-01-10,quantile,0.6,271
2025-12-27,35,2,wk inc flu hosp,2026-01-10,quantile,0.65,285
2025-12-27,35,2,wk inc flu hosp,2026-01-10,quantile,0.7,297
2025-12-27,35,2,wk inc flu hosp,2026-01-10,quantile,0.75,311
2025-12-27,35,2,wk inc flu hosp,2026-01-10,quantile,0.8,335
2025-12-27,35,2,wk inc flu hosp,2026-01-10,quantile,0.85,369
2025-12-27,35,2,wk inc flu hosp,2026-01-10,quantile,0.9,405
2025-12-27,35,2,wk inc flu hosp,2026-01-10,quantile,0.95,472
2025-12-27,35,2,wk inc flu hosp,2026-01-10,quantile,0.975,527
2025-12-27,35,2,wk inc flu hosp,2026-01-10,quantile,0.99,578
2025-12-27,35,3,wk inc flu hosp,2026-01-17,quantile,0.01,68
2025-12-27,35,3,wk inc flu hosp,2026-01-17,quantile,0.025,83
2025-12-27,35,3,wk inc flu hosp,2026-01-17,quantile,0.05,93
2025-12-27,35,3,wk inc flu hosp,2026-01-17,quantile,0.1,125
2025-12-27,35,3,wk inc flu hosp,2026-01-17,quantile,0.15,143
2025-12-27,35,3,wk inc flu hosp,2026-01-17,quantile,0.2,158
2025-12-27,35,3,wk inc flu hosp,2026-01-17,quantile,0.25,168
2025-12-27,35,3,wk inc flu hosp,2026-01-17,quantile,0.3,175
2025-12-27,35,3,wk inc flu hosp,2026-01-17,quantile,0.35,190
2025-12-27,35,3,wk inc flu hosp,2026-01-17,quantile,0.4,210
2025-12-27,35,3,wk inc flu hosp,2026-01-17,quantile,0.45,221
2025-12-27,35,3,wk inc flu hosp,2026-01-17,quantile,0.5,235
2025-12-27,35,3,wk inc flu hosp,2026-01-17,quantile,0.55,250
2025-12-27,35,3,wk inc flu hosp,2026-01-17,quantile,0.6,256
2025-12-27,35,3,wk inc flu hosp,2026-01-17,quantile,0.65,262
2025-12-27,35,3,wk inc flu hosp,2026-01-17,quantile,0.7,276
2025-12-27,35,3,wk inc flu hosp,2026-01-17,quantile,0.75,310
2025-12-27,35,3,wk inc flu hosp,2026-01-17,quantile,0.8,339
2025-12-27,35,3,wk inc flu hosp,2026-01-17,quantile,0.85,380
2025-12-27,35,3,wk inc flu hosp,2026-01-17,quantile,0.9,425
2025-12-27,35,3,wk inc flu hosp,2026-01-17,quantile,0.95,496
2025-12-27,35,3,wk inc flu hosp,2026-01-17,quantile,0.975,548
2025-12-27,35,3,wk inc flu hosp,2026-01-17,quantile,0.99,594
2025-12-27,36,0,wk inc flu hosp,2025-12-27,quantile,0.01,1746
2025-12-27,36,0,wk inc flu hosp,2025-12-27,quantile,0.025,1911
2025-12-27,36,0,wk inc flu hosp,2025-12-27,quantile,0.05,2061
2025-12-27,36,0,wk inc flu hosp,2025-12-27,quantile,0.1,2234
2025-12-27,36,0,wk inc flu hosp,2025-12-27,quantile,0.15,2333
2025-12-27,36,0,wk inc flu hosp,2025-12-27,quantile,0.2,2439
2025-12-27,36,0,wk inc flu hosp,2025-12-27,quantile,0.25,2572
2025-12-27,36,0,wk inc flu hosp,2025-12-27,quantile,0.3,2668
2025-12-27,36,0,wk inc flu hosp,2025-12-27,quantile,0.35,2729
2025-12-27,36,0,wk inc flu hosp,2025-12-27,quantile,0.4,2785
2025-12-27,36,0,wk inc flu hosp,2025-12-27,quantile,0.45,2850
2025-12-27,36,0,wk inc flu hosp,2025-12-27,quantile,0.5,2956
2025-12-27,36,0,wk inc flu hosp,2025-12-27,quantile,0.55,3049
2025-12-27,36,0,wk inc flu hosp,2025-12-27,quantile,0.6,3088
2025-12-27,36,0,wk inc flu hosp,2025-12-27,quantile,0.65,3174
2025-12-27,36,0,wk inc flu hosp,2025-12-27,quantile,0.7,3286
2025-12-27,36,0,wk inc flu hosp,2025-12-27,quantile,0.75,3391
2025-12-27,36,0,wk inc flu hosp,2025-12-27,quantile,0.8,3460
2025-12-27,36,0,wk inc flu hosp,2025-12-27,quantile,0.85,3588
2025-12-27,36,0,wk inc flu hosp,2025-12-27,quantile,0.9,3807
2025-12-27,36,0,wk inc flu hosp,2025-12-27,quantile,0.95,4031
2025-12-27,36,0,wk inc flu hosp,2025-12-27,quantile,0.975,4262
2025-12-27,36,0,wk inc flu hosp,2025-12-27,quantile,0.99,4462
2025-12-27,36,1,wk inc flu hosp,2026-01-03,quantile,0.01,1409
2025-12-27,36,1,wk inc flu hosp,2026-01-03,quantile,0.025,1493
2025-12-27,36,1,wk inc flu hosp,2026-01-03,quantile,0.05,1690
2025-12-27,36,1,wk inc flu hosp,2026-01-03,quantile,0.1,1933
2025-12-27,36,1,wk inc flu hosp,2026-01-03,quantile,0.15,2078
2025-12-27,36,1,wk inc flu hosp,2026-01-03,quantile,0.2,2203
2025-12-27,36,1,wk inc flu hosp,2026-01-03,quantile,0.25,2337
2025-12-27,36,1,wk inc flu hosp,2026-01-03,quantile,0.3,2482
2025-12-27,36,1,wk inc flu hosp,2026-01-03,quantile,0.35,2638
2025-12-27,36,1,wk inc flu hosp,2026-01-03,quantile,0.4,2735
2025-12-27,36,1,wk inc flu hosp,2026-01-03,quantile,0.45,2865
2025-12-27,36,1,wk inc flu hosp,2026-01-03,quantile,0.5,2954
2025-12-27,36,1,wk inc flu hosp,2026-01-03,quantile,0.55,3070
2025-12-27,36,1,wk inc flu hosp,2026-01-03,quantile,0.6,3178
2025-12-27,36,1,wk inc flu hosp,2026-01-03,quantile,0.65,3277
2025-12-27,36,1,wk inc flu hosp,2026-01-03,quantile,0.7,3402
2025-12-27,36,1,wk inc flu hosp,2026-01-03,quantile,0.75,3559
2025-12-27,36,1,wk inc flu hosp,2026-01-03,quantile,0.8,3638
2025-12-27,36,1,wk inc flu hosp,2026-01-03,quantile,0.85,3720
2025-12-27,36,1,wk inc flu hosp,2026-01-03,quantile,0.9,4133
2025-12-27,36,1,wk inc flu hosp,2026-01-03,quantile,0.95,4357
2025-12-27,36,1,wk inc flu hosp,2026-01-03,quantile,0.975,4612
2025-12-27,36,1,wk inc flu hosp,2026-01-03,quantile,0.99,5028
2025-12-27,36,2,wk inc flu hosp,2026-01-10,quantile,0.01,979
2025-12-27,36,2,wk inc flu hosp,2026-01-10,quantile,0.025,1113
2025-12-27,36,2,wk inc flu hosp,2026-01-10,quantile,0.05,1384
2025-12-27,36,2,wk inc flu hosp,2026-01-10,quantile,0.1,1566
2025-12-27,36,2,wk inc flu hosp,2026-01-10,quantile,0.15,1704
2025-12-27,36,2,wk inc flu hosp,2026-01-10,quantile,0.2,1878
2025-12-27,36,2,wk inc flu hosp,2026-01-10,quantile,0.25,2016
2025-12-27,36,2,wk inc flu hosp,2026-01-10,quantile,0.3,2147
2025-12-27,36,2,wk inc flu hosp,2026-01-10,quantile,0.35,2250
2025-12-27,36,2,wk inc flu hosp,2026-01-10,quantile,0.4,2559
2025-12-27,36,2,wk inc flu hosp,2026-01-10,quantile,0.45,2783
2025-12-27,36,2,wk inc flu hosp,2026-01-10,quantile,0.5,2902
2025-12-27,36,2,wk inc flu hosp,2026-01-10,quantile,0.55,2974
2025-12-27,36,2,wk inc flu hosp,2026-01-10,quantile,0.6,3059
2025-12-27,36,2,wk inc flu hosp,2026-01-10,quantile,0.65,3154
2025-12-27,36,2,wk inc flu hosp,2026-01-10,quantile,0.7,3303
2025-12-27,36,2,wk inc flu hosp,2026-01-10,quantile,0.75,3403
2025-12-27,36,2,wk inc flu hosp,2026-01-10,quantile,0.8,3480
2025-12-27,36,2,wk inc flu hosp,2026-01-10,quantile,0.85,3596
2025-12-27,36,2,wk inc flu hosp,2026-01-10,quantile,0.9,3826
2025-12-27,36,2,wk inc flu hosp,2026-01-10,quantile,0.95,4130
2025-12-27,36,2,wk inc flu hosp,2026-01-10,quantile,0.975,4671
2025-12-27,36,2,wk inc flu hosp,2026-01-10,quantile,0.99,5097
2025-12-27,36,3,wk inc flu hosp,2026-01-17,quantile,0.01,795
2025-12-27,36,3,wk inc flu hosp,2026-01-17,quantile,0.025,939
2025-12-27,36,3,wk inc flu hosp,2026-01-17,quantile,0.05,1173
2025-12-27,36,3,wk inc flu hosp,2026-01-17,quantile,0.1,1291
2025-12-27,36,3,wk inc flu hosp,2026-01-17,quantile,0.15,1453
2025-12-27,36,3,wk inc flu hosp,2026-01-17,quantile,0.2,1641
2025-12-27,36,3,wk inc flu hosp,2026-01-17,quantile,0.25,1802
2025-12-27,36,3,wk inc flu hosp,2026-01-17,quantile,0.3,1906
2025-12-27,36,3,wk inc flu hosp,2026-01-17,quantile,0.35,2104
2025-12-27,36,3,wk inc flu hosp,2026-01-17,quantile,0.4,2188
2025-12-27,36,3,wk inc flu hosp,2026-01-17,quantile,0.45,2338
2025-12-27,36,3,wk inc flu hosp,2026-01-17,quantile,0.5,2504
2025-12-27,36,3,wk inc flu hosp,2026-01-17,quantile,0.55,2709
2025-12-27,36,3,wk inc flu hosp,2026-01-17,quantile,0.6,2805
2025-12-27,36,3,wk inc flu hosp,2026-01-17,quantile,0.65,2896
2025-12-27,36,3,wk inc flu hosp,2026-01-17,quantile,0.7,3010
2025-12-27,36,3,wk inc flu hosp,2026-01-17,quantile,0.75,3261
2025-12-27,36,3,wk inc flu hosp,2026-01-17,quantile,0.8,3436
2025-12-27,36,3,wk inc flu hosp,2026-01-17,quantile,0.85,3543
2025-12-27,36,3,wk inc flu hosp,2026-01-17,quantile,0.9,3647
2025-12-27,36,3,wk inc flu hosp,2026-01-17,quantile,0.95,3852
2025-12-27,36,3,wk inc flu hosp,2026-01-17,quantile,0.975,4044
2025-12-27,36,3,wk inc flu hosp,2026-01-17,quantile,0.99,4613
2025-12-27,37,0,wk inc flu hosp,2025-12-27,quantile,0.01,807
2025-12-27,37,0,wk inc flu hosp,2025-12-27,quantile,0.025,844
2025-12-27,37,0,wk inc flu hosp,2025-12-27,quantile,0.05,893
2025-12-27,37,0,wk inc flu hosp,2025-12-27,quantile,0.1,957
2025-12-27,37,0,wk inc flu hosp,2025-12-27,quantile,0.15,1028
2025-12-27,37,0,wk inc flu hosp,2025-12-27,quantile,0.2,1100
2025-12-27,37,0,wk inc flu hosp,2025-12-27,quantile,0.25,1158
2025-12-27,37,0,wk inc flu hosp,2025-12-27,quantile,0.3,1196
2025-12-27,37,0,wk inc flu hosp,2025-12-27,quantile,0.35,1219
2025-12-27,37,0,wk inc flu hosp,2025-12-27,quantile,0.4,1234
2025-12-27,37,0,wk inc flu hosp,2025-12-27,quantile,0.45,1317
2025-12-27,37,0,wk inc flu hosp,2025-12-27,quantile,0.5,1342
2025-12-27,37,0,wk inc flu hosp,2025-12-27,quantile,0.55,1377
2025-12-27,37,0,wk inc flu hosp,2025-12-27,quantile,0.6,1433
2025-12-27,37,0,wk inc flu hosp,2025-12-27,quantile,0.65,1493
2025-12-27,37,0,wk inc flu hosp,2025-12-27,quantile,0.7,1558
2025-12-27,37,0,wk inc flu hosp,2025-12-27,quantile,0.75,1631
2025-12-27,37,0,wk inc flu hosp,2025-12-27,quantile,0.8,1691
2025-12-27,37,0,wk inc flu hosp,2025-12-27,quantile,0.85,1724
2025-12-27,37,0,wk inc flu hosp,2025-12-27,quantile,0.9,1784
2025-12-27,37,0,wk inc flu hosp,2025-12-27,quantile,0.95,1929
2025-12-27,37,0,wk inc flu hosp,2025-12-27,quantile,0.975,2046
2025-12-27,37,0,wk inc flu hosp,2025-12-27,quantile,0.99,2128
2025-12-27,37,1,wk inc flu hosp,2026-01-03,quantile,0.01,709
2025-12-27,37,1,wk inc flu hosp,2026-01-03,quantile,0.025,814
2025-12-27,37,1,wk inc flu hosp,2026-01-03,quantile,0.05,877
2025-12-27,37,1,wk inc flu hosp,2026-01-03,quantile,0.1,928
2025-12-27,37,1,wk inc flu hosp,2026-01-03,quantile,0.15,1014
2025-12-27,37,1,wk inc flu hosp,2026-01-03,quantile,0.2,1055
2025-12-27,37,1,wk inc flu hosp,2026-01-03,quantile,0.25,1140
2025-12-27,37,1,wk inc flu hosp,2026-01-03,quantile,0.3,1176
2025-12-27,37,1,wk inc flu hosp,2026-01-03,quantile,0.35,1249
2025-12-27,37,1,wk inc flu hosp,2026-01-03,quantile,0.4,1298
2025-12-27,37,1,wk inc flu hosp,2026-01-03,quantile,0.45,1341
2025-12-27,37,1,wk inc flu hosp,2026-01-03,quantile,0.5,1415
2025-12-27,37,1,wk inc flu hosp,2026-01-03,quantile,0.55,1519
2025-12-27,37,1,wk inc flu hosp,2026-01-03,quantile,0.6,1570
2025-12-27,37,1,wk inc flu hosp,2026-01-03,quantile,0.65,1620
2025-12-27,37,1,wk inc flu hosp,2026-01-03,quantile,0.7,1681
2025-12-27,37,1,wk inc flu hosp,2026-01-03,quantile,0.75,1780
2025-12-27,37,1,wk inc flu hosp,2026-01-03,quantile,0.8,1901
2025-12-27,37,1,wk inc flu hosp,2026-01-03,quantile,0.85,2073
2025-12-27,37,1,wk inc flu hosp,2026-01-03,quantile,0.9,2198
2025-12-27,37,1,wk inc flu hosp,2026-01-03,quantile,0.95,2400
2025-12-27,37,1,wk inc flu hosp,2026-01-03,quantile,0.975,2523
2025-12-27,37,1,wk inc flu hosp,2026-01-03,quantile,0.99,2758
2025-12-27,37,2,wk inc flu hosp,2026-01-10,quantile,0.01,462
2025-12-27,37,2,wk inc flu hosp,2026-01-10,quantile,0.025,594
2025-12-27,37,2,wk inc flu hosp,2026-01-10,quantile,0.05,713
2025-12-27,37,2,wk inc flu hosp,2026-01-10,quantile,0.1,812
2025-12-27,37,2,wk inc flu hosp,2026-01-10,quantile,0.15,881
2025-12-27,37,2,wk inc flu hosp,2026-01-10,quantile,0.2,988
2025-12-27,37,2,wk inc flu hosp,2026-01-10,quantile,0.25,995
2025-12-27,37,2,wk inc flu hosp,2026-01-10,quantile,0.3,1058
2025-12-27,37,2,wk inc flu hosp,2026-01-10,quantile,0.35,1164
2025-12-27,37,2,wk inc flu hosp,2026-01-10,quantile,0.4,1194
2025-12-27,37,2,wk inc flu hosp,2026-01-10,quantile,0.45,1223
2025-12-27,37,2,wk inc flu hosp,2026-01-10,quantile,0.5,1358
2025-12-27,37,2,wk inc flu hosp,2026-01-10,quantile,0.55,1371
2025-12-27,37,2,wk inc flu hosp,2026-01-10,quantile,0.6,1445
2025-12-27,37,2,wk inc flu hosp,2026-01-10,quantile,0.65,1524
2025-12-27,37,2,wk inc flu hosp,2026-01-10,quantile,0.7,1610
2025-12-27,37,2,wk inc flu hosp,2026-01-10,quantile,0.75,1764
2025-12-27,37,2,wk inc flu hosp,2026-01-10,quantile,0.8,1901
2025-12-27,37,2,wk inc flu hosp,2026-01-10,quantile,0.85,1983
2025-12-27,37,2,wk inc flu hosp,2026-01-10,quantile,0.9,2196
2025-12-27,37,2,wk inc flu hosp,2026-01-10,quantile,0.95,2557
2025-12-27,37,2,wk inc flu hosp,2026-01-10,quantile,0.975,2887
2025-12-27,37,2,wk inc flu hosp,2026-01-10,quantile,0.99,3077
2025-12-27,37,3,wk inc flu hosp,2026-01-17,quantile,0.01,418
2025-12-27,37,3,wk inc flu hosp,2026-01-17,quantile,0.025,517
2025-12-27,37,3,wk inc flu hosp,2026-01-17,quantile,0.05,580
2025-12-27,37,3,wk inc flu hosp,2026-01-17,quantile,0.1,686
2025-12-27,37,3,wk inc flu hosp,2026-01-17,quantile,0.15,806
2025-12-27,37,3,wk inc flu hosp,2026-01-17,quantile,0.2,846
2025-12-27,37,3,wk inc flu hosp,2026-01-17,quantile,0.25,951
2025-12-27,37,3,wk inc flu hosp,2026-01-17,quantile,0.3,976
2025-12-27,37,3,wk inc flu hosp,2026-01-17,quantile,0.35,1063
2025-12-27,37,3,wk inc flu hosp,2026-01-17,quantile,0.4,1169
2025-12-27,37,3,wk inc flu hosp,2026-01-17,quantile,0.45,1325
2025-12-27,37,3,wk inc flu hosp,2026-01-17,quantile,0.5,1359
2025-12-27,37,3,wk inc flu hosp,2026-01-17,quantile,0.55,1388
2025-12-27,37,3,wk inc flu hosp,2026-01-17,quantile,0.6,1468
2025-12-27,37,3,wk inc flu hosp,2026-01-17,quantile,0.65,1542
2025-12-27,37,3,wk inc flu hosp,2026-01-17,quantile,0.7,1573
2025-12-27,37,3,wk inc flu hosp,2026-01-17,quantile,0.75,1631
2025-12-27,37,3,wk inc flu hosp,2026-01-17,quantile,0.8,1850
2025-12-27,37,3,wk inc flu hosp,2026-01-17,quantile,0.85,1955
2025-12-27,37,3,wk inc flu hosp,2026-01-17,quantile,0.9,2075
2025-12-27,37,3,wk inc flu hosp,2026-01-17,quantile,0.95,2415
2025-12-27,37,3,wk inc flu hosp,2026-01-17,quantile,0.975,2593
2025-12-27,37,3,wk inc flu hosp,2026-01-17,quantile,0.99,2999
2025-12-27,38,0,wk inc flu hosp,2025-12-27,quantile,0.01,34
2025-12-27,38,0,wk inc flu hosp,2025-12-27,quantile,0.025,36
2025-12-27,38,0,wk inc flu hosp,2025-12-27,quantile,0.05,41
2025-12-27,38,0,wk inc flu hosp,2025-12-27,quantile,0.1,46
2025-12-27,38,0,wk inc flu hosp,2025-12-27,quantile,0.15,51
2025-12-27,38,0,wk inc flu hosp,2025-12-27,quantile,0.2,54
2025-12-27,38,0,wk inc flu hosp,2025-12-27,quantile,0.25,56
2025-12-27,38,0,wk inc flu hosp,2025-12-27,quantile,0.3,59
2025-12-27,38,0,wk inc flu hosp,2025-12-27,quantile,0.35,62
2025-12-27,38,0,wk inc flu hosp,2025-12-27,quantile,0.4,65
2025-12-27,38,0,wk inc flu hosp,2025-12-27,quantile,0.45,68
2025-12-27,38,0,wk inc flu hosp,2025-12-27,quantile,0.5,70
2025-12-27,38,0,wk inc flu hosp,2025-12-27,quantile,0.55,74
2025-12-27,38,0,wk inc flu hosp,2025-12-27,quantile,0.6,78
2025-12-27,38,0,wk inc flu hosp,2025-12-27,quantile,0.65,80
2025-12-27,38,0,wk inc flu hosp,2025-12-27,quantile,0.7,84
2025-12-27,38,0,wk inc flu hosp,2025-12-27,quantile,0.75,89
2025-12-27,38,0,wk inc flu hosp,2025-12-27,quantile,0.8,96
2025-12-27,38,0,wk inc flu hosp,2025-12-27,quantile,0.85,99
2025-12-27,38,0,wk inc flu hosp,2025-12-27,quantile,0.9,106
2025-12-27,38,0,wk inc flu hosp,2025-12-27,quantile,0.95,117
2025-12-27,38,0,wk inc flu hosp,2025-12-27,quantile,0.975,129
2025-12-27,38,0,wk inc flu hosp,2025-12-27,quantile,0.99,148
2025-12-27,38,1,wk inc flu hosp,2026-01-03,quantile,0.01,38
2025-12-27,38,1,wk inc flu hosp,2026-01-03,quantile,0.025,43
2025-12-27,38,1,wk inc flu hosp,2026-01-03,quantile,0.05,44
2025-12-27,38,1,wk inc flu hosp,2026-01-03,quantile,0.1,47
2025-12-27,38,1,wk inc flu hosp,2026-01-03,quantile,0.15,56
2025-12-27,38,1,wk inc flu hosp,2026-01-03,quantile,0.2,59
2025-12-27,38,1,wk inc flu hosp,2026-01-03,quantile,0.25,62
2025-12-27,38,1,wk inc flu hosp,2026-01-03,quantile,0.3,67
2025-12-27,38,1,wk inc flu hosp,2026-01-03,quantile,0.35,73
2025-12-27,38,1,wk inc flu hosp,2026-01-03,quantile,0.4,75
2025-12-27,38,1,wk inc flu hosp,2026-01-03,quantile,0.45,79
2025-12-27,38,1,wk inc flu hosp,2026-01-03,quantile,0.5,83
2025-12-27,38,1,wk inc flu hosp,2026-01-03,quantile,0.55,88
2025-12-27,38,1,wk inc flu hosp,2026-01-03,quantile,0.6,91
2025-12-27,38,1,wk inc flu hosp,2026-01-03,quantile,0.65,95
2025-12-27,38,1,wk inc flu hosp,2026-01-03,quantile,0.7,101
2025-12-27,38,1,wk inc flu hosp,2026-01-03,quantile,0.75,108
2025-12-27,38,1,wk inc flu hosp,2026-01-03,quantile,0.8,115
2025-12-27,38,1,wk inc flu hosp,2026-01-03,quantile,0.85,121
2025-12-27,38,1,wk inc flu hosp,2026-01-03,quantile,0.9,137
2025-12-27,38,1,wk inc flu hosp,2026-01-03,quantile,0.95,157
2025-12-27,38,1,wk inc flu hosp,2026-01-03,quantile,0.975,163
2025-12-27,38,1,wk inc flu hosp,2026-01-03,quantile,0.99,196
2025-12-27,38,2,wk inc flu hosp,2026-01-10,quantile,0.01,30
2025-12-27,38,2,wk inc flu hosp,2026-01-10,quantile,0.025,33
2025-12-27,38,2,wk inc flu hosp,2026-01-10,quantile,0.05,36
2025-12-27,38,2,wk inc flu hosp,2026-01-10,quantile,0.1,43
2025-12-27,38,2,wk inc flu hosp,2026-01-10,quantile,0.15,51
2025-12-27,38,2,wk inc flu hosp,2026-01-10,quantile,0.2,55
2025-12-27,38,2,wk inc flu hosp,2026-01-10,quantile,0.25,60
2025-12-27,38,2,wk inc flu hosp,2026-01-10,quantile,0.3,65
2025-12-27,38,2,wk inc flu hosp,2026-01-10,quantile,0.35,66
2025-12-27,38,2,wk inc flu hosp,2026-01-10,quantile,0.4,70
2025-12-27,38,2,wk inc flu hosp,2026-01-10,quantile,0.45,77
2025-12-27,38,2,wk inc flu hosp,2026-01-10,quantile,0.5,81
2025-12-27,38,2,wk inc flu hosp,2026-01-10,quantile,0.55,87
2025-12-27,38,2,wk inc flu hosp,2026-01-10,quantile,0.6,93
2025-12-27,38,2,wk inc flu hosp,2026-01-10,quantile,0.65,103
2025-12-27,38,2,wk inc flu hosp,2026-01-10,quantile,0.7,112
2025-12-27,38,2,wk inc flu hosp,2026-01-10,quantile,0.75,120
2025-12-27,38,2,wk inc flu hosp,2026-01-10,quantile,0.8,127
2025-12-27,38,2,wk inc flu hosp,2026-01-10,quantile,0.85,139
2025-12-27,38,2,wk inc flu hosp,2026-01-10,quantile,0.9,150
2025-12-27,38,2,wk inc flu hosp,2026-01-10,quantile,0.95,167
2025-12-27,38,2,wk inc flu hosp,2026-01-10,quantile,0.975,189
2025-12-27,38,2,wk inc flu hosp,2026-01-10,quantile,0.99,213
2025-12-27,38,3,wk inc flu hosp,2026-01-17,quantile,0.01,27
2025-12-27,38,3,wk inc flu hosp,2026-01-17,quantile,0.025,33
2025-12-27,38,3,wk inc flu hosp,2026-01-17,quantile,0.05,38
2025-12-27,38,3,wk inc flu hosp,2026-01-17,quantile,0.1,46
2025-12-27,38,3,wk inc flu hosp,2026-01-17,quantile,0.15,51
2025-12-27,38,3,wk inc flu hosp,2026-01-17,quantile,0.2,55
2025-12-27,38,3,wk inc flu hosp,2026-01-17,quantile,0.25,59
2025-12-27,38,3,wk inc flu hosp,2026-01-17,quantile,0.3,64
2025-12-27,38,3,wk inc flu hosp,2026-01-17,quantile,0.35,72
2025-12-27,38,3,wk inc flu hosp,2026-01-17,quantile,0.4,73
2025-12-27,38,3,wk inc flu hosp,2026-01-17,quantile,0.45,77
2025-12-27,38,3,wk inc flu hosp,2026-01-17,quantile,0.5,83
2025-12-27,38,3,wk inc flu hosp,2026-01-17,quantile,0.55,88
2025-12-27,38,3,wk inc flu hosp,2026-01-17,quantile,0.6,95
2025-12-27,38,3,wk inc flu hosp,2026-01-17,quantile,0.65,104
2025-12-27,38,3,wk inc flu hosp,2026-01-17,quantile,0.7,111
2025-12-27,38,3,wk inc flu hosp,2026-01-17,quantile,0.75,120
2025-12-27,38,3,wk inc flu hosp,2026-01-17,quantile,0.8,131
2025-12-27,38,3,wk inc flu hosp,2026-01-17,quantile,0.85,144
2025-12-27,38,3,wk inc flu hosp,2026-01-17,quantile,0.9,153
2025-12-27,38,3,wk inc flu hosp,2026-01-17,quantile,0.95,170
2025-12-27,38,3,wk inc flu hosp,2026-01-17,quantile,0.975,190
2025-12-27,38,3,wk inc flu hosp,2026-01-17,quantile,0.99,208
2025-12-27,39,0,wk inc flu hosp,2025-12-27,quantile,0.01,426
2025-12-27,39,0,wk inc flu hosp,2025-12-27,quantile,0.025,547
2025-12-27,39,0,wk inc flu hosp,2025-12-27,quantile,0.05,594
2025-12-27,39,0,wk inc flu hosp,2025-12-27,quantile,0.1,692
2025-12-27,39,0,wk inc flu hosp,2025-12-27,quantile,0.15,769
2025-12-27,39,0,wk inc flu hosp,2025-12-27,quantile,0.2,784
2025-12-27,39,0,wk inc flu hosp,2025-12-27,quantile,0.25,809
2025-12-27,39,0,wk inc flu hosp,2025-12-27,quantile,0.3,857
2025-12-27,39,0,wk inc flu hosp,2025-12-27,quantile,0.35,902
2025-12-27,39,0,wk inc flu hosp,2025-12-27,quantile,0.4,953
2025-12-27,39,0,wk inc flu hosp,2025-12-27,quantile,0.45,969
2025-12-27,39,0,wk inc flu hosp,2025-12-27,quantile,0.5,1012
2025-12-27,39,0,wk inc flu hosp,2025-12-27,quantile,0.55,1049
2025-12-27,39,0,wk inc flu hosp,2025-12-27,quantile,0.6,1070
2025-12-27,39,0,wk inc flu hosp,2025-12-27,quantile,0.65,1100
2025-12-27,39,0,wk inc flu hosp,2025-12-27,quantile,0.7,1143
2025-12-27,39,0,wk inc flu hosp,2025-12-27,quantile,0.75,1178
2025-12-27,39,0,wk inc flu hosp,2025-12-27,quantile,0.8,1217
2025-12-27,39,0,wk inc flu hosp,2025-12-27,quantile,0.85,1243
2025-12-27,39,0,wk inc flu hosp,2025-12-27,quantile,0.9,1302
2025-12-27,39,0,wk inc flu hosp,2025-12-27,quantile,0.95,1387
2025-12-27,39,0,wk inc flu hosp,2025-12-27,quantile,0.975,1570
2025-12-27,39,0,wk inc flu hosp,2025-12-27,quantile,0.99,1729
2025-12-27,39,1,wk inc flu hosp,2026-01-03,quantile,0.01,400
2025-12-27,39,1,wk inc flu hosp,2026-01-03,quantile,0.025,504
2025-12-27,39,1,wk inc flu hosp,2026-01-03,quantile,0.05,621
2025-12-27,39,1,wk inc flu hosp,2026-01-03,quantile,0.1,746
2025-12-27,39,1,wk inc flu hosp,2026-01-03,quantile,0.15,803
2025-12-27,39,1,wk inc flu hosp,2026-01-03,quantile,0.2,839
2025-12-27,39,1,wk inc flu hosp,2026-01-03,quantile,0.25,912
2025-12-27,39,1,wk inc flu hosp,2026-01-03,quantile,0.3,1000
2025-12-27,39,1,wk inc flu hosp,2026-01-03,quantile,0.35,1047
2025-12-27,39,1,wk inc flu hosp,2026-01-03,quantile,0.4,1113
2025-12-27,39,1,wk inc flu hosp,2026-01-03,quantile,0.45,1168
2025-12-27,39,1,wk inc flu hosp,2026-01-03,quantile,0.5,1202
2025-12-27,39,1,wk inc flu hosp,2026-01-03,quantile,0.55,1270
2025-12-27,39,1,wk inc flu hosp,2026-01-03,quantile,0.6,1339
2025-12-27,39,1,wk inc flu hosp,2026-01-03,quantile,0.65,1426
2025-12-27,39,1,wk inc flu hosp,2026-01-03,quantile,0.7,1492
2025-12-27,39,1,wk inc flu hosp,2026-01-03,quantile,0.75,1562
2025-12-27,39,1,wk inc flu hosp,2026-01-03,quantile,0.8,1635
2025-12-27,39,1,wk inc flu hosp,2026-01-03,quantile,0.85,1733
2025-12-27,39,1,wk inc flu hosp,2026-01-03,quantile,0.9,1903
2025-12-27,39,1,wk inc flu hosp,2026-01-03,quantile,0.95,2204
2025-12-27,39,1,wk inc flu hosp,2026-01-03,quantile,0.975,2350
2025-12-27,39,1,wk inc flu hosp,2026-01-03,quantile,0.99,2669
2025-12-27,39,2,wk inc flu hosp,2026-01-10,quantile,0.01,323
2025-12-27,39,2,wk inc flu hosp,2026-01-10,quantile,0.025,415
2025-12-27,39,2,wk inc flu hosp,2026-01-10,quantile,0.05,564
2025-12-27,39,2,wk inc flu hosp,2026-01-10,quantile,0.1,683
2025-12-27,39,2,wk inc flu hosp,2026-01-10,quantile,0.15,799
2025-12-27,39,2,wk inc flu hosp,2026-01-10,quantile,0.2,875
2025-12-27,39,2,wk inc flu hosp,2026-01-10,quantile,0.25,958
2025-12-27,39,2,wk inc flu hosp,2026-01-10,quantile,0.3,1040
2025-12-27,39,2,wk inc flu hosp,2026-01-10,quantile,0.35,1121
2025-12-27,39,2,wk inc flu hosp,2026-01-10,quantile,0.4,1189
2025-12-27,39,2,wk inc flu hosp,2026-01-10,quantile,0.45,1274
2025-12-27,39,2,wk inc flu hosp,2026-01-10,quantile,0.5,1351
2025-12-27,39,2,wk inc flu hosp,2026-01-10,quantile,0.55,1434
2025-12-27,39,2,wk inc flu hosp,2026-01-10,quantile,0.6,1499
2025-12-27,39,2,wk inc flu hosp,2026-01-10,quantile,0.65,1560
2025-12-27,39,2,wk inc flu hosp,2026-01-10,quantile,0.7,1615
2025-12-27,39,2,wk inc flu hosp,2026-01-10,quantile,0.75,1663
2025-12-27,39,2,wk inc flu hosp,2026-01-10,quantile,0.8,1762
2025-12-27,39,2,wk inc flu hosp,2026-01-10,quantile,0.85,1857
2025-12-27,39,2,wk inc flu hosp,2026-01-10,quantile,0.9,2112
2025-12-27,39,2,wk inc flu hosp,2026-01-10,quantile,0.95,2341
2025-12-27,39,2,wk inc flu hosp,2026-01-10,quantile,0.975,2682
2025-12-27,39,2,wk inc flu hosp,2026-01-10,quantile,0.99,3084
2025-12-27,39,3,wk inc flu hosp,2026-01-17,quantile,0.01,292
2025-12-27,39,3,wk inc flu hosp,2026-01-17,quantile,0.025,361
2025-12-27,39,3,wk inc flu hosp,2026-01-17,quantile,0.05,478
2025-12-27,39,3,wk inc flu hosp,2026-01-17,quantile,0.1,633
2025-12-27,39,3,wk inc flu hosp,2026-01-17,quantile,0.15,773
2025-12-27,39,3,wk inc flu hosp,2026-01-17,quantile,0.2,845
2025-12-27,39,3,wk inc flu hosp,2026-01-17,quantile,0.25,928
2025-12-27,39,3,wk inc flu hosp,2026-01-17,quantile,0.3,1025
2025-12-27,39,3,wk inc flu hosp,2026-01-17,quantile,0.35,1122
2025-12-27,39,3,wk inc flu hosp,2026-01-17,quantile,0.4,1187
2025-12-27,39,3,wk inc flu hosp,2026-01-17,quantile,0.45,1262
2025-12-27,39,3,wk inc flu hosp,2026-01-17,quantile,0.5,1331
2025-12-27,39,3,wk inc flu hosp,2026-01-17,quantile,0.55,1403
2025-12-27,39,3,wk inc flu hosp,2026-01-17,quantile,0.6,1550
2025-12-27,39,3,wk inc flu hosp,2026-01-17,quantile,0.65,1668
2025-12-27,39,3,wk inc flu hosp,2026-01-17,quantile,0.7,1741
2025-12-27,39,3,wk inc flu hosp,2026-01-17,quantile,0.75,1885
2025-12-27,39,3,wk inc flu hosp,2026-01-17,quantile,0.8,2002
2025-12-27,39,3,wk inc flu hosp,2026-01-17,quantile,0.85,2198
2025-12-27,39,3,wk inc flu hosp,2026-01-17,quantile,0.9,2342
2025-12-27,39,3,wk inc flu hosp,2026-01-17,quantile,0.95,2695
2025-12-27,39,3,wk inc flu hosp,2026-01-17,quantile,0.975,2907
2025-12-27,39,3,wk inc flu hosp,2026-01-17,quantile,0.99,3262
2025-12-27,40,0,wk inc flu hosp,2025-12-27,quantile,0.01,28
2025-12-27,40,0,wk inc flu hosp,2025-12-27,quantile,0.025,34
2025-12-27,40,0,wk inc flu hosp,2025-12-27,quantile,0.05,39
2025-12-27,40,0,wk inc flu hosp,2025-12-27,quantile,0.1,46
2025-12-27,40,0,wk inc flu hosp,2025-12-27,quantile,0.15,50
2025-12-27,40,0,wk inc flu hosp,2025-12-27,quantile,0.2,53
2025-12-27,40,0,wk inc flu hosp,2025-12-27,quantile,0.25,56
2025-12-27,40,0,wk inc flu hosp,2025-12-27,quantile,0.3,59
2025-12-27,40,0,wk inc flu hosp,2025-12-27,quantile,0.35,62
2025-12-27,40,0,wk inc flu hosp,2025-12-27,quantile,0.4,65
2025-12-27,40,0,wk inc flu hosp,2025-12-27,quantile,0.45,68
2025-12-27,40,0,wk inc flu hosp,2025-12-27,quantile,0.5,71
2025-12-27,40,0,wk inc flu hosp,2025-12-27,quantile,0.55,73
2025-12-27,40,0,wk inc flu hosp,2025-12-27,quantile,0.6,77
2025-12-27,40,0,wk inc flu hosp,2025-12-27,quantile,0.65,84
2025-12-27,40,0,wk inc flu hosp,2025-12-27,quantile,0.7,88
2025-12-27,40,0,wk inc flu hosp,2025-12-27,quantile,0.75,93
2025-12-27,40,0,wk inc flu hosp,2025-12-27,quantile,0.8,101
2025-12-27,40,0,wk inc flu hosp,2025-12-27,quantile,0.85,107
2025-12-27,40,0,wk inc flu hosp,2025-12-27,quantile,0.9,114
2025-12-27,40,0,wk inc flu hosp,2025-12-27,quantile,0.95,136
2025-12-27,40,0,wk inc flu hosp,2025-12-27,quantile,0.975,152
2025-12-27,40,0,wk inc flu hosp,2025-12-27,quantile,0.99,179
2025-12-27,40,1,wk inc flu hosp,2026-01-03,quantile,0.01,30
2025-12-27,40,1,wk inc flu hosp,2026-01-03,quantile,0.025,38
2025-12-27,40,1,wk inc flu hosp,2026-01-03,quantile,0.05,44
2025-12-27,40,1,wk inc flu hosp,2026-01-03,quantile,0.1,53
2025-12-27,40,1,wk inc flu hosp,2026-01-03,quantile,0.15,59
2025-12-27,40,1,wk inc flu hosp,2026-01-03,quantile,0.2,65
2025-12-27,40,1,wk inc flu hosp,2026-01-03,quantile,0.25,70
2025-12-27,40,1,wk inc flu hosp,2026-01-03,quantile,0.3,80
2025-12-27,40,1,wk inc flu hosp,2026-01-03,quantile,0.35,83
2025-12-27,40,1,wk inc flu hosp,2026-01-03,quantile,0.4,88
2025-12-27,40,1,wk inc flu hosp,2026-01-03,quantile,0.45,92
2025-12-27,40,1,wk inc flu hosp,2026-01-03,quantile,0.5,97
2025-12-27,40,1,wk inc flu hosp,2026-01-03,quantile,0.55,103
2025-12-27,40,1,wk inc flu hosp,2026-01-03,quantile,0.6,106
2025-12-27,40,1,wk inc flu hosp,2026-01-03,quantile,0.65,111
2025-12-27,40,1,wk inc flu hosp,2026-01-03,quantile,0.7,117
2025-12-27,40,1,wk inc flu hosp,2026-01-03,quantile,0.75,129
2025-12-27,40,1,wk inc flu hosp,2026-01-03,quantile,0.8,136
2025-12-27,40,1,wk inc flu hosp,2026-01-03,quantile,0.85,156
2025-12-27,40,1,wk inc flu hosp,2026-01-03,quantile,0.9,171
2025-12-27,40,1,wk inc flu hosp,2026-01-03,quantile,0.95,205
2025-12-27,40,1,wk inc flu hosp,2026-01-03,quantile,0.975,250
2025-12-27,40,1,wk inc flu hosp,2026-01-03,quantile,0.99,319
2025-12-27,40,2,wk inc flu hosp,2026-01-10,quantile,0.01,26
2025-12-27,40,2,wk inc flu hosp,2026-01-10,quantile,0.025,34
2025-12-27,40,2,wk inc flu hosp,2026-01-10,quantile,0.05,45
2025-12-27,40,2,wk inc flu hosp,2026-01-10,quantile,0.1,56
2025-12-27,40,2,wk inc flu hosp,2026-01-10,quantile,0.15,63
2025-12-27,40,2,wk inc flu hosp,2026-01-10,quantile,0.2,70
2025-12-27,40,2,wk inc flu hosp,2026-01-10,quantile,0.25,87
2025-12-27,40,2,wk inc flu hosp,2026-01-10,quantile,0.3,95
2025-12-27,40,2,wk inc flu hosp,2026-01-10,quantile,0.35,103
2025-12-27,40,2,wk inc flu hosp,2026-01-10,quantile,0.4,108
2025-12-27,40,2,wk inc flu hosp,2026-01-10,quantile,0.45,116
2025-12-27,40,2,wk inc flu hosp,2026-01-10,quantile,0.5,120
2025-12-27,40,2,wk inc flu hosp,2026-01-10,quantile,0.55,125
2025-12-27,40,2,wk inc flu hosp,2026-01-10,quantile,0.6,131
2025-12-27,40,2,wk inc flu hosp,2026-01-10,quantile,0.65,138
2025-12-27,40,2,wk inc flu hosp,2026-01-10,quantile,0.7,151
2025-12-27,40,2,wk inc flu hosp,2026-01-10,quantile,0.75,165
2025-12-27,40,2,wk inc flu hosp,2026-01-10,quantile,0.8,178
2025-12-27,40,2,wk inc flu hosp,2026-01-10,quantile,0.85,201
2025-12-27,40,2,wk inc flu hosp,2026-01-10,quantile,0.9,237
2025-12-27,40,2,wk inc flu hosp,2026-01-10,quantile,0.95,287
2025-12-27,40,2,wk inc flu hosp,2026-01-10,quantile,0.975,354
2025-12-27,40,2,wk inc flu hosp,2026-01-10,quantile,0.99,428
2025-12-27,40,3,wk inc flu hosp,2026-01-17,quantile,0.01,23
2025-12-27,40,3,wk inc flu hosp,2026-01-17,quantile,0.025,32
2025-12-27,40,3,wk inc flu hosp,2026-01-17,quantile,0.05,44
2025-12-27,40,3,wk inc flu hosp,2026-01-17,quantile,0.1,61
2025-12-27,40,3,wk inc flu hosp,2026-01-17,quantile,0.15,76
2025-12-27,40,3,wk inc flu hosp,2026-01-17,quantile,0.2,84
2025-12-27,40,3,wk inc flu hosp,2026-01-17,quantile,0.25,96
2025-12-27,40,3,wk inc flu hosp,2026-01-17,quantile,0.3,105
2025-12-27,40,3,wk inc flu hosp,2026-01-17,quantile,0.35,113
2025-12-27,40,3,wk inc flu hosp,2026-01-17,quantile,0.4,120
2025-12-27,40,3,wk inc flu hosp,2026-01-17,quantile,0.45,129
2025-12-27,40,3,wk inc flu hosp,2026-01-17,quantile,0.5,140
2025-12-27,40,3,wk inc flu hosp,2026-01-17,quantile,0.55,151
2025-12-27,40,3,wk inc flu hosp,2026-01-17,quantile,0.6,161
2025-12-27,40,3,wk inc flu hosp,2026-01-17,quantile,0.65,172
2025-12-27,40,3,wk inc flu hosp,2026-01-17,quantile,0.7,189
2025-12-27,40,3,wk inc flu hosp,2026-01-17,quantile,0.75,208
2025-12-27,40,3,wk inc flu hosp,2026-01-17,quantile,0.8,226
2025-12-27,40,3,wk inc flu hosp,2026-01-17,quantile,0.85,251
2025-12-27,40,3,wk inc flu hosp,2026-01-17,quantile,0.9,316
2025-12-27,40,3,wk inc flu hosp,2026-01-17,quantile,0.95,382
2025-12-27,40,3,wk inc flu hosp,2026-01-17,quantile,0.975,490
2025-12-27,40,3,wk inc flu hosp,2026-01-17,quantile,0.99,549
2025-12-27,41,0,wk inc flu hosp,2025-12-27,quantile,0.01,17
2025-12-27,41,0,wk inc flu hosp,2025-12-27,quantile,0.025,19
2025-12-27,41,0,wk inc flu hosp,2025-12-27,quantile,0.05,22
2025-12-27,41,0,wk inc flu hosp,2025-12-27,quantile,0.1,28
2025-12-27,41,0,wk inc flu hosp,2025-12-27,quantile,0.15,32
2025-12-27,41,0,wk inc flu hosp,2025-12-27,quantile,0.2,34
2025-12-27,41,0,wk inc flu hosp,2025-12-27,quantile,0.25,37
2025-12-27,41,0,wk inc flu hosp,2025-12-27,quantile,0.3,39
2025-12-27,41,0,wk inc flu hosp,2025-12-27,quantile,0.35,42
2025-12-27,41,0,wk inc flu hosp,2025-12-27,quantile,0.4,45
2025-12-27,41,0,wk inc flu hosp,2025-12-27,quantile,0.45,48
2025-12-27,41,0,wk inc flu hosp,2025-12-27,quantile,0.5,51
2025-12-27,41,0,wk inc flu hosp,2025-12-27,quantile,0.55,53
2025-12-27,41,0,wk inc flu hosp,2025-12-27,quantile,0.6,53
2025-12-27,41,0,wk inc flu hosp,2025-12-27,quantile,0.65,57
2025-12-27,41,0,wk inc flu hosp,2025-12-27,quantile,0.7,61
2025-12-27,41,0,wk inc flu hosp,2025-12-27,quantile,0.75,64
2025-12-27,41,0,wk inc flu hosp,2025-12-27,quantile,0.8,69
2025-12-27,41,0,wk inc flu hosp,2025-12-27,quantile,0.85,75
2025-12-27,41,0,wk inc flu hosp,2025-12-27,quantile,0.9,83
2025-12-27,41,0,wk inc flu hosp,2025-12-27,quantile,0.95,96
2025-12-27,41,0,wk inc flu hosp,2025-12-27,quantile,0.975,108
2025-12-27,41,0,wk inc flu hosp,2025-12-27,quantile,0.99,118
2025-12-27,41,1,wk inc flu hosp,2026-01-03,quantile,0.01,15
2025-12-27,41,1,wk inc flu hosp,2026-01-03,quantile,0.025,19
2025-12-27,41,1,wk inc flu hosp,2026-01-03,quantile,0.05,22
2025-12-27,41,1,wk inc flu hosp,2026-01-03,quantile,0.1,28
2025-12-27,41,1,wk inc flu hosp,2026-01-03,quantile,0.15,33
2025-12-27,41,1,wk inc flu hosp,2026-01-03,quantile,0.2,36
2025-12-27,41,1,wk inc flu hosp,2026-01-03,quantile,0.25,41
2025-12-27,41,1,wk inc flu hosp,2026-01-03,quantile,0.3,45
2025-12-27,41,1,wk inc flu hosp,2026-01-03,quantile,0.35,50
2025-12-27,41,1,wk inc flu hosp,2026-01-03,quantile,0.4,53
2025-12-27,41,1,wk inc flu hosp,2026-01-03,quantile,0.45,57
2025-12-27,41,1,wk inc flu hosp,2026-01-03,quantile,0.5,62
2025-12-27,41,1,wk inc flu hosp,2026-01-03,quantile,0.55,66
2025-12-27,41,1,wk inc flu hosp,2026-01-03,quantile,0.6,69
2025-12-27,41,1,wk inc flu hosp,2026-01-03,quantile,0.65,73
2025-12-27,41,1,wk inc flu hosp,2026-01-03,quantile,0.7,79
2025-12-27,41,1,wk inc flu hosp,2026-01-03,quantile,0.75,85
2025-12-27,41,1,wk inc flu hosp,2026-01-03,quantile,0.8,92
2025-12-27,41,1,wk inc flu hosp,2026-01-03,quantile,0.85,102
2025-12-27,41,1,wk inc flu hosp,2026-01-03,quantile,0.9,116
2025-12-27,41,1,wk inc flu hosp,2026-01-03,quantile,0.95,133
2025-12-27,41,1,wk inc flu hosp,2026-01-03,quantile,0.975,151
2025-12-27,41,1,wk inc flu hosp,2026-01-03,quantile,0.99,181
2025-12-27,41,2,wk inc flu hosp,2026-01-10,quantile,0.01,11
2025-12-27,41,2,wk inc flu hosp,2026-01-10,quantile,0.025,14
2025-12-27,41,2,wk inc flu hosp,2026-01-10,quantile,0.05,20
2025-12-27,41,2,wk inc flu hosp,2026-01-10,quantile,0.1,24
2025-12-27,41,2,wk inc flu hosp,2026-01-10,quantile,0.15,33
2025-12-27,41,2,wk inc flu hosp,2026-01-10,quantile,0.2,39
2025-12-27,41,2,wk inc flu hosp,2026-01-10,quantile,0.25,43
2025-12-27,41,2,wk inc flu hosp,2026-01-10,quantile,0.3,47
2025-12-27,41,2,wk inc flu hosp,2026-01-10,quantile,0.35,53
2025-12-27,41,2,wk inc flu hosp,2026-01-10,quantile,0.4,58
2025-12-27,41,2,wk inc flu hosp,2026-01-10,quantile,0.45,65
2025-12-27,41,2,wk inc flu hosp,2026-01-10,quantile,0.5,71
2025-12-27,41,2,wk inc flu hosp,2026-01-10,quantile,0.55,76
2025-12-27,41,2,wk inc flu hosp,2026-01-10,quantile,0.6,82
2025-12-27,41,2,wk inc flu hosp,2026-01-10,quantile,0.65,87
2025-12-27,41,2,wk inc flu hosp,2026-01-10,quantile,0.7,92
2025-12-27,41,2,wk inc flu hosp,2026-01-10,quantile,0.75,99
2025-12-27,41,2,wk inc flu hosp,2026-01-10,quantile,0.8,109
2025-12-27,41,2,wk inc flu hosp,2026-01-10,quantile,0.85,126
2025-12-27,41,2,wk inc flu hosp,2026-01-10,quantile,0.9,145
2025-12-27,41,2,wk inc flu hosp,2026-01-10,quantile,0.95,174
2025-12-27,41,2,wk inc flu hosp,2026-01-10,quantile,0.975,199
2025-12-27,41,2,wk inc flu hosp,2026-01-10,quantile,0.99,230
2025-12-27,41,3,wk inc flu hosp,2026-01-17,quantile,0.01,9
2025-12-27,41,3,wk inc flu hosp,2026-01-17,quantile,0.025,12
2025-12-27,41,3,wk inc flu hosp,2026-01-17,quantile,0.05,17
2025-12-27,41,3,wk inc flu hosp,2026-01-17,quantile,0.1,25
2025-12-27,41,3,wk inc flu hosp,2026-01-17,quantile,0.15,31
2025-12-27,41,3,wk inc flu hosp,2026-01-17,quantile,0.2,39
2025-12-27,41,3,wk inc flu hosp,2026-01-17,quantile,0.25,46
2025-12-27,41,3,wk inc flu hosp,2026-01-17,quantile,0.3,53
2025-12-27,41,3,wk inc flu hosp,2026-01-17,quantile,0.35,61
2025-12-27,41,3,wk inc flu hosp,2026-01-17,quantile,0.4,66
2025-12-27,41,3,wk inc flu hosp,2026-01-17,quantile,0.45,73
2025-12-27,41,3,wk inc flu hosp,2026-01-17,quantile,0.5,78
2025-12-27,41,3,wk inc flu hosp,2026-01-17,quantile,0.55,86
2025-12-27,41,3,wk inc flu hosp,2026-01-17,quantile,0.6,95
2025-12-27,41,3,wk inc flu hosp,2026-01-17,quantile,0.65,102
2025-12-27,41,3,wk inc flu hosp,2026-01-17,quantile,0.7,110
2025-12-27,41,3,wk inc flu hosp,2026-01-17,quantile,0.75,119
2025-12-27,41,3,wk inc flu hosp,2026-01-17,quantile,0.8,132
2025-12-27,41,3,wk inc flu hosp,2026-01-17,quantile,0.85,155
2025-12-27,41,3,wk inc flu hosp,2026-01-17,quantile,0.9,179
2025-12-27,41,3,wk inc flu hosp,2026-01-17,quantile,0.95,217
2025-12-27,41,3,wk inc flu hosp,2026-01-17,quantile,0.975,248
2025-12-27,41,3,wk inc flu hosp,2026-01-17,quantile,0.99,285
2025-12-27,42,0,wk inc flu hosp,2025-12-27,quantile,0.01,820
2025-12-27,42,0,wk inc flu hosp,2025-12-27,quantile,0.025,925
2025-12-27,42,0,wk inc flu hosp,2025-12-27,quantile,0.05,1045
2025-12-27,42,0,wk inc flu hosp,2025-12-27,quantile,0.1,1163
2025-12-27,42,0,wk inc flu hosp,2025-12-27,quantile,0.15,1258
2025-12-27,42,0,wk inc flu hosp,2025-12-27,quantile,0.2,1324
2025-12-27,42,0,wk inc flu hosp,2025-12-27,quantile,0.25,1425
2025-12-27,42,0,wk inc flu hosp,2025-12-27,quantile,0.3,1495
2025-12-27,42,0,wk inc flu hosp,2025-12-27,quantile,0.35,1536
2025-12-27,42,0,wk inc flu hosp,2025-12-27,quantile,0.4,1569
2025-12-27,42,0,wk inc flu hosp,2025-12-27,quantile,0.45,1644
2025-12-27,42,0,wk inc flu hosp,2025-12-27,quantile,0.5,1695
2025-12-27,42,0,wk inc flu hosp,2025-12-27,quantile,0.55,1753
2025-12-27,42,0,wk inc flu hosp,2025-12-27,quantile,0.6,1810
2025-12-27,42,0,wk inc flu hosp,2025-12-27,quantile,0.65,1863
2025-12-27,42,0,wk inc flu hosp,2025-12-27,quantile,0.7,1940
2025-12-27,42,0,wk inc flu hosp,2025-12-27,quantile,0.75,2028
2025-12-27,42,0,wk inc flu hosp,2025-12-27,quantile,0.8,2099
2025-12-27,42,0,wk inc flu hosp,2025-12-27,quantile,0.85,2168
2025-12-27,42,0,wk inc flu hosp,2025-12-27,quantile,0.9,2233
2025-12-27,42,0,wk inc flu hosp,2025-12-27,quantile,0.95,2402
2025-12-27,42,0,wk inc flu hosp,2025-12-27,quantile,0.975,2513
2025-12-27,42,0,wk inc flu hosp,2025-12-27,quantile,0.99,2685
2025-12-27,42,1,wk inc flu hosp,2026-01-03,quantile,0.01,807
2025-12-27,42,1,wk inc flu hosp,2026-01-03,quantile,0.025,872
2025-12-27,42,1,wk inc flu hosp,2026-01-03,quantile,0.05,997
2025-12-27,42,1,wk inc flu hosp,2026-01-03,quantile,0.1,1165
2025-12-27,42,1,wk inc flu hosp,2026-01-03,quantile,0.15,1262
2025-12-27,42,1,wk inc flu hosp,2026-01-03,quantile,0.2,1326
2025-12-27,42,1,wk inc flu hosp,2026-01-03,quantile,0.25,1438
2025-12-27,42,1,wk inc flu hosp,2026-01-03,quantile,0.3,1543
2025-12-27,42,1,wk inc flu hosp,2026-01-03,quantile,0.35,1673
2025-12-27,42,1,wk inc flu hosp,2026-01-03,quantile,0.4,1779
2025-12-27,42,1,wk inc flu hosp,2026-01-03,quantile,0.45,1896
2025-12-27,42,1,wk inc flu hosp,2026-01-03,quantile,0.5,1978
2025-12-27,42,1,wk inc flu hosp,2026-01-03,quantile,0.55,2051
2025-12-27,42,1,wk inc flu hosp,2026-01-03,quantile,0.6,2095
2025-12-27,42,1,wk inc flu hosp,2026-01-03,quantile,0.65,2134
2025-12-27,42,1,wk inc flu hosp,2026-01-03,quantile,0.7,2203
2025-12-27,42,1,wk inc flu hosp,2026-01-03,quantile,0.75,2274
2025-12-27,42,1,wk inc flu hosp,2026-01-03,quantile,0.8,2354
2025-12-27,42,1,wk inc flu hosp,2026-01-03,quantile,0.85,2481
2025-12-27,42,1,wk inc flu hosp,2026-01-03,quantile,0.9,2670
2025-12-27,42,1,wk inc flu hosp,2026-01-03,quantile,0.95,3039
2025-12-27,42,1,wk inc flu hosp,2026-01-03,quantile,0.975,3249
2025-12-27,42,1,wk inc flu hosp,2026-01-03,quantile,0.99,3621
2025-12-27,42,2,wk inc flu hosp,2026-01-10,quantile,0.01,643
2025-12-27,42,2,wk inc flu hosp,2026-01-10,quantile,0.025,761
2025-12-27,42,2,wk inc flu hosp,2026-01-10,quantile,0.05,869
2025-12-27,42,2,wk inc flu hosp,2026-01-10,quantile,0.1,1064
2025-12-27,42,2,wk inc flu hosp,2026-01-10,quantile,0.15,1149
2025-12-27,42,2,wk inc flu hosp,2026-01-10,quantile,0.2,1197
2025-12-27,42,2,wk inc flu hosp,2026-01-10,quantile,0.25,1355
2025-12-27,42,2,wk inc flu hosp,2026-01-10,quantile,0.3,1485
2025-12-27,42,2,wk inc flu hosp,2026-01-10,quantile,0.35,1586
2025-12-27,42,2,wk inc flu hosp,2026-01-10,quantile,0.4,1677
2025-12-27,42,2,wk inc flu hosp,2026-01-10,quantile,0.45,1765
2025-12-27,42,2,wk inc flu hosp,2026-01-10,quantile,0.5,1835
2025-12-27,42,2,wk inc flu hosp,2026-01-10,quantile,0.55,1934
2025-12-27,42,2,wk inc flu hosp,2026-01-10,quantile,0.6,1995
2025-12-27,42,2,wk inc flu hosp,2026-01-10,quantile,0.65,2107
2025-12-27,42,2,wk inc flu hosp,2026-01-10,quantile,0.7,2215
2025-12-27,42,2,wk inc flu hosp,2026-01-10,quantile,0.75,2301
2025-12-27,42,2,wk inc flu hosp,2026-01-10,quantile,0.8,2431
2025-12-27,42,2,wk inc flu hosp,2026-01-10,quantile,0.85,2512
2025-12-27,42,2,wk inc flu hosp,2026-01-10,quantile,0.9,2919
2025-12-27,42,2,wk inc flu hosp,2026-01-10,quantile,0.95,3278
2025-12-27,42,2,wk inc flu hosp,2026-01-10,quantile,0.975,3647
2025-12-27,42,2,wk inc flu hosp,2026-01-10,quantile,0.99,4218
2025-12-27,42,3,wk inc flu hosp,2026-01-17,quantile,0.01,531
2025-12-27,42,3,wk inc flu hosp,2026-01-17,quantile,0.025,660
2025-12-27,42,3,wk inc flu hosp,2026-01-17,quantile,0.05,764
2025-12-27,42,3,wk inc flu hosp,2026-01-17,quantile,0.1,921
2025-12-27,42,3,wk inc flu hosp,2026-01-17,quantile,0.15,1030
2025-12-27,42,3,wk inc flu hosp,2026-01-17,quantile,0.2,1148
2025-12-27,42,3,wk inc flu hosp,2026-01-17,quantile,0.25,1286
2025-12-27,42,3,wk inc flu hosp,2026-01-17,quantile,0.3,1420
2025-12-27,42,3,wk inc flu hosp,2026-01-17,quantile,0.35,1487
2025-12-27,42,3,wk inc flu hosp,2026-01-17,quantile,0.4,1657
2025-12-27,42,3,wk inc flu hosp,2026-01-17,quantile,0.45,1707
2025-12-27,42,3,wk inc flu hosp,2026-01-17,quantile,0.5,1788
2025-12-27,42,3,wk inc flu hosp,2026-01-17,quantile,0.55,1969
2025-12-27,42,3,wk inc flu hosp,2026-01-17,quantile,0.6,2124
2025-12-27,42,3,wk inc flu hosp,2026-01-17,quantile,0.65,2183
2025-12-27,42,3,wk inc flu hosp,2026-01-17,quantile,0.7,2228
2025-12-27,42,3,wk inc flu hosp,2026-01-17,quantile,0.75,2309
2025-12-27,42,3,wk inc flu hosp,2026-01-17,quantile,0.8,2453
2025-12-27,42,3,wk inc flu hosp,2026-01-17,quantile,0.85,2749
2025-12-27,42,3,wk inc flu hosp,2026-01-17,quantile,0.9,3020
2025-12-27,42,3,wk inc flu hosp,2026-01-17,quantile,0.95,3459
2025-12-27,42,3,wk inc flu hosp,2026-01-17,quantile,0.975,3837
2025-12-27,42,3,wk inc flu hosp,2026-01-17,quantile,0.99,4479
2025-12-27,44,0,wk inc flu hosp,2025-12-27,quantile,0.01,84
2025-12-27,44,0,wk inc flu hosp,2025-12-27,quantile,0.025,89
2025-12-27,44,0,wk inc flu hosp,2025-12-27,quantile,0.05,93
2025-12-27,44,0,wk inc flu hosp,2025-12-27,quantile,0.1,112
2025-12-27,44,0,wk inc flu hosp,2025-12-27,quantile,0.15,120
2025-12-27,44,0,wk inc flu hosp,2025-12-27,quantile,0.2,125
2025-12-27,44,0,wk inc flu hosp,2025-12-27,quantile,0.25,129
2025-12-27,44,0,wk inc flu hosp,2025-12-27,quantile,0.3,135
2025-12-27,44,0,wk inc flu hosp,2025-12-27,quantile,0.35,142
2025-12-27,44,0,wk inc flu hosp,2025-12-27,quantile,0.4,147
2025-12-27,44,0,wk inc flu hosp,2025-12-27,quantile,0.45,151
2025-12-27,44,0,wk inc flu hosp,2025-12-27,quantile,0.5,157
2025-12-27,44,0,wk inc flu hosp,2025-12-27,quantile,0.55,167
2025-12-27,44,0,wk inc flu hosp,2025-12-27,quantile,0.6,175
2025-12-27,44,0,wk inc flu hosp,2025-12-27,quantile,0.65,176
2025-12-27,44,0,wk inc flu hosp,2025-12-27,quantile,0.7,186
2025-12-27,44,0,wk inc flu hosp,2025-12-27,quantile,0.75,192
2025-12-27,44,0,wk inc flu hosp,2025-12-27,quantile,0.8,204
2025-12-27,44,0,wk inc flu hosp,2025-12-27,quantile,0.85,209
2025-12-27,44,0,wk inc flu hosp,2025-12-27,quantile,0.9,222
2025-12-27,44,0,wk inc flu hosp,2025-12-27,quantile,0.95,243
2025-12-27,44,0,wk inc flu hosp,2025-12-27,quantile,0.975,268
2025-12-27,44,0,wk inc flu hosp,2025-12-27,quantile,0.99,282
2025-12-27,44,1,wk inc flu hosp,2026-01-03,quantile,0.01,56
2025-12-27,44,1,wk inc flu hosp,2026-01-03,quantile,0.025,70
2025-12-27,44,1,wk inc flu hosp,2026-01-03,quantile,0.05,82
2025-12-27,44,1,wk inc flu hosp,2026-01-03,quantile,0.1,94
2025-12-27,44,1,wk inc flu hosp,2026-01-03,quantile,0.15,106
2025-12-27,44,1,wk inc flu hosp,2026-01-03,quantile,0.2,116
2025-12-27,44,1,wk inc flu hosp,2026-01-03,quantile,0.25,119
2025-12-27,44,1,wk inc flu hosp,2026-01-03,quantile,0.3,128
2025-12-27,44,1,wk inc flu hosp,2026-01-03,quantile,0.35,142
2025-12-27,44,1,wk inc flu hosp,2026-01-03,quantile,0.4,155
2025-12-27,44,1,wk inc flu hosp,2026-01-03,quantile,0.45,162
2025-12-27,44,1,wk inc flu hosp,2026-01-03,quantile,0.5,169
2025-12-27,44,1,wk inc flu hosp,2026-01-03,quantile,0.55,175
2025-12-27,44,1,wk inc flu hosp,2026-01-03,quantile,0.6,183
2025-12-27,44,1,wk inc flu hosp,2026-01-03,quantile,0.65,190
2025-12-27,44,1,wk inc flu hosp,2026-01-03,quantile,0.7,192
2025-12-27,44,1,wk inc flu hosp,2026-01-03,quantile,0.75,204
2025-12-27,44,1,wk inc flu hosp,2026-01-03,quantile,0.8,217
2025-12-27,44,1,wk inc flu hosp,2026-01-03,quantile,0.85,235
2025-12-27,44,1,wk inc flu hosp,2026-01-03,quantile,0.9,248
2025-12-27,44,1,wk inc flu hosp,2026-01-03,quantile,0.95,278
2025-12-27,44,1,wk inc flu hosp,2026-01-03,quantile,0.975,310
2025-12-27,44,1,wk inc flu hosp,2026-01-03,quantile,0.99,329
2025-12-27,44,2,wk inc flu hosp,2026-01-10,quantile,0.01,54
2025-12-27,44,2,wk inc flu hosp,2026-01-10,quantile,0.025,59
2025-12-27,44,2,wk inc flu hosp,2026-01-10,quantile,0.05,72
2025-12-27,44,2,wk inc flu hosp,2026-01-10,quantile,0.1,87
2025-12-27,44,2,wk inc flu hosp,2026-01-10,quantile,0.15,102
2025-12-27,44,2,wk inc flu hosp,2026-01-10,quantile,0.2,108
2025-12-27,44,2,wk inc flu hosp,2026-01-10,quantile,0.25,114
2025-12-27,44,2,wk inc flu hosp,2026-01-10,quantile,0.3,125
2025-12-27,44,2,wk inc flu hosp,2026-01-10,quantile,0.35,134
2025-12-27,44,2,wk inc flu hosp,2026-01-10,quantile,0.4,138
2025-12-27,44,2,wk inc flu hosp,2026-01-10,quantile,0.45,151
2025-12-27,44,2,wk inc flu hosp,2026-01-10,quantile,0.5,162
2025-12-27,44,2,wk inc flu hosp,2026-01-10,quantile,0.55,172
2025-12-27,44,2,wk inc flu hosp,2026-01-10,quantile,0.6,180
2025-12-27,44,2,wk inc flu hosp,2026-01-10,quantile,0.65,185
2025-12-27,44,2,wk inc flu hosp,2026-01-10,quantile,0.7,188
2025-12-27,44,2,wk inc flu hosp,2026-01-10,quantile,0.75,200
2025-12-27,44,2,wk inc flu hosp,2026-01-10,quantile,0.8,218
2025-12-27,44,2,wk inc flu hosp,2026-01-10,quantile,0.85,227
2025-12-27,44,2,wk inc flu hosp,2026-01-10,quantile,0.9,244
2025-12-27,44,2,wk inc flu hosp,2026-01-10,quantile,0.95,259
2025-12-27,44,2,wk inc flu hosp,2026-01-10,quantile,0.975,292
2025-12-27,44,2,wk inc flu hosp,2026-01-10,quantile,0.99,340
2025-12-27,44,3,wk inc flu hosp,2026-01-17,quantile,0.01,42
2025-12-27,44,3,wk inc flu hosp,2026-01-17,quantile,0.025,53
2025-12-27,44,3,wk inc flu hosp,2026-01-17,quantile,0.05,62
2025-12-27,44,3,wk inc flu hosp,2026-01-17,quantile,0.1,72
2025-12-27,44,3,wk inc flu hosp,2026-01-17,quantile,0.15,84
2025-12-27,44,3,wk inc flu hosp,2026-01-17,quantile,0.2,93
2025-12-27,44,3,wk inc flu hosp,2026-01-17,quantile,0.25,100
2025-12-27,44,3,wk inc flu hosp,2026-01-17,quantile,0.3,108
2025-12-27,44,3,wk inc flu hosp,2026-01-17,quantile,0.35,119
2025-12-27,44,3,wk inc flu hosp,2026-01-17,quantile,0.4,128
2025-12-27,44,3,wk inc flu hosp,2026-01-17,quantile,0.45,140
2025-12-27,44,3,wk inc flu hosp,2026-01-17,quantile,0.5,151
2025-12-27,44,3,wk inc flu hosp,2026-01-17,quantile,0.55,163
2025-12-27,44,3,wk inc flu hosp,2026-01-17,quantile,0.6,170
2025-12-27,44,3,wk inc flu hosp,2026-01-17,quantile,0.65,176
2025-12-27,44,3,wk inc flu hosp,2026-01-17,quantile,0.7,186
2025-12-27,44,3,wk inc flu hosp,2026-01-17,quantile,0.75,198
2025-12-27,44,3,wk inc flu hosp,2026-01-17,quantile,0.8,207
2025-12-27,44,3,wk inc flu hosp,2026-01-17,quantile,0.85,218
2025-12-27,44,3,wk inc flu hosp,2026-01-17,quantile,0.9,234
2025-12-27,44,3,wk inc flu hosp,2026-01-17,quantile,0.95,257
2025-12-27,44,3,wk inc flu hosp,2026-01-17,quantile,0.975,279
2025-12-27,44,3,wk inc flu hosp,2026-01-17,quantile,0.99,317
2025-12-27,45,0,wk inc flu hosp,2025-12-27,quantile,0.01,248
2025-12-27,45,0,wk inc flu hosp,2025-12-27,quantile,0.025,339
2025-12-27,45,0,wk inc flu hosp,2025-12-27,quantile,0.05,358
2025-12-27,45,0,wk inc flu hosp,2025-12-27,quantile,0.1,387
2025-12-27,45,0,wk inc flu hosp,2025-12-27,quantile,0.15,411
2025-12-27,45,0,wk inc flu hosp,2025-12-27,quantile,0.2,430
2025-12-27,45,0,wk inc flu hosp,2025-12-27,quantile,0.25,457
2025-12-27,45,0,wk inc flu hosp,2025-12-27,quantile,0.3,467
2025-12-27,45,0,wk inc flu hosp,2025-12-27,quantile,0.35,483
2025-12-27,45,0,wk inc flu hosp,2025-12-27,quantile,0.4,505
2025-12-27,45,0,wk inc flu hosp,2025-12-27,quantile,0.45,528
2025-12-27,45,0,wk inc flu hosp,2025-12-27,quantile,0.5,543
2025-12-27,45,0,wk inc flu hosp,2025-12-27,quantile,0.55,546
2025-12-27,45,0,wk inc flu hosp,2025-12-27,quantile,0.6,559
2025-12-27,45,0,wk inc flu hosp,2025-12-27,quantile,0.65,575
2025-12-27,45,0,wk inc flu hosp,2025-12-27,quantile,0.7,613
2025-12-27,45,0,wk inc flu hosp,2025-12-27,quantile,0.75,628
2025-12-27,45,0,wk inc flu hosp,2025-12-27,quantile,0.8,643
2025-12-27,45,0,wk inc flu hosp,2025-12-27,quantile,0.85,688
2025-12-27,45,0,wk inc flu hosp,2025-12-27,quantile,0.9,733
2025-12-27,45,0,wk inc flu hosp,2025-12-27,quantile,0.95,786
2025-12-27,45,0,wk inc flu hosp,2025-12-27,quantile,0.975,834
2025-12-27,45,0,wk inc flu hosp,2025-12-27,quantile,0.99,929
2025-12-27,45,1,wk inc flu hosp,2026-01-03,quantile,0.01,237
2025-12-27,45,1,wk inc flu hosp,2026-01-03,quantile,0.025,343
2025-12-27,45,1,wk inc flu hosp,2026-01-03,quantile,0.05,362
2025-12-27,45,1,wk inc flu hosp,2026-01-03,quantile,0.1,391
2025-12-27,45,1,wk inc flu hosp,2026-01-03,quantile,0.15,422
2025-12-27,45,1,wk inc flu hosp,2026-01-03,quantile,0.2,476
2025-12-27,45,1,wk inc flu hosp,2026-01-03,quantile,0.25,510
2025-12-27,45,1,wk inc flu hosp,2026-01-03,quantile,0.3,521
2025-12-27,45,1,wk inc flu hosp,2026-01-03,quantile,0.35,540
2025-12-27,45,1,wk inc flu hosp,2026-01-03,quantile,0.4,567
2025-12-27,45,1,wk inc flu hosp,2026-01-03,quantile,0.45,600
2025-12-27,45,1,wk inc flu hosp,2026-01-03,quantile,0.5,623
2025-12-27,45,1,wk inc flu hosp,2026-01-03,quantile,0.55,653
2025-12-27,45,1,wk inc flu hosp,2026-01-03,quantile,0.6,676
2025-12-27,45,1,wk inc flu hosp,2026-01-03,quantile,0.65,696
2025-12-27,45,1,wk inc flu hosp,2026-01-03,quantile,0.7,726
2025-12-27,45,1,wk inc flu hosp,2026-01-03,quantile,0.75,772
2025-12-27,45,1,wk inc flu hosp,2026-01-03,quantile,0.8,823
2025-12-27,45,1,wk inc flu hosp,2026-01-03,quantile,0.85,878
2025-12-27,45,1,wk inc flu hosp,2026-01-03,quantile,0.9,984
2025-12-27,45,1,wk inc flu hosp,2026-01-03,quantile,0.95,1107
2025-12-27,45,1,wk inc flu hosp,2026-01-03,quantile,0.975,1197
2025-12-27,45,1,wk inc flu hosp,2026-01-03,quantile,0.99,1359
2025-12-27,45,2,wk inc flu hosp,2026-01-10,quantile,0.01,213
2025-12-27,45,2,wk inc flu hosp,2026-01-10,quantile,0.025,282
2025-12-27,45,2,wk inc flu hosp,2026-01-10,quantile,0.05,319
2025-12-27,45,2,wk inc flu hosp,2026-01-10,quantile,0.1,363
2025-12-27,45,2,wk inc flu hosp,2026-01-10,quantile,0.15,396
2025-12-27,45,2,wk inc flu hosp,2026-01-10,quantile,0.2,427
2025-12-27,45,2,wk inc flu hosp,2026-01-10,quantile,0.25,463
2025-12-27,45,2,wk inc flu hosp,2026-01-10,quantile,0.3,491
2025-12-27,45,2,wk inc flu hosp,2026-01-10,quantile,0.35,513
2025-12-27,45,2,wk inc flu hosp,2026-01-10,quantile,0.4,555
2025-12-27,45,2,wk inc flu hosp,2026-01-10,quantile,0.45,586
2025-12-27,45,2,wk inc flu hosp,2026-01-10,quantile,0.5,628
2025-12-27,45,2,wk inc flu hosp,2026-01-10,quantile,0.55,647
2025-12-27,45,2,wk inc flu hosp,2026-01-10,quantile,0.6,685
2025-12-27,45,2,wk inc flu hosp,2026-01-10,quantile,0.65,733
2025-12-27,45,2,wk inc flu hosp,2026-01-10,quantile,0.7,780
2025-12-27,45,2,wk inc flu hosp,2026-01-10,quantile,0.75,812
2025-12-27,45,2,wk inc flu hosp,2026-01-10,quantile,0.8,843
2025-12-27,45,2,wk inc flu hosp,2026-01-10,quantile,0.85,920
2025-12-27,45,2,wk inc flu hosp,2026-01-10,quantile,0.9,1027
2025-12-27,45,2,wk inc flu hosp,2026-01-10,quantile,0.95,1172
2025-12-27,45,2,wk inc flu hosp,2026-01-10,quantile,0.975,1313
2025-12-27,45,2,wk inc flu hosp,2026-01-10,quantile,0.99,1611
2025-12-27,45,3,wk inc flu hosp,2026-01-17,quantile,0.01,187
2025-12-27,45,3,wk inc flu hosp,2026-01-17,quantile,0.025,240
2025-12-27,45,3,wk inc flu hosp,2026-01-17,quantile,0.05,305
2025-12-27,45,3,wk inc flu hosp,2026-01-17,quantile,0.1,352
2025-12-27,45,3,wk inc flu hosp,2026-01-17,quantile,0.15,378
2025-12-27,45,3,wk inc flu hosp,2026-01-17,quantile,0.2,420
2025-12-27,45,3,wk inc flu hosp,2026-01-17,quantile,0.25,457
2025-12-27,45,3,wk inc flu hosp,2026-01-17,quantile,0.3,500
2025-12-27,45,3,wk inc flu hosp,2026-01-17,quantile,0.35,552
2025-12-27,45,3,wk inc flu hosp,2026-01-17,quantile,0.4,596
2025-12-27,45,3,wk inc flu hosp,2026-01-17,quantile,0.45,637
2025-12-27,45,3,wk inc flu hosp,2026-01-17,quantile,0.5,681
2025-12-27,45,3,wk inc flu hosp,2026-01-17,quantile,0.55,716
2025-12-27,45,3,wk inc flu hosp,2026-01-17,quantile,0.6,729
2025-12-27,45,3,wk inc flu hosp,2026-01-17,quantile,0.65,754
2025-12-27,45,3,wk inc flu hosp,2026-01-17,quantile,0.7,783
2025-12-27,45,3,wk inc flu hosp,2026-01-17,quantile,0.75,842
2025-12-27,45,3,wk inc flu hosp,2026-01-17,quantile,0.8,929
2025-12-27,45,3,wk inc flu hosp,2026-01-17,quantile,0.85,1003
2025-12-27,45,3,wk inc flu hosp,2026-01-17,quantile,0.9,1165
2025-12-27,45,3,wk inc flu hosp,2026-01-17,quantile,0.95,1230
2025-12-27,45,3,wk inc flu hosp,2026-01-17,quantile,0.975,1375
2025-12-27,45,3,wk inc flu hosp,2026-01-17,quantile,0.99,1518
2025-12-27,46,0,wk inc flu hosp,2025-12-27,quantile,0.01,9
2025-12-27,46,0,wk inc flu hosp,2025-12-27,quantile,0.025,12
2025-12-27,46,0,wk inc flu hosp,2025-12-27,quantile,0.05,14
2025-12-27,46,0,wk inc flu hosp,2025-12-27,quantile,0.1,17
2025-12-27,46,0,wk inc flu hosp,2025-12-27,quantile,0.15,19
2025-12-27,46,0,wk inc flu hosp,2025-12-27,quantile,0.2,21
2025-12-27,46,0,wk inc flu hosp,2025-12-27,quantile,0.25,22
2025-12-27,46,0,wk inc flu hosp,2025-12-27,quantile,0.3,23
2025-12-27,46,0,wk inc flu hosp,2025-12-27,quantile,0.35,26
2025-12-27,46,0,wk inc flu hosp,2025-12-27,quantile,0.4,27
2025-12-27,46,0,wk inc flu hosp,2025-12-27,quantile,0.45,28
2025-12-27,46,0,wk inc flu hosp,2025-12-27,quantile,0.5,30
2025-12-27,46,0,wk inc flu hosp,2025-12-27,quantile,0.55,31
2025-12-27,46,0,wk inc flu hosp,2025-12-27,quantile,0.6,32
2025-12-27,46,0,wk inc flu hosp,2025-12-27,quantile,0.65,35
2025-12-27,46,0,wk inc flu hosp,2025-12-27,quantile,0.7,37
2025-12-27,46,0,wk inc flu hosp,2025-12-27,quantile,0.75,39
2025-12-27,46,0,wk inc flu hosp,2025-12-27,quantile,0.8,42
2025-12-27,46,0,wk inc flu hosp,2025-12-27,quantile,0.85,46
2025-12-27,46,0,wk inc flu hosp,2025-12-27,quantile,0.9,52
2025-12-27,46,0,wk inc flu hosp,2025-12-27,quantile,0.95,60
2025-12-27,46,0,wk inc flu hosp,2025-12-27,quantile,0.975,67
2025-12-27,46,0,wk inc flu hosp,2025-12-27,quantile,0.99,78
2025-12-27,46,1,wk inc flu hosp,2026-01-03,quantile,0.01,9
2025-12-27,46,1,wk inc flu hosp,2026-01-03,quantile,0.025,12
2025-12-27,46,1,wk inc flu hosp,2026-01-03,quantile,0.05,15
2025-12-27,46,1,wk inc flu hosp,2026-01-03,quantile,0.1,18
2025-12-27,46,1,wk inc flu hosp,2026-01-03,quantile,0.15,21
2025-12-27,46,1,wk inc flu hosp,2026-01-03,quantile,0.2,23
2025-12-27,46,1,wk inc flu hosp,2026-01-03,quantile,0.25,26
2025-12-27,46,1,wk inc flu hosp,2026-01-03,quantile,0.3,28
2025-12-27,46,1,wk inc flu hosp,2026-01-03,quantile,0.35,32
2025-12-27,46,1,wk inc flu hosp,2026-01-03,quantile,0.4,34
2025-12-27,46,1,wk inc flu hosp,2026-01-03,quantile,0.45,35
2025-12-27,46,1,wk inc flu hosp,2026-01-03,quantile,0.5,38
2025-12-27,46,1,wk inc flu hosp,2026-01-03,quantile,0.55,39
2025-12-27,46,1,wk inc flu hosp,2026-01-03,quantile,0.6,42
2025-12-27,46,1,wk inc flu hosp,2026-01-03,quantile,0.65,44
2025-12-27,46,1,wk inc flu hosp,2026-01-03,quantile,0.7,47
2025-12-27,46,1,wk inc flu hosp,2026-01-03,quantile,0.75,51
2025-12-27,46,1,wk inc flu hosp,2026-01-03,quantile,0.8,54
2025-12-27,46,1,wk inc flu hosp,2026-01-03,quantile,0.85,60
2025-12-27,46,1,wk inc flu hosp,2026-01-03,quantile,0.9,68
2025-12-27,46,1,wk inc flu hosp,2026-01-03,quantile,0.95,77
2025-12-27,46,1,wk inc flu hosp,2026-01-03,quantile,0.975,91
2025-12-27,46,1,wk inc flu hosp,2026-01-03,quantile,0.99,113
2025-12-27,46,2,wk inc flu hosp,2026-01-10,quantile,0.01,7
2025-12-27,46,2,wk inc flu hosp,2026-01-10,quantile,0.025,12
2025-12-27,46,2,wk inc flu hosp,2026-01-10,quantile,0.05,15
2025-12-27,46,2,wk inc flu hosp,2026-01-10,quantile,0.1,18
2025-12-27,46,2,wk inc flu hosp,2026-01-10,quantile,0.15,19
2025-12-27,46,2,wk inc flu hosp,2026-01-10,quantile,0.2,23
2025-12-27,46,2,wk inc flu hosp,2026-01-10,quantile,0.25,25
2025-12-27,46,2,wk inc flu hosp,2026-01-10,quantile,0.3,29
2025-12-27,46,2,wk inc flu hosp,2026-01-10,quantile,0.35,32
2025-12-27,46,2,wk inc flu hosp,2026-01-10,quantile,0.4,36
2025-12-27,46,2,wk inc flu hosp,2026-01-10,quantile,0.45,38
2025-12-27,46,2,wk inc flu hosp,2026-01-10,quantile,0.5,42
2025-12-27,46,2,wk inc flu hosp,2026-01-10,quantile,0.55,44
2025-12-27,46,2,wk inc flu hosp,2026-01-10,quantile,0.6,46
2025-12-27,46,2,wk inc flu hosp,2026-01-10,quantile,0.65,47
2025-12-27,46,2,wk inc flu hosp,2026-01-10,quantile,0.7,51
2025-12-27,46,2,wk inc flu hosp,2026-01-10,quantile,0.75,54
2025-12-27,46,2,wk inc flu hosp,2026-01-10,quantile,0.8,59
2025-12-27,46,2,wk inc flu hosp,2026-01-10,quantile,0.85,68
2025-12-27,46,2,wk inc flu hosp,2026-01-10,quantile,0.9,80
2025-12-27,46,2,wk inc flu hosp,2026-01-10,quantile,0.95,103
2025-12-27,46,2,wk inc flu hosp,2026-01-10,quantile,0.975,122
2025-12-27,46,2,wk inc flu hosp,2026-01-10,quantile,0.99,149
2025-12-27,46,3,wk inc flu hosp,2026-01-17,quantile,0.01,7
2025-12-27,46,3,wk inc flu hosp,2026-01-17,quantile,0.025,11
2025-12-27,46,3,wk inc flu hosp,2026-01-17,quantile,0.05,14
2025-12-27,46,3,wk inc flu hosp,2026-01-17,quantile,0.1,17
2025-12-27,46,3,wk inc flu hosp,2026-01-17,quantile,0.15,20
2025-12-27,46,3,wk inc flu hosp,2026-01-17,quantile,0.2,25
2025-12-27,46,3,wk inc flu hosp,2026-01-17,quantile,0.25,27
2025-12-27,46,3,wk inc flu hosp,2026-01-17,quantile,0.3,30
2025-12-27,46,3,wk inc flu hosp,2026-01-17,quantile,0.35,34
2025-12-27,46,3,wk inc flu hosp,2026-01-17,quantile,0.4,37
2025-12-27,46,3,wk inc flu hosp,2026-01-17,quantile,0.45,41
2025-12-27,46,3,wk inc flu hosp,2026-01-17,quantile,0.5,46
2025-12-27,46,3,wk inc flu hosp,2026-01-17,quantile,0.55,50
2025-12-27,46,3,wk inc flu hosp,2026-01-17,quantile,0.6,52
2025-12-27,46,3,wk inc flu hosp,2026-01-17,quantile,0.65,56
2025-12-27,46,3,wk inc flu hosp,2026-01-17,quantile,0.7,59
2025-12-27,46,3,wk inc flu hosp,2026-01-17,quantile,0.75,63
2025-12-27,46,3,wk inc flu hosp,2026-01-17,quantile,0.8,67
2025-12-27,46,3,wk inc flu hosp,2026-01-17,quantile,0.85,76
2025-12-27,46,3,wk inc flu hosp,2026-01-17,quantile,0.9,95
2025-12-27,46,3,wk inc flu hosp,2026-01-17,quantile,0.95,119
2025-12-27,46,3,wk inc flu hosp,2026-01-17,quantile,0.975,143
2025-12-27,46,3,wk inc flu hosp,2026-01-17,quantile,0.99,164
2025-12-27,47,0,wk inc flu hosp,2025-12-27,quantile,0.01,208
2025-12-27,47,0,wk inc flu hosp,2025-12-27,quantile,0.025,261
2025-12-27,47,0,wk inc flu hosp,2025-12-27,quantile,0.05,295
2025-12-27,47,0,wk inc flu hosp,2025-12-27,quantile,0.1,325
2025-12-27,47,0,wk inc flu hosp,2025-12-27,quantile,0.15,340
2025-12-27,47,0,wk inc flu hosp,2025-12-27,quantile,0.2,352
2025-12-27,47,0,wk inc flu hosp,2025-12-27,quantile,0.25,366
2025-12-27,47,0,wk inc flu hosp,2025-12-27,quantile,0.3,385
2025-12-27,47,0,wk inc flu hosp,2025-12-27,quantile,0.35,400
2025-12-27,47,0,wk inc flu hosp,2025-12-27,quantile,0.4,418
2025-12-27,47,0,wk inc flu hosp,2025-12-27,quantile,0.45,439
2025-12-27,47,0,wk inc flu hosp,2025-12-27,quantile,0.5,458
2025-12-27,47,0,wk inc flu hosp,2025-12-27,quantile,0.55,476
2025-12-27,47,0,wk inc flu hosp,2025-12-27,quantile,0.6,499
2025-12-27,47,0,wk inc flu hosp,2025-12-27,quantile,0.65,520
2025-12-27,47,0,wk inc flu hosp,2025-12-27,quantile,0.7,538
2025-12-27,47,0,wk inc flu hosp,2025-12-27,quantile,0.75,573
2025-12-27,47,0,wk inc flu hosp,2025-12-27,quantile,0.8,601
2025-12-27,47,0,wk inc flu hosp,2025-12-27,quantile,0.85,625
2025-12-27,47,0,wk inc flu hosp,2025-12-27,quantile,0.9,650
2025-12-27,47,0,wk inc flu hosp,2025-12-27,quantile,0.95,717
2025-12-27,47,0,wk inc flu hosp,2025-12-27,quantile,0.975,770
2025-12-27,47,0,wk inc flu hosp,2025-12-27,quantile,0.99,828
2025-12-27,47,1,wk inc flu hosp,2026-01-03,quantile,0.01,205
2025-12-27,47,1,wk inc flu hosp,2026-01-03,quantile,0.025,259
2025-12-27,47,1,wk inc flu hosp,2026-01-03,quantile,0.05,292
2025-12-27,47,1,wk inc flu hosp,2026-01-03,quantile,0.1,328
2025-12-27,47,1,wk inc flu hosp,2026-01-03,quantile,0.15,371
2025-12-27,47,1,wk inc flu hosp,2026-01-03,quantile,0.2,401
2025-12-27,47,1,wk inc flu hosp,2026-01-03,quantile,0.25,427
2025-12-27,47,1,wk inc flu hosp,2026-01-03,quantile,0.3,446
2025-12-27,47,1,wk inc flu hosp,2026-01-03,quantile,0.35,466
2025-12-27,47,1,wk inc flu hosp,2026-01-03,quantile,0.4,492
2025-12-27,47,1,wk inc flu hosp,2026-01-03,quantile,0.45,513
2025-12-27,47,1,wk inc flu hosp,2026-01-03,quantile,0.5,519
2025-12-27,47,1,wk inc flu hosp,2026-01-03,quantile,0.55,529
2025-12-27,47,1,wk inc flu hosp,2026-01-03,quantile,0.6,574
2025-12-27,47,1,wk inc flu hosp,2026-01-03,quantile,0.65,634
2025-12-27,47,1,wk inc flu hosp,2026-01-03,quantile,0.7,667
2025-12-27,47,1,wk inc flu hosp,2026-01-03,quantile,0.75,704
2025-12-27,47,1,wk inc flu hosp,2026-01-03,quantile,0.8,725
2025-12-27,47,1,wk inc flu hosp,2026-01-03,quantile,0.85,774
2025-12-27,47,1,wk inc flu hosp,2026-01-03,quantile,0.9,868
2025-12-27,47,1,wk inc flu hosp,2026-01-03,quantile,0.95,966
2025-12-27,47,1,wk inc flu hosp,2026-01-03,quantile,0.975,1070
2025-12-27,47,1,wk inc flu hosp,2026-01-03,quantile,0.99,1191
2025-12-27,47,2,wk inc flu hosp,2026-01-10,quantile,0.01,186
2025-12-27,47,2,wk inc flu hosp,2026-01-10,quantile,0.025,205
2025-12-27,47,2,wk inc flu hosp,2026-01-10,quantile,0.05,253
2025-12-27,47,2,wk inc flu hosp,2026-01-10,quantile,0.1,305
2025-12-27,47,2,wk inc flu hosp,2026-01-10,quantile,0.15,343
2025-12-27,47,2,wk inc flu hosp,2026-01-10,quantile,0.2,372
2025-12-27,47,2,wk inc flu hosp,2026-01-10,quantile,0.25,403
2025-12-27,47,2,wk inc flu hosp,2026-01-10,quantile,0.3,425
2025-12-27,47,2,wk inc flu hosp,2026-01-10,quantile,0.35,453
2025-12-27,47,2,wk inc flu hosp,2026-01-10,quantile,0.4,479
2025-12-27,47,2,wk inc flu hosp,2026-01-10,quantile,0.45,497
2025-12-27,47,2,wk inc flu hosp,2026-01-10,quantile,0.5,521
2025-12-27,47,2,wk inc flu hosp,2026-01-10,quantile,0.55,542
2025-12-27,47,2,wk inc flu hosp,2026-01-10,quantile,0.6,568
2025-12-27,47,2,wk inc flu hosp,2026-01-10,quantile,0.65,598
2025-12-27,47,2,wk inc flu hosp,2026-01-10,quantile,0.7,629
2025-12-27,47,2,wk inc flu hosp,2026-01-10,quantile,0.75,657
2025-12-27,47,2,wk inc flu hosp,2026-01-10,quantile,0.8,696
2025-12-27,47,2,wk inc flu hosp,2026-01-10,quantile,0.85,736
2025-12-27,47,2,wk inc flu hosp,2026-01-10,quantile,0.9,802
2025-12-27,47,2,wk inc flu hosp,2026-01-10,quantile,0.95,1011
2025-12-27,47,2,wk inc flu hosp,2026-01-10,quantile,0.975,1225
2025-12-27,47,2,wk inc flu hosp,2026-01-10,quantile,0.99,1292
2025-12-27,47,3,wk inc flu hosp,2026-01-17,quantile,0.01,164
2025-12-27,47,3,wk inc flu hosp,2026-01-17,quantile,0.025,179
2025-12-27,47,3,wk inc flu hosp,2026-01-17,quantile,0.05,223
2025-12-27,47,3,wk inc flu hosp,2026-01-17,quantile,0.1,269
2025-12-27,47,3,wk inc flu hosp,2026-01-17,quantile,0.15,302
2025-12-27,47,3,wk inc flu hosp,2026-01-17,quantile,0.2,328
2025-12-27,47,3,wk inc flu hosp,2026-01-17,quantile,0.25,363
2025-12-27,47,3,wk inc flu hosp,2026-01-17,quantile,0.3,403
2025-12-27,47,3,wk inc flu hosp,2026-01-17,quantile,0.35,434
2025-12-27,47,3,wk inc flu hosp,2026-01-17,quantile,0.4,469
2025-12-27,47,3,wk inc flu hosp,2026-01-17,quantile,0.45,503
2025-12-27,47,3,wk inc flu hosp,2026-01-17,quantile,0.5,532
2025-12-27,47,3,wk inc flu hosp,2026-01-17,quantile,0.55,581
2025-12-27,47,3,wk inc flu hosp,2026-01-17,quantile,0.6,637
2025-12-27,47,3,wk inc flu hosp,2026-01-17,quantile,0.65,672
2025-12-27,47,3,wk inc flu hosp,2026-01-17,quantile,0.7,729
2025-12-27,47,3,wk inc flu hosp,2026-01-17,quantile,0.75,787
2025-12-27,47,3,wk inc flu hosp,2026-01-17,quantile,0.8,836
2025-12-27,47,3,wk inc flu hosp,2026-01-17,quantile,0.85,879
2025-12-27,47,3,wk inc flu hosp,2026-01-17,quantile,0.9,920
2025-12-27,47,3,wk inc flu hosp,2026-01-17,quantile,0.95,1115
2025-12-27,47,3,wk inc flu hosp,2026-01-17,quantile,0.975,1295
2025-12-27,47,3,wk inc flu hosp,2026-01-17,quantile,0.99,1490
2025-12-27,48,0,wk inc flu hosp,2025-12-27,quantile,0.01,1294
2025-12-27,48,0,wk inc flu hosp,2025-12-27,quantile,0.025,1392
2025-12-27,48,0,wk inc flu hosp,2025-12-27,quantile,0.05,1482
2025-12-27,48,0,wk inc flu hosp,2025-12-27,quantile,0.1,1592
2025-12-27,48,0,wk inc flu hosp,2025-12-27,quantile,0.15,1701
2025-12-27,48,0,wk inc flu hosp,2025-12-27,quantile,0.2,1759
2025-12-27,48,0,wk inc flu hosp,2025-12-27,quantile,0.25,1821
2025-12-27,48,0,wk inc flu hosp,2025-12-27,quantile,0.3,1924
2025-12-27,48,0,wk inc flu hosp,2025-12-27,quantile,0.35,1982
2025-12-27,48,0,wk inc flu hosp,2025-12-27,quantile,0.4,2038
2025-12-27,48,0,wk inc flu hosp,2025-12-27,quantile,0.45,2104
2025-12-27,48,0,wk inc flu hosp,2025-12-27,quantile,0.5,2157
2025-12-27,48,0,wk inc flu hosp,2025-12-27,quantile,0.55,2249
2025-12-27,48,0,wk inc flu hosp,2025-12-27,quantile,0.6,2318
2025-12-27,48,0,wk inc flu hosp,2025-12-27,quantile,0.65,2383
2025-12-27,48,0,wk inc flu hosp,2025-12-27,quantile,0.7,2446
2025-12-27,48,0,wk inc flu hosp,2025-12-27,quantile,0.75,2521
2025-12-27,48,0,wk inc flu hosp,2025-12-27,quantile,0.8,2582
2025-12-27,48,0,wk inc flu hosp,2025-12-27,quantile,0.85,2654
2025-12-27,48,0,wk inc flu hosp,2025-12-27,quantile,0.9,2778
2025-12-27,48,0,wk inc flu hosp,2025-12-27,quantile,0.95,3024
2025-12-27,48,0,wk inc flu hosp,2025-12-27,quantile,0.975,3230
2025-12-27,48,0,wk inc flu hosp,2025-12-27,quantile,0.99,3414
2025-12-27,48,1,wk inc flu hosp,2026-01-03,quantile,0.01,1029
2025-12-27,48,1,wk inc flu hosp,2026-01-03,quantile,0.025,1147
2025-12-27,48,1,wk inc flu hosp,2026-01-03,quantile,0.05,1321
2025-12-27,48,1,wk inc flu hosp,2026-01-03,quantile,0.1,1569
2025-12-27,48,1,wk inc flu hosp,2026-01-03,quantile,0.15,1734
2025-12-27,48,1,wk inc flu hosp,2026-01-03,quantile,0.2,1885
2025-12-27,48,1,wk inc flu hosp,2026-01-03,quantile,0.25,1968
2025-12-27,48,1,wk inc flu hosp,2026-01-03,quantile,0.3,2012
2025-12-27,48,1,wk inc flu hosp,2026-01-03,quantile,0.35,2093
2025-12-27,48,1,wk inc flu hosp,2026-01-03,quantile,0.4,2191
2025-12-27,48,1,wk inc flu hosp,2026-01-03,quantile,0.45,2281
2025-12-27,48,1,wk inc flu hosp,2026-01-03,quantile,0.5,2339
2025-12-27,48,1,wk inc flu hosp,2026-01-03,quantile,0.55,2376
2025-12-27,48,1,wk inc flu hosp,2026-01-03,quantile,0.6,2414
2025-12-27,48,1,wk inc flu hosp,2026-01-03,quantile,0.65,2449
2025-12-27,48,1,wk inc flu hosp,2026-01-03,quantile,0.7,2517
2025-12-27,48,1,wk inc flu hosp,2026-01-03,quantile,0.75,2625
2025-12-27,48,1,wk inc flu hosp,2026-01-03,quantile,0.8,2752
2025-12-27,48,1,wk inc flu hosp,2026-01-03,quantile,0.85,2944
2025-12-27,48,1,wk inc flu hosp,2026-01-03,quantile,0.9,3349
2025-12-27,48,1,wk inc flu hosp,2026-01-03,quantile,0.95,3764
2025-12-27,48,1,wk inc flu hosp,2026-01-03,quantile,0.975,4279
2025-12-27,48,1,wk inc flu hosp,2026-01-03,quantile,0.99,4919
2025-12-27,48,2,wk inc flu hosp,2026-01-10,quantile,0.01,822
2025-12-27,48,2,wk inc flu hosp,2026-01-10,quantile,0.025,963
2025-12-27,48,2,wk inc flu hosp,2026-01-10,quantile,0.05,1134
2025-12-27,48,2,wk inc flu hosp,2026-01-10,quantile,0.1,1372
2025-12-27,48,2,wk inc flu hosp,2026-01-10,quantile,0.15,1604
2025-12-27,48,2,wk inc flu hosp,2026-01-10,quantile,0.2,1773
2025-12-27,48,2,wk inc flu hosp,2026-01-10,quantile,0.25,1877
2025-12-27,48,2,wk inc flu hosp,2026-01-10,quantile,0.3,1980
2025-12-27,48,2,wk inc flu hosp,2026-01-10,quantile,0.35,2101
2025-12-27,48,2,wk inc flu hosp,2026-01-10,quantile,0.4,2182
2025-12-27,48,2,wk inc flu hosp,2026-01-10,quantile,0.45,2300
2025-12-27,48,2,wk inc flu hosp,2026-01-10,quantile,0.5,2402
2025-12-27,48,2,wk inc flu hosp,2026-01-10,quantile,0.55,2528
2025-12-27,48,2,wk inc flu hosp,2026-01-10,quantile,0.6,2627
2025-12-27,48,2,wk inc flu hosp,2026-01-10,quantile,0.65,2742
2025-12-27,48,2,wk inc flu hosp,2026-01-10,quantile,0.7,2901
2025-12-27,48,2,wk inc flu hosp,2026-01-10,quantile,0.75,3096
2025-12-27,48,2,wk inc flu hosp,2026-01-10,quantile,0.8,3247
2025-12-27,48,2,wk inc flu hosp,2026-01-10,quantile,0.85,3334
2025-12-27,48,2,wk inc flu hosp,2026-01-10,quantile,0.9,3461
2025-12-27,48,2,wk inc flu hosp,2026-01-10,quantile,0.95,4253
2025-12-27,48,2,wk inc flu hosp,2026-01-10,quantile,0.975,4766
2025-12-27,48,2,wk inc flu hosp,2026-01-10,quantile,0.99,6178
2025-12-27,48,3,wk inc flu hosp,2026-01-17,quantile,0.01,749
2025-12-27,48,3,wk inc flu hosp,2026-01-17,quantile,0.025,820
2025-12-27,48,3,wk inc flu hosp,2026-01-17,quantile,0.05,977
2025-12-27,48,3,wk inc flu hosp,2026-01-17,quantile,0.1,1240
2025-12-27,48,3,wk inc flu hosp,2026-01-17,quantile,0.15,1391
2025-12-27,48,3,wk inc flu hosp,2026-01-17,quantile,0.2,1543
2025-12-27,48,3,wk inc flu hosp,2026-01-17,quantile,0.25,1717
2025-12-27,48,3,wk inc flu hosp,2026-01-17,quantile,0.3,1865
2025-12-27,48,3,wk inc flu hosp,2026-01-17,quantile,0.35,1981
2025-12-27,48,3,wk inc flu hosp,2026-01-17,quantile,0.4,2163
2025-12-27,48,3,wk inc flu hosp,2026-01-17,quantile,0.45,2309
2025-12-27,48,3,wk inc flu hosp,2026-01-17,quantile,0.5,2457
2025-12-27,48,3,wk inc flu hosp,2026-01-17,quantile,0.55,2618
2025-12-27,48,3,wk inc flu hosp,2026-01-17,quantile,0.6,2766
2025-12-27,48,3,wk inc flu hosp,2026-01-17,quantile,0.65,2865
2025-12-27,48,3,wk inc flu hosp,2026-01-17,quantile,0.7,3039
2025-12-27,48,3,wk inc flu hosp,2026-01-17,quantile,0.75,3317
2025-12-27,48,3,wk inc flu hosp,2026-01-17,quantile,0.8,3371
2025-12-27,48,3,wk inc flu hosp,2026-01-17,quantile,0.85,3568
2025-12-27,48,3,wk inc flu hosp,2026-01-17,quantile,0.9,4020
2025-12-27,48,3,wk inc flu hosp,2026-01-17,quantile,0.95,4569
2025-12-27,48,3,wk inc flu hosp,2026-01-17,quantile,0.975,5026
2025-12-27,48,3,wk inc flu hosp,2026-01-17,quantile,0.99,6412
2025-12-27,49,0,wk inc flu hosp,2025-12-27,quantile,0.01,89
2025-12-27,49,0,wk inc flu hosp,2025-12-27,quantile,0.025,97
2025-12-27,49,0,wk inc flu hosp,2025-12-27,quantile,0.05,113
2025-12-27,49,0,wk inc flu hosp,2025-12-27,quantile,0.1,124
2025-12-27,49,0,wk inc flu hosp,2025-12-27,quantile,0.15,135
2025-12-27,49,0,wk inc flu hosp,2025-12-27,quantile,0.2,140
2025-12-27,49,0,wk inc flu hosp,2025-12-27,quantile,0.25,145
2025-12-27,49,0,wk inc flu hosp,2025-12-27,quantile,0.3,154
2025-12-27,49,0,wk inc flu hosp,2025-12-27,quantile,0.35,162
2025-12-27,49,0,wk inc flu hosp,2025-12-27,quantile,0.4,167
2025-12-27,49,0,wk inc flu hosp,2025-12-27,quantile,0.45,172
2025-12-27,49,0,wk inc flu hosp,2025-12-27,quantile,0.5,184
2025-12-27,49,0,wk inc flu hosp,2025-12-27,quantile,0.55,192
2025-12-27,49,0,wk inc flu hosp,2025-12-27,quantile,0.6,198
2025-12-27,49,0,wk inc flu hosp,2025-12-27,quantile,0.65,201
2025-12-27,49,0,wk inc flu hosp,2025-12-27,quantile,0.7,213
2025-12-27,49,0,wk inc flu hosp,2025-12-27,quantile,0.75,218
2025-12-27,49,0,wk inc flu hosp,2025-12-27,quantile,0.8,222
2025-12-27,49,0,wk inc flu hosp,2025-12-27,quantile,0.85,228
2025-12-27,49,0,wk inc flu hosp,2025-12-27,quantile,0.9,235
2025-12-27,49,0,wk inc flu hosp,2025-12-27,quantile,0.95,251
2025-12-27,49,0,wk inc flu hosp,2025-12-27,quantile,0.975,272
2025-12-27,49,0,wk inc flu hosp,2025-12-27,quantile,0.99,296
2025-12-27,49,1,wk inc flu hosp,2026-01-03,quantile,0.01,83
2025-12-27,49,1,wk inc flu hosp,2026-01-03,quantile,0.025,95
2025-12-27,49,1,wk inc flu hosp,2026-01-03,quantile,0.05,110
2025-12-27,49,1,wk inc flu hosp,2026-01-03,quantile,0.1,125
2025-12-27,49,1,wk inc flu hosp,2026-01-03,quantile,0.15,140
2025-12-27,49,1,wk inc flu hosp,2026-01-03,quantile,0.2,151
2025-12-27,49,1,wk inc flu hosp,2026-01-03,quantile,0.25,162
2025-12-27,49,1,wk inc flu hosp,2026-01-03,quantile,0.3,171
2025-12-27,49,1,wk inc flu hosp,2026-01-03,quantile,0.35,181
2025-12-27,49,1,wk inc flu hosp,2026-01-03,quantile,0.4,185
2025-12-27,49,1,wk inc flu hosp,2026-01-03,quantile,0.45,188
2025-12-27,49,1,wk inc flu hosp,2026-01-03,quantile,0.5,201
2025-12-27,49,1,wk inc flu hosp,2026-01-03,quantile,0.55,209
2025-12-27,49,1,wk inc flu hosp,2026-01-03,quantile,0.6,214
2025-12-27,49,1,wk inc flu hosp,2026-01-03,quantile,0.65,229
2025-12-27,49,1,wk inc flu hosp,2026-01-03,quantile,0.7,253
2025-12-27,49,1,wk inc flu hosp,2026-01-03,quantile,0.75,257
2025-12-27,49,1,wk inc flu hosp,2026-01-03,quantile,0.8,266
2025-12-27,49,1,wk inc flu hosp,2026-01-03,quantile,0.85,291
2025-12-27,49,1,wk inc flu hosp,2026-01-03,quantile,0.9,312
2025-12-27,49,1,wk inc flu hosp,2026-01-03,quantile,0.95,355
2025-12-27,49,1,wk inc flu hosp,2026-01-03,quantile,0.975,395
2025-12-27,49,1,wk inc flu hosp,2026-01-03,quantile,0.99,437
2025-12-27,49,2,wk inc flu hosp,2026-01-10,quantile,0.01,72
2025-12-27,49,2,wk inc flu hosp,2026-01-10,quantile,0.025,84
2025-12-27,49,2,wk inc flu hosp,2026-01-10,quantile,0.05,101
2025-12-27,49,2,wk inc flu hosp,2026-01-10,quantile,0.1,119
2025-12-27,49,2,wk inc flu hosp,2026-01-10,quantile,0.15,128
2025-12-27,49,2,wk inc flu hosp,2026-01-10,quantile,0.2,141
2025-12-27,49,2,wk inc flu hosp,2026-01-10,quantile,0.25,156
2025-12-27,49,2,wk inc flu hosp,2026-01-10,quantile,0.3,165
2025-12-27,49,2,wk inc flu hosp,2026-01-10,quantile,0.35,174
2025-12-27,49,2,wk inc flu hosp,2026-01-10,quantile,0.4,181
2025-12-27,49,2,wk inc flu hosp,2026-01-10,quantile,0.45,190
2025-12-27,49,2,wk inc flu hosp,2026-01-10,quantile,0.5,201
2025-12-27,49,2,wk inc flu hosp,2026-01-10,quantile,0.55,210
2025-12-27,49,2,wk inc flu hosp,2026-01-10,quantile,0.6,220
2025-12-27,49,2,wk inc flu hosp,2026-01-10,quantile,0.65,238
2025-12-27,49,2,wk inc flu hosp,2026-01-10,quantile,0.7,252
2025-12-27,49,2,wk inc flu hosp,2026-01-10,quantile,0.75,264
2025-12-27,49,2,wk inc flu hosp,2026-01-10,quantile,0.8,287
2025-12-27,49,2,wk inc flu hosp,2026-01-10,quantile,0.85,326
2025-12-27,49,2,wk inc flu hosp,2026-01-10,quantile,0.9,342
2025-12-27,49,2,wk inc flu hosp,2026-01-10,quantile,0.95,384
2025-12-27,49,2,wk inc flu hosp,2026-01-10,quantile,0.975,414
2025-12-27,49,2,wk inc flu hosp,2026-01-10,quantile,0.99,489
2025-12-27,49,3,wk inc flu hosp,2026-01-17,quantile,0.01,54
2025-12-27,49,3,wk inc flu hosp,2026-01-17,quantile,0.025,68
2025-12-27,49,3,wk inc flu hosp,2026-01-17,quantile,0.05,87
2025-12-27,49,3,wk inc flu hosp,2026-01-17,quantile,0.1,104
2025-12-27,49,3,wk inc flu hosp,2026-01-17,quantile,0.15,118
2025-12-27,49,3,wk inc flu hosp,2026-01-17,quantile,0.2,136
2025-12-27,49,3,wk inc flu hosp,2026-01-17,quantile,0.25,149
2025-12-27,49,3,wk inc flu hosp,2026-01-17,quantile,0.3,158
2025-12-27,49,3,wk inc flu hosp,2026-01-17,quantile,0.35,166
2025-12-27,49,3,wk inc flu hosp,2026-01-17,quantile,0.4,174
2025-12-27,49,3,wk inc flu hosp,2026-01-17,quantile,0.45,183
2025-12-27,49,3,wk inc flu hosp,2026-01-17,quantile,0.5,196
2025-12-27,49,3,wk inc flu hosp,2026-01-17,quantile,0.55,209
2025-12-27,49,3,wk inc flu hosp,2026-01-17,quantile,0.6,212
2025-12-27,49,3,wk inc flu hosp,2026-01-17,quantile,0.65,228
2025-12-27,49,3,wk inc flu hosp,2026-01-17,quantile,0.7,247
2025-12-27,49,3,wk inc flu hosp,2026-01-17,quantile,0.75,271
2025-12-27,49,3,wk inc flu hosp,2026-01-17,quantile,0.8,295
2025-12-27,49,3,wk inc flu hosp,2026-01-17,quantile,0.85,323
2025-12-27,49,3,wk inc flu hosp,2026-01-17,quantile,0.9,354
2025-12-27,49,3,wk inc flu hosp,2026-01-17,quantile,0.95,405
2025-12-27,49,3,wk inc flu hosp,2026-01-17,quantile,0.975,505
2025-12-27,49,3,wk inc flu hosp,2026-01-17,quantile,0.99,559
2025-12-27,50,0,wk inc flu hosp,2025-12-27,quantile,0.01,3
2025-12-27,50,0,wk inc flu hosp,2025-12-27,quantile,0.025,4
2025-12-27,50,0,wk inc flu hosp,2025-12-27,quantile,0.05,5
2025-12-27,50,0,wk inc flu hosp,2025-12-27,quantile,0.1,7
2025-12-27,50,0,wk inc flu hosp,2025-12-27,quantile,0.15,8
2025-12-27,50,0,wk inc flu hosp,2025-12-27,quantile,0.2,9
2025-12-27,50,0,wk inc flu hosp,2025-12-27,quantile,0.25,10
2025-12-27,50,0,wk inc flu hosp,2025-12-27,quantile,0.3,11
2025-12-27,50,0,wk inc flu hosp,2025-12-27,quantile,0.35,11
2025-12-27,50,0,wk inc flu hosp,2025-12-27,quantile,0.4,12
2025-12-27,50,0,wk inc flu hosp,2025-12-27,quantile,0.45,13
2025-12-27,50,0,wk inc flu hosp,2025-12-27,quantile,0.5,14
2025-12-27,50,0,wk inc flu hosp,2025-12-27,quantile,0.55,14
2025-12-27,50,0,wk inc flu hosp,2025-12-27,quantile,0.6,15
2025-12-27,50,0,wk inc flu hosp,2025-12-27,quantile,0.65,17
2025-12-27,50,0,wk inc flu hosp,2025-12-27,quantile,0.7,18
2025-12-27,50,0,wk inc flu hosp,2025-12-27,quantile,0.75,18
2025-12-27,50,0,wk inc flu hosp,2025-12-27,quantile,0.8,20
2025-12-27,50,0,wk inc flu hosp,2025-12-27,quantile,0.85,22
2025-12-27,50,0,wk inc flu hosp,2025-12-27,quantile,0.9,24
2025-12-27,50,0,wk inc flu hosp,2025-12-27,quantile,0.95,28
2025-12-27,50,0,wk inc flu hosp,2025-12-27,quantile,0.975,33
2025-12-27,50,0,wk inc flu hosp,2025-12-27,quantile,0.99,39
2025-12-27,50,1,wk inc flu hosp,2026-01-03,quantile,0.01,3
2025-12-27,50,1,wk inc flu hosp,2026-01-03,quantile,0.025,4
2025-12-27,50,1,wk inc flu hosp,2026-01-03,quantile,0.05,6
2025-12-27,50,1,wk inc flu hosp,2026-01-03,quantile,0.1,7
2025-12-27,50,1,wk inc flu hosp,2026-01-03,quantile,0.15,8
2025-12-27,50,1,wk inc flu hosp,2026-01-03,quantile,0.2,10
2025-12-27,50,1,wk inc flu hosp,2026-01-03,quantile,0.25,11
2025-12-27,50,1,wk inc flu hosp,2026-01-03,quantile,0.3,12
2025-12-27,50,1,wk inc flu hosp,2026-01-03,quantile,0.35,13
2025-12-27,50,1,wk inc flu hosp,2026-01-03,quantile,0.4,15
2025-12-27,50,1,wk inc flu hosp,2026-01-03,quantile,0.45,16
2025-12-27,50,1,wk inc flu hosp,2026-01-03,quantile,0.5,18
2025-12-27,50,1,wk inc flu hosp,2026-01-03,quantile,0.55,19
2025-12-27,50,1,wk inc flu hosp,2026-01-03,quantile,0.6,19
2025-12-27,50,1,wk inc flu hosp,2026-01-03,quantile,0.65,20
2025-12-27,50,1,wk inc flu hosp,2026-01-03,quantile,0.7,22
2025-12-27,50,1,wk inc flu hosp,2026-01-03,quantile,0.75,24
2025-12-27,50,1,wk inc flu hosp,2026-01-03,quantile,0.8,26
2025-12-27,50,1,wk inc flu hosp,2026-01-03,quantile,0.85,29
2025-12-27,50,1,wk inc flu hosp,2026-01-03,quantile,0.9,34
2025-12-27,50,1,wk inc flu hosp,2026-01-03,quantile,0.95,40
2025-12-27,50,1,wk inc flu hosp,2026-01-03,quantile,0.975,47
2025-12-27,50,1,wk inc flu hosp,2026-01-03,quantile,0.99,54
2025-12-27,50,2,wk inc flu hosp,2026-01-10,quantile,0.01,2
2025-12-27,50,2,wk inc flu hosp,2026-01-10,quantile,0.025,4
2025-12-27,50,2,wk inc flu hosp,2026-01-10,quantile,0.05,5
2025-12-27,50,2,wk inc flu hosp,2026-01-10,quantile,0.1,7
2025-12-27,50,2,wk inc flu hosp,2026-01-10,quantile,0.15,7
2025-12-27,50,2,wk inc flu hosp,2026-01-10,quantile,0.2,9
2025-12-27,50,2,wk inc flu hosp,2026-01-10,quantile,0.25,11
2025-12-27,50,2,wk inc flu hosp,2026-01-10,quantile,0.3,12
2025-12-27,50,2,wk inc flu hosp,2026-01-10,quantile,0.35,13
2025-12-27,50,2,wk inc flu hosp,2026-01-10,quantile,0.4,15
2025-12-27,50,2,wk inc flu hosp,2026-01-10,quantile,0.45,16
2025-12-27,50,2,wk inc flu hosp,2026-01-10,quantile,0.5,18
2025-12-27,50,2,wk inc flu hosp,2026-01-10,quantile,0.55,20
2025-12-27,50,2,wk inc flu hosp,2026-01-10,quantile,0.6,21
2025-12-27,50,2,wk inc flu hosp,2026-01-10,quantile,0.65,23
2025-12-27,50,2,wk inc flu hosp,2026-01-10,quantile,0.7,26
2025-12-27,50,2,wk inc flu hosp,2026-01-10,quantile,0.75,28
2025-12-27,50,2,wk inc flu hosp,2026-01-10,quantile,0.8,31
2025-12-27,50,2,wk inc flu hosp,2026-01-10,quantile,0.85,35
2025-12-27,50,2,wk inc flu hosp,2026-01-10,quantile,0.9,41
2025-12-27,50,2,wk inc flu hosp,2026-01-10,quantile,0.95,50
2025-12-27,50,2,wk inc flu hosp,2026-01-10,quantile,0.975,57
2025-12-27,50,2,wk inc flu hosp,2026-01-10,quantile,0.99,68
2025-12-27,50,3,wk inc flu hosp,2026-01-17,quantile,0.01,2
2025-12-27,50,3,wk inc flu hosp,2026-01-17,quantile,0.025,4
2025-12-27,50,3,wk inc flu hosp,2026-01-17,quantile,0.05,5
2025-12-27,50,3,wk inc flu hosp,2026-01-17,quantile,0.1,7
2025-12-27,50,3,wk inc flu hosp,2026-01-17,quantile,0.15,9
2025-12-27,50,3,wk inc flu hosp,2026-01-17,quantile,0.2,10
2025-12-27,50,3,wk inc flu hosp,2026-01-17,quantile,0.25,11
2025-12-27,50,3,wk inc flu hosp,2026-01-17,quantile,0.3,13
2025-12-27,50,3,wk inc flu hosp,2026-01-17,quantile,0.35,14
2025-12-27,50,3,wk inc flu hosp,2026-01-17,quantile,0.4,15
2025-12-27,50,3,wk inc flu hosp,2026-01-17,quantile,0.45,17
2025-12-27,50,3,wk inc flu hosp,2026-01-17,quantile,0.5,19
2025-12-27,50,3,wk inc flu hosp,2026-01-17,quantile,0.55,20
2025-12-27,50,3,wk inc flu hosp,2026-01-17,quantile,0.6,22
2025-12-27,50,3,wk inc flu hosp,2026-01-17,quantile,0.65,25
2025-12-27,50,3,wk inc flu hosp,2026-01-17,quantile,0.7,28
2025-12-27,50,3,wk inc flu hosp,2026-01-17,quantile,0.75,30
2025-12-27,50,3,wk inc flu hosp,2026-01-17,quantile,0.8,35
2025-12-27,50,3,wk inc flu hosp,2026-01-17,quantile,0.85,40
2025-12-27,50,3,wk inc flu hosp,2026-01-17,quantile,0.9,49
2025-12-27,50,3,wk inc flu hosp,2026-01-17,quantile,0.95,61
2025-12-27,50,3,wk inc flu hosp,2026-01-17,quantile,0.975,67
2025-12-27,50,3,wk inc flu hosp,2026-01-17,quantile,0.99,81
2025-12-27,51,0,wk inc flu hosp,2025-12-27,quantile,0.01,261
2025-12-27,51,0,wk inc flu hosp,2025-12-27,quantile,0.025,282
2025-12-27,51,0,wk inc flu hosp,2025-12-27,quantile,0.05,318
2025-12-27,51,0,wk inc flu hosp,2025-12-27,quantile,0.1,336
2025-12-27,51,0,wk inc flu hosp,2025-12-27,quantile,0.15,358
2025-12-27,51,0,wk inc flu hosp,2025-12-27,quantile,0.2,378
2025-12-27,51,0,wk inc flu hosp,2025-12-27,quantile,0.25,403
2025-12-27,51,0,wk inc flu hosp,2025-12-27,quantile,0.3,420
2025-12-27,51,0,wk inc flu hosp,2025-12-27,quantile,0.35,438
2025-12-27,51,0,wk inc flu hosp,2025-12-27,quantile,0.4,454
2025-12-27,51,0,wk inc flu hosp,2025-12-27,quantile,0.45,468
2025-12-27,51,0,wk inc flu hosp,2025-12-27,quantile,0.5,484
2025-12-27,51,0,wk inc flu hosp,2025-12-27,quantile,0.55,506
2025-12-27,51,0,wk inc flu hosp,2025-12-27,quantile,0.6,527
2025-12-27,51,0,wk inc flu hosp,2025-12-27,quantile,0.65,537
2025-12-27,51,0,wk inc flu hosp,2025-12-27,quantile,0.7,551
2025-12-27,51,0,wk inc flu hosp,2025-12-27,quantile,0.75,570
2025-12-27,51,0,wk inc flu hosp,2025-12-27,quantile,0.8,582
2025-12-27,51,0,wk inc flu hosp,2025-12-27,quantile,0.85,615
2025-12-27,51,0,wk inc flu hosp,2025-12-27,quantile,0.9,640
2025-12-27,51,0,wk inc flu hosp,2025-12-27,quantile,0.95,669
2025-12-27,51,0,wk inc flu hosp,2025-12-27,quantile,0.975,709
2025-12-27,51,0,wk inc flu hosp,2025-12-27,quantile,0.99,817
2025-12-27,51,1,wk inc flu hosp,2026-01-03,quantile,0.01,220
2025-12-27,51,1,wk inc flu hosp,2026-01-03,quantile,0.025,260
2025-12-27,51,1,wk inc flu hosp,2026-01-03,quantile,0.05,293
2025-12-27,51,1,wk inc flu hosp,2026-01-03,quantile,0.1,346
2025-12-27,51,1,wk inc flu hosp,2026-01-03,quantile,0.15,369
2025-12-27,51,1,wk inc flu hosp,2026-01-03,quantile,0.2,382
2025-12-27,51,1,wk inc flu hosp,2026-01-03,quantile,0.25,413
2025-12-27,51,1,wk inc flu hosp,2026-01-03,quantile,0.3,446
2025-12-27,51,1,wk inc flu hosp,2026-01-03,quantile,0.35,472
2025-12-27,51,1,wk inc flu hosp,2026-01-03,quantile,0.4,492
2025-12-27,51,1,wk inc flu hosp,2026-01-03,quantile,0.45,514
2025-12-27,51,1,wk inc flu hosp,2026-01-03,quantile,0.5,535
2025-12-27,51,1,wk inc flu hosp,2026-01-03,quantile,0.55,563
2025-12-27,51,1,wk inc flu hosp,2026-01-03,quantile,0.6,598
2025-12-27,51,1,wk inc flu hosp,2026-01-03,quantile,0.65,626
2025-12-27,51,1,wk inc flu hosp,2026-01-03,quantile,0.7,642
2025-12-27,51,1,wk inc flu hosp,2026-01-03,quantile,0.75,674
2025-12-27,51,1,wk inc flu hosp,2026-01-03,quantile,0.8,697
2025-12-27,51,1,wk inc flu hosp,2026-01-03,quantile,0.85,730
2025-12-27,51,1,wk inc flu hosp,2026-01-03,quantile,0.9,787
2025-12-27,51,1,wk inc flu hosp,2026-01-03,quantile,0.95,909
2025-12-27,51,1,wk inc flu hosp,2026-01-03,quantile,0.975,1001
2025-12-27,51,1,wk inc flu hosp,2026-01-03,quantile,0.99,1088
2025-12-27,51,2,wk inc flu hosp,2026-01-10,quantile,0.01,187
2025-12-27,51,2,wk inc flu hosp,2026-01-10,quantile,0.025,240
2025-12-27,51,2,wk inc flu hosp,2026-01-10,quantile,0.05,278
2025-12-27,51,2,wk inc flu hosp,2026-01-10,quantile,0.1,326
2025-12-27,51,2,wk inc flu hosp,2026-01-10,quantile,0.15,359
2025-12-27,51,2,wk inc flu hosp,2026-01-10,quantile,0.2,399
2025-12-27,51,2,wk inc flu hosp,2026-01-10,quantile,0.25,432
2025-12-27,51,2,wk inc flu hosp,2026-01-10,quantile,0.3,467
2025-12-27,51,2,wk inc flu hosp,2026-01-10,quantile,0.35,489
2025-12-27,51,2,wk inc flu hosp,2026-01-10,quantile,0.4,510
2025-12-27,51,2,wk inc flu hosp,2026-01-10,quantile,0.45,539
2025-12-27,51,2,wk inc flu hosp,2026-01-10,quantile,0.5,571
2025-12-27,51,2,wk inc flu hosp,2026-01-10,quantile,0.55,615
2025-12-27,51,2,wk inc flu hosp,2026-01-10,quantile,0.6,628
2025-12-27,51,2,wk inc flu hosp,2026-01-10,quantile,0.65,650
2025-12-27,51,2,wk inc flu hosp,2026-01-10,quantile,0.7,666
2025-12-27,51,2,wk inc flu hosp,2026-01-10,quantile,0.75,702
2025-12-27,51,2,wk inc flu hosp,2026-01-10,quantile,0.8,751
2025-12-27,51,2,wk inc flu hosp,2026-01-10,quantile,0.85,791
2025-12-27,51,2,wk inc flu hosp,2026-01-10,quantile,0.9,877
2025-12-27,51,2,wk inc flu hosp,2026-01-10,quantile,0.95,1016
2025-12-27,51,2,wk inc flu hosp,2026-01-10,quantile,0.975,1167
2025-12-27,51,2,wk inc flu hosp,2026-01-10,quantile,0.99,1303
2025-12-27,51,3,wk inc flu hosp,2026-01-17,quantile,0.01,157
2025-12-27,51,3,wk inc flu hosp,2026-01-17,quantile,0.025,214
2025-12-27,51,3,wk inc flu hosp,2026-01-17,quantile,0.05,250
2025-12-27,51,3,wk inc flu hosp,2026-01-17,quantile,0.1,307
2025-12-27,51,3,wk inc flu hosp,2026-01-17,quantile,0.15,348
2025-12-27,51,3,wk inc flu hosp,2026-01-17,quantile,0.2,385
2025-12-27,51,3,wk inc flu hosp,2026-01-17,quantile,0.25,418
2025-12-27,51,3,wk inc flu hosp,2026-01-17,quantile,0.3,457
2025-12-27,51,3,wk inc flu hosp,2026-01-17,quantile,0.35,500
2025-12-27,51,3,wk inc flu hosp,2026-01-17,quantile,0.4,529
2025-12-27,51,3,wk inc flu hosp,2026-01-17,quantile,0.45,552
2025-12-27,51,3,wk inc flu hosp,2026-01-17,quantile,0.5,587
2025-12-27,51,3,wk inc flu hosp,2026-01-17,quantile,0.55,622
2025-12-27,51,3,wk inc flu hosp,2026-01-17,quantile,0.6,653
2025-12-27,51,3,wk inc flu hosp,2026-01-17,quantile,0.65,692
2025-12-27,51,3,wk inc flu hosp,2026-01-17,quantile,0.7,724
2025-12-27,51,3,wk inc flu hosp,2026-01-17,quantile,0.75,755
2025-12-27,51,3,wk inc flu hosp,2026-01-17,quantile,0.8,802
2025-12-27,51,3,wk inc flu hosp,2026-01-17,quantile,0.85,850
2025-12-27,51,3,wk inc flu hosp,2026-01-17,quantile,0.9,936
2025-12-27,51,3,wk inc flu hosp,2026-01-17,quantile,0.95,1097
2025-12-27,51,3,wk inc flu hosp,2026-01-17,quantile,0.975,1233
2025-12-27,51,3,wk inc flu hosp,2026-01-17,quantile,0.99,1455
2025-12-27,53,0,wk inc flu hosp,2025-12-27,quantile,0.01,68
2025-12-27,53,0,wk inc flu hosp,2025-12-27,quantile,0.025,78
2025-12-27,53,0,wk inc flu hosp,2025-12-27,quantile,0.05,88
2025-12-27,53,0,wk inc flu hosp,2025-12-27,quantile,0.1,99
2025-12-27,53,0,wk inc flu hosp,2025-12-27,quantile,0.15,107
2025-12-27,53,0,wk inc flu hosp,2025-12-27,quantile,0.2,114
2025-12-27,53,0,wk inc flu hosp,2025-12-27,quantile,0.25,124
2025-12-27,53,0,wk inc flu hosp,2025-12-27,quantile,0.3,130
2025-12-27,53,0,wk inc flu hosp,2025-12-27,quantile,0.35,135
2025-12-27,53,0,wk inc flu hosp,2025-12-27,quantile,0.4,141
2025-12-27,53,0,wk inc flu hosp,2025-12-27,quantile,0.45,145
2025-12-27,53,0,wk inc flu hosp,2025-12-27,quantile,0.5,149
2025-12-27,53,0,wk inc flu hosp,2025-12-27,quantile,0.55,155
2025-12-27,53,0,wk inc flu hosp,2025-12-27,quantile,0.6,159
2025-12-27,53,0,wk inc flu hosp,2025-12-27,quantile,0.65,165
2025-12-27,53,0,wk inc flu hosp,2025-12-27,quantile,0.7,169
2025-12-27,53,0,wk inc flu hosp,2025-12-27,quantile,0.75,176
2025-12-27,53,0,wk inc flu hosp,2025-12-27,quantile,0.8,184
2025-12-27,53,0,wk inc flu hosp,2025-12-27,quantile,0.85,194
2025-12-27,53,0,wk inc flu hosp,2025-12-27,quantile,0.9,212
2025-12-27,53,0,wk inc flu hosp,2025-12-27,quantile,0.95,240
2025-12-27,53,0,wk inc flu hosp,2025-12-27,quantile,0.975,266
2025-12-27,53,0,wk inc flu hosp,2025-12-27,quantile,0.99,301
2025-12-27,53,1,wk inc flu hosp,2026-01-03,quantile,0.01,67
2025-12-27,53,1,wk inc flu hosp,2026-01-03,quantile,0.025,82
2025-12-27,53,1,wk inc flu hosp,2026-01-03,quantile,0.05,93
2025-12-27,53,1,wk inc flu hosp,2026-01-03,quantile,0.1,106
2025-12-27,53,1,wk inc flu hosp,2026-01-03,quantile,0.15,114
2025-12-27,53,1,wk inc flu hosp,2026-01-03,quantile,0.2,129
2025-12-27,53,1,wk inc flu hosp,2026-01-03,quantile,0.25,136
2025-12-27,53,1,wk inc flu hosp,2026-01-03,quantile,0.3,146
2025-12-27,53,1,wk inc flu hosp,2026-01-03,quantile,0.35,154
2025-12-27,53,1,wk inc flu hosp,2026-01-03,quantile,0.4,164
2025-12-27,53,1,wk inc flu hosp,2026-01-03,quantile,0.45,174
2025-12-27,53,1,wk inc flu hosp,2026-01-03,quantile,0.5,182
2025-12-27,53,1,wk inc flu hosp,2026-01-03,quantile,0.55,187
2025-12-27,53,1,wk inc flu hosp,2026-01-03,quantile,0.6,194
2025-12-27,53,1,wk inc flu hosp,2026-01-03,quantile,0.65,204
2025-12-27,53,1,wk inc flu hosp,2026-01-03,quantile,0.7,211
2025-12-27,53,1,wk inc flu hosp,2026-01-03,quantile,0.75,225
2025-12-27,53,1,wk inc flu hosp,2026-01-03,quantile,0.8,242
2025-12-27,53,1,wk inc flu hosp,2026-01-03,quantile,0.85,262
2025-12-27,53,1,wk inc flu hosp,2026-01-03,quantile,0.9,298
2025-12-27,53,1,wk inc flu hosp,2026-01-03,quantile,0.95,343
2025-12-27,53,1,wk inc flu hosp,2026-01-03,quantile,0.975,382
2025-12-27,53,1,wk inc flu hosp,2026-01-03,quantile,0.99,484
2025-12-27,53,2,wk inc flu hosp,2026-01-10,quantile,0.01,61
2025-12-27,53,2,wk inc flu hosp,2026-01-10,quantile,0.025,71
2025-12-27,53,2,wk inc flu hosp,2026-01-10,quantile,0.05,78
2025-12-27,53,2,wk inc flu hosp,2026-01-10,quantile,0.1,90
2025-12-27,53,2,wk inc flu hosp,2026-01-10,quantile,0.15,99
2025-12-27,53,2,wk inc flu hosp,2026-01-10,quantile,0.2,124
2025-12-27,53,2,wk inc flu hosp,2026-01-10,quantile,0.25,136
2025-12-27,53,2,wk inc flu hosp,2026-01-10,quantile,0.3,145
2025-12-27,53,2,wk inc flu hosp,2026-01-10,quantile,0.35,157
2025-12-27,53,2,wk inc flu hosp,2026-01-10,quantile,0.4,163
2025-12-27,53,2,wk inc flu hosp,2026-01-10,quantile,0.45,173
2025-12-27,53,2,wk inc flu hosp,2026-01-10,quantile,0.5,186
2025-12-27,53,2,wk inc flu hosp,2026-01-10,quantile,0.55,198
2025-12-27,53,2,wk inc flu hosp,2026-01-10,quantile,0.6,211
2025-12-27,53,2,wk inc flu hosp,2026-01-10,quantile,0.65,227
2025-12-27,53,2,wk inc flu hosp,2026-01-10,quantile,0.7,247
2025-12-27,53,2,wk inc flu hosp,2026-01-10,quantile,0.75,272
2025-12-27,53,2,wk inc flu hosp,2026-01-10,quantile,0.8,293
2025-12-27,53,2,wk inc flu hosp,2026-01-10,quantile,0.85,321
2025-12-27,53,2,wk inc flu hosp,2026-01-10,quantile,0.9,364
2025-12-27,53,2,wk inc flu hosp,2026-01-10,quantile,0.95,435
2025-12-27,53,2,wk inc flu hosp,2026-01-10,quantile,0.975,505
2025-12-27,53,2,wk inc flu hosp,2026-01-10,quantile,0.99,621
2025-12-27,53,3,wk inc flu hosp,2026-01-17,quantile,0.01,43
2025-12-27,53,3,wk inc flu hosp,2026-01-17,quantile,0.025,51
2025-12-27,53,3,wk inc flu hosp,2026-01-17,quantile,0.05,60
2025-12-27,53,3,wk inc flu hosp,2026-01-17,quantile,0.1,83
2025-12-27,53,3,wk inc flu hosp,2026-01-17,quantile,0.15,97
2025-12-27,53,3,wk inc flu hosp,2026-01-17,quantile,0.2,116
2025-12-27,53,3,wk inc flu hosp,2026-01-17,quantile,0.25,129
2025-12-27,53,3,wk inc flu hosp,2026-01-17,quantile,0.3,144
2025-12-27,53,3,wk inc flu hosp,2026-01-17,quantile,0.35,154
2025-12-27,53,3,wk inc flu hosp,2026-01-17,quantile,0.4,163
2025-12-27,53,3,wk inc flu hosp,2026-01-17,quantile,0.45,177
2025-12-27,53,3,wk inc flu hosp,2026-01-17,quantile,0.5,196
2025-12-27,53,3,wk inc flu hosp,2026-01-17,quantile,0.55,214
2025-12-27,53,3,wk inc flu hosp,2026-01-17,quantile,0.6,234
2025-12-27,53,3,wk inc flu hosp,2026-01-17,quantile,0.65,253
2025-12-27,53,3,wk inc flu hosp,2026-01-17,quantile,0.7,275
2025-12-27,53,3,wk inc flu hosp,2026-01-17,quantile,0.75,305
2025-12-27,53,3,wk inc flu hosp,2026-01-17,quantile,0.8,350
2025-12-27,53,3,wk inc flu hosp,2026-01-17,quantile,0.85,396
2025-12-27,53,3,wk inc flu hosp,2026-01-17,quantile,0.9,455
2025-12-27,53,3,wk inc flu hosp,2026-01-17,quantile,0.95,523
2025-12-27,53,3,wk inc flu hosp,2026-01-17,quantile,0.975,619
2025-12-27,53,3,wk inc flu hosp,2026-01-17,quantile,0.99,726
2025-12-27,54,0,wk inc flu hosp,2025-12-27,quantile,0.01,32
2025-12-27,54,0,wk inc flu hosp,2025-12-27,quantile,0.025,44
2025-12-27,54,0,wk inc flu hosp,2025-12-27,quantile,0.05,49
2025-12-27,54,0,wk inc flu hosp,2025-12-27,quantile,0.1,57
2025-12-27,54,0,wk inc flu hosp,2025-12-27,quantile,0.15,63
2025-12-27,54,0,wk inc flu hosp,2025-12-27,quantile,0.2,68
2025-12-27,54,0,wk inc flu hosp,2025-12-27,quantile,0.25,73
2025-12-27,54,0,wk inc flu hosp,2025-12-27,quantile,0.3,80
2025-12-27,54,0,wk inc flu hosp,2025-12-27,quantile,0.35,82
2025-12-27,54,0,wk inc flu hosp,2025-12-27,quantile,0.4,84
2025-12-27,54,0,wk inc flu hosp,2025-12-27,quantile,0.45,90
2025-12-27,54,0,wk inc flu hosp,2025-12-27,quantile,0.5,95
2025-12-27,54,0,wk inc flu hosp,2025-12-27,quantile,0.55,100
2025-12-27,54,0,wk inc flu hosp,2025-12-27,quantile,0.6,103
2025-12-27,54,0,wk inc flu hosp,2025-12-27,quantile,0.65,107
2025-12-27,54,0,wk inc flu hosp,2025-12-27,quantile,0.7,112
2025-12-27,54,0,wk inc flu hosp,2025-12-27,quantile,0.75,119
2025-12-27,54,0,wk inc flu hosp,2025-12-27,quantile,0.8,123
2025-12-27,54,0,wk inc flu hosp,2025-12-27,quantile,0.85,131
2025-12-27,54,0,wk inc flu hosp,2025-12-27,quantile,0.9,138
2025-12-27,54,0,wk inc flu hosp,2025-12-27,quantile,0.95,166
2025-12-27,54,0,wk inc flu hosp,2025-12-27,quantile,0.975,184
2025-12-27,54,0,wk inc flu hosp,2025-12-27,quantile,0.99,207
2025-12-27,54,1,wk inc flu hosp,2026-01-03,quantile,0.01,29
2025-12-27,54,1,wk inc flu hosp,2026-01-03,quantile,0.025,37
2025-12-27,54,1,wk inc flu hosp,2026-01-03,quantile,0.05,46
2025-12-27,54,1,wk inc flu hosp,2026-01-03,quantile,0.1,61
2025-12-27,54,1,wk inc flu hosp,2026-01-03,quantile,0.15,72
2025-12-27,54,1,wk inc flu hosp,2026-01-03,quantile,0.2,78
2025-12-27,54,1,wk inc flu hosp,2026-01-03,quantile,0.25,87
2025-12-27,54,1,wk inc flu hosp,2026-01-03,quantile,0.3,92
2025-12-27,54,1,wk inc flu hosp,2026-01-03,quantile,0.35,98
2025-12-27,54,1,wk inc flu hosp,2026-01-03,quantile,0.4,103
2025-12-27,54,1,wk inc flu hosp,2026-01-03,quantile,0.45,109
2025-12-27,54,1,wk inc flu hosp,2026-01-03,quantile,0.5,116
2025-12-27,54,1,wk inc flu hosp,2026-01-03,quantile,0.55,123
2025-12-27,54,1,wk inc flu hosp,2026-01-03,quantile,0.6,131
2025-12-27,54,1,wk inc flu hosp,2026-01-03,quantile,0.65,139
2025-12-27,54,1,wk inc flu hosp,2026-01-03,quantile,0.7,148
2025-12-27,54,1,wk inc flu hosp,2026-01-03,quantile,0.75,157
2025-12-27,54,1,wk inc flu hosp,2026-01-03,quantile,0.8,167
2025-12-27,54,1,wk inc flu hosp,2026-01-03,quantile,0.85,183
2025-12-27,54,1,wk inc flu hosp,2026-01-03,quantile,0.9,203
2025-12-27,54,1,wk inc flu hosp,2026-01-03,quantile,0.95,242
2025-12-27,54,1,wk inc flu hosp,2026-01-03,quantile,0.975,286
2025-12-27,54,1,wk inc flu hosp,2026-01-03,quantile,0.99,305
2025-12-27,54,2,wk inc flu hosp,2026-01-10,quantile,0.01,25
2025-12-27,54,2,wk inc flu hosp,2026-01-10,quantile,0.025,35
2025-12-27,54,2,wk inc flu hosp,2026-01-10,quantile,0.05,45
2025-12-27,54,2,wk inc flu hosp,2026-01-10,quantile,0.1,61
2025-12-27,54,2,wk inc flu hosp,2026-01-10,quantile,0.15,72
2025-12-27,54,2,wk inc flu hosp,2026-01-10,quantile,0.2,81
2025-12-27,54,2,wk inc flu hosp,2026-01-10,quantile,0.25,92
2025-12-27,54,2,wk inc flu hosp,2026-01-10,quantile,0.3,103
2025-12-27,54,2,wk inc flu hosp,2026-01-10,quantile,0.35,111
2025-12-27,54,2,wk inc flu hosp,2026-01-10,quantile,0.4,119
2025-12-27,54,2,wk inc flu hosp,2026-01-10,quantile,0.45,123
2025-12-27,54,2,wk inc flu hosp,2026-01-10,quantile,0.5,129
2025-12-27,54,2,wk inc flu hosp,2026-01-10,quantile,0.55,137
2025-12-27,54,2,wk inc flu hosp,2026-01-10,quantile,0.6,145
2025-12-27,54,2,wk inc flu hosp,2026-01-10,quantile,0.65,157
2025-12-27,54,2,wk inc flu hosp,2026-01-10,quantile,0.7,166
2025-12-27,54,2,wk inc flu hosp,2026-01-10,quantile,0.75,177
2025-12-27,54,2,wk inc flu hosp,2026-01-10,quantile,0.8,193
2025-12-27,54,2,wk inc flu hosp,2026-01-10,quantile,0.85,223
2025-12-27,54,2,wk inc flu hosp,2026-01-10,quantile,0.9,252
2025-12-27,54,2,wk inc flu hosp,2026-01-10,quantile,0.95,292
2025-12-27,54,2,wk inc flu hosp,2026-01-10,quantile,0.975,334
2025-12-27,54,2,wk inc flu hosp,2026-01-10,quantile,0.99,429
2025-12-27,54,3,wk inc flu hosp,2026-01-17,quantile,0.01,23
2025-12-27,54,3,wk inc flu hosp,2026-01-17,quantile,0.025,34
2025-12-27,54,3,wk inc flu hosp,2026-01-17,quantile,0.05,44
2025-12-27,54,3,wk inc flu hosp,2026-01-17,quantile,0.1,61
2025-12-27,54,3,wk inc flu hosp,2026-01-17,quantile,0.15,74
2025-12-27,54,3,wk inc flu hosp,2026-01-17,quantile,0.2,87
2025-12-27,54,3,wk inc flu hosp,2026-01-17,quantile,0.25,97
2025-12-27,54,3,wk inc flu hosp,2026-01-17,quantile,0.3,105
2025-12-27,54,3,wk inc flu hosp,2026-01-17,quantile,0.35,113
2025-12-27,54,3,wk inc flu hosp,2026-01-17,quantile,0.4,119
2025-12-27,54,3,wk inc flu hosp,2026-01-17,quantile,0.45,129
2025-12-27,54,3,wk inc flu hosp,2026-01-17,quantile,0.5,138
2025-12-27,54,3,wk inc flu hosp,2026-01-17,quantile,0.55,145
2025-12-27,54,3,wk inc flu hosp,2026-01-17,quantile,0.6,155
2025-12-27,54,3,wk inc flu hosp,2026-01-17,quantile,0.65,170
2025-12-27,54,3,wk inc flu hosp,2026-01-17,quantile,0.7,187
2025-12-27,54,3,wk inc flu hosp,2026-01-17,quantile,0.75,204
2025-12-27,54,3,wk inc flu hosp,2026-01-17,quantile,0.8,233
2025-12-27,54,3,wk inc flu hosp,2026-01-17,quantile,0.85,261
2025-12-27,54,3,wk inc flu hosp,2026-01-17,quantile,0.9,302
2025-12-27,54,3,wk inc flu hosp,2026-01-17,quantile,0.95,348
2025-12-27,54,3,wk inc flu hosp,2026-01-17,quantile,0.975,397
2025-12-27,54,3,wk inc flu hosp,2026-01-17,quantile,0.99,508
2025-12-27,55,0,wk inc flu hosp,2025-12-27,quantile,0.01,172
2025-12-27,55,0,wk inc flu hosp,2025-12-27,quantile,0.025,206
2025-12-27,55,0,wk inc flu hosp,2025-12-27,quantile,0.05,236
2025-12-27,55,0,wk inc flu hosp,2025-12-27,quantile,0.1,264
2025-12-27,55,0,wk inc flu hosp,2025-12-27,quantile,0.15,280
2025-12-27,55,0,wk inc flu hosp,2025-12-27,quantile,0.2,298
2025-12-27,55,0,wk inc flu hosp,2025-12-27,quantile,0.25,306
2025-12-27,55,0,wk inc flu hosp,2025-12-27,quantile,0.3,328
2025-12-27,55,0,wk inc flu hosp,2025-12-27,quantile,0.35,343
2025-12-27,55,0,wk inc flu hosp,2025-12-27,quantile,0.4,352
2025-12-27,55,0,wk inc flu hosp,2025-12-27,quantile,0.45,364
2025-12-27,55,0,wk inc flu hosp,2025-12-27,quantile,0.5,383
2025-12-27,55,0,wk inc flu hosp,2025-12-27,quantile,0.55,398
2025-12-27,55,0,wk inc flu hosp,2025-12-27,quantile,0.6,415
2025-12-27,55,0,wk inc flu hosp,2025-12-27,quantile,0.65,423
2025-12-27,55,0,wk inc flu hosp,2025-12-27,quantile,0.7,436
2025-12-27,55,0,wk inc flu hosp,2025-12-27,quantile,0.75,457
2025-12-27,55,0,wk inc flu hosp,2025-12-27,quantile,0.8,481
2025-12-27,55,0,wk inc flu hosp,2025-12-27,quantile,0.85,508
2025-12-27,55,0,wk inc flu hosp,2025-12-27,quantile,0.9,549
2025-12-27,55,0,wk inc flu hosp,2025-12-27,quantile,0.95,608
2025-12-27,55,0,wk inc flu hosp,2025-12-27,quantile,0.975,680
2025-12-27,55,0,wk inc flu hosp,2025-12-27,quantile,0.99,714
2025-12-27,55,1,wk inc flu hosp,2026-01-03,quantile,0.01,166
2025-12-27,55,1,wk inc flu hosp,2026-01-03,quantile,0.025,205
2025-12-27,55,1,wk inc flu hosp,2026-01-03,quantile,0.05,235
2025-12-27,55,1,wk inc flu hosp,2026-01-03,quantile,0.1,270
2025-12-27,55,1,wk inc flu hosp,2026-01-03,quantile,0.15,307
2025-12-27,55,1,wk inc flu hosp,2026-01-03,quantile,0.2,323
2025-12-27,55,1,wk inc flu hosp,2026-01-03,quantile,0.25,347
2025-12-27,55,1,wk inc flu hosp,2026-01-03,quantile,0.3,357
2025-12-27,55,1,wk inc flu hosp,2026-01-03,quantile,0.35,371
2025-12-27,55,1,wk inc flu hosp,2026-01-03,quantile,0.4,400
2025-12-27,55,1,wk inc flu hosp,2026-01-03,quantile,0.45,429
2025-12-27,55,1,wk inc flu hosp,2026-01-03,quantile,0.5,458
2025-12-27,55,1,wk inc flu hosp,2026-01-03,quantile,0.55,494
2025-12-27,55,1,wk inc flu hosp,2026-01-03,quantile,0.6,507
2025-12-27,55,1,wk inc flu hosp,2026-01-03,quantile,0.65,537
2025-12-27,55,1,wk inc flu hosp,2026-01-03,quantile,0.7,551
2025-12-27,55,1,wk inc flu hosp,2026-01-03,quantile,0.75,563
2025-12-27,55,1,wk inc flu hosp,2026-01-03,quantile,0.8,577
2025-12-27,55,1,wk inc flu hosp,2026-01-03,quantile,0.85,625
2025-12-27,55,1,wk inc flu hosp,2026-01-03,quantile,0.9,697
2025-12-27,55,1,wk inc flu hosp,2026-01-03,quantile,0.95,767
2025-12-27,55,1,wk inc flu hosp,2026-01-03,quantile,0.975,810
2025-12-27,55,1,wk inc flu hosp,2026-01-03,quantile,0.99,904
2025-12-27,55,2,wk inc flu hosp,2026-01-10,quantile,0.01,149
2025-12-27,55,2,wk inc flu hosp,2026-01-10,quantile,0.025,179
2025-12-27,55,2,wk inc flu hosp,2026-01-10,quantile,0.05,218
2025-12-27,55,2,wk inc flu hosp,2026-01-10,quantile,0.1,252
2025-12-27,55,2,wk inc flu hosp,2026-01-10,quantile,0.15,274
2025-12-27,55,2,wk inc flu hosp,2026-01-10,quantile,0.2,311
2025-12-27,55,2,wk inc flu hosp,2026-01-10,quantile,0.25,333
2025-12-27,55,2,wk inc flu hosp,2026-01-10,quantile,0.3,350
2025-12-27,55,2,wk inc flu hosp,2026-01-10,quantile,0.35,376
2025-12-27,55,2,wk inc flu hosp,2026-01-10,quantile,0.4,417
2025-12-27,55,2,wk inc flu hosp,2026-01-10,quantile,0.45,448
2025-12-27,55,2,wk inc flu hosp,2026-01-10,quantile,0.5,483
2025-12-27,55,2,wk inc flu hosp,2026-01-10,quantile,0.55,520
2025-12-27,55,2,wk inc flu hosp,2026-01-10,quantile,0.6,550
2025-12-27,55,2,wk inc flu hosp,2026-01-10,quantile,0.65,576
2025-12-27,55,2,wk inc flu hosp,2026-01-10,quantile,0.7,617
2025-12-27,55,2,wk inc flu hosp,2026-01-10,quantile,0.75,660
2025-12-27,55,2,wk inc flu hosp,2026-01-10,quantile,0.8,680
2025-12-27,55,2,wk inc flu hosp,2026-01-10,quantile,0.85,725
2025-12-27,55,2,wk inc flu hosp,2026-01-10,quantile,0.9,768
2025-12-27,55,2,wk inc flu hosp,2026-01-10,quantile,0.95,836
2025-12-27,55,2,wk inc flu hosp,2026-01-10,quantile,0.975,911
2025-12-27,55,2,wk inc flu hosp,2026-01-10,quantile,0.99,1030
2025-12-27,55,3,wk inc flu hosp,2026-01-17,quantile,0.01,129
2025-12-27,55,3,wk inc flu hosp,2026-01-17,quantile,0.025,161
2025-12-27,55,3,wk inc flu hosp,2026-01-17,quantile,0.05,198
2025-12-27,55,3,wk inc flu hosp,2026-01-17,quantile,0.1,235
2025-12-27,55,3,wk inc flu hosp,2026-01-17,quantile,0.15,281
2025-12-27,55,3,wk inc flu hosp,2026-01-17,quantile,0.2,320
2025-12-27,55,3,wk inc flu hosp,2026-01-17,quantile,0.25,345
2025-12-27,55,3,wk inc flu hosp,2026-01-17,quantile,0.3,380
2025-12-27,55,3,wk inc flu hosp,2026-01-17,quantile,0.35,407
2025-12-27,55,3,wk inc flu hosp,2026-01-17,quantile,0.4,440
2025-12-27,55,3,wk inc flu hosp,2026-01-17,quantile,0.45,481
2025-12-27,55,3,wk inc flu hosp,2026-01-17,quantile,0.5,510
2025-12-27,55,3,wk inc flu hosp,2026-01-17,quantile,0.55,538
2025-12-27,55,3,wk inc flu hosp,2026-01-17,quantile,0.6,572
2025-12-27,55,3,wk inc flu hosp,2026-01-17,quantile,0.65,608
2025-12-27,55,3,wk inc flu hosp,2026-01-17,quantile,0.7,644
2025-12-27,55,3,wk inc flu hosp,2026-01-17,quantile,0.75,680
2025-12-27,55,3,wk inc flu hosp,2026-01-17,quantile,0.8,715
2025-12-27,55,3,wk inc flu hosp,2026-01-17,quantile,0.85,772
2025-12-27,55,3,wk inc flu hosp,2026-01-17,quantile,0.9,831
2025-12-27,55,3,wk inc flu hosp,2026-01-17,quantile,0.95,903
2025-12-27,55,3,wk inc flu hosp,2026-01-17,quantile,0.975,1016
2025-12-27,55,3,wk inc flu hosp,2026-01-17,quantile,0.99,1145
2025-12-27,56,0,wk inc flu hosp,2025-12-27,quantile,0.01,10
2025-12-27,56,0,wk inc flu hosp,2025-12-27,quantile,0.025,12
2025-12-27,56,0,wk inc flu hosp,2025-12-27,quantile,0.05,14
2025-12-27,56,0,wk inc flu hosp,2025-12-27,quantile,0.1,18
2025-12-27,56,0,wk inc flu hosp,2025-12-27,quantile,0.15,21
2025-12-27,56,0,wk inc flu hosp,2025-12-27,quantile,0.2,23
2025-12-27,56,0,wk inc flu hosp,2025-12-27,quantile,0.25,25
2025-12-27,56,0,wk inc flu hosp,2025-12-27,quantile,0.3,27
2025-12-27,56,0,wk inc flu hosp,2025-12-27,quantile,0.35,28
2025-12-27,56,0,wk inc flu hosp,2025-12-27,quantile,0.4,30
2025-12-27,56,0,wk inc flu hosp,2025-12-27,quantile,0.45,32
2025-12-27,56,0,wk inc flu hosp,2025-12-27,quantile,0.5,34
2025-12-27,56,0,wk inc flu hosp,2025-12-27,quantile,0.55,36
2025-12-27,56,0,wk inc flu hosp,2025-12-27,quantile,0.6,37
2025-12-27,56,0,wk inc flu hosp,2025-12-27,quantile,0.65,40
2025-12-27,56,0,wk inc flu hosp,2025-12-27,quantile,0.7,42
2025-12-27,56,0,wk inc flu hosp,2025-12-27,quantile,0.75,44
2025-12-27,56,0,wk inc flu hosp,2025-12-27,quantile,0.8,46
2025-12-27,56,0,wk inc flu hosp,2025-12-27,quantile,0.85,50
2025-12-27,56,0,wk inc flu hosp,2025-12-27,quantile,0.9,55
2025-12-27,56,0,wk inc flu hosp,2025-12-27,quantile,0.95,63
2025-12-27,56,0,wk inc flu hosp,2025-12-27,quantile,0.975,69
2025-12-27,56,0,wk inc flu hosp,2025-12-27,quantile,0.99,76
2025-12-27,56,1,wk inc flu hosp,2026-01-03,quantile,0.01,10
2025-12-27,56,1,wk inc flu hosp,2026-01-03,quantile,0.025,13
2025-12-27,56,1,wk inc flu hosp,2026-01-03,quantile,0.05,16
2025-12-27,56,1,wk inc flu hosp,2026-01-03,quantile,0.1,22
2025-12-27,56,1,wk inc flu hosp,2026-01-03,quantile,0.15,24
2025-12-27,56,1,wk inc flu hosp,2026-01-03,quantile,0.2,26
2025-12-27,56,1,wk inc flu hosp,2026-01-03,quantile,0.25,28
2025-12-27,56,1,wk inc flu hosp,2026-01-03,quantile,0.3,30
2025-12-27,56,1,wk inc flu hosp,2026-01-03,quantile,0.35,32
2025-12-27,56,1,wk inc flu hosp,2026-01-03,quantile,0.4,34
2025-12-27,56,1,wk inc flu hosp,2026-01-03,quantile,0.45,36
2025-12-27,56,1,wk inc flu hosp,2026-01-03,quantile,0.5,40
2025-12-27,56,1,wk inc flu hosp,2026-01-03,quantile,0.55,42
2025-12-27,56,1,wk inc flu hosp,2026-01-03,quantile,0.6,45
2025-12-27,56,1,wk inc flu hosp,2026-01-03,quantile,0.65,47
2025-12-27,56,1,wk inc flu hosp,2026-01-03,quantile,0.7,49
2025-12-27,56,1,wk inc flu hosp,2026-01-03,quantile,0.75,54
2025-12-27,56,1,wk inc flu hosp,2026-01-03,quantile,0.8,57
2025-12-27,56,1,wk inc flu hosp,2026-01-03,quantile,0.85,63
2025-12-27,56,1,wk inc flu hosp,2026-01-03,quantile,0.9,70
2025-12-27,56,1,wk inc flu hosp,2026-01-03,quantile,0.95,81
2025-12-27,56,1,wk inc flu hosp,2026-01-03,quantile,0.975,94
2025-12-27,56,1,wk inc flu hosp,2026-01-03,quantile,0.99,109
2025-12-27,56,2,wk inc flu hosp,2026-01-10,quantile,0.01,9
2025-12-27,56,2,wk inc flu hosp,2026-01-10,quantile,0.025,12
2025-12-27,56,2,wk inc flu hosp,2026-01-10,quantile,0.05,15
2025-12-27,56,2,wk inc flu hosp,2026-01-10,quantile,0.1,20
2025-12-27,56,2,wk inc flu hosp,2026-01-10,quantile,0.15,22
2025-12-27,56,2,wk inc flu hosp,2026-01-10,quantile,0.2,24
2025-12-27,56,2,wk inc flu hosp,2026-01-10,quantile,0.25,28
2025-12-27,56,2,wk inc flu hosp,2026-01-10,quantile,0.3,31
2025-12-27,56,2,wk inc flu hosp,2026-01-10,quantile,0.35,33
2025-12-27,56,2,wk inc flu hosp,2026-01-10,quantile,0.4,36
2025-12-27,56,2,wk inc flu hosp,2026-01-10,quantile,0.45,38
2025-12-27,56,2,wk inc flu hosp,2026-01-10,quantile,0.5,41
2025-12-27,56,2,wk inc flu hosp,2026-01-10,quantile,0.55,44
2025-12-27,56,2,wk inc flu hosp,2026-01-10,quantile,0.6,47
2025-12-27,56,2,wk inc flu hosp,2026-01-10,quantile,0.65,49
2025-12-27,56,2,wk inc flu hosp,2026-01-10,quantile,0.7,54
2025-12-27,56,2,wk inc flu hosp,2026-01-10,quantile,0.75,58
2025-12-27,56,2,wk inc flu hosp,2026-01-10,quantile,0.8,62
2025-12-27,56,2,wk inc flu hosp,2026-01-10,quantile,0.85,68
2025-12-27,56,2,wk inc flu hosp,2026-01-10,quantile,0.9,79
2025-12-27,56,2,wk inc flu hosp,2026-01-10,quantile,0.95,93
2025-12-27,56,2,wk inc flu hosp,2026-01-10,quantile,0.975,105
2025-12-27,56,2,wk inc flu hosp,2026-01-10,quantile,0.99,122
2025-12-27,56,3,wk inc flu hosp,2026-01-17,quantile,0.01,8
2025-12-27,56,3,wk inc flu hosp,2026-01-17,quantile,0.025,10
2025-12-27,56,3,wk inc flu hosp,2026-01-17,quantile,0.05,13
2025-12-27,56,3,wk inc flu hosp,2026-01-17,quantile,0.1,17
2025-12-27,56,3,wk inc flu hosp,2026-01-17,quantile,0.15,20
2025-12-27,56,3,wk inc flu hosp,2026-01-17,quantile,0.2,23
2025-12-27,56,3,wk inc flu hosp,2026-01-17,quantile,0.25,25
2025-12-27,56,3,wk inc flu hosp,2026-01-17,quantile,0.3,28
2025-12-27,56,3,wk inc flu hosp,2026-01-17,quantile,0.35,31
2025-12-27,56,3,wk inc flu hosp,2026-01-17,quantile,0.4,35
2025-12-27,56,3,wk inc flu hosp,2026-01-17,quantile,0.45,38
2025-12-27,56,3,wk inc flu hosp,2026-01-17,quantile,0.5,42
2025-12-27,56,3,wk inc flu hosp,2026-01-17,quantile,0.55,44
2025-12-27,56,3,wk inc flu hosp,2026-01-17,quantile,0.6,48
2025-12-27,56,3,wk inc flu hosp,2026-01-17,quantile,0.65,51
2025-12-27,56,3,wk inc flu hosp,2026-01-17,quantile,0.7,55
2025-12-27,56,3,wk inc flu hosp,2026-01-17,quantile,0.75,62
2025-12-27,56,3,wk inc flu hosp,2026-01-17,quantile,0.8,70
2025-12-27,56,3,wk inc flu hosp,2026-01-17,quantile,0.85,76
2025-12-27,56,3,wk inc flu hosp,2026-01-17,quantile,0.9,83
2025-12-27,56,3,wk inc flu hosp,2026-01-17,quantile,0.95,94
2025-12-27,56,3,wk inc flu hosp,2026-01-17,quantile,0.975,113
2025-12-27,56,3,wk inc flu hosp,2026-01-17,quantile,0.99,137
2025-12-27,72,0,wk inc flu hosp,2025-12-27,quantile,0.01,94
2025-12-27,72,0,wk inc flu hosp,2025-12-27,quantile,0.025,109
2025-12-27,72,0,wk inc flu hosp,2025-12-27,quantile,0.05,131
2025-12-27,72,0,wk inc flu hosp,2025-12-27,quantile,0.1,154
2025-12-27,72,0,wk inc flu hosp,2025-12-27,quantile,0.15,175
2025-12-27,72,0,wk inc flu hosp,2025-12-27,quantile,0.2,189
2025-12-27,72,0,wk inc flu hosp,2025-12-27,quantile,0.25,200
2025-12-27,72,0,wk inc flu hosp,2025-12-27,quantile,0.3,206
2025-12-27,72,0,wk inc flu hosp,2025-12-27,quantile,0.35,216
2025-12-27,72,0,wk inc flu hosp,2025-12-27,quantile,0.4,221
2025-12-27,72,0,wk inc flu hosp,2025-12-27,quantile,0.45,226
2025-12-27,72,0,wk inc flu hosp,2025-12-27,quantile,0.5,239
2025-12-27,72,0,wk inc flu hosp,2025-12-27,quantile,0.55,249
2025-12-27,72,0,wk inc flu hosp,2025-12-27,quantile,0.6,259
2025-12-27,72,0,wk inc flu hosp,2025-12-27,quantile,0.65,268
2025-12-27,72,0,wk inc flu hosp,2025-12-27,quantile,0.7,275
2025-12-27,72,0,wk inc flu hosp,2025-12-27,quantile,0.75,286
2025-12-27,72,0,wk inc flu hosp,2025-12-27,quantile,0.8,300
2025-12-27,72,0,wk inc flu hosp,2025-12-27,quantile,0.85,319
2025-12-27,72,0,wk inc flu hosp,2025-12-27,quantile,0.9,344
2025-12-27,72,0,wk inc flu hosp,2025-12-27,quantile,0.95,387
2025-12-27,72,0,wk inc flu hosp,2025-12-27,quantile,0.975,426
2025-12-27,72,0,wk inc flu hosp,2025-12-27,quantile,0.99,468
2025-12-27,72,1,wk inc flu hosp,2026-01-03,quantile,0.01,77
2025-12-27,72,1,wk inc flu hosp,2026-01-03,quantile,0.025,99
2025-12-27,72,1,wk inc flu hosp,2026-01-03,quantile,0.05,127
2025-12-27,72,1,wk inc flu hosp,2026-01-03,quantile,0.1,152
2025-12-27,72,1,wk inc flu hosp,2026-01-03,quantile,0.15,168
2025-12-27,72,1,wk inc flu hosp,2026-01-03,quantile,0.2,181
2025-12-27,72,1,wk inc flu hosp,2026-01-03,quantile,0.25,194
2025-12-27,72,1,wk inc flu hosp,2026-01-03,quantile,0.3,207
2025-12-27,72,1,wk inc flu hosp,2026-01-03,quantile,0.35,215
2025-12-27,72,1,wk inc flu hosp,2026-01-03,quantile,0.4,223
2025-12-27,72,1,wk inc flu hosp,2026-01-03,quantile,0.45,231
2025-12-27,72,1,wk inc flu hosp,2026-01-03,quantile,0.5,239
2025-12-27,72,1,wk inc flu hosp,2026-01-03,quantile,0.55,254
2025-12-27,72,1,wk inc flu hosp,2026-01-03,quantile,0.6,267
2025-12-27,72,1,wk inc flu hosp,2026-01-03,quantile,0.65,283
2025-12-27,72,1,wk inc flu hosp,2026-01-03,quantile,0.7,299
2025-12-27,72,1,wk inc flu hosp,2026-01-03,quantile,0.75,307
2025-12-27,72,1,wk inc flu hosp,2026-01-03,quantile,0.8,330
2025-12-27,72,1,wk inc flu hosp,2026-01-03,quantile,0.85,360
2025-12-27,72,1,wk inc flu hosp,2026-01-03,quantile,0.9,382
2025-12-27,72,1,wk inc flu hosp,2026-01-03,quantile,0.95,458
2025-12-27,72,1,wk inc flu hosp,2026-01-03,quantile,0.975,499
2025-12-27,72,1,wk inc flu hosp,2026-01-03,quantile,0.99,629
2025-12-27,72,2,wk inc flu hosp,2026-01-10,quantile,0.01,58
2025-12-27,72,2,wk inc flu hosp,2026-01-10,quantile,0.025,83
2025-12-27,72,2,wk inc flu hosp,2026-01-10,quantile,0.05,97
2025-12-27,72,2,wk inc flu hosp,2026-01-10,quantile,0.1,122
2025-12-27,72,2,wk inc flu hosp,2026-01-10,quantile,0.15,138
2025-12-27,72,2,wk inc flu hosp,2026-01-10,quantile,0.2,156
2025-12-27,72,2,wk inc flu hosp,2026-01-10,quantile,0.25,173
2025-12-27,72,2,wk inc flu hosp,2026-01-10,quantile,0.3,191
2025-12-27,72,2,wk inc flu hosp,2026-01-10,quantile,0.35,205
2025-12-27,72,2,wk inc flu hosp,2026-01-10,quantile,0.4,219
2025-12-27,72,2,wk inc flu hosp,2026-01-10,quantile,0.45,236
2025-12-27,72,2,wk inc flu hosp,2026-01-10,quantile,0.5,253
2025-12-27,72,2,wk inc flu hosp,2026-01-10,quantile,0.55,253
2025-12-27,72,2,wk inc flu hosp,2026-01-10,quantile,0.6,274
2025-12-27,72,2,wk inc flu hosp,2026-01-10,quantile,0.65,291
2025-12-27,72,2,wk inc flu hosp,2026-01-10,quantile,0.7,315
2025-12-27,72,2,wk inc flu hosp,2026-01-10,quantile,0.75,328
2025-12-27,72,2,wk inc flu hosp,2026-01-10,quantile,0.8,347
2025-12-27,72,2,wk inc flu hosp,2026-01-10,quantile,0.85,363
2025-12-27,72,2,wk inc flu hosp,2026-01-10,quantile,0.9,428
2025-12-27,72,2,wk inc flu hosp,2026-01-10,quantile,0.95,538
2025-12-27,72,2,wk inc flu hosp,2026-01-10,quantile,0.975,648
2025-12-27,72,2,wk inc flu hosp,2026-01-10,quantile,0.99,727
2025-12-27,72,3,wk inc flu hosp,2026-01-17,quantile,0.01,53
2025-12-27,72,3,wk inc flu hosp,2026-01-17,quantile,0.025,64
2025-12-27,72,3,wk inc flu hosp,2026-01-17,quantile,0.05,79
2025-12-27,72,3,wk inc flu hosp,2026-01-17,quantile,0.1,98
2025-12-27,72,3,wk inc flu hosp,2026-01-17,quantile,0.15,125
2025-12-27,72,3,wk inc flu hosp,2026-01-17,quantile,0.2,146
2025-12-27,72,3,wk inc flu hosp,2026-01-17,quantile,0.25,162
2025-12-27,72,3,wk inc flu hosp,2026-01-17,quantile,0.3,180
2025-12-27,72,3,wk inc flu hosp,2026-01-17,quantile,0.35,190
2025-12-27,72,3,wk inc flu hosp,2026-01-17,quantile,0.4,204
2025-12-27,72,3,wk inc flu hosp,2026-01-17,quantile,0.45,219
2025-12-27,72,3,wk inc flu hosp,2026-01-17,quantile,0.5,232
2025-12-27,72,3,wk inc flu hosp,2026-01-17,quantile,0.55,250
2025-12-27,72,3,wk inc flu hosp,2026-01-17,quantile,0.6,266
2025-12-27,72,3,wk inc flu hosp,2026-01-17,quantile,0.65,275
2025-12-27,72,3,wk inc flu hosp,2026-01-17,quantile,0.7,299
2025-12-27,72,3,wk inc flu hosp,2026-01-17,quantile,0.75,325
2025-12-27,72,3,wk inc flu hosp,2026-01-17,quantile,0.8,347
2025-12-27,72,3,wk inc flu hosp,2026-01-17,quantile,0.85,373
2025-12-27,72,3,wk inc flu hosp,2026-01-17,quantile,0.9,437
2025-12-27,72,3,wk inc flu hosp,2026-01-17,quantile,0.95,580
2025-12-27,72,3,wk inc flu hosp,2026-01-17,quantile,0.975,684
2025-12-27,72,3,wk inc flu hosp,2026-01-17,quantile,0.99,820
2025-12-27,US,0,wk inc flu hosp,2025-12-27,quantile,0.01,16227
2025-12-27,US,0,wk inc flu hosp,2025-12-27,quantile,0.025,17155
2025-12-27,US,0,wk inc flu hosp,2025-12-27,quantile,0.05,18317
2025-12-27,US,0,wk inc flu hosp,2025-12-27,quantile,0.1,19496
2025-12-27,US,0,wk inc flu hosp,2025-12-27,quantile,0.15,20677
2025-12-27,US,0,wk inc flu hosp,2025-12-27,quantile,0.2,22210
2025-12-27,US,0,wk inc flu hosp,2025-12-27,quantile,0.25,23866
2025-12-27,US,0,wk inc flu hosp,2025-12-27,quantile,0.3,24098
2025-12-27,US,0,wk inc flu hosp,2025-12-27,quantile,0.35,25157
2025-12-27,US,0,wk inc flu hosp,2025-12-27,quantile,0.4,25928
2025-12-27,US,0,wk inc flu hosp,2025-12-27,quantile,0.45,26670
2025-12-27,US,0,wk inc flu hosp,2025-12-27,quantile,0.5,27549
2025-12-27,US,0,wk inc flu hosp,2025-12-27,quantile,0.55,27974
2025-12-27,US,0,wk inc flu hosp,2025-12-27,quantile,0.6,28608
2025-12-27,US,0,wk inc flu hosp,2025-12-27,quantile,0.65,29031
2025-12-27,US,0,wk inc flu hosp,2025-12-27,quantile,0.7,29419
2025-12-27,US,0,wk inc flu hosp,2025-12-27,quantile,0.75,30262
2025-12-27,US,0,wk inc flu hosp,2025-12-27,quantile,0.8,31263
2025-12-27,US,0,wk inc flu hosp,2025-12-27,quantile,0.85,32076
2025-12-27,US,0,wk inc flu hosp,2025-12-27,quantile,0.9,32998
2025-12-27,US,0,wk inc flu hosp,2025-12-27,quantile,0.95,35196
2025-12-27,US,0,wk inc flu hosp,2025-12-27,quantile,0.975,36145
2025-12-27,US,0,wk inc flu hosp,2025-12-27,quantile,0.99,38338
2025-12-27,US,1,wk inc flu hosp,2026-01-03,quantile,0.01,14015
2025-12-27,US,1,wk inc flu hosp,2026-01-03,quantile,0.025,15864
2025-12-27,US,1,wk inc flu hosp,2026-01-03,quantile,0.05,17511
2025-12-27,US,1,wk inc flu hosp,2026-01-03,quantile,0.1,19622
2025-12-27,US,1,wk inc flu hosp,2026-01-03,quantile,0.15,20754
2025-12-27,US,1,wk inc flu hosp,2026-01-03,quantile,0.2,22734
2025-12-27,US,1,wk inc flu hosp,2026-01-03,quantile,0.25,24099
2025-12-27,US,1,wk inc flu hosp,2026-01-03,quantile,0.3,25517
2025-12-27,US,1,wk inc flu hosp,2026-01-03,quantile,0.35,27457
2025-12-27,US,1,wk inc flu hosp,2026-01-03,quantile,0.4,28617
2025-12-27,US,1,wk inc flu hosp,2026-01-03,quantile,0.45,29538
2025-12-27,US,1,wk inc flu hosp,2026-01-03,quantile,0.5,30267
2025-12-27,US,1,wk inc flu hosp,2026-01-03,quantile,0.55,31623
2025-12-27,US,1,wk inc flu hosp,2026-01-03,quantile,0.6,33203
2025-12-27,US,1,wk inc flu hosp,2026-01-03,quantile,0.65,34370
2025-12-27,US,1,wk inc flu hosp,2026-01-03,quantile,0.7,35630
2025-12-27,US,1,wk inc flu hosp,2026-01-03,quantile,0.75,37200
2025-12-27,US,1,wk inc flu hosp,2026-01-03,quantile,0.8,38734
2025-12-27,US,1,wk inc flu hosp,2026-01-03,quantile,0.85,39974
2025-12-27,US,1,wk inc flu hosp,2026-01-03,quantile,0.9,41582
2025-12-27,US,1,wk inc flu hosp,2026-01-03,quantile,0.95,45776
2025-12-27,US,1,wk inc flu hosp,2026-01-03,quantile,0.975,50995
2025-12-27,US,1,wk inc flu hosp,2026-01-03,quantile,0.99,54914
2025-12-27,US,2,wk inc flu hosp,2026-01-10,quantile,0.01,12629
2025-12-27,US,2,wk inc flu hosp,2026-01-10,quantile,0.025,15031
2025-12-27,US,2,wk inc flu hosp,2026-01-10,quantile,0.05,15688
2025-12-27,US,2,wk inc flu hosp,2026-01-10,quantile,0.1,18123
2025-12-27,US,2,wk inc flu hosp,2026-01-10,quantile,0.15,20303
2025-12-27,US,2,wk inc flu hosp,2026-01-10,quantile,0.2,22240
2025-12-27,US,2,wk inc flu hosp,2026-01-10,quantile,0.25,24036
2025-12-27,US,2,wk inc flu hosp,2026-01-10,quantile,0.3,26134
2025-12-27,US,2,wk inc flu hosp,2026-01-10,quantile,0.35,27384
2025-12-27,US,2,wk inc flu hosp,2026-01-10,quantile,0.4,29007
2025-12-27,US,2,wk inc flu hosp,2026-01-10,quantile,0.45,30502
2025-12-27,US,2,wk inc flu hosp,2026-01-10,quantile,0.5,31389
2025-12-27,US,2,wk inc flu hosp,2026-01-10,quantile,0.55,32912
2025-12-27,US,2,wk inc flu hosp,2026-01-10,quantile,0.6,34723
2025-12-27,US,2,wk inc flu hosp,2026-01-10,quantile,0.65,37016
2025-12-27,US,2,wk inc flu hosp,2026-01-10,quantile,0.7,38380
2025-12-27,US,2,wk inc flu hosp,2026-01-10,quantile,0.75,39287
2025-12-27,US,2,wk inc flu hosp,2026-01-10,quantile,0.8,39831
2025-12-27,US,2,wk inc flu hosp,2026-01-10,quantile,0.85,41852
2025-12-27,US,2,wk inc flu hosp,2026-01-10,quantile,0.9,43005
2025-12-27,US,2,wk inc flu hosp,2026-01-10,quantile,0.95,48573
2025-12-27,US,2,wk inc flu hosp,2026-01-10,quantile,0.975,54621
2025-12-27,US,2,wk inc flu hosp,2026-01-10,quantile,0.99,61464
2025-12-27,US,3,wk inc flu hosp,2026-01-17,quantile,0.01,11144
2025-12-27,US,3,wk inc flu hosp,2026-01-17,quantile,0.025,14023
2025-12-27,US,3,wk inc flu hosp,2026-01-17,quantile,0.05,15319
2025-12-27,US,3,wk inc flu hosp,2026-01-17,quantile,0.1,17025
2025-12-27,US,3,wk inc flu hosp,2026-01-17,quantile,0.15,18044
2025-12-27,US,3,wk inc flu hosp,2026-01-17,quantile,0.2,20343
2025-12-27,US,3,wk inc flu hosp,2026-01-17,quantile,0.25,22523
2025-12-27,US,3,wk inc flu hosp,2026-01-17,quantile,0.3,23785
2025-12-27,US,3,wk inc flu hosp,2026-01-17,quantile,0.35,25373
2025-12-27,US,3,wk inc flu hosp,2026-01-17,quantile,0.4,26950
2025-12-27,US,3,wk inc flu hosp,2026-01-17,quantile,0.45,28803
2025-12-27,US,3,wk inc flu hosp,2026-01-17,quantile,0.5,30159
2025-12-27,US,3,wk inc flu hosp,2026-01-17,quantile,0.55,32505
2025-12-27,US,3,wk inc flu hosp,2026-01-17,quantile,0.6,34797
2025-12-27,US,3,wk inc flu hosp,2026-01-17,quantile,0.65,37551
2025-12-27,US,3,wk inc flu hosp,2026-01-17,quantile,0.7,38566
2025-12-27,US,3,wk inc flu hosp,2026-01-17,quantile,0.75,40227
2025-12-27,US,3,wk inc flu hosp,2026-01-17,quantile,0.8,41937
2025-12-27,US,3,wk inc flu hosp,2026-01-17,quantile,0.85,43311
2025-12-27,US,3,wk inc flu hosp,2026-01-17,quantile,0.9,46866
2025-12-27,US,3,wk inc flu hosp,2026-01-17,quantile,0.95,51186
2025-12-27,US,3,wk inc flu hosp,2026-01-17,quantile,0.975,59130
2025-12-27,US,3,wk inc flu hosp,2026-01-17,quantile,0.99,67577
