reference_date,location,horizon,target,target_end_date,output_type,output_type_id,value
2026-02-28,01,0,wk inc flu hosp,2026-02-28,quantile,0.01,116
2026-02-28,01,0,wk inc flu hosp,2026-02-28,quantile,0.025,134
2026-02-28,01,0,wk inc flu hosp,2026-02-28,quantile,0.05,147
2026-02-28,01,0,wk inc flu hosp,2026-02-28,quantile,0.1,169
2026-02-28,01,0,wk inc flu hosp,2026-02-28,quantile,0.15,182
2026-02-28,01,0,wk inc flu hosp,2026-02-28,quantile,0.2,192
2026-02-28,01,0,wk inc flu hosp,2026-02-28,quantile,0.25,203
2026-02-28,01,0,wk inc flu hosp,2026-02-28,quantile,0.3,210
2026-02-28,01,0,wk inc flu hosp,2026-02-28,quantile,0.35,218
2026-02-28,01,0,wk inc flu hosp,2026-02-28,quantile,0.4,222
2026-02-28,01,0,wk inc flu hosp,2026-02-28,quantile,0.45,228
2026-02-28,01,0,wk inc flu hosp,2026-02-28,quantile,0.5,238
2026-02-28,01,0,wk inc flu hosp,2026-02-28,quantile,0.55,245
2026-02-28,01,0,wk inc flu hosp,2026-02-28,quantile,0.6,256
2026-02-28,01,0,wk inc flu hosp,2026-02-28,quantile,0.65,263
2026-02-28,01,0,wk inc flu hosp,2026-02-28,quantile,0.7,272
2026-02-28,01,0,wk inc flu hosp,2026-02-28,quantile,0.75,284
2026-02-28,01,0,wk inc flu hosp,2026-02-28,quantile,0.8,303
2026-02-28,01,0,wk inc flu hosp,2026-02-28,quantile,0.85,325
2026-02-28,01,0,wk inc flu hosp,2026-02-28,quantile,0.9,352
2026-02-28,01,0,wk inc flu hosp,2026-02-28,quantile,0.95,377
2026-02-28,01,0,wk inc flu hosp,2026-02-28,quantile,0.975,397
2026-02-28,01,0,wk inc flu hosp,2026-02-28,quantile,0.99,420
2026-02-28,01,1,wk inc flu hosp,2026-03-07,quantile,0.01,77
2026-02-28,01,1,wk inc flu hosp,2026-03-07,quantile,0.025,90
2026-02-28,01,1,wk inc flu hosp,2026-03-07,quantile,0.05,110
2026-02-28,01,1,wk inc flu hosp,2026-03-07,quantile,0.1,122
2026-02-28,01,1,wk inc flu hosp,2026-03-07,quantile,0.15,139
2026-02-28,01,1,wk inc flu hosp,2026-03-07,quantile,0.2,151
2026-02-28,01,1,wk inc flu hosp,2026-03-07,quantile,0.25,161
2026-02-28,01,1,wk inc flu hosp,2026-03-07,quantile,0.3,170
2026-02-28,01,1,wk inc flu hosp,2026-03-07,quantile,0.35,187
2026-02-28,01,1,wk inc flu hosp,2026-03-07,quantile,0.4,196
2026-02-28,01,1,wk inc flu hosp,2026-03-07,quantile,0.45,206
2026-02-28,01,1,wk inc flu hosp,2026-03-07,quantile,0.5,214
2026-02-28,01,1,wk inc flu hosp,2026-03-07,quantile,0.55,221
2026-02-28,01,1,wk inc flu hosp,2026-03-07,quantile,0.6,226
2026-02-28,01,1,wk inc flu hosp,2026-03-07,quantile,0.65,241
2026-02-28,01,1,wk inc flu hosp,2026-03-07,quantile,0.7,253
2026-02-28,01,1,wk inc flu hosp,2026-03-07,quantile,0.75,270
2026-02-28,01,1,wk inc flu hosp,2026-03-07,quantile,0.8,289
2026-02-28,01,1,wk inc flu hosp,2026-03-07,quantile,0.85,304
2026-02-28,01,1,wk inc flu hosp,2026-03-07,quantile,0.9,325
2026-02-28,01,1,wk inc flu hosp,2026-03-07,quantile,0.95,359
2026-02-28,01,1,wk inc flu hosp,2026-03-07,quantile,0.975,397
2026-02-28,01,1,wk inc flu hosp,2026-03-07,quantile,0.99,441
2026-02-28,01,2,wk inc flu hosp,2026-03-14,quantile,0.01,53
2026-02-28,01,2,wk inc flu hosp,2026-03-14,quantile,0.025,66
2026-02-28,01,2,wk inc flu hosp,2026-03-14,quantile,0.05,82
2026-02-28,01,2,wk inc flu hosp,2026-03-14,quantile,0.1,101
2026-02-28,01,2,wk inc flu hosp,2026-03-14,quantile,0.15,117
2026-02-28,01,2,wk inc flu hosp,2026-03-14,quantile,0.2,128
2026-02-28,01,2,wk inc flu hosp,2026-03-14,quantile,0.25,141
2026-02-28,01,2,wk inc flu hosp,2026-03-14,quantile,0.3,150
2026-02-28,01,2,wk inc flu hosp,2026-03-14,quantile,0.35,160
2026-02-28,01,2,wk inc flu hosp,2026-03-14,quantile,0.4,168
2026-02-28,01,2,wk inc flu hosp,2026-03-14,quantile,0.45,175
2026-02-28,01,2,wk inc flu hosp,2026-03-14,quantile,0.5,183
2026-02-28,01,2,wk inc flu hosp,2026-03-14,quantile,0.55,193
2026-02-28,01,2,wk inc flu hosp,2026-03-14,quantile,0.6,202
2026-02-28,01,2,wk inc flu hosp,2026-03-14,quantile,0.65,212
2026-02-28,01,2,wk inc flu hosp,2026-03-14,quantile,0.7,224
2026-02-28,01,2,wk inc flu hosp,2026-03-14,quantile,0.75,238
2026-02-28,01,2,wk inc flu hosp,2026-03-14,quantile,0.8,253
2026-02-28,01,2,wk inc flu hosp,2026-03-14,quantile,0.85,272
2026-02-28,01,2,wk inc flu hosp,2026-03-14,quantile,0.9,296
2026-02-28,01,2,wk inc flu hosp,2026-03-14,quantile,0.95,362
2026-02-28,01,2,wk inc flu hosp,2026-03-14,quantile,0.975,398
2026-02-28,01,2,wk inc flu hosp,2026-03-14,quantile,0.99,453
2026-02-28,01,3,wk inc flu hosp,2026-03-21,quantile,0.01,41
2026-02-28,01,3,wk inc flu hosp,2026-03-21,quantile,0.025,54
2026-02-28,01,3,wk inc flu hosp,2026-03-21,quantile,0.05,65
2026-02-28,01,3,wk inc flu hosp,2026-03-21,quantile,0.1,81
2026-02-28,01,3,wk inc flu hosp,2026-03-21,quantile,0.15,95
2026-02-28,01,3,wk inc flu hosp,2026-03-21,quantile,0.2,106
2026-02-28,01,3,wk inc flu hosp,2026-03-21,quantile,0.25,118
2026-02-28,01,3,wk inc flu hosp,2026-03-21,quantile,0.3,129
2026-02-28,01,3,wk inc flu hosp,2026-03-21,quantile,0.35,139
2026-02-28,01,3,wk inc flu hosp,2026-03-21,quantile,0.4,146
2026-02-28,01,3,wk inc flu hosp,2026-03-21,quantile,0.45,152
2026-02-28,01,3,wk inc flu hosp,2026-03-21,quantile,0.5,160
2026-02-28,01,3,wk inc flu hosp,2026-03-21,quantile,0.55,169
2026-02-28,01,3,wk inc flu hosp,2026-03-21,quantile,0.6,180
2026-02-28,01,3,wk inc flu hosp,2026-03-21,quantile,0.65,189
2026-02-28,01,3,wk inc flu hosp,2026-03-21,quantile,0.7,198
2026-02-28,01,3,wk inc flu hosp,2026-03-21,quantile,0.75,211
2026-02-28,01,3,wk inc flu hosp,2026-03-21,quantile,0.8,233
2026-02-28,01,3,wk inc flu hosp,2026-03-21,quantile,0.85,262
2026-02-28,01,3,wk inc flu hosp,2026-03-21,quantile,0.9,287
2026-02-28,01,3,wk inc flu hosp,2026-03-21,quantile,0.95,334
2026-02-28,01,3,wk inc flu hosp,2026-03-21,quantile,0.975,380
2026-02-28,01,3,wk inc flu hosp,2026-03-21,quantile,0.99,471
2026-02-28,02,0,wk inc flu hosp,2026-02-28,quantile,0.01,1
2026-02-28,02,0,wk inc flu hosp,2026-02-28,quantile,0.025,2
2026-02-28,02,0,wk inc flu hosp,2026-02-28,quantile,0.05,2
2026-02-28,02,0,wk inc flu hosp,2026-02-28,quantile,0.1,3
2026-02-28,02,0,wk inc flu hosp,2026-02-28,quantile,0.15,4
2026-02-28,02,0,wk inc flu hosp,2026-02-28,quantile,0.2,5
2026-02-28,02,0,wk inc flu hosp,2026-02-28,quantile,0.25,5
2026-02-28,02,0,wk inc flu hosp,2026-02-28,quantile,0.3,6
2026-02-28,02,0,wk inc flu hosp,2026-02-28,quantile,0.35,6
2026-02-28,02,0,wk inc flu hosp,2026-02-28,quantile,0.4,7
2026-02-28,02,0,wk inc flu hosp,2026-02-28,quantile,0.45,7
2026-02-28,02,0,wk inc flu hosp,2026-02-28,quantile,0.5,8
2026-02-28,02,0,wk inc flu hosp,2026-02-28,quantile,0.55,9
2026-02-28,02,0,wk inc flu hosp,2026-02-28,quantile,0.6,9
2026-02-28,02,0,wk inc flu hosp,2026-02-28,quantile,0.65,10
2026-02-28,02,0,wk inc flu hosp,2026-02-28,quantile,0.7,11
2026-02-28,02,0,wk inc flu hosp,2026-02-28,quantile,0.75,12
2026-02-28,02,0,wk inc flu hosp,2026-02-28,quantile,0.8,13
2026-02-28,02,0,wk inc flu hosp,2026-02-28,quantile,0.85,14
2026-02-28,02,0,wk inc flu hosp,2026-02-28,quantile,0.9,15
2026-02-28,02,0,wk inc flu hosp,2026-02-28,quantile,0.95,19
2026-02-28,02,0,wk inc flu hosp,2026-02-28,quantile,0.975,21
2026-02-28,02,0,wk inc flu hosp,2026-02-28,quantile,0.99,25
2026-02-28,02,1,wk inc flu hosp,2026-03-07,quantile,0.01,0
2026-02-28,02,1,wk inc flu hosp,2026-03-07,quantile,0.025,1
2026-02-28,02,1,wk inc flu hosp,2026-03-07,quantile,0.05,1
2026-02-28,02,1,wk inc flu hosp,2026-03-07,quantile,0.1,2
2026-02-28,02,1,wk inc flu hosp,2026-03-07,quantile,0.15,3
2026-02-28,02,1,wk inc flu hosp,2026-03-07,quantile,0.2,4
2026-02-28,02,1,wk inc flu hosp,2026-03-07,quantile,0.25,4
2026-02-28,02,1,wk inc flu hosp,2026-03-07,quantile,0.3,5
2026-02-28,02,1,wk inc flu hosp,2026-03-07,quantile,0.35,5
2026-02-28,02,1,wk inc flu hosp,2026-03-07,quantile,0.4,5
2026-02-28,02,1,wk inc flu hosp,2026-03-07,quantile,0.45,6
2026-02-28,02,1,wk inc flu hosp,2026-03-07,quantile,0.5,7
2026-02-28,02,1,wk inc flu hosp,2026-03-07,quantile,0.55,8
2026-02-28,02,1,wk inc flu hosp,2026-03-07,quantile,0.6,8
2026-02-28,02,1,wk inc flu hosp,2026-03-07,quantile,0.65,9
2026-02-28,02,1,wk inc flu hosp,2026-03-07,quantile,0.7,10
2026-02-28,02,1,wk inc flu hosp,2026-03-07,quantile,0.75,11
2026-02-28,02,1,wk inc flu hosp,2026-03-07,quantile,0.8,12
2026-02-28,02,1,wk inc flu hosp,2026-03-07,quantile,0.85,14
2026-02-28,02,1,wk inc flu hosp,2026-03-07,quantile,0.9,16
2026-02-28,02,1,wk inc flu hosp,2026-03-07,quantile,0.95,19
2026-02-28,02,1,wk inc flu hosp,2026-03-07,quantile,0.975,23
2026-02-28,02,1,wk inc flu hosp,2026-03-07,quantile,0.99,28
2026-02-28,02,2,wk inc flu hosp,2026-03-14,quantile,0.01,0
2026-02-28,02,2,wk inc flu hosp,2026-03-14,quantile,0.025,0
2026-02-28,02,2,wk inc flu hosp,2026-03-14,quantile,0.05,1
2026-02-28,02,2,wk inc flu hosp,2026-03-14,quantile,0.1,2
2026-02-28,02,2,wk inc flu hosp,2026-03-14,quantile,0.15,2
2026-02-28,02,2,wk inc flu hosp,2026-03-14,quantile,0.2,3
2026-02-28,02,2,wk inc flu hosp,2026-03-14,quantile,0.25,3
2026-02-28,02,2,wk inc flu hosp,2026-03-14,quantile,0.3,3
2026-02-28,02,2,wk inc flu hosp,2026-03-14,quantile,0.35,4
2026-02-28,02,2,wk inc flu hosp,2026-03-14,quantile,0.4,4
2026-02-28,02,2,wk inc flu hosp,2026-03-14,quantile,0.45,5
2026-02-28,02,2,wk inc flu hosp,2026-03-14,quantile,0.5,6
2026-02-28,02,2,wk inc flu hosp,2026-03-14,quantile,0.55,7
2026-02-28,02,2,wk inc flu hosp,2026-03-14,quantile,0.6,8
2026-02-28,02,2,wk inc flu hosp,2026-03-14,quantile,0.65,8
2026-02-28,02,2,wk inc flu hosp,2026-03-14,quantile,0.7,9
2026-02-28,02,2,wk inc flu hosp,2026-03-14,quantile,0.75,10
2026-02-28,02,2,wk inc flu hosp,2026-03-14,quantile,0.8,11
2026-02-28,02,2,wk inc flu hosp,2026-03-14,quantile,0.85,13
2026-02-28,02,2,wk inc flu hosp,2026-03-14,quantile,0.9,15
2026-02-28,02,2,wk inc flu hosp,2026-03-14,quantile,0.95,20
2026-02-28,02,2,wk inc flu hosp,2026-03-14,quantile,0.975,24
2026-02-28,02,2,wk inc flu hosp,2026-03-14,quantile,0.99,31
2026-02-28,02,3,wk inc flu hosp,2026-03-21,quantile,0.01,0
2026-02-28,02,3,wk inc flu hosp,2026-03-21,quantile,0.025,0
2026-02-28,02,3,wk inc flu hosp,2026-03-21,quantile,0.05,0
2026-02-28,02,3,wk inc flu hosp,2026-03-21,quantile,0.1,1
2026-02-28,02,3,wk inc flu hosp,2026-03-21,quantile,0.15,1
2026-02-28,02,3,wk inc flu hosp,2026-03-21,quantile,0.2,2
2026-02-28,02,3,wk inc flu hosp,2026-03-21,quantile,0.25,2
2026-02-28,02,3,wk inc flu hosp,2026-03-21,quantile,0.3,3
2026-02-28,02,3,wk inc flu hosp,2026-03-21,quantile,0.35,3
2026-02-28,02,3,wk inc flu hosp,2026-03-21,quantile,0.4,3
2026-02-28,02,3,wk inc flu hosp,2026-03-21,quantile,0.45,4
2026-02-28,02,3,wk inc flu hosp,2026-03-21,quantile,0.5,5
2026-02-28,02,3,wk inc flu hosp,2026-03-21,quantile,0.55,6
2026-02-28,02,3,wk inc flu hosp,2026-03-21,quantile,0.6,7
2026-02-28,02,3,wk inc flu hosp,2026-03-21,quantile,0.65,8
2026-02-28,02,3,wk inc flu hosp,2026-03-21,quantile,0.7,9
2026-02-28,02,3,wk inc flu hosp,2026-03-21,quantile,0.75,10
2026-02-28,02,3,wk inc flu hosp,2026-03-21,quantile,0.8,11
2026-02-28,02,3,wk inc flu hosp,2026-03-21,quantile,0.85,14
2026-02-28,02,3,wk inc flu hosp,2026-03-21,quantile,0.9,17
2026-02-28,02,3,wk inc flu hosp,2026-03-21,quantile,0.95,21
2026-02-28,02,3,wk inc flu hosp,2026-03-21,quantile,0.975,26
2026-02-28,02,3,wk inc flu hosp,2026-03-21,quantile,0.99,33
2026-02-28,04,0,wk inc flu hosp,2026-02-28,quantile,0.01,145
2026-02-28,04,0,wk inc flu hosp,2026-02-28,quantile,0.025,170
2026-02-28,04,0,wk inc flu hosp,2026-02-28,quantile,0.05,191
2026-02-28,04,0,wk inc flu hosp,2026-02-28,quantile,0.1,212
2026-02-28,04,0,wk inc flu hosp,2026-02-28,quantile,0.15,230
2026-02-28,04,0,wk inc flu hosp,2026-02-28,quantile,0.2,246
2026-02-28,04,0,wk inc flu hosp,2026-02-28,quantile,0.25,255
2026-02-28,04,0,wk inc flu hosp,2026-02-28,quantile,0.3,266
2026-02-28,04,0,wk inc flu hosp,2026-02-28,quantile,0.35,278
2026-02-28,04,0,wk inc flu hosp,2026-02-28,quantile,0.4,291
2026-02-28,04,0,wk inc flu hosp,2026-02-28,quantile,0.45,304
2026-02-28,04,0,wk inc flu hosp,2026-02-28,quantile,0.5,318
2026-02-28,04,0,wk inc flu hosp,2026-02-28,quantile,0.55,329
2026-02-28,04,0,wk inc flu hosp,2026-02-28,quantile,0.6,344
2026-02-28,04,0,wk inc flu hosp,2026-02-28,quantile,0.65,354
2026-02-28,04,0,wk inc flu hosp,2026-02-28,quantile,0.7,369
2026-02-28,04,0,wk inc flu hosp,2026-02-28,quantile,0.75,384
2026-02-28,04,0,wk inc flu hosp,2026-02-28,quantile,0.8,402
2026-02-28,04,0,wk inc flu hosp,2026-02-28,quantile,0.85,415
2026-02-28,04,0,wk inc flu hosp,2026-02-28,quantile,0.9,442
2026-02-28,04,0,wk inc flu hosp,2026-02-28,quantile,0.95,481
2026-02-28,04,0,wk inc flu hosp,2026-02-28,quantile,0.975,525
2026-02-28,04,0,wk inc flu hosp,2026-02-28,quantile,0.99,570
2026-02-28,04,1,wk inc flu hosp,2026-03-07,quantile,0.01,98
2026-02-28,04,1,wk inc flu hosp,2026-03-07,quantile,0.025,121
2026-02-28,04,1,wk inc flu hosp,2026-03-07,quantile,0.05,147
2026-02-28,04,1,wk inc flu hosp,2026-03-07,quantile,0.1,173
2026-02-28,04,1,wk inc flu hosp,2026-03-07,quantile,0.15,192
2026-02-28,04,1,wk inc flu hosp,2026-03-07,quantile,0.2,205
2026-02-28,04,1,wk inc flu hosp,2026-03-07,quantile,0.25,218
2026-02-28,04,1,wk inc flu hosp,2026-03-07,quantile,0.3,230
2026-02-28,04,1,wk inc flu hosp,2026-03-07,quantile,0.35,248
2026-02-28,04,1,wk inc flu hosp,2026-03-07,quantile,0.4,261
2026-02-28,04,1,wk inc flu hosp,2026-03-07,quantile,0.45,279
2026-02-28,04,1,wk inc flu hosp,2026-03-07,quantile,0.5,293
2026-02-28,04,1,wk inc flu hosp,2026-03-07,quantile,0.55,316
2026-02-28,04,1,wk inc flu hosp,2026-03-07,quantile,0.6,326
2026-02-28,04,1,wk inc flu hosp,2026-03-07,quantile,0.65,341
2026-02-28,04,1,wk inc flu hosp,2026-03-07,quantile,0.7,358
2026-02-28,04,1,wk inc flu hosp,2026-03-07,quantile,0.75,372
2026-02-28,04,1,wk inc flu hosp,2026-03-07,quantile,0.8,393
2026-02-28,04,1,wk inc flu hosp,2026-03-07,quantile,0.85,418
2026-02-28,04,1,wk inc flu hosp,2026-03-07,quantile,0.9,461
2026-02-28,04,1,wk inc flu hosp,2026-03-07,quantile,0.95,525
2026-02-28,04,1,wk inc flu hosp,2026-03-07,quantile,0.975,577
2026-02-28,04,1,wk inc flu hosp,2026-03-07,quantile,0.99,633
2026-02-28,04,2,wk inc flu hosp,2026-03-14,quantile,0.01,66
2026-02-28,04,2,wk inc flu hosp,2026-03-14,quantile,0.025,88
2026-02-28,04,2,wk inc flu hosp,2026-03-14,quantile,0.05,112
2026-02-28,04,2,wk inc flu hosp,2026-03-14,quantile,0.1,138
2026-02-28,04,2,wk inc flu hosp,2026-03-14,quantile,0.15,157
2026-02-28,04,2,wk inc flu hosp,2026-03-14,quantile,0.2,175
2026-02-28,04,2,wk inc flu hosp,2026-03-14,quantile,0.25,190
2026-02-28,04,2,wk inc flu hosp,2026-03-14,quantile,0.3,205
2026-02-28,04,2,wk inc flu hosp,2026-03-14,quantile,0.35,220
2026-02-28,04,2,wk inc flu hosp,2026-03-14,quantile,0.4,236
2026-02-28,04,2,wk inc flu hosp,2026-03-14,quantile,0.45,249
2026-02-28,04,2,wk inc flu hosp,2026-03-14,quantile,0.5,262
2026-02-28,04,2,wk inc flu hosp,2026-03-14,quantile,0.55,286
2026-02-28,04,2,wk inc flu hosp,2026-03-14,quantile,0.6,304
2026-02-28,04,2,wk inc flu hosp,2026-03-14,quantile,0.65,327
2026-02-28,04,2,wk inc flu hosp,2026-03-14,quantile,0.7,350
2026-02-28,04,2,wk inc flu hosp,2026-03-14,quantile,0.75,363
2026-02-28,04,2,wk inc flu hosp,2026-03-14,quantile,0.8,381
2026-02-28,04,2,wk inc flu hosp,2026-03-14,quantile,0.85,396
2026-02-28,04,2,wk inc flu hosp,2026-03-14,quantile,0.9,444
2026-02-28,04,2,wk inc flu hosp,2026-03-14,quantile,0.95,547
2026-02-28,04,2,wk inc flu hosp,2026-03-14,quantile,0.975,603
2026-02-28,04,2,wk inc flu hosp,2026-03-14,quantile,0.99,658
2026-02-28,04,3,wk inc flu hosp,2026-03-21,quantile,0.01,47
2026-02-28,04,3,wk inc flu hosp,2026-03-21,quantile,0.025,65
2026-02-28,04,3,wk inc flu hosp,2026-03-21,quantile,0.05,88
2026-02-28,04,3,wk inc flu hosp,2026-03-21,quantile,0.1,100
2026-02-28,04,3,wk inc flu hosp,2026-03-21,quantile,0.15,124
2026-02-28,04,3,wk inc flu hosp,2026-03-21,quantile,0.2,139
2026-02-28,04,3,wk inc flu hosp,2026-03-21,quantile,0.25,161
2026-02-28,04,3,wk inc flu hosp,2026-03-21,quantile,0.3,180
2026-02-28,04,3,wk inc flu hosp,2026-03-21,quantile,0.35,194
2026-02-28,04,3,wk inc flu hosp,2026-03-21,quantile,0.4,210
2026-02-28,04,3,wk inc flu hosp,2026-03-21,quantile,0.45,224
2026-02-28,04,3,wk inc flu hosp,2026-03-21,quantile,0.5,242
2026-02-28,04,3,wk inc flu hosp,2026-03-21,quantile,0.55,259
2026-02-28,04,3,wk inc flu hosp,2026-03-21,quantile,0.6,279
2026-02-28,04,3,wk inc flu hosp,2026-03-21,quantile,0.65,295
2026-02-28,04,3,wk inc flu hosp,2026-03-21,quantile,0.7,310
2026-02-28,04,3,wk inc flu hosp,2026-03-21,quantile,0.75,329
2026-02-28,04,3,wk inc flu hosp,2026-03-21,quantile,0.8,346
2026-02-28,04,3,wk inc flu hosp,2026-03-21,quantile,0.85,379
2026-02-28,04,3,wk inc flu hosp,2026-03-21,quantile,0.9,426
2026-02-28,04,3,wk inc flu hosp,2026-03-21,quantile,0.95,539
2026-02-28,04,3,wk inc flu hosp,2026-03-21,quantile,0.975,588
2026-02-28,04,3,wk inc flu hosp,2026-03-21,quantile,0.99,675
2026-02-28,05,0,wk inc flu hosp,2026-02-28,quantile,0.01,78
2026-02-28,05,0,wk inc flu hosp,2026-02-28,quantile,0.025,87
2026-02-28,05,0,wk inc flu hosp,2026-02-28,quantile,0.05,100
2026-02-28,05,0,wk inc flu hosp,2026-02-28,quantile,0.1,111
2026-02-28,05,0,wk inc flu hosp,2026-02-28,quantile,0.15,117
2026-02-28,05,0,wk inc flu hosp,2026-02-28,quantile,0.2,123
2026-02-28,05,0,wk inc flu hosp,2026-02-28,quantile,0.25,131
2026-02-28,05,0,wk inc flu hosp,2026-02-28,quantile,0.3,139
2026-02-28,05,0,wk inc flu hosp,2026-02-28,quantile,0.35,143
2026-02-28,05,0,wk inc flu hosp,2026-02-28,quantile,0.4,147
2026-02-28,05,0,wk inc flu hosp,2026-02-28,quantile,0.45,151
2026-02-28,05,0,wk inc flu hosp,2026-02-28,quantile,0.5,156
2026-02-28,05,0,wk inc flu hosp,2026-02-28,quantile,0.55,162
2026-02-28,05,0,wk inc flu hosp,2026-02-28,quantile,0.6,170
2026-02-28,05,0,wk inc flu hosp,2026-02-28,quantile,0.65,177
2026-02-28,05,0,wk inc flu hosp,2026-02-28,quantile,0.7,183
2026-02-28,05,0,wk inc flu hosp,2026-02-28,quantile,0.75,193
2026-02-28,05,0,wk inc flu hosp,2026-02-28,quantile,0.8,201
2026-02-28,05,0,wk inc flu hosp,2026-02-28,quantile,0.85,212
2026-02-28,05,0,wk inc flu hosp,2026-02-28,quantile,0.9,229
2026-02-28,05,0,wk inc flu hosp,2026-02-28,quantile,0.95,253
2026-02-28,05,0,wk inc flu hosp,2026-02-28,quantile,0.975,274
2026-02-28,05,0,wk inc flu hosp,2026-02-28,quantile,0.99,300
2026-02-28,05,1,wk inc flu hosp,2026-03-07,quantile,0.01,48
2026-02-28,05,1,wk inc flu hosp,2026-03-07,quantile,0.025,61
2026-02-28,05,1,wk inc flu hosp,2026-03-07,quantile,0.05,70
2026-02-28,05,1,wk inc flu hosp,2026-03-07,quantile,0.1,81
2026-02-28,05,1,wk inc flu hosp,2026-03-07,quantile,0.15,89
2026-02-28,05,1,wk inc flu hosp,2026-03-07,quantile,0.2,99
2026-02-28,05,1,wk inc flu hosp,2026-03-07,quantile,0.25,106
2026-02-28,05,1,wk inc flu hosp,2026-03-07,quantile,0.3,114
2026-02-28,05,1,wk inc flu hosp,2026-03-07,quantile,0.35,123
2026-02-28,05,1,wk inc flu hosp,2026-03-07,quantile,0.4,127
2026-02-28,05,1,wk inc flu hosp,2026-03-07,quantile,0.45,136
2026-02-28,05,1,wk inc flu hosp,2026-03-07,quantile,0.5,144
2026-02-28,05,1,wk inc flu hosp,2026-03-07,quantile,0.55,153
2026-02-28,05,1,wk inc flu hosp,2026-03-07,quantile,0.6,159
2026-02-28,05,1,wk inc flu hosp,2026-03-07,quantile,0.65,167
2026-02-28,05,1,wk inc flu hosp,2026-03-07,quantile,0.7,175
2026-02-28,05,1,wk inc flu hosp,2026-03-07,quantile,0.75,187
2026-02-28,05,1,wk inc flu hosp,2026-03-07,quantile,0.8,199
2026-02-28,05,1,wk inc flu hosp,2026-03-07,quantile,0.85,214
2026-02-28,05,1,wk inc flu hosp,2026-03-07,quantile,0.9,230
2026-02-28,05,1,wk inc flu hosp,2026-03-07,quantile,0.95,260
2026-02-28,05,1,wk inc flu hosp,2026-03-07,quantile,0.975,294
2026-02-28,05,1,wk inc flu hosp,2026-03-07,quantile,0.99,324
2026-02-28,05,2,wk inc flu hosp,2026-03-14,quantile,0.01,31
2026-02-28,05,2,wk inc flu hosp,2026-03-14,quantile,0.025,41
2026-02-28,05,2,wk inc flu hosp,2026-03-14,quantile,0.05,50
2026-02-28,05,2,wk inc flu hosp,2026-03-14,quantile,0.1,64
2026-02-28,05,2,wk inc flu hosp,2026-03-14,quantile,0.15,72
2026-02-28,05,2,wk inc flu hosp,2026-03-14,quantile,0.2,80
2026-02-28,05,2,wk inc flu hosp,2026-03-14,quantile,0.25,88
2026-02-28,05,2,wk inc flu hosp,2026-03-14,quantile,0.3,95
2026-02-28,05,2,wk inc flu hosp,2026-03-14,quantile,0.35,101
2026-02-28,05,2,wk inc flu hosp,2026-03-14,quantile,0.4,109
2026-02-28,05,2,wk inc flu hosp,2026-03-14,quantile,0.45,116
2026-02-28,05,2,wk inc flu hosp,2026-03-14,quantile,0.5,124
2026-02-28,05,2,wk inc flu hosp,2026-03-14,quantile,0.55,134
2026-02-28,05,2,wk inc flu hosp,2026-03-14,quantile,0.6,143
2026-02-28,05,2,wk inc flu hosp,2026-03-14,quantile,0.65,152
2026-02-28,05,2,wk inc flu hosp,2026-03-14,quantile,0.7,163
2026-02-28,05,2,wk inc flu hosp,2026-03-14,quantile,0.75,173
2026-02-28,05,2,wk inc flu hosp,2026-03-14,quantile,0.8,186
2026-02-28,05,2,wk inc flu hosp,2026-03-14,quantile,0.85,201
2026-02-28,05,2,wk inc flu hosp,2026-03-14,quantile,0.9,215
2026-02-28,05,2,wk inc flu hosp,2026-03-14,quantile,0.95,252
2026-02-28,05,2,wk inc flu hosp,2026-03-14,quantile,0.975,282
2026-02-28,05,2,wk inc flu hosp,2026-03-14,quantile,0.99,311
2026-02-28,05,3,wk inc flu hosp,2026-03-21,quantile,0.01,22
2026-02-28,05,3,wk inc flu hosp,2026-03-21,quantile,0.025,31
2026-02-28,05,3,wk inc flu hosp,2026-03-21,quantile,0.05,40
2026-02-28,05,3,wk inc flu hosp,2026-03-21,quantile,0.1,51
2026-02-28,05,3,wk inc flu hosp,2026-03-21,quantile,0.15,59
2026-02-28,05,3,wk inc flu hosp,2026-03-21,quantile,0.2,63
2026-02-28,05,3,wk inc flu hosp,2026-03-21,quantile,0.25,74
2026-02-28,05,3,wk inc flu hosp,2026-03-21,quantile,0.3,80
2026-02-28,05,3,wk inc flu hosp,2026-03-21,quantile,0.35,86
2026-02-28,05,3,wk inc flu hosp,2026-03-21,quantile,0.4,92
2026-02-28,05,3,wk inc flu hosp,2026-03-21,quantile,0.45,98
2026-02-28,05,3,wk inc flu hosp,2026-03-21,quantile,0.5,105
2026-02-28,05,3,wk inc flu hosp,2026-03-21,quantile,0.55,112
2026-02-28,05,3,wk inc flu hosp,2026-03-21,quantile,0.6,120
2026-02-28,05,3,wk inc flu hosp,2026-03-21,quantile,0.65,131
2026-02-28,05,3,wk inc flu hosp,2026-03-21,quantile,0.7,142
2026-02-28,05,3,wk inc flu hosp,2026-03-21,quantile,0.75,153
2026-02-28,05,3,wk inc flu hosp,2026-03-21,quantile,0.8,166
2026-02-28,05,3,wk inc flu hosp,2026-03-21,quantile,0.85,188
2026-02-28,05,3,wk inc flu hosp,2026-03-21,quantile,0.9,215
2026-02-28,05,3,wk inc flu hosp,2026-03-21,quantile,0.95,238
2026-02-28,05,3,wk inc flu hosp,2026-03-21,quantile,0.975,260
2026-02-28,05,3,wk inc flu hosp,2026-03-21,quantile,0.99,288
2026-02-28,06,0,wk inc flu hosp,2026-02-28,quantile,0.01,680
2026-02-28,06,0,wk inc flu hosp,2026-02-28,quantile,0.025,745
2026-02-28,06,0,wk inc flu hosp,2026-02-28,quantile,0.05,856
2026-02-28,06,0,wk inc flu hosp,2026-02-28,quantile,0.1,926
2026-02-28,06,0,wk inc flu hosp,2026-02-28,quantile,0.15,987
2026-02-28,06,0,wk inc flu hosp,2026-02-28,quantile,0.2,1022
2026-02-28,06,0,wk inc flu hosp,2026-02-28,quantile,0.25,1088
2026-02-28,06,0,wk inc flu hosp,2026-02-28,quantile,0.3,1148
2026-02-28,06,0,wk inc flu hosp,2026-02-28,quantile,0.35,1159
2026-02-28,06,0,wk inc flu hosp,2026-02-28,quantile,0.4,1185
2026-02-28,06,0,wk inc flu hosp,2026-02-28,quantile,0.45,1212
2026-02-28,06,0,wk inc flu hosp,2026-02-28,quantile,0.5,1249
2026-02-28,06,0,wk inc flu hosp,2026-02-28,quantile,0.55,1274
2026-02-28,06,0,wk inc flu hosp,2026-02-28,quantile,0.6,1324
2026-02-28,06,0,wk inc flu hosp,2026-02-28,quantile,0.65,1361
2026-02-28,06,0,wk inc flu hosp,2026-02-28,quantile,0.7,1407
2026-02-28,06,0,wk inc flu hosp,2026-02-28,quantile,0.75,1459
2026-02-28,06,0,wk inc flu hosp,2026-02-28,quantile,0.8,1516
2026-02-28,06,0,wk inc flu hosp,2026-02-28,quantile,0.85,1562
2026-02-28,06,0,wk inc flu hosp,2026-02-28,quantile,0.9,1607
2026-02-28,06,0,wk inc flu hosp,2026-02-28,quantile,0.95,1828
2026-02-28,06,0,wk inc flu hosp,2026-02-28,quantile,0.975,1947
2026-02-28,06,0,wk inc flu hosp,2026-02-28,quantile,0.99,2175
2026-02-28,06,1,wk inc flu hosp,2026-03-07,quantile,0.01,395
2026-02-28,06,1,wk inc flu hosp,2026-03-07,quantile,0.025,520
2026-02-28,06,1,wk inc flu hosp,2026-03-07,quantile,0.05,596
2026-02-28,06,1,wk inc flu hosp,2026-03-07,quantile,0.1,695
2026-02-28,06,1,wk inc flu hosp,2026-03-07,quantile,0.15,794
2026-02-28,06,1,wk inc flu hosp,2026-03-07,quantile,0.2,857
2026-02-28,06,1,wk inc flu hosp,2026-03-07,quantile,0.25,881
2026-02-28,06,1,wk inc flu hosp,2026-03-07,quantile,0.3,913
2026-02-28,06,1,wk inc flu hosp,2026-03-07,quantile,0.35,943
2026-02-28,06,1,wk inc flu hosp,2026-03-07,quantile,0.4,1005
2026-02-28,06,1,wk inc flu hosp,2026-03-07,quantile,0.45,1052
2026-02-28,06,1,wk inc flu hosp,2026-03-07,quantile,0.5,1116
2026-02-28,06,1,wk inc flu hosp,2026-03-07,quantile,0.55,1161
2026-02-28,06,1,wk inc flu hosp,2026-03-07,quantile,0.6,1201
2026-02-28,06,1,wk inc flu hosp,2026-03-07,quantile,0.65,1237
2026-02-28,06,1,wk inc flu hosp,2026-03-07,quantile,0.7,1272
2026-02-28,06,1,wk inc flu hosp,2026-03-07,quantile,0.75,1312
2026-02-28,06,1,wk inc flu hosp,2026-03-07,quantile,0.8,1391
2026-02-28,06,1,wk inc flu hosp,2026-03-07,quantile,0.85,1479
2026-02-28,06,1,wk inc flu hosp,2026-03-07,quantile,0.9,1637
2026-02-28,06,1,wk inc flu hosp,2026-03-07,quantile,0.95,1899
2026-02-28,06,1,wk inc flu hosp,2026-03-07,quantile,0.975,2155
2026-02-28,06,1,wk inc flu hosp,2026-03-07,quantile,0.99,2441
2026-02-28,06,2,wk inc flu hosp,2026-03-14,quantile,0.01,248
2026-02-28,06,2,wk inc flu hosp,2026-03-14,quantile,0.025,347
2026-02-28,06,2,wk inc flu hosp,2026-03-14,quantile,0.05,416
2026-02-28,06,2,wk inc flu hosp,2026-03-14,quantile,0.1,508
2026-02-28,06,2,wk inc flu hosp,2026-03-14,quantile,0.15,580
2026-02-28,06,2,wk inc flu hosp,2026-03-14,quantile,0.2,643
2026-02-28,06,2,wk inc flu hosp,2026-03-14,quantile,0.25,718
2026-02-28,06,2,wk inc flu hosp,2026-03-14,quantile,0.3,756
2026-02-28,06,2,wk inc flu hosp,2026-03-14,quantile,0.35,804
2026-02-28,06,2,wk inc flu hosp,2026-03-14,quantile,0.4,852
2026-02-28,06,2,wk inc flu hosp,2026-03-14,quantile,0.45,902
2026-02-28,06,2,wk inc flu hosp,2026-03-14,quantile,0.5,969
2026-02-28,06,2,wk inc flu hosp,2026-03-14,quantile,0.55,1028
2026-02-28,06,2,wk inc flu hosp,2026-03-14,quantile,0.6,1073
2026-02-28,06,2,wk inc flu hosp,2026-03-14,quantile,0.65,1121
2026-02-28,06,2,wk inc flu hosp,2026-03-14,quantile,0.7,1177
2026-02-28,06,2,wk inc flu hosp,2026-03-14,quantile,0.75,1238
2026-02-28,06,2,wk inc flu hosp,2026-03-14,quantile,0.8,1315
2026-02-28,06,2,wk inc flu hosp,2026-03-14,quantile,0.85,1425
2026-02-28,06,2,wk inc flu hosp,2026-03-14,quantile,0.9,1531
2026-02-28,06,2,wk inc flu hosp,2026-03-14,quantile,0.95,1920
2026-02-28,06,2,wk inc flu hosp,2026-03-14,quantile,0.975,2263
2026-02-28,06,2,wk inc flu hosp,2026-03-14,quantile,0.99,2602
2026-02-28,06,3,wk inc flu hosp,2026-03-21,quantile,0.01,167
2026-02-28,06,3,wk inc flu hosp,2026-03-21,quantile,0.025,249
2026-02-28,06,3,wk inc flu hosp,2026-03-21,quantile,0.05,315
2026-02-28,06,3,wk inc flu hosp,2026-03-21,quantile,0.1,392
2026-02-28,06,3,wk inc flu hosp,2026-03-21,quantile,0.15,457
2026-02-28,06,3,wk inc flu hosp,2026-03-21,quantile,0.2,535
2026-02-28,06,3,wk inc flu hosp,2026-03-21,quantile,0.25,589
2026-02-28,06,3,wk inc flu hosp,2026-03-21,quantile,0.3,643
2026-02-28,06,3,wk inc flu hosp,2026-03-21,quantile,0.35,696
2026-02-28,06,3,wk inc flu hosp,2026-03-21,quantile,0.4,747
2026-02-28,06,3,wk inc flu hosp,2026-03-21,quantile,0.45,783
2026-02-28,06,3,wk inc flu hosp,2026-03-21,quantile,0.5,814
2026-02-28,06,3,wk inc flu hosp,2026-03-21,quantile,0.55,903
2026-02-28,06,3,wk inc flu hosp,2026-03-21,quantile,0.6,969
2026-02-28,06,3,wk inc flu hosp,2026-03-21,quantile,0.65,1038
2026-02-28,06,3,wk inc flu hosp,2026-03-21,quantile,0.7,1111
2026-02-28,06,3,wk inc flu hosp,2026-03-21,quantile,0.75,1186
2026-02-28,06,3,wk inc flu hosp,2026-03-21,quantile,0.8,1272
2026-02-28,06,3,wk inc flu hosp,2026-03-21,quantile,0.85,1365
2026-02-28,06,3,wk inc flu hosp,2026-03-21,quantile,0.9,1504
2026-02-28,06,3,wk inc flu hosp,2026-03-21,quantile,0.95,1824
2026-02-28,06,3,wk inc flu hosp,2026-03-21,quantile,0.975,2346
2026-02-28,06,3,wk inc flu hosp,2026-03-21,quantile,0.99,2733
2026-02-28,08,0,wk inc flu hosp,2026-02-28,quantile,0.01,36
2026-02-28,08,0,wk inc flu hosp,2026-02-28,quantile,0.025,44
2026-02-28,08,0,wk inc flu hosp,2026-02-28,quantile,0.05,56
2026-02-28,08,0,wk inc flu hosp,2026-02-28,quantile,0.1,65
2026-02-28,08,0,wk inc flu hosp,2026-02-28,quantile,0.15,71
2026-02-28,08,0,wk inc flu hosp,2026-02-28,quantile,0.2,75
2026-02-28,08,0,wk inc flu hosp,2026-02-28,quantile,0.25,79
2026-02-28,08,0,wk inc flu hosp,2026-02-28,quantile,0.3,83
2026-02-28,08,0,wk inc flu hosp,2026-02-28,quantile,0.35,88
2026-02-28,08,0,wk inc flu hosp,2026-02-28,quantile,0.4,93
2026-02-28,08,0,wk inc flu hosp,2026-02-28,quantile,0.45,96
2026-02-28,08,0,wk inc flu hosp,2026-02-28,quantile,0.5,103
2026-02-28,08,0,wk inc flu hosp,2026-02-28,quantile,0.55,109
2026-02-28,08,0,wk inc flu hosp,2026-02-28,quantile,0.6,112
2026-02-28,08,0,wk inc flu hosp,2026-02-28,quantile,0.65,117
2026-02-28,08,0,wk inc flu hosp,2026-02-28,quantile,0.7,121
2026-02-28,08,0,wk inc flu hosp,2026-02-28,quantile,0.75,126
2026-02-28,08,0,wk inc flu hosp,2026-02-28,quantile,0.8,133
2026-02-28,08,0,wk inc flu hosp,2026-02-28,quantile,0.85,139
2026-02-28,08,0,wk inc flu hosp,2026-02-28,quantile,0.9,151
2026-02-28,08,0,wk inc flu hosp,2026-02-28,quantile,0.95,166
2026-02-28,08,0,wk inc flu hosp,2026-02-28,quantile,0.975,182
2026-02-28,08,0,wk inc flu hosp,2026-02-28,quantile,0.99,203
2026-02-28,08,1,wk inc flu hosp,2026-03-07,quantile,0.01,23
2026-02-28,08,1,wk inc flu hosp,2026-03-07,quantile,0.025,29
2026-02-28,08,1,wk inc flu hosp,2026-03-07,quantile,0.05,36
2026-02-28,08,1,wk inc flu hosp,2026-03-07,quantile,0.1,45
2026-02-28,08,1,wk inc flu hosp,2026-03-07,quantile,0.15,50
2026-02-28,08,1,wk inc flu hosp,2026-03-07,quantile,0.2,56
2026-02-28,08,1,wk inc flu hosp,2026-03-07,quantile,0.25,63
2026-02-28,08,1,wk inc flu hosp,2026-03-07,quantile,0.3,68
2026-02-28,08,1,wk inc flu hosp,2026-03-07,quantile,0.35,74
2026-02-28,08,1,wk inc flu hosp,2026-03-07,quantile,0.4,80
2026-02-28,08,1,wk inc flu hosp,2026-03-07,quantile,0.45,85
2026-02-28,08,1,wk inc flu hosp,2026-03-07,quantile,0.5,91
2026-02-28,08,1,wk inc flu hosp,2026-03-07,quantile,0.55,99
2026-02-28,08,1,wk inc flu hosp,2026-03-07,quantile,0.6,106
2026-02-28,08,1,wk inc flu hosp,2026-03-07,quantile,0.65,112
2026-02-28,08,1,wk inc flu hosp,2026-03-07,quantile,0.7,117
2026-02-28,08,1,wk inc flu hosp,2026-03-07,quantile,0.75,122
2026-02-28,08,1,wk inc flu hosp,2026-03-07,quantile,0.8,132
2026-02-28,08,1,wk inc flu hosp,2026-03-07,quantile,0.85,142
2026-02-28,08,1,wk inc flu hosp,2026-03-07,quantile,0.9,161
2026-02-28,08,1,wk inc flu hosp,2026-03-07,quantile,0.95,178
2026-02-28,08,1,wk inc flu hosp,2026-03-07,quantile,0.975,205
2026-02-28,08,1,wk inc flu hosp,2026-03-07,quantile,0.99,234
2026-02-28,08,2,wk inc flu hosp,2026-03-14,quantile,0.01,12
2026-02-28,08,2,wk inc flu hosp,2026-03-14,quantile,0.025,20
2026-02-28,08,2,wk inc flu hosp,2026-03-14,quantile,0.05,23
2026-02-28,08,2,wk inc flu hosp,2026-03-14,quantile,0.1,33
2026-02-28,08,2,wk inc flu hosp,2026-03-14,quantile,0.15,40
2026-02-28,08,2,wk inc flu hosp,2026-03-14,quantile,0.2,46
2026-02-28,08,2,wk inc flu hosp,2026-03-14,quantile,0.25,52
2026-02-28,08,2,wk inc flu hosp,2026-03-14,quantile,0.3,56
2026-02-28,08,2,wk inc flu hosp,2026-03-14,quantile,0.35,63
2026-02-28,08,2,wk inc flu hosp,2026-03-14,quantile,0.4,67
2026-02-28,08,2,wk inc flu hosp,2026-03-14,quantile,0.45,75
2026-02-28,08,2,wk inc flu hosp,2026-03-14,quantile,0.5,82
2026-02-28,08,2,wk inc flu hosp,2026-03-14,quantile,0.55,90
2026-02-28,08,2,wk inc flu hosp,2026-03-14,quantile,0.6,97
2026-02-28,08,2,wk inc flu hosp,2026-03-14,quantile,0.65,106
2026-02-28,08,2,wk inc flu hosp,2026-03-14,quantile,0.7,112
2026-02-28,08,2,wk inc flu hosp,2026-03-14,quantile,0.75,120
2026-02-28,08,2,wk inc flu hosp,2026-03-14,quantile,0.8,128
2026-02-28,08,2,wk inc flu hosp,2026-03-14,quantile,0.85,142
2026-02-28,08,2,wk inc flu hosp,2026-03-14,quantile,0.9,158
2026-02-28,08,2,wk inc flu hosp,2026-03-14,quantile,0.95,183
2026-02-28,08,2,wk inc flu hosp,2026-03-14,quantile,0.975,205
2026-02-28,08,2,wk inc flu hosp,2026-03-14,quantile,0.99,243
2026-02-28,08,3,wk inc flu hosp,2026-03-21,quantile,0.01,8
2026-02-28,08,3,wk inc flu hosp,2026-03-21,quantile,0.025,10
2026-02-28,08,3,wk inc flu hosp,2026-03-21,quantile,0.05,15
2026-02-28,08,3,wk inc flu hosp,2026-03-21,quantile,0.1,22
2026-02-28,08,3,wk inc flu hosp,2026-03-21,quantile,0.15,26
2026-02-28,08,3,wk inc flu hosp,2026-03-21,quantile,0.2,32
2026-02-28,08,3,wk inc flu hosp,2026-03-21,quantile,0.25,39
2026-02-28,08,3,wk inc flu hosp,2026-03-21,quantile,0.3,43
2026-02-28,08,3,wk inc flu hosp,2026-03-21,quantile,0.35,48
2026-02-28,08,3,wk inc flu hosp,2026-03-21,quantile,0.4,55
2026-02-28,08,3,wk inc flu hosp,2026-03-21,quantile,0.45,62
2026-02-28,08,3,wk inc flu hosp,2026-03-21,quantile,0.5,72
2026-02-28,08,3,wk inc flu hosp,2026-03-21,quantile,0.55,80
2026-02-28,08,3,wk inc flu hosp,2026-03-21,quantile,0.6,87
2026-02-28,08,3,wk inc flu hosp,2026-03-21,quantile,0.65,94
2026-02-28,08,3,wk inc flu hosp,2026-03-21,quantile,0.7,102
2026-02-28,08,3,wk inc flu hosp,2026-03-21,quantile,0.75,111
2026-02-28,08,3,wk inc flu hosp,2026-03-21,quantile,0.8,119
2026-02-28,08,3,wk inc flu hosp,2026-03-21,quantile,0.85,136
2026-02-28,08,3,wk inc flu hosp,2026-03-21,quantile,0.9,160
2026-02-28,08,3,wk inc flu hosp,2026-03-21,quantile,0.95,182
2026-02-28,08,3,wk inc flu hosp,2026-03-21,quantile,0.975,202
2026-02-28,08,3,wk inc flu hosp,2026-03-21,quantile,0.99,258
2026-02-28,09,0,wk inc flu hosp,2026-02-28,quantile,0.01,6
2026-02-28,09,0,wk inc flu hosp,2026-02-28,quantile,0.025,8
2026-02-28,09,0,wk inc flu hosp,2026-02-28,quantile,0.05,10
2026-02-28,09,0,wk inc flu hosp,2026-02-28,quantile,0.1,12
2026-02-28,09,0,wk inc flu hosp,2026-02-28,quantile,0.15,14
2026-02-28,09,0,wk inc flu hosp,2026-02-28,quantile,0.2,15
2026-02-28,09,0,wk inc flu hosp,2026-02-28,quantile,0.25,16
2026-02-28,09,0,wk inc flu hosp,2026-02-28,quantile,0.3,18
2026-02-28,09,0,wk inc flu hosp,2026-02-28,quantile,0.35,20
2026-02-28,09,0,wk inc flu hosp,2026-02-28,quantile,0.4,21
2026-02-28,09,0,wk inc flu hosp,2026-02-28,quantile,0.45,22
2026-02-28,09,0,wk inc flu hosp,2026-02-28,quantile,0.5,24
2026-02-28,09,0,wk inc flu hosp,2026-02-28,quantile,0.55,26
2026-02-28,09,0,wk inc flu hosp,2026-02-28,quantile,0.6,29
2026-02-28,09,0,wk inc flu hosp,2026-02-28,quantile,0.65,32
2026-02-28,09,0,wk inc flu hosp,2026-02-28,quantile,0.7,35
2026-02-28,09,0,wk inc flu hosp,2026-02-28,quantile,0.75,39
2026-02-28,09,0,wk inc flu hosp,2026-02-28,quantile,0.8,45
2026-02-28,09,0,wk inc flu hosp,2026-02-28,quantile,0.85,48
2026-02-28,09,0,wk inc flu hosp,2026-02-28,quantile,0.9,56
2026-02-28,09,0,wk inc flu hosp,2026-02-28,quantile,0.95,62
2026-02-28,09,0,wk inc flu hosp,2026-02-28,quantile,0.975,78
2026-02-28,09,0,wk inc flu hosp,2026-02-28,quantile,0.99,86
2026-02-28,09,1,wk inc flu hosp,2026-03-07,quantile,0.01,2
2026-02-28,09,1,wk inc flu hosp,2026-03-07,quantile,0.025,3
2026-02-28,09,1,wk inc flu hosp,2026-03-07,quantile,0.05,4
2026-02-28,09,1,wk inc flu hosp,2026-03-07,quantile,0.1,8
2026-02-28,09,1,wk inc flu hosp,2026-03-07,quantile,0.15,9
2026-02-28,09,1,wk inc flu hosp,2026-03-07,quantile,0.2,10
2026-02-28,09,1,wk inc flu hosp,2026-03-07,quantile,0.25,11
2026-02-28,09,1,wk inc flu hosp,2026-03-07,quantile,0.3,14
2026-02-28,09,1,wk inc flu hosp,2026-03-07,quantile,0.35,18
2026-02-28,09,1,wk inc flu hosp,2026-03-07,quantile,0.4,20
2026-02-28,09,1,wk inc flu hosp,2026-03-07,quantile,0.45,22
2026-02-28,09,1,wk inc flu hosp,2026-03-07,quantile,0.5,24
2026-02-28,09,1,wk inc flu hosp,2026-03-07,quantile,0.55,26
2026-02-28,09,1,wk inc flu hosp,2026-03-07,quantile,0.6,28
2026-02-28,09,1,wk inc flu hosp,2026-03-07,quantile,0.65,36
2026-02-28,09,1,wk inc flu hosp,2026-03-07,quantile,0.7,41
2026-02-28,09,1,wk inc flu hosp,2026-03-07,quantile,0.75,44
2026-02-28,09,1,wk inc flu hosp,2026-03-07,quantile,0.8,48
2026-02-28,09,1,wk inc flu hosp,2026-03-07,quantile,0.85,55
2026-02-28,09,1,wk inc flu hosp,2026-03-07,quantile,0.9,62
2026-02-28,09,1,wk inc flu hosp,2026-03-07,quantile,0.95,78
2026-02-28,09,1,wk inc flu hosp,2026-03-07,quantile,0.975,90
2026-02-28,09,1,wk inc flu hosp,2026-03-07,quantile,0.99,109
2026-02-28,09,2,wk inc flu hosp,2026-03-14,quantile,0.01,0
2026-02-28,09,2,wk inc flu hosp,2026-03-14,quantile,0.025,1
2026-02-28,09,2,wk inc flu hosp,2026-03-14,quantile,0.05,1
2026-02-28,09,2,wk inc flu hosp,2026-03-14,quantile,0.1,4
2026-02-28,09,2,wk inc flu hosp,2026-03-14,quantile,0.15,5
2026-02-28,09,2,wk inc flu hosp,2026-03-14,quantile,0.2,7
2026-02-28,09,2,wk inc flu hosp,2026-03-14,quantile,0.25,9
2026-02-28,09,2,wk inc flu hosp,2026-03-14,quantile,0.3,10
2026-02-28,09,2,wk inc flu hosp,2026-03-14,quantile,0.35,13
2026-02-28,09,2,wk inc flu hosp,2026-03-14,quantile,0.4,17
2026-02-28,09,2,wk inc flu hosp,2026-03-14,quantile,0.45,19
2026-02-28,09,2,wk inc flu hosp,2026-03-14,quantile,0.5,20
2026-02-28,09,2,wk inc flu hosp,2026-03-14,quantile,0.55,23
2026-02-28,09,2,wk inc flu hosp,2026-03-14,quantile,0.6,27
2026-02-28,09,2,wk inc flu hosp,2026-03-14,quantile,0.65,32
2026-02-28,09,2,wk inc flu hosp,2026-03-14,quantile,0.7,35
2026-02-28,09,2,wk inc flu hosp,2026-03-14,quantile,0.75,37
2026-02-28,09,2,wk inc flu hosp,2026-03-14,quantile,0.8,48
2026-02-28,09,2,wk inc flu hosp,2026-03-14,quantile,0.85,55
2026-02-28,09,2,wk inc flu hosp,2026-03-14,quantile,0.9,69
2026-02-28,09,2,wk inc flu hosp,2026-03-14,quantile,0.95,89
2026-02-28,09,2,wk inc flu hosp,2026-03-14,quantile,0.975,110
2026-02-28,09,2,wk inc flu hosp,2026-03-14,quantile,0.99,131
2026-02-28,09,3,wk inc flu hosp,2026-03-21,quantile,0.01,0
2026-02-28,09,3,wk inc flu hosp,2026-03-21,quantile,0.025,0
2026-02-28,09,3,wk inc flu hosp,2026-03-21,quantile,0.05,1
2026-02-28,09,3,wk inc flu hosp,2026-03-21,quantile,0.1,4
2026-02-28,09,3,wk inc flu hosp,2026-03-21,quantile,0.15,5
2026-02-28,09,3,wk inc flu hosp,2026-03-21,quantile,0.2,7
2026-02-28,09,3,wk inc flu hosp,2026-03-21,quantile,0.25,7
2026-02-28,09,3,wk inc flu hosp,2026-03-21,quantile,0.3,8
2026-02-28,09,3,wk inc flu hosp,2026-03-21,quantile,0.35,11
2026-02-28,09,3,wk inc flu hosp,2026-03-21,quantile,0.4,15
2026-02-28,09,3,wk inc flu hosp,2026-03-21,quantile,0.45,17
2026-02-28,09,3,wk inc flu hosp,2026-03-21,quantile,0.5,20
2026-02-28,09,3,wk inc flu hosp,2026-03-21,quantile,0.55,21
2026-02-28,09,3,wk inc flu hosp,2026-03-21,quantile,0.6,23
2026-02-28,09,3,wk inc flu hosp,2026-03-21,quantile,0.65,25
2026-02-28,09,3,wk inc flu hosp,2026-03-21,quantile,0.7,30
2026-02-28,09,3,wk inc flu hosp,2026-03-21,quantile,0.75,39
2026-02-28,09,3,wk inc flu hosp,2026-03-21,quantile,0.8,45
2026-02-28,09,3,wk inc flu hosp,2026-03-21,quantile,0.85,53
2026-02-28,09,3,wk inc flu hosp,2026-03-21,quantile,0.9,64
2026-02-28,09,3,wk inc flu hosp,2026-03-21,quantile,0.95,80
2026-02-28,09,3,wk inc flu hosp,2026-03-21,quantile,0.975,108
2026-02-28,09,3,wk inc flu hosp,2026-03-21,quantile,0.99,150
2026-02-28,10,0,wk inc flu hosp,2026-02-28,quantile,0.01,5
2026-02-28,10,0,wk inc flu hosp,2026-02-28,quantile,0.025,7
2026-02-28,10,0,wk inc flu hosp,2026-02-28,quantile,0.05,9
2026-02-28,10,0,wk inc flu hosp,2026-02-28,quantile,0.1,12
2026-02-28,10,0,wk inc flu hosp,2026-02-28,quantile,0.15,14
2026-02-28,10,0,wk inc flu hosp,2026-02-28,quantile,0.2,15
2026-02-28,10,0,wk inc flu hosp,2026-02-28,quantile,0.25,16
2026-02-28,10,0,wk inc flu hosp,2026-02-28,quantile,0.3,18
2026-02-28,10,0,wk inc flu hosp,2026-02-28,quantile,0.35,19
2026-02-28,10,0,wk inc flu hosp,2026-02-28,quantile,0.4,20
2026-02-28,10,0,wk inc flu hosp,2026-02-28,quantile,0.45,24
2026-02-28,10,0,wk inc flu hosp,2026-02-28,quantile,0.5,26
2026-02-28,10,0,wk inc flu hosp,2026-02-28,quantile,0.55,27
2026-02-28,10,0,wk inc flu hosp,2026-02-28,quantile,0.6,28
2026-02-28,10,0,wk inc flu hosp,2026-02-28,quantile,0.65,29
2026-02-28,10,0,wk inc flu hosp,2026-02-28,quantile,0.7,30
2026-02-28,10,0,wk inc flu hosp,2026-02-28,quantile,0.75,31
2026-02-28,10,0,wk inc flu hosp,2026-02-28,quantile,0.8,35
2026-02-28,10,0,wk inc flu hosp,2026-02-28,quantile,0.85,36
2026-02-28,10,0,wk inc flu hosp,2026-02-28,quantile,0.9,41
2026-02-28,10,0,wk inc flu hosp,2026-02-28,quantile,0.95,50
2026-02-28,10,0,wk inc flu hosp,2026-02-28,quantile,0.975,56
2026-02-28,10,0,wk inc flu hosp,2026-02-28,quantile,0.99,61
2026-02-28,10,1,wk inc flu hosp,2026-03-07,quantile,0.01,3
2026-02-28,10,1,wk inc flu hosp,2026-03-07,quantile,0.025,4
2026-02-28,10,1,wk inc flu hosp,2026-03-07,quantile,0.05,5
2026-02-28,10,1,wk inc flu hosp,2026-03-07,quantile,0.1,7
2026-02-28,10,1,wk inc flu hosp,2026-03-07,quantile,0.15,8
2026-02-28,10,1,wk inc flu hosp,2026-03-07,quantile,0.2,10
2026-02-28,10,1,wk inc flu hosp,2026-03-07,quantile,0.25,11
2026-02-28,10,1,wk inc flu hosp,2026-03-07,quantile,0.3,13
2026-02-28,10,1,wk inc flu hosp,2026-03-07,quantile,0.35,15
2026-02-28,10,1,wk inc flu hosp,2026-03-07,quantile,0.4,16
2026-02-28,10,1,wk inc flu hosp,2026-03-07,quantile,0.45,19
2026-02-28,10,1,wk inc flu hosp,2026-03-07,quantile,0.5,21
2026-02-28,10,1,wk inc flu hosp,2026-03-07,quantile,0.55,24
2026-02-28,10,1,wk inc flu hosp,2026-03-07,quantile,0.6,26
2026-02-28,10,1,wk inc flu hosp,2026-03-07,quantile,0.65,27
2026-02-28,10,1,wk inc flu hosp,2026-03-07,quantile,0.7,29
2026-02-28,10,1,wk inc flu hosp,2026-03-07,quantile,0.75,31
2026-02-28,10,1,wk inc flu hosp,2026-03-07,quantile,0.8,33
2026-02-28,10,1,wk inc flu hosp,2026-03-07,quantile,0.85,37
2026-02-28,10,1,wk inc flu hosp,2026-03-07,quantile,0.9,43
2026-02-28,10,1,wk inc flu hosp,2026-03-07,quantile,0.95,53
2026-02-28,10,1,wk inc flu hosp,2026-03-07,quantile,0.975,64
2026-02-28,10,1,wk inc flu hosp,2026-03-07,quantile,0.99,73
2026-02-28,10,2,wk inc flu hosp,2026-03-14,quantile,0.01,1
2026-02-28,10,2,wk inc flu hosp,2026-03-14,quantile,0.025,2
2026-02-28,10,2,wk inc flu hosp,2026-03-14,quantile,0.05,3
2026-02-28,10,2,wk inc flu hosp,2026-03-14,quantile,0.1,4
2026-02-28,10,2,wk inc flu hosp,2026-03-14,quantile,0.15,5
2026-02-28,10,2,wk inc flu hosp,2026-03-14,quantile,0.2,6
2026-02-28,10,2,wk inc flu hosp,2026-03-14,quantile,0.25,6
2026-02-28,10,2,wk inc flu hosp,2026-03-14,quantile,0.3,10
2026-02-28,10,2,wk inc flu hosp,2026-03-14,quantile,0.35,11
2026-02-28,10,2,wk inc flu hosp,2026-03-14,quantile,0.4,13
2026-02-28,10,2,wk inc flu hosp,2026-03-14,quantile,0.45,15
2026-02-28,10,2,wk inc flu hosp,2026-03-14,quantile,0.5,16
2026-02-28,10,2,wk inc flu hosp,2026-03-14,quantile,0.55,20
2026-02-28,10,2,wk inc flu hosp,2026-03-14,quantile,0.6,22
2026-02-28,10,2,wk inc flu hosp,2026-03-14,quantile,0.65,23
2026-02-28,10,2,wk inc flu hosp,2026-03-14,quantile,0.7,26
2026-02-28,10,2,wk inc flu hosp,2026-03-14,quantile,0.75,29
2026-02-28,10,2,wk inc flu hosp,2026-03-14,quantile,0.8,32
2026-02-28,10,2,wk inc flu hosp,2026-03-14,quantile,0.85,36
2026-02-28,10,2,wk inc flu hosp,2026-03-14,quantile,0.9,42
2026-02-28,10,2,wk inc flu hosp,2026-03-14,quantile,0.95,54
2026-02-28,10,2,wk inc flu hosp,2026-03-14,quantile,0.975,65
2026-02-28,10,2,wk inc flu hosp,2026-03-14,quantile,0.99,78
2026-02-28,10,3,wk inc flu hosp,2026-03-21,quantile,0.01,0
2026-02-28,10,3,wk inc flu hosp,2026-03-21,quantile,0.025,1
2026-02-28,10,3,wk inc flu hosp,2026-03-21,quantile,0.05,2
2026-02-28,10,3,wk inc flu hosp,2026-03-21,quantile,0.1,2
2026-02-28,10,3,wk inc flu hosp,2026-03-21,quantile,0.15,3
2026-02-28,10,3,wk inc flu hosp,2026-03-21,quantile,0.2,4
2026-02-28,10,3,wk inc flu hosp,2026-03-21,quantile,0.25,4
2026-02-28,10,3,wk inc flu hosp,2026-03-21,quantile,0.3,5
2026-02-28,10,3,wk inc flu hosp,2026-03-21,quantile,0.35,8
2026-02-28,10,3,wk inc flu hosp,2026-03-21,quantile,0.4,10
2026-02-28,10,3,wk inc flu hosp,2026-03-21,quantile,0.45,11
2026-02-28,10,3,wk inc flu hosp,2026-03-21,quantile,0.5,13
2026-02-28,10,3,wk inc flu hosp,2026-03-21,quantile,0.55,16
2026-02-28,10,3,wk inc flu hosp,2026-03-21,quantile,0.6,19
2026-02-28,10,3,wk inc flu hosp,2026-03-21,quantile,0.65,20
2026-02-28,10,3,wk inc flu hosp,2026-03-21,quantile,0.7,22
2026-02-28,10,3,wk inc flu hosp,2026-03-21,quantile,0.75,24
2026-02-28,10,3,wk inc flu hosp,2026-03-21,quantile,0.8,29
2026-02-28,10,3,wk inc flu hosp,2026-03-21,quantile,0.85,35
2026-02-28,10,3,wk inc flu hosp,2026-03-21,quantile,0.9,41
2026-02-28,10,3,wk inc flu hosp,2026-03-21,quantile,0.95,54
2026-02-28,10,3,wk inc flu hosp,2026-03-21,quantile,0.975,65
2026-02-28,10,3,wk inc flu hosp,2026-03-21,quantile,0.99,77
2026-02-28,11,0,wk inc flu hosp,2026-02-28,quantile,0.01,0
2026-02-28,11,0,wk inc flu hosp,2026-02-28,quantile,0.025,0
2026-02-28,11,0,wk inc flu hosp,2026-02-28,quantile,0.05,0
2026-02-28,11,0,wk inc flu hosp,2026-02-28,quantile,0.1,0
2026-02-28,11,0,wk inc flu hosp,2026-02-28,quantile,0.15,1
2026-02-28,11,0,wk inc flu hosp,2026-02-28,quantile,0.2,1
2026-02-28,11,0,wk inc flu hosp,2026-02-28,quantile,0.25,1
2026-02-28,11,0,wk inc flu hosp,2026-02-28,quantile,0.3,2
2026-02-28,11,0,wk inc flu hosp,2026-02-28,quantile,0.35,2
2026-02-28,11,0,wk inc flu hosp,2026-02-28,quantile,0.4,2
2026-02-28,11,0,wk inc flu hosp,2026-02-28,quantile,0.45,2
2026-02-28,11,0,wk inc flu hosp,2026-02-28,quantile,0.5,4
2026-02-28,11,0,wk inc flu hosp,2026-02-28,quantile,0.55,4
2026-02-28,11,0,wk inc flu hosp,2026-02-28,quantile,0.6,5
2026-02-28,11,0,wk inc flu hosp,2026-02-28,quantile,0.65,5
2026-02-28,11,0,wk inc flu hosp,2026-02-28,quantile,0.7,6
2026-02-28,11,0,wk inc flu hosp,2026-02-28,quantile,0.75,6
2026-02-28,11,0,wk inc flu hosp,2026-02-28,quantile,0.8,7
2026-02-28,11,0,wk inc flu hosp,2026-02-28,quantile,0.85,8
2026-02-28,11,0,wk inc flu hosp,2026-02-28,quantile,0.9,10
2026-02-28,11,0,wk inc flu hosp,2026-02-28,quantile,0.95,14
2026-02-28,11,0,wk inc flu hosp,2026-02-28,quantile,0.975,16
2026-02-28,11,0,wk inc flu hosp,2026-02-28,quantile,0.99,19
2026-02-28,11,1,wk inc flu hosp,2026-03-07,quantile,0.01,0
2026-02-28,11,1,wk inc flu hosp,2026-03-07,quantile,0.025,0
2026-02-28,11,1,wk inc flu hosp,2026-03-07,quantile,0.05,0
2026-02-28,11,1,wk inc flu hosp,2026-03-07,quantile,0.1,0
2026-02-28,11,1,wk inc flu hosp,2026-03-07,quantile,0.15,0
2026-02-28,11,1,wk inc flu hosp,2026-03-07,quantile,0.2,1
2026-02-28,11,1,wk inc flu hosp,2026-03-07,quantile,0.25,1
2026-02-28,11,1,wk inc flu hosp,2026-03-07,quantile,0.3,1
2026-02-28,11,1,wk inc flu hosp,2026-03-07,quantile,0.35,2
2026-02-28,11,1,wk inc flu hosp,2026-03-07,quantile,0.4,2
2026-02-28,11,1,wk inc flu hosp,2026-03-07,quantile,0.45,2
2026-02-28,11,1,wk inc flu hosp,2026-03-07,quantile,0.5,3
2026-02-28,11,1,wk inc flu hosp,2026-03-07,quantile,0.55,4
2026-02-28,11,1,wk inc flu hosp,2026-03-07,quantile,0.6,4
2026-02-28,11,1,wk inc flu hosp,2026-03-07,quantile,0.65,5
2026-02-28,11,1,wk inc flu hosp,2026-03-07,quantile,0.7,6
2026-02-28,11,1,wk inc flu hosp,2026-03-07,quantile,0.75,7
2026-02-28,11,1,wk inc flu hosp,2026-03-07,quantile,0.8,8
2026-02-28,11,1,wk inc flu hosp,2026-03-07,quantile,0.85,11
2026-02-28,11,1,wk inc flu hosp,2026-03-07,quantile,0.9,13
2026-02-28,11,1,wk inc flu hosp,2026-03-07,quantile,0.95,16
2026-02-28,11,1,wk inc flu hosp,2026-03-07,quantile,0.975,19
2026-02-28,11,1,wk inc flu hosp,2026-03-07,quantile,0.99,24
2026-02-28,11,2,wk inc flu hosp,2026-03-14,quantile,0.01,0
2026-02-28,11,2,wk inc flu hosp,2026-03-14,quantile,0.025,0
2026-02-28,11,2,wk inc flu hosp,2026-03-14,quantile,0.05,0
2026-02-28,11,2,wk inc flu hosp,2026-03-14,quantile,0.1,0
2026-02-28,11,2,wk inc flu hosp,2026-03-14,quantile,0.15,0
2026-02-28,11,2,wk inc flu hosp,2026-03-14,quantile,0.2,0
2026-02-28,11,2,wk inc flu hosp,2026-03-14,quantile,0.25,1
2026-02-28,11,2,wk inc flu hosp,2026-03-14,quantile,0.3,1
2026-02-28,11,2,wk inc flu hosp,2026-03-14,quantile,0.35,1
2026-02-28,11,2,wk inc flu hosp,2026-03-14,quantile,0.4,1
2026-02-28,11,2,wk inc flu hosp,2026-03-14,quantile,0.45,2
2026-02-28,11,2,wk inc flu hosp,2026-03-14,quantile,0.5,3
2026-02-28,11,2,wk inc flu hosp,2026-03-14,quantile,0.55,3
2026-02-28,11,2,wk inc flu hosp,2026-03-14,quantile,0.6,4
2026-02-28,11,2,wk inc flu hosp,2026-03-14,quantile,0.65,5
2026-02-28,11,2,wk inc flu hosp,2026-03-14,quantile,0.7,6
2026-02-28,11,2,wk inc flu hosp,2026-03-14,quantile,0.75,7
2026-02-28,11,2,wk inc flu hosp,2026-03-14,quantile,0.8,9
2026-02-28,11,2,wk inc flu hosp,2026-03-14,quantile,0.85,11
2026-02-28,11,2,wk inc flu hosp,2026-03-14,quantile,0.9,14
2026-02-28,11,2,wk inc flu hosp,2026-03-14,quantile,0.95,18
2026-02-28,11,2,wk inc flu hosp,2026-03-14,quantile,0.975,23
2026-02-28,11,2,wk inc flu hosp,2026-03-14,quantile,0.99,30
2026-02-28,11,3,wk inc flu hosp,2026-03-21,quantile,0.01,0
2026-02-28,11,3,wk inc flu hosp,2026-03-21,quantile,0.025,0
2026-02-28,11,3,wk inc flu hosp,2026-03-21,quantile,0.05,0
2026-02-28,11,3,wk inc flu hosp,2026-03-21,quantile,0.1,0
2026-02-28,11,3,wk inc flu hosp,2026-03-21,quantile,0.15,0
2026-02-28,11,3,wk inc flu hosp,2026-03-21,quantile,0.2,0
2026-02-28,11,3,wk inc flu hosp,2026-03-21,quantile,0.25,1
2026-02-28,11,3,wk inc flu hosp,2026-03-21,quantile,0.3,1
2026-02-28,11,3,wk inc flu hosp,2026-03-21,quantile,0.35,1
2026-02-28,11,3,wk inc flu hosp,2026-03-21,quantile,0.4,1
2026-02-28,11,3,wk inc flu hosp,2026-03-21,quantile,0.45,2
2026-02-28,11,3,wk inc flu hosp,2026-03-21,quantile,0.5,2
2026-02-28,11,3,wk inc flu hosp,2026-03-21,quantile,0.55,3
2026-02-28,11,3,wk inc flu hosp,2026-03-21,quantile,0.6,4
2026-02-28,11,3,wk inc flu hosp,2026-03-21,quantile,0.65,4
2026-02-28,11,3,wk inc flu hosp,2026-03-21,quantile,0.7,6
2026-02-28,11,3,wk inc flu hosp,2026-03-21,quantile,0.75,7
2026-02-28,11,3,wk inc flu hosp,2026-03-21,quantile,0.8,8
2026-02-28,11,3,wk inc flu hosp,2026-03-21,quantile,0.85,11
2026-02-28,11,3,wk inc flu hosp,2026-03-21,quantile,0.9,14
2026-02-28,11,3,wk inc flu hosp,2026-03-21,quantile,0.95,19
2026-02-28,11,3,wk inc flu hosp,2026-03-21,quantile,0.975,25
2026-02-28,11,3,wk inc flu hosp,2026-03-21,quantile,0.99,31
2026-02-28,12,0,wk inc flu hosp,2026-02-28,quantile,0.01,904
2026-02-28,12,0,wk inc flu hosp,2026-02-28,quantile,0.025,985
2026-02-28,12,0,wk inc flu hosp,2026-02-28,quantile,0.05,1097
2026-02-28,12,0,wk inc flu hosp,2026-02-28,quantile,0.1,1217
2026-02-28,12,0,wk inc flu hosp,2026-02-28,quantile,0.15,1291
2026-02-28,12,0,wk inc flu hosp,2026-02-28,quantile,0.2,1341
2026-02-28,12,0,wk inc flu hosp,2026-02-28,quantile,0.25,1370
2026-02-28,12,0,wk inc flu hosp,2026-02-28,quantile,0.3,1394
2026-02-28,12,0,wk inc flu hosp,2026-02-28,quantile,0.35,1418
2026-02-28,12,0,wk inc flu hosp,2026-02-28,quantile,0.4,1450
2026-02-28,12,0,wk inc flu hosp,2026-02-28,quantile,0.45,1511
2026-02-28,12,0,wk inc flu hosp,2026-02-28,quantile,0.5,1517
2026-02-28,12,0,wk inc flu hosp,2026-02-28,quantile,0.55,1537
2026-02-28,12,0,wk inc flu hosp,2026-02-28,quantile,0.6,1566
2026-02-28,12,0,wk inc flu hosp,2026-02-28,quantile,0.65,1607
2026-02-28,12,0,wk inc flu hosp,2026-02-28,quantile,0.7,1651
2026-02-28,12,0,wk inc flu hosp,2026-02-28,quantile,0.75,1686
2026-02-28,12,0,wk inc flu hosp,2026-02-28,quantile,0.8,1755
2026-02-28,12,0,wk inc flu hosp,2026-02-28,quantile,0.85,1818
2026-02-28,12,0,wk inc flu hosp,2026-02-28,quantile,0.9,1906
2026-02-28,12,0,wk inc flu hosp,2026-02-28,quantile,0.95,2051
2026-02-28,12,0,wk inc flu hosp,2026-02-28,quantile,0.975,2141
2026-02-28,12,0,wk inc flu hosp,2026-02-28,quantile,0.99,2290
2026-02-28,12,1,wk inc flu hosp,2026-03-07,quantile,0.01,570
2026-02-28,12,1,wk inc flu hosp,2026-03-07,quantile,0.025,625
2026-02-28,12,1,wk inc flu hosp,2026-03-07,quantile,0.05,765
2026-02-28,12,1,wk inc flu hosp,2026-03-07,quantile,0.1,808
2026-02-28,12,1,wk inc flu hosp,2026-03-07,quantile,0.15,887
2026-02-28,12,1,wk inc flu hosp,2026-03-07,quantile,0.2,1019
2026-02-28,12,1,wk inc flu hosp,2026-03-07,quantile,0.25,1055
2026-02-28,12,1,wk inc flu hosp,2026-03-07,quantile,0.3,1091
2026-02-28,12,1,wk inc flu hosp,2026-03-07,quantile,0.35,1125
2026-02-28,12,1,wk inc flu hosp,2026-03-07,quantile,0.4,1158
2026-02-28,12,1,wk inc flu hosp,2026-03-07,quantile,0.45,1199
2026-02-28,12,1,wk inc flu hosp,2026-03-07,quantile,0.5,1273
2026-02-28,12,1,wk inc flu hosp,2026-03-07,quantile,0.55,1345
2026-02-28,12,1,wk inc flu hosp,2026-03-07,quantile,0.6,1381
2026-02-28,12,1,wk inc flu hosp,2026-03-07,quantile,0.65,1411
2026-02-28,12,1,wk inc flu hosp,2026-03-07,quantile,0.7,1459
2026-02-28,12,1,wk inc flu hosp,2026-03-07,quantile,0.75,1504
2026-02-28,12,1,wk inc flu hosp,2026-03-07,quantile,0.8,1601
2026-02-28,12,1,wk inc flu hosp,2026-03-07,quantile,0.85,1732
2026-02-28,12,1,wk inc flu hosp,2026-03-07,quantile,0.9,1912
2026-02-28,12,1,wk inc flu hosp,2026-03-07,quantile,0.95,2057
2026-02-28,12,1,wk inc flu hosp,2026-03-07,quantile,0.975,2254
2026-02-28,12,1,wk inc flu hosp,2026-03-07,quantile,0.99,2485
2026-02-28,12,2,wk inc flu hosp,2026-03-14,quantile,0.01,326
2026-02-28,12,2,wk inc flu hosp,2026-03-14,quantile,0.025,451
2026-02-28,12,2,wk inc flu hosp,2026-03-14,quantile,0.05,514
2026-02-28,12,2,wk inc flu hosp,2026-03-14,quantile,0.1,656
2026-02-28,12,2,wk inc flu hosp,2026-03-14,quantile,0.15,767
2026-02-28,12,2,wk inc flu hosp,2026-03-14,quantile,0.2,797
2026-02-28,12,2,wk inc flu hosp,2026-03-14,quantile,0.25,842
2026-02-28,12,2,wk inc flu hosp,2026-03-14,quantile,0.3,871
2026-02-28,12,2,wk inc flu hosp,2026-03-14,quantile,0.35,906
2026-02-28,12,2,wk inc flu hosp,2026-03-14,quantile,0.4,954
2026-02-28,12,2,wk inc flu hosp,2026-03-14,quantile,0.45,1024
2026-02-28,12,2,wk inc flu hosp,2026-03-14,quantile,0.5,1095
2026-02-28,12,2,wk inc flu hosp,2026-03-14,quantile,0.55,1199
2026-02-28,12,2,wk inc flu hosp,2026-03-14,quantile,0.6,1229
2026-02-28,12,2,wk inc flu hosp,2026-03-14,quantile,0.65,1256
2026-02-28,12,2,wk inc flu hosp,2026-03-14,quantile,0.7,1276
2026-02-28,12,2,wk inc flu hosp,2026-03-14,quantile,0.75,1354
2026-02-28,12,2,wk inc flu hosp,2026-03-14,quantile,0.8,1466
2026-02-28,12,2,wk inc flu hosp,2026-03-14,quantile,0.85,1582
2026-02-28,12,2,wk inc flu hosp,2026-03-14,quantile,0.9,1752
2026-02-28,12,2,wk inc flu hosp,2026-03-14,quantile,0.95,2117
2026-02-28,12,2,wk inc flu hosp,2026-03-14,quantile,0.975,2289
2026-02-28,12,2,wk inc flu hosp,2026-03-14,quantile,0.99,2519
2026-02-28,12,3,wk inc flu hosp,2026-03-21,quantile,0.01,240
2026-02-28,12,3,wk inc flu hosp,2026-03-21,quantile,0.025,316
2026-02-28,12,3,wk inc flu hosp,2026-03-21,quantile,0.05,389
2026-02-28,12,3,wk inc flu hosp,2026-03-21,quantile,0.1,530
2026-02-28,12,3,wk inc flu hosp,2026-03-21,quantile,0.15,621
2026-02-28,12,3,wk inc flu hosp,2026-03-21,quantile,0.2,677
2026-02-28,12,3,wk inc flu hosp,2026-03-21,quantile,0.25,733
2026-02-28,12,3,wk inc flu hosp,2026-03-21,quantile,0.3,794
2026-02-28,12,3,wk inc flu hosp,2026-03-21,quantile,0.35,840
2026-02-28,12,3,wk inc flu hosp,2026-03-21,quantile,0.4,880
2026-02-28,12,3,wk inc flu hosp,2026-03-21,quantile,0.45,916
2026-02-28,12,3,wk inc flu hosp,2026-03-21,quantile,0.5,985
2026-02-28,12,3,wk inc flu hosp,2026-03-21,quantile,0.55,1050
2026-02-28,12,3,wk inc flu hosp,2026-03-21,quantile,0.6,1089
2026-02-28,12,3,wk inc flu hosp,2026-03-21,quantile,0.65,1155
2026-02-28,12,3,wk inc flu hosp,2026-03-21,quantile,0.7,1192
2026-02-28,12,3,wk inc flu hosp,2026-03-21,quantile,0.75,1261
2026-02-28,12,3,wk inc flu hosp,2026-03-21,quantile,0.8,1347
2026-02-28,12,3,wk inc flu hosp,2026-03-21,quantile,0.85,1454
2026-02-28,12,3,wk inc flu hosp,2026-03-21,quantile,0.9,1650
2026-02-28,12,3,wk inc flu hosp,2026-03-21,quantile,0.95,2008
2026-02-28,12,3,wk inc flu hosp,2026-03-21,quantile,0.975,2319
2026-02-28,12,3,wk inc flu hosp,2026-03-21,quantile,0.99,2638
2026-02-28,13,0,wk inc flu hosp,2026-02-28,quantile,0.01,166
2026-02-28,13,0,wk inc flu hosp,2026-02-28,quantile,0.025,185
2026-02-28,13,0,wk inc flu hosp,2026-02-28,quantile,0.05,202
2026-02-28,13,0,wk inc flu hosp,2026-02-28,quantile,0.1,224
2026-02-28,13,0,wk inc flu hosp,2026-02-28,quantile,0.15,241
2026-02-28,13,0,wk inc flu hosp,2026-02-28,quantile,0.2,256
2026-02-28,13,0,wk inc flu hosp,2026-02-28,quantile,0.25,278
2026-02-28,13,0,wk inc flu hosp,2026-02-28,quantile,0.3,289
2026-02-28,13,0,wk inc flu hosp,2026-02-28,quantile,0.35,298
2026-02-28,13,0,wk inc flu hosp,2026-02-28,quantile,0.4,304
2026-02-28,13,0,wk inc flu hosp,2026-02-28,quantile,0.45,318
2026-02-28,13,0,wk inc flu hosp,2026-02-28,quantile,0.5,335
2026-02-28,13,0,wk inc flu hosp,2026-02-28,quantile,0.55,349
2026-02-28,13,0,wk inc flu hosp,2026-02-28,quantile,0.6,360
2026-02-28,13,0,wk inc flu hosp,2026-02-28,quantile,0.65,374
2026-02-28,13,0,wk inc flu hosp,2026-02-28,quantile,0.7,387
2026-02-28,13,0,wk inc flu hosp,2026-02-28,quantile,0.75,407
2026-02-28,13,0,wk inc flu hosp,2026-02-28,quantile,0.8,418
2026-02-28,13,0,wk inc flu hosp,2026-02-28,quantile,0.85,429
2026-02-28,13,0,wk inc flu hosp,2026-02-28,quantile,0.9,461
2026-02-28,13,0,wk inc flu hosp,2026-02-28,quantile,0.95,495
2026-02-28,13,0,wk inc flu hosp,2026-02-28,quantile,0.975,552
2026-02-28,13,0,wk inc flu hosp,2026-02-28,quantile,0.99,599
2026-02-28,13,1,wk inc flu hosp,2026-03-07,quantile,0.01,117
2026-02-28,13,1,wk inc flu hosp,2026-03-07,quantile,0.025,135
2026-02-28,13,1,wk inc flu hosp,2026-03-07,quantile,0.05,151
2026-02-28,13,1,wk inc flu hosp,2026-03-07,quantile,0.1,179
2026-02-28,13,1,wk inc flu hosp,2026-03-07,quantile,0.15,198
2026-02-28,13,1,wk inc flu hosp,2026-03-07,quantile,0.2,213
2026-02-28,13,1,wk inc flu hosp,2026-03-07,quantile,0.25,226
2026-02-28,13,1,wk inc flu hosp,2026-03-07,quantile,0.3,244
2026-02-28,13,1,wk inc flu hosp,2026-03-07,quantile,0.35,255
2026-02-28,13,1,wk inc flu hosp,2026-03-07,quantile,0.4,266
2026-02-28,13,1,wk inc flu hosp,2026-03-07,quantile,0.45,281
2026-02-28,13,1,wk inc flu hosp,2026-03-07,quantile,0.5,297
2026-02-28,13,1,wk inc flu hosp,2026-03-07,quantile,0.55,314
2026-02-28,13,1,wk inc flu hosp,2026-03-07,quantile,0.6,328
2026-02-28,13,1,wk inc flu hosp,2026-03-07,quantile,0.65,342
2026-02-28,13,1,wk inc flu hosp,2026-03-07,quantile,0.7,363
2026-02-28,13,1,wk inc flu hosp,2026-03-07,quantile,0.75,385
2026-02-28,13,1,wk inc flu hosp,2026-03-07,quantile,0.8,402
2026-02-28,13,1,wk inc flu hosp,2026-03-07,quantile,0.85,430
2026-02-28,13,1,wk inc flu hosp,2026-03-07,quantile,0.9,475
2026-02-28,13,1,wk inc flu hosp,2026-03-07,quantile,0.95,542
2026-02-28,13,1,wk inc flu hosp,2026-03-07,quantile,0.975,588
2026-02-28,13,1,wk inc flu hosp,2026-03-07,quantile,0.99,682
2026-02-28,13,2,wk inc flu hosp,2026-03-14,quantile,0.01,82
2026-02-28,13,2,wk inc flu hosp,2026-03-14,quantile,0.025,100
2026-02-28,13,2,wk inc flu hosp,2026-03-14,quantile,0.05,120
2026-02-28,13,2,wk inc flu hosp,2026-03-14,quantile,0.1,140
2026-02-28,13,2,wk inc flu hosp,2026-03-14,quantile,0.15,165
2026-02-28,13,2,wk inc flu hosp,2026-03-14,quantile,0.2,178
2026-02-28,13,2,wk inc flu hosp,2026-03-14,quantile,0.25,196
2026-02-28,13,2,wk inc flu hosp,2026-03-14,quantile,0.3,208
2026-02-28,13,2,wk inc flu hosp,2026-03-14,quantile,0.35,231
2026-02-28,13,2,wk inc flu hosp,2026-03-14,quantile,0.4,245
2026-02-28,13,2,wk inc flu hosp,2026-03-14,quantile,0.45,259
2026-02-28,13,2,wk inc flu hosp,2026-03-14,quantile,0.5,276
2026-02-28,13,2,wk inc flu hosp,2026-03-14,quantile,0.55,290
2026-02-28,13,2,wk inc flu hosp,2026-03-14,quantile,0.6,296
2026-02-28,13,2,wk inc flu hosp,2026-03-14,quantile,0.65,315
2026-02-28,13,2,wk inc flu hosp,2026-03-14,quantile,0.7,335
2026-02-28,13,2,wk inc flu hosp,2026-03-14,quantile,0.75,359
2026-02-28,13,2,wk inc flu hosp,2026-03-14,quantile,0.8,383
2026-02-28,13,2,wk inc flu hosp,2026-03-14,quantile,0.85,416
2026-02-28,13,2,wk inc flu hosp,2026-03-14,quantile,0.9,460
2026-02-28,13,2,wk inc flu hosp,2026-03-14,quantile,0.95,525
2026-02-28,13,2,wk inc flu hosp,2026-03-14,quantile,0.975,603
2026-02-28,13,2,wk inc flu hosp,2026-03-14,quantile,0.99,708
2026-02-28,13,3,wk inc flu hosp,2026-03-21,quantile,0.01,60
2026-02-28,13,3,wk inc flu hosp,2026-03-21,quantile,0.025,75
2026-02-28,13,3,wk inc flu hosp,2026-03-21,quantile,0.05,91
2026-02-28,13,3,wk inc flu hosp,2026-03-21,quantile,0.1,108
2026-02-28,13,3,wk inc flu hosp,2026-03-21,quantile,0.15,134
2026-02-28,13,3,wk inc flu hosp,2026-03-21,quantile,0.2,146
2026-02-28,13,3,wk inc flu hosp,2026-03-21,quantile,0.25,161
2026-02-28,13,3,wk inc flu hosp,2026-03-21,quantile,0.3,181
2026-02-28,13,3,wk inc flu hosp,2026-03-21,quantile,0.35,194
2026-02-28,13,3,wk inc flu hosp,2026-03-21,quantile,0.4,207
2026-02-28,13,3,wk inc flu hosp,2026-03-21,quantile,0.45,222
2026-02-28,13,3,wk inc flu hosp,2026-03-21,quantile,0.5,239
2026-02-28,13,3,wk inc flu hosp,2026-03-21,quantile,0.55,253
2026-02-28,13,3,wk inc flu hosp,2026-03-21,quantile,0.6,264
2026-02-28,13,3,wk inc flu hosp,2026-03-21,quantile,0.65,281
2026-02-28,13,3,wk inc flu hosp,2026-03-21,quantile,0.7,302
2026-02-28,13,3,wk inc flu hosp,2026-03-21,quantile,0.75,326
2026-02-28,13,3,wk inc flu hosp,2026-03-21,quantile,0.8,356
2026-02-28,13,3,wk inc flu hosp,2026-03-21,quantile,0.85,399
2026-02-28,13,3,wk inc flu hosp,2026-03-21,quantile,0.9,444
2026-02-28,13,3,wk inc flu hosp,2026-03-21,quantile,0.95,532
2026-02-28,13,3,wk inc flu hosp,2026-03-21,quantile,0.975,602
2026-02-28,13,3,wk inc flu hosp,2026-03-21,quantile,0.99,717
2026-02-28,15,0,wk inc flu hosp,2026-02-28,quantile,0.01,4
2026-02-28,15,0,wk inc flu hosp,2026-02-28,quantile,0.025,5
2026-02-28,15,0,wk inc flu hosp,2026-02-28,quantile,0.05,7
2026-02-28,15,0,wk inc flu hosp,2026-02-28,quantile,0.1,8
2026-02-28,15,0,wk inc flu hosp,2026-02-28,quantile,0.15,9
2026-02-28,15,0,wk inc flu hosp,2026-02-28,quantile,0.2,10
2026-02-28,15,0,wk inc flu hosp,2026-02-28,quantile,0.25,11
2026-02-28,15,0,wk inc flu hosp,2026-02-28,quantile,0.3,12
2026-02-28,15,0,wk inc flu hosp,2026-02-28,quantile,0.35,13
2026-02-28,15,0,wk inc flu hosp,2026-02-28,quantile,0.4,14
2026-02-28,15,0,wk inc flu hosp,2026-02-28,quantile,0.45,16
2026-02-28,15,0,wk inc flu hosp,2026-02-28,quantile,0.5,17
2026-02-28,15,0,wk inc flu hosp,2026-02-28,quantile,0.55,18
2026-02-28,15,0,wk inc flu hosp,2026-02-28,quantile,0.6,19
2026-02-28,15,0,wk inc flu hosp,2026-02-28,quantile,0.65,20
2026-02-28,15,0,wk inc flu hosp,2026-02-28,quantile,0.7,21
2026-02-28,15,0,wk inc flu hosp,2026-02-28,quantile,0.75,22
2026-02-28,15,0,wk inc flu hosp,2026-02-28,quantile,0.8,23
2026-02-28,15,0,wk inc flu hosp,2026-02-28,quantile,0.85,25
2026-02-28,15,0,wk inc flu hosp,2026-02-28,quantile,0.9,27
2026-02-28,15,0,wk inc flu hosp,2026-02-28,quantile,0.95,32
2026-02-28,15,0,wk inc flu hosp,2026-02-28,quantile,0.975,36
2026-02-28,15,0,wk inc flu hosp,2026-02-28,quantile,0.99,41
2026-02-28,15,1,wk inc flu hosp,2026-03-07,quantile,0.01,2
2026-02-28,15,1,wk inc flu hosp,2026-03-07,quantile,0.025,3
2026-02-28,15,1,wk inc flu hosp,2026-03-07,quantile,0.05,4
2026-02-28,15,1,wk inc flu hosp,2026-03-07,quantile,0.1,6
2026-02-28,15,1,wk inc flu hosp,2026-03-07,quantile,0.15,7
2026-02-28,15,1,wk inc flu hosp,2026-03-07,quantile,0.2,8
2026-02-28,15,1,wk inc flu hosp,2026-03-07,quantile,0.25,10
2026-02-28,15,1,wk inc flu hosp,2026-03-07,quantile,0.3,10
2026-02-28,15,1,wk inc flu hosp,2026-03-07,quantile,0.35,11
2026-02-28,15,1,wk inc flu hosp,2026-03-07,quantile,0.4,12
2026-02-28,15,1,wk inc flu hosp,2026-03-07,quantile,0.45,13
2026-02-28,15,1,wk inc flu hosp,2026-03-07,quantile,0.5,14
2026-02-28,15,1,wk inc flu hosp,2026-03-07,quantile,0.55,16
2026-02-28,15,1,wk inc flu hosp,2026-03-07,quantile,0.6,17
2026-02-28,15,1,wk inc flu hosp,2026-03-07,quantile,0.65,19
2026-02-28,15,1,wk inc flu hosp,2026-03-07,quantile,0.7,20
2026-02-28,15,1,wk inc flu hosp,2026-03-07,quantile,0.75,22
2026-02-28,15,1,wk inc flu hosp,2026-03-07,quantile,0.8,24
2026-02-28,15,1,wk inc flu hosp,2026-03-07,quantile,0.85,26
2026-02-28,15,1,wk inc flu hosp,2026-03-07,quantile,0.9,29
2026-02-28,15,1,wk inc flu hosp,2026-03-07,quantile,0.95,33
2026-02-28,15,1,wk inc flu hosp,2026-03-07,quantile,0.975,38
2026-02-28,15,1,wk inc flu hosp,2026-03-07,quantile,0.99,45
2026-02-28,15,2,wk inc flu hosp,2026-03-14,quantile,0.01,1
2026-02-28,15,2,wk inc flu hosp,2026-03-14,quantile,0.025,2
2026-02-28,15,2,wk inc flu hosp,2026-03-14,quantile,0.05,3
2026-02-28,15,2,wk inc flu hosp,2026-03-14,quantile,0.1,4
2026-02-28,15,2,wk inc flu hosp,2026-03-14,quantile,0.15,6
2026-02-28,15,2,wk inc flu hosp,2026-03-14,quantile,0.2,7
2026-02-28,15,2,wk inc flu hosp,2026-03-14,quantile,0.25,7
2026-02-28,15,2,wk inc flu hosp,2026-03-14,quantile,0.3,8
2026-02-28,15,2,wk inc flu hosp,2026-03-14,quantile,0.35,9
2026-02-28,15,2,wk inc flu hosp,2026-03-14,quantile,0.4,10
2026-02-28,15,2,wk inc flu hosp,2026-03-14,quantile,0.45,11
2026-02-28,15,2,wk inc flu hosp,2026-03-14,quantile,0.5,13
2026-02-28,15,2,wk inc flu hosp,2026-03-14,quantile,0.55,14
2026-02-28,15,2,wk inc flu hosp,2026-03-14,quantile,0.6,16
2026-02-28,15,2,wk inc flu hosp,2026-03-14,quantile,0.65,17
2026-02-28,15,2,wk inc flu hosp,2026-03-14,quantile,0.7,19
2026-02-28,15,2,wk inc flu hosp,2026-03-14,quantile,0.75,20
2026-02-28,15,2,wk inc flu hosp,2026-03-14,quantile,0.8,23
2026-02-28,15,2,wk inc flu hosp,2026-03-14,quantile,0.85,26
2026-02-28,15,2,wk inc flu hosp,2026-03-14,quantile,0.9,28
2026-02-28,15,2,wk inc flu hosp,2026-03-14,quantile,0.95,35
2026-02-28,15,2,wk inc flu hosp,2026-03-14,quantile,0.975,40
2026-02-28,15,2,wk inc flu hosp,2026-03-14,quantile,0.99,49
2026-02-28,15,3,wk inc flu hosp,2026-03-21,quantile,0.01,0
2026-02-28,15,3,wk inc flu hosp,2026-03-21,quantile,0.025,1
2026-02-28,15,3,wk inc flu hosp,2026-03-21,quantile,0.05,1
2026-02-28,15,3,wk inc flu hosp,2026-03-21,quantile,0.1,3
2026-02-28,15,3,wk inc flu hosp,2026-03-21,quantile,0.15,4
2026-02-28,15,3,wk inc flu hosp,2026-03-21,quantile,0.2,5
2026-02-28,15,3,wk inc flu hosp,2026-03-21,quantile,0.25,6
2026-02-28,15,3,wk inc flu hosp,2026-03-21,quantile,0.3,7
2026-02-28,15,3,wk inc flu hosp,2026-03-21,quantile,0.35,9
2026-02-28,15,3,wk inc flu hosp,2026-03-21,quantile,0.4,10
2026-02-28,15,3,wk inc flu hosp,2026-03-21,quantile,0.45,10
2026-02-28,15,3,wk inc flu hosp,2026-03-21,quantile,0.5,11
2026-02-28,15,3,wk inc flu hosp,2026-03-21,quantile,0.55,13
2026-02-28,15,3,wk inc flu hosp,2026-03-21,quantile,0.6,15
2026-02-28,15,3,wk inc flu hosp,2026-03-21,quantile,0.65,16
2026-02-28,15,3,wk inc flu hosp,2026-03-21,quantile,0.7,17
2026-02-28,15,3,wk inc flu hosp,2026-03-21,quantile,0.75,19
2026-02-28,15,3,wk inc flu hosp,2026-03-21,quantile,0.8,22
2026-02-28,15,3,wk inc flu hosp,2026-03-21,quantile,0.85,26
2026-02-28,15,3,wk inc flu hosp,2026-03-21,quantile,0.9,29
2026-02-28,15,3,wk inc flu hosp,2026-03-21,quantile,0.95,37
2026-02-28,15,3,wk inc flu hosp,2026-03-21,quantile,0.975,44
2026-02-28,15,3,wk inc flu hosp,2026-03-21,quantile,0.99,50
2026-02-28,16,0,wk inc flu hosp,2026-02-28,quantile,0.01,46
2026-02-28,16,0,wk inc flu hosp,2026-02-28,quantile,0.025,55
2026-02-28,16,0,wk inc flu hosp,2026-02-28,quantile,0.05,59
2026-02-28,16,0,wk inc flu hosp,2026-02-28,quantile,0.1,71
2026-02-28,16,0,wk inc flu hosp,2026-02-28,quantile,0.15,75
2026-02-28,16,0,wk inc flu hosp,2026-02-28,quantile,0.2,78
2026-02-28,16,0,wk inc flu hosp,2026-02-28,quantile,0.25,81
2026-02-28,16,0,wk inc flu hosp,2026-02-28,quantile,0.3,85
2026-02-28,16,0,wk inc flu hosp,2026-02-28,quantile,0.35,88
2026-02-28,16,0,wk inc flu hosp,2026-02-28,quantile,0.4,91
2026-02-28,16,0,wk inc flu hosp,2026-02-28,quantile,0.45,94
2026-02-28,16,0,wk inc flu hosp,2026-02-28,quantile,0.5,101
2026-02-28,16,0,wk inc flu hosp,2026-02-28,quantile,0.55,104
2026-02-28,16,0,wk inc flu hosp,2026-02-28,quantile,0.6,107
2026-02-28,16,0,wk inc flu hosp,2026-02-28,quantile,0.65,110
2026-02-28,16,0,wk inc flu hosp,2026-02-28,quantile,0.7,112
2026-02-28,16,0,wk inc flu hosp,2026-02-28,quantile,0.75,115
2026-02-28,16,0,wk inc flu hosp,2026-02-28,quantile,0.8,120
2026-02-28,16,0,wk inc flu hosp,2026-02-28,quantile,0.85,125
2026-02-28,16,0,wk inc flu hosp,2026-02-28,quantile,0.9,133
2026-02-28,16,0,wk inc flu hosp,2026-02-28,quantile,0.95,142
2026-02-28,16,0,wk inc flu hosp,2026-02-28,quantile,0.975,154
2026-02-28,16,0,wk inc flu hosp,2026-02-28,quantile,0.99,167
2026-02-28,16,1,wk inc flu hosp,2026-03-07,quantile,0.01,31
2026-02-28,16,1,wk inc flu hosp,2026-03-07,quantile,0.025,37
2026-02-28,16,1,wk inc flu hosp,2026-03-07,quantile,0.05,45
2026-02-28,16,1,wk inc flu hosp,2026-03-07,quantile,0.1,53
2026-02-28,16,1,wk inc flu hosp,2026-03-07,quantile,0.15,57
2026-02-28,16,1,wk inc flu hosp,2026-03-07,quantile,0.2,62
2026-02-28,16,1,wk inc flu hosp,2026-03-07,quantile,0.25,64
2026-02-28,16,1,wk inc flu hosp,2026-03-07,quantile,0.3,72
2026-02-28,16,1,wk inc flu hosp,2026-03-07,quantile,0.35,75
2026-02-28,16,1,wk inc flu hosp,2026-03-07,quantile,0.4,77
2026-02-28,16,1,wk inc flu hosp,2026-03-07,quantile,0.45,80
2026-02-28,16,1,wk inc flu hosp,2026-03-07,quantile,0.5,86
2026-02-28,16,1,wk inc flu hosp,2026-03-07,quantile,0.55,91
2026-02-28,16,1,wk inc flu hosp,2026-03-07,quantile,0.6,96
2026-02-28,16,1,wk inc flu hosp,2026-03-07,quantile,0.65,104
2026-02-28,16,1,wk inc flu hosp,2026-03-07,quantile,0.7,109
2026-02-28,16,1,wk inc flu hosp,2026-03-07,quantile,0.75,113
2026-02-28,16,1,wk inc flu hosp,2026-03-07,quantile,0.8,117
2026-02-28,16,1,wk inc flu hosp,2026-03-07,quantile,0.85,124
2026-02-28,16,1,wk inc flu hosp,2026-03-07,quantile,0.9,135
2026-02-28,16,1,wk inc flu hosp,2026-03-07,quantile,0.95,153
2026-02-28,16,1,wk inc flu hosp,2026-03-07,quantile,0.975,172
2026-02-28,16,1,wk inc flu hosp,2026-03-07,quantile,0.99,186
2026-02-28,16,2,wk inc flu hosp,2026-03-14,quantile,0.01,20
2026-02-28,16,2,wk inc flu hosp,2026-03-14,quantile,0.025,25
2026-02-28,16,2,wk inc flu hosp,2026-03-14,quantile,0.05,31
2026-02-28,16,2,wk inc flu hosp,2026-03-14,quantile,0.1,37
2026-02-28,16,2,wk inc flu hosp,2026-03-14,quantile,0.15,43
2026-02-28,16,2,wk inc flu hosp,2026-03-14,quantile,0.2,48
2026-02-28,16,2,wk inc flu hosp,2026-03-14,quantile,0.25,54
2026-02-28,16,2,wk inc flu hosp,2026-03-14,quantile,0.3,60
2026-02-28,16,2,wk inc flu hosp,2026-03-14,quantile,0.35,62
2026-02-28,16,2,wk inc flu hosp,2026-03-14,quantile,0.4,66
2026-02-28,16,2,wk inc flu hosp,2026-03-14,quantile,0.45,69
2026-02-28,16,2,wk inc flu hosp,2026-03-14,quantile,0.5,75
2026-02-28,16,2,wk inc flu hosp,2026-03-14,quantile,0.55,81
2026-02-28,16,2,wk inc flu hosp,2026-03-14,quantile,0.6,85
2026-02-28,16,2,wk inc flu hosp,2026-03-14,quantile,0.65,90
2026-02-28,16,2,wk inc flu hosp,2026-03-14,quantile,0.7,98
2026-02-28,16,2,wk inc flu hosp,2026-03-14,quantile,0.75,106
2026-02-28,16,2,wk inc flu hosp,2026-03-14,quantile,0.8,117
2026-02-28,16,2,wk inc flu hosp,2026-03-14,quantile,0.85,123
2026-02-28,16,2,wk inc flu hosp,2026-03-14,quantile,0.9,132
2026-02-28,16,2,wk inc flu hosp,2026-03-14,quantile,0.95,150
2026-02-28,16,2,wk inc flu hosp,2026-03-14,quantile,0.975,154
2026-02-28,16,2,wk inc flu hosp,2026-03-14,quantile,0.99,176
2026-02-28,16,3,wk inc flu hosp,2026-03-21,quantile,0.01,13
2026-02-28,16,3,wk inc flu hosp,2026-03-21,quantile,0.025,16
2026-02-28,16,3,wk inc flu hosp,2026-03-21,quantile,0.05,23
2026-02-28,16,3,wk inc flu hosp,2026-03-21,quantile,0.1,28
2026-02-28,16,3,wk inc flu hosp,2026-03-21,quantile,0.15,33
2026-02-28,16,3,wk inc flu hosp,2026-03-21,quantile,0.2,39
2026-02-28,16,3,wk inc flu hosp,2026-03-21,quantile,0.25,44
2026-02-28,16,3,wk inc flu hosp,2026-03-21,quantile,0.3,48
2026-02-28,16,3,wk inc flu hosp,2026-03-21,quantile,0.35,50
2026-02-28,16,3,wk inc flu hosp,2026-03-21,quantile,0.4,53
2026-02-28,16,3,wk inc flu hosp,2026-03-21,quantile,0.45,58
2026-02-28,16,3,wk inc flu hosp,2026-03-21,quantile,0.5,62
2026-02-28,16,3,wk inc flu hosp,2026-03-21,quantile,0.55,67
2026-02-28,16,3,wk inc flu hosp,2026-03-21,quantile,0.6,71
2026-02-28,16,3,wk inc flu hosp,2026-03-21,quantile,0.65,77
2026-02-28,16,3,wk inc flu hosp,2026-03-21,quantile,0.7,84
2026-02-28,16,3,wk inc flu hosp,2026-03-21,quantile,0.75,94
2026-02-28,16,3,wk inc flu hosp,2026-03-21,quantile,0.8,105
2026-02-28,16,3,wk inc flu hosp,2026-03-21,quantile,0.85,115
2026-02-28,16,3,wk inc flu hosp,2026-03-21,quantile,0.9,126
2026-02-28,16,3,wk inc flu hosp,2026-03-21,quantile,0.95,144
2026-02-28,16,3,wk inc flu hosp,2026-03-21,quantile,0.975,156
2026-02-28,16,3,wk inc flu hosp,2026-03-21,quantile,0.99,173
2026-02-28,17,0,wk inc flu hosp,2026-02-28,quantile,0.01,249
2026-02-28,17,0,wk inc flu hosp,2026-02-28,quantile,0.025,266
2026-02-28,17,0,wk inc flu hosp,2026-02-28,quantile,0.05,294
2026-02-28,17,0,wk inc flu hosp,2026-02-28,quantile,0.1,331
2026-02-28,17,0,wk inc flu hosp,2026-02-28,quantile,0.15,359
2026-02-28,17,0,wk inc flu hosp,2026-02-28,quantile,0.2,384
2026-02-28,17,0,wk inc flu hosp,2026-02-28,quantile,0.25,402
2026-02-28,17,0,wk inc flu hosp,2026-02-28,quantile,0.3,415
2026-02-28,17,0,wk inc flu hosp,2026-02-28,quantile,0.35,430
2026-02-28,17,0,wk inc flu hosp,2026-02-28,quantile,0.4,445
2026-02-28,17,0,wk inc flu hosp,2026-02-28,quantile,0.45,465
2026-02-28,17,0,wk inc flu hosp,2026-02-28,quantile,0.5,483
2026-02-28,17,0,wk inc flu hosp,2026-02-28,quantile,0.55,496
2026-02-28,17,0,wk inc flu hosp,2026-02-28,quantile,0.6,512
2026-02-28,17,0,wk inc flu hosp,2026-02-28,quantile,0.65,528
2026-02-28,17,0,wk inc flu hosp,2026-02-28,quantile,0.7,543
2026-02-28,17,0,wk inc flu hosp,2026-02-28,quantile,0.75,562
2026-02-28,17,0,wk inc flu hosp,2026-02-28,quantile,0.8,580
2026-02-28,17,0,wk inc flu hosp,2026-02-28,quantile,0.85,607
2026-02-28,17,0,wk inc flu hosp,2026-02-28,quantile,0.9,653
2026-02-28,17,0,wk inc flu hosp,2026-02-28,quantile,0.95,702
2026-02-28,17,0,wk inc flu hosp,2026-02-28,quantile,0.975,763
2026-02-28,17,0,wk inc flu hosp,2026-02-28,quantile,0.99,810
2026-02-28,17,1,wk inc flu hosp,2026-03-07,quantile,0.01,157
2026-02-28,17,1,wk inc flu hosp,2026-03-07,quantile,0.025,186
2026-02-28,17,1,wk inc flu hosp,2026-03-07,quantile,0.05,216
2026-02-28,17,1,wk inc flu hosp,2026-03-07,quantile,0.1,249
2026-02-28,17,1,wk inc flu hosp,2026-03-07,quantile,0.15,271
2026-02-28,17,1,wk inc flu hosp,2026-03-07,quantile,0.2,300
2026-02-28,17,1,wk inc flu hosp,2026-03-07,quantile,0.25,318
2026-02-28,17,1,wk inc flu hosp,2026-03-07,quantile,0.3,343
2026-02-28,17,1,wk inc flu hosp,2026-03-07,quantile,0.35,363
2026-02-28,17,1,wk inc flu hosp,2026-03-07,quantile,0.4,378
2026-02-28,17,1,wk inc flu hosp,2026-03-07,quantile,0.45,401
2026-02-28,17,1,wk inc flu hosp,2026-03-07,quantile,0.5,423
2026-02-28,17,1,wk inc flu hosp,2026-03-07,quantile,0.55,444
2026-02-28,17,1,wk inc flu hosp,2026-03-07,quantile,0.6,457
2026-02-28,17,1,wk inc flu hosp,2026-03-07,quantile,0.65,481
2026-02-28,17,1,wk inc flu hosp,2026-03-07,quantile,0.7,509
2026-02-28,17,1,wk inc flu hosp,2026-03-07,quantile,0.75,535
2026-02-28,17,1,wk inc flu hosp,2026-03-07,quantile,0.8,556
2026-02-28,17,1,wk inc flu hosp,2026-03-07,quantile,0.85,582
2026-02-28,17,1,wk inc flu hosp,2026-03-07,quantile,0.9,620
2026-02-28,17,1,wk inc flu hosp,2026-03-07,quantile,0.95,712
2026-02-28,17,1,wk inc flu hosp,2026-03-07,quantile,0.975,786
2026-02-28,17,1,wk inc flu hosp,2026-03-07,quantile,0.99,920
2026-02-28,17,2,wk inc flu hosp,2026-03-14,quantile,0.01,114
2026-02-28,17,2,wk inc flu hosp,2026-03-14,quantile,0.025,138
2026-02-28,17,2,wk inc flu hosp,2026-03-14,quantile,0.05,161
2026-02-28,17,2,wk inc flu hosp,2026-03-14,quantile,0.1,194
2026-02-28,17,2,wk inc flu hosp,2026-03-14,quantile,0.15,216
2026-02-28,17,2,wk inc flu hosp,2026-03-14,quantile,0.2,241
2026-02-28,17,2,wk inc flu hosp,2026-03-14,quantile,0.25,264
2026-02-28,17,2,wk inc flu hosp,2026-03-14,quantile,0.3,286
2026-02-28,17,2,wk inc flu hosp,2026-03-14,quantile,0.35,308
2026-02-28,17,2,wk inc flu hosp,2026-03-14,quantile,0.4,326
2026-02-28,17,2,wk inc flu hosp,2026-03-14,quantile,0.45,344
2026-02-28,17,2,wk inc flu hosp,2026-03-14,quantile,0.5,368
2026-02-28,17,2,wk inc flu hosp,2026-03-14,quantile,0.55,389
2026-02-28,17,2,wk inc flu hosp,2026-03-14,quantile,0.6,409
2026-02-28,17,2,wk inc flu hosp,2026-03-14,quantile,0.65,432
2026-02-28,17,2,wk inc flu hosp,2026-03-14,quantile,0.7,458
2026-02-28,17,2,wk inc flu hosp,2026-03-14,quantile,0.75,489
2026-02-28,17,2,wk inc flu hosp,2026-03-14,quantile,0.8,529
2026-02-28,17,2,wk inc flu hosp,2026-03-14,quantile,0.85,569
2026-02-28,17,2,wk inc flu hosp,2026-03-14,quantile,0.9,618
2026-02-28,17,2,wk inc flu hosp,2026-03-14,quantile,0.95,685
2026-02-28,17,2,wk inc flu hosp,2026-03-14,quantile,0.975,798
2026-02-28,17,2,wk inc flu hosp,2026-03-14,quantile,0.99,904
2026-02-28,17,3,wk inc flu hosp,2026-03-21,quantile,0.01,64
2026-02-28,17,3,wk inc flu hosp,2026-03-21,quantile,0.025,90
2026-02-28,17,3,wk inc flu hosp,2026-03-21,quantile,0.05,111
2026-02-28,17,3,wk inc flu hosp,2026-03-21,quantile,0.1,144
2026-02-28,17,3,wk inc flu hosp,2026-03-21,quantile,0.15,167
2026-02-28,17,3,wk inc flu hosp,2026-03-21,quantile,0.2,193
2026-02-28,17,3,wk inc flu hosp,2026-03-21,quantile,0.25,222
2026-02-28,17,3,wk inc flu hosp,2026-03-21,quantile,0.3,241
2026-02-28,17,3,wk inc flu hosp,2026-03-21,quantile,0.35,259
2026-02-28,17,3,wk inc flu hosp,2026-03-21,quantile,0.4,278
2026-02-28,17,3,wk inc flu hosp,2026-03-21,quantile,0.45,297
2026-02-28,17,3,wk inc flu hosp,2026-03-21,quantile,0.5,331
2026-02-28,17,3,wk inc flu hosp,2026-03-21,quantile,0.55,347
2026-02-28,17,3,wk inc flu hosp,2026-03-21,quantile,0.6,359
2026-02-28,17,3,wk inc flu hosp,2026-03-21,quantile,0.65,380
2026-02-28,17,3,wk inc flu hosp,2026-03-21,quantile,0.7,408
2026-02-28,17,3,wk inc flu hosp,2026-03-21,quantile,0.75,442
2026-02-28,17,3,wk inc flu hosp,2026-03-21,quantile,0.8,490
2026-02-28,17,3,wk inc flu hosp,2026-03-21,quantile,0.85,543
2026-02-28,17,3,wk inc flu hosp,2026-03-21,quantile,0.9,613
2026-02-28,17,3,wk inc flu hosp,2026-03-21,quantile,0.95,708
2026-02-28,17,3,wk inc flu hosp,2026-03-21,quantile,0.975,796
2026-02-28,17,3,wk inc flu hosp,2026-03-21,quantile,0.99,939
2026-02-28,18,0,wk inc flu hosp,2026-02-28,quantile,0.01,112
2026-02-28,18,0,wk inc flu hosp,2026-02-28,quantile,0.025,126
2026-02-28,18,0,wk inc flu hosp,2026-02-28,quantile,0.05,140
2026-02-28,18,0,wk inc flu hosp,2026-02-28,quantile,0.1,160
2026-02-28,18,0,wk inc flu hosp,2026-02-28,quantile,0.15,176
2026-02-28,18,0,wk inc flu hosp,2026-02-28,quantile,0.2,188
2026-02-28,18,0,wk inc flu hosp,2026-02-28,quantile,0.25,201
2026-02-28,18,0,wk inc flu hosp,2026-02-28,quantile,0.3,213
2026-02-28,18,0,wk inc flu hosp,2026-02-28,quantile,0.35,219
2026-02-28,18,0,wk inc flu hosp,2026-02-28,quantile,0.4,226
2026-02-28,18,0,wk inc flu hosp,2026-02-28,quantile,0.45,234
2026-02-28,18,0,wk inc flu hosp,2026-02-28,quantile,0.5,247
2026-02-28,18,0,wk inc flu hosp,2026-02-28,quantile,0.55,254
2026-02-28,18,0,wk inc flu hosp,2026-02-28,quantile,0.6,260
2026-02-28,18,0,wk inc flu hosp,2026-02-28,quantile,0.65,269
2026-02-28,18,0,wk inc flu hosp,2026-02-28,quantile,0.7,280
2026-02-28,18,0,wk inc flu hosp,2026-02-28,quantile,0.75,288
2026-02-28,18,0,wk inc flu hosp,2026-02-28,quantile,0.8,305
2026-02-28,18,0,wk inc flu hosp,2026-02-28,quantile,0.85,322
2026-02-28,18,0,wk inc flu hosp,2026-02-28,quantile,0.9,341
2026-02-28,18,0,wk inc flu hosp,2026-02-28,quantile,0.95,380
2026-02-28,18,0,wk inc flu hosp,2026-02-28,quantile,0.975,410
2026-02-28,18,0,wk inc flu hosp,2026-02-28,quantile,0.99,445
2026-02-28,18,1,wk inc flu hosp,2026-03-07,quantile,0.01,71
2026-02-28,18,1,wk inc flu hosp,2026-03-07,quantile,0.025,92
2026-02-28,18,1,wk inc flu hosp,2026-03-07,quantile,0.05,108
2026-02-28,18,1,wk inc flu hosp,2026-03-07,quantile,0.1,127
2026-02-28,18,1,wk inc flu hosp,2026-03-07,quantile,0.15,142
2026-02-28,18,1,wk inc flu hosp,2026-03-07,quantile,0.2,157
2026-02-28,18,1,wk inc flu hosp,2026-03-07,quantile,0.25,166
2026-02-28,18,1,wk inc flu hosp,2026-03-07,quantile,0.3,177
2026-02-28,18,1,wk inc flu hosp,2026-03-07,quantile,0.35,187
2026-02-28,18,1,wk inc flu hosp,2026-03-07,quantile,0.4,197
2026-02-28,18,1,wk inc flu hosp,2026-03-07,quantile,0.45,207
2026-02-28,18,1,wk inc flu hosp,2026-03-07,quantile,0.5,226
2026-02-28,18,1,wk inc flu hosp,2026-03-07,quantile,0.55,236
2026-02-28,18,1,wk inc flu hosp,2026-03-07,quantile,0.6,246
2026-02-28,18,1,wk inc flu hosp,2026-03-07,quantile,0.65,260
2026-02-28,18,1,wk inc flu hosp,2026-03-07,quantile,0.7,273
2026-02-28,18,1,wk inc flu hosp,2026-03-07,quantile,0.75,286
2026-02-28,18,1,wk inc flu hosp,2026-03-07,quantile,0.8,305
2026-02-28,18,1,wk inc flu hosp,2026-03-07,quantile,0.85,325
2026-02-28,18,1,wk inc flu hosp,2026-03-07,quantile,0.9,348
2026-02-28,18,1,wk inc flu hosp,2026-03-07,quantile,0.95,377
2026-02-28,18,1,wk inc flu hosp,2026-03-07,quantile,0.975,409
2026-02-28,18,1,wk inc flu hosp,2026-03-07,quantile,0.99,465
2026-02-28,18,2,wk inc flu hosp,2026-03-14,quantile,0.01,38
2026-02-28,18,2,wk inc flu hosp,2026-03-14,quantile,0.025,55
2026-02-28,18,2,wk inc flu hosp,2026-03-14,quantile,0.05,73
2026-02-28,18,2,wk inc flu hosp,2026-03-14,quantile,0.1,96
2026-02-28,18,2,wk inc flu hosp,2026-03-14,quantile,0.15,112
2026-02-28,18,2,wk inc flu hosp,2026-03-14,quantile,0.2,129
2026-02-28,18,2,wk inc flu hosp,2026-03-14,quantile,0.25,141
2026-02-28,18,2,wk inc flu hosp,2026-03-14,quantile,0.3,152
2026-02-28,18,2,wk inc flu hosp,2026-03-14,quantile,0.35,164
2026-02-28,18,2,wk inc flu hosp,2026-03-14,quantile,0.4,174
2026-02-28,18,2,wk inc flu hosp,2026-03-14,quantile,0.45,185
2026-02-28,18,2,wk inc flu hosp,2026-03-14,quantile,0.5,201
2026-02-28,18,2,wk inc flu hosp,2026-03-14,quantile,0.55,212
2026-02-28,18,2,wk inc flu hosp,2026-03-14,quantile,0.6,221
2026-02-28,18,2,wk inc flu hosp,2026-03-14,quantile,0.65,234
2026-02-28,18,2,wk inc flu hosp,2026-03-14,quantile,0.7,250
2026-02-28,18,2,wk inc flu hosp,2026-03-14,quantile,0.75,264
2026-02-28,18,2,wk inc flu hosp,2026-03-14,quantile,0.8,279
2026-02-28,18,2,wk inc flu hosp,2026-03-14,quantile,0.85,308
2026-02-28,18,2,wk inc flu hosp,2026-03-14,quantile,0.9,346
2026-02-28,18,2,wk inc flu hosp,2026-03-14,quantile,0.95,371
2026-02-28,18,2,wk inc flu hosp,2026-03-14,quantile,0.975,430
2026-02-28,18,2,wk inc flu hosp,2026-03-14,quantile,0.99,504
2026-02-28,18,3,wk inc flu hosp,2026-03-21,quantile,0.01,20
2026-02-28,18,3,wk inc flu hosp,2026-03-21,quantile,0.025,35
2026-02-28,18,3,wk inc flu hosp,2026-03-21,quantile,0.05,50
2026-02-28,18,3,wk inc flu hosp,2026-03-21,quantile,0.1,68
2026-02-28,18,3,wk inc flu hosp,2026-03-21,quantile,0.15,86
2026-02-28,18,3,wk inc flu hosp,2026-03-21,quantile,0.2,101
2026-02-28,18,3,wk inc flu hosp,2026-03-21,quantile,0.25,109
2026-02-28,18,3,wk inc flu hosp,2026-03-21,quantile,0.3,122
2026-02-28,18,3,wk inc flu hosp,2026-03-21,quantile,0.35,135
2026-02-28,18,3,wk inc flu hosp,2026-03-21,quantile,0.4,147
2026-02-28,18,3,wk inc flu hosp,2026-03-21,quantile,0.45,157
2026-02-28,18,3,wk inc flu hosp,2026-03-21,quantile,0.5,172
2026-02-28,18,3,wk inc flu hosp,2026-03-21,quantile,0.55,184
2026-02-28,18,3,wk inc flu hosp,2026-03-21,quantile,0.6,197
2026-02-28,18,3,wk inc flu hosp,2026-03-21,quantile,0.65,210
2026-02-28,18,3,wk inc flu hosp,2026-03-21,quantile,0.7,227
2026-02-28,18,3,wk inc flu hosp,2026-03-21,quantile,0.75,247
2026-02-28,18,3,wk inc flu hosp,2026-03-21,quantile,0.8,262
2026-02-28,18,3,wk inc flu hosp,2026-03-21,quantile,0.85,287
2026-02-28,18,3,wk inc flu hosp,2026-03-21,quantile,0.9,326
2026-02-28,18,3,wk inc flu hosp,2026-03-21,quantile,0.95,376
2026-02-28,18,3,wk inc flu hosp,2026-03-21,quantile,0.975,432
2026-02-28,18,3,wk inc flu hosp,2026-03-21,quantile,0.99,490
2026-02-28,19,0,wk inc flu hosp,2026-02-28,quantile,0.01,71
2026-02-28,19,0,wk inc flu hosp,2026-02-28,quantile,0.025,82
2026-02-28,19,0,wk inc flu hosp,2026-02-28,quantile,0.05,91
2026-02-28,19,0,wk inc flu hosp,2026-02-28,quantile,0.1,103
2026-02-28,19,0,wk inc flu hosp,2026-02-28,quantile,0.15,109
2026-02-28,19,0,wk inc flu hosp,2026-02-28,quantile,0.2,115
2026-02-28,19,0,wk inc flu hosp,2026-02-28,quantile,0.25,119
2026-02-28,19,0,wk inc flu hosp,2026-02-28,quantile,0.3,126
2026-02-28,19,0,wk inc flu hosp,2026-02-28,quantile,0.35,132
2026-02-28,19,0,wk inc flu hosp,2026-02-28,quantile,0.4,137
2026-02-28,19,0,wk inc flu hosp,2026-02-28,quantile,0.45,142
2026-02-28,19,0,wk inc flu hosp,2026-02-28,quantile,0.5,146
2026-02-28,19,0,wk inc flu hosp,2026-02-28,quantile,0.55,152
2026-02-28,19,0,wk inc flu hosp,2026-02-28,quantile,0.6,157
2026-02-28,19,0,wk inc flu hosp,2026-02-28,quantile,0.65,161
2026-02-28,19,0,wk inc flu hosp,2026-02-28,quantile,0.7,166
2026-02-28,19,0,wk inc flu hosp,2026-02-28,quantile,0.75,174
2026-02-28,19,0,wk inc flu hosp,2026-02-28,quantile,0.8,181
2026-02-28,19,0,wk inc flu hosp,2026-02-28,quantile,0.85,190
2026-02-28,19,0,wk inc flu hosp,2026-02-28,quantile,0.9,201
2026-02-28,19,0,wk inc flu hosp,2026-02-28,quantile,0.95,216
2026-02-28,19,0,wk inc flu hosp,2026-02-28,quantile,0.975,235
2026-02-28,19,0,wk inc flu hosp,2026-02-28,quantile,0.99,252
2026-02-28,19,1,wk inc flu hosp,2026-03-07,quantile,0.01,43
2026-02-28,19,1,wk inc flu hosp,2026-03-07,quantile,0.025,51
2026-02-28,19,1,wk inc flu hosp,2026-03-07,quantile,0.05,60
2026-02-28,19,1,wk inc flu hosp,2026-03-07,quantile,0.1,70
2026-02-28,19,1,wk inc flu hosp,2026-03-07,quantile,0.15,79
2026-02-28,19,1,wk inc flu hosp,2026-03-07,quantile,0.2,86
2026-02-28,19,1,wk inc flu hosp,2026-03-07,quantile,0.25,92
2026-02-28,19,1,wk inc flu hosp,2026-03-07,quantile,0.3,98
2026-02-28,19,1,wk inc flu hosp,2026-03-07,quantile,0.35,107
2026-02-28,19,1,wk inc flu hosp,2026-03-07,quantile,0.4,114
2026-02-28,19,1,wk inc flu hosp,2026-03-07,quantile,0.45,120
2026-02-28,19,1,wk inc flu hosp,2026-03-07,quantile,0.5,125
2026-02-28,19,1,wk inc flu hosp,2026-03-07,quantile,0.55,130
2026-02-28,19,1,wk inc flu hosp,2026-03-07,quantile,0.6,136
2026-02-28,19,1,wk inc flu hosp,2026-03-07,quantile,0.65,142
2026-02-28,19,1,wk inc flu hosp,2026-03-07,quantile,0.7,152
2026-02-28,19,1,wk inc flu hosp,2026-03-07,quantile,0.75,159
2026-02-28,19,1,wk inc flu hosp,2026-03-07,quantile,0.8,172
2026-02-28,19,1,wk inc flu hosp,2026-03-07,quantile,0.85,183
2026-02-28,19,1,wk inc flu hosp,2026-03-07,quantile,0.9,198
2026-02-28,19,1,wk inc flu hosp,2026-03-07,quantile,0.95,209
2026-02-28,19,1,wk inc flu hosp,2026-03-07,quantile,0.975,222
2026-02-28,19,1,wk inc flu hosp,2026-03-07,quantile,0.99,243
2026-02-28,19,2,wk inc flu hosp,2026-03-14,quantile,0.01,27
2026-02-28,19,2,wk inc flu hosp,2026-03-14,quantile,0.025,32
2026-02-28,19,2,wk inc flu hosp,2026-03-14,quantile,0.05,40
2026-02-28,19,2,wk inc flu hosp,2026-03-14,quantile,0.1,49
2026-02-28,19,2,wk inc flu hosp,2026-03-14,quantile,0.15,56
2026-02-28,19,2,wk inc flu hosp,2026-03-14,quantile,0.2,64
2026-02-28,19,2,wk inc flu hosp,2026-03-14,quantile,0.25,69
2026-02-28,19,2,wk inc flu hosp,2026-03-14,quantile,0.3,76
2026-02-28,19,2,wk inc flu hosp,2026-03-14,quantile,0.35,81
2026-02-28,19,2,wk inc flu hosp,2026-03-14,quantile,0.4,88
2026-02-28,19,2,wk inc flu hosp,2026-03-14,quantile,0.45,94
2026-02-28,19,2,wk inc flu hosp,2026-03-14,quantile,0.5,98
2026-02-28,19,2,wk inc flu hosp,2026-03-14,quantile,0.55,103
2026-02-28,19,2,wk inc flu hosp,2026-03-14,quantile,0.6,111
2026-02-28,19,2,wk inc flu hosp,2026-03-14,quantile,0.65,121
2026-02-28,19,2,wk inc flu hosp,2026-03-14,quantile,0.7,131
2026-02-28,19,2,wk inc flu hosp,2026-03-14,quantile,0.75,141
2026-02-28,19,2,wk inc flu hosp,2026-03-14,quantile,0.8,157
2026-02-28,19,2,wk inc flu hosp,2026-03-14,quantile,0.85,170
2026-02-28,19,2,wk inc flu hosp,2026-03-14,quantile,0.9,180
2026-02-28,19,2,wk inc flu hosp,2026-03-14,quantile,0.95,196
2026-02-28,19,2,wk inc flu hosp,2026-03-14,quantile,0.975,210
2026-02-28,19,2,wk inc flu hosp,2026-03-14,quantile,0.99,260
2026-02-28,19,3,wk inc flu hosp,2026-03-21,quantile,0.01,10
2026-02-28,19,3,wk inc flu hosp,2026-03-21,quantile,0.025,18
2026-02-28,19,3,wk inc flu hosp,2026-03-21,quantile,0.05,26
2026-02-28,19,3,wk inc flu hosp,2026-03-21,quantile,0.1,32
2026-02-28,19,3,wk inc flu hosp,2026-03-21,quantile,0.15,36
2026-02-28,19,3,wk inc flu hosp,2026-03-21,quantile,0.2,41
2026-02-28,19,3,wk inc flu hosp,2026-03-21,quantile,0.25,49
2026-02-28,19,3,wk inc flu hosp,2026-03-21,quantile,0.3,55
2026-02-28,19,3,wk inc flu hosp,2026-03-21,quantile,0.35,64
2026-02-28,19,3,wk inc flu hosp,2026-03-21,quantile,0.4,70
2026-02-28,19,3,wk inc flu hosp,2026-03-21,quantile,0.45,75
2026-02-28,19,3,wk inc flu hosp,2026-03-21,quantile,0.5,82
2026-02-28,19,3,wk inc flu hosp,2026-03-21,quantile,0.55,88
2026-02-28,19,3,wk inc flu hosp,2026-03-21,quantile,0.6,94
2026-02-28,19,3,wk inc flu hosp,2026-03-21,quantile,0.65,98
2026-02-28,19,3,wk inc flu hosp,2026-03-21,quantile,0.7,113
2026-02-28,19,3,wk inc flu hosp,2026-03-21,quantile,0.75,121
2026-02-28,19,3,wk inc flu hosp,2026-03-21,quantile,0.8,133
2026-02-28,19,3,wk inc flu hosp,2026-03-21,quantile,0.85,145
2026-02-28,19,3,wk inc flu hosp,2026-03-21,quantile,0.9,163
2026-02-28,19,3,wk inc flu hosp,2026-03-21,quantile,0.95,207
2026-02-28,19,3,wk inc flu hosp,2026-03-21,quantile,0.975,224
2026-02-28,19,3,wk inc flu hosp,2026-03-21,quantile,0.99,256
2026-02-28,20,0,wk inc flu hosp,2026-02-28,quantile,0.01,74
2026-02-28,20,0,wk inc flu hosp,2026-02-28,quantile,0.025,86
2026-02-28,20,0,wk inc flu hosp,2026-02-28,quantile,0.05,97
2026-02-28,20,0,wk inc flu hosp,2026-02-28,quantile,0.1,106
2026-02-28,20,0,wk inc flu hosp,2026-02-28,quantile,0.15,114
2026-02-28,20,0,wk inc flu hosp,2026-02-28,quantile,0.2,120
2026-02-28,20,0,wk inc flu hosp,2026-02-28,quantile,0.25,129
2026-02-28,20,0,wk inc flu hosp,2026-02-28,quantile,0.3,134
2026-02-28,20,0,wk inc flu hosp,2026-02-28,quantile,0.35,139
2026-02-28,20,0,wk inc flu hosp,2026-02-28,quantile,0.4,143
2026-02-28,20,0,wk inc flu hosp,2026-02-28,quantile,0.45,148
2026-02-28,20,0,wk inc flu hosp,2026-02-28,quantile,0.5,155
2026-02-28,20,0,wk inc flu hosp,2026-02-28,quantile,0.55,161
2026-02-28,20,0,wk inc flu hosp,2026-02-28,quantile,0.6,166
2026-02-28,20,0,wk inc flu hosp,2026-02-28,quantile,0.65,174
2026-02-28,20,0,wk inc flu hosp,2026-02-28,quantile,0.7,179
2026-02-28,20,0,wk inc flu hosp,2026-02-28,quantile,0.75,183
2026-02-28,20,0,wk inc flu hosp,2026-02-28,quantile,0.8,186
2026-02-28,20,0,wk inc flu hosp,2026-02-28,quantile,0.85,192
2026-02-28,20,0,wk inc flu hosp,2026-02-28,quantile,0.9,207
2026-02-28,20,0,wk inc flu hosp,2026-02-28,quantile,0.95,227
2026-02-28,20,0,wk inc flu hosp,2026-02-28,quantile,0.975,242
2026-02-28,20,0,wk inc flu hosp,2026-02-28,quantile,0.99,270
2026-02-28,20,1,wk inc flu hosp,2026-03-07,quantile,0.01,48
2026-02-28,20,1,wk inc flu hosp,2026-03-07,quantile,0.025,55
2026-02-28,20,1,wk inc flu hosp,2026-03-07,quantile,0.05,66
2026-02-28,20,1,wk inc flu hosp,2026-03-07,quantile,0.1,76
2026-02-28,20,1,wk inc flu hosp,2026-03-07,quantile,0.15,84
2026-02-28,20,1,wk inc flu hosp,2026-03-07,quantile,0.2,91
2026-02-28,20,1,wk inc flu hosp,2026-03-07,quantile,0.25,101
2026-02-28,20,1,wk inc flu hosp,2026-03-07,quantile,0.3,106
2026-02-28,20,1,wk inc flu hosp,2026-03-07,quantile,0.35,114
2026-02-28,20,1,wk inc flu hosp,2026-03-07,quantile,0.4,119
2026-02-28,20,1,wk inc flu hosp,2026-03-07,quantile,0.45,123
2026-02-28,20,1,wk inc flu hosp,2026-03-07,quantile,0.5,130
2026-02-28,20,1,wk inc flu hosp,2026-03-07,quantile,0.55,138
2026-02-28,20,1,wk inc flu hosp,2026-03-07,quantile,0.6,143
2026-02-28,20,1,wk inc flu hosp,2026-03-07,quantile,0.65,150
2026-02-28,20,1,wk inc flu hosp,2026-03-07,quantile,0.7,157
2026-02-28,20,1,wk inc flu hosp,2026-03-07,quantile,0.75,166
2026-02-28,20,1,wk inc flu hosp,2026-03-07,quantile,0.8,175
2026-02-28,20,1,wk inc flu hosp,2026-03-07,quantile,0.85,184
2026-02-28,20,1,wk inc flu hosp,2026-03-07,quantile,0.9,194
2026-02-28,20,1,wk inc flu hosp,2026-03-07,quantile,0.95,210
2026-02-28,20,1,wk inc flu hosp,2026-03-07,quantile,0.975,224
2026-02-28,20,1,wk inc flu hosp,2026-03-07,quantile,0.99,248
2026-02-28,20,2,wk inc flu hosp,2026-03-14,quantile,0.01,30
2026-02-28,20,2,wk inc flu hosp,2026-03-14,quantile,0.025,36
2026-02-28,20,2,wk inc flu hosp,2026-03-14,quantile,0.05,47
2026-02-28,20,2,wk inc flu hosp,2026-03-14,quantile,0.1,59
2026-02-28,20,2,wk inc flu hosp,2026-03-14,quantile,0.15,67
2026-02-28,20,2,wk inc flu hosp,2026-03-14,quantile,0.2,74
2026-02-28,20,2,wk inc flu hosp,2026-03-14,quantile,0.25,79
2026-02-28,20,2,wk inc flu hosp,2026-03-14,quantile,0.3,88
2026-02-28,20,2,wk inc flu hosp,2026-03-14,quantile,0.35,94
2026-02-28,20,2,wk inc flu hosp,2026-03-14,quantile,0.4,97
2026-02-28,20,2,wk inc flu hosp,2026-03-14,quantile,0.45,101
2026-02-28,20,2,wk inc flu hosp,2026-03-14,quantile,0.5,108
2026-02-28,20,2,wk inc flu hosp,2026-03-14,quantile,0.55,113
2026-02-28,20,2,wk inc flu hosp,2026-03-14,quantile,0.6,120
2026-02-28,20,2,wk inc flu hosp,2026-03-14,quantile,0.65,126
2026-02-28,20,2,wk inc flu hosp,2026-03-14,quantile,0.7,134
2026-02-28,20,2,wk inc flu hosp,2026-03-14,quantile,0.75,144
2026-02-28,20,2,wk inc flu hosp,2026-03-14,quantile,0.8,157
2026-02-28,20,2,wk inc flu hosp,2026-03-14,quantile,0.85,172
2026-02-28,20,2,wk inc flu hosp,2026-03-14,quantile,0.9,190
2026-02-28,20,2,wk inc flu hosp,2026-03-14,quantile,0.95,220
2026-02-28,20,2,wk inc flu hosp,2026-03-14,quantile,0.975,231
2026-02-28,20,2,wk inc flu hosp,2026-03-14,quantile,0.99,256
2026-02-28,20,3,wk inc flu hosp,2026-03-21,quantile,0.01,20
2026-02-28,20,3,wk inc flu hosp,2026-03-21,quantile,0.025,28
2026-02-28,20,3,wk inc flu hosp,2026-03-21,quantile,0.05,37
2026-02-28,20,3,wk inc flu hosp,2026-03-21,quantile,0.1,48
2026-02-28,20,3,wk inc flu hosp,2026-03-21,quantile,0.15,53
2026-02-28,20,3,wk inc flu hosp,2026-03-21,quantile,0.2,58
2026-02-28,20,3,wk inc flu hosp,2026-03-21,quantile,0.25,64
2026-02-28,20,3,wk inc flu hosp,2026-03-21,quantile,0.3,71
2026-02-28,20,3,wk inc flu hosp,2026-03-21,quantile,0.35,76
2026-02-28,20,3,wk inc flu hosp,2026-03-21,quantile,0.4,81
2026-02-28,20,3,wk inc flu hosp,2026-03-21,quantile,0.45,85
2026-02-28,20,3,wk inc flu hosp,2026-03-21,quantile,0.5,90
2026-02-28,20,3,wk inc flu hosp,2026-03-21,quantile,0.55,95
2026-02-28,20,3,wk inc flu hosp,2026-03-21,quantile,0.6,102
2026-02-28,20,3,wk inc flu hosp,2026-03-21,quantile,0.65,110
2026-02-28,20,3,wk inc flu hosp,2026-03-21,quantile,0.7,121
2026-02-28,20,3,wk inc flu hosp,2026-03-21,quantile,0.75,129
2026-02-28,20,3,wk inc flu hosp,2026-03-21,quantile,0.8,138
2026-02-28,20,3,wk inc flu hosp,2026-03-21,quantile,0.85,150
2026-02-28,20,3,wk inc flu hosp,2026-03-21,quantile,0.9,178
2026-02-28,20,3,wk inc flu hosp,2026-03-21,quantile,0.95,203
2026-02-28,20,3,wk inc flu hosp,2026-03-21,quantile,0.975,240
2026-02-28,20,3,wk inc flu hosp,2026-03-21,quantile,0.99,265
2026-02-28,21,0,wk inc flu hosp,2026-02-28,quantile,0.01,86
2026-02-28,21,0,wk inc flu hosp,2026-02-28,quantile,0.025,94
2026-02-28,21,0,wk inc flu hosp,2026-02-28,quantile,0.05,104
2026-02-28,21,0,wk inc flu hosp,2026-02-28,quantile,0.1,117
2026-02-28,21,0,wk inc flu hosp,2026-02-28,quantile,0.15,133
2026-02-28,21,0,wk inc flu hosp,2026-02-28,quantile,0.2,144
2026-02-28,21,0,wk inc flu hosp,2026-02-28,quantile,0.25,151
2026-02-28,21,0,wk inc flu hosp,2026-02-28,quantile,0.3,157
2026-02-28,21,0,wk inc flu hosp,2026-02-28,quantile,0.35,164
2026-02-28,21,0,wk inc flu hosp,2026-02-28,quantile,0.4,171
2026-02-28,21,0,wk inc flu hosp,2026-02-28,quantile,0.45,177
2026-02-28,21,0,wk inc flu hosp,2026-02-28,quantile,0.5,187
2026-02-28,21,0,wk inc flu hosp,2026-02-28,quantile,0.55,192
2026-02-28,21,0,wk inc flu hosp,2026-02-28,quantile,0.6,198
2026-02-28,21,0,wk inc flu hosp,2026-02-28,quantile,0.65,205
2026-02-28,21,0,wk inc flu hosp,2026-02-28,quantile,0.7,211
2026-02-28,21,0,wk inc flu hosp,2026-02-28,quantile,0.75,218
2026-02-28,21,0,wk inc flu hosp,2026-02-28,quantile,0.8,225
2026-02-28,21,0,wk inc flu hosp,2026-02-28,quantile,0.85,237
2026-02-28,21,0,wk inc flu hosp,2026-02-28,quantile,0.9,256
2026-02-28,21,0,wk inc flu hosp,2026-02-28,quantile,0.95,283
2026-02-28,21,0,wk inc flu hosp,2026-02-28,quantile,0.975,305
2026-02-28,21,0,wk inc flu hosp,2026-02-28,quantile,0.99,333
2026-02-28,21,1,wk inc flu hosp,2026-03-07,quantile,0.01,49
2026-02-28,21,1,wk inc flu hosp,2026-03-07,quantile,0.025,62
2026-02-28,21,1,wk inc flu hosp,2026-03-07,quantile,0.05,70
2026-02-28,21,1,wk inc flu hosp,2026-03-07,quantile,0.1,90
2026-02-28,21,1,wk inc flu hosp,2026-03-07,quantile,0.15,102
2026-02-28,21,1,wk inc flu hosp,2026-03-07,quantile,0.2,111
2026-02-28,21,1,wk inc flu hosp,2026-03-07,quantile,0.25,122
2026-02-28,21,1,wk inc flu hosp,2026-03-07,quantile,0.3,129
2026-02-28,21,1,wk inc flu hosp,2026-03-07,quantile,0.35,138
2026-02-28,21,1,wk inc flu hosp,2026-03-07,quantile,0.4,144
2026-02-28,21,1,wk inc flu hosp,2026-03-07,quantile,0.45,151
2026-02-28,21,1,wk inc flu hosp,2026-03-07,quantile,0.5,161
2026-02-28,21,1,wk inc flu hosp,2026-03-07,quantile,0.55,169
2026-02-28,21,1,wk inc flu hosp,2026-03-07,quantile,0.6,178
2026-02-28,21,1,wk inc flu hosp,2026-03-07,quantile,0.65,188
2026-02-28,21,1,wk inc flu hosp,2026-03-07,quantile,0.7,197
2026-02-28,21,1,wk inc flu hosp,2026-03-07,quantile,0.75,209
2026-02-28,21,1,wk inc flu hosp,2026-03-07,quantile,0.8,223
2026-02-28,21,1,wk inc flu hosp,2026-03-07,quantile,0.85,239
2026-02-28,21,1,wk inc flu hosp,2026-03-07,quantile,0.9,263
2026-02-28,21,1,wk inc flu hosp,2026-03-07,quantile,0.95,296
2026-02-28,21,1,wk inc flu hosp,2026-03-07,quantile,0.975,322
2026-02-28,21,1,wk inc flu hosp,2026-03-07,quantile,0.99,357
2026-02-28,21,2,wk inc flu hosp,2026-03-14,quantile,0.01,25
2026-02-28,21,2,wk inc flu hosp,2026-03-14,quantile,0.025,36
2026-02-28,21,2,wk inc flu hosp,2026-03-14,quantile,0.05,46
2026-02-28,21,2,wk inc flu hosp,2026-03-14,quantile,0.1,62
2026-02-28,21,2,wk inc flu hosp,2026-03-14,quantile,0.15,77
2026-02-28,21,2,wk inc flu hosp,2026-03-14,quantile,0.2,88
2026-02-28,21,2,wk inc flu hosp,2026-03-14,quantile,0.25,95
2026-02-28,21,2,wk inc flu hosp,2026-03-14,quantile,0.3,105
2026-02-28,21,2,wk inc flu hosp,2026-03-14,quantile,0.35,119
2026-02-28,21,2,wk inc flu hosp,2026-03-14,quantile,0.4,126
2026-02-28,21,2,wk inc flu hosp,2026-03-14,quantile,0.45,133
2026-02-28,21,2,wk inc flu hosp,2026-03-14,quantile,0.5,141
2026-02-28,21,2,wk inc flu hosp,2026-03-14,quantile,0.55,151
2026-02-28,21,2,wk inc flu hosp,2026-03-14,quantile,0.6,161
2026-02-28,21,2,wk inc flu hosp,2026-03-14,quantile,0.65,171
2026-02-28,21,2,wk inc flu hosp,2026-03-14,quantile,0.7,182
2026-02-28,21,2,wk inc flu hosp,2026-03-14,quantile,0.75,194
2026-02-28,21,2,wk inc flu hosp,2026-03-14,quantile,0.8,209
2026-02-28,21,2,wk inc flu hosp,2026-03-14,quantile,0.85,230
2026-02-28,21,2,wk inc flu hosp,2026-03-14,quantile,0.9,259
2026-02-28,21,2,wk inc flu hosp,2026-03-14,quantile,0.95,296
2026-02-28,21,2,wk inc flu hosp,2026-03-14,quantile,0.975,327
2026-02-28,21,2,wk inc flu hosp,2026-03-14,quantile,0.99,395
2026-02-28,21,3,wk inc flu hosp,2026-03-21,quantile,0.01,14
2026-02-28,21,3,wk inc flu hosp,2026-03-21,quantile,0.025,25
2026-02-28,21,3,wk inc flu hosp,2026-03-21,quantile,0.05,35
2026-02-28,21,3,wk inc flu hosp,2026-03-21,quantile,0.1,53
2026-02-28,21,3,wk inc flu hosp,2026-03-21,quantile,0.15,64
2026-02-28,21,3,wk inc flu hosp,2026-03-21,quantile,0.2,72
2026-02-28,21,3,wk inc flu hosp,2026-03-21,quantile,0.25,81
2026-02-28,21,3,wk inc flu hosp,2026-03-21,quantile,0.3,90
2026-02-28,21,3,wk inc flu hosp,2026-03-21,quantile,0.35,99
2026-02-28,21,3,wk inc flu hosp,2026-03-21,quantile,0.4,108
2026-02-28,21,3,wk inc flu hosp,2026-03-21,quantile,0.45,116
2026-02-28,21,3,wk inc flu hosp,2026-03-21,quantile,0.5,123
2026-02-28,21,3,wk inc flu hosp,2026-03-21,quantile,0.55,132
2026-02-28,21,3,wk inc flu hosp,2026-03-21,quantile,0.6,141
2026-02-28,21,3,wk inc flu hosp,2026-03-21,quantile,0.65,152
2026-02-28,21,3,wk inc flu hosp,2026-03-21,quantile,0.7,164
2026-02-28,21,3,wk inc flu hosp,2026-03-21,quantile,0.75,177
2026-02-28,21,3,wk inc flu hosp,2026-03-21,quantile,0.8,193
2026-02-28,21,3,wk inc flu hosp,2026-03-21,quantile,0.85,215
2026-02-28,21,3,wk inc flu hosp,2026-03-21,quantile,0.9,248
2026-02-28,21,3,wk inc flu hosp,2026-03-21,quantile,0.95,294
2026-02-28,21,3,wk inc flu hosp,2026-03-21,quantile,0.975,339
2026-02-28,21,3,wk inc flu hosp,2026-03-21,quantile,0.99,419
2026-02-28,22,0,wk inc flu hosp,2026-02-28,quantile,0.01,176
2026-02-28,22,0,wk inc flu hosp,2026-02-28,quantile,0.025,190
2026-02-28,22,0,wk inc flu hosp,2026-02-28,quantile,0.05,206
2026-02-28,22,0,wk inc flu hosp,2026-02-28,quantile,0.1,226
2026-02-28,22,0,wk inc flu hosp,2026-02-28,quantile,0.15,242
2026-02-28,22,0,wk inc flu hosp,2026-02-28,quantile,0.2,251
2026-02-28,22,0,wk inc flu hosp,2026-02-28,quantile,0.25,257
2026-02-28,22,0,wk inc flu hosp,2026-02-28,quantile,0.3,261
2026-02-28,22,0,wk inc flu hosp,2026-02-28,quantile,0.35,270
2026-02-28,22,0,wk inc flu hosp,2026-02-28,quantile,0.4,279
2026-02-28,22,0,wk inc flu hosp,2026-02-28,quantile,0.45,285
2026-02-28,22,0,wk inc flu hosp,2026-02-28,quantile,0.5,304
2026-02-28,22,0,wk inc flu hosp,2026-02-28,quantile,0.55,317
2026-02-28,22,0,wk inc flu hosp,2026-02-28,quantile,0.6,324
2026-02-28,22,0,wk inc flu hosp,2026-02-28,quantile,0.65,332
2026-02-28,22,0,wk inc flu hosp,2026-02-28,quantile,0.7,341
2026-02-28,22,0,wk inc flu hosp,2026-02-28,quantile,0.75,351
2026-02-28,22,0,wk inc flu hosp,2026-02-28,quantile,0.8,361
2026-02-28,22,0,wk inc flu hosp,2026-02-28,quantile,0.85,372
2026-02-28,22,0,wk inc flu hosp,2026-02-28,quantile,0.9,387
2026-02-28,22,0,wk inc flu hosp,2026-02-28,quantile,0.95,414
2026-02-28,22,0,wk inc flu hosp,2026-02-28,quantile,0.975,439
2026-02-28,22,0,wk inc flu hosp,2026-02-28,quantile,0.99,465
2026-02-28,22,1,wk inc flu hosp,2026-03-07,quantile,0.01,114
2026-02-28,22,1,wk inc flu hosp,2026-03-07,quantile,0.025,131
2026-02-28,22,1,wk inc flu hosp,2026-03-07,quantile,0.05,150
2026-02-28,22,1,wk inc flu hosp,2026-03-07,quantile,0.1,170
2026-02-28,22,1,wk inc flu hosp,2026-03-07,quantile,0.15,183
2026-02-28,22,1,wk inc flu hosp,2026-03-07,quantile,0.2,195
2026-02-28,22,1,wk inc flu hosp,2026-03-07,quantile,0.25,210
2026-02-28,22,1,wk inc flu hosp,2026-03-07,quantile,0.3,223
2026-02-28,22,1,wk inc flu hosp,2026-03-07,quantile,0.35,238
2026-02-28,22,1,wk inc flu hosp,2026-03-07,quantile,0.4,248
2026-02-28,22,1,wk inc flu hosp,2026-03-07,quantile,0.45,256
2026-02-28,22,1,wk inc flu hosp,2026-03-07,quantile,0.5,269
2026-02-28,22,1,wk inc flu hosp,2026-03-07,quantile,0.55,280
2026-02-28,22,1,wk inc flu hosp,2026-03-07,quantile,0.6,288
2026-02-28,22,1,wk inc flu hosp,2026-03-07,quantile,0.65,297
2026-02-28,22,1,wk inc flu hosp,2026-03-07,quantile,0.7,312
2026-02-28,22,1,wk inc flu hosp,2026-03-07,quantile,0.75,330
2026-02-28,22,1,wk inc flu hosp,2026-03-07,quantile,0.8,346
2026-02-28,22,1,wk inc flu hosp,2026-03-07,quantile,0.85,363
2026-02-28,22,1,wk inc flu hosp,2026-03-07,quantile,0.9,384
2026-02-28,22,1,wk inc flu hosp,2026-03-07,quantile,0.95,410
2026-02-28,22,1,wk inc flu hosp,2026-03-07,quantile,0.975,440
2026-02-28,22,1,wk inc flu hosp,2026-03-07,quantile,0.99,496
2026-02-28,22,2,wk inc flu hosp,2026-03-14,quantile,0.01,81
2026-02-28,22,2,wk inc flu hosp,2026-03-14,quantile,0.025,99
2026-02-28,22,2,wk inc flu hosp,2026-03-14,quantile,0.05,118
2026-02-28,22,2,wk inc flu hosp,2026-03-14,quantile,0.1,140
2026-02-28,22,2,wk inc flu hosp,2026-03-14,quantile,0.15,157
2026-02-28,22,2,wk inc flu hosp,2026-03-14,quantile,0.2,169
2026-02-28,22,2,wk inc flu hosp,2026-03-14,quantile,0.25,187
2026-02-28,22,2,wk inc flu hosp,2026-03-14,quantile,0.3,197
2026-02-28,22,2,wk inc flu hosp,2026-03-14,quantile,0.35,206
2026-02-28,22,2,wk inc flu hosp,2026-03-14,quantile,0.4,219
2026-02-28,22,2,wk inc flu hosp,2026-03-14,quantile,0.45,224
2026-02-28,22,2,wk inc flu hosp,2026-03-14,quantile,0.5,230
2026-02-28,22,2,wk inc flu hosp,2026-03-14,quantile,0.55,239
2026-02-28,22,2,wk inc flu hosp,2026-03-14,quantile,0.6,250
2026-02-28,22,2,wk inc flu hosp,2026-03-14,quantile,0.65,260
2026-02-28,22,2,wk inc flu hosp,2026-03-14,quantile,0.7,275
2026-02-28,22,2,wk inc flu hosp,2026-03-14,quantile,0.75,295
2026-02-28,22,2,wk inc flu hosp,2026-03-14,quantile,0.8,329
2026-02-28,22,2,wk inc flu hosp,2026-03-14,quantile,0.85,335
2026-02-28,22,2,wk inc flu hosp,2026-03-14,quantile,0.9,370
2026-02-28,22,2,wk inc flu hosp,2026-03-14,quantile,0.95,418
2026-02-28,22,2,wk inc flu hosp,2026-03-14,quantile,0.975,449
2026-02-28,22,2,wk inc flu hosp,2026-03-14,quantile,0.99,509
2026-02-28,22,3,wk inc flu hosp,2026-03-21,quantile,0.01,59
2026-02-28,22,3,wk inc flu hosp,2026-03-21,quantile,0.025,72
2026-02-28,22,3,wk inc flu hosp,2026-03-21,quantile,0.05,90
2026-02-28,22,3,wk inc flu hosp,2026-03-21,quantile,0.1,110
2026-02-28,22,3,wk inc flu hosp,2026-03-21,quantile,0.15,128
2026-02-28,22,3,wk inc flu hosp,2026-03-21,quantile,0.2,142
2026-02-28,22,3,wk inc flu hosp,2026-03-21,quantile,0.25,155
2026-02-28,22,3,wk inc flu hosp,2026-03-21,quantile,0.3,165
2026-02-28,22,3,wk inc flu hosp,2026-03-21,quantile,0.35,175
2026-02-28,22,3,wk inc flu hosp,2026-03-21,quantile,0.4,187
2026-02-28,22,3,wk inc flu hosp,2026-03-21,quantile,0.45,197
2026-02-28,22,3,wk inc flu hosp,2026-03-21,quantile,0.5,207
2026-02-28,22,3,wk inc flu hosp,2026-03-21,quantile,0.55,218
2026-02-28,22,3,wk inc flu hosp,2026-03-21,quantile,0.6,228
2026-02-28,22,3,wk inc flu hosp,2026-03-21,quantile,0.65,240
2026-02-28,22,3,wk inc flu hosp,2026-03-21,quantile,0.7,252
2026-02-28,22,3,wk inc flu hosp,2026-03-21,quantile,0.75,265
2026-02-28,22,3,wk inc flu hosp,2026-03-21,quantile,0.8,281
2026-02-28,22,3,wk inc flu hosp,2026-03-21,quantile,0.85,322
2026-02-28,22,3,wk inc flu hosp,2026-03-21,quantile,0.9,345
2026-02-28,22,3,wk inc flu hosp,2026-03-21,quantile,0.95,414
2026-02-28,22,3,wk inc flu hosp,2026-03-21,quantile,0.975,463
2026-02-28,22,3,wk inc flu hosp,2026-03-21,quantile,0.99,522
2026-02-28,23,0,wk inc flu hosp,2026-02-28,quantile,0.01,15
2026-02-28,23,0,wk inc flu hosp,2026-02-28,quantile,0.025,18
2026-02-28,23,0,wk inc flu hosp,2026-02-28,quantile,0.05,21
2026-02-28,23,0,wk inc flu hosp,2026-02-28,quantile,0.1,27
2026-02-28,23,0,wk inc flu hosp,2026-02-28,quantile,0.15,30
2026-02-28,23,0,wk inc flu hosp,2026-02-28,quantile,0.2,32
2026-02-28,23,0,wk inc flu hosp,2026-02-28,quantile,0.25,34
2026-02-28,23,0,wk inc flu hosp,2026-02-28,quantile,0.3,36
2026-02-28,23,0,wk inc flu hosp,2026-02-28,quantile,0.35,38
2026-02-28,23,0,wk inc flu hosp,2026-02-28,quantile,0.4,40
2026-02-28,23,0,wk inc flu hosp,2026-02-28,quantile,0.45,42
2026-02-28,23,0,wk inc flu hosp,2026-02-28,quantile,0.5,45
2026-02-28,23,0,wk inc flu hosp,2026-02-28,quantile,0.55,47
2026-02-28,23,0,wk inc flu hosp,2026-02-28,quantile,0.6,47
2026-02-28,23,0,wk inc flu hosp,2026-02-28,quantile,0.65,50
2026-02-28,23,0,wk inc flu hosp,2026-02-28,quantile,0.7,52
2026-02-28,23,0,wk inc flu hosp,2026-02-28,quantile,0.75,55
2026-02-28,23,0,wk inc flu hosp,2026-02-28,quantile,0.8,56
2026-02-28,23,0,wk inc flu hosp,2026-02-28,quantile,0.85,58
2026-02-28,23,0,wk inc flu hosp,2026-02-28,quantile,0.9,63
2026-02-28,23,0,wk inc flu hosp,2026-02-28,quantile,0.95,74
2026-02-28,23,0,wk inc flu hosp,2026-02-28,quantile,0.975,82
2026-02-28,23,0,wk inc flu hosp,2026-02-28,quantile,0.99,89
2026-02-28,23,1,wk inc flu hosp,2026-03-07,quantile,0.01,7
2026-02-28,23,1,wk inc flu hosp,2026-03-07,quantile,0.025,10
2026-02-28,23,1,wk inc flu hosp,2026-03-07,quantile,0.05,14
2026-02-28,23,1,wk inc flu hosp,2026-03-07,quantile,0.1,19
2026-02-28,23,1,wk inc flu hosp,2026-03-07,quantile,0.15,22
2026-02-28,23,1,wk inc flu hosp,2026-03-07,quantile,0.2,24
2026-02-28,23,1,wk inc flu hosp,2026-03-07,quantile,0.25,26
2026-02-28,23,1,wk inc flu hosp,2026-03-07,quantile,0.3,30
2026-02-28,23,1,wk inc flu hosp,2026-03-07,quantile,0.35,32
2026-02-28,23,1,wk inc flu hosp,2026-03-07,quantile,0.4,34
2026-02-28,23,1,wk inc flu hosp,2026-03-07,quantile,0.45,36
2026-02-28,23,1,wk inc flu hosp,2026-03-07,quantile,0.5,39
2026-02-28,23,1,wk inc flu hosp,2026-03-07,quantile,0.55,41
2026-02-28,23,1,wk inc flu hosp,2026-03-07,quantile,0.6,43
2026-02-28,23,1,wk inc flu hosp,2026-03-07,quantile,0.65,46
2026-02-28,23,1,wk inc flu hosp,2026-03-07,quantile,0.7,49
2026-02-28,23,1,wk inc flu hosp,2026-03-07,quantile,0.75,52
2026-02-28,23,1,wk inc flu hosp,2026-03-07,quantile,0.8,55
2026-02-28,23,1,wk inc flu hosp,2026-03-07,quantile,0.85,59
2026-02-28,23,1,wk inc flu hosp,2026-03-07,quantile,0.9,67
2026-02-28,23,1,wk inc flu hosp,2026-03-07,quantile,0.95,74
2026-02-28,23,1,wk inc flu hosp,2026-03-07,quantile,0.975,80
2026-02-28,23,1,wk inc flu hosp,2026-03-07,quantile,0.99,92
2026-02-28,23,2,wk inc flu hosp,2026-03-14,quantile,0.01,4
2026-02-28,23,2,wk inc flu hosp,2026-03-14,quantile,0.025,6
2026-02-28,23,2,wk inc flu hosp,2026-03-14,quantile,0.05,9
2026-02-28,23,2,wk inc flu hosp,2026-03-14,quantile,0.1,14
2026-02-28,23,2,wk inc flu hosp,2026-03-14,quantile,0.15,17
2026-02-28,23,2,wk inc flu hosp,2026-03-14,quantile,0.2,18
2026-02-28,23,2,wk inc flu hosp,2026-03-14,quantile,0.25,21
2026-02-28,23,2,wk inc flu hosp,2026-03-14,quantile,0.3,23
2026-02-28,23,2,wk inc flu hosp,2026-03-14,quantile,0.35,25
2026-02-28,23,2,wk inc flu hosp,2026-03-14,quantile,0.4,27
2026-02-28,23,2,wk inc flu hosp,2026-03-14,quantile,0.45,30
2026-02-28,23,2,wk inc flu hosp,2026-03-14,quantile,0.5,34
2026-02-28,23,2,wk inc flu hosp,2026-03-14,quantile,0.55,37
2026-02-28,23,2,wk inc flu hosp,2026-03-14,quantile,0.6,39
2026-02-28,23,2,wk inc flu hosp,2026-03-14,quantile,0.65,42
2026-02-28,23,2,wk inc flu hosp,2026-03-14,quantile,0.7,45
2026-02-28,23,2,wk inc flu hosp,2026-03-14,quantile,0.75,48
2026-02-28,23,2,wk inc flu hosp,2026-03-14,quantile,0.8,52
2026-02-28,23,2,wk inc flu hosp,2026-03-14,quantile,0.85,56
2026-02-28,23,2,wk inc flu hosp,2026-03-14,quantile,0.9,63
2026-02-28,23,2,wk inc flu hosp,2026-03-14,quantile,0.95,80
2026-02-28,23,2,wk inc flu hosp,2026-03-14,quantile,0.975,87
2026-02-28,23,2,wk inc flu hosp,2026-03-14,quantile,0.99,100
2026-02-28,23,3,wk inc flu hosp,2026-03-21,quantile,0.01,2
2026-02-28,23,3,wk inc flu hosp,2026-03-21,quantile,0.025,3
2026-02-28,23,3,wk inc flu hosp,2026-03-21,quantile,0.05,6
2026-02-28,23,3,wk inc flu hosp,2026-03-21,quantile,0.1,10
2026-02-28,23,3,wk inc flu hosp,2026-03-21,quantile,0.15,11
2026-02-28,23,3,wk inc flu hosp,2026-03-21,quantile,0.2,14
2026-02-28,23,3,wk inc flu hosp,2026-03-21,quantile,0.25,15
2026-02-28,23,3,wk inc flu hosp,2026-03-21,quantile,0.3,17
2026-02-28,23,3,wk inc flu hosp,2026-03-21,quantile,0.35,19
2026-02-28,23,3,wk inc flu hosp,2026-03-21,quantile,0.4,22
2026-02-28,23,3,wk inc flu hosp,2026-03-21,quantile,0.45,25
2026-02-28,23,3,wk inc flu hosp,2026-03-21,quantile,0.5,29
2026-02-28,23,3,wk inc flu hosp,2026-03-21,quantile,0.55,32
2026-02-28,23,3,wk inc flu hosp,2026-03-21,quantile,0.6,34
2026-02-28,23,3,wk inc flu hosp,2026-03-21,quantile,0.65,37
2026-02-28,23,3,wk inc flu hosp,2026-03-21,quantile,0.7,40
2026-02-28,23,3,wk inc flu hosp,2026-03-21,quantile,0.75,44
2026-02-28,23,3,wk inc flu hosp,2026-03-21,quantile,0.8,50
2026-02-28,23,3,wk inc flu hosp,2026-03-21,quantile,0.85,56
2026-02-28,23,3,wk inc flu hosp,2026-03-21,quantile,0.9,63
2026-02-28,23,3,wk inc flu hosp,2026-03-21,quantile,0.95,78
2026-02-28,23,3,wk inc flu hosp,2026-03-21,quantile,0.975,91
2026-02-28,23,3,wk inc flu hosp,2026-03-21,quantile,0.99,103
2026-02-28,24,0,wk inc flu hosp,2026-02-28,quantile,0.01,19
2026-02-28,24,0,wk inc flu hosp,2026-02-28,quantile,0.025,23
2026-02-28,24,0,wk inc flu hosp,2026-02-28,quantile,0.05,26
2026-02-28,24,0,wk inc flu hosp,2026-02-28,quantile,0.1,31
2026-02-28,24,0,wk inc flu hosp,2026-02-28,quantile,0.15,34
2026-02-28,24,0,wk inc flu hosp,2026-02-28,quantile,0.2,38
2026-02-28,24,0,wk inc flu hosp,2026-02-28,quantile,0.25,42
2026-02-28,24,0,wk inc flu hosp,2026-02-28,quantile,0.3,46
2026-02-28,24,0,wk inc flu hosp,2026-02-28,quantile,0.35,48
2026-02-28,24,0,wk inc flu hosp,2026-02-28,quantile,0.4,50
2026-02-28,24,0,wk inc flu hosp,2026-02-28,quantile,0.45,53
2026-02-28,24,0,wk inc flu hosp,2026-02-28,quantile,0.5,56
2026-02-28,24,0,wk inc flu hosp,2026-02-28,quantile,0.55,60
2026-02-28,24,0,wk inc flu hosp,2026-02-28,quantile,0.6,63
2026-02-28,24,0,wk inc flu hosp,2026-02-28,quantile,0.65,66
2026-02-28,24,0,wk inc flu hosp,2026-02-28,quantile,0.7,72
2026-02-28,24,0,wk inc flu hosp,2026-02-28,quantile,0.75,77
2026-02-28,24,0,wk inc flu hosp,2026-02-28,quantile,0.8,81
2026-02-28,24,0,wk inc flu hosp,2026-02-28,quantile,0.85,87
2026-02-28,24,0,wk inc flu hosp,2026-02-28,quantile,0.9,96
2026-02-28,24,0,wk inc flu hosp,2026-02-28,quantile,0.95,110
2026-02-28,24,0,wk inc flu hosp,2026-02-28,quantile,0.975,122
2026-02-28,24,0,wk inc flu hosp,2026-02-28,quantile,0.99,140
2026-02-28,24,1,wk inc flu hosp,2026-03-07,quantile,0.01,6
2026-02-28,24,1,wk inc flu hosp,2026-03-07,quantile,0.025,10
2026-02-28,24,1,wk inc flu hosp,2026-03-07,quantile,0.05,14
2026-02-28,24,1,wk inc flu hosp,2026-03-07,quantile,0.1,21
2026-02-28,24,1,wk inc flu hosp,2026-03-07,quantile,0.15,26
2026-02-28,24,1,wk inc flu hosp,2026-03-07,quantile,0.2,30
2026-02-28,24,1,wk inc flu hosp,2026-03-07,quantile,0.25,33
2026-02-28,24,1,wk inc flu hosp,2026-03-07,quantile,0.3,36
2026-02-28,24,1,wk inc flu hosp,2026-03-07,quantile,0.35,37
2026-02-28,24,1,wk inc flu hosp,2026-03-07,quantile,0.4,42
2026-02-28,24,1,wk inc flu hosp,2026-03-07,quantile,0.45,46
2026-02-28,24,1,wk inc flu hosp,2026-03-07,quantile,0.5,51
2026-02-28,24,1,wk inc flu hosp,2026-03-07,quantile,0.55,55
2026-02-28,24,1,wk inc flu hosp,2026-03-07,quantile,0.6,59
2026-02-28,24,1,wk inc flu hosp,2026-03-07,quantile,0.65,66
2026-02-28,24,1,wk inc flu hosp,2026-03-07,quantile,0.7,70
2026-02-28,24,1,wk inc flu hosp,2026-03-07,quantile,0.75,75
2026-02-28,24,1,wk inc flu hosp,2026-03-07,quantile,0.8,82
2026-02-28,24,1,wk inc flu hosp,2026-03-07,quantile,0.85,92
2026-02-28,24,1,wk inc flu hosp,2026-03-07,quantile,0.9,105
2026-02-28,24,1,wk inc flu hosp,2026-03-07,quantile,0.95,125
2026-02-28,24,1,wk inc flu hosp,2026-03-07,quantile,0.975,146
2026-02-28,24,1,wk inc flu hosp,2026-03-07,quantile,0.99,174
2026-02-28,24,2,wk inc flu hosp,2026-03-14,quantile,0.01,2
2026-02-28,24,2,wk inc flu hosp,2026-03-14,quantile,0.025,4
2026-02-28,24,2,wk inc flu hosp,2026-03-14,quantile,0.05,7
2026-02-28,24,2,wk inc flu hosp,2026-03-14,quantile,0.1,15
2026-02-28,24,2,wk inc flu hosp,2026-03-14,quantile,0.15,19
2026-02-28,24,2,wk inc flu hosp,2026-03-14,quantile,0.2,22
2026-02-28,24,2,wk inc flu hosp,2026-03-14,quantile,0.25,25
2026-02-28,24,2,wk inc flu hosp,2026-03-14,quantile,0.3,27
2026-02-28,24,2,wk inc flu hosp,2026-03-14,quantile,0.35,30
2026-02-28,24,2,wk inc flu hosp,2026-03-14,quantile,0.4,32
2026-02-28,24,2,wk inc flu hosp,2026-03-14,quantile,0.45,36
2026-02-28,24,2,wk inc flu hosp,2026-03-14,quantile,0.5,41
2026-02-28,24,2,wk inc flu hosp,2026-03-14,quantile,0.55,49
2026-02-28,24,2,wk inc flu hosp,2026-03-14,quantile,0.6,59
2026-02-28,24,2,wk inc flu hosp,2026-03-14,quantile,0.65,62
2026-02-28,24,2,wk inc flu hosp,2026-03-14,quantile,0.7,67
2026-02-28,24,2,wk inc flu hosp,2026-03-14,quantile,0.75,74
2026-02-28,24,2,wk inc flu hosp,2026-03-14,quantile,0.8,85
2026-02-28,24,2,wk inc flu hosp,2026-03-14,quantile,0.85,96
2026-02-28,24,2,wk inc flu hosp,2026-03-14,quantile,0.9,102
2026-02-28,24,2,wk inc flu hosp,2026-03-14,quantile,0.95,131
2026-02-28,24,2,wk inc flu hosp,2026-03-14,quantile,0.975,159
2026-02-28,24,2,wk inc flu hosp,2026-03-14,quantile,0.99,192
2026-02-28,24,3,wk inc flu hosp,2026-03-21,quantile,0.01,0
2026-02-28,24,3,wk inc flu hosp,2026-03-21,quantile,0.025,2
2026-02-28,24,3,wk inc flu hosp,2026-03-21,quantile,0.05,4
2026-02-28,24,3,wk inc flu hosp,2026-03-21,quantile,0.1,11
2026-02-28,24,3,wk inc flu hosp,2026-03-21,quantile,0.15,14
2026-02-28,24,3,wk inc flu hosp,2026-03-21,quantile,0.2,16
2026-02-28,24,3,wk inc flu hosp,2026-03-21,quantile,0.25,18
2026-02-28,24,3,wk inc flu hosp,2026-03-21,quantile,0.3,23
2026-02-28,24,3,wk inc flu hosp,2026-03-21,quantile,0.35,25
2026-02-28,24,3,wk inc flu hosp,2026-03-21,quantile,0.4,26
2026-02-28,24,3,wk inc flu hosp,2026-03-21,quantile,0.45,29
2026-02-28,24,3,wk inc flu hosp,2026-03-21,quantile,0.5,33
2026-02-28,24,3,wk inc flu hosp,2026-03-21,quantile,0.55,39
2026-02-28,24,3,wk inc flu hosp,2026-03-21,quantile,0.6,45
2026-02-28,24,3,wk inc flu hosp,2026-03-21,quantile,0.65,57
2026-02-28,24,3,wk inc flu hosp,2026-03-21,quantile,0.7,64
2026-02-28,24,3,wk inc flu hosp,2026-03-21,quantile,0.75,73
2026-02-28,24,3,wk inc flu hosp,2026-03-21,quantile,0.8,81
2026-02-28,24,3,wk inc flu hosp,2026-03-21,quantile,0.85,87
2026-02-28,24,3,wk inc flu hosp,2026-03-21,quantile,0.9,101
2026-02-28,24,3,wk inc flu hosp,2026-03-21,quantile,0.95,139
2026-02-28,24,3,wk inc flu hosp,2026-03-21,quantile,0.975,165
2026-02-28,24,3,wk inc flu hosp,2026-03-21,quantile,0.99,202
2026-02-28,25,0,wk inc flu hosp,2026-02-28,quantile,0.01,22
2026-02-28,25,0,wk inc flu hosp,2026-02-28,quantile,0.025,27
2026-02-28,25,0,wk inc flu hosp,2026-02-28,quantile,0.05,32
2026-02-28,25,0,wk inc flu hosp,2026-02-28,quantile,0.1,39
2026-02-28,25,0,wk inc flu hosp,2026-02-28,quantile,0.15,45
2026-02-28,25,0,wk inc flu hosp,2026-02-28,quantile,0.2,47
2026-02-28,25,0,wk inc flu hosp,2026-02-28,quantile,0.25,51
2026-02-28,25,0,wk inc flu hosp,2026-02-28,quantile,0.3,52
2026-02-28,25,0,wk inc flu hosp,2026-02-28,quantile,0.35,55
2026-02-28,25,0,wk inc flu hosp,2026-02-28,quantile,0.4,58
2026-02-28,25,0,wk inc flu hosp,2026-02-28,quantile,0.45,64
2026-02-28,25,0,wk inc flu hosp,2026-02-28,quantile,0.5,69
2026-02-28,25,0,wk inc flu hosp,2026-02-28,quantile,0.55,74
2026-02-28,25,0,wk inc flu hosp,2026-02-28,quantile,0.6,79
2026-02-28,25,0,wk inc flu hosp,2026-02-28,quantile,0.65,85
2026-02-28,25,0,wk inc flu hosp,2026-02-28,quantile,0.7,93
2026-02-28,25,0,wk inc flu hosp,2026-02-28,quantile,0.75,97
2026-02-28,25,0,wk inc flu hosp,2026-02-28,quantile,0.8,104
2026-02-28,25,0,wk inc flu hosp,2026-02-28,quantile,0.85,112
2026-02-28,25,0,wk inc flu hosp,2026-02-28,quantile,0.9,117
2026-02-28,25,0,wk inc flu hosp,2026-02-28,quantile,0.95,139
2026-02-28,25,0,wk inc flu hosp,2026-02-28,quantile,0.975,157
2026-02-28,25,0,wk inc flu hosp,2026-02-28,quantile,0.99,175
2026-02-28,25,1,wk inc flu hosp,2026-03-07,quantile,0.01,13
2026-02-28,25,1,wk inc flu hosp,2026-03-07,quantile,0.025,14
2026-02-28,25,1,wk inc flu hosp,2026-03-07,quantile,0.05,19
2026-02-28,25,1,wk inc flu hosp,2026-03-07,quantile,0.1,25
2026-02-28,25,1,wk inc flu hosp,2026-03-07,quantile,0.15,28
2026-02-28,25,1,wk inc flu hosp,2026-03-07,quantile,0.2,34
2026-02-28,25,1,wk inc flu hosp,2026-03-07,quantile,0.25,36
2026-02-28,25,1,wk inc flu hosp,2026-03-07,quantile,0.3,39
2026-02-28,25,1,wk inc flu hosp,2026-03-07,quantile,0.35,48
2026-02-28,25,1,wk inc flu hosp,2026-03-07,quantile,0.4,52
2026-02-28,25,1,wk inc flu hosp,2026-03-07,quantile,0.45,54
2026-02-28,25,1,wk inc flu hosp,2026-03-07,quantile,0.5,63
2026-02-28,25,1,wk inc flu hosp,2026-03-07,quantile,0.55,70
2026-02-28,25,1,wk inc flu hosp,2026-03-07,quantile,0.6,74
2026-02-28,25,1,wk inc flu hosp,2026-03-07,quantile,0.65,77
2026-02-28,25,1,wk inc flu hosp,2026-03-07,quantile,0.7,87
2026-02-28,25,1,wk inc flu hosp,2026-03-07,quantile,0.75,100
2026-02-28,25,1,wk inc flu hosp,2026-03-07,quantile,0.8,107
2026-02-28,25,1,wk inc flu hosp,2026-03-07,quantile,0.85,125
2026-02-28,25,1,wk inc flu hosp,2026-03-07,quantile,0.9,145
2026-02-28,25,1,wk inc flu hosp,2026-03-07,quantile,0.95,154
2026-02-28,25,1,wk inc flu hosp,2026-03-07,quantile,0.975,177
2026-02-28,25,1,wk inc flu hosp,2026-03-07,quantile,0.99,213
2026-02-28,25,2,wk inc flu hosp,2026-03-14,quantile,0.01,4
2026-02-28,25,2,wk inc flu hosp,2026-03-14,quantile,0.025,7
2026-02-28,25,2,wk inc flu hosp,2026-03-14,quantile,0.05,11
2026-02-28,25,2,wk inc flu hosp,2026-03-14,quantile,0.1,16
2026-02-28,25,2,wk inc flu hosp,2026-03-14,quantile,0.15,20
2026-02-28,25,2,wk inc flu hosp,2026-03-14,quantile,0.2,24
2026-02-28,25,2,wk inc flu hosp,2026-03-14,quantile,0.25,27
2026-02-28,25,2,wk inc flu hosp,2026-03-14,quantile,0.3,30
2026-02-28,25,2,wk inc flu hosp,2026-03-14,quantile,0.35,33
2026-02-28,25,2,wk inc flu hosp,2026-03-14,quantile,0.4,37
2026-02-28,25,2,wk inc flu hosp,2026-03-14,quantile,0.45,43
2026-02-28,25,2,wk inc flu hosp,2026-03-14,quantile,0.5,51
2026-02-28,25,2,wk inc flu hosp,2026-03-14,quantile,0.55,59
2026-02-28,25,2,wk inc flu hosp,2026-03-14,quantile,0.6,61
2026-02-28,25,2,wk inc flu hosp,2026-03-14,quantile,0.65,66
2026-02-28,25,2,wk inc flu hosp,2026-03-14,quantile,0.7,77
2026-02-28,25,2,wk inc flu hosp,2026-03-14,quantile,0.75,90
2026-02-28,25,2,wk inc flu hosp,2026-03-14,quantile,0.8,105
2026-02-28,25,2,wk inc flu hosp,2026-03-14,quantile,0.85,121
2026-02-28,25,2,wk inc flu hosp,2026-03-14,quantile,0.9,132
2026-02-28,25,2,wk inc flu hosp,2026-03-14,quantile,0.95,157
2026-02-28,25,2,wk inc flu hosp,2026-03-14,quantile,0.975,183
2026-02-28,25,2,wk inc flu hosp,2026-03-14,quantile,0.99,222
2026-02-28,25,3,wk inc flu hosp,2026-03-21,quantile,0.01,1
2026-02-28,25,3,wk inc flu hosp,2026-03-21,quantile,0.025,3
2026-02-28,25,3,wk inc flu hosp,2026-03-21,quantile,0.05,6
2026-02-28,25,3,wk inc flu hosp,2026-03-21,quantile,0.1,12
2026-02-28,25,3,wk inc flu hosp,2026-03-21,quantile,0.15,15
2026-02-28,25,3,wk inc flu hosp,2026-03-21,quantile,0.2,17
2026-02-28,25,3,wk inc flu hosp,2026-03-21,quantile,0.25,20
2026-02-28,25,3,wk inc flu hosp,2026-03-21,quantile,0.3,22
2026-02-28,25,3,wk inc flu hosp,2026-03-21,quantile,0.35,25
2026-02-28,25,3,wk inc flu hosp,2026-03-21,quantile,0.4,28
2026-02-28,25,3,wk inc flu hosp,2026-03-21,quantile,0.45,35
2026-02-28,25,3,wk inc flu hosp,2026-03-21,quantile,0.5,42
2026-02-28,25,3,wk inc flu hosp,2026-03-21,quantile,0.55,46
2026-02-28,25,3,wk inc flu hosp,2026-03-21,quantile,0.6,54
2026-02-28,25,3,wk inc flu hosp,2026-03-21,quantile,0.65,61
2026-02-28,25,3,wk inc flu hosp,2026-03-21,quantile,0.7,75
2026-02-28,25,3,wk inc flu hosp,2026-03-21,quantile,0.75,89
2026-02-28,25,3,wk inc flu hosp,2026-03-21,quantile,0.8,101
2026-02-28,25,3,wk inc flu hosp,2026-03-21,quantile,0.85,114
2026-02-28,25,3,wk inc flu hosp,2026-03-21,quantile,0.9,131
2026-02-28,25,3,wk inc flu hosp,2026-03-21,quantile,0.95,159
2026-02-28,25,3,wk inc flu hosp,2026-03-21,quantile,0.975,192
2026-02-28,25,3,wk inc flu hosp,2026-03-21,quantile,0.99,239
2026-02-28,26,0,wk inc flu hosp,2026-02-28,quantile,0.01,129
2026-02-28,26,0,wk inc flu hosp,2026-02-28,quantile,0.025,152
2026-02-28,26,0,wk inc flu hosp,2026-02-28,quantile,0.05,172
2026-02-28,26,0,wk inc flu hosp,2026-02-28,quantile,0.1,204
2026-02-28,26,0,wk inc flu hosp,2026-02-28,quantile,0.15,221
2026-02-28,26,0,wk inc flu hosp,2026-02-28,quantile,0.2,240
2026-02-28,26,0,wk inc flu hosp,2026-02-28,quantile,0.25,255
2026-02-28,26,0,wk inc flu hosp,2026-02-28,quantile,0.3,261
2026-02-28,26,0,wk inc flu hosp,2026-02-28,quantile,0.35,272
2026-02-28,26,0,wk inc flu hosp,2026-02-28,quantile,0.4,281
2026-02-28,26,0,wk inc flu hosp,2026-02-28,quantile,0.45,294
2026-02-28,26,0,wk inc flu hosp,2026-02-28,quantile,0.5,304
2026-02-28,26,0,wk inc flu hosp,2026-02-28,quantile,0.55,323
2026-02-28,26,0,wk inc flu hosp,2026-02-28,quantile,0.6,334
2026-02-28,26,0,wk inc flu hosp,2026-02-28,quantile,0.65,344
2026-02-28,26,0,wk inc flu hosp,2026-02-28,quantile,0.7,355
2026-02-28,26,0,wk inc flu hosp,2026-02-28,quantile,0.75,368
2026-02-28,26,0,wk inc flu hosp,2026-02-28,quantile,0.8,384
2026-02-28,26,0,wk inc flu hosp,2026-02-28,quantile,0.85,398
2026-02-28,26,0,wk inc flu hosp,2026-02-28,quantile,0.9,432
2026-02-28,26,0,wk inc flu hosp,2026-02-28,quantile,0.95,485
2026-02-28,26,0,wk inc flu hosp,2026-02-28,quantile,0.975,516
2026-02-28,26,0,wk inc flu hosp,2026-02-28,quantile,0.99,571
2026-02-28,26,1,wk inc flu hosp,2026-03-07,quantile,0.01,91
2026-02-28,26,1,wk inc flu hosp,2026-03-07,quantile,0.025,111
2026-02-28,26,1,wk inc flu hosp,2026-03-07,quantile,0.05,129
2026-02-28,26,1,wk inc flu hosp,2026-03-07,quantile,0.1,154
2026-02-28,26,1,wk inc flu hosp,2026-03-07,quantile,0.15,176
2026-02-28,26,1,wk inc flu hosp,2026-03-07,quantile,0.2,195
2026-02-28,26,1,wk inc flu hosp,2026-03-07,quantile,0.25,211
2026-02-28,26,1,wk inc flu hosp,2026-03-07,quantile,0.3,225
2026-02-28,26,1,wk inc flu hosp,2026-03-07,quantile,0.35,238
2026-02-28,26,1,wk inc flu hosp,2026-03-07,quantile,0.4,253
2026-02-28,26,1,wk inc flu hosp,2026-03-07,quantile,0.45,265
2026-02-28,26,1,wk inc flu hosp,2026-03-07,quantile,0.5,279
2026-02-28,26,1,wk inc flu hosp,2026-03-07,quantile,0.55,292
2026-02-28,26,1,wk inc flu hosp,2026-03-07,quantile,0.6,307
2026-02-28,26,1,wk inc flu hosp,2026-03-07,quantile,0.65,322
2026-02-28,26,1,wk inc flu hosp,2026-03-07,quantile,0.7,343
2026-02-28,26,1,wk inc flu hosp,2026-03-07,quantile,0.75,359
2026-02-28,26,1,wk inc flu hosp,2026-03-07,quantile,0.8,376
2026-02-28,26,1,wk inc flu hosp,2026-03-07,quantile,0.85,417
2026-02-28,26,1,wk inc flu hosp,2026-03-07,quantile,0.9,471
2026-02-28,26,1,wk inc flu hosp,2026-03-07,quantile,0.95,514
2026-02-28,26,1,wk inc flu hosp,2026-03-07,quantile,0.975,588
2026-02-28,26,1,wk inc flu hosp,2026-03-07,quantile,0.99,646
2026-02-28,26,2,wk inc flu hosp,2026-03-14,quantile,0.01,47
2026-02-28,26,2,wk inc flu hosp,2026-03-14,quantile,0.025,74
2026-02-28,26,2,wk inc flu hosp,2026-03-14,quantile,0.05,90
2026-02-28,26,2,wk inc flu hosp,2026-03-14,quantile,0.1,119
2026-02-28,26,2,wk inc flu hosp,2026-03-14,quantile,0.15,137
2026-02-28,26,2,wk inc flu hosp,2026-03-14,quantile,0.2,158
2026-02-28,26,2,wk inc flu hosp,2026-03-14,quantile,0.25,172
2026-02-28,26,2,wk inc flu hosp,2026-03-14,quantile,0.3,185
2026-02-28,26,2,wk inc flu hosp,2026-03-14,quantile,0.35,200
2026-02-28,26,2,wk inc flu hosp,2026-03-14,quantile,0.4,221
2026-02-28,26,2,wk inc flu hosp,2026-03-14,quantile,0.45,237
2026-02-28,26,2,wk inc flu hosp,2026-03-14,quantile,0.5,252
2026-02-28,26,2,wk inc flu hosp,2026-03-14,quantile,0.55,265
2026-02-28,26,2,wk inc flu hosp,2026-03-14,quantile,0.6,289
2026-02-28,26,2,wk inc flu hosp,2026-03-14,quantile,0.65,306
2026-02-28,26,2,wk inc flu hosp,2026-03-14,quantile,0.7,329
2026-02-28,26,2,wk inc flu hosp,2026-03-14,quantile,0.75,350
2026-02-28,26,2,wk inc flu hosp,2026-03-14,quantile,0.8,377
2026-02-28,26,2,wk inc flu hosp,2026-03-14,quantile,0.85,406
2026-02-28,26,2,wk inc flu hosp,2026-03-14,quantile,0.9,453
2026-02-28,26,2,wk inc flu hosp,2026-03-14,quantile,0.95,544
2026-02-28,26,2,wk inc flu hosp,2026-03-14,quantile,0.975,626
2026-02-28,26,2,wk inc flu hosp,2026-03-14,quantile,0.99,724
2026-02-28,26,3,wk inc flu hosp,2026-03-21,quantile,0.01,25
2026-02-28,26,3,wk inc flu hosp,2026-03-21,quantile,0.025,55
2026-02-28,26,3,wk inc flu hosp,2026-03-21,quantile,0.05,68
2026-02-28,26,3,wk inc flu hosp,2026-03-21,quantile,0.1,99
2026-02-28,26,3,wk inc flu hosp,2026-03-21,quantile,0.15,120
2026-02-28,26,3,wk inc flu hosp,2026-03-21,quantile,0.2,134
2026-02-28,26,3,wk inc flu hosp,2026-03-21,quantile,0.25,151
2026-02-28,26,3,wk inc flu hosp,2026-03-21,quantile,0.3,172
2026-02-28,26,3,wk inc flu hosp,2026-03-21,quantile,0.35,190
2026-02-28,26,3,wk inc flu hosp,2026-03-21,quantile,0.4,207
2026-02-28,26,3,wk inc flu hosp,2026-03-21,quantile,0.45,217
2026-02-28,26,3,wk inc flu hosp,2026-03-21,quantile,0.5,233
2026-02-28,26,3,wk inc flu hosp,2026-03-21,quantile,0.55,245
2026-02-28,26,3,wk inc flu hosp,2026-03-21,quantile,0.6,270
2026-02-28,26,3,wk inc flu hosp,2026-03-21,quantile,0.65,295
2026-02-28,26,3,wk inc flu hosp,2026-03-21,quantile,0.7,312
2026-02-28,26,3,wk inc flu hosp,2026-03-21,quantile,0.75,335
2026-02-28,26,3,wk inc flu hosp,2026-03-21,quantile,0.8,369
2026-02-28,26,3,wk inc flu hosp,2026-03-21,quantile,0.85,421
2026-02-28,26,3,wk inc flu hosp,2026-03-21,quantile,0.9,481
2026-02-28,26,3,wk inc flu hosp,2026-03-21,quantile,0.95,578
2026-02-28,26,3,wk inc flu hosp,2026-03-21,quantile,0.975,657
2026-02-28,26,3,wk inc flu hosp,2026-03-21,quantile,0.99,765
2026-02-28,27,0,wk inc flu hosp,2026-02-28,quantile,0.01,56
2026-02-28,27,0,wk inc flu hosp,2026-02-28,quantile,0.025,74
2026-02-28,27,0,wk inc flu hosp,2026-02-28,quantile,0.05,88
2026-02-28,27,0,wk inc flu hosp,2026-02-28,quantile,0.1,103
2026-02-28,27,0,wk inc flu hosp,2026-02-28,quantile,0.15,119
2026-02-28,27,0,wk inc flu hosp,2026-02-28,quantile,0.2,127
2026-02-28,27,0,wk inc flu hosp,2026-02-28,quantile,0.25,136
2026-02-28,27,0,wk inc flu hosp,2026-02-28,quantile,0.3,142
2026-02-28,27,0,wk inc flu hosp,2026-02-28,quantile,0.35,151
2026-02-28,27,0,wk inc flu hosp,2026-02-28,quantile,0.4,157
2026-02-28,27,0,wk inc flu hosp,2026-02-28,quantile,0.45,163
2026-02-28,27,0,wk inc flu hosp,2026-02-28,quantile,0.5,175
2026-02-28,27,0,wk inc flu hosp,2026-02-28,quantile,0.55,182
2026-02-28,27,0,wk inc flu hosp,2026-02-28,quantile,0.6,189
2026-02-28,27,0,wk inc flu hosp,2026-02-28,quantile,0.65,196
2026-02-28,27,0,wk inc flu hosp,2026-02-28,quantile,0.7,202
2026-02-28,27,0,wk inc flu hosp,2026-02-28,quantile,0.75,207
2026-02-28,27,0,wk inc flu hosp,2026-02-28,quantile,0.8,216
2026-02-28,27,0,wk inc flu hosp,2026-02-28,quantile,0.85,225
2026-02-28,27,0,wk inc flu hosp,2026-02-28,quantile,0.9,243
2026-02-28,27,0,wk inc flu hosp,2026-02-28,quantile,0.95,273
2026-02-28,27,0,wk inc flu hosp,2026-02-28,quantile,0.975,300
2026-02-28,27,0,wk inc flu hosp,2026-02-28,quantile,0.99,327
2026-02-28,27,1,wk inc flu hosp,2026-03-07,quantile,0.01,28
2026-02-28,27,1,wk inc flu hosp,2026-03-07,quantile,0.025,41
2026-02-28,27,1,wk inc flu hosp,2026-03-07,quantile,0.05,57
2026-02-28,27,1,wk inc flu hosp,2026-03-07,quantile,0.1,71
2026-02-28,27,1,wk inc flu hosp,2026-03-07,quantile,0.15,83
2026-02-28,27,1,wk inc flu hosp,2026-03-07,quantile,0.2,94
2026-02-28,27,1,wk inc flu hosp,2026-03-07,quantile,0.25,105
2026-02-28,27,1,wk inc flu hosp,2026-03-07,quantile,0.3,114
2026-02-28,27,1,wk inc flu hosp,2026-03-07,quantile,0.35,124
2026-02-28,27,1,wk inc flu hosp,2026-03-07,quantile,0.4,133
2026-02-28,27,1,wk inc flu hosp,2026-03-07,quantile,0.45,142
2026-02-28,27,1,wk inc flu hosp,2026-03-07,quantile,0.5,152
2026-02-28,27,1,wk inc flu hosp,2026-03-07,quantile,0.55,161
2026-02-28,27,1,wk inc flu hosp,2026-03-07,quantile,0.6,171
2026-02-28,27,1,wk inc flu hosp,2026-03-07,quantile,0.65,186
2026-02-28,27,1,wk inc flu hosp,2026-03-07,quantile,0.7,199
2026-02-28,27,1,wk inc flu hosp,2026-03-07,quantile,0.75,209
2026-02-28,27,1,wk inc flu hosp,2026-03-07,quantile,0.8,219
2026-02-28,27,1,wk inc flu hosp,2026-03-07,quantile,0.85,232
2026-02-28,27,1,wk inc flu hosp,2026-03-07,quantile,0.9,249
2026-02-28,27,1,wk inc flu hosp,2026-03-07,quantile,0.95,288
2026-02-28,27,1,wk inc flu hosp,2026-03-07,quantile,0.975,313
2026-02-28,27,1,wk inc flu hosp,2026-03-07,quantile,0.99,355
2026-02-28,27,2,wk inc flu hosp,2026-03-14,quantile,0.01,15
2026-02-28,27,2,wk inc flu hosp,2026-03-14,quantile,0.025,21
2026-02-28,27,2,wk inc flu hosp,2026-03-14,quantile,0.05,31
2026-02-28,27,2,wk inc flu hosp,2026-03-14,quantile,0.1,46
2026-02-28,27,2,wk inc flu hosp,2026-03-14,quantile,0.15,58
2026-02-28,27,2,wk inc flu hosp,2026-03-14,quantile,0.2,73
2026-02-28,27,2,wk inc flu hosp,2026-03-14,quantile,0.25,82
2026-02-28,27,2,wk inc flu hosp,2026-03-14,quantile,0.3,92
2026-02-28,27,2,wk inc flu hosp,2026-03-14,quantile,0.35,99
2026-02-28,27,2,wk inc flu hosp,2026-03-14,quantile,0.4,107
2026-02-28,27,2,wk inc flu hosp,2026-03-14,quantile,0.45,116
2026-02-28,27,2,wk inc flu hosp,2026-03-14,quantile,0.5,131
2026-02-28,27,2,wk inc flu hosp,2026-03-14,quantile,0.55,141
2026-02-28,27,2,wk inc flu hosp,2026-03-14,quantile,0.6,147
2026-02-28,27,2,wk inc flu hosp,2026-03-14,quantile,0.65,160
2026-02-28,27,2,wk inc flu hosp,2026-03-14,quantile,0.7,172
2026-02-28,27,2,wk inc flu hosp,2026-03-14,quantile,0.75,186
2026-02-28,27,2,wk inc flu hosp,2026-03-14,quantile,0.8,208
2026-02-28,27,2,wk inc flu hosp,2026-03-14,quantile,0.85,229
2026-02-28,27,2,wk inc flu hosp,2026-03-14,quantile,0.9,248
2026-02-28,27,2,wk inc flu hosp,2026-03-14,quantile,0.95,296
2026-02-28,27,2,wk inc flu hosp,2026-03-14,quantile,0.975,342
2026-02-28,27,2,wk inc flu hosp,2026-03-14,quantile,0.99,420
2026-02-28,27,3,wk inc flu hosp,2026-03-21,quantile,0.01,8
2026-02-28,27,3,wk inc flu hosp,2026-03-21,quantile,0.025,12
2026-02-28,27,3,wk inc flu hosp,2026-03-21,quantile,0.05,17
2026-02-28,27,3,wk inc flu hosp,2026-03-21,quantile,0.1,31
2026-02-28,27,3,wk inc flu hosp,2026-03-21,quantile,0.15,38
2026-02-28,27,3,wk inc flu hosp,2026-03-21,quantile,0.2,52
2026-02-28,27,3,wk inc flu hosp,2026-03-21,quantile,0.25,60
2026-02-28,27,3,wk inc flu hosp,2026-03-21,quantile,0.3,68
2026-02-28,27,3,wk inc flu hosp,2026-03-21,quantile,0.35,76
2026-02-28,27,3,wk inc flu hosp,2026-03-21,quantile,0.4,85
2026-02-28,27,3,wk inc flu hosp,2026-03-21,quantile,0.45,92
2026-02-28,27,3,wk inc flu hosp,2026-03-21,quantile,0.5,102
2026-02-28,27,3,wk inc flu hosp,2026-03-21,quantile,0.55,113
2026-02-28,27,3,wk inc flu hosp,2026-03-21,quantile,0.6,124
2026-02-28,27,3,wk inc flu hosp,2026-03-21,quantile,0.65,137
2026-02-28,27,3,wk inc flu hosp,2026-03-21,quantile,0.7,149
2026-02-28,27,3,wk inc flu hosp,2026-03-21,quantile,0.75,166
2026-02-28,27,3,wk inc flu hosp,2026-03-21,quantile,0.8,188
2026-02-28,27,3,wk inc flu hosp,2026-03-21,quantile,0.85,206
2026-02-28,27,3,wk inc flu hosp,2026-03-21,quantile,0.9,242
2026-02-28,27,3,wk inc flu hosp,2026-03-21,quantile,0.95,306
2026-02-28,27,3,wk inc flu hosp,2026-03-21,quantile,0.975,354
2026-02-28,27,3,wk inc flu hosp,2026-03-21,quantile,0.99,426
2026-02-28,28,0,wk inc flu hosp,2026-02-28,quantile,0.01,95
2026-02-28,28,0,wk inc flu hosp,2026-02-28,quantile,0.025,112
2026-02-28,28,0,wk inc flu hosp,2026-02-28,quantile,0.05,121
2026-02-28,28,0,wk inc flu hosp,2026-02-28,quantile,0.1,136
2026-02-28,28,0,wk inc flu hosp,2026-02-28,quantile,0.15,146
2026-02-28,28,0,wk inc flu hosp,2026-02-28,quantile,0.2,155
2026-02-28,28,0,wk inc flu hosp,2026-02-28,quantile,0.25,162
2026-02-28,28,0,wk inc flu hosp,2026-02-28,quantile,0.3,167
2026-02-28,28,0,wk inc flu hosp,2026-02-28,quantile,0.35,172
2026-02-28,28,0,wk inc flu hosp,2026-02-28,quantile,0.4,174
2026-02-28,28,0,wk inc flu hosp,2026-02-28,quantile,0.45,178
2026-02-28,28,0,wk inc flu hosp,2026-02-28,quantile,0.5,184
2026-02-28,28,0,wk inc flu hosp,2026-02-28,quantile,0.55,187
2026-02-28,28,0,wk inc flu hosp,2026-02-28,quantile,0.6,197
2026-02-28,28,0,wk inc flu hosp,2026-02-28,quantile,0.65,204
2026-02-28,28,0,wk inc flu hosp,2026-02-28,quantile,0.7,211
2026-02-28,28,0,wk inc flu hosp,2026-02-28,quantile,0.75,218
2026-02-28,28,0,wk inc flu hosp,2026-02-28,quantile,0.8,223
2026-02-28,28,0,wk inc flu hosp,2026-02-28,quantile,0.85,234
2026-02-28,28,0,wk inc flu hosp,2026-02-28,quantile,0.9,254
2026-02-28,28,0,wk inc flu hosp,2026-02-28,quantile,0.95,278
2026-02-28,28,0,wk inc flu hosp,2026-02-28,quantile,0.975,298
2026-02-28,28,0,wk inc flu hosp,2026-02-28,quantile,0.99,312
2026-02-28,28,1,wk inc flu hosp,2026-03-07,quantile,0.01,65
2026-02-28,28,1,wk inc flu hosp,2026-03-07,quantile,0.025,76
2026-02-28,28,1,wk inc flu hosp,2026-03-07,quantile,0.05,90
2026-02-28,28,1,wk inc flu hosp,2026-03-07,quantile,0.1,105
2026-02-28,28,1,wk inc flu hosp,2026-03-07,quantile,0.15,117
2026-02-28,28,1,wk inc flu hosp,2026-03-07,quantile,0.2,123
2026-02-28,28,1,wk inc flu hosp,2026-03-07,quantile,0.25,133
2026-02-28,28,1,wk inc flu hosp,2026-03-07,quantile,0.3,138
2026-02-28,28,1,wk inc flu hosp,2026-03-07,quantile,0.35,146
2026-02-28,28,1,wk inc flu hosp,2026-03-07,quantile,0.4,152
2026-02-28,28,1,wk inc flu hosp,2026-03-07,quantile,0.45,157
2026-02-28,28,1,wk inc flu hosp,2026-03-07,quantile,0.5,166
2026-02-28,28,1,wk inc flu hosp,2026-03-07,quantile,0.55,172
2026-02-28,28,1,wk inc flu hosp,2026-03-07,quantile,0.6,178
2026-02-28,28,1,wk inc flu hosp,2026-03-07,quantile,0.65,188
2026-02-28,28,1,wk inc flu hosp,2026-03-07,quantile,0.7,199
2026-02-28,28,1,wk inc flu hosp,2026-03-07,quantile,0.75,209
2026-02-28,28,1,wk inc flu hosp,2026-03-07,quantile,0.8,219
2026-02-28,28,1,wk inc flu hosp,2026-03-07,quantile,0.85,232
2026-02-28,28,1,wk inc flu hosp,2026-03-07,quantile,0.9,253
2026-02-28,28,1,wk inc flu hosp,2026-03-07,quantile,0.95,287
2026-02-28,28,1,wk inc flu hosp,2026-03-07,quantile,0.975,302
2026-02-28,28,1,wk inc flu hosp,2026-03-07,quantile,0.99,327
2026-02-28,28,2,wk inc flu hosp,2026-03-14,quantile,0.01,45
2026-02-28,28,2,wk inc flu hosp,2026-03-14,quantile,0.025,57
2026-02-28,28,2,wk inc flu hosp,2026-03-14,quantile,0.05,71
2026-02-28,28,2,wk inc flu hosp,2026-03-14,quantile,0.1,85
2026-02-28,28,2,wk inc flu hosp,2026-03-14,quantile,0.15,94
2026-02-28,28,2,wk inc flu hosp,2026-03-14,quantile,0.2,102
2026-02-28,28,2,wk inc flu hosp,2026-03-14,quantile,0.25,110
2026-02-28,28,2,wk inc flu hosp,2026-03-14,quantile,0.3,117
2026-02-28,28,2,wk inc flu hosp,2026-03-14,quantile,0.35,125
2026-02-28,28,2,wk inc flu hosp,2026-03-14,quantile,0.4,134
2026-02-28,28,2,wk inc flu hosp,2026-03-14,quantile,0.45,138
2026-02-28,28,2,wk inc flu hosp,2026-03-14,quantile,0.5,144
2026-02-28,28,2,wk inc flu hosp,2026-03-14,quantile,0.55,149
2026-02-28,28,2,wk inc flu hosp,2026-03-14,quantile,0.6,155
2026-02-28,28,2,wk inc flu hosp,2026-03-14,quantile,0.65,164
2026-02-28,28,2,wk inc flu hosp,2026-03-14,quantile,0.7,175
2026-02-28,28,2,wk inc flu hosp,2026-03-14,quantile,0.75,188
2026-02-28,28,2,wk inc flu hosp,2026-03-14,quantile,0.8,200
2026-02-28,28,2,wk inc flu hosp,2026-03-14,quantile,0.85,217
2026-02-28,28,2,wk inc flu hosp,2026-03-14,quantile,0.9,247
2026-02-28,28,2,wk inc flu hosp,2026-03-14,quantile,0.95,283
2026-02-28,28,2,wk inc flu hosp,2026-03-14,quantile,0.975,315
2026-02-28,28,2,wk inc flu hosp,2026-03-14,quantile,0.99,360
2026-02-28,28,3,wk inc flu hosp,2026-03-21,quantile,0.01,31
2026-02-28,28,3,wk inc flu hosp,2026-03-21,quantile,0.025,43
2026-02-28,28,3,wk inc flu hosp,2026-03-21,quantile,0.05,54
2026-02-28,28,3,wk inc flu hosp,2026-03-21,quantile,0.1,67
2026-02-28,28,3,wk inc flu hosp,2026-03-21,quantile,0.15,77
2026-02-28,28,3,wk inc flu hosp,2026-03-21,quantile,0.2,86
2026-02-28,28,3,wk inc flu hosp,2026-03-21,quantile,0.25,93
2026-02-28,28,3,wk inc flu hosp,2026-03-21,quantile,0.3,100
2026-02-28,28,3,wk inc flu hosp,2026-03-21,quantile,0.35,107
2026-02-28,28,3,wk inc flu hosp,2026-03-21,quantile,0.4,115
2026-02-28,28,3,wk inc flu hosp,2026-03-21,quantile,0.45,119
2026-02-28,28,3,wk inc flu hosp,2026-03-21,quantile,0.5,126
2026-02-28,28,3,wk inc flu hosp,2026-03-21,quantile,0.55,132
2026-02-28,28,3,wk inc flu hosp,2026-03-21,quantile,0.6,139
2026-02-28,28,3,wk inc flu hosp,2026-03-21,quantile,0.65,146
2026-02-28,28,3,wk inc flu hosp,2026-03-21,quantile,0.7,154
2026-02-28,28,3,wk inc flu hosp,2026-03-21,quantile,0.75,162
2026-02-28,28,3,wk inc flu hosp,2026-03-21,quantile,0.8,178
2026-02-28,28,3,wk inc flu hosp,2026-03-21,quantile,0.85,201
2026-02-28,28,3,wk inc flu hosp,2026-03-21,quantile,0.9,231
2026-02-28,28,3,wk inc flu hosp,2026-03-21,quantile,0.95,271
2026-02-28,28,3,wk inc flu hosp,2026-03-21,quantile,0.975,298
2026-02-28,28,3,wk inc flu hosp,2026-03-21,quantile,0.99,339
2026-02-28,29,0,wk inc flu hosp,2026-02-28,quantile,0.01,134
2026-02-28,29,0,wk inc flu hosp,2026-02-28,quantile,0.025,156
2026-02-28,29,0,wk inc flu hosp,2026-02-28,quantile,0.05,174
2026-02-28,29,0,wk inc flu hosp,2026-02-28,quantile,0.1,200
2026-02-28,29,0,wk inc flu hosp,2026-02-28,quantile,0.15,217
2026-02-28,29,0,wk inc flu hosp,2026-02-28,quantile,0.2,229
2026-02-28,29,0,wk inc flu hosp,2026-02-28,quantile,0.25,239
2026-02-28,29,0,wk inc flu hosp,2026-02-28,quantile,0.3,246
2026-02-28,29,0,wk inc flu hosp,2026-02-28,quantile,0.35,255
2026-02-28,29,0,wk inc flu hosp,2026-02-28,quantile,0.4,263
2026-02-28,29,0,wk inc flu hosp,2026-02-28,quantile,0.45,271
2026-02-28,29,0,wk inc flu hosp,2026-02-28,quantile,0.5,284
2026-02-28,29,0,wk inc flu hosp,2026-02-28,quantile,0.55,296
2026-02-28,29,0,wk inc flu hosp,2026-02-28,quantile,0.6,306
2026-02-28,29,0,wk inc flu hosp,2026-02-28,quantile,0.65,319
2026-02-28,29,0,wk inc flu hosp,2026-02-28,quantile,0.7,335
2026-02-28,29,0,wk inc flu hosp,2026-02-28,quantile,0.75,346
2026-02-28,29,0,wk inc flu hosp,2026-02-28,quantile,0.8,369
2026-02-28,29,0,wk inc flu hosp,2026-02-28,quantile,0.85,384
2026-02-28,29,0,wk inc flu hosp,2026-02-28,quantile,0.9,411
2026-02-28,29,0,wk inc flu hosp,2026-02-28,quantile,0.95,447
2026-02-28,29,0,wk inc flu hosp,2026-02-28,quantile,0.975,483
2026-02-28,29,0,wk inc flu hosp,2026-02-28,quantile,0.99,553
2026-02-28,29,1,wk inc flu hosp,2026-03-07,quantile,0.01,75
2026-02-28,29,1,wk inc flu hosp,2026-03-07,quantile,0.025,90
2026-02-28,29,1,wk inc flu hosp,2026-03-07,quantile,0.05,116
2026-02-28,29,1,wk inc flu hosp,2026-03-07,quantile,0.1,147
2026-02-28,29,1,wk inc flu hosp,2026-03-07,quantile,0.15,168
2026-02-28,29,1,wk inc flu hosp,2026-03-07,quantile,0.2,178
2026-02-28,29,1,wk inc flu hosp,2026-03-07,quantile,0.25,186
2026-02-28,29,1,wk inc flu hosp,2026-03-07,quantile,0.3,196
2026-02-28,29,1,wk inc flu hosp,2026-03-07,quantile,0.35,209
2026-02-28,29,1,wk inc flu hosp,2026-03-07,quantile,0.4,224
2026-02-28,29,1,wk inc flu hosp,2026-03-07,quantile,0.45,233
2026-02-28,29,1,wk inc flu hosp,2026-03-07,quantile,0.5,247
2026-02-28,29,1,wk inc flu hosp,2026-03-07,quantile,0.55,261
2026-02-28,29,1,wk inc flu hosp,2026-03-07,quantile,0.6,277
2026-02-28,29,1,wk inc flu hosp,2026-03-07,quantile,0.65,294
2026-02-28,29,1,wk inc flu hosp,2026-03-07,quantile,0.7,312
2026-02-28,29,1,wk inc flu hosp,2026-03-07,quantile,0.75,333
2026-02-28,29,1,wk inc flu hosp,2026-03-07,quantile,0.8,352
2026-02-28,29,1,wk inc flu hosp,2026-03-07,quantile,0.85,375
2026-02-28,29,1,wk inc flu hosp,2026-03-07,quantile,0.9,413
2026-02-28,29,1,wk inc flu hosp,2026-03-07,quantile,0.95,466
2026-02-28,29,1,wk inc flu hosp,2026-03-07,quantile,0.975,519
2026-02-28,29,1,wk inc flu hosp,2026-03-07,quantile,0.99,586
2026-02-28,29,2,wk inc flu hosp,2026-03-14,quantile,0.01,45
2026-02-28,29,2,wk inc flu hosp,2026-03-14,quantile,0.025,60
2026-02-28,29,2,wk inc flu hosp,2026-03-14,quantile,0.05,77
2026-02-28,29,2,wk inc flu hosp,2026-03-14,quantile,0.1,102
2026-02-28,29,2,wk inc flu hosp,2026-03-14,quantile,0.15,120
2026-02-28,29,2,wk inc flu hosp,2026-03-14,quantile,0.2,133
2026-02-28,29,2,wk inc flu hosp,2026-03-14,quantile,0.25,144
2026-02-28,29,2,wk inc flu hosp,2026-03-14,quantile,0.3,154
2026-02-28,29,2,wk inc flu hosp,2026-03-14,quantile,0.35,168
2026-02-28,29,2,wk inc flu hosp,2026-03-14,quantile,0.4,179
2026-02-28,29,2,wk inc flu hosp,2026-03-14,quantile,0.45,189
2026-02-28,29,2,wk inc flu hosp,2026-03-14,quantile,0.5,200
2026-02-28,29,2,wk inc flu hosp,2026-03-14,quantile,0.55,214
2026-02-28,29,2,wk inc flu hosp,2026-03-14,quantile,0.6,229
2026-02-28,29,2,wk inc flu hosp,2026-03-14,quantile,0.65,243
2026-02-28,29,2,wk inc flu hosp,2026-03-14,quantile,0.7,260
2026-02-28,29,2,wk inc flu hosp,2026-03-14,quantile,0.75,284
2026-02-28,29,2,wk inc flu hosp,2026-03-14,quantile,0.8,308
2026-02-28,29,2,wk inc flu hosp,2026-03-14,quantile,0.85,342
2026-02-28,29,2,wk inc flu hosp,2026-03-14,quantile,0.9,375
2026-02-28,29,2,wk inc flu hosp,2026-03-14,quantile,0.95,427
2026-02-28,29,2,wk inc flu hosp,2026-03-14,quantile,0.975,474
2026-02-28,29,2,wk inc flu hosp,2026-03-14,quantile,0.99,553
2026-02-28,29,3,wk inc flu hosp,2026-03-21,quantile,0.01,25
2026-02-28,29,3,wk inc flu hosp,2026-03-21,quantile,0.025,35
2026-02-28,29,3,wk inc flu hosp,2026-03-21,quantile,0.05,61
2026-02-28,29,3,wk inc flu hosp,2026-03-21,quantile,0.1,71
2026-02-28,29,3,wk inc flu hosp,2026-03-21,quantile,0.15,101
2026-02-28,29,3,wk inc flu hosp,2026-03-21,quantile,0.2,107
2026-02-28,29,3,wk inc flu hosp,2026-03-21,quantile,0.25,119
2026-02-28,29,3,wk inc flu hosp,2026-03-21,quantile,0.3,131
2026-02-28,29,3,wk inc flu hosp,2026-03-21,quantile,0.35,144
2026-02-28,29,3,wk inc flu hosp,2026-03-21,quantile,0.4,157
2026-02-28,29,3,wk inc flu hosp,2026-03-21,quantile,0.45,166
2026-02-28,29,3,wk inc flu hosp,2026-03-21,quantile,0.5,174
2026-02-28,29,3,wk inc flu hosp,2026-03-21,quantile,0.55,187
2026-02-28,29,3,wk inc flu hosp,2026-03-21,quantile,0.6,202
2026-02-28,29,3,wk inc flu hosp,2026-03-21,quantile,0.65,219
2026-02-28,29,3,wk inc flu hosp,2026-03-21,quantile,0.7,242
2026-02-28,29,3,wk inc flu hosp,2026-03-21,quantile,0.75,266
2026-02-28,29,3,wk inc flu hosp,2026-03-21,quantile,0.8,291
2026-02-28,29,3,wk inc flu hosp,2026-03-21,quantile,0.85,323
2026-02-28,29,3,wk inc flu hosp,2026-03-21,quantile,0.9,379
2026-02-28,29,3,wk inc flu hosp,2026-03-21,quantile,0.95,438
2026-02-28,29,3,wk inc flu hosp,2026-03-21,quantile,0.975,492
2026-02-28,29,3,wk inc flu hosp,2026-03-21,quantile,0.99,559
2026-02-28,30,0,wk inc flu hosp,2026-02-28,quantile,0.01,10
2026-02-28,30,0,wk inc flu hosp,2026-02-28,quantile,0.025,11
2026-02-28,30,0,wk inc flu hosp,2026-02-28,quantile,0.05,14
2026-02-28,30,0,wk inc flu hosp,2026-02-28,quantile,0.1,18
2026-02-28,30,0,wk inc flu hosp,2026-02-28,quantile,0.15,20
2026-02-28,30,0,wk inc flu hosp,2026-02-28,quantile,0.2,23
2026-02-28,30,0,wk inc flu hosp,2026-02-28,quantile,0.25,25
2026-02-28,30,0,wk inc flu hosp,2026-02-28,quantile,0.3,27
2026-02-28,30,0,wk inc flu hosp,2026-02-28,quantile,0.35,28
2026-02-28,30,0,wk inc flu hosp,2026-02-28,quantile,0.4,29
2026-02-28,30,0,wk inc flu hosp,2026-02-28,quantile,0.45,31
2026-02-28,30,0,wk inc flu hosp,2026-02-28,quantile,0.5,34
2026-02-28,30,0,wk inc flu hosp,2026-02-28,quantile,0.55,36
2026-02-28,30,0,wk inc flu hosp,2026-02-28,quantile,0.6,38
2026-02-28,30,0,wk inc flu hosp,2026-02-28,quantile,0.65,39
2026-02-28,30,0,wk inc flu hosp,2026-02-28,quantile,0.7,41
2026-02-28,30,0,wk inc flu hosp,2026-02-28,quantile,0.75,44
2026-02-28,30,0,wk inc flu hosp,2026-02-28,quantile,0.8,47
2026-02-28,30,0,wk inc flu hosp,2026-02-28,quantile,0.85,51
2026-02-28,30,0,wk inc flu hosp,2026-02-28,quantile,0.9,55
2026-02-28,30,0,wk inc flu hosp,2026-02-28,quantile,0.95,62
2026-02-28,30,0,wk inc flu hosp,2026-02-28,quantile,0.975,68
2026-02-28,30,0,wk inc flu hosp,2026-02-28,quantile,0.99,76
2026-02-28,30,1,wk inc flu hosp,2026-03-07,quantile,0.01,5
2026-02-28,30,1,wk inc flu hosp,2026-03-07,quantile,0.025,7
2026-02-28,30,1,wk inc flu hosp,2026-03-07,quantile,0.05,9
2026-02-28,30,1,wk inc flu hosp,2026-03-07,quantile,0.1,12
2026-02-28,30,1,wk inc flu hosp,2026-03-07,quantile,0.15,15
2026-02-28,30,1,wk inc flu hosp,2026-03-07,quantile,0.2,16
2026-02-28,30,1,wk inc flu hosp,2026-03-07,quantile,0.25,18
2026-02-28,30,1,wk inc flu hosp,2026-03-07,quantile,0.3,20
2026-02-28,30,1,wk inc flu hosp,2026-03-07,quantile,0.35,22
2026-02-28,30,1,wk inc flu hosp,2026-03-07,quantile,0.4,23
2026-02-28,30,1,wk inc flu hosp,2026-03-07,quantile,0.45,25
2026-02-28,30,1,wk inc flu hosp,2026-03-07,quantile,0.5,27
2026-02-28,30,1,wk inc flu hosp,2026-03-07,quantile,0.55,30
2026-02-28,30,1,wk inc flu hosp,2026-03-07,quantile,0.6,32
2026-02-28,30,1,wk inc flu hosp,2026-03-07,quantile,0.65,34
2026-02-28,30,1,wk inc flu hosp,2026-03-07,quantile,0.7,37
2026-02-28,30,1,wk inc flu hosp,2026-03-07,quantile,0.75,39
2026-02-28,30,1,wk inc flu hosp,2026-03-07,quantile,0.8,43
2026-02-28,30,1,wk inc flu hosp,2026-03-07,quantile,0.85,47
2026-02-28,30,1,wk inc flu hosp,2026-03-07,quantile,0.9,52
2026-02-28,30,1,wk inc flu hosp,2026-03-07,quantile,0.95,61
2026-02-28,30,1,wk inc flu hosp,2026-03-07,quantile,0.975,69
2026-02-28,30,1,wk inc flu hosp,2026-03-07,quantile,0.99,79
2026-02-28,30,2,wk inc flu hosp,2026-03-14,quantile,0.01,2
2026-02-28,30,2,wk inc flu hosp,2026-03-14,quantile,0.025,4
2026-02-28,30,2,wk inc flu hosp,2026-03-14,quantile,0.05,7
2026-02-28,30,2,wk inc flu hosp,2026-03-14,quantile,0.1,9
2026-02-28,30,2,wk inc flu hosp,2026-03-14,quantile,0.15,11
2026-02-28,30,2,wk inc flu hosp,2026-03-14,quantile,0.2,13
2026-02-28,30,2,wk inc flu hosp,2026-03-14,quantile,0.25,14
2026-02-28,30,2,wk inc flu hosp,2026-03-14,quantile,0.3,15
2026-02-28,30,2,wk inc flu hosp,2026-03-14,quantile,0.35,17
2026-02-28,30,2,wk inc flu hosp,2026-03-14,quantile,0.4,19
2026-02-28,30,2,wk inc flu hosp,2026-03-14,quantile,0.45,20
2026-02-28,30,2,wk inc flu hosp,2026-03-14,quantile,0.5,23
2026-02-28,30,2,wk inc flu hosp,2026-03-14,quantile,0.55,25
2026-02-28,30,2,wk inc flu hosp,2026-03-14,quantile,0.6,27
2026-02-28,30,2,wk inc flu hosp,2026-03-14,quantile,0.65,29
2026-02-28,30,2,wk inc flu hosp,2026-03-14,quantile,0.7,32
2026-02-28,30,2,wk inc flu hosp,2026-03-14,quantile,0.75,34
2026-02-28,30,2,wk inc flu hosp,2026-03-14,quantile,0.8,36
2026-02-28,30,2,wk inc flu hosp,2026-03-14,quantile,0.85,40
2026-02-28,30,2,wk inc flu hosp,2026-03-14,quantile,0.9,47
2026-02-28,30,2,wk inc flu hosp,2026-03-14,quantile,0.95,61
2026-02-28,30,2,wk inc flu hosp,2026-03-14,quantile,0.975,72
2026-02-28,30,2,wk inc flu hosp,2026-03-14,quantile,0.99,84
2026-02-28,30,3,wk inc flu hosp,2026-03-21,quantile,0.01,1
2026-02-28,30,3,wk inc flu hosp,2026-03-21,quantile,0.025,3
2026-02-28,30,3,wk inc flu hosp,2026-03-21,quantile,0.05,4
2026-02-28,30,3,wk inc flu hosp,2026-03-21,quantile,0.1,6
2026-02-28,30,3,wk inc flu hosp,2026-03-21,quantile,0.15,7
2026-02-28,30,3,wk inc flu hosp,2026-03-21,quantile,0.2,9
2026-02-28,30,3,wk inc flu hosp,2026-03-21,quantile,0.25,10
2026-02-28,30,3,wk inc flu hosp,2026-03-21,quantile,0.3,11
2026-02-28,30,3,wk inc flu hosp,2026-03-21,quantile,0.35,13
2026-02-28,30,3,wk inc flu hosp,2026-03-21,quantile,0.4,13
2026-02-28,30,3,wk inc flu hosp,2026-03-21,quantile,0.45,17
2026-02-28,30,3,wk inc flu hosp,2026-03-21,quantile,0.5,18
2026-02-28,30,3,wk inc flu hosp,2026-03-21,quantile,0.55,20
2026-02-28,30,3,wk inc flu hosp,2026-03-21,quantile,0.6,21
2026-02-28,30,3,wk inc flu hosp,2026-03-21,quantile,0.65,24
2026-02-28,30,3,wk inc flu hosp,2026-03-21,quantile,0.7,26
2026-02-28,30,3,wk inc flu hosp,2026-03-21,quantile,0.75,28
2026-02-28,30,3,wk inc flu hosp,2026-03-21,quantile,0.8,31
2026-02-28,30,3,wk inc flu hosp,2026-03-21,quantile,0.85,34
2026-02-28,30,3,wk inc flu hosp,2026-03-21,quantile,0.9,39
2026-02-28,30,3,wk inc flu hosp,2026-03-21,quantile,0.95,59
2026-02-28,30,3,wk inc flu hosp,2026-03-21,quantile,0.975,74
2026-02-28,30,3,wk inc flu hosp,2026-03-21,quantile,0.99,87
2026-02-28,31,0,wk inc flu hosp,2026-02-28,quantile,0.01,52
2026-02-28,31,0,wk inc flu hosp,2026-02-28,quantile,0.025,60
2026-02-28,31,0,wk inc flu hosp,2026-02-28,quantile,0.05,70
2026-02-28,31,0,wk inc flu hosp,2026-02-28,quantile,0.1,79
2026-02-28,31,0,wk inc flu hosp,2026-02-28,quantile,0.15,84
2026-02-28,31,0,wk inc flu hosp,2026-02-28,quantile,0.2,88
2026-02-28,31,0,wk inc flu hosp,2026-02-28,quantile,0.25,91
2026-02-28,31,0,wk inc flu hosp,2026-02-28,quantile,0.3,96
2026-02-28,31,0,wk inc flu hosp,2026-02-28,quantile,0.35,100
2026-02-28,31,0,wk inc flu hosp,2026-02-28,quantile,0.4,104
2026-02-28,31,0,wk inc flu hosp,2026-02-28,quantile,0.45,106
2026-02-28,31,0,wk inc flu hosp,2026-02-28,quantile,0.5,111
2026-02-28,31,0,wk inc flu hosp,2026-02-28,quantile,0.55,114
2026-02-28,31,0,wk inc flu hosp,2026-02-28,quantile,0.6,118
2026-02-28,31,0,wk inc flu hosp,2026-02-28,quantile,0.65,124
2026-02-28,31,0,wk inc flu hosp,2026-02-28,quantile,0.7,130
2026-02-28,31,0,wk inc flu hosp,2026-02-28,quantile,0.75,134
2026-02-28,31,0,wk inc flu hosp,2026-02-28,quantile,0.8,140
2026-02-28,31,0,wk inc flu hosp,2026-02-28,quantile,0.85,144
2026-02-28,31,0,wk inc flu hosp,2026-02-28,quantile,0.9,152
2026-02-28,31,0,wk inc flu hosp,2026-02-28,quantile,0.95,164
2026-02-28,31,0,wk inc flu hosp,2026-02-28,quantile,0.975,173
2026-02-28,31,0,wk inc flu hosp,2026-02-28,quantile,0.99,191
2026-02-28,31,1,wk inc flu hosp,2026-03-07,quantile,0.01,33
2026-02-28,31,1,wk inc flu hosp,2026-03-07,quantile,0.025,41
2026-02-28,31,1,wk inc flu hosp,2026-03-07,quantile,0.05,48
2026-02-28,31,1,wk inc flu hosp,2026-03-07,quantile,0.1,55
2026-02-28,31,1,wk inc flu hosp,2026-03-07,quantile,0.15,62
2026-02-28,31,1,wk inc flu hosp,2026-03-07,quantile,0.2,66
2026-02-28,31,1,wk inc flu hosp,2026-03-07,quantile,0.25,71
2026-02-28,31,1,wk inc flu hosp,2026-03-07,quantile,0.3,77
2026-02-28,31,1,wk inc flu hosp,2026-03-07,quantile,0.35,82
2026-02-28,31,1,wk inc flu hosp,2026-03-07,quantile,0.4,86
2026-02-28,31,1,wk inc flu hosp,2026-03-07,quantile,0.45,90
2026-02-28,31,1,wk inc flu hosp,2026-03-07,quantile,0.5,94
2026-02-28,31,1,wk inc flu hosp,2026-03-07,quantile,0.55,101
2026-02-28,31,1,wk inc flu hosp,2026-03-07,quantile,0.6,106
2026-02-28,31,1,wk inc flu hosp,2026-03-07,quantile,0.65,111
2026-02-28,31,1,wk inc flu hosp,2026-03-07,quantile,0.7,115
2026-02-28,31,1,wk inc flu hosp,2026-03-07,quantile,0.75,123
2026-02-28,31,1,wk inc flu hosp,2026-03-07,quantile,0.8,131
2026-02-28,31,1,wk inc flu hosp,2026-03-07,quantile,0.85,139
2026-02-28,31,1,wk inc flu hosp,2026-03-07,quantile,0.9,147
2026-02-28,31,1,wk inc flu hosp,2026-03-07,quantile,0.95,163
2026-02-28,31,1,wk inc flu hosp,2026-03-07,quantile,0.975,177
2026-02-28,31,1,wk inc flu hosp,2026-03-07,quantile,0.99,194
2026-02-28,31,2,wk inc flu hosp,2026-03-14,quantile,0.01,18
2026-02-28,31,2,wk inc flu hosp,2026-03-14,quantile,0.025,25
2026-02-28,31,2,wk inc flu hosp,2026-03-14,quantile,0.05,32
2026-02-28,31,2,wk inc flu hosp,2026-03-14,quantile,0.1,37
2026-02-28,31,2,wk inc flu hosp,2026-03-14,quantile,0.15,42
2026-02-28,31,2,wk inc flu hosp,2026-03-14,quantile,0.2,47
2026-02-28,31,2,wk inc flu hosp,2026-03-14,quantile,0.25,51
2026-02-28,31,2,wk inc flu hosp,2026-03-14,quantile,0.3,58
2026-02-28,31,2,wk inc flu hosp,2026-03-14,quantile,0.35,63
2026-02-28,31,2,wk inc flu hosp,2026-03-14,quantile,0.4,68
2026-02-28,31,2,wk inc flu hosp,2026-03-14,quantile,0.45,73
2026-02-28,31,2,wk inc flu hosp,2026-03-14,quantile,0.5,76
2026-02-28,31,2,wk inc flu hosp,2026-03-14,quantile,0.55,86
2026-02-28,31,2,wk inc flu hosp,2026-03-14,quantile,0.6,94
2026-02-28,31,2,wk inc flu hosp,2026-03-14,quantile,0.65,100
2026-02-28,31,2,wk inc flu hosp,2026-03-14,quantile,0.7,104
2026-02-28,31,2,wk inc flu hosp,2026-03-14,quantile,0.75,108
2026-02-28,31,2,wk inc flu hosp,2026-03-14,quantile,0.8,122
2026-02-28,31,2,wk inc flu hosp,2026-03-14,quantile,0.85,138
2026-02-28,31,2,wk inc flu hosp,2026-03-14,quantile,0.9,146
2026-02-28,31,2,wk inc flu hosp,2026-03-14,quantile,0.95,155
2026-02-28,31,2,wk inc flu hosp,2026-03-14,quantile,0.975,171
2026-02-28,31,2,wk inc flu hosp,2026-03-14,quantile,0.99,183
2026-02-28,31,3,wk inc flu hosp,2026-03-21,quantile,0.01,12
2026-02-28,31,3,wk inc flu hosp,2026-03-21,quantile,0.025,16
2026-02-28,31,3,wk inc flu hosp,2026-03-21,quantile,0.05,22
2026-02-28,31,3,wk inc flu hosp,2026-03-21,quantile,0.1,26
2026-02-28,31,3,wk inc flu hosp,2026-03-21,quantile,0.15,30
2026-02-28,31,3,wk inc flu hosp,2026-03-21,quantile,0.2,35
2026-02-28,31,3,wk inc flu hosp,2026-03-21,quantile,0.25,39
2026-02-28,31,3,wk inc flu hosp,2026-03-21,quantile,0.3,45
2026-02-28,31,3,wk inc flu hosp,2026-03-21,quantile,0.35,49
2026-02-28,31,3,wk inc flu hosp,2026-03-21,quantile,0.4,54
2026-02-28,31,3,wk inc flu hosp,2026-03-21,quantile,0.45,60
2026-02-28,31,3,wk inc flu hosp,2026-03-21,quantile,0.5,63
2026-02-28,31,3,wk inc flu hosp,2026-03-21,quantile,0.55,68
2026-02-28,31,3,wk inc flu hosp,2026-03-21,quantile,0.6,73
2026-02-28,31,3,wk inc flu hosp,2026-03-21,quantile,0.65,79
2026-02-28,31,3,wk inc flu hosp,2026-03-21,quantile,0.7,86
2026-02-28,31,3,wk inc flu hosp,2026-03-21,quantile,0.75,91
2026-02-28,31,3,wk inc flu hosp,2026-03-21,quantile,0.8,98
2026-02-28,31,3,wk inc flu hosp,2026-03-21,quantile,0.85,109
2026-02-28,31,3,wk inc flu hosp,2026-03-21,quantile,0.9,130
2026-02-28,31,3,wk inc flu hosp,2026-03-21,quantile,0.95,153
2026-02-28,31,3,wk inc flu hosp,2026-03-21,quantile,0.975,169
2026-02-28,31,3,wk inc flu hosp,2026-03-21,quantile,0.99,184
2026-02-28,32,0,wk inc flu hosp,2026-02-28,quantile,0.01,26
2026-02-28,32,0,wk inc flu hosp,2026-02-28,quantile,0.025,30
2026-02-28,32,0,wk inc flu hosp,2026-02-28,quantile,0.05,36
2026-02-28,32,0,wk inc flu hosp,2026-02-28,quantile,0.1,42
2026-02-28,32,0,wk inc flu hosp,2026-02-28,quantile,0.15,45
2026-02-28,32,0,wk inc flu hosp,2026-02-28,quantile,0.2,50
2026-02-28,32,0,wk inc flu hosp,2026-02-28,quantile,0.25,53
2026-02-28,32,0,wk inc flu hosp,2026-02-28,quantile,0.3,55
2026-02-28,32,0,wk inc flu hosp,2026-02-28,quantile,0.35,58
2026-02-28,32,0,wk inc flu hosp,2026-02-28,quantile,0.4,61
2026-02-28,32,0,wk inc flu hosp,2026-02-28,quantile,0.45,63
2026-02-28,32,0,wk inc flu hosp,2026-02-28,quantile,0.5,67
2026-02-28,32,0,wk inc flu hosp,2026-02-28,quantile,0.55,70
2026-02-28,32,0,wk inc flu hosp,2026-02-28,quantile,0.6,75
2026-02-28,32,0,wk inc flu hosp,2026-02-28,quantile,0.65,79
2026-02-28,32,0,wk inc flu hosp,2026-02-28,quantile,0.7,81
2026-02-28,32,0,wk inc flu hosp,2026-02-28,quantile,0.75,84
2026-02-28,32,0,wk inc flu hosp,2026-02-28,quantile,0.8,88
2026-02-28,32,0,wk inc flu hosp,2026-02-28,quantile,0.85,93
2026-02-28,32,0,wk inc flu hosp,2026-02-28,quantile,0.9,101
2026-02-28,32,0,wk inc flu hosp,2026-02-28,quantile,0.95,111
2026-02-28,32,0,wk inc flu hosp,2026-02-28,quantile,0.975,119
2026-02-28,32,0,wk inc flu hosp,2026-02-28,quantile,0.99,130
2026-02-28,32,1,wk inc flu hosp,2026-03-07,quantile,0.01,14
2026-02-28,32,1,wk inc flu hosp,2026-03-07,quantile,0.025,19
2026-02-28,32,1,wk inc flu hosp,2026-03-07,quantile,0.05,23
2026-02-28,32,1,wk inc flu hosp,2026-03-07,quantile,0.1,28
2026-02-28,32,1,wk inc flu hosp,2026-03-07,quantile,0.15,33
2026-02-28,32,1,wk inc flu hosp,2026-03-07,quantile,0.2,38
2026-02-28,32,1,wk inc flu hosp,2026-03-07,quantile,0.25,40
2026-02-28,32,1,wk inc flu hosp,2026-03-07,quantile,0.3,43
2026-02-28,32,1,wk inc flu hosp,2026-03-07,quantile,0.35,46
2026-02-28,32,1,wk inc flu hosp,2026-03-07,quantile,0.4,50
2026-02-28,32,1,wk inc flu hosp,2026-03-07,quantile,0.45,55
2026-02-28,32,1,wk inc flu hosp,2026-03-07,quantile,0.5,59
2026-02-28,32,1,wk inc flu hosp,2026-03-07,quantile,0.55,61
2026-02-28,32,1,wk inc flu hosp,2026-03-07,quantile,0.6,66
2026-02-28,32,1,wk inc flu hosp,2026-03-07,quantile,0.65,71
2026-02-28,32,1,wk inc flu hosp,2026-03-07,quantile,0.7,77
2026-02-28,32,1,wk inc flu hosp,2026-03-07,quantile,0.75,81
2026-02-28,32,1,wk inc flu hosp,2026-03-07,quantile,0.8,86
2026-02-28,32,1,wk inc flu hosp,2026-03-07,quantile,0.85,92
2026-02-28,32,1,wk inc flu hosp,2026-03-07,quantile,0.9,102
2026-02-28,32,1,wk inc flu hosp,2026-03-07,quantile,0.95,118
2026-02-28,32,1,wk inc flu hosp,2026-03-07,quantile,0.975,130
2026-02-28,32,1,wk inc flu hosp,2026-03-07,quantile,0.99,150
2026-02-28,32,2,wk inc flu hosp,2026-03-14,quantile,0.01,6
2026-02-28,32,2,wk inc flu hosp,2026-03-14,quantile,0.025,10
2026-02-28,32,2,wk inc flu hosp,2026-03-14,quantile,0.05,15
2026-02-28,32,2,wk inc flu hosp,2026-03-14,quantile,0.1,20
2026-02-28,32,2,wk inc flu hosp,2026-03-14,quantile,0.15,24
2026-02-28,32,2,wk inc flu hosp,2026-03-14,quantile,0.2,29
2026-02-28,32,2,wk inc flu hosp,2026-03-14,quantile,0.25,33
2026-02-28,32,2,wk inc flu hosp,2026-03-14,quantile,0.3,37
2026-02-28,32,2,wk inc flu hosp,2026-03-14,quantile,0.35,40
2026-02-28,32,2,wk inc flu hosp,2026-03-14,quantile,0.4,42
2026-02-28,32,2,wk inc flu hosp,2026-03-14,quantile,0.45,47
2026-02-28,32,2,wk inc flu hosp,2026-03-14,quantile,0.5,51
2026-02-28,32,2,wk inc flu hosp,2026-03-14,quantile,0.55,55
2026-02-28,32,2,wk inc flu hosp,2026-03-14,quantile,0.6,59
2026-02-28,32,2,wk inc flu hosp,2026-03-14,quantile,0.65,65
2026-02-28,32,2,wk inc flu hosp,2026-03-14,quantile,0.7,69
2026-02-28,32,2,wk inc flu hosp,2026-03-14,quantile,0.75,75
2026-02-28,32,2,wk inc flu hosp,2026-03-14,quantile,0.8,80
2026-02-28,32,2,wk inc flu hosp,2026-03-14,quantile,0.85,89
2026-02-28,32,2,wk inc flu hosp,2026-03-14,quantile,0.9,101
2026-02-28,32,2,wk inc flu hosp,2026-03-14,quantile,0.95,119
2026-02-28,32,2,wk inc flu hosp,2026-03-14,quantile,0.975,142
2026-02-28,32,2,wk inc flu hosp,2026-03-14,quantile,0.99,164
2026-02-28,32,3,wk inc flu hosp,2026-03-21,quantile,0.01,3
2026-02-28,32,3,wk inc flu hosp,2026-03-21,quantile,0.025,6
2026-02-28,32,3,wk inc flu hosp,2026-03-21,quantile,0.05,9
2026-02-28,32,3,wk inc flu hosp,2026-03-21,quantile,0.1,14
2026-02-28,32,3,wk inc flu hosp,2026-03-21,quantile,0.15,17
2026-02-28,32,3,wk inc flu hosp,2026-03-21,quantile,0.2,23
2026-02-28,32,3,wk inc flu hosp,2026-03-21,quantile,0.25,25
2026-02-28,32,3,wk inc flu hosp,2026-03-21,quantile,0.3,30
2026-02-28,32,3,wk inc flu hosp,2026-03-21,quantile,0.35,32
2026-02-28,32,3,wk inc flu hosp,2026-03-21,quantile,0.4,38
2026-02-28,32,3,wk inc flu hosp,2026-03-21,quantile,0.45,42
2026-02-28,32,3,wk inc flu hosp,2026-03-21,quantile,0.5,46
2026-02-28,32,3,wk inc flu hosp,2026-03-21,quantile,0.55,49
2026-02-28,32,3,wk inc flu hosp,2026-03-21,quantile,0.6,52
2026-02-28,32,3,wk inc flu hosp,2026-03-21,quantile,0.65,57
2026-02-28,32,3,wk inc flu hosp,2026-03-21,quantile,0.7,62
2026-02-28,32,3,wk inc flu hosp,2026-03-21,quantile,0.75,66
2026-02-28,32,3,wk inc flu hosp,2026-03-21,quantile,0.8,74
2026-02-28,32,3,wk inc flu hosp,2026-03-21,quantile,0.85,85
2026-02-28,32,3,wk inc flu hosp,2026-03-21,quantile,0.9,102
2026-02-28,32,3,wk inc flu hosp,2026-03-21,quantile,0.95,126
2026-02-28,32,3,wk inc flu hosp,2026-03-21,quantile,0.975,147
2026-02-28,32,3,wk inc flu hosp,2026-03-21,quantile,0.99,175
2026-02-28,33,0,wk inc flu hosp,2026-02-28,quantile,0.01,16
2026-02-28,33,0,wk inc flu hosp,2026-02-28,quantile,0.025,19
2026-02-28,33,0,wk inc flu hosp,2026-02-28,quantile,0.05,22
2026-02-28,33,0,wk inc flu hosp,2026-02-28,quantile,0.1,26
2026-02-28,33,0,wk inc flu hosp,2026-02-28,quantile,0.15,28
2026-02-28,33,0,wk inc flu hosp,2026-02-28,quantile,0.2,31
2026-02-28,33,0,wk inc flu hosp,2026-02-28,quantile,0.25,33
2026-02-28,33,0,wk inc flu hosp,2026-02-28,quantile,0.3,35
2026-02-28,33,0,wk inc flu hosp,2026-02-28,quantile,0.35,37
2026-02-28,33,0,wk inc flu hosp,2026-02-28,quantile,0.4,41
2026-02-28,33,0,wk inc flu hosp,2026-02-28,quantile,0.45,44
2026-02-28,33,0,wk inc flu hosp,2026-02-28,quantile,0.5,47
2026-02-28,33,0,wk inc flu hosp,2026-02-28,quantile,0.55,49
2026-02-28,33,0,wk inc flu hosp,2026-02-28,quantile,0.6,50
2026-02-28,33,0,wk inc flu hosp,2026-02-28,quantile,0.65,52
2026-02-28,33,0,wk inc flu hosp,2026-02-28,quantile,0.7,56
2026-02-28,33,0,wk inc flu hosp,2026-02-28,quantile,0.75,57
2026-02-28,33,0,wk inc flu hosp,2026-02-28,quantile,0.8,60
2026-02-28,33,0,wk inc flu hosp,2026-02-28,quantile,0.85,66
2026-02-28,33,0,wk inc flu hosp,2026-02-28,quantile,0.9,71
2026-02-28,33,0,wk inc flu hosp,2026-02-28,quantile,0.95,80
2026-02-28,33,0,wk inc flu hosp,2026-02-28,quantile,0.975,90
2026-02-28,33,0,wk inc flu hosp,2026-02-28,quantile,0.99,98
2026-02-28,33,1,wk inc flu hosp,2026-03-07,quantile,0.01,8
2026-02-28,33,1,wk inc flu hosp,2026-03-07,quantile,0.025,10
2026-02-28,33,1,wk inc flu hosp,2026-03-07,quantile,0.05,14
2026-02-28,33,1,wk inc flu hosp,2026-03-07,quantile,0.1,17
2026-02-28,33,1,wk inc flu hosp,2026-03-07,quantile,0.15,20
2026-02-28,33,1,wk inc flu hosp,2026-03-07,quantile,0.2,23
2026-02-28,33,1,wk inc flu hosp,2026-03-07,quantile,0.25,25
2026-02-28,33,1,wk inc flu hosp,2026-03-07,quantile,0.3,28
2026-02-28,33,1,wk inc flu hosp,2026-03-07,quantile,0.35,31
2026-02-28,33,1,wk inc flu hosp,2026-03-07,quantile,0.4,33
2026-02-28,33,1,wk inc flu hosp,2026-03-07,quantile,0.45,36
2026-02-28,33,1,wk inc flu hosp,2026-03-07,quantile,0.5,40
2026-02-28,33,1,wk inc flu hosp,2026-03-07,quantile,0.55,43
2026-02-28,33,1,wk inc flu hosp,2026-03-07,quantile,0.6,45
2026-02-28,33,1,wk inc flu hosp,2026-03-07,quantile,0.65,48
2026-02-28,33,1,wk inc flu hosp,2026-03-07,quantile,0.7,51
2026-02-28,33,1,wk inc flu hosp,2026-03-07,quantile,0.75,54
2026-02-28,33,1,wk inc flu hosp,2026-03-07,quantile,0.8,58
2026-02-28,33,1,wk inc flu hosp,2026-03-07,quantile,0.85,63
2026-02-28,33,1,wk inc flu hosp,2026-03-07,quantile,0.9,69
2026-02-28,33,1,wk inc flu hosp,2026-03-07,quantile,0.95,79
2026-02-28,33,1,wk inc flu hosp,2026-03-07,quantile,0.975,90
2026-02-28,33,1,wk inc flu hosp,2026-03-07,quantile,0.99,103
2026-02-28,33,2,wk inc flu hosp,2026-03-14,quantile,0.01,2
2026-02-28,33,2,wk inc flu hosp,2026-03-14,quantile,0.025,5
2026-02-28,33,2,wk inc flu hosp,2026-03-14,quantile,0.05,9
2026-02-28,33,2,wk inc flu hosp,2026-03-14,quantile,0.1,12
2026-02-28,33,2,wk inc flu hosp,2026-03-14,quantile,0.15,16
2026-02-28,33,2,wk inc flu hosp,2026-03-14,quantile,0.2,17
2026-02-28,33,2,wk inc flu hosp,2026-03-14,quantile,0.25,19
2026-02-28,33,2,wk inc flu hosp,2026-03-14,quantile,0.3,21
2026-02-28,33,2,wk inc flu hosp,2026-03-14,quantile,0.35,24
2026-02-28,33,2,wk inc flu hosp,2026-03-14,quantile,0.4,27
2026-02-28,33,2,wk inc flu hosp,2026-03-14,quantile,0.45,31
2026-02-28,33,2,wk inc flu hosp,2026-03-14,quantile,0.5,34
2026-02-28,33,2,wk inc flu hosp,2026-03-14,quantile,0.55,36
2026-02-28,33,2,wk inc flu hosp,2026-03-14,quantile,0.6,39
2026-02-28,33,2,wk inc flu hosp,2026-03-14,quantile,0.65,43
2026-02-28,33,2,wk inc flu hosp,2026-03-14,quantile,0.7,45
2026-02-28,33,2,wk inc flu hosp,2026-03-14,quantile,0.75,49
2026-02-28,33,2,wk inc flu hosp,2026-03-14,quantile,0.8,55
2026-02-28,33,2,wk inc flu hosp,2026-03-14,quantile,0.85,59
2026-02-28,33,2,wk inc flu hosp,2026-03-14,quantile,0.9,68
2026-02-28,33,2,wk inc flu hosp,2026-03-14,quantile,0.95,80
2026-02-28,33,2,wk inc flu hosp,2026-03-14,quantile,0.975,91
2026-02-28,33,2,wk inc flu hosp,2026-03-14,quantile,0.99,103
2026-02-28,33,3,wk inc flu hosp,2026-03-21,quantile,0.01,2
2026-02-28,33,3,wk inc flu hosp,2026-03-21,quantile,0.025,2
2026-02-28,33,3,wk inc flu hosp,2026-03-21,quantile,0.05,4
2026-02-28,33,3,wk inc flu hosp,2026-03-21,quantile,0.1,7
2026-02-28,33,3,wk inc flu hosp,2026-03-21,quantile,0.15,9
2026-02-28,33,3,wk inc flu hosp,2026-03-21,quantile,0.2,12
2026-02-28,33,3,wk inc flu hosp,2026-03-21,quantile,0.25,14
2026-02-28,33,3,wk inc flu hosp,2026-03-21,quantile,0.3,16
2026-02-28,33,3,wk inc flu hosp,2026-03-21,quantile,0.35,20
2026-02-28,33,3,wk inc flu hosp,2026-03-21,quantile,0.4,24
2026-02-28,33,3,wk inc flu hosp,2026-03-21,quantile,0.45,26
2026-02-28,33,3,wk inc flu hosp,2026-03-21,quantile,0.5,29
2026-02-28,33,3,wk inc flu hosp,2026-03-21,quantile,0.55,32
2026-02-28,33,3,wk inc flu hosp,2026-03-21,quantile,0.6,34
2026-02-28,33,3,wk inc flu hosp,2026-03-21,quantile,0.65,36
2026-02-28,33,3,wk inc flu hosp,2026-03-21,quantile,0.7,39
2026-02-28,33,3,wk inc flu hosp,2026-03-21,quantile,0.75,44
2026-02-28,33,3,wk inc flu hosp,2026-03-21,quantile,0.8,47
2026-02-28,33,3,wk inc flu hosp,2026-03-21,quantile,0.85,53
2026-02-28,33,3,wk inc flu hosp,2026-03-21,quantile,0.9,62
2026-02-28,33,3,wk inc flu hosp,2026-03-21,quantile,0.95,78
2026-02-28,33,3,wk inc flu hosp,2026-03-21,quantile,0.975,91
2026-02-28,33,3,wk inc flu hosp,2026-03-21,quantile,0.99,106
2026-02-28,34,0,wk inc flu hosp,2026-02-28,quantile,0.01,77
2026-02-28,34,0,wk inc flu hosp,2026-02-28,quantile,0.025,91
2026-02-28,34,0,wk inc flu hosp,2026-02-28,quantile,0.05,106
2026-02-28,34,0,wk inc flu hosp,2026-02-28,quantile,0.1,127
2026-02-28,34,0,wk inc flu hosp,2026-02-28,quantile,0.15,144
2026-02-28,34,0,wk inc flu hosp,2026-02-28,quantile,0.2,154
2026-02-28,34,0,wk inc flu hosp,2026-02-28,quantile,0.25,166
2026-02-28,34,0,wk inc flu hosp,2026-02-28,quantile,0.3,175
2026-02-28,34,0,wk inc flu hosp,2026-02-28,quantile,0.35,183
2026-02-28,34,0,wk inc flu hosp,2026-02-28,quantile,0.4,190
2026-02-28,34,0,wk inc flu hosp,2026-02-28,quantile,0.45,199
2026-02-28,34,0,wk inc flu hosp,2026-02-28,quantile,0.5,207
2026-02-28,34,0,wk inc flu hosp,2026-02-28,quantile,0.55,216
2026-02-28,34,0,wk inc flu hosp,2026-02-28,quantile,0.6,228
2026-02-28,34,0,wk inc flu hosp,2026-02-28,quantile,0.65,237
2026-02-28,34,0,wk inc flu hosp,2026-02-28,quantile,0.7,245
2026-02-28,34,0,wk inc flu hosp,2026-02-28,quantile,0.75,251
2026-02-28,34,0,wk inc flu hosp,2026-02-28,quantile,0.8,269
2026-02-28,34,0,wk inc flu hosp,2026-02-28,quantile,0.85,295
2026-02-28,34,0,wk inc flu hosp,2026-02-28,quantile,0.9,310
2026-02-28,34,0,wk inc flu hosp,2026-02-28,quantile,0.95,352
2026-02-28,34,0,wk inc flu hosp,2026-02-28,quantile,0.975,379
2026-02-28,34,0,wk inc flu hosp,2026-02-28,quantile,0.99,429
2026-02-28,34,1,wk inc flu hosp,2026-03-07,quantile,0.01,42
2026-02-28,34,1,wk inc flu hosp,2026-03-07,quantile,0.025,56
2026-02-28,34,1,wk inc flu hosp,2026-03-07,quantile,0.05,66
2026-02-28,34,1,wk inc flu hosp,2026-03-07,quantile,0.1,88
2026-02-28,34,1,wk inc flu hosp,2026-03-07,quantile,0.15,105
2026-02-28,34,1,wk inc flu hosp,2026-03-07,quantile,0.2,120
2026-02-28,34,1,wk inc flu hosp,2026-03-07,quantile,0.25,137
2026-02-28,34,1,wk inc flu hosp,2026-03-07,quantile,0.3,147
2026-02-28,34,1,wk inc flu hosp,2026-03-07,quantile,0.35,159
2026-02-28,34,1,wk inc flu hosp,2026-03-07,quantile,0.4,168
2026-02-28,34,1,wk inc flu hosp,2026-03-07,quantile,0.45,179
2026-02-28,34,1,wk inc flu hosp,2026-03-07,quantile,0.5,192
2026-02-28,34,1,wk inc flu hosp,2026-03-07,quantile,0.55,206
2026-02-28,34,1,wk inc flu hosp,2026-03-07,quantile,0.6,215
2026-02-28,34,1,wk inc flu hosp,2026-03-07,quantile,0.65,231
2026-02-28,34,1,wk inc flu hosp,2026-03-07,quantile,0.7,242
2026-02-28,34,1,wk inc flu hosp,2026-03-07,quantile,0.75,255
2026-02-28,34,1,wk inc flu hosp,2026-03-07,quantile,0.8,282
2026-02-28,34,1,wk inc flu hosp,2026-03-07,quantile,0.85,314
2026-02-28,34,1,wk inc flu hosp,2026-03-07,quantile,0.9,358
2026-02-28,34,1,wk inc flu hosp,2026-03-07,quantile,0.95,387
2026-02-28,34,1,wk inc flu hosp,2026-03-07,quantile,0.975,436
2026-02-28,34,1,wk inc flu hosp,2026-03-07,quantile,0.99,478
2026-02-28,34,2,wk inc flu hosp,2026-03-14,quantile,0.01,30
2026-02-28,34,2,wk inc flu hosp,2026-03-14,quantile,0.025,36
2026-02-28,34,2,wk inc flu hosp,2026-03-14,quantile,0.05,45
2026-02-28,34,2,wk inc flu hosp,2026-03-14,quantile,0.1,66
2026-02-28,34,2,wk inc flu hosp,2026-03-14,quantile,0.15,83
2026-02-28,34,2,wk inc flu hosp,2026-03-14,quantile,0.2,98
2026-02-28,34,2,wk inc flu hosp,2026-03-14,quantile,0.25,113
2026-02-28,34,2,wk inc flu hosp,2026-03-14,quantile,0.3,128
2026-02-28,34,2,wk inc flu hosp,2026-03-14,quantile,0.35,139
2026-02-28,34,2,wk inc flu hosp,2026-03-14,quantile,0.4,150
2026-02-28,34,2,wk inc flu hosp,2026-03-14,quantile,0.45,162
2026-02-28,34,2,wk inc flu hosp,2026-03-14,quantile,0.5,171
2026-02-28,34,2,wk inc flu hosp,2026-03-14,quantile,0.55,185
2026-02-28,34,2,wk inc flu hosp,2026-03-14,quantile,0.6,199
2026-02-28,34,2,wk inc flu hosp,2026-03-14,quantile,0.65,216
2026-02-28,34,2,wk inc flu hosp,2026-03-14,quantile,0.7,235
2026-02-28,34,2,wk inc flu hosp,2026-03-14,quantile,0.75,258
2026-02-28,34,2,wk inc flu hosp,2026-03-14,quantile,0.8,279
2026-02-28,34,2,wk inc flu hosp,2026-03-14,quantile,0.85,304
2026-02-28,34,2,wk inc flu hosp,2026-03-14,quantile,0.9,341
2026-02-28,34,2,wk inc flu hosp,2026-03-14,quantile,0.95,414
2026-02-28,34,2,wk inc flu hosp,2026-03-14,quantile,0.975,453
2026-02-28,34,2,wk inc flu hosp,2026-03-14,quantile,0.99,504
2026-02-28,34,3,wk inc flu hosp,2026-03-21,quantile,0.01,18
2026-02-28,34,3,wk inc flu hosp,2026-03-21,quantile,0.025,23
2026-02-28,34,3,wk inc flu hosp,2026-03-21,quantile,0.05,26
2026-02-28,34,3,wk inc flu hosp,2026-03-21,quantile,0.1,44
2026-02-28,34,3,wk inc flu hosp,2026-03-21,quantile,0.15,61
2026-02-28,34,3,wk inc flu hosp,2026-03-21,quantile,0.2,81
2026-02-28,34,3,wk inc flu hosp,2026-03-21,quantile,0.25,92
2026-02-28,34,3,wk inc flu hosp,2026-03-21,quantile,0.3,111
2026-02-28,34,3,wk inc flu hosp,2026-03-21,quantile,0.35,119
2026-02-28,34,3,wk inc flu hosp,2026-03-21,quantile,0.4,129
2026-02-28,34,3,wk inc flu hosp,2026-03-21,quantile,0.45,143
2026-02-28,34,3,wk inc flu hosp,2026-03-21,quantile,0.5,156
2026-02-28,34,3,wk inc flu hosp,2026-03-21,quantile,0.55,169
2026-02-28,34,3,wk inc flu hosp,2026-03-21,quantile,0.6,183
2026-02-28,34,3,wk inc flu hosp,2026-03-21,quantile,0.65,200
2026-02-28,34,3,wk inc flu hosp,2026-03-21,quantile,0.7,223
2026-02-28,34,3,wk inc flu hosp,2026-03-21,quantile,0.75,246
2026-02-28,34,3,wk inc flu hosp,2026-03-21,quantile,0.8,263
2026-02-28,34,3,wk inc flu hosp,2026-03-21,quantile,0.85,288
2026-02-28,34,3,wk inc flu hosp,2026-03-21,quantile,0.9,338
2026-02-28,34,3,wk inc flu hosp,2026-03-21,quantile,0.95,437
2026-02-28,34,3,wk inc flu hosp,2026-03-21,quantile,0.975,490
2026-02-28,34,3,wk inc flu hosp,2026-03-21,quantile,0.99,545
2026-02-28,35,0,wk inc flu hosp,2026-02-28,quantile,0.01,28
2026-02-28,35,0,wk inc flu hosp,2026-02-28,quantile,0.025,32
2026-02-28,35,0,wk inc flu hosp,2026-02-28,quantile,0.05,37
2026-02-28,35,0,wk inc flu hosp,2026-02-28,quantile,0.1,45
2026-02-28,35,0,wk inc flu hosp,2026-02-28,quantile,0.15,49
2026-02-28,35,0,wk inc flu hosp,2026-02-28,quantile,0.2,53
2026-02-28,35,0,wk inc flu hosp,2026-02-28,quantile,0.25,56
2026-02-28,35,0,wk inc flu hosp,2026-02-28,quantile,0.3,60
2026-02-28,35,0,wk inc flu hosp,2026-02-28,quantile,0.35,62
2026-02-28,35,0,wk inc flu hosp,2026-02-28,quantile,0.4,65
2026-02-28,35,0,wk inc flu hosp,2026-02-28,quantile,0.45,69
2026-02-28,35,0,wk inc flu hosp,2026-02-28,quantile,0.5,73
2026-02-28,35,0,wk inc flu hosp,2026-02-28,quantile,0.55,77
2026-02-28,35,0,wk inc flu hosp,2026-02-28,quantile,0.6,81
2026-02-28,35,0,wk inc flu hosp,2026-02-28,quantile,0.65,86
2026-02-28,35,0,wk inc flu hosp,2026-02-28,quantile,0.7,90
2026-02-28,35,0,wk inc flu hosp,2026-02-28,quantile,0.75,93
2026-02-28,35,0,wk inc flu hosp,2026-02-28,quantile,0.8,98
2026-02-28,35,0,wk inc flu hosp,2026-02-28,quantile,0.85,105
2026-02-28,35,0,wk inc flu hosp,2026-02-28,quantile,0.9,116
2026-02-28,35,0,wk inc flu hosp,2026-02-28,quantile,0.95,135
2026-02-28,35,0,wk inc flu hosp,2026-02-28,quantile,0.975,145
2026-02-28,35,0,wk inc flu hosp,2026-02-28,quantile,0.99,160
2026-02-28,35,1,wk inc flu hosp,2026-03-07,quantile,0.01,15
2026-02-28,35,1,wk inc flu hosp,2026-03-07,quantile,0.025,23
2026-02-28,35,1,wk inc flu hosp,2026-03-07,quantile,0.05,28
2026-02-28,35,1,wk inc flu hosp,2026-03-07,quantile,0.1,35
2026-02-28,35,1,wk inc flu hosp,2026-03-07,quantile,0.15,40
2026-02-28,35,1,wk inc flu hosp,2026-03-07,quantile,0.2,44
2026-02-28,35,1,wk inc flu hosp,2026-03-07,quantile,0.25,48
2026-02-28,35,1,wk inc flu hosp,2026-03-07,quantile,0.3,51
2026-02-28,35,1,wk inc flu hosp,2026-03-07,quantile,0.35,56
2026-02-28,35,1,wk inc flu hosp,2026-03-07,quantile,0.4,60
2026-02-28,35,1,wk inc flu hosp,2026-03-07,quantile,0.45,63
2026-02-28,35,1,wk inc flu hosp,2026-03-07,quantile,0.5,68
2026-02-28,35,1,wk inc flu hosp,2026-03-07,quantile,0.55,73
2026-02-28,35,1,wk inc flu hosp,2026-03-07,quantile,0.6,78
2026-02-28,35,1,wk inc flu hosp,2026-03-07,quantile,0.65,83
2026-02-28,35,1,wk inc flu hosp,2026-03-07,quantile,0.7,89
2026-02-28,35,1,wk inc flu hosp,2026-03-07,quantile,0.75,95
2026-02-28,35,1,wk inc flu hosp,2026-03-07,quantile,0.8,100
2026-02-28,35,1,wk inc flu hosp,2026-03-07,quantile,0.85,109
2026-02-28,35,1,wk inc flu hosp,2026-03-07,quantile,0.9,120
2026-02-28,35,1,wk inc flu hosp,2026-03-07,quantile,0.95,134
2026-02-28,35,1,wk inc flu hosp,2026-03-07,quantile,0.975,154
2026-02-28,35,1,wk inc flu hosp,2026-03-07,quantile,0.99,175
2026-02-28,35,2,wk inc flu hosp,2026-03-14,quantile,0.01,9
2026-02-28,35,2,wk inc flu hosp,2026-03-14,quantile,0.025,15
2026-02-28,35,2,wk inc flu hosp,2026-03-14,quantile,0.05,20
2026-02-28,35,2,wk inc flu hosp,2026-03-14,quantile,0.1,27
2026-02-28,35,2,wk inc flu hosp,2026-03-14,quantile,0.15,32
2026-02-28,35,2,wk inc flu hosp,2026-03-14,quantile,0.2,35
2026-02-28,35,2,wk inc flu hosp,2026-03-14,quantile,0.25,39
2026-02-28,35,2,wk inc flu hosp,2026-03-14,quantile,0.3,44
2026-02-28,35,2,wk inc flu hosp,2026-03-14,quantile,0.35,48
2026-02-28,35,2,wk inc flu hosp,2026-03-14,quantile,0.4,53
2026-02-28,35,2,wk inc flu hosp,2026-03-14,quantile,0.45,58
2026-02-28,35,2,wk inc flu hosp,2026-03-14,quantile,0.5,60
2026-02-28,35,2,wk inc flu hosp,2026-03-14,quantile,0.55,68
2026-02-28,35,2,wk inc flu hosp,2026-03-14,quantile,0.6,73
2026-02-28,35,2,wk inc flu hosp,2026-03-14,quantile,0.65,77
2026-02-28,35,2,wk inc flu hosp,2026-03-14,quantile,0.7,82
2026-02-28,35,2,wk inc flu hosp,2026-03-14,quantile,0.75,91
2026-02-28,35,2,wk inc flu hosp,2026-03-14,quantile,0.8,98
2026-02-28,35,2,wk inc flu hosp,2026-03-14,quantile,0.85,108
2026-02-28,35,2,wk inc flu hosp,2026-03-14,quantile,0.9,120
2026-02-28,35,2,wk inc flu hosp,2026-03-14,quantile,0.95,133
2026-02-28,35,2,wk inc flu hosp,2026-03-14,quantile,0.975,155
2026-02-28,35,2,wk inc flu hosp,2026-03-14,quantile,0.99,180
2026-02-28,35,3,wk inc flu hosp,2026-03-21,quantile,0.01,6
2026-02-28,35,3,wk inc flu hosp,2026-03-21,quantile,0.025,10
2026-02-28,35,3,wk inc flu hosp,2026-03-21,quantile,0.05,13
2026-02-28,35,3,wk inc flu hosp,2026-03-21,quantile,0.1,18
2026-02-28,35,3,wk inc flu hosp,2026-03-21,quantile,0.15,25
2026-02-28,35,3,wk inc flu hosp,2026-03-21,quantile,0.2,28
2026-02-28,35,3,wk inc flu hosp,2026-03-21,quantile,0.25,31
2026-02-28,35,3,wk inc flu hosp,2026-03-21,quantile,0.3,37
2026-02-28,35,3,wk inc flu hosp,2026-03-21,quantile,0.35,40
2026-02-28,35,3,wk inc flu hosp,2026-03-21,quantile,0.4,44
2026-02-28,35,3,wk inc flu hosp,2026-03-21,quantile,0.45,49
2026-02-28,35,3,wk inc flu hosp,2026-03-21,quantile,0.5,53
2026-02-28,35,3,wk inc flu hosp,2026-03-21,quantile,0.55,59
2026-02-28,35,3,wk inc flu hosp,2026-03-21,quantile,0.6,63
2026-02-28,35,3,wk inc flu hosp,2026-03-21,quantile,0.65,70
2026-02-28,35,3,wk inc flu hosp,2026-03-21,quantile,0.7,76
2026-02-28,35,3,wk inc flu hosp,2026-03-21,quantile,0.75,83
2026-02-28,35,3,wk inc flu hosp,2026-03-21,quantile,0.8,90
2026-02-28,35,3,wk inc flu hosp,2026-03-21,quantile,0.85,102
2026-02-28,35,3,wk inc flu hosp,2026-03-21,quantile,0.9,107
2026-02-28,35,3,wk inc flu hosp,2026-03-21,quantile,0.95,132
2026-02-28,35,3,wk inc flu hosp,2026-03-21,quantile,0.975,157
2026-02-28,35,3,wk inc flu hosp,2026-03-21,quantile,0.99,192
2026-02-28,36,0,wk inc flu hosp,2026-02-28,quantile,0.01,93
2026-02-28,36,0,wk inc flu hosp,2026-02-28,quantile,0.025,113
2026-02-28,36,0,wk inc flu hosp,2026-02-28,quantile,0.05,133
2026-02-28,36,0,wk inc flu hosp,2026-02-28,quantile,0.1,153
2026-02-28,36,0,wk inc flu hosp,2026-02-28,quantile,0.15,171
2026-02-28,36,0,wk inc flu hosp,2026-02-28,quantile,0.2,186
2026-02-28,36,0,wk inc flu hosp,2026-02-28,quantile,0.25,200
2026-02-28,36,0,wk inc flu hosp,2026-02-28,quantile,0.3,211
2026-02-28,36,0,wk inc flu hosp,2026-02-28,quantile,0.35,225
2026-02-28,36,0,wk inc flu hosp,2026-02-28,quantile,0.4,240
2026-02-28,36,0,wk inc flu hosp,2026-02-28,quantile,0.45,253
2026-02-28,36,0,wk inc flu hosp,2026-02-28,quantile,0.5,268
2026-02-28,36,0,wk inc flu hosp,2026-02-28,quantile,0.55,279
2026-02-28,36,0,wk inc flu hosp,2026-02-28,quantile,0.6,288
2026-02-28,36,0,wk inc flu hosp,2026-02-28,quantile,0.65,301
2026-02-28,36,0,wk inc flu hosp,2026-02-28,quantile,0.7,310
2026-02-28,36,0,wk inc flu hosp,2026-02-28,quantile,0.75,323
2026-02-28,36,0,wk inc flu hosp,2026-02-28,quantile,0.8,339
2026-02-28,36,0,wk inc flu hosp,2026-02-28,quantile,0.85,368
2026-02-28,36,0,wk inc flu hosp,2026-02-28,quantile,0.9,408
2026-02-28,36,0,wk inc flu hosp,2026-02-28,quantile,0.95,462
2026-02-28,36,0,wk inc flu hosp,2026-02-28,quantile,0.975,504
2026-02-28,36,0,wk inc flu hosp,2026-02-28,quantile,0.99,570
2026-02-28,36,1,wk inc flu hosp,2026-03-07,quantile,0.01,51
2026-02-28,36,1,wk inc flu hosp,2026-03-07,quantile,0.025,66
2026-02-28,36,1,wk inc flu hosp,2026-03-07,quantile,0.05,77
2026-02-28,36,1,wk inc flu hosp,2026-03-07,quantile,0.1,99
2026-02-28,36,1,wk inc flu hosp,2026-03-07,quantile,0.15,119
2026-02-28,36,1,wk inc flu hosp,2026-03-07,quantile,0.2,137
2026-02-28,36,1,wk inc flu hosp,2026-03-07,quantile,0.25,163
2026-02-28,36,1,wk inc flu hosp,2026-03-07,quantile,0.3,176
2026-02-28,36,1,wk inc flu hosp,2026-03-07,quantile,0.35,191
2026-02-28,36,1,wk inc flu hosp,2026-03-07,quantile,0.4,210
2026-02-28,36,1,wk inc flu hosp,2026-03-07,quantile,0.45,235
2026-02-28,36,1,wk inc flu hosp,2026-03-07,quantile,0.5,254
2026-02-28,36,1,wk inc flu hosp,2026-03-07,quantile,0.55,266
2026-02-28,36,1,wk inc flu hosp,2026-03-07,quantile,0.6,281
2026-02-28,36,1,wk inc flu hosp,2026-03-07,quantile,0.65,295
2026-02-28,36,1,wk inc flu hosp,2026-03-07,quantile,0.7,314
2026-02-28,36,1,wk inc flu hosp,2026-03-07,quantile,0.75,332
2026-02-28,36,1,wk inc flu hosp,2026-03-07,quantile,0.8,361
2026-02-28,36,1,wk inc flu hosp,2026-03-07,quantile,0.85,398
2026-02-28,36,1,wk inc flu hosp,2026-03-07,quantile,0.9,441
2026-02-28,36,1,wk inc flu hosp,2026-03-07,quantile,0.95,509
2026-02-28,36,1,wk inc flu hosp,2026-03-07,quantile,0.975,579
2026-02-28,36,1,wk inc flu hosp,2026-03-07,quantile,0.99,667
2026-02-28,36,2,wk inc flu hosp,2026-03-14,quantile,0.01,28
2026-02-28,36,2,wk inc flu hosp,2026-03-14,quantile,0.025,42
2026-02-28,36,2,wk inc flu hosp,2026-03-14,quantile,0.05,46
2026-02-28,36,2,wk inc flu hosp,2026-03-14,quantile,0.1,67
2026-02-28,36,2,wk inc flu hosp,2026-03-14,quantile,0.15,84
2026-02-28,36,2,wk inc flu hosp,2026-03-14,quantile,0.2,105
2026-02-28,36,2,wk inc flu hosp,2026-03-14,quantile,0.25,125
2026-02-28,36,2,wk inc flu hosp,2026-03-14,quantile,0.3,152
2026-02-28,36,2,wk inc flu hosp,2026-03-14,quantile,0.35,164
2026-02-28,36,2,wk inc flu hosp,2026-03-14,quantile,0.4,182
2026-02-28,36,2,wk inc flu hosp,2026-03-14,quantile,0.45,214
2026-02-28,36,2,wk inc flu hosp,2026-03-14,quantile,0.5,230
2026-02-28,36,2,wk inc flu hosp,2026-03-14,quantile,0.55,255
2026-02-28,36,2,wk inc flu hosp,2026-03-14,quantile,0.6,268
2026-02-28,36,2,wk inc flu hosp,2026-03-14,quantile,0.65,291
2026-02-28,36,2,wk inc flu hosp,2026-03-14,quantile,0.7,310
2026-02-28,36,2,wk inc flu hosp,2026-03-14,quantile,0.75,342
2026-02-28,36,2,wk inc flu hosp,2026-03-14,quantile,0.8,379
2026-02-28,36,2,wk inc flu hosp,2026-03-14,quantile,0.85,419
2026-02-28,36,2,wk inc flu hosp,2026-03-14,quantile,0.9,462
2026-02-28,36,2,wk inc flu hosp,2026-03-14,quantile,0.95,553
2026-02-28,36,2,wk inc flu hosp,2026-03-14,quantile,0.975,669
2026-02-28,36,2,wk inc flu hosp,2026-03-14,quantile,0.99,771
2026-02-28,36,3,wk inc flu hosp,2026-03-21,quantile,0.01,16
2026-02-28,36,3,wk inc flu hosp,2026-03-21,quantile,0.025,30
2026-02-28,36,3,wk inc flu hosp,2026-03-21,quantile,0.05,34
2026-02-28,36,3,wk inc flu hosp,2026-03-21,quantile,0.1,48
2026-02-28,36,3,wk inc flu hosp,2026-03-21,quantile,0.15,54
2026-02-28,36,3,wk inc flu hosp,2026-03-21,quantile,0.2,84
2026-02-28,36,3,wk inc flu hosp,2026-03-21,quantile,0.25,95
2026-02-28,36,3,wk inc flu hosp,2026-03-21,quantile,0.3,115
2026-02-28,36,3,wk inc flu hosp,2026-03-21,quantile,0.35,149
2026-02-28,36,3,wk inc flu hosp,2026-03-21,quantile,0.4,170
2026-02-28,36,3,wk inc flu hosp,2026-03-21,quantile,0.45,189
2026-02-28,36,3,wk inc flu hosp,2026-03-21,quantile,0.5,206
2026-02-28,36,3,wk inc flu hosp,2026-03-21,quantile,0.55,224
2026-02-28,36,3,wk inc flu hosp,2026-03-21,quantile,0.6,240
2026-02-28,36,3,wk inc flu hosp,2026-03-21,quantile,0.65,269
2026-02-28,36,3,wk inc flu hosp,2026-03-21,quantile,0.7,296
2026-02-28,36,3,wk inc flu hosp,2026-03-21,quantile,0.75,329
2026-02-28,36,3,wk inc flu hosp,2026-03-21,quantile,0.8,365
2026-02-28,36,3,wk inc flu hosp,2026-03-21,quantile,0.85,406
2026-02-28,36,3,wk inc flu hosp,2026-03-21,quantile,0.9,464
2026-02-28,36,3,wk inc flu hosp,2026-03-21,quantile,0.95,569
2026-02-28,36,3,wk inc flu hosp,2026-03-21,quantile,0.975,689
2026-02-28,36,3,wk inc flu hosp,2026-03-21,quantile,0.99,839
2026-02-28,37,0,wk inc flu hosp,2026-02-28,quantile,0.01,109
2026-02-28,37,0,wk inc flu hosp,2026-02-28,quantile,0.025,126
2026-02-28,37,0,wk inc flu hosp,2026-02-28,quantile,0.05,142
2026-02-28,37,0,wk inc flu hosp,2026-02-28,quantile,0.1,165
2026-02-28,37,0,wk inc flu hosp,2026-02-28,quantile,0.15,179
2026-02-28,37,0,wk inc flu hosp,2026-02-28,quantile,0.2,191
2026-02-28,37,0,wk inc flu hosp,2026-02-28,quantile,0.25,204
2026-02-28,37,0,wk inc flu hosp,2026-02-28,quantile,0.3,217
2026-02-28,37,0,wk inc flu hosp,2026-02-28,quantile,0.35,229
2026-02-28,37,0,wk inc flu hosp,2026-02-28,quantile,0.4,232
2026-02-28,37,0,wk inc flu hosp,2026-02-28,quantile,0.45,243
2026-02-28,37,0,wk inc flu hosp,2026-02-28,quantile,0.5,258
2026-02-28,37,0,wk inc flu hosp,2026-02-28,quantile,0.55,277
2026-02-28,37,0,wk inc flu hosp,2026-02-28,quantile,0.6,291
2026-02-28,37,0,wk inc flu hosp,2026-02-28,quantile,0.65,298
2026-02-28,37,0,wk inc flu hosp,2026-02-28,quantile,0.7,300
2026-02-28,37,0,wk inc flu hosp,2026-02-28,quantile,0.75,306
2026-02-28,37,0,wk inc flu hosp,2026-02-28,quantile,0.8,320
2026-02-28,37,0,wk inc flu hosp,2026-02-28,quantile,0.85,337
2026-02-28,37,0,wk inc flu hosp,2026-02-28,quantile,0.9,360
2026-02-28,37,0,wk inc flu hosp,2026-02-28,quantile,0.95,396
2026-02-28,37,0,wk inc flu hosp,2026-02-28,quantile,0.975,466
2026-02-28,37,0,wk inc flu hosp,2026-02-28,quantile,0.99,499
2026-02-28,37,1,wk inc flu hosp,2026-03-07,quantile,0.01,65
2026-02-28,37,1,wk inc flu hosp,2026-03-07,quantile,0.025,88
2026-02-28,37,1,wk inc flu hosp,2026-03-07,quantile,0.05,99
2026-02-28,37,1,wk inc flu hosp,2026-03-07,quantile,0.1,115
2026-02-28,37,1,wk inc flu hosp,2026-03-07,quantile,0.15,127
2026-02-28,37,1,wk inc flu hosp,2026-03-07,quantile,0.2,145
2026-02-28,37,1,wk inc flu hosp,2026-03-07,quantile,0.25,160
2026-02-28,37,1,wk inc flu hosp,2026-03-07,quantile,0.3,174
2026-02-28,37,1,wk inc flu hosp,2026-03-07,quantile,0.35,189
2026-02-28,37,1,wk inc flu hosp,2026-03-07,quantile,0.4,202
2026-02-28,37,1,wk inc flu hosp,2026-03-07,quantile,0.45,216
2026-02-28,37,1,wk inc flu hosp,2026-03-07,quantile,0.5,230
2026-02-28,37,1,wk inc flu hosp,2026-03-07,quantile,0.55,243
2026-02-28,37,1,wk inc flu hosp,2026-03-07,quantile,0.6,268
2026-02-28,37,1,wk inc flu hosp,2026-03-07,quantile,0.65,279
2026-02-28,37,1,wk inc flu hosp,2026-03-07,quantile,0.7,291
2026-02-28,37,1,wk inc flu hosp,2026-03-07,quantile,0.75,304
2026-02-28,37,1,wk inc flu hosp,2026-03-07,quantile,0.8,320
2026-02-28,37,1,wk inc flu hosp,2026-03-07,quantile,0.85,344
2026-02-28,37,1,wk inc flu hosp,2026-03-07,quantile,0.9,385
2026-02-28,37,1,wk inc flu hosp,2026-03-07,quantile,0.95,452
2026-02-28,37,1,wk inc flu hosp,2026-03-07,quantile,0.975,499
2026-02-28,37,1,wk inc flu hosp,2026-03-07,quantile,0.99,550
2026-02-28,37,2,wk inc flu hosp,2026-03-14,quantile,0.01,29
2026-02-28,37,2,wk inc flu hosp,2026-03-14,quantile,0.025,33
2026-02-28,37,2,wk inc flu hosp,2026-03-14,quantile,0.05,50
2026-02-28,37,2,wk inc flu hosp,2026-03-14,quantile,0.1,75
2026-02-28,37,2,wk inc flu hosp,2026-03-14,quantile,0.15,91
2026-02-28,37,2,wk inc flu hosp,2026-03-14,quantile,0.2,112
2026-02-28,37,2,wk inc flu hosp,2026-03-14,quantile,0.25,121
2026-02-28,37,2,wk inc flu hosp,2026-03-14,quantile,0.3,141
2026-02-28,37,2,wk inc flu hosp,2026-03-14,quantile,0.35,162
2026-02-28,37,2,wk inc flu hosp,2026-03-14,quantile,0.4,171
2026-02-28,37,2,wk inc flu hosp,2026-03-14,quantile,0.45,182
2026-02-28,37,2,wk inc flu hosp,2026-03-14,quantile,0.5,192
2026-02-28,37,2,wk inc flu hosp,2026-03-14,quantile,0.55,209
2026-02-28,37,2,wk inc flu hosp,2026-03-14,quantile,0.6,235
2026-02-28,37,2,wk inc flu hosp,2026-03-14,quantile,0.65,260
2026-02-28,37,2,wk inc flu hosp,2026-03-14,quantile,0.7,275
2026-02-28,37,2,wk inc flu hosp,2026-03-14,quantile,0.75,299
2026-02-28,37,2,wk inc flu hosp,2026-03-14,quantile,0.8,313
2026-02-28,37,2,wk inc flu hosp,2026-03-14,quantile,0.85,339
2026-02-28,37,2,wk inc flu hosp,2026-03-14,quantile,0.9,387
2026-02-28,37,2,wk inc flu hosp,2026-03-14,quantile,0.95,475
2026-02-28,37,2,wk inc flu hosp,2026-03-14,quantile,0.975,532
2026-02-28,37,2,wk inc flu hosp,2026-03-14,quantile,0.99,585
2026-02-28,37,3,wk inc flu hosp,2026-03-21,quantile,0.01,15
2026-02-28,37,3,wk inc flu hosp,2026-03-21,quantile,0.025,23
2026-02-28,37,3,wk inc flu hosp,2026-03-21,quantile,0.05,33
2026-02-28,37,3,wk inc flu hosp,2026-03-21,quantile,0.1,52
2026-02-28,37,3,wk inc flu hosp,2026-03-21,quantile,0.15,64
2026-02-28,37,3,wk inc flu hosp,2026-03-21,quantile,0.2,82
2026-02-28,37,3,wk inc flu hosp,2026-03-21,quantile,0.25,98
2026-02-28,37,3,wk inc flu hosp,2026-03-21,quantile,0.3,111
2026-02-28,37,3,wk inc flu hosp,2026-03-21,quantile,0.35,131
2026-02-28,37,3,wk inc flu hosp,2026-03-21,quantile,0.4,143
2026-02-28,37,3,wk inc flu hosp,2026-03-21,quantile,0.45,151
2026-02-28,37,3,wk inc flu hosp,2026-03-21,quantile,0.5,169
2026-02-28,37,3,wk inc flu hosp,2026-03-21,quantile,0.55,188
2026-02-28,37,3,wk inc flu hosp,2026-03-21,quantile,0.6,213
2026-02-28,37,3,wk inc flu hosp,2026-03-21,quantile,0.65,233
2026-02-28,37,3,wk inc flu hosp,2026-03-21,quantile,0.7,260
2026-02-28,37,3,wk inc flu hosp,2026-03-21,quantile,0.75,275
2026-02-28,37,3,wk inc flu hosp,2026-03-21,quantile,0.8,288
2026-02-28,37,3,wk inc flu hosp,2026-03-21,quantile,0.85,316
2026-02-28,37,3,wk inc flu hosp,2026-03-21,quantile,0.9,358
2026-02-28,37,3,wk inc flu hosp,2026-03-21,quantile,0.95,428
2026-02-28,37,3,wk inc flu hosp,2026-03-21,quantile,0.975,493
2026-02-28,37,3,wk inc flu hosp,2026-03-21,quantile,0.99,611
2026-02-28,38,0,wk inc flu hosp,2026-02-28,quantile,0.01,3
2026-02-28,38,0,wk inc flu hosp,2026-02-28,quantile,0.025,4
2026-02-28,38,0,wk inc flu hosp,2026-02-28,quantile,0.05,6
2026-02-28,38,0,wk inc flu hosp,2026-02-28,quantile,0.1,8
2026-02-28,38,0,wk inc flu hosp,2026-02-28,quantile,0.15,9
2026-02-28,38,0,wk inc flu hosp,2026-02-28,quantile,0.2,10
2026-02-28,38,0,wk inc flu hosp,2026-02-28,quantile,0.25,11
2026-02-28,38,0,wk inc flu hosp,2026-02-28,quantile,0.3,12
2026-02-28,38,0,wk inc flu hosp,2026-02-28,quantile,0.35,13
2026-02-28,38,0,wk inc flu hosp,2026-02-28,quantile,0.4,14
2026-02-28,38,0,wk inc flu hosp,2026-02-28,quantile,0.45,16
2026-02-28,38,0,wk inc flu hosp,2026-02-28,quantile,0.5,18
2026-02-28,38,0,wk inc flu hosp,2026-02-28,quantile,0.55,18
2026-02-28,38,0,wk inc flu hosp,2026-02-28,quantile,0.6,19
2026-02-28,38,0,wk inc flu hosp,2026-02-28,quantile,0.65,20
2026-02-28,38,0,wk inc flu hosp,2026-02-28,quantile,0.7,22
2026-02-28,38,0,wk inc flu hosp,2026-02-28,quantile,0.75,23
2026-02-28,38,0,wk inc flu hosp,2026-02-28,quantile,0.8,25
2026-02-28,38,0,wk inc flu hosp,2026-02-28,quantile,0.85,27
2026-02-28,38,0,wk inc flu hosp,2026-02-28,quantile,0.9,31
2026-02-28,38,0,wk inc flu hosp,2026-02-28,quantile,0.95,36
2026-02-28,38,0,wk inc flu hosp,2026-02-28,quantile,0.975,40
2026-02-28,38,0,wk inc flu hosp,2026-02-28,quantile,0.99,45
2026-02-28,38,1,wk inc flu hosp,2026-03-07,quantile,0.01,2
2026-02-28,38,1,wk inc flu hosp,2026-03-07,quantile,0.025,3
2026-02-28,38,1,wk inc flu hosp,2026-03-07,quantile,0.05,4
2026-02-28,38,1,wk inc flu hosp,2026-03-07,quantile,0.1,5
2026-02-28,38,1,wk inc flu hosp,2026-03-07,quantile,0.15,6
2026-02-28,38,1,wk inc flu hosp,2026-03-07,quantile,0.2,7
2026-02-28,38,1,wk inc flu hosp,2026-03-07,quantile,0.25,8
2026-02-28,38,1,wk inc flu hosp,2026-03-07,quantile,0.3,9
2026-02-28,38,1,wk inc flu hosp,2026-03-07,quantile,0.35,10
2026-02-28,38,1,wk inc flu hosp,2026-03-07,quantile,0.4,12
2026-02-28,38,1,wk inc flu hosp,2026-03-07,quantile,0.45,13
2026-02-28,38,1,wk inc flu hosp,2026-03-07,quantile,0.5,14
2026-02-28,38,1,wk inc flu hosp,2026-03-07,quantile,0.55,15
2026-02-28,38,1,wk inc flu hosp,2026-03-07,quantile,0.6,16
2026-02-28,38,1,wk inc flu hosp,2026-03-07,quantile,0.65,18
2026-02-28,38,1,wk inc flu hosp,2026-03-07,quantile,0.7,19
2026-02-28,38,1,wk inc flu hosp,2026-03-07,quantile,0.75,22
2026-02-28,38,1,wk inc flu hosp,2026-03-07,quantile,0.8,26
2026-02-28,38,1,wk inc flu hosp,2026-03-07,quantile,0.85,28
2026-02-28,38,1,wk inc flu hosp,2026-03-07,quantile,0.9,31
2026-02-28,38,1,wk inc flu hosp,2026-03-07,quantile,0.95,37
2026-02-28,38,1,wk inc flu hosp,2026-03-07,quantile,0.975,43
2026-02-28,38,1,wk inc flu hosp,2026-03-07,quantile,0.99,48
2026-02-28,38,2,wk inc flu hosp,2026-03-14,quantile,0.01,1
2026-02-28,38,2,wk inc flu hosp,2026-03-14,quantile,0.025,2
2026-02-28,38,2,wk inc flu hosp,2026-03-14,quantile,0.05,2
2026-02-28,38,2,wk inc flu hosp,2026-03-14,quantile,0.1,3
2026-02-28,38,2,wk inc flu hosp,2026-03-14,quantile,0.15,4
2026-02-28,38,2,wk inc flu hosp,2026-03-14,quantile,0.2,5
2026-02-28,38,2,wk inc flu hosp,2026-03-14,quantile,0.25,6
2026-02-28,38,2,wk inc flu hosp,2026-03-14,quantile,0.3,7
2026-02-28,38,2,wk inc flu hosp,2026-03-14,quantile,0.35,7
2026-02-28,38,2,wk inc flu hosp,2026-03-14,quantile,0.4,8
2026-02-28,38,2,wk inc flu hosp,2026-03-14,quantile,0.45,10
2026-02-28,38,2,wk inc flu hosp,2026-03-14,quantile,0.5,12
2026-02-28,38,2,wk inc flu hosp,2026-03-14,quantile,0.55,14
2026-02-28,38,2,wk inc flu hosp,2026-03-14,quantile,0.6,16
2026-02-28,38,2,wk inc flu hosp,2026-03-14,quantile,0.65,18
2026-02-28,38,2,wk inc flu hosp,2026-03-14,quantile,0.7,20
2026-02-28,38,2,wk inc flu hosp,2026-03-14,quantile,0.75,22
2026-02-28,38,2,wk inc flu hosp,2026-03-14,quantile,0.8,25
2026-02-28,38,2,wk inc flu hosp,2026-03-14,quantile,0.85,27
2026-02-28,38,2,wk inc flu hosp,2026-03-14,quantile,0.9,32
2026-02-28,38,2,wk inc flu hosp,2026-03-14,quantile,0.95,37
2026-02-28,38,2,wk inc flu hosp,2026-03-14,quantile,0.975,41
2026-02-28,38,2,wk inc flu hosp,2026-03-14,quantile,0.99,47
2026-02-28,38,3,wk inc flu hosp,2026-03-21,quantile,0.01,0
2026-02-28,38,3,wk inc flu hosp,2026-03-21,quantile,0.025,1
2026-02-28,38,3,wk inc flu hosp,2026-03-21,quantile,0.05,1
2026-02-28,38,3,wk inc flu hosp,2026-03-21,quantile,0.1,2
2026-02-28,38,3,wk inc flu hosp,2026-03-21,quantile,0.15,3
2026-02-28,38,3,wk inc flu hosp,2026-03-21,quantile,0.2,3
2026-02-28,38,3,wk inc flu hosp,2026-03-21,quantile,0.25,4
2026-02-28,38,3,wk inc flu hosp,2026-03-21,quantile,0.3,5
2026-02-28,38,3,wk inc flu hosp,2026-03-21,quantile,0.35,6
2026-02-28,38,3,wk inc flu hosp,2026-03-21,quantile,0.4,7
2026-02-28,38,3,wk inc flu hosp,2026-03-21,quantile,0.45,7
2026-02-28,38,3,wk inc flu hosp,2026-03-21,quantile,0.5,10
2026-02-28,38,3,wk inc flu hosp,2026-03-21,quantile,0.55,11
2026-02-28,38,3,wk inc flu hosp,2026-03-21,quantile,0.6,13
2026-02-28,38,3,wk inc flu hosp,2026-03-21,quantile,0.65,14
2026-02-28,38,3,wk inc flu hosp,2026-03-21,quantile,0.7,17
2026-02-28,38,3,wk inc flu hosp,2026-03-21,quantile,0.75,19
2026-02-28,38,3,wk inc flu hosp,2026-03-21,quantile,0.8,21
2026-02-28,38,3,wk inc flu hosp,2026-03-21,quantile,0.85,25
2026-02-28,38,3,wk inc flu hosp,2026-03-21,quantile,0.9,29
2026-02-28,38,3,wk inc flu hosp,2026-03-21,quantile,0.95,37
2026-02-28,38,3,wk inc flu hosp,2026-03-21,quantile,0.975,42
2026-02-28,38,3,wk inc flu hosp,2026-03-21,quantile,0.99,48
2026-02-28,39,0,wk inc flu hosp,2026-02-28,quantile,0.01,291
2026-02-28,39,0,wk inc flu hosp,2026-02-28,quantile,0.025,323
2026-02-28,39,0,wk inc flu hosp,2026-02-28,quantile,0.05,357
2026-02-28,39,0,wk inc flu hosp,2026-02-28,quantile,0.1,397
2026-02-28,39,0,wk inc flu hosp,2026-02-28,quantile,0.15,431
2026-02-28,39,0,wk inc flu hosp,2026-02-28,quantile,0.2,460
2026-02-28,39,0,wk inc flu hosp,2026-02-28,quantile,0.25,480
2026-02-28,39,0,wk inc flu hosp,2026-02-28,quantile,0.3,505
2026-02-28,39,0,wk inc flu hosp,2026-02-28,quantile,0.35,524
2026-02-28,39,0,wk inc flu hosp,2026-02-28,quantile,0.4,546
2026-02-28,39,0,wk inc flu hosp,2026-02-28,quantile,0.45,565
2026-02-28,39,0,wk inc flu hosp,2026-02-28,quantile,0.5,584
2026-02-28,39,0,wk inc flu hosp,2026-02-28,quantile,0.55,603
2026-02-28,39,0,wk inc flu hosp,2026-02-28,quantile,0.6,630
2026-02-28,39,0,wk inc flu hosp,2026-02-28,quantile,0.65,654
2026-02-28,39,0,wk inc flu hosp,2026-02-28,quantile,0.7,670
2026-02-28,39,0,wk inc flu hosp,2026-02-28,quantile,0.75,697
2026-02-28,39,0,wk inc flu hosp,2026-02-28,quantile,0.8,727
2026-02-28,39,0,wk inc flu hosp,2026-02-28,quantile,0.85,777
2026-02-28,39,0,wk inc flu hosp,2026-02-28,quantile,0.9,830
2026-02-28,39,0,wk inc flu hosp,2026-02-28,quantile,0.95,922
2026-02-28,39,0,wk inc flu hosp,2026-02-28,quantile,0.975,974
2026-02-28,39,0,wk inc flu hosp,2026-02-28,quantile,0.99,1003
2026-02-28,39,1,wk inc flu hosp,2026-03-07,quantile,0.01,195
2026-02-28,39,1,wk inc flu hosp,2026-03-07,quantile,0.025,227
2026-02-28,39,1,wk inc flu hosp,2026-03-07,quantile,0.05,253
2026-02-28,39,1,wk inc flu hosp,2026-03-07,quantile,0.1,292
2026-02-28,39,1,wk inc flu hosp,2026-03-07,quantile,0.15,323
2026-02-28,39,1,wk inc flu hosp,2026-03-07,quantile,0.2,352
2026-02-28,39,1,wk inc flu hosp,2026-03-07,quantile,0.25,383
2026-02-28,39,1,wk inc flu hosp,2026-03-07,quantile,0.3,407
2026-02-28,39,1,wk inc flu hosp,2026-03-07,quantile,0.35,432
2026-02-28,39,1,wk inc flu hosp,2026-03-07,quantile,0.4,457
2026-02-28,39,1,wk inc flu hosp,2026-03-07,quantile,0.45,493
2026-02-28,39,1,wk inc flu hosp,2026-03-07,quantile,0.5,513
2026-02-28,39,1,wk inc flu hosp,2026-03-07,quantile,0.55,542
2026-02-28,39,1,wk inc flu hosp,2026-03-07,quantile,0.6,586
2026-02-28,39,1,wk inc flu hosp,2026-03-07,quantile,0.65,605
2026-02-28,39,1,wk inc flu hosp,2026-03-07,quantile,0.7,640
2026-02-28,39,1,wk inc flu hosp,2026-03-07,quantile,0.75,684
2026-02-28,39,1,wk inc flu hosp,2026-03-07,quantile,0.8,729
2026-02-28,39,1,wk inc flu hosp,2026-03-07,quantile,0.85,791
2026-02-28,39,1,wk inc flu hosp,2026-03-07,quantile,0.9,855
2026-02-28,39,1,wk inc flu hosp,2026-03-07,quantile,0.95,942
2026-02-28,39,1,wk inc flu hosp,2026-03-07,quantile,0.975,1051
2026-02-28,39,1,wk inc flu hosp,2026-03-07,quantile,0.99,1135
2026-02-28,39,2,wk inc flu hosp,2026-03-14,quantile,0.01,107
2026-02-28,39,2,wk inc flu hosp,2026-03-14,quantile,0.025,135
2026-02-28,39,2,wk inc flu hosp,2026-03-14,quantile,0.05,185
2026-02-28,39,2,wk inc flu hosp,2026-03-14,quantile,0.1,220
2026-02-28,39,2,wk inc flu hosp,2026-03-14,quantile,0.15,249
2026-02-28,39,2,wk inc flu hosp,2026-03-14,quantile,0.2,283
2026-02-28,39,2,wk inc flu hosp,2026-03-14,quantile,0.25,316
2026-02-28,39,2,wk inc flu hosp,2026-03-14,quantile,0.3,341
2026-02-28,39,2,wk inc flu hosp,2026-03-14,quantile,0.35,371
2026-02-28,39,2,wk inc flu hosp,2026-03-14,quantile,0.4,396
2026-02-28,39,2,wk inc flu hosp,2026-03-14,quantile,0.45,427
2026-02-28,39,2,wk inc flu hosp,2026-03-14,quantile,0.5,462
2026-02-28,39,2,wk inc flu hosp,2026-03-14,quantile,0.55,494
2026-02-28,39,2,wk inc flu hosp,2026-03-14,quantile,0.6,517
2026-02-28,39,2,wk inc flu hosp,2026-03-14,quantile,0.65,562
2026-02-28,39,2,wk inc flu hosp,2026-03-14,quantile,0.7,602
2026-02-28,39,2,wk inc flu hosp,2026-03-14,quantile,0.75,649
2026-02-28,39,2,wk inc flu hosp,2026-03-14,quantile,0.8,701
2026-02-28,39,2,wk inc flu hosp,2026-03-14,quantile,0.85,749
2026-02-28,39,2,wk inc flu hosp,2026-03-14,quantile,0.9,839
2026-02-28,39,2,wk inc flu hosp,2026-03-14,quantile,0.95,974
2026-02-28,39,2,wk inc flu hosp,2026-03-14,quantile,0.975,1068
2026-02-28,39,2,wk inc flu hosp,2026-03-14,quantile,0.99,1179
2026-02-28,39,3,wk inc flu hosp,2026-03-21,quantile,0.01,71
2026-02-28,39,3,wk inc flu hosp,2026-03-21,quantile,0.025,93
2026-02-28,39,3,wk inc flu hosp,2026-03-21,quantile,0.05,125
2026-02-28,39,3,wk inc flu hosp,2026-03-21,quantile,0.1,166
2026-02-28,39,3,wk inc flu hosp,2026-03-21,quantile,0.15,201
2026-02-28,39,3,wk inc flu hosp,2026-03-21,quantile,0.2,233
2026-02-28,39,3,wk inc flu hosp,2026-03-21,quantile,0.25,257
2026-02-28,39,3,wk inc flu hosp,2026-03-21,quantile,0.3,286
2026-02-28,39,3,wk inc flu hosp,2026-03-21,quantile,0.35,309
2026-02-28,39,3,wk inc flu hosp,2026-03-21,quantile,0.4,331
2026-02-28,39,3,wk inc flu hosp,2026-03-21,quantile,0.45,355
2026-02-28,39,3,wk inc flu hosp,2026-03-21,quantile,0.5,386
2026-02-28,39,3,wk inc flu hosp,2026-03-21,quantile,0.55,410
2026-02-28,39,3,wk inc flu hosp,2026-03-21,quantile,0.6,443
2026-02-28,39,3,wk inc flu hosp,2026-03-21,quantile,0.65,496
2026-02-28,39,3,wk inc flu hosp,2026-03-21,quantile,0.7,532
2026-02-28,39,3,wk inc flu hosp,2026-03-21,quantile,0.75,567
2026-02-28,39,3,wk inc flu hosp,2026-03-21,quantile,0.8,624
2026-02-28,39,3,wk inc flu hosp,2026-03-21,quantile,0.85,685
2026-02-28,39,3,wk inc flu hosp,2026-03-21,quantile,0.9,801
2026-02-28,39,3,wk inc flu hosp,2026-03-21,quantile,0.95,954
2026-02-28,39,3,wk inc flu hosp,2026-03-21,quantile,0.975,1061
2026-02-28,39,3,wk inc flu hosp,2026-03-21,quantile,0.99,1224
2026-02-28,40,0,wk inc flu hosp,2026-02-28,quantile,0.01,99
2026-02-28,40,0,wk inc flu hosp,2026-02-28,quantile,0.025,114
2026-02-28,40,0,wk inc flu hosp,2026-02-28,quantile,0.05,134
2026-02-28,40,0,wk inc flu hosp,2026-02-28,quantile,0.1,156
2026-02-28,40,0,wk inc flu hosp,2026-02-28,quantile,0.15,169
2026-02-28,40,0,wk inc flu hosp,2026-02-28,quantile,0.2,175
2026-02-28,40,0,wk inc flu hosp,2026-02-28,quantile,0.25,181
2026-02-28,40,0,wk inc flu hosp,2026-02-28,quantile,0.3,189
2026-02-28,40,0,wk inc flu hosp,2026-02-28,quantile,0.35,195
2026-02-28,40,0,wk inc flu hosp,2026-02-28,quantile,0.4,200
2026-02-28,40,0,wk inc flu hosp,2026-02-28,quantile,0.45,205
2026-02-28,40,0,wk inc flu hosp,2026-02-28,quantile,0.5,214
2026-02-28,40,0,wk inc flu hosp,2026-02-28,quantile,0.55,222
2026-02-28,40,0,wk inc flu hosp,2026-02-28,quantile,0.6,229
2026-02-28,40,0,wk inc flu hosp,2026-02-28,quantile,0.65,236
2026-02-28,40,0,wk inc flu hosp,2026-02-28,quantile,0.7,241
2026-02-28,40,0,wk inc flu hosp,2026-02-28,quantile,0.75,246
2026-02-28,40,0,wk inc flu hosp,2026-02-28,quantile,0.8,257
2026-02-28,40,0,wk inc flu hosp,2026-02-28,quantile,0.85,274
2026-02-28,40,0,wk inc flu hosp,2026-02-28,quantile,0.9,298
2026-02-28,40,0,wk inc flu hosp,2026-02-28,quantile,0.95,330
2026-02-28,40,0,wk inc flu hosp,2026-02-28,quantile,0.975,361
2026-02-28,40,0,wk inc flu hosp,2026-02-28,quantile,0.99,379
2026-02-28,40,1,wk inc flu hosp,2026-03-07,quantile,0.01,59
2026-02-28,40,1,wk inc flu hosp,2026-03-07,quantile,0.025,79
2026-02-28,40,1,wk inc flu hosp,2026-03-07,quantile,0.05,91
2026-02-28,40,1,wk inc flu hosp,2026-03-07,quantile,0.1,109
2026-02-28,40,1,wk inc flu hosp,2026-03-07,quantile,0.15,119
2026-02-28,40,1,wk inc flu hosp,2026-03-07,quantile,0.2,131
2026-02-28,40,1,wk inc flu hosp,2026-03-07,quantile,0.25,141
2026-02-28,40,1,wk inc flu hosp,2026-03-07,quantile,0.3,149
2026-02-28,40,1,wk inc flu hosp,2026-03-07,quantile,0.35,158
2026-02-28,40,1,wk inc flu hosp,2026-03-07,quantile,0.4,165
2026-02-28,40,1,wk inc flu hosp,2026-03-07,quantile,0.45,172
2026-02-28,40,1,wk inc flu hosp,2026-03-07,quantile,0.5,181
2026-02-28,40,1,wk inc flu hosp,2026-03-07,quantile,0.55,193
2026-02-28,40,1,wk inc flu hosp,2026-03-07,quantile,0.6,203
2026-02-28,40,1,wk inc flu hosp,2026-03-07,quantile,0.65,210
2026-02-28,40,1,wk inc flu hosp,2026-03-07,quantile,0.7,220
2026-02-28,40,1,wk inc flu hosp,2026-03-07,quantile,0.75,232
2026-02-28,40,1,wk inc flu hosp,2026-03-07,quantile,0.8,246
2026-02-28,40,1,wk inc flu hosp,2026-03-07,quantile,0.85,265
2026-02-28,40,1,wk inc flu hosp,2026-03-07,quantile,0.9,294
2026-02-28,40,1,wk inc flu hosp,2026-03-07,quantile,0.95,338
2026-02-28,40,1,wk inc flu hosp,2026-03-07,quantile,0.975,373
2026-02-28,40,1,wk inc flu hosp,2026-03-07,quantile,0.99,417
2026-02-28,40,2,wk inc flu hosp,2026-03-14,quantile,0.01,41
2026-02-28,40,2,wk inc flu hosp,2026-03-14,quantile,0.025,56
2026-02-28,40,2,wk inc flu hosp,2026-03-14,quantile,0.05,70
2026-02-28,40,2,wk inc flu hosp,2026-03-14,quantile,0.1,86
2026-02-28,40,2,wk inc flu hosp,2026-03-14,quantile,0.15,102
2026-02-28,40,2,wk inc flu hosp,2026-03-14,quantile,0.2,111
2026-02-28,40,2,wk inc flu hosp,2026-03-14,quantile,0.25,124
2026-02-28,40,2,wk inc flu hosp,2026-03-14,quantile,0.3,138
2026-02-28,40,2,wk inc flu hosp,2026-03-14,quantile,0.35,144
2026-02-28,40,2,wk inc flu hosp,2026-03-14,quantile,0.4,149
2026-02-28,40,2,wk inc flu hosp,2026-03-14,quantile,0.45,161
2026-02-28,40,2,wk inc flu hosp,2026-03-14,quantile,0.5,165
2026-02-28,40,2,wk inc flu hosp,2026-03-14,quantile,0.55,174
2026-02-28,40,2,wk inc flu hosp,2026-03-14,quantile,0.6,187
2026-02-28,40,2,wk inc flu hosp,2026-03-14,quantile,0.65,204
2026-02-28,40,2,wk inc flu hosp,2026-03-14,quantile,0.7,209
2026-02-28,40,2,wk inc flu hosp,2026-03-14,quantile,0.75,224
2026-02-28,40,2,wk inc flu hosp,2026-03-14,quantile,0.8,241
2026-02-28,40,2,wk inc flu hosp,2026-03-14,quantile,0.85,268
2026-02-28,40,2,wk inc flu hosp,2026-03-14,quantile,0.9,290
2026-02-28,40,2,wk inc flu hosp,2026-03-14,quantile,0.95,336
2026-02-28,40,2,wk inc flu hosp,2026-03-14,quantile,0.975,375
2026-02-28,40,2,wk inc flu hosp,2026-03-14,quantile,0.99,431
2026-02-28,40,3,wk inc flu hosp,2026-03-21,quantile,0.01,27
2026-02-28,40,3,wk inc flu hosp,2026-03-21,quantile,0.025,38
2026-02-28,40,3,wk inc flu hosp,2026-03-21,quantile,0.05,51
2026-02-28,40,3,wk inc flu hosp,2026-03-21,quantile,0.1,65
2026-02-28,40,3,wk inc flu hosp,2026-03-21,quantile,0.15,78
2026-02-28,40,3,wk inc flu hosp,2026-03-21,quantile,0.2,95
2026-02-28,40,3,wk inc flu hosp,2026-03-21,quantile,0.25,107
2026-02-28,40,3,wk inc flu hosp,2026-03-21,quantile,0.3,118
2026-02-28,40,3,wk inc flu hosp,2026-03-21,quantile,0.35,124
2026-02-28,40,3,wk inc flu hosp,2026-03-21,quantile,0.4,129
2026-02-28,40,3,wk inc flu hosp,2026-03-21,quantile,0.45,132
2026-02-28,40,3,wk inc flu hosp,2026-03-21,quantile,0.5,137
2026-02-28,40,3,wk inc flu hosp,2026-03-21,quantile,0.55,153
2026-02-28,40,3,wk inc flu hosp,2026-03-21,quantile,0.6,157
2026-02-28,40,3,wk inc flu hosp,2026-03-21,quantile,0.65,169
2026-02-28,40,3,wk inc flu hosp,2026-03-21,quantile,0.7,182
2026-02-28,40,3,wk inc flu hosp,2026-03-21,quantile,0.75,195
2026-02-28,40,3,wk inc flu hosp,2026-03-21,quantile,0.8,213
2026-02-28,40,3,wk inc flu hosp,2026-03-21,quantile,0.85,234
2026-02-28,40,3,wk inc flu hosp,2026-03-21,quantile,0.9,268
2026-02-28,40,3,wk inc flu hosp,2026-03-21,quantile,0.95,326
2026-02-28,40,3,wk inc flu hosp,2026-03-21,quantile,0.975,383
2026-02-28,40,3,wk inc flu hosp,2026-03-21,quantile,0.99,440
2026-02-28,41,0,wk inc flu hosp,2026-02-28,quantile,0.01,76
2026-02-28,41,0,wk inc flu hosp,2026-02-28,quantile,0.025,93
2026-02-28,41,0,wk inc flu hosp,2026-02-28,quantile,0.05,109
2026-02-28,41,0,wk inc flu hosp,2026-02-28,quantile,0.1,126
2026-02-28,41,0,wk inc flu hosp,2026-02-28,quantile,0.15,135
2026-02-28,41,0,wk inc flu hosp,2026-02-28,quantile,0.2,146
2026-02-28,41,0,wk inc flu hosp,2026-02-28,quantile,0.25,153
2026-02-28,41,0,wk inc flu hosp,2026-02-28,quantile,0.3,159
2026-02-28,41,0,wk inc flu hosp,2026-02-28,quantile,0.35,167
2026-02-28,41,0,wk inc flu hosp,2026-02-28,quantile,0.4,172
2026-02-28,41,0,wk inc flu hosp,2026-02-28,quantile,0.45,181
2026-02-28,41,0,wk inc flu hosp,2026-02-28,quantile,0.5,191
2026-02-28,41,0,wk inc flu hosp,2026-02-28,quantile,0.55,199
2026-02-28,41,0,wk inc flu hosp,2026-02-28,quantile,0.6,206
2026-02-28,41,0,wk inc flu hosp,2026-02-28,quantile,0.65,213
2026-02-28,41,0,wk inc flu hosp,2026-02-28,quantile,0.7,219
2026-02-28,41,0,wk inc flu hosp,2026-02-28,quantile,0.75,228
2026-02-28,41,0,wk inc flu hosp,2026-02-28,quantile,0.8,242
2026-02-28,41,0,wk inc flu hosp,2026-02-28,quantile,0.85,253
2026-02-28,41,0,wk inc flu hosp,2026-02-28,quantile,0.9,270
2026-02-28,41,0,wk inc flu hosp,2026-02-28,quantile,0.95,304
2026-02-28,41,0,wk inc flu hosp,2026-02-28,quantile,0.975,349
2026-02-28,41,0,wk inc flu hosp,2026-02-28,quantile,0.99,369
2026-02-28,41,1,wk inc flu hosp,2026-03-07,quantile,0.01,46
2026-02-28,41,1,wk inc flu hosp,2026-03-07,quantile,0.025,58
2026-02-28,41,1,wk inc flu hosp,2026-03-07,quantile,0.05,73
2026-02-28,41,1,wk inc flu hosp,2026-03-07,quantile,0.1,87
2026-02-28,41,1,wk inc flu hosp,2026-03-07,quantile,0.15,97
2026-02-28,41,1,wk inc flu hosp,2026-03-07,quantile,0.2,105
2026-02-28,41,1,wk inc flu hosp,2026-03-07,quantile,0.25,114
2026-02-28,41,1,wk inc flu hosp,2026-03-07,quantile,0.3,121
2026-02-28,41,1,wk inc flu hosp,2026-03-07,quantile,0.35,132
2026-02-28,41,1,wk inc flu hosp,2026-03-07,quantile,0.4,139
2026-02-28,41,1,wk inc flu hosp,2026-03-07,quantile,0.45,150
2026-02-28,41,1,wk inc flu hosp,2026-03-07,quantile,0.5,160
2026-02-28,41,1,wk inc flu hosp,2026-03-07,quantile,0.55,170
2026-02-28,41,1,wk inc flu hosp,2026-03-07,quantile,0.6,181
2026-02-28,41,1,wk inc flu hosp,2026-03-07,quantile,0.65,190
2026-02-28,41,1,wk inc flu hosp,2026-03-07,quantile,0.7,199
2026-02-28,41,1,wk inc flu hosp,2026-03-07,quantile,0.75,210
2026-02-28,41,1,wk inc flu hosp,2026-03-07,quantile,0.8,221
2026-02-28,41,1,wk inc flu hosp,2026-03-07,quantile,0.85,235
2026-02-28,41,1,wk inc flu hosp,2026-03-07,quantile,0.9,255
2026-02-28,41,1,wk inc flu hosp,2026-03-07,quantile,0.95,285
2026-02-28,41,1,wk inc flu hosp,2026-03-07,quantile,0.975,305
2026-02-28,41,1,wk inc flu hosp,2026-03-07,quantile,0.99,332
2026-02-28,41,2,wk inc flu hosp,2026-03-14,quantile,0.01,30
2026-02-28,41,2,wk inc flu hosp,2026-03-14,quantile,0.025,36
2026-02-28,41,2,wk inc flu hosp,2026-03-14,quantile,0.05,45
2026-02-28,41,2,wk inc flu hosp,2026-03-14,quantile,0.1,57
2026-02-28,41,2,wk inc flu hosp,2026-03-14,quantile,0.15,67
2026-02-28,41,2,wk inc flu hosp,2026-03-14,quantile,0.2,75
2026-02-28,41,2,wk inc flu hosp,2026-03-14,quantile,0.25,86
2026-02-28,41,2,wk inc flu hosp,2026-03-14,quantile,0.3,96
2026-02-28,41,2,wk inc flu hosp,2026-03-14,quantile,0.35,105
2026-02-28,41,2,wk inc flu hosp,2026-03-14,quantile,0.4,111
2026-02-28,41,2,wk inc flu hosp,2026-03-14,quantile,0.45,118
2026-02-28,41,2,wk inc flu hosp,2026-03-14,quantile,0.5,126
2026-02-28,41,2,wk inc flu hosp,2026-03-14,quantile,0.55,135
2026-02-28,41,2,wk inc flu hosp,2026-03-14,quantile,0.6,143
2026-02-28,41,2,wk inc flu hosp,2026-03-14,quantile,0.65,153
2026-02-28,41,2,wk inc flu hosp,2026-03-14,quantile,0.7,163
2026-02-28,41,2,wk inc flu hosp,2026-03-14,quantile,0.75,175
2026-02-28,41,2,wk inc flu hosp,2026-03-14,quantile,0.8,182
2026-02-28,41,2,wk inc flu hosp,2026-03-14,quantile,0.85,207
2026-02-28,41,2,wk inc flu hosp,2026-03-14,quantile,0.9,242
2026-02-28,41,2,wk inc flu hosp,2026-03-14,quantile,0.95,272
2026-02-28,41,2,wk inc flu hosp,2026-03-14,quantile,0.975,297
2026-02-28,41,2,wk inc flu hosp,2026-03-14,quantile,0.99,328
2026-02-28,41,3,wk inc flu hosp,2026-03-21,quantile,0.01,18
2026-02-28,41,3,wk inc flu hosp,2026-03-21,quantile,0.025,29
2026-02-28,41,3,wk inc flu hosp,2026-03-21,quantile,0.05,38
2026-02-28,41,3,wk inc flu hosp,2026-03-21,quantile,0.1,47
2026-02-28,41,3,wk inc flu hosp,2026-03-21,quantile,0.15,55
2026-02-28,41,3,wk inc flu hosp,2026-03-21,quantile,0.2,60
2026-02-28,41,3,wk inc flu hosp,2026-03-21,quantile,0.25,68
2026-02-28,41,3,wk inc flu hosp,2026-03-21,quantile,0.3,75
2026-02-28,41,3,wk inc flu hosp,2026-03-21,quantile,0.35,84
2026-02-28,41,3,wk inc flu hosp,2026-03-21,quantile,0.4,89
2026-02-28,41,3,wk inc flu hosp,2026-03-21,quantile,0.45,95
2026-02-28,41,3,wk inc flu hosp,2026-03-21,quantile,0.5,102
2026-02-28,41,3,wk inc flu hosp,2026-03-21,quantile,0.55,112
2026-02-28,41,3,wk inc flu hosp,2026-03-21,quantile,0.6,118
2026-02-28,41,3,wk inc flu hosp,2026-03-21,quantile,0.65,132
2026-02-28,41,3,wk inc flu hosp,2026-03-21,quantile,0.7,143
2026-02-28,41,3,wk inc flu hosp,2026-03-21,quantile,0.75,155
2026-02-28,41,3,wk inc flu hosp,2026-03-21,quantile,0.8,162
2026-02-28,41,3,wk inc flu hosp,2026-03-21,quantile,0.85,186
2026-02-28,41,3,wk inc flu hosp,2026-03-21,quantile,0.9,213
2026-02-28,41,3,wk inc flu hosp,2026-03-21,quantile,0.95,278
2026-02-28,41,3,wk inc flu hosp,2026-03-21,quantile,0.975,304
2026-02-28,41,3,wk inc flu hosp,2026-03-21,quantile,0.99,336
2026-02-28,42,0,wk inc flu hosp,2026-02-28,quantile,0.01,312
2026-02-28,42,0,wk inc flu hosp,2026-02-28,quantile,0.025,367
2026-02-28,42,0,wk inc flu hosp,2026-02-28,quantile,0.05,408
2026-02-28,42,0,wk inc flu hosp,2026-02-28,quantile,0.1,465
2026-02-28,42,0,wk inc flu hosp,2026-02-28,quantile,0.15,505
2026-02-28,42,0,wk inc flu hosp,2026-02-28,quantile,0.2,527
2026-02-28,42,0,wk inc flu hosp,2026-02-28,quantile,0.25,550
2026-02-28,42,0,wk inc flu hosp,2026-02-28,quantile,0.3,577
2026-02-28,42,0,wk inc flu hosp,2026-02-28,quantile,0.35,595
2026-02-28,42,0,wk inc flu hosp,2026-02-28,quantile,0.4,632
2026-02-28,42,0,wk inc flu hosp,2026-02-28,quantile,0.45,653
2026-02-28,42,0,wk inc flu hosp,2026-02-28,quantile,0.5,686
2026-02-28,42,0,wk inc flu hosp,2026-02-28,quantile,0.55,706
2026-02-28,42,0,wk inc flu hosp,2026-02-28,quantile,0.6,721
2026-02-28,42,0,wk inc flu hosp,2026-02-28,quantile,0.65,734
2026-02-28,42,0,wk inc flu hosp,2026-02-28,quantile,0.7,753
2026-02-28,42,0,wk inc flu hosp,2026-02-28,quantile,0.75,774
2026-02-28,42,0,wk inc flu hosp,2026-02-28,quantile,0.8,805
2026-02-28,42,0,wk inc flu hosp,2026-02-28,quantile,0.85,849
2026-02-28,42,0,wk inc flu hosp,2026-02-28,quantile,0.9,910
2026-02-28,42,0,wk inc flu hosp,2026-02-28,quantile,0.95,1010
2026-02-28,42,0,wk inc flu hosp,2026-02-28,quantile,0.975,1081
2026-02-28,42,0,wk inc flu hosp,2026-02-28,quantile,0.99,1151
2026-02-28,42,1,wk inc flu hosp,2026-03-07,quantile,0.01,203
2026-02-28,42,1,wk inc flu hosp,2026-03-07,quantile,0.025,249
2026-02-28,42,1,wk inc flu hosp,2026-03-07,quantile,0.05,302
2026-02-28,42,1,wk inc flu hosp,2026-03-07,quantile,0.1,350
2026-02-28,42,1,wk inc flu hosp,2026-03-07,quantile,0.15,388
2026-02-28,42,1,wk inc flu hosp,2026-03-07,quantile,0.2,430
2026-02-28,42,1,wk inc flu hosp,2026-03-07,quantile,0.25,460
2026-02-28,42,1,wk inc flu hosp,2026-03-07,quantile,0.3,499
2026-02-28,42,1,wk inc flu hosp,2026-03-07,quantile,0.35,544
2026-02-28,42,1,wk inc flu hosp,2026-03-07,quantile,0.4,580
2026-02-28,42,1,wk inc flu hosp,2026-03-07,quantile,0.45,601
2026-02-28,42,1,wk inc flu hosp,2026-03-07,quantile,0.5,646
2026-02-28,42,1,wk inc flu hosp,2026-03-07,quantile,0.55,674
2026-02-28,42,1,wk inc flu hosp,2026-03-07,quantile,0.6,706
2026-02-28,42,1,wk inc flu hosp,2026-03-07,quantile,0.65,730
2026-02-28,42,1,wk inc flu hosp,2026-03-07,quantile,0.7,755
2026-02-28,42,1,wk inc flu hosp,2026-03-07,quantile,0.75,765
2026-02-28,42,1,wk inc flu hosp,2026-03-07,quantile,0.8,794
2026-02-28,42,1,wk inc flu hosp,2026-03-07,quantile,0.85,867
2026-02-28,42,1,wk inc flu hosp,2026-03-07,quantile,0.9,931
2026-02-28,42,1,wk inc flu hosp,2026-03-07,quantile,0.95,1030
2026-02-28,42,1,wk inc flu hosp,2026-03-07,quantile,0.975,1144
2026-02-28,42,1,wk inc flu hosp,2026-03-07,quantile,0.99,1326
2026-02-28,42,2,wk inc flu hosp,2026-03-14,quantile,0.01,135
2026-02-28,42,2,wk inc flu hosp,2026-03-14,quantile,0.025,174
2026-02-28,42,2,wk inc flu hosp,2026-03-14,quantile,0.05,204
2026-02-28,42,2,wk inc flu hosp,2026-03-14,quantile,0.1,260
2026-02-28,42,2,wk inc flu hosp,2026-03-14,quantile,0.15,318
2026-02-28,42,2,wk inc flu hosp,2026-03-14,quantile,0.2,354
2026-02-28,42,2,wk inc flu hosp,2026-03-14,quantile,0.25,379
2026-02-28,42,2,wk inc flu hosp,2026-03-14,quantile,0.3,452
2026-02-28,42,2,wk inc flu hosp,2026-03-14,quantile,0.35,480
2026-02-28,42,2,wk inc flu hosp,2026-03-14,quantile,0.4,518
2026-02-28,42,2,wk inc flu hosp,2026-03-14,quantile,0.45,547
2026-02-28,42,2,wk inc flu hosp,2026-03-14,quantile,0.5,589
2026-02-28,42,2,wk inc flu hosp,2026-03-14,quantile,0.55,624
2026-02-28,42,2,wk inc flu hosp,2026-03-14,quantile,0.6,654
2026-02-28,42,2,wk inc flu hosp,2026-03-14,quantile,0.65,679
2026-02-28,42,2,wk inc flu hosp,2026-03-14,quantile,0.7,703
2026-02-28,42,2,wk inc flu hosp,2026-03-14,quantile,0.75,726
2026-02-28,42,2,wk inc flu hosp,2026-03-14,quantile,0.8,752
2026-02-28,42,2,wk inc flu hosp,2026-03-14,quantile,0.85,823
2026-02-28,42,2,wk inc flu hosp,2026-03-14,quantile,0.9,905
2026-02-28,42,2,wk inc flu hosp,2026-03-14,quantile,0.95,1019
2026-02-28,42,2,wk inc flu hosp,2026-03-14,quantile,0.975,1211
2026-02-28,42,2,wk inc flu hosp,2026-03-14,quantile,0.99,1355
2026-02-28,42,3,wk inc flu hosp,2026-03-21,quantile,0.01,98
2026-02-28,42,3,wk inc flu hosp,2026-03-21,quantile,0.025,118
2026-02-28,42,3,wk inc flu hosp,2026-03-21,quantile,0.05,146
2026-02-28,42,3,wk inc flu hosp,2026-03-21,quantile,0.1,192
2026-02-28,42,3,wk inc flu hosp,2026-03-21,quantile,0.15,267
2026-02-28,42,3,wk inc flu hosp,2026-03-21,quantile,0.2,291
2026-02-28,42,3,wk inc flu hosp,2026-03-21,quantile,0.25,327
2026-02-28,42,3,wk inc flu hosp,2026-03-21,quantile,0.3,360
2026-02-28,42,3,wk inc flu hosp,2026-03-21,quantile,0.35,400
2026-02-28,42,3,wk inc flu hosp,2026-03-21,quantile,0.4,438
2026-02-28,42,3,wk inc flu hosp,2026-03-21,quantile,0.45,457
2026-02-28,42,3,wk inc flu hosp,2026-03-21,quantile,0.5,494
2026-02-28,42,3,wk inc flu hosp,2026-03-21,quantile,0.55,538
2026-02-28,42,3,wk inc flu hosp,2026-03-21,quantile,0.6,581
2026-02-28,42,3,wk inc flu hosp,2026-03-21,quantile,0.65,602
2026-02-28,42,3,wk inc flu hosp,2026-03-21,quantile,0.7,628
2026-02-28,42,3,wk inc flu hosp,2026-03-21,quantile,0.75,667
2026-02-28,42,3,wk inc flu hosp,2026-03-21,quantile,0.8,712
2026-02-28,42,3,wk inc flu hosp,2026-03-21,quantile,0.85,785
2026-02-28,42,3,wk inc flu hosp,2026-03-21,quantile,0.9,883
2026-02-28,42,3,wk inc flu hosp,2026-03-21,quantile,0.95,1027
2026-02-28,42,3,wk inc flu hosp,2026-03-21,quantile,0.975,1213
2026-02-28,42,3,wk inc flu hosp,2026-03-21,quantile,0.99,1467
2026-02-28,44,0,wk inc flu hosp,2026-02-28,quantile,0.01,2
2026-02-28,44,0,wk inc flu hosp,2026-02-28,quantile,0.025,3
2026-02-28,44,0,wk inc flu hosp,2026-02-28,quantile,0.05,4
2026-02-28,44,0,wk inc flu hosp,2026-02-28,quantile,0.1,5
2026-02-28,44,0,wk inc flu hosp,2026-02-28,quantile,0.15,6
2026-02-28,44,0,wk inc flu hosp,2026-02-28,quantile,0.2,7
2026-02-28,44,0,wk inc flu hosp,2026-02-28,quantile,0.25,8
2026-02-28,44,0,wk inc flu hosp,2026-02-28,quantile,0.3,9
2026-02-28,44,0,wk inc flu hosp,2026-02-28,quantile,0.35,9
2026-02-28,44,0,wk inc flu hosp,2026-02-28,quantile,0.4,10
2026-02-28,44,0,wk inc flu hosp,2026-02-28,quantile,0.45,12
2026-02-28,44,0,wk inc flu hosp,2026-02-28,quantile,0.5,14
2026-02-28,44,0,wk inc flu hosp,2026-02-28,quantile,0.55,15
2026-02-28,44,0,wk inc flu hosp,2026-02-28,quantile,0.6,16
2026-02-28,44,0,wk inc flu hosp,2026-02-28,quantile,0.65,17
2026-02-28,44,0,wk inc flu hosp,2026-02-28,quantile,0.7,18
2026-02-28,44,0,wk inc flu hosp,2026-02-28,quantile,0.75,19
2026-02-28,44,0,wk inc flu hosp,2026-02-28,quantile,0.8,21
2026-02-28,44,0,wk inc flu hosp,2026-02-28,quantile,0.85,23
2026-02-28,44,0,wk inc flu hosp,2026-02-28,quantile,0.9,26
2026-02-28,44,0,wk inc flu hosp,2026-02-28,quantile,0.95,32
2026-02-28,44,0,wk inc flu hosp,2026-02-28,quantile,0.975,38
2026-02-28,44,0,wk inc flu hosp,2026-02-28,quantile,0.99,42
2026-02-28,44,1,wk inc flu hosp,2026-03-07,quantile,0.01,1
2026-02-28,44,1,wk inc flu hosp,2026-03-07,quantile,0.025,2
2026-02-28,44,1,wk inc flu hosp,2026-03-07,quantile,0.05,2
2026-02-28,44,1,wk inc flu hosp,2026-03-07,quantile,0.1,3
2026-02-28,44,1,wk inc flu hosp,2026-03-07,quantile,0.15,4
2026-02-28,44,1,wk inc flu hosp,2026-03-07,quantile,0.2,5
2026-02-28,44,1,wk inc flu hosp,2026-03-07,quantile,0.25,6
2026-02-28,44,1,wk inc flu hosp,2026-03-07,quantile,0.3,6
2026-02-28,44,1,wk inc flu hosp,2026-03-07,quantile,0.35,7
2026-02-28,44,1,wk inc flu hosp,2026-03-07,quantile,0.4,8
2026-02-28,44,1,wk inc flu hosp,2026-03-07,quantile,0.45,9
2026-02-28,44,1,wk inc flu hosp,2026-03-07,quantile,0.5,11
2026-02-28,44,1,wk inc flu hosp,2026-03-07,quantile,0.55,12
2026-02-28,44,1,wk inc flu hosp,2026-03-07,quantile,0.6,14
2026-02-28,44,1,wk inc flu hosp,2026-03-07,quantile,0.65,15
2026-02-28,44,1,wk inc flu hosp,2026-03-07,quantile,0.7,16
2026-02-28,44,1,wk inc flu hosp,2026-03-07,quantile,0.75,18
2026-02-28,44,1,wk inc flu hosp,2026-03-07,quantile,0.8,21
2026-02-28,44,1,wk inc flu hosp,2026-03-07,quantile,0.85,24
2026-02-28,44,1,wk inc flu hosp,2026-03-07,quantile,0.9,27
2026-02-28,44,1,wk inc flu hosp,2026-03-07,quantile,0.95,35
2026-02-28,44,1,wk inc flu hosp,2026-03-07,quantile,0.975,40
2026-02-28,44,1,wk inc flu hosp,2026-03-07,quantile,0.99,47
2026-02-28,44,2,wk inc flu hosp,2026-03-14,quantile,0.01,0
2026-02-28,44,2,wk inc flu hosp,2026-03-14,quantile,0.025,1
2026-02-28,44,2,wk inc flu hosp,2026-03-14,quantile,0.05,1
2026-02-28,44,2,wk inc flu hosp,2026-03-14,quantile,0.1,2
2026-02-28,44,2,wk inc flu hosp,2026-03-14,quantile,0.15,3
2026-02-28,44,2,wk inc flu hosp,2026-03-14,quantile,0.2,3
2026-02-28,44,2,wk inc flu hosp,2026-03-14,quantile,0.25,4
2026-02-28,44,2,wk inc flu hosp,2026-03-14,quantile,0.3,5
2026-02-28,44,2,wk inc flu hosp,2026-03-14,quantile,0.35,5
2026-02-28,44,2,wk inc flu hosp,2026-03-14,quantile,0.4,7
2026-02-28,44,2,wk inc flu hosp,2026-03-14,quantile,0.45,8
2026-02-28,44,2,wk inc flu hosp,2026-03-14,quantile,0.5,10
2026-02-28,44,2,wk inc flu hosp,2026-03-14,quantile,0.55,11
2026-02-28,44,2,wk inc flu hosp,2026-03-14,quantile,0.6,12
2026-02-28,44,2,wk inc flu hosp,2026-03-14,quantile,0.65,14
2026-02-28,44,2,wk inc flu hosp,2026-03-14,quantile,0.7,16
2026-02-28,44,2,wk inc flu hosp,2026-03-14,quantile,0.75,18
2026-02-28,44,2,wk inc flu hosp,2026-03-14,quantile,0.8,21
2026-02-28,44,2,wk inc flu hosp,2026-03-14,quantile,0.85,24
2026-02-28,44,2,wk inc flu hosp,2026-03-14,quantile,0.9,30
2026-02-28,44,2,wk inc flu hosp,2026-03-14,quantile,0.95,35
2026-02-28,44,2,wk inc flu hosp,2026-03-14,quantile,0.975,41
2026-02-28,44,2,wk inc flu hosp,2026-03-14,quantile,0.99,54
2026-02-28,44,3,wk inc flu hosp,2026-03-21,quantile,0.01,0
2026-02-28,44,3,wk inc flu hosp,2026-03-21,quantile,0.025,0
2026-02-28,44,3,wk inc flu hosp,2026-03-21,quantile,0.05,0
2026-02-28,44,3,wk inc flu hosp,2026-03-21,quantile,0.1,1
2026-02-28,44,3,wk inc flu hosp,2026-03-21,quantile,0.15,2
2026-02-28,44,3,wk inc flu hosp,2026-03-21,quantile,0.2,2
2026-02-28,44,3,wk inc flu hosp,2026-03-21,quantile,0.25,3
2026-02-28,44,3,wk inc flu hosp,2026-03-21,quantile,0.3,3
2026-02-28,44,3,wk inc flu hosp,2026-03-21,quantile,0.35,4
2026-02-28,44,3,wk inc flu hosp,2026-03-21,quantile,0.4,4
2026-02-28,44,3,wk inc flu hosp,2026-03-21,quantile,0.45,5
2026-02-28,44,3,wk inc flu hosp,2026-03-21,quantile,0.5,8
2026-02-28,44,3,wk inc flu hosp,2026-03-21,quantile,0.55,10
2026-02-28,44,3,wk inc flu hosp,2026-03-21,quantile,0.6,11
2026-02-28,44,3,wk inc flu hosp,2026-03-21,quantile,0.65,13
2026-02-28,44,3,wk inc flu hosp,2026-03-21,quantile,0.7,15
2026-02-28,44,3,wk inc flu hosp,2026-03-21,quantile,0.75,17
2026-02-28,44,3,wk inc flu hosp,2026-03-21,quantile,0.8,20
2026-02-28,44,3,wk inc flu hosp,2026-03-21,quantile,0.85,24
2026-02-28,44,3,wk inc flu hosp,2026-03-21,quantile,0.9,29
2026-02-28,44,3,wk inc flu hosp,2026-03-21,quantile,0.95,37
2026-02-28,44,3,wk inc flu hosp,2026-03-21,quantile,0.975,47
2026-02-28,44,3,wk inc flu hosp,2026-03-21,quantile,0.99,62
2026-02-28,45,0,wk inc flu hosp,2026-02-28,quantile,0.01,105
2026-02-28,45,0,wk inc flu hosp,2026-02-28,quantile,0.025,125
2026-02-28,45,0,wk inc flu hosp,2026-02-28,quantile,0.05,135
2026-02-28,45,0,wk inc flu hosp,2026-02-28,quantile,0.1,148
2026-02-28,45,0,wk inc flu hosp,2026-02-28,quantile,0.15,170
2026-02-28,45,0,wk inc flu hosp,2026-02-28,quantile,0.2,178
2026-02-28,45,0,wk inc flu hosp,2026-02-28,quantile,0.25,187
2026-02-28,45,0,wk inc flu hosp,2026-02-28,quantile,0.3,192
2026-02-28,45,0,wk inc flu hosp,2026-02-28,quantile,0.35,200
2026-02-28,45,0,wk inc flu hosp,2026-02-28,quantile,0.4,209
2026-02-28,45,0,wk inc flu hosp,2026-02-28,quantile,0.45,221
2026-02-28,45,0,wk inc flu hosp,2026-02-28,quantile,0.5,232
2026-02-28,45,0,wk inc flu hosp,2026-02-28,quantile,0.55,241
2026-02-28,45,0,wk inc flu hosp,2026-02-28,quantile,0.6,249
2026-02-28,45,0,wk inc flu hosp,2026-02-28,quantile,0.65,252
2026-02-28,45,0,wk inc flu hosp,2026-02-28,quantile,0.7,258
2026-02-28,45,0,wk inc flu hosp,2026-02-28,quantile,0.75,267
2026-02-28,45,0,wk inc flu hosp,2026-02-28,quantile,0.8,278
2026-02-28,45,0,wk inc flu hosp,2026-02-28,quantile,0.85,294
2026-02-28,45,0,wk inc flu hosp,2026-02-28,quantile,0.9,308
2026-02-28,45,0,wk inc flu hosp,2026-02-28,quantile,0.95,336
2026-02-28,45,0,wk inc flu hosp,2026-02-28,quantile,0.975,356
2026-02-28,45,0,wk inc flu hosp,2026-02-28,quantile,0.99,378
2026-02-28,45,1,wk inc flu hosp,2026-03-07,quantile,0.01,69
2026-02-28,45,1,wk inc flu hosp,2026-03-07,quantile,0.025,86
2026-02-28,45,1,wk inc flu hosp,2026-03-07,quantile,0.05,97
2026-02-28,45,1,wk inc flu hosp,2026-03-07,quantile,0.1,111
2026-02-28,45,1,wk inc flu hosp,2026-03-07,quantile,0.15,125
2026-02-28,45,1,wk inc flu hosp,2026-03-07,quantile,0.2,137
2026-02-28,45,1,wk inc flu hosp,2026-03-07,quantile,0.25,146
2026-02-28,45,1,wk inc flu hosp,2026-03-07,quantile,0.3,155
2026-02-28,45,1,wk inc flu hosp,2026-03-07,quantile,0.35,164
2026-02-28,45,1,wk inc flu hosp,2026-03-07,quantile,0.4,178
2026-02-28,45,1,wk inc flu hosp,2026-03-07,quantile,0.45,194
2026-02-28,45,1,wk inc flu hosp,2026-03-07,quantile,0.5,213
2026-02-28,45,1,wk inc flu hosp,2026-03-07,quantile,0.55,222
2026-02-28,45,1,wk inc flu hosp,2026-03-07,quantile,0.6,232
2026-02-28,45,1,wk inc flu hosp,2026-03-07,quantile,0.65,241
2026-02-28,45,1,wk inc flu hosp,2026-03-07,quantile,0.7,253
2026-02-28,45,1,wk inc flu hosp,2026-03-07,quantile,0.75,269
2026-02-28,45,1,wk inc flu hosp,2026-03-07,quantile,0.8,274
2026-02-28,45,1,wk inc flu hosp,2026-03-07,quantile,0.85,293
2026-02-28,45,1,wk inc flu hosp,2026-03-07,quantile,0.9,324
2026-02-28,45,1,wk inc flu hosp,2026-03-07,quantile,0.95,362
2026-02-28,45,1,wk inc flu hosp,2026-03-07,quantile,0.975,388
2026-02-28,45,1,wk inc flu hosp,2026-03-07,quantile,0.99,431
2026-02-28,45,2,wk inc flu hosp,2026-03-14,quantile,0.01,44
2026-02-28,45,2,wk inc flu hosp,2026-03-14,quantile,0.025,54
2026-02-28,45,2,wk inc flu hosp,2026-03-14,quantile,0.05,65
2026-02-28,45,2,wk inc flu hosp,2026-03-14,quantile,0.1,83
2026-02-28,45,2,wk inc flu hosp,2026-03-14,quantile,0.15,96
2026-02-28,45,2,wk inc flu hosp,2026-03-14,quantile,0.2,108
2026-02-28,45,2,wk inc flu hosp,2026-03-14,quantile,0.25,118
2026-02-28,45,2,wk inc flu hosp,2026-03-14,quantile,0.3,131
2026-02-28,45,2,wk inc flu hosp,2026-03-14,quantile,0.35,144
2026-02-28,45,2,wk inc flu hosp,2026-03-14,quantile,0.4,155
2026-02-28,45,2,wk inc flu hosp,2026-03-14,quantile,0.45,166
2026-02-28,45,2,wk inc flu hosp,2026-03-14,quantile,0.5,182
2026-02-28,45,2,wk inc flu hosp,2026-03-14,quantile,0.55,197
2026-02-28,45,2,wk inc flu hosp,2026-03-14,quantile,0.6,208
2026-02-28,45,2,wk inc flu hosp,2026-03-14,quantile,0.65,224
2026-02-28,45,2,wk inc flu hosp,2026-03-14,quantile,0.7,243
2026-02-28,45,2,wk inc flu hosp,2026-03-14,quantile,0.75,255
2026-02-28,45,2,wk inc flu hosp,2026-03-14,quantile,0.8,267
2026-02-28,45,2,wk inc flu hosp,2026-03-14,quantile,0.85,291
2026-02-28,45,2,wk inc flu hosp,2026-03-14,quantile,0.9,321
2026-02-28,45,2,wk inc flu hosp,2026-03-14,quantile,0.95,368
2026-02-28,45,2,wk inc flu hosp,2026-03-14,quantile,0.975,401
2026-02-28,45,2,wk inc flu hosp,2026-03-14,quantile,0.99,454
2026-02-28,45,3,wk inc flu hosp,2026-03-21,quantile,0.01,26
2026-02-28,45,3,wk inc flu hosp,2026-03-21,quantile,0.025,37
2026-02-28,45,3,wk inc flu hosp,2026-03-21,quantile,0.05,49
2026-02-28,45,3,wk inc flu hosp,2026-03-21,quantile,0.1,63
2026-02-28,45,3,wk inc flu hosp,2026-03-21,quantile,0.15,72
2026-02-28,45,3,wk inc flu hosp,2026-03-21,quantile,0.2,85
2026-02-28,45,3,wk inc flu hosp,2026-03-21,quantile,0.25,95
2026-02-28,45,3,wk inc flu hosp,2026-03-21,quantile,0.3,104
2026-02-28,45,3,wk inc flu hosp,2026-03-21,quantile,0.35,115
2026-02-28,45,3,wk inc flu hosp,2026-03-21,quantile,0.4,128
2026-02-28,45,3,wk inc flu hosp,2026-03-21,quantile,0.45,138
2026-02-28,45,3,wk inc flu hosp,2026-03-21,quantile,0.5,157
2026-02-28,45,3,wk inc flu hosp,2026-03-21,quantile,0.55,169
2026-02-28,45,3,wk inc flu hosp,2026-03-21,quantile,0.6,181
2026-02-28,45,3,wk inc flu hosp,2026-03-21,quantile,0.65,187
2026-02-28,45,3,wk inc flu hosp,2026-03-21,quantile,0.7,200
2026-02-28,45,3,wk inc flu hosp,2026-03-21,quantile,0.75,218
2026-02-28,45,3,wk inc flu hosp,2026-03-21,quantile,0.8,242
2026-02-28,45,3,wk inc flu hosp,2026-03-21,quantile,0.85,266
2026-02-28,45,3,wk inc flu hosp,2026-03-21,quantile,0.9,295
2026-02-28,45,3,wk inc flu hosp,2026-03-21,quantile,0.95,344
2026-02-28,45,3,wk inc flu hosp,2026-03-21,quantile,0.975,411
2026-02-28,45,3,wk inc flu hosp,2026-03-21,quantile,0.99,453
2026-02-28,46,0,wk inc flu hosp,2026-02-28,quantile,0.01,16
2026-02-28,46,0,wk inc flu hosp,2026-02-28,quantile,0.025,20
2026-02-28,46,0,wk inc flu hosp,2026-02-28,quantile,0.05,23
2026-02-28,46,0,wk inc flu hosp,2026-02-28,quantile,0.1,27
2026-02-28,46,0,wk inc flu hosp,2026-02-28,quantile,0.15,29
2026-02-28,46,0,wk inc flu hosp,2026-02-28,quantile,0.2,31
2026-02-28,46,0,wk inc flu hosp,2026-02-28,quantile,0.25,34
2026-02-28,46,0,wk inc flu hosp,2026-02-28,quantile,0.3,35
2026-02-28,46,0,wk inc flu hosp,2026-02-28,quantile,0.35,37
2026-02-28,46,0,wk inc flu hosp,2026-02-28,quantile,0.4,39
2026-02-28,46,0,wk inc flu hosp,2026-02-28,quantile,0.45,40
2026-02-28,46,0,wk inc flu hosp,2026-02-28,quantile,0.5,43
2026-02-28,46,0,wk inc flu hosp,2026-02-28,quantile,0.55,44
2026-02-28,46,0,wk inc flu hosp,2026-02-28,quantile,0.6,47
2026-02-28,46,0,wk inc flu hosp,2026-02-28,quantile,0.65,48
2026-02-28,46,0,wk inc flu hosp,2026-02-28,quantile,0.7,50
2026-02-28,46,0,wk inc flu hosp,2026-02-28,quantile,0.75,53
2026-02-28,46,0,wk inc flu hosp,2026-02-28,quantile,0.8,56
2026-02-28,46,0,wk inc flu hosp,2026-02-28,quantile,0.85,59
2026-02-28,46,0,wk inc flu hosp,2026-02-28,quantile,0.9,62
2026-02-28,46,0,wk inc flu hosp,2026-02-28,quantile,0.95,70
2026-02-28,46,0,wk inc flu hosp,2026-02-28,quantile,0.975,76
2026-02-28,46,0,wk inc flu hosp,2026-02-28,quantile,0.99,84
2026-02-28,46,1,wk inc flu hosp,2026-03-07,quantile,0.01,9
2026-02-28,46,1,wk inc flu hosp,2026-03-07,quantile,0.025,12
2026-02-28,46,1,wk inc flu hosp,2026-03-07,quantile,0.05,15
2026-02-28,46,1,wk inc flu hosp,2026-03-07,quantile,0.1,19
2026-02-28,46,1,wk inc flu hosp,2026-03-07,quantile,0.15,21
2026-02-28,46,1,wk inc flu hosp,2026-03-07,quantile,0.2,23
2026-02-28,46,1,wk inc flu hosp,2026-03-07,quantile,0.25,27
2026-02-28,46,1,wk inc flu hosp,2026-03-07,quantile,0.3,28
2026-02-28,46,1,wk inc flu hosp,2026-03-07,quantile,0.35,31
2026-02-28,46,1,wk inc flu hosp,2026-03-07,quantile,0.4,32
2026-02-28,46,1,wk inc flu hosp,2026-03-07,quantile,0.45,34
2026-02-28,46,1,wk inc flu hosp,2026-03-07,quantile,0.5,37
2026-02-28,46,1,wk inc flu hosp,2026-03-07,quantile,0.55,39
2026-02-28,46,1,wk inc flu hosp,2026-03-07,quantile,0.6,41
2026-02-28,46,1,wk inc flu hosp,2026-03-07,quantile,0.65,43
2026-02-28,46,1,wk inc flu hosp,2026-03-07,quantile,0.7,45
2026-02-28,46,1,wk inc flu hosp,2026-03-07,quantile,0.75,49
2026-02-28,46,1,wk inc flu hosp,2026-03-07,quantile,0.8,51
2026-02-28,46,1,wk inc flu hosp,2026-03-07,quantile,0.85,55
2026-02-28,46,1,wk inc flu hosp,2026-03-07,quantile,0.9,60
2026-02-28,46,1,wk inc flu hosp,2026-03-07,quantile,0.95,69
2026-02-28,46,1,wk inc flu hosp,2026-03-07,quantile,0.975,78
2026-02-28,46,1,wk inc flu hosp,2026-03-07,quantile,0.99,92
2026-02-28,46,2,wk inc flu hosp,2026-03-14,quantile,0.01,5
2026-02-28,46,2,wk inc flu hosp,2026-03-14,quantile,0.025,8
2026-02-28,46,2,wk inc flu hosp,2026-03-14,quantile,0.05,10
2026-02-28,46,2,wk inc flu hosp,2026-03-14,quantile,0.1,14
2026-02-28,46,2,wk inc flu hosp,2026-03-14,quantile,0.15,16
2026-02-28,46,2,wk inc flu hosp,2026-03-14,quantile,0.2,19
2026-02-28,46,2,wk inc flu hosp,2026-03-14,quantile,0.25,21
2026-02-28,46,2,wk inc flu hosp,2026-03-14,quantile,0.3,22
2026-02-28,46,2,wk inc flu hosp,2026-03-14,quantile,0.35,25
2026-02-28,46,2,wk inc flu hosp,2026-03-14,quantile,0.4,27
2026-02-28,46,2,wk inc flu hosp,2026-03-14,quantile,0.45,28
2026-02-28,46,2,wk inc flu hosp,2026-03-14,quantile,0.5,31
2026-02-28,46,2,wk inc flu hosp,2026-03-14,quantile,0.55,34
2026-02-28,46,2,wk inc flu hosp,2026-03-14,quantile,0.6,35
2026-02-28,46,2,wk inc flu hosp,2026-03-14,quantile,0.65,38
2026-02-28,46,2,wk inc flu hosp,2026-03-14,quantile,0.7,41
2026-02-28,46,2,wk inc flu hosp,2026-03-14,quantile,0.75,44
2026-02-28,46,2,wk inc flu hosp,2026-03-14,quantile,0.8,49
2026-02-28,46,2,wk inc flu hosp,2026-03-14,quantile,0.85,52
2026-02-28,46,2,wk inc flu hosp,2026-03-14,quantile,0.9,59
2026-02-28,46,2,wk inc flu hosp,2026-03-14,quantile,0.95,70
2026-02-28,46,2,wk inc flu hosp,2026-03-14,quantile,0.975,83
2026-02-28,46,2,wk inc flu hosp,2026-03-14,quantile,0.99,92
2026-02-28,46,3,wk inc flu hosp,2026-03-21,quantile,0.01,3
2026-02-28,46,3,wk inc flu hosp,2026-03-21,quantile,0.025,5
2026-02-28,46,3,wk inc flu hosp,2026-03-21,quantile,0.05,7
2026-02-28,46,3,wk inc flu hosp,2026-03-21,quantile,0.1,10
2026-02-28,46,3,wk inc flu hosp,2026-03-21,quantile,0.15,12
2026-02-28,46,3,wk inc flu hosp,2026-03-21,quantile,0.2,14
2026-02-28,46,3,wk inc flu hosp,2026-03-21,quantile,0.25,16
2026-02-28,46,3,wk inc flu hosp,2026-03-21,quantile,0.3,17
2026-02-28,46,3,wk inc flu hosp,2026-03-21,quantile,0.35,22
2026-02-28,46,3,wk inc flu hosp,2026-03-21,quantile,0.4,23
2026-02-28,46,3,wk inc flu hosp,2026-03-21,quantile,0.45,23
2026-02-28,46,3,wk inc flu hosp,2026-03-21,quantile,0.5,27
2026-02-28,46,3,wk inc flu hosp,2026-03-21,quantile,0.55,28
2026-02-28,46,3,wk inc flu hosp,2026-03-21,quantile,0.6,30
2026-02-28,46,3,wk inc flu hosp,2026-03-21,quantile,0.65,33
2026-02-28,46,3,wk inc flu hosp,2026-03-21,quantile,0.7,35
2026-02-28,46,3,wk inc flu hosp,2026-03-21,quantile,0.75,36
2026-02-28,46,3,wk inc flu hosp,2026-03-21,quantile,0.8,42
2026-02-28,46,3,wk inc flu hosp,2026-03-21,quantile,0.85,48
2026-02-28,46,3,wk inc flu hosp,2026-03-21,quantile,0.9,56
2026-02-28,46,3,wk inc flu hosp,2026-03-21,quantile,0.95,68
2026-02-28,46,3,wk inc flu hosp,2026-03-21,quantile,0.975,81
2026-02-28,46,3,wk inc flu hosp,2026-03-21,quantile,0.99,97
2026-02-28,47,0,wk inc flu hosp,2026-02-28,quantile,0.01,139
2026-02-28,47,0,wk inc flu hosp,2026-02-28,quantile,0.025,154
2026-02-28,47,0,wk inc flu hosp,2026-02-28,quantile,0.05,175
2026-02-28,47,0,wk inc flu hosp,2026-02-28,quantile,0.1,197
2026-02-28,47,0,wk inc flu hosp,2026-02-28,quantile,0.15,214
2026-02-28,47,0,wk inc flu hosp,2026-02-28,quantile,0.2,232
2026-02-28,47,0,wk inc flu hosp,2026-02-28,quantile,0.25,243
2026-02-28,47,0,wk inc flu hosp,2026-02-28,quantile,0.3,253
2026-02-28,47,0,wk inc flu hosp,2026-02-28,quantile,0.35,262
2026-02-28,47,0,wk inc flu hosp,2026-02-28,quantile,0.4,272
2026-02-28,47,0,wk inc flu hosp,2026-02-28,quantile,0.45,279
2026-02-28,47,0,wk inc flu hosp,2026-02-28,quantile,0.5,293
2026-02-28,47,0,wk inc flu hosp,2026-02-28,quantile,0.55,300
2026-02-28,47,0,wk inc flu hosp,2026-02-28,quantile,0.6,310
2026-02-28,47,0,wk inc flu hosp,2026-02-28,quantile,0.65,319
2026-02-28,47,0,wk inc flu hosp,2026-02-28,quantile,0.7,328
2026-02-28,47,0,wk inc flu hosp,2026-02-28,quantile,0.75,338
2026-02-28,47,0,wk inc flu hosp,2026-02-28,quantile,0.8,350
2026-02-28,47,0,wk inc flu hosp,2026-02-28,quantile,0.85,368
2026-02-28,47,0,wk inc flu hosp,2026-02-28,quantile,0.9,390
2026-02-28,47,0,wk inc flu hosp,2026-02-28,quantile,0.95,423
2026-02-28,47,0,wk inc flu hosp,2026-02-28,quantile,0.975,453
2026-02-28,47,0,wk inc flu hosp,2026-02-28,quantile,0.99,485
2026-02-28,47,1,wk inc flu hosp,2026-03-07,quantile,0.01,98
2026-02-28,47,1,wk inc flu hosp,2026-03-07,quantile,0.025,119
2026-02-28,47,1,wk inc flu hosp,2026-03-07,quantile,0.05,135
2026-02-28,47,1,wk inc flu hosp,2026-03-07,quantile,0.1,156
2026-02-28,47,1,wk inc flu hosp,2026-03-07,quantile,0.15,171
2026-02-28,47,1,wk inc flu hosp,2026-03-07,quantile,0.2,190
2026-02-28,47,1,wk inc flu hosp,2026-03-07,quantile,0.25,207
2026-02-28,47,1,wk inc flu hosp,2026-03-07,quantile,0.3,217
2026-02-28,47,1,wk inc flu hosp,2026-03-07,quantile,0.35,229
2026-02-28,47,1,wk inc flu hosp,2026-03-07,quantile,0.4,239
2026-02-28,47,1,wk inc flu hosp,2026-03-07,quantile,0.45,251
2026-02-28,47,1,wk inc flu hosp,2026-03-07,quantile,0.5,268
2026-02-28,47,1,wk inc flu hosp,2026-03-07,quantile,0.55,276
2026-02-28,47,1,wk inc flu hosp,2026-03-07,quantile,0.6,286
2026-02-28,47,1,wk inc flu hosp,2026-03-07,quantile,0.65,300
2026-02-28,47,1,wk inc flu hosp,2026-03-07,quantile,0.7,312
2026-02-28,47,1,wk inc flu hosp,2026-03-07,quantile,0.75,326
2026-02-28,47,1,wk inc flu hosp,2026-03-07,quantile,0.8,343
2026-02-28,47,1,wk inc flu hosp,2026-03-07,quantile,0.85,372
2026-02-28,47,1,wk inc flu hosp,2026-03-07,quantile,0.9,405
2026-02-28,47,1,wk inc flu hosp,2026-03-07,quantile,0.95,452
2026-02-28,47,1,wk inc flu hosp,2026-03-07,quantile,0.975,495
2026-02-28,47,1,wk inc flu hosp,2026-03-07,quantile,0.99,547
2026-02-28,47,2,wk inc flu hosp,2026-03-14,quantile,0.01,65
2026-02-28,47,2,wk inc flu hosp,2026-03-14,quantile,0.025,81
2026-02-28,47,2,wk inc flu hosp,2026-03-14,quantile,0.05,103
2026-02-28,47,2,wk inc flu hosp,2026-03-14,quantile,0.1,122
2026-02-28,47,2,wk inc flu hosp,2026-03-14,quantile,0.15,138
2026-02-28,47,2,wk inc flu hosp,2026-03-14,quantile,0.2,151
2026-02-28,47,2,wk inc flu hosp,2026-03-14,quantile,0.25,165
2026-02-28,47,2,wk inc flu hosp,2026-03-14,quantile,0.3,176
2026-02-28,47,2,wk inc flu hosp,2026-03-14,quantile,0.35,191
2026-02-28,47,2,wk inc flu hosp,2026-03-14,quantile,0.4,203
2026-02-28,47,2,wk inc flu hosp,2026-03-14,quantile,0.45,213
2026-02-28,47,2,wk inc flu hosp,2026-03-14,quantile,0.5,225
2026-02-28,47,2,wk inc flu hosp,2026-03-14,quantile,0.55,237
2026-02-28,47,2,wk inc flu hosp,2026-03-14,quantile,0.6,252
2026-02-28,47,2,wk inc flu hosp,2026-03-14,quantile,0.65,269
2026-02-28,47,2,wk inc flu hosp,2026-03-14,quantile,0.7,282
2026-02-28,47,2,wk inc flu hosp,2026-03-14,quantile,0.75,301
2026-02-28,47,2,wk inc flu hosp,2026-03-14,quantile,0.8,322
2026-02-28,47,2,wk inc flu hosp,2026-03-14,quantile,0.85,349
2026-02-28,47,2,wk inc flu hosp,2026-03-14,quantile,0.9,387
2026-02-28,47,2,wk inc flu hosp,2026-03-14,quantile,0.95,441
2026-02-28,47,2,wk inc flu hosp,2026-03-14,quantile,0.975,497
2026-02-28,47,2,wk inc flu hosp,2026-03-14,quantile,0.99,570
2026-02-28,47,3,wk inc flu hosp,2026-03-21,quantile,0.01,44
2026-02-28,47,3,wk inc flu hosp,2026-03-21,quantile,0.025,56
2026-02-28,47,3,wk inc flu hosp,2026-03-21,quantile,0.05,71
2026-02-28,47,3,wk inc flu hosp,2026-03-21,quantile,0.1,89
2026-02-28,47,3,wk inc flu hosp,2026-03-21,quantile,0.15,105
2026-02-28,47,3,wk inc flu hosp,2026-03-21,quantile,0.2,130
2026-02-28,47,3,wk inc flu hosp,2026-03-21,quantile,0.25,143
2026-02-28,47,3,wk inc flu hosp,2026-03-21,quantile,0.3,154
2026-02-28,47,3,wk inc flu hosp,2026-03-21,quantile,0.35,165
2026-02-28,47,3,wk inc flu hosp,2026-03-21,quantile,0.4,176
2026-02-28,47,3,wk inc flu hosp,2026-03-21,quantile,0.45,187
2026-02-28,47,3,wk inc flu hosp,2026-03-21,quantile,0.5,199
2026-02-28,47,3,wk inc flu hosp,2026-03-21,quantile,0.55,212
2026-02-28,47,3,wk inc flu hosp,2026-03-21,quantile,0.6,224
2026-02-28,47,3,wk inc flu hosp,2026-03-21,quantile,0.65,238
2026-02-28,47,3,wk inc flu hosp,2026-03-21,quantile,0.7,255
2026-02-28,47,3,wk inc flu hosp,2026-03-21,quantile,0.75,276
2026-02-28,47,3,wk inc flu hosp,2026-03-21,quantile,0.8,299
2026-02-28,47,3,wk inc flu hosp,2026-03-21,quantile,0.85,328
2026-02-28,47,3,wk inc flu hosp,2026-03-21,quantile,0.9,360
2026-02-28,47,3,wk inc flu hosp,2026-03-21,quantile,0.95,434
2026-02-28,47,3,wk inc flu hosp,2026-03-21,quantile,0.975,506
2026-02-28,47,3,wk inc flu hosp,2026-03-21,quantile,0.99,617
2026-02-28,48,0,wk inc flu hosp,2026-02-28,quantile,0.01,433
2026-02-28,48,0,wk inc flu hosp,2026-02-28,quantile,0.025,486
2026-02-28,48,0,wk inc flu hosp,2026-02-28,quantile,0.05,533
2026-02-28,48,0,wk inc flu hosp,2026-02-28,quantile,0.1,599
2026-02-28,48,0,wk inc flu hosp,2026-02-28,quantile,0.15,629
2026-02-28,48,0,wk inc flu hosp,2026-02-28,quantile,0.2,666
2026-02-28,48,0,wk inc flu hosp,2026-02-28,quantile,0.25,698
2026-02-28,48,0,wk inc flu hosp,2026-02-28,quantile,0.3,730
2026-02-28,48,0,wk inc flu hosp,2026-02-28,quantile,0.35,764
2026-02-28,48,0,wk inc flu hosp,2026-02-28,quantile,0.4,787
2026-02-28,48,0,wk inc flu hosp,2026-02-28,quantile,0.45,812
2026-02-28,48,0,wk inc flu hosp,2026-02-28,quantile,0.5,829
2026-02-28,48,0,wk inc flu hosp,2026-02-28,quantile,0.55,848
2026-02-28,48,0,wk inc flu hosp,2026-02-28,quantile,0.6,871
2026-02-28,48,0,wk inc flu hosp,2026-02-28,quantile,0.65,900
2026-02-28,48,0,wk inc flu hosp,2026-02-28,quantile,0.7,936
2026-02-28,48,0,wk inc flu hosp,2026-02-28,quantile,0.75,970
2026-02-28,48,0,wk inc flu hosp,2026-02-28,quantile,0.8,1002
2026-02-28,48,0,wk inc flu hosp,2026-02-28,quantile,0.85,1039
2026-02-28,48,0,wk inc flu hosp,2026-02-28,quantile,0.9,1104
2026-02-28,48,0,wk inc flu hosp,2026-02-28,quantile,0.95,1195
2026-02-28,48,0,wk inc flu hosp,2026-02-28,quantile,0.975,1275
2026-02-28,48,0,wk inc flu hosp,2026-02-28,quantile,0.99,1381
2026-02-28,48,1,wk inc flu hosp,2026-03-07,quantile,0.01,274
2026-02-28,48,1,wk inc flu hosp,2026-03-07,quantile,0.025,323
2026-02-28,48,1,wk inc flu hosp,2026-03-07,quantile,0.05,382
2026-02-28,48,1,wk inc flu hosp,2026-03-07,quantile,0.1,450
2026-02-28,48,1,wk inc flu hosp,2026-03-07,quantile,0.15,483
2026-02-28,48,1,wk inc flu hosp,2026-03-07,quantile,0.2,522
2026-02-28,48,1,wk inc flu hosp,2026-03-07,quantile,0.25,546
2026-02-28,48,1,wk inc flu hosp,2026-03-07,quantile,0.3,576
2026-02-28,48,1,wk inc flu hosp,2026-03-07,quantile,0.35,620
2026-02-28,48,1,wk inc flu hosp,2026-03-07,quantile,0.4,647
2026-02-28,48,1,wk inc flu hosp,2026-03-07,quantile,0.45,688
2026-02-28,48,1,wk inc flu hosp,2026-03-07,quantile,0.5,722
2026-02-28,48,1,wk inc flu hosp,2026-03-07,quantile,0.55,760
2026-02-28,48,1,wk inc flu hosp,2026-03-07,quantile,0.6,786
2026-02-28,48,1,wk inc flu hosp,2026-03-07,quantile,0.65,811
2026-02-28,48,1,wk inc flu hosp,2026-03-07,quantile,0.7,841
2026-02-28,48,1,wk inc flu hosp,2026-03-07,quantile,0.75,879
2026-02-28,48,1,wk inc flu hosp,2026-03-07,quantile,0.8,928
2026-02-28,48,1,wk inc flu hosp,2026-03-07,quantile,0.85,994
2026-02-28,48,1,wk inc flu hosp,2026-03-07,quantile,0.9,1075
2026-02-28,48,1,wk inc flu hosp,2026-03-07,quantile,0.95,1205
2026-02-28,48,1,wk inc flu hosp,2026-03-07,quantile,0.975,1334
2026-02-28,48,1,wk inc flu hosp,2026-03-07,quantile,0.99,1479
2026-02-28,48,2,wk inc flu hosp,2026-03-14,quantile,0.01,173
2026-02-28,48,2,wk inc flu hosp,2026-03-14,quantile,0.025,214
2026-02-28,48,2,wk inc flu hosp,2026-03-14,quantile,0.05,272
2026-02-28,48,2,wk inc flu hosp,2026-03-14,quantile,0.1,339
2026-02-28,48,2,wk inc flu hosp,2026-03-14,quantile,0.15,397
2026-02-28,48,2,wk inc flu hosp,2026-03-14,quantile,0.2,429
2026-02-28,48,2,wk inc flu hosp,2026-03-14,quantile,0.25,469
2026-02-28,48,2,wk inc flu hosp,2026-03-14,quantile,0.3,504
2026-02-28,48,2,wk inc flu hosp,2026-03-14,quantile,0.35,528
2026-02-28,48,2,wk inc flu hosp,2026-03-14,quantile,0.4,568
2026-02-28,48,2,wk inc flu hosp,2026-03-14,quantile,0.45,615
2026-02-28,48,2,wk inc flu hosp,2026-03-14,quantile,0.5,646
2026-02-28,48,2,wk inc flu hosp,2026-03-14,quantile,0.55,683
2026-02-28,48,2,wk inc flu hosp,2026-03-14,quantile,0.6,712
2026-02-28,48,2,wk inc flu hosp,2026-03-14,quantile,0.65,729
2026-02-28,48,2,wk inc flu hosp,2026-03-14,quantile,0.7,753
2026-02-28,48,2,wk inc flu hosp,2026-03-14,quantile,0.75,776
2026-02-28,48,2,wk inc flu hosp,2026-03-14,quantile,0.8,832
2026-02-28,48,2,wk inc flu hosp,2026-03-14,quantile,0.85,905
2026-02-28,48,2,wk inc flu hosp,2026-03-14,quantile,0.9,1064
2026-02-28,48,2,wk inc flu hosp,2026-03-14,quantile,0.95,1221
2026-02-28,48,2,wk inc flu hosp,2026-03-14,quantile,0.975,1341
2026-02-28,48,2,wk inc flu hosp,2026-03-14,quantile,0.99,1574
2026-02-28,48,3,wk inc flu hosp,2026-03-21,quantile,0.01,102
2026-02-28,48,3,wk inc flu hosp,2026-03-21,quantile,0.025,144
2026-02-28,48,3,wk inc flu hosp,2026-03-21,quantile,0.05,198
2026-02-28,48,3,wk inc flu hosp,2026-03-21,quantile,0.1,277
2026-02-28,48,3,wk inc flu hosp,2026-03-21,quantile,0.15,320
2026-02-28,48,3,wk inc flu hosp,2026-03-21,quantile,0.2,356
2026-02-28,48,3,wk inc flu hosp,2026-03-21,quantile,0.25,397
2026-02-28,48,3,wk inc flu hosp,2026-03-21,quantile,0.3,411
2026-02-28,48,3,wk inc flu hosp,2026-03-21,quantile,0.35,432
2026-02-28,48,3,wk inc flu hosp,2026-03-21,quantile,0.4,494
2026-02-28,48,3,wk inc flu hosp,2026-03-21,quantile,0.45,524
2026-02-28,48,3,wk inc flu hosp,2026-03-21,quantile,0.5,551
2026-02-28,48,3,wk inc flu hosp,2026-03-21,quantile,0.55,590
2026-02-28,48,3,wk inc flu hosp,2026-03-21,quantile,0.6,625
2026-02-28,48,3,wk inc flu hosp,2026-03-21,quantile,0.65,640
2026-02-28,48,3,wk inc flu hosp,2026-03-21,quantile,0.7,681
2026-02-28,48,3,wk inc flu hosp,2026-03-21,quantile,0.75,706
2026-02-28,48,3,wk inc flu hosp,2026-03-21,quantile,0.8,733
2026-02-28,48,3,wk inc flu hosp,2026-03-21,quantile,0.85,776
2026-02-28,48,3,wk inc flu hosp,2026-03-21,quantile,0.9,945
2026-02-28,48,3,wk inc flu hosp,2026-03-21,quantile,0.95,1189
2026-02-28,48,3,wk inc flu hosp,2026-03-21,quantile,0.975,1328
2026-02-28,48,3,wk inc flu hosp,2026-03-21,quantile,0.99,1561
2026-02-28,49,0,wk inc flu hosp,2026-02-28,quantile,0.01,20
2026-02-28,49,0,wk inc flu hosp,2026-02-28,quantile,0.025,25
2026-02-28,49,0,wk inc flu hosp,2026-02-28,quantile,0.05,29
2026-02-28,49,0,wk inc flu hosp,2026-02-28,quantile,0.1,34
2026-02-28,49,0,wk inc flu hosp,2026-02-28,quantile,0.15,38
2026-02-28,49,0,wk inc flu hosp,2026-02-28,quantile,0.2,40
2026-02-28,49,0,wk inc flu hosp,2026-02-28,quantile,0.25,43
2026-02-28,49,0,wk inc flu hosp,2026-02-28,quantile,0.3,46
2026-02-28,49,0,wk inc flu hosp,2026-02-28,quantile,0.35,49
2026-02-28,49,0,wk inc flu hosp,2026-02-28,quantile,0.4,51
2026-02-28,49,0,wk inc flu hosp,2026-02-28,quantile,0.45,53
2026-02-28,49,0,wk inc flu hosp,2026-02-28,quantile,0.5,57
2026-02-28,49,0,wk inc flu hosp,2026-02-28,quantile,0.55,59
2026-02-28,49,0,wk inc flu hosp,2026-02-28,quantile,0.6,62
2026-02-28,49,0,wk inc flu hosp,2026-02-28,quantile,0.65,64
2026-02-28,49,0,wk inc flu hosp,2026-02-28,quantile,0.7,67
2026-02-28,49,0,wk inc flu hosp,2026-02-28,quantile,0.75,70
2026-02-28,49,0,wk inc flu hosp,2026-02-28,quantile,0.8,72
2026-02-28,49,0,wk inc flu hosp,2026-02-28,quantile,0.85,77
2026-02-28,49,0,wk inc flu hosp,2026-02-28,quantile,0.9,85
2026-02-28,49,0,wk inc flu hosp,2026-02-28,quantile,0.95,95
2026-02-28,49,0,wk inc flu hosp,2026-02-28,quantile,0.975,104
2026-02-28,49,0,wk inc flu hosp,2026-02-28,quantile,0.99,118
2026-02-28,49,1,wk inc flu hosp,2026-03-07,quantile,0.01,9
2026-02-28,49,1,wk inc flu hosp,2026-03-07,quantile,0.025,14
2026-02-28,49,1,wk inc flu hosp,2026-03-07,quantile,0.05,20
2026-02-28,49,1,wk inc flu hosp,2026-03-07,quantile,0.1,24
2026-02-28,49,1,wk inc flu hosp,2026-03-07,quantile,0.15,28
2026-02-28,49,1,wk inc flu hosp,2026-03-07,quantile,0.2,31
2026-02-28,49,1,wk inc flu hosp,2026-03-07,quantile,0.25,35
2026-02-28,49,1,wk inc flu hosp,2026-03-07,quantile,0.3,37
2026-02-28,49,1,wk inc flu hosp,2026-03-07,quantile,0.35,40
2026-02-28,49,1,wk inc flu hosp,2026-03-07,quantile,0.4,42
2026-02-28,49,1,wk inc flu hosp,2026-03-07,quantile,0.45,44
2026-02-28,49,1,wk inc flu hosp,2026-03-07,quantile,0.5,49
2026-02-28,49,1,wk inc flu hosp,2026-03-07,quantile,0.55,51
2026-02-28,49,1,wk inc flu hosp,2026-03-07,quantile,0.6,53
2026-02-28,49,1,wk inc flu hosp,2026-03-07,quantile,0.65,57
2026-02-28,49,1,wk inc flu hosp,2026-03-07,quantile,0.7,60
2026-02-28,49,1,wk inc flu hosp,2026-03-07,quantile,0.75,65
2026-02-28,49,1,wk inc flu hosp,2026-03-07,quantile,0.8,70
2026-02-28,49,1,wk inc flu hosp,2026-03-07,quantile,0.85,76
2026-02-28,49,1,wk inc flu hosp,2026-03-07,quantile,0.9,84
2026-02-28,49,1,wk inc flu hosp,2026-03-07,quantile,0.95,96
2026-02-28,49,1,wk inc flu hosp,2026-03-07,quantile,0.975,112
2026-02-28,49,1,wk inc flu hosp,2026-03-07,quantile,0.99,126
2026-02-28,49,2,wk inc flu hosp,2026-03-14,quantile,0.01,5
2026-02-28,49,2,wk inc flu hosp,2026-03-14,quantile,0.025,8
2026-02-28,49,2,wk inc flu hosp,2026-03-14,quantile,0.05,14
2026-02-28,49,2,wk inc flu hosp,2026-03-14,quantile,0.1,18
2026-02-28,49,2,wk inc flu hosp,2026-03-14,quantile,0.15,21
2026-02-28,49,2,wk inc flu hosp,2026-03-14,quantile,0.2,26
2026-02-28,49,2,wk inc flu hosp,2026-03-14,quantile,0.25,29
2026-02-28,49,2,wk inc flu hosp,2026-03-14,quantile,0.3,31
2026-02-28,49,2,wk inc flu hosp,2026-03-14,quantile,0.35,33
2026-02-28,49,2,wk inc flu hosp,2026-03-14,quantile,0.4,36
2026-02-28,49,2,wk inc flu hosp,2026-03-14,quantile,0.45,37
2026-02-28,49,2,wk inc flu hosp,2026-03-14,quantile,0.5,40
2026-02-28,49,2,wk inc flu hosp,2026-03-14,quantile,0.55,44
2026-02-28,49,2,wk inc flu hosp,2026-03-14,quantile,0.6,48
2026-02-28,49,2,wk inc flu hosp,2026-03-14,quantile,0.65,50
2026-02-28,49,2,wk inc flu hosp,2026-03-14,quantile,0.7,55
2026-02-28,49,2,wk inc flu hosp,2026-03-14,quantile,0.75,59
2026-02-28,49,2,wk inc flu hosp,2026-03-14,quantile,0.8,63
2026-02-28,49,2,wk inc flu hosp,2026-03-14,quantile,0.85,72
2026-02-28,49,2,wk inc flu hosp,2026-03-14,quantile,0.9,84
2026-02-28,49,2,wk inc flu hosp,2026-03-14,quantile,0.95,100
2026-02-28,49,2,wk inc flu hosp,2026-03-14,quantile,0.975,114
2026-02-28,49,2,wk inc flu hosp,2026-03-14,quantile,0.99,142
2026-02-28,49,3,wk inc flu hosp,2026-03-21,quantile,0.01,3
2026-02-28,49,3,wk inc flu hosp,2026-03-21,quantile,0.025,5
2026-02-28,49,3,wk inc flu hosp,2026-03-21,quantile,0.05,7
2026-02-28,49,3,wk inc flu hosp,2026-03-21,quantile,0.1,13
2026-02-28,49,3,wk inc flu hosp,2026-03-21,quantile,0.15,16
2026-02-28,49,3,wk inc flu hosp,2026-03-21,quantile,0.2,19
2026-02-28,49,3,wk inc flu hosp,2026-03-21,quantile,0.25,22
2026-02-28,49,3,wk inc flu hosp,2026-03-21,quantile,0.3,25
2026-02-28,49,3,wk inc flu hosp,2026-03-21,quantile,0.35,27
2026-02-28,49,3,wk inc flu hosp,2026-03-21,quantile,0.4,29
2026-02-28,49,3,wk inc flu hosp,2026-03-21,quantile,0.45,31
2026-02-28,49,3,wk inc flu hosp,2026-03-21,quantile,0.5,34
2026-02-28,49,3,wk inc flu hosp,2026-03-21,quantile,0.55,36
2026-02-28,49,3,wk inc flu hosp,2026-03-21,quantile,0.6,40
2026-02-28,49,3,wk inc flu hosp,2026-03-21,quantile,0.65,43
2026-02-28,49,3,wk inc flu hosp,2026-03-21,quantile,0.7,47
2026-02-28,49,3,wk inc flu hosp,2026-03-21,quantile,0.75,53
2026-02-28,49,3,wk inc flu hosp,2026-03-21,quantile,0.8,59
2026-02-28,49,3,wk inc flu hosp,2026-03-21,quantile,0.85,64
2026-02-28,49,3,wk inc flu hosp,2026-03-21,quantile,0.9,77
2026-02-28,49,3,wk inc flu hosp,2026-03-21,quantile,0.95,99
2026-02-28,49,3,wk inc flu hosp,2026-03-21,quantile,0.975,117
2026-02-28,49,3,wk inc flu hosp,2026-03-21,quantile,0.99,137
2026-02-28,50,0,wk inc flu hosp,2026-02-28,quantile,0.01,4
2026-02-28,50,0,wk inc flu hosp,2026-02-28,quantile,0.025,4
2026-02-28,50,0,wk inc flu hosp,2026-02-28,quantile,0.05,6
2026-02-28,50,0,wk inc flu hosp,2026-02-28,quantile,0.1,7
2026-02-28,50,0,wk inc flu hosp,2026-02-28,quantile,0.15,9
2026-02-28,50,0,wk inc flu hosp,2026-02-28,quantile,0.2,11
2026-02-28,50,0,wk inc flu hosp,2026-02-28,quantile,0.25,12
2026-02-28,50,0,wk inc flu hosp,2026-02-28,quantile,0.3,13
2026-02-28,50,0,wk inc flu hosp,2026-02-28,quantile,0.35,13
2026-02-28,50,0,wk inc flu hosp,2026-02-28,quantile,0.4,14
2026-02-28,50,0,wk inc flu hosp,2026-02-28,quantile,0.45,15
2026-02-28,50,0,wk inc flu hosp,2026-02-28,quantile,0.5,16
2026-02-28,50,0,wk inc flu hosp,2026-02-28,quantile,0.55,16
2026-02-28,50,0,wk inc flu hosp,2026-02-28,quantile,0.6,17
2026-02-28,50,0,wk inc flu hosp,2026-02-28,quantile,0.65,18
2026-02-28,50,0,wk inc flu hosp,2026-02-28,quantile,0.7,19
2026-02-28,50,0,wk inc flu hosp,2026-02-28,quantile,0.75,20
2026-02-28,50,0,wk inc flu hosp,2026-02-28,quantile,0.8,21
2026-02-28,50,0,wk inc flu hosp,2026-02-28,quantile,0.85,23
2026-02-28,50,0,wk inc flu hosp,2026-02-28,quantile,0.9,25
2026-02-28,50,0,wk inc flu hosp,2026-02-28,quantile,0.95,28
2026-02-28,50,0,wk inc flu hosp,2026-02-28,quantile,0.975,32
2026-02-28,50,0,wk inc flu hosp,2026-02-28,quantile,0.99,35
2026-02-28,50,1,wk inc flu hosp,2026-03-07,quantile,0.01,1
2026-02-28,50,1,wk inc flu hosp,2026-03-07,quantile,0.025,2
2026-02-28,50,1,wk inc flu hosp,2026-03-07,quantile,0.05,4
2026-02-28,50,1,wk inc flu hosp,2026-03-07,quantile,0.1,6
2026-02-28,50,1,wk inc flu hosp,2026-03-07,quantile,0.15,7
2026-02-28,50,1,wk inc flu hosp,2026-03-07,quantile,0.2,8
2026-02-28,50,1,wk inc flu hosp,2026-03-07,quantile,0.25,9
2026-02-28,50,1,wk inc flu hosp,2026-03-07,quantile,0.3,10
2026-02-28,50,1,wk inc flu hosp,2026-03-07,quantile,0.35,11
2026-02-28,50,1,wk inc flu hosp,2026-03-07,quantile,0.4,12
2026-02-28,50,1,wk inc flu hosp,2026-03-07,quantile,0.45,13
2026-02-28,50,1,wk inc flu hosp,2026-03-07,quantile,0.5,14
2026-02-28,50,1,wk inc flu hosp,2026-03-07,quantile,0.55,15
2026-02-28,50,1,wk inc flu hosp,2026-03-07,quantile,0.6,15
2026-02-28,50,1,wk inc flu hosp,2026-03-07,quantile,0.65,16
2026-02-28,50,1,wk inc flu hosp,2026-03-07,quantile,0.7,18
2026-02-28,50,1,wk inc flu hosp,2026-03-07,quantile,0.75,19
2026-02-28,50,1,wk inc flu hosp,2026-03-07,quantile,0.8,21
2026-02-28,50,1,wk inc flu hosp,2026-03-07,quantile,0.85,22
2026-02-28,50,1,wk inc flu hosp,2026-03-07,quantile,0.9,24
2026-02-28,50,1,wk inc flu hosp,2026-03-07,quantile,0.95,29
2026-02-28,50,1,wk inc flu hosp,2026-03-07,quantile,0.975,35
2026-02-28,50,1,wk inc flu hosp,2026-03-07,quantile,0.99,43
2026-02-28,50,2,wk inc flu hosp,2026-03-14,quantile,0.01,0
2026-02-28,50,2,wk inc flu hosp,2026-03-14,quantile,0.025,1
2026-02-28,50,2,wk inc flu hosp,2026-03-14,quantile,0.05,2
2026-02-28,50,2,wk inc flu hosp,2026-03-14,quantile,0.1,4
2026-02-28,50,2,wk inc flu hosp,2026-03-14,quantile,0.15,5
2026-02-28,50,2,wk inc flu hosp,2026-03-14,quantile,0.2,6
2026-02-28,50,2,wk inc flu hosp,2026-03-14,quantile,0.25,7
2026-02-28,50,2,wk inc flu hosp,2026-03-14,quantile,0.3,8
2026-02-28,50,2,wk inc flu hosp,2026-03-14,quantile,0.35,9
2026-02-28,50,2,wk inc flu hosp,2026-03-14,quantile,0.4,10
2026-02-28,50,2,wk inc flu hosp,2026-03-14,quantile,0.45,11
2026-02-28,50,2,wk inc flu hosp,2026-03-14,quantile,0.5,11
2026-02-28,50,2,wk inc flu hosp,2026-03-14,quantile,0.55,13
2026-02-28,50,2,wk inc flu hosp,2026-03-14,quantile,0.6,14
2026-02-28,50,2,wk inc flu hosp,2026-03-14,quantile,0.65,15
2026-02-28,50,2,wk inc flu hosp,2026-03-14,quantile,0.7,15
2026-02-28,50,2,wk inc flu hosp,2026-03-14,quantile,0.75,17
2026-02-28,50,2,wk inc flu hosp,2026-03-14,quantile,0.8,18
2026-02-28,50,2,wk inc flu hosp,2026-03-14,quantile,0.85,21
2026-02-28,50,2,wk inc flu hosp,2026-03-14,quantile,0.9,25
2026-02-28,50,2,wk inc flu hosp,2026-03-14,quantile,0.95,30
2026-02-28,50,2,wk inc flu hosp,2026-03-14,quantile,0.975,37
2026-02-28,50,2,wk inc flu hosp,2026-03-14,quantile,0.99,45
2026-02-28,50,3,wk inc flu hosp,2026-03-21,quantile,0.01,0
2026-02-28,50,3,wk inc flu hosp,2026-03-21,quantile,0.025,0
2026-02-28,50,3,wk inc flu hosp,2026-03-21,quantile,0.05,1
2026-02-28,50,3,wk inc flu hosp,2026-03-21,quantile,0.1,3
2026-02-28,50,3,wk inc flu hosp,2026-03-21,quantile,0.15,4
2026-02-28,50,3,wk inc flu hosp,2026-03-21,quantile,0.2,5
2026-02-28,50,3,wk inc flu hosp,2026-03-21,quantile,0.25,6
2026-02-28,50,3,wk inc flu hosp,2026-03-21,quantile,0.3,7
2026-02-28,50,3,wk inc flu hosp,2026-03-21,quantile,0.35,8
2026-02-28,50,3,wk inc flu hosp,2026-03-21,quantile,0.4,8
2026-02-28,50,3,wk inc flu hosp,2026-03-21,quantile,0.45,9
2026-02-28,50,3,wk inc flu hosp,2026-03-21,quantile,0.5,10
2026-02-28,50,3,wk inc flu hosp,2026-03-21,quantile,0.55,11
2026-02-28,50,3,wk inc flu hosp,2026-03-21,quantile,0.6,12
2026-02-28,50,3,wk inc flu hosp,2026-03-21,quantile,0.65,13
2026-02-28,50,3,wk inc flu hosp,2026-03-21,quantile,0.7,15
2026-02-28,50,3,wk inc flu hosp,2026-03-21,quantile,0.75,16
2026-02-28,50,3,wk inc flu hosp,2026-03-21,quantile,0.8,17
2026-02-28,50,3,wk inc flu hosp,2026-03-21,quantile,0.85,20
2026-02-28,50,3,wk inc flu hosp,2026-03-21,quantile,0.9,24
2026-02-28,50,3,wk inc flu hosp,2026-03-21,quantile,0.95,31
2026-02-28,50,3,wk inc flu hosp,2026-03-21,quantile,0.975,38
2026-02-28,50,3,wk inc flu hosp,2026-03-21,quantile,0.99,47
2026-02-28,51,0,wk inc flu hosp,2026-02-28,quantile,0.01,111
2026-02-28,51,0,wk inc flu hosp,2026-02-28,quantile,0.025,128
2026-02-28,51,0,wk inc flu hosp,2026-02-28,quantile,0.05,148
2026-02-28,51,0,wk inc flu hosp,2026-02-28,quantile,0.1,165
2026-02-28,51,0,wk inc flu hosp,2026-02-28,quantile,0.15,179
2026-02-28,51,0,wk inc flu hosp,2026-02-28,quantile,0.2,190
2026-02-28,51,0,wk inc flu hosp,2026-02-28,quantile,0.25,206
2026-02-28,51,0,wk inc flu hosp,2026-02-28,quantile,0.3,214
2026-02-28,51,0,wk inc flu hosp,2026-02-28,quantile,0.35,222
2026-02-28,51,0,wk inc flu hosp,2026-02-28,quantile,0.4,231
2026-02-28,51,0,wk inc flu hosp,2026-02-28,quantile,0.45,241
2026-02-28,51,0,wk inc flu hosp,2026-02-28,quantile,0.5,252
2026-02-28,51,0,wk inc flu hosp,2026-02-28,quantile,0.55,259
2026-02-28,51,0,wk inc flu hosp,2026-02-28,quantile,0.6,266
2026-02-28,51,0,wk inc flu hosp,2026-02-28,quantile,0.65,274
2026-02-28,51,0,wk inc flu hosp,2026-02-28,quantile,0.7,282
2026-02-28,51,0,wk inc flu hosp,2026-02-28,quantile,0.75,293
2026-02-28,51,0,wk inc flu hosp,2026-02-28,quantile,0.8,307
2026-02-28,51,0,wk inc flu hosp,2026-02-28,quantile,0.85,323
2026-02-28,51,0,wk inc flu hosp,2026-02-28,quantile,0.9,345
2026-02-28,51,0,wk inc flu hosp,2026-02-28,quantile,0.95,382
2026-02-28,51,0,wk inc flu hosp,2026-02-28,quantile,0.975,420
2026-02-28,51,0,wk inc flu hosp,2026-02-28,quantile,0.99,465
2026-02-28,51,1,wk inc flu hosp,2026-03-07,quantile,0.01,67
2026-02-28,51,1,wk inc flu hosp,2026-03-07,quantile,0.025,89
2026-02-28,51,1,wk inc flu hosp,2026-03-07,quantile,0.05,109
2026-02-28,51,1,wk inc flu hosp,2026-03-07,quantile,0.1,127
2026-02-28,51,1,wk inc flu hosp,2026-03-07,quantile,0.15,141
2026-02-28,51,1,wk inc flu hosp,2026-03-07,quantile,0.2,156
2026-02-28,51,1,wk inc flu hosp,2026-03-07,quantile,0.25,170
2026-02-28,51,1,wk inc flu hosp,2026-03-07,quantile,0.3,180
2026-02-28,51,1,wk inc flu hosp,2026-03-07,quantile,0.35,193
2026-02-28,51,1,wk inc flu hosp,2026-03-07,quantile,0.4,206
2026-02-28,51,1,wk inc flu hosp,2026-03-07,quantile,0.45,216
2026-02-28,51,1,wk inc flu hosp,2026-03-07,quantile,0.5,225
2026-02-28,51,1,wk inc flu hosp,2026-03-07,quantile,0.55,237
2026-02-28,51,1,wk inc flu hosp,2026-03-07,quantile,0.6,245
2026-02-28,51,1,wk inc flu hosp,2026-03-07,quantile,0.65,263
2026-02-28,51,1,wk inc flu hosp,2026-03-07,quantile,0.7,271
2026-02-28,51,1,wk inc flu hosp,2026-03-07,quantile,0.75,287
2026-02-28,51,1,wk inc flu hosp,2026-03-07,quantile,0.8,304
2026-02-28,51,1,wk inc flu hosp,2026-03-07,quantile,0.85,328
2026-02-28,51,1,wk inc flu hosp,2026-03-07,quantile,0.9,358
2026-02-28,51,1,wk inc flu hosp,2026-03-07,quantile,0.95,397
2026-02-28,51,1,wk inc flu hosp,2026-03-07,quantile,0.975,448
2026-02-28,51,1,wk inc flu hosp,2026-03-07,quantile,0.99,509
2026-02-28,51,2,wk inc flu hosp,2026-03-14,quantile,0.01,44
2026-02-28,51,2,wk inc flu hosp,2026-03-14,quantile,0.025,59
2026-02-28,51,2,wk inc flu hosp,2026-03-14,quantile,0.05,75
2026-02-28,51,2,wk inc flu hosp,2026-03-14,quantile,0.1,100
2026-02-28,51,2,wk inc flu hosp,2026-03-14,quantile,0.15,113
2026-02-28,51,2,wk inc flu hosp,2026-03-14,quantile,0.2,130
2026-02-28,51,2,wk inc flu hosp,2026-03-14,quantile,0.25,144
2026-02-28,51,2,wk inc flu hosp,2026-03-14,quantile,0.3,154
2026-02-28,51,2,wk inc flu hosp,2026-03-14,quantile,0.35,167
2026-02-28,51,2,wk inc flu hosp,2026-03-14,quantile,0.4,181
2026-02-28,51,2,wk inc flu hosp,2026-03-14,quantile,0.45,193
2026-02-28,51,2,wk inc flu hosp,2026-03-14,quantile,0.5,203
2026-02-28,51,2,wk inc flu hosp,2026-03-14,quantile,0.55,219
2026-02-28,51,2,wk inc flu hosp,2026-03-14,quantile,0.6,230
2026-02-28,51,2,wk inc flu hosp,2026-03-14,quantile,0.65,245
2026-02-28,51,2,wk inc flu hosp,2026-03-14,quantile,0.7,260
2026-02-28,51,2,wk inc flu hosp,2026-03-14,quantile,0.75,278
2026-02-28,51,2,wk inc flu hosp,2026-03-14,quantile,0.8,298
2026-02-28,51,2,wk inc flu hosp,2026-03-14,quantile,0.85,316
2026-02-28,51,2,wk inc flu hosp,2026-03-14,quantile,0.9,346
2026-02-28,51,2,wk inc flu hosp,2026-03-14,quantile,0.95,418
2026-02-28,51,2,wk inc flu hosp,2026-03-14,quantile,0.975,473
2026-02-28,51,2,wk inc flu hosp,2026-03-14,quantile,0.99,549
2026-02-28,51,3,wk inc flu hosp,2026-03-21,quantile,0.01,26
2026-02-28,51,3,wk inc flu hosp,2026-03-21,quantile,0.025,42
2026-02-28,51,3,wk inc flu hosp,2026-03-21,quantile,0.05,56
2026-02-28,51,3,wk inc flu hosp,2026-03-21,quantile,0.1,79
2026-02-28,51,3,wk inc flu hosp,2026-03-21,quantile,0.15,92
2026-02-28,51,3,wk inc flu hosp,2026-03-21,quantile,0.2,105
2026-02-28,51,3,wk inc flu hosp,2026-03-21,quantile,0.25,120
2026-02-28,51,3,wk inc flu hosp,2026-03-21,quantile,0.3,130
2026-02-28,51,3,wk inc flu hosp,2026-03-21,quantile,0.35,140
2026-02-28,51,3,wk inc flu hosp,2026-03-21,quantile,0.4,153
2026-02-28,51,3,wk inc flu hosp,2026-03-21,quantile,0.45,162
2026-02-28,51,3,wk inc flu hosp,2026-03-21,quantile,0.5,173
2026-02-28,51,3,wk inc flu hosp,2026-03-21,quantile,0.55,187
2026-02-28,51,3,wk inc flu hosp,2026-03-21,quantile,0.6,199
2026-02-28,51,3,wk inc flu hosp,2026-03-21,quantile,0.65,214
2026-02-28,51,3,wk inc flu hosp,2026-03-21,quantile,0.7,225
2026-02-28,51,3,wk inc flu hosp,2026-03-21,quantile,0.75,239
2026-02-28,51,3,wk inc flu hosp,2026-03-21,quantile,0.8,257
2026-02-28,51,3,wk inc flu hosp,2026-03-21,quantile,0.85,286
2026-02-28,51,3,wk inc flu hosp,2026-03-21,quantile,0.9,332
2026-02-28,51,3,wk inc flu hosp,2026-03-21,quantile,0.95,404
2026-02-28,51,3,wk inc flu hosp,2026-03-21,quantile,0.975,490
2026-02-28,51,3,wk inc flu hosp,2026-03-21,quantile,0.99,566
2026-02-28,53,0,wk inc flu hosp,2026-02-28,quantile,0.01,97
2026-02-28,53,0,wk inc flu hosp,2026-02-28,quantile,0.025,107
2026-02-28,53,0,wk inc flu hosp,2026-02-28,quantile,0.05,126
2026-02-28,53,0,wk inc flu hosp,2026-02-28,quantile,0.1,143
2026-02-28,53,0,wk inc flu hosp,2026-02-28,quantile,0.15,153
2026-02-28,53,0,wk inc flu hosp,2026-02-28,quantile,0.2,160
2026-02-28,53,0,wk inc flu hosp,2026-02-28,quantile,0.25,165
2026-02-28,53,0,wk inc flu hosp,2026-02-28,quantile,0.3,171
2026-02-28,53,0,wk inc flu hosp,2026-02-28,quantile,0.35,180
2026-02-28,53,0,wk inc flu hosp,2026-02-28,quantile,0.4,188
2026-02-28,53,0,wk inc flu hosp,2026-02-28,quantile,0.45,193
2026-02-28,53,0,wk inc flu hosp,2026-02-28,quantile,0.5,200
2026-02-28,53,0,wk inc flu hosp,2026-02-28,quantile,0.55,208
2026-02-28,53,0,wk inc flu hosp,2026-02-28,quantile,0.6,215
2026-02-28,53,0,wk inc flu hosp,2026-02-28,quantile,0.65,221
2026-02-28,53,0,wk inc flu hosp,2026-02-28,quantile,0.7,228
2026-02-28,53,0,wk inc flu hosp,2026-02-28,quantile,0.75,238
2026-02-28,53,0,wk inc flu hosp,2026-02-28,quantile,0.8,246
2026-02-28,53,0,wk inc flu hosp,2026-02-28,quantile,0.85,256
2026-02-28,53,0,wk inc flu hosp,2026-02-28,quantile,0.9,268
2026-02-28,53,0,wk inc flu hosp,2026-02-28,quantile,0.95,289
2026-02-28,53,0,wk inc flu hosp,2026-02-28,quantile,0.975,310
2026-02-28,53,0,wk inc flu hosp,2026-02-28,quantile,0.99,334
2026-02-28,53,1,wk inc flu hosp,2026-03-07,quantile,0.01,60
2026-02-28,53,1,wk inc flu hosp,2026-03-07,quantile,0.025,72
2026-02-28,53,1,wk inc flu hosp,2026-03-07,quantile,0.05,89
2026-02-28,53,1,wk inc flu hosp,2026-03-07,quantile,0.1,107
2026-02-28,53,1,wk inc flu hosp,2026-03-07,quantile,0.15,115
2026-02-28,53,1,wk inc flu hosp,2026-03-07,quantile,0.2,125
2026-02-28,53,1,wk inc flu hosp,2026-03-07,quantile,0.25,135
2026-02-28,53,1,wk inc flu hosp,2026-03-07,quantile,0.3,144
2026-02-28,53,1,wk inc flu hosp,2026-03-07,quantile,0.35,153
2026-02-28,53,1,wk inc flu hosp,2026-03-07,quantile,0.4,160
2026-02-28,53,1,wk inc flu hosp,2026-03-07,quantile,0.45,167
2026-02-28,53,1,wk inc flu hosp,2026-03-07,quantile,0.5,173
2026-02-28,53,1,wk inc flu hosp,2026-03-07,quantile,0.55,179
2026-02-28,53,1,wk inc flu hosp,2026-03-07,quantile,0.6,190
2026-02-28,53,1,wk inc flu hosp,2026-03-07,quantile,0.65,194
2026-02-28,53,1,wk inc flu hosp,2026-03-07,quantile,0.7,205
2026-02-28,53,1,wk inc flu hosp,2026-03-07,quantile,0.75,210
2026-02-28,53,1,wk inc flu hosp,2026-03-07,quantile,0.8,225
2026-02-28,53,1,wk inc flu hosp,2026-03-07,quantile,0.85,236
2026-02-28,53,1,wk inc flu hosp,2026-03-07,quantile,0.9,253
2026-02-28,53,1,wk inc flu hosp,2026-03-07,quantile,0.95,278
2026-02-28,53,1,wk inc flu hosp,2026-03-07,quantile,0.975,307
2026-02-28,53,1,wk inc flu hosp,2026-03-07,quantile,0.99,337
2026-02-28,53,2,wk inc flu hosp,2026-03-14,quantile,0.01,42
2026-02-28,53,2,wk inc flu hosp,2026-03-14,quantile,0.025,54
2026-02-28,53,2,wk inc flu hosp,2026-03-14,quantile,0.05,65
2026-02-28,53,2,wk inc flu hosp,2026-03-14,quantile,0.1,81
2026-02-28,53,2,wk inc flu hosp,2026-03-14,quantile,0.15,95
2026-02-28,53,2,wk inc flu hosp,2026-03-14,quantile,0.2,104
2026-02-28,53,2,wk inc flu hosp,2026-03-14,quantile,0.25,114
2026-02-28,53,2,wk inc flu hosp,2026-03-14,quantile,0.3,122
2026-02-28,53,2,wk inc flu hosp,2026-03-14,quantile,0.35,128
2026-02-28,53,2,wk inc flu hosp,2026-03-14,quantile,0.4,136
2026-02-28,53,2,wk inc flu hosp,2026-03-14,quantile,0.45,142
2026-02-28,53,2,wk inc flu hosp,2026-03-14,quantile,0.5,151
2026-02-28,53,2,wk inc flu hosp,2026-03-14,quantile,0.55,157
2026-02-28,53,2,wk inc flu hosp,2026-03-14,quantile,0.6,163
2026-02-28,53,2,wk inc flu hosp,2026-03-14,quantile,0.65,179
2026-02-28,53,2,wk inc flu hosp,2026-03-14,quantile,0.7,191
2026-02-28,53,2,wk inc flu hosp,2026-03-14,quantile,0.75,203
2026-02-28,53,2,wk inc flu hosp,2026-03-14,quantile,0.8,218
2026-02-28,53,2,wk inc flu hosp,2026-03-14,quantile,0.85,231
2026-02-28,53,2,wk inc flu hosp,2026-03-14,quantile,0.9,260
2026-02-28,53,2,wk inc flu hosp,2026-03-14,quantile,0.95,293
2026-02-28,53,2,wk inc flu hosp,2026-03-14,quantile,0.975,327
2026-02-28,53,2,wk inc flu hosp,2026-03-14,quantile,0.99,383
2026-02-28,53,3,wk inc flu hosp,2026-03-21,quantile,0.01,27
2026-02-28,53,3,wk inc flu hosp,2026-03-21,quantile,0.025,37
2026-02-28,53,3,wk inc flu hosp,2026-03-21,quantile,0.05,48
2026-02-28,53,3,wk inc flu hosp,2026-03-21,quantile,0.1,63
2026-02-28,53,3,wk inc flu hosp,2026-03-21,quantile,0.15,81
2026-02-28,53,3,wk inc flu hosp,2026-03-21,quantile,0.2,89
2026-02-28,53,3,wk inc flu hosp,2026-03-21,quantile,0.25,96
2026-02-28,53,3,wk inc flu hosp,2026-03-21,quantile,0.3,104
2026-02-28,53,3,wk inc flu hosp,2026-03-21,quantile,0.35,111
2026-02-28,53,3,wk inc flu hosp,2026-03-21,quantile,0.4,116
2026-02-28,53,3,wk inc flu hosp,2026-03-21,quantile,0.45,123
2026-02-28,53,3,wk inc flu hosp,2026-03-21,quantile,0.5,132
2026-02-28,53,3,wk inc flu hosp,2026-03-21,quantile,0.55,141
2026-02-28,53,3,wk inc flu hosp,2026-03-21,quantile,0.6,150
2026-02-28,53,3,wk inc flu hosp,2026-03-21,quantile,0.65,161
2026-02-28,53,3,wk inc flu hosp,2026-03-21,quantile,0.7,176
2026-02-28,53,3,wk inc flu hosp,2026-03-21,quantile,0.75,191
2026-02-28,53,3,wk inc flu hosp,2026-03-21,quantile,0.8,208
2026-02-28,53,3,wk inc flu hosp,2026-03-21,quantile,0.85,230
2026-02-28,53,3,wk inc flu hosp,2026-03-21,quantile,0.9,256
2026-02-28,53,3,wk inc flu hosp,2026-03-21,quantile,0.95,295
2026-02-28,53,3,wk inc flu hosp,2026-03-21,quantile,0.975,336
2026-02-28,53,3,wk inc flu hosp,2026-03-21,quantile,0.99,397
2026-02-28,54,0,wk inc flu hosp,2026-02-28,quantile,0.01,49
2026-02-28,54,0,wk inc flu hosp,2026-02-28,quantile,0.025,62
2026-02-28,54,0,wk inc flu hosp,2026-02-28,quantile,0.05,72
2026-02-28,54,0,wk inc flu hosp,2026-02-28,quantile,0.1,81
2026-02-28,54,0,wk inc flu hosp,2026-02-28,quantile,0.15,90
2026-02-28,54,0,wk inc flu hosp,2026-02-28,quantile,0.2,96
2026-02-28,54,0,wk inc flu hosp,2026-02-28,quantile,0.25,105
2026-02-28,54,0,wk inc flu hosp,2026-02-28,quantile,0.3,109
2026-02-28,54,0,wk inc flu hosp,2026-02-28,quantile,0.35,114
2026-02-28,54,0,wk inc flu hosp,2026-02-28,quantile,0.4,118
2026-02-28,54,0,wk inc flu hosp,2026-02-28,quantile,0.45,124
2026-02-28,54,0,wk inc flu hosp,2026-02-28,quantile,0.5,129
2026-02-28,54,0,wk inc flu hosp,2026-02-28,quantile,0.55,133
2026-02-28,54,0,wk inc flu hosp,2026-02-28,quantile,0.6,137
2026-02-28,54,0,wk inc flu hosp,2026-02-28,quantile,0.65,142
2026-02-28,54,0,wk inc flu hosp,2026-02-28,quantile,0.7,148
2026-02-28,54,0,wk inc flu hosp,2026-02-28,quantile,0.75,155
2026-02-28,54,0,wk inc flu hosp,2026-02-28,quantile,0.8,163
2026-02-28,54,0,wk inc flu hosp,2026-02-28,quantile,0.85,172
2026-02-28,54,0,wk inc flu hosp,2026-02-28,quantile,0.9,184
2026-02-28,54,0,wk inc flu hosp,2026-02-28,quantile,0.95,207
2026-02-28,54,0,wk inc flu hosp,2026-02-28,quantile,0.975,226
2026-02-28,54,0,wk inc flu hosp,2026-02-28,quantile,0.99,245
2026-02-28,54,1,wk inc flu hosp,2026-03-07,quantile,0.01,28
2026-02-28,54,1,wk inc flu hosp,2026-03-07,quantile,0.025,37
2026-02-28,54,1,wk inc flu hosp,2026-03-07,quantile,0.05,50
2026-02-28,54,1,wk inc flu hosp,2026-03-07,quantile,0.1,60
2026-02-28,54,1,wk inc flu hosp,2026-03-07,quantile,0.15,68
2026-02-28,54,1,wk inc flu hosp,2026-03-07,quantile,0.2,75
2026-02-28,54,1,wk inc flu hosp,2026-03-07,quantile,0.25,81
2026-02-28,54,1,wk inc flu hosp,2026-03-07,quantile,0.3,86
2026-02-28,54,1,wk inc flu hosp,2026-03-07,quantile,0.35,92
2026-02-28,54,1,wk inc flu hosp,2026-03-07,quantile,0.4,97
2026-02-28,54,1,wk inc flu hosp,2026-03-07,quantile,0.45,103
2026-02-28,54,1,wk inc flu hosp,2026-03-07,quantile,0.5,110
2026-02-28,54,1,wk inc flu hosp,2026-03-07,quantile,0.55,116
2026-02-28,54,1,wk inc flu hosp,2026-03-07,quantile,0.6,123
2026-02-28,54,1,wk inc flu hosp,2026-03-07,quantile,0.65,131
2026-02-28,54,1,wk inc flu hosp,2026-03-07,quantile,0.7,138
2026-02-28,54,1,wk inc flu hosp,2026-03-07,quantile,0.75,146
2026-02-28,54,1,wk inc flu hosp,2026-03-07,quantile,0.8,156
2026-02-28,54,1,wk inc flu hosp,2026-03-07,quantile,0.85,169
2026-02-28,54,1,wk inc flu hosp,2026-03-07,quantile,0.9,183
2026-02-28,54,1,wk inc flu hosp,2026-03-07,quantile,0.95,209
2026-02-28,54,1,wk inc flu hosp,2026-03-07,quantile,0.975,237
2026-02-28,54,1,wk inc flu hosp,2026-03-07,quantile,0.99,259
2026-02-28,54,2,wk inc flu hosp,2026-03-14,quantile,0.01,17
2026-02-28,54,2,wk inc flu hosp,2026-03-14,quantile,0.025,23
2026-02-28,54,2,wk inc flu hosp,2026-03-14,quantile,0.05,35
2026-02-28,54,2,wk inc flu hosp,2026-03-14,quantile,0.1,45
2026-02-28,54,2,wk inc flu hosp,2026-03-14,quantile,0.15,54
2026-02-28,54,2,wk inc flu hosp,2026-03-14,quantile,0.2,60
2026-02-28,54,2,wk inc flu hosp,2026-03-14,quantile,0.25,64
2026-02-28,54,2,wk inc flu hosp,2026-03-14,quantile,0.3,71
2026-02-28,54,2,wk inc flu hosp,2026-03-14,quantile,0.35,77
2026-02-28,54,2,wk inc flu hosp,2026-03-14,quantile,0.4,82
2026-02-28,54,2,wk inc flu hosp,2026-03-14,quantile,0.45,89
2026-02-28,54,2,wk inc flu hosp,2026-03-14,quantile,0.5,96
2026-02-28,54,2,wk inc flu hosp,2026-03-14,quantile,0.55,101
2026-02-28,54,2,wk inc flu hosp,2026-03-14,quantile,0.6,109
2026-02-28,54,2,wk inc flu hosp,2026-03-14,quantile,0.65,116
2026-02-28,54,2,wk inc flu hosp,2026-03-14,quantile,0.7,123
2026-02-28,54,2,wk inc flu hosp,2026-03-14,quantile,0.75,132
2026-02-28,54,2,wk inc flu hosp,2026-03-14,quantile,0.8,143
2026-02-28,54,2,wk inc flu hosp,2026-03-14,quantile,0.85,161
2026-02-28,54,2,wk inc flu hosp,2026-03-14,quantile,0.9,176
2026-02-28,54,2,wk inc flu hosp,2026-03-14,quantile,0.95,210
2026-02-28,54,2,wk inc flu hosp,2026-03-14,quantile,0.975,244
2026-02-28,54,2,wk inc flu hosp,2026-03-14,quantile,0.99,271
2026-02-28,54,3,wk inc flu hosp,2026-03-21,quantile,0.01,12
2026-02-28,54,3,wk inc flu hosp,2026-03-21,quantile,0.025,17
2026-02-28,54,3,wk inc flu hosp,2026-03-21,quantile,0.05,25
2026-02-28,54,3,wk inc flu hosp,2026-03-21,quantile,0.1,33
2026-02-28,54,3,wk inc flu hosp,2026-03-21,quantile,0.15,42
2026-02-28,54,3,wk inc flu hosp,2026-03-21,quantile,0.2,45
2026-02-28,54,3,wk inc flu hosp,2026-03-21,quantile,0.25,48
2026-02-28,54,3,wk inc flu hosp,2026-03-21,quantile,0.3,53
2026-02-28,54,3,wk inc flu hosp,2026-03-21,quantile,0.35,59
2026-02-28,54,3,wk inc flu hosp,2026-03-21,quantile,0.4,66
2026-02-28,54,3,wk inc flu hosp,2026-03-21,quantile,0.45,73
2026-02-28,54,3,wk inc flu hosp,2026-03-21,quantile,0.5,82
2026-02-28,54,3,wk inc flu hosp,2026-03-21,quantile,0.55,89
2026-02-28,54,3,wk inc flu hosp,2026-03-21,quantile,0.6,96
2026-02-28,54,3,wk inc flu hosp,2026-03-21,quantile,0.65,102
2026-02-28,54,3,wk inc flu hosp,2026-03-21,quantile,0.7,108
2026-02-28,54,3,wk inc flu hosp,2026-03-21,quantile,0.75,116
2026-02-28,54,3,wk inc flu hosp,2026-03-21,quantile,0.8,128
2026-02-28,54,3,wk inc flu hosp,2026-03-21,quantile,0.85,147
2026-02-28,54,3,wk inc flu hosp,2026-03-21,quantile,0.9,165
2026-02-28,54,3,wk inc flu hosp,2026-03-21,quantile,0.95,210
2026-02-28,54,3,wk inc flu hosp,2026-03-21,quantile,0.975,244
2026-02-28,54,3,wk inc flu hosp,2026-03-21,quantile,0.99,284
2026-02-28,55,0,wk inc flu hosp,2026-02-28,quantile,0.01,96
2026-02-28,55,0,wk inc flu hosp,2026-02-28,quantile,0.025,107
2026-02-28,55,0,wk inc flu hosp,2026-02-28,quantile,0.05,117
2026-02-28,55,0,wk inc flu hosp,2026-02-28,quantile,0.1,136
2026-02-28,55,0,wk inc flu hosp,2026-02-28,quantile,0.15,147
2026-02-28,55,0,wk inc flu hosp,2026-02-28,quantile,0.2,160
2026-02-28,55,0,wk inc flu hosp,2026-02-28,quantile,0.25,169
2026-02-28,55,0,wk inc flu hosp,2026-02-28,quantile,0.3,177
2026-02-28,55,0,wk inc flu hosp,2026-02-28,quantile,0.35,184
2026-02-28,55,0,wk inc flu hosp,2026-02-28,quantile,0.4,192
2026-02-28,55,0,wk inc flu hosp,2026-02-28,quantile,0.45,200
2026-02-28,55,0,wk inc flu hosp,2026-02-28,quantile,0.5,209
2026-02-28,55,0,wk inc flu hosp,2026-02-28,quantile,0.55,216
2026-02-28,55,0,wk inc flu hosp,2026-02-28,quantile,0.6,227
2026-02-28,55,0,wk inc flu hosp,2026-02-28,quantile,0.65,238
2026-02-28,55,0,wk inc flu hosp,2026-02-28,quantile,0.7,246
2026-02-28,55,0,wk inc flu hosp,2026-02-28,quantile,0.75,255
2026-02-28,55,0,wk inc flu hosp,2026-02-28,quantile,0.8,266
2026-02-28,55,0,wk inc flu hosp,2026-02-28,quantile,0.85,283
2026-02-28,55,0,wk inc flu hosp,2026-02-28,quantile,0.9,311
2026-02-28,55,0,wk inc flu hosp,2026-02-28,quantile,0.95,332
2026-02-28,55,0,wk inc flu hosp,2026-02-28,quantile,0.975,355
2026-02-28,55,0,wk inc flu hosp,2026-02-28,quantile,0.99,382
2026-02-28,55,1,wk inc flu hosp,2026-03-07,quantile,0.01,52
2026-02-28,55,1,wk inc flu hosp,2026-03-07,quantile,0.025,67
2026-02-28,55,1,wk inc flu hosp,2026-03-07,quantile,0.05,85
2026-02-28,55,1,wk inc flu hosp,2026-03-07,quantile,0.1,101
2026-02-28,55,1,wk inc flu hosp,2026-03-07,quantile,0.15,114
2026-02-28,55,1,wk inc flu hosp,2026-03-07,quantile,0.2,125
2026-02-28,55,1,wk inc flu hosp,2026-03-07,quantile,0.25,137
2026-02-28,55,1,wk inc flu hosp,2026-03-07,quantile,0.3,146
2026-02-28,55,1,wk inc flu hosp,2026-03-07,quantile,0.35,156
2026-02-28,55,1,wk inc flu hosp,2026-03-07,quantile,0.4,167
2026-02-28,55,1,wk inc flu hosp,2026-03-07,quantile,0.45,177
2026-02-28,55,1,wk inc flu hosp,2026-03-07,quantile,0.5,191
2026-02-28,55,1,wk inc flu hosp,2026-03-07,quantile,0.55,202
2026-02-28,55,1,wk inc flu hosp,2026-03-07,quantile,0.6,213
2026-02-28,55,1,wk inc flu hosp,2026-03-07,quantile,0.65,223
2026-02-28,55,1,wk inc flu hosp,2026-03-07,quantile,0.7,235
2026-02-28,55,1,wk inc flu hosp,2026-03-07,quantile,0.75,247
2026-02-28,55,1,wk inc flu hosp,2026-03-07,quantile,0.8,259
2026-02-28,55,1,wk inc flu hosp,2026-03-07,quantile,0.85,276
2026-02-28,55,1,wk inc flu hosp,2026-03-07,quantile,0.9,305
2026-02-28,55,1,wk inc flu hosp,2026-03-07,quantile,0.95,354
2026-02-28,55,1,wk inc flu hosp,2026-03-07,quantile,0.975,399
2026-02-28,55,1,wk inc flu hosp,2026-03-07,quantile,0.99,444
2026-02-28,55,2,wk inc flu hosp,2026-03-14,quantile,0.01,28
2026-02-28,55,2,wk inc flu hosp,2026-03-14,quantile,0.025,41
2026-02-28,55,2,wk inc flu hosp,2026-03-14,quantile,0.05,51
2026-02-28,55,2,wk inc flu hosp,2026-03-14,quantile,0.1,73
2026-02-28,55,2,wk inc flu hosp,2026-03-14,quantile,0.15,82
2026-02-28,55,2,wk inc flu hosp,2026-03-14,quantile,0.2,91
2026-02-28,55,2,wk inc flu hosp,2026-03-14,quantile,0.25,106
2026-02-28,55,2,wk inc flu hosp,2026-03-14,quantile,0.3,114
2026-02-28,55,2,wk inc flu hosp,2026-03-14,quantile,0.35,123
2026-02-28,55,2,wk inc flu hosp,2026-03-14,quantile,0.4,135
2026-02-28,55,2,wk inc flu hosp,2026-03-14,quantile,0.45,144
2026-02-28,55,2,wk inc flu hosp,2026-03-14,quantile,0.5,157
2026-02-28,55,2,wk inc flu hosp,2026-03-14,quantile,0.55,168
2026-02-28,55,2,wk inc flu hosp,2026-03-14,quantile,0.6,182
2026-02-28,55,2,wk inc flu hosp,2026-03-14,quantile,0.65,196
2026-02-28,55,2,wk inc flu hosp,2026-03-14,quantile,0.7,212
2026-02-28,55,2,wk inc flu hosp,2026-03-14,quantile,0.75,227
2026-02-28,55,2,wk inc flu hosp,2026-03-14,quantile,0.8,247
2026-02-28,55,2,wk inc flu hosp,2026-03-14,quantile,0.85,274
2026-02-28,55,2,wk inc flu hosp,2026-03-14,quantile,0.9,300
2026-02-28,55,2,wk inc flu hosp,2026-03-14,quantile,0.95,338
2026-02-28,55,2,wk inc flu hosp,2026-03-14,quantile,0.975,394
2026-02-28,55,2,wk inc flu hosp,2026-03-14,quantile,0.99,466
2026-02-28,55,3,wk inc flu hosp,2026-03-21,quantile,0.01,15
2026-02-28,55,3,wk inc flu hosp,2026-03-21,quantile,0.025,22
2026-02-28,55,3,wk inc flu hosp,2026-03-21,quantile,0.05,32
2026-02-28,55,3,wk inc flu hosp,2026-03-21,quantile,0.1,49
2026-02-28,55,3,wk inc flu hosp,2026-03-21,quantile,0.15,63
2026-02-28,55,3,wk inc flu hosp,2026-03-21,quantile,0.2,76
2026-02-28,55,3,wk inc flu hosp,2026-03-21,quantile,0.25,86
2026-02-28,55,3,wk inc flu hosp,2026-03-21,quantile,0.3,93
2026-02-28,55,3,wk inc flu hosp,2026-03-21,quantile,0.35,102
2026-02-28,55,3,wk inc flu hosp,2026-03-21,quantile,0.4,115
2026-02-28,55,3,wk inc flu hosp,2026-03-21,quantile,0.45,124
2026-02-28,55,3,wk inc flu hosp,2026-03-21,quantile,0.5,135
2026-02-28,55,3,wk inc flu hosp,2026-03-21,quantile,0.55,146
2026-02-28,55,3,wk inc flu hosp,2026-03-21,quantile,0.6,158
2026-02-28,55,3,wk inc flu hosp,2026-03-21,quantile,0.65,171
2026-02-28,55,3,wk inc flu hosp,2026-03-21,quantile,0.7,186
2026-02-28,55,3,wk inc flu hosp,2026-03-21,quantile,0.75,202
2026-02-28,55,3,wk inc flu hosp,2026-03-21,quantile,0.8,224
2026-02-28,55,3,wk inc flu hosp,2026-03-21,quantile,0.85,247
2026-02-28,55,3,wk inc flu hosp,2026-03-21,quantile,0.9,281
2026-02-28,55,3,wk inc flu hosp,2026-03-21,quantile,0.95,334
2026-02-28,55,3,wk inc flu hosp,2026-03-21,quantile,0.975,391
2026-02-28,55,3,wk inc flu hosp,2026-03-21,quantile,0.99,467
2026-02-28,56,0,wk inc flu hosp,2026-02-28,quantile,0.01,1
2026-02-28,56,0,wk inc flu hosp,2026-02-28,quantile,0.025,2
2026-02-28,56,0,wk inc flu hosp,2026-02-28,quantile,0.05,3
2026-02-28,56,0,wk inc flu hosp,2026-02-28,quantile,0.1,4
2026-02-28,56,0,wk inc flu hosp,2026-02-28,quantile,0.15,5
2026-02-28,56,0,wk inc flu hosp,2026-02-28,quantile,0.2,6
2026-02-28,56,0,wk inc flu hosp,2026-02-28,quantile,0.25,6
2026-02-28,56,0,wk inc flu hosp,2026-02-28,quantile,0.3,7
2026-02-28,56,0,wk inc flu hosp,2026-02-28,quantile,0.35,8
2026-02-28,56,0,wk inc flu hosp,2026-02-28,quantile,0.4,9
2026-02-28,56,0,wk inc flu hosp,2026-02-28,quantile,0.45,10
2026-02-28,56,0,wk inc flu hosp,2026-02-28,quantile,0.5,11
2026-02-28,56,0,wk inc flu hosp,2026-02-28,quantile,0.55,12
2026-02-28,56,0,wk inc flu hosp,2026-02-28,quantile,0.6,13
2026-02-28,56,0,wk inc flu hosp,2026-02-28,quantile,0.65,13
2026-02-28,56,0,wk inc flu hosp,2026-02-28,quantile,0.7,15
2026-02-28,56,0,wk inc flu hosp,2026-02-28,quantile,0.75,16
2026-02-28,56,0,wk inc flu hosp,2026-02-28,quantile,0.8,17
2026-02-28,56,0,wk inc flu hosp,2026-02-28,quantile,0.85,18
2026-02-28,56,0,wk inc flu hosp,2026-02-28,quantile,0.9,20
2026-02-28,56,0,wk inc flu hosp,2026-02-28,quantile,0.95,23
2026-02-28,56,0,wk inc flu hosp,2026-02-28,quantile,0.975,29
2026-02-28,56,0,wk inc flu hosp,2026-02-28,quantile,0.99,34
2026-02-28,56,1,wk inc flu hosp,2026-03-07,quantile,0.01,0
2026-02-28,56,1,wk inc flu hosp,2026-03-07,quantile,0.025,1
2026-02-28,56,1,wk inc flu hosp,2026-03-07,quantile,0.05,2
2026-02-28,56,1,wk inc flu hosp,2026-03-07,quantile,0.1,2
2026-02-28,56,1,wk inc flu hosp,2026-03-07,quantile,0.15,3
2026-02-28,56,1,wk inc flu hosp,2026-03-07,quantile,0.2,4
2026-02-28,56,1,wk inc flu hosp,2026-03-07,quantile,0.25,5
2026-02-28,56,1,wk inc flu hosp,2026-03-07,quantile,0.3,5
2026-02-28,56,1,wk inc flu hosp,2026-03-07,quantile,0.35,6
2026-02-28,56,1,wk inc flu hosp,2026-03-07,quantile,0.4,7
2026-02-28,56,1,wk inc flu hosp,2026-03-07,quantile,0.45,9
2026-02-28,56,1,wk inc flu hosp,2026-03-07,quantile,0.5,9
2026-02-28,56,1,wk inc flu hosp,2026-03-07,quantile,0.55,10
2026-02-28,56,1,wk inc flu hosp,2026-03-07,quantile,0.6,11
2026-02-28,56,1,wk inc flu hosp,2026-03-07,quantile,0.65,12
2026-02-28,56,1,wk inc flu hosp,2026-03-07,quantile,0.7,13
2026-02-28,56,1,wk inc flu hosp,2026-03-07,quantile,0.75,14
2026-02-28,56,1,wk inc flu hosp,2026-03-07,quantile,0.8,16
2026-02-28,56,1,wk inc flu hosp,2026-03-07,quantile,0.85,19
2026-02-28,56,1,wk inc flu hosp,2026-03-07,quantile,0.9,22
2026-02-28,56,1,wk inc flu hosp,2026-03-07,quantile,0.95,27
2026-02-28,56,1,wk inc flu hosp,2026-03-07,quantile,0.975,33
2026-02-28,56,1,wk inc flu hosp,2026-03-07,quantile,0.99,38
2026-02-28,56,2,wk inc flu hosp,2026-03-14,quantile,0.01,0
2026-02-28,56,2,wk inc flu hosp,2026-03-14,quantile,0.025,0
2026-02-28,56,2,wk inc flu hosp,2026-03-14,quantile,0.05,1
2026-02-28,56,2,wk inc flu hosp,2026-03-14,quantile,0.1,1
2026-02-28,56,2,wk inc flu hosp,2026-03-14,quantile,0.15,2
2026-02-28,56,2,wk inc flu hosp,2026-03-14,quantile,0.2,3
2026-02-28,56,2,wk inc flu hosp,2026-03-14,quantile,0.25,4
2026-02-28,56,2,wk inc flu hosp,2026-03-14,quantile,0.3,4
2026-02-28,56,2,wk inc flu hosp,2026-03-14,quantile,0.35,5
2026-02-28,56,2,wk inc flu hosp,2026-03-14,quantile,0.4,6
2026-02-28,56,2,wk inc flu hosp,2026-03-14,quantile,0.45,6
2026-02-28,56,2,wk inc flu hosp,2026-03-14,quantile,0.5,8
2026-02-28,56,2,wk inc flu hosp,2026-03-14,quantile,0.55,9
2026-02-28,56,2,wk inc flu hosp,2026-03-14,quantile,0.6,10
2026-02-28,56,2,wk inc flu hosp,2026-03-14,quantile,0.65,11
2026-02-28,56,2,wk inc flu hosp,2026-03-14,quantile,0.7,12
2026-02-28,56,2,wk inc flu hosp,2026-03-14,quantile,0.75,14
2026-02-28,56,2,wk inc flu hosp,2026-03-14,quantile,0.8,16
2026-02-28,56,2,wk inc flu hosp,2026-03-14,quantile,0.85,18
2026-02-28,56,2,wk inc flu hosp,2026-03-14,quantile,0.9,20
2026-02-28,56,2,wk inc flu hosp,2026-03-14,quantile,0.95,28
2026-02-28,56,2,wk inc flu hosp,2026-03-14,quantile,0.975,36
2026-02-28,56,2,wk inc flu hosp,2026-03-14,quantile,0.99,43
2026-02-28,56,3,wk inc flu hosp,2026-03-21,quantile,0.01,0
2026-02-28,56,3,wk inc flu hosp,2026-03-21,quantile,0.025,0
2026-02-28,56,3,wk inc flu hosp,2026-03-21,quantile,0.05,0
2026-02-28,56,3,wk inc flu hosp,2026-03-21,quantile,0.1,1
2026-02-28,56,3,wk inc flu hosp,2026-03-21,quantile,0.15,2
2026-02-28,56,3,wk inc flu hosp,2026-03-21,quantile,0.2,2
2026-02-28,56,3,wk inc flu hosp,2026-03-21,quantile,0.25,2
2026-02-28,56,3,wk inc flu hosp,2026-03-21,quantile,0.3,3
2026-02-28,56,3,wk inc flu hosp,2026-03-21,quantile,0.35,4
2026-02-28,56,3,wk inc flu hosp,2026-03-21,quantile,0.4,4
2026-02-28,56,3,wk inc flu hosp,2026-03-21,quantile,0.45,5
2026-02-28,56,3,wk inc flu hosp,2026-03-21,quantile,0.5,7
2026-02-28,56,3,wk inc flu hosp,2026-03-21,quantile,0.55,8
2026-02-28,56,3,wk inc flu hosp,2026-03-21,quantile,0.6,8
2026-02-28,56,3,wk inc flu hosp,2026-03-21,quantile,0.65,10
2026-02-28,56,3,wk inc flu hosp,2026-03-21,quantile,0.7,11
2026-02-28,56,3,wk inc flu hosp,2026-03-21,quantile,0.75,12
2026-02-28,56,3,wk inc flu hosp,2026-03-21,quantile,0.8,14
2026-02-28,56,3,wk inc flu hosp,2026-03-21,quantile,0.85,17
2026-02-28,56,3,wk inc flu hosp,2026-03-21,quantile,0.9,22
2026-02-28,56,3,wk inc flu hosp,2026-03-21,quantile,0.95,30
2026-02-28,56,3,wk inc flu hosp,2026-03-21,quantile,0.975,38
2026-02-28,56,3,wk inc flu hosp,2026-03-21,quantile,0.99,44
2026-02-28,72,0,wk inc flu hosp,2026-02-28,quantile,0.01,64
2026-02-28,72,0,wk inc flu hosp,2026-02-28,quantile,0.025,79
2026-02-28,72,0,wk inc flu hosp,2026-02-28,quantile,0.05,89
2026-02-28,72,0,wk inc flu hosp,2026-02-28,quantile,0.1,107
2026-02-28,72,0,wk inc flu hosp,2026-02-28,quantile,0.15,114
2026-02-28,72,0,wk inc flu hosp,2026-02-28,quantile,0.2,122
2026-02-28,72,0,wk inc flu hosp,2026-02-28,quantile,0.25,130
2026-02-28,72,0,wk inc flu hosp,2026-02-28,quantile,0.3,135
2026-02-28,72,0,wk inc flu hosp,2026-02-28,quantile,0.35,142
2026-02-28,72,0,wk inc flu hosp,2026-02-28,quantile,0.4,148
2026-02-28,72,0,wk inc flu hosp,2026-02-28,quantile,0.45,156
2026-02-28,72,0,wk inc flu hosp,2026-02-28,quantile,0.5,164
2026-02-28,72,0,wk inc flu hosp,2026-02-28,quantile,0.55,169
2026-02-28,72,0,wk inc flu hosp,2026-02-28,quantile,0.6,174
2026-02-28,72,0,wk inc flu hosp,2026-02-28,quantile,0.65,180
2026-02-28,72,0,wk inc flu hosp,2026-02-28,quantile,0.7,186
2026-02-28,72,0,wk inc flu hosp,2026-02-28,quantile,0.75,194
2026-02-28,72,0,wk inc flu hosp,2026-02-28,quantile,0.8,204
2026-02-28,72,0,wk inc flu hosp,2026-02-28,quantile,0.85,217
2026-02-28,72,0,wk inc flu hosp,2026-02-28,quantile,0.9,234
2026-02-28,72,0,wk inc flu hosp,2026-02-28,quantile,0.95,258
2026-02-28,72,0,wk inc flu hosp,2026-02-28,quantile,0.975,285
2026-02-28,72,0,wk inc flu hosp,2026-02-28,quantile,0.99,317
2026-02-28,72,1,wk inc flu hosp,2026-03-07,quantile,0.01,53
2026-02-28,72,1,wk inc flu hosp,2026-03-07,quantile,0.025,63
2026-02-28,72,1,wk inc flu hosp,2026-03-07,quantile,0.05,75
2026-02-28,72,1,wk inc flu hosp,2026-03-07,quantile,0.1,88
2026-02-28,72,1,wk inc flu hosp,2026-03-07,quantile,0.15,98
2026-02-28,72,1,wk inc flu hosp,2026-03-07,quantile,0.2,103
2026-02-28,72,1,wk inc flu hosp,2026-03-07,quantile,0.25,112
2026-02-28,72,1,wk inc flu hosp,2026-03-07,quantile,0.3,120
2026-02-28,72,1,wk inc flu hosp,2026-03-07,quantile,0.35,129
2026-02-28,72,1,wk inc flu hosp,2026-03-07,quantile,0.4,134
2026-02-28,72,1,wk inc flu hosp,2026-03-07,quantile,0.45,148
2026-02-28,72,1,wk inc flu hosp,2026-03-07,quantile,0.5,156
2026-02-28,72,1,wk inc flu hosp,2026-03-07,quantile,0.55,162
2026-02-28,72,1,wk inc flu hosp,2026-03-07,quantile,0.6,169
2026-02-28,72,1,wk inc flu hosp,2026-03-07,quantile,0.65,177
2026-02-28,72,1,wk inc flu hosp,2026-03-07,quantile,0.7,188
2026-02-28,72,1,wk inc flu hosp,2026-03-07,quantile,0.75,195
2026-02-28,72,1,wk inc flu hosp,2026-03-07,quantile,0.8,204
2026-02-28,72,1,wk inc flu hosp,2026-03-07,quantile,0.85,221
2026-02-28,72,1,wk inc flu hosp,2026-03-07,quantile,0.9,246
2026-02-28,72,1,wk inc flu hosp,2026-03-07,quantile,0.95,271
2026-02-28,72,1,wk inc flu hosp,2026-03-07,quantile,0.975,305
2026-02-28,72,1,wk inc flu hosp,2026-03-07,quantile,0.99,343
2026-02-28,72,2,wk inc flu hosp,2026-03-14,quantile,0.01,36
2026-02-28,72,2,wk inc flu hosp,2026-03-14,quantile,0.025,47
2026-02-28,72,2,wk inc flu hosp,2026-03-14,quantile,0.05,62
2026-02-28,72,2,wk inc flu hosp,2026-03-14,quantile,0.1,70
2026-02-28,72,2,wk inc flu hosp,2026-03-14,quantile,0.15,84
2026-02-28,72,2,wk inc flu hosp,2026-03-14,quantile,0.2,93
2026-02-28,72,2,wk inc flu hosp,2026-03-14,quantile,0.25,102
2026-02-28,72,2,wk inc flu hosp,2026-03-14,quantile,0.3,111
2026-02-28,72,2,wk inc flu hosp,2026-03-14,quantile,0.35,119
2026-02-28,72,2,wk inc flu hosp,2026-03-14,quantile,0.4,128
2026-02-28,72,2,wk inc flu hosp,2026-03-14,quantile,0.45,137
2026-02-28,72,2,wk inc flu hosp,2026-03-14,quantile,0.5,147
2026-02-28,72,2,wk inc flu hosp,2026-03-14,quantile,0.55,157
2026-02-28,72,2,wk inc flu hosp,2026-03-14,quantile,0.6,165
2026-02-28,72,2,wk inc flu hosp,2026-03-14,quantile,0.65,173
2026-02-28,72,2,wk inc flu hosp,2026-03-14,quantile,0.7,182
2026-02-28,72,2,wk inc flu hosp,2026-03-14,quantile,0.75,192
2026-02-28,72,2,wk inc flu hosp,2026-03-14,quantile,0.8,208
2026-02-28,72,2,wk inc flu hosp,2026-03-14,quantile,0.85,227
2026-02-28,72,2,wk inc flu hosp,2026-03-14,quantile,0.9,252
2026-02-28,72,2,wk inc flu hosp,2026-03-14,quantile,0.95,301
2026-02-28,72,2,wk inc flu hosp,2026-03-14,quantile,0.975,322
2026-02-28,72,2,wk inc flu hosp,2026-03-14,quantile,0.99,385
2026-02-28,72,3,wk inc flu hosp,2026-03-21,quantile,0.01,28
2026-02-28,72,3,wk inc flu hosp,2026-03-21,quantile,0.025,35
2026-02-28,72,3,wk inc flu hosp,2026-03-21,quantile,0.05,47
2026-02-28,72,3,wk inc flu hosp,2026-03-21,quantile,0.1,58
2026-02-28,72,3,wk inc flu hosp,2026-03-21,quantile,0.15,66
2026-02-28,72,3,wk inc flu hosp,2026-03-21,quantile,0.2,83
2026-02-28,72,3,wk inc flu hosp,2026-03-21,quantile,0.25,93
2026-02-28,72,3,wk inc flu hosp,2026-03-21,quantile,0.3,100
2026-02-28,72,3,wk inc flu hosp,2026-03-21,quantile,0.35,114
2026-02-28,72,3,wk inc flu hosp,2026-03-21,quantile,0.4,120
2026-02-28,72,3,wk inc flu hosp,2026-03-21,quantile,0.45,127
2026-02-28,72,3,wk inc flu hosp,2026-03-21,quantile,0.5,137
2026-02-28,72,3,wk inc flu hosp,2026-03-21,quantile,0.55,149
2026-02-28,72,3,wk inc flu hosp,2026-03-21,quantile,0.6,159
2026-02-28,72,3,wk inc flu hosp,2026-03-21,quantile,0.65,168
2026-02-28,72,3,wk inc flu hosp,2026-03-21,quantile,0.7,177
2026-02-28,72,3,wk inc flu hosp,2026-03-21,quantile,0.75,189
2026-02-28,72,3,wk inc flu hosp,2026-03-21,quantile,0.8,203
2026-02-28,72,3,wk inc flu hosp,2026-03-21,quantile,0.85,224
2026-02-28,72,3,wk inc flu hosp,2026-03-21,quantile,0.9,265
2026-02-28,72,3,wk inc flu hosp,2026-03-21,quantile,0.95,305
2026-02-28,72,3,wk inc flu hosp,2026-03-21,quantile,0.975,340
2026-02-28,72,3,wk inc flu hosp,2026-03-21,quantile,0.99,407
2026-02-28,US,0,wk inc flu hosp,2026-02-28,quantile,0.01,7073
2026-02-28,US,0,wk inc flu hosp,2026-02-28,quantile,0.025,7647
2026-02-28,US,0,wk inc flu hosp,2026-02-28,quantile,0.05,8164
2026-02-28,US,0,wk inc flu hosp,2026-02-28,quantile,0.1,9169
2026-02-28,US,0,wk inc flu hosp,2026-02-28,quantile,0.15,9776
2026-02-28,US,0,wk inc flu hosp,2026-02-28,quantile,0.2,10114
2026-02-28,US,0,wk inc flu hosp,2026-02-28,quantile,0.25,10574
2026-02-28,US,0,wk inc flu hosp,2026-02-28,quantile,0.3,10953
2026-02-28,US,0,wk inc flu hosp,2026-02-28,quantile,0.35,11333
2026-02-28,US,0,wk inc flu hosp,2026-02-28,quantile,0.4,11628
2026-02-28,US,0,wk inc flu hosp,2026-02-28,quantile,0.45,11944
2026-02-28,US,0,wk inc flu hosp,2026-02-28,quantile,0.5,12298
2026-02-28,US,0,wk inc flu hosp,2026-02-28,quantile,0.55,12488
2026-02-28,US,0,wk inc flu hosp,2026-02-28,quantile,0.6,12949
2026-02-28,US,0,wk inc flu hosp,2026-02-28,quantile,0.65,13369
2026-02-28,US,0,wk inc flu hosp,2026-02-28,quantile,0.7,13736
2026-02-28,US,0,wk inc flu hosp,2026-02-28,quantile,0.75,14130
2026-02-28,US,0,wk inc flu hosp,2026-02-28,quantile,0.8,14359
2026-02-28,US,0,wk inc flu hosp,2026-02-28,quantile,0.85,14677
2026-02-28,US,0,wk inc flu hosp,2026-02-28,quantile,0.9,15512
2026-02-28,US,0,wk inc flu hosp,2026-02-28,quantile,0.95,16587
2026-02-28,US,0,wk inc flu hosp,2026-02-28,quantile,0.975,17063
2026-02-28,US,0,wk inc flu hosp,2026-02-28,quantile,0.99,18584
2026-02-28,US,1,wk inc flu hosp,2026-03-07,quantile,0.01,4453
2026-02-28,US,1,wk inc flu hosp,2026-03-07,quantile,0.025,5166
2026-02-28,US,1,wk inc flu hosp,2026-03-07,quantile,0.05,5849
2026-02-28,US,1,wk inc flu hosp,2026-03-07,quantile,0.1,6636
2026-02-28,US,1,wk inc flu hosp,2026-03-07,quantile,0.15,7602
2026-02-28,US,1,wk inc flu hosp,2026-03-07,quantile,0.2,8307
2026-02-28,US,1,wk inc flu hosp,2026-03-07,quantile,0.25,8755
2026-02-28,US,1,wk inc flu hosp,2026-03-07,quantile,0.3,9265
2026-02-28,US,1,wk inc flu hosp,2026-03-07,quantile,0.35,9726
2026-02-28,US,1,wk inc flu hosp,2026-03-07,quantile,0.4,10029
2026-02-28,US,1,wk inc flu hosp,2026-03-07,quantile,0.45,10389
2026-02-28,US,1,wk inc flu hosp,2026-03-07,quantile,0.5,10993
2026-02-28,US,1,wk inc flu hosp,2026-03-07,quantile,0.55,11132
2026-02-28,US,1,wk inc flu hosp,2026-03-07,quantile,0.6,11580
2026-02-28,US,1,wk inc flu hosp,2026-03-07,quantile,0.65,12247
2026-02-28,US,1,wk inc flu hosp,2026-03-07,quantile,0.7,12659
2026-02-28,US,1,wk inc flu hosp,2026-03-07,quantile,0.75,13215
2026-02-28,US,1,wk inc flu hosp,2026-03-07,quantile,0.8,13897
2026-02-28,US,1,wk inc flu hosp,2026-03-07,quantile,0.85,14797
2026-02-28,US,1,wk inc flu hosp,2026-03-07,quantile,0.9,15511
2026-02-28,US,1,wk inc flu hosp,2026-03-07,quantile,0.95,17689
2026-02-28,US,1,wk inc flu hosp,2026-03-07,quantile,0.975,18677
2026-02-28,US,1,wk inc flu hosp,2026-03-07,quantile,0.99,20140
2026-02-28,US,2,wk inc flu hosp,2026-03-14,quantile,0.01,3236
2026-02-28,US,2,wk inc flu hosp,2026-03-14,quantile,0.025,3820
2026-02-28,US,2,wk inc flu hosp,2026-03-14,quantile,0.05,4584
2026-02-28,US,2,wk inc flu hosp,2026-03-14,quantile,0.1,5278
2026-02-28,US,2,wk inc flu hosp,2026-03-14,quantile,0.15,6001
2026-02-28,US,2,wk inc flu hosp,2026-03-14,quantile,0.2,6642
2026-02-28,US,2,wk inc flu hosp,2026-03-14,quantile,0.25,7233
2026-02-28,US,2,wk inc flu hosp,2026-03-14,quantile,0.3,7984
2026-02-28,US,2,wk inc flu hosp,2026-03-14,quantile,0.35,8564
2026-02-28,US,2,wk inc flu hosp,2026-03-14,quantile,0.4,9037
2026-02-28,US,2,wk inc flu hosp,2026-03-14,quantile,0.45,9500
2026-02-28,US,2,wk inc flu hosp,2026-03-14,quantile,0.5,10001
2026-02-28,US,2,wk inc flu hosp,2026-03-14,quantile,0.55,10239
2026-02-28,US,2,wk inc flu hosp,2026-03-14,quantile,0.6,10570
2026-02-28,US,2,wk inc flu hosp,2026-03-14,quantile,0.65,10910
2026-02-28,US,2,wk inc flu hosp,2026-03-14,quantile,0.7,11357
2026-02-28,US,2,wk inc flu hosp,2026-03-14,quantile,0.75,12014
2026-02-28,US,2,wk inc flu hosp,2026-03-14,quantile,0.8,12694
2026-02-28,US,2,wk inc flu hosp,2026-03-14,quantile,0.85,13951
2026-02-28,US,2,wk inc flu hosp,2026-03-14,quantile,0.9,15316
2026-02-28,US,2,wk inc flu hosp,2026-03-14,quantile,0.95,17311
2026-02-28,US,2,wk inc flu hosp,2026-03-14,quantile,0.975,19745
2026-02-28,US,2,wk inc flu hosp,2026-03-14,quantile,0.99,21602
2026-02-28,US,3,wk inc flu hosp,2026-03-21,quantile,0.01,2252
2026-02-28,US,3,wk inc flu hosp,2026-03-21,quantile,0.025,2970
2026-02-28,US,3,wk inc flu hosp,2026-03-21,quantile,0.05,3593
2026-02-28,US,3,wk inc flu hosp,2026-03-21,quantile,0.1,4299
2026-02-28,US,3,wk inc flu hosp,2026-03-21,quantile,0.15,4852
2026-02-28,US,3,wk inc flu hosp,2026-03-21,quantile,0.2,5345
2026-02-28,US,3,wk inc flu hosp,2026-03-21,quantile,0.25,5922
2026-02-28,US,3,wk inc flu hosp,2026-03-21,quantile,0.3,6500
2026-02-28,US,3,wk inc flu hosp,2026-03-21,quantile,0.35,6906
2026-02-28,US,3,wk inc flu hosp,2026-03-21,quantile,0.4,7344
2026-02-28,US,3,wk inc flu hosp,2026-03-21,quantile,0.45,7840
2026-02-28,US,3,wk inc flu hosp,2026-03-21,quantile,0.5,8298
2026-02-28,US,3,wk inc flu hosp,2026-03-21,quantile,0.55,8631
2026-02-28,US,3,wk inc flu hosp,2026-03-21,quantile,0.6,9112
2026-02-28,US,3,wk inc flu hosp,2026-03-21,quantile,0.65,9533
2026-02-28,US,3,wk inc flu hosp,2026-03-21,quantile,0.7,9916
2026-02-28,US,3,wk inc flu hosp,2026-03-21,quantile,0.75,10528
2026-02-28,US,3,wk inc flu hosp,2026-03-21,quantile,0.8,11490
2026-02-28,US,3,wk inc flu hosp,2026-03-21,quantile,0.85,12725
2026-02-28,US,3,wk inc flu hosp,2026-03-21,quantile,0.9,14436
2026-02-28,US,3,wk inc flu hosp,2026-03-21,quantile,0.95,16368
2026-02-28,US,3,wk inc flu hosp,2026-03-21,quantile,0.975,18519
2026-02-28,US,3,wk inc flu hosp,2026-03-21,quantile,0.99,20249
