reference_date,location,horizon,target,target_end_date,output_type,output_type_id,value
2026-01-17,01,0,wk inc flu hosp,2026-01-17,quantile,0.01,137
2026-01-17,01,0,wk inc flu hosp,2026-01-17,quantile,0.025,158
2026-01-17,01,0,wk inc flu hosp,2026-01-17,quantile,0.05,170
2026-01-17,01,0,wk inc flu hosp,2026-01-17,quantile,0.1,194
2026-01-17,01,0,wk inc flu hosp,2026-01-17,quantile,0.15,213
2026-01-17,01,0,wk inc flu hosp,2026-01-17,quantile,0.2,223
2026-01-17,01,0,wk inc flu hosp,2026-01-17,quantile,0.25,239
2026-01-17,01,0,wk inc flu hosp,2026-01-17,quantile,0.3,247
2026-01-17,01,0,wk inc flu hosp,2026-01-17,quantile,0.35,260
2026-01-17,01,0,wk inc flu hosp,2026-01-17,quantile,0.4,280
2026-01-17,01,0,wk inc flu hosp,2026-01-17,quantile,0.45,294
2026-01-17,01,0,wk inc flu hosp,2026-01-17,quantile,0.5,301
2026-01-17,01,0,wk inc flu hosp,2026-01-17,quantile,0.55,315
2026-01-17,01,0,wk inc flu hosp,2026-01-17,quantile,0.6,322
2026-01-17,01,0,wk inc flu hosp,2026-01-17,quantile,0.65,330
2026-01-17,01,0,wk inc flu hosp,2026-01-17,quantile,0.7,336
2026-01-17,01,0,wk inc flu hosp,2026-01-17,quantile,0.75,350
2026-01-17,01,0,wk inc flu hosp,2026-01-17,quantile,0.8,363
2026-01-17,01,0,wk inc flu hosp,2026-01-17,quantile,0.85,387
2026-01-17,01,0,wk inc flu hosp,2026-01-17,quantile,0.9,417
2026-01-17,01,0,wk inc flu hosp,2026-01-17,quantile,0.95,468
2026-01-17,01,0,wk inc flu hosp,2026-01-17,quantile,0.975,499
2026-01-17,01,0,wk inc flu hosp,2026-01-17,quantile,0.99,556
2026-01-17,01,1,wk inc flu hosp,2026-01-24,quantile,0.01,83
2026-01-17,01,1,wk inc flu hosp,2026-01-24,quantile,0.025,106
2026-01-17,01,1,wk inc flu hosp,2026-01-24,quantile,0.05,117
2026-01-17,01,1,wk inc flu hosp,2026-01-24,quantile,0.1,152
2026-01-17,01,1,wk inc flu hosp,2026-01-24,quantile,0.15,170
2026-01-17,01,1,wk inc flu hosp,2026-01-24,quantile,0.2,185
2026-01-17,01,1,wk inc flu hosp,2026-01-24,quantile,0.25,212
2026-01-17,01,1,wk inc flu hosp,2026-01-24,quantile,0.3,220
2026-01-17,01,1,wk inc flu hosp,2026-01-24,quantile,0.35,252
2026-01-17,01,1,wk inc flu hosp,2026-01-24,quantile,0.4,277
2026-01-17,01,1,wk inc flu hosp,2026-01-24,quantile,0.45,286
2026-01-17,01,1,wk inc flu hosp,2026-01-24,quantile,0.5,296
2026-01-17,01,1,wk inc flu hosp,2026-01-24,quantile,0.55,308
2026-01-17,01,1,wk inc flu hosp,2026-01-24,quantile,0.6,324
2026-01-17,01,1,wk inc flu hosp,2026-01-24,quantile,0.65,332
2026-01-17,01,1,wk inc flu hosp,2026-01-24,quantile,0.7,342
2026-01-17,01,1,wk inc flu hosp,2026-01-24,quantile,0.75,359
2026-01-17,01,1,wk inc flu hosp,2026-01-24,quantile,0.8,387
2026-01-17,01,1,wk inc flu hosp,2026-01-24,quantile,0.85,415
2026-01-17,01,1,wk inc flu hosp,2026-01-24,quantile,0.9,462
2026-01-17,01,1,wk inc flu hosp,2026-01-24,quantile,0.95,539
2026-01-17,01,1,wk inc flu hosp,2026-01-24,quantile,0.975,599
2026-01-17,01,1,wk inc flu hosp,2026-01-24,quantile,0.99,659
2026-01-17,01,2,wk inc flu hosp,2026-01-31,quantile,0.01,70
2026-01-17,01,2,wk inc flu hosp,2026-01-31,quantile,0.025,85
2026-01-17,01,2,wk inc flu hosp,2026-01-31,quantile,0.05,102
2026-01-17,01,2,wk inc flu hosp,2026-01-31,quantile,0.1,132
2026-01-17,01,2,wk inc flu hosp,2026-01-31,quantile,0.15,157
2026-01-17,01,2,wk inc flu hosp,2026-01-31,quantile,0.2,184
2026-01-17,01,2,wk inc flu hosp,2026-01-31,quantile,0.25,203
2026-01-17,01,2,wk inc flu hosp,2026-01-31,quantile,0.3,220
2026-01-17,01,2,wk inc flu hosp,2026-01-31,quantile,0.35,239
2026-01-17,01,2,wk inc flu hosp,2026-01-31,quantile,0.4,249
2026-01-17,01,2,wk inc flu hosp,2026-01-31,quantile,0.45,261
2026-01-17,01,2,wk inc flu hosp,2026-01-31,quantile,0.5,275
2026-01-17,01,2,wk inc flu hosp,2026-01-31,quantile,0.55,292
2026-01-17,01,2,wk inc flu hosp,2026-01-31,quantile,0.6,315
2026-01-17,01,2,wk inc flu hosp,2026-01-31,quantile,0.65,334
2026-01-17,01,2,wk inc flu hosp,2026-01-31,quantile,0.7,351
2026-01-17,01,2,wk inc flu hosp,2026-01-31,quantile,0.75,380
2026-01-17,01,2,wk inc flu hosp,2026-01-31,quantile,0.8,410
2026-01-17,01,2,wk inc flu hosp,2026-01-31,quantile,0.85,458
2026-01-17,01,2,wk inc flu hosp,2026-01-31,quantile,0.9,496
2026-01-17,01,2,wk inc flu hosp,2026-01-31,quantile,0.95,568
2026-01-17,01,2,wk inc flu hosp,2026-01-31,quantile,0.975,661
2026-01-17,01,2,wk inc flu hosp,2026-01-31,quantile,0.99,722
2026-01-17,01,3,wk inc flu hosp,2026-02-07,quantile,0.01,52
2026-01-17,01,3,wk inc flu hosp,2026-02-07,quantile,0.025,69
2026-01-17,01,3,wk inc flu hosp,2026-02-07,quantile,0.05,85
2026-01-17,01,3,wk inc flu hosp,2026-02-07,quantile,0.1,108
2026-01-17,01,3,wk inc flu hosp,2026-02-07,quantile,0.15,137
2026-01-17,01,3,wk inc flu hosp,2026-02-07,quantile,0.2,160
2026-01-17,01,3,wk inc flu hosp,2026-02-07,quantile,0.25,184
2026-01-17,01,3,wk inc flu hosp,2026-02-07,quantile,0.3,203
2026-01-17,01,3,wk inc flu hosp,2026-02-07,quantile,0.35,214
2026-01-17,01,3,wk inc flu hosp,2026-02-07,quantile,0.4,229
2026-01-17,01,3,wk inc flu hosp,2026-02-07,quantile,0.45,241
2026-01-17,01,3,wk inc flu hosp,2026-02-07,quantile,0.5,255
2026-01-17,01,3,wk inc flu hosp,2026-02-07,quantile,0.55,275
2026-01-17,01,3,wk inc flu hosp,2026-02-07,quantile,0.6,296
2026-01-17,01,3,wk inc flu hosp,2026-02-07,quantile,0.65,322
2026-01-17,01,3,wk inc flu hosp,2026-02-07,quantile,0.7,346
2026-01-17,01,3,wk inc flu hosp,2026-02-07,quantile,0.75,364
2026-01-17,01,3,wk inc flu hosp,2026-02-07,quantile,0.8,397
2026-01-17,01,3,wk inc flu hosp,2026-02-07,quantile,0.85,445
2026-01-17,01,3,wk inc flu hosp,2026-02-07,quantile,0.9,501
2026-01-17,01,3,wk inc flu hosp,2026-02-07,quantile,0.95,610
2026-01-17,01,3,wk inc flu hosp,2026-02-07,quantile,0.975,702
2026-01-17,01,3,wk inc flu hosp,2026-02-07,quantile,0.99,798
2026-01-17,02,0,wk inc flu hosp,2026-01-17,quantile,0.01,10
2026-01-17,02,0,wk inc flu hosp,2026-01-17,quantile,0.025,13
2026-01-17,02,0,wk inc flu hosp,2026-01-17,quantile,0.05,16
2026-01-17,02,0,wk inc flu hosp,2026-01-17,quantile,0.1,20
2026-01-17,02,0,wk inc flu hosp,2026-01-17,quantile,0.15,23
2026-01-17,02,0,wk inc flu hosp,2026-01-17,quantile,0.2,26
2026-01-17,02,0,wk inc flu hosp,2026-01-17,quantile,0.25,28
2026-01-17,02,0,wk inc flu hosp,2026-01-17,quantile,0.3,31
2026-01-17,02,0,wk inc flu hosp,2026-01-17,quantile,0.35,32
2026-01-17,02,0,wk inc flu hosp,2026-01-17,quantile,0.4,33
2026-01-17,02,0,wk inc flu hosp,2026-01-17,quantile,0.45,35
2026-01-17,02,0,wk inc flu hosp,2026-01-17,quantile,0.5,38
2026-01-17,02,0,wk inc flu hosp,2026-01-17,quantile,0.55,40
2026-01-17,02,0,wk inc flu hosp,2026-01-17,quantile,0.6,42
2026-01-17,02,0,wk inc flu hosp,2026-01-17,quantile,0.65,43
2026-01-17,02,0,wk inc flu hosp,2026-01-17,quantile,0.7,46
2026-01-17,02,0,wk inc flu hosp,2026-01-17,quantile,0.75,48
2026-01-17,02,0,wk inc flu hosp,2026-01-17,quantile,0.8,50
2026-01-17,02,0,wk inc flu hosp,2026-01-17,quantile,0.85,53
2026-01-17,02,0,wk inc flu hosp,2026-01-17,quantile,0.9,59
2026-01-17,02,0,wk inc flu hosp,2026-01-17,quantile,0.95,67
2026-01-17,02,0,wk inc flu hosp,2026-01-17,quantile,0.975,77
2026-01-17,02,0,wk inc flu hosp,2026-01-17,quantile,0.99,89
2026-01-17,02,1,wk inc flu hosp,2026-01-24,quantile,0.01,5
2026-01-17,02,1,wk inc flu hosp,2026-01-24,quantile,0.025,8
2026-01-17,02,1,wk inc flu hosp,2026-01-24,quantile,0.05,11
2026-01-17,02,1,wk inc flu hosp,2026-01-24,quantile,0.1,14
2026-01-17,02,1,wk inc flu hosp,2026-01-24,quantile,0.15,17
2026-01-17,02,1,wk inc flu hosp,2026-01-24,quantile,0.2,20
2026-01-17,02,1,wk inc flu hosp,2026-01-24,quantile,0.25,23
2026-01-17,02,1,wk inc flu hosp,2026-01-24,quantile,0.3,25
2026-01-17,02,1,wk inc flu hosp,2026-01-24,quantile,0.35,27
2026-01-17,02,1,wk inc flu hosp,2026-01-24,quantile,0.4,29
2026-01-17,02,1,wk inc flu hosp,2026-01-24,quantile,0.45,32
2026-01-17,02,1,wk inc flu hosp,2026-01-24,quantile,0.5,34
2026-01-17,02,1,wk inc flu hosp,2026-01-24,quantile,0.55,37
2026-01-17,02,1,wk inc flu hosp,2026-01-24,quantile,0.6,40
2026-01-17,02,1,wk inc flu hosp,2026-01-24,quantile,0.65,42
2026-01-17,02,1,wk inc flu hosp,2026-01-24,quantile,0.7,45
2026-01-17,02,1,wk inc flu hosp,2026-01-24,quantile,0.75,49
2026-01-17,02,1,wk inc flu hosp,2026-01-24,quantile,0.8,53
2026-01-17,02,1,wk inc flu hosp,2026-01-24,quantile,0.85,57
2026-01-17,02,1,wk inc flu hosp,2026-01-24,quantile,0.9,63
2026-01-17,02,1,wk inc flu hosp,2026-01-24,quantile,0.95,77
2026-01-17,02,1,wk inc flu hosp,2026-01-24,quantile,0.975,90
2026-01-17,02,1,wk inc flu hosp,2026-01-24,quantile,0.99,107
2026-01-17,02,2,wk inc flu hosp,2026-01-31,quantile,0.01,3
2026-01-17,02,2,wk inc flu hosp,2026-01-31,quantile,0.025,5
2026-01-17,02,2,wk inc flu hosp,2026-01-31,quantile,0.05,8
2026-01-17,02,2,wk inc flu hosp,2026-01-31,quantile,0.1,10
2026-01-17,02,2,wk inc flu hosp,2026-01-31,quantile,0.15,13
2026-01-17,02,2,wk inc flu hosp,2026-01-31,quantile,0.2,16
2026-01-17,02,2,wk inc flu hosp,2026-01-31,quantile,0.25,20
2026-01-17,02,2,wk inc flu hosp,2026-01-31,quantile,0.3,21
2026-01-17,02,2,wk inc flu hosp,2026-01-31,quantile,0.35,25
2026-01-17,02,2,wk inc flu hosp,2026-01-31,quantile,0.4,28
2026-01-17,02,2,wk inc flu hosp,2026-01-31,quantile,0.45,31
2026-01-17,02,2,wk inc flu hosp,2026-01-31,quantile,0.5,32
2026-01-17,02,2,wk inc flu hosp,2026-01-31,quantile,0.55,34
2026-01-17,02,2,wk inc flu hosp,2026-01-31,quantile,0.6,37
2026-01-17,02,2,wk inc flu hosp,2026-01-31,quantile,0.65,40
2026-01-17,02,2,wk inc flu hosp,2026-01-31,quantile,0.7,44
2026-01-17,02,2,wk inc flu hosp,2026-01-31,quantile,0.75,48
2026-01-17,02,2,wk inc flu hosp,2026-01-31,quantile,0.8,54
2026-01-17,02,2,wk inc flu hosp,2026-01-31,quantile,0.85,59
2026-01-17,02,2,wk inc flu hosp,2026-01-31,quantile,0.9,65
2026-01-17,02,2,wk inc flu hosp,2026-01-31,quantile,0.95,78
2026-01-17,02,2,wk inc flu hosp,2026-01-31,quantile,0.975,95
2026-01-17,02,2,wk inc flu hosp,2026-01-31,quantile,0.99,113
2026-01-17,02,3,wk inc flu hosp,2026-02-07,quantile,0.01,3
2026-01-17,02,3,wk inc flu hosp,2026-02-07,quantile,0.025,5
2026-01-17,02,3,wk inc flu hosp,2026-02-07,quantile,0.05,7
2026-01-17,02,3,wk inc flu hosp,2026-02-07,quantile,0.1,10
2026-01-17,02,3,wk inc flu hosp,2026-02-07,quantile,0.15,12
2026-01-17,02,3,wk inc flu hosp,2026-02-07,quantile,0.2,15
2026-01-17,02,3,wk inc flu hosp,2026-02-07,quantile,0.25,17
2026-01-17,02,3,wk inc flu hosp,2026-02-07,quantile,0.3,19
2026-01-17,02,3,wk inc flu hosp,2026-02-07,quantile,0.35,23
2026-01-17,02,3,wk inc flu hosp,2026-02-07,quantile,0.4,28
2026-01-17,02,3,wk inc flu hosp,2026-02-07,quantile,0.45,30
2026-01-17,02,3,wk inc flu hosp,2026-02-07,quantile,0.5,32
2026-01-17,02,3,wk inc flu hosp,2026-02-07,quantile,0.55,34
2026-01-17,02,3,wk inc flu hosp,2026-02-07,quantile,0.6,37
2026-01-17,02,3,wk inc flu hosp,2026-02-07,quantile,0.65,41
2026-01-17,02,3,wk inc flu hosp,2026-02-07,quantile,0.7,44
2026-01-17,02,3,wk inc flu hosp,2026-02-07,quantile,0.75,47
2026-01-17,02,3,wk inc flu hosp,2026-02-07,quantile,0.8,51
2026-01-17,02,3,wk inc flu hosp,2026-02-07,quantile,0.85,57
2026-01-17,02,3,wk inc flu hosp,2026-02-07,quantile,0.9,64
2026-01-17,02,3,wk inc flu hosp,2026-02-07,quantile,0.95,79
2026-01-17,02,3,wk inc flu hosp,2026-02-07,quantile,0.975,98
2026-01-17,02,3,wk inc flu hosp,2026-02-07,quantile,0.99,118
2026-01-17,04,0,wk inc flu hosp,2026-01-17,quantile,0.01,65
2026-01-17,04,0,wk inc flu hosp,2026-01-17,quantile,0.025,84
2026-01-17,04,0,wk inc flu hosp,2026-01-17,quantile,0.05,107
2026-01-17,04,0,wk inc flu hosp,2026-01-17,quantile,0.1,134
2026-01-17,04,0,wk inc flu hosp,2026-01-17,quantile,0.15,148
2026-01-17,04,0,wk inc flu hosp,2026-01-17,quantile,0.2,162
2026-01-17,04,0,wk inc flu hosp,2026-01-17,quantile,0.25,176
2026-01-17,04,0,wk inc flu hosp,2026-01-17,quantile,0.3,189
2026-01-17,04,0,wk inc flu hosp,2026-01-17,quantile,0.35,203
2026-01-17,04,0,wk inc flu hosp,2026-01-17,quantile,0.4,216
2026-01-17,04,0,wk inc flu hosp,2026-01-17,quantile,0.45,224
2026-01-17,04,0,wk inc flu hosp,2026-01-17,quantile,0.5,239
2026-01-17,04,0,wk inc flu hosp,2026-01-17,quantile,0.55,253
2026-01-17,04,0,wk inc flu hosp,2026-01-17,quantile,0.6,262
2026-01-17,04,0,wk inc flu hosp,2026-01-17,quantile,0.65,269
2026-01-17,04,0,wk inc flu hosp,2026-01-17,quantile,0.7,288
2026-01-17,04,0,wk inc flu hosp,2026-01-17,quantile,0.75,299
2026-01-17,04,0,wk inc flu hosp,2026-01-17,quantile,0.8,314
2026-01-17,04,0,wk inc flu hosp,2026-01-17,quantile,0.85,346
2026-01-17,04,0,wk inc flu hosp,2026-01-17,quantile,0.9,381
2026-01-17,04,0,wk inc flu hosp,2026-01-17,quantile,0.95,433
2026-01-17,04,0,wk inc flu hosp,2026-01-17,quantile,0.975,474
2026-01-17,04,0,wk inc flu hosp,2026-01-17,quantile,0.99,518
2026-01-17,04,1,wk inc flu hosp,2026-01-24,quantile,0.01,55
2026-01-17,04,1,wk inc flu hosp,2026-01-24,quantile,0.025,63
2026-01-17,04,1,wk inc flu hosp,2026-01-24,quantile,0.05,81
2026-01-17,04,1,wk inc flu hosp,2026-01-24,quantile,0.1,113
2026-01-17,04,1,wk inc flu hosp,2026-01-24,quantile,0.15,130
2026-01-17,04,1,wk inc flu hosp,2026-01-24,quantile,0.2,146
2026-01-17,04,1,wk inc flu hosp,2026-01-24,quantile,0.25,160
2026-01-17,04,1,wk inc flu hosp,2026-01-24,quantile,0.3,178
2026-01-17,04,1,wk inc flu hosp,2026-01-24,quantile,0.35,196
2026-01-17,04,1,wk inc flu hosp,2026-01-24,quantile,0.4,206
2026-01-17,04,1,wk inc flu hosp,2026-01-24,quantile,0.45,215
2026-01-17,04,1,wk inc flu hosp,2026-01-24,quantile,0.5,229
2026-01-17,04,1,wk inc flu hosp,2026-01-24,quantile,0.55,241
2026-01-17,04,1,wk inc flu hosp,2026-01-24,quantile,0.6,258
2026-01-17,04,1,wk inc flu hosp,2026-01-24,quantile,0.65,277
2026-01-17,04,1,wk inc flu hosp,2026-01-24,quantile,0.7,303
2026-01-17,04,1,wk inc flu hosp,2026-01-24,quantile,0.75,336
2026-01-17,04,1,wk inc flu hosp,2026-01-24,quantile,0.8,363
2026-01-17,04,1,wk inc flu hosp,2026-01-24,quantile,0.85,390
2026-01-17,04,1,wk inc flu hosp,2026-01-24,quantile,0.9,431
2026-01-17,04,1,wk inc flu hosp,2026-01-24,quantile,0.95,495
2026-01-17,04,1,wk inc flu hosp,2026-01-24,quantile,0.975,548
2026-01-17,04,1,wk inc flu hosp,2026-01-24,quantile,0.99,636
2026-01-17,04,2,wk inc flu hosp,2026-01-31,quantile,0.01,30
2026-01-17,04,2,wk inc flu hosp,2026-01-31,quantile,0.025,52
2026-01-17,04,2,wk inc flu hosp,2026-01-31,quantile,0.05,74
2026-01-17,04,2,wk inc flu hosp,2026-01-31,quantile,0.1,101
2026-01-17,04,2,wk inc flu hosp,2026-01-31,quantile,0.15,119
2026-01-17,04,2,wk inc flu hosp,2026-01-31,quantile,0.2,133
2026-01-17,04,2,wk inc flu hosp,2026-01-31,quantile,0.25,145
2026-01-17,04,2,wk inc flu hosp,2026-01-31,quantile,0.3,168
2026-01-17,04,2,wk inc flu hosp,2026-01-31,quantile,0.35,184
2026-01-17,04,2,wk inc flu hosp,2026-01-31,quantile,0.4,198
2026-01-17,04,2,wk inc flu hosp,2026-01-31,quantile,0.45,211
2026-01-17,04,2,wk inc flu hosp,2026-01-31,quantile,0.5,227
2026-01-17,04,2,wk inc flu hosp,2026-01-31,quantile,0.55,258
2026-01-17,04,2,wk inc flu hosp,2026-01-31,quantile,0.6,274
2026-01-17,04,2,wk inc flu hosp,2026-01-31,quantile,0.65,296
2026-01-17,04,2,wk inc flu hosp,2026-01-31,quantile,0.7,320
2026-01-17,04,2,wk inc flu hosp,2026-01-31,quantile,0.75,351
2026-01-17,04,2,wk inc flu hosp,2026-01-31,quantile,0.8,382
2026-01-17,04,2,wk inc flu hosp,2026-01-31,quantile,0.85,429
2026-01-17,04,2,wk inc flu hosp,2026-01-31,quantile,0.9,477
2026-01-17,04,2,wk inc flu hosp,2026-01-31,quantile,0.95,571
2026-01-17,04,2,wk inc flu hosp,2026-01-31,quantile,0.975,652
2026-01-17,04,2,wk inc flu hosp,2026-01-31,quantile,0.99,836
2026-01-17,04,3,wk inc flu hosp,2026-02-07,quantile,0.01,24
2026-01-17,04,3,wk inc flu hosp,2026-02-07,quantile,0.025,34
2026-01-17,04,3,wk inc flu hosp,2026-02-07,quantile,0.05,56
2026-01-17,04,3,wk inc flu hosp,2026-02-07,quantile,0.1,82
2026-01-17,04,3,wk inc flu hosp,2026-02-07,quantile,0.15,98
2026-01-17,04,3,wk inc flu hosp,2026-02-07,quantile,0.2,112
2026-01-17,04,3,wk inc flu hosp,2026-02-07,quantile,0.25,137
2026-01-17,04,3,wk inc flu hosp,2026-02-07,quantile,0.3,164
2026-01-17,04,3,wk inc flu hosp,2026-02-07,quantile,0.35,176
2026-01-17,04,3,wk inc flu hosp,2026-02-07,quantile,0.4,200
2026-01-17,04,3,wk inc flu hosp,2026-02-07,quantile,0.45,216
2026-01-17,04,3,wk inc flu hosp,2026-02-07,quantile,0.5,238
2026-01-17,04,3,wk inc flu hosp,2026-02-07,quantile,0.55,260
2026-01-17,04,3,wk inc flu hosp,2026-02-07,quantile,0.6,282
2026-01-17,04,3,wk inc flu hosp,2026-02-07,quantile,0.65,308
2026-01-17,04,3,wk inc flu hosp,2026-02-07,quantile,0.7,345
2026-01-17,04,3,wk inc flu hosp,2026-02-07,quantile,0.75,371
2026-01-17,04,3,wk inc flu hosp,2026-02-07,quantile,0.8,412
2026-01-17,04,3,wk inc flu hosp,2026-02-07,quantile,0.85,447
2026-01-17,04,3,wk inc flu hosp,2026-02-07,quantile,0.9,511
2026-01-17,04,3,wk inc flu hosp,2026-02-07,quantile,0.95,647
2026-01-17,04,3,wk inc flu hosp,2026-02-07,quantile,0.975,736
2026-01-17,04,3,wk inc flu hosp,2026-02-07,quantile,0.99,899
2026-01-17,05,0,wk inc flu hosp,2026-01-17,quantile,0.01,52
2026-01-17,05,0,wk inc flu hosp,2026-01-17,quantile,0.025,63
2026-01-17,05,0,wk inc flu hosp,2026-01-17,quantile,0.05,78
2026-01-17,05,0,wk inc flu hosp,2026-01-17,quantile,0.1,94
2026-01-17,05,0,wk inc flu hosp,2026-01-17,quantile,0.15,106
2026-01-17,05,0,wk inc flu hosp,2026-01-17,quantile,0.2,113
2026-01-17,05,0,wk inc flu hosp,2026-01-17,quantile,0.25,119
2026-01-17,05,0,wk inc flu hosp,2026-01-17,quantile,0.3,126
2026-01-17,05,0,wk inc flu hosp,2026-01-17,quantile,0.35,135
2026-01-17,05,0,wk inc flu hosp,2026-01-17,quantile,0.4,142
2026-01-17,05,0,wk inc flu hosp,2026-01-17,quantile,0.45,146
2026-01-17,05,0,wk inc flu hosp,2026-01-17,quantile,0.5,152
2026-01-17,05,0,wk inc flu hosp,2026-01-17,quantile,0.55,161
2026-01-17,05,0,wk inc flu hosp,2026-01-17,quantile,0.6,169
2026-01-17,05,0,wk inc flu hosp,2026-01-17,quantile,0.65,175
2026-01-17,05,0,wk inc flu hosp,2026-01-17,quantile,0.7,184
2026-01-17,05,0,wk inc flu hosp,2026-01-17,quantile,0.75,197
2026-01-17,05,0,wk inc flu hosp,2026-01-17,quantile,0.8,206
2026-01-17,05,0,wk inc flu hosp,2026-01-17,quantile,0.85,212
2026-01-17,05,0,wk inc flu hosp,2026-01-17,quantile,0.9,227
2026-01-17,05,0,wk inc flu hosp,2026-01-17,quantile,0.95,260
2026-01-17,05,0,wk inc flu hosp,2026-01-17,quantile,0.975,290
2026-01-17,05,0,wk inc flu hosp,2026-01-17,quantile,0.99,318
2026-01-17,05,1,wk inc flu hosp,2026-01-24,quantile,0.01,41
2026-01-17,05,1,wk inc flu hosp,2026-01-24,quantile,0.025,52
2026-01-17,05,1,wk inc flu hosp,2026-01-24,quantile,0.05,64
2026-01-17,05,1,wk inc flu hosp,2026-01-24,quantile,0.1,76
2026-01-17,05,1,wk inc flu hosp,2026-01-24,quantile,0.15,90
2026-01-17,05,1,wk inc flu hosp,2026-01-24,quantile,0.2,99
2026-01-17,05,1,wk inc flu hosp,2026-01-24,quantile,0.25,110
2026-01-17,05,1,wk inc flu hosp,2026-01-24,quantile,0.3,121
2026-01-17,05,1,wk inc flu hosp,2026-01-24,quantile,0.35,132
2026-01-17,05,1,wk inc flu hosp,2026-01-24,quantile,0.4,143
2026-01-17,05,1,wk inc flu hosp,2026-01-24,quantile,0.45,151
2026-01-17,05,1,wk inc flu hosp,2026-01-24,quantile,0.5,160
2026-01-17,05,1,wk inc flu hosp,2026-01-24,quantile,0.55,169
2026-01-17,05,1,wk inc flu hosp,2026-01-24,quantile,0.6,176
2026-01-17,05,1,wk inc flu hosp,2026-01-24,quantile,0.65,189
2026-01-17,05,1,wk inc flu hosp,2026-01-24,quantile,0.7,202
2026-01-17,05,1,wk inc flu hosp,2026-01-24,quantile,0.75,213
2026-01-17,05,1,wk inc flu hosp,2026-01-24,quantile,0.8,225
2026-01-17,05,1,wk inc flu hosp,2026-01-24,quantile,0.85,239
2026-01-17,05,1,wk inc flu hosp,2026-01-24,quantile,0.9,254
2026-01-17,05,1,wk inc flu hosp,2026-01-24,quantile,0.95,290
2026-01-17,05,1,wk inc flu hosp,2026-01-24,quantile,0.975,327
2026-01-17,05,1,wk inc flu hosp,2026-01-24,quantile,0.99,369
2026-01-17,05,2,wk inc flu hosp,2026-01-31,quantile,0.01,38
2026-01-17,05,2,wk inc flu hosp,2026-01-31,quantile,0.025,47
2026-01-17,05,2,wk inc flu hosp,2026-01-31,quantile,0.05,53
2026-01-17,05,2,wk inc flu hosp,2026-01-31,quantile,0.1,67
2026-01-17,05,2,wk inc flu hosp,2026-01-31,quantile,0.15,77
2026-01-17,05,2,wk inc flu hosp,2026-01-31,quantile,0.2,90
2026-01-17,05,2,wk inc flu hosp,2026-01-31,quantile,0.25,103
2026-01-17,05,2,wk inc flu hosp,2026-01-31,quantile,0.3,119
2026-01-17,05,2,wk inc flu hosp,2026-01-31,quantile,0.35,130
2026-01-17,05,2,wk inc flu hosp,2026-01-31,quantile,0.4,141
2026-01-17,05,2,wk inc flu hosp,2026-01-31,quantile,0.45,148
2026-01-17,05,2,wk inc flu hosp,2026-01-31,quantile,0.5,160
2026-01-17,05,2,wk inc flu hosp,2026-01-31,quantile,0.55,170
2026-01-17,05,2,wk inc flu hosp,2026-01-31,quantile,0.6,181
2026-01-17,05,2,wk inc flu hosp,2026-01-31,quantile,0.65,192
2026-01-17,05,2,wk inc flu hosp,2026-01-31,quantile,0.7,204
2026-01-17,05,2,wk inc flu hosp,2026-01-31,quantile,0.75,217
2026-01-17,05,2,wk inc flu hosp,2026-01-31,quantile,0.8,233
2026-01-17,05,2,wk inc flu hosp,2026-01-31,quantile,0.85,252
2026-01-17,05,2,wk inc flu hosp,2026-01-31,quantile,0.9,277
2026-01-17,05,2,wk inc flu hosp,2026-01-31,quantile,0.95,318
2026-01-17,05,2,wk inc flu hosp,2026-01-31,quantile,0.975,370
2026-01-17,05,2,wk inc flu hosp,2026-01-31,quantile,0.99,425
2026-01-17,05,3,wk inc flu hosp,2026-02-07,quantile,0.01,31
2026-01-17,05,3,wk inc flu hosp,2026-02-07,quantile,0.025,40
2026-01-17,05,3,wk inc flu hosp,2026-02-07,quantile,0.05,48
2026-01-17,05,3,wk inc flu hosp,2026-02-07,quantile,0.1,61
2026-01-17,05,3,wk inc flu hosp,2026-02-07,quantile,0.15,69
2026-01-17,05,3,wk inc flu hosp,2026-02-07,quantile,0.2,85
2026-01-17,05,3,wk inc flu hosp,2026-02-07,quantile,0.25,97
2026-01-17,05,3,wk inc flu hosp,2026-02-07,quantile,0.3,106
2026-01-17,05,3,wk inc flu hosp,2026-02-07,quantile,0.35,119
2026-01-17,05,3,wk inc flu hosp,2026-02-07,quantile,0.4,132
2026-01-17,05,3,wk inc flu hosp,2026-02-07,quantile,0.45,141
2026-01-17,05,3,wk inc flu hosp,2026-02-07,quantile,0.5,150
2026-01-17,05,3,wk inc flu hosp,2026-02-07,quantile,0.55,160
2026-01-17,05,3,wk inc flu hosp,2026-02-07,quantile,0.6,169
2026-01-17,05,3,wk inc flu hosp,2026-02-07,quantile,0.65,181
2026-01-17,05,3,wk inc flu hosp,2026-02-07,quantile,0.7,192
2026-01-17,05,3,wk inc flu hosp,2026-02-07,quantile,0.75,207
2026-01-17,05,3,wk inc flu hosp,2026-02-07,quantile,0.8,222
2026-01-17,05,3,wk inc flu hosp,2026-02-07,quantile,0.85,244
2026-01-17,05,3,wk inc flu hosp,2026-02-07,quantile,0.9,275
2026-01-17,05,3,wk inc flu hosp,2026-02-07,quantile,0.95,313
2026-01-17,05,3,wk inc flu hosp,2026-02-07,quantile,0.975,360
2026-01-17,05,3,wk inc flu hosp,2026-02-07,quantile,0.99,435
2026-01-17,06,0,wk inc flu hosp,2026-01-17,quantile,0.01,606
2026-01-17,06,0,wk inc flu hosp,2026-01-17,quantile,0.025,723
2026-01-17,06,0,wk inc flu hosp,2026-01-17,quantile,0.05,796
2026-01-17,06,0,wk inc flu hosp,2026-01-17,quantile,0.1,951
2026-01-17,06,0,wk inc flu hosp,2026-01-17,quantile,0.15,1039
2026-01-17,06,0,wk inc flu hosp,2026-01-17,quantile,0.2,1108
2026-01-17,06,0,wk inc flu hosp,2026-01-17,quantile,0.25,1158
2026-01-17,06,0,wk inc flu hosp,2026-01-17,quantile,0.3,1192
2026-01-17,06,0,wk inc flu hosp,2026-01-17,quantile,0.35,1238
2026-01-17,06,0,wk inc flu hosp,2026-01-17,quantile,0.4,1277
2026-01-17,06,0,wk inc flu hosp,2026-01-17,quantile,0.45,1324
2026-01-17,06,0,wk inc flu hosp,2026-01-17,quantile,0.5,1371
2026-01-17,06,0,wk inc flu hosp,2026-01-17,quantile,0.55,1406
2026-01-17,06,0,wk inc flu hosp,2026-01-17,quantile,0.6,1452
2026-01-17,06,0,wk inc flu hosp,2026-01-17,quantile,0.65,1508
2026-01-17,06,0,wk inc flu hosp,2026-01-17,quantile,0.7,1561
2026-01-17,06,0,wk inc flu hosp,2026-01-17,quantile,0.75,1621
2026-01-17,06,0,wk inc flu hosp,2026-01-17,quantile,0.8,1695
2026-01-17,06,0,wk inc flu hosp,2026-01-17,quantile,0.85,1791
2026-01-17,06,0,wk inc flu hosp,2026-01-17,quantile,0.9,1867
2026-01-17,06,0,wk inc flu hosp,2026-01-17,quantile,0.95,2021
2026-01-17,06,0,wk inc flu hosp,2026-01-17,quantile,0.975,2183
2026-01-17,06,0,wk inc flu hosp,2026-01-17,quantile,0.99,2362
2026-01-17,06,1,wk inc flu hosp,2026-01-24,quantile,0.01,468
2026-01-17,06,1,wk inc flu hosp,2026-01-24,quantile,0.025,620
2026-01-17,06,1,wk inc flu hosp,2026-01-24,quantile,0.05,755
2026-01-17,06,1,wk inc flu hosp,2026-01-24,quantile,0.1,906
2026-01-17,06,1,wk inc flu hosp,2026-01-24,quantile,0.15,996
2026-01-17,06,1,wk inc flu hosp,2026-01-24,quantile,0.2,1124
2026-01-17,06,1,wk inc flu hosp,2026-01-24,quantile,0.25,1192
2026-01-17,06,1,wk inc flu hosp,2026-01-24,quantile,0.3,1239
2026-01-17,06,1,wk inc flu hosp,2026-01-24,quantile,0.35,1296
2026-01-17,06,1,wk inc flu hosp,2026-01-24,quantile,0.4,1355
2026-01-17,06,1,wk inc flu hosp,2026-01-24,quantile,0.45,1413
2026-01-17,06,1,wk inc flu hosp,2026-01-24,quantile,0.5,1467
2026-01-17,06,1,wk inc flu hosp,2026-01-24,quantile,0.55,1521
2026-01-17,06,1,wk inc flu hosp,2026-01-24,quantile,0.6,1569
2026-01-17,06,1,wk inc flu hosp,2026-01-24,quantile,0.65,1654
2026-01-17,06,1,wk inc flu hosp,2026-01-24,quantile,0.7,1732
2026-01-17,06,1,wk inc flu hosp,2026-01-24,quantile,0.75,1868
2026-01-17,06,1,wk inc flu hosp,2026-01-24,quantile,0.8,1974
2026-01-17,06,1,wk inc flu hosp,2026-01-24,quantile,0.85,2132
2026-01-17,06,1,wk inc flu hosp,2026-01-24,quantile,0.9,2293
2026-01-17,06,1,wk inc flu hosp,2026-01-24,quantile,0.95,2493
2026-01-17,06,1,wk inc flu hosp,2026-01-24,quantile,0.975,2666
2026-01-17,06,1,wk inc flu hosp,2026-01-24,quantile,0.99,3087
2026-01-17,06,2,wk inc flu hosp,2026-01-31,quantile,0.01,290
2026-01-17,06,2,wk inc flu hosp,2026-01-31,quantile,0.025,501
2026-01-17,06,2,wk inc flu hosp,2026-01-31,quantile,0.05,693
2026-01-17,06,2,wk inc flu hosp,2026-01-31,quantile,0.1,842
2026-01-17,06,2,wk inc flu hosp,2026-01-31,quantile,0.15,928
2026-01-17,06,2,wk inc flu hosp,2026-01-31,quantile,0.2,986
2026-01-17,06,2,wk inc flu hosp,2026-01-31,quantile,0.25,1048
2026-01-17,06,2,wk inc flu hosp,2026-01-31,quantile,0.3,1141
2026-01-17,06,2,wk inc flu hosp,2026-01-31,quantile,0.35,1198
2026-01-17,06,2,wk inc flu hosp,2026-01-31,quantile,0.4,1280
2026-01-17,06,2,wk inc flu hosp,2026-01-31,quantile,0.45,1386
2026-01-17,06,2,wk inc flu hosp,2026-01-31,quantile,0.5,1479
2026-01-17,06,2,wk inc flu hosp,2026-01-31,quantile,0.55,1561
2026-01-17,06,2,wk inc flu hosp,2026-01-31,quantile,0.6,1638
2026-01-17,06,2,wk inc flu hosp,2026-01-31,quantile,0.65,1694
2026-01-17,06,2,wk inc flu hosp,2026-01-31,quantile,0.7,1807
2026-01-17,06,2,wk inc flu hosp,2026-01-31,quantile,0.75,1965
2026-01-17,06,2,wk inc flu hosp,2026-01-31,quantile,0.8,2061
2026-01-17,06,2,wk inc flu hosp,2026-01-31,quantile,0.85,2150
2026-01-17,06,2,wk inc flu hosp,2026-01-31,quantile,0.9,2622
2026-01-17,06,2,wk inc flu hosp,2026-01-31,quantile,0.95,3140
2026-01-17,06,2,wk inc flu hosp,2026-01-31,quantile,0.975,3450
2026-01-17,06,2,wk inc flu hosp,2026-01-31,quantile,0.99,4023
2026-01-17,06,3,wk inc flu hosp,2026-02-07,quantile,0.01,243
2026-01-17,06,3,wk inc flu hosp,2026-02-07,quantile,0.025,480
2026-01-17,06,3,wk inc flu hosp,2026-02-07,quantile,0.05,570
2026-01-17,06,3,wk inc flu hosp,2026-02-07,quantile,0.1,672
2026-01-17,06,3,wk inc flu hosp,2026-02-07,quantile,0.15,763
2026-01-17,06,3,wk inc flu hosp,2026-02-07,quantile,0.2,862
2026-01-17,06,3,wk inc flu hosp,2026-02-07,quantile,0.25,937
2026-01-17,06,3,wk inc flu hosp,2026-02-07,quantile,0.3,1001
2026-01-17,06,3,wk inc flu hosp,2026-02-07,quantile,0.35,1100
2026-01-17,06,3,wk inc flu hosp,2026-02-07,quantile,0.4,1162
2026-01-17,06,3,wk inc flu hosp,2026-02-07,quantile,0.45,1244
2026-01-17,06,3,wk inc flu hosp,2026-02-07,quantile,0.5,1374
2026-01-17,06,3,wk inc flu hosp,2026-02-07,quantile,0.55,1453
2026-01-17,06,3,wk inc flu hosp,2026-02-07,quantile,0.6,1542
2026-01-17,06,3,wk inc flu hosp,2026-02-07,quantile,0.65,1600
2026-01-17,06,3,wk inc flu hosp,2026-02-07,quantile,0.7,1660
2026-01-17,06,3,wk inc flu hosp,2026-02-07,quantile,0.75,2000
2026-01-17,06,3,wk inc flu hosp,2026-02-07,quantile,0.8,2185
2026-01-17,06,3,wk inc flu hosp,2026-02-07,quantile,0.85,2281
2026-01-17,06,3,wk inc flu hosp,2026-02-07,quantile,0.9,2406
2026-01-17,06,3,wk inc flu hosp,2026-02-07,quantile,0.95,3067
2026-01-17,06,3,wk inc flu hosp,2026-02-07,quantile,0.975,3858
2026-01-17,06,3,wk inc flu hosp,2026-02-07,quantile,0.99,4410
2026-01-17,08,0,wk inc flu hosp,2026-01-17,quantile,0.01,168
2026-01-17,08,0,wk inc flu hosp,2026-01-17,quantile,0.025,184
2026-01-17,08,0,wk inc flu hosp,2026-01-17,quantile,0.05,212
2026-01-17,08,0,wk inc flu hosp,2026-01-17,quantile,0.1,245
2026-01-17,08,0,wk inc flu hosp,2026-01-17,quantile,0.15,268
2026-01-17,08,0,wk inc flu hosp,2026-01-17,quantile,0.2,288
2026-01-17,08,0,wk inc flu hosp,2026-01-17,quantile,0.25,303
2026-01-17,08,0,wk inc flu hosp,2026-01-17,quantile,0.3,320
2026-01-17,08,0,wk inc flu hosp,2026-01-17,quantile,0.35,335
2026-01-17,08,0,wk inc flu hosp,2026-01-17,quantile,0.4,355
2026-01-17,08,0,wk inc flu hosp,2026-01-17,quantile,0.45,375
2026-01-17,08,0,wk inc flu hosp,2026-01-17,quantile,0.5,387
2026-01-17,08,0,wk inc flu hosp,2026-01-17,quantile,0.55,404
2026-01-17,08,0,wk inc flu hosp,2026-01-17,quantile,0.6,419
2026-01-17,08,0,wk inc flu hosp,2026-01-17,quantile,0.65,437
2026-01-17,08,0,wk inc flu hosp,2026-01-17,quantile,0.7,456
2026-01-17,08,0,wk inc flu hosp,2026-01-17,quantile,0.75,478
2026-01-17,08,0,wk inc flu hosp,2026-01-17,quantile,0.8,489
2026-01-17,08,0,wk inc flu hosp,2026-01-17,quantile,0.85,523
2026-01-17,08,0,wk inc flu hosp,2026-01-17,quantile,0.9,572
2026-01-17,08,0,wk inc flu hosp,2026-01-17,quantile,0.95,628
2026-01-17,08,0,wk inc flu hosp,2026-01-17,quantile,0.975,642
2026-01-17,08,0,wk inc flu hosp,2026-01-17,quantile,0.99,688
2026-01-17,08,1,wk inc flu hosp,2026-01-24,quantile,0.01,101
2026-01-17,08,1,wk inc flu hosp,2026-01-24,quantile,0.025,125
2026-01-17,08,1,wk inc flu hosp,2026-01-24,quantile,0.05,151
2026-01-17,08,1,wk inc flu hosp,2026-01-24,quantile,0.1,191
2026-01-17,08,1,wk inc flu hosp,2026-01-24,quantile,0.15,220
2026-01-17,08,1,wk inc flu hosp,2026-01-24,quantile,0.2,247
2026-01-17,08,1,wk inc flu hosp,2026-01-24,quantile,0.25,266
2026-01-17,08,1,wk inc flu hosp,2026-01-24,quantile,0.3,280
2026-01-17,08,1,wk inc flu hosp,2026-01-24,quantile,0.35,288
2026-01-17,08,1,wk inc flu hosp,2026-01-24,quantile,0.4,295
2026-01-17,08,1,wk inc flu hosp,2026-01-24,quantile,0.45,307
2026-01-17,08,1,wk inc flu hosp,2026-01-24,quantile,0.5,344
2026-01-17,08,1,wk inc flu hosp,2026-01-24,quantile,0.55,358
2026-01-17,08,1,wk inc flu hosp,2026-01-24,quantile,0.6,377
2026-01-17,08,1,wk inc flu hosp,2026-01-24,quantile,0.65,400
2026-01-17,08,1,wk inc flu hosp,2026-01-24,quantile,0.7,420
2026-01-17,08,1,wk inc flu hosp,2026-01-24,quantile,0.75,444
2026-01-17,08,1,wk inc flu hosp,2026-01-24,quantile,0.8,464
2026-01-17,08,1,wk inc flu hosp,2026-01-24,quantile,0.85,486
2026-01-17,08,1,wk inc flu hosp,2026-01-24,quantile,0.9,521
2026-01-17,08,1,wk inc flu hosp,2026-01-24,quantile,0.95,576
2026-01-17,08,1,wk inc flu hosp,2026-01-24,quantile,0.975,630
2026-01-17,08,1,wk inc flu hosp,2026-01-24,quantile,0.99,709
2026-01-17,08,2,wk inc flu hosp,2026-01-31,quantile,0.01,85
2026-01-17,08,2,wk inc flu hosp,2026-01-31,quantile,0.025,99
2026-01-17,08,2,wk inc flu hosp,2026-01-31,quantile,0.05,126
2026-01-17,08,2,wk inc flu hosp,2026-01-31,quantile,0.1,160
2026-01-17,08,2,wk inc flu hosp,2026-01-31,quantile,0.15,181
2026-01-17,08,2,wk inc flu hosp,2026-01-31,quantile,0.2,204
2026-01-17,08,2,wk inc flu hosp,2026-01-31,quantile,0.25,223
2026-01-17,08,2,wk inc flu hosp,2026-01-31,quantile,0.3,239
2026-01-17,08,2,wk inc flu hosp,2026-01-31,quantile,0.35,258
2026-01-17,08,2,wk inc flu hosp,2026-01-31,quantile,0.4,285
2026-01-17,08,2,wk inc flu hosp,2026-01-31,quantile,0.45,296
2026-01-17,08,2,wk inc flu hosp,2026-01-31,quantile,0.5,305
2026-01-17,08,2,wk inc flu hosp,2026-01-31,quantile,0.55,321
2026-01-17,08,2,wk inc flu hosp,2026-01-31,quantile,0.6,331
2026-01-17,08,2,wk inc flu hosp,2026-01-31,quantile,0.65,341
2026-01-17,08,2,wk inc flu hosp,2026-01-31,quantile,0.7,361
2026-01-17,08,2,wk inc flu hosp,2026-01-31,quantile,0.75,387
2026-01-17,08,2,wk inc flu hosp,2026-01-31,quantile,0.8,437
2026-01-17,08,2,wk inc flu hosp,2026-01-31,quantile,0.85,497
2026-01-17,08,2,wk inc flu hosp,2026-01-31,quantile,0.9,572
2026-01-17,08,2,wk inc flu hosp,2026-01-31,quantile,0.95,666
2026-01-17,08,2,wk inc flu hosp,2026-01-31,quantile,0.975,733
2026-01-17,08,2,wk inc flu hosp,2026-01-31,quantile,0.99,779
2026-01-17,08,3,wk inc flu hosp,2026-02-07,quantile,0.01,71
2026-01-17,08,3,wk inc flu hosp,2026-02-07,quantile,0.025,79
2026-01-17,08,3,wk inc flu hosp,2026-02-07,quantile,0.05,99
2026-01-17,08,3,wk inc flu hosp,2026-02-07,quantile,0.1,128
2026-01-17,08,3,wk inc flu hosp,2026-02-07,quantile,0.15,141
2026-01-17,08,3,wk inc flu hosp,2026-02-07,quantile,0.2,152
2026-01-17,08,3,wk inc flu hosp,2026-02-07,quantile,0.25,172
2026-01-17,08,3,wk inc flu hosp,2026-02-07,quantile,0.3,202
2026-01-17,08,3,wk inc flu hosp,2026-02-07,quantile,0.35,221
2026-01-17,08,3,wk inc flu hosp,2026-02-07,quantile,0.4,250
2026-01-17,08,3,wk inc flu hosp,2026-02-07,quantile,0.45,267
2026-01-17,08,3,wk inc flu hosp,2026-02-07,quantile,0.5,287
2026-01-17,08,3,wk inc flu hosp,2026-02-07,quantile,0.55,302
2026-01-17,08,3,wk inc flu hosp,2026-02-07,quantile,0.6,316
2026-01-17,08,3,wk inc flu hosp,2026-02-07,quantile,0.65,325
2026-01-17,08,3,wk inc flu hosp,2026-02-07,quantile,0.7,351
2026-01-17,08,3,wk inc flu hosp,2026-02-07,quantile,0.75,372
2026-01-17,08,3,wk inc flu hosp,2026-02-07,quantile,0.8,399
2026-01-17,08,3,wk inc flu hosp,2026-02-07,quantile,0.85,441
2026-01-17,08,3,wk inc flu hosp,2026-02-07,quantile,0.9,499
2026-01-17,08,3,wk inc flu hosp,2026-02-07,quantile,0.95,620
2026-01-17,08,3,wk inc flu hosp,2026-02-07,quantile,0.975,705
2026-01-17,08,3,wk inc flu hosp,2026-02-07,quantile,0.99,753
2026-01-17,09,0,wk inc flu hosp,2026-01-17,quantile,0.01,170
2026-01-17,09,0,wk inc flu hosp,2026-01-17,quantile,0.025,195
2026-01-17,09,0,wk inc flu hosp,2026-01-17,quantile,0.05,225
2026-01-17,09,0,wk inc flu hosp,2026-01-17,quantile,0.1,271
2026-01-17,09,0,wk inc flu hosp,2026-01-17,quantile,0.15,285
2026-01-17,09,0,wk inc flu hosp,2026-01-17,quantile,0.2,298
2026-01-17,09,0,wk inc flu hosp,2026-01-17,quantile,0.25,322
2026-01-17,09,0,wk inc flu hosp,2026-01-17,quantile,0.3,334
2026-01-17,09,0,wk inc flu hosp,2026-01-17,quantile,0.35,349
2026-01-17,09,0,wk inc flu hosp,2026-01-17,quantile,0.4,365
2026-01-17,09,0,wk inc flu hosp,2026-01-17,quantile,0.45,376
2026-01-17,09,0,wk inc flu hosp,2026-01-17,quantile,0.5,390
2026-01-17,09,0,wk inc flu hosp,2026-01-17,quantile,0.55,406
2026-01-17,09,0,wk inc flu hosp,2026-01-17,quantile,0.6,423
2026-01-17,09,0,wk inc flu hosp,2026-01-17,quantile,0.65,439
2026-01-17,09,0,wk inc flu hosp,2026-01-17,quantile,0.7,455
2026-01-17,09,0,wk inc flu hosp,2026-01-17,quantile,0.75,479
2026-01-17,09,0,wk inc flu hosp,2026-01-17,quantile,0.8,497
2026-01-17,09,0,wk inc flu hosp,2026-01-17,quantile,0.85,537
2026-01-17,09,0,wk inc flu hosp,2026-01-17,quantile,0.9,566
2026-01-17,09,0,wk inc flu hosp,2026-01-17,quantile,0.95,624
2026-01-17,09,0,wk inc flu hosp,2026-01-17,quantile,0.975,675
2026-01-17,09,0,wk inc flu hosp,2026-01-17,quantile,0.99,739
2026-01-17,09,1,wk inc flu hosp,2026-01-24,quantile,0.01,98
2026-01-17,09,1,wk inc flu hosp,2026-01-24,quantile,0.025,125
2026-01-17,09,1,wk inc flu hosp,2026-01-24,quantile,0.05,139
2026-01-17,09,1,wk inc flu hosp,2026-01-24,quantile,0.1,169
2026-01-17,09,1,wk inc flu hosp,2026-01-24,quantile,0.15,192
2026-01-17,09,1,wk inc flu hosp,2026-01-24,quantile,0.2,224
2026-01-17,09,1,wk inc flu hosp,2026-01-24,quantile,0.25,240
2026-01-17,09,1,wk inc flu hosp,2026-01-24,quantile,0.3,256
2026-01-17,09,1,wk inc flu hosp,2026-01-24,quantile,0.35,278
2026-01-17,09,1,wk inc flu hosp,2026-01-24,quantile,0.4,299
2026-01-17,09,1,wk inc flu hosp,2026-01-24,quantile,0.45,309
2026-01-17,09,1,wk inc flu hosp,2026-01-24,quantile,0.5,330
2026-01-17,09,1,wk inc flu hosp,2026-01-24,quantile,0.55,346
2026-01-17,09,1,wk inc flu hosp,2026-01-24,quantile,0.6,367
2026-01-17,09,1,wk inc flu hosp,2026-01-24,quantile,0.65,392
2026-01-17,09,1,wk inc flu hosp,2026-01-24,quantile,0.7,418
2026-01-17,09,1,wk inc flu hosp,2026-01-24,quantile,0.75,444
2026-01-17,09,1,wk inc flu hosp,2026-01-24,quantile,0.8,457
2026-01-17,09,1,wk inc flu hosp,2026-01-24,quantile,0.85,482
2026-01-17,09,1,wk inc flu hosp,2026-01-24,quantile,0.9,521
2026-01-17,09,1,wk inc flu hosp,2026-01-24,quantile,0.95,573
2026-01-17,09,1,wk inc flu hosp,2026-01-24,quantile,0.975,639
2026-01-17,09,1,wk inc flu hosp,2026-01-24,quantile,0.99,719
2026-01-17,09,2,wk inc flu hosp,2026-01-31,quantile,0.01,69
2026-01-17,09,2,wk inc flu hosp,2026-01-31,quantile,0.025,98
2026-01-17,09,2,wk inc flu hosp,2026-01-31,quantile,0.05,116
2026-01-17,09,2,wk inc flu hosp,2026-01-31,quantile,0.1,140
2026-01-17,09,2,wk inc flu hosp,2026-01-31,quantile,0.15,157
2026-01-17,09,2,wk inc flu hosp,2026-01-31,quantile,0.2,178
2026-01-17,09,2,wk inc flu hosp,2026-01-31,quantile,0.25,188
2026-01-17,09,2,wk inc flu hosp,2026-01-31,quantile,0.3,205
2026-01-17,09,2,wk inc flu hosp,2026-01-31,quantile,0.35,230
2026-01-17,09,2,wk inc flu hosp,2026-01-31,quantile,0.4,254
2026-01-17,09,2,wk inc flu hosp,2026-01-31,quantile,0.45,276
2026-01-17,09,2,wk inc flu hosp,2026-01-31,quantile,0.5,290
2026-01-17,09,2,wk inc flu hosp,2026-01-31,quantile,0.55,305
2026-01-17,09,2,wk inc flu hosp,2026-01-31,quantile,0.6,329
2026-01-17,09,2,wk inc flu hosp,2026-01-31,quantile,0.65,359
2026-01-17,09,2,wk inc flu hosp,2026-01-31,quantile,0.7,388
2026-01-17,09,2,wk inc flu hosp,2026-01-31,quantile,0.75,418
2026-01-17,09,2,wk inc flu hosp,2026-01-31,quantile,0.8,455
2026-01-17,09,2,wk inc flu hosp,2026-01-31,quantile,0.85,488
2026-01-17,09,2,wk inc flu hosp,2026-01-31,quantile,0.9,509
2026-01-17,09,2,wk inc flu hosp,2026-01-31,quantile,0.95,597
2026-01-17,09,2,wk inc flu hosp,2026-01-31,quantile,0.975,700
2026-01-17,09,2,wk inc flu hosp,2026-01-31,quantile,0.99,787
2026-01-17,09,3,wk inc flu hosp,2026-02-07,quantile,0.01,46
2026-01-17,09,3,wk inc flu hosp,2026-02-07,quantile,0.025,60
2026-01-17,09,3,wk inc flu hosp,2026-02-07,quantile,0.05,84
2026-01-17,09,3,wk inc flu hosp,2026-02-07,quantile,0.1,100
2026-01-17,09,3,wk inc flu hosp,2026-02-07,quantile,0.15,113
2026-01-17,09,3,wk inc flu hosp,2026-02-07,quantile,0.2,144
2026-01-17,09,3,wk inc flu hosp,2026-02-07,quantile,0.25,155
2026-01-17,09,3,wk inc flu hosp,2026-02-07,quantile,0.3,165
2026-01-17,09,3,wk inc flu hosp,2026-02-07,quantile,0.35,175
2026-01-17,09,3,wk inc flu hosp,2026-02-07,quantile,0.4,188
2026-01-17,09,3,wk inc flu hosp,2026-02-07,quantile,0.45,235
2026-01-17,09,3,wk inc flu hosp,2026-02-07,quantile,0.5,262
2026-01-17,09,3,wk inc flu hosp,2026-02-07,quantile,0.55,287
2026-01-17,09,3,wk inc flu hosp,2026-02-07,quantile,0.6,323
2026-01-17,09,3,wk inc flu hosp,2026-02-07,quantile,0.65,350
2026-01-17,09,3,wk inc flu hosp,2026-02-07,quantile,0.7,374
2026-01-17,09,3,wk inc flu hosp,2026-02-07,quantile,0.75,395
2026-01-17,09,3,wk inc flu hosp,2026-02-07,quantile,0.8,437
2026-01-17,09,3,wk inc flu hosp,2026-02-07,quantile,0.85,495
2026-01-17,09,3,wk inc flu hosp,2026-02-07,quantile,0.9,525
2026-01-17,09,3,wk inc flu hosp,2026-02-07,quantile,0.95,597
2026-01-17,09,3,wk inc flu hosp,2026-02-07,quantile,0.975,682
2026-01-17,09,3,wk inc flu hosp,2026-02-07,quantile,0.99,811
2026-01-17,10,0,wk inc flu hosp,2026-01-17,quantile,0.01,48
2026-01-17,10,0,wk inc flu hosp,2026-01-17,quantile,0.025,63
2026-01-17,10,0,wk inc flu hosp,2026-01-17,quantile,0.05,79
2026-01-17,10,0,wk inc flu hosp,2026-01-17,quantile,0.1,86
2026-01-17,10,0,wk inc flu hosp,2026-01-17,quantile,0.15,100
2026-01-17,10,0,wk inc flu hosp,2026-01-17,quantile,0.2,105
2026-01-17,10,0,wk inc flu hosp,2026-01-17,quantile,0.25,114
2026-01-17,10,0,wk inc flu hosp,2026-01-17,quantile,0.3,119
2026-01-17,10,0,wk inc flu hosp,2026-01-17,quantile,0.35,122
2026-01-17,10,0,wk inc flu hosp,2026-01-17,quantile,0.4,126
2026-01-17,10,0,wk inc flu hosp,2026-01-17,quantile,0.45,128
2026-01-17,10,0,wk inc flu hosp,2026-01-17,quantile,0.5,133
2026-01-17,10,0,wk inc flu hosp,2026-01-17,quantile,0.55,137
2026-01-17,10,0,wk inc flu hosp,2026-01-17,quantile,0.6,141
2026-01-17,10,0,wk inc flu hosp,2026-01-17,quantile,0.65,148
2026-01-17,10,0,wk inc flu hosp,2026-01-17,quantile,0.7,154
2026-01-17,10,0,wk inc flu hosp,2026-01-17,quantile,0.75,161
2026-01-17,10,0,wk inc flu hosp,2026-01-17,quantile,0.8,169
2026-01-17,10,0,wk inc flu hosp,2026-01-17,quantile,0.85,179
2026-01-17,10,0,wk inc flu hosp,2026-01-17,quantile,0.9,190
2026-01-17,10,0,wk inc flu hosp,2026-01-17,quantile,0.95,214
2026-01-17,10,0,wk inc flu hosp,2026-01-17,quantile,0.975,240
2026-01-17,10,0,wk inc flu hosp,2026-01-17,quantile,0.99,257
2026-01-17,10,1,wk inc flu hosp,2026-01-24,quantile,0.01,33
2026-01-17,10,1,wk inc flu hosp,2026-01-24,quantile,0.025,39
2026-01-17,10,1,wk inc flu hosp,2026-01-24,quantile,0.05,50
2026-01-17,10,1,wk inc flu hosp,2026-01-24,quantile,0.1,65
2026-01-17,10,1,wk inc flu hosp,2026-01-24,quantile,0.15,76
2026-01-17,10,1,wk inc flu hosp,2026-01-24,quantile,0.2,87
2026-01-17,10,1,wk inc flu hosp,2026-01-24,quantile,0.25,93
2026-01-17,10,1,wk inc flu hosp,2026-01-24,quantile,0.3,101
2026-01-17,10,1,wk inc flu hosp,2026-01-24,quantile,0.35,111
2026-01-17,10,1,wk inc flu hosp,2026-01-24,quantile,0.4,117
2026-01-17,10,1,wk inc flu hosp,2026-01-24,quantile,0.45,124
2026-01-17,10,1,wk inc flu hosp,2026-01-24,quantile,0.5,127
2026-01-17,10,1,wk inc flu hosp,2026-01-24,quantile,0.55,131
2026-01-17,10,1,wk inc flu hosp,2026-01-24,quantile,0.6,138
2026-01-17,10,1,wk inc flu hosp,2026-01-24,quantile,0.65,143
2026-01-17,10,1,wk inc flu hosp,2026-01-24,quantile,0.7,151
2026-01-17,10,1,wk inc flu hosp,2026-01-24,quantile,0.75,161
2026-01-17,10,1,wk inc flu hosp,2026-01-24,quantile,0.8,172
2026-01-17,10,1,wk inc flu hosp,2026-01-24,quantile,0.85,179
2026-01-17,10,1,wk inc flu hosp,2026-01-24,quantile,0.9,188
2026-01-17,10,1,wk inc flu hosp,2026-01-24,quantile,0.95,220
2026-01-17,10,1,wk inc flu hosp,2026-01-24,quantile,0.975,247
2026-01-17,10,1,wk inc flu hosp,2026-01-24,quantile,0.99,287
2026-01-17,10,2,wk inc flu hosp,2026-01-31,quantile,0.01,21
2026-01-17,10,2,wk inc flu hosp,2026-01-31,quantile,0.025,32
2026-01-17,10,2,wk inc flu hosp,2026-01-31,quantile,0.05,41
2026-01-17,10,2,wk inc flu hosp,2026-01-31,quantile,0.1,50
2026-01-17,10,2,wk inc flu hosp,2026-01-31,quantile,0.15,58
2026-01-17,10,2,wk inc flu hosp,2026-01-31,quantile,0.2,65
2026-01-17,10,2,wk inc flu hosp,2026-01-31,quantile,0.25,78
2026-01-17,10,2,wk inc flu hosp,2026-01-31,quantile,0.3,90
2026-01-17,10,2,wk inc flu hosp,2026-01-31,quantile,0.35,98
2026-01-17,10,2,wk inc flu hosp,2026-01-31,quantile,0.4,107
2026-01-17,10,2,wk inc flu hosp,2026-01-31,quantile,0.45,116
2026-01-17,10,2,wk inc flu hosp,2026-01-31,quantile,0.5,131
2026-01-17,10,2,wk inc flu hosp,2026-01-31,quantile,0.55,136
2026-01-17,10,2,wk inc flu hosp,2026-01-31,quantile,0.6,139
2026-01-17,10,2,wk inc flu hosp,2026-01-31,quantile,0.65,146
2026-01-17,10,2,wk inc flu hosp,2026-01-31,quantile,0.7,153
2026-01-17,10,2,wk inc flu hosp,2026-01-31,quantile,0.75,161
2026-01-17,10,2,wk inc flu hosp,2026-01-31,quantile,0.8,174
2026-01-17,10,2,wk inc flu hosp,2026-01-31,quantile,0.85,192
2026-01-17,10,2,wk inc flu hosp,2026-01-31,quantile,0.9,204
2026-01-17,10,2,wk inc flu hosp,2026-01-31,quantile,0.95,234
2026-01-17,10,2,wk inc flu hosp,2026-01-31,quantile,0.975,264
2026-01-17,10,2,wk inc flu hosp,2026-01-31,quantile,0.99,295
2026-01-17,10,3,wk inc flu hosp,2026-02-07,quantile,0.01,17
2026-01-17,10,3,wk inc flu hosp,2026-02-07,quantile,0.025,23
2026-01-17,10,3,wk inc flu hosp,2026-02-07,quantile,0.05,28
2026-01-17,10,3,wk inc flu hosp,2026-02-07,quantile,0.1,37
2026-01-17,10,3,wk inc flu hosp,2026-02-07,quantile,0.15,45
2026-01-17,10,3,wk inc flu hosp,2026-02-07,quantile,0.2,56
2026-01-17,10,3,wk inc flu hosp,2026-02-07,quantile,0.25,64
2026-01-17,10,3,wk inc flu hosp,2026-02-07,quantile,0.3,76
2026-01-17,10,3,wk inc flu hosp,2026-02-07,quantile,0.35,83
2026-01-17,10,3,wk inc flu hosp,2026-02-07,quantile,0.4,90
2026-01-17,10,3,wk inc flu hosp,2026-02-07,quantile,0.45,98
2026-01-17,10,3,wk inc flu hosp,2026-02-07,quantile,0.5,107
2026-01-17,10,3,wk inc flu hosp,2026-02-07,quantile,0.55,121
2026-01-17,10,3,wk inc flu hosp,2026-02-07,quantile,0.6,127
2026-01-17,10,3,wk inc flu hosp,2026-02-07,quantile,0.65,135
2026-01-17,10,3,wk inc flu hosp,2026-02-07,quantile,0.7,147
2026-01-17,10,3,wk inc flu hosp,2026-02-07,quantile,0.75,156
2026-01-17,10,3,wk inc flu hosp,2026-02-07,quantile,0.8,171
2026-01-17,10,3,wk inc flu hosp,2026-02-07,quantile,0.85,194
2026-01-17,10,3,wk inc flu hosp,2026-02-07,quantile,0.9,213
2026-01-17,10,3,wk inc flu hosp,2026-02-07,quantile,0.95,236
2026-01-17,10,3,wk inc flu hosp,2026-02-07,quantile,0.975,264
2026-01-17,10,3,wk inc flu hosp,2026-02-07,quantile,0.99,299
2026-01-17,11,0,wk inc flu hosp,2026-01-17,quantile,0.01,18
2026-01-17,11,0,wk inc flu hosp,2026-01-17,quantile,0.025,21
2026-01-17,11,0,wk inc flu hosp,2026-01-17,quantile,0.05,28
2026-01-17,11,0,wk inc flu hosp,2026-01-17,quantile,0.1,34
2026-01-17,11,0,wk inc flu hosp,2026-01-17,quantile,0.15,39
2026-01-17,11,0,wk inc flu hosp,2026-01-17,quantile,0.2,42
2026-01-17,11,0,wk inc flu hosp,2026-01-17,quantile,0.25,45
2026-01-17,11,0,wk inc flu hosp,2026-01-17,quantile,0.3,48
2026-01-17,11,0,wk inc flu hosp,2026-01-17,quantile,0.35,50
2026-01-17,11,0,wk inc flu hosp,2026-01-17,quantile,0.4,52
2026-01-17,11,0,wk inc flu hosp,2026-01-17,quantile,0.45,56
2026-01-17,11,0,wk inc flu hosp,2026-01-17,quantile,0.5,59
2026-01-17,11,0,wk inc flu hosp,2026-01-17,quantile,0.55,63
2026-01-17,11,0,wk inc flu hosp,2026-01-17,quantile,0.6,65
2026-01-17,11,0,wk inc flu hosp,2026-01-17,quantile,0.65,70
2026-01-17,11,0,wk inc flu hosp,2026-01-17,quantile,0.7,75
2026-01-17,11,0,wk inc flu hosp,2026-01-17,quantile,0.75,80
2026-01-17,11,0,wk inc flu hosp,2026-01-17,quantile,0.8,86
2026-01-17,11,0,wk inc flu hosp,2026-01-17,quantile,0.85,93
2026-01-17,11,0,wk inc flu hosp,2026-01-17,quantile,0.9,101
2026-01-17,11,0,wk inc flu hosp,2026-01-17,quantile,0.95,113
2026-01-17,11,0,wk inc flu hosp,2026-01-17,quantile,0.975,125
2026-01-17,11,0,wk inc flu hosp,2026-01-17,quantile,0.99,138
2026-01-17,11,1,wk inc flu hosp,2026-01-24,quantile,0.01,12
2026-01-17,11,1,wk inc flu hosp,2026-01-24,quantile,0.025,16
2026-01-17,11,1,wk inc flu hosp,2026-01-24,quantile,0.05,21
2026-01-17,11,1,wk inc flu hosp,2026-01-24,quantile,0.1,28
2026-01-17,11,1,wk inc flu hosp,2026-01-24,quantile,0.15,33
2026-01-17,11,1,wk inc flu hosp,2026-01-24,quantile,0.2,37
2026-01-17,11,1,wk inc flu hosp,2026-01-24,quantile,0.25,40
2026-01-17,11,1,wk inc flu hosp,2026-01-24,quantile,0.3,42
2026-01-17,11,1,wk inc flu hosp,2026-01-24,quantile,0.35,46
2026-01-17,11,1,wk inc flu hosp,2026-01-24,quantile,0.4,48
2026-01-17,11,1,wk inc flu hosp,2026-01-24,quantile,0.45,51
2026-01-17,11,1,wk inc flu hosp,2026-01-24,quantile,0.5,57
2026-01-17,11,1,wk inc flu hosp,2026-01-24,quantile,0.55,60
2026-01-17,11,1,wk inc flu hosp,2026-01-24,quantile,0.6,65
2026-01-17,11,1,wk inc flu hosp,2026-01-24,quantile,0.65,71
2026-01-17,11,1,wk inc flu hosp,2026-01-24,quantile,0.7,76
2026-01-17,11,1,wk inc flu hosp,2026-01-24,quantile,0.75,81
2026-01-17,11,1,wk inc flu hosp,2026-01-24,quantile,0.8,88
2026-01-17,11,1,wk inc flu hosp,2026-01-24,quantile,0.85,96
2026-01-17,11,1,wk inc flu hosp,2026-01-24,quantile,0.9,103
2026-01-17,11,1,wk inc flu hosp,2026-01-24,quantile,0.95,119
2026-01-17,11,1,wk inc flu hosp,2026-01-24,quantile,0.975,136
2026-01-17,11,1,wk inc flu hosp,2026-01-24,quantile,0.99,158
2026-01-17,11,2,wk inc flu hosp,2026-01-31,quantile,0.01,9
2026-01-17,11,2,wk inc flu hosp,2026-01-31,quantile,0.025,14
2026-01-17,11,2,wk inc flu hosp,2026-01-31,quantile,0.05,20
2026-01-17,11,2,wk inc flu hosp,2026-01-31,quantile,0.1,23
2026-01-17,11,2,wk inc flu hosp,2026-01-31,quantile,0.15,27
2026-01-17,11,2,wk inc flu hosp,2026-01-31,quantile,0.2,30
2026-01-17,11,2,wk inc flu hosp,2026-01-31,quantile,0.25,37
2026-01-17,11,2,wk inc flu hosp,2026-01-31,quantile,0.3,40
2026-01-17,11,2,wk inc flu hosp,2026-01-31,quantile,0.35,45
2026-01-17,11,2,wk inc flu hosp,2026-01-31,quantile,0.4,48
2026-01-17,11,2,wk inc flu hosp,2026-01-31,quantile,0.45,51
2026-01-17,11,2,wk inc flu hosp,2026-01-31,quantile,0.5,55
2026-01-17,11,2,wk inc flu hosp,2026-01-31,quantile,0.55,62
2026-01-17,11,2,wk inc flu hosp,2026-01-31,quantile,0.6,67
2026-01-17,11,2,wk inc flu hosp,2026-01-31,quantile,0.65,73
2026-01-17,11,2,wk inc flu hosp,2026-01-31,quantile,0.7,78
2026-01-17,11,2,wk inc flu hosp,2026-01-31,quantile,0.75,86
2026-01-17,11,2,wk inc flu hosp,2026-01-31,quantile,0.8,92
2026-01-17,11,2,wk inc flu hosp,2026-01-31,quantile,0.85,100
2026-01-17,11,2,wk inc flu hosp,2026-01-31,quantile,0.9,111
2026-01-17,11,2,wk inc flu hosp,2026-01-31,quantile,0.95,128
2026-01-17,11,2,wk inc flu hosp,2026-01-31,quantile,0.975,145
2026-01-17,11,2,wk inc flu hosp,2026-01-31,quantile,0.99,169
2026-01-17,11,3,wk inc flu hosp,2026-02-07,quantile,0.01,5
2026-01-17,11,3,wk inc flu hosp,2026-02-07,quantile,0.025,10
2026-01-17,11,3,wk inc flu hosp,2026-02-07,quantile,0.05,14
2026-01-17,11,3,wk inc flu hosp,2026-02-07,quantile,0.1,20
2026-01-17,11,3,wk inc flu hosp,2026-02-07,quantile,0.15,22
2026-01-17,11,3,wk inc flu hosp,2026-02-07,quantile,0.2,24
2026-01-17,11,3,wk inc flu hosp,2026-02-07,quantile,0.25,27
2026-01-17,11,3,wk inc flu hosp,2026-02-07,quantile,0.3,32
2026-01-17,11,3,wk inc flu hosp,2026-02-07,quantile,0.35,36
2026-01-17,11,3,wk inc flu hosp,2026-02-07,quantile,0.4,40
2026-01-17,11,3,wk inc flu hosp,2026-02-07,quantile,0.45,47
2026-01-17,11,3,wk inc flu hosp,2026-02-07,quantile,0.5,55
2026-01-17,11,3,wk inc flu hosp,2026-02-07,quantile,0.55,62
2026-01-17,11,3,wk inc flu hosp,2026-02-07,quantile,0.6,68
2026-01-17,11,3,wk inc flu hosp,2026-02-07,quantile,0.65,74
2026-01-17,11,3,wk inc flu hosp,2026-02-07,quantile,0.7,77
2026-01-17,11,3,wk inc flu hosp,2026-02-07,quantile,0.75,79
2026-01-17,11,3,wk inc flu hosp,2026-02-07,quantile,0.8,86
2026-01-17,11,3,wk inc flu hosp,2026-02-07,quantile,0.85,99
2026-01-17,11,3,wk inc flu hosp,2026-02-07,quantile,0.9,111
2026-01-17,11,3,wk inc flu hosp,2026-02-07,quantile,0.95,130
2026-01-17,11,3,wk inc flu hosp,2026-02-07,quantile,0.975,153
2026-01-17,11,3,wk inc flu hosp,2026-02-07,quantile,0.99,197
2026-01-17,12,0,wk inc flu hosp,2026-01-17,quantile,0.01,1154
2026-01-17,12,0,wk inc flu hosp,2026-01-17,quantile,0.025,1275
2026-01-17,12,0,wk inc flu hosp,2026-01-17,quantile,0.05,1382
2026-01-17,12,0,wk inc flu hosp,2026-01-17,quantile,0.1,1526
2026-01-17,12,0,wk inc flu hosp,2026-01-17,quantile,0.15,1630
2026-01-17,12,0,wk inc flu hosp,2026-01-17,quantile,0.2,1716
2026-01-17,12,0,wk inc flu hosp,2026-01-17,quantile,0.25,1784
2026-01-17,12,0,wk inc flu hosp,2026-01-17,quantile,0.3,1846
2026-01-17,12,0,wk inc flu hosp,2026-01-17,quantile,0.35,1892
2026-01-17,12,0,wk inc flu hosp,2026-01-17,quantile,0.4,1948
2026-01-17,12,0,wk inc flu hosp,2026-01-17,quantile,0.45,2009
2026-01-17,12,0,wk inc flu hosp,2026-01-17,quantile,0.5,2083
2026-01-17,12,0,wk inc flu hosp,2026-01-17,quantile,0.55,2154
2026-01-17,12,0,wk inc flu hosp,2026-01-17,quantile,0.6,2234
2026-01-17,12,0,wk inc flu hosp,2026-01-17,quantile,0.65,2298
2026-01-17,12,0,wk inc flu hosp,2026-01-17,quantile,0.7,2352
2026-01-17,12,0,wk inc flu hosp,2026-01-17,quantile,0.75,2435
2026-01-17,12,0,wk inc flu hosp,2026-01-17,quantile,0.8,2529
2026-01-17,12,0,wk inc flu hosp,2026-01-17,quantile,0.85,2631
2026-01-17,12,0,wk inc flu hosp,2026-01-17,quantile,0.9,2725
2026-01-17,12,0,wk inc flu hosp,2026-01-17,quantile,0.95,2974
2026-01-17,12,0,wk inc flu hosp,2026-01-17,quantile,0.975,3152
2026-01-17,12,0,wk inc flu hosp,2026-01-17,quantile,0.99,3306
2026-01-17,12,1,wk inc flu hosp,2026-01-24,quantile,0.01,958
2026-01-17,12,1,wk inc flu hosp,2026-01-24,quantile,0.025,1069
2026-01-17,12,1,wk inc flu hosp,2026-01-24,quantile,0.05,1153
2026-01-17,12,1,wk inc flu hosp,2026-01-24,quantile,0.1,1341
2026-01-17,12,1,wk inc flu hosp,2026-01-24,quantile,0.15,1515
2026-01-17,12,1,wk inc flu hosp,2026-01-24,quantile,0.2,1627
2026-01-17,12,1,wk inc flu hosp,2026-01-24,quantile,0.25,1726
2026-01-17,12,1,wk inc flu hosp,2026-01-24,quantile,0.3,1805
2026-01-17,12,1,wk inc flu hosp,2026-01-24,quantile,0.35,1925
2026-01-17,12,1,wk inc flu hosp,2026-01-24,quantile,0.4,1984
2026-01-17,12,1,wk inc flu hosp,2026-01-24,quantile,0.45,2088
2026-01-17,12,1,wk inc flu hosp,2026-01-24,quantile,0.5,2150
2026-01-17,12,1,wk inc flu hosp,2026-01-24,quantile,0.55,2225
2026-01-17,12,1,wk inc flu hosp,2026-01-24,quantile,0.6,2284
2026-01-17,12,1,wk inc flu hosp,2026-01-24,quantile,0.65,2311
2026-01-17,12,1,wk inc flu hosp,2026-01-24,quantile,0.7,2368
2026-01-17,12,1,wk inc flu hosp,2026-01-24,quantile,0.75,2475
2026-01-17,12,1,wk inc flu hosp,2026-01-24,quantile,0.8,2618
2026-01-17,12,1,wk inc flu hosp,2026-01-24,quantile,0.85,2760
2026-01-17,12,1,wk inc flu hosp,2026-01-24,quantile,0.9,2877
2026-01-17,12,1,wk inc flu hosp,2026-01-24,quantile,0.95,3255
2026-01-17,12,1,wk inc flu hosp,2026-01-24,quantile,0.975,3487
2026-01-17,12,1,wk inc flu hosp,2026-01-24,quantile,0.99,3812
2026-01-17,12,2,wk inc flu hosp,2026-01-31,quantile,0.01,715
2026-01-17,12,2,wk inc flu hosp,2026-01-31,quantile,0.025,947
2026-01-17,12,2,wk inc flu hosp,2026-01-31,quantile,0.05,1051
2026-01-17,12,2,wk inc flu hosp,2026-01-31,quantile,0.1,1235
2026-01-17,12,2,wk inc flu hosp,2026-01-31,quantile,0.15,1350
2026-01-17,12,2,wk inc flu hosp,2026-01-31,quantile,0.2,1450
2026-01-17,12,2,wk inc flu hosp,2026-01-31,quantile,0.25,1565
2026-01-17,12,2,wk inc flu hosp,2026-01-31,quantile,0.3,1707
2026-01-17,12,2,wk inc flu hosp,2026-01-31,quantile,0.35,1869
2026-01-17,12,2,wk inc flu hosp,2026-01-31,quantile,0.4,2002
2026-01-17,12,2,wk inc flu hosp,2026-01-31,quantile,0.45,2083
2026-01-17,12,2,wk inc flu hosp,2026-01-31,quantile,0.5,2166
2026-01-17,12,2,wk inc flu hosp,2026-01-31,quantile,0.55,2219
2026-01-17,12,2,wk inc flu hosp,2026-01-31,quantile,0.6,2324
2026-01-17,12,2,wk inc flu hosp,2026-01-31,quantile,0.65,2407
2026-01-17,12,2,wk inc flu hosp,2026-01-31,quantile,0.7,2521
2026-01-17,12,2,wk inc flu hosp,2026-01-31,quantile,0.75,2580
2026-01-17,12,2,wk inc flu hosp,2026-01-31,quantile,0.8,2692
2026-01-17,12,2,wk inc flu hosp,2026-01-31,quantile,0.85,2937
2026-01-17,12,2,wk inc flu hosp,2026-01-31,quantile,0.9,3124
2026-01-17,12,2,wk inc flu hosp,2026-01-31,quantile,0.95,3405
2026-01-17,12,2,wk inc flu hosp,2026-01-31,quantile,0.975,3816
2026-01-17,12,2,wk inc flu hosp,2026-01-31,quantile,0.99,4494
2026-01-17,12,3,wk inc flu hosp,2026-02-07,quantile,0.01,536
2026-01-17,12,3,wk inc flu hosp,2026-02-07,quantile,0.025,709
2026-01-17,12,3,wk inc flu hosp,2026-02-07,quantile,0.05,936
2026-01-17,12,3,wk inc flu hosp,2026-02-07,quantile,0.1,1161
2026-01-17,12,3,wk inc flu hosp,2026-02-07,quantile,0.15,1218
2026-01-17,12,3,wk inc flu hosp,2026-02-07,quantile,0.2,1272
2026-01-17,12,3,wk inc flu hosp,2026-02-07,quantile,0.25,1409
2026-01-17,12,3,wk inc flu hosp,2026-02-07,quantile,0.3,1563
2026-01-17,12,3,wk inc flu hosp,2026-02-07,quantile,0.35,1661
2026-01-17,12,3,wk inc flu hosp,2026-02-07,quantile,0.4,1811
2026-01-17,12,3,wk inc flu hosp,2026-02-07,quantile,0.45,1866
2026-01-17,12,3,wk inc flu hosp,2026-02-07,quantile,0.5,1921
2026-01-17,12,3,wk inc flu hosp,2026-02-07,quantile,0.55,1988
2026-01-17,12,3,wk inc flu hosp,2026-02-07,quantile,0.6,2097
2026-01-17,12,3,wk inc flu hosp,2026-02-07,quantile,0.65,2232
2026-01-17,12,3,wk inc flu hosp,2026-02-07,quantile,0.7,2310
2026-01-17,12,3,wk inc flu hosp,2026-02-07,quantile,0.75,2492
2026-01-17,12,3,wk inc flu hosp,2026-02-07,quantile,0.8,2733
2026-01-17,12,3,wk inc flu hosp,2026-02-07,quantile,0.85,2975
2026-01-17,12,3,wk inc flu hosp,2026-02-07,quantile,0.9,3209
2026-01-17,12,3,wk inc flu hosp,2026-02-07,quantile,0.95,3521
2026-01-17,12,3,wk inc flu hosp,2026-02-07,quantile,0.975,3917
2026-01-17,12,3,wk inc flu hosp,2026-02-07,quantile,0.99,4366
2026-01-17,13,0,wk inc flu hosp,2026-01-17,quantile,0.01,248
2026-01-17,13,0,wk inc flu hosp,2026-01-17,quantile,0.025,295
2026-01-17,13,0,wk inc flu hosp,2026-01-17,quantile,0.05,330
2026-01-17,13,0,wk inc flu hosp,2026-01-17,quantile,0.1,385
2026-01-17,13,0,wk inc flu hosp,2026-01-17,quantile,0.15,420
2026-01-17,13,0,wk inc flu hosp,2026-01-17,quantile,0.2,452
2026-01-17,13,0,wk inc flu hosp,2026-01-17,quantile,0.25,477
2026-01-17,13,0,wk inc flu hosp,2026-01-17,quantile,0.3,497
2026-01-17,13,0,wk inc flu hosp,2026-01-17,quantile,0.35,524
2026-01-17,13,0,wk inc flu hosp,2026-01-17,quantile,0.4,564
2026-01-17,13,0,wk inc flu hosp,2026-01-17,quantile,0.45,577
2026-01-17,13,0,wk inc flu hosp,2026-01-17,quantile,0.5,601
2026-01-17,13,0,wk inc flu hosp,2026-01-17,quantile,0.55,633
2026-01-17,13,0,wk inc flu hosp,2026-01-17,quantile,0.6,650
2026-01-17,13,0,wk inc flu hosp,2026-01-17,quantile,0.65,687
2026-01-17,13,0,wk inc flu hosp,2026-01-17,quantile,0.7,718
2026-01-17,13,0,wk inc flu hosp,2026-01-17,quantile,0.75,734
2026-01-17,13,0,wk inc flu hosp,2026-01-17,quantile,0.8,792
2026-01-17,13,0,wk inc flu hosp,2026-01-17,quantile,0.85,842
2026-01-17,13,0,wk inc flu hosp,2026-01-17,quantile,0.9,896
2026-01-17,13,0,wk inc flu hosp,2026-01-17,quantile,0.95,1016
2026-01-17,13,0,wk inc flu hosp,2026-01-17,quantile,0.975,1109
2026-01-17,13,0,wk inc flu hosp,2026-01-17,quantile,0.99,1204
2026-01-17,13,1,wk inc flu hosp,2026-01-24,quantile,0.01,198
2026-01-17,13,1,wk inc flu hosp,2026-01-24,quantile,0.025,239
2026-01-17,13,1,wk inc flu hosp,2026-01-24,quantile,0.05,269
2026-01-17,13,1,wk inc flu hosp,2026-01-24,quantile,0.1,303
2026-01-17,13,1,wk inc flu hosp,2026-01-24,quantile,0.15,338
2026-01-17,13,1,wk inc flu hosp,2026-01-24,quantile,0.2,390
2026-01-17,13,1,wk inc flu hosp,2026-01-24,quantile,0.25,434
2026-01-17,13,1,wk inc flu hosp,2026-01-24,quantile,0.3,460
2026-01-17,13,1,wk inc flu hosp,2026-01-24,quantile,0.35,487
2026-01-17,13,1,wk inc flu hosp,2026-01-24,quantile,0.4,553
2026-01-17,13,1,wk inc flu hosp,2026-01-24,quantile,0.45,578
2026-01-17,13,1,wk inc flu hosp,2026-01-24,quantile,0.5,605
2026-01-17,13,1,wk inc flu hosp,2026-01-24,quantile,0.55,649
2026-01-17,13,1,wk inc flu hosp,2026-01-24,quantile,0.6,661
2026-01-17,13,1,wk inc flu hosp,2026-01-24,quantile,0.65,667
2026-01-17,13,1,wk inc flu hosp,2026-01-24,quantile,0.7,705
2026-01-17,13,1,wk inc flu hosp,2026-01-24,quantile,0.75,741
2026-01-17,13,1,wk inc flu hosp,2026-01-24,quantile,0.8,786
2026-01-17,13,1,wk inc flu hosp,2026-01-24,quantile,0.85,861
2026-01-17,13,1,wk inc flu hosp,2026-01-24,quantile,0.9,952
2026-01-17,13,1,wk inc flu hosp,2026-01-24,quantile,0.95,1084
2026-01-17,13,1,wk inc flu hosp,2026-01-24,quantile,0.975,1218
2026-01-17,13,1,wk inc flu hosp,2026-01-24,quantile,0.99,1344
2026-01-17,13,2,wk inc flu hosp,2026-01-31,quantile,0.01,161
2026-01-17,13,2,wk inc flu hosp,2026-01-31,quantile,0.025,186
2026-01-17,13,2,wk inc flu hosp,2026-01-31,quantile,0.05,228
2026-01-17,13,2,wk inc flu hosp,2026-01-31,quantile,0.1,281
2026-01-17,13,2,wk inc flu hosp,2026-01-31,quantile,0.15,318
2026-01-17,13,2,wk inc flu hosp,2026-01-31,quantile,0.2,348
2026-01-17,13,2,wk inc flu hosp,2026-01-31,quantile,0.25,384
2026-01-17,13,2,wk inc flu hosp,2026-01-31,quantile,0.3,423
2026-01-17,13,2,wk inc flu hosp,2026-01-31,quantile,0.35,457
2026-01-17,13,2,wk inc flu hosp,2026-01-31,quantile,0.4,534
2026-01-17,13,2,wk inc flu hosp,2026-01-31,quantile,0.45,559
2026-01-17,13,2,wk inc flu hosp,2026-01-31,quantile,0.5,595
2026-01-17,13,2,wk inc flu hosp,2026-01-31,quantile,0.55,614
2026-01-17,13,2,wk inc flu hosp,2026-01-31,quantile,0.6,637
2026-01-17,13,2,wk inc flu hosp,2026-01-31,quantile,0.65,672
2026-01-17,13,2,wk inc flu hosp,2026-01-31,quantile,0.7,701
2026-01-17,13,2,wk inc flu hosp,2026-01-31,quantile,0.75,751
2026-01-17,13,2,wk inc flu hosp,2026-01-31,quantile,0.8,798
2026-01-17,13,2,wk inc flu hosp,2026-01-31,quantile,0.85,863
2026-01-17,13,2,wk inc flu hosp,2026-01-31,quantile,0.9,973
2026-01-17,13,2,wk inc flu hosp,2026-01-31,quantile,0.95,1134
2026-01-17,13,2,wk inc flu hosp,2026-01-31,quantile,0.975,1282
2026-01-17,13,2,wk inc flu hosp,2026-01-31,quantile,0.99,1509
2026-01-17,13,3,wk inc flu hosp,2026-02-07,quantile,0.01,115
2026-01-17,13,3,wk inc flu hosp,2026-02-07,quantile,0.025,154
2026-01-17,13,3,wk inc flu hosp,2026-02-07,quantile,0.05,197
2026-01-17,13,3,wk inc flu hosp,2026-02-07,quantile,0.1,248
2026-01-17,13,3,wk inc flu hosp,2026-02-07,quantile,0.15,274
2026-01-17,13,3,wk inc flu hosp,2026-02-07,quantile,0.2,299
2026-01-17,13,3,wk inc flu hosp,2026-02-07,quantile,0.25,339
2026-01-17,13,3,wk inc flu hosp,2026-02-07,quantile,0.3,375
2026-01-17,13,3,wk inc flu hosp,2026-02-07,quantile,0.35,404
2026-01-17,13,3,wk inc flu hosp,2026-02-07,quantile,0.4,471
2026-01-17,13,3,wk inc flu hosp,2026-02-07,quantile,0.45,506
2026-01-17,13,3,wk inc flu hosp,2026-02-07,quantile,0.5,557
2026-01-17,13,3,wk inc flu hosp,2026-02-07,quantile,0.55,593
2026-01-17,13,3,wk inc flu hosp,2026-02-07,quantile,0.6,611
2026-01-17,13,3,wk inc flu hosp,2026-02-07,quantile,0.65,634
2026-01-17,13,3,wk inc flu hosp,2026-02-07,quantile,0.7,674
2026-01-17,13,3,wk inc flu hosp,2026-02-07,quantile,0.75,720
2026-01-17,13,3,wk inc flu hosp,2026-02-07,quantile,0.8,779
2026-01-17,13,3,wk inc flu hosp,2026-02-07,quantile,0.85,818
2026-01-17,13,3,wk inc flu hosp,2026-02-07,quantile,0.9,901
2026-01-17,13,3,wk inc flu hosp,2026-02-07,quantile,0.95,1097
2026-01-17,13,3,wk inc flu hosp,2026-02-07,quantile,0.975,1243
2026-01-17,13,3,wk inc flu hosp,2026-02-07,quantile,0.99,1391
2026-01-17,15,0,wk inc flu hosp,2026-01-17,quantile,0.01,29
2026-01-17,15,0,wk inc flu hosp,2026-01-17,quantile,0.025,34
2026-01-17,15,0,wk inc flu hosp,2026-01-17,quantile,0.05,42
2026-01-17,15,0,wk inc flu hosp,2026-01-17,quantile,0.1,48
2026-01-17,15,0,wk inc flu hosp,2026-01-17,quantile,0.15,53
2026-01-17,15,0,wk inc flu hosp,2026-01-17,quantile,0.2,58
2026-01-17,15,0,wk inc flu hosp,2026-01-17,quantile,0.25,61
2026-01-17,15,0,wk inc flu hosp,2026-01-17,quantile,0.3,65
2026-01-17,15,0,wk inc flu hosp,2026-01-17,quantile,0.35,66
2026-01-17,15,0,wk inc flu hosp,2026-01-17,quantile,0.4,70
2026-01-17,15,0,wk inc flu hosp,2026-01-17,quantile,0.45,74
2026-01-17,15,0,wk inc flu hosp,2026-01-17,quantile,0.5,80
2026-01-17,15,0,wk inc flu hosp,2026-01-17,quantile,0.55,83
2026-01-17,15,0,wk inc flu hosp,2026-01-17,quantile,0.6,85
2026-01-17,15,0,wk inc flu hosp,2026-01-17,quantile,0.65,87
2026-01-17,15,0,wk inc flu hosp,2026-01-17,quantile,0.7,89
2026-01-17,15,0,wk inc flu hosp,2026-01-17,quantile,0.75,93
2026-01-17,15,0,wk inc flu hosp,2026-01-17,quantile,0.8,96
2026-01-17,15,0,wk inc flu hosp,2026-01-17,quantile,0.85,102
2026-01-17,15,0,wk inc flu hosp,2026-01-17,quantile,0.9,109
2026-01-17,15,0,wk inc flu hosp,2026-01-17,quantile,0.95,125
2026-01-17,15,0,wk inc flu hosp,2026-01-17,quantile,0.975,139
2026-01-17,15,0,wk inc flu hosp,2026-01-17,quantile,0.99,159
2026-01-17,15,1,wk inc flu hosp,2026-01-24,quantile,0.01,21
2026-01-17,15,1,wk inc flu hosp,2026-01-24,quantile,0.025,28
2026-01-17,15,1,wk inc flu hosp,2026-01-24,quantile,0.05,35
2026-01-17,15,1,wk inc flu hosp,2026-01-24,quantile,0.1,42
2026-01-17,15,1,wk inc flu hosp,2026-01-24,quantile,0.15,46
2026-01-17,15,1,wk inc flu hosp,2026-01-24,quantile,0.2,50
2026-01-17,15,1,wk inc flu hosp,2026-01-24,quantile,0.25,53
2026-01-17,15,1,wk inc flu hosp,2026-01-24,quantile,0.3,56
2026-01-17,15,1,wk inc flu hosp,2026-01-24,quantile,0.35,61
2026-01-17,15,1,wk inc flu hosp,2026-01-24,quantile,0.4,65
2026-01-17,15,1,wk inc flu hosp,2026-01-24,quantile,0.45,68
2026-01-17,15,1,wk inc flu hosp,2026-01-24,quantile,0.5,71
2026-01-17,15,1,wk inc flu hosp,2026-01-24,quantile,0.55,75
2026-01-17,15,1,wk inc flu hosp,2026-01-24,quantile,0.6,78
2026-01-17,15,1,wk inc flu hosp,2026-01-24,quantile,0.65,82
2026-01-17,15,1,wk inc flu hosp,2026-01-24,quantile,0.7,86
2026-01-17,15,1,wk inc flu hosp,2026-01-24,quantile,0.75,92
2026-01-17,15,1,wk inc flu hosp,2026-01-24,quantile,0.8,98
2026-01-17,15,1,wk inc flu hosp,2026-01-24,quantile,0.85,102
2026-01-17,15,1,wk inc flu hosp,2026-01-24,quantile,0.9,113
2026-01-17,15,1,wk inc flu hosp,2026-01-24,quantile,0.95,133
2026-01-17,15,1,wk inc flu hosp,2026-01-24,quantile,0.975,146
2026-01-17,15,1,wk inc flu hosp,2026-01-24,quantile,0.99,167
2026-01-17,15,2,wk inc flu hosp,2026-01-31,quantile,0.01,12
2026-01-17,15,2,wk inc flu hosp,2026-01-31,quantile,0.025,16
2026-01-17,15,2,wk inc flu hosp,2026-01-31,quantile,0.05,24
2026-01-17,15,2,wk inc flu hosp,2026-01-31,quantile,0.1,31
2026-01-17,15,2,wk inc flu hosp,2026-01-31,quantile,0.15,37
2026-01-17,15,2,wk inc flu hosp,2026-01-31,quantile,0.2,42
2026-01-17,15,2,wk inc flu hosp,2026-01-31,quantile,0.25,47
2026-01-17,15,2,wk inc flu hosp,2026-01-31,quantile,0.3,50
2026-01-17,15,2,wk inc flu hosp,2026-01-31,quantile,0.35,56
2026-01-17,15,2,wk inc flu hosp,2026-01-31,quantile,0.4,61
2026-01-17,15,2,wk inc flu hosp,2026-01-31,quantile,0.45,63
2026-01-17,15,2,wk inc flu hosp,2026-01-31,quantile,0.5,69
2026-01-17,15,2,wk inc flu hosp,2026-01-31,quantile,0.55,75
2026-01-17,15,2,wk inc flu hosp,2026-01-31,quantile,0.6,78
2026-01-17,15,2,wk inc flu hosp,2026-01-31,quantile,0.65,83
2026-01-17,15,2,wk inc flu hosp,2026-01-31,quantile,0.7,85
2026-01-17,15,2,wk inc flu hosp,2026-01-31,quantile,0.75,92
2026-01-17,15,2,wk inc flu hosp,2026-01-31,quantile,0.8,97
2026-01-17,15,2,wk inc flu hosp,2026-01-31,quantile,0.85,105
2026-01-17,15,2,wk inc flu hosp,2026-01-31,quantile,0.9,108
2026-01-17,15,2,wk inc flu hosp,2026-01-31,quantile,0.95,129
2026-01-17,15,2,wk inc flu hosp,2026-01-31,quantile,0.975,146
2026-01-17,15,2,wk inc flu hosp,2026-01-31,quantile,0.99,170
2026-01-17,15,3,wk inc flu hosp,2026-02-07,quantile,0.01,13
2026-01-17,15,3,wk inc flu hosp,2026-02-07,quantile,0.025,17
2026-01-17,15,3,wk inc flu hosp,2026-02-07,quantile,0.05,20
2026-01-17,15,3,wk inc flu hosp,2026-02-07,quantile,0.1,28
2026-01-17,15,3,wk inc flu hosp,2026-02-07,quantile,0.15,33
2026-01-17,15,3,wk inc flu hosp,2026-02-07,quantile,0.2,36
2026-01-17,15,3,wk inc flu hosp,2026-02-07,quantile,0.25,42
2026-01-17,15,3,wk inc flu hosp,2026-02-07,quantile,0.3,47
2026-01-17,15,3,wk inc flu hosp,2026-02-07,quantile,0.35,52
2026-01-17,15,3,wk inc flu hosp,2026-02-07,quantile,0.4,55
2026-01-17,15,3,wk inc flu hosp,2026-02-07,quantile,0.45,62
2026-01-17,15,3,wk inc flu hosp,2026-02-07,quantile,0.5,66
2026-01-17,15,3,wk inc flu hosp,2026-02-07,quantile,0.55,73
2026-01-17,15,3,wk inc flu hosp,2026-02-07,quantile,0.6,78
2026-01-17,15,3,wk inc flu hosp,2026-02-07,quantile,0.65,80
2026-01-17,15,3,wk inc flu hosp,2026-02-07,quantile,0.7,85
2026-01-17,15,3,wk inc flu hosp,2026-02-07,quantile,0.75,90
2026-01-17,15,3,wk inc flu hosp,2026-02-07,quantile,0.8,95
2026-01-17,15,3,wk inc flu hosp,2026-02-07,quantile,0.85,102
2026-01-17,15,3,wk inc flu hosp,2026-02-07,quantile,0.9,109
2026-01-17,15,3,wk inc flu hosp,2026-02-07,quantile,0.95,123
2026-01-17,15,3,wk inc flu hosp,2026-02-07,quantile,0.975,143
2026-01-17,15,3,wk inc flu hosp,2026-02-07,quantile,0.99,163
2026-01-17,16,0,wk inc flu hosp,2026-01-17,quantile,0.01,55
2026-01-17,16,0,wk inc flu hosp,2026-01-17,quantile,0.025,62
2026-01-17,16,0,wk inc flu hosp,2026-01-17,quantile,0.05,78
2026-01-17,16,0,wk inc flu hosp,2026-01-17,quantile,0.1,90
2026-01-17,16,0,wk inc flu hosp,2026-01-17,quantile,0.15,98
2026-01-17,16,0,wk inc flu hosp,2026-01-17,quantile,0.2,106
2026-01-17,16,0,wk inc flu hosp,2026-01-17,quantile,0.25,112
2026-01-17,16,0,wk inc flu hosp,2026-01-17,quantile,0.3,117
2026-01-17,16,0,wk inc flu hosp,2026-01-17,quantile,0.35,122
2026-01-17,16,0,wk inc flu hosp,2026-01-17,quantile,0.4,126
2026-01-17,16,0,wk inc flu hosp,2026-01-17,quantile,0.45,132
2026-01-17,16,0,wk inc flu hosp,2026-01-17,quantile,0.5,139
2026-01-17,16,0,wk inc flu hosp,2026-01-17,quantile,0.55,147
2026-01-17,16,0,wk inc flu hosp,2026-01-17,quantile,0.6,150
2026-01-17,16,0,wk inc flu hosp,2026-01-17,quantile,0.65,154
2026-01-17,16,0,wk inc flu hosp,2026-01-17,quantile,0.7,161
2026-01-17,16,0,wk inc flu hosp,2026-01-17,quantile,0.75,173
2026-01-17,16,0,wk inc flu hosp,2026-01-17,quantile,0.8,182
2026-01-17,16,0,wk inc flu hosp,2026-01-17,quantile,0.85,193
2026-01-17,16,0,wk inc flu hosp,2026-01-17,quantile,0.9,206
2026-01-17,16,0,wk inc flu hosp,2026-01-17,quantile,0.95,237
2026-01-17,16,0,wk inc flu hosp,2026-01-17,quantile,0.975,274
2026-01-17,16,0,wk inc flu hosp,2026-01-17,quantile,0.99,300
2026-01-17,16,1,wk inc flu hosp,2026-01-24,quantile,0.01,35
2026-01-17,16,1,wk inc flu hosp,2026-01-24,quantile,0.025,44
2026-01-17,16,1,wk inc flu hosp,2026-01-24,quantile,0.05,51
2026-01-17,16,1,wk inc flu hosp,2026-01-24,quantile,0.1,65
2026-01-17,16,1,wk inc flu hosp,2026-01-24,quantile,0.15,74
2026-01-17,16,1,wk inc flu hosp,2026-01-24,quantile,0.2,91
2026-01-17,16,1,wk inc flu hosp,2026-01-24,quantile,0.25,98
2026-01-17,16,1,wk inc flu hosp,2026-01-24,quantile,0.3,102
2026-01-17,16,1,wk inc flu hosp,2026-01-24,quantile,0.35,107
2026-01-17,16,1,wk inc flu hosp,2026-01-24,quantile,0.4,112
2026-01-17,16,1,wk inc flu hosp,2026-01-24,quantile,0.45,119
2026-01-17,16,1,wk inc flu hosp,2026-01-24,quantile,0.5,126
2026-01-17,16,1,wk inc flu hosp,2026-01-24,quantile,0.55,133
2026-01-17,16,1,wk inc flu hosp,2026-01-24,quantile,0.6,142
2026-01-17,16,1,wk inc flu hosp,2026-01-24,quantile,0.65,148
2026-01-17,16,1,wk inc flu hosp,2026-01-24,quantile,0.7,155
2026-01-17,16,1,wk inc flu hosp,2026-01-24,quantile,0.75,163
2026-01-17,16,1,wk inc flu hosp,2026-01-24,quantile,0.8,178
2026-01-17,16,1,wk inc flu hosp,2026-01-24,quantile,0.85,196
2026-01-17,16,1,wk inc flu hosp,2026-01-24,quantile,0.9,221
2026-01-17,16,1,wk inc flu hosp,2026-01-24,quantile,0.95,249
2026-01-17,16,1,wk inc flu hosp,2026-01-24,quantile,0.975,264
2026-01-17,16,1,wk inc flu hosp,2026-01-24,quantile,0.99,315
2026-01-17,16,2,wk inc flu hosp,2026-01-31,quantile,0.01,30
2026-01-17,16,2,wk inc flu hosp,2026-01-31,quantile,0.025,37
2026-01-17,16,2,wk inc flu hosp,2026-01-31,quantile,0.05,46
2026-01-17,16,2,wk inc flu hosp,2026-01-31,quantile,0.1,57
2026-01-17,16,2,wk inc flu hosp,2026-01-31,quantile,0.15,67
2026-01-17,16,2,wk inc flu hosp,2026-01-31,quantile,0.2,78
2026-01-17,16,2,wk inc flu hosp,2026-01-31,quantile,0.25,85
2026-01-17,16,2,wk inc flu hosp,2026-01-31,quantile,0.3,91
2026-01-17,16,2,wk inc flu hosp,2026-01-31,quantile,0.35,100
2026-01-17,16,2,wk inc flu hosp,2026-01-31,quantile,0.4,106
2026-01-17,16,2,wk inc flu hosp,2026-01-31,quantile,0.45,118
2026-01-17,16,2,wk inc flu hosp,2026-01-31,quantile,0.5,124
2026-01-17,16,2,wk inc flu hosp,2026-01-31,quantile,0.55,132
2026-01-17,16,2,wk inc flu hosp,2026-01-31,quantile,0.6,142
2026-01-17,16,2,wk inc flu hosp,2026-01-31,quantile,0.65,151
2026-01-17,16,2,wk inc flu hosp,2026-01-31,quantile,0.7,160
2026-01-17,16,2,wk inc flu hosp,2026-01-31,quantile,0.75,173
2026-01-17,16,2,wk inc flu hosp,2026-01-31,quantile,0.8,182
2026-01-17,16,2,wk inc flu hosp,2026-01-31,quantile,0.85,201
2026-01-17,16,2,wk inc flu hosp,2026-01-31,quantile,0.9,217
2026-01-17,16,2,wk inc flu hosp,2026-01-31,quantile,0.95,243
2026-01-17,16,2,wk inc flu hosp,2026-01-31,quantile,0.975,275
2026-01-17,16,2,wk inc flu hosp,2026-01-31,quantile,0.99,309
2026-01-17,16,3,wk inc flu hosp,2026-02-07,quantile,0.01,19
2026-01-17,16,3,wk inc flu hosp,2026-02-07,quantile,0.025,25
2026-01-17,16,3,wk inc flu hosp,2026-02-07,quantile,0.05,37
2026-01-17,16,3,wk inc flu hosp,2026-02-07,quantile,0.1,49
2026-01-17,16,3,wk inc flu hosp,2026-02-07,quantile,0.15,57
2026-01-17,16,3,wk inc flu hosp,2026-02-07,quantile,0.2,69
2026-01-17,16,3,wk inc flu hosp,2026-02-07,quantile,0.25,80
2026-01-17,16,3,wk inc flu hosp,2026-02-07,quantile,0.3,90
2026-01-17,16,3,wk inc flu hosp,2026-02-07,quantile,0.35,96
2026-01-17,16,3,wk inc flu hosp,2026-02-07,quantile,0.4,103
2026-01-17,16,3,wk inc flu hosp,2026-02-07,quantile,0.45,112
2026-01-17,16,3,wk inc flu hosp,2026-02-07,quantile,0.5,122
2026-01-17,16,3,wk inc flu hosp,2026-02-07,quantile,0.55,129
2026-01-17,16,3,wk inc flu hosp,2026-02-07,quantile,0.6,139
2026-01-17,16,3,wk inc flu hosp,2026-02-07,quantile,0.65,147
2026-01-17,16,3,wk inc flu hosp,2026-02-07,quantile,0.7,157
2026-01-17,16,3,wk inc flu hosp,2026-02-07,quantile,0.75,166
2026-01-17,16,3,wk inc flu hosp,2026-02-07,quantile,0.8,175
2026-01-17,16,3,wk inc flu hosp,2026-02-07,quantile,0.85,190
2026-01-17,16,3,wk inc flu hosp,2026-02-07,quantile,0.9,213
2026-01-17,16,3,wk inc flu hosp,2026-02-07,quantile,0.95,238
2026-01-17,16,3,wk inc flu hosp,2026-02-07,quantile,0.975,273
2026-01-17,16,3,wk inc flu hosp,2026-02-07,quantile,0.99,319
2026-01-17,17,0,wk inc flu hosp,2026-01-17,quantile,0.01,485
2026-01-17,17,0,wk inc flu hosp,2026-01-17,quantile,0.025,564
2026-01-17,17,0,wk inc flu hosp,2026-01-17,quantile,0.05,635
2026-01-17,17,0,wk inc flu hosp,2026-01-17,quantile,0.1,698
2026-01-17,17,0,wk inc flu hosp,2026-01-17,quantile,0.15,763
2026-01-17,17,0,wk inc flu hosp,2026-01-17,quantile,0.2,815
2026-01-17,17,0,wk inc flu hosp,2026-01-17,quantile,0.25,843
2026-01-17,17,0,wk inc flu hosp,2026-01-17,quantile,0.3,890
2026-01-17,17,0,wk inc flu hosp,2026-01-17,quantile,0.35,967
2026-01-17,17,0,wk inc flu hosp,2026-01-17,quantile,0.4,991
2026-01-17,17,0,wk inc flu hosp,2026-01-17,quantile,0.45,1044
2026-01-17,17,0,wk inc flu hosp,2026-01-17,quantile,0.5,1075
2026-01-17,17,0,wk inc flu hosp,2026-01-17,quantile,0.55,1119
2026-01-17,17,0,wk inc flu hosp,2026-01-17,quantile,0.6,1157
2026-01-17,17,0,wk inc flu hosp,2026-01-17,quantile,0.65,1214
2026-01-17,17,0,wk inc flu hosp,2026-01-17,quantile,0.7,1253
2026-01-17,17,0,wk inc flu hosp,2026-01-17,quantile,0.75,1294
2026-01-17,17,0,wk inc flu hosp,2026-01-17,quantile,0.8,1367
2026-01-17,17,0,wk inc flu hosp,2026-01-17,quantile,0.85,1422
2026-01-17,17,0,wk inc flu hosp,2026-01-17,quantile,0.9,1518
2026-01-17,17,0,wk inc flu hosp,2026-01-17,quantile,0.95,1602
2026-01-17,17,0,wk inc flu hosp,2026-01-17,quantile,0.975,1721
2026-01-17,17,0,wk inc flu hosp,2026-01-17,quantile,0.99,1886
2026-01-17,17,1,wk inc flu hosp,2026-01-24,quantile,0.01,399
2026-01-17,17,1,wk inc flu hosp,2026-01-24,quantile,0.025,450
2026-01-17,17,1,wk inc flu hosp,2026-01-24,quantile,0.05,498
2026-01-17,17,1,wk inc flu hosp,2026-01-24,quantile,0.1,576
2026-01-17,17,1,wk inc flu hosp,2026-01-24,quantile,0.15,639
2026-01-17,17,1,wk inc flu hosp,2026-01-24,quantile,0.2,694
2026-01-17,17,1,wk inc flu hosp,2026-01-24,quantile,0.25,736
2026-01-17,17,1,wk inc flu hosp,2026-01-24,quantile,0.3,817
2026-01-17,17,1,wk inc flu hosp,2026-01-24,quantile,0.35,872
2026-01-17,17,1,wk inc flu hosp,2026-01-24,quantile,0.4,919
2026-01-17,17,1,wk inc flu hosp,2026-01-24,quantile,0.45,979
2026-01-17,17,1,wk inc flu hosp,2026-01-24,quantile,0.5,1048
2026-01-17,17,1,wk inc flu hosp,2026-01-24,quantile,0.55,1105
2026-01-17,17,1,wk inc flu hosp,2026-01-24,quantile,0.6,1177
2026-01-17,17,1,wk inc flu hosp,2026-01-24,quantile,0.65,1238
2026-01-17,17,1,wk inc flu hosp,2026-01-24,quantile,0.7,1323
2026-01-17,17,1,wk inc flu hosp,2026-01-24,quantile,0.75,1389
2026-01-17,17,1,wk inc flu hosp,2026-01-24,quantile,0.8,1437
2026-01-17,17,1,wk inc flu hosp,2026-01-24,quantile,0.85,1521
2026-01-17,17,1,wk inc flu hosp,2026-01-24,quantile,0.9,1654
2026-01-17,17,1,wk inc flu hosp,2026-01-24,quantile,0.95,1846
2026-01-17,17,1,wk inc flu hosp,2026-01-24,quantile,0.975,2025
2026-01-17,17,1,wk inc flu hosp,2026-01-24,quantile,0.99,2296
2026-01-17,17,2,wk inc flu hosp,2026-01-31,quantile,0.01,348
2026-01-17,17,2,wk inc flu hosp,2026-01-31,quantile,0.025,398
2026-01-17,17,2,wk inc flu hosp,2026-01-31,quantile,0.05,434
2026-01-17,17,2,wk inc flu hosp,2026-01-31,quantile,0.1,526
2026-01-17,17,2,wk inc flu hosp,2026-01-31,quantile,0.15,581
2026-01-17,17,2,wk inc flu hosp,2026-01-31,quantile,0.2,645
2026-01-17,17,2,wk inc flu hosp,2026-01-31,quantile,0.25,721
2026-01-17,17,2,wk inc flu hosp,2026-01-31,quantile,0.3,793
2026-01-17,17,2,wk inc flu hosp,2026-01-31,quantile,0.35,835
2026-01-17,17,2,wk inc flu hosp,2026-01-31,quantile,0.4,881
2026-01-17,17,2,wk inc flu hosp,2026-01-31,quantile,0.45,977
2026-01-17,17,2,wk inc flu hosp,2026-01-31,quantile,0.5,1023
2026-01-17,17,2,wk inc flu hosp,2026-01-31,quantile,0.55,1070
2026-01-17,17,2,wk inc flu hosp,2026-01-31,quantile,0.6,1125
2026-01-17,17,2,wk inc flu hosp,2026-01-31,quantile,0.65,1181
2026-01-17,17,2,wk inc flu hosp,2026-01-31,quantile,0.7,1259
2026-01-17,17,2,wk inc flu hosp,2026-01-31,quantile,0.75,1337
2026-01-17,17,2,wk inc flu hosp,2026-01-31,quantile,0.8,1444
2026-01-17,17,2,wk inc flu hosp,2026-01-31,quantile,0.85,1535
2026-01-17,17,2,wk inc flu hosp,2026-01-31,quantile,0.9,1711
2026-01-17,17,2,wk inc flu hosp,2026-01-31,quantile,0.95,1982
2026-01-17,17,2,wk inc flu hosp,2026-01-31,quantile,0.975,2153
2026-01-17,17,2,wk inc flu hosp,2026-01-31,quantile,0.99,2532
2026-01-17,17,3,wk inc flu hosp,2026-02-07,quantile,0.01,217
2026-01-17,17,3,wk inc flu hosp,2026-02-07,quantile,0.025,277
2026-01-17,17,3,wk inc flu hosp,2026-02-07,quantile,0.05,355
2026-01-17,17,3,wk inc flu hosp,2026-02-07,quantile,0.1,426
2026-01-17,17,3,wk inc flu hosp,2026-02-07,quantile,0.15,495
2026-01-17,17,3,wk inc flu hosp,2026-02-07,quantile,0.2,564
2026-01-17,17,3,wk inc flu hosp,2026-02-07,quantile,0.25,623
2026-01-17,17,3,wk inc flu hosp,2026-02-07,quantile,0.3,721
2026-01-17,17,3,wk inc flu hosp,2026-02-07,quantile,0.35,782
2026-01-17,17,3,wk inc flu hosp,2026-02-07,quantile,0.4,825
2026-01-17,17,3,wk inc flu hosp,2026-02-07,quantile,0.45,884
2026-01-17,17,3,wk inc flu hosp,2026-02-07,quantile,0.5,933
2026-01-17,17,3,wk inc flu hosp,2026-02-07,quantile,0.55,1006
2026-01-17,17,3,wk inc flu hosp,2026-02-07,quantile,0.6,1077
2026-01-17,17,3,wk inc flu hosp,2026-02-07,quantile,0.65,1144
2026-01-17,17,3,wk inc flu hosp,2026-02-07,quantile,0.7,1220
2026-01-17,17,3,wk inc flu hosp,2026-02-07,quantile,0.75,1299
2026-01-17,17,3,wk inc flu hosp,2026-02-07,quantile,0.8,1388
2026-01-17,17,3,wk inc flu hosp,2026-02-07,quantile,0.85,1501
2026-01-17,17,3,wk inc flu hosp,2026-02-07,quantile,0.9,1650
2026-01-17,17,3,wk inc flu hosp,2026-02-07,quantile,0.95,1902
2026-01-17,17,3,wk inc flu hosp,2026-02-07,quantile,0.975,2132
2026-01-17,17,3,wk inc flu hosp,2026-02-07,quantile,0.99,2521
2026-01-17,18,0,wk inc flu hosp,2026-01-17,quantile,0.01,258
2026-01-17,18,0,wk inc flu hosp,2026-01-17,quantile,0.025,305
2026-01-17,18,0,wk inc flu hosp,2026-01-17,quantile,0.05,342
2026-01-17,18,0,wk inc flu hosp,2026-01-17,quantile,0.1,385
2026-01-17,18,0,wk inc flu hosp,2026-01-17,quantile,0.15,426
2026-01-17,18,0,wk inc flu hosp,2026-01-17,quantile,0.2,455
2026-01-17,18,0,wk inc flu hosp,2026-01-17,quantile,0.25,484
2026-01-17,18,0,wk inc flu hosp,2026-01-17,quantile,0.3,508
2026-01-17,18,0,wk inc flu hosp,2026-01-17,quantile,0.35,529
2026-01-17,18,0,wk inc flu hosp,2026-01-17,quantile,0.4,553
2026-01-17,18,0,wk inc flu hosp,2026-01-17,quantile,0.45,575
2026-01-17,18,0,wk inc flu hosp,2026-01-17,quantile,0.5,603
2026-01-17,18,0,wk inc flu hosp,2026-01-17,quantile,0.55,631
2026-01-17,18,0,wk inc flu hosp,2026-01-17,quantile,0.6,643
2026-01-17,18,0,wk inc flu hosp,2026-01-17,quantile,0.65,665
2026-01-17,18,0,wk inc flu hosp,2026-01-17,quantile,0.7,691
2026-01-17,18,0,wk inc flu hosp,2026-01-17,quantile,0.75,718
2026-01-17,18,0,wk inc flu hosp,2026-01-17,quantile,0.8,732
2026-01-17,18,0,wk inc flu hosp,2026-01-17,quantile,0.85,776
2026-01-17,18,0,wk inc flu hosp,2026-01-17,quantile,0.9,822
2026-01-17,18,0,wk inc flu hosp,2026-01-17,quantile,0.95,908
2026-01-17,18,0,wk inc flu hosp,2026-01-17,quantile,0.975,946
2026-01-17,18,0,wk inc flu hosp,2026-01-17,quantile,0.99,1044
2026-01-17,18,1,wk inc flu hosp,2026-01-24,quantile,0.01,184
2026-01-17,18,1,wk inc flu hosp,2026-01-24,quantile,0.025,232
2026-01-17,18,1,wk inc flu hosp,2026-01-24,quantile,0.05,281
2026-01-17,18,1,wk inc flu hosp,2026-01-24,quantile,0.1,323
2026-01-17,18,1,wk inc flu hosp,2026-01-24,quantile,0.15,363
2026-01-17,18,1,wk inc flu hosp,2026-01-24,quantile,0.2,401
2026-01-17,18,1,wk inc flu hosp,2026-01-24,quantile,0.25,436
2026-01-17,18,1,wk inc flu hosp,2026-01-24,quantile,0.3,479
2026-01-17,18,1,wk inc flu hosp,2026-01-24,quantile,0.35,540
2026-01-17,18,1,wk inc flu hosp,2026-01-24,quantile,0.4,578
2026-01-17,18,1,wk inc flu hosp,2026-01-24,quantile,0.45,602
2026-01-17,18,1,wk inc flu hosp,2026-01-24,quantile,0.5,617
2026-01-17,18,1,wk inc flu hosp,2026-01-24,quantile,0.55,633
2026-01-17,18,1,wk inc flu hosp,2026-01-24,quantile,0.6,657
2026-01-17,18,1,wk inc flu hosp,2026-01-24,quantile,0.65,679
2026-01-17,18,1,wk inc flu hosp,2026-01-24,quantile,0.7,713
2026-01-17,18,1,wk inc flu hosp,2026-01-24,quantile,0.75,754
2026-01-17,18,1,wk inc flu hosp,2026-01-24,quantile,0.8,801
2026-01-17,18,1,wk inc flu hosp,2026-01-24,quantile,0.85,858
2026-01-17,18,1,wk inc flu hosp,2026-01-24,quantile,0.9,942
2026-01-17,18,1,wk inc flu hosp,2026-01-24,quantile,0.95,1065
2026-01-17,18,1,wk inc flu hosp,2026-01-24,quantile,0.975,1175
2026-01-17,18,1,wk inc flu hosp,2026-01-24,quantile,0.99,1346
2026-01-17,18,2,wk inc flu hosp,2026-01-31,quantile,0.01,141
2026-01-17,18,2,wk inc flu hosp,2026-01-31,quantile,0.025,188
2026-01-17,18,2,wk inc flu hosp,2026-01-31,quantile,0.05,228
2026-01-17,18,2,wk inc flu hosp,2026-01-31,quantile,0.1,272
2026-01-17,18,2,wk inc flu hosp,2026-01-31,quantile,0.15,325
2026-01-17,18,2,wk inc flu hosp,2026-01-31,quantile,0.2,373
2026-01-17,18,2,wk inc flu hosp,2026-01-31,quantile,0.25,415
2026-01-17,18,2,wk inc flu hosp,2026-01-31,quantile,0.3,457
2026-01-17,18,2,wk inc flu hosp,2026-01-31,quantile,0.35,494
2026-01-17,18,2,wk inc flu hosp,2026-01-31,quantile,0.4,532
2026-01-17,18,2,wk inc flu hosp,2026-01-31,quantile,0.45,562
2026-01-17,18,2,wk inc flu hosp,2026-01-31,quantile,0.5,600
2026-01-17,18,2,wk inc flu hosp,2026-01-31,quantile,0.55,639
2026-01-17,18,2,wk inc flu hosp,2026-01-31,quantile,0.6,682
2026-01-17,18,2,wk inc flu hosp,2026-01-31,quantile,0.65,729
2026-01-17,18,2,wk inc flu hosp,2026-01-31,quantile,0.7,776
2026-01-17,18,2,wk inc flu hosp,2026-01-31,quantile,0.75,824
2026-01-17,18,2,wk inc flu hosp,2026-01-31,quantile,0.8,892
2026-01-17,18,2,wk inc flu hosp,2026-01-31,quantile,0.85,963
2026-01-17,18,2,wk inc flu hosp,2026-01-31,quantile,0.9,1051
2026-01-17,18,2,wk inc flu hosp,2026-01-31,quantile,0.95,1178
2026-01-17,18,2,wk inc flu hosp,2026-01-31,quantile,0.975,1315
2026-01-17,18,2,wk inc flu hosp,2026-01-31,quantile,0.99,1620
2026-01-17,18,3,wk inc flu hosp,2026-02-07,quantile,0.01,108
2026-01-17,18,3,wk inc flu hosp,2026-02-07,quantile,0.025,136
2026-01-17,18,3,wk inc flu hosp,2026-02-07,quantile,0.05,194
2026-01-17,18,3,wk inc flu hosp,2026-02-07,quantile,0.1,248
2026-01-17,18,3,wk inc flu hosp,2026-02-07,quantile,0.15,274
2026-01-17,18,3,wk inc flu hosp,2026-02-07,quantile,0.2,309
2026-01-17,18,3,wk inc flu hosp,2026-02-07,quantile,0.25,373
2026-01-17,18,3,wk inc flu hosp,2026-02-07,quantile,0.3,418
2026-01-17,18,3,wk inc flu hosp,2026-02-07,quantile,0.35,463
2026-01-17,18,3,wk inc flu hosp,2026-02-07,quantile,0.4,494
2026-01-17,18,3,wk inc flu hosp,2026-02-07,quantile,0.45,526
2026-01-17,18,3,wk inc flu hosp,2026-02-07,quantile,0.5,551
2026-01-17,18,3,wk inc flu hosp,2026-02-07,quantile,0.55,584
2026-01-17,18,3,wk inc flu hosp,2026-02-07,quantile,0.6,653
2026-01-17,18,3,wk inc flu hosp,2026-02-07,quantile,0.65,731
2026-01-17,18,3,wk inc flu hosp,2026-02-07,quantile,0.7,780
2026-01-17,18,3,wk inc flu hosp,2026-02-07,quantile,0.75,828
2026-01-17,18,3,wk inc flu hosp,2026-02-07,quantile,0.8,913
2026-01-17,18,3,wk inc flu hosp,2026-02-07,quantile,0.85,1002
2026-01-17,18,3,wk inc flu hosp,2026-02-07,quantile,0.9,1122
2026-01-17,18,3,wk inc flu hosp,2026-02-07,quantile,0.95,1344
2026-01-17,18,3,wk inc flu hosp,2026-02-07,quantile,0.975,1513
2026-01-17,18,3,wk inc flu hosp,2026-02-07,quantile,0.99,1764
2026-01-17,19,0,wk inc flu hosp,2026-01-17,quantile,0.01,107
2026-01-17,19,0,wk inc flu hosp,2026-01-17,quantile,0.025,124
2026-01-17,19,0,wk inc flu hosp,2026-01-17,quantile,0.05,147
2026-01-17,19,0,wk inc flu hosp,2026-01-17,quantile,0.1,167
2026-01-17,19,0,wk inc flu hosp,2026-01-17,quantile,0.15,182
2026-01-17,19,0,wk inc flu hosp,2026-01-17,quantile,0.2,191
2026-01-17,19,0,wk inc flu hosp,2026-01-17,quantile,0.25,203
2026-01-17,19,0,wk inc flu hosp,2026-01-17,quantile,0.3,214
2026-01-17,19,0,wk inc flu hosp,2026-01-17,quantile,0.35,222
2026-01-17,19,0,wk inc flu hosp,2026-01-17,quantile,0.4,230
2026-01-17,19,0,wk inc flu hosp,2026-01-17,quantile,0.45,245
2026-01-17,19,0,wk inc flu hosp,2026-01-17,quantile,0.5,260
2026-01-17,19,0,wk inc flu hosp,2026-01-17,quantile,0.55,276
2026-01-17,19,0,wk inc flu hosp,2026-01-17,quantile,0.6,291
2026-01-17,19,0,wk inc flu hosp,2026-01-17,quantile,0.65,309
2026-01-17,19,0,wk inc flu hosp,2026-01-17,quantile,0.7,323
2026-01-17,19,0,wk inc flu hosp,2026-01-17,quantile,0.75,336
2026-01-17,19,0,wk inc flu hosp,2026-01-17,quantile,0.8,356
2026-01-17,19,0,wk inc flu hosp,2026-01-17,quantile,0.85,378
2026-01-17,19,0,wk inc flu hosp,2026-01-17,quantile,0.9,404
2026-01-17,19,0,wk inc flu hosp,2026-01-17,quantile,0.95,434
2026-01-17,19,0,wk inc flu hosp,2026-01-17,quantile,0.975,468
2026-01-17,19,0,wk inc flu hosp,2026-01-17,quantile,0.99,519
2026-01-17,19,1,wk inc flu hosp,2026-01-24,quantile,0.01,70
2026-01-17,19,1,wk inc flu hosp,2026-01-24,quantile,0.025,85
2026-01-17,19,1,wk inc flu hosp,2026-01-24,quantile,0.05,107
2026-01-17,19,1,wk inc flu hosp,2026-01-24,quantile,0.1,132
2026-01-17,19,1,wk inc flu hosp,2026-01-24,quantile,0.15,152
2026-01-17,19,1,wk inc flu hosp,2026-01-24,quantile,0.2,169
2026-01-17,19,1,wk inc flu hosp,2026-01-24,quantile,0.25,183
2026-01-17,19,1,wk inc flu hosp,2026-01-24,quantile,0.3,196
2026-01-17,19,1,wk inc flu hosp,2026-01-24,quantile,0.35,212
2026-01-17,19,1,wk inc flu hosp,2026-01-24,quantile,0.4,227
2026-01-17,19,1,wk inc flu hosp,2026-01-24,quantile,0.45,244
2026-01-17,19,1,wk inc flu hosp,2026-01-24,quantile,0.5,260
2026-01-17,19,1,wk inc flu hosp,2026-01-24,quantile,0.55,277
2026-01-17,19,1,wk inc flu hosp,2026-01-24,quantile,0.6,296
2026-01-17,19,1,wk inc flu hosp,2026-01-24,quantile,0.65,317
2026-01-17,19,1,wk inc flu hosp,2026-01-24,quantile,0.7,336
2026-01-17,19,1,wk inc flu hosp,2026-01-24,quantile,0.75,352
2026-01-17,19,1,wk inc flu hosp,2026-01-24,quantile,0.8,370
2026-01-17,19,1,wk inc flu hosp,2026-01-24,quantile,0.85,400
2026-01-17,19,1,wk inc flu hosp,2026-01-24,quantile,0.9,441
2026-01-17,19,1,wk inc flu hosp,2026-01-24,quantile,0.95,510
2026-01-17,19,1,wk inc flu hosp,2026-01-24,quantile,0.975,565
2026-01-17,19,1,wk inc flu hosp,2026-01-24,quantile,0.99,627
2026-01-17,19,2,wk inc flu hosp,2026-01-31,quantile,0.01,54
2026-01-17,19,2,wk inc flu hosp,2026-01-31,quantile,0.025,63
2026-01-17,19,2,wk inc flu hosp,2026-01-31,quantile,0.05,86
2026-01-17,19,2,wk inc flu hosp,2026-01-31,quantile,0.1,112
2026-01-17,19,2,wk inc flu hosp,2026-01-31,quantile,0.15,135
2026-01-17,19,2,wk inc flu hosp,2026-01-31,quantile,0.2,155
2026-01-17,19,2,wk inc flu hosp,2026-01-31,quantile,0.25,173
2026-01-17,19,2,wk inc flu hosp,2026-01-31,quantile,0.3,192
2026-01-17,19,2,wk inc flu hosp,2026-01-31,quantile,0.35,204
2026-01-17,19,2,wk inc flu hosp,2026-01-31,quantile,0.4,224
2026-01-17,19,2,wk inc flu hosp,2026-01-31,quantile,0.45,236
2026-01-17,19,2,wk inc flu hosp,2026-01-31,quantile,0.5,253
2026-01-17,19,2,wk inc flu hosp,2026-01-31,quantile,0.55,279
2026-01-17,19,2,wk inc flu hosp,2026-01-31,quantile,0.6,298
2026-01-17,19,2,wk inc flu hosp,2026-01-31,quantile,0.65,316
2026-01-17,19,2,wk inc flu hosp,2026-01-31,quantile,0.7,338
2026-01-17,19,2,wk inc flu hosp,2026-01-31,quantile,0.75,363
2026-01-17,19,2,wk inc flu hosp,2026-01-31,quantile,0.8,387
2026-01-17,19,2,wk inc flu hosp,2026-01-31,quantile,0.85,403
2026-01-17,19,2,wk inc flu hosp,2026-01-31,quantile,0.9,439
2026-01-17,19,2,wk inc flu hosp,2026-01-31,quantile,0.95,531
2026-01-17,19,2,wk inc flu hosp,2026-01-31,quantile,0.975,594
2026-01-17,19,2,wk inc flu hosp,2026-01-31,quantile,0.99,640
2026-01-17,19,3,wk inc flu hosp,2026-02-07,quantile,0.01,50
2026-01-17,19,3,wk inc flu hosp,2026-02-07,quantile,0.025,59
2026-01-17,19,3,wk inc flu hosp,2026-02-07,quantile,0.05,78
2026-01-17,19,3,wk inc flu hosp,2026-02-07,quantile,0.1,97
2026-01-17,19,3,wk inc flu hosp,2026-02-07,quantile,0.15,113
2026-01-17,19,3,wk inc flu hosp,2026-02-07,quantile,0.2,134
2026-01-17,19,3,wk inc flu hosp,2026-02-07,quantile,0.25,155
2026-01-17,19,3,wk inc flu hosp,2026-02-07,quantile,0.3,171
2026-01-17,19,3,wk inc flu hosp,2026-02-07,quantile,0.35,187
2026-01-17,19,3,wk inc flu hosp,2026-02-07,quantile,0.4,202
2026-01-17,19,3,wk inc flu hosp,2026-02-07,quantile,0.45,222
2026-01-17,19,3,wk inc flu hosp,2026-02-07,quantile,0.5,235
2026-01-17,19,3,wk inc flu hosp,2026-02-07,quantile,0.55,245
2026-01-17,19,3,wk inc flu hosp,2026-02-07,quantile,0.6,267
2026-01-17,19,3,wk inc flu hosp,2026-02-07,quantile,0.65,299
2026-01-17,19,3,wk inc flu hosp,2026-02-07,quantile,0.7,324
2026-01-17,19,3,wk inc flu hosp,2026-02-07,quantile,0.75,338
2026-01-17,19,3,wk inc flu hosp,2026-02-07,quantile,0.8,357
2026-01-17,19,3,wk inc flu hosp,2026-02-07,quantile,0.85,388
2026-01-17,19,3,wk inc flu hosp,2026-02-07,quantile,0.9,422
2026-01-17,19,3,wk inc flu hosp,2026-02-07,quantile,0.95,491
2026-01-17,19,3,wk inc flu hosp,2026-02-07,quantile,0.975,563
2026-01-17,19,3,wk inc flu hosp,2026-02-07,quantile,0.99,658
2026-01-17,20,0,wk inc flu hosp,2026-01-17,quantile,0.01,84
2026-01-17,20,0,wk inc flu hosp,2026-01-17,quantile,0.025,102
2026-01-17,20,0,wk inc flu hosp,2026-01-17,quantile,0.05,120
2026-01-17,20,0,wk inc flu hosp,2026-01-17,quantile,0.1,130
2026-01-17,20,0,wk inc flu hosp,2026-01-17,quantile,0.15,146
2026-01-17,20,0,wk inc flu hosp,2026-01-17,quantile,0.2,151
2026-01-17,20,0,wk inc flu hosp,2026-01-17,quantile,0.25,157
2026-01-17,20,0,wk inc flu hosp,2026-01-17,quantile,0.3,162
2026-01-17,20,0,wk inc flu hosp,2026-01-17,quantile,0.35,171
2026-01-17,20,0,wk inc flu hosp,2026-01-17,quantile,0.4,177
2026-01-17,20,0,wk inc flu hosp,2026-01-17,quantile,0.45,189
2026-01-17,20,0,wk inc flu hosp,2026-01-17,quantile,0.5,200
2026-01-17,20,0,wk inc flu hosp,2026-01-17,quantile,0.55,213
2026-01-17,20,0,wk inc flu hosp,2026-01-17,quantile,0.6,227
2026-01-17,20,0,wk inc flu hosp,2026-01-17,quantile,0.65,241
2026-01-17,20,0,wk inc flu hosp,2026-01-17,quantile,0.7,255
2026-01-17,20,0,wk inc flu hosp,2026-01-17,quantile,0.75,266
2026-01-17,20,0,wk inc flu hosp,2026-01-17,quantile,0.8,280
2026-01-17,20,0,wk inc flu hosp,2026-01-17,quantile,0.85,294
2026-01-17,20,0,wk inc flu hosp,2026-01-17,quantile,0.9,308
2026-01-17,20,0,wk inc flu hosp,2026-01-17,quantile,0.95,335
2026-01-17,20,0,wk inc flu hosp,2026-01-17,quantile,0.975,357
2026-01-17,20,0,wk inc flu hosp,2026-01-17,quantile,0.99,394
2026-01-17,20,1,wk inc flu hosp,2026-01-24,quantile,0.01,56
2026-01-17,20,1,wk inc flu hosp,2026-01-24,quantile,0.025,68
2026-01-17,20,1,wk inc flu hosp,2026-01-24,quantile,0.05,80
2026-01-17,20,1,wk inc flu hosp,2026-01-24,quantile,0.1,101
2026-01-17,20,1,wk inc flu hosp,2026-01-24,quantile,0.15,118
2026-01-17,20,1,wk inc flu hosp,2026-01-24,quantile,0.2,130
2026-01-17,20,1,wk inc flu hosp,2026-01-24,quantile,0.25,144
2026-01-17,20,1,wk inc flu hosp,2026-01-24,quantile,0.3,159
2026-01-17,20,1,wk inc flu hosp,2026-01-24,quantile,0.35,170
2026-01-17,20,1,wk inc flu hosp,2026-01-24,quantile,0.4,182
2026-01-17,20,1,wk inc flu hosp,2026-01-24,quantile,0.45,194
2026-01-17,20,1,wk inc flu hosp,2026-01-24,quantile,0.5,205
2026-01-17,20,1,wk inc flu hosp,2026-01-24,quantile,0.55,222
2026-01-17,20,1,wk inc flu hosp,2026-01-24,quantile,0.6,235
2026-01-17,20,1,wk inc flu hosp,2026-01-24,quantile,0.65,250
2026-01-17,20,1,wk inc flu hosp,2026-01-24,quantile,0.7,270
2026-01-17,20,1,wk inc flu hosp,2026-01-24,quantile,0.75,290
2026-01-17,20,1,wk inc flu hosp,2026-01-24,quantile,0.8,311
2026-01-17,20,1,wk inc flu hosp,2026-01-24,quantile,0.85,333
2026-01-17,20,1,wk inc flu hosp,2026-01-24,quantile,0.9,367
2026-01-17,20,1,wk inc flu hosp,2026-01-24,quantile,0.95,411
2026-01-17,20,1,wk inc flu hosp,2026-01-24,quantile,0.975,476
2026-01-17,20,1,wk inc flu hosp,2026-01-24,quantile,0.99,523
2026-01-17,20,2,wk inc flu hosp,2026-01-31,quantile,0.01,43
2026-01-17,20,2,wk inc flu hosp,2026-01-31,quantile,0.025,53
2026-01-17,20,2,wk inc flu hosp,2026-01-31,quantile,0.05,70
2026-01-17,20,2,wk inc flu hosp,2026-01-31,quantile,0.1,91
2026-01-17,20,2,wk inc flu hosp,2026-01-31,quantile,0.15,108
2026-01-17,20,2,wk inc flu hosp,2026-01-31,quantile,0.2,124
2026-01-17,20,2,wk inc flu hosp,2026-01-31,quantile,0.25,136
2026-01-17,20,2,wk inc flu hosp,2026-01-31,quantile,0.3,153
2026-01-17,20,2,wk inc flu hosp,2026-01-31,quantile,0.35,167
2026-01-17,20,2,wk inc flu hosp,2026-01-31,quantile,0.4,179
2026-01-17,20,2,wk inc flu hosp,2026-01-31,quantile,0.45,191
2026-01-17,20,2,wk inc flu hosp,2026-01-31,quantile,0.5,203
2026-01-17,20,2,wk inc flu hosp,2026-01-31,quantile,0.55,215
2026-01-17,20,2,wk inc flu hosp,2026-01-31,quantile,0.6,223
2026-01-17,20,2,wk inc flu hosp,2026-01-31,quantile,0.65,243
2026-01-17,20,2,wk inc flu hosp,2026-01-31,quantile,0.7,261
2026-01-17,20,2,wk inc flu hosp,2026-01-31,quantile,0.75,281
2026-01-17,20,2,wk inc flu hosp,2026-01-31,quantile,0.8,306
2026-01-17,20,2,wk inc flu hosp,2026-01-31,quantile,0.85,336
2026-01-17,20,2,wk inc flu hosp,2026-01-31,quantile,0.9,372
2026-01-17,20,2,wk inc flu hosp,2026-01-31,quantile,0.95,450
2026-01-17,20,2,wk inc flu hosp,2026-01-31,quantile,0.975,517
2026-01-17,20,2,wk inc flu hosp,2026-01-31,quantile,0.99,568
2026-01-17,20,3,wk inc flu hosp,2026-02-07,quantile,0.01,33
2026-01-17,20,3,wk inc flu hosp,2026-02-07,quantile,0.025,44
2026-01-17,20,3,wk inc flu hosp,2026-02-07,quantile,0.05,53
2026-01-17,20,3,wk inc flu hosp,2026-02-07,quantile,0.1,66
2026-01-17,20,3,wk inc flu hosp,2026-02-07,quantile,0.15,76
2026-01-17,20,3,wk inc flu hosp,2026-02-07,quantile,0.2,97
2026-01-17,20,3,wk inc flu hosp,2026-02-07,quantile,0.25,136
2026-01-17,20,3,wk inc flu hosp,2026-02-07,quantile,0.3,148
2026-01-17,20,3,wk inc flu hosp,2026-02-07,quantile,0.35,161
2026-01-17,20,3,wk inc flu hosp,2026-02-07,quantile,0.4,173
2026-01-17,20,3,wk inc flu hosp,2026-02-07,quantile,0.45,185
2026-01-17,20,3,wk inc flu hosp,2026-02-07,quantile,0.5,199
2026-01-17,20,3,wk inc flu hosp,2026-02-07,quantile,0.55,211
2026-01-17,20,3,wk inc flu hosp,2026-02-07,quantile,0.6,224
2026-01-17,20,3,wk inc flu hosp,2026-02-07,quantile,0.65,237
2026-01-17,20,3,wk inc flu hosp,2026-02-07,quantile,0.7,250
2026-01-17,20,3,wk inc flu hosp,2026-02-07,quantile,0.75,271
2026-01-17,20,3,wk inc flu hosp,2026-02-07,quantile,0.8,300
2026-01-17,20,3,wk inc flu hosp,2026-02-07,quantile,0.85,327
2026-01-17,20,3,wk inc flu hosp,2026-02-07,quantile,0.9,376
2026-01-17,20,3,wk inc flu hosp,2026-02-07,quantile,0.95,448
2026-01-17,20,3,wk inc flu hosp,2026-02-07,quantile,0.975,522
2026-01-17,20,3,wk inc flu hosp,2026-02-07,quantile,0.99,588
2026-01-17,21,0,wk inc flu hosp,2026-01-17,quantile,0.01,134
2026-01-17,21,0,wk inc flu hosp,2026-01-17,quantile,0.025,165
2026-01-17,21,0,wk inc flu hosp,2026-01-17,quantile,0.05,191
2026-01-17,21,0,wk inc flu hosp,2026-01-17,quantile,0.1,216
2026-01-17,21,0,wk inc flu hosp,2026-01-17,quantile,0.15,241
2026-01-17,21,0,wk inc flu hosp,2026-01-17,quantile,0.2,264
2026-01-17,21,0,wk inc flu hosp,2026-01-17,quantile,0.25,282
2026-01-17,21,0,wk inc flu hosp,2026-01-17,quantile,0.3,302
2026-01-17,21,0,wk inc flu hosp,2026-01-17,quantile,0.35,315
2026-01-17,21,0,wk inc flu hosp,2026-01-17,quantile,0.4,334
2026-01-17,21,0,wk inc flu hosp,2026-01-17,quantile,0.45,350
2026-01-17,21,0,wk inc flu hosp,2026-01-17,quantile,0.5,367
2026-01-17,21,0,wk inc flu hosp,2026-01-17,quantile,0.55,384
2026-01-17,21,0,wk inc flu hosp,2026-01-17,quantile,0.6,402
2026-01-17,21,0,wk inc flu hosp,2026-01-17,quantile,0.65,414
2026-01-17,21,0,wk inc flu hosp,2026-01-17,quantile,0.7,417
2026-01-17,21,0,wk inc flu hosp,2026-01-17,quantile,0.75,441
2026-01-17,21,0,wk inc flu hosp,2026-01-17,quantile,0.8,482
2026-01-17,21,0,wk inc flu hosp,2026-01-17,quantile,0.85,508
2026-01-17,21,0,wk inc flu hosp,2026-01-17,quantile,0.9,546
2026-01-17,21,0,wk inc flu hosp,2026-01-17,quantile,0.95,581
2026-01-17,21,0,wk inc flu hosp,2026-01-17,quantile,0.975,629
2026-01-17,21,0,wk inc flu hosp,2026-01-17,quantile,0.99,725
2026-01-17,21,1,wk inc flu hosp,2026-01-24,quantile,0.01,94
2026-01-17,21,1,wk inc flu hosp,2026-01-24,quantile,0.025,121
2026-01-17,21,1,wk inc flu hosp,2026-01-24,quantile,0.05,150
2026-01-17,21,1,wk inc flu hosp,2026-01-24,quantile,0.1,179
2026-01-17,21,1,wk inc flu hosp,2026-01-24,quantile,0.15,218
2026-01-17,21,1,wk inc flu hosp,2026-01-24,quantile,0.2,248
2026-01-17,21,1,wk inc flu hosp,2026-01-24,quantile,0.25,275
2026-01-17,21,1,wk inc flu hosp,2026-01-24,quantile,0.3,299
2026-01-17,21,1,wk inc flu hosp,2026-01-24,quantile,0.35,317
2026-01-17,21,1,wk inc flu hosp,2026-01-24,quantile,0.4,338
2026-01-17,21,1,wk inc flu hosp,2026-01-24,quantile,0.45,355
2026-01-17,21,1,wk inc flu hosp,2026-01-24,quantile,0.5,374
2026-01-17,21,1,wk inc flu hosp,2026-01-24,quantile,0.55,397
2026-01-17,21,1,wk inc flu hosp,2026-01-24,quantile,0.6,403
2026-01-17,21,1,wk inc flu hosp,2026-01-24,quantile,0.65,416
2026-01-17,21,1,wk inc flu hosp,2026-01-24,quantile,0.7,444
2026-01-17,21,1,wk inc flu hosp,2026-01-24,quantile,0.75,460
2026-01-17,21,1,wk inc flu hosp,2026-01-24,quantile,0.8,484
2026-01-17,21,1,wk inc flu hosp,2026-01-24,quantile,0.85,514
2026-01-17,21,1,wk inc flu hosp,2026-01-24,quantile,0.9,562
2026-01-17,21,1,wk inc flu hosp,2026-01-24,quantile,0.95,663
2026-01-17,21,1,wk inc flu hosp,2026-01-24,quantile,0.975,767
2026-01-17,21,1,wk inc flu hosp,2026-01-24,quantile,0.99,909
2026-01-17,21,2,wk inc flu hosp,2026-01-31,quantile,0.01,59
2026-01-17,21,2,wk inc flu hosp,2026-01-31,quantile,0.025,84
2026-01-17,21,2,wk inc flu hosp,2026-01-31,quantile,0.05,120
2026-01-17,21,2,wk inc flu hosp,2026-01-31,quantile,0.1,155
2026-01-17,21,2,wk inc flu hosp,2026-01-31,quantile,0.15,184
2026-01-17,21,2,wk inc flu hosp,2026-01-31,quantile,0.2,210
2026-01-17,21,2,wk inc flu hosp,2026-01-31,quantile,0.25,241
2026-01-17,21,2,wk inc flu hosp,2026-01-31,quantile,0.3,288
2026-01-17,21,2,wk inc flu hosp,2026-01-31,quantile,0.35,303
2026-01-17,21,2,wk inc flu hosp,2026-01-31,quantile,0.4,332
2026-01-17,21,2,wk inc flu hosp,2026-01-31,quantile,0.45,357
2026-01-17,21,2,wk inc flu hosp,2026-01-31,quantile,0.5,383
2026-01-17,21,2,wk inc flu hosp,2026-01-31,quantile,0.55,398
2026-01-17,21,2,wk inc flu hosp,2026-01-31,quantile,0.6,405
2026-01-17,21,2,wk inc flu hosp,2026-01-31,quantile,0.65,418
2026-01-17,21,2,wk inc flu hosp,2026-01-31,quantile,0.7,442
2026-01-17,21,2,wk inc flu hosp,2026-01-31,quantile,0.75,473
2026-01-17,21,2,wk inc flu hosp,2026-01-31,quantile,0.8,519
2026-01-17,21,2,wk inc flu hosp,2026-01-31,quantile,0.85,561
2026-01-17,21,2,wk inc flu hosp,2026-01-31,quantile,0.9,631
2026-01-17,21,2,wk inc flu hosp,2026-01-31,quantile,0.95,700
2026-01-17,21,2,wk inc flu hosp,2026-01-31,quantile,0.975,878
2026-01-17,21,2,wk inc flu hosp,2026-01-31,quantile,0.99,1020
2026-01-17,21,3,wk inc flu hosp,2026-02-07,quantile,0.01,36
2026-01-17,21,3,wk inc flu hosp,2026-02-07,quantile,0.025,68
2026-01-17,21,3,wk inc flu hosp,2026-02-07,quantile,0.05,98
2026-01-17,21,3,wk inc flu hosp,2026-02-07,quantile,0.1,133
2026-01-17,21,3,wk inc flu hosp,2026-02-07,quantile,0.15,158
2026-01-17,21,3,wk inc flu hosp,2026-02-07,quantile,0.2,186
2026-01-17,21,3,wk inc flu hosp,2026-02-07,quantile,0.25,212
2026-01-17,21,3,wk inc flu hosp,2026-02-07,quantile,0.3,247
2026-01-17,21,3,wk inc flu hosp,2026-02-07,quantile,0.35,270
2026-01-17,21,3,wk inc flu hosp,2026-02-07,quantile,0.4,298
2026-01-17,21,3,wk inc flu hosp,2026-02-07,quantile,0.45,328
2026-01-17,21,3,wk inc flu hosp,2026-02-07,quantile,0.5,357
2026-01-17,21,3,wk inc flu hosp,2026-02-07,quantile,0.55,377
2026-01-17,21,3,wk inc flu hosp,2026-02-07,quantile,0.6,390
2026-01-17,21,3,wk inc flu hosp,2026-02-07,quantile,0.65,400
2026-01-17,21,3,wk inc flu hosp,2026-02-07,quantile,0.7,436
2026-01-17,21,3,wk inc flu hosp,2026-02-07,quantile,0.75,471
2026-01-17,21,3,wk inc flu hosp,2026-02-07,quantile,0.8,512
2026-01-17,21,3,wk inc flu hosp,2026-02-07,quantile,0.85,596
2026-01-17,21,3,wk inc flu hosp,2026-02-07,quantile,0.9,685
2026-01-17,21,3,wk inc flu hosp,2026-02-07,quantile,0.95,832
2026-01-17,21,3,wk inc flu hosp,2026-02-07,quantile,0.975,933
2026-01-17,21,3,wk inc flu hosp,2026-02-07,quantile,0.99,1064
2026-01-17,22,0,wk inc flu hosp,2026-01-17,quantile,0.01,163
2026-01-17,22,0,wk inc flu hosp,2026-01-17,quantile,0.025,190
2026-01-17,22,0,wk inc flu hosp,2026-01-17,quantile,0.05,222
2026-01-17,22,0,wk inc flu hosp,2026-01-17,quantile,0.1,252
2026-01-17,22,0,wk inc flu hosp,2026-01-17,quantile,0.15,277
2026-01-17,22,0,wk inc flu hosp,2026-01-17,quantile,0.2,301
2026-01-17,22,0,wk inc flu hosp,2026-01-17,quantile,0.25,316
2026-01-17,22,0,wk inc flu hosp,2026-01-17,quantile,0.3,331
2026-01-17,22,0,wk inc flu hosp,2026-01-17,quantile,0.35,345
2026-01-17,22,0,wk inc flu hosp,2026-01-17,quantile,0.4,355
2026-01-17,22,0,wk inc flu hosp,2026-01-17,quantile,0.45,364
2026-01-17,22,0,wk inc flu hosp,2026-01-17,quantile,0.5,373
2026-01-17,22,0,wk inc flu hosp,2026-01-17,quantile,0.55,398
2026-01-17,22,0,wk inc flu hosp,2026-01-17,quantile,0.6,411
2026-01-17,22,0,wk inc flu hosp,2026-01-17,quantile,0.65,424
2026-01-17,22,0,wk inc flu hosp,2026-01-17,quantile,0.7,436
2026-01-17,22,0,wk inc flu hosp,2026-01-17,quantile,0.75,450
2026-01-17,22,0,wk inc flu hosp,2026-01-17,quantile,0.8,473
2026-01-17,22,0,wk inc flu hosp,2026-01-17,quantile,0.85,493
2026-01-17,22,0,wk inc flu hosp,2026-01-17,quantile,0.9,528
2026-01-17,22,0,wk inc flu hosp,2026-01-17,quantile,0.95,571
2026-01-17,22,0,wk inc flu hosp,2026-01-17,quantile,0.975,620
2026-01-17,22,0,wk inc flu hosp,2026-01-17,quantile,0.99,684
2026-01-17,22,1,wk inc flu hosp,2026-01-24,quantile,0.01,120
2026-01-17,22,1,wk inc flu hosp,2026-01-24,quantile,0.025,143
2026-01-17,22,1,wk inc flu hosp,2026-01-24,quantile,0.05,164
2026-01-17,22,1,wk inc flu hosp,2026-01-24,quantile,0.1,196
2026-01-17,22,1,wk inc flu hosp,2026-01-24,quantile,0.15,235
2026-01-17,22,1,wk inc flu hosp,2026-01-24,quantile,0.2,256
2026-01-17,22,1,wk inc flu hosp,2026-01-24,quantile,0.25,271
2026-01-17,22,1,wk inc flu hosp,2026-01-24,quantile,0.3,285
2026-01-17,22,1,wk inc flu hosp,2026-01-24,quantile,0.35,301
2026-01-17,22,1,wk inc flu hosp,2026-01-24,quantile,0.4,320
2026-01-17,22,1,wk inc flu hosp,2026-01-24,quantile,0.45,341
2026-01-17,22,1,wk inc flu hosp,2026-01-24,quantile,0.5,362
2026-01-17,22,1,wk inc flu hosp,2026-01-24,quantile,0.55,378
2026-01-17,22,1,wk inc flu hosp,2026-01-24,quantile,0.6,392
2026-01-17,22,1,wk inc flu hosp,2026-01-24,quantile,0.65,409
2026-01-17,22,1,wk inc flu hosp,2026-01-24,quantile,0.7,421
2026-01-17,22,1,wk inc flu hosp,2026-01-24,quantile,0.75,435
2026-01-17,22,1,wk inc flu hosp,2026-01-24,quantile,0.8,452
2026-01-17,22,1,wk inc flu hosp,2026-01-24,quantile,0.85,481
2026-01-17,22,1,wk inc flu hosp,2026-01-24,quantile,0.9,523
2026-01-17,22,1,wk inc flu hosp,2026-01-24,quantile,0.95,598
2026-01-17,22,1,wk inc flu hosp,2026-01-24,quantile,0.975,655
2026-01-17,22,1,wk inc flu hosp,2026-01-24,quantile,0.99,700
2026-01-17,22,2,wk inc flu hosp,2026-01-31,quantile,0.01,97
2026-01-17,22,2,wk inc flu hosp,2026-01-31,quantile,0.025,116
2026-01-17,22,2,wk inc flu hosp,2026-01-31,quantile,0.05,148
2026-01-17,22,2,wk inc flu hosp,2026-01-31,quantile,0.1,176
2026-01-17,22,2,wk inc flu hosp,2026-01-31,quantile,0.15,196
2026-01-17,22,2,wk inc flu hosp,2026-01-31,quantile,0.2,221
2026-01-17,22,2,wk inc flu hosp,2026-01-31,quantile,0.25,235
2026-01-17,22,2,wk inc flu hosp,2026-01-31,quantile,0.3,247
2026-01-17,22,2,wk inc flu hosp,2026-01-31,quantile,0.35,263
2026-01-17,22,2,wk inc flu hosp,2026-01-31,quantile,0.4,280
2026-01-17,22,2,wk inc flu hosp,2026-01-31,quantile,0.45,297
2026-01-17,22,2,wk inc flu hosp,2026-01-31,quantile,0.5,316
2026-01-17,22,2,wk inc flu hosp,2026-01-31,quantile,0.55,340
2026-01-17,22,2,wk inc flu hosp,2026-01-31,quantile,0.6,367
2026-01-17,22,2,wk inc flu hosp,2026-01-31,quantile,0.65,390
2026-01-17,22,2,wk inc flu hosp,2026-01-31,quantile,0.7,412
2026-01-17,22,2,wk inc flu hosp,2026-01-31,quantile,0.75,436
2026-01-17,22,2,wk inc flu hosp,2026-01-31,quantile,0.8,463
2026-01-17,22,2,wk inc flu hosp,2026-01-31,quantile,0.85,484
2026-01-17,22,2,wk inc flu hosp,2026-01-31,quantile,0.9,528
2026-01-17,22,2,wk inc flu hosp,2026-01-31,quantile,0.95,617
2026-01-17,22,2,wk inc flu hosp,2026-01-31,quantile,0.975,674
2026-01-17,22,2,wk inc flu hosp,2026-01-31,quantile,0.99,739
2026-01-17,22,3,wk inc flu hosp,2026-02-07,quantile,0.01,82
2026-01-17,22,3,wk inc flu hosp,2026-02-07,quantile,0.025,93
2026-01-17,22,3,wk inc flu hosp,2026-02-07,quantile,0.05,115
2026-01-17,22,3,wk inc flu hosp,2026-02-07,quantile,0.1,141
2026-01-17,22,3,wk inc flu hosp,2026-02-07,quantile,0.15,164
2026-01-17,22,3,wk inc flu hosp,2026-02-07,quantile,0.2,185
2026-01-17,22,3,wk inc flu hosp,2026-02-07,quantile,0.25,199
2026-01-17,22,3,wk inc flu hosp,2026-02-07,quantile,0.3,213
2026-01-17,22,3,wk inc flu hosp,2026-02-07,quantile,0.35,227
2026-01-17,22,3,wk inc flu hosp,2026-02-07,quantile,0.4,242
2026-01-17,22,3,wk inc flu hosp,2026-02-07,quantile,0.45,260
2026-01-17,22,3,wk inc flu hosp,2026-02-07,quantile,0.5,290
2026-01-17,22,3,wk inc flu hosp,2026-02-07,quantile,0.55,311
2026-01-17,22,3,wk inc flu hosp,2026-02-07,quantile,0.6,333
2026-01-17,22,3,wk inc flu hosp,2026-02-07,quantile,0.65,358
2026-01-17,22,3,wk inc flu hosp,2026-02-07,quantile,0.7,375
2026-01-17,22,3,wk inc flu hosp,2026-02-07,quantile,0.75,398
2026-01-17,22,3,wk inc flu hosp,2026-02-07,quantile,0.8,431
2026-01-17,22,3,wk inc flu hosp,2026-02-07,quantile,0.85,477
2026-01-17,22,3,wk inc flu hosp,2026-02-07,quantile,0.9,527
2026-01-17,22,3,wk inc flu hosp,2026-02-07,quantile,0.95,597
2026-01-17,22,3,wk inc flu hosp,2026-02-07,quantile,0.975,697
2026-01-17,22,3,wk inc flu hosp,2026-02-07,quantile,0.99,793
2026-01-17,23,0,wk inc flu hosp,2026-01-17,quantile,0.01,72
2026-01-17,23,0,wk inc flu hosp,2026-01-17,quantile,0.025,82
2026-01-17,23,0,wk inc flu hosp,2026-01-17,quantile,0.05,89
2026-01-17,23,0,wk inc flu hosp,2026-01-17,quantile,0.1,99
2026-01-17,23,0,wk inc flu hosp,2026-01-17,quantile,0.15,107
2026-01-17,23,0,wk inc flu hosp,2026-01-17,quantile,0.2,120
2026-01-17,23,0,wk inc flu hosp,2026-01-17,quantile,0.25,124
2026-01-17,23,0,wk inc flu hosp,2026-01-17,quantile,0.3,129
2026-01-17,23,0,wk inc flu hosp,2026-01-17,quantile,0.35,135
2026-01-17,23,0,wk inc flu hosp,2026-01-17,quantile,0.4,142
2026-01-17,23,0,wk inc flu hosp,2026-01-17,quantile,0.45,147
2026-01-17,23,0,wk inc flu hosp,2026-01-17,quantile,0.5,152
2026-01-17,23,0,wk inc flu hosp,2026-01-17,quantile,0.55,158
2026-01-17,23,0,wk inc flu hosp,2026-01-17,quantile,0.6,165
2026-01-17,23,0,wk inc flu hosp,2026-01-17,quantile,0.65,170
2026-01-17,23,0,wk inc flu hosp,2026-01-17,quantile,0.7,177
2026-01-17,23,0,wk inc flu hosp,2026-01-17,quantile,0.75,184
2026-01-17,23,0,wk inc flu hosp,2026-01-17,quantile,0.8,199
2026-01-17,23,0,wk inc flu hosp,2026-01-17,quantile,0.85,211
2026-01-17,23,0,wk inc flu hosp,2026-01-17,quantile,0.9,218
2026-01-17,23,0,wk inc flu hosp,2026-01-17,quantile,0.95,237
2026-01-17,23,0,wk inc flu hosp,2026-01-17,quantile,0.975,259
2026-01-17,23,0,wk inc flu hosp,2026-01-17,quantile,0.99,283
2026-01-17,23,1,wk inc flu hosp,2026-01-24,quantile,0.01,45
2026-01-17,23,1,wk inc flu hosp,2026-01-24,quantile,0.025,58
2026-01-17,23,1,wk inc flu hosp,2026-01-24,quantile,0.05,66
2026-01-17,23,1,wk inc flu hosp,2026-01-24,quantile,0.1,78
2026-01-17,23,1,wk inc flu hosp,2026-01-24,quantile,0.15,95
2026-01-17,23,1,wk inc flu hosp,2026-01-24,quantile,0.2,103
2026-01-17,23,1,wk inc flu hosp,2026-01-24,quantile,0.25,109
2026-01-17,23,1,wk inc flu hosp,2026-01-24,quantile,0.3,117
2026-01-17,23,1,wk inc flu hosp,2026-01-24,quantile,0.35,124
2026-01-17,23,1,wk inc flu hosp,2026-01-24,quantile,0.4,129
2026-01-17,23,1,wk inc flu hosp,2026-01-24,quantile,0.45,134
2026-01-17,23,1,wk inc flu hosp,2026-01-24,quantile,0.5,143
2026-01-17,23,1,wk inc flu hosp,2026-01-24,quantile,0.55,149
2026-01-17,23,1,wk inc flu hosp,2026-01-24,quantile,0.6,157
2026-01-17,23,1,wk inc flu hosp,2026-01-24,quantile,0.65,164
2026-01-17,23,1,wk inc flu hosp,2026-01-24,quantile,0.7,170
2026-01-17,23,1,wk inc flu hosp,2026-01-24,quantile,0.75,176
2026-01-17,23,1,wk inc flu hosp,2026-01-24,quantile,0.8,195
2026-01-17,23,1,wk inc flu hosp,2026-01-24,quantile,0.85,206
2026-01-17,23,1,wk inc flu hosp,2026-01-24,quantile,0.9,223
2026-01-17,23,1,wk inc flu hosp,2026-01-24,quantile,0.95,255
2026-01-17,23,1,wk inc flu hosp,2026-01-24,quantile,0.975,292
2026-01-17,23,1,wk inc flu hosp,2026-01-24,quantile,0.99,314
2026-01-17,23,2,wk inc flu hosp,2026-01-31,quantile,0.01,32
2026-01-17,23,2,wk inc flu hosp,2026-01-31,quantile,0.025,43
2026-01-17,23,2,wk inc flu hosp,2026-01-31,quantile,0.05,52
2026-01-17,23,2,wk inc flu hosp,2026-01-31,quantile,0.1,62
2026-01-17,23,2,wk inc flu hosp,2026-01-31,quantile,0.15,73
2026-01-17,23,2,wk inc flu hosp,2026-01-31,quantile,0.2,81
2026-01-17,23,2,wk inc flu hosp,2026-01-31,quantile,0.25,91
2026-01-17,23,2,wk inc flu hosp,2026-01-31,quantile,0.3,97
2026-01-17,23,2,wk inc flu hosp,2026-01-31,quantile,0.35,107
2026-01-17,23,2,wk inc flu hosp,2026-01-31,quantile,0.4,121
2026-01-17,23,2,wk inc flu hosp,2026-01-31,quantile,0.45,128
2026-01-17,23,2,wk inc flu hosp,2026-01-31,quantile,0.5,135
2026-01-17,23,2,wk inc flu hosp,2026-01-31,quantile,0.55,139
2026-01-17,23,2,wk inc flu hosp,2026-01-31,quantile,0.6,148
2026-01-17,23,2,wk inc flu hosp,2026-01-31,quantile,0.65,159
2026-01-17,23,2,wk inc flu hosp,2026-01-31,quantile,0.7,168
2026-01-17,23,2,wk inc flu hosp,2026-01-31,quantile,0.75,177
2026-01-17,23,2,wk inc flu hosp,2026-01-31,quantile,0.8,190
2026-01-17,23,2,wk inc flu hosp,2026-01-31,quantile,0.85,209
2026-01-17,23,2,wk inc flu hosp,2026-01-31,quantile,0.9,228
2026-01-17,23,2,wk inc flu hosp,2026-01-31,quantile,0.95,266
2026-01-17,23,2,wk inc flu hosp,2026-01-31,quantile,0.975,296
2026-01-17,23,2,wk inc flu hosp,2026-01-31,quantile,0.99,348
2026-01-17,23,3,wk inc flu hosp,2026-02-07,quantile,0.01,20
2026-01-17,23,3,wk inc flu hosp,2026-02-07,quantile,0.025,29
2026-01-17,23,3,wk inc flu hosp,2026-02-07,quantile,0.05,38
2026-01-17,23,3,wk inc flu hosp,2026-02-07,quantile,0.1,54
2026-01-17,23,3,wk inc flu hosp,2026-02-07,quantile,0.15,60
2026-01-17,23,3,wk inc flu hosp,2026-02-07,quantile,0.2,71
2026-01-17,23,3,wk inc flu hosp,2026-02-07,quantile,0.25,76
2026-01-17,23,3,wk inc flu hosp,2026-02-07,quantile,0.3,85
2026-01-17,23,3,wk inc flu hosp,2026-02-07,quantile,0.35,89
2026-01-17,23,3,wk inc flu hosp,2026-02-07,quantile,0.4,104
2026-01-17,23,3,wk inc flu hosp,2026-02-07,quantile,0.45,115
2026-01-17,23,3,wk inc flu hosp,2026-02-07,quantile,0.5,125
2026-01-17,23,3,wk inc flu hosp,2026-02-07,quantile,0.55,136
2026-01-17,23,3,wk inc flu hosp,2026-02-07,quantile,0.6,145
2026-01-17,23,3,wk inc flu hosp,2026-02-07,quantile,0.65,156
2026-01-17,23,3,wk inc flu hosp,2026-02-07,quantile,0.7,166
2026-01-17,23,3,wk inc flu hosp,2026-02-07,quantile,0.75,179
2026-01-17,23,3,wk inc flu hosp,2026-02-07,quantile,0.8,187
2026-01-17,23,3,wk inc flu hosp,2026-02-07,quantile,0.85,202
2026-01-17,23,3,wk inc flu hosp,2026-02-07,quantile,0.9,225
2026-01-17,23,3,wk inc flu hosp,2026-02-07,quantile,0.95,279
2026-01-17,23,3,wk inc flu hosp,2026-02-07,quantile,0.975,302
2026-01-17,23,3,wk inc flu hosp,2026-02-07,quantile,0.99,339
2026-01-17,24,0,wk inc flu hosp,2026-01-17,quantile,0.01,211
2026-01-17,24,0,wk inc flu hosp,2026-01-17,quantile,0.025,250
2026-01-17,24,0,wk inc flu hosp,2026-01-17,quantile,0.05,294
2026-01-17,24,0,wk inc flu hosp,2026-01-17,quantile,0.1,323
2026-01-17,24,0,wk inc flu hosp,2026-01-17,quantile,0.15,349
2026-01-17,24,0,wk inc flu hosp,2026-01-17,quantile,0.2,385
2026-01-17,24,0,wk inc flu hosp,2026-01-17,quantile,0.25,401
2026-01-17,24,0,wk inc flu hosp,2026-01-17,quantile,0.3,418
2026-01-17,24,0,wk inc flu hosp,2026-01-17,quantile,0.35,438
2026-01-17,24,0,wk inc flu hosp,2026-01-17,quantile,0.4,448
2026-01-17,24,0,wk inc flu hosp,2026-01-17,quantile,0.45,478
2026-01-17,24,0,wk inc flu hosp,2026-01-17,quantile,0.5,498
2026-01-17,24,0,wk inc flu hosp,2026-01-17,quantile,0.55,518
2026-01-17,24,0,wk inc flu hosp,2026-01-17,quantile,0.6,532
2026-01-17,24,0,wk inc flu hosp,2026-01-17,quantile,0.65,553
2026-01-17,24,0,wk inc flu hosp,2026-01-17,quantile,0.7,558
2026-01-17,24,0,wk inc flu hosp,2026-01-17,quantile,0.75,566
2026-01-17,24,0,wk inc flu hosp,2026-01-17,quantile,0.8,588
2026-01-17,24,0,wk inc flu hosp,2026-01-17,quantile,0.85,629
2026-01-17,24,0,wk inc flu hosp,2026-01-17,quantile,0.9,672
2026-01-17,24,0,wk inc flu hosp,2026-01-17,quantile,0.95,733
2026-01-17,24,0,wk inc flu hosp,2026-01-17,quantile,0.975,778
2026-01-17,24,0,wk inc flu hosp,2026-01-17,quantile,0.99,892
2026-01-17,24,1,wk inc flu hosp,2026-01-24,quantile,0.01,174
2026-01-17,24,1,wk inc flu hosp,2026-01-24,quantile,0.025,204
2026-01-17,24,1,wk inc flu hosp,2026-01-24,quantile,0.05,226
2026-01-17,24,1,wk inc flu hosp,2026-01-24,quantile,0.1,264
2026-01-17,24,1,wk inc flu hosp,2026-01-24,quantile,0.15,300
2026-01-17,24,1,wk inc flu hosp,2026-01-24,quantile,0.2,337
2026-01-17,24,1,wk inc flu hosp,2026-01-24,quantile,0.25,360
2026-01-17,24,1,wk inc flu hosp,2026-01-24,quantile,0.3,384
2026-01-17,24,1,wk inc flu hosp,2026-01-24,quantile,0.35,412
2026-01-17,24,1,wk inc flu hosp,2026-01-24,quantile,0.4,433
2026-01-17,24,1,wk inc flu hosp,2026-01-24,quantile,0.45,453
2026-01-17,24,1,wk inc flu hosp,2026-01-24,quantile,0.5,460
2026-01-17,24,1,wk inc flu hosp,2026-01-24,quantile,0.55,470
2026-01-17,24,1,wk inc flu hosp,2026-01-24,quantile,0.6,480
2026-01-17,24,1,wk inc flu hosp,2026-01-24,quantile,0.65,494
2026-01-17,24,1,wk inc flu hosp,2026-01-24,quantile,0.7,530
2026-01-17,24,1,wk inc flu hosp,2026-01-24,quantile,0.75,545
2026-01-17,24,1,wk inc flu hosp,2026-01-24,quantile,0.8,563
2026-01-17,24,1,wk inc flu hosp,2026-01-24,quantile,0.85,603
2026-01-17,24,1,wk inc flu hosp,2026-01-24,quantile,0.9,690
2026-01-17,24,1,wk inc flu hosp,2026-01-24,quantile,0.95,768
2026-01-17,24,1,wk inc flu hosp,2026-01-24,quantile,0.975,866
2026-01-17,24,1,wk inc flu hosp,2026-01-24,quantile,0.99,961
2026-01-17,24,2,wk inc flu hosp,2026-01-31,quantile,0.01,144
2026-01-17,24,2,wk inc flu hosp,2026-01-31,quantile,0.025,159
2026-01-17,24,2,wk inc flu hosp,2026-01-31,quantile,0.05,183
2026-01-17,24,2,wk inc flu hosp,2026-01-31,quantile,0.1,222
2026-01-17,24,2,wk inc flu hosp,2026-01-31,quantile,0.15,254
2026-01-17,24,2,wk inc flu hosp,2026-01-31,quantile,0.2,288
2026-01-17,24,2,wk inc flu hosp,2026-01-31,quantile,0.25,316
2026-01-17,24,2,wk inc flu hosp,2026-01-31,quantile,0.3,336
2026-01-17,24,2,wk inc flu hosp,2026-01-31,quantile,0.35,363
2026-01-17,24,2,wk inc flu hosp,2026-01-31,quantile,0.4,383
2026-01-17,24,2,wk inc flu hosp,2026-01-31,quantile,0.45,402
2026-01-17,24,2,wk inc flu hosp,2026-01-31,quantile,0.5,428
2026-01-17,24,2,wk inc flu hosp,2026-01-31,quantile,0.55,456
2026-01-17,24,2,wk inc flu hosp,2026-01-31,quantile,0.6,482
2026-01-17,24,2,wk inc flu hosp,2026-01-31,quantile,0.65,506
2026-01-17,24,2,wk inc flu hosp,2026-01-31,quantile,0.7,533
2026-01-17,24,2,wk inc flu hosp,2026-01-31,quantile,0.75,567
2026-01-17,24,2,wk inc flu hosp,2026-01-31,quantile,0.8,585
2026-01-17,24,2,wk inc flu hosp,2026-01-31,quantile,0.85,623
2026-01-17,24,2,wk inc flu hosp,2026-01-31,quantile,0.9,690
2026-01-17,24,2,wk inc flu hosp,2026-01-31,quantile,0.95,809
2026-01-17,24,2,wk inc flu hosp,2026-01-31,quantile,0.975,929
2026-01-17,24,2,wk inc flu hosp,2026-01-31,quantile,0.99,1142
2026-01-17,24,3,wk inc flu hosp,2026-02-07,quantile,0.01,100
2026-01-17,24,3,wk inc flu hosp,2026-02-07,quantile,0.025,124
2026-01-17,24,3,wk inc flu hosp,2026-02-07,quantile,0.05,159
2026-01-17,24,3,wk inc flu hosp,2026-02-07,quantile,0.1,187
2026-01-17,24,3,wk inc flu hosp,2026-02-07,quantile,0.15,201
2026-01-17,24,3,wk inc flu hosp,2026-02-07,quantile,0.2,233
2026-01-17,24,3,wk inc flu hosp,2026-02-07,quantile,0.25,263
2026-01-17,24,3,wk inc flu hosp,2026-02-07,quantile,0.3,289
2026-01-17,24,3,wk inc flu hosp,2026-02-07,quantile,0.35,313
2026-01-17,24,3,wk inc flu hosp,2026-02-07,quantile,0.4,336
2026-01-17,24,3,wk inc flu hosp,2026-02-07,quantile,0.45,357
2026-01-17,24,3,wk inc flu hosp,2026-02-07,quantile,0.5,380
2026-01-17,24,3,wk inc flu hosp,2026-02-07,quantile,0.55,426
2026-01-17,24,3,wk inc flu hosp,2026-02-07,quantile,0.6,463
2026-01-17,24,3,wk inc flu hosp,2026-02-07,quantile,0.65,503
2026-01-17,24,3,wk inc flu hosp,2026-02-07,quantile,0.7,523
2026-01-17,24,3,wk inc flu hosp,2026-02-07,quantile,0.75,556
2026-01-17,24,3,wk inc flu hosp,2026-02-07,quantile,0.8,587
2026-01-17,24,3,wk inc flu hosp,2026-02-07,quantile,0.85,635
2026-01-17,24,3,wk inc flu hosp,2026-02-07,quantile,0.9,701
2026-01-17,24,3,wk inc flu hosp,2026-02-07,quantile,0.95,832
2026-01-17,24,3,wk inc flu hosp,2026-02-07,quantile,0.975,946
2026-01-17,24,3,wk inc flu hosp,2026-02-07,quantile,0.99,1065
2026-01-17,25,0,wk inc flu hosp,2026-01-17,quantile,0.01,377
2026-01-17,25,0,wk inc flu hosp,2026-01-17,quantile,0.025,428
2026-01-17,25,0,wk inc flu hosp,2026-01-17,quantile,0.05,461
2026-01-17,25,0,wk inc flu hosp,2026-01-17,quantile,0.1,542
2026-01-17,25,0,wk inc flu hosp,2026-01-17,quantile,0.15,570
2026-01-17,25,0,wk inc flu hosp,2026-01-17,quantile,0.2,598
2026-01-17,25,0,wk inc flu hosp,2026-01-17,quantile,0.25,628
2026-01-17,25,0,wk inc flu hosp,2026-01-17,quantile,0.3,664
2026-01-17,25,0,wk inc flu hosp,2026-01-17,quantile,0.35,700
2026-01-17,25,0,wk inc flu hosp,2026-01-17,quantile,0.4,727
2026-01-17,25,0,wk inc flu hosp,2026-01-17,quantile,0.45,752
2026-01-17,25,0,wk inc flu hosp,2026-01-17,quantile,0.5,780
2026-01-17,25,0,wk inc flu hosp,2026-01-17,quantile,0.55,799
2026-01-17,25,0,wk inc flu hosp,2026-01-17,quantile,0.6,837
2026-01-17,25,0,wk inc flu hosp,2026-01-17,quantile,0.65,863
2026-01-17,25,0,wk inc flu hosp,2026-01-17,quantile,0.7,895
2026-01-17,25,0,wk inc flu hosp,2026-01-17,quantile,0.75,915
2026-01-17,25,0,wk inc flu hosp,2026-01-17,quantile,0.8,940
2026-01-17,25,0,wk inc flu hosp,2026-01-17,quantile,0.85,979
2026-01-17,25,0,wk inc flu hosp,2026-01-17,quantile,0.9,1023
2026-01-17,25,0,wk inc flu hosp,2026-01-17,quantile,0.95,1159
2026-01-17,25,0,wk inc flu hosp,2026-01-17,quantile,0.975,1239
2026-01-17,25,0,wk inc flu hosp,2026-01-17,quantile,0.99,1311
2026-01-17,25,1,wk inc flu hosp,2026-01-24,quantile,0.01,264
2026-01-17,25,1,wk inc flu hosp,2026-01-24,quantile,0.025,308
2026-01-17,25,1,wk inc flu hosp,2026-01-24,quantile,0.05,362
2026-01-17,25,1,wk inc flu hosp,2026-01-24,quantile,0.1,424
2026-01-17,25,1,wk inc flu hosp,2026-01-24,quantile,0.15,462
2026-01-17,25,1,wk inc flu hosp,2026-01-24,quantile,0.2,506
2026-01-17,25,1,wk inc flu hosp,2026-01-24,quantile,0.25,534
2026-01-17,25,1,wk inc flu hosp,2026-01-24,quantile,0.3,558
2026-01-17,25,1,wk inc flu hosp,2026-01-24,quantile,0.35,603
2026-01-17,25,1,wk inc flu hosp,2026-01-24,quantile,0.4,643
2026-01-17,25,1,wk inc flu hosp,2026-01-24,quantile,0.45,679
2026-01-17,25,1,wk inc flu hosp,2026-01-24,quantile,0.5,711
2026-01-17,25,1,wk inc flu hosp,2026-01-24,quantile,0.55,737
2026-01-17,25,1,wk inc flu hosp,2026-01-24,quantile,0.6,771
2026-01-17,25,1,wk inc flu hosp,2026-01-24,quantile,0.65,808
2026-01-17,25,1,wk inc flu hosp,2026-01-24,quantile,0.7,848
2026-01-17,25,1,wk inc flu hosp,2026-01-24,quantile,0.75,894
2026-01-17,25,1,wk inc flu hosp,2026-01-24,quantile,0.8,935
2026-01-17,25,1,wk inc flu hosp,2026-01-24,quantile,0.85,1006
2026-01-17,25,1,wk inc flu hosp,2026-01-24,quantile,0.9,1094
2026-01-17,25,1,wk inc flu hosp,2026-01-24,quantile,0.95,1233
2026-01-17,25,1,wk inc flu hosp,2026-01-24,quantile,0.975,1349
2026-01-17,25,1,wk inc flu hosp,2026-01-24,quantile,0.99,1526
2026-01-17,25,2,wk inc flu hosp,2026-01-31,quantile,0.01,196
2026-01-17,25,2,wk inc flu hosp,2026-01-31,quantile,0.025,222
2026-01-17,25,2,wk inc flu hosp,2026-01-31,quantile,0.05,275
2026-01-17,25,2,wk inc flu hosp,2026-01-31,quantile,0.1,335
2026-01-17,25,2,wk inc flu hosp,2026-01-31,quantile,0.15,406
2026-01-17,25,2,wk inc flu hosp,2026-01-31,quantile,0.2,430
2026-01-17,25,2,wk inc flu hosp,2026-01-31,quantile,0.25,455
2026-01-17,25,2,wk inc flu hosp,2026-01-31,quantile,0.3,522
2026-01-17,25,2,wk inc flu hosp,2026-01-31,quantile,0.35,564
2026-01-17,25,2,wk inc flu hosp,2026-01-31,quantile,0.4,581
2026-01-17,25,2,wk inc flu hosp,2026-01-31,quantile,0.45,622
2026-01-17,25,2,wk inc flu hosp,2026-01-31,quantile,0.5,654
2026-01-17,25,2,wk inc flu hosp,2026-01-31,quantile,0.55,715
2026-01-17,25,2,wk inc flu hosp,2026-01-31,quantile,0.6,781
2026-01-17,25,2,wk inc flu hosp,2026-01-31,quantile,0.65,807
2026-01-17,25,2,wk inc flu hosp,2026-01-31,quantile,0.7,842
2026-01-17,25,2,wk inc flu hosp,2026-01-31,quantile,0.75,897
2026-01-17,25,2,wk inc flu hosp,2026-01-31,quantile,0.8,975
2026-01-17,25,2,wk inc flu hosp,2026-01-31,quantile,0.85,1043
2026-01-17,25,2,wk inc flu hosp,2026-01-31,quantile,0.9,1117
2026-01-17,25,2,wk inc flu hosp,2026-01-31,quantile,0.95,1260
2026-01-17,25,2,wk inc flu hosp,2026-01-31,quantile,0.975,1417
2026-01-17,25,2,wk inc flu hosp,2026-01-31,quantile,0.99,1535
2026-01-17,25,3,wk inc flu hosp,2026-02-07,quantile,0.01,119
2026-01-17,25,3,wk inc flu hosp,2026-02-07,quantile,0.025,174
2026-01-17,25,3,wk inc flu hosp,2026-02-07,quantile,0.05,205
2026-01-17,25,3,wk inc flu hosp,2026-02-07,quantile,0.1,267
2026-01-17,25,3,wk inc flu hosp,2026-02-07,quantile,0.15,303
2026-01-17,25,3,wk inc flu hosp,2026-02-07,quantile,0.2,336
2026-01-17,25,3,wk inc flu hosp,2026-02-07,quantile,0.25,389
2026-01-17,25,3,wk inc flu hosp,2026-02-07,quantile,0.3,433
2026-01-17,25,3,wk inc flu hosp,2026-02-07,quantile,0.35,466
2026-01-17,25,3,wk inc flu hosp,2026-02-07,quantile,0.4,505
2026-01-17,25,3,wk inc flu hosp,2026-02-07,quantile,0.45,539
2026-01-17,25,3,wk inc flu hosp,2026-02-07,quantile,0.5,579
2026-01-17,25,3,wk inc flu hosp,2026-02-07,quantile,0.55,645
2026-01-17,25,3,wk inc flu hosp,2026-02-07,quantile,0.6,714
2026-01-17,25,3,wk inc flu hosp,2026-02-07,quantile,0.65,758
2026-01-17,25,3,wk inc flu hosp,2026-02-07,quantile,0.7,784
2026-01-17,25,3,wk inc flu hosp,2026-02-07,quantile,0.75,844
2026-01-17,25,3,wk inc flu hosp,2026-02-07,quantile,0.8,889
2026-01-17,25,3,wk inc flu hosp,2026-02-07,quantile,0.85,966
2026-01-17,25,3,wk inc flu hosp,2026-02-07,quantile,0.9,1036
2026-01-17,25,3,wk inc flu hosp,2026-02-07,quantile,0.95,1200
2026-01-17,25,3,wk inc flu hosp,2026-02-07,quantile,0.975,1442
2026-01-17,25,3,wk inc flu hosp,2026-02-07,quantile,0.99,1522
2026-01-17,26,0,wk inc flu hosp,2026-01-17,quantile,0.01,361
2026-01-17,26,0,wk inc flu hosp,2026-01-17,quantile,0.025,406
2026-01-17,26,0,wk inc flu hosp,2026-01-17,quantile,0.05,476
2026-01-17,26,0,wk inc flu hosp,2026-01-17,quantile,0.1,516
2026-01-17,26,0,wk inc flu hosp,2026-01-17,quantile,0.15,582
2026-01-17,26,0,wk inc flu hosp,2026-01-17,quantile,0.2,638
2026-01-17,26,0,wk inc flu hosp,2026-01-17,quantile,0.25,650
2026-01-17,26,0,wk inc flu hosp,2026-01-17,quantile,0.3,695
2026-01-17,26,0,wk inc flu hosp,2026-01-17,quantile,0.35,710
2026-01-17,26,0,wk inc flu hosp,2026-01-17,quantile,0.4,724
2026-01-17,26,0,wk inc flu hosp,2026-01-17,quantile,0.45,747
2026-01-17,26,0,wk inc flu hosp,2026-01-17,quantile,0.5,794
2026-01-17,26,0,wk inc flu hosp,2026-01-17,quantile,0.55,845
2026-01-17,26,0,wk inc flu hosp,2026-01-17,quantile,0.6,891
2026-01-17,26,0,wk inc flu hosp,2026-01-17,quantile,0.65,922
2026-01-17,26,0,wk inc flu hosp,2026-01-17,quantile,0.7,950
2026-01-17,26,0,wk inc flu hosp,2026-01-17,quantile,0.75,987
2026-01-17,26,0,wk inc flu hosp,2026-01-17,quantile,0.8,1036
2026-01-17,26,0,wk inc flu hosp,2026-01-17,quantile,0.85,1079
2026-01-17,26,0,wk inc flu hosp,2026-01-17,quantile,0.9,1139
2026-01-17,26,0,wk inc flu hosp,2026-01-17,quantile,0.95,1217
2026-01-17,26,0,wk inc flu hosp,2026-01-17,quantile,0.975,1281
2026-01-17,26,0,wk inc flu hosp,2026-01-17,quantile,0.99,1447
2026-01-17,26,1,wk inc flu hosp,2026-01-24,quantile,0.01,249
2026-01-17,26,1,wk inc flu hosp,2026-01-24,quantile,0.025,310
2026-01-17,26,1,wk inc flu hosp,2026-01-24,quantile,0.05,363
2026-01-17,26,1,wk inc flu hosp,2026-01-24,quantile,0.1,438
2026-01-17,26,1,wk inc flu hosp,2026-01-24,quantile,0.15,495
2026-01-17,26,1,wk inc flu hosp,2026-01-24,quantile,0.2,575
2026-01-17,26,1,wk inc flu hosp,2026-01-24,quantile,0.25,609
2026-01-17,26,1,wk inc flu hosp,2026-01-24,quantile,0.3,661
2026-01-17,26,1,wk inc flu hosp,2026-01-24,quantile,0.35,690
2026-01-17,26,1,wk inc flu hosp,2026-01-24,quantile,0.4,729
2026-01-17,26,1,wk inc flu hosp,2026-01-24,quantile,0.45,761
2026-01-17,26,1,wk inc flu hosp,2026-01-24,quantile,0.5,807
2026-01-17,26,1,wk inc flu hosp,2026-01-24,quantile,0.55,855
2026-01-17,26,1,wk inc flu hosp,2026-01-24,quantile,0.6,867
2026-01-17,26,1,wk inc flu hosp,2026-01-24,quantile,0.65,878
2026-01-17,26,1,wk inc flu hosp,2026-01-24,quantile,0.7,909
2026-01-17,26,1,wk inc flu hosp,2026-01-24,quantile,0.75,952
2026-01-17,26,1,wk inc flu hosp,2026-01-24,quantile,0.8,1019
2026-01-17,26,1,wk inc flu hosp,2026-01-24,quantile,0.85,1130
2026-01-17,26,1,wk inc flu hosp,2026-01-24,quantile,0.9,1265
2026-01-17,26,1,wk inc flu hosp,2026-01-24,quantile,0.95,1521
2026-01-17,26,1,wk inc flu hosp,2026-01-24,quantile,0.975,1569
2026-01-17,26,1,wk inc flu hosp,2026-01-24,quantile,0.99,1727
2026-01-17,26,2,wk inc flu hosp,2026-01-31,quantile,0.01,219
2026-01-17,26,2,wk inc flu hosp,2026-01-31,quantile,0.025,273
2026-01-17,26,2,wk inc flu hosp,2026-01-31,quantile,0.05,314
2026-01-17,26,2,wk inc flu hosp,2026-01-31,quantile,0.1,393
2026-01-17,26,2,wk inc flu hosp,2026-01-31,quantile,0.15,457
2026-01-17,26,2,wk inc flu hosp,2026-01-31,quantile,0.2,536
2026-01-17,26,2,wk inc flu hosp,2026-01-31,quantile,0.25,576
2026-01-17,26,2,wk inc flu hosp,2026-01-31,quantile,0.3,617
2026-01-17,26,2,wk inc flu hosp,2026-01-31,quantile,0.35,667
2026-01-17,26,2,wk inc flu hosp,2026-01-31,quantile,0.4,719
2026-01-17,26,2,wk inc flu hosp,2026-01-31,quantile,0.45,767
2026-01-17,26,2,wk inc flu hosp,2026-01-31,quantile,0.5,824
2026-01-17,26,2,wk inc flu hosp,2026-01-31,quantile,0.55,855
2026-01-17,26,2,wk inc flu hosp,2026-01-31,quantile,0.6,892
2026-01-17,26,2,wk inc flu hosp,2026-01-31,quantile,0.65,928
2026-01-17,26,2,wk inc flu hosp,2026-01-31,quantile,0.7,971
2026-01-17,26,2,wk inc flu hosp,2026-01-31,quantile,0.75,1026
2026-01-17,26,2,wk inc flu hosp,2026-01-31,quantile,0.8,1092
2026-01-17,26,2,wk inc flu hosp,2026-01-31,quantile,0.85,1176
2026-01-17,26,2,wk inc flu hosp,2026-01-31,quantile,0.9,1274
2026-01-17,26,2,wk inc flu hosp,2026-01-31,quantile,0.95,1504
2026-01-17,26,2,wk inc flu hosp,2026-01-31,quantile,0.975,1654
2026-01-17,26,2,wk inc flu hosp,2026-01-31,quantile,0.99,1952
2026-01-17,26,3,wk inc flu hosp,2026-02-07,quantile,0.01,190
2026-01-17,26,3,wk inc flu hosp,2026-02-07,quantile,0.025,249
2026-01-17,26,3,wk inc flu hosp,2026-02-07,quantile,0.05,311
2026-01-17,26,3,wk inc flu hosp,2026-02-07,quantile,0.1,360
2026-01-17,26,3,wk inc flu hosp,2026-02-07,quantile,0.15,384
2026-01-17,26,3,wk inc flu hosp,2026-02-07,quantile,0.2,447
2026-01-17,26,3,wk inc flu hosp,2026-02-07,quantile,0.25,537
2026-01-17,26,3,wk inc flu hosp,2026-02-07,quantile,0.3,579
2026-01-17,26,3,wk inc flu hosp,2026-02-07,quantile,0.35,634
2026-01-17,26,3,wk inc flu hosp,2026-02-07,quantile,0.4,662
2026-01-17,26,3,wk inc flu hosp,2026-02-07,quantile,0.45,701
2026-01-17,26,3,wk inc flu hosp,2026-02-07,quantile,0.5,750
2026-01-17,26,3,wk inc flu hosp,2026-02-07,quantile,0.55,803
2026-01-17,26,3,wk inc flu hosp,2026-02-07,quantile,0.6,845
2026-01-17,26,3,wk inc flu hosp,2026-02-07,quantile,0.65,887
2026-01-17,26,3,wk inc flu hosp,2026-02-07,quantile,0.7,937
2026-01-17,26,3,wk inc flu hosp,2026-02-07,quantile,0.75,993
2026-01-17,26,3,wk inc flu hosp,2026-02-07,quantile,0.8,1060
2026-01-17,26,3,wk inc flu hosp,2026-02-07,quantile,0.85,1142
2026-01-17,26,3,wk inc flu hosp,2026-02-07,quantile,0.9,1247
2026-01-17,26,3,wk inc flu hosp,2026-02-07,quantile,0.95,1465
2026-01-17,26,3,wk inc flu hosp,2026-02-07,quantile,0.975,1714
2026-01-17,26,3,wk inc flu hosp,2026-02-07,quantile,0.99,2139
2026-01-17,27,0,wk inc flu hosp,2026-01-17,quantile,0.01,242
2026-01-17,27,0,wk inc flu hosp,2026-01-17,quantile,0.025,301
2026-01-17,27,0,wk inc flu hosp,2026-01-17,quantile,0.05,321
2026-01-17,27,0,wk inc flu hosp,2026-01-17,quantile,0.1,362
2026-01-17,27,0,wk inc flu hosp,2026-01-17,quantile,0.15,397
2026-01-17,27,0,wk inc flu hosp,2026-01-17,quantile,0.2,424
2026-01-17,27,0,wk inc flu hosp,2026-01-17,quantile,0.25,450
2026-01-17,27,0,wk inc flu hosp,2026-01-17,quantile,0.3,472
2026-01-17,27,0,wk inc flu hosp,2026-01-17,quantile,0.35,497
2026-01-17,27,0,wk inc flu hosp,2026-01-17,quantile,0.4,520
2026-01-17,27,0,wk inc flu hosp,2026-01-17,quantile,0.45,545
2026-01-17,27,0,wk inc flu hosp,2026-01-17,quantile,0.5,562
2026-01-17,27,0,wk inc flu hosp,2026-01-17,quantile,0.55,596
2026-01-17,27,0,wk inc flu hosp,2026-01-17,quantile,0.6,630
2026-01-17,27,0,wk inc flu hosp,2026-01-17,quantile,0.65,654
2026-01-17,27,0,wk inc flu hosp,2026-01-17,quantile,0.7,662
2026-01-17,27,0,wk inc flu hosp,2026-01-17,quantile,0.75,697
2026-01-17,27,0,wk inc flu hosp,2026-01-17,quantile,0.8,720
2026-01-17,27,0,wk inc flu hosp,2026-01-17,quantile,0.85,768
2026-01-17,27,0,wk inc flu hosp,2026-01-17,quantile,0.9,808
2026-01-17,27,0,wk inc flu hosp,2026-01-17,quantile,0.95,893
2026-01-17,27,0,wk inc flu hosp,2026-01-17,quantile,0.975,978
2026-01-17,27,0,wk inc flu hosp,2026-01-17,quantile,0.99,1064
2026-01-17,27,1,wk inc flu hosp,2026-01-24,quantile,0.01,142
2026-01-17,27,1,wk inc flu hosp,2026-01-24,quantile,0.025,163
2026-01-17,27,1,wk inc flu hosp,2026-01-24,quantile,0.05,183
2026-01-17,27,1,wk inc flu hosp,2026-01-24,quantile,0.1,227
2026-01-17,27,1,wk inc flu hosp,2026-01-24,quantile,0.15,262
2026-01-17,27,1,wk inc flu hosp,2026-01-24,quantile,0.2,303
2026-01-17,27,1,wk inc flu hosp,2026-01-24,quantile,0.25,330
2026-01-17,27,1,wk inc flu hosp,2026-01-24,quantile,0.3,352
2026-01-17,27,1,wk inc flu hosp,2026-01-24,quantile,0.35,376
2026-01-17,27,1,wk inc flu hosp,2026-01-24,quantile,0.4,409
2026-01-17,27,1,wk inc flu hosp,2026-01-24,quantile,0.45,438
2026-01-17,27,1,wk inc flu hosp,2026-01-24,quantile,0.5,470
2026-01-17,27,1,wk inc flu hosp,2026-01-24,quantile,0.55,508
2026-01-17,27,1,wk inc flu hosp,2026-01-24,quantile,0.6,521
2026-01-17,27,1,wk inc flu hosp,2026-01-24,quantile,0.65,564
2026-01-17,27,1,wk inc flu hosp,2026-01-24,quantile,0.7,595
2026-01-17,27,1,wk inc flu hosp,2026-01-24,quantile,0.75,624
2026-01-17,27,1,wk inc flu hosp,2026-01-24,quantile,0.8,666
2026-01-17,27,1,wk inc flu hosp,2026-01-24,quantile,0.85,714
2026-01-17,27,1,wk inc flu hosp,2026-01-24,quantile,0.9,851
2026-01-17,27,1,wk inc flu hosp,2026-01-24,quantile,0.95,955
2026-01-17,27,1,wk inc flu hosp,2026-01-24,quantile,0.975,1000
2026-01-17,27,1,wk inc flu hosp,2026-01-24,quantile,0.99,1072
2026-01-17,27,2,wk inc flu hosp,2026-01-31,quantile,0.01,83
2026-01-17,27,2,wk inc flu hosp,2026-01-31,quantile,0.025,104
2026-01-17,27,2,wk inc flu hosp,2026-01-31,quantile,0.05,130
2026-01-17,27,2,wk inc flu hosp,2026-01-31,quantile,0.1,158
2026-01-17,27,2,wk inc flu hosp,2026-01-31,quantile,0.15,182
2026-01-17,27,2,wk inc flu hosp,2026-01-31,quantile,0.2,228
2026-01-17,27,2,wk inc flu hosp,2026-01-31,quantile,0.25,278
2026-01-17,27,2,wk inc flu hosp,2026-01-31,quantile,0.3,309
2026-01-17,27,2,wk inc flu hosp,2026-01-31,quantile,0.35,325
2026-01-17,27,2,wk inc flu hosp,2026-01-31,quantile,0.4,341
2026-01-17,27,2,wk inc flu hosp,2026-01-31,quantile,0.45,359
2026-01-17,27,2,wk inc flu hosp,2026-01-31,quantile,0.5,389
2026-01-17,27,2,wk inc flu hosp,2026-01-31,quantile,0.55,417
2026-01-17,27,2,wk inc flu hosp,2026-01-31,quantile,0.6,445
2026-01-17,27,2,wk inc flu hosp,2026-01-31,quantile,0.65,465
2026-01-17,27,2,wk inc flu hosp,2026-01-31,quantile,0.7,493
2026-01-17,27,2,wk inc flu hosp,2026-01-31,quantile,0.75,531
2026-01-17,27,2,wk inc flu hosp,2026-01-31,quantile,0.8,580
2026-01-17,27,2,wk inc flu hosp,2026-01-31,quantile,0.85,688
2026-01-17,27,2,wk inc flu hosp,2026-01-31,quantile,0.9,789
2026-01-17,27,2,wk inc flu hosp,2026-01-31,quantile,0.95,965
2026-01-17,27,2,wk inc flu hosp,2026-01-31,quantile,0.975,1111
2026-01-17,27,2,wk inc flu hosp,2026-01-31,quantile,0.99,1229
2026-01-17,27,3,wk inc flu hosp,2026-02-07,quantile,0.01,64
2026-01-17,27,3,wk inc flu hosp,2026-02-07,quantile,0.025,71
2026-01-17,27,3,wk inc flu hosp,2026-02-07,quantile,0.05,85
2026-01-17,27,3,wk inc flu hosp,2026-02-07,quantile,0.1,100
2026-01-17,27,3,wk inc flu hosp,2026-02-07,quantile,0.15,120
2026-01-17,27,3,wk inc flu hosp,2026-02-07,quantile,0.2,157
2026-01-17,27,3,wk inc flu hosp,2026-02-07,quantile,0.25,198
2026-01-17,27,3,wk inc flu hosp,2026-02-07,quantile,0.3,223
2026-01-17,27,3,wk inc flu hosp,2026-02-07,quantile,0.35,241
2026-01-17,27,3,wk inc flu hosp,2026-02-07,quantile,0.4,256
2026-01-17,27,3,wk inc flu hosp,2026-02-07,quantile,0.45,283
2026-01-17,27,3,wk inc flu hosp,2026-02-07,quantile,0.5,317
2026-01-17,27,3,wk inc flu hosp,2026-02-07,quantile,0.55,344
2026-01-17,27,3,wk inc flu hosp,2026-02-07,quantile,0.6,390
2026-01-17,27,3,wk inc flu hosp,2026-02-07,quantile,0.65,431
2026-01-17,27,3,wk inc flu hosp,2026-02-07,quantile,0.7,456
2026-01-17,27,3,wk inc flu hosp,2026-02-07,quantile,0.75,476
2026-01-17,27,3,wk inc flu hosp,2026-02-07,quantile,0.8,505
2026-01-17,27,3,wk inc flu hosp,2026-02-07,quantile,0.85,568
2026-01-17,27,3,wk inc flu hosp,2026-02-07,quantile,0.9,679
2026-01-17,27,3,wk inc flu hosp,2026-02-07,quantile,0.95,840
2026-01-17,27,3,wk inc flu hosp,2026-02-07,quantile,0.975,1009
2026-01-17,27,3,wk inc flu hosp,2026-02-07,quantile,0.99,1111
2026-01-17,28,0,wk inc flu hosp,2026-01-17,quantile,0.01,68
2026-01-17,28,0,wk inc flu hosp,2026-01-17,quantile,0.025,81
2026-01-17,28,0,wk inc flu hosp,2026-01-17,quantile,0.05,95
2026-01-17,28,0,wk inc flu hosp,2026-01-17,quantile,0.1,108
2026-01-17,28,0,wk inc flu hosp,2026-01-17,quantile,0.15,120
2026-01-17,28,0,wk inc flu hosp,2026-01-17,quantile,0.2,128
2026-01-17,28,0,wk inc flu hosp,2026-01-17,quantile,0.25,134
2026-01-17,28,0,wk inc flu hosp,2026-01-17,quantile,0.3,139
2026-01-17,28,0,wk inc flu hosp,2026-01-17,quantile,0.35,146
2026-01-17,28,0,wk inc flu hosp,2026-01-17,quantile,0.4,155
2026-01-17,28,0,wk inc flu hosp,2026-01-17,quantile,0.45,160
2026-01-17,28,0,wk inc flu hosp,2026-01-17,quantile,0.5,167
2026-01-17,28,0,wk inc flu hosp,2026-01-17,quantile,0.55,171
2026-01-17,28,0,wk inc flu hosp,2026-01-17,quantile,0.6,179
2026-01-17,28,0,wk inc flu hosp,2026-01-17,quantile,0.65,189
2026-01-17,28,0,wk inc flu hosp,2026-01-17,quantile,0.7,198
2026-01-17,28,0,wk inc flu hosp,2026-01-17,quantile,0.75,208
2026-01-17,28,0,wk inc flu hosp,2026-01-17,quantile,0.8,220
2026-01-17,28,0,wk inc flu hosp,2026-01-17,quantile,0.85,228
2026-01-17,28,0,wk inc flu hosp,2026-01-17,quantile,0.9,242
2026-01-17,28,0,wk inc flu hosp,2026-01-17,quantile,0.95,266
2026-01-17,28,0,wk inc flu hosp,2026-01-17,quantile,0.975,298
2026-01-17,28,0,wk inc flu hosp,2026-01-17,quantile,0.99,318
2026-01-17,28,1,wk inc flu hosp,2026-01-24,quantile,0.01,48
2026-01-17,28,1,wk inc flu hosp,2026-01-24,quantile,0.025,59
2026-01-17,28,1,wk inc flu hosp,2026-01-24,quantile,0.05,71
2026-01-17,28,1,wk inc flu hosp,2026-01-24,quantile,0.1,89
2026-01-17,28,1,wk inc flu hosp,2026-01-24,quantile,0.15,105
2026-01-17,28,1,wk inc flu hosp,2026-01-24,quantile,0.2,117
2026-01-17,28,1,wk inc flu hosp,2026-01-24,quantile,0.25,128
2026-01-17,28,1,wk inc flu hosp,2026-01-24,quantile,0.3,146
2026-01-17,28,1,wk inc flu hosp,2026-01-24,quantile,0.35,154
2026-01-17,28,1,wk inc flu hosp,2026-01-24,quantile,0.4,162
2026-01-17,28,1,wk inc flu hosp,2026-01-24,quantile,0.45,168
2026-01-17,28,1,wk inc flu hosp,2026-01-24,quantile,0.5,179
2026-01-17,28,1,wk inc flu hosp,2026-01-24,quantile,0.55,187
2026-01-17,28,1,wk inc flu hosp,2026-01-24,quantile,0.6,193
2026-01-17,28,1,wk inc flu hosp,2026-01-24,quantile,0.65,201
2026-01-17,28,1,wk inc flu hosp,2026-01-24,quantile,0.7,209
2026-01-17,28,1,wk inc flu hosp,2026-01-24,quantile,0.75,222
2026-01-17,28,1,wk inc flu hosp,2026-01-24,quantile,0.8,245
2026-01-17,28,1,wk inc flu hosp,2026-01-24,quantile,0.85,267
2026-01-17,28,1,wk inc flu hosp,2026-01-24,quantile,0.9,287
2026-01-17,28,1,wk inc flu hosp,2026-01-24,quantile,0.95,322
2026-01-17,28,1,wk inc flu hosp,2026-01-24,quantile,0.975,339
2026-01-17,28,1,wk inc flu hosp,2026-01-24,quantile,0.99,379
2026-01-17,28,2,wk inc flu hosp,2026-01-31,quantile,0.01,51
2026-01-17,28,2,wk inc flu hosp,2026-01-31,quantile,0.025,57
2026-01-17,28,2,wk inc flu hosp,2026-01-31,quantile,0.05,69
2026-01-17,28,2,wk inc flu hosp,2026-01-31,quantile,0.1,87
2026-01-17,28,2,wk inc flu hosp,2026-01-31,quantile,0.15,97
2026-01-17,28,2,wk inc flu hosp,2026-01-31,quantile,0.2,112
2026-01-17,28,2,wk inc flu hosp,2026-01-31,quantile,0.25,122
2026-01-17,28,2,wk inc flu hosp,2026-01-31,quantile,0.3,134
2026-01-17,28,2,wk inc flu hosp,2026-01-31,quantile,0.35,141
2026-01-17,28,2,wk inc flu hosp,2026-01-31,quantile,0.4,152
2026-01-17,28,2,wk inc flu hosp,2026-01-31,quantile,0.45,161
2026-01-17,28,2,wk inc flu hosp,2026-01-31,quantile,0.5,170
2026-01-17,28,2,wk inc flu hosp,2026-01-31,quantile,0.55,176
2026-01-17,28,2,wk inc flu hosp,2026-01-31,quantile,0.6,189
2026-01-17,28,2,wk inc flu hosp,2026-01-31,quantile,0.65,203
2026-01-17,28,2,wk inc flu hosp,2026-01-31,quantile,0.7,221
2026-01-17,28,2,wk inc flu hosp,2026-01-31,quantile,0.75,233
2026-01-17,28,2,wk inc flu hosp,2026-01-31,quantile,0.8,256
2026-01-17,28,2,wk inc flu hosp,2026-01-31,quantile,0.85,281
2026-01-17,28,2,wk inc flu hosp,2026-01-31,quantile,0.9,310
2026-01-17,28,2,wk inc flu hosp,2026-01-31,quantile,0.95,358
2026-01-17,28,2,wk inc flu hosp,2026-01-31,quantile,0.975,405
2026-01-17,28,2,wk inc flu hosp,2026-01-31,quantile,0.99,461
2026-01-17,28,3,wk inc flu hosp,2026-02-07,quantile,0.01,35
2026-01-17,28,3,wk inc flu hosp,2026-02-07,quantile,0.025,50
2026-01-17,28,3,wk inc flu hosp,2026-02-07,quantile,0.05,62
2026-01-17,28,3,wk inc flu hosp,2026-02-07,quantile,0.1,80
2026-01-17,28,3,wk inc flu hosp,2026-02-07,quantile,0.15,92
2026-01-17,28,3,wk inc flu hosp,2026-02-07,quantile,0.2,101
2026-01-17,28,3,wk inc flu hosp,2026-02-07,quantile,0.25,110
2026-01-17,28,3,wk inc flu hosp,2026-02-07,quantile,0.3,120
2026-01-17,28,3,wk inc flu hosp,2026-02-07,quantile,0.35,128
2026-01-17,28,3,wk inc flu hosp,2026-02-07,quantile,0.4,140
2026-01-17,28,3,wk inc flu hosp,2026-02-07,quantile,0.45,155
2026-01-17,28,3,wk inc flu hosp,2026-02-07,quantile,0.5,164
2026-01-17,28,3,wk inc flu hosp,2026-02-07,quantile,0.55,175
2026-01-17,28,3,wk inc flu hosp,2026-02-07,quantile,0.6,184
2026-01-17,28,3,wk inc flu hosp,2026-02-07,quantile,0.65,197
2026-01-17,28,3,wk inc flu hosp,2026-02-07,quantile,0.7,212
2026-01-17,28,3,wk inc flu hosp,2026-02-07,quantile,0.75,227
2026-01-17,28,3,wk inc flu hosp,2026-02-07,quantile,0.8,251
2026-01-17,28,3,wk inc flu hosp,2026-02-07,quantile,0.85,277
2026-01-17,28,3,wk inc flu hosp,2026-02-07,quantile,0.9,318
2026-01-17,28,3,wk inc flu hosp,2026-02-07,quantile,0.95,395
2026-01-17,28,3,wk inc flu hosp,2026-02-07,quantile,0.975,453
2026-01-17,28,3,wk inc flu hosp,2026-02-07,quantile,0.99,497
2026-01-17,29,0,wk inc flu hosp,2026-01-17,quantile,0.01,209
2026-01-17,29,0,wk inc flu hosp,2026-01-17,quantile,0.025,239
2026-01-17,29,0,wk inc flu hosp,2026-01-17,quantile,0.05,275
2026-01-17,29,0,wk inc flu hosp,2026-01-17,quantile,0.1,322
2026-01-17,29,0,wk inc flu hosp,2026-01-17,quantile,0.15,351
2026-01-17,29,0,wk inc flu hosp,2026-01-17,quantile,0.2,391
2026-01-17,29,0,wk inc flu hosp,2026-01-17,quantile,0.25,406
2026-01-17,29,0,wk inc flu hosp,2026-01-17,quantile,0.3,428
2026-01-17,29,0,wk inc flu hosp,2026-01-17,quantile,0.35,458
2026-01-17,29,0,wk inc flu hosp,2026-01-17,quantile,0.4,500
2026-01-17,29,0,wk inc flu hosp,2026-01-17,quantile,0.45,519
2026-01-17,29,0,wk inc flu hosp,2026-01-17,quantile,0.5,539
2026-01-17,29,0,wk inc flu hosp,2026-01-17,quantile,0.55,554
2026-01-17,29,0,wk inc flu hosp,2026-01-17,quantile,0.6,573
2026-01-17,29,0,wk inc flu hosp,2026-01-17,quantile,0.65,594
2026-01-17,29,0,wk inc flu hosp,2026-01-17,quantile,0.7,620
2026-01-17,29,0,wk inc flu hosp,2026-01-17,quantile,0.75,658
2026-01-17,29,0,wk inc flu hosp,2026-01-17,quantile,0.8,670
2026-01-17,29,0,wk inc flu hosp,2026-01-17,quantile,0.85,705
2026-01-17,29,0,wk inc flu hosp,2026-01-17,quantile,0.9,744
2026-01-17,29,0,wk inc flu hosp,2026-01-17,quantile,0.95,836
2026-01-17,29,0,wk inc flu hosp,2026-01-17,quantile,0.975,877
2026-01-17,29,0,wk inc flu hosp,2026-01-17,quantile,0.99,1004
2026-01-17,29,1,wk inc flu hosp,2026-01-24,quantile,0.01,152
2026-01-17,29,1,wk inc flu hosp,2026-01-24,quantile,0.025,181
2026-01-17,29,1,wk inc flu hosp,2026-01-24,quantile,0.05,217
2026-01-17,29,1,wk inc flu hosp,2026-01-24,quantile,0.1,278
2026-01-17,29,1,wk inc flu hosp,2026-01-24,quantile,0.15,311
2026-01-17,29,1,wk inc flu hosp,2026-01-24,quantile,0.2,345
2026-01-17,29,1,wk inc flu hosp,2026-01-24,quantile,0.25,374
2026-01-17,29,1,wk inc flu hosp,2026-01-24,quantile,0.3,411
2026-01-17,29,1,wk inc flu hosp,2026-01-24,quantile,0.35,453
2026-01-17,29,1,wk inc flu hosp,2026-01-24,quantile,0.4,497
2026-01-17,29,1,wk inc flu hosp,2026-01-24,quantile,0.45,518
2026-01-17,29,1,wk inc flu hosp,2026-01-24,quantile,0.5,555
2026-01-17,29,1,wk inc flu hosp,2026-01-24,quantile,0.55,581
2026-01-17,29,1,wk inc flu hosp,2026-01-24,quantile,0.6,598
2026-01-17,29,1,wk inc flu hosp,2026-01-24,quantile,0.65,633
2026-01-17,29,1,wk inc flu hosp,2026-01-24,quantile,0.7,674
2026-01-17,29,1,wk inc flu hosp,2026-01-24,quantile,0.75,703
2026-01-17,29,1,wk inc flu hosp,2026-01-24,quantile,0.8,736
2026-01-17,29,1,wk inc flu hosp,2026-01-24,quantile,0.85,803
2026-01-17,29,1,wk inc flu hosp,2026-01-24,quantile,0.9,888
2026-01-17,29,1,wk inc flu hosp,2026-01-24,quantile,0.95,1040
2026-01-17,29,1,wk inc flu hosp,2026-01-24,quantile,0.975,1173
2026-01-17,29,1,wk inc flu hosp,2026-01-24,quantile,0.99,1269
2026-01-17,29,2,wk inc flu hosp,2026-01-31,quantile,0.01,133
2026-01-17,29,2,wk inc flu hosp,2026-01-31,quantile,0.025,170
2026-01-17,29,2,wk inc flu hosp,2026-01-31,quantile,0.05,212
2026-01-17,29,2,wk inc flu hosp,2026-01-31,quantile,0.1,254
2026-01-17,29,2,wk inc flu hosp,2026-01-31,quantile,0.15,298
2026-01-17,29,2,wk inc flu hosp,2026-01-31,quantile,0.2,346
2026-01-17,29,2,wk inc flu hosp,2026-01-31,quantile,0.25,384
2026-01-17,29,2,wk inc flu hosp,2026-01-31,quantile,0.3,420
2026-01-17,29,2,wk inc flu hosp,2026-01-31,quantile,0.35,471
2026-01-17,29,2,wk inc flu hosp,2026-01-31,quantile,0.4,501
2026-01-17,29,2,wk inc flu hosp,2026-01-31,quantile,0.45,532
2026-01-17,29,2,wk inc flu hosp,2026-01-31,quantile,0.5,556
2026-01-17,29,2,wk inc flu hosp,2026-01-31,quantile,0.55,576
2026-01-17,29,2,wk inc flu hosp,2026-01-31,quantile,0.6,603
2026-01-17,29,2,wk inc flu hosp,2026-01-31,quantile,0.65,634
2026-01-17,29,2,wk inc flu hosp,2026-01-31,quantile,0.7,669
2026-01-17,29,2,wk inc flu hosp,2026-01-31,quantile,0.75,719
2026-01-17,29,2,wk inc flu hosp,2026-01-31,quantile,0.8,775
2026-01-17,29,2,wk inc flu hosp,2026-01-31,quantile,0.85,848
2026-01-17,29,2,wk inc flu hosp,2026-01-31,quantile,0.9,929
2026-01-17,29,2,wk inc flu hosp,2026-01-31,quantile,0.95,1060
2026-01-17,29,2,wk inc flu hosp,2026-01-31,quantile,0.975,1234
2026-01-17,29,2,wk inc flu hosp,2026-01-31,quantile,0.99,1450
2026-01-17,29,3,wk inc flu hosp,2026-02-07,quantile,0.01,108
2026-01-17,29,3,wk inc flu hosp,2026-02-07,quantile,0.025,134
2026-01-17,29,3,wk inc flu hosp,2026-02-07,quantile,0.05,165
2026-01-17,29,3,wk inc flu hosp,2026-02-07,quantile,0.1,221
2026-01-17,29,3,wk inc flu hosp,2026-02-07,quantile,0.15,267
2026-01-17,29,3,wk inc flu hosp,2026-02-07,quantile,0.2,311
2026-01-17,29,3,wk inc flu hosp,2026-02-07,quantile,0.25,343
2026-01-17,29,3,wk inc flu hosp,2026-02-07,quantile,0.3,383
2026-01-17,29,3,wk inc flu hosp,2026-02-07,quantile,0.35,434
2026-01-17,29,3,wk inc flu hosp,2026-02-07,quantile,0.4,470
2026-01-17,29,3,wk inc flu hosp,2026-02-07,quantile,0.45,507
2026-01-17,29,3,wk inc flu hosp,2026-02-07,quantile,0.5,543
2026-01-17,29,3,wk inc flu hosp,2026-02-07,quantile,0.55,579
2026-01-17,29,3,wk inc flu hosp,2026-02-07,quantile,0.6,610
2026-01-17,29,3,wk inc flu hosp,2026-02-07,quantile,0.65,640
2026-01-17,29,3,wk inc flu hosp,2026-02-07,quantile,0.7,681
2026-01-17,29,3,wk inc flu hosp,2026-02-07,quantile,0.75,724
2026-01-17,29,3,wk inc flu hosp,2026-02-07,quantile,0.8,808
2026-01-17,29,3,wk inc flu hosp,2026-02-07,quantile,0.85,907
2026-01-17,29,3,wk inc flu hosp,2026-02-07,quantile,0.9,984
2026-01-17,29,3,wk inc flu hosp,2026-02-07,quantile,0.95,1152
2026-01-17,29,3,wk inc flu hosp,2026-02-07,quantile,0.975,1279
2026-01-17,29,3,wk inc flu hosp,2026-02-07,quantile,0.99,1454
2026-01-17,30,0,wk inc flu hosp,2026-01-17,quantile,0.01,44
2026-01-17,30,0,wk inc flu hosp,2026-01-17,quantile,0.025,53
2026-01-17,30,0,wk inc flu hosp,2026-01-17,quantile,0.05,63
2026-01-17,30,0,wk inc flu hosp,2026-01-17,quantile,0.1,72
2026-01-17,30,0,wk inc flu hosp,2026-01-17,quantile,0.15,78
2026-01-17,30,0,wk inc flu hosp,2026-01-17,quantile,0.2,85
2026-01-17,30,0,wk inc flu hosp,2026-01-17,quantile,0.25,88
2026-01-17,30,0,wk inc flu hosp,2026-01-17,quantile,0.3,91
2026-01-17,30,0,wk inc flu hosp,2026-01-17,quantile,0.35,94
2026-01-17,30,0,wk inc flu hosp,2026-01-17,quantile,0.4,97
2026-01-17,30,0,wk inc flu hosp,2026-01-17,quantile,0.45,101
2026-01-17,30,0,wk inc flu hosp,2026-01-17,quantile,0.5,105
2026-01-17,30,0,wk inc flu hosp,2026-01-17,quantile,0.55,112
2026-01-17,30,0,wk inc flu hosp,2026-01-17,quantile,0.6,120
2026-01-17,30,0,wk inc flu hosp,2026-01-17,quantile,0.65,129
2026-01-17,30,0,wk inc flu hosp,2026-01-17,quantile,0.7,136
2026-01-17,30,0,wk inc flu hosp,2026-01-17,quantile,0.75,142
2026-01-17,30,0,wk inc flu hosp,2026-01-17,quantile,0.8,151
2026-01-17,30,0,wk inc flu hosp,2026-01-17,quantile,0.85,158
2026-01-17,30,0,wk inc flu hosp,2026-01-17,quantile,0.9,168
2026-01-17,30,0,wk inc flu hosp,2026-01-17,quantile,0.95,183
2026-01-17,30,0,wk inc flu hosp,2026-01-17,quantile,0.975,203
2026-01-17,30,0,wk inc flu hosp,2026-01-17,quantile,0.99,224
2026-01-17,30,1,wk inc flu hosp,2026-01-24,quantile,0.01,27
2026-01-17,30,1,wk inc flu hosp,2026-01-24,quantile,0.025,35
2026-01-17,30,1,wk inc flu hosp,2026-01-24,quantile,0.05,45
2026-01-17,30,1,wk inc flu hosp,2026-01-24,quantile,0.1,53
2026-01-17,30,1,wk inc flu hosp,2026-01-24,quantile,0.15,61
2026-01-17,30,1,wk inc flu hosp,2026-01-24,quantile,0.2,70
2026-01-17,30,1,wk inc flu hosp,2026-01-24,quantile,0.25,75
2026-01-17,30,1,wk inc flu hosp,2026-01-24,quantile,0.3,81
2026-01-17,30,1,wk inc flu hosp,2026-01-24,quantile,0.35,87
2026-01-17,30,1,wk inc flu hosp,2026-01-24,quantile,0.4,93
2026-01-17,30,1,wk inc flu hosp,2026-01-24,quantile,0.45,98
2026-01-17,30,1,wk inc flu hosp,2026-01-24,quantile,0.5,104
2026-01-17,30,1,wk inc flu hosp,2026-01-24,quantile,0.55,111
2026-01-17,30,1,wk inc flu hosp,2026-01-24,quantile,0.6,119
2026-01-17,30,1,wk inc flu hosp,2026-01-24,quantile,0.65,126
2026-01-17,30,1,wk inc flu hosp,2026-01-24,quantile,0.7,134
2026-01-17,30,1,wk inc flu hosp,2026-01-24,quantile,0.75,142
2026-01-17,30,1,wk inc flu hosp,2026-01-24,quantile,0.8,150
2026-01-17,30,1,wk inc flu hosp,2026-01-24,quantile,0.85,163
2026-01-17,30,1,wk inc flu hosp,2026-01-24,quantile,0.9,178
2026-01-17,30,1,wk inc flu hosp,2026-01-24,quantile,0.95,208
2026-01-17,30,1,wk inc flu hosp,2026-01-24,quantile,0.975,232
2026-01-17,30,1,wk inc flu hosp,2026-01-24,quantile,0.99,253
2026-01-17,30,2,wk inc flu hosp,2026-01-31,quantile,0.01,20
2026-01-17,30,2,wk inc flu hosp,2026-01-31,quantile,0.025,27
2026-01-17,30,2,wk inc flu hosp,2026-01-31,quantile,0.05,36
2026-01-17,30,2,wk inc flu hosp,2026-01-31,quantile,0.1,48
2026-01-17,30,2,wk inc flu hosp,2026-01-31,quantile,0.15,59
2026-01-17,30,2,wk inc flu hosp,2026-01-31,quantile,0.2,67
2026-01-17,30,2,wk inc flu hosp,2026-01-31,quantile,0.25,74
2026-01-17,30,2,wk inc flu hosp,2026-01-31,quantile,0.3,81
2026-01-17,30,2,wk inc flu hosp,2026-01-31,quantile,0.35,88
2026-01-17,30,2,wk inc flu hosp,2026-01-31,quantile,0.4,95
2026-01-17,30,2,wk inc flu hosp,2026-01-31,quantile,0.45,100
2026-01-17,30,2,wk inc flu hosp,2026-01-31,quantile,0.5,109
2026-01-17,30,2,wk inc flu hosp,2026-01-31,quantile,0.55,117
2026-01-17,30,2,wk inc flu hosp,2026-01-31,quantile,0.6,123
2026-01-17,30,2,wk inc flu hosp,2026-01-31,quantile,0.65,126
2026-01-17,30,2,wk inc flu hosp,2026-01-31,quantile,0.7,132
2026-01-17,30,2,wk inc flu hosp,2026-01-31,quantile,0.75,140
2026-01-17,30,2,wk inc flu hosp,2026-01-31,quantile,0.8,152
2026-01-17,30,2,wk inc flu hosp,2026-01-31,quantile,0.85,162
2026-01-17,30,2,wk inc flu hosp,2026-01-31,quantile,0.9,178
2026-01-17,30,2,wk inc flu hosp,2026-01-31,quantile,0.95,208
2026-01-17,30,2,wk inc flu hosp,2026-01-31,quantile,0.975,238
2026-01-17,30,2,wk inc flu hosp,2026-01-31,quantile,0.99,270
2026-01-17,30,3,wk inc flu hosp,2026-02-07,quantile,0.01,16
2026-01-17,30,3,wk inc flu hosp,2026-02-07,quantile,0.025,20
2026-01-17,30,3,wk inc flu hosp,2026-02-07,quantile,0.05,27
2026-01-17,30,3,wk inc flu hosp,2026-02-07,quantile,0.1,38
2026-01-17,30,3,wk inc flu hosp,2026-02-07,quantile,0.15,46
2026-01-17,30,3,wk inc flu hosp,2026-02-07,quantile,0.2,55
2026-01-17,30,3,wk inc flu hosp,2026-02-07,quantile,0.25,64
2026-01-17,30,3,wk inc flu hosp,2026-02-07,quantile,0.3,72
2026-01-17,30,3,wk inc flu hosp,2026-02-07,quantile,0.35,78
2026-01-17,30,3,wk inc flu hosp,2026-02-07,quantile,0.4,84
2026-01-17,30,3,wk inc flu hosp,2026-02-07,quantile,0.45,89
2026-01-17,30,3,wk inc flu hosp,2026-02-07,quantile,0.5,97
2026-01-17,30,3,wk inc flu hosp,2026-02-07,quantile,0.55,102
2026-01-17,30,3,wk inc flu hosp,2026-02-07,quantile,0.6,110
2026-01-17,30,3,wk inc flu hosp,2026-02-07,quantile,0.65,119
2026-01-17,30,3,wk inc flu hosp,2026-02-07,quantile,0.7,130
2026-01-17,30,3,wk inc flu hosp,2026-02-07,quantile,0.75,142
2026-01-17,30,3,wk inc flu hosp,2026-02-07,quantile,0.8,151
2026-01-17,30,3,wk inc flu hosp,2026-02-07,quantile,0.85,164
2026-01-17,30,3,wk inc flu hosp,2026-02-07,quantile,0.9,181
2026-01-17,30,3,wk inc flu hosp,2026-02-07,quantile,0.95,211
2026-01-17,30,3,wk inc flu hosp,2026-02-07,quantile,0.975,240
2026-01-17,30,3,wk inc flu hosp,2026-02-07,quantile,0.99,282
2026-01-17,31,0,wk inc flu hosp,2026-01-17,quantile,0.01,51
2026-01-17,31,0,wk inc flu hosp,2026-01-17,quantile,0.025,57
2026-01-17,31,0,wk inc flu hosp,2026-01-17,quantile,0.05,70
2026-01-17,31,0,wk inc flu hosp,2026-01-17,quantile,0.1,85
2026-01-17,31,0,wk inc flu hosp,2026-01-17,quantile,0.15,91
2026-01-17,31,0,wk inc flu hosp,2026-01-17,quantile,0.2,100
2026-01-17,31,0,wk inc flu hosp,2026-01-17,quantile,0.25,109
2026-01-17,31,0,wk inc flu hosp,2026-01-17,quantile,0.3,115
2026-01-17,31,0,wk inc flu hosp,2026-01-17,quantile,0.35,120
2026-01-17,31,0,wk inc flu hosp,2026-01-17,quantile,0.4,127
2026-01-17,31,0,wk inc flu hosp,2026-01-17,quantile,0.45,133
2026-01-17,31,0,wk inc flu hosp,2026-01-17,quantile,0.5,136
2026-01-17,31,0,wk inc flu hosp,2026-01-17,quantile,0.55,140
2026-01-17,31,0,wk inc flu hosp,2026-01-17,quantile,0.6,151
2026-01-17,31,0,wk inc flu hosp,2026-01-17,quantile,0.65,154
2026-01-17,31,0,wk inc flu hosp,2026-01-17,quantile,0.7,165
2026-01-17,31,0,wk inc flu hosp,2026-01-17,quantile,0.75,172
2026-01-17,31,0,wk inc flu hosp,2026-01-17,quantile,0.8,185
2026-01-17,31,0,wk inc flu hosp,2026-01-17,quantile,0.85,196
2026-01-17,31,0,wk inc flu hosp,2026-01-17,quantile,0.9,210
2026-01-17,31,0,wk inc flu hosp,2026-01-17,quantile,0.95,236
2026-01-17,31,0,wk inc flu hosp,2026-01-17,quantile,0.975,261
2026-01-17,31,0,wk inc flu hosp,2026-01-17,quantile,0.99,287
2026-01-17,31,1,wk inc flu hosp,2026-01-24,quantile,0.01,33
2026-01-17,31,1,wk inc flu hosp,2026-01-24,quantile,0.025,45
2026-01-17,31,1,wk inc flu hosp,2026-01-24,quantile,0.05,51
2026-01-17,31,1,wk inc flu hosp,2026-01-24,quantile,0.1,66
2026-01-17,31,1,wk inc flu hosp,2026-01-24,quantile,0.15,76
2026-01-17,31,1,wk inc flu hosp,2026-01-24,quantile,0.2,86
2026-01-17,31,1,wk inc flu hosp,2026-01-24,quantile,0.25,97
2026-01-17,31,1,wk inc flu hosp,2026-01-24,quantile,0.3,102
2026-01-17,31,1,wk inc flu hosp,2026-01-24,quantile,0.35,108
2026-01-17,31,1,wk inc flu hosp,2026-01-24,quantile,0.4,120
2026-01-17,31,1,wk inc flu hosp,2026-01-24,quantile,0.45,130
2026-01-17,31,1,wk inc flu hosp,2026-01-24,quantile,0.5,137
2026-01-17,31,1,wk inc flu hosp,2026-01-24,quantile,0.55,142
2026-01-17,31,1,wk inc flu hosp,2026-01-24,quantile,0.6,154
2026-01-17,31,1,wk inc flu hosp,2026-01-24,quantile,0.65,169
2026-01-17,31,1,wk inc flu hosp,2026-01-24,quantile,0.7,175
2026-01-17,31,1,wk inc flu hosp,2026-01-24,quantile,0.75,184
2026-01-17,31,1,wk inc flu hosp,2026-01-24,quantile,0.8,194
2026-01-17,31,1,wk inc flu hosp,2026-01-24,quantile,0.85,208
2026-01-17,31,1,wk inc flu hosp,2026-01-24,quantile,0.9,232
2026-01-17,31,1,wk inc flu hosp,2026-01-24,quantile,0.95,271
2026-01-17,31,1,wk inc flu hosp,2026-01-24,quantile,0.975,301
2026-01-17,31,1,wk inc flu hosp,2026-01-24,quantile,0.99,329
2026-01-17,31,2,wk inc flu hosp,2026-01-31,quantile,0.01,29
2026-01-17,31,2,wk inc flu hosp,2026-01-31,quantile,0.025,36
2026-01-17,31,2,wk inc flu hosp,2026-01-31,quantile,0.05,43
2026-01-17,31,2,wk inc flu hosp,2026-01-31,quantile,0.1,58
2026-01-17,31,2,wk inc flu hosp,2026-01-31,quantile,0.15,72
2026-01-17,31,2,wk inc flu hosp,2026-01-31,quantile,0.2,81
2026-01-17,31,2,wk inc flu hosp,2026-01-31,quantile,0.25,94
2026-01-17,31,2,wk inc flu hosp,2026-01-31,quantile,0.3,100
2026-01-17,31,2,wk inc flu hosp,2026-01-31,quantile,0.35,107
2026-01-17,31,2,wk inc flu hosp,2026-01-31,quantile,0.4,117
2026-01-17,31,2,wk inc flu hosp,2026-01-31,quantile,0.45,126
2026-01-17,31,2,wk inc flu hosp,2026-01-31,quantile,0.5,137
2026-01-17,31,2,wk inc flu hosp,2026-01-31,quantile,0.55,149
2026-01-17,31,2,wk inc flu hosp,2026-01-31,quantile,0.6,162
2026-01-17,31,2,wk inc flu hosp,2026-01-31,quantile,0.65,171
2026-01-17,31,2,wk inc flu hosp,2026-01-31,quantile,0.7,179
2026-01-17,31,2,wk inc flu hosp,2026-01-31,quantile,0.75,191
2026-01-17,31,2,wk inc flu hosp,2026-01-31,quantile,0.8,210
2026-01-17,31,2,wk inc flu hosp,2026-01-31,quantile,0.85,237
2026-01-17,31,2,wk inc flu hosp,2026-01-31,quantile,0.9,259
2026-01-17,31,2,wk inc flu hosp,2026-01-31,quantile,0.95,295
2026-01-17,31,2,wk inc flu hosp,2026-01-31,quantile,0.975,335
2026-01-17,31,2,wk inc flu hosp,2026-01-31,quantile,0.99,367
2026-01-17,31,3,wk inc flu hosp,2026-02-07,quantile,0.01,25
2026-01-17,31,3,wk inc flu hosp,2026-02-07,quantile,0.025,31
2026-01-17,31,3,wk inc flu hosp,2026-02-07,quantile,0.05,40
2026-01-17,31,3,wk inc flu hosp,2026-02-07,quantile,0.1,54
2026-01-17,31,3,wk inc flu hosp,2026-02-07,quantile,0.15,61
2026-01-17,31,3,wk inc flu hosp,2026-02-07,quantile,0.2,70
2026-01-17,31,3,wk inc flu hosp,2026-02-07,quantile,0.25,86
2026-01-17,31,3,wk inc flu hosp,2026-02-07,quantile,0.3,94
2026-01-17,31,3,wk inc flu hosp,2026-02-07,quantile,0.35,100
2026-01-17,31,3,wk inc flu hosp,2026-02-07,quantile,0.4,107
2026-01-17,31,3,wk inc flu hosp,2026-02-07,quantile,0.45,115
2026-01-17,31,3,wk inc flu hosp,2026-02-07,quantile,0.5,125
2026-01-17,31,3,wk inc flu hosp,2026-02-07,quantile,0.55,137
2026-01-17,31,3,wk inc flu hosp,2026-02-07,quantile,0.6,146
2026-01-17,31,3,wk inc flu hosp,2026-02-07,quantile,0.65,161
2026-01-17,31,3,wk inc flu hosp,2026-02-07,quantile,0.7,171
2026-01-17,31,3,wk inc flu hosp,2026-02-07,quantile,0.75,184
2026-01-17,31,3,wk inc flu hosp,2026-02-07,quantile,0.8,200
2026-01-17,31,3,wk inc flu hosp,2026-02-07,quantile,0.85,224
2026-01-17,31,3,wk inc flu hosp,2026-02-07,quantile,0.9,259
2026-01-17,31,3,wk inc flu hosp,2026-02-07,quantile,0.95,318
2026-01-17,31,3,wk inc flu hosp,2026-02-07,quantile,0.975,361
2026-01-17,31,3,wk inc flu hosp,2026-02-07,quantile,0.99,409
2026-01-17,32,0,wk inc flu hosp,2026-01-17,quantile,0.01,49
2026-01-17,32,0,wk inc flu hosp,2026-01-17,quantile,0.025,56
2026-01-17,32,0,wk inc flu hosp,2026-01-17,quantile,0.05,64
2026-01-17,32,0,wk inc flu hosp,2026-01-17,quantile,0.1,71
2026-01-17,32,0,wk inc flu hosp,2026-01-17,quantile,0.15,82
2026-01-17,32,0,wk inc flu hosp,2026-01-17,quantile,0.2,87
2026-01-17,32,0,wk inc flu hosp,2026-01-17,quantile,0.25,92
2026-01-17,32,0,wk inc flu hosp,2026-01-17,quantile,0.3,98
2026-01-17,32,0,wk inc flu hosp,2026-01-17,quantile,0.35,102
2026-01-17,32,0,wk inc flu hosp,2026-01-17,quantile,0.4,107
2026-01-17,32,0,wk inc flu hosp,2026-01-17,quantile,0.45,116
2026-01-17,32,0,wk inc flu hosp,2026-01-17,quantile,0.5,129
2026-01-17,32,0,wk inc flu hosp,2026-01-17,quantile,0.55,139
2026-01-17,32,0,wk inc flu hosp,2026-01-17,quantile,0.6,146
2026-01-17,32,0,wk inc flu hosp,2026-01-17,quantile,0.65,153
2026-01-17,32,0,wk inc flu hosp,2026-01-17,quantile,0.7,159
2026-01-17,32,0,wk inc flu hosp,2026-01-17,quantile,0.75,166
2026-01-17,32,0,wk inc flu hosp,2026-01-17,quantile,0.8,176
2026-01-17,32,0,wk inc flu hosp,2026-01-17,quantile,0.85,187
2026-01-17,32,0,wk inc flu hosp,2026-01-17,quantile,0.9,203
2026-01-17,32,0,wk inc flu hosp,2026-01-17,quantile,0.95,224
2026-01-17,32,0,wk inc flu hosp,2026-01-17,quantile,0.975,241
2026-01-17,32,0,wk inc flu hosp,2026-01-17,quantile,0.99,260
2026-01-17,32,1,wk inc flu hosp,2026-01-24,quantile,0.01,25
2026-01-17,32,1,wk inc flu hosp,2026-01-24,quantile,0.025,35
2026-01-17,32,1,wk inc flu hosp,2026-01-24,quantile,0.05,44
2026-01-17,32,1,wk inc flu hosp,2026-01-24,quantile,0.1,51
2026-01-17,32,1,wk inc flu hosp,2026-01-24,quantile,0.15,63
2026-01-17,32,1,wk inc flu hosp,2026-01-24,quantile,0.2,72
2026-01-17,32,1,wk inc flu hosp,2026-01-24,quantile,0.25,82
2026-01-17,32,1,wk inc flu hosp,2026-01-24,quantile,0.3,90
2026-01-17,32,1,wk inc flu hosp,2026-01-24,quantile,0.35,96
2026-01-17,32,1,wk inc flu hosp,2026-01-24,quantile,0.4,102
2026-01-17,32,1,wk inc flu hosp,2026-01-24,quantile,0.45,109
2026-01-17,32,1,wk inc flu hosp,2026-01-24,quantile,0.5,116
2026-01-17,32,1,wk inc flu hosp,2026-01-24,quantile,0.55,127
2026-01-17,32,1,wk inc flu hosp,2026-01-24,quantile,0.6,136
2026-01-17,32,1,wk inc flu hosp,2026-01-24,quantile,0.65,143
2026-01-17,32,1,wk inc flu hosp,2026-01-24,quantile,0.7,153
2026-01-17,32,1,wk inc flu hosp,2026-01-24,quantile,0.75,162
2026-01-17,32,1,wk inc flu hosp,2026-01-24,quantile,0.8,175
2026-01-17,32,1,wk inc flu hosp,2026-01-24,quantile,0.85,194
2026-01-17,32,1,wk inc flu hosp,2026-01-24,quantile,0.9,215
2026-01-17,32,1,wk inc flu hosp,2026-01-24,quantile,0.95,252
2026-01-17,32,1,wk inc flu hosp,2026-01-24,quantile,0.975,292
2026-01-17,32,1,wk inc flu hosp,2026-01-24,quantile,0.99,325
2026-01-17,32,2,wk inc flu hosp,2026-01-31,quantile,0.01,13
2026-01-17,32,2,wk inc flu hosp,2026-01-31,quantile,0.025,25
2026-01-17,32,2,wk inc flu hosp,2026-01-31,quantile,0.05,33
2026-01-17,32,2,wk inc flu hosp,2026-01-31,quantile,0.1,43
2026-01-17,32,2,wk inc flu hosp,2026-01-31,quantile,0.15,52
2026-01-17,32,2,wk inc flu hosp,2026-01-31,quantile,0.2,60
2026-01-17,32,2,wk inc flu hosp,2026-01-31,quantile,0.25,73
2026-01-17,32,2,wk inc flu hosp,2026-01-31,quantile,0.3,82
2026-01-17,32,2,wk inc flu hosp,2026-01-31,quantile,0.35,88
2026-01-17,32,2,wk inc flu hosp,2026-01-31,quantile,0.4,93
2026-01-17,32,2,wk inc flu hosp,2026-01-31,quantile,0.45,100
2026-01-17,32,2,wk inc flu hosp,2026-01-31,quantile,0.5,107
2026-01-17,32,2,wk inc flu hosp,2026-01-31,quantile,0.55,118
2026-01-17,32,2,wk inc flu hosp,2026-01-31,quantile,0.6,126
2026-01-17,32,2,wk inc flu hosp,2026-01-31,quantile,0.65,138
2026-01-17,32,2,wk inc flu hosp,2026-01-31,quantile,0.7,147
2026-01-17,32,2,wk inc flu hosp,2026-01-31,quantile,0.75,164
2026-01-17,32,2,wk inc flu hosp,2026-01-31,quantile,0.8,176
2026-01-17,32,2,wk inc flu hosp,2026-01-31,quantile,0.85,191
2026-01-17,32,2,wk inc flu hosp,2026-01-31,quantile,0.9,215
2026-01-17,32,2,wk inc flu hosp,2026-01-31,quantile,0.95,277
2026-01-17,32,2,wk inc flu hosp,2026-01-31,quantile,0.975,324
2026-01-17,32,2,wk inc flu hosp,2026-01-31,quantile,0.99,377
2026-01-17,32,3,wk inc flu hosp,2026-02-07,quantile,0.01,10
2026-01-17,32,3,wk inc flu hosp,2026-02-07,quantile,0.025,22
2026-01-17,32,3,wk inc flu hosp,2026-02-07,quantile,0.05,28
2026-01-17,32,3,wk inc flu hosp,2026-02-07,quantile,0.1,37
2026-01-17,32,3,wk inc flu hosp,2026-02-07,quantile,0.15,44
2026-01-17,32,3,wk inc flu hosp,2026-02-07,quantile,0.2,50
2026-01-17,32,3,wk inc flu hosp,2026-02-07,quantile,0.25,64
2026-01-17,32,3,wk inc flu hosp,2026-02-07,quantile,0.3,71
2026-01-17,32,3,wk inc flu hosp,2026-02-07,quantile,0.35,78
2026-01-17,32,3,wk inc flu hosp,2026-02-07,quantile,0.4,92
2026-01-17,32,3,wk inc flu hosp,2026-02-07,quantile,0.45,97
2026-01-17,32,3,wk inc flu hosp,2026-02-07,quantile,0.5,107
2026-01-17,32,3,wk inc flu hosp,2026-02-07,quantile,0.55,116
2026-01-17,32,3,wk inc flu hosp,2026-02-07,quantile,0.6,124
2026-01-17,32,3,wk inc flu hosp,2026-02-07,quantile,0.65,134
2026-01-17,32,3,wk inc flu hosp,2026-02-07,quantile,0.7,146
2026-01-17,32,3,wk inc flu hosp,2026-02-07,quantile,0.75,159
2026-01-17,32,3,wk inc flu hosp,2026-02-07,quantile,0.8,175
2026-01-17,32,3,wk inc flu hosp,2026-02-07,quantile,0.85,194
2026-01-17,32,3,wk inc flu hosp,2026-02-07,quantile,0.9,226
2026-01-17,32,3,wk inc flu hosp,2026-02-07,quantile,0.95,282
2026-01-17,32,3,wk inc flu hosp,2026-02-07,quantile,0.975,331
2026-01-17,32,3,wk inc flu hosp,2026-02-07,quantile,0.99,403
2026-01-17,33,0,wk inc flu hosp,2026-01-17,quantile,0.01,84
2026-01-17,33,0,wk inc flu hosp,2026-01-17,quantile,0.025,102
2026-01-17,33,0,wk inc flu hosp,2026-01-17,quantile,0.05,111
2026-01-17,33,0,wk inc flu hosp,2026-01-17,quantile,0.1,121
2026-01-17,33,0,wk inc flu hosp,2026-01-17,quantile,0.15,129
2026-01-17,33,0,wk inc flu hosp,2026-01-17,quantile,0.2,136
2026-01-17,33,0,wk inc flu hosp,2026-01-17,quantile,0.25,144
2026-01-17,33,0,wk inc flu hosp,2026-01-17,quantile,0.3,154
2026-01-17,33,0,wk inc flu hosp,2026-01-17,quantile,0.35,166
2026-01-17,33,0,wk inc flu hosp,2026-01-17,quantile,0.4,170
2026-01-17,33,0,wk inc flu hosp,2026-01-17,quantile,0.45,174
2026-01-17,33,0,wk inc flu hosp,2026-01-17,quantile,0.5,180
2026-01-17,33,0,wk inc flu hosp,2026-01-17,quantile,0.55,182
2026-01-17,33,0,wk inc flu hosp,2026-01-17,quantile,0.6,185
2026-01-17,33,0,wk inc flu hosp,2026-01-17,quantile,0.65,191
2026-01-17,33,0,wk inc flu hosp,2026-01-17,quantile,0.7,200
2026-01-17,33,0,wk inc flu hosp,2026-01-17,quantile,0.75,210
2026-01-17,33,0,wk inc flu hosp,2026-01-17,quantile,0.8,219
2026-01-17,33,0,wk inc flu hosp,2026-01-17,quantile,0.85,229
2026-01-17,33,0,wk inc flu hosp,2026-01-17,quantile,0.9,249
2026-01-17,33,0,wk inc flu hosp,2026-01-17,quantile,0.95,267
2026-01-17,33,0,wk inc flu hosp,2026-01-17,quantile,0.975,293
2026-01-17,33,0,wk inc flu hosp,2026-01-17,quantile,0.99,328
2026-01-17,33,1,wk inc flu hosp,2026-01-24,quantile,0.01,40
2026-01-17,33,1,wk inc flu hosp,2026-01-24,quantile,0.025,53
2026-01-17,33,1,wk inc flu hosp,2026-01-24,quantile,0.05,68
2026-01-17,33,1,wk inc flu hosp,2026-01-24,quantile,0.1,84
2026-01-17,33,1,wk inc flu hosp,2026-01-24,quantile,0.15,97
2026-01-17,33,1,wk inc flu hosp,2026-01-24,quantile,0.2,105
2026-01-17,33,1,wk inc flu hosp,2026-01-24,quantile,0.25,112
2026-01-17,33,1,wk inc flu hosp,2026-01-24,quantile,0.3,122
2026-01-17,33,1,wk inc flu hosp,2026-01-24,quantile,0.35,132
2026-01-17,33,1,wk inc flu hosp,2026-01-24,quantile,0.4,143
2026-01-17,33,1,wk inc flu hosp,2026-01-24,quantile,0.45,151
2026-01-17,33,1,wk inc flu hosp,2026-01-24,quantile,0.5,160
2026-01-17,33,1,wk inc flu hosp,2026-01-24,quantile,0.55,165
2026-01-17,33,1,wk inc flu hosp,2026-01-24,quantile,0.6,168
2026-01-17,33,1,wk inc flu hosp,2026-01-24,quantile,0.65,178
2026-01-17,33,1,wk inc flu hosp,2026-01-24,quantile,0.7,184
2026-01-17,33,1,wk inc flu hosp,2026-01-24,quantile,0.75,192
2026-01-17,33,1,wk inc flu hosp,2026-01-24,quantile,0.8,216
2026-01-17,33,1,wk inc flu hosp,2026-01-24,quantile,0.85,219
2026-01-17,33,1,wk inc flu hosp,2026-01-24,quantile,0.9,243
2026-01-17,33,1,wk inc flu hosp,2026-01-24,quantile,0.95,273
2026-01-17,33,1,wk inc flu hosp,2026-01-24,quantile,0.975,305
2026-01-17,33,1,wk inc flu hosp,2026-01-24,quantile,0.99,344
2026-01-17,33,2,wk inc flu hosp,2026-01-31,quantile,0.01,29
2026-01-17,33,2,wk inc flu hosp,2026-01-31,quantile,0.025,41
2026-01-17,33,2,wk inc flu hosp,2026-01-31,quantile,0.05,48
2026-01-17,33,2,wk inc flu hosp,2026-01-31,quantile,0.1,60
2026-01-17,33,2,wk inc flu hosp,2026-01-31,quantile,0.15,76
2026-01-17,33,2,wk inc flu hosp,2026-01-31,quantile,0.2,88
2026-01-17,33,2,wk inc flu hosp,2026-01-31,quantile,0.25,100
2026-01-17,33,2,wk inc flu hosp,2026-01-31,quantile,0.3,105
2026-01-17,33,2,wk inc flu hosp,2026-01-31,quantile,0.35,109
2026-01-17,33,2,wk inc flu hosp,2026-01-31,quantile,0.4,112
2026-01-17,33,2,wk inc flu hosp,2026-01-31,quantile,0.45,123
2026-01-17,33,2,wk inc flu hosp,2026-01-31,quantile,0.5,135
2026-01-17,33,2,wk inc flu hosp,2026-01-31,quantile,0.55,136
2026-01-17,33,2,wk inc flu hosp,2026-01-31,quantile,0.6,146
2026-01-17,33,2,wk inc flu hosp,2026-01-31,quantile,0.65,165
2026-01-17,33,2,wk inc flu hosp,2026-01-31,quantile,0.7,178
2026-01-17,33,2,wk inc flu hosp,2026-01-31,quantile,0.75,192
2026-01-17,33,2,wk inc flu hosp,2026-01-31,quantile,0.8,213
2026-01-17,33,2,wk inc flu hosp,2026-01-31,quantile,0.85,227
2026-01-17,33,2,wk inc flu hosp,2026-01-31,quantile,0.9,245
2026-01-17,33,2,wk inc flu hosp,2026-01-31,quantile,0.95,281
2026-01-17,33,2,wk inc flu hosp,2026-01-31,quantile,0.975,308
2026-01-17,33,2,wk inc flu hosp,2026-01-31,quantile,0.99,355
2026-01-17,33,3,wk inc flu hosp,2026-02-07,quantile,0.01,24
2026-01-17,33,3,wk inc flu hosp,2026-02-07,quantile,0.025,29
2026-01-17,33,3,wk inc flu hosp,2026-02-07,quantile,0.05,35
2026-01-17,33,3,wk inc flu hosp,2026-02-07,quantile,0.1,52
2026-01-17,33,3,wk inc flu hosp,2026-02-07,quantile,0.15,62
2026-01-17,33,3,wk inc flu hosp,2026-02-07,quantile,0.2,70
2026-01-17,33,3,wk inc flu hosp,2026-02-07,quantile,0.25,82
2026-01-17,33,3,wk inc flu hosp,2026-02-07,quantile,0.3,87
2026-01-17,33,3,wk inc flu hosp,2026-02-07,quantile,0.35,91
2026-01-17,33,3,wk inc flu hosp,2026-02-07,quantile,0.4,98
2026-01-17,33,3,wk inc flu hosp,2026-02-07,quantile,0.45,106
2026-01-17,33,3,wk inc flu hosp,2026-02-07,quantile,0.5,114
2026-01-17,33,3,wk inc flu hosp,2026-02-07,quantile,0.55,131
2026-01-17,33,3,wk inc flu hosp,2026-02-07,quantile,0.6,136
2026-01-17,33,3,wk inc flu hosp,2026-02-07,quantile,0.65,146
2026-01-17,33,3,wk inc flu hosp,2026-02-07,quantile,0.7,162
2026-01-17,33,3,wk inc flu hosp,2026-02-07,quantile,0.75,168
2026-01-17,33,3,wk inc flu hosp,2026-02-07,quantile,0.8,188
2026-01-17,33,3,wk inc flu hosp,2026-02-07,quantile,0.85,217
2026-01-17,33,3,wk inc flu hosp,2026-02-07,quantile,0.9,237
2026-01-17,33,3,wk inc flu hosp,2026-02-07,quantile,0.95,257
2026-01-17,33,3,wk inc flu hosp,2026-02-07,quantile,0.975,306
2026-01-17,33,3,wk inc flu hosp,2026-02-07,quantile,0.99,342
2026-01-17,34,0,wk inc flu hosp,2026-01-17,quantile,0.01,424
2026-01-17,34,0,wk inc flu hosp,2026-01-17,quantile,0.025,482
2026-01-17,34,0,wk inc flu hosp,2026-01-17,quantile,0.05,580
2026-01-17,34,0,wk inc flu hosp,2026-01-17,quantile,0.1,695
2026-01-17,34,0,wk inc flu hosp,2026-01-17,quantile,0.15,742
2026-01-17,34,0,wk inc flu hosp,2026-01-17,quantile,0.2,783
2026-01-17,34,0,wk inc flu hosp,2026-01-17,quantile,0.25,828
2026-01-17,34,0,wk inc flu hosp,2026-01-17,quantile,0.3,888
2026-01-17,34,0,wk inc flu hosp,2026-01-17,quantile,0.35,920
2026-01-17,34,0,wk inc flu hosp,2026-01-17,quantile,0.4,956
2026-01-17,34,0,wk inc flu hosp,2026-01-17,quantile,0.45,1000
2026-01-17,34,0,wk inc flu hosp,2026-01-17,quantile,0.5,1029
2026-01-17,34,0,wk inc flu hosp,2026-01-17,quantile,0.55,1052
2026-01-17,34,0,wk inc flu hosp,2026-01-17,quantile,0.6,1075
2026-01-17,34,0,wk inc flu hosp,2026-01-17,quantile,0.65,1105
2026-01-17,34,0,wk inc flu hosp,2026-01-17,quantile,0.7,1137
2026-01-17,34,0,wk inc flu hosp,2026-01-17,quantile,0.75,1159
2026-01-17,34,0,wk inc flu hosp,2026-01-17,quantile,0.8,1212
2026-01-17,34,0,wk inc flu hosp,2026-01-17,quantile,0.85,1277
2026-01-17,34,0,wk inc flu hosp,2026-01-17,quantile,0.9,1357
2026-01-17,34,0,wk inc flu hosp,2026-01-17,quantile,0.95,1497
2026-01-17,34,0,wk inc flu hosp,2026-01-17,quantile,0.975,1598
2026-01-17,34,0,wk inc flu hosp,2026-01-17,quantile,0.99,1724
2026-01-17,34,1,wk inc flu hosp,2026-01-24,quantile,0.01,330
2026-01-17,34,1,wk inc flu hosp,2026-01-24,quantile,0.025,358
2026-01-17,34,1,wk inc flu hosp,2026-01-24,quantile,0.05,420
2026-01-17,34,1,wk inc flu hosp,2026-01-24,quantile,0.1,519
2026-01-17,34,1,wk inc flu hosp,2026-01-24,quantile,0.15,610
2026-01-17,34,1,wk inc flu hosp,2026-01-24,quantile,0.2,654
2026-01-17,34,1,wk inc flu hosp,2026-01-24,quantile,0.25,711
2026-01-17,34,1,wk inc flu hosp,2026-01-24,quantile,0.3,735
2026-01-17,34,1,wk inc flu hosp,2026-01-24,quantile,0.35,758
2026-01-17,34,1,wk inc flu hosp,2026-01-24,quantile,0.4,790
2026-01-17,34,1,wk inc flu hosp,2026-01-24,quantile,0.45,833
2026-01-17,34,1,wk inc flu hosp,2026-01-24,quantile,0.5,894
2026-01-17,34,1,wk inc flu hosp,2026-01-24,quantile,0.55,953
2026-01-17,34,1,wk inc flu hosp,2026-01-24,quantile,0.6,1003
2026-01-17,34,1,wk inc flu hosp,2026-01-24,quantile,0.65,1039
2026-01-17,34,1,wk inc flu hosp,2026-01-24,quantile,0.7,1080
2026-01-17,34,1,wk inc flu hosp,2026-01-24,quantile,0.75,1143
2026-01-17,34,1,wk inc flu hosp,2026-01-24,quantile,0.8,1207
2026-01-17,34,1,wk inc flu hosp,2026-01-24,quantile,0.85,1304
2026-01-17,34,1,wk inc flu hosp,2026-01-24,quantile,0.9,1452
2026-01-17,34,1,wk inc flu hosp,2026-01-24,quantile,0.95,1634
2026-01-17,34,1,wk inc flu hosp,2026-01-24,quantile,0.975,1759
2026-01-17,34,1,wk inc flu hosp,2026-01-24,quantile,0.99,1956
2026-01-17,34,2,wk inc flu hosp,2026-01-31,quantile,0.01,210
2026-01-17,34,2,wk inc flu hosp,2026-01-31,quantile,0.025,276
2026-01-17,34,2,wk inc flu hosp,2026-01-31,quantile,0.05,315
2026-01-17,34,2,wk inc flu hosp,2026-01-31,quantile,0.1,386
2026-01-17,34,2,wk inc flu hosp,2026-01-31,quantile,0.15,458
2026-01-17,34,2,wk inc flu hosp,2026-01-31,quantile,0.2,544
2026-01-17,34,2,wk inc flu hosp,2026-01-31,quantile,0.25,606
2026-01-17,34,2,wk inc flu hosp,2026-01-31,quantile,0.3,669
2026-01-17,34,2,wk inc flu hosp,2026-01-31,quantile,0.35,703
2026-01-17,34,2,wk inc flu hosp,2026-01-31,quantile,0.4,738
2026-01-17,34,2,wk inc flu hosp,2026-01-31,quantile,0.45,772
2026-01-17,34,2,wk inc flu hosp,2026-01-31,quantile,0.5,808
2026-01-17,34,2,wk inc flu hosp,2026-01-31,quantile,0.55,848
2026-01-17,34,2,wk inc flu hosp,2026-01-31,quantile,0.6,935
2026-01-17,34,2,wk inc flu hosp,2026-01-31,quantile,0.65,993
2026-01-17,34,2,wk inc flu hosp,2026-01-31,quantile,0.7,1062
2026-01-17,34,2,wk inc flu hosp,2026-01-31,quantile,0.75,1136
2026-01-17,34,2,wk inc flu hosp,2026-01-31,quantile,0.8,1235
2026-01-17,34,2,wk inc flu hosp,2026-01-31,quantile,0.85,1375
2026-01-17,34,2,wk inc flu hosp,2026-01-31,quantile,0.9,1565
2026-01-17,34,2,wk inc flu hosp,2026-01-31,quantile,0.95,1725
2026-01-17,34,2,wk inc flu hosp,2026-01-31,quantile,0.975,1984
2026-01-17,34,2,wk inc flu hosp,2026-01-31,quantile,0.99,2432
2026-01-17,34,3,wk inc flu hosp,2026-02-07,quantile,0.01,190
2026-01-17,34,3,wk inc flu hosp,2026-02-07,quantile,0.025,231
2026-01-17,34,3,wk inc flu hosp,2026-02-07,quantile,0.05,273
2026-01-17,34,3,wk inc flu hosp,2026-02-07,quantile,0.1,337
2026-01-17,34,3,wk inc flu hosp,2026-02-07,quantile,0.15,403
2026-01-17,34,3,wk inc flu hosp,2026-02-07,quantile,0.2,465
2026-01-17,34,3,wk inc flu hosp,2026-02-07,quantile,0.25,519
2026-01-17,34,3,wk inc flu hosp,2026-02-07,quantile,0.3,572
2026-01-17,34,3,wk inc flu hosp,2026-02-07,quantile,0.35,630
2026-01-17,34,3,wk inc flu hosp,2026-02-07,quantile,0.4,690
2026-01-17,34,3,wk inc flu hosp,2026-02-07,quantile,0.45,747
2026-01-17,34,3,wk inc flu hosp,2026-02-07,quantile,0.5,819
2026-01-17,34,3,wk inc flu hosp,2026-02-07,quantile,0.55,887
2026-01-17,34,3,wk inc flu hosp,2026-02-07,quantile,0.6,913
2026-01-17,34,3,wk inc flu hosp,2026-02-07,quantile,0.65,969
2026-01-17,34,3,wk inc flu hosp,2026-02-07,quantile,0.7,1050
2026-01-17,34,3,wk inc flu hosp,2026-02-07,quantile,0.75,1148
2026-01-17,34,3,wk inc flu hosp,2026-02-07,quantile,0.8,1236
2026-01-17,34,3,wk inc flu hosp,2026-02-07,quantile,0.85,1380
2026-01-17,34,3,wk inc flu hosp,2026-02-07,quantile,0.9,1526
2026-01-17,34,3,wk inc flu hosp,2026-02-07,quantile,0.95,1675
2026-01-17,34,3,wk inc flu hosp,2026-02-07,quantile,0.975,1990
2026-01-17,34,3,wk inc flu hosp,2026-02-07,quantile,0.99,2352
2026-01-17,35,0,wk inc flu hosp,2026-01-17,quantile,0.01,75
2026-01-17,35,0,wk inc flu hosp,2026-01-17,quantile,0.025,92
2026-01-17,35,0,wk inc flu hosp,2026-01-17,quantile,0.05,105
2026-01-17,35,0,wk inc flu hosp,2026-01-17,quantile,0.1,122
2026-01-17,35,0,wk inc flu hosp,2026-01-17,quantile,0.15,134
2026-01-17,35,0,wk inc flu hosp,2026-01-17,quantile,0.2,150
2026-01-17,35,0,wk inc flu hosp,2026-01-17,quantile,0.25,159
2026-01-17,35,0,wk inc flu hosp,2026-01-17,quantile,0.3,168
2026-01-17,35,0,wk inc flu hosp,2026-01-17,quantile,0.35,176
2026-01-17,35,0,wk inc flu hosp,2026-01-17,quantile,0.4,179
2026-01-17,35,0,wk inc flu hosp,2026-01-17,quantile,0.45,189
2026-01-17,35,0,wk inc flu hosp,2026-01-17,quantile,0.5,203
2026-01-17,35,0,wk inc flu hosp,2026-01-17,quantile,0.55,210
2026-01-17,35,0,wk inc flu hosp,2026-01-17,quantile,0.6,220
2026-01-17,35,0,wk inc flu hosp,2026-01-17,quantile,0.65,230
2026-01-17,35,0,wk inc flu hosp,2026-01-17,quantile,0.7,239
2026-01-17,35,0,wk inc flu hosp,2026-01-17,quantile,0.75,248
2026-01-17,35,0,wk inc flu hosp,2026-01-17,quantile,0.8,259
2026-01-17,35,0,wk inc flu hosp,2026-01-17,quantile,0.85,268
2026-01-17,35,0,wk inc flu hosp,2026-01-17,quantile,0.9,292
2026-01-17,35,0,wk inc flu hosp,2026-01-17,quantile,0.95,306
2026-01-17,35,0,wk inc flu hosp,2026-01-17,quantile,0.975,340
2026-01-17,35,0,wk inc flu hosp,2026-01-17,quantile,0.99,364
2026-01-17,35,1,wk inc flu hosp,2026-01-24,quantile,0.01,40
2026-01-17,35,1,wk inc flu hosp,2026-01-24,quantile,0.025,56
2026-01-17,35,1,wk inc flu hosp,2026-01-24,quantile,0.05,72
2026-01-17,35,1,wk inc flu hosp,2026-01-24,quantile,0.1,93
2026-01-17,35,1,wk inc flu hosp,2026-01-24,quantile,0.15,106
2026-01-17,35,1,wk inc flu hosp,2026-01-24,quantile,0.2,119
2026-01-17,35,1,wk inc flu hosp,2026-01-24,quantile,0.25,129
2026-01-17,35,1,wk inc flu hosp,2026-01-24,quantile,0.3,138
2026-01-17,35,1,wk inc flu hosp,2026-01-24,quantile,0.35,146
2026-01-17,35,1,wk inc flu hosp,2026-01-24,quantile,0.4,156
2026-01-17,35,1,wk inc flu hosp,2026-01-24,quantile,0.45,163
2026-01-17,35,1,wk inc flu hosp,2026-01-24,quantile,0.5,170
2026-01-17,35,1,wk inc flu hosp,2026-01-24,quantile,0.55,179
2026-01-17,35,1,wk inc flu hosp,2026-01-24,quantile,0.6,189
2026-01-17,35,1,wk inc flu hosp,2026-01-24,quantile,0.65,203
2026-01-17,35,1,wk inc flu hosp,2026-01-24,quantile,0.7,210
2026-01-17,35,1,wk inc flu hosp,2026-01-24,quantile,0.75,224
2026-01-17,35,1,wk inc flu hosp,2026-01-24,quantile,0.8,231
2026-01-17,35,1,wk inc flu hosp,2026-01-24,quantile,0.85,248
2026-01-17,35,1,wk inc flu hosp,2026-01-24,quantile,0.9,264
2026-01-17,35,1,wk inc flu hosp,2026-01-24,quantile,0.95,299
2026-01-17,35,1,wk inc flu hosp,2026-01-24,quantile,0.975,330
2026-01-17,35,1,wk inc flu hosp,2026-01-24,quantile,0.99,368
2026-01-17,35,2,wk inc flu hosp,2026-01-31,quantile,0.01,42
2026-01-17,35,2,wk inc flu hosp,2026-01-31,quantile,0.025,48
2026-01-17,35,2,wk inc flu hosp,2026-01-31,quantile,0.05,61
2026-01-17,35,2,wk inc flu hosp,2026-01-31,quantile,0.1,75
2026-01-17,35,2,wk inc flu hosp,2026-01-31,quantile,0.15,86
2026-01-17,35,2,wk inc flu hosp,2026-01-31,quantile,0.2,100
2026-01-17,35,2,wk inc flu hosp,2026-01-31,quantile,0.25,110
2026-01-17,35,2,wk inc flu hosp,2026-01-31,quantile,0.3,120
2026-01-17,35,2,wk inc flu hosp,2026-01-31,quantile,0.35,129
2026-01-17,35,2,wk inc flu hosp,2026-01-31,quantile,0.4,139
2026-01-17,35,2,wk inc flu hosp,2026-01-31,quantile,0.45,146
2026-01-17,35,2,wk inc flu hosp,2026-01-31,quantile,0.5,156
2026-01-17,35,2,wk inc flu hosp,2026-01-31,quantile,0.55,166
2026-01-17,35,2,wk inc flu hosp,2026-01-31,quantile,0.6,179
2026-01-17,35,2,wk inc flu hosp,2026-01-31,quantile,0.65,190
2026-01-17,35,2,wk inc flu hosp,2026-01-31,quantile,0.7,208
2026-01-17,35,2,wk inc flu hosp,2026-01-31,quantile,0.75,226
2026-01-17,35,2,wk inc flu hosp,2026-01-31,quantile,0.8,242
2026-01-17,35,2,wk inc flu hosp,2026-01-31,quantile,0.85,264
2026-01-17,35,2,wk inc flu hosp,2026-01-31,quantile,0.9,294
2026-01-17,35,2,wk inc flu hosp,2026-01-31,quantile,0.95,337
2026-01-17,35,2,wk inc flu hosp,2026-01-31,quantile,0.975,376
2026-01-17,35,2,wk inc flu hosp,2026-01-31,quantile,0.99,415
2026-01-17,35,3,wk inc flu hosp,2026-02-07,quantile,0.01,27
2026-01-17,35,3,wk inc flu hosp,2026-02-07,quantile,0.025,36
2026-01-17,35,3,wk inc flu hosp,2026-02-07,quantile,0.05,49
2026-01-17,35,3,wk inc flu hosp,2026-02-07,quantile,0.1,65
2026-01-17,35,3,wk inc flu hosp,2026-02-07,quantile,0.15,77
2026-01-17,35,3,wk inc flu hosp,2026-02-07,quantile,0.2,87
2026-01-17,35,3,wk inc flu hosp,2026-02-07,quantile,0.25,100
2026-01-17,35,3,wk inc flu hosp,2026-02-07,quantile,0.3,106
2026-01-17,35,3,wk inc flu hosp,2026-02-07,quantile,0.35,122
2026-01-17,35,3,wk inc flu hosp,2026-02-07,quantile,0.4,132
2026-01-17,35,3,wk inc flu hosp,2026-02-07,quantile,0.45,141
2026-01-17,35,3,wk inc flu hosp,2026-02-07,quantile,0.5,148
2026-01-17,35,3,wk inc flu hosp,2026-02-07,quantile,0.55,156
2026-01-17,35,3,wk inc flu hosp,2026-02-07,quantile,0.6,167
2026-01-17,35,3,wk inc flu hosp,2026-02-07,quantile,0.65,178
2026-01-17,35,3,wk inc flu hosp,2026-02-07,quantile,0.7,197
2026-01-17,35,3,wk inc flu hosp,2026-02-07,quantile,0.75,211
2026-01-17,35,3,wk inc flu hosp,2026-02-07,quantile,0.8,229
2026-01-17,35,3,wk inc flu hosp,2026-02-07,quantile,0.85,254
2026-01-17,35,3,wk inc flu hosp,2026-02-07,quantile,0.9,285
2026-01-17,35,3,wk inc flu hosp,2026-02-07,quantile,0.95,327
2026-01-17,35,3,wk inc flu hosp,2026-02-07,quantile,0.975,367
2026-01-17,35,3,wk inc flu hosp,2026-02-07,quantile,0.99,426
2026-01-17,36,0,wk inc flu hosp,2026-01-17,quantile,0.01,688
2026-01-17,36,0,wk inc flu hosp,2026-01-17,quantile,0.025,849
2026-01-17,36,0,wk inc flu hosp,2026-01-17,quantile,0.05,951
2026-01-17,36,0,wk inc flu hosp,2026-01-17,quantile,0.1,1038
2026-01-17,36,0,wk inc flu hosp,2026-01-17,quantile,0.15,1179
2026-01-17,36,0,wk inc flu hosp,2026-01-17,quantile,0.2,1286
2026-01-17,36,0,wk inc flu hosp,2026-01-17,quantile,0.25,1344
2026-01-17,36,0,wk inc flu hosp,2026-01-17,quantile,0.3,1429
2026-01-17,36,0,wk inc flu hosp,2026-01-17,quantile,0.35,1516
2026-01-17,36,0,wk inc flu hosp,2026-01-17,quantile,0.4,1554
2026-01-17,36,0,wk inc flu hosp,2026-01-17,quantile,0.45,1594
2026-01-17,36,0,wk inc flu hosp,2026-01-17,quantile,0.5,1656
2026-01-17,36,0,wk inc flu hosp,2026-01-17,quantile,0.55,1695
2026-01-17,36,0,wk inc flu hosp,2026-01-17,quantile,0.6,1763
2026-01-17,36,0,wk inc flu hosp,2026-01-17,quantile,0.65,1843
2026-01-17,36,0,wk inc flu hosp,2026-01-17,quantile,0.7,1898
2026-01-17,36,0,wk inc flu hosp,2026-01-17,quantile,0.75,1997
2026-01-17,36,0,wk inc flu hosp,2026-01-17,quantile,0.8,2080
2026-01-17,36,0,wk inc flu hosp,2026-01-17,quantile,0.85,2138
2026-01-17,36,0,wk inc flu hosp,2026-01-17,quantile,0.9,2213
2026-01-17,36,0,wk inc flu hosp,2026-01-17,quantile,0.95,2449
2026-01-17,36,0,wk inc flu hosp,2026-01-17,quantile,0.975,2713
2026-01-17,36,0,wk inc flu hosp,2026-01-17,quantile,0.99,3205
2026-01-17,36,1,wk inc flu hosp,2026-01-24,quantile,0.01,345
2026-01-17,36,1,wk inc flu hosp,2026-01-24,quantile,0.025,439
2026-01-17,36,1,wk inc flu hosp,2026-01-24,quantile,0.05,562
2026-01-17,36,1,wk inc flu hosp,2026-01-24,quantile,0.1,717
2026-01-17,36,1,wk inc flu hosp,2026-01-24,quantile,0.15,857
2026-01-17,36,1,wk inc flu hosp,2026-01-24,quantile,0.2,981
2026-01-17,36,1,wk inc flu hosp,2026-01-24,quantile,0.25,1110
2026-01-17,36,1,wk inc flu hosp,2026-01-24,quantile,0.3,1188
2026-01-17,36,1,wk inc flu hosp,2026-01-24,quantile,0.35,1246
2026-01-17,36,1,wk inc flu hosp,2026-01-24,quantile,0.4,1290
2026-01-17,36,1,wk inc flu hosp,2026-01-24,quantile,0.45,1339
2026-01-17,36,1,wk inc flu hosp,2026-01-24,quantile,0.5,1421
2026-01-17,36,1,wk inc flu hosp,2026-01-24,quantile,0.55,1507
2026-01-17,36,1,wk inc flu hosp,2026-01-24,quantile,0.6,1605
2026-01-17,36,1,wk inc flu hosp,2026-01-24,quantile,0.65,1679
2026-01-17,36,1,wk inc flu hosp,2026-01-24,quantile,0.7,1733
2026-01-17,36,1,wk inc flu hosp,2026-01-24,quantile,0.75,1821
2026-01-17,36,1,wk inc flu hosp,2026-01-24,quantile,0.8,1883
2026-01-17,36,1,wk inc flu hosp,2026-01-24,quantile,0.85,2002
2026-01-17,36,1,wk inc flu hosp,2026-01-24,quantile,0.9,2195
2026-01-17,36,1,wk inc flu hosp,2026-01-24,quantile,0.95,2421
2026-01-17,36,1,wk inc flu hosp,2026-01-24,quantile,0.975,2697
2026-01-17,36,1,wk inc flu hosp,2026-01-24,quantile,0.99,2986
2026-01-17,36,2,wk inc flu hosp,2026-01-31,quantile,0.01,171
2026-01-17,36,2,wk inc flu hosp,2026-01-31,quantile,0.025,214
2026-01-17,36,2,wk inc flu hosp,2026-01-31,quantile,0.05,358
2026-01-17,36,2,wk inc flu hosp,2026-01-31,quantile,0.1,467
2026-01-17,36,2,wk inc flu hosp,2026-01-31,quantile,0.15,609
2026-01-17,36,2,wk inc flu hosp,2026-01-31,quantile,0.2,723
2026-01-17,36,2,wk inc flu hosp,2026-01-31,quantile,0.25,778
2026-01-17,36,2,wk inc flu hosp,2026-01-31,quantile,0.3,874
2026-01-17,36,2,wk inc flu hosp,2026-01-31,quantile,0.35,983
2026-01-17,36,2,wk inc flu hosp,2026-01-31,quantile,0.4,1106
2026-01-17,36,2,wk inc flu hosp,2026-01-31,quantile,0.45,1236
2026-01-17,36,2,wk inc flu hosp,2026-01-31,quantile,0.5,1346
2026-01-17,36,2,wk inc flu hosp,2026-01-31,quantile,0.55,1417
2026-01-17,36,2,wk inc flu hosp,2026-01-31,quantile,0.6,1482
2026-01-17,36,2,wk inc flu hosp,2026-01-31,quantile,0.65,1543
2026-01-17,36,2,wk inc flu hosp,2026-01-31,quantile,0.7,1686
2026-01-17,36,2,wk inc flu hosp,2026-01-31,quantile,0.75,1819
2026-01-17,36,2,wk inc flu hosp,2026-01-31,quantile,0.8,1957
2026-01-17,36,2,wk inc flu hosp,2026-01-31,quantile,0.85,2059
2026-01-17,36,2,wk inc flu hosp,2026-01-31,quantile,0.9,2408
2026-01-17,36,2,wk inc flu hosp,2026-01-31,quantile,0.95,2589
2026-01-17,36,2,wk inc flu hosp,2026-01-31,quantile,0.975,3153
2026-01-17,36,2,wk inc flu hosp,2026-01-31,quantile,0.99,4051
2026-01-17,36,3,wk inc flu hosp,2026-02-07,quantile,0.01,98
2026-01-17,36,3,wk inc flu hosp,2026-02-07,quantile,0.025,191
2026-01-17,36,3,wk inc flu hosp,2026-02-07,quantile,0.05,247
2026-01-17,36,3,wk inc flu hosp,2026-02-07,quantile,0.1,323
2026-01-17,36,3,wk inc flu hosp,2026-02-07,quantile,0.15,469
2026-01-17,36,3,wk inc flu hosp,2026-02-07,quantile,0.2,497
2026-01-17,36,3,wk inc flu hosp,2026-02-07,quantile,0.25,795
2026-01-17,36,3,wk inc flu hosp,2026-02-07,quantile,0.3,942
2026-01-17,36,3,wk inc flu hosp,2026-02-07,quantile,0.35,1004
2026-01-17,36,3,wk inc flu hosp,2026-02-07,quantile,0.4,1073
2026-01-17,36,3,wk inc flu hosp,2026-02-07,quantile,0.45,1148
2026-01-17,36,3,wk inc flu hosp,2026-02-07,quantile,0.5,1249
2026-01-17,36,3,wk inc flu hosp,2026-02-07,quantile,0.55,1359
2026-01-17,36,3,wk inc flu hosp,2026-02-07,quantile,0.6,1435
2026-01-17,36,3,wk inc flu hosp,2026-02-07,quantile,0.65,1523
2026-01-17,36,3,wk inc flu hosp,2026-02-07,quantile,0.7,1627
2026-01-17,36,3,wk inc flu hosp,2026-02-07,quantile,0.75,1693
2026-01-17,36,3,wk inc flu hosp,2026-02-07,quantile,0.8,1897
2026-01-17,36,3,wk inc flu hosp,2026-02-07,quantile,0.85,2153
2026-01-17,36,3,wk inc flu hosp,2026-02-07,quantile,0.9,2436
2026-01-17,36,3,wk inc flu hosp,2026-02-07,quantile,0.95,2622
2026-01-17,36,3,wk inc flu hosp,2026-02-07,quantile,0.975,2990
2026-01-17,36,3,wk inc flu hosp,2026-02-07,quantile,0.99,3956
2026-01-17,37,0,wk inc flu hosp,2026-01-17,quantile,0.01,395
2026-01-17,37,0,wk inc flu hosp,2026-01-17,quantile,0.025,492
2026-01-17,37,0,wk inc flu hosp,2026-01-17,quantile,0.05,589
2026-01-17,37,0,wk inc flu hosp,2026-01-17,quantile,0.1,699
2026-01-17,37,0,wk inc flu hosp,2026-01-17,quantile,0.15,773
2026-01-17,37,0,wk inc flu hosp,2026-01-17,quantile,0.2,807
2026-01-17,37,0,wk inc flu hosp,2026-01-17,quantile,0.25,844
2026-01-17,37,0,wk inc flu hosp,2026-01-17,quantile,0.3,888
2026-01-17,37,0,wk inc flu hosp,2026-01-17,quantile,0.35,929
2026-01-17,37,0,wk inc flu hosp,2026-01-17,quantile,0.4,971
2026-01-17,37,0,wk inc flu hosp,2026-01-17,quantile,0.45,1043
2026-01-17,37,0,wk inc flu hosp,2026-01-17,quantile,0.5,1071
2026-01-17,37,0,wk inc flu hosp,2026-01-17,quantile,0.55,1099
2026-01-17,37,0,wk inc flu hosp,2026-01-17,quantile,0.6,1142
2026-01-17,37,0,wk inc flu hosp,2026-01-17,quantile,0.65,1193
2026-01-17,37,0,wk inc flu hosp,2026-01-17,quantile,0.7,1226
2026-01-17,37,0,wk inc flu hosp,2026-01-17,quantile,0.75,1287
2026-01-17,37,0,wk inc flu hosp,2026-01-17,quantile,0.8,1383
2026-01-17,37,0,wk inc flu hosp,2026-01-17,quantile,0.85,1483
2026-01-17,37,0,wk inc flu hosp,2026-01-17,quantile,0.9,1626
2026-01-17,37,0,wk inc flu hosp,2026-01-17,quantile,0.95,1761
2026-01-17,37,0,wk inc flu hosp,2026-01-17,quantile,0.975,1977
2026-01-17,37,0,wk inc flu hosp,2026-01-17,quantile,0.99,2198
2026-01-17,37,1,wk inc flu hosp,2026-01-24,quantile,0.01,273
2026-01-17,37,1,wk inc flu hosp,2026-01-24,quantile,0.025,361
2026-01-17,37,1,wk inc flu hosp,2026-01-24,quantile,0.05,434
2026-01-17,37,1,wk inc flu hosp,2026-01-24,quantile,0.1,511
2026-01-17,37,1,wk inc flu hosp,2026-01-24,quantile,0.15,571
2026-01-17,37,1,wk inc flu hosp,2026-01-24,quantile,0.2,670
2026-01-17,37,1,wk inc flu hosp,2026-01-24,quantile,0.25,731
2026-01-17,37,1,wk inc flu hosp,2026-01-24,quantile,0.3,783
2026-01-17,37,1,wk inc flu hosp,2026-01-24,quantile,0.35,825
2026-01-17,37,1,wk inc flu hosp,2026-01-24,quantile,0.4,873
2026-01-17,37,1,wk inc flu hosp,2026-01-24,quantile,0.45,919
2026-01-17,37,1,wk inc flu hosp,2026-01-24,quantile,0.5,965
2026-01-17,37,1,wk inc flu hosp,2026-01-24,quantile,0.55,1005
2026-01-17,37,1,wk inc flu hosp,2026-01-24,quantile,0.6,1067
2026-01-17,37,1,wk inc flu hosp,2026-01-24,quantile,0.65,1115
2026-01-17,37,1,wk inc flu hosp,2026-01-24,quantile,0.7,1166
2026-01-17,37,1,wk inc flu hosp,2026-01-24,quantile,0.75,1222
2026-01-17,37,1,wk inc flu hosp,2026-01-24,quantile,0.8,1287
2026-01-17,37,1,wk inc flu hosp,2026-01-24,quantile,0.85,1402
2026-01-17,37,1,wk inc flu hosp,2026-01-24,quantile,0.9,1586
2026-01-17,37,1,wk inc flu hosp,2026-01-24,quantile,0.95,1871
2026-01-17,37,1,wk inc flu hosp,2026-01-24,quantile,0.975,2084
2026-01-17,37,1,wk inc flu hosp,2026-01-24,quantile,0.99,2222
2026-01-17,37,2,wk inc flu hosp,2026-01-31,quantile,0.01,209
2026-01-17,37,2,wk inc flu hosp,2026-01-31,quantile,0.025,257
2026-01-17,37,2,wk inc flu hosp,2026-01-31,quantile,0.05,301
2026-01-17,37,2,wk inc flu hosp,2026-01-31,quantile,0.1,378
2026-01-17,37,2,wk inc flu hosp,2026-01-31,quantile,0.15,451
2026-01-17,37,2,wk inc flu hosp,2026-01-31,quantile,0.2,530
2026-01-17,37,2,wk inc flu hosp,2026-01-31,quantile,0.25,601
2026-01-17,37,2,wk inc flu hosp,2026-01-31,quantile,0.3,635
2026-01-17,37,2,wk inc flu hosp,2026-01-31,quantile,0.35,674
2026-01-17,37,2,wk inc flu hosp,2026-01-31,quantile,0.4,730
2026-01-17,37,2,wk inc flu hosp,2026-01-31,quantile,0.45,846
2026-01-17,37,2,wk inc flu hosp,2026-01-31,quantile,0.5,900
2026-01-17,37,2,wk inc flu hosp,2026-01-31,quantile,0.55,946
2026-01-17,37,2,wk inc flu hosp,2026-01-31,quantile,0.6,1012
2026-01-17,37,2,wk inc flu hosp,2026-01-31,quantile,0.65,1113
2026-01-17,37,2,wk inc flu hosp,2026-01-31,quantile,0.7,1165
2026-01-17,37,2,wk inc flu hosp,2026-01-31,quantile,0.75,1236
2026-01-17,37,2,wk inc flu hosp,2026-01-31,quantile,0.8,1367
2026-01-17,37,2,wk inc flu hosp,2026-01-31,quantile,0.85,1414
2026-01-17,37,2,wk inc flu hosp,2026-01-31,quantile,0.9,1567
2026-01-17,37,2,wk inc flu hosp,2026-01-31,quantile,0.95,1924
2026-01-17,37,2,wk inc flu hosp,2026-01-31,quantile,0.975,2224
2026-01-17,37,2,wk inc flu hosp,2026-01-31,quantile,0.99,2711
2026-01-17,37,3,wk inc flu hosp,2026-02-07,quantile,0.01,161
2026-01-17,37,3,wk inc flu hosp,2026-02-07,quantile,0.025,174
2026-01-17,37,3,wk inc flu hosp,2026-02-07,quantile,0.05,231
2026-01-17,37,3,wk inc flu hosp,2026-02-07,quantile,0.1,282
2026-01-17,37,3,wk inc flu hosp,2026-02-07,quantile,0.15,370
2026-01-17,37,3,wk inc flu hosp,2026-02-07,quantile,0.2,407
2026-01-17,37,3,wk inc flu hosp,2026-02-07,quantile,0.25,520
2026-01-17,37,3,wk inc flu hosp,2026-02-07,quantile,0.3,583
2026-01-17,37,3,wk inc flu hosp,2026-02-07,quantile,0.35,638
2026-01-17,37,3,wk inc flu hosp,2026-02-07,quantile,0.4,710
2026-01-17,37,3,wk inc flu hosp,2026-02-07,quantile,0.45,758
2026-01-17,37,3,wk inc flu hosp,2026-02-07,quantile,0.5,819
2026-01-17,37,3,wk inc flu hosp,2026-02-07,quantile,0.55,880
2026-01-17,37,3,wk inc flu hosp,2026-02-07,quantile,0.6,949
2026-01-17,37,3,wk inc flu hosp,2026-02-07,quantile,0.65,1041
2026-01-17,37,3,wk inc flu hosp,2026-02-07,quantile,0.7,1128
2026-01-17,37,3,wk inc flu hosp,2026-02-07,quantile,0.75,1241
2026-01-17,37,3,wk inc flu hosp,2026-02-07,quantile,0.8,1362
2026-01-17,37,3,wk inc flu hosp,2026-02-07,quantile,0.85,1414
2026-01-17,37,3,wk inc flu hosp,2026-02-07,quantile,0.9,1553
2026-01-17,37,3,wk inc flu hosp,2026-02-07,quantile,0.95,1796
2026-01-17,37,3,wk inc flu hosp,2026-02-07,quantile,0.975,2146
2026-01-17,37,3,wk inc flu hosp,2026-02-07,quantile,0.99,2580
2026-01-17,38,0,wk inc flu hosp,2026-01-17,quantile,0.01,37
2026-01-17,38,0,wk inc flu hosp,2026-01-17,quantile,0.025,43
2026-01-17,38,0,wk inc flu hosp,2026-01-17,quantile,0.05,50
2026-01-17,38,0,wk inc flu hosp,2026-01-17,quantile,0.1,60
2026-01-17,38,0,wk inc flu hosp,2026-01-17,quantile,0.15,67
2026-01-17,38,0,wk inc flu hosp,2026-01-17,quantile,0.2,71
2026-01-17,38,0,wk inc flu hosp,2026-01-17,quantile,0.25,73
2026-01-17,38,0,wk inc flu hosp,2026-01-17,quantile,0.3,77
2026-01-17,38,0,wk inc flu hosp,2026-01-17,quantile,0.35,80
2026-01-17,38,0,wk inc flu hosp,2026-01-17,quantile,0.4,85
2026-01-17,38,0,wk inc flu hosp,2026-01-17,quantile,0.45,88
2026-01-17,38,0,wk inc flu hosp,2026-01-17,quantile,0.5,92
2026-01-17,38,0,wk inc flu hosp,2026-01-17,quantile,0.55,95
2026-01-17,38,0,wk inc flu hosp,2026-01-17,quantile,0.6,99
2026-01-17,38,0,wk inc flu hosp,2026-01-17,quantile,0.65,102
2026-01-17,38,0,wk inc flu hosp,2026-01-17,quantile,0.7,106
2026-01-17,38,0,wk inc flu hosp,2026-01-17,quantile,0.75,112
2026-01-17,38,0,wk inc flu hosp,2026-01-17,quantile,0.8,118
2026-01-17,38,0,wk inc flu hosp,2026-01-17,quantile,0.85,127
2026-01-17,38,0,wk inc flu hosp,2026-01-17,quantile,0.9,139
2026-01-17,38,0,wk inc flu hosp,2026-01-17,quantile,0.95,152
2026-01-17,38,0,wk inc flu hosp,2026-01-17,quantile,0.975,168
2026-01-17,38,0,wk inc flu hosp,2026-01-17,quantile,0.99,180
2026-01-17,38,1,wk inc flu hosp,2026-01-24,quantile,0.01,24
2026-01-17,38,1,wk inc flu hosp,2026-01-24,quantile,0.025,33
2026-01-17,38,1,wk inc flu hosp,2026-01-24,quantile,0.05,38
2026-01-17,38,1,wk inc flu hosp,2026-01-24,quantile,0.1,45
2026-01-17,38,1,wk inc flu hosp,2026-01-24,quantile,0.15,50
2026-01-17,38,1,wk inc flu hosp,2026-01-24,quantile,0.2,58
2026-01-17,38,1,wk inc flu hosp,2026-01-24,quantile,0.25,63
2026-01-17,38,1,wk inc flu hosp,2026-01-24,quantile,0.3,66
2026-01-17,38,1,wk inc flu hosp,2026-01-24,quantile,0.35,69
2026-01-17,38,1,wk inc flu hosp,2026-01-24,quantile,0.4,75
2026-01-17,38,1,wk inc flu hosp,2026-01-24,quantile,0.45,80
2026-01-17,38,1,wk inc flu hosp,2026-01-24,quantile,0.5,84
2026-01-17,38,1,wk inc flu hosp,2026-01-24,quantile,0.55,88
2026-01-17,38,1,wk inc flu hosp,2026-01-24,quantile,0.6,92
2026-01-17,38,1,wk inc flu hosp,2026-01-24,quantile,0.65,96
2026-01-17,38,1,wk inc flu hosp,2026-01-24,quantile,0.7,102
2026-01-17,38,1,wk inc flu hosp,2026-01-24,quantile,0.75,107
2026-01-17,38,1,wk inc flu hosp,2026-01-24,quantile,0.8,112
2026-01-17,38,1,wk inc flu hosp,2026-01-24,quantile,0.85,118
2026-01-17,38,1,wk inc flu hosp,2026-01-24,quantile,0.9,127
2026-01-17,38,1,wk inc flu hosp,2026-01-24,quantile,0.95,148
2026-01-17,38,1,wk inc flu hosp,2026-01-24,quantile,0.975,174
2026-01-17,38,1,wk inc flu hosp,2026-01-24,quantile,0.99,208
2026-01-17,38,2,wk inc flu hosp,2026-01-31,quantile,0.01,14
2026-01-17,38,2,wk inc flu hosp,2026-01-31,quantile,0.025,21
2026-01-17,38,2,wk inc flu hosp,2026-01-31,quantile,0.05,27
2026-01-17,38,2,wk inc flu hosp,2026-01-31,quantile,0.1,35
2026-01-17,38,2,wk inc flu hosp,2026-01-31,quantile,0.15,40
2026-01-17,38,2,wk inc flu hosp,2026-01-31,quantile,0.2,48
2026-01-17,38,2,wk inc flu hosp,2026-01-31,quantile,0.25,57
2026-01-17,38,2,wk inc flu hosp,2026-01-31,quantile,0.3,61
2026-01-17,38,2,wk inc flu hosp,2026-01-31,quantile,0.35,64
2026-01-17,38,2,wk inc flu hosp,2026-01-31,quantile,0.4,68
2026-01-17,38,2,wk inc flu hosp,2026-01-31,quantile,0.45,71
2026-01-17,38,2,wk inc flu hosp,2026-01-31,quantile,0.5,74
2026-01-17,38,2,wk inc flu hosp,2026-01-31,quantile,0.55,79
2026-01-17,38,2,wk inc flu hosp,2026-01-31,quantile,0.6,82
2026-01-17,38,2,wk inc flu hosp,2026-01-31,quantile,0.65,90
2026-01-17,38,2,wk inc flu hosp,2026-01-31,quantile,0.7,98
2026-01-17,38,2,wk inc flu hosp,2026-01-31,quantile,0.75,108
2026-01-17,38,2,wk inc flu hosp,2026-01-31,quantile,0.8,124
2026-01-17,38,2,wk inc flu hosp,2026-01-31,quantile,0.85,134
2026-01-17,38,2,wk inc flu hosp,2026-01-31,quantile,0.9,144
2026-01-17,38,2,wk inc flu hosp,2026-01-31,quantile,0.95,162
2026-01-17,38,2,wk inc flu hosp,2026-01-31,quantile,0.975,179
2026-01-17,38,2,wk inc flu hosp,2026-01-31,quantile,0.99,205
2026-01-17,38,3,wk inc flu hosp,2026-02-07,quantile,0.01,10
2026-01-17,38,3,wk inc flu hosp,2026-02-07,quantile,0.025,16
2026-01-17,38,3,wk inc flu hosp,2026-02-07,quantile,0.05,22
2026-01-17,38,3,wk inc flu hosp,2026-02-07,quantile,0.1,28
2026-01-17,38,3,wk inc flu hosp,2026-02-07,quantile,0.15,33
2026-01-17,38,3,wk inc flu hosp,2026-02-07,quantile,0.2,38
2026-01-17,38,3,wk inc flu hosp,2026-02-07,quantile,0.25,43
2026-01-17,38,3,wk inc flu hosp,2026-02-07,quantile,0.3,46
2026-01-17,38,3,wk inc flu hosp,2026-02-07,quantile,0.35,51
2026-01-17,38,3,wk inc flu hosp,2026-02-07,quantile,0.4,55
2026-01-17,38,3,wk inc flu hosp,2026-02-07,quantile,0.45,60
2026-01-17,38,3,wk inc flu hosp,2026-02-07,quantile,0.5,65
2026-01-17,38,3,wk inc flu hosp,2026-02-07,quantile,0.55,71
2026-01-17,38,3,wk inc flu hosp,2026-02-07,quantile,0.6,78
2026-01-17,38,3,wk inc flu hosp,2026-02-07,quantile,0.65,84
2026-01-17,38,3,wk inc flu hosp,2026-02-07,quantile,0.7,90
2026-01-17,38,3,wk inc flu hosp,2026-02-07,quantile,0.75,99
2026-01-17,38,3,wk inc flu hosp,2026-02-07,quantile,0.8,105
2026-01-17,38,3,wk inc flu hosp,2026-02-07,quantile,0.85,114
2026-01-17,38,3,wk inc flu hosp,2026-02-07,quantile,0.9,129
2026-01-17,38,3,wk inc flu hosp,2026-02-07,quantile,0.95,156
2026-01-17,38,3,wk inc flu hosp,2026-02-07,quantile,0.975,173
2026-01-17,38,3,wk inc flu hosp,2026-02-07,quantile,0.99,200
2026-01-17,39,0,wk inc flu hosp,2026-01-17,quantile,0.01,554
2026-01-17,39,0,wk inc flu hosp,2026-01-17,quantile,0.025,605
2026-01-17,39,0,wk inc flu hosp,2026-01-17,quantile,0.05,679
2026-01-17,39,0,wk inc flu hosp,2026-01-17,quantile,0.1,784
2026-01-17,39,0,wk inc flu hosp,2026-01-17,quantile,0.15,847
2026-01-17,39,0,wk inc flu hosp,2026-01-17,quantile,0.2,934
2026-01-17,39,0,wk inc flu hosp,2026-01-17,quantile,0.25,1017
2026-01-17,39,0,wk inc flu hosp,2026-01-17,quantile,0.3,1085
2026-01-17,39,0,wk inc flu hosp,2026-01-17,quantile,0.35,1127
2026-01-17,39,0,wk inc flu hosp,2026-01-17,quantile,0.4,1161
2026-01-17,39,0,wk inc flu hosp,2026-01-17,quantile,0.45,1204
2026-01-17,39,0,wk inc flu hosp,2026-01-17,quantile,0.5,1246
2026-01-17,39,0,wk inc flu hosp,2026-01-17,quantile,0.55,1307
2026-01-17,39,0,wk inc flu hosp,2026-01-17,quantile,0.6,1353
2026-01-17,39,0,wk inc flu hosp,2026-01-17,quantile,0.65,1402
2026-01-17,39,0,wk inc flu hosp,2026-01-17,quantile,0.7,1427
2026-01-17,39,0,wk inc flu hosp,2026-01-17,quantile,0.75,1470
2026-01-17,39,0,wk inc flu hosp,2026-01-17,quantile,0.8,1544
2026-01-17,39,0,wk inc flu hosp,2026-01-17,quantile,0.85,1622
2026-01-17,39,0,wk inc flu hosp,2026-01-17,quantile,0.9,1699
2026-01-17,39,0,wk inc flu hosp,2026-01-17,quantile,0.95,1857
2026-01-17,39,0,wk inc flu hosp,2026-01-17,quantile,0.975,2013
2026-01-17,39,0,wk inc flu hosp,2026-01-17,quantile,0.99,2195
2026-01-17,39,1,wk inc flu hosp,2026-01-24,quantile,0.01,339
2026-01-17,39,1,wk inc flu hosp,2026-01-24,quantile,0.025,415
2026-01-17,39,1,wk inc flu hosp,2026-01-24,quantile,0.05,481
2026-01-17,39,1,wk inc flu hosp,2026-01-24,quantile,0.1,582
2026-01-17,39,1,wk inc flu hosp,2026-01-24,quantile,0.15,669
2026-01-17,39,1,wk inc flu hosp,2026-01-24,quantile,0.2,793
2026-01-17,39,1,wk inc flu hosp,2026-01-24,quantile,0.25,927
2026-01-17,39,1,wk inc flu hosp,2026-01-24,quantile,0.3,982
2026-01-17,39,1,wk inc flu hosp,2026-01-24,quantile,0.35,1050
2026-01-17,39,1,wk inc flu hosp,2026-01-24,quantile,0.4,1118
2026-01-17,39,1,wk inc flu hosp,2026-01-24,quantile,0.45,1171
2026-01-17,39,1,wk inc flu hosp,2026-01-24,quantile,0.5,1235
2026-01-17,39,1,wk inc flu hosp,2026-01-24,quantile,0.55,1276
2026-01-17,39,1,wk inc flu hosp,2026-01-24,quantile,0.6,1348
2026-01-17,39,1,wk inc flu hosp,2026-01-24,quantile,0.65,1433
2026-01-17,39,1,wk inc flu hosp,2026-01-24,quantile,0.7,1490
2026-01-17,39,1,wk inc flu hosp,2026-01-24,quantile,0.75,1525
2026-01-17,39,1,wk inc flu hosp,2026-01-24,quantile,0.8,1616
2026-01-17,39,1,wk inc flu hosp,2026-01-24,quantile,0.85,1716
2026-01-17,39,1,wk inc flu hosp,2026-01-24,quantile,0.9,1862
2026-01-17,39,1,wk inc flu hosp,2026-01-24,quantile,0.95,2169
2026-01-17,39,1,wk inc flu hosp,2026-01-24,quantile,0.975,2532
2026-01-17,39,1,wk inc flu hosp,2026-01-24,quantile,0.99,2813
2026-01-17,39,2,wk inc flu hosp,2026-01-31,quantile,0.01,262
2026-01-17,39,2,wk inc flu hosp,2026-01-31,quantile,0.025,331
2026-01-17,39,2,wk inc flu hosp,2026-01-31,quantile,0.05,416
2026-01-17,39,2,wk inc flu hosp,2026-01-31,quantile,0.1,559
2026-01-17,39,2,wk inc flu hosp,2026-01-31,quantile,0.15,640
2026-01-17,39,2,wk inc flu hosp,2026-01-31,quantile,0.2,729
2026-01-17,39,2,wk inc flu hosp,2026-01-31,quantile,0.25,798
2026-01-17,39,2,wk inc flu hosp,2026-01-31,quantile,0.3,864
2026-01-17,39,2,wk inc flu hosp,2026-01-31,quantile,0.35,968
2026-01-17,39,2,wk inc flu hosp,2026-01-31,quantile,0.4,1040
2026-01-17,39,2,wk inc flu hosp,2026-01-31,quantile,0.45,1104
2026-01-17,39,2,wk inc flu hosp,2026-01-31,quantile,0.5,1183
2026-01-17,39,2,wk inc flu hosp,2026-01-31,quantile,0.55,1286
2026-01-17,39,2,wk inc flu hosp,2026-01-31,quantile,0.6,1334
2026-01-17,39,2,wk inc flu hosp,2026-01-31,quantile,0.65,1434
2026-01-17,39,2,wk inc flu hosp,2026-01-31,quantile,0.7,1566
2026-01-17,39,2,wk inc flu hosp,2026-01-31,quantile,0.75,1745
2026-01-17,39,2,wk inc flu hosp,2026-01-31,quantile,0.8,1834
2026-01-17,39,2,wk inc flu hosp,2026-01-31,quantile,0.85,1994
2026-01-17,39,2,wk inc flu hosp,2026-01-31,quantile,0.9,2135
2026-01-17,39,2,wk inc flu hosp,2026-01-31,quantile,0.95,2352
2026-01-17,39,2,wk inc flu hosp,2026-01-31,quantile,0.975,2750
2026-01-17,39,2,wk inc flu hosp,2026-01-31,quantile,0.99,3439
2026-01-17,39,3,wk inc flu hosp,2026-02-07,quantile,0.01,216
2026-01-17,39,3,wk inc flu hosp,2026-02-07,quantile,0.025,275
2026-01-17,39,3,wk inc flu hosp,2026-02-07,quantile,0.05,328
2026-01-17,39,3,wk inc flu hosp,2026-02-07,quantile,0.1,400
2026-01-17,39,3,wk inc flu hosp,2026-02-07,quantile,0.15,473
2026-01-17,39,3,wk inc flu hosp,2026-02-07,quantile,0.2,539
2026-01-17,39,3,wk inc flu hosp,2026-02-07,quantile,0.25,681
2026-01-17,39,3,wk inc flu hosp,2026-02-07,quantile,0.3,746
2026-01-17,39,3,wk inc flu hosp,2026-02-07,quantile,0.35,816
2026-01-17,39,3,wk inc flu hosp,2026-02-07,quantile,0.4,888
2026-01-17,39,3,wk inc flu hosp,2026-02-07,quantile,0.45,972
2026-01-17,39,3,wk inc flu hosp,2026-02-07,quantile,0.5,1064
2026-01-17,39,3,wk inc flu hosp,2026-02-07,quantile,0.55,1169
2026-01-17,39,3,wk inc flu hosp,2026-02-07,quantile,0.6,1278
2026-01-17,39,3,wk inc flu hosp,2026-02-07,quantile,0.65,1401
2026-01-17,39,3,wk inc flu hosp,2026-02-07,quantile,0.7,1559
2026-01-17,39,3,wk inc flu hosp,2026-02-07,quantile,0.75,1670
2026-01-17,39,3,wk inc flu hosp,2026-02-07,quantile,0.8,1838
2026-01-17,39,3,wk inc flu hosp,2026-02-07,quantile,0.85,1978
2026-01-17,39,3,wk inc flu hosp,2026-02-07,quantile,0.9,2172
2026-01-17,39,3,wk inc flu hosp,2026-02-07,quantile,0.95,2532
2026-01-17,39,3,wk inc flu hosp,2026-02-07,quantile,0.975,2648
2026-01-17,39,3,wk inc flu hosp,2026-02-07,quantile,0.99,3316
2026-01-17,40,0,wk inc flu hosp,2026-01-17,quantile,0.01,42
2026-01-17,40,0,wk inc flu hosp,2026-01-17,quantile,0.025,50
2026-01-17,40,0,wk inc flu hosp,2026-01-17,quantile,0.05,56
2026-01-17,40,0,wk inc flu hosp,2026-01-17,quantile,0.1,67
2026-01-17,40,0,wk inc flu hosp,2026-01-17,quantile,0.15,77
2026-01-17,40,0,wk inc flu hosp,2026-01-17,quantile,0.2,82
2026-01-17,40,0,wk inc flu hosp,2026-01-17,quantile,0.25,87
2026-01-17,40,0,wk inc flu hosp,2026-01-17,quantile,0.3,96
2026-01-17,40,0,wk inc flu hosp,2026-01-17,quantile,0.35,102
2026-01-17,40,0,wk inc flu hosp,2026-01-17,quantile,0.4,115
2026-01-17,40,0,wk inc flu hosp,2026-01-17,quantile,0.45,123
2026-01-17,40,0,wk inc flu hosp,2026-01-17,quantile,0.5,131
2026-01-17,40,0,wk inc flu hosp,2026-01-17,quantile,0.55,136
2026-01-17,40,0,wk inc flu hosp,2026-01-17,quantile,0.6,138
2026-01-17,40,0,wk inc flu hosp,2026-01-17,quantile,0.65,145
2026-01-17,40,0,wk inc flu hosp,2026-01-17,quantile,0.7,154
2026-01-17,40,0,wk inc flu hosp,2026-01-17,quantile,0.75,162
2026-01-17,40,0,wk inc flu hosp,2026-01-17,quantile,0.8,174
2026-01-17,40,0,wk inc flu hosp,2026-01-17,quantile,0.85,187
2026-01-17,40,0,wk inc flu hosp,2026-01-17,quantile,0.9,209
2026-01-17,40,0,wk inc flu hosp,2026-01-17,quantile,0.95,252
2026-01-17,40,0,wk inc flu hosp,2026-01-17,quantile,0.975,288
2026-01-17,40,0,wk inc flu hosp,2026-01-17,quantile,0.99,313
2026-01-17,40,1,wk inc flu hosp,2026-01-24,quantile,0.01,26
2026-01-17,40,1,wk inc flu hosp,2026-01-24,quantile,0.025,35
2026-01-17,40,1,wk inc flu hosp,2026-01-24,quantile,0.05,47
2026-01-17,40,1,wk inc flu hosp,2026-01-24,quantile,0.1,59
2026-01-17,40,1,wk inc flu hosp,2026-01-24,quantile,0.15,70
2026-01-17,40,1,wk inc flu hosp,2026-01-24,quantile,0.2,76
2026-01-17,40,1,wk inc flu hosp,2026-01-24,quantile,0.25,87
2026-01-17,40,1,wk inc flu hosp,2026-01-24,quantile,0.3,97
2026-01-17,40,1,wk inc flu hosp,2026-01-24,quantile,0.35,108
2026-01-17,40,1,wk inc flu hosp,2026-01-24,quantile,0.4,119
2026-01-17,40,1,wk inc flu hosp,2026-01-24,quantile,0.45,132
2026-01-17,40,1,wk inc flu hosp,2026-01-24,quantile,0.5,140
2026-01-17,40,1,wk inc flu hosp,2026-01-24,quantile,0.55,158
2026-01-17,40,1,wk inc flu hosp,2026-01-24,quantile,0.6,169
2026-01-17,40,1,wk inc flu hosp,2026-01-24,quantile,0.65,174
2026-01-17,40,1,wk inc flu hosp,2026-01-24,quantile,0.7,189
2026-01-17,40,1,wk inc flu hosp,2026-01-24,quantile,0.75,196
2026-01-17,40,1,wk inc flu hosp,2026-01-24,quantile,0.8,209
2026-01-17,40,1,wk inc flu hosp,2026-01-24,quantile,0.85,227
2026-01-17,40,1,wk inc flu hosp,2026-01-24,quantile,0.9,264
2026-01-17,40,1,wk inc flu hosp,2026-01-24,quantile,0.95,306
2026-01-17,40,1,wk inc flu hosp,2026-01-24,quantile,0.975,348
2026-01-17,40,1,wk inc flu hosp,2026-01-24,quantile,0.99,389
2026-01-17,40,2,wk inc flu hosp,2026-01-31,quantile,0.01,24
2026-01-17,40,2,wk inc flu hosp,2026-01-31,quantile,0.025,35
2026-01-17,40,2,wk inc flu hosp,2026-01-31,quantile,0.05,43
2026-01-17,40,2,wk inc flu hosp,2026-01-31,quantile,0.1,59
2026-01-17,40,2,wk inc flu hosp,2026-01-31,quantile,0.15,78
2026-01-17,40,2,wk inc flu hosp,2026-01-31,quantile,0.2,93
2026-01-17,40,2,wk inc flu hosp,2026-01-31,quantile,0.25,104
2026-01-17,40,2,wk inc flu hosp,2026-01-31,quantile,0.3,112
2026-01-17,40,2,wk inc flu hosp,2026-01-31,quantile,0.35,119
2026-01-17,40,2,wk inc flu hosp,2026-01-31,quantile,0.4,125
2026-01-17,40,2,wk inc flu hosp,2026-01-31,quantile,0.45,136
2026-01-17,40,2,wk inc flu hosp,2026-01-31,quantile,0.5,152
2026-01-17,40,2,wk inc flu hosp,2026-01-31,quantile,0.55,177
2026-01-17,40,2,wk inc flu hosp,2026-01-31,quantile,0.6,197
2026-01-17,40,2,wk inc flu hosp,2026-01-31,quantile,0.65,219
2026-01-17,40,2,wk inc flu hosp,2026-01-31,quantile,0.7,227
2026-01-17,40,2,wk inc flu hosp,2026-01-31,quantile,0.75,245
2026-01-17,40,2,wk inc flu hosp,2026-01-31,quantile,0.8,260
2026-01-17,40,2,wk inc flu hosp,2026-01-31,quantile,0.85,278
2026-01-17,40,2,wk inc flu hosp,2026-01-31,quantile,0.9,303
2026-01-17,40,2,wk inc flu hosp,2026-01-31,quantile,0.95,375
2026-01-17,40,2,wk inc flu hosp,2026-01-31,quantile,0.975,413
2026-01-17,40,2,wk inc flu hosp,2026-01-31,quantile,0.99,486
2026-01-17,40,3,wk inc flu hosp,2026-02-07,quantile,0.01,19
2026-01-17,40,3,wk inc flu hosp,2026-02-07,quantile,0.025,26
2026-01-17,40,3,wk inc flu hosp,2026-02-07,quantile,0.05,39
2026-01-17,40,3,wk inc flu hosp,2026-02-07,quantile,0.1,51
2026-01-17,40,3,wk inc flu hosp,2026-02-07,quantile,0.15,68
2026-01-17,40,3,wk inc flu hosp,2026-02-07,quantile,0.2,78
2026-01-17,40,3,wk inc flu hosp,2026-02-07,quantile,0.25,92
2026-01-17,40,3,wk inc flu hosp,2026-02-07,quantile,0.3,106
2026-01-17,40,3,wk inc flu hosp,2026-02-07,quantile,0.35,132
2026-01-17,40,3,wk inc flu hosp,2026-02-07,quantile,0.4,144
2026-01-17,40,3,wk inc flu hosp,2026-02-07,quantile,0.45,153
2026-01-17,40,3,wk inc flu hosp,2026-02-07,quantile,0.5,163
2026-01-17,40,3,wk inc flu hosp,2026-02-07,quantile,0.55,180
2026-01-17,40,3,wk inc flu hosp,2026-02-07,quantile,0.6,203
2026-01-17,40,3,wk inc flu hosp,2026-02-07,quantile,0.65,219
2026-01-17,40,3,wk inc flu hosp,2026-02-07,quantile,0.7,247
2026-01-17,40,3,wk inc flu hosp,2026-02-07,quantile,0.75,265
2026-01-17,40,3,wk inc flu hosp,2026-02-07,quantile,0.8,281
2026-01-17,40,3,wk inc flu hosp,2026-02-07,quantile,0.85,298
2026-01-17,40,3,wk inc flu hosp,2026-02-07,quantile,0.9,334
2026-01-17,40,3,wk inc flu hosp,2026-02-07,quantile,0.95,374
2026-01-17,40,3,wk inc flu hosp,2026-02-07,quantile,0.975,463
2026-01-17,40,3,wk inc flu hosp,2026-02-07,quantile,0.99,587
2026-01-17,41,0,wk inc flu hosp,2026-01-17,quantile,0.01,46
2026-01-17,41,0,wk inc flu hosp,2026-01-17,quantile,0.025,52
2026-01-17,41,0,wk inc flu hosp,2026-01-17,quantile,0.05,66
2026-01-17,41,0,wk inc flu hosp,2026-01-17,quantile,0.1,82
2026-01-17,41,0,wk inc flu hosp,2026-01-17,quantile,0.15,87
2026-01-17,41,0,wk inc flu hosp,2026-01-17,quantile,0.2,91
2026-01-17,41,0,wk inc flu hosp,2026-01-17,quantile,0.25,95
2026-01-17,41,0,wk inc flu hosp,2026-01-17,quantile,0.3,112
2026-01-17,41,0,wk inc flu hosp,2026-01-17,quantile,0.35,119
2026-01-17,41,0,wk inc flu hosp,2026-01-17,quantile,0.4,126
2026-01-17,41,0,wk inc flu hosp,2026-01-17,quantile,0.45,128
2026-01-17,41,0,wk inc flu hosp,2026-01-17,quantile,0.5,133
2026-01-17,41,0,wk inc flu hosp,2026-01-17,quantile,0.55,140
2026-01-17,41,0,wk inc flu hosp,2026-01-17,quantile,0.6,147
2026-01-17,41,0,wk inc flu hosp,2026-01-17,quantile,0.65,154
2026-01-17,41,0,wk inc flu hosp,2026-01-17,quantile,0.7,163
2026-01-17,41,0,wk inc flu hosp,2026-01-17,quantile,0.75,174
2026-01-17,41,0,wk inc flu hosp,2026-01-17,quantile,0.8,178
2026-01-17,41,0,wk inc flu hosp,2026-01-17,quantile,0.85,191
2026-01-17,41,0,wk inc flu hosp,2026-01-17,quantile,0.9,209
2026-01-17,41,0,wk inc flu hosp,2026-01-17,quantile,0.95,237
2026-01-17,41,0,wk inc flu hosp,2026-01-17,quantile,0.975,265
2026-01-17,41,0,wk inc flu hosp,2026-01-17,quantile,0.99,312
2026-01-17,41,1,wk inc flu hosp,2026-01-24,quantile,0.01,36
2026-01-17,41,1,wk inc flu hosp,2026-01-24,quantile,0.025,42
2026-01-17,41,1,wk inc flu hosp,2026-01-24,quantile,0.05,56
2026-01-17,41,1,wk inc flu hosp,2026-01-24,quantile,0.1,67
2026-01-17,41,1,wk inc flu hosp,2026-01-24,quantile,0.15,77
2026-01-17,41,1,wk inc flu hosp,2026-01-24,quantile,0.2,93
2026-01-17,41,1,wk inc flu hosp,2026-01-24,quantile,0.25,101
2026-01-17,41,1,wk inc flu hosp,2026-01-24,quantile,0.3,109
2026-01-17,41,1,wk inc flu hosp,2026-01-24,quantile,0.35,115
2026-01-17,41,1,wk inc flu hosp,2026-01-24,quantile,0.4,123
2026-01-17,41,1,wk inc flu hosp,2026-01-24,quantile,0.45,133
2026-01-17,41,1,wk inc flu hosp,2026-01-24,quantile,0.5,140
2026-01-17,41,1,wk inc flu hosp,2026-01-24,quantile,0.55,147
2026-01-17,41,1,wk inc flu hosp,2026-01-24,quantile,0.6,155
2026-01-17,41,1,wk inc flu hosp,2026-01-24,quantile,0.65,163
2026-01-17,41,1,wk inc flu hosp,2026-01-24,quantile,0.7,174
2026-01-17,41,1,wk inc flu hosp,2026-01-24,quantile,0.75,183
2026-01-17,41,1,wk inc flu hosp,2026-01-24,quantile,0.8,193
2026-01-17,41,1,wk inc flu hosp,2026-01-24,quantile,0.85,217
2026-01-17,41,1,wk inc flu hosp,2026-01-24,quantile,0.9,237
2026-01-17,41,1,wk inc flu hosp,2026-01-24,quantile,0.95,278
2026-01-17,41,1,wk inc flu hosp,2026-01-24,quantile,0.975,306
2026-01-17,41,1,wk inc flu hosp,2026-01-24,quantile,0.99,329
2026-01-17,41,2,wk inc flu hosp,2026-01-31,quantile,0.01,25
2026-01-17,41,2,wk inc flu hosp,2026-01-31,quantile,0.025,35
2026-01-17,41,2,wk inc flu hosp,2026-01-31,quantile,0.05,46
2026-01-17,41,2,wk inc flu hosp,2026-01-31,quantile,0.1,58
2026-01-17,41,2,wk inc flu hosp,2026-01-31,quantile,0.15,69
2026-01-17,41,2,wk inc flu hosp,2026-01-31,quantile,0.2,80
2026-01-17,41,2,wk inc flu hosp,2026-01-31,quantile,0.25,92
2026-01-17,41,2,wk inc flu hosp,2026-01-31,quantile,0.3,102
2026-01-17,41,2,wk inc flu hosp,2026-01-31,quantile,0.35,111
2026-01-17,41,2,wk inc flu hosp,2026-01-31,quantile,0.4,120
2026-01-17,41,2,wk inc flu hosp,2026-01-31,quantile,0.45,133
2026-01-17,41,2,wk inc flu hosp,2026-01-31,quantile,0.5,148
2026-01-17,41,2,wk inc flu hosp,2026-01-31,quantile,0.55,161
2026-01-17,41,2,wk inc flu hosp,2026-01-31,quantile,0.6,168
2026-01-17,41,2,wk inc flu hosp,2026-01-31,quantile,0.65,176
2026-01-17,41,2,wk inc flu hosp,2026-01-31,quantile,0.7,188
2026-01-17,41,2,wk inc flu hosp,2026-01-31,quantile,0.75,197
2026-01-17,41,2,wk inc flu hosp,2026-01-31,quantile,0.8,206
2026-01-17,41,2,wk inc flu hosp,2026-01-31,quantile,0.85,221
2026-01-17,41,2,wk inc flu hosp,2026-01-31,quantile,0.9,251
2026-01-17,41,2,wk inc flu hosp,2026-01-31,quantile,0.95,293
2026-01-17,41,2,wk inc flu hosp,2026-01-31,quantile,0.975,334
2026-01-17,41,2,wk inc flu hosp,2026-01-31,quantile,0.99,398
2026-01-17,41,3,wk inc flu hosp,2026-02-07,quantile,0.01,19
2026-01-17,41,3,wk inc flu hosp,2026-02-07,quantile,0.025,28
2026-01-17,41,3,wk inc flu hosp,2026-02-07,quantile,0.05,43
2026-01-17,41,3,wk inc flu hosp,2026-02-07,quantile,0.1,54
2026-01-17,41,3,wk inc flu hosp,2026-02-07,quantile,0.15,63
2026-01-17,41,3,wk inc flu hosp,2026-02-07,quantile,0.2,73
2026-01-17,41,3,wk inc flu hosp,2026-02-07,quantile,0.25,88
2026-01-17,41,3,wk inc flu hosp,2026-02-07,quantile,0.3,101
2026-01-17,41,3,wk inc flu hosp,2026-02-07,quantile,0.35,109
2026-01-17,41,3,wk inc flu hosp,2026-02-07,quantile,0.4,116
2026-01-17,41,3,wk inc flu hosp,2026-02-07,quantile,0.45,127
2026-01-17,41,3,wk inc flu hosp,2026-02-07,quantile,0.5,136
2026-01-17,41,3,wk inc flu hosp,2026-02-07,quantile,0.55,149
2026-01-17,41,3,wk inc flu hosp,2026-02-07,quantile,0.6,162
2026-01-17,41,3,wk inc flu hosp,2026-02-07,quantile,0.65,175
2026-01-17,41,3,wk inc flu hosp,2026-02-07,quantile,0.7,186
2026-01-17,41,3,wk inc flu hosp,2026-02-07,quantile,0.75,193
2026-01-17,41,3,wk inc flu hosp,2026-02-07,quantile,0.8,206
2026-01-17,41,3,wk inc flu hosp,2026-02-07,quantile,0.85,231
2026-01-17,41,3,wk inc flu hosp,2026-02-07,quantile,0.9,260
2026-01-17,41,3,wk inc flu hosp,2026-02-07,quantile,0.95,318
2026-01-17,41,3,wk inc flu hosp,2026-02-07,quantile,0.975,385
2026-01-17,41,3,wk inc flu hosp,2026-02-07,quantile,0.99,467
2026-01-17,42,0,wk inc flu hosp,2026-01-17,quantile,0.01,691
2026-01-17,42,0,wk inc flu hosp,2026-01-17,quantile,0.025,812
2026-01-17,42,0,wk inc flu hosp,2026-01-17,quantile,0.05,923
2026-01-17,42,0,wk inc flu hosp,2026-01-17,quantile,0.1,1071
2026-01-17,42,0,wk inc flu hosp,2026-01-17,quantile,0.15,1153
2026-01-17,42,0,wk inc flu hosp,2026-01-17,quantile,0.2,1220
2026-01-17,42,0,wk inc flu hosp,2026-01-17,quantile,0.25,1295
2026-01-17,42,0,wk inc flu hosp,2026-01-17,quantile,0.3,1368
2026-01-17,42,0,wk inc flu hosp,2026-01-17,quantile,0.35,1442
2026-01-17,42,0,wk inc flu hosp,2026-01-17,quantile,0.4,1546
2026-01-17,42,0,wk inc flu hosp,2026-01-17,quantile,0.45,1592
2026-01-17,42,0,wk inc flu hosp,2026-01-17,quantile,0.5,1656
2026-01-17,42,0,wk inc flu hosp,2026-01-17,quantile,0.55,1751
2026-01-17,42,0,wk inc flu hosp,2026-01-17,quantile,0.6,1803
2026-01-17,42,0,wk inc flu hosp,2026-01-17,quantile,0.65,1878
2026-01-17,42,0,wk inc flu hosp,2026-01-17,quantile,0.7,1898
2026-01-17,42,0,wk inc flu hosp,2026-01-17,quantile,0.75,1930
2026-01-17,42,0,wk inc flu hosp,2026-01-17,quantile,0.8,2017
2026-01-17,42,0,wk inc flu hosp,2026-01-17,quantile,0.85,2129
2026-01-17,42,0,wk inc flu hosp,2026-01-17,quantile,0.9,2398
2026-01-17,42,0,wk inc flu hosp,2026-01-17,quantile,0.95,2618
2026-01-17,42,0,wk inc flu hosp,2026-01-17,quantile,0.975,2834
2026-01-17,42,0,wk inc flu hosp,2026-01-17,quantile,0.99,3055
2026-01-17,42,1,wk inc flu hosp,2026-01-24,quantile,0.01,399
2026-01-17,42,1,wk inc flu hosp,2026-01-24,quantile,0.025,509
2026-01-17,42,1,wk inc flu hosp,2026-01-24,quantile,0.05,649
2026-01-17,42,1,wk inc flu hosp,2026-01-24,quantile,0.1,800
2026-01-17,42,1,wk inc flu hosp,2026-01-24,quantile,0.15,945
2026-01-17,42,1,wk inc flu hosp,2026-01-24,quantile,0.2,1037
2026-01-17,42,1,wk inc flu hosp,2026-01-24,quantile,0.25,1077
2026-01-17,42,1,wk inc flu hosp,2026-01-24,quantile,0.3,1146
2026-01-17,42,1,wk inc flu hosp,2026-01-24,quantile,0.35,1188
2026-01-17,42,1,wk inc flu hosp,2026-01-24,quantile,0.4,1349
2026-01-17,42,1,wk inc flu hosp,2026-01-24,quantile,0.45,1415
2026-01-17,42,1,wk inc flu hosp,2026-01-24,quantile,0.5,1485
2026-01-17,42,1,wk inc flu hosp,2026-01-24,quantile,0.55,1617
2026-01-17,42,1,wk inc flu hosp,2026-01-24,quantile,0.6,1684
2026-01-17,42,1,wk inc flu hosp,2026-01-24,quantile,0.65,1765
2026-01-17,42,1,wk inc flu hosp,2026-01-24,quantile,0.7,1836
2026-01-17,42,1,wk inc flu hosp,2026-01-24,quantile,0.75,1930
2026-01-17,42,1,wk inc flu hosp,2026-01-24,quantile,0.8,2034
2026-01-17,42,1,wk inc flu hosp,2026-01-24,quantile,0.85,2157
2026-01-17,42,1,wk inc flu hosp,2026-01-24,quantile,0.9,2338
2026-01-17,42,1,wk inc flu hosp,2026-01-24,quantile,0.95,2723
2026-01-17,42,1,wk inc flu hosp,2026-01-24,quantile,0.975,3012
2026-01-17,42,1,wk inc flu hosp,2026-01-24,quantile,0.99,3347
2026-01-17,42,2,wk inc flu hosp,2026-01-31,quantile,0.01,262
2026-01-17,42,2,wk inc flu hosp,2026-01-31,quantile,0.025,346
2026-01-17,42,2,wk inc flu hosp,2026-01-31,quantile,0.05,443
2026-01-17,42,2,wk inc flu hosp,2026-01-31,quantile,0.1,624
2026-01-17,42,2,wk inc flu hosp,2026-01-31,quantile,0.15,725
2026-01-17,42,2,wk inc flu hosp,2026-01-31,quantile,0.2,845
2026-01-17,42,2,wk inc flu hosp,2026-01-31,quantile,0.25,922
2026-01-17,42,2,wk inc flu hosp,2026-01-31,quantile,0.3,991
2026-01-17,42,2,wk inc flu hosp,2026-01-31,quantile,0.35,1078
2026-01-17,42,2,wk inc flu hosp,2026-01-31,quantile,0.4,1203
2026-01-17,42,2,wk inc flu hosp,2026-01-31,quantile,0.45,1341
2026-01-17,42,2,wk inc flu hosp,2026-01-31,quantile,0.5,1477
2026-01-17,42,2,wk inc flu hosp,2026-01-31,quantile,0.55,1549
2026-01-17,42,2,wk inc flu hosp,2026-01-31,quantile,0.6,1681
2026-01-17,42,2,wk inc flu hosp,2026-01-31,quantile,0.65,1808
2026-01-17,42,2,wk inc flu hosp,2026-01-31,quantile,0.7,1910
2026-01-17,42,2,wk inc flu hosp,2026-01-31,quantile,0.75,2029
2026-01-17,42,2,wk inc flu hosp,2026-01-31,quantile,0.8,2170
2026-01-17,42,2,wk inc flu hosp,2026-01-31,quantile,0.85,2336
2026-01-17,42,2,wk inc flu hosp,2026-01-31,quantile,0.9,2521
2026-01-17,42,2,wk inc flu hosp,2026-01-31,quantile,0.95,2822
2026-01-17,42,2,wk inc flu hosp,2026-01-31,quantile,0.975,3205
2026-01-17,42,2,wk inc flu hosp,2026-01-31,quantile,0.99,3878
2026-01-17,42,3,wk inc flu hosp,2026-02-07,quantile,0.01,187
2026-01-17,42,3,wk inc flu hosp,2026-02-07,quantile,0.025,279
2026-01-17,42,3,wk inc flu hosp,2026-02-07,quantile,0.05,365
2026-01-17,42,3,wk inc flu hosp,2026-02-07,quantile,0.1,491
2026-01-17,42,3,wk inc flu hosp,2026-02-07,quantile,0.15,559
2026-01-17,42,3,wk inc flu hosp,2026-02-07,quantile,0.2,662
2026-01-17,42,3,wk inc flu hosp,2026-02-07,quantile,0.25,807
2026-01-17,42,3,wk inc flu hosp,2026-02-07,quantile,0.3,907
2026-01-17,42,3,wk inc flu hosp,2026-02-07,quantile,0.35,1018
2026-01-17,42,3,wk inc flu hosp,2026-02-07,quantile,0.4,1187
2026-01-17,42,3,wk inc flu hosp,2026-02-07,quantile,0.45,1280
2026-01-17,42,3,wk inc flu hosp,2026-02-07,quantile,0.5,1376
2026-01-17,42,3,wk inc flu hosp,2026-02-07,quantile,0.55,1474
2026-01-17,42,3,wk inc flu hosp,2026-02-07,quantile,0.6,1550
2026-01-17,42,3,wk inc flu hosp,2026-02-07,quantile,0.65,1662
2026-01-17,42,3,wk inc flu hosp,2026-02-07,quantile,0.7,1810
2026-01-17,42,3,wk inc flu hosp,2026-02-07,quantile,0.75,1986
2026-01-17,42,3,wk inc flu hosp,2026-02-07,quantile,0.8,2115
2026-01-17,42,3,wk inc flu hosp,2026-02-07,quantile,0.85,2272
2026-01-17,42,3,wk inc flu hosp,2026-02-07,quantile,0.9,2535
2026-01-17,42,3,wk inc flu hosp,2026-02-07,quantile,0.95,2975
2026-01-17,42,3,wk inc flu hosp,2026-02-07,quantile,0.975,3596
2026-01-17,42,3,wk inc flu hosp,2026-02-07,quantile,0.99,3948
2026-01-17,44,0,wk inc flu hosp,2026-01-17,quantile,0.01,59
2026-01-17,44,0,wk inc flu hosp,2026-01-17,quantile,0.025,67
2026-01-17,44,0,wk inc flu hosp,2026-01-17,quantile,0.05,72
2026-01-17,44,0,wk inc flu hosp,2026-01-17,quantile,0.1,86
2026-01-17,44,0,wk inc flu hosp,2026-01-17,quantile,0.15,92
2026-01-17,44,0,wk inc flu hosp,2026-01-17,quantile,0.2,99
2026-01-17,44,0,wk inc flu hosp,2026-01-17,quantile,0.25,104
2026-01-17,44,0,wk inc flu hosp,2026-01-17,quantile,0.3,109
2026-01-17,44,0,wk inc flu hosp,2026-01-17,quantile,0.35,113
2026-01-17,44,0,wk inc flu hosp,2026-01-17,quantile,0.4,118
2026-01-17,44,0,wk inc flu hosp,2026-01-17,quantile,0.45,128
2026-01-17,44,0,wk inc flu hosp,2026-01-17,quantile,0.5,138
2026-01-17,44,0,wk inc flu hosp,2026-01-17,quantile,0.55,140
2026-01-17,44,0,wk inc flu hosp,2026-01-17,quantile,0.6,141
2026-01-17,44,0,wk inc flu hosp,2026-01-17,quantile,0.65,146
2026-01-17,44,0,wk inc flu hosp,2026-01-17,quantile,0.7,153
2026-01-17,44,0,wk inc flu hosp,2026-01-17,quantile,0.75,156
2026-01-17,44,0,wk inc flu hosp,2026-01-17,quantile,0.8,163
2026-01-17,44,0,wk inc flu hosp,2026-01-17,quantile,0.85,176
2026-01-17,44,0,wk inc flu hosp,2026-01-17,quantile,0.9,187
2026-01-17,44,0,wk inc flu hosp,2026-01-17,quantile,0.95,216
2026-01-17,44,0,wk inc flu hosp,2026-01-17,quantile,0.975,233
2026-01-17,44,0,wk inc flu hosp,2026-01-17,quantile,0.99,256
2026-01-17,44,1,wk inc flu hosp,2026-01-24,quantile,0.01,27
2026-01-17,44,1,wk inc flu hosp,2026-01-24,quantile,0.025,34
2026-01-17,44,1,wk inc flu hosp,2026-01-24,quantile,0.05,42
2026-01-17,44,1,wk inc flu hosp,2026-01-24,quantile,0.1,57
2026-01-17,44,1,wk inc flu hosp,2026-01-24,quantile,0.15,67
2026-01-17,44,1,wk inc flu hosp,2026-01-24,quantile,0.2,76
2026-01-17,44,1,wk inc flu hosp,2026-01-24,quantile,0.25,80
2026-01-17,44,1,wk inc flu hosp,2026-01-24,quantile,0.3,84
2026-01-17,44,1,wk inc flu hosp,2026-01-24,quantile,0.35,91
2026-01-17,44,1,wk inc flu hosp,2026-01-24,quantile,0.4,97
2026-01-17,44,1,wk inc flu hosp,2026-01-24,quantile,0.45,105
2026-01-17,44,1,wk inc flu hosp,2026-01-24,quantile,0.5,111
2026-01-17,44,1,wk inc flu hosp,2026-01-24,quantile,0.55,118
2026-01-17,44,1,wk inc flu hosp,2026-01-24,quantile,0.6,124
2026-01-17,44,1,wk inc flu hosp,2026-01-24,quantile,0.65,131
2026-01-17,44,1,wk inc flu hosp,2026-01-24,quantile,0.7,139
2026-01-17,44,1,wk inc flu hosp,2026-01-24,quantile,0.75,149
2026-01-17,44,1,wk inc flu hosp,2026-01-24,quantile,0.8,156
2026-01-17,44,1,wk inc flu hosp,2026-01-24,quantile,0.85,159
2026-01-17,44,1,wk inc flu hosp,2026-01-24,quantile,0.9,177
2026-01-17,44,1,wk inc flu hosp,2026-01-24,quantile,0.95,196
2026-01-17,44,1,wk inc flu hosp,2026-01-24,quantile,0.975,254
2026-01-17,44,1,wk inc flu hosp,2026-01-24,quantile,0.99,277
2026-01-17,44,2,wk inc flu hosp,2026-01-31,quantile,0.01,19
2026-01-17,44,2,wk inc flu hosp,2026-01-31,quantile,0.025,25
2026-01-17,44,2,wk inc flu hosp,2026-01-31,quantile,0.05,31
2026-01-17,44,2,wk inc flu hosp,2026-01-31,quantile,0.1,42
2026-01-17,44,2,wk inc flu hosp,2026-01-31,quantile,0.15,52
2026-01-17,44,2,wk inc flu hosp,2026-01-31,quantile,0.2,60
2026-01-17,44,2,wk inc flu hosp,2026-01-31,quantile,0.25,67
2026-01-17,44,2,wk inc flu hosp,2026-01-31,quantile,0.3,73
2026-01-17,44,2,wk inc flu hosp,2026-01-31,quantile,0.35,77
2026-01-17,44,2,wk inc flu hosp,2026-01-31,quantile,0.4,85
2026-01-17,44,2,wk inc flu hosp,2026-01-31,quantile,0.45,94
2026-01-17,44,2,wk inc flu hosp,2026-01-31,quantile,0.5,100
2026-01-17,44,2,wk inc flu hosp,2026-01-31,quantile,0.55,106
2026-01-17,44,2,wk inc flu hosp,2026-01-31,quantile,0.6,114
2026-01-17,44,2,wk inc flu hosp,2026-01-31,quantile,0.65,125
2026-01-17,44,2,wk inc flu hosp,2026-01-31,quantile,0.7,132
2026-01-17,44,2,wk inc flu hosp,2026-01-31,quantile,0.75,136
2026-01-17,44,2,wk inc flu hosp,2026-01-31,quantile,0.8,147
2026-01-17,44,2,wk inc flu hosp,2026-01-31,quantile,0.85,162
2026-01-17,44,2,wk inc flu hosp,2026-01-31,quantile,0.9,173
2026-01-17,44,2,wk inc flu hosp,2026-01-31,quantile,0.95,216
2026-01-17,44,2,wk inc flu hosp,2026-01-31,quantile,0.975,260
2026-01-17,44,2,wk inc flu hosp,2026-01-31,quantile,0.99,300
2026-01-17,44,3,wk inc flu hosp,2026-02-07,quantile,0.01,13
2026-01-17,44,3,wk inc flu hosp,2026-02-07,quantile,0.025,21
2026-01-17,44,3,wk inc flu hosp,2026-02-07,quantile,0.05,25
2026-01-17,44,3,wk inc flu hosp,2026-02-07,quantile,0.1,33
2026-01-17,44,3,wk inc flu hosp,2026-02-07,quantile,0.15,42
2026-01-17,44,3,wk inc flu hosp,2026-02-07,quantile,0.2,51
2026-01-17,44,3,wk inc flu hosp,2026-02-07,quantile,0.25,58
2026-01-17,44,3,wk inc flu hosp,2026-02-07,quantile,0.3,65
2026-01-17,44,3,wk inc flu hosp,2026-02-07,quantile,0.35,71
2026-01-17,44,3,wk inc flu hosp,2026-02-07,quantile,0.4,78
2026-01-17,44,3,wk inc flu hosp,2026-02-07,quantile,0.45,85
2026-01-17,44,3,wk inc flu hosp,2026-02-07,quantile,0.5,95
2026-01-17,44,3,wk inc flu hosp,2026-02-07,quantile,0.55,105
2026-01-17,44,3,wk inc flu hosp,2026-02-07,quantile,0.6,112
2026-01-17,44,3,wk inc flu hosp,2026-02-07,quantile,0.65,122
2026-01-17,44,3,wk inc flu hosp,2026-02-07,quantile,0.7,133
2026-01-17,44,3,wk inc flu hosp,2026-02-07,quantile,0.75,141
2026-01-17,44,3,wk inc flu hosp,2026-02-07,quantile,0.8,149
2026-01-17,44,3,wk inc flu hosp,2026-02-07,quantile,0.85,154
2026-01-17,44,3,wk inc flu hosp,2026-02-07,quantile,0.9,171
2026-01-17,44,3,wk inc flu hosp,2026-02-07,quantile,0.95,201
2026-01-17,44,3,wk inc flu hosp,2026-02-07,quantile,0.975,245
2026-01-17,44,3,wk inc flu hosp,2026-02-07,quantile,0.99,285
2026-01-17,45,0,wk inc flu hosp,2026-01-17,quantile,0.01,199
2026-01-17,45,0,wk inc flu hosp,2026-01-17,quantile,0.025,239
2026-01-17,45,0,wk inc flu hosp,2026-01-17,quantile,0.05,273
2026-01-17,45,0,wk inc flu hosp,2026-01-17,quantile,0.1,301
2026-01-17,45,0,wk inc flu hosp,2026-01-17,quantile,0.15,335
2026-01-17,45,0,wk inc flu hosp,2026-01-17,quantile,0.2,359
2026-01-17,45,0,wk inc flu hosp,2026-01-17,quantile,0.25,372
2026-01-17,45,0,wk inc flu hosp,2026-01-17,quantile,0.3,388
2026-01-17,45,0,wk inc flu hosp,2026-01-17,quantile,0.35,407
2026-01-17,45,0,wk inc flu hosp,2026-01-17,quantile,0.4,422
2026-01-17,45,0,wk inc flu hosp,2026-01-17,quantile,0.45,441
2026-01-17,45,0,wk inc flu hosp,2026-01-17,quantile,0.5,470
2026-01-17,45,0,wk inc flu hosp,2026-01-17,quantile,0.55,499
2026-01-17,45,0,wk inc flu hosp,2026-01-17,quantile,0.6,524
2026-01-17,45,0,wk inc flu hosp,2026-01-17,quantile,0.65,553
2026-01-17,45,0,wk inc flu hosp,2026-01-17,quantile,0.7,574
2026-01-17,45,0,wk inc flu hosp,2026-01-17,quantile,0.75,584
2026-01-17,45,0,wk inc flu hosp,2026-01-17,quantile,0.8,645
2026-01-17,45,0,wk inc flu hosp,2026-01-17,quantile,0.85,670
2026-01-17,45,0,wk inc flu hosp,2026-01-17,quantile,0.9,685
2026-01-17,45,0,wk inc flu hosp,2026-01-17,quantile,0.95,760
2026-01-17,45,0,wk inc flu hosp,2026-01-17,quantile,0.975,837
2026-01-17,45,0,wk inc flu hosp,2026-01-17,quantile,0.99,889
2026-01-17,45,1,wk inc flu hosp,2026-01-24,quantile,0.01,138
2026-01-17,45,1,wk inc flu hosp,2026-01-24,quantile,0.025,163
2026-01-17,45,1,wk inc flu hosp,2026-01-24,quantile,0.05,215
2026-01-17,45,1,wk inc flu hosp,2026-01-24,quantile,0.1,242
2026-01-17,45,1,wk inc flu hosp,2026-01-24,quantile,0.15,270
2026-01-17,45,1,wk inc flu hosp,2026-01-24,quantile,0.2,305
2026-01-17,45,1,wk inc flu hosp,2026-01-24,quantile,0.25,331
2026-01-17,45,1,wk inc flu hosp,2026-01-24,quantile,0.3,350
2026-01-17,45,1,wk inc flu hosp,2026-01-24,quantile,0.35,375
2026-01-17,45,1,wk inc flu hosp,2026-01-24,quantile,0.4,405
2026-01-17,45,1,wk inc flu hosp,2026-01-24,quantile,0.45,436
2026-01-17,45,1,wk inc flu hosp,2026-01-24,quantile,0.5,478
2026-01-17,45,1,wk inc flu hosp,2026-01-24,quantile,0.55,491
2026-01-17,45,1,wk inc flu hosp,2026-01-24,quantile,0.6,513
2026-01-17,45,1,wk inc flu hosp,2026-01-24,quantile,0.65,532
2026-01-17,45,1,wk inc flu hosp,2026-01-24,quantile,0.7,559
2026-01-17,45,1,wk inc flu hosp,2026-01-24,quantile,0.75,571
2026-01-17,45,1,wk inc flu hosp,2026-01-24,quantile,0.8,610
2026-01-17,45,1,wk inc flu hosp,2026-01-24,quantile,0.85,657
2026-01-17,45,1,wk inc flu hosp,2026-01-24,quantile,0.9,739
2026-01-17,45,1,wk inc flu hosp,2026-01-24,quantile,0.95,866
2026-01-17,45,1,wk inc flu hosp,2026-01-24,quantile,0.975,999
2026-01-17,45,1,wk inc flu hosp,2026-01-24,quantile,0.99,1107
2026-01-17,45,2,wk inc flu hosp,2026-01-31,quantile,0.01,100
2026-01-17,45,2,wk inc flu hosp,2026-01-31,quantile,0.025,120
2026-01-17,45,2,wk inc flu hosp,2026-01-31,quantile,0.05,160
2026-01-17,45,2,wk inc flu hosp,2026-01-31,quantile,0.1,207
2026-01-17,45,2,wk inc flu hosp,2026-01-31,quantile,0.15,240
2026-01-17,45,2,wk inc flu hosp,2026-01-31,quantile,0.2,272
2026-01-17,45,2,wk inc flu hosp,2026-01-31,quantile,0.25,299
2026-01-17,45,2,wk inc flu hosp,2026-01-31,quantile,0.3,320
2026-01-17,45,2,wk inc flu hosp,2026-01-31,quantile,0.35,353
2026-01-17,45,2,wk inc flu hosp,2026-01-31,quantile,0.4,374
2026-01-17,45,2,wk inc flu hosp,2026-01-31,quantile,0.45,405
2026-01-17,45,2,wk inc flu hosp,2026-01-31,quantile,0.5,447
2026-01-17,45,2,wk inc flu hosp,2026-01-31,quantile,0.55,481
2026-01-17,45,2,wk inc flu hosp,2026-01-31,quantile,0.6,517
2026-01-17,45,2,wk inc flu hosp,2026-01-31,quantile,0.65,533
2026-01-17,45,2,wk inc flu hosp,2026-01-31,quantile,0.7,561
2026-01-17,45,2,wk inc flu hosp,2026-01-31,quantile,0.75,580
2026-01-17,45,2,wk inc flu hosp,2026-01-31,quantile,0.8,608
2026-01-17,45,2,wk inc flu hosp,2026-01-31,quantile,0.85,665
2026-01-17,45,2,wk inc flu hosp,2026-01-31,quantile,0.9,754
2026-01-17,45,2,wk inc flu hosp,2026-01-31,quantile,0.95,944
2026-01-17,45,2,wk inc flu hosp,2026-01-31,quantile,0.975,1095
2026-01-17,45,2,wk inc flu hosp,2026-01-31,quantile,0.99,1249
2026-01-17,45,3,wk inc flu hosp,2026-02-07,quantile,0.01,64
2026-01-17,45,3,wk inc flu hosp,2026-02-07,quantile,0.025,89
2026-01-17,45,3,wk inc flu hosp,2026-02-07,quantile,0.05,111
2026-01-17,45,3,wk inc flu hosp,2026-02-07,quantile,0.1,159
2026-01-17,45,3,wk inc flu hosp,2026-02-07,quantile,0.15,188
2026-01-17,45,3,wk inc flu hosp,2026-02-07,quantile,0.2,208
2026-01-17,45,3,wk inc flu hosp,2026-02-07,quantile,0.25,232
2026-01-17,45,3,wk inc flu hosp,2026-02-07,quantile,0.3,271
2026-01-17,45,3,wk inc flu hosp,2026-02-07,quantile,0.35,305
2026-01-17,45,3,wk inc flu hosp,2026-02-07,quantile,0.4,343
2026-01-17,45,3,wk inc flu hosp,2026-02-07,quantile,0.45,381
2026-01-17,45,3,wk inc flu hosp,2026-02-07,quantile,0.5,422
2026-01-17,45,3,wk inc flu hosp,2026-02-07,quantile,0.55,443
2026-01-17,45,3,wk inc flu hosp,2026-02-07,quantile,0.6,479
2026-01-17,45,3,wk inc flu hosp,2026-02-07,quantile,0.65,505
2026-01-17,45,3,wk inc flu hosp,2026-02-07,quantile,0.7,536
2026-01-17,45,3,wk inc flu hosp,2026-02-07,quantile,0.75,577
2026-01-17,45,3,wk inc flu hosp,2026-02-07,quantile,0.8,605
2026-01-17,45,3,wk inc flu hosp,2026-02-07,quantile,0.85,629
2026-01-17,45,3,wk inc flu hosp,2026-02-07,quantile,0.9,705
2026-01-17,45,3,wk inc flu hosp,2026-02-07,quantile,0.95,907
2026-01-17,45,3,wk inc flu hosp,2026-02-07,quantile,0.975,1055
2026-01-17,45,3,wk inc flu hosp,2026-02-07,quantile,0.99,1208
2026-01-17,46,0,wk inc flu hosp,2026-01-17,quantile,0.01,17
2026-01-17,46,0,wk inc flu hosp,2026-01-17,quantile,0.025,23
2026-01-17,46,0,wk inc flu hosp,2026-01-17,quantile,0.05,26
2026-01-17,46,0,wk inc flu hosp,2026-01-17,quantile,0.1,31
2026-01-17,46,0,wk inc flu hosp,2026-01-17,quantile,0.15,35
2026-01-17,46,0,wk inc flu hosp,2026-01-17,quantile,0.2,39
2026-01-17,46,0,wk inc flu hosp,2026-01-17,quantile,0.25,41
2026-01-17,46,0,wk inc flu hosp,2026-01-17,quantile,0.3,43
2026-01-17,46,0,wk inc flu hosp,2026-01-17,quantile,0.35,48
2026-01-17,46,0,wk inc flu hosp,2026-01-17,quantile,0.4,52
2026-01-17,46,0,wk inc flu hosp,2026-01-17,quantile,0.45,54
2026-01-17,46,0,wk inc flu hosp,2026-01-17,quantile,0.5,58
2026-01-17,46,0,wk inc flu hosp,2026-01-17,quantile,0.55,61
2026-01-17,46,0,wk inc flu hosp,2026-01-17,quantile,0.6,65
2026-01-17,46,0,wk inc flu hosp,2026-01-17,quantile,0.65,68
2026-01-17,46,0,wk inc flu hosp,2026-01-17,quantile,0.7,73
2026-01-17,46,0,wk inc flu hosp,2026-01-17,quantile,0.75,76
2026-01-17,46,0,wk inc flu hosp,2026-01-17,quantile,0.8,80
2026-01-17,46,0,wk inc flu hosp,2026-01-17,quantile,0.85,86
2026-01-17,46,0,wk inc flu hosp,2026-01-17,quantile,0.9,95
2026-01-17,46,0,wk inc flu hosp,2026-01-17,quantile,0.95,110
2026-01-17,46,0,wk inc flu hosp,2026-01-17,quantile,0.975,122
2026-01-17,46,0,wk inc flu hosp,2026-01-17,quantile,0.99,143
2026-01-17,46,1,wk inc flu hosp,2026-01-24,quantile,0.01,13
2026-01-17,46,1,wk inc flu hosp,2026-01-24,quantile,0.025,16
2026-01-17,46,1,wk inc flu hosp,2026-01-24,quantile,0.05,21
2026-01-17,46,1,wk inc flu hosp,2026-01-24,quantile,0.1,27
2026-01-17,46,1,wk inc flu hosp,2026-01-24,quantile,0.15,32
2026-01-17,46,1,wk inc flu hosp,2026-01-24,quantile,0.2,36
2026-01-17,46,1,wk inc flu hosp,2026-01-24,quantile,0.25,41
2026-01-17,46,1,wk inc flu hosp,2026-01-24,quantile,0.3,43
2026-01-17,46,1,wk inc flu hosp,2026-01-24,quantile,0.35,47
2026-01-17,46,1,wk inc flu hosp,2026-01-24,quantile,0.4,51
2026-01-17,46,1,wk inc flu hosp,2026-01-24,quantile,0.45,55
2026-01-17,46,1,wk inc flu hosp,2026-01-24,quantile,0.5,57
2026-01-17,46,1,wk inc flu hosp,2026-01-24,quantile,0.55,66
2026-01-17,46,1,wk inc flu hosp,2026-01-24,quantile,0.6,69
2026-01-17,46,1,wk inc flu hosp,2026-01-24,quantile,0.65,74
2026-01-17,46,1,wk inc flu hosp,2026-01-24,quantile,0.7,83
2026-01-17,46,1,wk inc flu hosp,2026-01-24,quantile,0.75,90
2026-01-17,46,1,wk inc flu hosp,2026-01-24,quantile,0.8,99
2026-01-17,46,1,wk inc flu hosp,2026-01-24,quantile,0.85,103
2026-01-17,46,1,wk inc flu hosp,2026-01-24,quantile,0.9,113
2026-01-17,46,1,wk inc flu hosp,2026-01-24,quantile,0.95,130
2026-01-17,46,1,wk inc flu hosp,2026-01-24,quantile,0.975,146
2026-01-17,46,1,wk inc flu hosp,2026-01-24,quantile,0.99,180
2026-01-17,46,2,wk inc flu hosp,2026-01-31,quantile,0.01,8
2026-01-17,46,2,wk inc flu hosp,2026-01-31,quantile,0.025,13
2026-01-17,46,2,wk inc flu hosp,2026-01-31,quantile,0.05,16
2026-01-17,46,2,wk inc flu hosp,2026-01-31,quantile,0.1,21
2026-01-17,46,2,wk inc flu hosp,2026-01-31,quantile,0.15,25
2026-01-17,46,2,wk inc flu hosp,2026-01-31,quantile,0.2,28
2026-01-17,46,2,wk inc flu hosp,2026-01-31,quantile,0.25,31
2026-01-17,46,2,wk inc flu hosp,2026-01-31,quantile,0.3,37
2026-01-17,46,2,wk inc flu hosp,2026-01-31,quantile,0.35,46
2026-01-17,46,2,wk inc flu hosp,2026-01-31,quantile,0.4,50
2026-01-17,46,2,wk inc flu hosp,2026-01-31,quantile,0.45,52
2026-01-17,46,2,wk inc flu hosp,2026-01-31,quantile,0.5,55
2026-01-17,46,2,wk inc flu hosp,2026-01-31,quantile,0.55,61
2026-01-17,46,2,wk inc flu hosp,2026-01-31,quantile,0.6,66
2026-01-17,46,2,wk inc flu hosp,2026-01-31,quantile,0.65,73
2026-01-17,46,2,wk inc flu hosp,2026-01-31,quantile,0.7,80
2026-01-17,46,2,wk inc flu hosp,2026-01-31,quantile,0.75,89
2026-01-17,46,2,wk inc flu hosp,2026-01-31,quantile,0.8,101
2026-01-17,46,2,wk inc flu hosp,2026-01-31,quantile,0.85,112
2026-01-17,46,2,wk inc flu hosp,2026-01-31,quantile,0.9,129
2026-01-17,46,2,wk inc flu hosp,2026-01-31,quantile,0.95,145
2026-01-17,46,2,wk inc flu hosp,2026-01-31,quantile,0.975,164
2026-01-17,46,2,wk inc flu hosp,2026-01-31,quantile,0.99,194
2026-01-17,46,3,wk inc flu hosp,2026-02-07,quantile,0.01,7
2026-01-17,46,3,wk inc flu hosp,2026-02-07,quantile,0.025,10
2026-01-17,46,3,wk inc flu hosp,2026-02-07,quantile,0.05,14
2026-01-17,46,3,wk inc flu hosp,2026-02-07,quantile,0.1,19
2026-01-17,46,3,wk inc flu hosp,2026-02-07,quantile,0.15,23
2026-01-17,46,3,wk inc flu hosp,2026-02-07,quantile,0.2,27
2026-01-17,46,3,wk inc flu hosp,2026-02-07,quantile,0.25,32
2026-01-17,46,3,wk inc flu hosp,2026-02-07,quantile,0.3,37
2026-01-17,46,3,wk inc flu hosp,2026-02-07,quantile,0.35,42
2026-01-17,46,3,wk inc flu hosp,2026-02-07,quantile,0.4,46
2026-01-17,46,3,wk inc flu hosp,2026-02-07,quantile,0.45,49
2026-01-17,46,3,wk inc flu hosp,2026-02-07,quantile,0.5,54
2026-01-17,46,3,wk inc flu hosp,2026-02-07,quantile,0.55,57
2026-01-17,46,3,wk inc flu hosp,2026-02-07,quantile,0.6,63
2026-01-17,46,3,wk inc flu hosp,2026-02-07,quantile,0.65,70
2026-01-17,46,3,wk inc flu hosp,2026-02-07,quantile,0.7,79
2026-01-17,46,3,wk inc flu hosp,2026-02-07,quantile,0.75,88
2026-01-17,46,3,wk inc flu hosp,2026-02-07,quantile,0.8,92
2026-01-17,46,3,wk inc flu hosp,2026-02-07,quantile,0.85,107
2026-01-17,46,3,wk inc flu hosp,2026-02-07,quantile,0.9,118
2026-01-17,46,3,wk inc flu hosp,2026-02-07,quantile,0.95,142
2026-01-17,46,3,wk inc flu hosp,2026-02-07,quantile,0.975,161
2026-01-17,46,3,wk inc flu hosp,2026-02-07,quantile,0.99,203
2026-01-17,47,0,wk inc flu hosp,2026-01-17,quantile,0.01,230
2026-01-17,47,0,wk inc flu hosp,2026-01-17,quantile,0.025,249
2026-01-17,47,0,wk inc flu hosp,2026-01-17,quantile,0.05,273
2026-01-17,47,0,wk inc flu hosp,2026-01-17,quantile,0.1,309
2026-01-17,47,0,wk inc flu hosp,2026-01-17,quantile,0.15,342
2026-01-17,47,0,wk inc flu hosp,2026-01-17,quantile,0.2,363
2026-01-17,47,0,wk inc flu hosp,2026-01-17,quantile,0.25,391
2026-01-17,47,0,wk inc flu hosp,2026-01-17,quantile,0.3,403
2026-01-17,47,0,wk inc flu hosp,2026-01-17,quantile,0.35,428
2026-01-17,47,0,wk inc flu hosp,2026-01-17,quantile,0.4,443
2026-01-17,47,0,wk inc flu hosp,2026-01-17,quantile,0.45,463
2026-01-17,47,0,wk inc flu hosp,2026-01-17,quantile,0.5,480
2026-01-17,47,0,wk inc flu hosp,2026-01-17,quantile,0.55,499
2026-01-17,47,0,wk inc flu hosp,2026-01-17,quantile,0.6,516
2026-01-17,47,0,wk inc flu hosp,2026-01-17,quantile,0.65,532
2026-01-17,47,0,wk inc flu hosp,2026-01-17,quantile,0.7,547
2026-01-17,47,0,wk inc flu hosp,2026-01-17,quantile,0.75,572
2026-01-17,47,0,wk inc flu hosp,2026-01-17,quantile,0.8,601
2026-01-17,47,0,wk inc flu hosp,2026-01-17,quantile,0.85,637
2026-01-17,47,0,wk inc flu hosp,2026-01-17,quantile,0.9,684
2026-01-17,47,0,wk inc flu hosp,2026-01-17,quantile,0.95,752
2026-01-17,47,0,wk inc flu hosp,2026-01-17,quantile,0.975,811
2026-01-17,47,0,wk inc flu hosp,2026-01-17,quantile,0.99,889
2026-01-17,47,1,wk inc flu hosp,2026-01-24,quantile,0.01,153
2026-01-17,47,1,wk inc flu hosp,2026-01-24,quantile,0.025,183
2026-01-17,47,1,wk inc flu hosp,2026-01-24,quantile,0.05,210
2026-01-17,47,1,wk inc flu hosp,2026-01-24,quantile,0.1,260
2026-01-17,47,1,wk inc flu hosp,2026-01-24,quantile,0.15,286
2026-01-17,47,1,wk inc flu hosp,2026-01-24,quantile,0.2,314
2026-01-17,47,1,wk inc flu hosp,2026-01-24,quantile,0.25,333
2026-01-17,47,1,wk inc flu hosp,2026-01-24,quantile,0.3,357
2026-01-17,47,1,wk inc flu hosp,2026-01-24,quantile,0.35,395
2026-01-17,47,1,wk inc flu hosp,2026-01-24,quantile,0.4,436
2026-01-17,47,1,wk inc flu hosp,2026-01-24,quantile,0.45,452
2026-01-17,47,1,wk inc flu hosp,2026-01-24,quantile,0.5,473
2026-01-17,47,1,wk inc flu hosp,2026-01-24,quantile,0.55,494
2026-01-17,47,1,wk inc flu hosp,2026-01-24,quantile,0.6,512
2026-01-17,47,1,wk inc flu hosp,2026-01-24,quantile,0.65,526
2026-01-17,47,1,wk inc flu hosp,2026-01-24,quantile,0.7,547
2026-01-17,47,1,wk inc flu hosp,2026-01-24,quantile,0.75,574
2026-01-17,47,1,wk inc flu hosp,2026-01-24,quantile,0.8,602
2026-01-17,47,1,wk inc flu hosp,2026-01-24,quantile,0.85,646
2026-01-17,47,1,wk inc flu hosp,2026-01-24,quantile,0.9,717
2026-01-17,47,1,wk inc flu hosp,2026-01-24,quantile,0.95,828
2026-01-17,47,1,wk inc flu hosp,2026-01-24,quantile,0.975,909
2026-01-17,47,1,wk inc flu hosp,2026-01-24,quantile,0.99,1034
2026-01-17,47,2,wk inc flu hosp,2026-01-31,quantile,0.01,124
2026-01-17,47,2,wk inc flu hosp,2026-01-31,quantile,0.025,157
2026-01-17,47,2,wk inc flu hosp,2026-01-31,quantile,0.05,182
2026-01-17,47,2,wk inc flu hosp,2026-01-31,quantile,0.1,223
2026-01-17,47,2,wk inc flu hosp,2026-01-31,quantile,0.15,257
2026-01-17,47,2,wk inc flu hosp,2026-01-31,quantile,0.2,304
2026-01-17,47,2,wk inc flu hosp,2026-01-31,quantile,0.25,332
2026-01-17,47,2,wk inc flu hosp,2026-01-31,quantile,0.3,356
2026-01-17,47,2,wk inc flu hosp,2026-01-31,quantile,0.35,390
2026-01-17,47,2,wk inc flu hosp,2026-01-31,quantile,0.4,416
2026-01-17,47,2,wk inc flu hosp,2026-01-31,quantile,0.45,430
2026-01-17,47,2,wk inc flu hosp,2026-01-31,quantile,0.5,466
2026-01-17,47,2,wk inc flu hosp,2026-01-31,quantile,0.55,494
2026-01-17,47,2,wk inc flu hosp,2026-01-31,quantile,0.6,516
2026-01-17,47,2,wk inc flu hosp,2026-01-31,quantile,0.65,536
2026-01-17,47,2,wk inc flu hosp,2026-01-31,quantile,0.7,551
2026-01-17,47,2,wk inc flu hosp,2026-01-31,quantile,0.75,575
2026-01-17,47,2,wk inc flu hosp,2026-01-31,quantile,0.8,623
2026-01-17,47,2,wk inc flu hosp,2026-01-31,quantile,0.85,678
2026-01-17,47,2,wk inc flu hosp,2026-01-31,quantile,0.9,742
2026-01-17,47,2,wk inc flu hosp,2026-01-31,quantile,0.95,855
2026-01-17,47,2,wk inc flu hosp,2026-01-31,quantile,0.975,999
2026-01-17,47,2,wk inc flu hosp,2026-01-31,quantile,0.99,1139
2026-01-17,47,3,wk inc flu hosp,2026-02-07,quantile,0.01,97
2026-01-17,47,3,wk inc flu hosp,2026-02-07,quantile,0.025,117
2026-01-17,47,3,wk inc flu hosp,2026-02-07,quantile,0.05,138
2026-01-17,47,3,wk inc flu hosp,2026-02-07,quantile,0.1,187
2026-01-17,47,3,wk inc flu hosp,2026-02-07,quantile,0.15,232
2026-01-17,47,3,wk inc flu hosp,2026-02-07,quantile,0.2,256
2026-01-17,47,3,wk inc flu hosp,2026-02-07,quantile,0.25,289
2026-01-17,47,3,wk inc flu hosp,2026-02-07,quantile,0.3,319
2026-01-17,47,3,wk inc flu hosp,2026-02-07,quantile,0.35,358
2026-01-17,47,3,wk inc flu hosp,2026-02-07,quantile,0.4,379
2026-01-17,47,3,wk inc flu hosp,2026-02-07,quantile,0.45,399
2026-01-17,47,3,wk inc flu hosp,2026-02-07,quantile,0.5,421
2026-01-17,47,3,wk inc flu hosp,2026-02-07,quantile,0.55,454
2026-01-17,47,3,wk inc flu hosp,2026-02-07,quantile,0.6,482
2026-01-17,47,3,wk inc flu hosp,2026-02-07,quantile,0.65,502
2026-01-17,47,3,wk inc flu hosp,2026-02-07,quantile,0.7,526
2026-01-17,47,3,wk inc flu hosp,2026-02-07,quantile,0.75,553
2026-01-17,47,3,wk inc flu hosp,2026-02-07,quantile,0.8,597
2026-01-17,47,3,wk inc flu hosp,2026-02-07,quantile,0.85,662
2026-01-17,47,3,wk inc flu hosp,2026-02-07,quantile,0.9,760
2026-01-17,47,3,wk inc flu hosp,2026-02-07,quantile,0.95,887
2026-01-17,47,3,wk inc flu hosp,2026-02-07,quantile,0.975,993
2026-01-17,47,3,wk inc flu hosp,2026-02-07,quantile,0.99,1165
2026-01-17,48,0,wk inc flu hosp,2026-01-17,quantile,0.01,682
2026-01-17,48,0,wk inc flu hosp,2026-01-17,quantile,0.025,825
2026-01-17,48,0,wk inc flu hosp,2026-01-17,quantile,0.05,926
2026-01-17,48,0,wk inc flu hosp,2026-01-17,quantile,0.1,1045
2026-01-17,48,0,wk inc flu hosp,2026-01-17,quantile,0.15,1089
2026-01-17,48,0,wk inc flu hosp,2026-01-17,quantile,0.2,1149
2026-01-17,48,0,wk inc flu hosp,2026-01-17,quantile,0.25,1212
2026-01-17,48,0,wk inc flu hosp,2026-01-17,quantile,0.3,1266
2026-01-17,48,0,wk inc flu hosp,2026-01-17,quantile,0.35,1315
2026-01-17,48,0,wk inc flu hosp,2026-01-17,quantile,0.4,1373
2026-01-17,48,0,wk inc flu hosp,2026-01-17,quantile,0.45,1452
2026-01-17,48,0,wk inc flu hosp,2026-01-17,quantile,0.5,1492
2026-01-17,48,0,wk inc flu hosp,2026-01-17,quantile,0.55,1531
2026-01-17,48,0,wk inc flu hosp,2026-01-17,quantile,0.6,1579
2026-01-17,48,0,wk inc flu hosp,2026-01-17,quantile,0.65,1627
2026-01-17,48,0,wk inc flu hosp,2026-01-17,quantile,0.7,1672
2026-01-17,48,0,wk inc flu hosp,2026-01-17,quantile,0.75,1731
2026-01-17,48,0,wk inc flu hosp,2026-01-17,quantile,0.8,1809
2026-01-17,48,0,wk inc flu hosp,2026-01-17,quantile,0.85,1895
2026-01-17,48,0,wk inc flu hosp,2026-01-17,quantile,0.9,2001
2026-01-17,48,0,wk inc flu hosp,2026-01-17,quantile,0.95,2138
2026-01-17,48,0,wk inc flu hosp,2026-01-17,quantile,0.975,2367
2026-01-17,48,0,wk inc flu hosp,2026-01-17,quantile,0.99,2660
2026-01-17,48,1,wk inc flu hosp,2026-01-24,quantile,0.01,560
2026-01-17,48,1,wk inc flu hosp,2026-01-24,quantile,0.025,681
2026-01-17,48,1,wk inc flu hosp,2026-01-24,quantile,0.05,759
2026-01-17,48,1,wk inc flu hosp,2026-01-24,quantile,0.1,841
2026-01-17,48,1,wk inc flu hosp,2026-01-24,quantile,0.15,953
2026-01-17,48,1,wk inc flu hosp,2026-01-24,quantile,0.2,1021
2026-01-17,48,1,wk inc flu hosp,2026-01-24,quantile,0.25,1108
2026-01-17,48,1,wk inc flu hosp,2026-01-24,quantile,0.3,1200
2026-01-17,48,1,wk inc flu hosp,2026-01-24,quantile,0.35,1266
2026-01-17,48,1,wk inc flu hosp,2026-01-24,quantile,0.4,1330
2026-01-17,48,1,wk inc flu hosp,2026-01-24,quantile,0.45,1428
2026-01-17,48,1,wk inc flu hosp,2026-01-24,quantile,0.5,1478
2026-01-17,48,1,wk inc flu hosp,2026-01-24,quantile,0.55,1529
2026-01-17,48,1,wk inc flu hosp,2026-01-24,quantile,0.6,1594
2026-01-17,48,1,wk inc flu hosp,2026-01-24,quantile,0.65,1674
2026-01-17,48,1,wk inc flu hosp,2026-01-24,quantile,0.7,1767
2026-01-17,48,1,wk inc flu hosp,2026-01-24,quantile,0.75,1880
2026-01-17,48,1,wk inc flu hosp,2026-01-24,quantile,0.8,2002
2026-01-17,48,1,wk inc flu hosp,2026-01-24,quantile,0.85,2119
2026-01-17,48,1,wk inc flu hosp,2026-01-24,quantile,0.9,2288
2026-01-17,48,1,wk inc flu hosp,2026-01-24,quantile,0.95,2544
2026-01-17,48,1,wk inc flu hosp,2026-01-24,quantile,0.975,2786
2026-01-17,48,1,wk inc flu hosp,2026-01-24,quantile,0.99,3216
2026-01-17,48,2,wk inc flu hosp,2026-01-31,quantile,0.01,432
2026-01-17,48,2,wk inc flu hosp,2026-01-31,quantile,0.025,476
2026-01-17,48,2,wk inc flu hosp,2026-01-31,quantile,0.05,617
2026-01-17,48,2,wk inc flu hosp,2026-01-31,quantile,0.1,718
2026-01-17,48,2,wk inc flu hosp,2026-01-31,quantile,0.15,800
2026-01-17,48,2,wk inc flu hosp,2026-01-31,quantile,0.2,879
2026-01-17,48,2,wk inc flu hosp,2026-01-31,quantile,0.25,956
2026-01-17,48,2,wk inc flu hosp,2026-01-31,quantile,0.3,1097
2026-01-17,48,2,wk inc flu hosp,2026-01-31,quantile,0.35,1177
2026-01-17,48,2,wk inc flu hosp,2026-01-31,quantile,0.4,1286
2026-01-17,48,2,wk inc flu hosp,2026-01-31,quantile,0.45,1447
2026-01-17,48,2,wk inc flu hosp,2026-01-31,quantile,0.5,1477
2026-01-17,48,2,wk inc flu hosp,2026-01-31,quantile,0.55,1543
2026-01-17,48,2,wk inc flu hosp,2026-01-31,quantile,0.6,1616
2026-01-17,48,2,wk inc flu hosp,2026-01-31,quantile,0.65,1725
2026-01-17,48,2,wk inc flu hosp,2026-01-31,quantile,0.7,1811
2026-01-17,48,2,wk inc flu hosp,2026-01-31,quantile,0.75,1925
2026-01-17,48,2,wk inc flu hosp,2026-01-31,quantile,0.8,2062
2026-01-17,48,2,wk inc flu hosp,2026-01-31,quantile,0.85,2211
2026-01-17,48,2,wk inc flu hosp,2026-01-31,quantile,0.9,2439
2026-01-17,48,2,wk inc flu hosp,2026-01-31,quantile,0.95,2773
2026-01-17,48,2,wk inc flu hosp,2026-01-31,quantile,0.975,3186
2026-01-17,48,2,wk inc flu hosp,2026-01-31,quantile,0.99,3719
2026-01-17,48,3,wk inc flu hosp,2026-02-07,quantile,0.01,293
2026-01-17,48,3,wk inc flu hosp,2026-02-07,quantile,0.025,365
2026-01-17,48,3,wk inc flu hosp,2026-02-07,quantile,0.05,438
2026-01-17,48,3,wk inc flu hosp,2026-02-07,quantile,0.1,568
2026-01-17,48,3,wk inc flu hosp,2026-02-07,quantile,0.15,686
2026-01-17,48,3,wk inc flu hosp,2026-02-07,quantile,0.2,735
2026-01-17,48,3,wk inc flu hosp,2026-02-07,quantile,0.25,810
2026-01-17,48,3,wk inc flu hosp,2026-02-07,quantile,0.3,916
2026-01-17,48,3,wk inc flu hosp,2026-02-07,quantile,0.35,1079
2026-01-17,48,3,wk inc flu hosp,2026-02-07,quantile,0.4,1251
2026-01-17,48,3,wk inc flu hosp,2026-02-07,quantile,0.45,1335
2026-01-17,48,3,wk inc flu hosp,2026-02-07,quantile,0.5,1378
2026-01-17,48,3,wk inc flu hosp,2026-02-07,quantile,0.55,1418
2026-01-17,48,3,wk inc flu hosp,2026-02-07,quantile,0.6,1513
2026-01-17,48,3,wk inc flu hosp,2026-02-07,quantile,0.65,1629
2026-01-17,48,3,wk inc flu hosp,2026-02-07,quantile,0.7,1729
2026-01-17,48,3,wk inc flu hosp,2026-02-07,quantile,0.75,1822
2026-01-17,48,3,wk inc flu hosp,2026-02-07,quantile,0.8,1947
2026-01-17,48,3,wk inc flu hosp,2026-02-07,quantile,0.85,2106
2026-01-17,48,3,wk inc flu hosp,2026-02-07,quantile,0.9,2407
2026-01-17,48,3,wk inc flu hosp,2026-02-07,quantile,0.95,2807
2026-01-17,48,3,wk inc flu hosp,2026-02-07,quantile,0.975,3261
2026-01-17,48,3,wk inc flu hosp,2026-02-07,quantile,0.99,3908
2026-01-17,49,0,wk inc flu hosp,2026-01-17,quantile,0.01,50
2026-01-17,49,0,wk inc flu hosp,2026-01-17,quantile,0.025,65
2026-01-17,49,0,wk inc flu hosp,2026-01-17,quantile,0.05,71
2026-01-17,49,0,wk inc flu hosp,2026-01-17,quantile,0.1,83
2026-01-17,49,0,wk inc flu hosp,2026-01-17,quantile,0.15,92
2026-01-17,49,0,wk inc flu hosp,2026-01-17,quantile,0.2,101
2026-01-17,49,0,wk inc flu hosp,2026-01-17,quantile,0.25,111
2026-01-17,49,0,wk inc flu hosp,2026-01-17,quantile,0.3,117
2026-01-17,49,0,wk inc flu hosp,2026-01-17,quantile,0.35,124
2026-01-17,49,0,wk inc flu hosp,2026-01-17,quantile,0.4,129
2026-01-17,49,0,wk inc flu hosp,2026-01-17,quantile,0.45,135
2026-01-17,49,0,wk inc flu hosp,2026-01-17,quantile,0.5,142
2026-01-17,49,0,wk inc flu hosp,2026-01-17,quantile,0.55,149
2026-01-17,49,0,wk inc flu hosp,2026-01-17,quantile,0.6,155
2026-01-17,49,0,wk inc flu hosp,2026-01-17,quantile,0.65,160
2026-01-17,49,0,wk inc flu hosp,2026-01-17,quantile,0.7,168
2026-01-17,49,0,wk inc flu hosp,2026-01-17,quantile,0.75,177
2026-01-17,49,0,wk inc flu hosp,2026-01-17,quantile,0.8,187
2026-01-17,49,0,wk inc flu hosp,2026-01-17,quantile,0.85,198
2026-01-17,49,0,wk inc flu hosp,2026-01-17,quantile,0.9,211
2026-01-17,49,0,wk inc flu hosp,2026-01-17,quantile,0.95,234
2026-01-17,49,0,wk inc flu hosp,2026-01-17,quantile,0.975,254
2026-01-17,49,0,wk inc flu hosp,2026-01-17,quantile,0.99,272
2026-01-17,49,1,wk inc flu hosp,2026-01-24,quantile,0.01,34
2026-01-17,49,1,wk inc flu hosp,2026-01-24,quantile,0.025,44
2026-01-17,49,1,wk inc flu hosp,2026-01-24,quantile,0.05,57
2026-01-17,49,1,wk inc flu hosp,2026-01-24,quantile,0.1,71
2026-01-17,49,1,wk inc flu hosp,2026-01-24,quantile,0.15,86
2026-01-17,49,1,wk inc flu hosp,2026-01-24,quantile,0.2,93
2026-01-17,49,1,wk inc flu hosp,2026-01-24,quantile,0.25,101
2026-01-17,49,1,wk inc flu hosp,2026-01-24,quantile,0.3,109
2026-01-17,49,1,wk inc flu hosp,2026-01-24,quantile,0.35,112
2026-01-17,49,1,wk inc flu hosp,2026-01-24,quantile,0.4,117
2026-01-17,49,1,wk inc flu hosp,2026-01-24,quantile,0.45,127
2026-01-17,49,1,wk inc flu hosp,2026-01-24,quantile,0.5,134
2026-01-17,49,1,wk inc flu hosp,2026-01-24,quantile,0.55,140
2026-01-17,49,1,wk inc flu hosp,2026-01-24,quantile,0.6,147
2026-01-17,49,1,wk inc flu hosp,2026-01-24,quantile,0.65,155
2026-01-17,49,1,wk inc flu hosp,2026-01-24,quantile,0.7,162
2026-01-17,49,1,wk inc flu hosp,2026-01-24,quantile,0.75,170
2026-01-17,49,1,wk inc flu hosp,2026-01-24,quantile,0.8,184
2026-01-17,49,1,wk inc flu hosp,2026-01-24,quantile,0.85,202
2026-01-17,49,1,wk inc flu hosp,2026-01-24,quantile,0.9,227
2026-01-17,49,1,wk inc flu hosp,2026-01-24,quantile,0.95,258
2026-01-17,49,1,wk inc flu hosp,2026-01-24,quantile,0.975,292
2026-01-17,49,1,wk inc flu hosp,2026-01-24,quantile,0.99,329
2026-01-17,49,2,wk inc flu hosp,2026-01-31,quantile,0.01,24
2026-01-17,49,2,wk inc flu hosp,2026-01-31,quantile,0.025,33
2026-01-17,49,2,wk inc flu hosp,2026-01-31,quantile,0.05,44
2026-01-17,49,2,wk inc flu hosp,2026-01-31,quantile,0.1,60
2026-01-17,49,2,wk inc flu hosp,2026-01-31,quantile,0.15,71
2026-01-17,49,2,wk inc flu hosp,2026-01-31,quantile,0.2,81
2026-01-17,49,2,wk inc flu hosp,2026-01-31,quantile,0.25,90
2026-01-17,49,2,wk inc flu hosp,2026-01-31,quantile,0.3,101
2026-01-17,49,2,wk inc flu hosp,2026-01-31,quantile,0.35,107
2026-01-17,49,2,wk inc flu hosp,2026-01-31,quantile,0.4,116
2026-01-17,49,2,wk inc flu hosp,2026-01-31,quantile,0.45,122
2026-01-17,49,2,wk inc flu hosp,2026-01-31,quantile,0.5,125
2026-01-17,49,2,wk inc flu hosp,2026-01-31,quantile,0.55,135
2026-01-17,49,2,wk inc flu hosp,2026-01-31,quantile,0.6,138
2026-01-17,49,2,wk inc flu hosp,2026-01-31,quantile,0.65,145
2026-01-17,49,2,wk inc flu hosp,2026-01-31,quantile,0.7,158
2026-01-17,49,2,wk inc flu hosp,2026-01-31,quantile,0.75,171
2026-01-17,49,2,wk inc flu hosp,2026-01-31,quantile,0.8,185
2026-01-17,49,2,wk inc flu hosp,2026-01-31,quantile,0.85,206
2026-01-17,49,2,wk inc flu hosp,2026-01-31,quantile,0.9,225
2026-01-17,49,2,wk inc flu hosp,2026-01-31,quantile,0.95,266
2026-01-17,49,2,wk inc flu hosp,2026-01-31,quantile,0.975,294
2026-01-17,49,2,wk inc flu hosp,2026-01-31,quantile,0.99,356
2026-01-17,49,3,wk inc flu hosp,2026-02-07,quantile,0.01,16
2026-01-17,49,3,wk inc flu hosp,2026-02-07,quantile,0.025,23
2026-01-17,49,3,wk inc flu hosp,2026-02-07,quantile,0.05,29
2026-01-17,49,3,wk inc flu hosp,2026-02-07,quantile,0.1,46
2026-01-17,49,3,wk inc flu hosp,2026-02-07,quantile,0.15,56
2026-01-17,49,3,wk inc flu hosp,2026-02-07,quantile,0.2,70
2026-01-17,49,3,wk inc flu hosp,2026-02-07,quantile,0.25,81
2026-01-17,49,3,wk inc flu hosp,2026-02-07,quantile,0.3,90
2026-01-17,49,3,wk inc flu hosp,2026-02-07,quantile,0.35,100
2026-01-17,49,3,wk inc flu hosp,2026-02-07,quantile,0.4,105
2026-01-17,49,3,wk inc flu hosp,2026-02-07,quantile,0.45,110
2026-01-17,49,3,wk inc flu hosp,2026-02-07,quantile,0.5,117
2026-01-17,49,3,wk inc flu hosp,2026-02-07,quantile,0.55,126
2026-01-17,49,3,wk inc flu hosp,2026-02-07,quantile,0.6,131
2026-01-17,49,3,wk inc flu hosp,2026-02-07,quantile,0.65,139
2026-01-17,49,3,wk inc flu hosp,2026-02-07,quantile,0.7,152
2026-01-17,49,3,wk inc flu hosp,2026-02-07,quantile,0.75,162
2026-01-17,49,3,wk inc flu hosp,2026-02-07,quantile,0.8,175
2026-01-17,49,3,wk inc flu hosp,2026-02-07,quantile,0.85,197
2026-01-17,49,3,wk inc flu hosp,2026-02-07,quantile,0.9,223
2026-01-17,49,3,wk inc flu hosp,2026-02-07,quantile,0.95,260
2026-01-17,49,3,wk inc flu hosp,2026-02-07,quantile,0.975,313
2026-01-17,49,3,wk inc flu hosp,2026-02-07,quantile,0.99,376
2026-01-17,50,0,wk inc flu hosp,2026-01-17,quantile,0.01,11
2026-01-17,50,0,wk inc flu hosp,2026-01-17,quantile,0.025,14
2026-01-17,50,0,wk inc flu hosp,2026-01-17,quantile,0.05,18
2026-01-17,50,0,wk inc flu hosp,2026-01-17,quantile,0.1,22
2026-01-17,50,0,wk inc flu hosp,2026-01-17,quantile,0.15,25
2026-01-17,50,0,wk inc flu hosp,2026-01-17,quantile,0.2,27
2026-01-17,50,0,wk inc flu hosp,2026-01-17,quantile,0.25,29
2026-01-17,50,0,wk inc flu hosp,2026-01-17,quantile,0.3,32
2026-01-17,50,0,wk inc flu hosp,2026-01-17,quantile,0.35,34
2026-01-17,50,0,wk inc flu hosp,2026-01-17,quantile,0.4,36
2026-01-17,50,0,wk inc flu hosp,2026-01-17,quantile,0.45,39
2026-01-17,50,0,wk inc flu hosp,2026-01-17,quantile,0.5,41
2026-01-17,50,0,wk inc flu hosp,2026-01-17,quantile,0.55,43
2026-01-17,50,0,wk inc flu hosp,2026-01-17,quantile,0.6,45
2026-01-17,50,0,wk inc flu hosp,2026-01-17,quantile,0.65,48
2026-01-17,50,0,wk inc flu hosp,2026-01-17,quantile,0.7,51
2026-01-17,50,0,wk inc flu hosp,2026-01-17,quantile,0.75,54
2026-01-17,50,0,wk inc flu hosp,2026-01-17,quantile,0.8,57
2026-01-17,50,0,wk inc flu hosp,2026-01-17,quantile,0.85,61
2026-01-17,50,0,wk inc flu hosp,2026-01-17,quantile,0.9,66
2026-01-17,50,0,wk inc flu hosp,2026-01-17,quantile,0.95,72
2026-01-17,50,0,wk inc flu hosp,2026-01-17,quantile,0.975,81
2026-01-17,50,0,wk inc flu hosp,2026-01-17,quantile,0.99,93
2026-01-17,50,1,wk inc flu hosp,2026-01-24,quantile,0.01,7
2026-01-17,50,1,wk inc flu hosp,2026-01-24,quantile,0.025,9
2026-01-17,50,1,wk inc flu hosp,2026-01-24,quantile,0.05,13
2026-01-17,50,1,wk inc flu hosp,2026-01-24,quantile,0.1,18
2026-01-17,50,1,wk inc flu hosp,2026-01-24,quantile,0.15,22
2026-01-17,50,1,wk inc flu hosp,2026-01-24,quantile,0.2,25
2026-01-17,50,1,wk inc flu hosp,2026-01-24,quantile,0.25,28
2026-01-17,50,1,wk inc flu hosp,2026-01-24,quantile,0.3,31
2026-01-17,50,1,wk inc flu hosp,2026-01-24,quantile,0.35,33
2026-01-17,50,1,wk inc flu hosp,2026-01-24,quantile,0.4,36
2026-01-17,50,1,wk inc flu hosp,2026-01-24,quantile,0.45,38
2026-01-17,50,1,wk inc flu hosp,2026-01-24,quantile,0.5,42
2026-01-17,50,1,wk inc flu hosp,2026-01-24,quantile,0.55,45
2026-01-17,50,1,wk inc flu hosp,2026-01-24,quantile,0.6,48
2026-01-17,50,1,wk inc flu hosp,2026-01-24,quantile,0.65,51
2026-01-17,50,1,wk inc flu hosp,2026-01-24,quantile,0.7,55
2026-01-17,50,1,wk inc flu hosp,2026-01-24,quantile,0.75,59
2026-01-17,50,1,wk inc flu hosp,2026-01-24,quantile,0.8,63
2026-01-17,50,1,wk inc flu hosp,2026-01-24,quantile,0.85,68
2026-01-17,50,1,wk inc flu hosp,2026-01-24,quantile,0.9,77
2026-01-17,50,1,wk inc flu hosp,2026-01-24,quantile,0.95,87
2026-01-17,50,1,wk inc flu hosp,2026-01-24,quantile,0.975,95
2026-01-17,50,1,wk inc flu hosp,2026-01-24,quantile,0.99,108
2026-01-17,50,2,wk inc flu hosp,2026-01-31,quantile,0.01,6
2026-01-17,50,2,wk inc flu hosp,2026-01-31,quantile,0.025,9
2026-01-17,50,2,wk inc flu hosp,2026-01-31,quantile,0.05,11
2026-01-17,50,2,wk inc flu hosp,2026-01-31,quantile,0.1,16
2026-01-17,50,2,wk inc flu hosp,2026-01-31,quantile,0.15,20
2026-01-17,50,2,wk inc flu hosp,2026-01-31,quantile,0.2,24
2026-01-17,50,2,wk inc flu hosp,2026-01-31,quantile,0.25,27
2026-01-17,50,2,wk inc flu hosp,2026-01-31,quantile,0.3,30
2026-01-17,50,2,wk inc flu hosp,2026-01-31,quantile,0.35,34
2026-01-17,50,2,wk inc flu hosp,2026-01-31,quantile,0.4,36
2026-01-17,50,2,wk inc flu hosp,2026-01-31,quantile,0.45,39
2026-01-17,50,2,wk inc flu hosp,2026-01-31,quantile,0.5,43
2026-01-17,50,2,wk inc flu hosp,2026-01-31,quantile,0.55,47
2026-01-17,50,2,wk inc flu hosp,2026-01-31,quantile,0.6,50
2026-01-17,50,2,wk inc flu hosp,2026-01-31,quantile,0.65,54
2026-01-17,50,2,wk inc flu hosp,2026-01-31,quantile,0.7,59
2026-01-17,50,2,wk inc flu hosp,2026-01-31,quantile,0.75,64
2026-01-17,50,2,wk inc flu hosp,2026-01-31,quantile,0.8,70
2026-01-17,50,2,wk inc flu hosp,2026-01-31,quantile,0.85,78
2026-01-17,50,2,wk inc flu hosp,2026-01-31,quantile,0.9,84
2026-01-17,50,2,wk inc flu hosp,2026-01-31,quantile,0.95,100
2026-01-17,50,2,wk inc flu hosp,2026-01-31,quantile,0.975,109
2026-01-17,50,2,wk inc flu hosp,2026-01-31,quantile,0.99,122
2026-01-17,50,3,wk inc flu hosp,2026-02-07,quantile,0.01,5
2026-01-17,50,3,wk inc flu hosp,2026-02-07,quantile,0.025,7
2026-01-17,50,3,wk inc flu hosp,2026-02-07,quantile,0.05,10
2026-01-17,50,3,wk inc flu hosp,2026-02-07,quantile,0.1,14
2026-01-17,50,3,wk inc flu hosp,2026-02-07,quantile,0.15,17
2026-01-17,50,3,wk inc flu hosp,2026-02-07,quantile,0.2,21
2026-01-17,50,3,wk inc flu hosp,2026-02-07,quantile,0.25,25
2026-01-17,50,3,wk inc flu hosp,2026-02-07,quantile,0.3,28
2026-01-17,50,3,wk inc flu hosp,2026-02-07,quantile,0.35,30
2026-01-17,50,3,wk inc flu hosp,2026-02-07,quantile,0.4,34
2026-01-17,50,3,wk inc flu hosp,2026-02-07,quantile,0.45,36
2026-01-17,50,3,wk inc flu hosp,2026-02-07,quantile,0.5,39
2026-01-17,50,3,wk inc flu hosp,2026-02-07,quantile,0.55,43
2026-01-17,50,3,wk inc flu hosp,2026-02-07,quantile,0.6,47
2026-01-17,50,3,wk inc flu hosp,2026-02-07,quantile,0.65,51
2026-01-17,50,3,wk inc flu hosp,2026-02-07,quantile,0.7,56
2026-01-17,50,3,wk inc flu hosp,2026-02-07,quantile,0.75,62
2026-01-17,50,3,wk inc flu hosp,2026-02-07,quantile,0.8,67
2026-01-17,50,3,wk inc flu hosp,2026-02-07,quantile,0.85,76
2026-01-17,50,3,wk inc flu hosp,2026-02-07,quantile,0.9,84
2026-01-17,50,3,wk inc flu hosp,2026-02-07,quantile,0.95,97
2026-01-17,50,3,wk inc flu hosp,2026-02-07,quantile,0.975,109
2026-01-17,50,3,wk inc flu hosp,2026-02-07,quantile,0.99,128
2026-01-17,51,0,wk inc flu hosp,2026-01-17,quantile,0.01,375
2026-01-17,51,0,wk inc flu hosp,2026-01-17,quantile,0.025,434
2026-01-17,51,0,wk inc flu hosp,2026-01-17,quantile,0.05,490
2026-01-17,51,0,wk inc flu hosp,2026-01-17,quantile,0.1,539
2026-01-17,51,0,wk inc flu hosp,2026-01-17,quantile,0.15,581
2026-01-17,51,0,wk inc flu hosp,2026-01-17,quantile,0.2,618
2026-01-17,51,0,wk inc flu hosp,2026-01-17,quantile,0.25,654
2026-01-17,51,0,wk inc flu hosp,2026-01-17,quantile,0.3,667
2026-01-17,51,0,wk inc flu hosp,2026-01-17,quantile,0.35,676
2026-01-17,51,0,wk inc flu hosp,2026-01-17,quantile,0.4,710
2026-01-17,51,0,wk inc flu hosp,2026-01-17,quantile,0.45,742
2026-01-17,51,0,wk inc flu hosp,2026-01-17,quantile,0.5,774
2026-01-17,51,0,wk inc flu hosp,2026-01-17,quantile,0.55,806
2026-01-17,51,0,wk inc flu hosp,2026-01-17,quantile,0.6,839
2026-01-17,51,0,wk inc flu hosp,2026-01-17,quantile,0.65,860
2026-01-17,51,0,wk inc flu hosp,2026-01-17,quantile,0.7,864
2026-01-17,51,0,wk inc flu hosp,2026-01-17,quantile,0.75,886
2026-01-17,51,0,wk inc flu hosp,2026-01-17,quantile,0.8,938
2026-01-17,51,0,wk inc flu hosp,2026-01-17,quantile,0.85,994
2026-01-17,51,0,wk inc flu hosp,2026-01-17,quantile,0.9,1050
2026-01-17,51,0,wk inc flu hosp,2026-01-17,quantile,0.95,1128
2026-01-17,51,0,wk inc flu hosp,2026-01-17,quantile,0.975,1241
2026-01-17,51,0,wk inc flu hosp,2026-01-17,quantile,0.99,1374
2026-01-17,51,1,wk inc flu hosp,2026-01-24,quantile,0.01,281
2026-01-17,51,1,wk inc flu hosp,2026-01-24,quantile,0.025,334
2026-01-17,51,1,wk inc flu hosp,2026-01-24,quantile,0.05,392
2026-01-17,51,1,wk inc flu hosp,2026-01-24,quantile,0.1,464
2026-01-17,51,1,wk inc flu hosp,2026-01-24,quantile,0.15,509
2026-01-17,51,1,wk inc flu hosp,2026-01-24,quantile,0.2,545
2026-01-17,51,1,wk inc flu hosp,2026-01-24,quantile,0.25,578
2026-01-17,51,1,wk inc flu hosp,2026-01-24,quantile,0.3,610
2026-01-17,51,1,wk inc flu hosp,2026-01-24,quantile,0.35,642
2026-01-17,51,1,wk inc flu hosp,2026-01-24,quantile,0.4,684
2026-01-17,51,1,wk inc flu hosp,2026-01-24,quantile,0.45,724
2026-01-17,51,1,wk inc flu hosp,2026-01-24,quantile,0.5,766
2026-01-17,51,1,wk inc flu hosp,2026-01-24,quantile,0.55,806
2026-01-17,51,1,wk inc flu hosp,2026-01-24,quantile,0.6,850
2026-01-17,51,1,wk inc flu hosp,2026-01-24,quantile,0.65,861
2026-01-17,51,1,wk inc flu hosp,2026-01-24,quantile,0.7,873
2026-01-17,51,1,wk inc flu hosp,2026-01-24,quantile,0.75,903
2026-01-17,51,1,wk inc flu hosp,2026-01-24,quantile,0.8,951
2026-01-17,51,1,wk inc flu hosp,2026-01-24,quantile,0.85,1017
2026-01-17,51,1,wk inc flu hosp,2026-01-24,quantile,0.9,1119
2026-01-17,51,1,wk inc flu hosp,2026-01-24,quantile,0.95,1287
2026-01-17,51,1,wk inc flu hosp,2026-01-24,quantile,0.975,1427
2026-01-17,51,1,wk inc flu hosp,2026-01-24,quantile,0.99,1597
2026-01-17,51,2,wk inc flu hosp,2026-01-31,quantile,0.01,211
2026-01-17,51,2,wk inc flu hosp,2026-01-31,quantile,0.025,258
2026-01-17,51,2,wk inc flu hosp,2026-01-31,quantile,0.05,305
2026-01-17,51,2,wk inc flu hosp,2026-01-31,quantile,0.1,370
2026-01-17,51,2,wk inc flu hosp,2026-01-31,quantile,0.15,424
2026-01-17,51,2,wk inc flu hosp,2026-01-31,quantile,0.2,465
2026-01-17,51,2,wk inc flu hosp,2026-01-31,quantile,0.25,515
2026-01-17,51,2,wk inc flu hosp,2026-01-31,quantile,0.3,552
2026-01-17,51,2,wk inc flu hosp,2026-01-31,quantile,0.35,587
2026-01-17,51,2,wk inc flu hosp,2026-01-31,quantile,0.4,634
2026-01-17,51,2,wk inc flu hosp,2026-01-31,quantile,0.45,683
2026-01-17,51,2,wk inc flu hosp,2026-01-31,quantile,0.5,717
2026-01-17,51,2,wk inc flu hosp,2026-01-31,quantile,0.55,761
2026-01-17,51,2,wk inc flu hosp,2026-01-31,quantile,0.6,798
2026-01-17,51,2,wk inc flu hosp,2026-01-31,quantile,0.65,841
2026-01-17,51,2,wk inc flu hosp,2026-01-31,quantile,0.7,873
2026-01-17,51,2,wk inc flu hosp,2026-01-31,quantile,0.75,917
2026-01-17,51,2,wk inc flu hosp,2026-01-31,quantile,0.8,972
2026-01-17,51,2,wk inc flu hosp,2026-01-31,quantile,0.85,1040
2026-01-17,51,2,wk inc flu hosp,2026-01-31,quantile,0.9,1143
2026-01-17,51,2,wk inc flu hosp,2026-01-31,quantile,0.95,1323
2026-01-17,51,2,wk inc flu hosp,2026-01-31,quantile,0.975,1454
2026-01-17,51,2,wk inc flu hosp,2026-01-31,quantile,0.99,1763
2026-01-17,51,3,wk inc flu hosp,2026-02-07,quantile,0.01,158
2026-01-17,51,3,wk inc flu hosp,2026-02-07,quantile,0.025,200
2026-01-17,51,3,wk inc flu hosp,2026-02-07,quantile,0.05,261
2026-01-17,51,3,wk inc flu hosp,2026-02-07,quantile,0.1,319
2026-01-17,51,3,wk inc flu hosp,2026-02-07,quantile,0.15,363
2026-01-17,51,3,wk inc flu hosp,2026-02-07,quantile,0.2,395
2026-01-17,51,3,wk inc flu hosp,2026-02-07,quantile,0.25,444
2026-01-17,51,3,wk inc flu hosp,2026-02-07,quantile,0.3,486
2026-01-17,51,3,wk inc flu hosp,2026-02-07,quantile,0.35,525
2026-01-17,51,3,wk inc flu hosp,2026-02-07,quantile,0.4,572
2026-01-17,51,3,wk inc flu hosp,2026-02-07,quantile,0.45,607
2026-01-17,51,3,wk inc flu hosp,2026-02-07,quantile,0.5,662
2026-01-17,51,3,wk inc flu hosp,2026-02-07,quantile,0.55,707
2026-01-17,51,3,wk inc flu hosp,2026-02-07,quantile,0.6,772
2026-01-17,51,3,wk inc flu hosp,2026-02-07,quantile,0.65,838
2026-01-17,51,3,wk inc flu hosp,2026-02-07,quantile,0.7,881
2026-01-17,51,3,wk inc flu hosp,2026-02-07,quantile,0.75,921
2026-01-17,51,3,wk inc flu hosp,2026-02-07,quantile,0.8,969
2026-01-17,51,3,wk inc flu hosp,2026-02-07,quantile,0.85,1054
2026-01-17,51,3,wk inc flu hosp,2026-02-07,quantile,0.9,1183
2026-01-17,51,3,wk inc flu hosp,2026-02-07,quantile,0.95,1393
2026-01-17,51,3,wk inc flu hosp,2026-02-07,quantile,0.975,1565
2026-01-17,51,3,wk inc flu hosp,2026-02-07,quantile,0.99,1724
2026-01-17,53,0,wk inc flu hosp,2026-01-17,quantile,0.01,125
2026-01-17,53,0,wk inc flu hosp,2026-01-17,quantile,0.025,142
2026-01-17,53,0,wk inc flu hosp,2026-01-17,quantile,0.05,159
2026-01-17,53,0,wk inc flu hosp,2026-01-17,quantile,0.1,177
2026-01-17,53,0,wk inc flu hosp,2026-01-17,quantile,0.15,196
2026-01-17,53,0,wk inc flu hosp,2026-01-17,quantile,0.2,209
2026-01-17,53,0,wk inc flu hosp,2026-01-17,quantile,0.25,221
2026-01-17,53,0,wk inc flu hosp,2026-01-17,quantile,0.3,239
2026-01-17,53,0,wk inc flu hosp,2026-01-17,quantile,0.35,249
2026-01-17,53,0,wk inc flu hosp,2026-01-17,quantile,0.4,253
2026-01-17,53,0,wk inc flu hosp,2026-01-17,quantile,0.45,256
2026-01-17,53,0,wk inc flu hosp,2026-01-17,quantile,0.5,264
2026-01-17,53,0,wk inc flu hosp,2026-01-17,quantile,0.55,274
2026-01-17,53,0,wk inc flu hosp,2026-01-17,quantile,0.6,283
2026-01-17,53,0,wk inc flu hosp,2026-01-17,quantile,0.65,292
2026-01-17,53,0,wk inc flu hosp,2026-01-17,quantile,0.7,305
2026-01-17,53,0,wk inc flu hosp,2026-01-17,quantile,0.75,321
2026-01-17,53,0,wk inc flu hosp,2026-01-17,quantile,0.8,340
2026-01-17,53,0,wk inc flu hosp,2026-01-17,quantile,0.85,357
2026-01-17,53,0,wk inc flu hosp,2026-01-17,quantile,0.9,374
2026-01-17,53,0,wk inc flu hosp,2026-01-17,quantile,0.95,411
2026-01-17,53,0,wk inc flu hosp,2026-01-17,quantile,0.975,437
2026-01-17,53,0,wk inc flu hosp,2026-01-17,quantile,0.99,484
2026-01-17,53,1,wk inc flu hosp,2026-01-24,quantile,0.01,100
2026-01-17,53,1,wk inc flu hosp,2026-01-24,quantile,0.025,114
2026-01-17,53,1,wk inc flu hosp,2026-01-24,quantile,0.05,140
2026-01-17,53,1,wk inc flu hosp,2026-01-24,quantile,0.1,161
2026-01-17,53,1,wk inc flu hosp,2026-01-24,quantile,0.15,180
2026-01-17,53,1,wk inc flu hosp,2026-01-24,quantile,0.2,196
2026-01-17,53,1,wk inc flu hosp,2026-01-24,quantile,0.25,210
2026-01-17,53,1,wk inc flu hosp,2026-01-24,quantile,0.3,221
2026-01-17,53,1,wk inc flu hosp,2026-01-24,quantile,0.35,234
2026-01-17,53,1,wk inc flu hosp,2026-01-24,quantile,0.4,248
2026-01-17,53,1,wk inc flu hosp,2026-01-24,quantile,0.45,261
2026-01-17,53,1,wk inc flu hosp,2026-01-24,quantile,0.5,273
2026-01-17,53,1,wk inc flu hosp,2026-01-24,quantile,0.55,285
2026-01-17,53,1,wk inc flu hosp,2026-01-24,quantile,0.6,300
2026-01-17,53,1,wk inc flu hosp,2026-01-24,quantile,0.65,310
2026-01-17,53,1,wk inc flu hosp,2026-01-24,quantile,0.7,326
2026-01-17,53,1,wk inc flu hosp,2026-01-24,quantile,0.75,347
2026-01-17,53,1,wk inc flu hosp,2026-01-24,quantile,0.8,361
2026-01-17,53,1,wk inc flu hosp,2026-01-24,quantile,0.85,384
2026-01-17,53,1,wk inc flu hosp,2026-01-24,quantile,0.9,415
2026-01-17,53,1,wk inc flu hosp,2026-01-24,quantile,0.95,465
2026-01-17,53,1,wk inc flu hosp,2026-01-24,quantile,0.975,523
2026-01-17,53,1,wk inc flu hosp,2026-01-24,quantile,0.99,612
2026-01-17,53,2,wk inc flu hosp,2026-01-31,quantile,0.01,66
2026-01-17,53,2,wk inc flu hosp,2026-01-31,quantile,0.025,83
2026-01-17,53,2,wk inc flu hosp,2026-01-31,quantile,0.05,130
2026-01-17,53,2,wk inc flu hosp,2026-01-31,quantile,0.1,154
2026-01-17,53,2,wk inc flu hosp,2026-01-31,quantile,0.15,172
2026-01-17,53,2,wk inc flu hosp,2026-01-31,quantile,0.2,187
2026-01-17,53,2,wk inc flu hosp,2026-01-31,quantile,0.25,201
2026-01-17,53,2,wk inc flu hosp,2026-01-31,quantile,0.3,219
2026-01-17,53,2,wk inc flu hosp,2026-01-31,quantile,0.35,234
2026-01-17,53,2,wk inc flu hosp,2026-01-31,quantile,0.4,248
2026-01-17,53,2,wk inc flu hosp,2026-01-31,quantile,0.45,263
2026-01-17,53,2,wk inc flu hosp,2026-01-31,quantile,0.5,275
2026-01-17,53,2,wk inc flu hosp,2026-01-31,quantile,0.55,291
2026-01-17,53,2,wk inc flu hosp,2026-01-31,quantile,0.6,308
2026-01-17,53,2,wk inc flu hosp,2026-01-31,quantile,0.65,321
2026-01-17,53,2,wk inc flu hosp,2026-01-31,quantile,0.7,345
2026-01-17,53,2,wk inc flu hosp,2026-01-31,quantile,0.75,365
2026-01-17,53,2,wk inc flu hosp,2026-01-31,quantile,0.8,384
2026-01-17,53,2,wk inc flu hosp,2026-01-31,quantile,0.85,405
2026-01-17,53,2,wk inc flu hosp,2026-01-31,quantile,0.9,434
2026-01-17,53,2,wk inc flu hosp,2026-01-31,quantile,0.95,513
2026-01-17,53,2,wk inc flu hosp,2026-01-31,quantile,0.975,616
2026-01-17,53,2,wk inc flu hosp,2026-01-31,quantile,0.99,677
2026-01-17,53,3,wk inc flu hosp,2026-02-07,quantile,0.01,47
2026-01-17,53,3,wk inc flu hosp,2026-02-07,quantile,0.025,75
2026-01-17,53,3,wk inc flu hosp,2026-02-07,quantile,0.05,118
2026-01-17,53,3,wk inc flu hosp,2026-02-07,quantile,0.1,146
2026-01-17,53,3,wk inc flu hosp,2026-02-07,quantile,0.15,158
2026-01-17,53,3,wk inc flu hosp,2026-02-07,quantile,0.2,169
2026-01-17,53,3,wk inc flu hosp,2026-02-07,quantile,0.25,186
2026-01-17,53,3,wk inc flu hosp,2026-02-07,quantile,0.3,201
2026-01-17,53,3,wk inc flu hosp,2026-02-07,quantile,0.35,237
2026-01-17,53,3,wk inc flu hosp,2026-02-07,quantile,0.4,256
2026-01-17,53,3,wk inc flu hosp,2026-02-07,quantile,0.45,273
2026-01-17,53,3,wk inc flu hosp,2026-02-07,quantile,0.5,286
2026-01-17,53,3,wk inc flu hosp,2026-02-07,quantile,0.55,301
2026-01-17,53,3,wk inc flu hosp,2026-02-07,quantile,0.6,319
2026-01-17,53,3,wk inc flu hosp,2026-02-07,quantile,0.65,342
2026-01-17,53,3,wk inc flu hosp,2026-02-07,quantile,0.7,366
2026-01-17,53,3,wk inc flu hosp,2026-02-07,quantile,0.75,380
2026-01-17,53,3,wk inc flu hosp,2026-02-07,quantile,0.8,405
2026-01-17,53,3,wk inc flu hosp,2026-02-07,quantile,0.85,424
2026-01-17,53,3,wk inc flu hosp,2026-02-07,quantile,0.9,454
2026-01-17,53,3,wk inc flu hosp,2026-02-07,quantile,0.95,575
2026-01-17,53,3,wk inc flu hosp,2026-02-07,quantile,0.975,672
2026-01-17,53,3,wk inc flu hosp,2026-02-07,quantile,0.99,846
2026-01-17,54,0,wk inc flu hosp,2026-01-17,quantile,0.01,81
2026-01-17,54,0,wk inc flu hosp,2026-01-17,quantile,0.025,91
2026-01-17,54,0,wk inc flu hosp,2026-01-17,quantile,0.05,98
2026-01-17,54,0,wk inc flu hosp,2026-01-17,quantile,0.1,122
2026-01-17,54,0,wk inc flu hosp,2026-01-17,quantile,0.15,130
2026-01-17,54,0,wk inc flu hosp,2026-01-17,quantile,0.2,147
2026-01-17,54,0,wk inc flu hosp,2026-01-17,quantile,0.25,159
2026-01-17,54,0,wk inc flu hosp,2026-01-17,quantile,0.3,173
2026-01-17,54,0,wk inc flu hosp,2026-01-17,quantile,0.35,179
2026-01-17,54,0,wk inc flu hosp,2026-01-17,quantile,0.4,185
2026-01-17,54,0,wk inc flu hosp,2026-01-17,quantile,0.45,195
2026-01-17,54,0,wk inc flu hosp,2026-01-17,quantile,0.5,200
2026-01-17,54,0,wk inc flu hosp,2026-01-17,quantile,0.55,204
2026-01-17,54,0,wk inc flu hosp,2026-01-17,quantile,0.6,212
2026-01-17,54,0,wk inc flu hosp,2026-01-17,quantile,0.65,220
2026-01-17,54,0,wk inc flu hosp,2026-01-17,quantile,0.7,228
2026-01-17,54,0,wk inc flu hosp,2026-01-17,quantile,0.75,237
2026-01-17,54,0,wk inc flu hosp,2026-01-17,quantile,0.8,246
2026-01-17,54,0,wk inc flu hosp,2026-01-17,quantile,0.85,256
2026-01-17,54,0,wk inc flu hosp,2026-01-17,quantile,0.9,276
2026-01-17,54,0,wk inc flu hosp,2026-01-17,quantile,0.95,300
2026-01-17,54,0,wk inc flu hosp,2026-01-17,quantile,0.975,321
2026-01-17,54,0,wk inc flu hosp,2026-01-17,quantile,0.99,352
2026-01-17,54,1,wk inc flu hosp,2026-01-24,quantile,0.01,47
2026-01-17,54,1,wk inc flu hosp,2026-01-24,quantile,0.025,63
2026-01-17,54,1,wk inc flu hosp,2026-01-24,quantile,0.05,88
2026-01-17,54,1,wk inc flu hosp,2026-01-24,quantile,0.1,117
2026-01-17,54,1,wk inc flu hosp,2026-01-24,quantile,0.15,133
2026-01-17,54,1,wk inc flu hosp,2026-01-24,quantile,0.2,145
2026-01-17,54,1,wk inc flu hosp,2026-01-24,quantile,0.25,156
2026-01-17,54,1,wk inc flu hosp,2026-01-24,quantile,0.3,165
2026-01-17,54,1,wk inc flu hosp,2026-01-24,quantile,0.35,171
2026-01-17,54,1,wk inc flu hosp,2026-01-24,quantile,0.4,176
2026-01-17,54,1,wk inc flu hosp,2026-01-24,quantile,0.45,185
2026-01-17,54,1,wk inc flu hosp,2026-01-24,quantile,0.5,195
2026-01-17,54,1,wk inc flu hosp,2026-01-24,quantile,0.55,207
2026-01-17,54,1,wk inc flu hosp,2026-01-24,quantile,0.6,215
2026-01-17,54,1,wk inc flu hosp,2026-01-24,quantile,0.65,224
2026-01-17,54,1,wk inc flu hosp,2026-01-24,quantile,0.7,232
2026-01-17,54,1,wk inc flu hosp,2026-01-24,quantile,0.75,242
2026-01-17,54,1,wk inc flu hosp,2026-01-24,quantile,0.8,257
2026-01-17,54,1,wk inc flu hosp,2026-01-24,quantile,0.85,275
2026-01-17,54,1,wk inc flu hosp,2026-01-24,quantile,0.9,302
2026-01-17,54,1,wk inc flu hosp,2026-01-24,quantile,0.95,338
2026-01-17,54,1,wk inc flu hosp,2026-01-24,quantile,0.975,371
2026-01-17,54,1,wk inc flu hosp,2026-01-24,quantile,0.99,413
2026-01-17,54,2,wk inc flu hosp,2026-01-31,quantile,0.01,36
2026-01-17,54,2,wk inc flu hosp,2026-01-31,quantile,0.025,49
2026-01-17,54,2,wk inc flu hosp,2026-01-31,quantile,0.05,75
2026-01-17,54,2,wk inc flu hosp,2026-01-31,quantile,0.1,96
2026-01-17,54,2,wk inc flu hosp,2026-01-31,quantile,0.15,113
2026-01-17,54,2,wk inc flu hosp,2026-01-31,quantile,0.2,128
2026-01-17,54,2,wk inc flu hosp,2026-01-31,quantile,0.25,143
2026-01-17,54,2,wk inc flu hosp,2026-01-31,quantile,0.3,152
2026-01-17,54,2,wk inc flu hosp,2026-01-31,quantile,0.35,160
2026-01-17,54,2,wk inc flu hosp,2026-01-31,quantile,0.4,167
2026-01-17,54,2,wk inc flu hosp,2026-01-31,quantile,0.45,181
2026-01-17,54,2,wk inc flu hosp,2026-01-31,quantile,0.5,191
2026-01-17,54,2,wk inc flu hosp,2026-01-31,quantile,0.55,200
2026-01-17,54,2,wk inc flu hosp,2026-01-31,quantile,0.6,213
2026-01-17,54,2,wk inc flu hosp,2026-01-31,quantile,0.65,224
2026-01-17,54,2,wk inc flu hosp,2026-01-31,quantile,0.7,233
2026-01-17,54,2,wk inc flu hosp,2026-01-31,quantile,0.75,255
2026-01-17,54,2,wk inc flu hosp,2026-01-31,quantile,0.8,268
2026-01-17,54,2,wk inc flu hosp,2026-01-31,quantile,0.85,290
2026-01-17,54,2,wk inc flu hosp,2026-01-31,quantile,0.9,323
2026-01-17,54,2,wk inc flu hosp,2026-01-31,quantile,0.95,367
2026-01-17,54,2,wk inc flu hosp,2026-01-31,quantile,0.975,395
2026-01-17,54,2,wk inc flu hosp,2026-01-31,quantile,0.99,450
2026-01-17,54,3,wk inc flu hosp,2026-02-07,quantile,0.01,29
2026-01-17,54,3,wk inc flu hosp,2026-02-07,quantile,0.025,44
2026-01-17,54,3,wk inc flu hosp,2026-02-07,quantile,0.05,62
2026-01-17,54,3,wk inc flu hosp,2026-02-07,quantile,0.1,81
2026-01-17,54,3,wk inc flu hosp,2026-02-07,quantile,0.15,96
2026-01-17,54,3,wk inc flu hosp,2026-02-07,quantile,0.2,108
2026-01-17,54,3,wk inc flu hosp,2026-02-07,quantile,0.25,122
2026-01-17,54,3,wk inc flu hosp,2026-02-07,quantile,0.3,134
2026-01-17,54,3,wk inc flu hosp,2026-02-07,quantile,0.35,147
2026-01-17,54,3,wk inc flu hosp,2026-02-07,quantile,0.4,162
2026-01-17,54,3,wk inc flu hosp,2026-02-07,quantile,0.45,172
2026-01-17,54,3,wk inc flu hosp,2026-02-07,quantile,0.5,182
2026-01-17,54,3,wk inc flu hosp,2026-02-07,quantile,0.55,192
2026-01-17,54,3,wk inc flu hosp,2026-02-07,quantile,0.6,203
2026-01-17,54,3,wk inc flu hosp,2026-02-07,quantile,0.65,222
2026-01-17,54,3,wk inc flu hosp,2026-02-07,quantile,0.7,247
2026-01-17,54,3,wk inc flu hosp,2026-02-07,quantile,0.75,263
2026-01-17,54,3,wk inc flu hosp,2026-02-07,quantile,0.8,284
2026-01-17,54,3,wk inc flu hosp,2026-02-07,quantile,0.85,299
2026-01-17,54,3,wk inc flu hosp,2026-02-07,quantile,0.9,337
2026-01-17,54,3,wk inc flu hosp,2026-02-07,quantile,0.95,381
2026-01-17,54,3,wk inc flu hosp,2026-02-07,quantile,0.975,418
2026-01-17,54,3,wk inc flu hosp,2026-02-07,quantile,0.99,504
2026-01-17,55,0,wk inc flu hosp,2026-01-17,quantile,0.01,302
2026-01-17,55,0,wk inc flu hosp,2026-01-17,quantile,0.025,354
2026-01-17,55,0,wk inc flu hosp,2026-01-17,quantile,0.05,388
2026-01-17,55,0,wk inc flu hosp,2026-01-17,quantile,0.1,435
2026-01-17,55,0,wk inc flu hosp,2026-01-17,quantile,0.15,464
2026-01-17,55,0,wk inc flu hosp,2026-01-17,quantile,0.2,488
2026-01-17,55,0,wk inc flu hosp,2026-01-17,quantile,0.25,535
2026-01-17,55,0,wk inc flu hosp,2026-01-17,quantile,0.3,550
2026-01-17,55,0,wk inc flu hosp,2026-01-17,quantile,0.35,569
2026-01-17,55,0,wk inc flu hosp,2026-01-17,quantile,0.4,596
2026-01-17,55,0,wk inc flu hosp,2026-01-17,quantile,0.45,634
2026-01-17,55,0,wk inc flu hosp,2026-01-17,quantile,0.5,654
2026-01-17,55,0,wk inc flu hosp,2026-01-17,quantile,0.55,682
2026-01-17,55,0,wk inc flu hosp,2026-01-17,quantile,0.6,712
2026-01-17,55,0,wk inc flu hosp,2026-01-17,quantile,0.65,738
2026-01-17,55,0,wk inc flu hosp,2026-01-17,quantile,0.7,777
2026-01-17,55,0,wk inc flu hosp,2026-01-17,quantile,0.75,813
2026-01-17,55,0,wk inc flu hosp,2026-01-17,quantile,0.8,852
2026-01-17,55,0,wk inc flu hosp,2026-01-17,quantile,0.85,875
2026-01-17,55,0,wk inc flu hosp,2026-01-17,quantile,0.9,899
2026-01-17,55,0,wk inc flu hosp,2026-01-17,quantile,0.95,1008
2026-01-17,55,0,wk inc flu hosp,2026-01-17,quantile,0.975,1074
2026-01-17,55,0,wk inc flu hosp,2026-01-17,quantile,0.99,1151
2026-01-17,55,1,wk inc flu hosp,2026-01-24,quantile,0.01,188
2026-01-17,55,1,wk inc flu hosp,2026-01-24,quantile,0.025,238
2026-01-17,55,1,wk inc flu hosp,2026-01-24,quantile,0.05,284
2026-01-17,55,1,wk inc flu hosp,2026-01-24,quantile,0.1,323
2026-01-17,55,1,wk inc flu hosp,2026-01-24,quantile,0.15,340
2026-01-17,55,1,wk inc flu hosp,2026-01-24,quantile,0.2,373
2026-01-17,55,1,wk inc flu hosp,2026-01-24,quantile,0.25,441
2026-01-17,55,1,wk inc flu hosp,2026-01-24,quantile,0.3,460
2026-01-17,55,1,wk inc flu hosp,2026-01-24,quantile,0.35,505
2026-01-17,55,1,wk inc flu hosp,2026-01-24,quantile,0.4,539
2026-01-17,55,1,wk inc flu hosp,2026-01-24,quantile,0.45,564
2026-01-17,55,1,wk inc flu hosp,2026-01-24,quantile,0.5,591
2026-01-17,55,1,wk inc flu hosp,2026-01-24,quantile,0.55,618
2026-01-17,55,1,wk inc flu hosp,2026-01-24,quantile,0.6,657
2026-01-17,55,1,wk inc flu hosp,2026-01-24,quantile,0.65,696
2026-01-17,55,1,wk inc flu hosp,2026-01-24,quantile,0.7,740
2026-01-17,55,1,wk inc flu hosp,2026-01-24,quantile,0.75,789
2026-01-17,55,1,wk inc flu hosp,2026-01-24,quantile,0.8,840
2026-01-17,55,1,wk inc flu hosp,2026-01-24,quantile,0.85,873
2026-01-17,55,1,wk inc flu hosp,2026-01-24,quantile,0.9,905
2026-01-17,55,1,wk inc flu hosp,2026-01-24,quantile,0.95,1009
2026-01-17,55,1,wk inc flu hosp,2026-01-24,quantile,0.975,1180
2026-01-17,55,1,wk inc flu hosp,2026-01-24,quantile,0.99,1420
2026-01-17,55,2,wk inc flu hosp,2026-01-31,quantile,0.01,125
2026-01-17,55,2,wk inc flu hosp,2026-01-31,quantile,0.025,160
2026-01-17,55,2,wk inc flu hosp,2026-01-31,quantile,0.05,187
2026-01-17,55,2,wk inc flu hosp,2026-01-31,quantile,0.1,230
2026-01-17,55,2,wk inc flu hosp,2026-01-31,quantile,0.15,268
2026-01-17,55,2,wk inc flu hosp,2026-01-31,quantile,0.2,300
2026-01-17,55,2,wk inc flu hosp,2026-01-31,quantile,0.25,349
2026-01-17,55,2,wk inc flu hosp,2026-01-31,quantile,0.3,420
2026-01-17,55,2,wk inc flu hosp,2026-01-31,quantile,0.35,447
2026-01-17,55,2,wk inc flu hosp,2026-01-31,quantile,0.4,469
2026-01-17,55,2,wk inc flu hosp,2026-01-31,quantile,0.45,485
2026-01-17,55,2,wk inc flu hosp,2026-01-31,quantile,0.5,502
2026-01-17,55,2,wk inc flu hosp,2026-01-31,quantile,0.55,540
2026-01-17,55,2,wk inc flu hosp,2026-01-31,quantile,0.6,579
2026-01-17,55,2,wk inc flu hosp,2026-01-31,quantile,0.65,636
2026-01-17,55,2,wk inc flu hosp,2026-01-31,quantile,0.7,699
2026-01-17,55,2,wk inc flu hosp,2026-01-31,quantile,0.75,744
2026-01-17,55,2,wk inc flu hosp,2026-01-31,quantile,0.8,763
2026-01-17,55,2,wk inc flu hosp,2026-01-31,quantile,0.85,817
2026-01-17,55,2,wk inc flu hosp,2026-01-31,quantile,0.9,916
2026-01-17,55,2,wk inc flu hosp,2026-01-31,quantile,0.95,1056
2026-01-17,55,2,wk inc flu hosp,2026-01-31,quantile,0.975,1278
2026-01-17,55,2,wk inc flu hosp,2026-01-31,quantile,0.99,1495
2026-01-17,55,3,wk inc flu hosp,2026-02-07,quantile,0.01,94
2026-01-17,55,3,wk inc flu hosp,2026-02-07,quantile,0.025,120
2026-01-17,55,3,wk inc flu hosp,2026-02-07,quantile,0.05,150
2026-01-17,55,3,wk inc flu hosp,2026-02-07,quantile,0.1,184
2026-01-17,55,3,wk inc flu hosp,2026-02-07,quantile,0.15,214
2026-01-17,55,3,wk inc flu hosp,2026-02-07,quantile,0.2,249
2026-01-17,55,3,wk inc flu hosp,2026-02-07,quantile,0.25,285
2026-01-17,55,3,wk inc flu hosp,2026-02-07,quantile,0.3,307
2026-01-17,55,3,wk inc flu hosp,2026-02-07,quantile,0.35,335
2026-01-17,55,3,wk inc flu hosp,2026-02-07,quantile,0.4,359
2026-01-17,55,3,wk inc flu hosp,2026-02-07,quantile,0.45,383
2026-01-17,55,3,wk inc flu hosp,2026-02-07,quantile,0.5,412
2026-01-17,55,3,wk inc flu hosp,2026-02-07,quantile,0.55,451
2026-01-17,55,3,wk inc flu hosp,2026-02-07,quantile,0.6,496
2026-01-17,55,3,wk inc flu hosp,2026-02-07,quantile,0.65,533
2026-01-17,55,3,wk inc flu hosp,2026-02-07,quantile,0.7,564
2026-01-17,55,3,wk inc flu hosp,2026-02-07,quantile,0.75,604
2026-01-17,55,3,wk inc flu hosp,2026-02-07,quantile,0.8,664
2026-01-17,55,3,wk inc flu hosp,2026-02-07,quantile,0.85,739
2026-01-17,55,3,wk inc flu hosp,2026-02-07,quantile,0.9,800
2026-01-17,55,3,wk inc flu hosp,2026-02-07,quantile,0.95,1029
2026-01-17,55,3,wk inc flu hosp,2026-02-07,quantile,0.975,1249
2026-01-17,55,3,wk inc flu hosp,2026-02-07,quantile,0.99,1513
2026-01-17,56,0,wk inc flu hosp,2026-01-17,quantile,0.01,15
2026-01-17,56,0,wk inc flu hosp,2026-01-17,quantile,0.025,20
2026-01-17,56,0,wk inc flu hosp,2026-01-17,quantile,0.05,24
2026-01-17,56,0,wk inc flu hosp,2026-01-17,quantile,0.1,28
2026-01-17,56,0,wk inc flu hosp,2026-01-17,quantile,0.15,33
2026-01-17,56,0,wk inc flu hosp,2026-01-17,quantile,0.2,35
2026-01-17,56,0,wk inc flu hosp,2026-01-17,quantile,0.25,38
2026-01-17,56,0,wk inc flu hosp,2026-01-17,quantile,0.3,40
2026-01-17,56,0,wk inc flu hosp,2026-01-17,quantile,0.35,42
2026-01-17,56,0,wk inc flu hosp,2026-01-17,quantile,0.4,45
2026-01-17,56,0,wk inc flu hosp,2026-01-17,quantile,0.45,48
2026-01-17,56,0,wk inc flu hosp,2026-01-17,quantile,0.5,51
2026-01-17,56,0,wk inc flu hosp,2026-01-17,quantile,0.55,54
2026-01-17,56,0,wk inc flu hosp,2026-01-17,quantile,0.6,57
2026-01-17,56,0,wk inc flu hosp,2026-01-17,quantile,0.65,62
2026-01-17,56,0,wk inc flu hosp,2026-01-17,quantile,0.7,64
2026-01-17,56,0,wk inc flu hosp,2026-01-17,quantile,0.75,68
2026-01-17,56,0,wk inc flu hosp,2026-01-17,quantile,0.8,70
2026-01-17,56,0,wk inc flu hosp,2026-01-17,quantile,0.85,74
2026-01-17,56,0,wk inc flu hosp,2026-01-17,quantile,0.9,77
2026-01-17,56,0,wk inc flu hosp,2026-01-17,quantile,0.95,85
2026-01-17,56,0,wk inc flu hosp,2026-01-17,quantile,0.975,90
2026-01-17,56,0,wk inc flu hosp,2026-01-17,quantile,0.99,105
2026-01-17,56,1,wk inc flu hosp,2026-01-24,quantile,0.01,12
2026-01-17,56,1,wk inc flu hosp,2026-01-24,quantile,0.025,15
2026-01-17,56,1,wk inc flu hosp,2026-01-24,quantile,0.05,21
2026-01-17,56,1,wk inc flu hosp,2026-01-24,quantile,0.1,28
2026-01-17,56,1,wk inc flu hosp,2026-01-24,quantile,0.15,29
2026-01-17,56,1,wk inc flu hosp,2026-01-24,quantile,0.2,34
2026-01-17,56,1,wk inc flu hosp,2026-01-24,quantile,0.25,36
2026-01-17,56,1,wk inc flu hosp,2026-01-24,quantile,0.3,39
2026-01-17,56,1,wk inc flu hosp,2026-01-24,quantile,0.35,42
2026-01-17,56,1,wk inc flu hosp,2026-01-24,quantile,0.4,46
2026-01-17,56,1,wk inc flu hosp,2026-01-24,quantile,0.45,49
2026-01-17,56,1,wk inc flu hosp,2026-01-24,quantile,0.5,52
2026-01-17,56,1,wk inc flu hosp,2026-01-24,quantile,0.55,54
2026-01-17,56,1,wk inc flu hosp,2026-01-24,quantile,0.6,57
2026-01-17,56,1,wk inc flu hosp,2026-01-24,quantile,0.65,61
2026-01-17,56,1,wk inc flu hosp,2026-01-24,quantile,0.7,63
2026-01-17,56,1,wk inc flu hosp,2026-01-24,quantile,0.75,67
2026-01-17,56,1,wk inc flu hosp,2026-01-24,quantile,0.8,70
2026-01-17,56,1,wk inc flu hosp,2026-01-24,quantile,0.85,77
2026-01-17,56,1,wk inc flu hosp,2026-01-24,quantile,0.9,84
2026-01-17,56,1,wk inc flu hosp,2026-01-24,quantile,0.95,97
2026-01-17,56,1,wk inc flu hosp,2026-01-24,quantile,0.975,106
2026-01-17,56,1,wk inc flu hosp,2026-01-24,quantile,0.99,123
2026-01-17,56,2,wk inc flu hosp,2026-01-31,quantile,0.01,9
2026-01-17,56,2,wk inc flu hosp,2026-01-31,quantile,0.025,14
2026-01-17,56,2,wk inc flu hosp,2026-01-31,quantile,0.05,19
2026-01-17,56,2,wk inc flu hosp,2026-01-31,quantile,0.1,23
2026-01-17,56,2,wk inc flu hosp,2026-01-31,quantile,0.15,26
2026-01-17,56,2,wk inc flu hosp,2026-01-31,quantile,0.2,32
2026-01-17,56,2,wk inc flu hosp,2026-01-31,quantile,0.25,35
2026-01-17,56,2,wk inc flu hosp,2026-01-31,quantile,0.3,38
2026-01-17,56,2,wk inc flu hosp,2026-01-31,quantile,0.35,40
2026-01-17,56,2,wk inc flu hosp,2026-01-31,quantile,0.4,43
2026-01-17,56,2,wk inc flu hosp,2026-01-31,quantile,0.45,47
2026-01-17,56,2,wk inc flu hosp,2026-01-31,quantile,0.5,50
2026-01-17,56,2,wk inc flu hosp,2026-01-31,quantile,0.55,55
2026-01-17,56,2,wk inc flu hosp,2026-01-31,quantile,0.6,57
2026-01-17,56,2,wk inc flu hosp,2026-01-31,quantile,0.65,61
2026-01-17,56,2,wk inc flu hosp,2026-01-31,quantile,0.7,65
2026-01-17,56,2,wk inc flu hosp,2026-01-31,quantile,0.75,71
2026-01-17,56,2,wk inc flu hosp,2026-01-31,quantile,0.8,75
2026-01-17,56,2,wk inc flu hosp,2026-01-31,quantile,0.85,79
2026-01-17,56,2,wk inc flu hosp,2026-01-31,quantile,0.9,86
2026-01-17,56,2,wk inc flu hosp,2026-01-31,quantile,0.95,97
2026-01-17,56,2,wk inc flu hosp,2026-01-31,quantile,0.975,106
2026-01-17,56,2,wk inc flu hosp,2026-01-31,quantile,0.99,122
2026-01-17,56,3,wk inc flu hosp,2026-02-07,quantile,0.01,8
2026-01-17,56,3,wk inc flu hosp,2026-02-07,quantile,0.025,12
2026-01-17,56,3,wk inc flu hosp,2026-02-07,quantile,0.05,15
2026-01-17,56,3,wk inc flu hosp,2026-02-07,quantile,0.1,19
2026-01-17,56,3,wk inc flu hosp,2026-02-07,quantile,0.15,24
2026-01-17,56,3,wk inc flu hosp,2026-02-07,quantile,0.2,28
2026-01-17,56,3,wk inc flu hosp,2026-02-07,quantile,0.25,31
2026-01-17,56,3,wk inc flu hosp,2026-02-07,quantile,0.3,34
2026-01-17,56,3,wk inc flu hosp,2026-02-07,quantile,0.35,37
2026-01-17,56,3,wk inc flu hosp,2026-02-07,quantile,0.4,40
2026-01-17,56,3,wk inc flu hosp,2026-02-07,quantile,0.45,44
2026-01-17,56,3,wk inc flu hosp,2026-02-07,quantile,0.5,49
2026-01-17,56,3,wk inc flu hosp,2026-02-07,quantile,0.55,52
2026-01-17,56,3,wk inc flu hosp,2026-02-07,quantile,0.6,56
2026-01-17,56,3,wk inc flu hosp,2026-02-07,quantile,0.65,60
2026-01-17,56,3,wk inc flu hosp,2026-02-07,quantile,0.7,63
2026-01-17,56,3,wk inc flu hosp,2026-02-07,quantile,0.75,67
2026-01-17,56,3,wk inc flu hosp,2026-02-07,quantile,0.8,71
2026-01-17,56,3,wk inc flu hosp,2026-02-07,quantile,0.85,77
2026-01-17,56,3,wk inc flu hosp,2026-02-07,quantile,0.9,87
2026-01-17,56,3,wk inc flu hosp,2026-02-07,quantile,0.95,101
2026-01-17,56,3,wk inc flu hosp,2026-02-07,quantile,0.975,116
2026-01-17,56,3,wk inc flu hosp,2026-02-07,quantile,0.99,126
2026-01-17,72,0,wk inc flu hosp,2026-01-17,quantile,0.01,122
2026-01-17,72,0,wk inc flu hosp,2026-01-17,quantile,0.025,147
2026-01-17,72,0,wk inc flu hosp,2026-01-17,quantile,0.05,176
2026-01-17,72,0,wk inc flu hosp,2026-01-17,quantile,0.1,201
2026-01-17,72,0,wk inc flu hosp,2026-01-17,quantile,0.15,216
2026-01-17,72,0,wk inc flu hosp,2026-01-17,quantile,0.2,227
2026-01-17,72,0,wk inc flu hosp,2026-01-17,quantile,0.25,238
2026-01-17,72,0,wk inc flu hosp,2026-01-17,quantile,0.3,249
2026-01-17,72,0,wk inc flu hosp,2026-01-17,quantile,0.35,263
2026-01-17,72,0,wk inc flu hosp,2026-01-17,quantile,0.4,276
2026-01-17,72,0,wk inc flu hosp,2026-01-17,quantile,0.45,289
2026-01-17,72,0,wk inc flu hosp,2026-01-17,quantile,0.5,306
2026-01-17,72,0,wk inc flu hosp,2026-01-17,quantile,0.55,328
2026-01-17,72,0,wk inc flu hosp,2026-01-17,quantile,0.6,344
2026-01-17,72,0,wk inc flu hosp,2026-01-17,quantile,0.65,359
2026-01-17,72,0,wk inc flu hosp,2026-01-17,quantile,0.7,375
2026-01-17,72,0,wk inc flu hosp,2026-01-17,quantile,0.75,386
2026-01-17,72,0,wk inc flu hosp,2026-01-17,quantile,0.8,401
2026-01-17,72,0,wk inc flu hosp,2026-01-17,quantile,0.85,417
2026-01-17,72,0,wk inc flu hosp,2026-01-17,quantile,0.9,437
2026-01-17,72,0,wk inc flu hosp,2026-01-17,quantile,0.95,492
2026-01-17,72,0,wk inc flu hosp,2026-01-17,quantile,0.975,549
2026-01-17,72,0,wk inc flu hosp,2026-01-17,quantile,0.99,622
2026-01-17,72,1,wk inc flu hosp,2026-01-24,quantile,0.01,84
2026-01-17,72,1,wk inc flu hosp,2026-01-24,quantile,0.025,107
2026-01-17,72,1,wk inc flu hosp,2026-01-24,quantile,0.05,145
2026-01-17,72,1,wk inc flu hosp,2026-01-24,quantile,0.1,181
2026-01-17,72,1,wk inc flu hosp,2026-01-24,quantile,0.15,202
2026-01-17,72,1,wk inc flu hosp,2026-01-24,quantile,0.2,214
2026-01-17,72,1,wk inc flu hosp,2026-01-24,quantile,0.25,230
2026-01-17,72,1,wk inc flu hosp,2026-01-24,quantile,0.3,244
2026-01-17,72,1,wk inc flu hosp,2026-01-24,quantile,0.35,257
2026-01-17,72,1,wk inc flu hosp,2026-01-24,quantile,0.4,266
2026-01-17,72,1,wk inc flu hosp,2026-01-24,quantile,0.45,275
2026-01-17,72,1,wk inc flu hosp,2026-01-24,quantile,0.5,283
2026-01-17,72,1,wk inc flu hosp,2026-01-24,quantile,0.55,298
2026-01-17,72,1,wk inc flu hosp,2026-01-24,quantile,0.6,320
2026-01-17,72,1,wk inc flu hosp,2026-01-24,quantile,0.65,345
2026-01-17,72,1,wk inc flu hosp,2026-01-24,quantile,0.7,366
2026-01-17,72,1,wk inc flu hosp,2026-01-24,quantile,0.75,382
2026-01-17,72,1,wk inc flu hosp,2026-01-24,quantile,0.8,408
2026-01-17,72,1,wk inc flu hosp,2026-01-24,quantile,0.85,424
2026-01-17,72,1,wk inc flu hosp,2026-01-24,quantile,0.9,462
2026-01-17,72,1,wk inc flu hosp,2026-01-24,quantile,0.95,535
2026-01-17,72,1,wk inc flu hosp,2026-01-24,quantile,0.975,602
2026-01-17,72,1,wk inc flu hosp,2026-01-24,quantile,0.99,689
2026-01-17,72,2,wk inc flu hosp,2026-01-31,quantile,0.01,59
2026-01-17,72,2,wk inc flu hosp,2026-01-31,quantile,0.025,83
2026-01-17,72,2,wk inc flu hosp,2026-01-31,quantile,0.05,118
2026-01-17,72,2,wk inc flu hosp,2026-01-31,quantile,0.1,150
2026-01-17,72,2,wk inc flu hosp,2026-01-31,quantile,0.15,169
2026-01-17,72,2,wk inc flu hosp,2026-01-31,quantile,0.2,186
2026-01-17,72,2,wk inc flu hosp,2026-01-31,quantile,0.25,198
2026-01-17,72,2,wk inc flu hosp,2026-01-31,quantile,0.3,208
2026-01-17,72,2,wk inc flu hosp,2026-01-31,quantile,0.35,217
2026-01-17,72,2,wk inc flu hosp,2026-01-31,quantile,0.4,227
2026-01-17,72,2,wk inc flu hosp,2026-01-31,quantile,0.45,237
2026-01-17,72,2,wk inc flu hosp,2026-01-31,quantile,0.5,254
2026-01-17,72,2,wk inc flu hosp,2026-01-31,quantile,0.55,270
2026-01-17,72,2,wk inc flu hosp,2026-01-31,quantile,0.6,282
2026-01-17,72,2,wk inc flu hosp,2026-01-31,quantile,0.65,305
2026-01-17,72,2,wk inc flu hosp,2026-01-31,quantile,0.7,332
2026-01-17,72,2,wk inc flu hosp,2026-01-31,quantile,0.75,358
2026-01-17,72,2,wk inc flu hosp,2026-01-31,quantile,0.8,387
2026-01-17,72,2,wk inc flu hosp,2026-01-31,quantile,0.85,407
2026-01-17,72,2,wk inc flu hosp,2026-01-31,quantile,0.9,448
2026-01-17,72,2,wk inc flu hosp,2026-01-31,quantile,0.95,506
2026-01-17,72,2,wk inc flu hosp,2026-01-31,quantile,0.975,561
2026-01-17,72,2,wk inc flu hosp,2026-01-31,quantile,0.99,672
2026-01-17,72,3,wk inc flu hosp,2026-02-07,quantile,0.01,45
2026-01-17,72,3,wk inc flu hosp,2026-02-07,quantile,0.025,62
2026-01-17,72,3,wk inc flu hosp,2026-02-07,quantile,0.05,110
2026-01-17,72,3,wk inc flu hosp,2026-02-07,quantile,0.1,137
2026-01-17,72,3,wk inc flu hosp,2026-02-07,quantile,0.15,164
2026-01-17,72,3,wk inc flu hosp,2026-02-07,quantile,0.2,183
2026-01-17,72,3,wk inc flu hosp,2026-02-07,quantile,0.25,202
2026-01-17,72,3,wk inc flu hosp,2026-02-07,quantile,0.3,214
2026-01-17,72,3,wk inc flu hosp,2026-02-07,quantile,0.35,225
2026-01-17,72,3,wk inc flu hosp,2026-02-07,quantile,0.4,236
2026-01-17,72,3,wk inc flu hosp,2026-02-07,quantile,0.45,242
2026-01-17,72,3,wk inc flu hosp,2026-02-07,quantile,0.5,250
2026-01-17,72,3,wk inc flu hosp,2026-02-07,quantile,0.55,258
2026-01-17,72,3,wk inc flu hosp,2026-02-07,quantile,0.6,276
2026-01-17,72,3,wk inc flu hosp,2026-02-07,quantile,0.65,292
2026-01-17,72,3,wk inc flu hosp,2026-02-07,quantile,0.7,306
2026-01-17,72,3,wk inc flu hosp,2026-02-07,quantile,0.75,329
2026-01-17,72,3,wk inc flu hosp,2026-02-07,quantile,0.8,353
2026-01-17,72,3,wk inc flu hosp,2026-02-07,quantile,0.85,388
2026-01-17,72,3,wk inc flu hosp,2026-02-07,quantile,0.9,430
2026-01-17,72,3,wk inc flu hosp,2026-02-07,quantile,0.95,511
2026-01-17,72,3,wk inc flu hosp,2026-02-07,quantile,0.975,600
2026-01-17,72,3,wk inc flu hosp,2026-02-07,quantile,0.99,711
2026-01-17,US,0,wk inc flu hosp,2026-01-17,quantile,0.01,12382
2026-01-17,US,0,wk inc flu hosp,2026-01-17,quantile,0.025,14400
2026-01-17,US,0,wk inc flu hosp,2026-01-17,quantile,0.05,15892
2026-01-17,US,0,wk inc flu hosp,2026-01-17,quantile,0.1,17644
2026-01-17,US,0,wk inc flu hosp,2026-01-17,quantile,0.15,18608
2026-01-17,US,0,wk inc flu hosp,2026-01-17,quantile,0.2,19186
2026-01-17,US,0,wk inc flu hosp,2026-01-17,quantile,0.25,19642
2026-01-17,US,0,wk inc flu hosp,2026-01-17,quantile,0.3,20489
2026-01-17,US,0,wk inc flu hosp,2026-01-17,quantile,0.35,21141
2026-01-17,US,0,wk inc flu hosp,2026-01-17,quantile,0.4,23061
2026-01-17,US,0,wk inc flu hosp,2026-01-17,quantile,0.45,24312
2026-01-17,US,0,wk inc flu hosp,2026-01-17,quantile,0.5,25328
2026-01-17,US,0,wk inc flu hosp,2026-01-17,quantile,0.55,25665
2026-01-17,US,0,wk inc flu hosp,2026-01-17,quantile,0.6,26445
2026-01-17,US,0,wk inc flu hosp,2026-01-17,quantile,0.65,26934
2026-01-17,US,0,wk inc flu hosp,2026-01-17,quantile,0.7,27831
2026-01-17,US,0,wk inc flu hosp,2026-01-17,quantile,0.75,28821
2026-01-17,US,0,wk inc flu hosp,2026-01-17,quantile,0.8,29797
2026-01-17,US,0,wk inc flu hosp,2026-01-17,quantile,0.85,30967
2026-01-17,US,0,wk inc flu hosp,2026-01-17,quantile,0.9,31363
2026-01-17,US,0,wk inc flu hosp,2026-01-17,quantile,0.95,33539
2026-01-17,US,0,wk inc flu hosp,2026-01-17,quantile,0.975,34237
2026-01-17,US,0,wk inc flu hosp,2026-01-17,quantile,0.99,36001
2026-01-17,US,1,wk inc flu hosp,2026-01-24,quantile,0.01,8494
2026-01-17,US,1,wk inc flu hosp,2026-01-24,quantile,0.025,9949
2026-01-17,US,1,wk inc flu hosp,2026-01-24,quantile,0.05,11443
2026-01-17,US,1,wk inc flu hosp,2026-01-24,quantile,0.1,13230
2026-01-17,US,1,wk inc flu hosp,2026-01-24,quantile,0.15,14682
2026-01-17,US,1,wk inc flu hosp,2026-01-24,quantile,0.2,16288
2026-01-17,US,1,wk inc flu hosp,2026-01-24,quantile,0.25,17211
2026-01-17,US,1,wk inc flu hosp,2026-01-24,quantile,0.3,18384
2026-01-17,US,1,wk inc flu hosp,2026-01-24,quantile,0.35,19999
2026-01-17,US,1,wk inc flu hosp,2026-01-24,quantile,0.4,22296
2026-01-17,US,1,wk inc flu hosp,2026-01-24,quantile,0.45,23009
2026-01-17,US,1,wk inc flu hosp,2026-01-24,quantile,0.5,23704
2026-01-17,US,1,wk inc flu hosp,2026-01-24,quantile,0.55,24833
2026-01-17,US,1,wk inc flu hosp,2026-01-24,quantile,0.6,25349
2026-01-17,US,1,wk inc flu hosp,2026-01-24,quantile,0.65,26895
2026-01-17,US,1,wk inc flu hosp,2026-01-24,quantile,0.7,27671
2026-01-17,US,1,wk inc flu hosp,2026-01-24,quantile,0.75,28392
2026-01-17,US,1,wk inc flu hosp,2026-01-24,quantile,0.8,30256
2026-01-17,US,1,wk inc flu hosp,2026-01-24,quantile,0.85,31851
2026-01-17,US,1,wk inc flu hosp,2026-01-24,quantile,0.9,33086
2026-01-17,US,1,wk inc flu hosp,2026-01-24,quantile,0.95,34261
2026-01-17,US,1,wk inc flu hosp,2026-01-24,quantile,0.975,36043
2026-01-17,US,1,wk inc flu hosp,2026-01-24,quantile,0.99,42965
2026-01-17,US,2,wk inc flu hosp,2026-01-31,quantile,0.01,6493
2026-01-17,US,2,wk inc flu hosp,2026-01-31,quantile,0.025,7822
2026-01-17,US,2,wk inc flu hosp,2026-01-31,quantile,0.05,9187
2026-01-17,US,2,wk inc flu hosp,2026-01-31,quantile,0.1,11691
2026-01-17,US,2,wk inc flu hosp,2026-01-31,quantile,0.15,13523
2026-01-17,US,2,wk inc flu hosp,2026-01-31,quantile,0.2,14925
2026-01-17,US,2,wk inc flu hosp,2026-01-31,quantile,0.25,16255
2026-01-17,US,2,wk inc flu hosp,2026-01-31,quantile,0.3,17821
2026-01-17,US,2,wk inc flu hosp,2026-01-31,quantile,0.35,19266
2026-01-17,US,2,wk inc flu hosp,2026-01-31,quantile,0.4,21177
2026-01-17,US,2,wk inc flu hosp,2026-01-31,quantile,0.45,22112
2026-01-17,US,2,wk inc flu hosp,2026-01-31,quantile,0.5,22617
2026-01-17,US,2,wk inc flu hosp,2026-01-31,quantile,0.55,23665
2026-01-17,US,2,wk inc flu hosp,2026-01-31,quantile,0.6,25261
2026-01-17,US,2,wk inc flu hosp,2026-01-31,quantile,0.65,26907
2026-01-17,US,2,wk inc flu hosp,2026-01-31,quantile,0.7,28712
2026-01-17,US,2,wk inc flu hosp,2026-01-31,quantile,0.75,30809
2026-01-17,US,2,wk inc flu hosp,2026-01-31,quantile,0.8,32396
2026-01-17,US,2,wk inc flu hosp,2026-01-31,quantile,0.85,34257
2026-01-17,US,2,wk inc flu hosp,2026-01-31,quantile,0.9,35489
2026-01-17,US,2,wk inc flu hosp,2026-01-31,quantile,0.95,40632
2026-01-17,US,2,wk inc flu hosp,2026-01-31,quantile,0.975,43397
2026-01-17,US,2,wk inc flu hosp,2026-01-31,quantile,0.99,50985
2026-01-17,US,3,wk inc flu hosp,2026-02-07,quantile,0.01,5076
2026-01-17,US,3,wk inc flu hosp,2026-02-07,quantile,0.025,5837
2026-01-17,US,3,wk inc flu hosp,2026-02-07,quantile,0.05,7956
2026-01-17,US,3,wk inc flu hosp,2026-02-07,quantile,0.1,10514
2026-01-17,US,3,wk inc flu hosp,2026-02-07,quantile,0.15,12469
2026-01-17,US,3,wk inc flu hosp,2026-02-07,quantile,0.2,13962
2026-01-17,US,3,wk inc flu hosp,2026-02-07,quantile,0.25,15322
2026-01-17,US,3,wk inc flu hosp,2026-02-07,quantile,0.3,16719
2026-01-17,US,3,wk inc flu hosp,2026-02-07,quantile,0.35,18071
2026-01-17,US,3,wk inc flu hosp,2026-02-07,quantile,0.4,19478
2026-01-17,US,3,wk inc flu hosp,2026-02-07,quantile,0.45,20723
2026-01-17,US,3,wk inc flu hosp,2026-02-07,quantile,0.5,21230
2026-01-17,US,3,wk inc flu hosp,2026-02-07,quantile,0.55,22022
2026-01-17,US,3,wk inc flu hosp,2026-02-07,quantile,0.6,22907
2026-01-17,US,3,wk inc flu hosp,2026-02-07,quantile,0.65,24123
2026-01-17,US,3,wk inc flu hosp,2026-02-07,quantile,0.7,26412
2026-01-17,US,3,wk inc flu hosp,2026-02-07,quantile,0.75,30195
2026-01-17,US,3,wk inc flu hosp,2026-02-07,quantile,0.8,32107
2026-01-17,US,3,wk inc flu hosp,2026-02-07,quantile,0.85,34192
2026-01-17,US,3,wk inc flu hosp,2026-02-07,quantile,0.9,36238
2026-01-17,US,3,wk inc flu hosp,2026-02-07,quantile,0.95,39346
2026-01-17,US,3,wk inc flu hosp,2026-02-07,quantile,0.975,44419
2026-01-17,US,3,wk inc flu hosp,2026-02-07,quantile,0.99,52421
