"reference_date","location","horizon","target","target_end_date","output_type","output_type_id","value"
2026-05-23,"01",0,"wk inc flu hosp",2026-05-23,"quantile",0.01,4
2026-05-23,"01",0,"wk inc flu hosp",2026-05-23,"quantile",0.025,5
2026-05-23,"01",0,"wk inc flu hosp",2026-05-23,"quantile",0.05,6
2026-05-23,"01",0,"wk inc flu hosp",2026-05-23,"quantile",0.1,8
2026-05-23,"01",0,"wk inc flu hosp",2026-05-23,"quantile",0.15,9
2026-05-23,"01",0,"wk inc flu hosp",2026-05-23,"quantile",0.2,11
2026-05-23,"01",0,"wk inc flu hosp",2026-05-23,"quantile",0.25,12
2026-05-23,"01",0,"wk inc flu hosp",2026-05-23,"quantile",0.3,13
2026-05-23,"01",0,"wk inc flu hosp",2026-05-23,"quantile",0.35,15
2026-05-23,"01",0,"wk inc flu hosp",2026-05-23,"quantile",0.4,15
2026-05-23,"01",0,"wk inc flu hosp",2026-05-23,"quantile",0.45,16
2026-05-23,"01",0,"wk inc flu hosp",2026-05-23,"quantile",0.5,18
2026-05-23,"01",0,"wk inc flu hosp",2026-05-23,"quantile",0.55,19
2026-05-23,"01",0,"wk inc flu hosp",2026-05-23,"quantile",0.6,19
2026-05-23,"01",0,"wk inc flu hosp",2026-05-23,"quantile",0.65,20
2026-05-23,"01",0,"wk inc flu hosp",2026-05-23,"quantile",0.7,23
2026-05-23,"01",0,"wk inc flu hosp",2026-05-23,"quantile",0.75,24
2026-05-23,"01",0,"wk inc flu hosp",2026-05-23,"quantile",0.8,26
2026-05-23,"01",0,"wk inc flu hosp",2026-05-23,"quantile",0.85,29
2026-05-23,"01",0,"wk inc flu hosp",2026-05-23,"quantile",0.9,32
2026-05-23,"01",0,"wk inc flu hosp",2026-05-23,"quantile",0.95,38
2026-05-23,"01",0,"wk inc flu hosp",2026-05-23,"quantile",0.975,43
2026-05-23,"01",0,"wk inc flu hosp",2026-05-23,"quantile",0.99,52
2026-05-23,"01",1,"wk inc flu hosp",2026-05-30,"quantile",0.01,2
2026-05-23,"01",1,"wk inc flu hosp",2026-05-30,"quantile",0.025,3
2026-05-23,"01",1,"wk inc flu hosp",2026-05-30,"quantile",0.05,4
2026-05-23,"01",1,"wk inc flu hosp",2026-05-30,"quantile",0.1,6
2026-05-23,"01",1,"wk inc flu hosp",2026-05-30,"quantile",0.15,8
2026-05-23,"01",1,"wk inc flu hosp",2026-05-30,"quantile",0.2,9
2026-05-23,"01",1,"wk inc flu hosp",2026-05-30,"quantile",0.25,10
2026-05-23,"01",1,"wk inc flu hosp",2026-05-30,"quantile",0.3,11
2026-05-23,"01",1,"wk inc flu hosp",2026-05-30,"quantile",0.35,12
2026-05-23,"01",1,"wk inc flu hosp",2026-05-30,"quantile",0.4,14
2026-05-23,"01",1,"wk inc flu hosp",2026-05-30,"quantile",0.45,15
2026-05-23,"01",1,"wk inc flu hosp",2026-05-30,"quantile",0.5,17
2026-05-23,"01",1,"wk inc flu hosp",2026-05-30,"quantile",0.55,18
2026-05-23,"01",1,"wk inc flu hosp",2026-05-30,"quantile",0.6,18
2026-05-23,"01",1,"wk inc flu hosp",2026-05-30,"quantile",0.65,20
2026-05-23,"01",1,"wk inc flu hosp",2026-05-30,"quantile",0.7,22
2026-05-23,"01",1,"wk inc flu hosp",2026-05-30,"quantile",0.75,24
2026-05-23,"01",1,"wk inc flu hosp",2026-05-30,"quantile",0.8,26
2026-05-23,"01",1,"wk inc flu hosp",2026-05-30,"quantile",0.85,29
2026-05-23,"01",1,"wk inc flu hosp",2026-05-30,"quantile",0.9,34
2026-05-23,"01",1,"wk inc flu hosp",2026-05-30,"quantile",0.95,41
2026-05-23,"01",1,"wk inc flu hosp",2026-05-30,"quantile",0.975,47
2026-05-23,"01",1,"wk inc flu hosp",2026-05-30,"quantile",0.99,55
2026-05-23,"02",0,"wk inc flu hosp",2026-05-23,"quantile",0.01,0
2026-05-23,"02",0,"wk inc flu hosp",2026-05-23,"quantile",0.025,0
2026-05-23,"02",0,"wk inc flu hosp",2026-05-23,"quantile",0.05,0
2026-05-23,"02",0,"wk inc flu hosp",2026-05-23,"quantile",0.1,0
2026-05-23,"02",0,"wk inc flu hosp",2026-05-23,"quantile",0.15,0
2026-05-23,"02",0,"wk inc flu hosp",2026-05-23,"quantile",0.2,0
2026-05-23,"02",0,"wk inc flu hosp",2026-05-23,"quantile",0.25,0
2026-05-23,"02",0,"wk inc flu hosp",2026-05-23,"quantile",0.3,0
2026-05-23,"02",0,"wk inc flu hosp",2026-05-23,"quantile",0.35,0
2026-05-23,"02",0,"wk inc flu hosp",2026-05-23,"quantile",0.4,0
2026-05-23,"02",0,"wk inc flu hosp",2026-05-23,"quantile",0.45,0
2026-05-23,"02",0,"wk inc flu hosp",2026-05-23,"quantile",0.5,1
2026-05-23,"02",0,"wk inc flu hosp",2026-05-23,"quantile",0.55,1
2026-05-23,"02",0,"wk inc flu hosp",2026-05-23,"quantile",0.6,1
2026-05-23,"02",0,"wk inc flu hosp",2026-05-23,"quantile",0.65,2
2026-05-23,"02",0,"wk inc flu hosp",2026-05-23,"quantile",0.7,2
2026-05-23,"02",0,"wk inc flu hosp",2026-05-23,"quantile",0.75,2
2026-05-23,"02",0,"wk inc flu hosp",2026-05-23,"quantile",0.8,3
2026-05-23,"02",0,"wk inc flu hosp",2026-05-23,"quantile",0.85,4
2026-05-23,"02",0,"wk inc flu hosp",2026-05-23,"quantile",0.9,4
2026-05-23,"02",0,"wk inc flu hosp",2026-05-23,"quantile",0.95,6
2026-05-23,"02",0,"wk inc flu hosp",2026-05-23,"quantile",0.975,7
2026-05-23,"02",0,"wk inc flu hosp",2026-05-23,"quantile",0.99,8
2026-05-23,"02",1,"wk inc flu hosp",2026-05-30,"quantile",0.01,0
2026-05-23,"02",1,"wk inc flu hosp",2026-05-30,"quantile",0.025,0
2026-05-23,"02",1,"wk inc flu hosp",2026-05-30,"quantile",0.05,0
2026-05-23,"02",1,"wk inc flu hosp",2026-05-30,"quantile",0.1,0
2026-05-23,"02",1,"wk inc flu hosp",2026-05-30,"quantile",0.15,0
2026-05-23,"02",1,"wk inc flu hosp",2026-05-30,"quantile",0.2,0
2026-05-23,"02",1,"wk inc flu hosp",2026-05-30,"quantile",0.25,0
2026-05-23,"02",1,"wk inc flu hosp",2026-05-30,"quantile",0.3,0
2026-05-23,"02",1,"wk inc flu hosp",2026-05-30,"quantile",0.35,0
2026-05-23,"02",1,"wk inc flu hosp",2026-05-30,"quantile",0.4,0
2026-05-23,"02",1,"wk inc flu hosp",2026-05-30,"quantile",0.45,0
2026-05-23,"02",1,"wk inc flu hosp",2026-05-30,"quantile",0.5,1
2026-05-23,"02",1,"wk inc flu hosp",2026-05-30,"quantile",0.55,1
2026-05-23,"02",1,"wk inc flu hosp",2026-05-30,"quantile",0.6,1
2026-05-23,"02",1,"wk inc flu hosp",2026-05-30,"quantile",0.65,2
2026-05-23,"02",1,"wk inc flu hosp",2026-05-30,"quantile",0.7,2
2026-05-23,"02",1,"wk inc flu hosp",2026-05-30,"quantile",0.75,2
2026-05-23,"02",1,"wk inc flu hosp",2026-05-30,"quantile",0.8,3
2026-05-23,"02",1,"wk inc flu hosp",2026-05-30,"quantile",0.85,3
2026-05-23,"02",1,"wk inc flu hosp",2026-05-30,"quantile",0.9,4
2026-05-23,"02",1,"wk inc flu hosp",2026-05-30,"quantile",0.95,5
2026-05-23,"02",1,"wk inc flu hosp",2026-05-30,"quantile",0.975,7
2026-05-23,"02",1,"wk inc flu hosp",2026-05-30,"quantile",0.99,8
2026-05-23,"04",0,"wk inc flu hosp",2026-05-23,"quantile",0.01,12
2026-05-23,"04",0,"wk inc flu hosp",2026-05-23,"quantile",0.025,15
2026-05-23,"04",0,"wk inc flu hosp",2026-05-23,"quantile",0.05,17
2026-05-23,"04",0,"wk inc flu hosp",2026-05-23,"quantile",0.1,22
2026-05-23,"04",0,"wk inc flu hosp",2026-05-23,"quantile",0.15,24
2026-05-23,"04",0,"wk inc flu hosp",2026-05-23,"quantile",0.2,28
2026-05-23,"04",0,"wk inc flu hosp",2026-05-23,"quantile",0.25,30
2026-05-23,"04",0,"wk inc flu hosp",2026-05-23,"quantile",0.3,31
2026-05-23,"04",0,"wk inc flu hosp",2026-05-23,"quantile",0.35,33
2026-05-23,"04",0,"wk inc flu hosp",2026-05-23,"quantile",0.4,34
2026-05-23,"04",0,"wk inc flu hosp",2026-05-23,"quantile",0.45,35
2026-05-23,"04",0,"wk inc flu hosp",2026-05-23,"quantile",0.5,39
2026-05-23,"04",0,"wk inc flu hosp",2026-05-23,"quantile",0.55,43
2026-05-23,"04",0,"wk inc flu hosp",2026-05-23,"quantile",0.6,45
2026-05-23,"04",0,"wk inc flu hosp",2026-05-23,"quantile",0.65,47
2026-05-23,"04",0,"wk inc flu hosp",2026-05-23,"quantile",0.7,49
2026-05-23,"04",0,"wk inc flu hosp",2026-05-23,"quantile",0.75,52
2026-05-23,"04",0,"wk inc flu hosp",2026-05-23,"quantile",0.8,56
2026-05-23,"04",0,"wk inc flu hosp",2026-05-23,"quantile",0.85,60
2026-05-23,"04",0,"wk inc flu hosp",2026-05-23,"quantile",0.9,67
2026-05-23,"04",0,"wk inc flu hosp",2026-05-23,"quantile",0.95,78
2026-05-23,"04",0,"wk inc flu hosp",2026-05-23,"quantile",0.975,94
2026-05-23,"04",0,"wk inc flu hosp",2026-05-23,"quantile",0.99,109
2026-05-23,"04",1,"wk inc flu hosp",2026-05-30,"quantile",0.01,7
2026-05-23,"04",1,"wk inc flu hosp",2026-05-30,"quantile",0.025,11
2026-05-23,"04",1,"wk inc flu hosp",2026-05-30,"quantile",0.05,14
2026-05-23,"04",1,"wk inc flu hosp",2026-05-30,"quantile",0.1,18
2026-05-23,"04",1,"wk inc flu hosp",2026-05-30,"quantile",0.15,20
2026-05-23,"04",1,"wk inc flu hosp",2026-05-30,"quantile",0.2,22
2026-05-23,"04",1,"wk inc flu hosp",2026-05-30,"quantile",0.25,23
2026-05-23,"04",1,"wk inc flu hosp",2026-05-30,"quantile",0.3,26
2026-05-23,"04",1,"wk inc flu hosp",2026-05-30,"quantile",0.35,27
2026-05-23,"04",1,"wk inc flu hosp",2026-05-30,"quantile",0.4,29
2026-05-23,"04",1,"wk inc flu hosp",2026-05-30,"quantile",0.45,31
2026-05-23,"04",1,"wk inc flu hosp",2026-05-30,"quantile",0.5,34
2026-05-23,"04",1,"wk inc flu hosp",2026-05-30,"quantile",0.55,41
2026-05-23,"04",1,"wk inc flu hosp",2026-05-30,"quantile",0.6,44
2026-05-23,"04",1,"wk inc flu hosp",2026-05-30,"quantile",0.65,46
2026-05-23,"04",1,"wk inc flu hosp",2026-05-30,"quantile",0.7,48
2026-05-23,"04",1,"wk inc flu hosp",2026-05-30,"quantile",0.75,51
2026-05-23,"04",1,"wk inc flu hosp",2026-05-30,"quantile",0.8,55
2026-05-23,"04",1,"wk inc flu hosp",2026-05-30,"quantile",0.85,60
2026-05-23,"04",1,"wk inc flu hosp",2026-05-30,"quantile",0.9,70
2026-05-23,"04",1,"wk inc flu hosp",2026-05-30,"quantile",0.95,81
2026-05-23,"04",1,"wk inc flu hosp",2026-05-30,"quantile",0.975,98
2026-05-23,"04",1,"wk inc flu hosp",2026-05-30,"quantile",0.99,119
2026-05-23,"05",0,"wk inc flu hosp",2026-05-23,"quantile",0.01,0
2026-05-23,"05",0,"wk inc flu hosp",2026-05-23,"quantile",0.025,1
2026-05-23,"05",0,"wk inc flu hosp",2026-05-23,"quantile",0.05,1
2026-05-23,"05",0,"wk inc flu hosp",2026-05-23,"quantile",0.1,2
2026-05-23,"05",0,"wk inc flu hosp",2026-05-23,"quantile",0.15,3
2026-05-23,"05",0,"wk inc flu hosp",2026-05-23,"quantile",0.2,3
2026-05-23,"05",0,"wk inc flu hosp",2026-05-23,"quantile",0.25,4
2026-05-23,"05",0,"wk inc flu hosp",2026-05-23,"quantile",0.3,4
2026-05-23,"05",0,"wk inc flu hosp",2026-05-23,"quantile",0.35,5
2026-05-23,"05",0,"wk inc flu hosp",2026-05-23,"quantile",0.4,5
2026-05-23,"05",0,"wk inc flu hosp",2026-05-23,"quantile",0.45,6
2026-05-23,"05",0,"wk inc flu hosp",2026-05-23,"quantile",0.5,7
2026-05-23,"05",0,"wk inc flu hosp",2026-05-23,"quantile",0.55,7
2026-05-23,"05",0,"wk inc flu hosp",2026-05-23,"quantile",0.6,8
2026-05-23,"05",0,"wk inc flu hosp",2026-05-23,"quantile",0.65,8
2026-05-23,"05",0,"wk inc flu hosp",2026-05-23,"quantile",0.7,9
2026-05-23,"05",0,"wk inc flu hosp",2026-05-23,"quantile",0.75,10
2026-05-23,"05",0,"wk inc flu hosp",2026-05-23,"quantile",0.8,11
2026-05-23,"05",0,"wk inc flu hosp",2026-05-23,"quantile",0.85,12
2026-05-23,"05",0,"wk inc flu hosp",2026-05-23,"quantile",0.9,14
2026-05-23,"05",0,"wk inc flu hosp",2026-05-23,"quantile",0.95,17
2026-05-23,"05",0,"wk inc flu hosp",2026-05-23,"quantile",0.975,21
2026-05-23,"05",0,"wk inc flu hosp",2026-05-23,"quantile",0.99,28
2026-05-23,"05",1,"wk inc flu hosp",2026-05-30,"quantile",0.01,0
2026-05-23,"05",1,"wk inc flu hosp",2026-05-30,"quantile",0.025,0
2026-05-23,"05",1,"wk inc flu hosp",2026-05-30,"quantile",0.05,1
2026-05-23,"05",1,"wk inc flu hosp",2026-05-30,"quantile",0.1,2
2026-05-23,"05",1,"wk inc flu hosp",2026-05-30,"quantile",0.15,2
2026-05-23,"05",1,"wk inc flu hosp",2026-05-30,"quantile",0.2,3
2026-05-23,"05",1,"wk inc flu hosp",2026-05-30,"quantile",0.25,3
2026-05-23,"05",1,"wk inc flu hosp",2026-05-30,"quantile",0.3,3
2026-05-23,"05",1,"wk inc flu hosp",2026-05-30,"quantile",0.35,4
2026-05-23,"05",1,"wk inc flu hosp",2026-05-30,"quantile",0.4,5
2026-05-23,"05",1,"wk inc flu hosp",2026-05-30,"quantile",0.45,5
2026-05-23,"05",1,"wk inc flu hosp",2026-05-30,"quantile",0.5,6
2026-05-23,"05",1,"wk inc flu hosp",2026-05-30,"quantile",0.55,7
2026-05-23,"05",1,"wk inc flu hosp",2026-05-30,"quantile",0.6,8
2026-05-23,"05",1,"wk inc flu hosp",2026-05-30,"quantile",0.65,8
2026-05-23,"05",1,"wk inc flu hosp",2026-05-30,"quantile",0.7,9
2026-05-23,"05",1,"wk inc flu hosp",2026-05-30,"quantile",0.75,10
2026-05-23,"05",1,"wk inc flu hosp",2026-05-30,"quantile",0.8,11
2026-05-23,"05",1,"wk inc flu hosp",2026-05-30,"quantile",0.85,13
2026-05-23,"05",1,"wk inc flu hosp",2026-05-30,"quantile",0.9,15
2026-05-23,"05",1,"wk inc flu hosp",2026-05-30,"quantile",0.95,18
2026-05-23,"05",1,"wk inc flu hosp",2026-05-30,"quantile",0.975,22
2026-05-23,"05",1,"wk inc flu hosp",2026-05-30,"quantile",0.99,30
2026-05-23,"06",0,"wk inc flu hosp",2026-05-23,"quantile",0.01,48
2026-05-23,"06",0,"wk inc flu hosp",2026-05-23,"quantile",0.025,60
2026-05-23,"06",0,"wk inc flu hosp",2026-05-23,"quantile",0.05,73
2026-05-23,"06",0,"wk inc flu hosp",2026-05-23,"quantile",0.1,86
2026-05-23,"06",0,"wk inc flu hosp",2026-05-23,"quantile",0.15,99
2026-05-23,"06",0,"wk inc flu hosp",2026-05-23,"quantile",0.2,107
2026-05-23,"06",0,"wk inc flu hosp",2026-05-23,"quantile",0.25,115
2026-05-23,"06",0,"wk inc flu hosp",2026-05-23,"quantile",0.3,121
2026-05-23,"06",0,"wk inc flu hosp",2026-05-23,"quantile",0.35,128
2026-05-23,"06",0,"wk inc flu hosp",2026-05-23,"quantile",0.4,133
2026-05-23,"06",0,"wk inc flu hosp",2026-05-23,"quantile",0.45,139
2026-05-23,"06",0,"wk inc flu hosp",2026-05-23,"quantile",0.5,149
2026-05-23,"06",0,"wk inc flu hosp",2026-05-23,"quantile",0.55,156
2026-05-23,"06",0,"wk inc flu hosp",2026-05-23,"quantile",0.6,162
2026-05-23,"06",0,"wk inc flu hosp",2026-05-23,"quantile",0.65,170
2026-05-23,"06",0,"wk inc flu hosp",2026-05-23,"quantile",0.7,175
2026-05-23,"06",0,"wk inc flu hosp",2026-05-23,"quantile",0.75,186
2026-05-23,"06",0,"wk inc flu hosp",2026-05-23,"quantile",0.8,197
2026-05-23,"06",0,"wk inc flu hosp",2026-05-23,"quantile",0.85,210
2026-05-23,"06",0,"wk inc flu hosp",2026-05-23,"quantile",0.9,227
2026-05-23,"06",0,"wk inc flu hosp",2026-05-23,"quantile",0.95,252
2026-05-23,"06",0,"wk inc flu hosp",2026-05-23,"quantile",0.975,277
2026-05-23,"06",0,"wk inc flu hosp",2026-05-23,"quantile",0.99,319
2026-05-23,"06",1,"wk inc flu hosp",2026-05-30,"quantile",0.01,32
2026-05-23,"06",1,"wk inc flu hosp",2026-05-30,"quantile",0.025,45
2026-05-23,"06",1,"wk inc flu hosp",2026-05-30,"quantile",0.05,52
2026-05-23,"06",1,"wk inc flu hosp",2026-05-30,"quantile",0.1,65
2026-05-23,"06",1,"wk inc flu hosp",2026-05-30,"quantile",0.15,77
2026-05-23,"06",1,"wk inc flu hosp",2026-05-30,"quantile",0.2,89
2026-05-23,"06",1,"wk inc flu hosp",2026-05-30,"quantile",0.25,96
2026-05-23,"06",1,"wk inc flu hosp",2026-05-30,"quantile",0.3,106
2026-05-23,"06",1,"wk inc flu hosp",2026-05-30,"quantile",0.35,112
2026-05-23,"06",1,"wk inc flu hosp",2026-05-30,"quantile",0.4,119
2026-05-23,"06",1,"wk inc flu hosp",2026-05-30,"quantile",0.45,129
2026-05-23,"06",1,"wk inc flu hosp",2026-05-30,"quantile",0.5,142
2026-05-23,"06",1,"wk inc flu hosp",2026-05-30,"quantile",0.55,150
2026-05-23,"06",1,"wk inc flu hosp",2026-05-30,"quantile",0.6,156
2026-05-23,"06",1,"wk inc flu hosp",2026-05-30,"quantile",0.65,166
2026-05-23,"06",1,"wk inc flu hosp",2026-05-30,"quantile",0.7,172
2026-05-23,"06",1,"wk inc flu hosp",2026-05-30,"quantile",0.75,181
2026-05-23,"06",1,"wk inc flu hosp",2026-05-30,"quantile",0.8,193
2026-05-23,"06",1,"wk inc flu hosp",2026-05-30,"quantile",0.85,205
2026-05-23,"06",1,"wk inc flu hosp",2026-05-30,"quantile",0.9,222
2026-05-23,"06",1,"wk inc flu hosp",2026-05-30,"quantile",0.95,260
2026-05-23,"06",1,"wk inc flu hosp",2026-05-30,"quantile",0.975,301
2026-05-23,"06",1,"wk inc flu hosp",2026-05-30,"quantile",0.99,363
2026-05-23,"08",0,"wk inc flu hosp",2026-05-23,"quantile",0.01,0
2026-05-23,"08",0,"wk inc flu hosp",2026-05-23,"quantile",0.025,1
2026-05-23,"08",0,"wk inc flu hosp",2026-05-23,"quantile",0.05,2
2026-05-23,"08",0,"wk inc flu hosp",2026-05-23,"quantile",0.1,3
2026-05-23,"08",0,"wk inc flu hosp",2026-05-23,"quantile",0.15,5
2026-05-23,"08",0,"wk inc flu hosp",2026-05-23,"quantile",0.2,5
2026-05-23,"08",0,"wk inc flu hosp",2026-05-23,"quantile",0.25,6
2026-05-23,"08",0,"wk inc flu hosp",2026-05-23,"quantile",0.3,7
2026-05-23,"08",0,"wk inc flu hosp",2026-05-23,"quantile",0.35,8
2026-05-23,"08",0,"wk inc flu hosp",2026-05-23,"quantile",0.4,9
2026-05-23,"08",0,"wk inc flu hosp",2026-05-23,"quantile",0.45,10
2026-05-23,"08",0,"wk inc flu hosp",2026-05-23,"quantile",0.5,11
2026-05-23,"08",0,"wk inc flu hosp",2026-05-23,"quantile",0.55,12
2026-05-23,"08",0,"wk inc flu hosp",2026-05-23,"quantile",0.6,13
2026-05-23,"08",0,"wk inc flu hosp",2026-05-23,"quantile",0.65,13
2026-05-23,"08",0,"wk inc flu hosp",2026-05-23,"quantile",0.7,15
2026-05-23,"08",0,"wk inc flu hosp",2026-05-23,"quantile",0.75,16
2026-05-23,"08",0,"wk inc flu hosp",2026-05-23,"quantile",0.8,18
2026-05-23,"08",0,"wk inc flu hosp",2026-05-23,"quantile",0.85,20
2026-05-23,"08",0,"wk inc flu hosp",2026-05-23,"quantile",0.9,22
2026-05-23,"08",0,"wk inc flu hosp",2026-05-23,"quantile",0.95,28
2026-05-23,"08",0,"wk inc flu hosp",2026-05-23,"quantile",0.975,31
2026-05-23,"08",0,"wk inc flu hosp",2026-05-23,"quantile",0.99,39
2026-05-23,"08",1,"wk inc flu hosp",2026-05-30,"quantile",0.01,0
2026-05-23,"08",1,"wk inc flu hosp",2026-05-30,"quantile",0.025,0
2026-05-23,"08",1,"wk inc flu hosp",2026-05-30,"quantile",0.05,1
2026-05-23,"08",1,"wk inc flu hosp",2026-05-30,"quantile",0.1,2
2026-05-23,"08",1,"wk inc flu hosp",2026-05-30,"quantile",0.15,3
2026-05-23,"08",1,"wk inc flu hosp",2026-05-30,"quantile",0.2,4
2026-05-23,"08",1,"wk inc flu hosp",2026-05-30,"quantile",0.25,5
2026-05-23,"08",1,"wk inc flu hosp",2026-05-30,"quantile",0.3,5
2026-05-23,"08",1,"wk inc flu hosp",2026-05-30,"quantile",0.35,7
2026-05-23,"08",1,"wk inc flu hosp",2026-05-30,"quantile",0.4,8
2026-05-23,"08",1,"wk inc flu hosp",2026-05-30,"quantile",0.45,8
2026-05-23,"08",1,"wk inc flu hosp",2026-05-30,"quantile",0.5,10
2026-05-23,"08",1,"wk inc flu hosp",2026-05-30,"quantile",0.55,12
2026-05-23,"08",1,"wk inc flu hosp",2026-05-30,"quantile",0.6,12
2026-05-23,"08",1,"wk inc flu hosp",2026-05-30,"quantile",0.65,13
2026-05-23,"08",1,"wk inc flu hosp",2026-05-30,"quantile",0.7,14
2026-05-23,"08",1,"wk inc flu hosp",2026-05-30,"quantile",0.75,15
2026-05-23,"08",1,"wk inc flu hosp",2026-05-30,"quantile",0.8,17
2026-05-23,"08",1,"wk inc flu hosp",2026-05-30,"quantile",0.85,19
2026-05-23,"08",1,"wk inc flu hosp",2026-05-30,"quantile",0.9,22
2026-05-23,"08",1,"wk inc flu hosp",2026-05-30,"quantile",0.95,27
2026-05-23,"08",1,"wk inc flu hosp",2026-05-30,"quantile",0.975,33
2026-05-23,"08",1,"wk inc flu hosp",2026-05-30,"quantile",0.99,41
2026-05-23,"09",0,"wk inc flu hosp",2026-05-23,"quantile",0.01,0
2026-05-23,"09",0,"wk inc flu hosp",2026-05-23,"quantile",0.025,0
2026-05-23,"09",0,"wk inc flu hosp",2026-05-23,"quantile",0.05,0
2026-05-23,"09",0,"wk inc flu hosp",2026-05-23,"quantile",0.1,1
2026-05-23,"09",0,"wk inc flu hosp",2026-05-23,"quantile",0.15,2
2026-05-23,"09",0,"wk inc flu hosp",2026-05-23,"quantile",0.2,2
2026-05-23,"09",0,"wk inc flu hosp",2026-05-23,"quantile",0.25,3
2026-05-23,"09",0,"wk inc flu hosp",2026-05-23,"quantile",0.3,3
2026-05-23,"09",0,"wk inc flu hosp",2026-05-23,"quantile",0.35,4
2026-05-23,"09",0,"wk inc flu hosp",2026-05-23,"quantile",0.4,4
2026-05-23,"09",0,"wk inc flu hosp",2026-05-23,"quantile",0.45,5
2026-05-23,"09",0,"wk inc flu hosp",2026-05-23,"quantile",0.5,6
2026-05-23,"09",0,"wk inc flu hosp",2026-05-23,"quantile",0.55,6
2026-05-23,"09",0,"wk inc flu hosp",2026-05-23,"quantile",0.6,7
2026-05-23,"09",0,"wk inc flu hosp",2026-05-23,"quantile",0.65,7
2026-05-23,"09",0,"wk inc flu hosp",2026-05-23,"quantile",0.7,8
2026-05-23,"09",0,"wk inc flu hosp",2026-05-23,"quantile",0.75,9
2026-05-23,"09",0,"wk inc flu hosp",2026-05-23,"quantile",0.8,10
2026-05-23,"09",0,"wk inc flu hosp",2026-05-23,"quantile",0.85,11
2026-05-23,"09",0,"wk inc flu hosp",2026-05-23,"quantile",0.9,13
2026-05-23,"09",0,"wk inc flu hosp",2026-05-23,"quantile",0.95,14
2026-05-23,"09",0,"wk inc flu hosp",2026-05-23,"quantile",0.975,16
2026-05-23,"09",0,"wk inc flu hosp",2026-05-23,"quantile",0.99,21
2026-05-23,"09",1,"wk inc flu hosp",2026-05-30,"quantile",0.01,0
2026-05-23,"09",1,"wk inc flu hosp",2026-05-30,"quantile",0.025,0
2026-05-23,"09",1,"wk inc flu hosp",2026-05-30,"quantile",0.05,0
2026-05-23,"09",1,"wk inc flu hosp",2026-05-30,"quantile",0.1,1
2026-05-23,"09",1,"wk inc flu hosp",2026-05-30,"quantile",0.15,1
2026-05-23,"09",1,"wk inc flu hosp",2026-05-30,"quantile",0.2,2
2026-05-23,"09",1,"wk inc flu hosp",2026-05-30,"quantile",0.25,2
2026-05-23,"09",1,"wk inc flu hosp",2026-05-30,"quantile",0.3,2
2026-05-23,"09",1,"wk inc flu hosp",2026-05-30,"quantile",0.35,3
2026-05-23,"09",1,"wk inc flu hosp",2026-05-30,"quantile",0.4,3
2026-05-23,"09",1,"wk inc flu hosp",2026-05-30,"quantile",0.45,4
2026-05-23,"09",1,"wk inc flu hosp",2026-05-30,"quantile",0.5,5
2026-05-23,"09",1,"wk inc flu hosp",2026-05-30,"quantile",0.55,5
2026-05-23,"09",1,"wk inc flu hosp",2026-05-30,"quantile",0.6,6
2026-05-23,"09",1,"wk inc flu hosp",2026-05-30,"quantile",0.65,7
2026-05-23,"09",1,"wk inc flu hosp",2026-05-30,"quantile",0.7,7
2026-05-23,"09",1,"wk inc flu hosp",2026-05-30,"quantile",0.75,9
2026-05-23,"09",1,"wk inc flu hosp",2026-05-30,"quantile",0.8,10
2026-05-23,"09",1,"wk inc flu hosp",2026-05-30,"quantile",0.85,11
2026-05-23,"09",1,"wk inc flu hosp",2026-05-30,"quantile",0.9,12
2026-05-23,"09",1,"wk inc flu hosp",2026-05-30,"quantile",0.95,15
2026-05-23,"09",1,"wk inc flu hosp",2026-05-30,"quantile",0.975,20
2026-05-23,"09",1,"wk inc flu hosp",2026-05-30,"quantile",0.99,25
2026-05-23,"10",0,"wk inc flu hosp",2026-05-23,"quantile",0.01,0
2026-05-23,"10",0,"wk inc flu hosp",2026-05-23,"quantile",0.025,0
2026-05-23,"10",0,"wk inc flu hosp",2026-05-23,"quantile",0.05,0
2026-05-23,"10",0,"wk inc flu hosp",2026-05-23,"quantile",0.1,0
2026-05-23,"10",0,"wk inc flu hosp",2026-05-23,"quantile",0.15,0
2026-05-23,"10",0,"wk inc flu hosp",2026-05-23,"quantile",0.2,1
2026-05-23,"10",0,"wk inc flu hosp",2026-05-23,"quantile",0.25,1
2026-05-23,"10",0,"wk inc flu hosp",2026-05-23,"quantile",0.3,1
2026-05-23,"10",0,"wk inc flu hosp",2026-05-23,"quantile",0.35,1
2026-05-23,"10",0,"wk inc flu hosp",2026-05-23,"quantile",0.4,2
2026-05-23,"10",0,"wk inc flu hosp",2026-05-23,"quantile",0.45,2
2026-05-23,"10",0,"wk inc flu hosp",2026-05-23,"quantile",0.5,3
2026-05-23,"10",0,"wk inc flu hosp",2026-05-23,"quantile",0.55,3
2026-05-23,"10",0,"wk inc flu hosp",2026-05-23,"quantile",0.6,3
2026-05-23,"10",0,"wk inc flu hosp",2026-05-23,"quantile",0.65,3
2026-05-23,"10",0,"wk inc flu hosp",2026-05-23,"quantile",0.7,4
2026-05-23,"10",0,"wk inc flu hosp",2026-05-23,"quantile",0.75,4
2026-05-23,"10",0,"wk inc flu hosp",2026-05-23,"quantile",0.8,4
2026-05-23,"10",0,"wk inc flu hosp",2026-05-23,"quantile",0.85,5
2026-05-23,"10",0,"wk inc flu hosp",2026-05-23,"quantile",0.9,6
2026-05-23,"10",0,"wk inc flu hosp",2026-05-23,"quantile",0.95,7
2026-05-23,"10",0,"wk inc flu hosp",2026-05-23,"quantile",0.975,9
2026-05-23,"10",0,"wk inc flu hosp",2026-05-23,"quantile",0.99,11
2026-05-23,"10",1,"wk inc flu hosp",2026-05-30,"quantile",0.01,0
2026-05-23,"10",1,"wk inc flu hosp",2026-05-30,"quantile",0.025,0
2026-05-23,"10",1,"wk inc flu hosp",2026-05-30,"quantile",0.05,0
2026-05-23,"10",1,"wk inc flu hosp",2026-05-30,"quantile",0.1,0
2026-05-23,"10",1,"wk inc flu hosp",2026-05-30,"quantile",0.15,0
2026-05-23,"10",1,"wk inc flu hosp",2026-05-30,"quantile",0.2,1
2026-05-23,"10",1,"wk inc flu hosp",2026-05-30,"quantile",0.25,1
2026-05-23,"10",1,"wk inc flu hosp",2026-05-30,"quantile",0.3,1
2026-05-23,"10",1,"wk inc flu hosp",2026-05-30,"quantile",0.35,1
2026-05-23,"10",1,"wk inc flu hosp",2026-05-30,"quantile",0.4,2
2026-05-23,"10",1,"wk inc flu hosp",2026-05-30,"quantile",0.45,2
2026-05-23,"10",1,"wk inc flu hosp",2026-05-30,"quantile",0.5,2
2026-05-23,"10",1,"wk inc flu hosp",2026-05-30,"quantile",0.55,3
2026-05-23,"10",1,"wk inc flu hosp",2026-05-30,"quantile",0.6,3
2026-05-23,"10",1,"wk inc flu hosp",2026-05-30,"quantile",0.65,3
2026-05-23,"10",1,"wk inc flu hosp",2026-05-30,"quantile",0.7,4
2026-05-23,"10",1,"wk inc flu hosp",2026-05-30,"quantile",0.75,4
2026-05-23,"10",1,"wk inc flu hosp",2026-05-30,"quantile",0.8,4
2026-05-23,"10",1,"wk inc flu hosp",2026-05-30,"quantile",0.85,5
2026-05-23,"10",1,"wk inc flu hosp",2026-05-30,"quantile",0.9,6
2026-05-23,"10",1,"wk inc flu hosp",2026-05-30,"quantile",0.95,8
2026-05-23,"10",1,"wk inc flu hosp",2026-05-30,"quantile",0.975,10
2026-05-23,"10",1,"wk inc flu hosp",2026-05-30,"quantile",0.99,13
2026-05-23,"11",0,"wk inc flu hosp",2026-05-23,"quantile",0.01,0
2026-05-23,"11",0,"wk inc flu hosp",2026-05-23,"quantile",0.025,0
2026-05-23,"11",0,"wk inc flu hosp",2026-05-23,"quantile",0.05,0
2026-05-23,"11",0,"wk inc flu hosp",2026-05-23,"quantile",0.1,0
2026-05-23,"11",0,"wk inc flu hosp",2026-05-23,"quantile",0.15,0
2026-05-23,"11",0,"wk inc flu hosp",2026-05-23,"quantile",0.2,0
2026-05-23,"11",0,"wk inc flu hosp",2026-05-23,"quantile",0.25,0
2026-05-23,"11",0,"wk inc flu hosp",2026-05-23,"quantile",0.3,0
2026-05-23,"11",0,"wk inc flu hosp",2026-05-23,"quantile",0.35,0
2026-05-23,"11",0,"wk inc flu hosp",2026-05-23,"quantile",0.4,0
2026-05-23,"11",0,"wk inc flu hosp",2026-05-23,"quantile",0.45,0
2026-05-23,"11",0,"wk inc flu hosp",2026-05-23,"quantile",0.5,1
2026-05-23,"11",0,"wk inc flu hosp",2026-05-23,"quantile",0.55,1
2026-05-23,"11",0,"wk inc flu hosp",2026-05-23,"quantile",0.6,1
2026-05-23,"11",0,"wk inc flu hosp",2026-05-23,"quantile",0.65,1
2026-05-23,"11",0,"wk inc flu hosp",2026-05-23,"quantile",0.7,2
2026-05-23,"11",0,"wk inc flu hosp",2026-05-23,"quantile",0.75,2
2026-05-23,"11",0,"wk inc flu hosp",2026-05-23,"quantile",0.8,2
2026-05-23,"11",0,"wk inc flu hosp",2026-05-23,"quantile",0.85,3
2026-05-23,"11",0,"wk inc flu hosp",2026-05-23,"quantile",0.9,3
2026-05-23,"11",0,"wk inc flu hosp",2026-05-23,"quantile",0.95,4
2026-05-23,"11",0,"wk inc flu hosp",2026-05-23,"quantile",0.975,5
2026-05-23,"11",0,"wk inc flu hosp",2026-05-23,"quantile",0.99,7
2026-05-23,"11",1,"wk inc flu hosp",2026-05-30,"quantile",0.01,0
2026-05-23,"11",1,"wk inc flu hosp",2026-05-30,"quantile",0.025,0
2026-05-23,"11",1,"wk inc flu hosp",2026-05-30,"quantile",0.05,0
2026-05-23,"11",1,"wk inc flu hosp",2026-05-30,"quantile",0.1,0
2026-05-23,"11",1,"wk inc flu hosp",2026-05-30,"quantile",0.15,0
2026-05-23,"11",1,"wk inc flu hosp",2026-05-30,"quantile",0.2,0
2026-05-23,"11",1,"wk inc flu hosp",2026-05-30,"quantile",0.25,0
2026-05-23,"11",1,"wk inc flu hosp",2026-05-30,"quantile",0.3,0
2026-05-23,"11",1,"wk inc flu hosp",2026-05-30,"quantile",0.35,0
2026-05-23,"11",1,"wk inc flu hosp",2026-05-30,"quantile",0.4,0
2026-05-23,"11",1,"wk inc flu hosp",2026-05-30,"quantile",0.45,0
2026-05-23,"11",1,"wk inc flu hosp",2026-05-30,"quantile",0.5,1
2026-05-23,"11",1,"wk inc flu hosp",2026-05-30,"quantile",0.55,1
2026-05-23,"11",1,"wk inc flu hosp",2026-05-30,"quantile",0.6,1
2026-05-23,"11",1,"wk inc flu hosp",2026-05-30,"quantile",0.65,1
2026-05-23,"11",1,"wk inc flu hosp",2026-05-30,"quantile",0.7,2
2026-05-23,"11",1,"wk inc flu hosp",2026-05-30,"quantile",0.75,2
2026-05-23,"11",1,"wk inc flu hosp",2026-05-30,"quantile",0.8,2
2026-05-23,"11",1,"wk inc flu hosp",2026-05-30,"quantile",0.85,3
2026-05-23,"11",1,"wk inc flu hosp",2026-05-30,"quantile",0.9,3
2026-05-23,"11",1,"wk inc flu hosp",2026-05-30,"quantile",0.95,4
2026-05-23,"11",1,"wk inc flu hosp",2026-05-30,"quantile",0.975,6
2026-05-23,"11",1,"wk inc flu hosp",2026-05-30,"quantile",0.99,9
2026-05-23,"12",0,"wk inc flu hosp",2026-05-23,"quantile",0.01,29
2026-05-23,"12",0,"wk inc flu hosp",2026-05-23,"quantile",0.025,40
2026-05-23,"12",0,"wk inc flu hosp",2026-05-23,"quantile",0.05,47
2026-05-23,"12",0,"wk inc flu hosp",2026-05-23,"quantile",0.1,55
2026-05-23,"12",0,"wk inc flu hosp",2026-05-23,"quantile",0.15,64
2026-05-23,"12",0,"wk inc flu hosp",2026-05-23,"quantile",0.2,71
2026-05-23,"12",0,"wk inc flu hosp",2026-05-23,"quantile",0.25,77
2026-05-23,"12",0,"wk inc flu hosp",2026-05-23,"quantile",0.3,82
2026-05-23,"12",0,"wk inc flu hosp",2026-05-23,"quantile",0.35,87
2026-05-23,"12",0,"wk inc flu hosp",2026-05-23,"quantile",0.4,91
2026-05-23,"12",0,"wk inc flu hosp",2026-05-23,"quantile",0.45,95
2026-05-23,"12",0,"wk inc flu hosp",2026-05-23,"quantile",0.5,103
2026-05-23,"12",0,"wk inc flu hosp",2026-05-23,"quantile",0.55,109
2026-05-23,"12",0,"wk inc flu hosp",2026-05-23,"quantile",0.6,116
2026-05-23,"12",0,"wk inc flu hosp",2026-05-23,"quantile",0.65,121
2026-05-23,"12",0,"wk inc flu hosp",2026-05-23,"quantile",0.7,128
2026-05-23,"12",0,"wk inc flu hosp",2026-05-23,"quantile",0.75,134
2026-05-23,"12",0,"wk inc flu hosp",2026-05-23,"quantile",0.8,140
2026-05-23,"12",0,"wk inc flu hosp",2026-05-23,"quantile",0.85,150
2026-05-23,"12",0,"wk inc flu hosp",2026-05-23,"quantile",0.9,167
2026-05-23,"12",0,"wk inc flu hosp",2026-05-23,"quantile",0.95,189
2026-05-23,"12",0,"wk inc flu hosp",2026-05-23,"quantile",0.975,214
2026-05-23,"12",0,"wk inc flu hosp",2026-05-23,"quantile",0.99,233
2026-05-23,"12",1,"wk inc flu hosp",2026-05-30,"quantile",0.01,21
2026-05-23,"12",1,"wk inc flu hosp",2026-05-30,"quantile",0.025,28
2026-05-23,"12",1,"wk inc flu hosp",2026-05-30,"quantile",0.05,36
2026-05-23,"12",1,"wk inc flu hosp",2026-05-30,"quantile",0.1,46
2026-05-23,"12",1,"wk inc flu hosp",2026-05-30,"quantile",0.15,54
2026-05-23,"12",1,"wk inc flu hosp",2026-05-30,"quantile",0.2,59
2026-05-23,"12",1,"wk inc flu hosp",2026-05-30,"quantile",0.25,67
2026-05-23,"12",1,"wk inc flu hosp",2026-05-30,"quantile",0.3,72
2026-05-23,"12",1,"wk inc flu hosp",2026-05-30,"quantile",0.35,76
2026-05-23,"12",1,"wk inc flu hosp",2026-05-30,"quantile",0.4,80
2026-05-23,"12",1,"wk inc flu hosp",2026-05-30,"quantile",0.45,87
2026-05-23,"12",1,"wk inc flu hosp",2026-05-30,"quantile",0.5,97
2026-05-23,"12",1,"wk inc flu hosp",2026-05-30,"quantile",0.55,102
2026-05-23,"12",1,"wk inc flu hosp",2026-05-30,"quantile",0.6,109
2026-05-23,"12",1,"wk inc flu hosp",2026-05-30,"quantile",0.65,115
2026-05-23,"12",1,"wk inc flu hosp",2026-05-30,"quantile",0.7,122
2026-05-23,"12",1,"wk inc flu hosp",2026-05-30,"quantile",0.75,132
2026-05-23,"12",1,"wk inc flu hosp",2026-05-30,"quantile",0.8,141
2026-05-23,"12",1,"wk inc flu hosp",2026-05-30,"quantile",0.85,160
2026-05-23,"12",1,"wk inc flu hosp",2026-05-30,"quantile",0.9,183
2026-05-23,"12",1,"wk inc flu hosp",2026-05-30,"quantile",0.95,219
2026-05-23,"12",1,"wk inc flu hosp",2026-05-30,"quantile",0.975,248
2026-05-23,"12",1,"wk inc flu hosp",2026-05-30,"quantile",0.99,294
2026-05-23,"13",0,"wk inc flu hosp",2026-05-23,"quantile",0.01,4
2026-05-23,"13",0,"wk inc flu hosp",2026-05-23,"quantile",0.025,5
2026-05-23,"13",0,"wk inc flu hosp",2026-05-23,"quantile",0.05,6
2026-05-23,"13",0,"wk inc flu hosp",2026-05-23,"quantile",0.1,9
2026-05-23,"13",0,"wk inc flu hosp",2026-05-23,"quantile",0.15,10
2026-05-23,"13",0,"wk inc flu hosp",2026-05-23,"quantile",0.2,12
2026-05-23,"13",0,"wk inc flu hosp",2026-05-23,"quantile",0.25,13
2026-05-23,"13",0,"wk inc flu hosp",2026-05-23,"quantile",0.3,14
2026-05-23,"13",0,"wk inc flu hosp",2026-05-23,"quantile",0.35,16
2026-05-23,"13",0,"wk inc flu hosp",2026-05-23,"quantile",0.4,17
2026-05-23,"13",0,"wk inc flu hosp",2026-05-23,"quantile",0.45,18
2026-05-23,"13",0,"wk inc flu hosp",2026-05-23,"quantile",0.5,20
2026-05-23,"13",0,"wk inc flu hosp",2026-05-23,"quantile",0.55,21
2026-05-23,"13",0,"wk inc flu hosp",2026-05-23,"quantile",0.6,23
2026-05-23,"13",0,"wk inc flu hosp",2026-05-23,"quantile",0.65,24
2026-05-23,"13",0,"wk inc flu hosp",2026-05-23,"quantile",0.7,25
2026-05-23,"13",0,"wk inc flu hosp",2026-05-23,"quantile",0.75,27
2026-05-23,"13",0,"wk inc flu hosp",2026-05-23,"quantile",0.8,30
2026-05-23,"13",0,"wk inc flu hosp",2026-05-23,"quantile",0.85,33
2026-05-23,"13",0,"wk inc flu hosp",2026-05-23,"quantile",0.9,37
2026-05-23,"13",0,"wk inc flu hosp",2026-05-23,"quantile",0.95,42
2026-05-23,"13",0,"wk inc flu hosp",2026-05-23,"quantile",0.975,49
2026-05-23,"13",0,"wk inc flu hosp",2026-05-23,"quantile",0.99,64
2026-05-23,"13",1,"wk inc flu hosp",2026-05-30,"quantile",0.01,1
2026-05-23,"13",1,"wk inc flu hosp",2026-05-30,"quantile",0.025,3
2026-05-23,"13",1,"wk inc flu hosp",2026-05-30,"quantile",0.05,4
2026-05-23,"13",1,"wk inc flu hosp",2026-05-30,"quantile",0.1,7
2026-05-23,"13",1,"wk inc flu hosp",2026-05-30,"quantile",0.15,9
2026-05-23,"13",1,"wk inc flu hosp",2026-05-30,"quantile",0.2,11
2026-05-23,"13",1,"wk inc flu hosp",2026-05-30,"quantile",0.25,12
2026-05-23,"13",1,"wk inc flu hosp",2026-05-30,"quantile",0.3,14
2026-05-23,"13",1,"wk inc flu hosp",2026-05-30,"quantile",0.35,15
2026-05-23,"13",1,"wk inc flu hosp",2026-05-30,"quantile",0.4,15
2026-05-23,"13",1,"wk inc flu hosp",2026-05-30,"quantile",0.45,17
2026-05-23,"13",1,"wk inc flu hosp",2026-05-30,"quantile",0.5,18
2026-05-23,"13",1,"wk inc flu hosp",2026-05-30,"quantile",0.55,21
2026-05-23,"13",1,"wk inc flu hosp",2026-05-30,"quantile",0.6,23
2026-05-23,"13",1,"wk inc flu hosp",2026-05-30,"quantile",0.65,25
2026-05-23,"13",1,"wk inc flu hosp",2026-05-30,"quantile",0.7,27
2026-05-23,"13",1,"wk inc flu hosp",2026-05-30,"quantile",0.75,29
2026-05-23,"13",1,"wk inc flu hosp",2026-05-30,"quantile",0.8,32
2026-05-23,"13",1,"wk inc flu hosp",2026-05-30,"quantile",0.85,36
2026-05-23,"13",1,"wk inc flu hosp",2026-05-30,"quantile",0.9,40
2026-05-23,"13",1,"wk inc flu hosp",2026-05-30,"quantile",0.95,44
2026-05-23,"13",1,"wk inc flu hosp",2026-05-30,"quantile",0.975,52
2026-05-23,"13",1,"wk inc flu hosp",2026-05-30,"quantile",0.99,69
2026-05-23,"15",0,"wk inc flu hosp",2026-05-23,"quantile",0.01,0
2026-05-23,"15",0,"wk inc flu hosp",2026-05-23,"quantile",0.025,0
2026-05-23,"15",0,"wk inc flu hosp",2026-05-23,"quantile",0.05,1
2026-05-23,"15",0,"wk inc flu hosp",2026-05-23,"quantile",0.1,2
2026-05-23,"15",0,"wk inc flu hosp",2026-05-23,"quantile",0.15,2
2026-05-23,"15",0,"wk inc flu hosp",2026-05-23,"quantile",0.2,3
2026-05-23,"15",0,"wk inc flu hosp",2026-05-23,"quantile",0.25,4
2026-05-23,"15",0,"wk inc flu hosp",2026-05-23,"quantile",0.3,4
2026-05-23,"15",0,"wk inc flu hosp",2026-05-23,"quantile",0.35,5
2026-05-23,"15",0,"wk inc flu hosp",2026-05-23,"quantile",0.4,5
2026-05-23,"15",0,"wk inc flu hosp",2026-05-23,"quantile",0.45,6
2026-05-23,"15",0,"wk inc flu hosp",2026-05-23,"quantile",0.5,7
2026-05-23,"15",0,"wk inc flu hosp",2026-05-23,"quantile",0.55,7
2026-05-23,"15",0,"wk inc flu hosp",2026-05-23,"quantile",0.6,8
2026-05-23,"15",0,"wk inc flu hosp",2026-05-23,"quantile",0.65,8
2026-05-23,"15",0,"wk inc flu hosp",2026-05-23,"quantile",0.7,9
2026-05-23,"15",0,"wk inc flu hosp",2026-05-23,"quantile",0.75,10
2026-05-23,"15",0,"wk inc flu hosp",2026-05-23,"quantile",0.8,11
2026-05-23,"15",0,"wk inc flu hosp",2026-05-23,"quantile",0.85,12
2026-05-23,"15",0,"wk inc flu hosp",2026-05-23,"quantile",0.9,14
2026-05-23,"15",0,"wk inc flu hosp",2026-05-23,"quantile",0.95,17
2026-05-23,"15",0,"wk inc flu hosp",2026-05-23,"quantile",0.975,20
2026-05-23,"15",0,"wk inc flu hosp",2026-05-23,"quantile",0.99,24
2026-05-23,"15",1,"wk inc flu hosp",2026-05-30,"quantile",0.01,0
2026-05-23,"15",1,"wk inc flu hosp",2026-05-30,"quantile",0.025,0
2026-05-23,"15",1,"wk inc flu hosp",2026-05-30,"quantile",0.05,1
2026-05-23,"15",1,"wk inc flu hosp",2026-05-30,"quantile",0.1,1
2026-05-23,"15",1,"wk inc flu hosp",2026-05-30,"quantile",0.15,2
2026-05-23,"15",1,"wk inc flu hosp",2026-05-30,"quantile",0.2,2
2026-05-23,"15",1,"wk inc flu hosp",2026-05-30,"quantile",0.25,3
2026-05-23,"15",1,"wk inc flu hosp",2026-05-30,"quantile",0.3,3
2026-05-23,"15",1,"wk inc flu hosp",2026-05-30,"quantile",0.35,4
2026-05-23,"15",1,"wk inc flu hosp",2026-05-30,"quantile",0.4,4
2026-05-23,"15",1,"wk inc flu hosp",2026-05-30,"quantile",0.45,5
2026-05-23,"15",1,"wk inc flu hosp",2026-05-30,"quantile",0.5,5
2026-05-23,"15",1,"wk inc flu hosp",2026-05-30,"quantile",0.55,6
2026-05-23,"15",1,"wk inc flu hosp",2026-05-30,"quantile",0.6,7
2026-05-23,"15",1,"wk inc flu hosp",2026-05-30,"quantile",0.65,8
2026-05-23,"15",1,"wk inc flu hosp",2026-05-30,"quantile",0.7,9
2026-05-23,"15",1,"wk inc flu hosp",2026-05-30,"quantile",0.75,10
2026-05-23,"15",1,"wk inc flu hosp",2026-05-30,"quantile",0.8,11
2026-05-23,"15",1,"wk inc flu hosp",2026-05-30,"quantile",0.85,13
2026-05-23,"15",1,"wk inc flu hosp",2026-05-30,"quantile",0.9,15
2026-05-23,"15",1,"wk inc flu hosp",2026-05-30,"quantile",0.95,19
2026-05-23,"15",1,"wk inc flu hosp",2026-05-30,"quantile",0.975,22
2026-05-23,"15",1,"wk inc flu hosp",2026-05-30,"quantile",0.99,29
2026-05-23,"16",0,"wk inc flu hosp",2026-05-23,"quantile",0.01,0
2026-05-23,"16",0,"wk inc flu hosp",2026-05-23,"quantile",0.025,0
2026-05-23,"16",0,"wk inc flu hosp",2026-05-23,"quantile",0.05,1
2026-05-23,"16",0,"wk inc flu hosp",2026-05-23,"quantile",0.1,2
2026-05-23,"16",0,"wk inc flu hosp",2026-05-23,"quantile",0.15,2
2026-05-23,"16",0,"wk inc flu hosp",2026-05-23,"quantile",0.2,3
2026-05-23,"16",0,"wk inc flu hosp",2026-05-23,"quantile",0.25,3
2026-05-23,"16",0,"wk inc flu hosp",2026-05-23,"quantile",0.3,4
2026-05-23,"16",0,"wk inc flu hosp",2026-05-23,"quantile",0.35,4
2026-05-23,"16",0,"wk inc flu hosp",2026-05-23,"quantile",0.4,5
2026-05-23,"16",0,"wk inc flu hosp",2026-05-23,"quantile",0.45,5
2026-05-23,"16",0,"wk inc flu hosp",2026-05-23,"quantile",0.5,6
2026-05-23,"16",0,"wk inc flu hosp",2026-05-23,"quantile",0.55,6
2026-05-23,"16",0,"wk inc flu hosp",2026-05-23,"quantile",0.6,7
2026-05-23,"16",0,"wk inc flu hosp",2026-05-23,"quantile",0.65,7
2026-05-23,"16",0,"wk inc flu hosp",2026-05-23,"quantile",0.7,8
2026-05-23,"16",0,"wk inc flu hosp",2026-05-23,"quantile",0.75,9
2026-05-23,"16",0,"wk inc flu hosp",2026-05-23,"quantile",0.8,9
2026-05-23,"16",0,"wk inc flu hosp",2026-05-23,"quantile",0.85,11
2026-05-23,"16",0,"wk inc flu hosp",2026-05-23,"quantile",0.9,12
2026-05-23,"16",0,"wk inc flu hosp",2026-05-23,"quantile",0.95,14
2026-05-23,"16",0,"wk inc flu hosp",2026-05-23,"quantile",0.975,16
2026-05-23,"16",0,"wk inc flu hosp",2026-05-23,"quantile",0.99,22
2026-05-23,"16",1,"wk inc flu hosp",2026-05-30,"quantile",0.01,0
2026-05-23,"16",1,"wk inc flu hosp",2026-05-30,"quantile",0.025,0
2026-05-23,"16",1,"wk inc flu hosp",2026-05-30,"quantile",0.05,0
2026-05-23,"16",1,"wk inc flu hosp",2026-05-30,"quantile",0.1,1
2026-05-23,"16",1,"wk inc flu hosp",2026-05-30,"quantile",0.15,1
2026-05-23,"16",1,"wk inc flu hosp",2026-05-30,"quantile",0.2,2
2026-05-23,"16",1,"wk inc flu hosp",2026-05-30,"quantile",0.25,2
2026-05-23,"16",1,"wk inc flu hosp",2026-05-30,"quantile",0.3,3
2026-05-23,"16",1,"wk inc flu hosp",2026-05-30,"quantile",0.35,3
2026-05-23,"16",1,"wk inc flu hosp",2026-05-30,"quantile",0.4,4
2026-05-23,"16",1,"wk inc flu hosp",2026-05-30,"quantile",0.45,4
2026-05-23,"16",1,"wk inc flu hosp",2026-05-30,"quantile",0.5,5
2026-05-23,"16",1,"wk inc flu hosp",2026-05-30,"quantile",0.55,6
2026-05-23,"16",1,"wk inc flu hosp",2026-05-30,"quantile",0.6,6
2026-05-23,"16",1,"wk inc flu hosp",2026-05-30,"quantile",0.65,7
2026-05-23,"16",1,"wk inc flu hosp",2026-05-30,"quantile",0.7,7
2026-05-23,"16",1,"wk inc flu hosp",2026-05-30,"quantile",0.75,8
2026-05-23,"16",1,"wk inc flu hosp",2026-05-30,"quantile",0.8,9
2026-05-23,"16",1,"wk inc flu hosp",2026-05-30,"quantile",0.85,10
2026-05-23,"16",1,"wk inc flu hosp",2026-05-30,"quantile",0.9,12
2026-05-23,"16",1,"wk inc flu hosp",2026-05-30,"quantile",0.95,15
2026-05-23,"16",1,"wk inc flu hosp",2026-05-30,"quantile",0.975,18
2026-05-23,"16",1,"wk inc flu hosp",2026-05-30,"quantile",0.99,22
2026-05-23,"17",0,"wk inc flu hosp",2026-05-23,"quantile",0.01,1
2026-05-23,"17",0,"wk inc flu hosp",2026-05-23,"quantile",0.025,3
2026-05-23,"17",0,"wk inc flu hosp",2026-05-23,"quantile",0.05,4
2026-05-23,"17",0,"wk inc flu hosp",2026-05-23,"quantile",0.1,6
2026-05-23,"17",0,"wk inc flu hosp",2026-05-23,"quantile",0.15,8
2026-05-23,"17",0,"wk inc flu hosp",2026-05-23,"quantile",0.2,8
2026-05-23,"17",0,"wk inc flu hosp",2026-05-23,"quantile",0.25,10
2026-05-23,"17",0,"wk inc flu hosp",2026-05-23,"quantile",0.3,11
2026-05-23,"17",0,"wk inc flu hosp",2026-05-23,"quantile",0.35,11
2026-05-23,"17",0,"wk inc flu hosp",2026-05-23,"quantile",0.4,13
2026-05-23,"17",0,"wk inc flu hosp",2026-05-23,"quantile",0.45,15
2026-05-23,"17",0,"wk inc flu hosp",2026-05-23,"quantile",0.5,16
2026-05-23,"17",0,"wk inc flu hosp",2026-05-23,"quantile",0.55,18
2026-05-23,"17",0,"wk inc flu hosp",2026-05-23,"quantile",0.6,20
2026-05-23,"17",0,"wk inc flu hosp",2026-05-23,"quantile",0.65,21
2026-05-23,"17",0,"wk inc flu hosp",2026-05-23,"quantile",0.7,23
2026-05-23,"17",0,"wk inc flu hosp",2026-05-23,"quantile",0.75,25
2026-05-23,"17",0,"wk inc flu hosp",2026-05-23,"quantile",0.8,28
2026-05-23,"17",0,"wk inc flu hosp",2026-05-23,"quantile",0.85,31
2026-05-23,"17",0,"wk inc flu hosp",2026-05-23,"quantile",0.9,36
2026-05-23,"17",0,"wk inc flu hosp",2026-05-23,"quantile",0.95,46
2026-05-23,"17",0,"wk inc flu hosp",2026-05-23,"quantile",0.975,53
2026-05-23,"17",0,"wk inc flu hosp",2026-05-23,"quantile",0.99,64
2026-05-23,"17",1,"wk inc flu hosp",2026-05-30,"quantile",0.01,0
2026-05-23,"17",1,"wk inc flu hosp",2026-05-30,"quantile",0.025,1
2026-05-23,"17",1,"wk inc flu hosp",2026-05-30,"quantile",0.05,2
2026-05-23,"17",1,"wk inc flu hosp",2026-05-30,"quantile",0.1,4
2026-05-23,"17",1,"wk inc flu hosp",2026-05-30,"quantile",0.15,5
2026-05-23,"17",1,"wk inc flu hosp",2026-05-30,"quantile",0.2,6
2026-05-23,"17",1,"wk inc flu hosp",2026-05-30,"quantile",0.25,8
2026-05-23,"17",1,"wk inc flu hosp",2026-05-30,"quantile",0.3,9
2026-05-23,"17",1,"wk inc flu hosp",2026-05-30,"quantile",0.35,10
2026-05-23,"17",1,"wk inc flu hosp",2026-05-30,"quantile",0.4,11
2026-05-23,"17",1,"wk inc flu hosp",2026-05-30,"quantile",0.45,11
2026-05-23,"17",1,"wk inc flu hosp",2026-05-30,"quantile",0.5,13
2026-05-23,"17",1,"wk inc flu hosp",2026-05-30,"quantile",0.55,16
2026-05-23,"17",1,"wk inc flu hosp",2026-05-30,"quantile",0.6,18
2026-05-23,"17",1,"wk inc flu hosp",2026-05-30,"quantile",0.65,19
2026-05-23,"17",1,"wk inc flu hosp",2026-05-30,"quantile",0.7,21
2026-05-23,"17",1,"wk inc flu hosp",2026-05-30,"quantile",0.75,23
2026-05-23,"17",1,"wk inc flu hosp",2026-05-30,"quantile",0.8,27
2026-05-23,"17",1,"wk inc flu hosp",2026-05-30,"quantile",0.85,31
2026-05-23,"17",1,"wk inc flu hosp",2026-05-30,"quantile",0.9,37
2026-05-23,"17",1,"wk inc flu hosp",2026-05-30,"quantile",0.95,47
2026-05-23,"17",1,"wk inc flu hosp",2026-05-30,"quantile",0.975,58
2026-05-23,"17",1,"wk inc flu hosp",2026-05-30,"quantile",0.99,82
2026-05-23,"18",0,"wk inc flu hosp",2026-05-23,"quantile",0.01,3
2026-05-23,"18",0,"wk inc flu hosp",2026-05-23,"quantile",0.025,4
2026-05-23,"18",0,"wk inc flu hosp",2026-05-23,"quantile",0.05,5
2026-05-23,"18",0,"wk inc flu hosp",2026-05-23,"quantile",0.1,7
2026-05-23,"18",0,"wk inc flu hosp",2026-05-23,"quantile",0.15,8
2026-05-23,"18",0,"wk inc flu hosp",2026-05-23,"quantile",0.2,10
2026-05-23,"18",0,"wk inc flu hosp",2026-05-23,"quantile",0.25,11
2026-05-23,"18",0,"wk inc flu hosp",2026-05-23,"quantile",0.3,12
2026-05-23,"18",0,"wk inc flu hosp",2026-05-23,"quantile",0.35,13
2026-05-23,"18",0,"wk inc flu hosp",2026-05-23,"quantile",0.4,14
2026-05-23,"18",0,"wk inc flu hosp",2026-05-23,"quantile",0.45,15
2026-05-23,"18",0,"wk inc flu hosp",2026-05-23,"quantile",0.5,17
2026-05-23,"18",0,"wk inc flu hosp",2026-05-23,"quantile",0.55,18
2026-05-23,"18",0,"wk inc flu hosp",2026-05-23,"quantile",0.6,19
2026-05-23,"18",0,"wk inc flu hosp",2026-05-23,"quantile",0.65,20
2026-05-23,"18",0,"wk inc flu hosp",2026-05-23,"quantile",0.7,21
2026-05-23,"18",0,"wk inc flu hosp",2026-05-23,"quantile",0.75,23
2026-05-23,"18",0,"wk inc flu hosp",2026-05-23,"quantile",0.8,25
2026-05-23,"18",0,"wk inc flu hosp",2026-05-23,"quantile",0.85,26
2026-05-23,"18",0,"wk inc flu hosp",2026-05-23,"quantile",0.9,30
2026-05-23,"18",0,"wk inc flu hosp",2026-05-23,"quantile",0.95,36
2026-05-23,"18",0,"wk inc flu hosp",2026-05-23,"quantile",0.975,46
2026-05-23,"18",0,"wk inc flu hosp",2026-05-23,"quantile",0.99,61
2026-05-23,"18",1,"wk inc flu hosp",2026-05-30,"quantile",0.01,1
2026-05-23,"18",1,"wk inc flu hosp",2026-05-30,"quantile",0.025,2
2026-05-23,"18",1,"wk inc flu hosp",2026-05-30,"quantile",0.05,4
2026-05-23,"18",1,"wk inc flu hosp",2026-05-30,"quantile",0.1,5
2026-05-23,"18",1,"wk inc flu hosp",2026-05-30,"quantile",0.15,6
2026-05-23,"18",1,"wk inc flu hosp",2026-05-30,"quantile",0.2,8
2026-05-23,"18",1,"wk inc flu hosp",2026-05-30,"quantile",0.25,9
2026-05-23,"18",1,"wk inc flu hosp",2026-05-30,"quantile",0.3,10
2026-05-23,"18",1,"wk inc flu hosp",2026-05-30,"quantile",0.35,11
2026-05-23,"18",1,"wk inc flu hosp",2026-05-30,"quantile",0.4,12
2026-05-23,"18",1,"wk inc flu hosp",2026-05-30,"quantile",0.45,14
2026-05-23,"18",1,"wk inc flu hosp",2026-05-30,"quantile",0.5,16
2026-05-23,"18",1,"wk inc flu hosp",2026-05-30,"quantile",0.55,16
2026-05-23,"18",1,"wk inc flu hosp",2026-05-30,"quantile",0.6,18
2026-05-23,"18",1,"wk inc flu hosp",2026-05-30,"quantile",0.65,20
2026-05-23,"18",1,"wk inc flu hosp",2026-05-30,"quantile",0.7,21
2026-05-23,"18",1,"wk inc flu hosp",2026-05-30,"quantile",0.75,22
2026-05-23,"18",1,"wk inc flu hosp",2026-05-30,"quantile",0.8,24
2026-05-23,"18",1,"wk inc flu hosp",2026-05-30,"quantile",0.85,27
2026-05-23,"18",1,"wk inc flu hosp",2026-05-30,"quantile",0.9,30
2026-05-23,"18",1,"wk inc flu hosp",2026-05-30,"quantile",0.95,36
2026-05-23,"18",1,"wk inc flu hosp",2026-05-30,"quantile",0.975,49
2026-05-23,"18",1,"wk inc flu hosp",2026-05-30,"quantile",0.99,63
2026-05-23,"19",0,"wk inc flu hosp",2026-05-23,"quantile",0.01,0
2026-05-23,"19",0,"wk inc flu hosp",2026-05-23,"quantile",0.025,0
2026-05-23,"19",0,"wk inc flu hosp",2026-05-23,"quantile",0.05,0
2026-05-23,"19",0,"wk inc flu hosp",2026-05-23,"quantile",0.1,0
2026-05-23,"19",0,"wk inc flu hosp",2026-05-23,"quantile",0.15,1
2026-05-23,"19",0,"wk inc flu hosp",2026-05-23,"quantile",0.2,1
2026-05-23,"19",0,"wk inc flu hosp",2026-05-23,"quantile",0.25,1
2026-05-23,"19",0,"wk inc flu hosp",2026-05-23,"quantile",0.3,2
2026-05-23,"19",0,"wk inc flu hosp",2026-05-23,"quantile",0.35,2
2026-05-23,"19",0,"wk inc flu hosp",2026-05-23,"quantile",0.4,2
2026-05-23,"19",0,"wk inc flu hosp",2026-05-23,"quantile",0.45,3
2026-05-23,"19",0,"wk inc flu hosp",2026-05-23,"quantile",0.5,4
2026-05-23,"19",0,"wk inc flu hosp",2026-05-23,"quantile",0.55,4
2026-05-23,"19",0,"wk inc flu hosp",2026-05-23,"quantile",0.6,5
2026-05-23,"19",0,"wk inc flu hosp",2026-05-23,"quantile",0.65,5
2026-05-23,"19",0,"wk inc flu hosp",2026-05-23,"quantile",0.7,5
2026-05-23,"19",0,"wk inc flu hosp",2026-05-23,"quantile",0.75,6
2026-05-23,"19",0,"wk inc flu hosp",2026-05-23,"quantile",0.8,6
2026-05-23,"19",0,"wk inc flu hosp",2026-05-23,"quantile",0.85,7
2026-05-23,"19",0,"wk inc flu hosp",2026-05-23,"quantile",0.9,8
2026-05-23,"19",0,"wk inc flu hosp",2026-05-23,"quantile",0.95,11
2026-05-23,"19",0,"wk inc flu hosp",2026-05-23,"quantile",0.975,14
2026-05-23,"19",0,"wk inc flu hosp",2026-05-23,"quantile",0.99,17
2026-05-23,"19",1,"wk inc flu hosp",2026-05-30,"quantile",0.01,0
2026-05-23,"19",1,"wk inc flu hosp",2026-05-30,"quantile",0.025,0
2026-05-23,"19",1,"wk inc flu hosp",2026-05-30,"quantile",0.05,0
2026-05-23,"19",1,"wk inc flu hosp",2026-05-30,"quantile",0.1,0
2026-05-23,"19",1,"wk inc flu hosp",2026-05-30,"quantile",0.15,1
2026-05-23,"19",1,"wk inc flu hosp",2026-05-30,"quantile",0.2,1
2026-05-23,"19",1,"wk inc flu hosp",2026-05-30,"quantile",0.25,1
2026-05-23,"19",1,"wk inc flu hosp",2026-05-30,"quantile",0.3,1
2026-05-23,"19",1,"wk inc flu hosp",2026-05-30,"quantile",0.35,2
2026-05-23,"19",1,"wk inc flu hosp",2026-05-30,"quantile",0.4,2
2026-05-23,"19",1,"wk inc flu hosp",2026-05-30,"quantile",0.45,2
2026-05-23,"19",1,"wk inc flu hosp",2026-05-30,"quantile",0.5,3
2026-05-23,"19",1,"wk inc flu hosp",2026-05-30,"quantile",0.55,4
2026-05-23,"19",1,"wk inc flu hosp",2026-05-30,"quantile",0.6,4
2026-05-23,"19",1,"wk inc flu hosp",2026-05-30,"quantile",0.65,4
2026-05-23,"19",1,"wk inc flu hosp",2026-05-30,"quantile",0.7,5
2026-05-23,"19",1,"wk inc flu hosp",2026-05-30,"quantile",0.75,6
2026-05-23,"19",1,"wk inc flu hosp",2026-05-30,"quantile",0.8,6
2026-05-23,"19",1,"wk inc flu hosp",2026-05-30,"quantile",0.85,7
2026-05-23,"19",1,"wk inc flu hosp",2026-05-30,"quantile",0.9,9
2026-05-23,"19",1,"wk inc flu hosp",2026-05-30,"quantile",0.95,13
2026-05-23,"19",1,"wk inc flu hosp",2026-05-30,"quantile",0.975,16
2026-05-23,"19",1,"wk inc flu hosp",2026-05-30,"quantile",0.99,20
2026-05-23,"20",0,"wk inc flu hosp",2026-05-23,"quantile",0.01,0
2026-05-23,"20",0,"wk inc flu hosp",2026-05-23,"quantile",0.025,0
2026-05-23,"20",0,"wk inc flu hosp",2026-05-23,"quantile",0.05,0
2026-05-23,"20",0,"wk inc flu hosp",2026-05-23,"quantile",0.1,0
2026-05-23,"20",0,"wk inc flu hosp",2026-05-23,"quantile",0.15,0
2026-05-23,"20",0,"wk inc flu hosp",2026-05-23,"quantile",0.2,1
2026-05-23,"20",0,"wk inc flu hosp",2026-05-23,"quantile",0.25,1
2026-05-23,"20",0,"wk inc flu hosp",2026-05-23,"quantile",0.3,1
2026-05-23,"20",0,"wk inc flu hosp",2026-05-23,"quantile",0.35,1
2026-05-23,"20",0,"wk inc flu hosp",2026-05-23,"quantile",0.4,2
2026-05-23,"20",0,"wk inc flu hosp",2026-05-23,"quantile",0.45,2
2026-05-23,"20",0,"wk inc flu hosp",2026-05-23,"quantile",0.5,3
2026-05-23,"20",0,"wk inc flu hosp",2026-05-23,"quantile",0.55,3
2026-05-23,"20",0,"wk inc flu hosp",2026-05-23,"quantile",0.6,3
2026-05-23,"20",0,"wk inc flu hosp",2026-05-23,"quantile",0.65,4
2026-05-23,"20",0,"wk inc flu hosp",2026-05-23,"quantile",0.7,4
2026-05-23,"20",0,"wk inc flu hosp",2026-05-23,"quantile",0.75,5
2026-05-23,"20",0,"wk inc flu hosp",2026-05-23,"quantile",0.8,5
2026-05-23,"20",0,"wk inc flu hosp",2026-05-23,"quantile",0.85,6
2026-05-23,"20",0,"wk inc flu hosp",2026-05-23,"quantile",0.9,7
2026-05-23,"20",0,"wk inc flu hosp",2026-05-23,"quantile",0.95,9
2026-05-23,"20",0,"wk inc flu hosp",2026-05-23,"quantile",0.975,11
2026-05-23,"20",0,"wk inc flu hosp",2026-05-23,"quantile",0.99,13
2026-05-23,"20",1,"wk inc flu hosp",2026-05-30,"quantile",0.01,0
2026-05-23,"20",1,"wk inc flu hosp",2026-05-30,"quantile",0.025,0
2026-05-23,"20",1,"wk inc flu hosp",2026-05-30,"quantile",0.05,0
2026-05-23,"20",1,"wk inc flu hosp",2026-05-30,"quantile",0.1,0
2026-05-23,"20",1,"wk inc flu hosp",2026-05-30,"quantile",0.15,0
2026-05-23,"20",1,"wk inc flu hosp",2026-05-30,"quantile",0.2,0
2026-05-23,"20",1,"wk inc flu hosp",2026-05-30,"quantile",0.25,1
2026-05-23,"20",1,"wk inc flu hosp",2026-05-30,"quantile",0.3,1
2026-05-23,"20",1,"wk inc flu hosp",2026-05-30,"quantile",0.35,1
2026-05-23,"20",1,"wk inc flu hosp",2026-05-30,"quantile",0.4,1
2026-05-23,"20",1,"wk inc flu hosp",2026-05-30,"quantile",0.45,2
2026-05-23,"20",1,"wk inc flu hosp",2026-05-30,"quantile",0.5,3
2026-05-23,"20",1,"wk inc flu hosp",2026-05-30,"quantile",0.55,3
2026-05-23,"20",1,"wk inc flu hosp",2026-05-30,"quantile",0.6,3
2026-05-23,"20",1,"wk inc flu hosp",2026-05-30,"quantile",0.65,4
2026-05-23,"20",1,"wk inc flu hosp",2026-05-30,"quantile",0.7,4
2026-05-23,"20",1,"wk inc flu hosp",2026-05-30,"quantile",0.75,5
2026-05-23,"20",1,"wk inc flu hosp",2026-05-30,"quantile",0.8,5
2026-05-23,"20",1,"wk inc flu hosp",2026-05-30,"quantile",0.85,6
2026-05-23,"20",1,"wk inc flu hosp",2026-05-30,"quantile",0.9,7
2026-05-23,"20",1,"wk inc flu hosp",2026-05-30,"quantile",0.95,9
2026-05-23,"20",1,"wk inc flu hosp",2026-05-30,"quantile",0.975,12
2026-05-23,"20",1,"wk inc flu hosp",2026-05-30,"quantile",0.99,17
2026-05-23,"21",0,"wk inc flu hosp",2026-05-23,"quantile",0.01,1
2026-05-23,"21",0,"wk inc flu hosp",2026-05-23,"quantile",0.025,2
2026-05-23,"21",0,"wk inc flu hosp",2026-05-23,"quantile",0.05,3
2026-05-23,"21",0,"wk inc flu hosp",2026-05-23,"quantile",0.1,4
2026-05-23,"21",0,"wk inc flu hosp",2026-05-23,"quantile",0.15,5
2026-05-23,"21",0,"wk inc flu hosp",2026-05-23,"quantile",0.2,6
2026-05-23,"21",0,"wk inc flu hosp",2026-05-23,"quantile",0.25,7
2026-05-23,"21",0,"wk inc flu hosp",2026-05-23,"quantile",0.3,8
2026-05-23,"21",0,"wk inc flu hosp",2026-05-23,"quantile",0.35,9
2026-05-23,"21",0,"wk inc flu hosp",2026-05-23,"quantile",0.4,9
2026-05-23,"21",0,"wk inc flu hosp",2026-05-23,"quantile",0.45,10
2026-05-23,"21",0,"wk inc flu hosp",2026-05-23,"quantile",0.5,11
2026-05-23,"21",0,"wk inc flu hosp",2026-05-23,"quantile",0.55,12
2026-05-23,"21",0,"wk inc flu hosp",2026-05-23,"quantile",0.6,13
2026-05-23,"21",0,"wk inc flu hosp",2026-05-23,"quantile",0.65,14
2026-05-23,"21",0,"wk inc flu hosp",2026-05-23,"quantile",0.7,15
2026-05-23,"21",0,"wk inc flu hosp",2026-05-23,"quantile",0.75,16
2026-05-23,"21",0,"wk inc flu hosp",2026-05-23,"quantile",0.8,17
2026-05-23,"21",0,"wk inc flu hosp",2026-05-23,"quantile",0.85,19
2026-05-23,"21",0,"wk inc flu hosp",2026-05-23,"quantile",0.9,21
2026-05-23,"21",0,"wk inc flu hosp",2026-05-23,"quantile",0.95,25
2026-05-23,"21",0,"wk inc flu hosp",2026-05-23,"quantile",0.975,31
2026-05-23,"21",0,"wk inc flu hosp",2026-05-23,"quantile",0.99,42
2026-05-23,"21",1,"wk inc flu hosp",2026-05-30,"quantile",0.01,0
2026-05-23,"21",1,"wk inc flu hosp",2026-05-30,"quantile",0.025,1
2026-05-23,"21",1,"wk inc flu hosp",2026-05-30,"quantile",0.05,2
2026-05-23,"21",1,"wk inc flu hosp",2026-05-30,"quantile",0.1,3
2026-05-23,"21",1,"wk inc flu hosp",2026-05-30,"quantile",0.15,4
2026-05-23,"21",1,"wk inc flu hosp",2026-05-30,"quantile",0.2,5
2026-05-23,"21",1,"wk inc flu hosp",2026-05-30,"quantile",0.25,5
2026-05-23,"21",1,"wk inc flu hosp",2026-05-30,"quantile",0.3,6
2026-05-23,"21",1,"wk inc flu hosp",2026-05-30,"quantile",0.35,7
2026-05-23,"21",1,"wk inc flu hosp",2026-05-30,"quantile",0.4,8
2026-05-23,"21",1,"wk inc flu hosp",2026-05-30,"quantile",0.45,9
2026-05-23,"21",1,"wk inc flu hosp",2026-05-30,"quantile",0.5,10
2026-05-23,"21",1,"wk inc flu hosp",2026-05-30,"quantile",0.55,11
2026-05-23,"21",1,"wk inc flu hosp",2026-05-30,"quantile",0.6,12
2026-05-23,"21",1,"wk inc flu hosp",2026-05-30,"quantile",0.65,13
2026-05-23,"21",1,"wk inc flu hosp",2026-05-30,"quantile",0.7,14
2026-05-23,"21",1,"wk inc flu hosp",2026-05-30,"quantile",0.75,15
2026-05-23,"21",1,"wk inc flu hosp",2026-05-30,"quantile",0.8,16
2026-05-23,"21",1,"wk inc flu hosp",2026-05-30,"quantile",0.85,18
2026-05-23,"21",1,"wk inc flu hosp",2026-05-30,"quantile",0.9,21
2026-05-23,"21",1,"wk inc flu hosp",2026-05-30,"quantile",0.95,25
2026-05-23,"21",1,"wk inc flu hosp",2026-05-30,"quantile",0.975,35
2026-05-23,"21",1,"wk inc flu hosp",2026-05-30,"quantile",0.99,42
2026-05-23,"22",0,"wk inc flu hosp",2026-05-23,"quantile",0.01,4
2026-05-23,"22",0,"wk inc flu hosp",2026-05-23,"quantile",0.025,5
2026-05-23,"22",0,"wk inc flu hosp",2026-05-23,"quantile",0.05,6
2026-05-23,"22",0,"wk inc flu hosp",2026-05-23,"quantile",0.1,8
2026-05-23,"22",0,"wk inc flu hosp",2026-05-23,"quantile",0.15,10
2026-05-23,"22",0,"wk inc flu hosp",2026-05-23,"quantile",0.2,11
2026-05-23,"22",0,"wk inc flu hosp",2026-05-23,"quantile",0.25,14
2026-05-23,"22",0,"wk inc flu hosp",2026-05-23,"quantile",0.3,15
2026-05-23,"22",0,"wk inc flu hosp",2026-05-23,"quantile",0.35,16
2026-05-23,"22",0,"wk inc flu hosp",2026-05-23,"quantile",0.4,17
2026-05-23,"22",0,"wk inc flu hosp",2026-05-23,"quantile",0.45,17
2026-05-23,"22",0,"wk inc flu hosp",2026-05-23,"quantile",0.5,19
2026-05-23,"22",0,"wk inc flu hosp",2026-05-23,"quantile",0.55,20
2026-05-23,"22",0,"wk inc flu hosp",2026-05-23,"quantile",0.6,21
2026-05-23,"22",0,"wk inc flu hosp",2026-05-23,"quantile",0.65,23
2026-05-23,"22",0,"wk inc flu hosp",2026-05-23,"quantile",0.7,24
2026-05-23,"22",0,"wk inc flu hosp",2026-05-23,"quantile",0.75,25
2026-05-23,"22",0,"wk inc flu hosp",2026-05-23,"quantile",0.8,27
2026-05-23,"22",0,"wk inc flu hosp",2026-05-23,"quantile",0.85,30
2026-05-23,"22",0,"wk inc flu hosp",2026-05-23,"quantile",0.9,34
2026-05-23,"22",0,"wk inc flu hosp",2026-05-23,"quantile",0.95,38
2026-05-23,"22",0,"wk inc flu hosp",2026-05-23,"quantile",0.975,45
2026-05-23,"22",0,"wk inc flu hosp",2026-05-23,"quantile",0.99,52
2026-05-23,"22",1,"wk inc flu hosp",2026-05-30,"quantile",0.01,2
2026-05-23,"22",1,"wk inc flu hosp",2026-05-30,"quantile",0.025,3
2026-05-23,"22",1,"wk inc flu hosp",2026-05-30,"quantile",0.05,5
2026-05-23,"22",1,"wk inc flu hosp",2026-05-30,"quantile",0.1,7
2026-05-23,"22",1,"wk inc flu hosp",2026-05-30,"quantile",0.15,9
2026-05-23,"22",1,"wk inc flu hosp",2026-05-30,"quantile",0.2,10
2026-05-23,"22",1,"wk inc flu hosp",2026-05-30,"quantile",0.25,11
2026-05-23,"22",1,"wk inc flu hosp",2026-05-30,"quantile",0.3,13
2026-05-23,"22",1,"wk inc flu hosp",2026-05-30,"quantile",0.35,15
2026-05-23,"22",1,"wk inc flu hosp",2026-05-30,"quantile",0.4,16
2026-05-23,"22",1,"wk inc flu hosp",2026-05-30,"quantile",0.45,17
2026-05-23,"22",1,"wk inc flu hosp",2026-05-30,"quantile",0.5,17
2026-05-23,"22",1,"wk inc flu hosp",2026-05-30,"quantile",0.55,19
2026-05-23,"22",1,"wk inc flu hosp",2026-05-30,"quantile",0.6,20
2026-05-23,"22",1,"wk inc flu hosp",2026-05-30,"quantile",0.65,22
2026-05-23,"22",1,"wk inc flu hosp",2026-05-30,"quantile",0.7,23
2026-05-23,"22",1,"wk inc flu hosp",2026-05-30,"quantile",0.75,24
2026-05-23,"22",1,"wk inc flu hosp",2026-05-30,"quantile",0.8,26
2026-05-23,"22",1,"wk inc flu hosp",2026-05-30,"quantile",0.85,30
2026-05-23,"22",1,"wk inc flu hosp",2026-05-30,"quantile",0.9,34
2026-05-23,"22",1,"wk inc flu hosp",2026-05-30,"quantile",0.95,39
2026-05-23,"22",1,"wk inc flu hosp",2026-05-30,"quantile",0.975,48
2026-05-23,"22",1,"wk inc flu hosp",2026-05-30,"quantile",0.99,60
2026-05-23,"23",0,"wk inc flu hosp",2026-05-23,"quantile",0.01,0
2026-05-23,"23",0,"wk inc flu hosp",2026-05-23,"quantile",0.025,0
2026-05-23,"23",0,"wk inc flu hosp",2026-05-23,"quantile",0.05,0
2026-05-23,"23",0,"wk inc flu hosp",2026-05-23,"quantile",0.1,1
2026-05-23,"23",0,"wk inc flu hosp",2026-05-23,"quantile",0.15,1
2026-05-23,"23",0,"wk inc flu hosp",2026-05-23,"quantile",0.2,1
2026-05-23,"23",0,"wk inc flu hosp",2026-05-23,"quantile",0.25,2
2026-05-23,"23",0,"wk inc flu hosp",2026-05-23,"quantile",0.3,2
2026-05-23,"23",0,"wk inc flu hosp",2026-05-23,"quantile",0.35,2
2026-05-23,"23",0,"wk inc flu hosp",2026-05-23,"quantile",0.4,2
2026-05-23,"23",0,"wk inc flu hosp",2026-05-23,"quantile",0.45,3
2026-05-23,"23",0,"wk inc flu hosp",2026-05-23,"quantile",0.5,3
2026-05-23,"23",0,"wk inc flu hosp",2026-05-23,"quantile",0.55,4
2026-05-23,"23",0,"wk inc flu hosp",2026-05-23,"quantile",0.6,4
2026-05-23,"23",0,"wk inc flu hosp",2026-05-23,"quantile",0.65,4
2026-05-23,"23",0,"wk inc flu hosp",2026-05-23,"quantile",0.7,5
2026-05-23,"23",0,"wk inc flu hosp",2026-05-23,"quantile",0.75,5
2026-05-23,"23",0,"wk inc flu hosp",2026-05-23,"quantile",0.8,6
2026-05-23,"23",0,"wk inc flu hosp",2026-05-23,"quantile",0.85,7
2026-05-23,"23",0,"wk inc flu hosp",2026-05-23,"quantile",0.9,8
2026-05-23,"23",0,"wk inc flu hosp",2026-05-23,"quantile",0.95,9
2026-05-23,"23",0,"wk inc flu hosp",2026-05-23,"quantile",0.975,11
2026-05-23,"23",0,"wk inc flu hosp",2026-05-23,"quantile",0.99,14
2026-05-23,"23",1,"wk inc flu hosp",2026-05-30,"quantile",0.01,0
2026-05-23,"23",1,"wk inc flu hosp",2026-05-30,"quantile",0.025,0
2026-05-23,"23",1,"wk inc flu hosp",2026-05-30,"quantile",0.05,0
2026-05-23,"23",1,"wk inc flu hosp",2026-05-30,"quantile",0.1,0
2026-05-23,"23",1,"wk inc flu hosp",2026-05-30,"quantile",0.15,0
2026-05-23,"23",1,"wk inc flu hosp",2026-05-30,"quantile",0.2,1
2026-05-23,"23",1,"wk inc flu hosp",2026-05-30,"quantile",0.25,1
2026-05-23,"23",1,"wk inc flu hosp",2026-05-30,"quantile",0.3,1
2026-05-23,"23",1,"wk inc flu hosp",2026-05-30,"quantile",0.35,2
2026-05-23,"23",1,"wk inc flu hosp",2026-05-30,"quantile",0.4,2
2026-05-23,"23",1,"wk inc flu hosp",2026-05-30,"quantile",0.45,2
2026-05-23,"23",1,"wk inc flu hosp",2026-05-30,"quantile",0.5,3
2026-05-23,"23",1,"wk inc flu hosp",2026-05-30,"quantile",0.55,4
2026-05-23,"23",1,"wk inc flu hosp",2026-05-30,"quantile",0.6,4
2026-05-23,"23",1,"wk inc flu hosp",2026-05-30,"quantile",0.65,4
2026-05-23,"23",1,"wk inc flu hosp",2026-05-30,"quantile",0.7,5
2026-05-23,"23",1,"wk inc flu hosp",2026-05-30,"quantile",0.75,5
2026-05-23,"23",1,"wk inc flu hosp",2026-05-30,"quantile",0.8,5
2026-05-23,"23",1,"wk inc flu hosp",2026-05-30,"quantile",0.85,6
2026-05-23,"23",1,"wk inc flu hosp",2026-05-30,"quantile",0.9,8
2026-05-23,"23",1,"wk inc flu hosp",2026-05-30,"quantile",0.95,10
2026-05-23,"23",1,"wk inc flu hosp",2026-05-30,"quantile",0.975,12
2026-05-23,"23",1,"wk inc flu hosp",2026-05-30,"quantile",0.99,16
2026-05-23,"24",0,"wk inc flu hosp",2026-05-23,"quantile",0.01,1
2026-05-23,"24",0,"wk inc flu hosp",2026-05-23,"quantile",0.025,1
2026-05-23,"24",0,"wk inc flu hosp",2026-05-23,"quantile",0.05,3
2026-05-23,"24",0,"wk inc flu hosp",2026-05-23,"quantile",0.1,5
2026-05-23,"24",0,"wk inc flu hosp",2026-05-23,"quantile",0.15,5
2026-05-23,"24",0,"wk inc flu hosp",2026-05-23,"quantile",0.2,6
2026-05-23,"24",0,"wk inc flu hosp",2026-05-23,"quantile",0.25,8
2026-05-23,"24",0,"wk inc flu hosp",2026-05-23,"quantile",0.3,8
2026-05-23,"24",0,"wk inc flu hosp",2026-05-23,"quantile",0.35,9
2026-05-23,"24",0,"wk inc flu hosp",2026-05-23,"quantile",0.4,10
2026-05-23,"24",0,"wk inc flu hosp",2026-05-23,"quantile",0.45,11
2026-05-23,"24",0,"wk inc flu hosp",2026-05-23,"quantile",0.5,12
2026-05-23,"24",0,"wk inc flu hosp",2026-05-23,"quantile",0.55,13
2026-05-23,"24",0,"wk inc flu hosp",2026-05-23,"quantile",0.6,14
2026-05-23,"24",0,"wk inc flu hosp",2026-05-23,"quantile",0.65,15
2026-05-23,"24",0,"wk inc flu hosp",2026-05-23,"quantile",0.7,17
2026-05-23,"24",0,"wk inc flu hosp",2026-05-23,"quantile",0.75,18
2026-05-23,"24",0,"wk inc flu hosp",2026-05-23,"quantile",0.8,19
2026-05-23,"24",0,"wk inc flu hosp",2026-05-23,"quantile",0.85,20
2026-05-23,"24",0,"wk inc flu hosp",2026-05-23,"quantile",0.9,22
2026-05-23,"24",0,"wk inc flu hosp",2026-05-23,"quantile",0.95,27
2026-05-23,"24",0,"wk inc flu hosp",2026-05-23,"quantile",0.975,32
2026-05-23,"24",0,"wk inc flu hosp",2026-05-23,"quantile",0.99,41
2026-05-23,"24",1,"wk inc flu hosp",2026-05-30,"quantile",0.01,0
2026-05-23,"24",1,"wk inc flu hosp",2026-05-30,"quantile",0.025,1
2026-05-23,"24",1,"wk inc flu hosp",2026-05-30,"quantile",0.05,2
2026-05-23,"24",1,"wk inc flu hosp",2026-05-30,"quantile",0.1,4
2026-05-23,"24",1,"wk inc flu hosp",2026-05-30,"quantile",0.15,4
2026-05-23,"24",1,"wk inc flu hosp",2026-05-30,"quantile",0.2,5
2026-05-23,"24",1,"wk inc flu hosp",2026-05-30,"quantile",0.25,6
2026-05-23,"24",1,"wk inc flu hosp",2026-05-30,"quantile",0.3,7
2026-05-23,"24",1,"wk inc flu hosp",2026-05-30,"quantile",0.35,8
2026-05-23,"24",1,"wk inc flu hosp",2026-05-30,"quantile",0.4,9
2026-05-23,"24",1,"wk inc flu hosp",2026-05-30,"quantile",0.45,10
2026-05-23,"24",1,"wk inc flu hosp",2026-05-30,"quantile",0.5,12
2026-05-23,"24",1,"wk inc flu hosp",2026-05-30,"quantile",0.55,13
2026-05-23,"24",1,"wk inc flu hosp",2026-05-30,"quantile",0.6,14
2026-05-23,"24",1,"wk inc flu hosp",2026-05-30,"quantile",0.65,15
2026-05-23,"24",1,"wk inc flu hosp",2026-05-30,"quantile",0.7,15
2026-05-23,"24",1,"wk inc flu hosp",2026-05-30,"quantile",0.75,17
2026-05-23,"24",1,"wk inc flu hosp",2026-05-30,"quantile",0.8,19
2026-05-23,"24",1,"wk inc flu hosp",2026-05-30,"quantile",0.85,21
2026-05-23,"24",1,"wk inc flu hosp",2026-05-30,"quantile",0.9,22
2026-05-23,"24",1,"wk inc flu hosp",2026-05-30,"quantile",0.95,27
2026-05-23,"24",1,"wk inc flu hosp",2026-05-30,"quantile",0.975,34
2026-05-23,"24",1,"wk inc flu hosp",2026-05-30,"quantile",0.99,46
2026-05-23,"25",0,"wk inc flu hosp",2026-05-23,"quantile",0.01,1
2026-05-23,"25",0,"wk inc flu hosp",2026-05-23,"quantile",0.025,2
2026-05-23,"25",0,"wk inc flu hosp",2026-05-23,"quantile",0.05,4
2026-05-23,"25",0,"wk inc flu hosp",2026-05-23,"quantile",0.1,5
2026-05-23,"25",0,"wk inc flu hosp",2026-05-23,"quantile",0.15,6
2026-05-23,"25",0,"wk inc flu hosp",2026-05-23,"quantile",0.2,8
2026-05-23,"25",0,"wk inc flu hosp",2026-05-23,"quantile",0.25,9
2026-05-23,"25",0,"wk inc flu hosp",2026-05-23,"quantile",0.3,10
2026-05-23,"25",0,"wk inc flu hosp",2026-05-23,"quantile",0.35,12
2026-05-23,"25",0,"wk inc flu hosp",2026-05-23,"quantile",0.4,13
2026-05-23,"25",0,"wk inc flu hosp",2026-05-23,"quantile",0.45,14
2026-05-23,"25",0,"wk inc flu hosp",2026-05-23,"quantile",0.5,16
2026-05-23,"25",0,"wk inc flu hosp",2026-05-23,"quantile",0.55,16
2026-05-23,"25",0,"wk inc flu hosp",2026-05-23,"quantile",0.6,17
2026-05-23,"25",0,"wk inc flu hosp",2026-05-23,"quantile",0.65,18
2026-05-23,"25",0,"wk inc flu hosp",2026-05-23,"quantile",0.7,20
2026-05-23,"25",0,"wk inc flu hosp",2026-05-23,"quantile",0.75,21
2026-05-23,"25",0,"wk inc flu hosp",2026-05-23,"quantile",0.8,23
2026-05-23,"25",0,"wk inc flu hosp",2026-05-23,"quantile",0.85,26
2026-05-23,"25",0,"wk inc flu hosp",2026-05-23,"quantile",0.9,29
2026-05-23,"25",0,"wk inc flu hosp",2026-05-23,"quantile",0.95,34
2026-05-23,"25",0,"wk inc flu hosp",2026-05-23,"quantile",0.975,40
2026-05-23,"25",0,"wk inc flu hosp",2026-05-23,"quantile",0.99,47
2026-05-23,"25",1,"wk inc flu hosp",2026-05-30,"quantile",0.01,0
2026-05-23,"25",1,"wk inc flu hosp",2026-05-30,"quantile",0.025,0
2026-05-23,"25",1,"wk inc flu hosp",2026-05-30,"quantile",0.05,1
2026-05-23,"25",1,"wk inc flu hosp",2026-05-30,"quantile",0.1,3
2026-05-23,"25",1,"wk inc flu hosp",2026-05-30,"quantile",0.15,4
2026-05-23,"25",1,"wk inc flu hosp",2026-05-30,"quantile",0.2,5
2026-05-23,"25",1,"wk inc flu hosp",2026-05-30,"quantile",0.25,7
2026-05-23,"25",1,"wk inc flu hosp",2026-05-30,"quantile",0.3,8
2026-05-23,"25",1,"wk inc flu hosp",2026-05-30,"quantile",0.35,9
2026-05-23,"25",1,"wk inc flu hosp",2026-05-30,"quantile",0.4,11
2026-05-23,"25",1,"wk inc flu hosp",2026-05-30,"quantile",0.45,12
2026-05-23,"25",1,"wk inc flu hosp",2026-05-30,"quantile",0.5,14
2026-05-23,"25",1,"wk inc flu hosp",2026-05-30,"quantile",0.55,15
2026-05-23,"25",1,"wk inc flu hosp",2026-05-30,"quantile",0.6,16
2026-05-23,"25",1,"wk inc flu hosp",2026-05-30,"quantile",0.65,17
2026-05-23,"25",1,"wk inc flu hosp",2026-05-30,"quantile",0.7,18
2026-05-23,"25",1,"wk inc flu hosp",2026-05-30,"quantile",0.75,20
2026-05-23,"25",1,"wk inc flu hosp",2026-05-30,"quantile",0.8,22
2026-05-23,"25",1,"wk inc flu hosp",2026-05-30,"quantile",0.85,24
2026-05-23,"25",1,"wk inc flu hosp",2026-05-30,"quantile",0.9,27
2026-05-23,"25",1,"wk inc flu hosp",2026-05-30,"quantile",0.95,32
2026-05-23,"25",1,"wk inc flu hosp",2026-05-30,"quantile",0.975,39
2026-05-23,"25",1,"wk inc flu hosp",2026-05-30,"quantile",0.99,47
2026-05-23,"26",0,"wk inc flu hosp",2026-05-23,"quantile",0.01,3
2026-05-23,"26",0,"wk inc flu hosp",2026-05-23,"quantile",0.025,5
2026-05-23,"26",0,"wk inc flu hosp",2026-05-23,"quantile",0.05,6
2026-05-23,"26",0,"wk inc flu hosp",2026-05-23,"quantile",0.1,9
2026-05-23,"26",0,"wk inc flu hosp",2026-05-23,"quantile",0.15,11
2026-05-23,"26",0,"wk inc flu hosp",2026-05-23,"quantile",0.2,12
2026-05-23,"26",0,"wk inc flu hosp",2026-05-23,"quantile",0.25,14
2026-05-23,"26",0,"wk inc flu hosp",2026-05-23,"quantile",0.3,16
2026-05-23,"26",0,"wk inc flu hosp",2026-05-23,"quantile",0.35,17
2026-05-23,"26",0,"wk inc flu hosp",2026-05-23,"quantile",0.4,18
2026-05-23,"26",0,"wk inc flu hosp",2026-05-23,"quantile",0.45,19
2026-05-23,"26",0,"wk inc flu hosp",2026-05-23,"quantile",0.5,21
2026-05-23,"26",0,"wk inc flu hosp",2026-05-23,"quantile",0.55,22
2026-05-23,"26",0,"wk inc flu hosp",2026-05-23,"quantile",0.6,24
2026-05-23,"26",0,"wk inc flu hosp",2026-05-23,"quantile",0.65,25
2026-05-23,"26",0,"wk inc flu hosp",2026-05-23,"quantile",0.7,27
2026-05-23,"26",0,"wk inc flu hosp",2026-05-23,"quantile",0.75,29
2026-05-23,"26",0,"wk inc flu hosp",2026-05-23,"quantile",0.8,31
2026-05-23,"26",0,"wk inc flu hosp",2026-05-23,"quantile",0.85,35
2026-05-23,"26",0,"wk inc flu hosp",2026-05-23,"quantile",0.9,39
2026-05-23,"26",0,"wk inc flu hosp",2026-05-23,"quantile",0.95,47
2026-05-23,"26",0,"wk inc flu hosp",2026-05-23,"quantile",0.975,57
2026-05-23,"26",0,"wk inc flu hosp",2026-05-23,"quantile",0.99,74
2026-05-23,"26",1,"wk inc flu hosp",2026-05-30,"quantile",0.01,2
2026-05-23,"26",1,"wk inc flu hosp",2026-05-30,"quantile",0.025,3
2026-05-23,"26",1,"wk inc flu hosp",2026-05-30,"quantile",0.05,5
2026-05-23,"26",1,"wk inc flu hosp",2026-05-30,"quantile",0.1,7
2026-05-23,"26",1,"wk inc flu hosp",2026-05-30,"quantile",0.15,9
2026-05-23,"26",1,"wk inc flu hosp",2026-05-30,"quantile",0.2,10
2026-05-23,"26",1,"wk inc flu hosp",2026-05-30,"quantile",0.25,12
2026-05-23,"26",1,"wk inc flu hosp",2026-05-30,"quantile",0.3,14
2026-05-23,"26",1,"wk inc flu hosp",2026-05-30,"quantile",0.35,15
2026-05-23,"26",1,"wk inc flu hosp",2026-05-30,"quantile",0.4,17
2026-05-23,"26",1,"wk inc flu hosp",2026-05-30,"quantile",0.45,18
2026-05-23,"26",1,"wk inc flu hosp",2026-05-30,"quantile",0.5,21
2026-05-23,"26",1,"wk inc flu hosp",2026-05-30,"quantile",0.55,22
2026-05-23,"26",1,"wk inc flu hosp",2026-05-30,"quantile",0.6,24
2026-05-23,"26",1,"wk inc flu hosp",2026-05-30,"quantile",0.65,26
2026-05-23,"26",1,"wk inc flu hosp",2026-05-30,"quantile",0.7,27
2026-05-23,"26",1,"wk inc flu hosp",2026-05-30,"quantile",0.75,29
2026-05-23,"26",1,"wk inc flu hosp",2026-05-30,"quantile",0.8,31
2026-05-23,"26",1,"wk inc flu hosp",2026-05-30,"quantile",0.85,35
2026-05-23,"26",1,"wk inc flu hosp",2026-05-30,"quantile",0.9,39
2026-05-23,"26",1,"wk inc flu hosp",2026-05-30,"quantile",0.95,47
2026-05-23,"26",1,"wk inc flu hosp",2026-05-30,"quantile",0.975,54
2026-05-23,"26",1,"wk inc flu hosp",2026-05-30,"quantile",0.99,67
2026-05-23,"27",0,"wk inc flu hosp",2026-05-23,"quantile",0.01,1
2026-05-23,"27",0,"wk inc flu hosp",2026-05-23,"quantile",0.025,2
2026-05-23,"27",0,"wk inc flu hosp",2026-05-23,"quantile",0.05,4
2026-05-23,"27",0,"wk inc flu hosp",2026-05-23,"quantile",0.1,6
2026-05-23,"27",0,"wk inc flu hosp",2026-05-23,"quantile",0.15,7
2026-05-23,"27",0,"wk inc flu hosp",2026-05-23,"quantile",0.2,8
2026-05-23,"27",0,"wk inc flu hosp",2026-05-23,"quantile",0.25,9
2026-05-23,"27",0,"wk inc flu hosp",2026-05-23,"quantile",0.3,9
2026-05-23,"27",0,"wk inc flu hosp",2026-05-23,"quantile",0.35,11
2026-05-23,"27",0,"wk inc flu hosp",2026-05-23,"quantile",0.4,12
2026-05-23,"27",0,"wk inc flu hosp",2026-05-23,"quantile",0.45,12
2026-05-23,"27",0,"wk inc flu hosp",2026-05-23,"quantile",0.5,15
2026-05-23,"27",0,"wk inc flu hosp",2026-05-23,"quantile",0.55,16
2026-05-23,"27",0,"wk inc flu hosp",2026-05-23,"quantile",0.6,17
2026-05-23,"27",0,"wk inc flu hosp",2026-05-23,"quantile",0.65,17
2026-05-23,"27",0,"wk inc flu hosp",2026-05-23,"quantile",0.7,19
2026-05-23,"27",0,"wk inc flu hosp",2026-05-23,"quantile",0.75,19
2026-05-23,"27",0,"wk inc flu hosp",2026-05-23,"quantile",0.8,21
2026-05-23,"27",0,"wk inc flu hosp",2026-05-23,"quantile",0.85,24
2026-05-23,"27",0,"wk inc flu hosp",2026-05-23,"quantile",0.9,28
2026-05-23,"27",0,"wk inc flu hosp",2026-05-23,"quantile",0.95,32
2026-05-23,"27",0,"wk inc flu hosp",2026-05-23,"quantile",0.975,38
2026-05-23,"27",0,"wk inc flu hosp",2026-05-23,"quantile",0.99,46
2026-05-23,"27",1,"wk inc flu hosp",2026-05-30,"quantile",0.01,0
2026-05-23,"27",1,"wk inc flu hosp",2026-05-30,"quantile",0.025,0
2026-05-23,"27",1,"wk inc flu hosp",2026-05-30,"quantile",0.05,2
2026-05-23,"27",1,"wk inc flu hosp",2026-05-30,"quantile",0.1,3
2026-05-23,"27",1,"wk inc flu hosp",2026-05-30,"quantile",0.15,4
2026-05-23,"27",1,"wk inc flu hosp",2026-05-30,"quantile",0.2,6
2026-05-23,"27",1,"wk inc flu hosp",2026-05-30,"quantile",0.25,6
2026-05-23,"27",1,"wk inc flu hosp",2026-05-30,"quantile",0.3,7
2026-05-23,"27",1,"wk inc flu hosp",2026-05-30,"quantile",0.35,8
2026-05-23,"27",1,"wk inc flu hosp",2026-05-30,"quantile",0.4,10
2026-05-23,"27",1,"wk inc flu hosp",2026-05-30,"quantile",0.45,11
2026-05-23,"27",1,"wk inc flu hosp",2026-05-30,"quantile",0.5,13
2026-05-23,"27",1,"wk inc flu hosp",2026-05-30,"quantile",0.55,14
2026-05-23,"27",1,"wk inc flu hosp",2026-05-30,"quantile",0.6,15
2026-05-23,"27",1,"wk inc flu hosp",2026-05-30,"quantile",0.65,16
2026-05-23,"27",1,"wk inc flu hosp",2026-05-30,"quantile",0.7,17
2026-05-23,"27",1,"wk inc flu hosp",2026-05-30,"quantile",0.75,19
2026-05-23,"27",1,"wk inc flu hosp",2026-05-30,"quantile",0.8,21
2026-05-23,"27",1,"wk inc flu hosp",2026-05-30,"quantile",0.85,23
2026-05-23,"27",1,"wk inc flu hosp",2026-05-30,"quantile",0.9,26
2026-05-23,"27",1,"wk inc flu hosp",2026-05-30,"quantile",0.95,32
2026-05-23,"27",1,"wk inc flu hosp",2026-05-30,"quantile",0.975,41
2026-05-23,"27",1,"wk inc flu hosp",2026-05-30,"quantile",0.99,54
2026-05-23,"28",0,"wk inc flu hosp",2026-05-23,"quantile",0.01,2
2026-05-23,"28",0,"wk inc flu hosp",2026-05-23,"quantile",0.025,3
2026-05-23,"28",0,"wk inc flu hosp",2026-05-23,"quantile",0.05,4
2026-05-23,"28",0,"wk inc flu hosp",2026-05-23,"quantile",0.1,5
2026-05-23,"28",0,"wk inc flu hosp",2026-05-23,"quantile",0.15,6
2026-05-23,"28",0,"wk inc flu hosp",2026-05-23,"quantile",0.2,7
2026-05-23,"28",0,"wk inc flu hosp",2026-05-23,"quantile",0.25,8
2026-05-23,"28",0,"wk inc flu hosp",2026-05-23,"quantile",0.3,9
2026-05-23,"28",0,"wk inc flu hosp",2026-05-23,"quantile",0.35,10
2026-05-23,"28",0,"wk inc flu hosp",2026-05-23,"quantile",0.4,10
2026-05-23,"28",0,"wk inc flu hosp",2026-05-23,"quantile",0.45,11
2026-05-23,"28",0,"wk inc flu hosp",2026-05-23,"quantile",0.5,12
2026-05-23,"28",0,"wk inc flu hosp",2026-05-23,"quantile",0.55,13
2026-05-23,"28",0,"wk inc flu hosp",2026-05-23,"quantile",0.6,15
2026-05-23,"28",0,"wk inc flu hosp",2026-05-23,"quantile",0.65,15
2026-05-23,"28",0,"wk inc flu hosp",2026-05-23,"quantile",0.7,16
2026-05-23,"28",0,"wk inc flu hosp",2026-05-23,"quantile",0.75,17
2026-05-23,"28",0,"wk inc flu hosp",2026-05-23,"quantile",0.8,19
2026-05-23,"28",0,"wk inc flu hosp",2026-05-23,"quantile",0.85,21
2026-05-23,"28",0,"wk inc flu hosp",2026-05-23,"quantile",0.9,24
2026-05-23,"28",0,"wk inc flu hosp",2026-05-23,"quantile",0.95,29
2026-05-23,"28",0,"wk inc flu hosp",2026-05-23,"quantile",0.975,33
2026-05-23,"28",0,"wk inc flu hosp",2026-05-23,"quantile",0.99,37
2026-05-23,"28",1,"wk inc flu hosp",2026-05-30,"quantile",0.01,1
2026-05-23,"28",1,"wk inc flu hosp",2026-05-30,"quantile",0.025,2
2026-05-23,"28",1,"wk inc flu hosp",2026-05-30,"quantile",0.05,3
2026-05-23,"28",1,"wk inc flu hosp",2026-05-30,"quantile",0.1,4
2026-05-23,"28",1,"wk inc flu hosp",2026-05-30,"quantile",0.15,5
2026-05-23,"28",1,"wk inc flu hosp",2026-05-30,"quantile",0.2,6
2026-05-23,"28",1,"wk inc flu hosp",2026-05-30,"quantile",0.25,7
2026-05-23,"28",1,"wk inc flu hosp",2026-05-30,"quantile",0.3,7
2026-05-23,"28",1,"wk inc flu hosp",2026-05-30,"quantile",0.35,8
2026-05-23,"28",1,"wk inc flu hosp",2026-05-30,"quantile",0.4,9
2026-05-23,"28",1,"wk inc flu hosp",2026-05-30,"quantile",0.45,10
2026-05-23,"28",1,"wk inc flu hosp",2026-05-30,"quantile",0.5,12
2026-05-23,"28",1,"wk inc flu hosp",2026-05-30,"quantile",0.55,13
2026-05-23,"28",1,"wk inc flu hosp",2026-05-30,"quantile",0.6,14
2026-05-23,"28",1,"wk inc flu hosp",2026-05-30,"quantile",0.65,15
2026-05-23,"28",1,"wk inc flu hosp",2026-05-30,"quantile",0.7,16
2026-05-23,"28",1,"wk inc flu hosp",2026-05-30,"quantile",0.75,18
2026-05-23,"28",1,"wk inc flu hosp",2026-05-30,"quantile",0.8,19
2026-05-23,"28",1,"wk inc flu hosp",2026-05-30,"quantile",0.85,21
2026-05-23,"28",1,"wk inc flu hosp",2026-05-30,"quantile",0.9,23
2026-05-23,"28",1,"wk inc flu hosp",2026-05-30,"quantile",0.95,28
2026-05-23,"28",1,"wk inc flu hosp",2026-05-30,"quantile",0.975,33
2026-05-23,"28",1,"wk inc flu hosp",2026-05-30,"quantile",0.99,41
2026-05-23,"29",0,"wk inc flu hosp",2026-05-23,"quantile",0.01,0
2026-05-23,"29",0,"wk inc flu hosp",2026-05-23,"quantile",0.025,1
2026-05-23,"29",0,"wk inc flu hosp",2026-05-23,"quantile",0.05,1
2026-05-23,"29",0,"wk inc flu hosp",2026-05-23,"quantile",0.1,3
2026-05-23,"29",0,"wk inc flu hosp",2026-05-23,"quantile",0.15,4
2026-05-23,"29",0,"wk inc flu hosp",2026-05-23,"quantile",0.2,5
2026-05-23,"29",0,"wk inc flu hosp",2026-05-23,"quantile",0.25,6
2026-05-23,"29",0,"wk inc flu hosp",2026-05-23,"quantile",0.3,7
2026-05-23,"29",0,"wk inc flu hosp",2026-05-23,"quantile",0.35,7
2026-05-23,"29",0,"wk inc flu hosp",2026-05-23,"quantile",0.4,9
2026-05-23,"29",0,"wk inc flu hosp",2026-05-23,"quantile",0.45,9
2026-05-23,"29",0,"wk inc flu hosp",2026-05-23,"quantile",0.5,10
2026-05-23,"29",0,"wk inc flu hosp",2026-05-23,"quantile",0.55,11
2026-05-23,"29",0,"wk inc flu hosp",2026-05-23,"quantile",0.6,12
2026-05-23,"29",0,"wk inc flu hosp",2026-05-23,"quantile",0.65,13
2026-05-23,"29",0,"wk inc flu hosp",2026-05-23,"quantile",0.7,14
2026-05-23,"29",0,"wk inc flu hosp",2026-05-23,"quantile",0.75,15
2026-05-23,"29",0,"wk inc flu hosp",2026-05-23,"quantile",0.8,18
2026-05-23,"29",0,"wk inc flu hosp",2026-05-23,"quantile",0.85,20
2026-05-23,"29",0,"wk inc flu hosp",2026-05-23,"quantile",0.9,23
2026-05-23,"29",0,"wk inc flu hosp",2026-05-23,"quantile",0.95,29
2026-05-23,"29",0,"wk inc flu hosp",2026-05-23,"quantile",0.975,36
2026-05-23,"29",0,"wk inc flu hosp",2026-05-23,"quantile",0.99,44
2026-05-23,"29",1,"wk inc flu hosp",2026-05-30,"quantile",0.01,0
2026-05-23,"29",1,"wk inc flu hosp",2026-05-30,"quantile",0.025,0
2026-05-23,"29",1,"wk inc flu hosp",2026-05-30,"quantile",0.05,1
2026-05-23,"29",1,"wk inc flu hosp",2026-05-30,"quantile",0.1,2
2026-05-23,"29",1,"wk inc flu hosp",2026-05-30,"quantile",0.15,3
2026-05-23,"29",1,"wk inc flu hosp",2026-05-30,"quantile",0.2,4
2026-05-23,"29",1,"wk inc flu hosp",2026-05-30,"quantile",0.25,5
2026-05-23,"29",1,"wk inc flu hosp",2026-05-30,"quantile",0.3,6
2026-05-23,"29",1,"wk inc flu hosp",2026-05-30,"quantile",0.35,7
2026-05-23,"29",1,"wk inc flu hosp",2026-05-30,"quantile",0.4,8
2026-05-23,"29",1,"wk inc flu hosp",2026-05-30,"quantile",0.45,8
2026-05-23,"29",1,"wk inc flu hosp",2026-05-30,"quantile",0.5,10
2026-05-23,"29",1,"wk inc flu hosp",2026-05-30,"quantile",0.55,11
2026-05-23,"29",1,"wk inc flu hosp",2026-05-30,"quantile",0.6,11
2026-05-23,"29",1,"wk inc flu hosp",2026-05-30,"quantile",0.65,12
2026-05-23,"29",1,"wk inc flu hosp",2026-05-30,"quantile",0.7,13
2026-05-23,"29",1,"wk inc flu hosp",2026-05-30,"quantile",0.75,15
2026-05-23,"29",1,"wk inc flu hosp",2026-05-30,"quantile",0.8,16
2026-05-23,"29",1,"wk inc flu hosp",2026-05-30,"quantile",0.85,18
2026-05-23,"29",1,"wk inc flu hosp",2026-05-30,"quantile",0.9,22
2026-05-23,"29",1,"wk inc flu hosp",2026-05-30,"quantile",0.95,30
2026-05-23,"29",1,"wk inc flu hosp",2026-05-30,"quantile",0.975,38
2026-05-23,"29",1,"wk inc flu hosp",2026-05-30,"quantile",0.99,55
2026-05-23,"30",0,"wk inc flu hosp",2026-05-23,"quantile",0.01,0
2026-05-23,"30",0,"wk inc flu hosp",2026-05-23,"quantile",0.025,0
2026-05-23,"30",0,"wk inc flu hosp",2026-05-23,"quantile",0.05,0
2026-05-23,"30",0,"wk inc flu hosp",2026-05-23,"quantile",0.1,0
2026-05-23,"30",0,"wk inc flu hosp",2026-05-23,"quantile",0.15,0
2026-05-23,"30",0,"wk inc flu hosp",2026-05-23,"quantile",0.2,0
2026-05-23,"30",0,"wk inc flu hosp",2026-05-23,"quantile",0.25,1
2026-05-23,"30",0,"wk inc flu hosp",2026-05-23,"quantile",0.3,1
2026-05-23,"30",0,"wk inc flu hosp",2026-05-23,"quantile",0.35,1
2026-05-23,"30",0,"wk inc flu hosp",2026-05-23,"quantile",0.4,1
2026-05-23,"30",0,"wk inc flu hosp",2026-05-23,"quantile",0.45,1
2026-05-23,"30",0,"wk inc flu hosp",2026-05-23,"quantile",0.5,2
2026-05-23,"30",0,"wk inc flu hosp",2026-05-23,"quantile",0.55,2
2026-05-23,"30",0,"wk inc flu hosp",2026-05-23,"quantile",0.6,3
2026-05-23,"30",0,"wk inc flu hosp",2026-05-23,"quantile",0.65,3
2026-05-23,"30",0,"wk inc flu hosp",2026-05-23,"quantile",0.7,3
2026-05-23,"30",0,"wk inc flu hosp",2026-05-23,"quantile",0.75,4
2026-05-23,"30",0,"wk inc flu hosp",2026-05-23,"quantile",0.8,4
2026-05-23,"30",0,"wk inc flu hosp",2026-05-23,"quantile",0.85,5
2026-05-23,"30",0,"wk inc flu hosp",2026-05-23,"quantile",0.9,5
2026-05-23,"30",0,"wk inc flu hosp",2026-05-23,"quantile",0.95,7
2026-05-23,"30",0,"wk inc flu hosp",2026-05-23,"quantile",0.975,9
2026-05-23,"30",0,"wk inc flu hosp",2026-05-23,"quantile",0.99,11
2026-05-23,"30",1,"wk inc flu hosp",2026-05-30,"quantile",0.01,0
2026-05-23,"30",1,"wk inc flu hosp",2026-05-30,"quantile",0.025,0
2026-05-23,"30",1,"wk inc flu hosp",2026-05-30,"quantile",0.05,0
2026-05-23,"30",1,"wk inc flu hosp",2026-05-30,"quantile",0.1,0
2026-05-23,"30",1,"wk inc flu hosp",2026-05-30,"quantile",0.15,0
2026-05-23,"30",1,"wk inc flu hosp",2026-05-30,"quantile",0.2,0
2026-05-23,"30",1,"wk inc flu hosp",2026-05-30,"quantile",0.25,0
2026-05-23,"30",1,"wk inc flu hosp",2026-05-30,"quantile",0.3,0
2026-05-23,"30",1,"wk inc flu hosp",2026-05-30,"quantile",0.35,1
2026-05-23,"30",1,"wk inc flu hosp",2026-05-30,"quantile",0.4,1
2026-05-23,"30",1,"wk inc flu hosp",2026-05-30,"quantile",0.45,1
2026-05-23,"30",1,"wk inc flu hosp",2026-05-30,"quantile",0.5,2
2026-05-23,"30",1,"wk inc flu hosp",2026-05-30,"quantile",0.55,2
2026-05-23,"30",1,"wk inc flu hosp",2026-05-30,"quantile",0.6,2
2026-05-23,"30",1,"wk inc flu hosp",2026-05-30,"quantile",0.65,2
2026-05-23,"30",1,"wk inc flu hosp",2026-05-30,"quantile",0.7,3
2026-05-23,"30",1,"wk inc flu hosp",2026-05-30,"quantile",0.75,3
2026-05-23,"30",1,"wk inc flu hosp",2026-05-30,"quantile",0.8,4
2026-05-23,"30",1,"wk inc flu hosp",2026-05-30,"quantile",0.85,5
2026-05-23,"30",1,"wk inc flu hosp",2026-05-30,"quantile",0.9,6
2026-05-23,"30",1,"wk inc flu hosp",2026-05-30,"quantile",0.95,7
2026-05-23,"30",1,"wk inc flu hosp",2026-05-30,"quantile",0.975,8
2026-05-23,"30",1,"wk inc flu hosp",2026-05-30,"quantile",0.99,12
2026-05-23,"31",0,"wk inc flu hosp",2026-05-23,"quantile",0.01,0
2026-05-23,"31",0,"wk inc flu hosp",2026-05-23,"quantile",0.025,0
2026-05-23,"31",0,"wk inc flu hosp",2026-05-23,"quantile",0.05,0
2026-05-23,"31",0,"wk inc flu hosp",2026-05-23,"quantile",0.1,0
2026-05-23,"31",0,"wk inc flu hosp",2026-05-23,"quantile",0.15,0
2026-05-23,"31",0,"wk inc flu hosp",2026-05-23,"quantile",0.2,1
2026-05-23,"31",0,"wk inc flu hosp",2026-05-23,"quantile",0.25,1
2026-05-23,"31",0,"wk inc flu hosp",2026-05-23,"quantile",0.3,1
2026-05-23,"31",0,"wk inc flu hosp",2026-05-23,"quantile",0.35,1
2026-05-23,"31",0,"wk inc flu hosp",2026-05-23,"quantile",0.4,2
2026-05-23,"31",0,"wk inc flu hosp",2026-05-23,"quantile",0.45,2
2026-05-23,"31",0,"wk inc flu hosp",2026-05-23,"quantile",0.5,2
2026-05-23,"31",0,"wk inc flu hosp",2026-05-23,"quantile",0.55,3
2026-05-23,"31",0,"wk inc flu hosp",2026-05-23,"quantile",0.6,3
2026-05-23,"31",0,"wk inc flu hosp",2026-05-23,"quantile",0.65,3
2026-05-23,"31",0,"wk inc flu hosp",2026-05-23,"quantile",0.7,4
2026-05-23,"31",0,"wk inc flu hosp",2026-05-23,"quantile",0.75,4
2026-05-23,"31",0,"wk inc flu hosp",2026-05-23,"quantile",0.8,5
2026-05-23,"31",0,"wk inc flu hosp",2026-05-23,"quantile",0.85,5
2026-05-23,"31",0,"wk inc flu hosp",2026-05-23,"quantile",0.9,6
2026-05-23,"31",0,"wk inc flu hosp",2026-05-23,"quantile",0.95,8
2026-05-23,"31",0,"wk inc flu hosp",2026-05-23,"quantile",0.975,10
2026-05-23,"31",0,"wk inc flu hosp",2026-05-23,"quantile",0.99,12
2026-05-23,"31",1,"wk inc flu hosp",2026-05-30,"quantile",0.01,0
2026-05-23,"31",1,"wk inc flu hosp",2026-05-30,"quantile",0.025,0
2026-05-23,"31",1,"wk inc flu hosp",2026-05-30,"quantile",0.05,0
2026-05-23,"31",1,"wk inc flu hosp",2026-05-30,"quantile",0.1,0
2026-05-23,"31",1,"wk inc flu hosp",2026-05-30,"quantile",0.15,0
2026-05-23,"31",1,"wk inc flu hosp",2026-05-30,"quantile",0.2,0
2026-05-23,"31",1,"wk inc flu hosp",2026-05-30,"quantile",0.25,1
2026-05-23,"31",1,"wk inc flu hosp",2026-05-30,"quantile",0.3,1
2026-05-23,"31",1,"wk inc flu hosp",2026-05-30,"quantile",0.35,1
2026-05-23,"31",1,"wk inc flu hosp",2026-05-30,"quantile",0.4,1
2026-05-23,"31",1,"wk inc flu hosp",2026-05-30,"quantile",0.45,2
2026-05-23,"31",1,"wk inc flu hosp",2026-05-30,"quantile",0.5,2
2026-05-23,"31",1,"wk inc flu hosp",2026-05-30,"quantile",0.55,2
2026-05-23,"31",1,"wk inc flu hosp",2026-05-30,"quantile",0.6,3
2026-05-23,"31",1,"wk inc flu hosp",2026-05-30,"quantile",0.65,3
2026-05-23,"31",1,"wk inc flu hosp",2026-05-30,"quantile",0.7,4
2026-05-23,"31",1,"wk inc flu hosp",2026-05-30,"quantile",0.75,4
2026-05-23,"31",1,"wk inc flu hosp",2026-05-30,"quantile",0.8,5
2026-05-23,"31",1,"wk inc flu hosp",2026-05-30,"quantile",0.85,5
2026-05-23,"31",1,"wk inc flu hosp",2026-05-30,"quantile",0.9,6
2026-05-23,"31",1,"wk inc flu hosp",2026-05-30,"quantile",0.95,8
2026-05-23,"31",1,"wk inc flu hosp",2026-05-30,"quantile",0.975,10
2026-05-23,"31",1,"wk inc flu hosp",2026-05-30,"quantile",0.99,14
2026-05-23,"32",0,"wk inc flu hosp",2026-05-23,"quantile",0.01,5
2026-05-23,"32",0,"wk inc flu hosp",2026-05-23,"quantile",0.025,8
2026-05-23,"32",0,"wk inc flu hosp",2026-05-23,"quantile",0.05,11
2026-05-23,"32",0,"wk inc flu hosp",2026-05-23,"quantile",0.1,13
2026-05-23,"32",0,"wk inc flu hosp",2026-05-23,"quantile",0.15,15
2026-05-23,"32",0,"wk inc flu hosp",2026-05-23,"quantile",0.2,17
2026-05-23,"32",0,"wk inc flu hosp",2026-05-23,"quantile",0.25,18
2026-05-23,"32",0,"wk inc flu hosp",2026-05-23,"quantile",0.3,19
2026-05-23,"32",0,"wk inc flu hosp",2026-05-23,"quantile",0.35,19
2026-05-23,"32",0,"wk inc flu hosp",2026-05-23,"quantile",0.4,21
2026-05-23,"32",0,"wk inc flu hosp",2026-05-23,"quantile",0.45,22
2026-05-23,"32",0,"wk inc flu hosp",2026-05-23,"quantile",0.5,24
2026-05-23,"32",0,"wk inc flu hosp",2026-05-23,"quantile",0.55,25
2026-05-23,"32",0,"wk inc flu hosp",2026-05-23,"quantile",0.6,26
2026-05-23,"32",0,"wk inc flu hosp",2026-05-23,"quantile",0.65,28
2026-05-23,"32",0,"wk inc flu hosp",2026-05-23,"quantile",0.7,30
2026-05-23,"32",0,"wk inc flu hosp",2026-05-23,"quantile",0.75,32
2026-05-23,"32",0,"wk inc flu hosp",2026-05-23,"quantile",0.8,34
2026-05-23,"32",0,"wk inc flu hosp",2026-05-23,"quantile",0.85,37
2026-05-23,"32",0,"wk inc flu hosp",2026-05-23,"quantile",0.9,42
2026-05-23,"32",0,"wk inc flu hosp",2026-05-23,"quantile",0.95,48
2026-05-23,"32",0,"wk inc flu hosp",2026-05-23,"quantile",0.975,54
2026-05-23,"32",0,"wk inc flu hosp",2026-05-23,"quantile",0.99,62
2026-05-23,"32",1,"wk inc flu hosp",2026-05-30,"quantile",0.01,2
2026-05-23,"32",1,"wk inc flu hosp",2026-05-30,"quantile",0.025,5
2026-05-23,"32",1,"wk inc flu hosp",2026-05-30,"quantile",0.05,6
2026-05-23,"32",1,"wk inc flu hosp",2026-05-30,"quantile",0.1,8
2026-05-23,"32",1,"wk inc flu hosp",2026-05-30,"quantile",0.15,9
2026-05-23,"32",1,"wk inc flu hosp",2026-05-30,"quantile",0.2,11
2026-05-23,"32",1,"wk inc flu hosp",2026-05-30,"quantile",0.25,13
2026-05-23,"32",1,"wk inc flu hosp",2026-05-30,"quantile",0.3,14
2026-05-23,"32",1,"wk inc flu hosp",2026-05-30,"quantile",0.35,16
2026-05-23,"32",1,"wk inc flu hosp",2026-05-30,"quantile",0.4,17
2026-05-23,"32",1,"wk inc flu hosp",2026-05-30,"quantile",0.45,18
2026-05-23,"32",1,"wk inc flu hosp",2026-05-30,"quantile",0.5,20
2026-05-23,"32",1,"wk inc flu hosp",2026-05-30,"quantile",0.55,22
2026-05-23,"32",1,"wk inc flu hosp",2026-05-30,"quantile",0.6,24
2026-05-23,"32",1,"wk inc flu hosp",2026-05-30,"quantile",0.65,25
2026-05-23,"32",1,"wk inc flu hosp",2026-05-30,"quantile",0.7,27
2026-05-23,"32",1,"wk inc flu hosp",2026-05-30,"quantile",0.75,29
2026-05-23,"32",1,"wk inc flu hosp",2026-05-30,"quantile",0.8,30
2026-05-23,"32",1,"wk inc flu hosp",2026-05-30,"quantile",0.85,33
2026-05-23,"32",1,"wk inc flu hosp",2026-05-30,"quantile",0.9,39
2026-05-23,"32",1,"wk inc flu hosp",2026-05-30,"quantile",0.95,46
2026-05-23,"32",1,"wk inc flu hosp",2026-05-30,"quantile",0.975,54
2026-05-23,"32",1,"wk inc flu hosp",2026-05-30,"quantile",0.99,70
2026-05-23,"33",0,"wk inc flu hosp",2026-05-23,"quantile",0.01,0
2026-05-23,"33",0,"wk inc flu hosp",2026-05-23,"quantile",0.025,0
2026-05-23,"33",0,"wk inc flu hosp",2026-05-23,"quantile",0.05,0
2026-05-23,"33",0,"wk inc flu hosp",2026-05-23,"quantile",0.1,0
2026-05-23,"33",0,"wk inc flu hosp",2026-05-23,"quantile",0.15,1
2026-05-23,"33",0,"wk inc flu hosp",2026-05-23,"quantile",0.2,1
2026-05-23,"33",0,"wk inc flu hosp",2026-05-23,"quantile",0.25,1
2026-05-23,"33",0,"wk inc flu hosp",2026-05-23,"quantile",0.3,1
2026-05-23,"33",0,"wk inc flu hosp",2026-05-23,"quantile",0.35,2
2026-05-23,"33",0,"wk inc flu hosp",2026-05-23,"quantile",0.4,2
2026-05-23,"33",0,"wk inc flu hosp",2026-05-23,"quantile",0.45,2
2026-05-23,"33",0,"wk inc flu hosp",2026-05-23,"quantile",0.5,3
2026-05-23,"33",0,"wk inc flu hosp",2026-05-23,"quantile",0.55,3
2026-05-23,"33",0,"wk inc flu hosp",2026-05-23,"quantile",0.6,3
2026-05-23,"33",0,"wk inc flu hosp",2026-05-23,"quantile",0.65,4
2026-05-23,"33",0,"wk inc flu hosp",2026-05-23,"quantile",0.7,4
2026-05-23,"33",0,"wk inc flu hosp",2026-05-23,"quantile",0.75,4
2026-05-23,"33",0,"wk inc flu hosp",2026-05-23,"quantile",0.8,5
2026-05-23,"33",0,"wk inc flu hosp",2026-05-23,"quantile",0.85,5
2026-05-23,"33",0,"wk inc flu hosp",2026-05-23,"quantile",0.9,7
2026-05-23,"33",0,"wk inc flu hosp",2026-05-23,"quantile",0.95,9
2026-05-23,"33",0,"wk inc flu hosp",2026-05-23,"quantile",0.975,11
2026-05-23,"33",0,"wk inc flu hosp",2026-05-23,"quantile",0.99,13
2026-05-23,"33",1,"wk inc flu hosp",2026-05-30,"quantile",0.01,0
2026-05-23,"33",1,"wk inc flu hosp",2026-05-30,"quantile",0.025,0
2026-05-23,"33",1,"wk inc flu hosp",2026-05-30,"quantile",0.05,0
2026-05-23,"33",1,"wk inc flu hosp",2026-05-30,"quantile",0.1,0
2026-05-23,"33",1,"wk inc flu hosp",2026-05-30,"quantile",0.15,0
2026-05-23,"33",1,"wk inc flu hosp",2026-05-30,"quantile",0.2,1
2026-05-23,"33",1,"wk inc flu hosp",2026-05-30,"quantile",0.25,1
2026-05-23,"33",1,"wk inc flu hosp",2026-05-30,"quantile",0.3,1
2026-05-23,"33",1,"wk inc flu hosp",2026-05-30,"quantile",0.35,1
2026-05-23,"33",1,"wk inc flu hosp",2026-05-30,"quantile",0.4,2
2026-05-23,"33",1,"wk inc flu hosp",2026-05-30,"quantile",0.45,2
2026-05-23,"33",1,"wk inc flu hosp",2026-05-30,"quantile",0.5,3
2026-05-23,"33",1,"wk inc flu hosp",2026-05-30,"quantile",0.55,3
2026-05-23,"33",1,"wk inc flu hosp",2026-05-30,"quantile",0.6,3
2026-05-23,"33",1,"wk inc flu hosp",2026-05-30,"quantile",0.65,3
2026-05-23,"33",1,"wk inc flu hosp",2026-05-30,"quantile",0.7,4
2026-05-23,"33",1,"wk inc flu hosp",2026-05-30,"quantile",0.75,4
2026-05-23,"33",1,"wk inc flu hosp",2026-05-30,"quantile",0.8,4
2026-05-23,"33",1,"wk inc flu hosp",2026-05-30,"quantile",0.85,5
2026-05-23,"33",1,"wk inc flu hosp",2026-05-30,"quantile",0.9,6
2026-05-23,"33",1,"wk inc flu hosp",2026-05-30,"quantile",0.95,8
2026-05-23,"33",1,"wk inc flu hosp",2026-05-30,"quantile",0.975,10
2026-05-23,"33",1,"wk inc flu hosp",2026-05-30,"quantile",0.99,17
2026-05-23,"34",0,"wk inc flu hosp",2026-05-23,"quantile",0.01,9
2026-05-23,"34",0,"wk inc flu hosp",2026-05-23,"quantile",0.025,11
2026-05-23,"34",0,"wk inc flu hosp",2026-05-23,"quantile",0.05,15
2026-05-23,"34",0,"wk inc flu hosp",2026-05-23,"quantile",0.1,18
2026-05-23,"34",0,"wk inc flu hosp",2026-05-23,"quantile",0.15,20
2026-05-23,"34",0,"wk inc flu hosp",2026-05-23,"quantile",0.2,22
2026-05-23,"34",0,"wk inc flu hosp",2026-05-23,"quantile",0.25,24
2026-05-23,"34",0,"wk inc flu hosp",2026-05-23,"quantile",0.3,26
2026-05-23,"34",0,"wk inc flu hosp",2026-05-23,"quantile",0.35,28
2026-05-23,"34",0,"wk inc flu hosp",2026-05-23,"quantile",0.4,30
2026-05-23,"34",0,"wk inc flu hosp",2026-05-23,"quantile",0.45,33
2026-05-23,"34",0,"wk inc flu hosp",2026-05-23,"quantile",0.5,34
2026-05-23,"34",0,"wk inc flu hosp",2026-05-23,"quantile",0.55,36
2026-05-23,"34",0,"wk inc flu hosp",2026-05-23,"quantile",0.6,38
2026-05-23,"34",0,"wk inc flu hosp",2026-05-23,"quantile",0.65,40
2026-05-23,"34",0,"wk inc flu hosp",2026-05-23,"quantile",0.7,42
2026-05-23,"34",0,"wk inc flu hosp",2026-05-23,"quantile",0.75,44
2026-05-23,"34",0,"wk inc flu hosp",2026-05-23,"quantile",0.8,46
2026-05-23,"34",0,"wk inc flu hosp",2026-05-23,"quantile",0.85,49
2026-05-23,"34",0,"wk inc flu hosp",2026-05-23,"quantile",0.9,53
2026-05-23,"34",0,"wk inc flu hosp",2026-05-23,"quantile",0.95,65
2026-05-23,"34",0,"wk inc flu hosp",2026-05-23,"quantile",0.975,74
2026-05-23,"34",0,"wk inc flu hosp",2026-05-23,"quantile",0.99,87
2026-05-23,"34",1,"wk inc flu hosp",2026-05-30,"quantile",0.01,4
2026-05-23,"34",1,"wk inc flu hosp",2026-05-30,"quantile",0.025,6
2026-05-23,"34",1,"wk inc flu hosp",2026-05-30,"quantile",0.05,9
2026-05-23,"34",1,"wk inc flu hosp",2026-05-30,"quantile",0.1,13
2026-05-23,"34",1,"wk inc flu hosp",2026-05-30,"quantile",0.15,16
2026-05-23,"34",1,"wk inc flu hosp",2026-05-30,"quantile",0.2,17
2026-05-23,"34",1,"wk inc flu hosp",2026-05-30,"quantile",0.25,19
2026-05-23,"34",1,"wk inc flu hosp",2026-05-30,"quantile",0.3,21
2026-05-23,"34",1,"wk inc flu hosp",2026-05-30,"quantile",0.35,23
2026-05-23,"34",1,"wk inc flu hosp",2026-05-30,"quantile",0.4,25
2026-05-23,"34",1,"wk inc flu hosp",2026-05-30,"quantile",0.45,27
2026-05-23,"34",1,"wk inc flu hosp",2026-05-30,"quantile",0.5,32
2026-05-23,"34",1,"wk inc flu hosp",2026-05-30,"quantile",0.55,34
2026-05-23,"34",1,"wk inc flu hosp",2026-05-30,"quantile",0.6,36
2026-05-23,"34",1,"wk inc flu hosp",2026-05-30,"quantile",0.65,38
2026-05-23,"34",1,"wk inc flu hosp",2026-05-30,"quantile",0.7,40
2026-05-23,"34",1,"wk inc flu hosp",2026-05-30,"quantile",0.75,42
2026-05-23,"34",1,"wk inc flu hosp",2026-05-30,"quantile",0.8,46
2026-05-23,"34",1,"wk inc flu hosp",2026-05-30,"quantile",0.85,49
2026-05-23,"34",1,"wk inc flu hosp",2026-05-30,"quantile",0.9,54
2026-05-23,"34",1,"wk inc flu hosp",2026-05-30,"quantile",0.95,65
2026-05-23,"34",1,"wk inc flu hosp",2026-05-30,"quantile",0.975,76
2026-05-23,"34",1,"wk inc flu hosp",2026-05-30,"quantile",0.99,104
2026-05-23,"35",0,"wk inc flu hosp",2026-05-23,"quantile",0.01,0
2026-05-23,"35",0,"wk inc flu hosp",2026-05-23,"quantile",0.025,0
2026-05-23,"35",0,"wk inc flu hosp",2026-05-23,"quantile",0.05,0
2026-05-23,"35",0,"wk inc flu hosp",2026-05-23,"quantile",0.1,1
2026-05-23,"35",0,"wk inc flu hosp",2026-05-23,"quantile",0.15,1
2026-05-23,"35",0,"wk inc flu hosp",2026-05-23,"quantile",0.2,2
2026-05-23,"35",0,"wk inc flu hosp",2026-05-23,"quantile",0.25,2
2026-05-23,"35",0,"wk inc flu hosp",2026-05-23,"quantile",0.3,2
2026-05-23,"35",0,"wk inc flu hosp",2026-05-23,"quantile",0.35,2
2026-05-23,"35",0,"wk inc flu hosp",2026-05-23,"quantile",0.4,3
2026-05-23,"35",0,"wk inc flu hosp",2026-05-23,"quantile",0.45,3
2026-05-23,"35",0,"wk inc flu hosp",2026-05-23,"quantile",0.5,4
2026-05-23,"35",0,"wk inc flu hosp",2026-05-23,"quantile",0.55,5
2026-05-23,"35",0,"wk inc flu hosp",2026-05-23,"quantile",0.6,6
2026-05-23,"35",0,"wk inc flu hosp",2026-05-23,"quantile",0.65,6
2026-05-23,"35",0,"wk inc flu hosp",2026-05-23,"quantile",0.7,7
2026-05-23,"35",0,"wk inc flu hosp",2026-05-23,"quantile",0.75,8
2026-05-23,"35",0,"wk inc flu hosp",2026-05-23,"quantile",0.8,8
2026-05-23,"35",0,"wk inc flu hosp",2026-05-23,"quantile",0.85,10
2026-05-23,"35",0,"wk inc flu hosp",2026-05-23,"quantile",0.9,11
2026-05-23,"35",0,"wk inc flu hosp",2026-05-23,"quantile",0.95,13
2026-05-23,"35",0,"wk inc flu hosp",2026-05-23,"quantile",0.975,17
2026-05-23,"35",0,"wk inc flu hosp",2026-05-23,"quantile",0.99,21
2026-05-23,"35",1,"wk inc flu hosp",2026-05-30,"quantile",0.01,0
2026-05-23,"35",1,"wk inc flu hosp",2026-05-30,"quantile",0.025,0
2026-05-23,"35",1,"wk inc flu hosp",2026-05-30,"quantile",0.05,0
2026-05-23,"35",1,"wk inc flu hosp",2026-05-30,"quantile",0.1,0
2026-05-23,"35",1,"wk inc flu hosp",2026-05-30,"quantile",0.15,1
2026-05-23,"35",1,"wk inc flu hosp",2026-05-30,"quantile",0.2,1
2026-05-23,"35",1,"wk inc flu hosp",2026-05-30,"quantile",0.25,2
2026-05-23,"35",1,"wk inc flu hosp",2026-05-30,"quantile",0.3,2
2026-05-23,"35",1,"wk inc flu hosp",2026-05-30,"quantile",0.35,2
2026-05-23,"35",1,"wk inc flu hosp",2026-05-30,"quantile",0.4,3
2026-05-23,"35",1,"wk inc flu hosp",2026-05-30,"quantile",0.45,3
2026-05-23,"35",1,"wk inc flu hosp",2026-05-30,"quantile",0.5,4
2026-05-23,"35",1,"wk inc flu hosp",2026-05-30,"quantile",0.55,4
2026-05-23,"35",1,"wk inc flu hosp",2026-05-30,"quantile",0.6,5
2026-05-23,"35",1,"wk inc flu hosp",2026-05-30,"quantile",0.65,6
2026-05-23,"35",1,"wk inc flu hosp",2026-05-30,"quantile",0.7,6
2026-05-23,"35",1,"wk inc flu hosp",2026-05-30,"quantile",0.75,7
2026-05-23,"35",1,"wk inc flu hosp",2026-05-30,"quantile",0.8,8
2026-05-23,"35",1,"wk inc flu hosp",2026-05-30,"quantile",0.85,9
2026-05-23,"35",1,"wk inc flu hosp",2026-05-30,"quantile",0.9,11
2026-05-23,"35",1,"wk inc flu hosp",2026-05-30,"quantile",0.95,13
2026-05-23,"35",1,"wk inc flu hosp",2026-05-30,"quantile",0.975,18
2026-05-23,"35",1,"wk inc flu hosp",2026-05-30,"quantile",0.99,23
2026-05-23,"36",0,"wk inc flu hosp",2026-05-23,"quantile",0.01,6
2026-05-23,"36",0,"wk inc flu hosp",2026-05-23,"quantile",0.025,10
2026-05-23,"36",0,"wk inc flu hosp",2026-05-23,"quantile",0.05,14
2026-05-23,"36",0,"wk inc flu hosp",2026-05-23,"quantile",0.1,16
2026-05-23,"36",0,"wk inc flu hosp",2026-05-23,"quantile",0.15,20
2026-05-23,"36",0,"wk inc flu hosp",2026-05-23,"quantile",0.2,23
2026-05-23,"36",0,"wk inc flu hosp",2026-05-23,"quantile",0.25,25
2026-05-23,"36",0,"wk inc flu hosp",2026-05-23,"quantile",0.3,27
2026-05-23,"36",0,"wk inc flu hosp",2026-05-23,"quantile",0.35,28
2026-05-23,"36",0,"wk inc flu hosp",2026-05-23,"quantile",0.4,31
2026-05-23,"36",0,"wk inc flu hosp",2026-05-23,"quantile",0.45,35
2026-05-23,"36",0,"wk inc flu hosp",2026-05-23,"quantile",0.5,39
2026-05-23,"36",0,"wk inc flu hosp",2026-05-23,"quantile",0.55,41
2026-05-23,"36",0,"wk inc flu hosp",2026-05-23,"quantile",0.6,45
2026-05-23,"36",0,"wk inc flu hosp",2026-05-23,"quantile",0.65,48
2026-05-23,"36",0,"wk inc flu hosp",2026-05-23,"quantile",0.7,52
2026-05-23,"36",0,"wk inc flu hosp",2026-05-23,"quantile",0.75,58
2026-05-23,"36",0,"wk inc flu hosp",2026-05-23,"quantile",0.8,64
2026-05-23,"36",0,"wk inc flu hosp",2026-05-23,"quantile",0.85,72
2026-05-23,"36",0,"wk inc flu hosp",2026-05-23,"quantile",0.9,79
2026-05-23,"36",0,"wk inc flu hosp",2026-05-23,"quantile",0.95,97
2026-05-23,"36",0,"wk inc flu hosp",2026-05-23,"quantile",0.975,122
2026-05-23,"36",0,"wk inc flu hosp",2026-05-23,"quantile",0.99,146
2026-05-23,"36",1,"wk inc flu hosp",2026-05-30,"quantile",0.01,3
2026-05-23,"36",1,"wk inc flu hosp",2026-05-30,"quantile",0.025,5
2026-05-23,"36",1,"wk inc flu hosp",2026-05-30,"quantile",0.05,7
2026-05-23,"36",1,"wk inc flu hosp",2026-05-30,"quantile",0.1,11
2026-05-23,"36",1,"wk inc flu hosp",2026-05-30,"quantile",0.15,13
2026-05-23,"36",1,"wk inc flu hosp",2026-05-30,"quantile",0.2,16
2026-05-23,"36",1,"wk inc flu hosp",2026-05-30,"quantile",0.25,19
2026-05-23,"36",1,"wk inc flu hosp",2026-05-30,"quantile",0.3,22
2026-05-23,"36",1,"wk inc flu hosp",2026-05-30,"quantile",0.35,25
2026-05-23,"36",1,"wk inc flu hosp",2026-05-30,"quantile",0.4,27
2026-05-23,"36",1,"wk inc flu hosp",2026-05-30,"quantile",0.45,31
2026-05-23,"36",1,"wk inc flu hosp",2026-05-30,"quantile",0.5,34
2026-05-23,"36",1,"wk inc flu hosp",2026-05-30,"quantile",0.55,39
2026-05-23,"36",1,"wk inc flu hosp",2026-05-30,"quantile",0.6,44
2026-05-23,"36",1,"wk inc flu hosp",2026-05-30,"quantile",0.65,48
2026-05-23,"36",1,"wk inc flu hosp",2026-05-30,"quantile",0.7,51
2026-05-23,"36",1,"wk inc flu hosp",2026-05-30,"quantile",0.75,55
2026-05-23,"36",1,"wk inc flu hosp",2026-05-30,"quantile",0.8,61
2026-05-23,"36",1,"wk inc flu hosp",2026-05-30,"quantile",0.85,68
2026-05-23,"36",1,"wk inc flu hosp",2026-05-30,"quantile",0.9,75
2026-05-23,"36",1,"wk inc flu hosp",2026-05-30,"quantile",0.95,98
2026-05-23,"36",1,"wk inc flu hosp",2026-05-30,"quantile",0.975,124
2026-05-23,"36",1,"wk inc flu hosp",2026-05-30,"quantile",0.99,156
2026-05-23,"37",0,"wk inc flu hosp",2026-05-23,"quantile",0.01,2
2026-05-23,"37",0,"wk inc flu hosp",2026-05-23,"quantile",0.025,4
2026-05-23,"37",0,"wk inc flu hosp",2026-05-23,"quantile",0.05,5
2026-05-23,"37",0,"wk inc flu hosp",2026-05-23,"quantile",0.1,6
2026-05-23,"37",0,"wk inc flu hosp",2026-05-23,"quantile",0.15,6
2026-05-23,"37",0,"wk inc flu hosp",2026-05-23,"quantile",0.2,8
2026-05-23,"37",0,"wk inc flu hosp",2026-05-23,"quantile",0.25,9
2026-05-23,"37",0,"wk inc flu hosp",2026-05-23,"quantile",0.3,10
2026-05-23,"37",0,"wk inc flu hosp",2026-05-23,"quantile",0.35,11
2026-05-23,"37",0,"wk inc flu hosp",2026-05-23,"quantile",0.4,12
2026-05-23,"37",0,"wk inc flu hosp",2026-05-23,"quantile",0.45,13
2026-05-23,"37",0,"wk inc flu hosp",2026-05-23,"quantile",0.5,15
2026-05-23,"37",0,"wk inc flu hosp",2026-05-23,"quantile",0.55,15
2026-05-23,"37",0,"wk inc flu hosp",2026-05-23,"quantile",0.6,17
2026-05-23,"37",0,"wk inc flu hosp",2026-05-23,"quantile",0.65,18
2026-05-23,"37",0,"wk inc flu hosp",2026-05-23,"quantile",0.7,20
2026-05-23,"37",0,"wk inc flu hosp",2026-05-23,"quantile",0.75,21
2026-05-23,"37",0,"wk inc flu hosp",2026-05-23,"quantile",0.8,22
2026-05-23,"37",0,"wk inc flu hosp",2026-05-23,"quantile",0.85,24
2026-05-23,"37",0,"wk inc flu hosp",2026-05-23,"quantile",0.9,27
2026-05-23,"37",0,"wk inc flu hosp",2026-05-23,"quantile",0.95,32
2026-05-23,"37",0,"wk inc flu hosp",2026-05-23,"quantile",0.975,38
2026-05-23,"37",0,"wk inc flu hosp",2026-05-23,"quantile",0.99,54
2026-05-23,"37",1,"wk inc flu hosp",2026-05-30,"quantile",0.01,0
2026-05-23,"37",1,"wk inc flu hosp",2026-05-30,"quantile",0.025,2
2026-05-23,"37",1,"wk inc flu hosp",2026-05-30,"quantile",0.05,2
2026-05-23,"37",1,"wk inc flu hosp",2026-05-30,"quantile",0.1,4
2026-05-23,"37",1,"wk inc flu hosp",2026-05-30,"quantile",0.15,5
2026-05-23,"37",1,"wk inc flu hosp",2026-05-30,"quantile",0.2,6
2026-05-23,"37",1,"wk inc flu hosp",2026-05-30,"quantile",0.25,7
2026-05-23,"37",1,"wk inc flu hosp",2026-05-30,"quantile",0.3,9
2026-05-23,"37",1,"wk inc flu hosp",2026-05-30,"quantile",0.35,10
2026-05-23,"37",1,"wk inc flu hosp",2026-05-30,"quantile",0.4,11
2026-05-23,"37",1,"wk inc flu hosp",2026-05-30,"quantile",0.45,12
2026-05-23,"37",1,"wk inc flu hosp",2026-05-30,"quantile",0.5,14
2026-05-23,"37",1,"wk inc flu hosp",2026-05-30,"quantile",0.55,15
2026-05-23,"37",1,"wk inc flu hosp",2026-05-30,"quantile",0.6,16
2026-05-23,"37",1,"wk inc flu hosp",2026-05-30,"quantile",0.65,17
2026-05-23,"37",1,"wk inc flu hosp",2026-05-30,"quantile",0.7,19
2026-05-23,"37",1,"wk inc flu hosp",2026-05-30,"quantile",0.75,21
2026-05-23,"37",1,"wk inc flu hosp",2026-05-30,"quantile",0.8,21
2026-05-23,"37",1,"wk inc flu hosp",2026-05-30,"quantile",0.85,23
2026-05-23,"37",1,"wk inc flu hosp",2026-05-30,"quantile",0.9,28
2026-05-23,"37",1,"wk inc flu hosp",2026-05-30,"quantile",0.95,35
2026-05-23,"37",1,"wk inc flu hosp",2026-05-30,"quantile",0.975,44
2026-05-23,"37",1,"wk inc flu hosp",2026-05-30,"quantile",0.99,65
2026-05-23,"38",0,"wk inc flu hosp",2026-05-23,"quantile",0.01,0
2026-05-23,"38",0,"wk inc flu hosp",2026-05-23,"quantile",0.025,0
2026-05-23,"38",0,"wk inc flu hosp",2026-05-23,"quantile",0.05,1
2026-05-23,"38",0,"wk inc flu hosp",2026-05-23,"quantile",0.1,1
2026-05-23,"38",0,"wk inc flu hosp",2026-05-23,"quantile",0.15,2
2026-05-23,"38",0,"wk inc flu hosp",2026-05-23,"quantile",0.2,2
2026-05-23,"38",0,"wk inc flu hosp",2026-05-23,"quantile",0.25,2
2026-05-23,"38",0,"wk inc flu hosp",2026-05-23,"quantile",0.3,3
2026-05-23,"38",0,"wk inc flu hosp",2026-05-23,"quantile",0.35,3
2026-05-23,"38",0,"wk inc flu hosp",2026-05-23,"quantile",0.4,4
2026-05-23,"38",0,"wk inc flu hosp",2026-05-23,"quantile",0.45,4
2026-05-23,"38",0,"wk inc flu hosp",2026-05-23,"quantile",0.5,5
2026-05-23,"38",0,"wk inc flu hosp",2026-05-23,"quantile",0.55,5
2026-05-23,"38",0,"wk inc flu hosp",2026-05-23,"quantile",0.6,6
2026-05-23,"38",0,"wk inc flu hosp",2026-05-23,"quantile",0.65,6
2026-05-23,"38",0,"wk inc flu hosp",2026-05-23,"quantile",0.7,7
2026-05-23,"38",0,"wk inc flu hosp",2026-05-23,"quantile",0.75,7
2026-05-23,"38",0,"wk inc flu hosp",2026-05-23,"quantile",0.8,8
2026-05-23,"38",0,"wk inc flu hosp",2026-05-23,"quantile",0.85,8
2026-05-23,"38",0,"wk inc flu hosp",2026-05-23,"quantile",0.9,9
2026-05-23,"38",0,"wk inc flu hosp",2026-05-23,"quantile",0.95,11
2026-05-23,"38",0,"wk inc flu hosp",2026-05-23,"quantile",0.975,12
2026-05-23,"38",0,"wk inc flu hosp",2026-05-23,"quantile",0.99,15
2026-05-23,"38",1,"wk inc flu hosp",2026-05-30,"quantile",0.01,0
2026-05-23,"38",1,"wk inc flu hosp",2026-05-30,"quantile",0.025,0
2026-05-23,"38",1,"wk inc flu hosp",2026-05-30,"quantile",0.05,0
2026-05-23,"38",1,"wk inc flu hosp",2026-05-30,"quantile",0.1,1
2026-05-23,"38",1,"wk inc flu hosp",2026-05-30,"quantile",0.15,1
2026-05-23,"38",1,"wk inc flu hosp",2026-05-30,"quantile",0.2,1
2026-05-23,"38",1,"wk inc flu hosp",2026-05-30,"quantile",0.25,2
2026-05-23,"38",1,"wk inc flu hosp",2026-05-30,"quantile",0.3,2
2026-05-23,"38",1,"wk inc flu hosp",2026-05-30,"quantile",0.35,2
2026-05-23,"38",1,"wk inc flu hosp",2026-05-30,"quantile",0.4,3
2026-05-23,"38",1,"wk inc flu hosp",2026-05-30,"quantile",0.45,3
2026-05-23,"38",1,"wk inc flu hosp",2026-05-30,"quantile",0.5,5
2026-05-23,"38",1,"wk inc flu hosp",2026-05-30,"quantile",0.55,5
2026-05-23,"38",1,"wk inc flu hosp",2026-05-30,"quantile",0.6,5
2026-05-23,"38",1,"wk inc flu hosp",2026-05-30,"quantile",0.65,6
2026-05-23,"38",1,"wk inc flu hosp",2026-05-30,"quantile",0.7,6
2026-05-23,"38",1,"wk inc flu hosp",2026-05-30,"quantile",0.75,7
2026-05-23,"38",1,"wk inc flu hosp",2026-05-30,"quantile",0.8,7
2026-05-23,"38",1,"wk inc flu hosp",2026-05-30,"quantile",0.85,8
2026-05-23,"38",1,"wk inc flu hosp",2026-05-30,"quantile",0.9,9
2026-05-23,"38",1,"wk inc flu hosp",2026-05-30,"quantile",0.95,11
2026-05-23,"38",1,"wk inc flu hosp",2026-05-30,"quantile",0.975,13
2026-05-23,"38",1,"wk inc flu hosp",2026-05-30,"quantile",0.99,16
2026-05-23,"39",0,"wk inc flu hosp",2026-05-23,"quantile",0.01,2
2026-05-23,"39",0,"wk inc flu hosp",2026-05-23,"quantile",0.025,2
2026-05-23,"39",0,"wk inc flu hosp",2026-05-23,"quantile",0.05,3
2026-05-23,"39",0,"wk inc flu hosp",2026-05-23,"quantile",0.1,4
2026-05-23,"39",0,"wk inc flu hosp",2026-05-23,"quantile",0.15,5
2026-05-23,"39",0,"wk inc flu hosp",2026-05-23,"quantile",0.2,7
2026-05-23,"39",0,"wk inc flu hosp",2026-05-23,"quantile",0.25,8
2026-05-23,"39",0,"wk inc flu hosp",2026-05-23,"quantile",0.3,9
2026-05-23,"39",0,"wk inc flu hosp",2026-05-23,"quantile",0.35,10
2026-05-23,"39",0,"wk inc flu hosp",2026-05-23,"quantile",0.4,11
2026-05-23,"39",0,"wk inc flu hosp",2026-05-23,"quantile",0.45,12
2026-05-23,"39",0,"wk inc flu hosp",2026-05-23,"quantile",0.5,14
2026-05-23,"39",0,"wk inc flu hosp",2026-05-23,"quantile",0.55,15
2026-05-23,"39",0,"wk inc flu hosp",2026-05-23,"quantile",0.6,16
2026-05-23,"39",0,"wk inc flu hosp",2026-05-23,"quantile",0.65,17
2026-05-23,"39",0,"wk inc flu hosp",2026-05-23,"quantile",0.7,19
2026-05-23,"39",0,"wk inc flu hosp",2026-05-23,"quantile",0.75,22
2026-05-23,"39",0,"wk inc flu hosp",2026-05-23,"quantile",0.8,24
2026-05-23,"39",0,"wk inc flu hosp",2026-05-23,"quantile",0.85,27
2026-05-23,"39",0,"wk inc flu hosp",2026-05-23,"quantile",0.9,32
2026-05-23,"39",0,"wk inc flu hosp",2026-05-23,"quantile",0.95,42
2026-05-23,"39",0,"wk inc flu hosp",2026-05-23,"quantile",0.975,59
2026-05-23,"39",0,"wk inc flu hosp",2026-05-23,"quantile",0.99,79
2026-05-23,"39",1,"wk inc flu hosp",2026-05-30,"quantile",0.01,1
2026-05-23,"39",1,"wk inc flu hosp",2026-05-30,"quantile",0.025,1
2026-05-23,"39",1,"wk inc flu hosp",2026-05-30,"quantile",0.05,2
2026-05-23,"39",1,"wk inc flu hosp",2026-05-30,"quantile",0.1,3
2026-05-23,"39",1,"wk inc flu hosp",2026-05-30,"quantile",0.15,5
2026-05-23,"39",1,"wk inc flu hosp",2026-05-30,"quantile",0.2,6
2026-05-23,"39",1,"wk inc flu hosp",2026-05-30,"quantile",0.25,7
2026-05-23,"39",1,"wk inc flu hosp",2026-05-30,"quantile",0.3,8
2026-05-23,"39",1,"wk inc flu hosp",2026-05-30,"quantile",0.35,9
2026-05-23,"39",1,"wk inc flu hosp",2026-05-30,"quantile",0.4,10
2026-05-23,"39",1,"wk inc flu hosp",2026-05-30,"quantile",0.45,11
2026-05-23,"39",1,"wk inc flu hosp",2026-05-30,"quantile",0.5,13
2026-05-23,"39",1,"wk inc flu hosp",2026-05-30,"quantile",0.55,14
2026-05-23,"39",1,"wk inc flu hosp",2026-05-30,"quantile",0.6,15
2026-05-23,"39",1,"wk inc flu hosp",2026-05-30,"quantile",0.65,16
2026-05-23,"39",1,"wk inc flu hosp",2026-05-30,"quantile",0.7,18
2026-05-23,"39",1,"wk inc flu hosp",2026-05-30,"quantile",0.75,20
2026-05-23,"39",1,"wk inc flu hosp",2026-05-30,"quantile",0.8,23
2026-05-23,"39",1,"wk inc flu hosp",2026-05-30,"quantile",0.85,27
2026-05-23,"39",1,"wk inc flu hosp",2026-05-30,"quantile",0.9,33
2026-05-23,"39",1,"wk inc flu hosp",2026-05-30,"quantile",0.95,41
2026-05-23,"39",1,"wk inc flu hosp",2026-05-30,"quantile",0.975,57
2026-05-23,"39",1,"wk inc flu hosp",2026-05-30,"quantile",0.99,73
2026-05-23,"40",0,"wk inc flu hosp",2026-05-23,"quantile",0.01,0
2026-05-23,"40",0,"wk inc flu hosp",2026-05-23,"quantile",0.025,1
2026-05-23,"40",0,"wk inc flu hosp",2026-05-23,"quantile",0.05,2
2026-05-23,"40",0,"wk inc flu hosp",2026-05-23,"quantile",0.1,3
2026-05-23,"40",0,"wk inc flu hosp",2026-05-23,"quantile",0.15,4
2026-05-23,"40",0,"wk inc flu hosp",2026-05-23,"quantile",0.2,5
2026-05-23,"40",0,"wk inc flu hosp",2026-05-23,"quantile",0.25,6
2026-05-23,"40",0,"wk inc flu hosp",2026-05-23,"quantile",0.3,7
2026-05-23,"40",0,"wk inc flu hosp",2026-05-23,"quantile",0.35,7
2026-05-23,"40",0,"wk inc flu hosp",2026-05-23,"quantile",0.4,8
2026-05-23,"40",0,"wk inc flu hosp",2026-05-23,"quantile",0.45,8
2026-05-23,"40",0,"wk inc flu hosp",2026-05-23,"quantile",0.5,10
2026-05-23,"40",0,"wk inc flu hosp",2026-05-23,"quantile",0.55,10
2026-05-23,"40",0,"wk inc flu hosp",2026-05-23,"quantile",0.6,11
2026-05-23,"40",0,"wk inc flu hosp",2026-05-23,"quantile",0.65,12
2026-05-23,"40",0,"wk inc flu hosp",2026-05-23,"quantile",0.7,12
2026-05-23,"40",0,"wk inc flu hosp",2026-05-23,"quantile",0.75,14
2026-05-23,"40",0,"wk inc flu hosp",2026-05-23,"quantile",0.8,15
2026-05-23,"40",0,"wk inc flu hosp",2026-05-23,"quantile",0.85,17
2026-05-23,"40",0,"wk inc flu hosp",2026-05-23,"quantile",0.9,19
2026-05-23,"40",0,"wk inc flu hosp",2026-05-23,"quantile",0.95,23
2026-05-23,"40",0,"wk inc flu hosp",2026-05-23,"quantile",0.975,28
2026-05-23,"40",0,"wk inc flu hosp",2026-05-23,"quantile",0.99,31
2026-05-23,"40",1,"wk inc flu hosp",2026-05-30,"quantile",0.01,0
2026-05-23,"40",1,"wk inc flu hosp",2026-05-30,"quantile",0.025,1
2026-05-23,"40",1,"wk inc flu hosp",2026-05-30,"quantile",0.05,1
2026-05-23,"40",1,"wk inc flu hosp",2026-05-30,"quantile",0.1,3
2026-05-23,"40",1,"wk inc flu hosp",2026-05-30,"quantile",0.15,4
2026-05-23,"40",1,"wk inc flu hosp",2026-05-30,"quantile",0.2,4
2026-05-23,"40",1,"wk inc flu hosp",2026-05-30,"quantile",0.25,5
2026-05-23,"40",1,"wk inc flu hosp",2026-05-30,"quantile",0.3,6
2026-05-23,"40",1,"wk inc flu hosp",2026-05-30,"quantile",0.35,7
2026-05-23,"40",1,"wk inc flu hosp",2026-05-30,"quantile",0.4,7
2026-05-23,"40",1,"wk inc flu hosp",2026-05-30,"quantile",0.45,8
2026-05-23,"40",1,"wk inc flu hosp",2026-05-30,"quantile",0.5,10
2026-05-23,"40",1,"wk inc flu hosp",2026-05-30,"quantile",0.55,10
2026-05-23,"40",1,"wk inc flu hosp",2026-05-30,"quantile",0.6,11
2026-05-23,"40",1,"wk inc flu hosp",2026-05-30,"quantile",0.65,12
2026-05-23,"40",1,"wk inc flu hosp",2026-05-30,"quantile",0.7,13
2026-05-23,"40",1,"wk inc flu hosp",2026-05-30,"quantile",0.75,14
2026-05-23,"40",1,"wk inc flu hosp",2026-05-30,"quantile",0.8,16
2026-05-23,"40",1,"wk inc flu hosp",2026-05-30,"quantile",0.85,18
2026-05-23,"40",1,"wk inc flu hosp",2026-05-30,"quantile",0.9,20
2026-05-23,"40",1,"wk inc flu hosp",2026-05-30,"quantile",0.95,25
2026-05-23,"40",1,"wk inc flu hosp",2026-05-30,"quantile",0.975,31
2026-05-23,"40",1,"wk inc flu hosp",2026-05-30,"quantile",0.99,36
2026-05-23,"41",0,"wk inc flu hosp",2026-05-23,"quantile",0.01,1
2026-05-23,"41",0,"wk inc flu hosp",2026-05-23,"quantile",0.025,2
2026-05-23,"41",0,"wk inc flu hosp",2026-05-23,"quantile",0.05,3
2026-05-23,"41",0,"wk inc flu hosp",2026-05-23,"quantile",0.1,3
2026-05-23,"41",0,"wk inc flu hosp",2026-05-23,"quantile",0.15,4
2026-05-23,"41",0,"wk inc flu hosp",2026-05-23,"quantile",0.2,5
2026-05-23,"41",0,"wk inc flu hosp",2026-05-23,"quantile",0.25,6
2026-05-23,"41",0,"wk inc flu hosp",2026-05-23,"quantile",0.3,6
2026-05-23,"41",0,"wk inc flu hosp",2026-05-23,"quantile",0.35,7
2026-05-23,"41",0,"wk inc flu hosp",2026-05-23,"quantile",0.4,8
2026-05-23,"41",0,"wk inc flu hosp",2026-05-23,"quantile",0.45,8
2026-05-23,"41",0,"wk inc flu hosp",2026-05-23,"quantile",0.5,10
2026-05-23,"41",0,"wk inc flu hosp",2026-05-23,"quantile",0.55,11
2026-05-23,"41",0,"wk inc flu hosp",2026-05-23,"quantile",0.6,11
2026-05-23,"41",0,"wk inc flu hosp",2026-05-23,"quantile",0.65,12
2026-05-23,"41",0,"wk inc flu hosp",2026-05-23,"quantile",0.7,12
2026-05-23,"41",0,"wk inc flu hosp",2026-05-23,"quantile",0.75,13
2026-05-23,"41",0,"wk inc flu hosp",2026-05-23,"quantile",0.8,14
2026-05-23,"41",0,"wk inc flu hosp",2026-05-23,"quantile",0.85,15
2026-05-23,"41",0,"wk inc flu hosp",2026-05-23,"quantile",0.9,18
2026-05-23,"41",0,"wk inc flu hosp",2026-05-23,"quantile",0.95,21
2026-05-23,"41",0,"wk inc flu hosp",2026-05-23,"quantile",0.975,27
2026-05-23,"41",0,"wk inc flu hosp",2026-05-23,"quantile",0.99,34
2026-05-23,"41",1,"wk inc flu hosp",2026-05-30,"quantile",0.01,0
2026-05-23,"41",1,"wk inc flu hosp",2026-05-30,"quantile",0.025,0
2026-05-23,"41",1,"wk inc flu hosp",2026-05-30,"quantile",0.05,1
2026-05-23,"41",1,"wk inc flu hosp",2026-05-30,"quantile",0.1,2
2026-05-23,"41",1,"wk inc flu hosp",2026-05-30,"quantile",0.15,3
2026-05-23,"41",1,"wk inc flu hosp",2026-05-30,"quantile",0.2,4
2026-05-23,"41",1,"wk inc flu hosp",2026-05-30,"quantile",0.25,5
2026-05-23,"41",1,"wk inc flu hosp",2026-05-30,"quantile",0.3,5
2026-05-23,"41",1,"wk inc flu hosp",2026-05-30,"quantile",0.35,6
2026-05-23,"41",1,"wk inc flu hosp",2026-05-30,"quantile",0.4,7
2026-05-23,"41",1,"wk inc flu hosp",2026-05-30,"quantile",0.45,8
2026-05-23,"41",1,"wk inc flu hosp",2026-05-30,"quantile",0.5,9
2026-05-23,"41",1,"wk inc flu hosp",2026-05-30,"quantile",0.55,10
2026-05-23,"41",1,"wk inc flu hosp",2026-05-30,"quantile",0.6,11
2026-05-23,"41",1,"wk inc flu hosp",2026-05-30,"quantile",0.65,11
2026-05-23,"41",1,"wk inc flu hosp",2026-05-30,"quantile",0.7,12
2026-05-23,"41",1,"wk inc flu hosp",2026-05-30,"quantile",0.75,13
2026-05-23,"41",1,"wk inc flu hosp",2026-05-30,"quantile",0.8,14
2026-05-23,"41",1,"wk inc flu hosp",2026-05-30,"quantile",0.85,15
2026-05-23,"41",1,"wk inc flu hosp",2026-05-30,"quantile",0.9,18
2026-05-23,"41",1,"wk inc flu hosp",2026-05-30,"quantile",0.95,23
2026-05-23,"41",1,"wk inc flu hosp",2026-05-30,"quantile",0.975,30
2026-05-23,"41",1,"wk inc flu hosp",2026-05-30,"quantile",0.99,43
2026-05-23,"42",0,"wk inc flu hosp",2026-05-23,"quantile",0.01,38
2026-05-23,"42",0,"wk inc flu hosp",2026-05-23,"quantile",0.025,52
2026-05-23,"42",0,"wk inc flu hosp",2026-05-23,"quantile",0.05,58
2026-05-23,"42",0,"wk inc flu hosp",2026-05-23,"quantile",0.1,68
2026-05-23,"42",0,"wk inc flu hosp",2026-05-23,"quantile",0.15,78
2026-05-23,"42",0,"wk inc flu hosp",2026-05-23,"quantile",0.2,87
2026-05-23,"42",0,"wk inc flu hosp",2026-05-23,"quantile",0.25,94
2026-05-23,"42",0,"wk inc flu hosp",2026-05-23,"quantile",0.3,101
2026-05-23,"42",0,"wk inc flu hosp",2026-05-23,"quantile",0.35,108
2026-05-23,"42",0,"wk inc flu hosp",2026-05-23,"quantile",0.4,114
2026-05-23,"42",0,"wk inc flu hosp",2026-05-23,"quantile",0.45,121
2026-05-23,"42",0,"wk inc flu hosp",2026-05-23,"quantile",0.5,125
2026-05-23,"42",0,"wk inc flu hosp",2026-05-23,"quantile",0.55,133
2026-05-23,"42",0,"wk inc flu hosp",2026-05-23,"quantile",0.6,139
2026-05-23,"42",0,"wk inc flu hosp",2026-05-23,"quantile",0.65,143
2026-05-23,"42",0,"wk inc flu hosp",2026-05-23,"quantile",0.7,149
2026-05-23,"42",0,"wk inc flu hosp",2026-05-23,"quantile",0.75,154
2026-05-23,"42",0,"wk inc flu hosp",2026-05-23,"quantile",0.8,162
2026-05-23,"42",0,"wk inc flu hosp",2026-05-23,"quantile",0.85,170
2026-05-23,"42",0,"wk inc flu hosp",2026-05-23,"quantile",0.9,183
2026-05-23,"42",0,"wk inc flu hosp",2026-05-23,"quantile",0.95,206
2026-05-23,"42",0,"wk inc flu hosp",2026-05-23,"quantile",0.975,226
2026-05-23,"42",0,"wk inc flu hosp",2026-05-23,"quantile",0.99,271
2026-05-23,"42",1,"wk inc flu hosp",2026-05-30,"quantile",0.01,34
2026-05-23,"42",1,"wk inc flu hosp",2026-05-30,"quantile",0.025,41
2026-05-23,"42",1,"wk inc flu hosp",2026-05-30,"quantile",0.05,52
2026-05-23,"42",1,"wk inc flu hosp",2026-05-30,"quantile",0.1,63
2026-05-23,"42",1,"wk inc flu hosp",2026-05-30,"quantile",0.15,68
2026-05-23,"42",1,"wk inc flu hosp",2026-05-30,"quantile",0.2,76
2026-05-23,"42",1,"wk inc flu hosp",2026-05-30,"quantile",0.25,83
2026-05-23,"42",1,"wk inc flu hosp",2026-05-30,"quantile",0.3,90
2026-05-23,"42",1,"wk inc flu hosp",2026-05-30,"quantile",0.35,96
2026-05-23,"42",1,"wk inc flu hosp",2026-05-30,"quantile",0.4,102
2026-05-23,"42",1,"wk inc flu hosp",2026-05-30,"quantile",0.45,108
2026-05-23,"42",1,"wk inc flu hosp",2026-05-30,"quantile",0.5,117
2026-05-23,"42",1,"wk inc flu hosp",2026-05-30,"quantile",0.55,126
2026-05-23,"42",1,"wk inc flu hosp",2026-05-30,"quantile",0.6,132
2026-05-23,"42",1,"wk inc flu hosp",2026-05-30,"quantile",0.65,138
2026-05-23,"42",1,"wk inc flu hosp",2026-05-30,"quantile",0.7,144
2026-05-23,"42",1,"wk inc flu hosp",2026-05-30,"quantile",0.75,150
2026-05-23,"42",1,"wk inc flu hosp",2026-05-30,"quantile",0.8,158
2026-05-23,"42",1,"wk inc flu hosp",2026-05-30,"quantile",0.85,167
2026-05-23,"42",1,"wk inc flu hosp",2026-05-30,"quantile",0.9,184
2026-05-23,"42",1,"wk inc flu hosp",2026-05-30,"quantile",0.95,219
2026-05-23,"42",1,"wk inc flu hosp",2026-05-30,"quantile",0.975,249
2026-05-23,"42",1,"wk inc flu hosp",2026-05-30,"quantile",0.99,297
2026-05-23,"44",0,"wk inc flu hosp",2026-05-23,"quantile",0.01,0
2026-05-23,"44",0,"wk inc flu hosp",2026-05-23,"quantile",0.025,0
2026-05-23,"44",0,"wk inc flu hosp",2026-05-23,"quantile",0.05,0
2026-05-23,"44",0,"wk inc flu hosp",2026-05-23,"quantile",0.1,1
2026-05-23,"44",0,"wk inc flu hosp",2026-05-23,"quantile",0.15,2
2026-05-23,"44",0,"wk inc flu hosp",2026-05-23,"quantile",0.2,2
2026-05-23,"44",0,"wk inc flu hosp",2026-05-23,"quantile",0.25,2
2026-05-23,"44",0,"wk inc flu hosp",2026-05-23,"quantile",0.3,3
2026-05-23,"44",0,"wk inc flu hosp",2026-05-23,"quantile",0.35,3
2026-05-23,"44",0,"wk inc flu hosp",2026-05-23,"quantile",0.4,4
2026-05-23,"44",0,"wk inc flu hosp",2026-05-23,"quantile",0.45,4
2026-05-23,"44",0,"wk inc flu hosp",2026-05-23,"quantile",0.5,6
2026-05-23,"44",0,"wk inc flu hosp",2026-05-23,"quantile",0.55,6
2026-05-23,"44",0,"wk inc flu hosp",2026-05-23,"quantile",0.6,7
2026-05-23,"44",0,"wk inc flu hosp",2026-05-23,"quantile",0.65,7
2026-05-23,"44",0,"wk inc flu hosp",2026-05-23,"quantile",0.7,8
2026-05-23,"44",0,"wk inc flu hosp",2026-05-23,"quantile",0.75,8
2026-05-23,"44",0,"wk inc flu hosp",2026-05-23,"quantile",0.8,9
2026-05-23,"44",0,"wk inc flu hosp",2026-05-23,"quantile",0.85,10
2026-05-23,"44",0,"wk inc flu hosp",2026-05-23,"quantile",0.9,11
2026-05-23,"44",0,"wk inc flu hosp",2026-05-23,"quantile",0.95,14
2026-05-23,"44",0,"wk inc flu hosp",2026-05-23,"quantile",0.975,16
2026-05-23,"44",0,"wk inc flu hosp",2026-05-23,"quantile",0.99,19
2026-05-23,"44",1,"wk inc flu hosp",2026-05-30,"quantile",0.01,0
2026-05-23,"44",1,"wk inc flu hosp",2026-05-30,"quantile",0.025,0
2026-05-23,"44",1,"wk inc flu hosp",2026-05-30,"quantile",0.05,0
2026-05-23,"44",1,"wk inc flu hosp",2026-05-30,"quantile",0.1,1
2026-05-23,"44",1,"wk inc flu hosp",2026-05-30,"quantile",0.15,1
2026-05-23,"44",1,"wk inc flu hosp",2026-05-30,"quantile",0.2,1
2026-05-23,"44",1,"wk inc flu hosp",2026-05-30,"quantile",0.25,2
2026-05-23,"44",1,"wk inc flu hosp",2026-05-30,"quantile",0.3,2
2026-05-23,"44",1,"wk inc flu hosp",2026-05-30,"quantile",0.35,3
2026-05-23,"44",1,"wk inc flu hosp",2026-05-30,"quantile",0.4,3
2026-05-23,"44",1,"wk inc flu hosp",2026-05-30,"quantile",0.45,4
2026-05-23,"44",1,"wk inc flu hosp",2026-05-30,"quantile",0.5,5
2026-05-23,"44",1,"wk inc flu hosp",2026-05-30,"quantile",0.55,5
2026-05-23,"44",1,"wk inc flu hosp",2026-05-30,"quantile",0.6,6
2026-05-23,"44",1,"wk inc flu hosp",2026-05-30,"quantile",0.65,7
2026-05-23,"44",1,"wk inc flu hosp",2026-05-30,"quantile",0.7,7
2026-05-23,"44",1,"wk inc flu hosp",2026-05-30,"quantile",0.75,8
2026-05-23,"44",1,"wk inc flu hosp",2026-05-30,"quantile",0.8,9
2026-05-23,"44",1,"wk inc flu hosp",2026-05-30,"quantile",0.85,10
2026-05-23,"44",1,"wk inc flu hosp",2026-05-30,"quantile",0.9,12
2026-05-23,"44",1,"wk inc flu hosp",2026-05-30,"quantile",0.95,16
2026-05-23,"44",1,"wk inc flu hosp",2026-05-30,"quantile",0.975,18
2026-05-23,"44",1,"wk inc flu hosp",2026-05-30,"quantile",0.99,21
2026-05-23,"45",0,"wk inc flu hosp",2026-05-23,"quantile",0.01,0
2026-05-23,"45",0,"wk inc flu hosp",2026-05-23,"quantile",0.025,1
2026-05-23,"45",0,"wk inc flu hosp",2026-05-23,"quantile",0.05,1
2026-05-23,"45",0,"wk inc flu hosp",2026-05-23,"quantile",0.1,2
2026-05-23,"45",0,"wk inc flu hosp",2026-05-23,"quantile",0.15,3
2026-05-23,"45",0,"wk inc flu hosp",2026-05-23,"quantile",0.2,4
2026-05-23,"45",0,"wk inc flu hosp",2026-05-23,"quantile",0.25,4
2026-05-23,"45",0,"wk inc flu hosp",2026-05-23,"quantile",0.3,5
2026-05-23,"45",0,"wk inc flu hosp",2026-05-23,"quantile",0.35,6
2026-05-23,"45",0,"wk inc flu hosp",2026-05-23,"quantile",0.4,6
2026-05-23,"45",0,"wk inc flu hosp",2026-05-23,"quantile",0.45,7
2026-05-23,"45",0,"wk inc flu hosp",2026-05-23,"quantile",0.5,8
2026-05-23,"45",0,"wk inc flu hosp",2026-05-23,"quantile",0.55,8
2026-05-23,"45",0,"wk inc flu hosp",2026-05-23,"quantile",0.6,9
2026-05-23,"45",0,"wk inc flu hosp",2026-05-23,"quantile",0.65,9
2026-05-23,"45",0,"wk inc flu hosp",2026-05-23,"quantile",0.7,10
2026-05-23,"45",0,"wk inc flu hosp",2026-05-23,"quantile",0.75,11
2026-05-23,"45",0,"wk inc flu hosp",2026-05-23,"quantile",0.8,12
2026-05-23,"45",0,"wk inc flu hosp",2026-05-23,"quantile",0.85,14
2026-05-23,"45",0,"wk inc flu hosp",2026-05-23,"quantile",0.9,16
2026-05-23,"45",0,"wk inc flu hosp",2026-05-23,"quantile",0.95,21
2026-05-23,"45",0,"wk inc flu hosp",2026-05-23,"quantile",0.975,26
2026-05-23,"45",0,"wk inc flu hosp",2026-05-23,"quantile",0.99,34
2026-05-23,"45",1,"wk inc flu hosp",2026-05-30,"quantile",0.01,0
2026-05-23,"45",1,"wk inc flu hosp",2026-05-30,"quantile",0.025,0
2026-05-23,"45",1,"wk inc flu hosp",2026-05-30,"quantile",0.05,1
2026-05-23,"45",1,"wk inc flu hosp",2026-05-30,"quantile",0.1,2
2026-05-23,"45",1,"wk inc flu hosp",2026-05-30,"quantile",0.15,2
2026-05-23,"45",1,"wk inc flu hosp",2026-05-30,"quantile",0.2,3
2026-05-23,"45",1,"wk inc flu hosp",2026-05-30,"quantile",0.25,4
2026-05-23,"45",1,"wk inc flu hosp",2026-05-30,"quantile",0.3,4
2026-05-23,"45",1,"wk inc flu hosp",2026-05-30,"quantile",0.35,5
2026-05-23,"45",1,"wk inc flu hosp",2026-05-30,"quantile",0.4,6
2026-05-23,"45",1,"wk inc flu hosp",2026-05-30,"quantile",0.45,6
2026-05-23,"45",1,"wk inc flu hosp",2026-05-30,"quantile",0.5,8
2026-05-23,"45",1,"wk inc flu hosp",2026-05-30,"quantile",0.55,9
2026-05-23,"45",1,"wk inc flu hosp",2026-05-30,"quantile",0.6,9
2026-05-23,"45",1,"wk inc flu hosp",2026-05-30,"quantile",0.65,10
2026-05-23,"45",1,"wk inc flu hosp",2026-05-30,"quantile",0.7,11
2026-05-23,"45",1,"wk inc flu hosp",2026-05-30,"quantile",0.75,12
2026-05-23,"45",1,"wk inc flu hosp",2026-05-30,"quantile",0.8,13
2026-05-23,"45",1,"wk inc flu hosp",2026-05-30,"quantile",0.85,15
2026-05-23,"45",1,"wk inc flu hosp",2026-05-30,"quantile",0.9,17
2026-05-23,"45",1,"wk inc flu hosp",2026-05-30,"quantile",0.95,20
2026-05-23,"45",1,"wk inc flu hosp",2026-05-30,"quantile",0.975,27
2026-05-23,"45",1,"wk inc flu hosp",2026-05-30,"quantile",0.99,38
2026-05-23,"46",0,"wk inc flu hosp",2026-05-23,"quantile",0.01,0
2026-05-23,"46",0,"wk inc flu hosp",2026-05-23,"quantile",0.025,0
2026-05-23,"46",0,"wk inc flu hosp",2026-05-23,"quantile",0.05,0
2026-05-23,"46",0,"wk inc flu hosp",2026-05-23,"quantile",0.1,0
2026-05-23,"46",0,"wk inc flu hosp",2026-05-23,"quantile",0.15,0
2026-05-23,"46",0,"wk inc flu hosp",2026-05-23,"quantile",0.2,1
2026-05-23,"46",0,"wk inc flu hosp",2026-05-23,"quantile",0.25,1
2026-05-23,"46",0,"wk inc flu hosp",2026-05-23,"quantile",0.3,1
2026-05-23,"46",0,"wk inc flu hosp",2026-05-23,"quantile",0.35,2
2026-05-23,"46",0,"wk inc flu hosp",2026-05-23,"quantile",0.4,2
2026-05-23,"46",0,"wk inc flu hosp",2026-05-23,"quantile",0.45,2
2026-05-23,"46",0,"wk inc flu hosp",2026-05-23,"quantile",0.5,2
2026-05-23,"46",0,"wk inc flu hosp",2026-05-23,"quantile",0.55,3
2026-05-23,"46",0,"wk inc flu hosp",2026-05-23,"quantile",0.6,3
2026-05-23,"46",0,"wk inc flu hosp",2026-05-23,"quantile",0.65,3
2026-05-23,"46",0,"wk inc flu hosp",2026-05-23,"quantile",0.7,4
2026-05-23,"46",0,"wk inc flu hosp",2026-05-23,"quantile",0.75,4
2026-05-23,"46",0,"wk inc flu hosp",2026-05-23,"quantile",0.8,5
2026-05-23,"46",0,"wk inc flu hosp",2026-05-23,"quantile",0.85,5
2026-05-23,"46",0,"wk inc flu hosp",2026-05-23,"quantile",0.9,6
2026-05-23,"46",0,"wk inc flu hosp",2026-05-23,"quantile",0.95,7
2026-05-23,"46",0,"wk inc flu hosp",2026-05-23,"quantile",0.975,10
2026-05-23,"46",0,"wk inc flu hosp",2026-05-23,"quantile",0.99,13
2026-05-23,"46",1,"wk inc flu hosp",2026-05-30,"quantile",0.01,0
2026-05-23,"46",1,"wk inc flu hosp",2026-05-30,"quantile",0.025,0
2026-05-23,"46",1,"wk inc flu hosp",2026-05-30,"quantile",0.05,0
2026-05-23,"46",1,"wk inc flu hosp",2026-05-30,"quantile",0.1,0
2026-05-23,"46",1,"wk inc flu hosp",2026-05-30,"quantile",0.15,0
2026-05-23,"46",1,"wk inc flu hosp",2026-05-30,"quantile",0.2,1
2026-05-23,"46",1,"wk inc flu hosp",2026-05-30,"quantile",0.25,1
2026-05-23,"46",1,"wk inc flu hosp",2026-05-30,"quantile",0.3,1
2026-05-23,"46",1,"wk inc flu hosp",2026-05-30,"quantile",0.35,1
2026-05-23,"46",1,"wk inc flu hosp",2026-05-30,"quantile",0.4,1
2026-05-23,"46",1,"wk inc flu hosp",2026-05-30,"quantile",0.45,1
2026-05-23,"46",1,"wk inc flu hosp",2026-05-30,"quantile",0.5,2
2026-05-23,"46",1,"wk inc flu hosp",2026-05-30,"quantile",0.55,2
2026-05-23,"46",1,"wk inc flu hosp",2026-05-30,"quantile",0.6,2
2026-05-23,"46",1,"wk inc flu hosp",2026-05-30,"quantile",0.65,3
2026-05-23,"46",1,"wk inc flu hosp",2026-05-30,"quantile",0.7,3
2026-05-23,"46",1,"wk inc flu hosp",2026-05-30,"quantile",0.75,4
2026-05-23,"46",1,"wk inc flu hosp",2026-05-30,"quantile",0.8,4
2026-05-23,"46",1,"wk inc flu hosp",2026-05-30,"quantile",0.85,5
2026-05-23,"46",1,"wk inc flu hosp",2026-05-30,"quantile",0.9,6
2026-05-23,"46",1,"wk inc flu hosp",2026-05-30,"quantile",0.95,8
2026-05-23,"46",1,"wk inc flu hosp",2026-05-30,"quantile",0.975,8
2026-05-23,"46",1,"wk inc flu hosp",2026-05-30,"quantile",0.99,13
2026-05-23,"47",0,"wk inc flu hosp",2026-05-23,"quantile",0.01,10
2026-05-23,"47",0,"wk inc flu hosp",2026-05-23,"quantile",0.025,11
2026-05-23,"47",0,"wk inc flu hosp",2026-05-23,"quantile",0.05,13
2026-05-23,"47",0,"wk inc flu hosp",2026-05-23,"quantile",0.1,17
2026-05-23,"47",0,"wk inc flu hosp",2026-05-23,"quantile",0.15,19
2026-05-23,"47",0,"wk inc flu hosp",2026-05-23,"quantile",0.2,21
2026-05-23,"47",0,"wk inc flu hosp",2026-05-23,"quantile",0.25,23
2026-05-23,"47",0,"wk inc flu hosp",2026-05-23,"quantile",0.3,25
2026-05-23,"47",0,"wk inc flu hosp",2026-05-23,"quantile",0.35,26
2026-05-23,"47",0,"wk inc flu hosp",2026-05-23,"quantile",0.4,28
2026-05-23,"47",0,"wk inc flu hosp",2026-05-23,"quantile",0.45,29
2026-05-23,"47",0,"wk inc flu hosp",2026-05-23,"quantile",0.5,32
2026-05-23,"47",0,"wk inc flu hosp",2026-05-23,"quantile",0.55,33
2026-05-23,"47",0,"wk inc flu hosp",2026-05-23,"quantile",0.6,35
2026-05-23,"47",0,"wk inc flu hosp",2026-05-23,"quantile",0.65,37
2026-05-23,"47",0,"wk inc flu hosp",2026-05-23,"quantile",0.7,39
2026-05-23,"47",0,"wk inc flu hosp",2026-05-23,"quantile",0.75,41
2026-05-23,"47",0,"wk inc flu hosp",2026-05-23,"quantile",0.8,44
2026-05-23,"47",0,"wk inc flu hosp",2026-05-23,"quantile",0.85,48
2026-05-23,"47",0,"wk inc flu hosp",2026-05-23,"quantile",0.9,52
2026-05-23,"47",0,"wk inc flu hosp",2026-05-23,"quantile",0.95,61
2026-05-23,"47",0,"wk inc flu hosp",2026-05-23,"quantile",0.975,65
2026-05-23,"47",0,"wk inc flu hosp",2026-05-23,"quantile",0.99,78
2026-05-23,"47",1,"wk inc flu hosp",2026-05-30,"quantile",0.01,6
2026-05-23,"47",1,"wk inc flu hosp",2026-05-30,"quantile",0.025,9
2026-05-23,"47",1,"wk inc flu hosp",2026-05-30,"quantile",0.05,11
2026-05-23,"47",1,"wk inc flu hosp",2026-05-30,"quantile",0.1,14
2026-05-23,"47",1,"wk inc flu hosp",2026-05-30,"quantile",0.15,16
2026-05-23,"47",1,"wk inc flu hosp",2026-05-30,"quantile",0.2,18
2026-05-23,"47",1,"wk inc flu hosp",2026-05-30,"quantile",0.25,19
2026-05-23,"47",1,"wk inc flu hosp",2026-05-30,"quantile",0.3,22
2026-05-23,"47",1,"wk inc flu hosp",2026-05-30,"quantile",0.35,24
2026-05-23,"47",1,"wk inc flu hosp",2026-05-30,"quantile",0.4,25
2026-05-23,"47",1,"wk inc flu hosp",2026-05-30,"quantile",0.45,27
2026-05-23,"47",1,"wk inc flu hosp",2026-05-30,"quantile",0.5,30
2026-05-23,"47",1,"wk inc flu hosp",2026-05-30,"quantile",0.55,31
2026-05-23,"47",1,"wk inc flu hosp",2026-05-30,"quantile",0.6,34
2026-05-23,"47",1,"wk inc flu hosp",2026-05-30,"quantile",0.65,36
2026-05-23,"47",1,"wk inc flu hosp",2026-05-30,"quantile",0.7,38
2026-05-23,"47",1,"wk inc flu hosp",2026-05-30,"quantile",0.75,41
2026-05-23,"47",1,"wk inc flu hosp",2026-05-30,"quantile",0.8,43
2026-05-23,"47",1,"wk inc flu hosp",2026-05-30,"quantile",0.85,48
2026-05-23,"47",1,"wk inc flu hosp",2026-05-30,"quantile",0.9,53
2026-05-23,"47",1,"wk inc flu hosp",2026-05-30,"quantile",0.95,60
2026-05-23,"47",1,"wk inc flu hosp",2026-05-30,"quantile",0.975,68
2026-05-23,"47",1,"wk inc flu hosp",2026-05-30,"quantile",0.99,76
2026-05-23,"48",0,"wk inc flu hosp",2026-05-23,"quantile",0.01,32
2026-05-23,"48",0,"wk inc flu hosp",2026-05-23,"quantile",0.025,39
2026-05-23,"48",0,"wk inc flu hosp",2026-05-23,"quantile",0.05,47
2026-05-23,"48",0,"wk inc flu hosp",2026-05-23,"quantile",0.1,56
2026-05-23,"48",0,"wk inc flu hosp",2026-05-23,"quantile",0.15,64
2026-05-23,"48",0,"wk inc flu hosp",2026-05-23,"quantile",0.2,71
2026-05-23,"48",0,"wk inc flu hosp",2026-05-23,"quantile",0.25,77
2026-05-23,"48",0,"wk inc flu hosp",2026-05-23,"quantile",0.3,82
2026-05-23,"48",0,"wk inc flu hosp",2026-05-23,"quantile",0.35,88
2026-05-23,"48",0,"wk inc flu hosp",2026-05-23,"quantile",0.4,94
2026-05-23,"48",0,"wk inc flu hosp",2026-05-23,"quantile",0.45,97
2026-05-23,"48",0,"wk inc flu hosp",2026-05-23,"quantile",0.5,106
2026-05-23,"48",0,"wk inc flu hosp",2026-05-23,"quantile",0.55,112
2026-05-23,"48",0,"wk inc flu hosp",2026-05-23,"quantile",0.6,114
2026-05-23,"48",0,"wk inc flu hosp",2026-05-23,"quantile",0.65,120
2026-05-23,"48",0,"wk inc flu hosp",2026-05-23,"quantile",0.7,127
2026-05-23,"48",0,"wk inc flu hosp",2026-05-23,"quantile",0.75,137
2026-05-23,"48",0,"wk inc flu hosp",2026-05-23,"quantile",0.8,149
2026-05-23,"48",0,"wk inc flu hosp",2026-05-23,"quantile",0.85,161
2026-05-23,"48",0,"wk inc flu hosp",2026-05-23,"quantile",0.9,182
2026-05-23,"48",0,"wk inc flu hosp",2026-05-23,"quantile",0.95,204
2026-05-23,"48",0,"wk inc flu hosp",2026-05-23,"quantile",0.975,236
2026-05-23,"48",0,"wk inc flu hosp",2026-05-23,"quantile",0.99,264
2026-05-23,"48",1,"wk inc flu hosp",2026-05-30,"quantile",0.01,26
2026-05-23,"48",1,"wk inc flu hosp",2026-05-30,"quantile",0.025,31
2026-05-23,"48",1,"wk inc flu hosp",2026-05-30,"quantile",0.05,40
2026-05-23,"48",1,"wk inc flu hosp",2026-05-30,"quantile",0.1,48
2026-05-23,"48",1,"wk inc flu hosp",2026-05-30,"quantile",0.15,54
2026-05-23,"48",1,"wk inc flu hosp",2026-05-30,"quantile",0.2,60
2026-05-23,"48",1,"wk inc flu hosp",2026-05-30,"quantile",0.25,67
2026-05-23,"48",1,"wk inc flu hosp",2026-05-30,"quantile",0.3,71
2026-05-23,"48",1,"wk inc flu hosp",2026-05-30,"quantile",0.35,79
2026-05-23,"48",1,"wk inc flu hosp",2026-05-30,"quantile",0.4,85
2026-05-23,"48",1,"wk inc flu hosp",2026-05-30,"quantile",0.45,88
2026-05-23,"48",1,"wk inc flu hosp",2026-05-30,"quantile",0.5,98
2026-05-23,"48",1,"wk inc flu hosp",2026-05-30,"quantile",0.55,107
2026-05-23,"48",1,"wk inc flu hosp",2026-05-30,"quantile",0.6,111
2026-05-23,"48",1,"wk inc flu hosp",2026-05-30,"quantile",0.65,119
2026-05-23,"48",1,"wk inc flu hosp",2026-05-30,"quantile",0.7,130
2026-05-23,"48",1,"wk inc flu hosp",2026-05-30,"quantile",0.75,141
2026-05-23,"48",1,"wk inc flu hosp",2026-05-30,"quantile",0.8,150
2026-05-23,"48",1,"wk inc flu hosp",2026-05-30,"quantile",0.85,165
2026-05-23,"48",1,"wk inc flu hosp",2026-05-30,"quantile",0.9,180
2026-05-23,"48",1,"wk inc flu hosp",2026-05-30,"quantile",0.95,213
2026-05-23,"48",1,"wk inc flu hosp",2026-05-30,"quantile",0.975,251
2026-05-23,"48",1,"wk inc flu hosp",2026-05-30,"quantile",0.99,310
2026-05-23,"49",0,"wk inc flu hosp",2026-05-23,"quantile",0.01,0
2026-05-23,"49",0,"wk inc flu hosp",2026-05-23,"quantile",0.025,0
2026-05-23,"49",0,"wk inc flu hosp",2026-05-23,"quantile",0.05,0
2026-05-23,"49",0,"wk inc flu hosp",2026-05-23,"quantile",0.1,2
2026-05-23,"49",0,"wk inc flu hosp",2026-05-23,"quantile",0.15,2
2026-05-23,"49",0,"wk inc flu hosp",2026-05-23,"quantile",0.2,3
2026-05-23,"49",0,"wk inc flu hosp",2026-05-23,"quantile",0.25,4
2026-05-23,"49",0,"wk inc flu hosp",2026-05-23,"quantile",0.3,4
2026-05-23,"49",0,"wk inc flu hosp",2026-05-23,"quantile",0.35,4
2026-05-23,"49",0,"wk inc flu hosp",2026-05-23,"quantile",0.4,5
2026-05-23,"49",0,"wk inc flu hosp",2026-05-23,"quantile",0.45,5
2026-05-23,"49",0,"wk inc flu hosp",2026-05-23,"quantile",0.5,6
2026-05-23,"49",0,"wk inc flu hosp",2026-05-23,"quantile",0.55,7
2026-05-23,"49",0,"wk inc flu hosp",2026-05-23,"quantile",0.6,7
2026-05-23,"49",0,"wk inc flu hosp",2026-05-23,"quantile",0.65,7
2026-05-23,"49",0,"wk inc flu hosp",2026-05-23,"quantile",0.7,8
2026-05-23,"49",0,"wk inc flu hosp",2026-05-23,"quantile",0.75,9
2026-05-23,"49",0,"wk inc flu hosp",2026-05-23,"quantile",0.8,10
2026-05-23,"49",0,"wk inc flu hosp",2026-05-23,"quantile",0.85,10
2026-05-23,"49",0,"wk inc flu hosp",2026-05-23,"quantile",0.9,12
2026-05-23,"49",0,"wk inc flu hosp",2026-05-23,"quantile",0.95,14
2026-05-23,"49",0,"wk inc flu hosp",2026-05-23,"quantile",0.975,18
2026-05-23,"49",0,"wk inc flu hosp",2026-05-23,"quantile",0.99,21
2026-05-23,"49",1,"wk inc flu hosp",2026-05-30,"quantile",0.01,0
2026-05-23,"49",1,"wk inc flu hosp",2026-05-30,"quantile",0.025,0
2026-05-23,"49",1,"wk inc flu hosp",2026-05-30,"quantile",0.05,0
2026-05-23,"49",1,"wk inc flu hosp",2026-05-30,"quantile",0.1,1
2026-05-23,"49",1,"wk inc flu hosp",2026-05-30,"quantile",0.15,2
2026-05-23,"49",1,"wk inc flu hosp",2026-05-30,"quantile",0.2,2
2026-05-23,"49",1,"wk inc flu hosp",2026-05-30,"quantile",0.25,3
2026-05-23,"49",1,"wk inc flu hosp",2026-05-30,"quantile",0.3,3
2026-05-23,"49",1,"wk inc flu hosp",2026-05-30,"quantile",0.35,4
2026-05-23,"49",1,"wk inc flu hosp",2026-05-30,"quantile",0.4,4
2026-05-23,"49",1,"wk inc flu hosp",2026-05-30,"quantile",0.45,5
2026-05-23,"49",1,"wk inc flu hosp",2026-05-30,"quantile",0.5,6
2026-05-23,"49",1,"wk inc flu hosp",2026-05-30,"quantile",0.55,6
2026-05-23,"49",1,"wk inc flu hosp",2026-05-30,"quantile",0.6,7
2026-05-23,"49",1,"wk inc flu hosp",2026-05-30,"quantile",0.65,7
2026-05-23,"49",1,"wk inc flu hosp",2026-05-30,"quantile",0.7,8
2026-05-23,"49",1,"wk inc flu hosp",2026-05-30,"quantile",0.75,8
2026-05-23,"49",1,"wk inc flu hosp",2026-05-30,"quantile",0.8,9
2026-05-23,"49",1,"wk inc flu hosp",2026-05-30,"quantile",0.85,10
2026-05-23,"49",1,"wk inc flu hosp",2026-05-30,"quantile",0.9,11
2026-05-23,"49",1,"wk inc flu hosp",2026-05-30,"quantile",0.95,14
2026-05-23,"49",1,"wk inc flu hosp",2026-05-30,"quantile",0.975,19
2026-05-23,"49",1,"wk inc flu hosp",2026-05-30,"quantile",0.99,23
2026-05-23,"50",0,"wk inc flu hosp",2026-05-23,"quantile",0.01,0
2026-05-23,"50",0,"wk inc flu hosp",2026-05-23,"quantile",0.025,0
2026-05-23,"50",0,"wk inc flu hosp",2026-05-23,"quantile",0.05,0
2026-05-23,"50",0,"wk inc flu hosp",2026-05-23,"quantile",0.1,0
2026-05-23,"50",0,"wk inc flu hosp",2026-05-23,"quantile",0.15,0
2026-05-23,"50",0,"wk inc flu hosp",2026-05-23,"quantile",0.2,0
2026-05-23,"50",0,"wk inc flu hosp",2026-05-23,"quantile",0.25,0
2026-05-23,"50",0,"wk inc flu hosp",2026-05-23,"quantile",0.3,0
2026-05-23,"50",0,"wk inc flu hosp",2026-05-23,"quantile",0.35,0
2026-05-23,"50",0,"wk inc flu hosp",2026-05-23,"quantile",0.4,0
2026-05-23,"50",0,"wk inc flu hosp",2026-05-23,"quantile",0.45,0
2026-05-23,"50",0,"wk inc flu hosp",2026-05-23,"quantile",0.5,1
2026-05-23,"50",0,"wk inc flu hosp",2026-05-23,"quantile",0.55,1
2026-05-23,"50",0,"wk inc flu hosp",2026-05-23,"quantile",0.6,1
2026-05-23,"50",0,"wk inc flu hosp",2026-05-23,"quantile",0.65,1
2026-05-23,"50",0,"wk inc flu hosp",2026-05-23,"quantile",0.7,1
2026-05-23,"50",0,"wk inc flu hosp",2026-05-23,"quantile",0.75,1
2026-05-23,"50",0,"wk inc flu hosp",2026-05-23,"quantile",0.8,2
2026-05-23,"50",0,"wk inc flu hosp",2026-05-23,"quantile",0.85,2
2026-05-23,"50",0,"wk inc flu hosp",2026-05-23,"quantile",0.9,2
2026-05-23,"50",0,"wk inc flu hosp",2026-05-23,"quantile",0.95,3
2026-05-23,"50",0,"wk inc flu hosp",2026-05-23,"quantile",0.975,3
2026-05-23,"50",0,"wk inc flu hosp",2026-05-23,"quantile",0.99,5
2026-05-23,"50",1,"wk inc flu hosp",2026-05-30,"quantile",0.01,0
2026-05-23,"50",1,"wk inc flu hosp",2026-05-30,"quantile",0.025,0
2026-05-23,"50",1,"wk inc flu hosp",2026-05-30,"quantile",0.05,0
2026-05-23,"50",1,"wk inc flu hosp",2026-05-30,"quantile",0.1,0
2026-05-23,"50",1,"wk inc flu hosp",2026-05-30,"quantile",0.15,0
2026-05-23,"50",1,"wk inc flu hosp",2026-05-30,"quantile",0.2,0
2026-05-23,"50",1,"wk inc flu hosp",2026-05-30,"quantile",0.25,0
2026-05-23,"50",1,"wk inc flu hosp",2026-05-30,"quantile",0.3,0
2026-05-23,"50",1,"wk inc flu hosp",2026-05-30,"quantile",0.35,0
2026-05-23,"50",1,"wk inc flu hosp",2026-05-30,"quantile",0.4,0
2026-05-23,"50",1,"wk inc flu hosp",2026-05-30,"quantile",0.45,0
2026-05-23,"50",1,"wk inc flu hosp",2026-05-30,"quantile",0.5,1
2026-05-23,"50",1,"wk inc flu hosp",2026-05-30,"quantile",0.55,1
2026-05-23,"50",1,"wk inc flu hosp",2026-05-30,"quantile",0.6,1
2026-05-23,"50",1,"wk inc flu hosp",2026-05-30,"quantile",0.65,1
2026-05-23,"50",1,"wk inc flu hosp",2026-05-30,"quantile",0.7,1
2026-05-23,"50",1,"wk inc flu hosp",2026-05-30,"quantile",0.75,1
2026-05-23,"50",1,"wk inc flu hosp",2026-05-30,"quantile",0.8,1
2026-05-23,"50",1,"wk inc flu hosp",2026-05-30,"quantile",0.85,2
2026-05-23,"50",1,"wk inc flu hosp",2026-05-30,"quantile",0.9,2
2026-05-23,"50",1,"wk inc flu hosp",2026-05-30,"quantile",0.95,3
2026-05-23,"50",1,"wk inc flu hosp",2026-05-30,"quantile",0.975,4
2026-05-23,"50",1,"wk inc flu hosp",2026-05-30,"quantile",0.99,5
2026-05-23,"51",0,"wk inc flu hosp",2026-05-23,"quantile",0.01,2
2026-05-23,"51",0,"wk inc flu hosp",2026-05-23,"quantile",0.025,3
2026-05-23,"51",0,"wk inc flu hosp",2026-05-23,"quantile",0.05,5
2026-05-23,"51",0,"wk inc flu hosp",2026-05-23,"quantile",0.1,7
2026-05-23,"51",0,"wk inc flu hosp",2026-05-23,"quantile",0.15,9
2026-05-23,"51",0,"wk inc flu hosp",2026-05-23,"quantile",0.2,11
2026-05-23,"51",0,"wk inc flu hosp",2026-05-23,"quantile",0.25,11
2026-05-23,"51",0,"wk inc flu hosp",2026-05-23,"quantile",0.3,13
2026-05-23,"51",0,"wk inc flu hosp",2026-05-23,"quantile",0.35,14
2026-05-23,"51",0,"wk inc flu hosp",2026-05-23,"quantile",0.4,15
2026-05-23,"51",0,"wk inc flu hosp",2026-05-23,"quantile",0.45,16
2026-05-23,"51",0,"wk inc flu hosp",2026-05-23,"quantile",0.5,18
2026-05-23,"51",0,"wk inc flu hosp",2026-05-23,"quantile",0.55,19
2026-05-23,"51",0,"wk inc flu hosp",2026-05-23,"quantile",0.6,20
2026-05-23,"51",0,"wk inc flu hosp",2026-05-23,"quantile",0.65,21
2026-05-23,"51",0,"wk inc flu hosp",2026-05-23,"quantile",0.7,22
2026-05-23,"51",0,"wk inc flu hosp",2026-05-23,"quantile",0.75,24
2026-05-23,"51",0,"wk inc flu hosp",2026-05-23,"quantile",0.8,26
2026-05-23,"51",0,"wk inc flu hosp",2026-05-23,"quantile",0.85,29
2026-05-23,"51",0,"wk inc flu hosp",2026-05-23,"quantile",0.9,32
2026-05-23,"51",0,"wk inc flu hosp",2026-05-23,"quantile",0.95,38
2026-05-23,"51",0,"wk inc flu hosp",2026-05-23,"quantile",0.975,46
2026-05-23,"51",0,"wk inc flu hosp",2026-05-23,"quantile",0.99,57
2026-05-23,"51",1,"wk inc flu hosp",2026-05-30,"quantile",0.01,1
2026-05-23,"51",1,"wk inc flu hosp",2026-05-30,"quantile",0.025,3
2026-05-23,"51",1,"wk inc flu hosp",2026-05-30,"quantile",0.05,4
2026-05-23,"51",1,"wk inc flu hosp",2026-05-30,"quantile",0.1,5
2026-05-23,"51",1,"wk inc flu hosp",2026-05-30,"quantile",0.15,7
2026-05-23,"51",1,"wk inc flu hosp",2026-05-30,"quantile",0.2,9
2026-05-23,"51",1,"wk inc flu hosp",2026-05-30,"quantile",0.25,10
2026-05-23,"51",1,"wk inc flu hosp",2026-05-30,"quantile",0.3,11
2026-05-23,"51",1,"wk inc flu hosp",2026-05-30,"quantile",0.35,12
2026-05-23,"51",1,"wk inc flu hosp",2026-05-30,"quantile",0.4,13
2026-05-23,"51",1,"wk inc flu hosp",2026-05-30,"quantile",0.45,15
2026-05-23,"51",1,"wk inc flu hosp",2026-05-30,"quantile",0.5,17
2026-05-23,"51",1,"wk inc flu hosp",2026-05-30,"quantile",0.55,18
2026-05-23,"51",1,"wk inc flu hosp",2026-05-30,"quantile",0.6,19
2026-05-23,"51",1,"wk inc flu hosp",2026-05-30,"quantile",0.65,20
2026-05-23,"51",1,"wk inc flu hosp",2026-05-30,"quantile",0.7,21
2026-05-23,"51",1,"wk inc flu hosp",2026-05-30,"quantile",0.75,24
2026-05-23,"51",1,"wk inc flu hosp",2026-05-30,"quantile",0.8,26
2026-05-23,"51",1,"wk inc flu hosp",2026-05-30,"quantile",0.85,28
2026-05-23,"51",1,"wk inc flu hosp",2026-05-30,"quantile",0.9,36
2026-05-23,"51",1,"wk inc flu hosp",2026-05-30,"quantile",0.95,43
2026-05-23,"51",1,"wk inc flu hosp",2026-05-30,"quantile",0.975,51
2026-05-23,"51",1,"wk inc flu hosp",2026-05-30,"quantile",0.99,62
2026-05-23,"53",0,"wk inc flu hosp",2026-05-23,"quantile",0.01,7
2026-05-23,"53",0,"wk inc flu hosp",2026-05-23,"quantile",0.025,9
2026-05-23,"53",0,"wk inc flu hosp",2026-05-23,"quantile",0.05,12
2026-05-23,"53",0,"wk inc flu hosp",2026-05-23,"quantile",0.1,14
2026-05-23,"53",0,"wk inc flu hosp",2026-05-23,"quantile",0.15,16
2026-05-23,"53",0,"wk inc flu hosp",2026-05-23,"quantile",0.2,17
2026-05-23,"53",0,"wk inc flu hosp",2026-05-23,"quantile",0.25,18
2026-05-23,"53",0,"wk inc flu hosp",2026-05-23,"quantile",0.3,20
2026-05-23,"53",0,"wk inc flu hosp",2026-05-23,"quantile",0.35,21
2026-05-23,"53",0,"wk inc flu hosp",2026-05-23,"quantile",0.4,22
2026-05-23,"53",0,"wk inc flu hosp",2026-05-23,"quantile",0.45,23
2026-05-23,"53",0,"wk inc flu hosp",2026-05-23,"quantile",0.5,25
2026-05-23,"53",0,"wk inc flu hosp",2026-05-23,"quantile",0.55,26
2026-05-23,"53",0,"wk inc flu hosp",2026-05-23,"quantile",0.6,27
2026-05-23,"53",0,"wk inc flu hosp",2026-05-23,"quantile",0.65,28
2026-05-23,"53",0,"wk inc flu hosp",2026-05-23,"quantile",0.7,29
2026-05-23,"53",0,"wk inc flu hosp",2026-05-23,"quantile",0.75,30
2026-05-23,"53",0,"wk inc flu hosp",2026-05-23,"quantile",0.8,32
2026-05-23,"53",0,"wk inc flu hosp",2026-05-23,"quantile",0.85,35
2026-05-23,"53",0,"wk inc flu hosp",2026-05-23,"quantile",0.9,38
2026-05-23,"53",0,"wk inc flu hosp",2026-05-23,"quantile",0.95,43
2026-05-23,"53",0,"wk inc flu hosp",2026-05-23,"quantile",0.975,49
2026-05-23,"53",0,"wk inc flu hosp",2026-05-23,"quantile",0.99,57
2026-05-23,"53",1,"wk inc flu hosp",2026-05-30,"quantile",0.01,4
2026-05-23,"53",1,"wk inc flu hosp",2026-05-30,"quantile",0.025,6
2026-05-23,"53",1,"wk inc flu hosp",2026-05-30,"quantile",0.05,8
2026-05-23,"53",1,"wk inc flu hosp",2026-05-30,"quantile",0.1,10
2026-05-23,"53",1,"wk inc flu hosp",2026-05-30,"quantile",0.15,12
2026-05-23,"53",1,"wk inc flu hosp",2026-05-30,"quantile",0.2,14
2026-05-23,"53",1,"wk inc flu hosp",2026-05-30,"quantile",0.25,15
2026-05-23,"53",1,"wk inc flu hosp",2026-05-30,"quantile",0.3,17
2026-05-23,"53",1,"wk inc flu hosp",2026-05-30,"quantile",0.35,18
2026-05-23,"53",1,"wk inc flu hosp",2026-05-30,"quantile",0.4,19
2026-05-23,"53",1,"wk inc flu hosp",2026-05-30,"quantile",0.45,21
2026-05-23,"53",1,"wk inc flu hosp",2026-05-30,"quantile",0.5,23
2026-05-23,"53",1,"wk inc flu hosp",2026-05-30,"quantile",0.55,24
2026-05-23,"53",1,"wk inc flu hosp",2026-05-30,"quantile",0.6,25
2026-05-23,"53",1,"wk inc flu hosp",2026-05-30,"quantile",0.65,26
2026-05-23,"53",1,"wk inc flu hosp",2026-05-30,"quantile",0.7,27
2026-05-23,"53",1,"wk inc flu hosp",2026-05-30,"quantile",0.75,29
2026-05-23,"53",1,"wk inc flu hosp",2026-05-30,"quantile",0.8,29
2026-05-23,"53",1,"wk inc flu hosp",2026-05-30,"quantile",0.85,31
2026-05-23,"53",1,"wk inc flu hosp",2026-05-30,"quantile",0.9,35
2026-05-23,"53",1,"wk inc flu hosp",2026-05-30,"quantile",0.95,43
2026-05-23,"53",1,"wk inc flu hosp",2026-05-30,"quantile",0.975,49
2026-05-23,"53",1,"wk inc flu hosp",2026-05-30,"quantile",0.99,61
2026-05-23,"54",0,"wk inc flu hosp",2026-05-23,"quantile",0.01,0
2026-05-23,"54",0,"wk inc flu hosp",2026-05-23,"quantile",0.025,0
2026-05-23,"54",0,"wk inc flu hosp",2026-05-23,"quantile",0.05,0
2026-05-23,"54",0,"wk inc flu hosp",2026-05-23,"quantile",0.1,0
2026-05-23,"54",0,"wk inc flu hosp",2026-05-23,"quantile",0.15,1
2026-05-23,"54",0,"wk inc flu hosp",2026-05-23,"quantile",0.2,1
2026-05-23,"54",0,"wk inc flu hosp",2026-05-23,"quantile",0.25,1
2026-05-23,"54",0,"wk inc flu hosp",2026-05-23,"quantile",0.3,2
2026-05-23,"54",0,"wk inc flu hosp",2026-05-23,"quantile",0.35,2
2026-05-23,"54",0,"wk inc flu hosp",2026-05-23,"quantile",0.4,3
2026-05-23,"54",0,"wk inc flu hosp",2026-05-23,"quantile",0.45,3
2026-05-23,"54",0,"wk inc flu hosp",2026-05-23,"quantile",0.5,4
2026-05-23,"54",0,"wk inc flu hosp",2026-05-23,"quantile",0.55,4
2026-05-23,"54",0,"wk inc flu hosp",2026-05-23,"quantile",0.6,5
2026-05-23,"54",0,"wk inc flu hosp",2026-05-23,"quantile",0.65,5
2026-05-23,"54",0,"wk inc flu hosp",2026-05-23,"quantile",0.7,6
2026-05-23,"54",0,"wk inc flu hosp",2026-05-23,"quantile",0.75,7
2026-05-23,"54",0,"wk inc flu hosp",2026-05-23,"quantile",0.8,7
2026-05-23,"54",0,"wk inc flu hosp",2026-05-23,"quantile",0.85,8
2026-05-23,"54",0,"wk inc flu hosp",2026-05-23,"quantile",0.9,9
2026-05-23,"54",0,"wk inc flu hosp",2026-05-23,"quantile",0.95,13
2026-05-23,"54",0,"wk inc flu hosp",2026-05-23,"quantile",0.975,14
2026-05-23,"54",0,"wk inc flu hosp",2026-05-23,"quantile",0.99,20
2026-05-23,"54",1,"wk inc flu hosp",2026-05-30,"quantile",0.01,0
2026-05-23,"54",1,"wk inc flu hosp",2026-05-30,"quantile",0.025,0
2026-05-23,"54",1,"wk inc flu hosp",2026-05-30,"quantile",0.05,0
2026-05-23,"54",1,"wk inc flu hosp",2026-05-30,"quantile",0.1,0
2026-05-23,"54",1,"wk inc flu hosp",2026-05-30,"quantile",0.15,0
2026-05-23,"54",1,"wk inc flu hosp",2026-05-30,"quantile",0.2,1
2026-05-23,"54",1,"wk inc flu hosp",2026-05-30,"quantile",0.25,1
2026-05-23,"54",1,"wk inc flu hosp",2026-05-30,"quantile",0.3,1
2026-05-23,"54",1,"wk inc flu hosp",2026-05-30,"quantile",0.35,1
2026-05-23,"54",1,"wk inc flu hosp",2026-05-30,"quantile",0.4,2
2026-05-23,"54",1,"wk inc flu hosp",2026-05-30,"quantile",0.45,2
2026-05-23,"54",1,"wk inc flu hosp",2026-05-30,"quantile",0.5,3
2026-05-23,"54",1,"wk inc flu hosp",2026-05-30,"quantile",0.55,4
2026-05-23,"54",1,"wk inc flu hosp",2026-05-30,"quantile",0.6,4
2026-05-23,"54",1,"wk inc flu hosp",2026-05-30,"quantile",0.65,5
2026-05-23,"54",1,"wk inc flu hosp",2026-05-30,"quantile",0.7,5
2026-05-23,"54",1,"wk inc flu hosp",2026-05-30,"quantile",0.75,6
2026-05-23,"54",1,"wk inc flu hosp",2026-05-30,"quantile",0.8,7
2026-05-23,"54",1,"wk inc flu hosp",2026-05-30,"quantile",0.85,9
2026-05-23,"54",1,"wk inc flu hosp",2026-05-30,"quantile",0.9,10
2026-05-23,"54",1,"wk inc flu hosp",2026-05-30,"quantile",0.95,13
2026-05-23,"54",1,"wk inc flu hosp",2026-05-30,"quantile",0.975,17
2026-05-23,"54",1,"wk inc flu hosp",2026-05-30,"quantile",0.99,23
2026-05-23,"55",0,"wk inc flu hosp",2026-05-23,"quantile",0.01,0
2026-05-23,"55",0,"wk inc flu hosp",2026-05-23,"quantile",0.025,0
2026-05-23,"55",0,"wk inc flu hosp",2026-05-23,"quantile",0.05,1
2026-05-23,"55",0,"wk inc flu hosp",2026-05-23,"quantile",0.1,1
2026-05-23,"55",0,"wk inc flu hosp",2026-05-23,"quantile",0.15,2
2026-05-23,"55",0,"wk inc flu hosp",2026-05-23,"quantile",0.2,2
2026-05-23,"55",0,"wk inc flu hosp",2026-05-23,"quantile",0.25,3
2026-05-23,"55",0,"wk inc flu hosp",2026-05-23,"quantile",0.3,4
2026-05-23,"55",0,"wk inc flu hosp",2026-05-23,"quantile",0.35,4
2026-05-23,"55",0,"wk inc flu hosp",2026-05-23,"quantile",0.4,5
2026-05-23,"55",0,"wk inc flu hosp",2026-05-23,"quantile",0.45,5
2026-05-23,"55",0,"wk inc flu hosp",2026-05-23,"quantile",0.5,6
2026-05-23,"55",0,"wk inc flu hosp",2026-05-23,"quantile",0.55,7
2026-05-23,"55",0,"wk inc flu hosp",2026-05-23,"quantile",0.6,7
2026-05-23,"55",0,"wk inc flu hosp",2026-05-23,"quantile",0.65,8
2026-05-23,"55",0,"wk inc flu hosp",2026-05-23,"quantile",0.7,9
2026-05-23,"55",0,"wk inc flu hosp",2026-05-23,"quantile",0.75,10
2026-05-23,"55",0,"wk inc flu hosp",2026-05-23,"quantile",0.8,12
2026-05-23,"55",0,"wk inc flu hosp",2026-05-23,"quantile",0.85,13
2026-05-23,"55",0,"wk inc flu hosp",2026-05-23,"quantile",0.9,14
2026-05-23,"55",0,"wk inc flu hosp",2026-05-23,"quantile",0.95,20
2026-05-23,"55",0,"wk inc flu hosp",2026-05-23,"quantile",0.975,23
2026-05-23,"55",0,"wk inc flu hosp",2026-05-23,"quantile",0.99,33
2026-05-23,"55",1,"wk inc flu hosp",2026-05-30,"quantile",0.01,0
2026-05-23,"55",1,"wk inc flu hosp",2026-05-30,"quantile",0.025,0
2026-05-23,"55",1,"wk inc flu hosp",2026-05-30,"quantile",0.05,0
2026-05-23,"55",1,"wk inc flu hosp",2026-05-30,"quantile",0.1,1
2026-05-23,"55",1,"wk inc flu hosp",2026-05-30,"quantile",0.15,1
2026-05-23,"55",1,"wk inc flu hosp",2026-05-30,"quantile",0.2,2
2026-05-23,"55",1,"wk inc flu hosp",2026-05-30,"quantile",0.25,2
2026-05-23,"55",1,"wk inc flu hosp",2026-05-30,"quantile",0.3,3
2026-05-23,"55",1,"wk inc flu hosp",2026-05-30,"quantile",0.35,4
2026-05-23,"55",1,"wk inc flu hosp",2026-05-30,"quantile",0.4,4
2026-05-23,"55",1,"wk inc flu hosp",2026-05-30,"quantile",0.45,5
2026-05-23,"55",1,"wk inc flu hosp",2026-05-30,"quantile",0.5,6
2026-05-23,"55",1,"wk inc flu hosp",2026-05-30,"quantile",0.55,7
2026-05-23,"55",1,"wk inc flu hosp",2026-05-30,"quantile",0.6,7
2026-05-23,"55",1,"wk inc flu hosp",2026-05-30,"quantile",0.65,8
2026-05-23,"55",1,"wk inc flu hosp",2026-05-30,"quantile",0.7,9
2026-05-23,"55",1,"wk inc flu hosp",2026-05-30,"quantile",0.75,10
2026-05-23,"55",1,"wk inc flu hosp",2026-05-30,"quantile",0.8,11
2026-05-23,"55",1,"wk inc flu hosp",2026-05-30,"quantile",0.85,12
2026-05-23,"55",1,"wk inc flu hosp",2026-05-30,"quantile",0.9,15
2026-05-23,"55",1,"wk inc flu hosp",2026-05-30,"quantile",0.95,20
2026-05-23,"55",1,"wk inc flu hosp",2026-05-30,"quantile",0.975,28
2026-05-23,"55",1,"wk inc flu hosp",2026-05-30,"quantile",0.99,41
2026-05-23,"56",0,"wk inc flu hosp",2026-05-23,"quantile",0.01,0
2026-05-23,"56",0,"wk inc flu hosp",2026-05-23,"quantile",0.025,0
2026-05-23,"56",0,"wk inc flu hosp",2026-05-23,"quantile",0.05,0
2026-05-23,"56",0,"wk inc flu hosp",2026-05-23,"quantile",0.1,1
2026-05-23,"56",0,"wk inc flu hosp",2026-05-23,"quantile",0.15,2
2026-05-23,"56",0,"wk inc flu hosp",2026-05-23,"quantile",0.2,2
2026-05-23,"56",0,"wk inc flu hosp",2026-05-23,"quantile",0.25,3
2026-05-23,"56",0,"wk inc flu hosp",2026-05-23,"quantile",0.3,3
2026-05-23,"56",0,"wk inc flu hosp",2026-05-23,"quantile",0.35,4
2026-05-23,"56",0,"wk inc flu hosp",2026-05-23,"quantile",0.4,4
2026-05-23,"56",0,"wk inc flu hosp",2026-05-23,"quantile",0.45,5
2026-05-23,"56",0,"wk inc flu hosp",2026-05-23,"quantile",0.5,6
2026-05-23,"56",0,"wk inc flu hosp",2026-05-23,"quantile",0.55,6
2026-05-23,"56",0,"wk inc flu hosp",2026-05-23,"quantile",0.6,6
2026-05-23,"56",0,"wk inc flu hosp",2026-05-23,"quantile",0.65,7
2026-05-23,"56",0,"wk inc flu hosp",2026-05-23,"quantile",0.7,7
2026-05-23,"56",0,"wk inc flu hosp",2026-05-23,"quantile",0.75,8
2026-05-23,"56",0,"wk inc flu hosp",2026-05-23,"quantile",0.8,9
2026-05-23,"56",0,"wk inc flu hosp",2026-05-23,"quantile",0.85,10
2026-05-23,"56",0,"wk inc flu hosp",2026-05-23,"quantile",0.9,11
2026-05-23,"56",0,"wk inc flu hosp",2026-05-23,"quantile",0.95,13
2026-05-23,"56",0,"wk inc flu hosp",2026-05-23,"quantile",0.975,16
2026-05-23,"56",0,"wk inc flu hosp",2026-05-23,"quantile",0.99,19
2026-05-23,"56",1,"wk inc flu hosp",2026-05-30,"quantile",0.01,0
2026-05-23,"56",1,"wk inc flu hosp",2026-05-30,"quantile",0.025,0
2026-05-23,"56",1,"wk inc flu hosp",2026-05-30,"quantile",0.05,0
2026-05-23,"56",1,"wk inc flu hosp",2026-05-30,"quantile",0.1,1
2026-05-23,"56",1,"wk inc flu hosp",2026-05-30,"quantile",0.15,1
2026-05-23,"56",1,"wk inc flu hosp",2026-05-30,"quantile",0.2,2
2026-05-23,"56",1,"wk inc flu hosp",2026-05-30,"quantile",0.25,2
2026-05-23,"56",1,"wk inc flu hosp",2026-05-30,"quantile",0.3,3
2026-05-23,"56",1,"wk inc flu hosp",2026-05-30,"quantile",0.35,3
2026-05-23,"56",1,"wk inc flu hosp",2026-05-30,"quantile",0.4,3
2026-05-23,"56",1,"wk inc flu hosp",2026-05-30,"quantile",0.45,4
2026-05-23,"56",1,"wk inc flu hosp",2026-05-30,"quantile",0.5,5
2026-05-23,"56",1,"wk inc flu hosp",2026-05-30,"quantile",0.55,5
2026-05-23,"56",1,"wk inc flu hosp",2026-05-30,"quantile",0.6,6
2026-05-23,"56",1,"wk inc flu hosp",2026-05-30,"quantile",0.65,7
2026-05-23,"56",1,"wk inc flu hosp",2026-05-30,"quantile",0.7,7
2026-05-23,"56",1,"wk inc flu hosp",2026-05-30,"quantile",0.75,8
2026-05-23,"56",1,"wk inc flu hosp",2026-05-30,"quantile",0.8,9
2026-05-23,"56",1,"wk inc flu hosp",2026-05-30,"quantile",0.85,10
2026-05-23,"56",1,"wk inc flu hosp",2026-05-30,"quantile",0.9,11
2026-05-23,"56",1,"wk inc flu hosp",2026-05-30,"quantile",0.95,15
2026-05-23,"56",1,"wk inc flu hosp",2026-05-30,"quantile",0.975,17
2026-05-23,"56",1,"wk inc flu hosp",2026-05-30,"quantile",0.99,21
2026-05-23,"72",0,"wk inc flu hosp",2026-05-23,"quantile",0.01,24
2026-05-23,"72",0,"wk inc flu hosp",2026-05-23,"quantile",0.025,27
2026-05-23,"72",0,"wk inc flu hosp",2026-05-23,"quantile",0.05,32
2026-05-23,"72",0,"wk inc flu hosp",2026-05-23,"quantile",0.1,39
2026-05-23,"72",0,"wk inc flu hosp",2026-05-23,"quantile",0.15,45
2026-05-23,"72",0,"wk inc flu hosp",2026-05-23,"quantile",0.2,49
2026-05-23,"72",0,"wk inc flu hosp",2026-05-23,"quantile",0.25,52
2026-05-23,"72",0,"wk inc flu hosp",2026-05-23,"quantile",0.3,56
2026-05-23,"72",0,"wk inc flu hosp",2026-05-23,"quantile",0.35,59
2026-05-23,"72",0,"wk inc flu hosp",2026-05-23,"quantile",0.4,63
2026-05-23,"72",0,"wk inc flu hosp",2026-05-23,"quantile",0.45,66
2026-05-23,"72",0,"wk inc flu hosp",2026-05-23,"quantile",0.5,69
2026-05-23,"72",0,"wk inc flu hosp",2026-05-23,"quantile",0.55,74
2026-05-23,"72",0,"wk inc flu hosp",2026-05-23,"quantile",0.6,77
2026-05-23,"72",0,"wk inc flu hosp",2026-05-23,"quantile",0.65,82
2026-05-23,"72",0,"wk inc flu hosp",2026-05-23,"quantile",0.7,85
2026-05-23,"72",0,"wk inc flu hosp",2026-05-23,"quantile",0.75,89
2026-05-23,"72",0,"wk inc flu hosp",2026-05-23,"quantile",0.8,95
2026-05-23,"72",0,"wk inc flu hosp",2026-05-23,"quantile",0.85,101
2026-05-23,"72",0,"wk inc flu hosp",2026-05-23,"quantile",0.9,111
2026-05-23,"72",0,"wk inc flu hosp",2026-05-23,"quantile",0.95,128
2026-05-23,"72",0,"wk inc flu hosp",2026-05-23,"quantile",0.975,138
2026-05-23,"72",0,"wk inc flu hosp",2026-05-23,"quantile",0.99,154
2026-05-23,"72",1,"wk inc flu hosp",2026-05-30,"quantile",0.01,18
2026-05-23,"72",1,"wk inc flu hosp",2026-05-30,"quantile",0.025,22
2026-05-23,"72",1,"wk inc flu hosp",2026-05-30,"quantile",0.05,27
2026-05-23,"72",1,"wk inc flu hosp",2026-05-30,"quantile",0.1,33
2026-05-23,"72",1,"wk inc flu hosp",2026-05-30,"quantile",0.15,41
2026-05-23,"72",1,"wk inc flu hosp",2026-05-30,"quantile",0.2,45
2026-05-23,"72",1,"wk inc flu hosp",2026-05-30,"quantile",0.25,49
2026-05-23,"72",1,"wk inc flu hosp",2026-05-30,"quantile",0.3,52
2026-05-23,"72",1,"wk inc flu hosp",2026-05-30,"quantile",0.35,55
2026-05-23,"72",1,"wk inc flu hosp",2026-05-30,"quantile",0.4,59
2026-05-23,"72",1,"wk inc flu hosp",2026-05-30,"quantile",0.45,62
2026-05-23,"72",1,"wk inc flu hosp",2026-05-30,"quantile",0.5,67
2026-05-23,"72",1,"wk inc flu hosp",2026-05-30,"quantile",0.55,71
2026-05-23,"72",1,"wk inc flu hosp",2026-05-30,"quantile",0.6,74
2026-05-23,"72",1,"wk inc flu hosp",2026-05-30,"quantile",0.65,80
2026-05-23,"72",1,"wk inc flu hosp",2026-05-30,"quantile",0.7,83
2026-05-23,"72",1,"wk inc flu hosp",2026-05-30,"quantile",0.75,86
2026-05-23,"72",1,"wk inc flu hosp",2026-05-30,"quantile",0.8,98
2026-05-23,"72",1,"wk inc flu hosp",2026-05-30,"quantile",0.85,105
2026-05-23,"72",1,"wk inc flu hosp",2026-05-30,"quantile",0.9,113
2026-05-23,"72",1,"wk inc flu hosp",2026-05-30,"quantile",0.95,126
2026-05-23,"72",1,"wk inc flu hosp",2026-05-30,"quantile",0.975,152
2026-05-23,"72",1,"wk inc flu hosp",2026-05-30,"quantile",0.99,181
2026-05-23,"US",0,"wk inc flu hosp",2026-05-23,"quantile",0.01,442
2026-05-23,"US",0,"wk inc flu hosp",2026-05-23,"quantile",0.025,532
2026-05-23,"US",0,"wk inc flu hosp",2026-05-23,"quantile",0.05,650
2026-05-23,"US",0,"wk inc flu hosp",2026-05-23,"quantile",0.1,724
2026-05-23,"US",0,"wk inc flu hosp",2026-05-23,"quantile",0.15,785
2026-05-23,"US",0,"wk inc flu hosp",2026-05-23,"quantile",0.2,832
2026-05-23,"US",0,"wk inc flu hosp",2026-05-23,"quantile",0.25,876
2026-05-23,"US",0,"wk inc flu hosp",2026-05-23,"quantile",0.3,930
2026-05-23,"US",0,"wk inc flu hosp",2026-05-23,"quantile",0.35,990
2026-05-23,"US",0,"wk inc flu hosp",2026-05-23,"quantile",0.4,1049
2026-05-23,"US",0,"wk inc flu hosp",2026-05-23,"quantile",0.45,1085
2026-05-23,"US",0,"wk inc flu hosp",2026-05-23,"quantile",0.5,1113
2026-05-23,"US",0,"wk inc flu hosp",2026-05-23,"quantile",0.55,1148
2026-05-23,"US",0,"wk inc flu hosp",2026-05-23,"quantile",0.6,1195
2026-05-23,"US",0,"wk inc flu hosp",2026-05-23,"quantile",0.65,1258
2026-05-23,"US",0,"wk inc flu hosp",2026-05-23,"quantile",0.7,1299
2026-05-23,"US",0,"wk inc flu hosp",2026-05-23,"quantile",0.75,1339
2026-05-23,"US",0,"wk inc flu hosp",2026-05-23,"quantile",0.8,1424
2026-05-23,"US",0,"wk inc flu hosp",2026-05-23,"quantile",0.85,1502
2026-05-23,"US",0,"wk inc flu hosp",2026-05-23,"quantile",0.9,1719
2026-05-23,"US",0,"wk inc flu hosp",2026-05-23,"quantile",0.95,1913
2026-05-23,"US",0,"wk inc flu hosp",2026-05-23,"quantile",0.975,1990
2026-05-23,"US",0,"wk inc flu hosp",2026-05-23,"quantile",0.99,2253
2026-05-23,"US",1,"wk inc flu hosp",2026-05-30,"quantile",0.01,299
2026-05-23,"US",1,"wk inc flu hosp",2026-05-30,"quantile",0.025,383
2026-05-23,"US",1,"wk inc flu hosp",2026-05-30,"quantile",0.05,471
2026-05-23,"US",1,"wk inc flu hosp",2026-05-30,"quantile",0.1,586
2026-05-23,"US",1,"wk inc flu hosp",2026-05-30,"quantile",0.15,626
2026-05-23,"US",1,"wk inc flu hosp",2026-05-30,"quantile",0.2,698
2026-05-23,"US",1,"wk inc flu hosp",2026-05-30,"quantile",0.25,765
2026-05-23,"US",1,"wk inc flu hosp",2026-05-30,"quantile",0.3,861
2026-05-23,"US",1,"wk inc flu hosp",2026-05-30,"quantile",0.35,905
2026-05-23,"US",1,"wk inc flu hosp",2026-05-30,"quantile",0.4,938
2026-05-23,"US",1,"wk inc flu hosp",2026-05-30,"quantile",0.45,966
2026-05-23,"US",1,"wk inc flu hosp",2026-05-30,"quantile",0.5,1022
2026-05-23,"US",1,"wk inc flu hosp",2026-05-30,"quantile",0.55,1036
2026-05-23,"US",1,"wk inc flu hosp",2026-05-30,"quantile",0.6,1103
2026-05-23,"US",1,"wk inc flu hosp",2026-05-30,"quantile",0.65,1165
2026-05-23,"US",1,"wk inc flu hosp",2026-05-30,"quantile",0.7,1234
2026-05-23,"US",1,"wk inc flu hosp",2026-05-30,"quantile",0.75,1310
2026-05-23,"US",1,"wk inc flu hosp",2026-05-30,"quantile",0.8,1385
2026-05-23,"US",1,"wk inc flu hosp",2026-05-30,"quantile",0.85,1523
2026-05-23,"US",1,"wk inc flu hosp",2026-05-30,"quantile",0.9,1660
2026-05-23,"US",1,"wk inc flu hosp",2026-05-30,"quantile",0.95,1900
2026-05-23,"US",1,"wk inc flu hosp",2026-05-30,"quantile",0.975,2054
2026-05-23,"US",1,"wk inc flu hosp",2026-05-30,"quantile",0.99,2244
