reference_date,location,horizon,target,target_end_date,output_type,output_type_id,value
2026-03-14,01,0,wk inc flu hosp,2026-03-14,quantile,0.01,44
2026-03-14,01,0,wk inc flu hosp,2026-03-14,quantile,0.025,54
2026-03-14,01,0,wk inc flu hosp,2026-03-14,quantile,0.05,63
2026-03-14,01,0,wk inc flu hosp,2026-03-14,quantile,0.1,73
2026-03-14,01,0,wk inc flu hosp,2026-03-14,quantile,0.15,80
2026-03-14,01,0,wk inc flu hosp,2026-03-14,quantile,0.2,85
2026-03-14,01,0,wk inc flu hosp,2026-03-14,quantile,0.25,90
2026-03-14,01,0,wk inc flu hosp,2026-03-14,quantile,0.3,95
2026-03-14,01,0,wk inc flu hosp,2026-03-14,quantile,0.35,98
2026-03-14,01,0,wk inc flu hosp,2026-03-14,quantile,0.4,102
2026-03-14,01,0,wk inc flu hosp,2026-03-14,quantile,0.45,105
2026-03-14,01,0,wk inc flu hosp,2026-03-14,quantile,0.5,111
2026-03-14,01,0,wk inc flu hosp,2026-03-14,quantile,0.55,115
2026-03-14,01,0,wk inc flu hosp,2026-03-14,quantile,0.6,119
2026-03-14,01,0,wk inc flu hosp,2026-03-14,quantile,0.65,126
2026-03-14,01,0,wk inc flu hosp,2026-03-14,quantile,0.7,133
2026-03-14,01,0,wk inc flu hosp,2026-03-14,quantile,0.75,143
2026-03-14,01,0,wk inc flu hosp,2026-03-14,quantile,0.8,153
2026-03-14,01,0,wk inc flu hosp,2026-03-14,quantile,0.85,163
2026-03-14,01,0,wk inc flu hosp,2026-03-14,quantile,0.9,175
2026-03-14,01,0,wk inc flu hosp,2026-03-14,quantile,0.95,192
2026-03-14,01,0,wk inc flu hosp,2026-03-14,quantile,0.975,213
2026-03-14,01,0,wk inc flu hosp,2026-03-14,quantile,0.99,239
2026-03-14,01,1,wk inc flu hosp,2026-03-21,quantile,0.01,25
2026-03-14,01,1,wk inc flu hosp,2026-03-21,quantile,0.025,32
2026-03-14,01,1,wk inc flu hosp,2026-03-21,quantile,0.05,40
2026-03-14,01,1,wk inc flu hosp,2026-03-21,quantile,0.1,50
2026-03-14,01,1,wk inc flu hosp,2026-03-21,quantile,0.15,58
2026-03-14,01,1,wk inc flu hosp,2026-03-21,quantile,0.2,63
2026-03-14,01,1,wk inc flu hosp,2026-03-21,quantile,0.25,68
2026-03-14,01,1,wk inc flu hosp,2026-03-21,quantile,0.3,71
2026-03-14,01,1,wk inc flu hosp,2026-03-21,quantile,0.35,76
2026-03-14,01,1,wk inc flu hosp,2026-03-21,quantile,0.4,80
2026-03-14,01,1,wk inc flu hosp,2026-03-21,quantile,0.45,86
2026-03-14,01,1,wk inc flu hosp,2026-03-21,quantile,0.5,93
2026-03-14,01,1,wk inc flu hosp,2026-03-21,quantile,0.55,99
2026-03-14,01,1,wk inc flu hosp,2026-03-21,quantile,0.6,104
2026-03-14,01,1,wk inc flu hosp,2026-03-21,quantile,0.65,110
2026-03-14,01,1,wk inc flu hosp,2026-03-21,quantile,0.7,116
2026-03-14,01,1,wk inc flu hosp,2026-03-21,quantile,0.75,126
2026-03-14,01,1,wk inc flu hosp,2026-03-21,quantile,0.8,138
2026-03-14,01,1,wk inc flu hosp,2026-03-21,quantile,0.85,157
2026-03-14,01,1,wk inc flu hosp,2026-03-21,quantile,0.9,170
2026-03-14,01,1,wk inc flu hosp,2026-03-21,quantile,0.95,194
2026-03-14,01,1,wk inc flu hosp,2026-03-21,quantile,0.975,220
2026-03-14,01,1,wk inc flu hosp,2026-03-21,quantile,0.99,259
2026-03-14,01,2,wk inc flu hosp,2026-03-28,quantile,0.01,16
2026-03-14,01,2,wk inc flu hosp,2026-03-28,quantile,0.025,22
2026-03-14,01,2,wk inc flu hosp,2026-03-28,quantile,0.05,27
2026-03-14,01,2,wk inc flu hosp,2026-03-28,quantile,0.1,38
2026-03-14,01,2,wk inc flu hosp,2026-03-28,quantile,0.15,43
2026-03-14,01,2,wk inc flu hosp,2026-03-28,quantile,0.2,47
2026-03-14,01,2,wk inc flu hosp,2026-03-28,quantile,0.25,53
2026-03-14,01,2,wk inc flu hosp,2026-03-28,quantile,0.3,56
2026-03-14,01,2,wk inc flu hosp,2026-03-28,quantile,0.35,62
2026-03-14,01,2,wk inc flu hosp,2026-03-28,quantile,0.4,68
2026-03-14,01,2,wk inc flu hosp,2026-03-28,quantile,0.45,75
2026-03-14,01,2,wk inc flu hosp,2026-03-28,quantile,0.5,82
2026-03-14,01,2,wk inc flu hosp,2026-03-28,quantile,0.55,86
2026-03-14,01,2,wk inc flu hosp,2026-03-28,quantile,0.6,95
2026-03-14,01,2,wk inc flu hosp,2026-03-28,quantile,0.65,100
2026-03-14,01,2,wk inc flu hosp,2026-03-28,quantile,0.7,107
2026-03-14,01,2,wk inc flu hosp,2026-03-28,quantile,0.75,114
2026-03-14,01,2,wk inc flu hosp,2026-03-28,quantile,0.8,125
2026-03-14,01,2,wk inc flu hosp,2026-03-28,quantile,0.85,141
2026-03-14,01,2,wk inc flu hosp,2026-03-28,quantile,0.9,160
2026-03-14,01,2,wk inc flu hosp,2026-03-28,quantile,0.95,192
2026-03-14,01,2,wk inc flu hosp,2026-03-28,quantile,0.975,229
2026-03-14,01,2,wk inc flu hosp,2026-03-28,quantile,0.99,275
2026-03-14,01,3,wk inc flu hosp,2026-04-04,quantile,0.01,8
2026-03-14,01,3,wk inc flu hosp,2026-04-04,quantile,0.025,14
2026-03-14,01,3,wk inc flu hosp,2026-04-04,quantile,0.05,19
2026-03-14,01,3,wk inc flu hosp,2026-04-04,quantile,0.1,27
2026-03-14,01,3,wk inc flu hosp,2026-04-04,quantile,0.15,31
2026-03-14,01,3,wk inc flu hosp,2026-04-04,quantile,0.2,36
2026-03-14,01,3,wk inc flu hosp,2026-04-04,quantile,0.25,39
2026-03-14,01,3,wk inc flu hosp,2026-04-04,quantile,0.3,45
2026-03-14,01,3,wk inc flu hosp,2026-04-04,quantile,0.35,49
2026-03-14,01,3,wk inc flu hosp,2026-04-04,quantile,0.4,55
2026-03-14,01,3,wk inc flu hosp,2026-04-04,quantile,0.45,61
2026-03-14,01,3,wk inc flu hosp,2026-04-04,quantile,0.5,66
2026-03-14,01,3,wk inc flu hosp,2026-04-04,quantile,0.55,72
2026-03-14,01,3,wk inc flu hosp,2026-04-04,quantile,0.6,78
2026-03-14,01,3,wk inc flu hosp,2026-04-04,quantile,0.65,84
2026-03-14,01,3,wk inc flu hosp,2026-04-04,quantile,0.7,89
2026-03-14,01,3,wk inc flu hosp,2026-04-04,quantile,0.75,102
2026-03-14,01,3,wk inc flu hosp,2026-04-04,quantile,0.8,114
2026-03-14,01,3,wk inc flu hosp,2026-04-04,quantile,0.85,131
2026-03-14,01,3,wk inc flu hosp,2026-04-04,quantile,0.9,158
2026-03-14,01,3,wk inc flu hosp,2026-04-04,quantile,0.95,193
2026-03-14,01,3,wk inc flu hosp,2026-04-04,quantile,0.975,232
2026-03-14,01,3,wk inc flu hosp,2026-04-04,quantile,0.99,267
2026-03-14,02,0,wk inc flu hosp,2026-03-14,quantile,0.01,1
2026-03-14,02,0,wk inc flu hosp,2026-03-14,quantile,0.025,1
2026-03-14,02,0,wk inc flu hosp,2026-03-14,quantile,0.05,2
2026-03-14,02,0,wk inc flu hosp,2026-03-14,quantile,0.1,3
2026-03-14,02,0,wk inc flu hosp,2026-03-14,quantile,0.15,4
2026-03-14,02,0,wk inc flu hosp,2026-03-14,quantile,0.2,4
2026-03-14,02,0,wk inc flu hosp,2026-03-14,quantile,0.25,5
2026-03-14,02,0,wk inc flu hosp,2026-03-14,quantile,0.3,6
2026-03-14,02,0,wk inc flu hosp,2026-03-14,quantile,0.35,7
2026-03-14,02,0,wk inc flu hosp,2026-03-14,quantile,0.4,7
2026-03-14,02,0,wk inc flu hosp,2026-03-14,quantile,0.45,8
2026-03-14,02,0,wk inc flu hosp,2026-03-14,quantile,0.5,10
2026-03-14,02,0,wk inc flu hosp,2026-03-14,quantile,0.55,11
2026-03-14,02,0,wk inc flu hosp,2026-03-14,quantile,0.6,11
2026-03-14,02,0,wk inc flu hosp,2026-03-14,quantile,0.65,12
2026-03-14,02,0,wk inc flu hosp,2026-03-14,quantile,0.7,13
2026-03-14,02,0,wk inc flu hosp,2026-03-14,quantile,0.75,14
2026-03-14,02,0,wk inc flu hosp,2026-03-14,quantile,0.8,15
2026-03-14,02,0,wk inc flu hosp,2026-03-14,quantile,0.85,17
2026-03-14,02,0,wk inc flu hosp,2026-03-14,quantile,0.9,20
2026-03-14,02,0,wk inc flu hosp,2026-03-14,quantile,0.95,24
2026-03-14,02,0,wk inc flu hosp,2026-03-14,quantile,0.975,28
2026-03-14,02,0,wk inc flu hosp,2026-03-14,quantile,0.99,33
2026-03-14,02,1,wk inc flu hosp,2026-03-21,quantile,0.01,0
2026-03-14,02,1,wk inc flu hosp,2026-03-21,quantile,0.025,0
2026-03-14,02,1,wk inc flu hosp,2026-03-21,quantile,0.05,1
2026-03-14,02,1,wk inc flu hosp,2026-03-21,quantile,0.1,2
2026-03-14,02,1,wk inc flu hosp,2026-03-21,quantile,0.15,3
2026-03-14,02,1,wk inc flu hosp,2026-03-21,quantile,0.2,3
2026-03-14,02,1,wk inc flu hosp,2026-03-21,quantile,0.25,4
2026-03-14,02,1,wk inc flu hosp,2026-03-21,quantile,0.3,5
2026-03-14,02,1,wk inc flu hosp,2026-03-21,quantile,0.35,6
2026-03-14,02,1,wk inc flu hosp,2026-03-21,quantile,0.4,7
2026-03-14,02,1,wk inc flu hosp,2026-03-21,quantile,0.45,7
2026-03-14,02,1,wk inc flu hosp,2026-03-21,quantile,0.5,9
2026-03-14,02,1,wk inc flu hosp,2026-03-21,quantile,0.55,10
2026-03-14,02,1,wk inc flu hosp,2026-03-21,quantile,0.6,12
2026-03-14,02,1,wk inc flu hosp,2026-03-21,quantile,0.65,13
2026-03-14,02,1,wk inc flu hosp,2026-03-21,quantile,0.7,14
2026-03-14,02,1,wk inc flu hosp,2026-03-21,quantile,0.75,15
2026-03-14,02,1,wk inc flu hosp,2026-03-21,quantile,0.8,17
2026-03-14,02,1,wk inc flu hosp,2026-03-21,quantile,0.85,20
2026-03-14,02,1,wk inc flu hosp,2026-03-21,quantile,0.9,22
2026-03-14,02,1,wk inc flu hosp,2026-03-21,quantile,0.95,27
2026-03-14,02,1,wk inc flu hosp,2026-03-21,quantile,0.975,33
2026-03-14,02,1,wk inc flu hosp,2026-03-21,quantile,0.99,38
2026-03-14,02,2,wk inc flu hosp,2026-03-28,quantile,0.01,0
2026-03-14,02,2,wk inc flu hosp,2026-03-28,quantile,0.025,0
2026-03-14,02,2,wk inc flu hosp,2026-03-28,quantile,0.05,1
2026-03-14,02,2,wk inc flu hosp,2026-03-28,quantile,0.1,1
2026-03-14,02,2,wk inc flu hosp,2026-03-28,quantile,0.15,2
2026-03-14,02,2,wk inc flu hosp,2026-03-28,quantile,0.2,3
2026-03-14,02,2,wk inc flu hosp,2026-03-28,quantile,0.25,4
2026-03-14,02,2,wk inc flu hosp,2026-03-28,quantile,0.3,4
2026-03-14,02,2,wk inc flu hosp,2026-03-28,quantile,0.35,5
2026-03-14,02,2,wk inc flu hosp,2026-03-28,quantile,0.4,6
2026-03-14,02,2,wk inc flu hosp,2026-03-28,quantile,0.45,7
2026-03-14,02,2,wk inc flu hosp,2026-03-28,quantile,0.5,8
2026-03-14,02,2,wk inc flu hosp,2026-03-28,quantile,0.55,9
2026-03-14,02,2,wk inc flu hosp,2026-03-28,quantile,0.6,10
2026-03-14,02,2,wk inc flu hosp,2026-03-28,quantile,0.65,12
2026-03-14,02,2,wk inc flu hosp,2026-03-28,quantile,0.7,13
2026-03-14,02,2,wk inc flu hosp,2026-03-28,quantile,0.75,14
2026-03-14,02,2,wk inc flu hosp,2026-03-28,quantile,0.8,16
2026-03-14,02,2,wk inc flu hosp,2026-03-28,quantile,0.85,19
2026-03-14,02,2,wk inc flu hosp,2026-03-28,quantile,0.9,23
2026-03-14,02,2,wk inc flu hosp,2026-03-28,quantile,0.95,29
2026-03-14,02,2,wk inc flu hosp,2026-03-28,quantile,0.975,35
2026-03-14,02,2,wk inc flu hosp,2026-03-28,quantile,0.99,46
2026-03-14,02,3,wk inc flu hosp,2026-04-04,quantile,0.01,0
2026-03-14,02,3,wk inc flu hosp,2026-04-04,quantile,0.025,0
2026-03-14,02,3,wk inc flu hosp,2026-04-04,quantile,0.05,1
2026-03-14,02,3,wk inc flu hosp,2026-04-04,quantile,0.1,1
2026-03-14,02,3,wk inc flu hosp,2026-04-04,quantile,0.15,2
2026-03-14,02,3,wk inc flu hosp,2026-04-04,quantile,0.2,2
2026-03-14,02,3,wk inc flu hosp,2026-04-04,quantile,0.25,3
2026-03-14,02,3,wk inc flu hosp,2026-04-04,quantile,0.3,4
2026-03-14,02,3,wk inc flu hosp,2026-04-04,quantile,0.35,5
2026-03-14,02,3,wk inc flu hosp,2026-04-04,quantile,0.4,5
2026-03-14,02,3,wk inc flu hosp,2026-04-04,quantile,0.45,6
2026-03-14,02,3,wk inc flu hosp,2026-04-04,quantile,0.5,7
2026-03-14,02,3,wk inc flu hosp,2026-04-04,quantile,0.55,8
2026-03-14,02,3,wk inc flu hosp,2026-04-04,quantile,0.6,9
2026-03-14,02,3,wk inc flu hosp,2026-04-04,quantile,0.65,10
2026-03-14,02,3,wk inc flu hosp,2026-04-04,quantile,0.7,12
2026-03-14,02,3,wk inc flu hosp,2026-04-04,quantile,0.75,14
2026-03-14,02,3,wk inc flu hosp,2026-04-04,quantile,0.8,15
2026-03-14,02,3,wk inc flu hosp,2026-04-04,quantile,0.85,17
2026-03-14,02,3,wk inc flu hosp,2026-04-04,quantile,0.9,21
2026-03-14,02,3,wk inc flu hosp,2026-04-04,quantile,0.95,28
2026-03-14,02,3,wk inc flu hosp,2026-04-04,quantile,0.975,37
2026-03-14,02,3,wk inc flu hosp,2026-04-04,quantile,0.99,46
2026-03-14,04,0,wk inc flu hosp,2026-03-14,quantile,0.01,82
2026-03-14,04,0,wk inc flu hosp,2026-03-14,quantile,0.025,101
2026-03-14,04,0,wk inc flu hosp,2026-03-14,quantile,0.05,114
2026-03-14,04,0,wk inc flu hosp,2026-03-14,quantile,0.1,129
2026-03-14,04,0,wk inc flu hosp,2026-03-14,quantile,0.15,141
2026-03-14,04,0,wk inc flu hosp,2026-03-14,quantile,0.2,150
2026-03-14,04,0,wk inc flu hosp,2026-03-14,quantile,0.25,160
2026-03-14,04,0,wk inc flu hosp,2026-03-14,quantile,0.3,170
2026-03-14,04,0,wk inc flu hosp,2026-03-14,quantile,0.35,179
2026-03-14,04,0,wk inc flu hosp,2026-03-14,quantile,0.4,185
2026-03-14,04,0,wk inc flu hosp,2026-03-14,quantile,0.45,192
2026-03-14,04,0,wk inc flu hosp,2026-03-14,quantile,0.5,202
2026-03-14,04,0,wk inc flu hosp,2026-03-14,quantile,0.55,210
2026-03-14,04,0,wk inc flu hosp,2026-03-14,quantile,0.6,219
2026-03-14,04,0,wk inc flu hosp,2026-03-14,quantile,0.65,226
2026-03-14,04,0,wk inc flu hosp,2026-03-14,quantile,0.7,235
2026-03-14,04,0,wk inc flu hosp,2026-03-14,quantile,0.75,247
2026-03-14,04,0,wk inc flu hosp,2026-03-14,quantile,0.8,258
2026-03-14,04,0,wk inc flu hosp,2026-03-14,quantile,0.85,275
2026-03-14,04,0,wk inc flu hosp,2026-03-14,quantile,0.9,301
2026-03-14,04,0,wk inc flu hosp,2026-03-14,quantile,0.95,327
2026-03-14,04,0,wk inc flu hosp,2026-03-14,quantile,0.975,357
2026-03-14,04,0,wk inc flu hosp,2026-03-14,quantile,0.99,401
2026-03-14,04,1,wk inc flu hosp,2026-03-21,quantile,0.01,57
2026-03-14,04,1,wk inc flu hosp,2026-03-21,quantile,0.025,67
2026-03-14,04,1,wk inc flu hosp,2026-03-21,quantile,0.05,78
2026-03-14,04,1,wk inc flu hosp,2026-03-21,quantile,0.1,96
2026-03-14,04,1,wk inc flu hosp,2026-03-21,quantile,0.15,110
2026-03-14,04,1,wk inc flu hosp,2026-03-21,quantile,0.2,121
2026-03-14,04,1,wk inc flu hosp,2026-03-21,quantile,0.25,131
2026-03-14,04,1,wk inc flu hosp,2026-03-21,quantile,0.3,139
2026-03-14,04,1,wk inc flu hosp,2026-03-21,quantile,0.35,147
2026-03-14,04,1,wk inc flu hosp,2026-03-21,quantile,0.4,157
2026-03-14,04,1,wk inc flu hosp,2026-03-21,quantile,0.45,166
2026-03-14,04,1,wk inc flu hosp,2026-03-21,quantile,0.5,175
2026-03-14,04,1,wk inc flu hosp,2026-03-21,quantile,0.55,184
2026-03-14,04,1,wk inc flu hosp,2026-03-21,quantile,0.6,195
2026-03-14,04,1,wk inc flu hosp,2026-03-21,quantile,0.65,209
2026-03-14,04,1,wk inc flu hosp,2026-03-21,quantile,0.7,226
2026-03-14,04,1,wk inc flu hosp,2026-03-21,quantile,0.75,244
2026-03-14,04,1,wk inc flu hosp,2026-03-21,quantile,0.8,261
2026-03-14,04,1,wk inc flu hosp,2026-03-21,quantile,0.85,280
2026-03-14,04,1,wk inc flu hosp,2026-03-21,quantile,0.9,307
2026-03-14,04,1,wk inc flu hosp,2026-03-21,quantile,0.95,354
2026-03-14,04,1,wk inc flu hosp,2026-03-21,quantile,0.975,397
2026-03-14,04,1,wk inc flu hosp,2026-03-21,quantile,0.99,461
2026-03-14,04,2,wk inc flu hosp,2026-03-28,quantile,0.01,39
2026-03-14,04,2,wk inc flu hosp,2026-03-28,quantile,0.025,51
2026-03-14,04,2,wk inc flu hosp,2026-03-28,quantile,0.05,67
2026-03-14,04,2,wk inc flu hosp,2026-03-28,quantile,0.1,80
2026-03-14,04,2,wk inc flu hosp,2026-03-28,quantile,0.15,89
2026-03-14,04,2,wk inc flu hosp,2026-03-28,quantile,0.2,96
2026-03-14,04,2,wk inc flu hosp,2026-03-28,quantile,0.25,102
2026-03-14,04,2,wk inc flu hosp,2026-03-28,quantile,0.3,109
2026-03-14,04,2,wk inc flu hosp,2026-03-28,quantile,0.35,121
2026-03-14,04,2,wk inc flu hosp,2026-03-28,quantile,0.4,131
2026-03-14,04,2,wk inc flu hosp,2026-03-28,quantile,0.45,140
2026-03-14,04,2,wk inc flu hosp,2026-03-28,quantile,0.5,153
2026-03-14,04,2,wk inc flu hosp,2026-03-28,quantile,0.55,163
2026-03-14,04,2,wk inc flu hosp,2026-03-28,quantile,0.6,176
2026-03-14,04,2,wk inc flu hosp,2026-03-28,quantile,0.65,190
2026-03-14,04,2,wk inc flu hosp,2026-03-28,quantile,0.7,210
2026-03-14,04,2,wk inc flu hosp,2026-03-28,quantile,0.75,227
2026-03-14,04,2,wk inc flu hosp,2026-03-28,quantile,0.8,243
2026-03-14,04,2,wk inc flu hosp,2026-03-28,quantile,0.85,272
2026-03-14,04,2,wk inc flu hosp,2026-03-28,quantile,0.9,303
2026-03-14,04,2,wk inc flu hosp,2026-03-28,quantile,0.95,361
2026-03-14,04,2,wk inc flu hosp,2026-03-28,quantile,0.975,418
2026-03-14,04,2,wk inc flu hosp,2026-03-28,quantile,0.99,478
2026-03-14,04,3,wk inc flu hosp,2026-04-04,quantile,0.01,29
2026-03-14,04,3,wk inc flu hosp,2026-04-04,quantile,0.025,38
2026-03-14,04,3,wk inc flu hosp,2026-04-04,quantile,0.05,48
2026-03-14,04,3,wk inc flu hosp,2026-04-04,quantile,0.1,57
2026-03-14,04,3,wk inc flu hosp,2026-04-04,quantile,0.15,65
2026-03-14,04,3,wk inc flu hosp,2026-04-04,quantile,0.2,72
2026-03-14,04,3,wk inc flu hosp,2026-04-04,quantile,0.25,82
2026-03-14,04,3,wk inc flu hosp,2026-04-04,quantile,0.3,89
2026-03-14,04,3,wk inc flu hosp,2026-04-04,quantile,0.35,97
2026-03-14,04,3,wk inc flu hosp,2026-04-04,quantile,0.4,109
2026-03-14,04,3,wk inc flu hosp,2026-04-04,quantile,0.45,124
2026-03-14,04,3,wk inc flu hosp,2026-04-04,quantile,0.5,129
2026-03-14,04,3,wk inc flu hosp,2026-04-04,quantile,0.55,138
2026-03-14,04,3,wk inc flu hosp,2026-04-04,quantile,0.6,153
2026-03-14,04,3,wk inc flu hosp,2026-04-04,quantile,0.65,164
2026-03-14,04,3,wk inc flu hosp,2026-04-04,quantile,0.7,182
2026-03-14,04,3,wk inc flu hosp,2026-04-04,quantile,0.75,198
2026-03-14,04,3,wk inc flu hosp,2026-04-04,quantile,0.8,226
2026-03-14,04,3,wk inc flu hosp,2026-04-04,quantile,0.85,250
2026-03-14,04,3,wk inc flu hosp,2026-04-04,quantile,0.9,282
2026-03-14,04,3,wk inc flu hosp,2026-04-04,quantile,0.95,355
2026-03-14,04,3,wk inc flu hosp,2026-04-04,quantile,0.975,400
2026-03-14,04,3,wk inc flu hosp,2026-04-04,quantile,0.99,505
2026-03-14,05,0,wk inc flu hosp,2026-03-14,quantile,0.01,33
2026-03-14,05,0,wk inc flu hosp,2026-03-14,quantile,0.025,38
2026-03-14,05,0,wk inc flu hosp,2026-03-14,quantile,0.05,44
2026-03-14,05,0,wk inc flu hosp,2026-03-14,quantile,0.1,52
2026-03-14,05,0,wk inc flu hosp,2026-03-14,quantile,0.15,60
2026-03-14,05,0,wk inc flu hosp,2026-03-14,quantile,0.2,65
2026-03-14,05,0,wk inc flu hosp,2026-03-14,quantile,0.25,70
2026-03-14,05,0,wk inc flu hosp,2026-03-14,quantile,0.3,73
2026-03-14,05,0,wk inc flu hosp,2026-03-14,quantile,0.35,78
2026-03-14,05,0,wk inc flu hosp,2026-03-14,quantile,0.4,83
2026-03-14,05,0,wk inc flu hosp,2026-03-14,quantile,0.45,87
2026-03-14,05,0,wk inc flu hosp,2026-03-14,quantile,0.5,91
2026-03-14,05,0,wk inc flu hosp,2026-03-14,quantile,0.55,94
2026-03-14,05,0,wk inc flu hosp,2026-03-14,quantile,0.6,98
2026-03-14,05,0,wk inc flu hosp,2026-03-14,quantile,0.65,104
2026-03-14,05,0,wk inc flu hosp,2026-03-14,quantile,0.7,107
2026-03-14,05,0,wk inc flu hosp,2026-03-14,quantile,0.75,111
2026-03-14,05,0,wk inc flu hosp,2026-03-14,quantile,0.8,117
2026-03-14,05,0,wk inc flu hosp,2026-03-14,quantile,0.85,123
2026-03-14,05,0,wk inc flu hosp,2026-03-14,quantile,0.9,135
2026-03-14,05,0,wk inc flu hosp,2026-03-14,quantile,0.95,153
2026-03-14,05,0,wk inc flu hosp,2026-03-14,quantile,0.975,171
2026-03-14,05,0,wk inc flu hosp,2026-03-14,quantile,0.99,192
2026-03-14,05,1,wk inc flu hosp,2026-03-21,quantile,0.01,20
2026-03-14,05,1,wk inc flu hosp,2026-03-21,quantile,0.025,26
2026-03-14,05,1,wk inc flu hosp,2026-03-21,quantile,0.05,31
2026-03-14,05,1,wk inc flu hosp,2026-03-21,quantile,0.1,41
2026-03-14,05,1,wk inc flu hosp,2026-03-21,quantile,0.15,46
2026-03-14,05,1,wk inc flu hosp,2026-03-21,quantile,0.2,50
2026-03-14,05,1,wk inc flu hosp,2026-03-21,quantile,0.25,56
2026-03-14,05,1,wk inc flu hosp,2026-03-21,quantile,0.3,59
2026-03-14,05,1,wk inc flu hosp,2026-03-21,quantile,0.35,64
2026-03-14,05,1,wk inc flu hosp,2026-03-21,quantile,0.4,66
2026-03-14,05,1,wk inc flu hosp,2026-03-21,quantile,0.45,73
2026-03-14,05,1,wk inc flu hosp,2026-03-21,quantile,0.5,78
2026-03-14,05,1,wk inc flu hosp,2026-03-21,quantile,0.55,83
2026-03-14,05,1,wk inc flu hosp,2026-03-21,quantile,0.6,87
2026-03-14,05,1,wk inc flu hosp,2026-03-21,quantile,0.65,92
2026-03-14,05,1,wk inc flu hosp,2026-03-21,quantile,0.7,98
2026-03-14,05,1,wk inc flu hosp,2026-03-21,quantile,0.75,104
2026-03-14,05,1,wk inc flu hosp,2026-03-21,quantile,0.8,113
2026-03-14,05,1,wk inc flu hosp,2026-03-21,quantile,0.85,122
2026-03-14,05,1,wk inc flu hosp,2026-03-21,quantile,0.9,134
2026-03-14,05,1,wk inc flu hosp,2026-03-21,quantile,0.95,161
2026-03-14,05,1,wk inc flu hosp,2026-03-21,quantile,0.975,175
2026-03-14,05,1,wk inc flu hosp,2026-03-21,quantile,0.99,203
2026-03-14,05,2,wk inc flu hosp,2026-03-28,quantile,0.01,14
2026-03-14,05,2,wk inc flu hosp,2026-03-28,quantile,0.025,18
2026-03-14,05,2,wk inc flu hosp,2026-03-28,quantile,0.05,22
2026-03-14,05,2,wk inc flu hosp,2026-03-28,quantile,0.1,31
2026-03-14,05,2,wk inc flu hosp,2026-03-28,quantile,0.15,37
2026-03-14,05,2,wk inc flu hosp,2026-03-28,quantile,0.2,41
2026-03-14,05,2,wk inc flu hosp,2026-03-28,quantile,0.25,43
2026-03-14,05,2,wk inc flu hosp,2026-03-28,quantile,0.3,47
2026-03-14,05,2,wk inc flu hosp,2026-03-28,quantile,0.35,51
2026-03-14,05,2,wk inc flu hosp,2026-03-28,quantile,0.4,58
2026-03-14,05,2,wk inc flu hosp,2026-03-28,quantile,0.45,61
2026-03-14,05,2,wk inc flu hosp,2026-03-28,quantile,0.5,66
2026-03-14,05,2,wk inc flu hosp,2026-03-28,quantile,0.55,70
2026-03-14,05,2,wk inc flu hosp,2026-03-28,quantile,0.6,79
2026-03-14,05,2,wk inc flu hosp,2026-03-28,quantile,0.65,83
2026-03-14,05,2,wk inc flu hosp,2026-03-28,quantile,0.7,89
2026-03-14,05,2,wk inc flu hosp,2026-03-28,quantile,0.75,96
2026-03-14,05,2,wk inc flu hosp,2026-03-28,quantile,0.8,103
2026-03-14,05,2,wk inc flu hosp,2026-03-28,quantile,0.85,115
2026-03-14,05,2,wk inc flu hosp,2026-03-28,quantile,0.9,132
2026-03-14,05,2,wk inc flu hosp,2026-03-28,quantile,0.95,154
2026-03-14,05,2,wk inc flu hosp,2026-03-28,quantile,0.975,180
2026-03-14,05,2,wk inc flu hosp,2026-03-28,quantile,0.99,213
2026-03-14,05,3,wk inc flu hosp,2026-04-04,quantile,0.01,5
2026-03-14,05,3,wk inc flu hosp,2026-04-04,quantile,0.025,11
2026-03-14,05,3,wk inc flu hosp,2026-04-04,quantile,0.05,17
2026-03-14,05,3,wk inc flu hosp,2026-04-04,quantile,0.1,24
2026-03-14,05,3,wk inc flu hosp,2026-04-04,quantile,0.15,27
2026-03-14,05,3,wk inc flu hosp,2026-04-04,quantile,0.2,30
2026-03-14,05,3,wk inc flu hosp,2026-04-04,quantile,0.25,33
2026-03-14,05,3,wk inc flu hosp,2026-04-04,quantile,0.3,36
2026-03-14,05,3,wk inc flu hosp,2026-04-04,quantile,0.35,41
2026-03-14,05,3,wk inc flu hosp,2026-04-04,quantile,0.4,45
2026-03-14,05,3,wk inc flu hosp,2026-04-04,quantile,0.45,49
2026-03-14,05,3,wk inc flu hosp,2026-04-04,quantile,0.5,56
2026-03-14,05,3,wk inc flu hosp,2026-04-04,quantile,0.55,59
2026-03-14,05,3,wk inc flu hosp,2026-04-04,quantile,0.6,67
2026-03-14,05,3,wk inc flu hosp,2026-04-04,quantile,0.65,74
2026-03-14,05,3,wk inc flu hosp,2026-04-04,quantile,0.7,82
2026-03-14,05,3,wk inc flu hosp,2026-04-04,quantile,0.75,90
2026-03-14,05,3,wk inc flu hosp,2026-04-04,quantile,0.8,98
2026-03-14,05,3,wk inc flu hosp,2026-04-04,quantile,0.85,109
2026-03-14,05,3,wk inc flu hosp,2026-04-04,quantile,0.9,125
2026-03-14,05,3,wk inc flu hosp,2026-04-04,quantile,0.95,155
2026-03-14,05,3,wk inc flu hosp,2026-04-04,quantile,0.975,180
2026-03-14,05,3,wk inc flu hosp,2026-04-04,quantile,0.99,217
2026-03-14,06,0,wk inc flu hosp,2026-03-14,quantile,0.01,371
2026-03-14,06,0,wk inc flu hosp,2026-03-14,quantile,0.025,433
2026-03-14,06,0,wk inc flu hosp,2026-03-14,quantile,0.05,485
2026-03-14,06,0,wk inc flu hosp,2026-03-14,quantile,0.1,555
2026-03-14,06,0,wk inc flu hosp,2026-03-14,quantile,0.15,595
2026-03-14,06,0,wk inc flu hosp,2026-03-14,quantile,0.2,622
2026-03-14,06,0,wk inc flu hosp,2026-03-14,quantile,0.25,649
2026-03-14,06,0,wk inc flu hosp,2026-03-14,quantile,0.3,680
2026-03-14,06,0,wk inc flu hosp,2026-03-14,quantile,0.35,704
2026-03-14,06,0,wk inc flu hosp,2026-03-14,quantile,0.4,727
2026-03-14,06,0,wk inc flu hosp,2026-03-14,quantile,0.45,753
2026-03-14,06,0,wk inc flu hosp,2026-03-14,quantile,0.5,786
2026-03-14,06,0,wk inc flu hosp,2026-03-14,quantile,0.55,812
2026-03-14,06,0,wk inc flu hosp,2026-03-14,quantile,0.6,838
2026-03-14,06,0,wk inc flu hosp,2026-03-14,quantile,0.65,868
2026-03-14,06,0,wk inc flu hosp,2026-03-14,quantile,0.7,900
2026-03-14,06,0,wk inc flu hosp,2026-03-14,quantile,0.75,930
2026-03-14,06,0,wk inc flu hosp,2026-03-14,quantile,0.8,971
2026-03-14,06,0,wk inc flu hosp,2026-03-14,quantile,0.85,1008
2026-03-14,06,0,wk inc flu hosp,2026-03-14,quantile,0.9,1061
2026-03-14,06,0,wk inc flu hosp,2026-03-14,quantile,0.95,1131
2026-03-14,06,0,wk inc flu hosp,2026-03-14,quantile,0.975,1227
2026-03-14,06,0,wk inc flu hosp,2026-03-14,quantile,0.99,1330
2026-03-14,06,1,wk inc flu hosp,2026-03-21,quantile,0.01,244
2026-03-14,06,1,wk inc flu hosp,2026-03-21,quantile,0.025,291
2026-03-14,06,1,wk inc flu hosp,2026-03-21,quantile,0.05,344
2026-03-14,06,1,wk inc flu hosp,2026-03-21,quantile,0.1,399
2026-03-14,06,1,wk inc flu hosp,2026-03-21,quantile,0.15,433
2026-03-14,06,1,wk inc flu hosp,2026-03-21,quantile,0.2,467
2026-03-14,06,1,wk inc flu hosp,2026-03-21,quantile,0.25,509
2026-03-14,06,1,wk inc flu hosp,2026-03-21,quantile,0.3,540
2026-03-14,06,1,wk inc flu hosp,2026-03-21,quantile,0.35,561
2026-03-14,06,1,wk inc flu hosp,2026-03-21,quantile,0.4,588
2026-03-14,06,1,wk inc flu hosp,2026-03-21,quantile,0.45,615
2026-03-14,06,1,wk inc flu hosp,2026-03-21,quantile,0.5,648
2026-03-14,06,1,wk inc flu hosp,2026-03-21,quantile,0.55,688
2026-03-14,06,1,wk inc flu hosp,2026-03-21,quantile,0.6,739
2026-03-14,06,1,wk inc flu hosp,2026-03-21,quantile,0.65,777
2026-03-14,06,1,wk inc flu hosp,2026-03-21,quantile,0.7,812
2026-03-14,06,1,wk inc flu hosp,2026-03-21,quantile,0.75,835
2026-03-14,06,1,wk inc flu hosp,2026-03-21,quantile,0.8,897
2026-03-14,06,1,wk inc flu hosp,2026-03-21,quantile,0.85,934
2026-03-14,06,1,wk inc flu hosp,2026-03-21,quantile,0.9,1008
2026-03-14,06,1,wk inc flu hosp,2026-03-21,quantile,0.95,1103
2026-03-14,06,1,wk inc flu hosp,2026-03-21,quantile,0.975,1274
2026-03-14,06,1,wk inc flu hosp,2026-03-21,quantile,0.99,1483
2026-03-14,06,2,wk inc flu hosp,2026-03-28,quantile,0.01,163
2026-03-14,06,2,wk inc flu hosp,2026-03-28,quantile,0.025,180
2026-03-14,06,2,wk inc flu hosp,2026-03-28,quantile,0.05,241
2026-03-14,06,2,wk inc flu hosp,2026-03-28,quantile,0.1,302
2026-03-14,06,2,wk inc flu hosp,2026-03-28,quantile,0.15,326
2026-03-14,06,2,wk inc flu hosp,2026-03-28,quantile,0.2,345
2026-03-14,06,2,wk inc flu hosp,2026-03-28,quantile,0.25,378
2026-03-14,06,2,wk inc flu hosp,2026-03-28,quantile,0.3,415
2026-03-14,06,2,wk inc flu hosp,2026-03-28,quantile,0.35,442
2026-03-14,06,2,wk inc flu hosp,2026-03-28,quantile,0.4,452
2026-03-14,06,2,wk inc flu hosp,2026-03-28,quantile,0.45,494
2026-03-14,06,2,wk inc flu hosp,2026-03-28,quantile,0.5,535
2026-03-14,06,2,wk inc flu hosp,2026-03-28,quantile,0.55,573
2026-03-14,06,2,wk inc flu hosp,2026-03-28,quantile,0.6,608
2026-03-14,06,2,wk inc flu hosp,2026-03-28,quantile,0.65,646
2026-03-14,06,2,wk inc flu hosp,2026-03-28,quantile,0.7,695
2026-03-14,06,2,wk inc flu hosp,2026-03-28,quantile,0.75,794
2026-03-14,06,2,wk inc flu hosp,2026-03-28,quantile,0.8,838
2026-03-14,06,2,wk inc flu hosp,2026-03-28,quantile,0.85,880
2026-03-14,06,2,wk inc flu hosp,2026-03-28,quantile,0.9,980
2026-03-14,06,2,wk inc flu hosp,2026-03-28,quantile,0.95,1200
2026-03-14,06,2,wk inc flu hosp,2026-03-28,quantile,0.975,1364
2026-03-14,06,2,wk inc flu hosp,2026-03-28,quantile,0.99,1598
2026-03-14,06,3,wk inc flu hosp,2026-04-04,quantile,0.01,95
2026-03-14,06,3,wk inc flu hosp,2026-04-04,quantile,0.025,120
2026-03-14,06,3,wk inc flu hosp,2026-04-04,quantile,0.05,172
2026-03-14,06,3,wk inc flu hosp,2026-04-04,quantile,0.1,226
2026-03-14,06,3,wk inc flu hosp,2026-04-04,quantile,0.15,244
2026-03-14,06,3,wk inc flu hosp,2026-04-04,quantile,0.2,266
2026-03-14,06,3,wk inc flu hosp,2026-04-04,quantile,0.25,290
2026-03-14,06,3,wk inc flu hosp,2026-04-04,quantile,0.3,308
2026-03-14,06,3,wk inc flu hosp,2026-04-04,quantile,0.35,326
2026-03-14,06,3,wk inc flu hosp,2026-04-04,quantile,0.4,371
2026-03-14,06,3,wk inc flu hosp,2026-04-04,quantile,0.45,418
2026-03-14,06,3,wk inc flu hosp,2026-04-04,quantile,0.5,446
2026-03-14,06,3,wk inc flu hosp,2026-04-04,quantile,0.55,489
2026-03-14,06,3,wk inc flu hosp,2026-04-04,quantile,0.6,519
2026-03-14,06,3,wk inc flu hosp,2026-04-04,quantile,0.65,553
2026-03-14,06,3,wk inc flu hosp,2026-04-04,quantile,0.7,591
2026-03-14,06,3,wk inc flu hosp,2026-04-04,quantile,0.75,644
2026-03-14,06,3,wk inc flu hosp,2026-04-04,quantile,0.8,728
2026-03-14,06,3,wk inc flu hosp,2026-04-04,quantile,0.85,775
2026-03-14,06,3,wk inc flu hosp,2026-04-04,quantile,0.9,929
2026-03-14,06,3,wk inc flu hosp,2026-04-04,quantile,0.95,1167
2026-03-14,06,3,wk inc flu hosp,2026-04-04,quantile,0.975,1420
2026-03-14,06,3,wk inc flu hosp,2026-04-04,quantile,0.99,1632
2026-03-14,08,0,wk inc flu hosp,2026-03-14,quantile,0.01,30
2026-03-14,08,0,wk inc flu hosp,2026-03-14,quantile,0.025,37
2026-03-14,08,0,wk inc flu hosp,2026-03-14,quantile,0.05,45
2026-03-14,08,0,wk inc flu hosp,2026-03-14,quantile,0.1,53
2026-03-14,08,0,wk inc flu hosp,2026-03-14,quantile,0.15,59
2026-03-14,08,0,wk inc flu hosp,2026-03-14,quantile,0.2,62
2026-03-14,08,0,wk inc flu hosp,2026-03-14,quantile,0.25,66
2026-03-14,08,0,wk inc flu hosp,2026-03-14,quantile,0.3,70
2026-03-14,08,0,wk inc flu hosp,2026-03-14,quantile,0.35,73
2026-03-14,08,0,wk inc flu hosp,2026-03-14,quantile,0.4,78
2026-03-14,08,0,wk inc flu hosp,2026-03-14,quantile,0.45,81
2026-03-14,08,0,wk inc flu hosp,2026-03-14,quantile,0.5,87
2026-03-14,08,0,wk inc flu hosp,2026-03-14,quantile,0.55,91
2026-03-14,08,0,wk inc flu hosp,2026-03-14,quantile,0.6,94
2026-03-14,08,0,wk inc flu hosp,2026-03-14,quantile,0.65,99
2026-03-14,08,0,wk inc flu hosp,2026-03-14,quantile,0.7,103
2026-03-14,08,0,wk inc flu hosp,2026-03-14,quantile,0.75,107
2026-03-14,08,0,wk inc flu hosp,2026-03-14,quantile,0.8,112
2026-03-14,08,0,wk inc flu hosp,2026-03-14,quantile,0.85,120
2026-03-14,08,0,wk inc flu hosp,2026-03-14,quantile,0.9,129
2026-03-14,08,0,wk inc flu hosp,2026-03-14,quantile,0.95,144
2026-03-14,08,0,wk inc flu hosp,2026-03-14,quantile,0.975,158
2026-03-14,08,0,wk inc flu hosp,2026-03-14,quantile,0.99,173
2026-03-14,08,1,wk inc flu hosp,2026-03-21,quantile,0.01,19
2026-03-14,08,1,wk inc flu hosp,2026-03-21,quantile,0.025,22
2026-03-14,08,1,wk inc flu hosp,2026-03-21,quantile,0.05,29
2026-03-14,08,1,wk inc flu hosp,2026-03-21,quantile,0.1,37
2026-03-14,08,1,wk inc flu hosp,2026-03-21,quantile,0.15,42
2026-03-14,08,1,wk inc flu hosp,2026-03-21,quantile,0.2,47
2026-03-14,08,1,wk inc flu hosp,2026-03-21,quantile,0.25,49
2026-03-14,08,1,wk inc flu hosp,2026-03-21,quantile,0.3,55
2026-03-14,08,1,wk inc flu hosp,2026-03-21,quantile,0.35,59
2026-03-14,08,1,wk inc flu hosp,2026-03-21,quantile,0.4,63
2026-03-14,08,1,wk inc flu hosp,2026-03-21,quantile,0.45,68
2026-03-14,08,1,wk inc flu hosp,2026-03-21,quantile,0.5,76
2026-03-14,08,1,wk inc flu hosp,2026-03-21,quantile,0.55,80
2026-03-14,08,1,wk inc flu hosp,2026-03-21,quantile,0.6,85
2026-03-14,08,1,wk inc flu hosp,2026-03-21,quantile,0.65,90
2026-03-14,08,1,wk inc flu hosp,2026-03-21,quantile,0.7,96
2026-03-14,08,1,wk inc flu hosp,2026-03-21,quantile,0.75,102
2026-03-14,08,1,wk inc flu hosp,2026-03-21,quantile,0.8,110
2026-03-14,08,1,wk inc flu hosp,2026-03-21,quantile,0.85,118
2026-03-14,08,1,wk inc flu hosp,2026-03-21,quantile,0.9,132
2026-03-14,08,1,wk inc flu hosp,2026-03-21,quantile,0.95,154
2026-03-14,08,1,wk inc flu hosp,2026-03-21,quantile,0.975,178
2026-03-14,08,1,wk inc flu hosp,2026-03-21,quantile,0.99,211
2026-03-14,08,2,wk inc flu hosp,2026-03-28,quantile,0.01,12
2026-03-14,08,2,wk inc flu hosp,2026-03-28,quantile,0.025,16
2026-03-14,08,2,wk inc flu hosp,2026-03-28,quantile,0.05,19
2026-03-14,08,2,wk inc flu hosp,2026-03-28,quantile,0.1,27
2026-03-14,08,2,wk inc flu hosp,2026-03-28,quantile,0.15,31
2026-03-14,08,2,wk inc flu hosp,2026-03-28,quantile,0.2,33
2026-03-14,08,2,wk inc flu hosp,2026-03-28,quantile,0.25,39
2026-03-14,08,2,wk inc flu hosp,2026-03-28,quantile,0.3,44
2026-03-14,08,2,wk inc flu hosp,2026-03-28,quantile,0.35,47
2026-03-14,08,2,wk inc flu hosp,2026-03-28,quantile,0.4,55
2026-03-14,08,2,wk inc flu hosp,2026-03-28,quantile,0.45,62
2026-03-14,08,2,wk inc flu hosp,2026-03-28,quantile,0.5,68
2026-03-14,08,2,wk inc flu hosp,2026-03-28,quantile,0.55,75
2026-03-14,08,2,wk inc flu hosp,2026-03-28,quantile,0.6,80
2026-03-14,08,2,wk inc flu hosp,2026-03-28,quantile,0.65,86
2026-03-14,08,2,wk inc flu hosp,2026-03-28,quantile,0.7,94
2026-03-14,08,2,wk inc flu hosp,2026-03-28,quantile,0.75,101
2026-03-14,08,2,wk inc flu hosp,2026-03-28,quantile,0.8,107
2026-03-14,08,2,wk inc flu hosp,2026-03-28,quantile,0.85,117
2026-03-14,08,2,wk inc flu hosp,2026-03-28,quantile,0.9,131
2026-03-14,08,2,wk inc flu hosp,2026-03-28,quantile,0.95,156
2026-03-14,08,2,wk inc flu hosp,2026-03-28,quantile,0.975,181
2026-03-14,08,2,wk inc flu hosp,2026-03-28,quantile,0.99,224
2026-03-14,08,3,wk inc flu hosp,2026-04-04,quantile,0.01,5
2026-03-14,08,3,wk inc flu hosp,2026-04-04,quantile,0.025,9
2026-03-14,08,3,wk inc flu hosp,2026-04-04,quantile,0.05,12
2026-03-14,08,3,wk inc flu hosp,2026-04-04,quantile,0.1,19
2026-03-14,08,3,wk inc flu hosp,2026-04-04,quantile,0.15,22
2026-03-14,08,3,wk inc flu hosp,2026-04-04,quantile,0.2,26
2026-03-14,08,3,wk inc flu hosp,2026-04-04,quantile,0.25,30
2026-03-14,08,3,wk inc flu hosp,2026-04-04,quantile,0.3,35
2026-03-14,08,3,wk inc flu hosp,2026-04-04,quantile,0.35,40
2026-03-14,08,3,wk inc flu hosp,2026-04-04,quantile,0.4,46
2026-03-14,08,3,wk inc flu hosp,2026-04-04,quantile,0.45,52
2026-03-14,08,3,wk inc flu hosp,2026-04-04,quantile,0.5,58
2026-03-14,08,3,wk inc flu hosp,2026-04-04,quantile,0.55,64
2026-03-14,08,3,wk inc flu hosp,2026-04-04,quantile,0.6,70
2026-03-14,08,3,wk inc flu hosp,2026-04-04,quantile,0.65,78
2026-03-14,08,3,wk inc flu hosp,2026-04-04,quantile,0.7,84
2026-03-14,08,3,wk inc flu hosp,2026-04-04,quantile,0.75,92
2026-03-14,08,3,wk inc flu hosp,2026-04-04,quantile,0.8,102
2026-03-14,08,3,wk inc flu hosp,2026-04-04,quantile,0.85,113
2026-03-14,08,3,wk inc flu hosp,2026-04-04,quantile,0.9,130
2026-03-14,08,3,wk inc flu hosp,2026-04-04,quantile,0.95,154
2026-03-14,08,3,wk inc flu hosp,2026-04-04,quantile,0.975,180
2026-03-14,08,3,wk inc flu hosp,2026-04-04,quantile,0.99,231
2026-03-14,09,0,wk inc flu hosp,2026-03-14,quantile,0.01,6
2026-03-14,09,0,wk inc flu hosp,2026-03-14,quantile,0.025,9
2026-03-14,09,0,wk inc flu hosp,2026-03-14,quantile,0.05,12
2026-03-14,09,0,wk inc flu hosp,2026-03-14,quantile,0.1,16
2026-03-14,09,0,wk inc flu hosp,2026-03-14,quantile,0.15,18
2026-03-14,09,0,wk inc flu hosp,2026-03-14,quantile,0.2,20
2026-03-14,09,0,wk inc flu hosp,2026-03-14,quantile,0.25,22
2026-03-14,09,0,wk inc flu hosp,2026-03-14,quantile,0.3,24
2026-03-14,09,0,wk inc flu hosp,2026-03-14,quantile,0.35,26
2026-03-14,09,0,wk inc flu hosp,2026-03-14,quantile,0.4,28
2026-03-14,09,0,wk inc flu hosp,2026-03-14,quantile,0.45,30
2026-03-14,09,0,wk inc flu hosp,2026-03-14,quantile,0.5,33
2026-03-14,09,0,wk inc flu hosp,2026-03-14,quantile,0.55,36
2026-03-14,09,0,wk inc flu hosp,2026-03-14,quantile,0.6,38
2026-03-14,09,0,wk inc flu hosp,2026-03-14,quantile,0.65,39
2026-03-14,09,0,wk inc flu hosp,2026-03-14,quantile,0.7,41
2026-03-14,09,0,wk inc flu hosp,2026-03-14,quantile,0.75,43
2026-03-14,09,0,wk inc flu hosp,2026-03-14,quantile,0.8,46
2026-03-14,09,0,wk inc flu hosp,2026-03-14,quantile,0.85,51
2026-03-14,09,0,wk inc flu hosp,2026-03-14,quantile,0.9,56
2026-03-14,09,0,wk inc flu hosp,2026-03-14,quantile,0.95,64
2026-03-14,09,0,wk inc flu hosp,2026-03-14,quantile,0.975,71
2026-03-14,09,0,wk inc flu hosp,2026-03-14,quantile,0.99,84
2026-03-14,09,1,wk inc flu hosp,2026-03-21,quantile,0.01,3
2026-03-14,09,1,wk inc flu hosp,2026-03-21,quantile,0.025,6
2026-03-14,09,1,wk inc flu hosp,2026-03-21,quantile,0.05,7
2026-03-14,09,1,wk inc flu hosp,2026-03-21,quantile,0.1,11
2026-03-14,09,1,wk inc flu hosp,2026-03-21,quantile,0.15,13
2026-03-14,09,1,wk inc flu hosp,2026-03-21,quantile,0.2,15
2026-03-14,09,1,wk inc flu hosp,2026-03-21,quantile,0.25,17
2026-03-14,09,1,wk inc flu hosp,2026-03-21,quantile,0.3,20
2026-03-14,09,1,wk inc flu hosp,2026-03-21,quantile,0.35,22
2026-03-14,09,1,wk inc flu hosp,2026-03-21,quantile,0.4,25
2026-03-14,09,1,wk inc flu hosp,2026-03-21,quantile,0.45,27
2026-03-14,09,1,wk inc flu hosp,2026-03-21,quantile,0.5,29
2026-03-14,09,1,wk inc flu hosp,2026-03-21,quantile,0.55,32
2026-03-14,09,1,wk inc flu hosp,2026-03-21,quantile,0.6,36
2026-03-14,09,1,wk inc flu hosp,2026-03-21,quantile,0.65,39
2026-03-14,09,1,wk inc flu hosp,2026-03-21,quantile,0.7,42
2026-03-14,09,1,wk inc flu hosp,2026-03-21,quantile,0.75,45
2026-03-14,09,1,wk inc flu hosp,2026-03-21,quantile,0.8,49
2026-03-14,09,1,wk inc flu hosp,2026-03-21,quantile,0.85,55
2026-03-14,09,1,wk inc flu hosp,2026-03-21,quantile,0.9,61
2026-03-14,09,1,wk inc flu hosp,2026-03-21,quantile,0.95,75
2026-03-14,09,1,wk inc flu hosp,2026-03-21,quantile,0.975,86
2026-03-14,09,1,wk inc flu hosp,2026-03-21,quantile,0.99,108
2026-03-14,09,2,wk inc flu hosp,2026-03-28,quantile,0.01,1
2026-03-14,09,2,wk inc flu hosp,2026-03-28,quantile,0.025,2
2026-03-14,09,2,wk inc flu hosp,2026-03-28,quantile,0.05,4
2026-03-14,09,2,wk inc flu hosp,2026-03-28,quantile,0.1,7
2026-03-14,09,2,wk inc flu hosp,2026-03-28,quantile,0.15,8
2026-03-14,09,2,wk inc flu hosp,2026-03-28,quantile,0.2,10
2026-03-14,09,2,wk inc flu hosp,2026-03-28,quantile,0.25,13
2026-03-14,09,2,wk inc flu hosp,2026-03-28,quantile,0.3,16
2026-03-14,09,2,wk inc flu hosp,2026-03-28,quantile,0.35,18
2026-03-14,09,2,wk inc flu hosp,2026-03-28,quantile,0.4,21
2026-03-14,09,2,wk inc flu hosp,2026-03-28,quantile,0.45,24
2026-03-14,09,2,wk inc flu hosp,2026-03-28,quantile,0.5,26
2026-03-14,09,2,wk inc flu hosp,2026-03-28,quantile,0.55,28
2026-03-14,09,2,wk inc flu hosp,2026-03-28,quantile,0.6,30
2026-03-14,09,2,wk inc flu hosp,2026-03-28,quantile,0.65,36
2026-03-14,09,2,wk inc flu hosp,2026-03-28,quantile,0.7,39
2026-03-14,09,2,wk inc flu hosp,2026-03-28,quantile,0.75,44
2026-03-14,09,2,wk inc flu hosp,2026-03-28,quantile,0.8,49
2026-03-14,09,2,wk inc flu hosp,2026-03-28,quantile,0.85,56
2026-03-14,09,2,wk inc flu hosp,2026-03-28,quantile,0.9,60
2026-03-14,09,2,wk inc flu hosp,2026-03-28,quantile,0.95,73
2026-03-14,09,2,wk inc flu hosp,2026-03-28,quantile,0.975,104
2026-03-14,09,2,wk inc flu hosp,2026-03-28,quantile,0.99,114
2026-03-14,09,3,wk inc flu hosp,2026-04-04,quantile,0.01,0
2026-03-14,09,3,wk inc flu hosp,2026-04-04,quantile,0.025,1
2026-03-14,09,3,wk inc flu hosp,2026-04-04,quantile,0.05,2
2026-03-14,09,3,wk inc flu hosp,2026-04-04,quantile,0.1,3
2026-03-14,09,3,wk inc flu hosp,2026-04-04,quantile,0.15,7
2026-03-14,09,3,wk inc flu hosp,2026-04-04,quantile,0.2,8
2026-03-14,09,3,wk inc flu hosp,2026-04-04,quantile,0.25,12
2026-03-14,09,3,wk inc flu hosp,2026-04-04,quantile,0.3,14
2026-03-14,09,3,wk inc flu hosp,2026-04-04,quantile,0.35,16
2026-03-14,09,3,wk inc flu hosp,2026-04-04,quantile,0.4,18
2026-03-14,09,3,wk inc flu hosp,2026-04-04,quantile,0.45,21
2026-03-14,09,3,wk inc flu hosp,2026-04-04,quantile,0.5,24
2026-03-14,09,3,wk inc flu hosp,2026-04-04,quantile,0.55,27
2026-03-14,09,3,wk inc flu hosp,2026-04-04,quantile,0.6,29
2026-03-14,09,3,wk inc flu hosp,2026-04-04,quantile,0.65,31
2026-03-14,09,3,wk inc flu hosp,2026-04-04,quantile,0.7,36
2026-03-14,09,3,wk inc flu hosp,2026-04-04,quantile,0.75,40
2026-03-14,09,3,wk inc flu hosp,2026-04-04,quantile,0.8,45
2026-03-14,09,3,wk inc flu hosp,2026-04-04,quantile,0.85,55
2026-03-14,09,3,wk inc flu hosp,2026-04-04,quantile,0.9,65
2026-03-14,09,3,wk inc flu hosp,2026-04-04,quantile,0.95,81
2026-03-14,09,3,wk inc flu hosp,2026-04-04,quantile,0.975,117
2026-03-14,09,3,wk inc flu hosp,2026-04-04,quantile,0.99,142
2026-03-14,10,0,wk inc flu hosp,2026-03-14,quantile,0.01,7
2026-03-14,10,0,wk inc flu hosp,2026-03-14,quantile,0.025,9
2026-03-14,10,0,wk inc flu hosp,2026-03-14,quantile,0.05,11
2026-03-14,10,0,wk inc flu hosp,2026-03-14,quantile,0.1,14
2026-03-14,10,0,wk inc flu hosp,2026-03-14,quantile,0.15,16
2026-03-14,10,0,wk inc flu hosp,2026-03-14,quantile,0.2,18
2026-03-14,10,0,wk inc flu hosp,2026-03-14,quantile,0.25,19
2026-03-14,10,0,wk inc flu hosp,2026-03-14,quantile,0.3,20
2026-03-14,10,0,wk inc flu hosp,2026-03-14,quantile,0.35,22
2026-03-14,10,0,wk inc flu hosp,2026-03-14,quantile,0.4,23
2026-03-14,10,0,wk inc flu hosp,2026-03-14,quantile,0.45,24
2026-03-14,10,0,wk inc flu hosp,2026-03-14,quantile,0.5,27
2026-03-14,10,0,wk inc flu hosp,2026-03-14,quantile,0.55,28
2026-03-14,10,0,wk inc flu hosp,2026-03-14,quantile,0.6,30
2026-03-14,10,0,wk inc flu hosp,2026-03-14,quantile,0.65,32
2026-03-14,10,0,wk inc flu hosp,2026-03-14,quantile,0.7,33
2026-03-14,10,0,wk inc flu hosp,2026-03-14,quantile,0.75,34
2026-03-14,10,0,wk inc flu hosp,2026-03-14,quantile,0.8,36
2026-03-14,10,0,wk inc flu hosp,2026-03-14,quantile,0.85,38
2026-03-14,10,0,wk inc flu hosp,2026-03-14,quantile,0.9,41
2026-03-14,10,0,wk inc flu hosp,2026-03-14,quantile,0.95,49
2026-03-14,10,0,wk inc flu hosp,2026-03-14,quantile,0.975,54
2026-03-14,10,0,wk inc flu hosp,2026-03-14,quantile,0.99,61
2026-03-14,10,1,wk inc flu hosp,2026-03-21,quantile,0.01,4
2026-03-14,10,1,wk inc flu hosp,2026-03-21,quantile,0.025,5
2026-03-14,10,1,wk inc flu hosp,2026-03-21,quantile,0.05,7
2026-03-14,10,1,wk inc flu hosp,2026-03-21,quantile,0.1,9
2026-03-14,10,1,wk inc flu hosp,2026-03-21,quantile,0.15,10
2026-03-14,10,1,wk inc flu hosp,2026-03-21,quantile,0.2,13
2026-03-14,10,1,wk inc flu hosp,2026-03-21,quantile,0.25,14
2026-03-14,10,1,wk inc flu hosp,2026-03-21,quantile,0.3,16
2026-03-14,10,1,wk inc flu hosp,2026-03-21,quantile,0.35,17
2026-03-14,10,1,wk inc flu hosp,2026-03-21,quantile,0.4,19
2026-03-14,10,1,wk inc flu hosp,2026-03-21,quantile,0.45,20
2026-03-14,10,1,wk inc flu hosp,2026-03-21,quantile,0.5,23
2026-03-14,10,1,wk inc flu hosp,2026-03-21,quantile,0.55,25
2026-03-14,10,1,wk inc flu hosp,2026-03-21,quantile,0.6,26
2026-03-14,10,1,wk inc flu hosp,2026-03-21,quantile,0.65,28
2026-03-14,10,1,wk inc flu hosp,2026-03-21,quantile,0.7,30
2026-03-14,10,1,wk inc flu hosp,2026-03-21,quantile,0.75,33
2026-03-14,10,1,wk inc flu hosp,2026-03-21,quantile,0.8,34
2026-03-14,10,1,wk inc flu hosp,2026-03-21,quantile,0.85,36
2026-03-14,10,1,wk inc flu hosp,2026-03-21,quantile,0.9,41
2026-03-14,10,1,wk inc flu hosp,2026-03-21,quantile,0.95,48
2026-03-14,10,1,wk inc flu hosp,2026-03-21,quantile,0.975,53
2026-03-14,10,1,wk inc flu hosp,2026-03-21,quantile,0.99,62
2026-03-14,10,2,wk inc flu hosp,2026-03-28,quantile,0.01,2
2026-03-14,10,2,wk inc flu hosp,2026-03-28,quantile,0.025,2
2026-03-14,10,2,wk inc flu hosp,2026-03-28,quantile,0.05,3
2026-03-14,10,2,wk inc flu hosp,2026-03-28,quantile,0.1,6
2026-03-14,10,2,wk inc flu hosp,2026-03-28,quantile,0.15,8
2026-03-14,10,2,wk inc flu hosp,2026-03-28,quantile,0.2,9
2026-03-14,10,2,wk inc flu hosp,2026-03-28,quantile,0.25,11
2026-03-14,10,2,wk inc flu hosp,2026-03-28,quantile,0.3,13
2026-03-14,10,2,wk inc flu hosp,2026-03-28,quantile,0.35,14
2026-03-14,10,2,wk inc flu hosp,2026-03-28,quantile,0.4,15
2026-03-14,10,2,wk inc flu hosp,2026-03-28,quantile,0.45,15
2026-03-14,10,2,wk inc flu hosp,2026-03-28,quantile,0.5,19
2026-03-14,10,2,wk inc flu hosp,2026-03-28,quantile,0.55,20
2026-03-14,10,2,wk inc flu hosp,2026-03-28,quantile,0.6,22
2026-03-14,10,2,wk inc flu hosp,2026-03-28,quantile,0.65,24
2026-03-14,10,2,wk inc flu hosp,2026-03-28,quantile,0.7,27
2026-03-14,10,2,wk inc flu hosp,2026-03-28,quantile,0.75,30
2026-03-14,10,2,wk inc flu hosp,2026-03-28,quantile,0.8,33
2026-03-14,10,2,wk inc flu hosp,2026-03-28,quantile,0.85,35
2026-03-14,10,2,wk inc flu hosp,2026-03-28,quantile,0.9,39
2026-03-14,10,2,wk inc flu hosp,2026-03-28,quantile,0.95,48
2026-03-14,10,2,wk inc flu hosp,2026-03-28,quantile,0.975,53
2026-03-14,10,2,wk inc flu hosp,2026-03-28,quantile,0.99,65
2026-03-14,10,3,wk inc flu hosp,2026-04-04,quantile,0.01,1
2026-03-14,10,3,wk inc flu hosp,2026-04-04,quantile,0.025,1
2026-03-14,10,3,wk inc flu hosp,2026-04-04,quantile,0.05,2
2026-03-14,10,3,wk inc flu hosp,2026-04-04,quantile,0.1,4
2026-03-14,10,3,wk inc flu hosp,2026-04-04,quantile,0.15,5
2026-03-14,10,3,wk inc flu hosp,2026-04-04,quantile,0.2,7
2026-03-14,10,3,wk inc flu hosp,2026-04-04,quantile,0.25,8
2026-03-14,10,3,wk inc flu hosp,2026-04-04,quantile,0.3,10
2026-03-14,10,3,wk inc flu hosp,2026-04-04,quantile,0.35,11
2026-03-14,10,3,wk inc flu hosp,2026-04-04,quantile,0.4,13
2026-03-14,10,3,wk inc flu hosp,2026-04-04,quantile,0.45,15
2026-03-14,10,3,wk inc flu hosp,2026-04-04,quantile,0.5,17
2026-03-14,10,3,wk inc flu hosp,2026-04-04,quantile,0.55,18
2026-03-14,10,3,wk inc flu hosp,2026-04-04,quantile,0.6,20
2026-03-14,10,3,wk inc flu hosp,2026-04-04,quantile,0.65,21
2026-03-14,10,3,wk inc flu hosp,2026-04-04,quantile,0.7,25
2026-03-14,10,3,wk inc flu hosp,2026-04-04,quantile,0.75,28
2026-03-14,10,3,wk inc flu hosp,2026-04-04,quantile,0.8,30
2026-03-14,10,3,wk inc flu hosp,2026-04-04,quantile,0.85,34
2026-03-14,10,3,wk inc flu hosp,2026-04-04,quantile,0.9,38
2026-03-14,10,3,wk inc flu hosp,2026-04-04,quantile,0.95,46
2026-03-14,10,3,wk inc flu hosp,2026-04-04,quantile,0.975,54
2026-03-14,10,3,wk inc flu hosp,2026-04-04,quantile,0.99,65
2026-03-14,11,0,wk inc flu hosp,2026-03-14,quantile,0.01,0
2026-03-14,11,0,wk inc flu hosp,2026-03-14,quantile,0.025,1
2026-03-14,11,0,wk inc flu hosp,2026-03-14,quantile,0.05,1
2026-03-14,11,0,wk inc flu hosp,2026-03-14,quantile,0.1,2
2026-03-14,11,0,wk inc flu hosp,2026-03-14,quantile,0.15,3
2026-03-14,11,0,wk inc flu hosp,2026-03-14,quantile,0.2,3
2026-03-14,11,0,wk inc flu hosp,2026-03-14,quantile,0.25,4
2026-03-14,11,0,wk inc flu hosp,2026-03-14,quantile,0.3,5
2026-03-14,11,0,wk inc flu hosp,2026-03-14,quantile,0.35,6
2026-03-14,11,0,wk inc flu hosp,2026-03-14,quantile,0.4,6
2026-03-14,11,0,wk inc flu hosp,2026-03-14,quantile,0.45,7
2026-03-14,11,0,wk inc flu hosp,2026-03-14,quantile,0.5,8
2026-03-14,11,0,wk inc flu hosp,2026-03-14,quantile,0.55,9
2026-03-14,11,0,wk inc flu hosp,2026-03-14,quantile,0.6,10
2026-03-14,11,0,wk inc flu hosp,2026-03-14,quantile,0.65,11
2026-03-14,11,0,wk inc flu hosp,2026-03-14,quantile,0.7,13
2026-03-14,11,0,wk inc flu hosp,2026-03-14,quantile,0.75,14
2026-03-14,11,0,wk inc flu hosp,2026-03-14,quantile,0.8,15
2026-03-14,11,0,wk inc flu hosp,2026-03-14,quantile,0.85,16
2026-03-14,11,0,wk inc flu hosp,2026-03-14,quantile,0.9,19
2026-03-14,11,0,wk inc flu hosp,2026-03-14,quantile,0.95,23
2026-03-14,11,0,wk inc flu hosp,2026-03-14,quantile,0.975,26
2026-03-14,11,0,wk inc flu hosp,2026-03-14,quantile,0.99,30
2026-03-14,11,1,wk inc flu hosp,2026-03-21,quantile,0.01,0
2026-03-14,11,1,wk inc flu hosp,2026-03-21,quantile,0.025,0
2026-03-14,11,1,wk inc flu hosp,2026-03-21,quantile,0.05,1
2026-03-14,11,1,wk inc flu hosp,2026-03-21,quantile,0.1,2
2026-03-14,11,1,wk inc flu hosp,2026-03-21,quantile,0.15,3
2026-03-14,11,1,wk inc flu hosp,2026-03-21,quantile,0.2,3
2026-03-14,11,1,wk inc flu hosp,2026-03-21,quantile,0.25,4
2026-03-14,11,1,wk inc flu hosp,2026-03-21,quantile,0.3,5
2026-03-14,11,1,wk inc flu hosp,2026-03-21,quantile,0.35,5
2026-03-14,11,1,wk inc flu hosp,2026-03-21,quantile,0.4,6
2026-03-14,11,1,wk inc flu hosp,2026-03-21,quantile,0.45,7
2026-03-14,11,1,wk inc flu hosp,2026-03-21,quantile,0.5,8
2026-03-14,11,1,wk inc flu hosp,2026-03-21,quantile,0.55,9
2026-03-14,11,1,wk inc flu hosp,2026-03-21,quantile,0.6,10
2026-03-14,11,1,wk inc flu hosp,2026-03-21,quantile,0.65,11
2026-03-14,11,1,wk inc flu hosp,2026-03-21,quantile,0.7,13
2026-03-14,11,1,wk inc flu hosp,2026-03-21,quantile,0.75,14
2026-03-14,11,1,wk inc flu hosp,2026-03-21,quantile,0.8,16
2026-03-14,11,1,wk inc flu hosp,2026-03-21,quantile,0.85,18
2026-03-14,11,1,wk inc flu hosp,2026-03-21,quantile,0.9,21
2026-03-14,11,1,wk inc flu hosp,2026-03-21,quantile,0.95,25
2026-03-14,11,1,wk inc flu hosp,2026-03-21,quantile,0.975,31
2026-03-14,11,1,wk inc flu hosp,2026-03-21,quantile,0.99,35
2026-03-14,11,2,wk inc flu hosp,2026-03-28,quantile,0.01,0
2026-03-14,11,2,wk inc flu hosp,2026-03-28,quantile,0.025,0
2026-03-14,11,2,wk inc flu hosp,2026-03-28,quantile,0.05,0
2026-03-14,11,2,wk inc flu hosp,2026-03-28,quantile,0.1,1
2026-03-14,11,2,wk inc flu hosp,2026-03-28,quantile,0.15,2
2026-03-14,11,2,wk inc flu hosp,2026-03-28,quantile,0.2,2
2026-03-14,11,2,wk inc flu hosp,2026-03-28,quantile,0.25,3
2026-03-14,11,2,wk inc flu hosp,2026-03-28,quantile,0.3,4
2026-03-14,11,2,wk inc flu hosp,2026-03-28,quantile,0.35,4
2026-03-14,11,2,wk inc flu hosp,2026-03-28,quantile,0.4,5
2026-03-14,11,2,wk inc flu hosp,2026-03-28,quantile,0.45,5
2026-03-14,11,2,wk inc flu hosp,2026-03-28,quantile,0.5,7
2026-03-14,11,2,wk inc flu hosp,2026-03-28,quantile,0.55,8
2026-03-14,11,2,wk inc flu hosp,2026-03-28,quantile,0.6,9
2026-03-14,11,2,wk inc flu hosp,2026-03-28,quantile,0.65,10
2026-03-14,11,2,wk inc flu hosp,2026-03-28,quantile,0.7,12
2026-03-14,11,2,wk inc flu hosp,2026-03-28,quantile,0.75,14
2026-03-14,11,2,wk inc flu hosp,2026-03-28,quantile,0.8,16
2026-03-14,11,2,wk inc flu hosp,2026-03-28,quantile,0.85,18
2026-03-14,11,2,wk inc flu hosp,2026-03-28,quantile,0.9,22
2026-03-14,11,2,wk inc flu hosp,2026-03-28,quantile,0.95,28
2026-03-14,11,2,wk inc flu hosp,2026-03-28,quantile,0.975,33
2026-03-14,11,2,wk inc flu hosp,2026-03-28,quantile,0.99,38
2026-03-14,11,3,wk inc flu hosp,2026-04-04,quantile,0.01,0
2026-03-14,11,3,wk inc flu hosp,2026-04-04,quantile,0.025,0
2026-03-14,11,3,wk inc flu hosp,2026-04-04,quantile,0.05,0
2026-03-14,11,3,wk inc flu hosp,2026-04-04,quantile,0.1,0
2026-03-14,11,3,wk inc flu hosp,2026-04-04,quantile,0.15,1
2026-03-14,11,3,wk inc flu hosp,2026-04-04,quantile,0.2,1
2026-03-14,11,3,wk inc flu hosp,2026-04-04,quantile,0.25,2
2026-03-14,11,3,wk inc flu hosp,2026-04-04,quantile,0.3,3
2026-03-14,11,3,wk inc flu hosp,2026-04-04,quantile,0.35,3
2026-03-14,11,3,wk inc flu hosp,2026-04-04,quantile,0.4,4
2026-03-14,11,3,wk inc flu hosp,2026-04-04,quantile,0.45,5
2026-03-14,11,3,wk inc flu hosp,2026-04-04,quantile,0.5,6
2026-03-14,11,3,wk inc flu hosp,2026-04-04,quantile,0.55,7
2026-03-14,11,3,wk inc flu hosp,2026-04-04,quantile,0.6,9
2026-03-14,11,3,wk inc flu hosp,2026-04-04,quantile,0.65,11
2026-03-14,11,3,wk inc flu hosp,2026-04-04,quantile,0.7,11
2026-03-14,11,3,wk inc flu hosp,2026-04-04,quantile,0.75,13
2026-03-14,11,3,wk inc flu hosp,2026-04-04,quantile,0.8,15
2026-03-14,11,3,wk inc flu hosp,2026-04-04,quantile,0.85,18
2026-03-14,11,3,wk inc flu hosp,2026-04-04,quantile,0.9,21
2026-03-14,11,3,wk inc flu hosp,2026-04-04,quantile,0.95,28
2026-03-14,11,3,wk inc flu hosp,2026-04-04,quantile,0.975,34
2026-03-14,11,3,wk inc flu hosp,2026-04-04,quantile,0.99,41
2026-03-14,12,0,wk inc flu hosp,2026-03-14,quantile,0.01,401
2026-03-14,12,0,wk inc flu hosp,2026-03-14,quantile,0.025,455
2026-03-14,12,0,wk inc flu hosp,2026-03-14,quantile,0.05,513
2026-03-14,12,0,wk inc flu hosp,2026-03-14,quantile,0.1,574
2026-03-14,12,0,wk inc flu hosp,2026-03-14,quantile,0.15,616
2026-03-14,12,0,wk inc flu hosp,2026-03-14,quantile,0.2,641
2026-03-14,12,0,wk inc flu hosp,2026-03-14,quantile,0.25,669
2026-03-14,12,0,wk inc flu hosp,2026-03-14,quantile,0.3,690
2026-03-14,12,0,wk inc flu hosp,2026-03-14,quantile,0.35,714
2026-03-14,12,0,wk inc flu hosp,2026-03-14,quantile,0.4,751
2026-03-14,12,0,wk inc flu hosp,2026-03-14,quantile,0.45,777
2026-03-14,12,0,wk inc flu hosp,2026-03-14,quantile,0.5,805
2026-03-14,12,0,wk inc flu hosp,2026-03-14,quantile,0.55,834
2026-03-14,12,0,wk inc flu hosp,2026-03-14,quantile,0.6,860
2026-03-14,12,0,wk inc flu hosp,2026-03-14,quantile,0.65,881
2026-03-14,12,0,wk inc flu hosp,2026-03-14,quantile,0.7,912
2026-03-14,12,0,wk inc flu hosp,2026-03-14,quantile,0.75,934
2026-03-14,12,0,wk inc flu hosp,2026-03-14,quantile,0.8,960
2026-03-14,12,0,wk inc flu hosp,2026-03-14,quantile,0.85,1004
2026-03-14,12,0,wk inc flu hosp,2026-03-14,quantile,0.9,1089
2026-03-14,12,0,wk inc flu hosp,2026-03-14,quantile,0.95,1172
2026-03-14,12,0,wk inc flu hosp,2026-03-14,quantile,0.975,1310
2026-03-14,12,0,wk inc flu hosp,2026-03-14,quantile,0.99,1373
2026-03-14,12,1,wk inc flu hosp,2026-03-21,quantile,0.01,275
2026-03-14,12,1,wk inc flu hosp,2026-03-21,quantile,0.025,319
2026-03-14,12,1,wk inc flu hosp,2026-03-21,quantile,0.05,363
2026-03-14,12,1,wk inc flu hosp,2026-03-21,quantile,0.1,425
2026-03-14,12,1,wk inc flu hosp,2026-03-21,quantile,0.15,460
2026-03-14,12,1,wk inc flu hosp,2026-03-21,quantile,0.2,488
2026-03-14,12,1,wk inc flu hosp,2026-03-21,quantile,0.25,528
2026-03-14,12,1,wk inc flu hosp,2026-03-21,quantile,0.3,554
2026-03-14,12,1,wk inc flu hosp,2026-03-21,quantile,0.35,592
2026-03-14,12,1,wk inc flu hosp,2026-03-21,quantile,0.4,610
2026-03-14,12,1,wk inc flu hosp,2026-03-21,quantile,0.45,637
2026-03-14,12,1,wk inc flu hosp,2026-03-21,quantile,0.5,651
2026-03-14,12,1,wk inc flu hosp,2026-03-21,quantile,0.55,677
2026-03-14,12,1,wk inc flu hosp,2026-03-21,quantile,0.6,760
2026-03-14,12,1,wk inc flu hosp,2026-03-21,quantile,0.65,813
2026-03-14,12,1,wk inc flu hosp,2026-03-21,quantile,0.7,852
2026-03-14,12,1,wk inc flu hosp,2026-03-21,quantile,0.75,883
2026-03-14,12,1,wk inc flu hosp,2026-03-21,quantile,0.8,918
2026-03-14,12,1,wk inc flu hosp,2026-03-21,quantile,0.85,997
2026-03-14,12,1,wk inc flu hosp,2026-03-21,quantile,0.9,1068
2026-03-14,12,1,wk inc flu hosp,2026-03-21,quantile,0.95,1199
2026-03-14,12,1,wk inc flu hosp,2026-03-21,quantile,0.975,1288
2026-03-14,12,1,wk inc flu hosp,2026-03-21,quantile,0.99,1413
2026-03-14,12,2,wk inc flu hosp,2026-03-28,quantile,0.01,167
2026-03-14,12,2,wk inc flu hosp,2026-03-28,quantile,0.025,206
2026-03-14,12,2,wk inc flu hosp,2026-03-28,quantile,0.05,255
2026-03-14,12,2,wk inc flu hosp,2026-03-28,quantile,0.1,313
2026-03-14,12,2,wk inc flu hosp,2026-03-28,quantile,0.15,339
2026-03-14,12,2,wk inc flu hosp,2026-03-28,quantile,0.2,366
2026-03-14,12,2,wk inc flu hosp,2026-03-28,quantile,0.25,396
2026-03-14,12,2,wk inc flu hosp,2026-03-28,quantile,0.3,420
2026-03-14,12,2,wk inc flu hosp,2026-03-28,quantile,0.35,442
2026-03-14,12,2,wk inc flu hosp,2026-03-28,quantile,0.4,468
2026-03-14,12,2,wk inc flu hosp,2026-03-28,quantile,0.45,507
2026-03-14,12,2,wk inc flu hosp,2026-03-28,quantile,0.5,542
2026-03-14,12,2,wk inc flu hosp,2026-03-28,quantile,0.55,571
2026-03-14,12,2,wk inc flu hosp,2026-03-28,quantile,0.6,588
2026-03-14,12,2,wk inc flu hosp,2026-03-28,quantile,0.65,635
2026-03-14,12,2,wk inc flu hosp,2026-03-28,quantile,0.7,725
2026-03-14,12,2,wk inc flu hosp,2026-03-28,quantile,0.75,803
2026-03-14,12,2,wk inc flu hosp,2026-03-28,quantile,0.8,863
2026-03-14,12,2,wk inc flu hosp,2026-03-28,quantile,0.85,927
2026-03-14,12,2,wk inc flu hosp,2026-03-28,quantile,0.9,1028
2026-03-14,12,2,wk inc flu hosp,2026-03-28,quantile,0.95,1174
2026-03-14,12,2,wk inc flu hosp,2026-03-28,quantile,0.975,1323
2026-03-14,12,2,wk inc flu hosp,2026-03-28,quantile,0.99,1482
2026-03-14,12,3,wk inc flu hosp,2026-04-04,quantile,0.01,119
2026-03-14,12,3,wk inc flu hosp,2026-04-04,quantile,0.025,157
2026-03-14,12,3,wk inc flu hosp,2026-04-04,quantile,0.05,199
2026-03-14,12,3,wk inc flu hosp,2026-04-04,quantile,0.1,244
2026-03-14,12,3,wk inc flu hosp,2026-04-04,quantile,0.15,282
2026-03-14,12,3,wk inc flu hosp,2026-04-04,quantile,0.2,304
2026-03-14,12,3,wk inc flu hosp,2026-04-04,quantile,0.25,323
2026-03-14,12,3,wk inc flu hosp,2026-04-04,quantile,0.3,339
2026-03-14,12,3,wk inc flu hosp,2026-04-04,quantile,0.35,364
2026-03-14,12,3,wk inc flu hosp,2026-04-04,quantile,0.4,392
2026-03-14,12,3,wk inc flu hosp,2026-04-04,quantile,0.45,423
2026-03-14,12,3,wk inc flu hosp,2026-04-04,quantile,0.5,455
2026-03-14,12,3,wk inc flu hosp,2026-04-04,quantile,0.55,475
2026-03-14,12,3,wk inc flu hosp,2026-04-04,quantile,0.6,493
2026-03-14,12,3,wk inc flu hosp,2026-04-04,quantile,0.65,560
2026-03-14,12,3,wk inc flu hosp,2026-04-04,quantile,0.7,628
2026-03-14,12,3,wk inc flu hosp,2026-04-04,quantile,0.75,701
2026-03-14,12,3,wk inc flu hosp,2026-04-04,quantile,0.8,793
2026-03-14,12,3,wk inc flu hosp,2026-04-04,quantile,0.85,852
2026-03-14,12,3,wk inc flu hosp,2026-04-04,quantile,0.9,959
2026-03-14,12,3,wk inc flu hosp,2026-04-04,quantile,0.95,1185
2026-03-14,12,3,wk inc flu hosp,2026-04-04,quantile,0.975,1376
2026-03-14,12,3,wk inc flu hosp,2026-04-04,quantile,0.99,1517
2026-03-14,13,0,wk inc flu hosp,2026-03-14,quantile,0.01,61
2026-03-14,13,0,wk inc flu hosp,2026-03-14,quantile,0.025,72
2026-03-14,13,0,wk inc flu hosp,2026-03-14,quantile,0.05,83
2026-03-14,13,0,wk inc flu hosp,2026-03-14,quantile,0.1,95
2026-03-14,13,0,wk inc flu hosp,2026-03-14,quantile,0.15,104
2026-03-14,13,0,wk inc flu hosp,2026-03-14,quantile,0.2,116
2026-03-14,13,0,wk inc flu hosp,2026-03-14,quantile,0.25,125
2026-03-14,13,0,wk inc flu hosp,2026-03-14,quantile,0.3,133
2026-03-14,13,0,wk inc flu hosp,2026-03-14,quantile,0.35,142
2026-03-14,13,0,wk inc flu hosp,2026-03-14,quantile,0.4,148
2026-03-14,13,0,wk inc flu hosp,2026-03-14,quantile,0.45,156
2026-03-14,13,0,wk inc flu hosp,2026-03-14,quantile,0.5,167
2026-03-14,13,0,wk inc flu hosp,2026-03-14,quantile,0.55,173
2026-03-14,13,0,wk inc flu hosp,2026-03-14,quantile,0.6,182
2026-03-14,13,0,wk inc flu hosp,2026-03-14,quantile,0.65,192
2026-03-14,13,0,wk inc flu hosp,2026-03-14,quantile,0.7,200
2026-03-14,13,0,wk inc flu hosp,2026-03-14,quantile,0.75,210
2026-03-14,13,0,wk inc flu hosp,2026-03-14,quantile,0.8,226
2026-03-14,13,0,wk inc flu hosp,2026-03-14,quantile,0.85,240
2026-03-14,13,0,wk inc flu hosp,2026-03-14,quantile,0.9,258
2026-03-14,13,0,wk inc flu hosp,2026-03-14,quantile,0.95,281
2026-03-14,13,0,wk inc flu hosp,2026-03-14,quantile,0.975,311
2026-03-14,13,0,wk inc flu hosp,2026-03-14,quantile,0.99,347
2026-03-14,13,1,wk inc flu hosp,2026-03-21,quantile,0.01,42
2026-03-14,13,1,wk inc flu hosp,2026-03-21,quantile,0.025,51
2026-03-14,13,1,wk inc flu hosp,2026-03-21,quantile,0.05,58
2026-03-14,13,1,wk inc flu hosp,2026-03-21,quantile,0.1,73
2026-03-14,13,1,wk inc flu hosp,2026-03-21,quantile,0.15,81
2026-03-14,13,1,wk inc flu hosp,2026-03-21,quantile,0.2,91
2026-03-14,13,1,wk inc flu hosp,2026-03-21,quantile,0.25,98
2026-03-14,13,1,wk inc flu hosp,2026-03-21,quantile,0.3,107
2026-03-14,13,1,wk inc flu hosp,2026-03-21,quantile,0.35,115
2026-03-14,13,1,wk inc flu hosp,2026-03-21,quantile,0.4,125
2026-03-14,13,1,wk inc flu hosp,2026-03-21,quantile,0.45,139
2026-03-14,13,1,wk inc flu hosp,2026-03-21,quantile,0.5,152
2026-03-14,13,1,wk inc flu hosp,2026-03-21,quantile,0.55,161
2026-03-14,13,1,wk inc flu hosp,2026-03-21,quantile,0.6,171
2026-03-14,13,1,wk inc flu hosp,2026-03-21,quantile,0.65,181
2026-03-14,13,1,wk inc flu hosp,2026-03-21,quantile,0.7,190
2026-03-14,13,1,wk inc flu hosp,2026-03-21,quantile,0.75,204
2026-03-14,13,1,wk inc flu hosp,2026-03-21,quantile,0.8,216
2026-03-14,13,1,wk inc flu hosp,2026-03-21,quantile,0.85,228
2026-03-14,13,1,wk inc flu hosp,2026-03-21,quantile,0.9,253
2026-03-14,13,1,wk inc flu hosp,2026-03-21,quantile,0.95,307
2026-03-14,13,1,wk inc flu hosp,2026-03-21,quantile,0.975,346
2026-03-14,13,1,wk inc flu hosp,2026-03-21,quantile,0.99,399
2026-03-14,13,2,wk inc flu hosp,2026-03-28,quantile,0.01,23
2026-03-14,13,2,wk inc flu hosp,2026-03-28,quantile,0.025,29
2026-03-14,13,2,wk inc flu hosp,2026-03-28,quantile,0.05,38
2026-03-14,13,2,wk inc flu hosp,2026-03-28,quantile,0.1,57
2026-03-14,13,2,wk inc flu hosp,2026-03-28,quantile,0.15,67
2026-03-14,13,2,wk inc flu hosp,2026-03-28,quantile,0.2,74
2026-03-14,13,2,wk inc flu hosp,2026-03-28,quantile,0.25,81
2026-03-14,13,2,wk inc flu hosp,2026-03-28,quantile,0.3,90
2026-03-14,13,2,wk inc flu hosp,2026-03-28,quantile,0.35,97
2026-03-14,13,2,wk inc flu hosp,2026-03-28,quantile,0.4,110
2026-03-14,13,2,wk inc flu hosp,2026-03-28,quantile,0.45,122
2026-03-14,13,2,wk inc flu hosp,2026-03-28,quantile,0.5,132
2026-03-14,13,2,wk inc flu hosp,2026-03-28,quantile,0.55,142
2026-03-14,13,2,wk inc flu hosp,2026-03-28,quantile,0.6,151
2026-03-14,13,2,wk inc flu hosp,2026-03-28,quantile,0.65,162
2026-03-14,13,2,wk inc flu hosp,2026-03-28,quantile,0.7,172
2026-03-14,13,2,wk inc flu hosp,2026-03-28,quantile,0.75,186
2026-03-14,13,2,wk inc flu hosp,2026-03-28,quantile,0.8,200
2026-03-14,13,2,wk inc flu hosp,2026-03-28,quantile,0.85,218
2026-03-14,13,2,wk inc flu hosp,2026-03-28,quantile,0.9,243
2026-03-14,13,2,wk inc flu hosp,2026-03-28,quantile,0.95,300
2026-03-14,13,2,wk inc flu hosp,2026-03-28,quantile,0.975,354
2026-03-14,13,2,wk inc flu hosp,2026-03-28,quantile,0.99,418
2026-03-14,13,3,wk inc flu hosp,2026-04-04,quantile,0.01,15
2026-03-14,13,3,wk inc flu hosp,2026-04-04,quantile,0.025,21
2026-03-14,13,3,wk inc flu hosp,2026-04-04,quantile,0.05,26
2026-03-14,13,3,wk inc flu hosp,2026-04-04,quantile,0.1,40
2026-03-14,13,3,wk inc flu hosp,2026-04-04,quantile,0.15,48
2026-03-14,13,3,wk inc flu hosp,2026-04-04,quantile,0.2,57
2026-03-14,13,3,wk inc flu hosp,2026-04-04,quantile,0.25,62
2026-03-14,13,3,wk inc flu hosp,2026-04-04,quantile,0.3,72
2026-03-14,13,3,wk inc flu hosp,2026-04-04,quantile,0.35,80
2026-03-14,13,3,wk inc flu hosp,2026-04-04,quantile,0.4,87
2026-03-14,13,3,wk inc flu hosp,2026-04-04,quantile,0.45,98
2026-03-14,13,3,wk inc flu hosp,2026-04-04,quantile,0.5,113
2026-03-14,13,3,wk inc flu hosp,2026-04-04,quantile,0.55,121
2026-03-14,13,3,wk inc flu hosp,2026-04-04,quantile,0.6,130
2026-03-14,13,3,wk inc flu hosp,2026-04-04,quantile,0.65,139
2026-03-14,13,3,wk inc flu hosp,2026-04-04,quantile,0.7,154
2026-03-14,13,3,wk inc flu hosp,2026-04-04,quantile,0.75,166
2026-03-14,13,3,wk inc flu hosp,2026-04-04,quantile,0.8,182
2026-03-14,13,3,wk inc flu hosp,2026-04-04,quantile,0.85,205
2026-03-14,13,3,wk inc flu hosp,2026-04-04,quantile,0.9,234
2026-03-14,13,3,wk inc flu hosp,2026-04-04,quantile,0.95,294
2026-03-14,13,3,wk inc flu hosp,2026-04-04,quantile,0.975,336
2026-03-14,13,3,wk inc flu hosp,2026-04-04,quantile,0.99,425
2026-03-14,15,0,wk inc flu hosp,2026-03-14,quantile,0.01,3
2026-03-14,15,0,wk inc flu hosp,2026-03-14,quantile,0.025,4
2026-03-14,15,0,wk inc flu hosp,2026-03-14,quantile,0.05,6
2026-03-14,15,0,wk inc flu hosp,2026-03-14,quantile,0.1,8
2026-03-14,15,0,wk inc flu hosp,2026-03-14,quantile,0.15,8
2026-03-14,15,0,wk inc flu hosp,2026-03-14,quantile,0.2,9
2026-03-14,15,0,wk inc flu hosp,2026-03-14,quantile,0.25,10
2026-03-14,15,0,wk inc flu hosp,2026-03-14,quantile,0.3,10
2026-03-14,15,0,wk inc flu hosp,2026-03-14,quantile,0.35,12
2026-03-14,15,0,wk inc flu hosp,2026-03-14,quantile,0.4,13
2026-03-14,15,0,wk inc flu hosp,2026-03-14,quantile,0.45,14
2026-03-14,15,0,wk inc flu hosp,2026-03-14,quantile,0.5,15
2026-03-14,15,0,wk inc flu hosp,2026-03-14,quantile,0.55,16
2026-03-14,15,0,wk inc flu hosp,2026-03-14,quantile,0.6,17
2026-03-14,15,0,wk inc flu hosp,2026-03-14,quantile,0.65,19
2026-03-14,15,0,wk inc flu hosp,2026-03-14,quantile,0.7,20
2026-03-14,15,0,wk inc flu hosp,2026-03-14,quantile,0.75,21
2026-03-14,15,0,wk inc flu hosp,2026-03-14,quantile,0.8,23
2026-03-14,15,0,wk inc flu hosp,2026-03-14,quantile,0.85,24
2026-03-14,15,0,wk inc flu hosp,2026-03-14,quantile,0.9,28
2026-03-14,15,0,wk inc flu hosp,2026-03-14,quantile,0.95,32
2026-03-14,15,0,wk inc flu hosp,2026-03-14,quantile,0.975,35
2026-03-14,15,0,wk inc flu hosp,2026-03-14,quantile,0.99,40
2026-03-14,15,1,wk inc flu hosp,2026-03-21,quantile,0.01,2
2026-03-14,15,1,wk inc flu hosp,2026-03-21,quantile,0.025,2
2026-03-14,15,1,wk inc flu hosp,2026-03-21,quantile,0.05,3
2026-03-14,15,1,wk inc flu hosp,2026-03-21,quantile,0.1,4
2026-03-14,15,1,wk inc flu hosp,2026-03-21,quantile,0.15,6
2026-03-14,15,1,wk inc flu hosp,2026-03-21,quantile,0.2,7
2026-03-14,15,1,wk inc flu hosp,2026-03-21,quantile,0.25,8
2026-03-14,15,1,wk inc flu hosp,2026-03-21,quantile,0.3,8
2026-03-14,15,1,wk inc flu hosp,2026-03-21,quantile,0.35,9
2026-03-14,15,1,wk inc flu hosp,2026-03-21,quantile,0.4,11
2026-03-14,15,1,wk inc flu hosp,2026-03-21,quantile,0.45,12
2026-03-14,15,1,wk inc flu hosp,2026-03-21,quantile,0.5,14
2026-03-14,15,1,wk inc flu hosp,2026-03-21,quantile,0.55,15
2026-03-14,15,1,wk inc flu hosp,2026-03-21,quantile,0.6,17
2026-03-14,15,1,wk inc flu hosp,2026-03-21,quantile,0.65,18
2026-03-14,15,1,wk inc flu hosp,2026-03-21,quantile,0.7,20
2026-03-14,15,1,wk inc flu hosp,2026-03-21,quantile,0.75,22
2026-03-14,15,1,wk inc flu hosp,2026-03-21,quantile,0.8,24
2026-03-14,15,1,wk inc flu hosp,2026-03-21,quantile,0.85,26
2026-03-14,15,1,wk inc flu hosp,2026-03-21,quantile,0.9,29
2026-03-14,15,1,wk inc flu hosp,2026-03-21,quantile,0.95,34
2026-03-14,15,1,wk inc flu hosp,2026-03-21,quantile,0.975,38
2026-03-14,15,1,wk inc flu hosp,2026-03-21,quantile,0.99,46
2026-03-14,15,2,wk inc flu hosp,2026-03-28,quantile,0.01,0
2026-03-14,15,2,wk inc flu hosp,2026-03-28,quantile,0.025,1
2026-03-14,15,2,wk inc flu hosp,2026-03-28,quantile,0.05,1
2026-03-14,15,2,wk inc flu hosp,2026-03-28,quantile,0.1,3
2026-03-14,15,2,wk inc flu hosp,2026-03-28,quantile,0.15,4
2026-03-14,15,2,wk inc flu hosp,2026-03-28,quantile,0.2,6
2026-03-14,15,2,wk inc flu hosp,2026-03-28,quantile,0.25,7
2026-03-14,15,2,wk inc flu hosp,2026-03-28,quantile,0.3,8
2026-03-14,15,2,wk inc flu hosp,2026-03-28,quantile,0.35,9
2026-03-14,15,2,wk inc flu hosp,2026-03-28,quantile,0.4,10
2026-03-14,15,2,wk inc flu hosp,2026-03-28,quantile,0.45,11
2026-03-14,15,2,wk inc flu hosp,2026-03-28,quantile,0.5,14
2026-03-14,15,2,wk inc flu hosp,2026-03-28,quantile,0.55,15
2026-03-14,15,2,wk inc flu hosp,2026-03-28,quantile,0.6,16
2026-03-14,15,2,wk inc flu hosp,2026-03-28,quantile,0.65,18
2026-03-14,15,2,wk inc flu hosp,2026-03-28,quantile,0.7,20
2026-03-14,15,2,wk inc flu hosp,2026-03-28,quantile,0.75,21
2026-03-14,15,2,wk inc flu hosp,2026-03-28,quantile,0.8,24
2026-03-14,15,2,wk inc flu hosp,2026-03-28,quantile,0.85,26
2026-03-14,15,2,wk inc flu hosp,2026-03-28,quantile,0.9,29
2026-03-14,15,2,wk inc flu hosp,2026-03-28,quantile,0.95,34
2026-03-14,15,2,wk inc flu hosp,2026-03-28,quantile,0.975,41
2026-03-14,15,2,wk inc flu hosp,2026-03-28,quantile,0.99,51
2026-03-14,15,3,wk inc flu hosp,2026-04-04,quantile,0.01,0
2026-03-14,15,3,wk inc flu hosp,2026-04-04,quantile,0.025,1
2026-03-14,15,3,wk inc flu hosp,2026-04-04,quantile,0.05,1
2026-03-14,15,3,wk inc flu hosp,2026-04-04,quantile,0.1,2
2026-03-14,15,3,wk inc flu hosp,2026-04-04,quantile,0.15,4
2026-03-14,15,3,wk inc flu hosp,2026-04-04,quantile,0.2,5
2026-03-14,15,3,wk inc flu hosp,2026-04-04,quantile,0.25,6
2026-03-14,15,3,wk inc flu hosp,2026-04-04,quantile,0.3,7
2026-03-14,15,3,wk inc flu hosp,2026-04-04,quantile,0.35,8
2026-03-14,15,3,wk inc flu hosp,2026-04-04,quantile,0.4,9
2026-03-14,15,3,wk inc flu hosp,2026-04-04,quantile,0.45,10
2026-03-14,15,3,wk inc flu hosp,2026-04-04,quantile,0.5,12
2026-03-14,15,3,wk inc flu hosp,2026-04-04,quantile,0.55,14
2026-03-14,15,3,wk inc flu hosp,2026-04-04,quantile,0.6,15
2026-03-14,15,3,wk inc flu hosp,2026-04-04,quantile,0.65,16
2026-03-14,15,3,wk inc flu hosp,2026-04-04,quantile,0.7,20
2026-03-14,15,3,wk inc flu hosp,2026-04-04,quantile,0.75,21
2026-03-14,15,3,wk inc flu hosp,2026-04-04,quantile,0.8,21
2026-03-14,15,3,wk inc flu hosp,2026-04-04,quantile,0.85,26
2026-03-14,15,3,wk inc flu hosp,2026-04-04,quantile,0.9,30
2026-03-14,15,3,wk inc flu hosp,2026-04-04,quantile,0.95,37
2026-03-14,15,3,wk inc flu hosp,2026-04-04,quantile,0.975,41
2026-03-14,15,3,wk inc flu hosp,2026-04-04,quantile,0.99,52
2026-03-14,16,0,wk inc flu hosp,2026-03-14,quantile,0.01,21
2026-03-14,16,0,wk inc flu hosp,2026-03-14,quantile,0.025,25
2026-03-14,16,0,wk inc flu hosp,2026-03-14,quantile,0.05,29
2026-03-14,16,0,wk inc flu hosp,2026-03-14,quantile,0.1,35
2026-03-14,16,0,wk inc flu hosp,2026-03-14,quantile,0.15,38
2026-03-14,16,0,wk inc flu hosp,2026-03-14,quantile,0.2,41
2026-03-14,16,0,wk inc flu hosp,2026-03-14,quantile,0.25,44
2026-03-14,16,0,wk inc flu hosp,2026-03-14,quantile,0.3,46
2026-03-14,16,0,wk inc flu hosp,2026-03-14,quantile,0.35,48
2026-03-14,16,0,wk inc flu hosp,2026-03-14,quantile,0.4,50
2026-03-14,16,0,wk inc flu hosp,2026-03-14,quantile,0.45,53
2026-03-14,16,0,wk inc flu hosp,2026-03-14,quantile,0.5,57
2026-03-14,16,0,wk inc flu hosp,2026-03-14,quantile,0.55,59
2026-03-14,16,0,wk inc flu hosp,2026-03-14,quantile,0.6,62
2026-03-14,16,0,wk inc flu hosp,2026-03-14,quantile,0.65,64
2026-03-14,16,0,wk inc flu hosp,2026-03-14,quantile,0.7,67
2026-03-14,16,0,wk inc flu hosp,2026-03-14,quantile,0.75,70
2026-03-14,16,0,wk inc flu hosp,2026-03-14,quantile,0.8,74
2026-03-14,16,0,wk inc flu hosp,2026-03-14,quantile,0.85,77
2026-03-14,16,0,wk inc flu hosp,2026-03-14,quantile,0.9,83
2026-03-14,16,0,wk inc flu hosp,2026-03-14,quantile,0.95,93
2026-03-14,16,0,wk inc flu hosp,2026-03-14,quantile,0.975,102
2026-03-14,16,0,wk inc flu hosp,2026-03-14,quantile,0.99,111
2026-03-14,16,1,wk inc flu hosp,2026-03-21,quantile,0.01,11
2026-03-14,16,1,wk inc flu hosp,2026-03-21,quantile,0.025,14
2026-03-14,16,1,wk inc flu hosp,2026-03-21,quantile,0.05,19
2026-03-14,16,1,wk inc flu hosp,2026-03-21,quantile,0.1,24
2026-03-14,16,1,wk inc flu hosp,2026-03-21,quantile,0.15,28
2026-03-14,16,1,wk inc flu hosp,2026-03-21,quantile,0.2,30
2026-03-14,16,1,wk inc flu hosp,2026-03-21,quantile,0.25,33
2026-03-14,16,1,wk inc flu hosp,2026-03-21,quantile,0.3,35
2026-03-14,16,1,wk inc flu hosp,2026-03-21,quantile,0.35,38
2026-03-14,16,1,wk inc flu hosp,2026-03-21,quantile,0.4,40
2026-03-14,16,1,wk inc flu hosp,2026-03-21,quantile,0.45,44
2026-03-14,16,1,wk inc flu hosp,2026-03-21,quantile,0.5,48
2026-03-14,16,1,wk inc flu hosp,2026-03-21,quantile,0.55,50
2026-03-14,16,1,wk inc flu hosp,2026-03-21,quantile,0.6,54
2026-03-14,16,1,wk inc flu hosp,2026-03-21,quantile,0.65,58
2026-03-14,16,1,wk inc flu hosp,2026-03-21,quantile,0.7,62
2026-03-14,16,1,wk inc flu hosp,2026-03-21,quantile,0.75,65
2026-03-14,16,1,wk inc flu hosp,2026-03-21,quantile,0.8,70
2026-03-14,16,1,wk inc flu hosp,2026-03-21,quantile,0.85,75
2026-03-14,16,1,wk inc flu hosp,2026-03-21,quantile,0.9,82
2026-03-14,16,1,wk inc flu hosp,2026-03-21,quantile,0.95,95
2026-03-14,16,1,wk inc flu hosp,2026-03-21,quantile,0.975,108
2026-03-14,16,1,wk inc flu hosp,2026-03-21,quantile,0.99,126
2026-03-14,16,2,wk inc flu hosp,2026-03-28,quantile,0.01,6
2026-03-14,16,2,wk inc flu hosp,2026-03-28,quantile,0.025,9
2026-03-14,16,2,wk inc flu hosp,2026-03-28,quantile,0.05,12
2026-03-14,16,2,wk inc flu hosp,2026-03-28,quantile,0.1,16
2026-03-14,16,2,wk inc flu hosp,2026-03-28,quantile,0.15,19
2026-03-14,16,2,wk inc flu hosp,2026-03-28,quantile,0.2,22
2026-03-14,16,2,wk inc flu hosp,2026-03-28,quantile,0.25,25
2026-03-14,16,2,wk inc flu hosp,2026-03-28,quantile,0.3,28
2026-03-14,16,2,wk inc flu hosp,2026-03-28,quantile,0.35,32
2026-03-14,16,2,wk inc flu hosp,2026-03-28,quantile,0.4,35
2026-03-14,16,2,wk inc flu hosp,2026-03-28,quantile,0.45,37
2026-03-14,16,2,wk inc flu hosp,2026-03-28,quantile,0.5,40
2026-03-14,16,2,wk inc flu hosp,2026-03-28,quantile,0.55,42
2026-03-14,16,2,wk inc flu hosp,2026-03-28,quantile,0.6,46
2026-03-14,16,2,wk inc flu hosp,2026-03-28,quantile,0.65,51
2026-03-14,16,2,wk inc flu hosp,2026-03-28,quantile,0.7,55
2026-03-14,16,2,wk inc flu hosp,2026-03-28,quantile,0.75,59
2026-03-14,16,2,wk inc flu hosp,2026-03-28,quantile,0.8,63
2026-03-14,16,2,wk inc flu hosp,2026-03-28,quantile,0.85,68
2026-03-14,16,2,wk inc flu hosp,2026-03-28,quantile,0.9,76
2026-03-14,16,2,wk inc flu hosp,2026-03-28,quantile,0.95,88
2026-03-14,16,2,wk inc flu hosp,2026-03-28,quantile,0.975,109
2026-03-14,16,2,wk inc flu hosp,2026-03-28,quantile,0.99,127
2026-03-14,16,3,wk inc flu hosp,2026-04-04,quantile,0.01,3
2026-03-14,16,3,wk inc flu hosp,2026-04-04,quantile,0.025,6
2026-03-14,16,3,wk inc flu hosp,2026-04-04,quantile,0.05,7
2026-03-14,16,3,wk inc flu hosp,2026-04-04,quantile,0.1,11
2026-03-14,16,3,wk inc flu hosp,2026-04-04,quantile,0.15,14
2026-03-14,16,3,wk inc flu hosp,2026-04-04,quantile,0.2,18
2026-03-14,16,3,wk inc flu hosp,2026-04-04,quantile,0.25,21
2026-03-14,16,3,wk inc flu hosp,2026-04-04,quantile,0.3,23
2026-03-14,16,3,wk inc flu hosp,2026-04-04,quantile,0.35,25
2026-03-14,16,3,wk inc flu hosp,2026-04-04,quantile,0.4,27
2026-03-14,16,3,wk inc flu hosp,2026-04-04,quantile,0.45,29
2026-03-14,16,3,wk inc flu hosp,2026-04-04,quantile,0.5,32
2026-03-14,16,3,wk inc flu hosp,2026-04-04,quantile,0.55,36
2026-03-14,16,3,wk inc flu hosp,2026-04-04,quantile,0.6,40
2026-03-14,16,3,wk inc flu hosp,2026-04-04,quantile,0.65,43
2026-03-14,16,3,wk inc flu hosp,2026-04-04,quantile,0.7,49
2026-03-14,16,3,wk inc flu hosp,2026-04-04,quantile,0.75,53
2026-03-14,16,3,wk inc flu hosp,2026-04-04,quantile,0.8,57
2026-03-14,16,3,wk inc flu hosp,2026-04-04,quantile,0.85,63
2026-03-14,16,3,wk inc flu hosp,2026-04-04,quantile,0.9,73
2026-03-14,16,3,wk inc flu hosp,2026-04-04,quantile,0.95,87
2026-03-14,16,3,wk inc flu hosp,2026-04-04,quantile,0.975,108
2026-03-14,16,3,wk inc flu hosp,2026-04-04,quantile,0.99,127
2026-03-14,17,0,wk inc flu hosp,2026-03-14,quantile,0.01,137
2026-03-14,17,0,wk inc flu hosp,2026-03-14,quantile,0.025,155
2026-03-14,17,0,wk inc flu hosp,2026-03-14,quantile,0.05,184
2026-03-14,17,0,wk inc flu hosp,2026-03-14,quantile,0.1,214
2026-03-14,17,0,wk inc flu hosp,2026-03-14,quantile,0.15,237
2026-03-14,17,0,wk inc flu hosp,2026-03-14,quantile,0.2,253
2026-03-14,17,0,wk inc flu hosp,2026-03-14,quantile,0.25,267
2026-03-14,17,0,wk inc flu hosp,2026-03-14,quantile,0.3,278
2026-03-14,17,0,wk inc flu hosp,2026-03-14,quantile,0.35,292
2026-03-14,17,0,wk inc flu hosp,2026-03-14,quantile,0.4,303
2026-03-14,17,0,wk inc flu hosp,2026-03-14,quantile,0.45,317
2026-03-14,17,0,wk inc flu hosp,2026-03-14,quantile,0.5,330
2026-03-14,17,0,wk inc flu hosp,2026-03-14,quantile,0.55,341
2026-03-14,17,0,wk inc flu hosp,2026-03-14,quantile,0.6,351
2026-03-14,17,0,wk inc flu hosp,2026-03-14,quantile,0.65,360
2026-03-14,17,0,wk inc flu hosp,2026-03-14,quantile,0.7,373
2026-03-14,17,0,wk inc flu hosp,2026-03-14,quantile,0.75,390
2026-03-14,17,0,wk inc flu hosp,2026-03-14,quantile,0.8,404
2026-03-14,17,0,wk inc flu hosp,2026-03-14,quantile,0.85,430
2026-03-14,17,0,wk inc flu hosp,2026-03-14,quantile,0.9,462
2026-03-14,17,0,wk inc flu hosp,2026-03-14,quantile,0.95,512
2026-03-14,17,0,wk inc flu hosp,2026-03-14,quantile,0.975,563
2026-03-14,17,0,wk inc flu hosp,2026-03-14,quantile,0.99,634
2026-03-14,17,1,wk inc flu hosp,2026-03-21,quantile,0.01,88
2026-03-14,17,1,wk inc flu hosp,2026-03-21,quantile,0.025,104
2026-03-14,17,1,wk inc flu hosp,2026-03-21,quantile,0.05,132
2026-03-14,17,1,wk inc flu hosp,2026-03-21,quantile,0.1,162
2026-03-14,17,1,wk inc flu hosp,2026-03-21,quantile,0.15,182
2026-03-14,17,1,wk inc flu hosp,2026-03-21,quantile,0.2,199
2026-03-14,17,1,wk inc flu hosp,2026-03-21,quantile,0.25,210
2026-03-14,17,1,wk inc flu hosp,2026-03-21,quantile,0.3,223
2026-03-14,17,1,wk inc flu hosp,2026-03-21,quantile,0.35,234
2026-03-14,17,1,wk inc flu hosp,2026-03-21,quantile,0.4,249
2026-03-14,17,1,wk inc flu hosp,2026-03-21,quantile,0.45,268
2026-03-14,17,1,wk inc flu hosp,2026-03-21,quantile,0.5,291
2026-03-14,17,1,wk inc flu hosp,2026-03-21,quantile,0.55,305
2026-03-14,17,1,wk inc flu hosp,2026-03-21,quantile,0.6,319
2026-03-14,17,1,wk inc flu hosp,2026-03-21,quantile,0.65,329
2026-03-14,17,1,wk inc flu hosp,2026-03-21,quantile,0.7,344
2026-03-14,17,1,wk inc flu hosp,2026-03-21,quantile,0.75,359
2026-03-14,17,1,wk inc flu hosp,2026-03-21,quantile,0.8,377
2026-03-14,17,1,wk inc flu hosp,2026-03-21,quantile,0.85,406
2026-03-14,17,1,wk inc flu hosp,2026-03-21,quantile,0.9,448
2026-03-14,17,1,wk inc flu hosp,2026-03-21,quantile,0.95,522
2026-03-14,17,1,wk inc flu hosp,2026-03-21,quantile,0.975,583
2026-03-14,17,1,wk inc flu hosp,2026-03-21,quantile,0.99,655
2026-03-14,17,2,wk inc flu hosp,2026-03-28,quantile,0.01,63
2026-03-14,17,2,wk inc flu hosp,2026-03-28,quantile,0.025,68
2026-03-14,17,2,wk inc flu hosp,2026-03-28,quantile,0.05,95
2026-03-14,17,2,wk inc flu hosp,2026-03-28,quantile,0.1,126
2026-03-14,17,2,wk inc flu hosp,2026-03-28,quantile,0.15,141
2026-03-14,17,2,wk inc flu hosp,2026-03-28,quantile,0.2,158
2026-03-14,17,2,wk inc flu hosp,2026-03-28,quantile,0.25,173
2026-03-14,17,2,wk inc flu hosp,2026-03-28,quantile,0.3,186
2026-03-14,17,2,wk inc flu hosp,2026-03-28,quantile,0.35,200
2026-03-14,17,2,wk inc flu hosp,2026-03-28,quantile,0.4,214
2026-03-14,17,2,wk inc flu hosp,2026-03-28,quantile,0.45,229
2026-03-14,17,2,wk inc flu hosp,2026-03-28,quantile,0.5,248
2026-03-14,17,2,wk inc flu hosp,2026-03-28,quantile,0.55,263
2026-03-14,17,2,wk inc flu hosp,2026-03-28,quantile,0.6,282
2026-03-14,17,2,wk inc flu hosp,2026-03-28,quantile,0.65,301
2026-03-14,17,2,wk inc flu hosp,2026-03-28,quantile,0.7,319
2026-03-14,17,2,wk inc flu hosp,2026-03-28,quantile,0.75,338
2026-03-14,17,2,wk inc flu hosp,2026-03-28,quantile,0.8,360
2026-03-14,17,2,wk inc flu hosp,2026-03-28,quantile,0.85,387
2026-03-14,17,2,wk inc flu hosp,2026-03-28,quantile,0.9,424
2026-03-14,17,2,wk inc flu hosp,2026-03-28,quantile,0.95,518
2026-03-14,17,2,wk inc flu hosp,2026-03-28,quantile,0.975,601
2026-03-14,17,2,wk inc flu hosp,2026-03-28,quantile,0.99,733
2026-03-14,17,3,wk inc flu hosp,2026-04-04,quantile,0.01,37
2026-03-14,17,3,wk inc flu hosp,2026-04-04,quantile,0.025,50
2026-03-14,17,3,wk inc flu hosp,2026-04-04,quantile,0.05,66
2026-03-14,17,3,wk inc flu hosp,2026-04-04,quantile,0.1,93
2026-03-14,17,3,wk inc flu hosp,2026-04-04,quantile,0.15,104
2026-03-14,17,3,wk inc flu hosp,2026-04-04,quantile,0.2,124
2026-03-14,17,3,wk inc flu hosp,2026-04-04,quantile,0.25,137
2026-03-14,17,3,wk inc flu hosp,2026-04-04,quantile,0.3,155
2026-03-14,17,3,wk inc flu hosp,2026-04-04,quantile,0.35,166
2026-03-14,17,3,wk inc flu hosp,2026-04-04,quantile,0.4,181
2026-03-14,17,3,wk inc flu hosp,2026-04-04,quantile,0.45,194
2026-03-14,17,3,wk inc flu hosp,2026-04-04,quantile,0.5,215
2026-03-14,17,3,wk inc flu hosp,2026-04-04,quantile,0.55,227
2026-03-14,17,3,wk inc flu hosp,2026-04-04,quantile,0.6,249
2026-03-14,17,3,wk inc flu hosp,2026-04-04,quantile,0.65,265
2026-03-14,17,3,wk inc flu hosp,2026-04-04,quantile,0.7,274
2026-03-14,17,3,wk inc flu hosp,2026-04-04,quantile,0.75,304
2026-03-14,17,3,wk inc flu hosp,2026-04-04,quantile,0.8,327
2026-03-14,17,3,wk inc flu hosp,2026-04-04,quantile,0.85,362
2026-03-14,17,3,wk inc flu hosp,2026-04-04,quantile,0.9,398
2026-03-14,17,3,wk inc flu hosp,2026-04-04,quantile,0.95,493
2026-03-14,17,3,wk inc flu hosp,2026-04-04,quantile,0.975,601
2026-03-14,17,3,wk inc flu hosp,2026-04-04,quantile,0.99,713
2026-03-14,18,0,wk inc flu hosp,2026-03-14,quantile,0.01,113
2026-03-14,18,0,wk inc flu hosp,2026-03-14,quantile,0.025,132
2026-03-14,18,0,wk inc flu hosp,2026-03-14,quantile,0.05,145
2026-03-14,18,0,wk inc flu hosp,2026-03-14,quantile,0.1,164
2026-03-14,18,0,wk inc flu hosp,2026-03-14,quantile,0.15,176
2026-03-14,18,0,wk inc flu hosp,2026-03-14,quantile,0.2,187
2026-03-14,18,0,wk inc flu hosp,2026-03-14,quantile,0.25,196
2026-03-14,18,0,wk inc flu hosp,2026-03-14,quantile,0.3,205
2026-03-14,18,0,wk inc flu hosp,2026-03-14,quantile,0.35,212
2026-03-14,18,0,wk inc flu hosp,2026-03-14,quantile,0.4,223
2026-03-14,18,0,wk inc flu hosp,2026-03-14,quantile,0.45,229
2026-03-14,18,0,wk inc flu hosp,2026-03-14,quantile,0.5,239
2026-03-14,18,0,wk inc flu hosp,2026-03-14,quantile,0.55,249
2026-03-14,18,0,wk inc flu hosp,2026-03-14,quantile,0.6,255
2026-03-14,18,0,wk inc flu hosp,2026-03-14,quantile,0.65,265
2026-03-14,18,0,wk inc flu hosp,2026-03-14,quantile,0.7,280
2026-03-14,18,0,wk inc flu hosp,2026-03-14,quantile,0.75,289
2026-03-14,18,0,wk inc flu hosp,2026-03-14,quantile,0.8,298
2026-03-14,18,0,wk inc flu hosp,2026-03-14,quantile,0.85,312
2026-03-14,18,0,wk inc flu hosp,2026-03-14,quantile,0.9,331
2026-03-14,18,0,wk inc flu hosp,2026-03-14,quantile,0.95,362
2026-03-14,18,0,wk inc flu hosp,2026-03-14,quantile,0.975,391
2026-03-14,18,0,wk inc flu hosp,2026-03-14,quantile,0.99,428
2026-03-14,18,1,wk inc flu hosp,2026-03-21,quantile,0.01,62
2026-03-14,18,1,wk inc flu hosp,2026-03-21,quantile,0.025,75
2026-03-14,18,1,wk inc flu hosp,2026-03-21,quantile,0.05,91
2026-03-14,18,1,wk inc flu hosp,2026-03-21,quantile,0.1,107
2026-03-14,18,1,wk inc flu hosp,2026-03-21,quantile,0.15,121
2026-03-14,18,1,wk inc flu hosp,2026-03-21,quantile,0.2,135
2026-03-14,18,1,wk inc flu hosp,2026-03-21,quantile,0.25,147
2026-03-14,18,1,wk inc flu hosp,2026-03-21,quantile,0.3,158
2026-03-14,18,1,wk inc flu hosp,2026-03-21,quantile,0.35,167
2026-03-14,18,1,wk inc flu hosp,2026-03-21,quantile,0.4,181
2026-03-14,18,1,wk inc flu hosp,2026-03-21,quantile,0.45,195
2026-03-14,18,1,wk inc flu hosp,2026-03-21,quantile,0.5,205
2026-03-14,18,1,wk inc flu hosp,2026-03-21,quantile,0.55,216
2026-03-14,18,1,wk inc flu hosp,2026-03-21,quantile,0.6,227
2026-03-14,18,1,wk inc flu hosp,2026-03-21,quantile,0.65,238
2026-03-14,18,1,wk inc flu hosp,2026-03-21,quantile,0.7,250
2026-03-14,18,1,wk inc flu hosp,2026-03-21,quantile,0.75,264
2026-03-14,18,1,wk inc flu hosp,2026-03-21,quantile,0.8,280
2026-03-14,18,1,wk inc flu hosp,2026-03-21,quantile,0.85,301
2026-03-14,18,1,wk inc flu hosp,2026-03-21,quantile,0.9,332
2026-03-14,18,1,wk inc flu hosp,2026-03-21,quantile,0.95,377
2026-03-14,18,1,wk inc flu hosp,2026-03-21,quantile,0.975,420
2026-03-14,18,1,wk inc flu hosp,2026-03-21,quantile,0.99,459
2026-03-14,18,2,wk inc flu hosp,2026-03-28,quantile,0.01,31
2026-03-14,18,2,wk inc flu hosp,2026-03-28,quantile,0.025,52
2026-03-14,18,2,wk inc flu hosp,2026-03-28,quantile,0.05,62
2026-03-14,18,2,wk inc flu hosp,2026-03-28,quantile,0.1,84
2026-03-14,18,2,wk inc flu hosp,2026-03-28,quantile,0.15,102
2026-03-14,18,2,wk inc flu hosp,2026-03-28,quantile,0.2,109
2026-03-14,18,2,wk inc flu hosp,2026-03-28,quantile,0.25,123
2026-03-14,18,2,wk inc flu hosp,2026-03-28,quantile,0.3,131
2026-03-14,18,2,wk inc flu hosp,2026-03-28,quantile,0.35,139
2026-03-14,18,2,wk inc flu hosp,2026-03-28,quantile,0.4,154
2026-03-14,18,2,wk inc flu hosp,2026-03-28,quantile,0.45,170
2026-03-14,18,2,wk inc flu hosp,2026-03-28,quantile,0.5,176
2026-03-14,18,2,wk inc flu hosp,2026-03-28,quantile,0.55,183
2026-03-14,18,2,wk inc flu hosp,2026-03-28,quantile,0.6,195
2026-03-14,18,2,wk inc flu hosp,2026-03-28,quantile,0.65,208
2026-03-14,18,2,wk inc flu hosp,2026-03-28,quantile,0.7,222
2026-03-14,18,2,wk inc flu hosp,2026-03-28,quantile,0.75,237
2026-03-14,18,2,wk inc flu hosp,2026-03-28,quantile,0.8,256
2026-03-14,18,2,wk inc flu hosp,2026-03-28,quantile,0.85,277
2026-03-14,18,2,wk inc flu hosp,2026-03-28,quantile,0.9,310
2026-03-14,18,2,wk inc flu hosp,2026-03-28,quantile,0.95,370
2026-03-14,18,2,wk inc flu hosp,2026-03-28,quantile,0.975,419
2026-03-14,18,2,wk inc flu hosp,2026-03-28,quantile,0.99,490
2026-03-14,18,3,wk inc flu hosp,2026-04-04,quantile,0.01,20
2026-03-14,18,3,wk inc flu hosp,2026-04-04,quantile,0.025,34
2026-03-14,18,3,wk inc flu hosp,2026-04-04,quantile,0.05,45
2026-03-14,18,3,wk inc flu hosp,2026-04-04,quantile,0.1,59
2026-03-14,18,3,wk inc flu hosp,2026-04-04,quantile,0.15,72
2026-03-14,18,3,wk inc flu hosp,2026-04-04,quantile,0.2,87
2026-03-14,18,3,wk inc flu hosp,2026-04-04,quantile,0.25,100
2026-03-14,18,3,wk inc flu hosp,2026-04-04,quantile,0.3,110
2026-03-14,18,3,wk inc flu hosp,2026-04-04,quantile,0.35,118
2026-03-14,18,3,wk inc flu hosp,2026-04-04,quantile,0.4,132
2026-03-14,18,3,wk inc flu hosp,2026-04-04,quantile,0.45,144
2026-03-14,18,3,wk inc flu hosp,2026-04-04,quantile,0.5,153
2026-03-14,18,3,wk inc flu hosp,2026-04-04,quantile,0.55,161
2026-03-14,18,3,wk inc flu hosp,2026-04-04,quantile,0.6,180
2026-03-14,18,3,wk inc flu hosp,2026-04-04,quantile,0.65,191
2026-03-14,18,3,wk inc flu hosp,2026-04-04,quantile,0.7,202
2026-03-14,18,3,wk inc flu hosp,2026-04-04,quantile,0.75,217
2026-03-14,18,3,wk inc flu hosp,2026-04-04,quantile,0.8,239
2026-03-14,18,3,wk inc flu hosp,2026-04-04,quantile,0.85,267
2026-03-14,18,3,wk inc flu hosp,2026-04-04,quantile,0.9,297
2026-03-14,18,3,wk inc flu hosp,2026-04-04,quantile,0.95,353
2026-03-14,18,3,wk inc flu hosp,2026-04-04,quantile,0.975,425
2026-03-14,18,3,wk inc flu hosp,2026-04-04,quantile,0.99,514
2026-03-14,19,0,wk inc flu hosp,2026-03-14,quantile,0.01,21
2026-03-14,19,0,wk inc flu hosp,2026-03-14,quantile,0.025,25
2026-03-14,19,0,wk inc flu hosp,2026-03-14,quantile,0.05,28
2026-03-14,19,0,wk inc flu hosp,2026-03-14,quantile,0.1,34
2026-03-14,19,0,wk inc flu hosp,2026-03-14,quantile,0.15,39
2026-03-14,19,0,wk inc flu hosp,2026-03-14,quantile,0.2,42
2026-03-14,19,0,wk inc flu hosp,2026-03-14,quantile,0.25,45
2026-03-14,19,0,wk inc flu hosp,2026-03-14,quantile,0.3,50
2026-03-14,19,0,wk inc flu hosp,2026-03-14,quantile,0.35,53
2026-03-14,19,0,wk inc flu hosp,2026-03-14,quantile,0.4,56
2026-03-14,19,0,wk inc flu hosp,2026-03-14,quantile,0.45,60
2026-03-14,19,0,wk inc flu hosp,2026-03-14,quantile,0.5,63
2026-03-14,19,0,wk inc flu hosp,2026-03-14,quantile,0.55,66
2026-03-14,19,0,wk inc flu hosp,2026-03-14,quantile,0.6,69
2026-03-14,19,0,wk inc flu hosp,2026-03-14,quantile,0.65,72
2026-03-14,19,0,wk inc flu hosp,2026-03-14,quantile,0.7,76
2026-03-14,19,0,wk inc flu hosp,2026-03-14,quantile,0.75,81
2026-03-14,19,0,wk inc flu hosp,2026-03-14,quantile,0.8,86
2026-03-14,19,0,wk inc flu hosp,2026-03-14,quantile,0.85,92
2026-03-14,19,0,wk inc flu hosp,2026-03-14,quantile,0.9,98
2026-03-14,19,0,wk inc flu hosp,2026-03-14,quantile,0.95,110
2026-03-14,19,0,wk inc flu hosp,2026-03-14,quantile,0.975,122
2026-03-14,19,0,wk inc flu hosp,2026-03-14,quantile,0.99,131
2026-03-14,19,1,wk inc flu hosp,2026-03-21,quantile,0.01,9
2026-03-14,19,1,wk inc flu hosp,2026-03-21,quantile,0.025,13
2026-03-14,19,1,wk inc flu hosp,2026-03-21,quantile,0.05,15
2026-03-14,19,1,wk inc flu hosp,2026-03-21,quantile,0.1,20
2026-03-14,19,1,wk inc flu hosp,2026-03-21,quantile,0.15,23
2026-03-14,19,1,wk inc flu hosp,2026-03-21,quantile,0.2,28
2026-03-14,19,1,wk inc flu hosp,2026-03-21,quantile,0.25,30
2026-03-14,19,1,wk inc flu hosp,2026-03-21,quantile,0.3,35
2026-03-14,19,1,wk inc flu hosp,2026-03-21,quantile,0.35,39
2026-03-14,19,1,wk inc flu hosp,2026-03-21,quantile,0.4,42
2026-03-14,19,1,wk inc flu hosp,2026-03-21,quantile,0.45,43
2026-03-14,19,1,wk inc flu hosp,2026-03-21,quantile,0.5,47
2026-03-14,19,1,wk inc flu hosp,2026-03-21,quantile,0.55,50
2026-03-14,19,1,wk inc flu hosp,2026-03-21,quantile,0.6,54
2026-03-14,19,1,wk inc flu hosp,2026-03-21,quantile,0.65,57
2026-03-14,19,1,wk inc flu hosp,2026-03-21,quantile,0.7,63
2026-03-14,19,1,wk inc flu hosp,2026-03-21,quantile,0.75,67
2026-03-14,19,1,wk inc flu hosp,2026-03-21,quantile,0.8,72
2026-03-14,19,1,wk inc flu hosp,2026-03-21,quantile,0.85,79
2026-03-14,19,1,wk inc flu hosp,2026-03-21,quantile,0.9,88
2026-03-14,19,1,wk inc flu hosp,2026-03-21,quantile,0.95,104
2026-03-14,19,1,wk inc flu hosp,2026-03-21,quantile,0.975,115
2026-03-14,19,1,wk inc flu hosp,2026-03-21,quantile,0.99,130
2026-03-14,19,2,wk inc flu hosp,2026-03-28,quantile,0.01,3
2026-03-14,19,2,wk inc flu hosp,2026-03-28,quantile,0.025,5
2026-03-14,19,2,wk inc flu hosp,2026-03-28,quantile,0.05,7
2026-03-14,19,2,wk inc flu hosp,2026-03-28,quantile,0.1,12
2026-03-14,19,2,wk inc flu hosp,2026-03-28,quantile,0.15,17
2026-03-14,19,2,wk inc flu hosp,2026-03-28,quantile,0.2,21
2026-03-14,19,2,wk inc flu hosp,2026-03-28,quantile,0.25,25
2026-03-14,19,2,wk inc flu hosp,2026-03-28,quantile,0.3,28
2026-03-14,19,2,wk inc flu hosp,2026-03-28,quantile,0.35,29
2026-03-14,19,2,wk inc flu hosp,2026-03-28,quantile,0.4,30
2026-03-14,19,2,wk inc flu hosp,2026-03-28,quantile,0.45,32
2026-03-14,19,2,wk inc flu hosp,2026-03-28,quantile,0.5,33
2026-03-14,19,2,wk inc flu hosp,2026-03-28,quantile,0.55,35
2026-03-14,19,2,wk inc flu hosp,2026-03-28,quantile,0.6,39
2026-03-14,19,2,wk inc flu hosp,2026-03-28,quantile,0.65,44
2026-03-14,19,2,wk inc flu hosp,2026-03-28,quantile,0.7,50
2026-03-14,19,2,wk inc flu hosp,2026-03-28,quantile,0.75,54
2026-03-14,19,2,wk inc flu hosp,2026-03-28,quantile,0.8,60
2026-03-14,19,2,wk inc flu hosp,2026-03-28,quantile,0.85,69
2026-03-14,19,2,wk inc flu hosp,2026-03-28,quantile,0.9,79
2026-03-14,19,2,wk inc flu hosp,2026-03-28,quantile,0.95,95
2026-03-14,19,2,wk inc flu hosp,2026-03-28,quantile,0.975,109
2026-03-14,19,2,wk inc flu hosp,2026-03-28,quantile,0.99,129
2026-03-14,19,3,wk inc flu hosp,2026-04-04,quantile,0.01,2
2026-03-14,19,3,wk inc flu hosp,2026-04-04,quantile,0.025,3
2026-03-14,19,3,wk inc flu hosp,2026-04-04,quantile,0.05,4
2026-03-14,19,3,wk inc flu hosp,2026-04-04,quantile,0.1,8
2026-03-14,19,3,wk inc flu hosp,2026-04-04,quantile,0.15,12
2026-03-14,19,3,wk inc flu hosp,2026-04-04,quantile,0.2,14
2026-03-14,19,3,wk inc flu hosp,2026-04-04,quantile,0.25,17
2026-03-14,19,3,wk inc flu hosp,2026-04-04,quantile,0.3,18
2026-03-14,19,3,wk inc flu hosp,2026-04-04,quantile,0.35,20
2026-03-14,19,3,wk inc flu hosp,2026-04-04,quantile,0.4,21
2026-03-14,19,3,wk inc flu hosp,2026-04-04,quantile,0.45,22
2026-03-14,19,3,wk inc flu hosp,2026-04-04,quantile,0.5,26
2026-03-14,19,3,wk inc flu hosp,2026-04-04,quantile,0.55,28
2026-03-14,19,3,wk inc flu hosp,2026-04-04,quantile,0.6,31
2026-03-14,19,3,wk inc flu hosp,2026-04-04,quantile,0.65,34
2026-03-14,19,3,wk inc flu hosp,2026-04-04,quantile,0.7,41
2026-03-14,19,3,wk inc flu hosp,2026-04-04,quantile,0.75,45
2026-03-14,19,3,wk inc flu hosp,2026-04-04,quantile,0.8,53
2026-03-14,19,3,wk inc flu hosp,2026-04-04,quantile,0.85,61
2026-03-14,19,3,wk inc flu hosp,2026-04-04,quantile,0.9,80
2026-03-14,19,3,wk inc flu hosp,2026-04-04,quantile,0.95,88
2026-03-14,19,3,wk inc flu hosp,2026-04-04,quantile,0.975,102
2026-03-14,19,3,wk inc flu hosp,2026-04-04,quantile,0.99,124
2026-03-14,20,0,wk inc flu hosp,2026-03-14,quantile,0.01,31
2026-03-14,20,0,wk inc flu hosp,2026-03-14,quantile,0.025,38
2026-03-14,20,0,wk inc flu hosp,2026-03-14,quantile,0.05,43
2026-03-14,20,0,wk inc flu hosp,2026-03-14,quantile,0.1,49
2026-03-14,20,0,wk inc flu hosp,2026-03-14,quantile,0.15,55
2026-03-14,20,0,wk inc flu hosp,2026-03-14,quantile,0.2,60
2026-03-14,20,0,wk inc flu hosp,2026-03-14,quantile,0.25,63
2026-03-14,20,0,wk inc flu hosp,2026-03-14,quantile,0.3,67
2026-03-14,20,0,wk inc flu hosp,2026-03-14,quantile,0.35,71
2026-03-14,20,0,wk inc flu hosp,2026-03-14,quantile,0.4,74
2026-03-14,20,0,wk inc flu hosp,2026-03-14,quantile,0.45,75
2026-03-14,20,0,wk inc flu hosp,2026-03-14,quantile,0.5,79
2026-03-14,20,0,wk inc flu hosp,2026-03-14,quantile,0.55,82
2026-03-14,20,0,wk inc flu hosp,2026-03-14,quantile,0.6,86
2026-03-14,20,0,wk inc flu hosp,2026-03-14,quantile,0.65,90
2026-03-14,20,0,wk inc flu hosp,2026-03-14,quantile,0.7,94
2026-03-14,20,0,wk inc flu hosp,2026-03-14,quantile,0.75,97
2026-03-14,20,0,wk inc flu hosp,2026-03-14,quantile,0.8,101
2026-03-14,20,0,wk inc flu hosp,2026-03-14,quantile,0.85,109
2026-03-14,20,0,wk inc flu hosp,2026-03-14,quantile,0.9,120
2026-03-14,20,0,wk inc flu hosp,2026-03-14,quantile,0.95,134
2026-03-14,20,0,wk inc flu hosp,2026-03-14,quantile,0.975,147
2026-03-14,20,0,wk inc flu hosp,2026-03-14,quantile,0.99,159
2026-03-14,20,1,wk inc flu hosp,2026-03-21,quantile,0.01,16
2026-03-14,20,1,wk inc flu hosp,2026-03-21,quantile,0.025,22
2026-03-14,20,1,wk inc flu hosp,2026-03-21,quantile,0.05,26
2026-03-14,20,1,wk inc flu hosp,2026-03-21,quantile,0.1,34
2026-03-14,20,1,wk inc flu hosp,2026-03-21,quantile,0.15,39
2026-03-14,20,1,wk inc flu hosp,2026-03-21,quantile,0.2,43
2026-03-14,20,1,wk inc flu hosp,2026-03-21,quantile,0.25,46
2026-03-14,20,1,wk inc flu hosp,2026-03-21,quantile,0.3,50
2026-03-14,20,1,wk inc flu hosp,2026-03-21,quantile,0.35,53
2026-03-14,20,1,wk inc flu hosp,2026-03-21,quantile,0.4,56
2026-03-14,20,1,wk inc flu hosp,2026-03-21,quantile,0.45,61
2026-03-14,20,1,wk inc flu hosp,2026-03-21,quantile,0.5,67
2026-03-14,20,1,wk inc flu hosp,2026-03-21,quantile,0.55,70
2026-03-14,20,1,wk inc flu hosp,2026-03-21,quantile,0.6,73
2026-03-14,20,1,wk inc flu hosp,2026-03-21,quantile,0.65,77
2026-03-14,20,1,wk inc flu hosp,2026-03-21,quantile,0.7,83
2026-03-14,20,1,wk inc flu hosp,2026-03-21,quantile,0.75,88
2026-03-14,20,1,wk inc flu hosp,2026-03-21,quantile,0.8,94
2026-03-14,20,1,wk inc flu hosp,2026-03-21,quantile,0.85,102
2026-03-14,20,1,wk inc flu hosp,2026-03-21,quantile,0.9,113
2026-03-14,20,1,wk inc flu hosp,2026-03-21,quantile,0.95,131
2026-03-14,20,1,wk inc flu hosp,2026-03-21,quantile,0.975,142
2026-03-14,20,1,wk inc flu hosp,2026-03-21,quantile,0.99,158
2026-03-14,20,2,wk inc flu hosp,2026-03-28,quantile,0.01,9
2026-03-14,20,2,wk inc flu hosp,2026-03-28,quantile,0.025,14
2026-03-14,20,2,wk inc flu hosp,2026-03-28,quantile,0.05,17
2026-03-14,20,2,wk inc flu hosp,2026-03-28,quantile,0.1,24
2026-03-14,20,2,wk inc flu hosp,2026-03-28,quantile,0.15,27
2026-03-14,20,2,wk inc flu hosp,2026-03-28,quantile,0.2,30
2026-03-14,20,2,wk inc flu hosp,2026-03-28,quantile,0.25,33
2026-03-14,20,2,wk inc flu hosp,2026-03-28,quantile,0.3,35
2026-03-14,20,2,wk inc flu hosp,2026-03-28,quantile,0.35,40
2026-03-14,20,2,wk inc flu hosp,2026-03-28,quantile,0.4,44
2026-03-14,20,2,wk inc flu hosp,2026-03-28,quantile,0.45,49
2026-03-14,20,2,wk inc flu hosp,2026-03-28,quantile,0.5,54
2026-03-14,20,2,wk inc flu hosp,2026-03-28,quantile,0.55,59
2026-03-14,20,2,wk inc flu hosp,2026-03-28,quantile,0.6,63
2026-03-14,20,2,wk inc flu hosp,2026-03-28,quantile,0.65,69
2026-03-14,20,2,wk inc flu hosp,2026-03-28,quantile,0.7,75
2026-03-14,20,2,wk inc flu hosp,2026-03-28,quantile,0.75,81
2026-03-14,20,2,wk inc flu hosp,2026-03-28,quantile,0.8,88
2026-03-14,20,2,wk inc flu hosp,2026-03-28,quantile,0.85,97
2026-03-14,20,2,wk inc flu hosp,2026-03-28,quantile,0.9,108
2026-03-14,20,2,wk inc flu hosp,2026-03-28,quantile,0.95,125
2026-03-14,20,2,wk inc flu hosp,2026-03-28,quantile,0.975,139
2026-03-14,20,2,wk inc flu hosp,2026-03-28,quantile,0.99,157
2026-03-14,20,3,wk inc flu hosp,2026-04-04,quantile,0.01,4
2026-03-14,20,3,wk inc flu hosp,2026-04-04,quantile,0.025,7
2026-03-14,20,3,wk inc flu hosp,2026-04-04,quantile,0.05,11
2026-03-14,20,3,wk inc flu hosp,2026-04-04,quantile,0.1,14
2026-03-14,20,3,wk inc flu hosp,2026-04-04,quantile,0.15,17
2026-03-14,20,3,wk inc flu hosp,2026-04-04,quantile,0.2,22
2026-03-14,20,3,wk inc flu hosp,2026-04-04,quantile,0.25,24
2026-03-14,20,3,wk inc flu hosp,2026-04-04,quantile,0.3,27
2026-03-14,20,3,wk inc flu hosp,2026-04-04,quantile,0.35,30
2026-03-14,20,3,wk inc flu hosp,2026-04-04,quantile,0.4,36
2026-03-14,20,3,wk inc flu hosp,2026-04-04,quantile,0.45,38
2026-03-14,20,3,wk inc flu hosp,2026-04-04,quantile,0.5,41
2026-03-14,20,3,wk inc flu hosp,2026-04-04,quantile,0.55,48
2026-03-14,20,3,wk inc flu hosp,2026-04-04,quantile,0.6,51
2026-03-14,20,3,wk inc flu hosp,2026-04-04,quantile,0.65,57
2026-03-14,20,3,wk inc flu hosp,2026-04-04,quantile,0.7,62
2026-03-14,20,3,wk inc flu hosp,2026-04-04,quantile,0.75,69
2026-03-14,20,3,wk inc flu hosp,2026-04-04,quantile,0.8,77
2026-03-14,20,3,wk inc flu hosp,2026-04-04,quantile,0.85,88
2026-03-14,20,3,wk inc flu hosp,2026-04-04,quantile,0.9,99
2026-03-14,20,3,wk inc flu hosp,2026-04-04,quantile,0.95,122
2026-03-14,20,3,wk inc flu hosp,2026-04-04,quantile,0.975,139
2026-03-14,20,3,wk inc flu hosp,2026-04-04,quantile,0.99,163
2026-03-14,21,0,wk inc flu hosp,2026-03-14,quantile,0.01,83
2026-03-14,21,0,wk inc flu hosp,2026-03-14,quantile,0.025,96
2026-03-14,21,0,wk inc flu hosp,2026-03-14,quantile,0.05,109
2026-03-14,21,0,wk inc flu hosp,2026-03-14,quantile,0.1,121
2026-03-14,21,0,wk inc flu hosp,2026-03-14,quantile,0.15,130
2026-03-14,21,0,wk inc flu hosp,2026-03-14,quantile,0.2,137
2026-03-14,21,0,wk inc flu hosp,2026-03-14,quantile,0.25,144
2026-03-14,21,0,wk inc flu hosp,2026-03-14,quantile,0.3,152
2026-03-14,21,0,wk inc flu hosp,2026-03-14,quantile,0.35,161
2026-03-14,21,0,wk inc flu hosp,2026-03-14,quantile,0.4,166
2026-03-14,21,0,wk inc flu hosp,2026-03-14,quantile,0.45,177
2026-03-14,21,0,wk inc flu hosp,2026-03-14,quantile,0.5,187
2026-03-14,21,0,wk inc flu hosp,2026-03-14,quantile,0.55,194
2026-03-14,21,0,wk inc flu hosp,2026-03-14,quantile,0.6,200
2026-03-14,21,0,wk inc flu hosp,2026-03-14,quantile,0.65,207
2026-03-14,21,0,wk inc flu hosp,2026-03-14,quantile,0.7,217
2026-03-14,21,0,wk inc flu hosp,2026-03-14,quantile,0.75,229
2026-03-14,21,0,wk inc flu hosp,2026-03-14,quantile,0.8,244
2026-03-14,21,0,wk inc flu hosp,2026-03-14,quantile,0.85,255
2026-03-14,21,0,wk inc flu hosp,2026-03-14,quantile,0.9,269
2026-03-14,21,0,wk inc flu hosp,2026-03-14,quantile,0.95,291
2026-03-14,21,0,wk inc flu hosp,2026-03-14,quantile,0.975,315
2026-03-14,21,0,wk inc flu hosp,2026-03-14,quantile,0.99,341
2026-03-14,21,1,wk inc flu hosp,2026-03-21,quantile,0.01,46
2026-03-14,21,1,wk inc flu hosp,2026-03-21,quantile,0.025,60
2026-03-14,21,1,wk inc flu hosp,2026-03-21,quantile,0.05,70
2026-03-14,21,1,wk inc flu hosp,2026-03-21,quantile,0.1,84
2026-03-14,21,1,wk inc flu hosp,2026-03-21,quantile,0.15,94
2026-03-14,21,1,wk inc flu hosp,2026-03-21,quantile,0.2,104
2026-03-14,21,1,wk inc flu hosp,2026-03-21,quantile,0.25,115
2026-03-14,21,1,wk inc flu hosp,2026-03-21,quantile,0.3,124
2026-03-14,21,1,wk inc flu hosp,2026-03-21,quantile,0.35,134
2026-03-14,21,1,wk inc flu hosp,2026-03-21,quantile,0.4,144
2026-03-14,21,1,wk inc flu hosp,2026-03-21,quantile,0.45,152
2026-03-14,21,1,wk inc flu hosp,2026-03-21,quantile,0.5,163
2026-03-14,21,1,wk inc flu hosp,2026-03-21,quantile,0.55,168
2026-03-14,21,1,wk inc flu hosp,2026-03-21,quantile,0.6,179
2026-03-14,21,1,wk inc flu hosp,2026-03-21,quantile,0.65,189
2026-03-14,21,1,wk inc flu hosp,2026-03-21,quantile,0.7,197
2026-03-14,21,1,wk inc flu hosp,2026-03-21,quantile,0.75,210
2026-03-14,21,1,wk inc flu hosp,2026-03-21,quantile,0.8,230
2026-03-14,21,1,wk inc flu hosp,2026-03-21,quantile,0.85,250
2026-03-14,21,1,wk inc flu hosp,2026-03-21,quantile,0.9,274
2026-03-14,21,1,wk inc flu hosp,2026-03-21,quantile,0.95,306
2026-03-14,21,1,wk inc flu hosp,2026-03-21,quantile,0.975,339
2026-03-14,21,1,wk inc flu hosp,2026-03-21,quantile,0.99,389
2026-03-14,21,2,wk inc flu hosp,2026-03-28,quantile,0.01,27
2026-03-14,21,2,wk inc flu hosp,2026-03-28,quantile,0.025,38
2026-03-14,21,2,wk inc flu hosp,2026-03-28,quantile,0.05,49
2026-03-14,21,2,wk inc flu hosp,2026-03-28,quantile,0.1,62
2026-03-14,21,2,wk inc flu hosp,2026-03-28,quantile,0.15,74
2026-03-14,21,2,wk inc flu hosp,2026-03-28,quantile,0.2,85
2026-03-14,21,2,wk inc flu hosp,2026-03-28,quantile,0.25,94
2026-03-14,21,2,wk inc flu hosp,2026-03-28,quantile,0.3,103
2026-03-14,21,2,wk inc flu hosp,2026-03-28,quantile,0.35,113
2026-03-14,21,2,wk inc flu hosp,2026-03-28,quantile,0.4,122
2026-03-14,21,2,wk inc flu hosp,2026-03-28,quantile,0.45,129
2026-03-14,21,2,wk inc flu hosp,2026-03-28,quantile,0.5,137
2026-03-14,21,2,wk inc flu hosp,2026-03-28,quantile,0.55,147
2026-03-14,21,2,wk inc flu hosp,2026-03-28,quantile,0.6,158
2026-03-14,21,2,wk inc flu hosp,2026-03-28,quantile,0.65,169
2026-03-14,21,2,wk inc flu hosp,2026-03-28,quantile,0.7,180
2026-03-14,21,2,wk inc flu hosp,2026-03-28,quantile,0.75,194
2026-03-14,21,2,wk inc flu hosp,2026-03-28,quantile,0.8,211
2026-03-14,21,2,wk inc flu hosp,2026-03-28,quantile,0.85,237
2026-03-14,21,2,wk inc flu hosp,2026-03-28,quantile,0.9,266
2026-03-14,21,2,wk inc flu hosp,2026-03-28,quantile,0.95,308
2026-03-14,21,2,wk inc flu hosp,2026-03-28,quantile,0.975,344
2026-03-14,21,2,wk inc flu hosp,2026-03-28,quantile,0.99,396
2026-03-14,21,3,wk inc flu hosp,2026-04-04,quantile,0.01,20
2026-03-14,21,3,wk inc flu hosp,2026-04-04,quantile,0.025,26
2026-03-14,21,3,wk inc flu hosp,2026-04-04,quantile,0.05,40
2026-03-14,21,3,wk inc flu hosp,2026-04-04,quantile,0.1,51
2026-03-14,21,3,wk inc flu hosp,2026-04-04,quantile,0.15,63
2026-03-14,21,3,wk inc flu hosp,2026-04-04,quantile,0.2,71
2026-03-14,21,3,wk inc flu hosp,2026-04-04,quantile,0.25,78
2026-03-14,21,3,wk inc flu hosp,2026-04-04,quantile,0.3,86
2026-03-14,21,3,wk inc flu hosp,2026-04-04,quantile,0.35,98
2026-03-14,21,3,wk inc flu hosp,2026-04-04,quantile,0.4,102
2026-03-14,21,3,wk inc flu hosp,2026-04-04,quantile,0.45,112
2026-03-14,21,3,wk inc flu hosp,2026-04-04,quantile,0.5,121
2026-03-14,21,3,wk inc flu hosp,2026-04-04,quantile,0.55,131
2026-03-14,21,3,wk inc flu hosp,2026-04-04,quantile,0.6,141
2026-03-14,21,3,wk inc flu hosp,2026-04-04,quantile,0.65,152
2026-03-14,21,3,wk inc flu hosp,2026-04-04,quantile,0.7,164
2026-03-14,21,3,wk inc flu hosp,2026-04-04,quantile,0.75,178
2026-03-14,21,3,wk inc flu hosp,2026-04-04,quantile,0.8,194
2026-03-14,21,3,wk inc flu hosp,2026-04-04,quantile,0.85,220
2026-03-14,21,3,wk inc flu hosp,2026-04-04,quantile,0.9,250
2026-03-14,21,3,wk inc flu hosp,2026-04-04,quantile,0.95,304
2026-03-14,21,3,wk inc flu hosp,2026-04-04,quantile,0.975,344
2026-03-14,21,3,wk inc flu hosp,2026-04-04,quantile,0.99,404
2026-03-14,22,0,wk inc flu hosp,2026-03-14,quantile,0.01,59
2026-03-14,22,0,wk inc flu hosp,2026-03-14,quantile,0.025,70
2026-03-14,22,0,wk inc flu hosp,2026-03-14,quantile,0.05,81
2026-03-14,22,0,wk inc flu hosp,2026-03-14,quantile,0.1,94
2026-03-14,22,0,wk inc flu hosp,2026-03-14,quantile,0.15,102
2026-03-14,22,0,wk inc flu hosp,2026-03-14,quantile,0.2,107
2026-03-14,22,0,wk inc flu hosp,2026-03-14,quantile,0.25,111
2026-03-14,22,0,wk inc flu hosp,2026-03-14,quantile,0.3,116
2026-03-14,22,0,wk inc flu hosp,2026-03-14,quantile,0.35,123
2026-03-14,22,0,wk inc flu hosp,2026-03-14,quantile,0.4,128
2026-03-14,22,0,wk inc flu hosp,2026-03-14,quantile,0.45,133
2026-03-14,22,0,wk inc flu hosp,2026-03-14,quantile,0.5,142
2026-03-14,22,0,wk inc flu hosp,2026-03-14,quantile,0.55,149
2026-03-14,22,0,wk inc flu hosp,2026-03-14,quantile,0.6,155
2026-03-14,22,0,wk inc flu hosp,2026-03-14,quantile,0.65,161
2026-03-14,22,0,wk inc flu hosp,2026-03-14,quantile,0.7,168
2026-03-14,22,0,wk inc flu hosp,2026-03-14,quantile,0.75,174
2026-03-14,22,0,wk inc flu hosp,2026-03-14,quantile,0.8,181
2026-03-14,22,0,wk inc flu hosp,2026-03-14,quantile,0.85,188
2026-03-14,22,0,wk inc flu hosp,2026-03-14,quantile,0.9,202
2026-03-14,22,0,wk inc flu hosp,2026-03-14,quantile,0.95,221
2026-03-14,22,0,wk inc flu hosp,2026-03-14,quantile,0.975,238
2026-03-14,22,0,wk inc flu hosp,2026-03-14,quantile,0.99,258
2026-03-14,22,1,wk inc flu hosp,2026-03-21,quantile,0.01,38
2026-03-14,22,1,wk inc flu hosp,2026-03-21,quantile,0.025,48
2026-03-14,22,1,wk inc flu hosp,2026-03-21,quantile,0.05,60
2026-03-14,22,1,wk inc flu hosp,2026-03-21,quantile,0.1,68
2026-03-14,22,1,wk inc flu hosp,2026-03-21,quantile,0.15,74
2026-03-14,22,1,wk inc flu hosp,2026-03-21,quantile,0.2,80
2026-03-14,22,1,wk inc flu hosp,2026-03-21,quantile,0.25,84
2026-03-14,22,1,wk inc flu hosp,2026-03-21,quantile,0.3,90
2026-03-14,22,1,wk inc flu hosp,2026-03-21,quantile,0.35,95
2026-03-14,22,1,wk inc flu hosp,2026-03-21,quantile,0.4,100
2026-03-14,22,1,wk inc flu hosp,2026-03-21,quantile,0.45,106
2026-03-14,22,1,wk inc flu hosp,2026-03-21,quantile,0.5,115
2026-03-14,22,1,wk inc flu hosp,2026-03-21,quantile,0.55,123
2026-03-14,22,1,wk inc flu hosp,2026-03-21,quantile,0.6,133
2026-03-14,22,1,wk inc flu hosp,2026-03-21,quantile,0.65,140
2026-03-14,22,1,wk inc flu hosp,2026-03-21,quantile,0.7,149
2026-03-14,22,1,wk inc flu hosp,2026-03-21,quantile,0.75,160
2026-03-14,22,1,wk inc flu hosp,2026-03-21,quantile,0.8,166
2026-03-14,22,1,wk inc flu hosp,2026-03-21,quantile,0.85,178
2026-03-14,22,1,wk inc flu hosp,2026-03-21,quantile,0.9,195
2026-03-14,22,1,wk inc flu hosp,2026-03-21,quantile,0.95,226
2026-03-14,22,1,wk inc flu hosp,2026-03-21,quantile,0.975,257
2026-03-14,22,1,wk inc flu hosp,2026-03-21,quantile,0.99,295
2026-03-14,22,2,wk inc flu hosp,2026-03-28,quantile,0.01,25
2026-03-14,22,2,wk inc flu hosp,2026-03-28,quantile,0.025,32
2026-03-14,22,2,wk inc flu hosp,2026-03-28,quantile,0.05,40
2026-03-14,22,2,wk inc flu hosp,2026-03-28,quantile,0.1,51
2026-03-14,22,2,wk inc flu hosp,2026-03-28,quantile,0.15,57
2026-03-14,22,2,wk inc flu hosp,2026-03-28,quantile,0.2,63
2026-03-14,22,2,wk inc flu hosp,2026-03-28,quantile,0.25,68
2026-03-14,22,2,wk inc flu hosp,2026-03-28,quantile,0.3,72
2026-03-14,22,2,wk inc flu hosp,2026-03-28,quantile,0.35,76
2026-03-14,22,2,wk inc flu hosp,2026-03-28,quantile,0.4,80
2026-03-14,22,2,wk inc flu hosp,2026-03-28,quantile,0.45,85
2026-03-14,22,2,wk inc flu hosp,2026-03-28,quantile,0.5,93
2026-03-14,22,2,wk inc flu hosp,2026-03-28,quantile,0.55,100
2026-03-14,22,2,wk inc flu hosp,2026-03-28,quantile,0.6,109
2026-03-14,22,2,wk inc flu hosp,2026-03-28,quantile,0.65,118
2026-03-14,22,2,wk inc flu hosp,2026-03-28,quantile,0.7,130
2026-03-14,22,2,wk inc flu hosp,2026-03-28,quantile,0.75,139
2026-03-14,22,2,wk inc flu hosp,2026-03-28,quantile,0.8,155
2026-03-14,22,2,wk inc flu hosp,2026-03-28,quantile,0.85,167
2026-03-14,22,2,wk inc flu hosp,2026-03-28,quantile,0.9,179
2026-03-14,22,2,wk inc flu hosp,2026-03-28,quantile,0.95,220
2026-03-14,22,2,wk inc flu hosp,2026-03-28,quantile,0.975,251
2026-03-14,22,2,wk inc flu hosp,2026-03-28,quantile,0.99,303
2026-03-14,22,3,wk inc flu hosp,2026-04-04,quantile,0.01,17
2026-03-14,22,3,wk inc flu hosp,2026-04-04,quantile,0.025,23
2026-03-14,22,3,wk inc flu hosp,2026-04-04,quantile,0.05,28
2026-03-14,22,3,wk inc flu hosp,2026-04-04,quantile,0.1,38
2026-03-14,22,3,wk inc flu hosp,2026-04-04,quantile,0.15,45
2026-03-14,22,3,wk inc flu hosp,2026-04-04,quantile,0.2,50
2026-03-14,22,3,wk inc flu hosp,2026-04-04,quantile,0.25,55
2026-03-14,22,3,wk inc flu hosp,2026-04-04,quantile,0.3,59
2026-03-14,22,3,wk inc flu hosp,2026-04-04,quantile,0.35,62
2026-03-14,22,3,wk inc flu hosp,2026-04-04,quantile,0.4,66
2026-03-14,22,3,wk inc flu hosp,2026-04-04,quantile,0.45,70
2026-03-14,22,3,wk inc flu hosp,2026-04-04,quantile,0.5,76
2026-03-14,22,3,wk inc flu hosp,2026-04-04,quantile,0.55,84
2026-03-14,22,3,wk inc flu hosp,2026-04-04,quantile,0.6,91
2026-03-14,22,3,wk inc flu hosp,2026-04-04,quantile,0.65,101
2026-03-14,22,3,wk inc flu hosp,2026-04-04,quantile,0.7,110
2026-03-14,22,3,wk inc flu hosp,2026-04-04,quantile,0.75,122
2026-03-14,22,3,wk inc flu hosp,2026-04-04,quantile,0.8,136
2026-03-14,22,3,wk inc flu hosp,2026-04-04,quantile,0.85,155
2026-03-14,22,3,wk inc flu hosp,2026-04-04,quantile,0.9,174
2026-03-14,22,3,wk inc flu hosp,2026-04-04,quantile,0.95,216
2026-03-14,22,3,wk inc flu hosp,2026-04-04,quantile,0.975,264
2026-03-14,22,3,wk inc flu hosp,2026-04-04,quantile,0.99,309
2026-03-14,23,0,wk inc flu hosp,2026-03-14,quantile,0.01,5
2026-03-14,23,0,wk inc flu hosp,2026-03-14,quantile,0.025,7
2026-03-14,23,0,wk inc flu hosp,2026-03-14,quantile,0.05,9
2026-03-14,23,0,wk inc flu hosp,2026-03-14,quantile,0.1,11
2026-03-14,23,0,wk inc flu hosp,2026-03-14,quantile,0.15,13
2026-03-14,23,0,wk inc flu hosp,2026-03-14,quantile,0.2,14
2026-03-14,23,0,wk inc flu hosp,2026-03-14,quantile,0.25,16
2026-03-14,23,0,wk inc flu hosp,2026-03-14,quantile,0.3,17
2026-03-14,23,0,wk inc flu hosp,2026-03-14,quantile,0.35,18
2026-03-14,23,0,wk inc flu hosp,2026-03-14,quantile,0.4,20
2026-03-14,23,0,wk inc flu hosp,2026-03-14,quantile,0.45,21
2026-03-14,23,0,wk inc flu hosp,2026-03-14,quantile,0.5,23
2026-03-14,23,0,wk inc flu hosp,2026-03-14,quantile,0.55,25
2026-03-14,23,0,wk inc flu hosp,2026-03-14,quantile,0.6,26
2026-03-14,23,0,wk inc flu hosp,2026-03-14,quantile,0.65,28
2026-03-14,23,0,wk inc flu hosp,2026-03-14,quantile,0.7,29
2026-03-14,23,0,wk inc flu hosp,2026-03-14,quantile,0.75,31
2026-03-14,23,0,wk inc flu hosp,2026-03-14,quantile,0.8,33
2026-03-14,23,0,wk inc flu hosp,2026-03-14,quantile,0.85,36
2026-03-14,23,0,wk inc flu hosp,2026-03-14,quantile,0.9,39
2026-03-14,23,0,wk inc flu hosp,2026-03-14,quantile,0.95,44
2026-03-14,23,0,wk inc flu hosp,2026-03-14,quantile,0.975,51
2026-03-14,23,0,wk inc flu hosp,2026-03-14,quantile,0.99,59
2026-03-14,23,1,wk inc flu hosp,2026-03-21,quantile,0.01,2
2026-03-14,23,1,wk inc flu hosp,2026-03-21,quantile,0.025,3
2026-03-14,23,1,wk inc flu hosp,2026-03-21,quantile,0.05,5
2026-03-14,23,1,wk inc flu hosp,2026-03-21,quantile,0.1,7
2026-03-14,23,1,wk inc flu hosp,2026-03-21,quantile,0.15,8
2026-03-14,23,1,wk inc flu hosp,2026-03-21,quantile,0.2,9
2026-03-14,23,1,wk inc flu hosp,2026-03-21,quantile,0.25,11
2026-03-14,23,1,wk inc flu hosp,2026-03-21,quantile,0.3,12
2026-03-14,23,1,wk inc flu hosp,2026-03-21,quantile,0.35,14
2026-03-14,23,1,wk inc flu hosp,2026-03-21,quantile,0.4,15
2026-03-14,23,1,wk inc flu hosp,2026-03-21,quantile,0.45,17
2026-03-14,23,1,wk inc flu hosp,2026-03-21,quantile,0.5,19
2026-03-14,23,1,wk inc flu hosp,2026-03-21,quantile,0.55,19
2026-03-14,23,1,wk inc flu hosp,2026-03-21,quantile,0.6,21
2026-03-14,23,1,wk inc flu hosp,2026-03-21,quantile,0.65,23
2026-03-14,23,1,wk inc flu hosp,2026-03-21,quantile,0.7,25
2026-03-14,23,1,wk inc flu hosp,2026-03-21,quantile,0.75,27
2026-03-14,23,1,wk inc flu hosp,2026-03-21,quantile,0.8,30
2026-03-14,23,1,wk inc flu hosp,2026-03-21,quantile,0.85,33
2026-03-14,23,1,wk inc flu hosp,2026-03-21,quantile,0.9,38
2026-03-14,23,1,wk inc flu hosp,2026-03-21,quantile,0.95,47
2026-03-14,23,1,wk inc flu hosp,2026-03-21,quantile,0.975,55
2026-03-14,23,1,wk inc flu hosp,2026-03-21,quantile,0.99,64
2026-03-14,23,2,wk inc flu hosp,2026-03-28,quantile,0.01,1
2026-03-14,23,2,wk inc flu hosp,2026-03-28,quantile,0.025,1
2026-03-14,23,2,wk inc flu hosp,2026-03-28,quantile,0.05,2
2026-03-14,23,2,wk inc flu hosp,2026-03-28,quantile,0.1,5
2026-03-14,23,2,wk inc flu hosp,2026-03-28,quantile,0.15,6
2026-03-14,23,2,wk inc flu hosp,2026-03-28,quantile,0.2,6
2026-03-14,23,2,wk inc flu hosp,2026-03-28,quantile,0.25,7
2026-03-14,23,2,wk inc flu hosp,2026-03-28,quantile,0.3,8
2026-03-14,23,2,wk inc flu hosp,2026-03-28,quantile,0.35,10
2026-03-14,23,2,wk inc flu hosp,2026-03-28,quantile,0.4,11
2026-03-14,23,2,wk inc flu hosp,2026-03-28,quantile,0.45,12
2026-03-14,23,2,wk inc flu hosp,2026-03-28,quantile,0.5,15
2026-03-14,23,2,wk inc flu hosp,2026-03-28,quantile,0.55,16
2026-03-14,23,2,wk inc flu hosp,2026-03-28,quantile,0.6,17
2026-03-14,23,2,wk inc flu hosp,2026-03-28,quantile,0.65,19
2026-03-14,23,2,wk inc flu hosp,2026-03-28,quantile,0.7,21
2026-03-14,23,2,wk inc flu hosp,2026-03-28,quantile,0.75,24
2026-03-14,23,2,wk inc flu hosp,2026-03-28,quantile,0.8,27
2026-03-14,23,2,wk inc flu hosp,2026-03-28,quantile,0.85,31
2026-03-14,23,2,wk inc flu hosp,2026-03-28,quantile,0.9,36
2026-03-14,23,2,wk inc flu hosp,2026-03-28,quantile,0.95,44
2026-03-14,23,2,wk inc flu hosp,2026-03-28,quantile,0.975,53
2026-03-14,23,2,wk inc flu hosp,2026-03-28,quantile,0.99,66
2026-03-14,23,3,wk inc flu hosp,2026-04-04,quantile,0.01,0
2026-03-14,23,3,wk inc flu hosp,2026-04-04,quantile,0.025,0
2026-03-14,23,3,wk inc flu hosp,2026-04-04,quantile,0.05,1
2026-03-14,23,3,wk inc flu hosp,2026-04-04,quantile,0.1,2
2026-03-14,23,3,wk inc flu hosp,2026-04-04,quantile,0.15,3
2026-03-14,23,3,wk inc flu hosp,2026-04-04,quantile,0.2,4
2026-03-14,23,3,wk inc flu hosp,2026-04-04,quantile,0.25,5
2026-03-14,23,3,wk inc flu hosp,2026-04-04,quantile,0.3,6
2026-03-14,23,3,wk inc flu hosp,2026-04-04,quantile,0.35,7
2026-03-14,23,3,wk inc flu hosp,2026-04-04,quantile,0.4,8
2026-03-14,23,3,wk inc flu hosp,2026-04-04,quantile,0.45,10
2026-03-14,23,3,wk inc flu hosp,2026-04-04,quantile,0.5,11
2026-03-14,23,3,wk inc flu hosp,2026-04-04,quantile,0.55,13
2026-03-14,23,3,wk inc flu hosp,2026-04-04,quantile,0.6,14
2026-03-14,23,3,wk inc flu hosp,2026-04-04,quantile,0.65,16
2026-03-14,23,3,wk inc flu hosp,2026-04-04,quantile,0.7,17
2026-03-14,23,3,wk inc flu hosp,2026-04-04,quantile,0.75,20
2026-03-14,23,3,wk inc flu hosp,2026-04-04,quantile,0.8,24
2026-03-14,23,3,wk inc flu hosp,2026-04-04,quantile,0.85,29
2026-03-14,23,3,wk inc flu hosp,2026-04-04,quantile,0.9,34
2026-03-14,23,3,wk inc flu hosp,2026-04-04,quantile,0.95,43
2026-03-14,23,3,wk inc flu hosp,2026-04-04,quantile,0.975,52
2026-03-14,23,3,wk inc flu hosp,2026-04-04,quantile,0.99,68
2026-03-14,24,0,wk inc flu hosp,2026-03-14,quantile,0.01,9
2026-03-14,24,0,wk inc flu hosp,2026-03-14,quantile,0.025,14
2026-03-14,24,0,wk inc flu hosp,2026-03-14,quantile,0.05,17
2026-03-14,24,0,wk inc flu hosp,2026-03-14,quantile,0.1,22
2026-03-14,24,0,wk inc flu hosp,2026-03-14,quantile,0.15,25
2026-03-14,24,0,wk inc flu hosp,2026-03-14,quantile,0.2,28
2026-03-14,24,0,wk inc flu hosp,2026-03-14,quantile,0.25,31
2026-03-14,24,0,wk inc flu hosp,2026-03-14,quantile,0.3,32
2026-03-14,24,0,wk inc flu hosp,2026-03-14,quantile,0.35,35
2026-03-14,24,0,wk inc flu hosp,2026-03-14,quantile,0.4,36
2026-03-14,24,0,wk inc flu hosp,2026-03-14,quantile,0.45,39
2026-03-14,24,0,wk inc flu hosp,2026-03-14,quantile,0.5,44
2026-03-14,24,0,wk inc flu hosp,2026-03-14,quantile,0.55,47
2026-03-14,24,0,wk inc flu hosp,2026-03-14,quantile,0.6,49
2026-03-14,24,0,wk inc flu hosp,2026-03-14,quantile,0.65,52
2026-03-14,24,0,wk inc flu hosp,2026-03-14,quantile,0.7,55
2026-03-14,24,0,wk inc flu hosp,2026-03-14,quantile,0.75,59
2026-03-14,24,0,wk inc flu hosp,2026-03-14,quantile,0.8,63
2026-03-14,24,0,wk inc flu hosp,2026-03-14,quantile,0.85,66
2026-03-14,24,0,wk inc flu hosp,2026-03-14,quantile,0.9,76
2026-03-14,24,0,wk inc flu hosp,2026-03-14,quantile,0.95,88
2026-03-14,24,0,wk inc flu hosp,2026-03-14,quantile,0.975,99
2026-03-14,24,0,wk inc flu hosp,2026-03-14,quantile,0.99,117
2026-03-14,24,1,wk inc flu hosp,2026-03-21,quantile,0.01,3
2026-03-14,24,1,wk inc flu hosp,2026-03-21,quantile,0.025,5
2026-03-14,24,1,wk inc flu hosp,2026-03-21,quantile,0.05,9
2026-03-14,24,1,wk inc flu hosp,2026-03-21,quantile,0.1,15
2026-03-14,24,1,wk inc flu hosp,2026-03-21,quantile,0.15,18
2026-03-14,24,1,wk inc flu hosp,2026-03-21,quantile,0.2,19
2026-03-14,24,1,wk inc flu hosp,2026-03-21,quantile,0.25,20
2026-03-14,24,1,wk inc flu hosp,2026-03-21,quantile,0.3,23
2026-03-14,24,1,wk inc flu hosp,2026-03-21,quantile,0.35,27
2026-03-14,24,1,wk inc flu hosp,2026-03-21,quantile,0.4,32
2026-03-14,24,1,wk inc flu hosp,2026-03-21,quantile,0.45,34
2026-03-14,24,1,wk inc flu hosp,2026-03-21,quantile,0.5,39
2026-03-14,24,1,wk inc flu hosp,2026-03-21,quantile,0.55,44
2026-03-14,24,1,wk inc flu hosp,2026-03-21,quantile,0.6,48
2026-03-14,24,1,wk inc flu hosp,2026-03-21,quantile,0.65,51
2026-03-14,24,1,wk inc flu hosp,2026-03-21,quantile,0.7,55
2026-03-14,24,1,wk inc flu hosp,2026-03-21,quantile,0.75,59
2026-03-14,24,1,wk inc flu hosp,2026-03-21,quantile,0.8,66
2026-03-14,24,1,wk inc flu hosp,2026-03-21,quantile,0.85,75
2026-03-14,24,1,wk inc flu hosp,2026-03-21,quantile,0.9,81
2026-03-14,24,1,wk inc flu hosp,2026-03-21,quantile,0.95,102
2026-03-14,24,1,wk inc flu hosp,2026-03-21,quantile,0.975,123
2026-03-14,24,1,wk inc flu hosp,2026-03-21,quantile,0.99,145
2026-03-14,24,2,wk inc flu hosp,2026-03-28,quantile,0.01,1
2026-03-14,24,2,wk inc flu hosp,2026-03-28,quantile,0.025,1
2026-03-14,24,2,wk inc flu hosp,2026-03-28,quantile,0.05,3
2026-03-14,24,2,wk inc flu hosp,2026-03-28,quantile,0.1,9
2026-03-14,24,2,wk inc flu hosp,2026-03-28,quantile,0.15,12
2026-03-14,24,2,wk inc flu hosp,2026-03-28,quantile,0.2,15
2026-03-14,24,2,wk inc flu hosp,2026-03-28,quantile,0.25,18
2026-03-14,24,2,wk inc flu hosp,2026-03-28,quantile,0.3,20
2026-03-14,24,2,wk inc flu hosp,2026-03-28,quantile,0.35,24
2026-03-14,24,2,wk inc flu hosp,2026-03-28,quantile,0.4,28
2026-03-14,24,2,wk inc flu hosp,2026-03-28,quantile,0.45,29
2026-03-14,24,2,wk inc flu hosp,2026-03-28,quantile,0.5,33
2026-03-14,24,2,wk inc flu hosp,2026-03-28,quantile,0.55,38
2026-03-14,24,2,wk inc flu hosp,2026-03-28,quantile,0.6,44
2026-03-14,24,2,wk inc flu hosp,2026-03-28,quantile,0.65,48
2026-03-14,24,2,wk inc flu hosp,2026-03-28,quantile,0.7,51
2026-03-14,24,2,wk inc flu hosp,2026-03-28,quantile,0.75,57
2026-03-14,24,2,wk inc flu hosp,2026-03-28,quantile,0.8,63
2026-03-14,24,2,wk inc flu hosp,2026-03-28,quantile,0.85,70
2026-03-14,24,2,wk inc flu hosp,2026-03-28,quantile,0.9,80
2026-03-14,24,2,wk inc flu hosp,2026-03-28,quantile,0.95,102
2026-03-14,24,2,wk inc flu hosp,2026-03-28,quantile,0.975,121
2026-03-14,24,2,wk inc flu hosp,2026-03-28,quantile,0.99,152
2026-03-14,24,3,wk inc flu hosp,2026-04-04,quantile,0.01,0
2026-03-14,24,3,wk inc flu hosp,2026-04-04,quantile,0.025,0
2026-03-14,24,3,wk inc flu hosp,2026-04-04,quantile,0.05,2
2026-03-14,24,3,wk inc flu hosp,2026-04-04,quantile,0.1,8
2026-03-14,24,3,wk inc flu hosp,2026-04-04,quantile,0.15,8
2026-03-14,24,3,wk inc flu hosp,2026-04-04,quantile,0.2,12
2026-03-14,24,3,wk inc flu hosp,2026-04-04,quantile,0.25,15
2026-03-14,24,3,wk inc flu hosp,2026-04-04,quantile,0.3,19
2026-03-14,24,3,wk inc flu hosp,2026-04-04,quantile,0.35,21
2026-03-14,24,3,wk inc flu hosp,2026-04-04,quantile,0.4,23
2026-03-14,24,3,wk inc flu hosp,2026-04-04,quantile,0.45,26
2026-03-14,24,3,wk inc flu hosp,2026-04-04,quantile,0.5,30
2026-03-14,24,3,wk inc flu hosp,2026-04-04,quantile,0.55,34
2026-03-14,24,3,wk inc flu hosp,2026-04-04,quantile,0.6,40
2026-03-14,24,3,wk inc flu hosp,2026-04-04,quantile,0.65,46
2026-03-14,24,3,wk inc flu hosp,2026-04-04,quantile,0.7,50
2026-03-14,24,3,wk inc flu hosp,2026-04-04,quantile,0.75,55
2026-03-14,24,3,wk inc flu hosp,2026-04-04,quantile,0.8,62
2026-03-14,24,3,wk inc flu hosp,2026-04-04,quantile,0.85,68
2026-03-14,24,3,wk inc flu hosp,2026-04-04,quantile,0.9,82
2026-03-14,24,3,wk inc flu hosp,2026-04-04,quantile,0.95,119
2026-03-14,24,3,wk inc flu hosp,2026-04-04,quantile,0.975,134
2026-03-14,24,3,wk inc flu hosp,2026-04-04,quantile,0.99,161
2026-03-14,25,0,wk inc flu hosp,2026-03-14,quantile,0.01,15
2026-03-14,25,0,wk inc flu hosp,2026-03-14,quantile,0.025,19
2026-03-14,25,0,wk inc flu hosp,2026-03-14,quantile,0.05,22
2026-03-14,25,0,wk inc flu hosp,2026-03-14,quantile,0.1,28
2026-03-14,25,0,wk inc flu hosp,2026-03-14,quantile,0.15,32
2026-03-14,25,0,wk inc flu hosp,2026-03-14,quantile,0.2,36
2026-03-14,25,0,wk inc flu hosp,2026-03-14,quantile,0.25,40
2026-03-14,25,0,wk inc flu hosp,2026-03-14,quantile,0.3,42
2026-03-14,25,0,wk inc flu hosp,2026-03-14,quantile,0.35,45
2026-03-14,25,0,wk inc flu hosp,2026-03-14,quantile,0.4,47
2026-03-14,25,0,wk inc flu hosp,2026-03-14,quantile,0.45,51
2026-03-14,25,0,wk inc flu hosp,2026-03-14,quantile,0.5,57
2026-03-14,25,0,wk inc flu hosp,2026-03-14,quantile,0.55,60
2026-03-14,25,0,wk inc flu hosp,2026-03-14,quantile,0.6,64
2026-03-14,25,0,wk inc flu hosp,2026-03-14,quantile,0.65,67
2026-03-14,25,0,wk inc flu hosp,2026-03-14,quantile,0.7,71
2026-03-14,25,0,wk inc flu hosp,2026-03-14,quantile,0.75,75
2026-03-14,25,0,wk inc flu hosp,2026-03-14,quantile,0.8,79
2026-03-14,25,0,wk inc flu hosp,2026-03-14,quantile,0.85,84
2026-03-14,25,0,wk inc flu hosp,2026-03-14,quantile,0.9,94
2026-03-14,25,0,wk inc flu hosp,2026-03-14,quantile,0.95,116
2026-03-14,25,0,wk inc flu hosp,2026-03-14,quantile,0.975,134
2026-03-14,25,0,wk inc flu hosp,2026-03-14,quantile,0.99,153
2026-03-14,25,1,wk inc flu hosp,2026-03-21,quantile,0.01,9
2026-03-14,25,1,wk inc flu hosp,2026-03-21,quantile,0.025,11
2026-03-14,25,1,wk inc flu hosp,2026-03-21,quantile,0.05,13
2026-03-14,25,1,wk inc flu hosp,2026-03-21,quantile,0.1,20
2026-03-14,25,1,wk inc flu hosp,2026-03-21,quantile,0.15,25
2026-03-14,25,1,wk inc flu hosp,2026-03-21,quantile,0.2,29
2026-03-14,25,1,wk inc flu hosp,2026-03-21,quantile,0.25,31
2026-03-14,25,1,wk inc flu hosp,2026-03-21,quantile,0.3,33
2026-03-14,25,1,wk inc flu hosp,2026-03-21,quantile,0.35,35
2026-03-14,25,1,wk inc flu hosp,2026-03-21,quantile,0.4,39
2026-03-14,25,1,wk inc flu hosp,2026-03-21,quantile,0.45,42
2026-03-14,25,1,wk inc flu hosp,2026-03-21,quantile,0.5,49
2026-03-14,25,1,wk inc flu hosp,2026-03-21,quantile,0.55,53
2026-03-14,25,1,wk inc flu hosp,2026-03-21,quantile,0.6,57
2026-03-14,25,1,wk inc flu hosp,2026-03-21,quantile,0.65,62
2026-03-14,25,1,wk inc flu hosp,2026-03-21,quantile,0.7,67
2026-03-14,25,1,wk inc flu hosp,2026-03-21,quantile,0.75,73
2026-03-14,25,1,wk inc flu hosp,2026-03-21,quantile,0.8,81
2026-03-14,25,1,wk inc flu hosp,2026-03-21,quantile,0.85,90
2026-03-14,25,1,wk inc flu hosp,2026-03-21,quantile,0.9,98
2026-03-14,25,1,wk inc flu hosp,2026-03-21,quantile,0.95,121
2026-03-14,25,1,wk inc flu hosp,2026-03-21,quantile,0.975,153
2026-03-14,25,1,wk inc flu hosp,2026-03-21,quantile,0.99,189
2026-03-14,25,2,wk inc flu hosp,2026-03-28,quantile,0.01,1
2026-03-14,25,2,wk inc flu hosp,2026-03-28,quantile,0.025,4
2026-03-14,25,2,wk inc flu hosp,2026-03-28,quantile,0.05,7
2026-03-14,25,2,wk inc flu hosp,2026-03-28,quantile,0.1,10
2026-03-14,25,2,wk inc flu hosp,2026-03-28,quantile,0.15,17
2026-03-14,25,2,wk inc flu hosp,2026-03-28,quantile,0.2,20
2026-03-14,25,2,wk inc flu hosp,2026-03-28,quantile,0.25,22
2026-03-14,25,2,wk inc flu hosp,2026-03-28,quantile,0.3,28
2026-03-14,25,2,wk inc flu hosp,2026-03-28,quantile,0.35,29
2026-03-14,25,2,wk inc flu hosp,2026-03-28,quantile,0.4,32
2026-03-14,25,2,wk inc flu hosp,2026-03-28,quantile,0.45,36
2026-03-14,25,2,wk inc flu hosp,2026-03-28,quantile,0.5,43
2026-03-14,25,2,wk inc flu hosp,2026-03-28,quantile,0.55,46
2026-03-14,25,2,wk inc flu hosp,2026-03-28,quantile,0.6,52
2026-03-14,25,2,wk inc flu hosp,2026-03-28,quantile,0.65,57
2026-03-14,25,2,wk inc flu hosp,2026-03-28,quantile,0.7,64
2026-03-14,25,2,wk inc flu hosp,2026-03-28,quantile,0.75,69
2026-03-14,25,2,wk inc flu hosp,2026-03-28,quantile,0.8,78
2026-03-14,25,2,wk inc flu hosp,2026-03-28,quantile,0.85,86
2026-03-14,25,2,wk inc flu hosp,2026-03-28,quantile,0.9,96
2026-03-14,25,2,wk inc flu hosp,2026-03-28,quantile,0.95,121
2026-03-14,25,2,wk inc flu hosp,2026-03-28,quantile,0.975,162
2026-03-14,25,2,wk inc flu hosp,2026-03-28,quantile,0.99,200
2026-03-14,25,3,wk inc flu hosp,2026-04-04,quantile,0.01,1
2026-03-14,25,3,wk inc flu hosp,2026-04-04,quantile,0.025,3
2026-03-14,25,3,wk inc flu hosp,2026-04-04,quantile,0.05,5
2026-03-14,25,3,wk inc flu hosp,2026-04-04,quantile,0.1,8
2026-03-14,25,3,wk inc flu hosp,2026-04-04,quantile,0.15,14
2026-03-14,25,3,wk inc flu hosp,2026-04-04,quantile,0.2,18
2026-03-14,25,3,wk inc flu hosp,2026-04-04,quantile,0.25,20
2026-03-14,25,3,wk inc flu hosp,2026-04-04,quantile,0.3,24
2026-03-14,25,3,wk inc flu hosp,2026-04-04,quantile,0.35,25
2026-03-14,25,3,wk inc flu hosp,2026-04-04,quantile,0.4,27
2026-03-14,25,3,wk inc flu hosp,2026-04-04,quantile,0.45,30
2026-03-14,25,3,wk inc flu hosp,2026-04-04,quantile,0.5,34
2026-03-14,25,3,wk inc flu hosp,2026-04-04,quantile,0.55,39
2026-03-14,25,3,wk inc flu hosp,2026-04-04,quantile,0.6,43
2026-03-14,25,3,wk inc flu hosp,2026-04-04,quantile,0.65,52
2026-03-14,25,3,wk inc flu hosp,2026-04-04,quantile,0.7,63
2026-03-14,25,3,wk inc flu hosp,2026-04-04,quantile,0.75,69
2026-03-14,25,3,wk inc flu hosp,2026-04-04,quantile,0.8,76
2026-03-14,25,3,wk inc flu hosp,2026-04-04,quantile,0.85,87
2026-03-14,25,3,wk inc flu hosp,2026-04-04,quantile,0.9,99
2026-03-14,25,3,wk inc flu hosp,2026-04-04,quantile,0.95,132
2026-03-14,25,3,wk inc flu hosp,2026-04-04,quantile,0.975,169
2026-03-14,25,3,wk inc flu hosp,2026-04-04,quantile,0.99,206
2026-03-14,26,0,wk inc flu hosp,2026-03-14,quantile,0.01,84
2026-03-14,26,0,wk inc flu hosp,2026-03-14,quantile,0.025,101
2026-03-14,26,0,wk inc flu hosp,2026-03-14,quantile,0.05,118
2026-03-14,26,0,wk inc flu hosp,2026-03-14,quantile,0.1,135
2026-03-14,26,0,wk inc flu hosp,2026-03-14,quantile,0.15,149
2026-03-14,26,0,wk inc flu hosp,2026-03-14,quantile,0.2,159
2026-03-14,26,0,wk inc flu hosp,2026-03-14,quantile,0.25,169
2026-03-14,26,0,wk inc flu hosp,2026-03-14,quantile,0.3,178
2026-03-14,26,0,wk inc flu hosp,2026-03-14,quantile,0.35,187
2026-03-14,26,0,wk inc flu hosp,2026-03-14,quantile,0.4,192
2026-03-14,26,0,wk inc flu hosp,2026-03-14,quantile,0.45,203
2026-03-14,26,0,wk inc flu hosp,2026-03-14,quantile,0.5,213
2026-03-14,26,0,wk inc flu hosp,2026-03-14,quantile,0.55,220
2026-03-14,26,0,wk inc flu hosp,2026-03-14,quantile,0.6,227
2026-03-14,26,0,wk inc flu hosp,2026-03-14,quantile,0.65,236
2026-03-14,26,0,wk inc flu hosp,2026-03-14,quantile,0.7,246
2026-03-14,26,0,wk inc flu hosp,2026-03-14,quantile,0.75,257
2026-03-14,26,0,wk inc flu hosp,2026-03-14,quantile,0.8,267
2026-03-14,26,0,wk inc flu hosp,2026-03-14,quantile,0.85,286
2026-03-14,26,0,wk inc flu hosp,2026-03-14,quantile,0.9,305
2026-03-14,26,0,wk inc flu hosp,2026-03-14,quantile,0.95,335
2026-03-14,26,0,wk inc flu hosp,2026-03-14,quantile,0.975,369
2026-03-14,26,0,wk inc flu hosp,2026-03-14,quantile,0.99,392
2026-03-14,26,1,wk inc flu hosp,2026-03-21,quantile,0.01,53
2026-03-14,26,1,wk inc flu hosp,2026-03-21,quantile,0.025,71
2026-03-14,26,1,wk inc flu hosp,2026-03-21,quantile,0.05,84
2026-03-14,26,1,wk inc flu hosp,2026-03-21,quantile,0.1,101
2026-03-14,26,1,wk inc flu hosp,2026-03-21,quantile,0.15,116
2026-03-14,26,1,wk inc flu hosp,2026-03-21,quantile,0.2,127
2026-03-14,26,1,wk inc flu hosp,2026-03-21,quantile,0.25,140
2026-03-14,26,1,wk inc flu hosp,2026-03-21,quantile,0.3,150
2026-03-14,26,1,wk inc flu hosp,2026-03-21,quantile,0.35,158
2026-03-14,26,1,wk inc flu hosp,2026-03-21,quantile,0.4,167
2026-03-14,26,1,wk inc flu hosp,2026-03-21,quantile,0.45,175
2026-03-14,26,1,wk inc flu hosp,2026-03-21,quantile,0.5,190
2026-03-14,26,1,wk inc flu hosp,2026-03-21,quantile,0.55,203
2026-03-14,26,1,wk inc flu hosp,2026-03-21,quantile,0.6,218
2026-03-14,26,1,wk inc flu hosp,2026-03-21,quantile,0.65,234
2026-03-14,26,1,wk inc flu hosp,2026-03-21,quantile,0.7,246
2026-03-14,26,1,wk inc flu hosp,2026-03-21,quantile,0.75,261
2026-03-14,26,1,wk inc flu hosp,2026-03-21,quantile,0.8,276
2026-03-14,26,1,wk inc flu hosp,2026-03-21,quantile,0.85,296
2026-03-14,26,1,wk inc flu hosp,2026-03-21,quantile,0.9,317
2026-03-14,26,1,wk inc flu hosp,2026-03-21,quantile,0.95,372
2026-03-14,26,1,wk inc flu hosp,2026-03-21,quantile,0.975,412
2026-03-14,26,1,wk inc flu hosp,2026-03-21,quantile,0.99,468
2026-03-14,26,2,wk inc flu hosp,2026-03-28,quantile,0.01,32
2026-03-14,26,2,wk inc flu hosp,2026-03-28,quantile,0.025,49
2026-03-14,26,2,wk inc flu hosp,2026-03-28,quantile,0.05,57
2026-03-14,26,2,wk inc flu hosp,2026-03-28,quantile,0.1,77
2026-03-14,26,2,wk inc flu hosp,2026-03-28,quantile,0.15,91
2026-03-14,26,2,wk inc flu hosp,2026-03-28,quantile,0.2,100
2026-03-14,26,2,wk inc flu hosp,2026-03-28,quantile,0.25,112
2026-03-14,26,2,wk inc flu hosp,2026-03-28,quantile,0.3,121
2026-03-14,26,2,wk inc flu hosp,2026-03-28,quantile,0.35,130
2026-03-14,26,2,wk inc flu hosp,2026-03-28,quantile,0.4,138
2026-03-14,26,2,wk inc flu hosp,2026-03-28,quantile,0.45,151
2026-03-14,26,2,wk inc flu hosp,2026-03-28,quantile,0.5,162
2026-03-14,26,2,wk inc flu hosp,2026-03-28,quantile,0.55,183
2026-03-14,26,2,wk inc flu hosp,2026-03-28,quantile,0.6,197
2026-03-14,26,2,wk inc flu hosp,2026-03-28,quantile,0.65,214
2026-03-14,26,2,wk inc flu hosp,2026-03-28,quantile,0.7,230
2026-03-14,26,2,wk inc flu hosp,2026-03-28,quantile,0.75,252
2026-03-14,26,2,wk inc flu hosp,2026-03-28,quantile,0.8,267
2026-03-14,26,2,wk inc flu hosp,2026-03-28,quantile,0.85,299
2026-03-14,26,2,wk inc flu hosp,2026-03-28,quantile,0.9,332
2026-03-14,26,2,wk inc flu hosp,2026-03-28,quantile,0.95,392
2026-03-14,26,2,wk inc flu hosp,2026-03-28,quantile,0.975,442
2026-03-14,26,2,wk inc flu hosp,2026-03-28,quantile,0.99,528
2026-03-14,26,3,wk inc flu hosp,2026-04-04,quantile,0.01,16
2026-03-14,26,3,wk inc flu hosp,2026-04-04,quantile,0.025,35
2026-03-14,26,3,wk inc flu hosp,2026-04-04,quantile,0.05,44
2026-03-14,26,3,wk inc flu hosp,2026-04-04,quantile,0.1,58
2026-03-14,26,3,wk inc flu hosp,2026-04-04,quantile,0.15,68
2026-03-14,26,3,wk inc flu hosp,2026-04-04,quantile,0.2,77
2026-03-14,26,3,wk inc flu hosp,2026-04-04,quantile,0.25,87
2026-03-14,26,3,wk inc flu hosp,2026-04-04,quantile,0.3,94
2026-03-14,26,3,wk inc flu hosp,2026-04-04,quantile,0.35,107
2026-03-14,26,3,wk inc flu hosp,2026-04-04,quantile,0.4,119
2026-03-14,26,3,wk inc flu hosp,2026-04-04,quantile,0.45,128
2026-03-14,26,3,wk inc flu hosp,2026-04-04,quantile,0.5,138
2026-03-14,26,3,wk inc flu hosp,2026-04-04,quantile,0.55,160
2026-03-14,26,3,wk inc flu hosp,2026-04-04,quantile,0.6,173
2026-03-14,26,3,wk inc flu hosp,2026-04-04,quantile,0.65,188
2026-03-14,26,3,wk inc flu hosp,2026-04-04,quantile,0.7,204
2026-03-14,26,3,wk inc flu hosp,2026-04-04,quantile,0.75,225
2026-03-14,26,3,wk inc flu hosp,2026-04-04,quantile,0.8,245
2026-03-14,26,3,wk inc flu hosp,2026-04-04,quantile,0.85,274
2026-03-14,26,3,wk inc flu hosp,2026-04-04,quantile,0.9,327
2026-03-14,26,3,wk inc flu hosp,2026-04-04,quantile,0.95,405
2026-03-14,26,3,wk inc flu hosp,2026-04-04,quantile,0.975,471
2026-03-14,26,3,wk inc flu hosp,2026-04-04,quantile,0.99,570
2026-03-14,27,0,wk inc flu hosp,2026-03-14,quantile,0.01,49
2026-03-14,27,0,wk inc flu hosp,2026-03-14,quantile,0.025,59
2026-03-14,27,0,wk inc flu hosp,2026-03-14,quantile,0.05,70
2026-03-14,27,0,wk inc flu hosp,2026-03-14,quantile,0.1,80
2026-03-14,27,0,wk inc flu hosp,2026-03-14,quantile,0.15,88
2026-03-14,27,0,wk inc flu hosp,2026-03-14,quantile,0.2,96
2026-03-14,27,0,wk inc flu hosp,2026-03-14,quantile,0.25,104
2026-03-14,27,0,wk inc flu hosp,2026-03-14,quantile,0.3,109
2026-03-14,27,0,wk inc flu hosp,2026-03-14,quantile,0.35,113
2026-03-14,27,0,wk inc flu hosp,2026-03-14,quantile,0.4,118
2026-03-14,27,0,wk inc flu hosp,2026-03-14,quantile,0.45,126
2026-03-14,27,0,wk inc flu hosp,2026-03-14,quantile,0.5,134
2026-03-14,27,0,wk inc flu hosp,2026-03-14,quantile,0.55,142
2026-03-14,27,0,wk inc flu hosp,2026-03-14,quantile,0.6,147
2026-03-14,27,0,wk inc flu hosp,2026-03-14,quantile,0.65,152
2026-03-14,27,0,wk inc flu hosp,2026-03-14,quantile,0.7,158
2026-03-14,27,0,wk inc flu hosp,2026-03-14,quantile,0.75,165
2026-03-14,27,0,wk inc flu hosp,2026-03-14,quantile,0.8,172
2026-03-14,27,0,wk inc flu hosp,2026-03-14,quantile,0.85,185
2026-03-14,27,0,wk inc flu hosp,2026-03-14,quantile,0.9,201
2026-03-14,27,0,wk inc flu hosp,2026-03-14,quantile,0.95,225
2026-03-14,27,0,wk inc flu hosp,2026-03-14,quantile,0.975,250
2026-03-14,27,0,wk inc flu hosp,2026-03-14,quantile,0.99,275
2026-03-14,27,1,wk inc flu hosp,2026-03-21,quantile,0.01,24
2026-03-14,27,1,wk inc flu hosp,2026-03-21,quantile,0.025,39
2026-03-14,27,1,wk inc flu hosp,2026-03-21,quantile,0.05,45
2026-03-14,27,1,wk inc flu hosp,2026-03-21,quantile,0.1,53
2026-03-14,27,1,wk inc flu hosp,2026-03-21,quantile,0.15,63
2026-03-14,27,1,wk inc flu hosp,2026-03-21,quantile,0.2,72
2026-03-14,27,1,wk inc flu hosp,2026-03-21,quantile,0.25,78
2026-03-14,27,1,wk inc flu hosp,2026-03-21,quantile,0.3,84
2026-03-14,27,1,wk inc flu hosp,2026-03-21,quantile,0.35,90
2026-03-14,27,1,wk inc flu hosp,2026-03-21,quantile,0.4,98
2026-03-14,27,1,wk inc flu hosp,2026-03-21,quantile,0.45,107
2026-03-14,27,1,wk inc flu hosp,2026-03-21,quantile,0.5,114
2026-03-14,27,1,wk inc flu hosp,2026-03-21,quantile,0.55,124
2026-03-14,27,1,wk inc flu hosp,2026-03-21,quantile,0.6,132
2026-03-14,27,1,wk inc flu hosp,2026-03-21,quantile,0.65,139
2026-03-14,27,1,wk inc flu hosp,2026-03-21,quantile,0.7,150
2026-03-14,27,1,wk inc flu hosp,2026-03-21,quantile,0.75,155
2026-03-14,27,1,wk inc flu hosp,2026-03-21,quantile,0.8,168
2026-03-14,27,1,wk inc flu hosp,2026-03-21,quantile,0.85,179
2026-03-14,27,1,wk inc flu hosp,2026-03-21,quantile,0.9,196
2026-03-14,27,1,wk inc flu hosp,2026-03-21,quantile,0.95,232
2026-03-14,27,1,wk inc flu hosp,2026-03-21,quantile,0.975,267
2026-03-14,27,1,wk inc flu hosp,2026-03-21,quantile,0.99,305
2026-03-14,27,2,wk inc flu hosp,2026-03-28,quantile,0.01,14
2026-03-14,27,2,wk inc flu hosp,2026-03-28,quantile,0.025,20
2026-03-14,27,2,wk inc flu hosp,2026-03-28,quantile,0.05,28
2026-03-14,27,2,wk inc flu hosp,2026-03-28,quantile,0.1,39
2026-03-14,27,2,wk inc flu hosp,2026-03-28,quantile,0.15,48
2026-03-14,27,2,wk inc flu hosp,2026-03-28,quantile,0.2,52
2026-03-14,27,2,wk inc flu hosp,2026-03-28,quantile,0.25,58
2026-03-14,27,2,wk inc flu hosp,2026-03-28,quantile,0.3,66
2026-03-14,27,2,wk inc flu hosp,2026-03-28,quantile,0.35,74
2026-03-14,27,2,wk inc flu hosp,2026-03-28,quantile,0.4,86
2026-03-14,27,2,wk inc flu hosp,2026-03-28,quantile,0.45,92
2026-03-14,27,2,wk inc flu hosp,2026-03-28,quantile,0.5,97
2026-03-14,27,2,wk inc flu hosp,2026-03-28,quantile,0.55,106
2026-03-14,27,2,wk inc flu hosp,2026-03-28,quantile,0.6,115
2026-03-14,27,2,wk inc flu hosp,2026-03-28,quantile,0.65,126
2026-03-14,27,2,wk inc flu hosp,2026-03-28,quantile,0.7,138
2026-03-14,27,2,wk inc flu hosp,2026-03-28,quantile,0.75,148
2026-03-14,27,2,wk inc flu hosp,2026-03-28,quantile,0.8,160
2026-03-14,27,2,wk inc flu hosp,2026-03-28,quantile,0.85,171
2026-03-14,27,2,wk inc flu hosp,2026-03-28,quantile,0.9,194
2026-03-14,27,2,wk inc flu hosp,2026-03-28,quantile,0.95,235
2026-03-14,27,2,wk inc flu hosp,2026-03-28,quantile,0.975,268
2026-03-14,27,2,wk inc flu hosp,2026-03-28,quantile,0.99,321
2026-03-14,27,3,wk inc flu hosp,2026-04-04,quantile,0.01,11
2026-03-14,27,3,wk inc flu hosp,2026-04-04,quantile,0.025,14
2026-03-14,27,3,wk inc flu hosp,2026-04-04,quantile,0.05,18
2026-03-14,27,3,wk inc flu hosp,2026-04-04,quantile,0.1,28
2026-03-14,27,3,wk inc flu hosp,2026-04-04,quantile,0.15,36
2026-03-14,27,3,wk inc flu hosp,2026-04-04,quantile,0.2,40
2026-03-14,27,3,wk inc flu hosp,2026-04-04,quantile,0.25,46
2026-03-14,27,3,wk inc flu hosp,2026-04-04,quantile,0.3,52
2026-03-14,27,3,wk inc flu hosp,2026-04-04,quantile,0.35,65
2026-03-14,27,3,wk inc flu hosp,2026-04-04,quantile,0.4,72
2026-03-14,27,3,wk inc flu hosp,2026-04-04,quantile,0.45,78
2026-03-14,27,3,wk inc flu hosp,2026-04-04,quantile,0.5,84
2026-03-14,27,3,wk inc flu hosp,2026-04-04,quantile,0.55,94
2026-03-14,27,3,wk inc flu hosp,2026-04-04,quantile,0.6,108
2026-03-14,27,3,wk inc flu hosp,2026-04-04,quantile,0.65,116
2026-03-14,27,3,wk inc flu hosp,2026-04-04,quantile,0.7,127
2026-03-14,27,3,wk inc flu hosp,2026-04-04,quantile,0.75,141
2026-03-14,27,3,wk inc flu hosp,2026-04-04,quantile,0.8,150
2026-03-14,27,3,wk inc flu hosp,2026-04-04,quantile,0.85,168
2026-03-14,27,3,wk inc flu hosp,2026-04-04,quantile,0.9,188
2026-03-14,27,3,wk inc flu hosp,2026-04-04,quantile,0.95,225
2026-03-14,27,3,wk inc flu hosp,2026-04-04,quantile,0.975,272
2026-03-14,27,3,wk inc flu hosp,2026-04-04,quantile,0.99,325
2026-03-14,28,0,wk inc flu hosp,2026-03-14,quantile,0.01,55
2026-03-14,28,0,wk inc flu hosp,2026-03-14,quantile,0.025,62
2026-03-14,28,0,wk inc flu hosp,2026-03-14,quantile,0.05,71
2026-03-14,28,0,wk inc flu hosp,2026-03-14,quantile,0.1,80
2026-03-14,28,0,wk inc flu hosp,2026-03-14,quantile,0.15,86
2026-03-14,28,0,wk inc flu hosp,2026-03-14,quantile,0.2,93
2026-03-14,28,0,wk inc flu hosp,2026-03-14,quantile,0.25,98
2026-03-14,28,0,wk inc flu hosp,2026-03-14,quantile,0.3,101
2026-03-14,28,0,wk inc flu hosp,2026-03-14,quantile,0.35,106
2026-03-14,28,0,wk inc flu hosp,2026-03-14,quantile,0.4,111
2026-03-14,28,0,wk inc flu hosp,2026-03-14,quantile,0.45,115
2026-03-14,28,0,wk inc flu hosp,2026-03-14,quantile,0.5,121
2026-03-14,28,0,wk inc flu hosp,2026-03-14,quantile,0.55,127
2026-03-14,28,0,wk inc flu hosp,2026-03-14,quantile,0.6,131
2026-03-14,28,0,wk inc flu hosp,2026-03-14,quantile,0.65,134
2026-03-14,28,0,wk inc flu hosp,2026-03-14,quantile,0.7,138
2026-03-14,28,0,wk inc flu hosp,2026-03-14,quantile,0.75,143
2026-03-14,28,0,wk inc flu hosp,2026-03-14,quantile,0.8,147
2026-03-14,28,0,wk inc flu hosp,2026-03-14,quantile,0.85,154
2026-03-14,28,0,wk inc flu hosp,2026-03-14,quantile,0.9,164
2026-03-14,28,0,wk inc flu hosp,2026-03-14,quantile,0.95,175
2026-03-14,28,0,wk inc flu hosp,2026-03-14,quantile,0.975,192
2026-03-14,28,0,wk inc flu hosp,2026-03-14,quantile,0.99,211
2026-03-14,28,1,wk inc flu hosp,2026-03-21,quantile,0.01,34
2026-03-14,28,1,wk inc flu hosp,2026-03-21,quantile,0.025,42
2026-03-14,28,1,wk inc flu hosp,2026-03-21,quantile,0.05,51
2026-03-14,28,1,wk inc flu hosp,2026-03-21,quantile,0.1,61
2026-03-14,28,1,wk inc flu hosp,2026-03-21,quantile,0.15,68
2026-03-14,28,1,wk inc flu hosp,2026-03-21,quantile,0.2,74
2026-03-14,28,1,wk inc flu hosp,2026-03-21,quantile,0.25,78
2026-03-14,28,1,wk inc flu hosp,2026-03-21,quantile,0.3,82
2026-03-14,28,1,wk inc flu hosp,2026-03-21,quantile,0.35,86
2026-03-14,28,1,wk inc flu hosp,2026-03-21,quantile,0.4,90
2026-03-14,28,1,wk inc flu hosp,2026-03-21,quantile,0.45,98
2026-03-14,28,1,wk inc flu hosp,2026-03-21,quantile,0.5,103
2026-03-14,28,1,wk inc flu hosp,2026-03-21,quantile,0.55,106
2026-03-14,28,1,wk inc flu hosp,2026-03-21,quantile,0.6,112
2026-03-14,28,1,wk inc flu hosp,2026-03-21,quantile,0.65,116
2026-03-14,28,1,wk inc flu hosp,2026-03-21,quantile,0.7,122
2026-03-14,28,1,wk inc flu hosp,2026-03-21,quantile,0.75,128
2026-03-14,28,1,wk inc flu hosp,2026-03-21,quantile,0.8,135
2026-03-14,28,1,wk inc flu hosp,2026-03-21,quantile,0.85,147
2026-03-14,28,1,wk inc flu hosp,2026-03-21,quantile,0.9,162
2026-03-14,28,1,wk inc flu hosp,2026-03-21,quantile,0.95,185
2026-03-14,28,1,wk inc flu hosp,2026-03-21,quantile,0.975,208
2026-03-14,28,1,wk inc flu hosp,2026-03-21,quantile,0.99,224
2026-03-14,28,2,wk inc flu hosp,2026-03-28,quantile,0.01,23
2026-03-14,28,2,wk inc flu hosp,2026-03-28,quantile,0.025,29
2026-03-14,28,2,wk inc flu hosp,2026-03-28,quantile,0.05,38
2026-03-14,28,2,wk inc flu hosp,2026-03-28,quantile,0.1,45
2026-03-14,28,2,wk inc flu hosp,2026-03-28,quantile,0.15,52
2026-03-14,28,2,wk inc flu hosp,2026-03-28,quantile,0.2,56
2026-03-14,28,2,wk inc flu hosp,2026-03-28,quantile,0.25,60
2026-03-14,28,2,wk inc flu hosp,2026-03-28,quantile,0.3,65
2026-03-14,28,2,wk inc flu hosp,2026-03-28,quantile,0.35,69
2026-03-14,28,2,wk inc flu hosp,2026-03-28,quantile,0.4,74
2026-03-14,28,2,wk inc flu hosp,2026-03-28,quantile,0.45,85
2026-03-14,28,2,wk inc flu hosp,2026-03-28,quantile,0.5,89
2026-03-14,28,2,wk inc flu hosp,2026-03-28,quantile,0.55,94
2026-03-14,28,2,wk inc flu hosp,2026-03-28,quantile,0.6,98
2026-03-14,28,2,wk inc flu hosp,2026-03-28,quantile,0.65,105
2026-03-14,28,2,wk inc flu hosp,2026-03-28,quantile,0.7,113
2026-03-14,28,2,wk inc flu hosp,2026-03-28,quantile,0.75,116
2026-03-14,28,2,wk inc flu hosp,2026-03-28,quantile,0.8,121
2026-03-14,28,2,wk inc flu hosp,2026-03-28,quantile,0.85,136
2026-03-14,28,2,wk inc flu hosp,2026-03-28,quantile,0.9,153
2026-03-14,28,2,wk inc flu hosp,2026-03-28,quantile,0.95,186
2026-03-14,28,2,wk inc flu hosp,2026-03-28,quantile,0.975,204
2026-03-14,28,2,wk inc flu hosp,2026-03-28,quantile,0.99,236
2026-03-14,28,3,wk inc flu hosp,2026-04-04,quantile,0.01,16
2026-03-14,28,3,wk inc flu hosp,2026-04-04,quantile,0.025,22
2026-03-14,28,3,wk inc flu hosp,2026-04-04,quantile,0.05,29
2026-03-14,28,3,wk inc flu hosp,2026-04-04,quantile,0.1,35
2026-03-14,28,3,wk inc flu hosp,2026-04-04,quantile,0.15,41
2026-03-14,28,3,wk inc flu hosp,2026-04-04,quantile,0.2,46
2026-03-14,28,3,wk inc flu hosp,2026-04-04,quantile,0.25,50
2026-03-14,28,3,wk inc flu hosp,2026-04-04,quantile,0.3,54
2026-03-14,28,3,wk inc flu hosp,2026-04-04,quantile,0.35,57
2026-03-14,28,3,wk inc flu hosp,2026-04-04,quantile,0.4,66
2026-03-14,28,3,wk inc flu hosp,2026-04-04,quantile,0.45,72
2026-03-14,28,3,wk inc flu hosp,2026-04-04,quantile,0.5,75
2026-03-14,28,3,wk inc flu hosp,2026-04-04,quantile,0.55,80
2026-03-14,28,3,wk inc flu hosp,2026-04-04,quantile,0.6,86
2026-03-14,28,3,wk inc flu hosp,2026-04-04,quantile,0.65,94
2026-03-14,28,3,wk inc flu hosp,2026-04-04,quantile,0.7,98
2026-03-14,28,3,wk inc flu hosp,2026-04-04,quantile,0.75,106
2026-03-14,28,3,wk inc flu hosp,2026-04-04,quantile,0.8,115
2026-03-14,28,3,wk inc flu hosp,2026-04-04,quantile,0.85,127
2026-03-14,28,3,wk inc flu hosp,2026-04-04,quantile,0.9,144
2026-03-14,28,3,wk inc flu hosp,2026-04-04,quantile,0.95,168
2026-03-14,28,3,wk inc flu hosp,2026-04-04,quantile,0.975,204
2026-03-14,28,3,wk inc flu hosp,2026-04-04,quantile,0.99,245
2026-03-14,29,0,wk inc flu hosp,2026-03-14,quantile,0.01,70
2026-03-14,29,0,wk inc flu hosp,2026-03-14,quantile,0.025,81
2026-03-14,29,0,wk inc flu hosp,2026-03-14,quantile,0.05,89
2026-03-14,29,0,wk inc flu hosp,2026-03-14,quantile,0.1,104
2026-03-14,29,0,wk inc flu hosp,2026-03-14,quantile,0.15,119
2026-03-14,29,0,wk inc flu hosp,2026-03-14,quantile,0.2,128
2026-03-14,29,0,wk inc flu hosp,2026-03-14,quantile,0.25,138
2026-03-14,29,0,wk inc flu hosp,2026-03-14,quantile,0.3,146
2026-03-14,29,0,wk inc flu hosp,2026-03-14,quantile,0.35,153
2026-03-14,29,0,wk inc flu hosp,2026-03-14,quantile,0.4,160
2026-03-14,29,0,wk inc flu hosp,2026-03-14,quantile,0.45,169
2026-03-14,29,0,wk inc flu hosp,2026-03-14,quantile,0.5,178
2026-03-14,29,0,wk inc flu hosp,2026-03-14,quantile,0.55,191
2026-03-14,29,0,wk inc flu hosp,2026-03-14,quantile,0.6,197
2026-03-14,29,0,wk inc flu hosp,2026-03-14,quantile,0.65,205
2026-03-14,29,0,wk inc flu hosp,2026-03-14,quantile,0.7,213
2026-03-14,29,0,wk inc flu hosp,2026-03-14,quantile,0.75,225
2026-03-14,29,0,wk inc flu hosp,2026-03-14,quantile,0.8,237
2026-03-14,29,0,wk inc flu hosp,2026-03-14,quantile,0.85,254
2026-03-14,29,0,wk inc flu hosp,2026-03-14,quantile,0.9,273
2026-03-14,29,0,wk inc flu hosp,2026-03-14,quantile,0.95,311
2026-03-14,29,0,wk inc flu hosp,2026-03-14,quantile,0.975,342
2026-03-14,29,0,wk inc flu hosp,2026-03-14,quantile,0.99,380
2026-03-14,29,1,wk inc flu hosp,2026-03-21,quantile,0.01,41
2026-03-14,29,1,wk inc flu hosp,2026-03-21,quantile,0.025,48
2026-03-14,29,1,wk inc flu hosp,2026-03-21,quantile,0.05,61
2026-03-14,29,1,wk inc flu hosp,2026-03-21,quantile,0.1,75
2026-03-14,29,1,wk inc flu hosp,2026-03-21,quantile,0.15,85
2026-03-14,29,1,wk inc flu hosp,2026-03-21,quantile,0.2,95
2026-03-14,29,1,wk inc flu hosp,2026-03-21,quantile,0.25,101
2026-03-14,29,1,wk inc flu hosp,2026-03-21,quantile,0.3,114
2026-03-14,29,1,wk inc flu hosp,2026-03-21,quantile,0.35,122
2026-03-14,29,1,wk inc flu hosp,2026-03-21,quantile,0.4,133
2026-03-14,29,1,wk inc flu hosp,2026-03-21,quantile,0.45,145
2026-03-14,29,1,wk inc flu hosp,2026-03-21,quantile,0.5,153
2026-03-14,29,1,wk inc flu hosp,2026-03-21,quantile,0.55,162
2026-03-14,29,1,wk inc flu hosp,2026-03-21,quantile,0.6,179
2026-03-14,29,1,wk inc flu hosp,2026-03-21,quantile,0.65,192
2026-03-14,29,1,wk inc flu hosp,2026-03-21,quantile,0.7,203
2026-03-14,29,1,wk inc flu hosp,2026-03-21,quantile,0.75,214
2026-03-14,29,1,wk inc flu hosp,2026-03-21,quantile,0.8,229
2026-03-14,29,1,wk inc flu hosp,2026-03-21,quantile,0.85,246
2026-03-14,29,1,wk inc flu hosp,2026-03-21,quantile,0.9,269
2026-03-14,29,1,wk inc flu hosp,2026-03-21,quantile,0.95,320
2026-03-14,29,1,wk inc flu hosp,2026-03-21,quantile,0.975,374
2026-03-14,29,1,wk inc flu hosp,2026-03-21,quantile,0.99,436
2026-03-14,29,2,wk inc flu hosp,2026-03-28,quantile,0.01,20
2026-03-14,29,2,wk inc flu hosp,2026-03-28,quantile,0.025,28
2026-03-14,29,2,wk inc flu hosp,2026-03-28,quantile,0.05,37
2026-03-14,29,2,wk inc flu hosp,2026-03-28,quantile,0.1,58
2026-03-14,29,2,wk inc flu hosp,2026-03-28,quantile,0.15,62
2026-03-14,29,2,wk inc flu hosp,2026-03-28,quantile,0.2,64
2026-03-14,29,2,wk inc flu hosp,2026-03-28,quantile,0.25,77
2026-03-14,29,2,wk inc flu hosp,2026-03-28,quantile,0.3,92
2026-03-14,29,2,wk inc flu hosp,2026-03-28,quantile,0.35,98
2026-03-14,29,2,wk inc flu hosp,2026-03-28,quantile,0.4,102
2026-03-14,29,2,wk inc flu hosp,2026-03-28,quantile,0.45,111
2026-03-14,29,2,wk inc flu hosp,2026-03-28,quantile,0.5,120
2026-03-14,29,2,wk inc flu hosp,2026-03-28,quantile,0.55,133
2026-03-14,29,2,wk inc flu hosp,2026-03-28,quantile,0.6,142
2026-03-14,29,2,wk inc flu hosp,2026-03-28,quantile,0.65,151
2026-03-14,29,2,wk inc flu hosp,2026-03-28,quantile,0.7,174
2026-03-14,29,2,wk inc flu hosp,2026-03-28,quantile,0.75,191
2026-03-14,29,2,wk inc flu hosp,2026-03-28,quantile,0.8,209
2026-03-14,29,2,wk inc flu hosp,2026-03-28,quantile,0.85,234
2026-03-14,29,2,wk inc flu hosp,2026-03-28,quantile,0.9,262
2026-03-14,29,2,wk inc flu hosp,2026-03-28,quantile,0.95,311
2026-03-14,29,2,wk inc flu hosp,2026-03-28,quantile,0.975,362
2026-03-14,29,2,wk inc flu hosp,2026-03-28,quantile,0.99,436
2026-03-14,29,3,wk inc flu hosp,2026-04-04,quantile,0.01,8
2026-03-14,29,3,wk inc flu hosp,2026-04-04,quantile,0.025,14
2026-03-14,29,3,wk inc flu hosp,2026-04-04,quantile,0.05,24
2026-03-14,29,3,wk inc flu hosp,2026-04-04,quantile,0.1,37
2026-03-14,29,3,wk inc flu hosp,2026-04-04,quantile,0.15,44
2026-03-14,29,3,wk inc flu hosp,2026-04-04,quantile,0.2,51
2026-03-14,29,3,wk inc flu hosp,2026-04-04,quantile,0.25,59
2026-03-14,29,3,wk inc flu hosp,2026-04-04,quantile,0.3,67
2026-03-14,29,3,wk inc flu hosp,2026-04-04,quantile,0.35,72
2026-03-14,29,3,wk inc flu hosp,2026-04-04,quantile,0.4,81
2026-03-14,29,3,wk inc flu hosp,2026-04-04,quantile,0.45,89
2026-03-14,29,3,wk inc flu hosp,2026-04-04,quantile,0.5,100
2026-03-14,29,3,wk inc flu hosp,2026-04-04,quantile,0.55,116
2026-03-14,29,3,wk inc flu hosp,2026-04-04,quantile,0.6,132
2026-03-14,29,3,wk inc flu hosp,2026-04-04,quantile,0.65,139
2026-03-14,29,3,wk inc flu hosp,2026-04-04,quantile,0.7,155
2026-03-14,29,3,wk inc flu hosp,2026-04-04,quantile,0.75,168
2026-03-14,29,3,wk inc flu hosp,2026-04-04,quantile,0.8,186
2026-03-14,29,3,wk inc flu hosp,2026-04-04,quantile,0.85,216
2026-03-14,29,3,wk inc flu hosp,2026-04-04,quantile,0.9,250
2026-03-14,29,3,wk inc flu hosp,2026-04-04,quantile,0.95,312
2026-03-14,29,3,wk inc flu hosp,2026-04-04,quantile,0.975,374
2026-03-14,29,3,wk inc flu hosp,2026-04-04,quantile,0.99,431
2026-03-14,30,0,wk inc flu hosp,2026-03-14,quantile,0.01,9
2026-03-14,30,0,wk inc flu hosp,2026-03-14,quantile,0.025,11
2026-03-14,30,0,wk inc flu hosp,2026-03-14,quantile,0.05,13
2026-03-14,30,0,wk inc flu hosp,2026-03-14,quantile,0.1,16
2026-03-14,30,0,wk inc flu hosp,2026-03-14,quantile,0.15,19
2026-03-14,30,0,wk inc flu hosp,2026-03-14,quantile,0.2,21
2026-03-14,30,0,wk inc flu hosp,2026-03-14,quantile,0.25,22
2026-03-14,30,0,wk inc flu hosp,2026-03-14,quantile,0.3,23
2026-03-14,30,0,wk inc flu hosp,2026-03-14,quantile,0.35,25
2026-03-14,30,0,wk inc flu hosp,2026-03-14,quantile,0.4,26
2026-03-14,30,0,wk inc flu hosp,2026-03-14,quantile,0.45,27
2026-03-14,30,0,wk inc flu hosp,2026-03-14,quantile,0.5,29
2026-03-14,30,0,wk inc flu hosp,2026-03-14,quantile,0.55,31
2026-03-14,30,0,wk inc flu hosp,2026-03-14,quantile,0.6,33
2026-03-14,30,0,wk inc flu hosp,2026-03-14,quantile,0.65,35
2026-03-14,30,0,wk inc flu hosp,2026-03-14,quantile,0.7,36
2026-03-14,30,0,wk inc flu hosp,2026-03-14,quantile,0.75,38
2026-03-14,30,0,wk inc flu hosp,2026-03-14,quantile,0.8,41
2026-03-14,30,0,wk inc flu hosp,2026-03-14,quantile,0.85,44
2026-03-14,30,0,wk inc flu hosp,2026-03-14,quantile,0.9,48
2026-03-14,30,0,wk inc flu hosp,2026-03-14,quantile,0.95,53
2026-03-14,30,0,wk inc flu hosp,2026-03-14,quantile,0.975,59
2026-03-14,30,0,wk inc flu hosp,2026-03-14,quantile,0.99,67
2026-03-14,30,1,wk inc flu hosp,2026-03-21,quantile,0.01,5
2026-03-14,30,1,wk inc flu hosp,2026-03-21,quantile,0.025,7
2026-03-14,30,1,wk inc flu hosp,2026-03-21,quantile,0.05,8
2026-03-14,30,1,wk inc flu hosp,2026-03-21,quantile,0.1,11
2026-03-14,30,1,wk inc flu hosp,2026-03-21,quantile,0.15,13
2026-03-14,30,1,wk inc flu hosp,2026-03-21,quantile,0.2,14
2026-03-14,30,1,wk inc flu hosp,2026-03-21,quantile,0.25,15
2026-03-14,30,1,wk inc flu hosp,2026-03-21,quantile,0.3,17
2026-03-14,30,1,wk inc flu hosp,2026-03-21,quantile,0.35,19
2026-03-14,30,1,wk inc flu hosp,2026-03-21,quantile,0.4,20
2026-03-14,30,1,wk inc flu hosp,2026-03-21,quantile,0.45,22
2026-03-14,30,1,wk inc flu hosp,2026-03-21,quantile,0.5,24
2026-03-14,30,1,wk inc flu hosp,2026-03-21,quantile,0.55,27
2026-03-14,30,1,wk inc flu hosp,2026-03-21,quantile,0.6,28
2026-03-14,30,1,wk inc flu hosp,2026-03-21,quantile,0.65,29
2026-03-14,30,1,wk inc flu hosp,2026-03-21,quantile,0.7,31
2026-03-14,30,1,wk inc flu hosp,2026-03-21,quantile,0.75,33
2026-03-14,30,1,wk inc flu hosp,2026-03-21,quantile,0.8,36
2026-03-14,30,1,wk inc flu hosp,2026-03-21,quantile,0.85,41
2026-03-14,30,1,wk inc flu hosp,2026-03-21,quantile,0.9,46
2026-03-14,30,1,wk inc flu hosp,2026-03-21,quantile,0.95,56
2026-03-14,30,1,wk inc flu hosp,2026-03-21,quantile,0.975,61
2026-03-14,30,1,wk inc flu hosp,2026-03-21,quantile,0.99,75
2026-03-14,30,2,wk inc flu hosp,2026-03-28,quantile,0.01,2
2026-03-14,30,2,wk inc flu hosp,2026-03-28,quantile,0.025,3
2026-03-14,30,2,wk inc flu hosp,2026-03-28,quantile,0.05,5
2026-03-14,30,2,wk inc flu hosp,2026-03-28,quantile,0.1,7
2026-03-14,30,2,wk inc flu hosp,2026-03-28,quantile,0.15,8
2026-03-14,30,2,wk inc flu hosp,2026-03-28,quantile,0.2,11
2026-03-14,30,2,wk inc flu hosp,2026-03-28,quantile,0.25,12
2026-03-14,30,2,wk inc flu hosp,2026-03-28,quantile,0.3,14
2026-03-14,30,2,wk inc flu hosp,2026-03-28,quantile,0.35,15
2026-03-14,30,2,wk inc flu hosp,2026-03-28,quantile,0.4,16
2026-03-14,30,2,wk inc flu hosp,2026-03-28,quantile,0.45,18
2026-03-14,30,2,wk inc flu hosp,2026-03-28,quantile,0.5,19
2026-03-14,30,2,wk inc flu hosp,2026-03-28,quantile,0.55,20
2026-03-14,30,2,wk inc flu hosp,2026-03-28,quantile,0.6,23
2026-03-14,30,2,wk inc flu hosp,2026-03-28,quantile,0.65,25
2026-03-14,30,2,wk inc flu hosp,2026-03-28,quantile,0.7,28
2026-03-14,30,2,wk inc flu hosp,2026-03-28,quantile,0.75,30
2026-03-14,30,2,wk inc flu hosp,2026-03-28,quantile,0.8,33
2026-03-14,30,2,wk inc flu hosp,2026-03-28,quantile,0.85,37
2026-03-14,30,2,wk inc flu hosp,2026-03-28,quantile,0.9,41
2026-03-14,30,2,wk inc flu hosp,2026-03-28,quantile,0.95,51
2026-03-14,30,2,wk inc flu hosp,2026-03-28,quantile,0.975,63
2026-03-14,30,2,wk inc flu hosp,2026-03-28,quantile,0.99,74
2026-03-14,30,3,wk inc flu hosp,2026-04-04,quantile,0.01,1
2026-03-14,30,3,wk inc flu hosp,2026-04-04,quantile,0.025,2
2026-03-14,30,3,wk inc flu hosp,2026-04-04,quantile,0.05,3
2026-03-14,30,3,wk inc flu hosp,2026-04-04,quantile,0.1,5
2026-03-14,30,3,wk inc flu hosp,2026-04-04,quantile,0.15,7
2026-03-14,30,3,wk inc flu hosp,2026-04-04,quantile,0.2,8
2026-03-14,30,3,wk inc flu hosp,2026-04-04,quantile,0.25,9
2026-03-14,30,3,wk inc flu hosp,2026-04-04,quantile,0.3,10
2026-03-14,30,3,wk inc flu hosp,2026-04-04,quantile,0.35,12
2026-03-14,30,3,wk inc flu hosp,2026-04-04,quantile,0.4,13
2026-03-14,30,3,wk inc flu hosp,2026-04-04,quantile,0.45,14
2026-03-14,30,3,wk inc flu hosp,2026-04-04,quantile,0.5,15
2026-03-14,30,3,wk inc flu hosp,2026-04-04,quantile,0.55,17
2026-03-14,30,3,wk inc flu hosp,2026-04-04,quantile,0.6,18
2026-03-14,30,3,wk inc flu hosp,2026-04-04,quantile,0.65,21
2026-03-14,30,3,wk inc flu hosp,2026-04-04,quantile,0.7,22
2026-03-14,30,3,wk inc flu hosp,2026-04-04,quantile,0.75,24
2026-03-14,30,3,wk inc flu hosp,2026-04-04,quantile,0.8,27
2026-03-14,30,3,wk inc flu hosp,2026-04-04,quantile,0.85,32
2026-03-14,30,3,wk inc flu hosp,2026-04-04,quantile,0.9,37
2026-03-14,30,3,wk inc flu hosp,2026-04-04,quantile,0.95,48
2026-03-14,30,3,wk inc flu hosp,2026-04-04,quantile,0.975,62
2026-03-14,30,3,wk inc flu hosp,2026-04-04,quantile,0.99,75
2026-03-14,31,0,wk inc flu hosp,2026-03-14,quantile,0.01,16
2026-03-14,31,0,wk inc flu hosp,2026-03-14,quantile,0.025,19
2026-03-14,31,0,wk inc flu hosp,2026-03-14,quantile,0.05,22
2026-03-14,31,0,wk inc flu hosp,2026-03-14,quantile,0.1,26
2026-03-14,31,0,wk inc flu hosp,2026-03-14,quantile,0.15,30
2026-03-14,31,0,wk inc flu hosp,2026-03-14,quantile,0.2,33
2026-03-14,31,0,wk inc flu hosp,2026-03-14,quantile,0.25,36
2026-03-14,31,0,wk inc flu hosp,2026-03-14,quantile,0.3,38
2026-03-14,31,0,wk inc flu hosp,2026-03-14,quantile,0.35,40
2026-03-14,31,0,wk inc flu hosp,2026-03-14,quantile,0.4,42
2026-03-14,31,0,wk inc flu hosp,2026-03-14,quantile,0.45,44
2026-03-14,31,0,wk inc flu hosp,2026-03-14,quantile,0.5,47
2026-03-14,31,0,wk inc flu hosp,2026-03-14,quantile,0.55,49
2026-03-14,31,0,wk inc flu hosp,2026-03-14,quantile,0.6,52
2026-03-14,31,0,wk inc flu hosp,2026-03-14,quantile,0.65,56
2026-03-14,31,0,wk inc flu hosp,2026-03-14,quantile,0.7,58
2026-03-14,31,0,wk inc flu hosp,2026-03-14,quantile,0.75,61
2026-03-14,31,0,wk inc flu hosp,2026-03-14,quantile,0.8,65
2026-03-14,31,0,wk inc flu hosp,2026-03-14,quantile,0.85,69
2026-03-14,31,0,wk inc flu hosp,2026-03-14,quantile,0.9,74
2026-03-14,31,0,wk inc flu hosp,2026-03-14,quantile,0.95,84
2026-03-14,31,0,wk inc flu hosp,2026-03-14,quantile,0.975,92
2026-03-14,31,0,wk inc flu hosp,2026-03-14,quantile,0.99,102
2026-03-14,31,1,wk inc flu hosp,2026-03-21,quantile,0.01,7
2026-03-14,31,1,wk inc flu hosp,2026-03-21,quantile,0.025,9
2026-03-14,31,1,wk inc flu hosp,2026-03-21,quantile,0.05,12
2026-03-14,31,1,wk inc flu hosp,2026-03-21,quantile,0.1,17
2026-03-14,31,1,wk inc flu hosp,2026-03-21,quantile,0.15,21
2026-03-14,31,1,wk inc flu hosp,2026-03-21,quantile,0.2,24
2026-03-14,31,1,wk inc flu hosp,2026-03-21,quantile,0.25,28
2026-03-14,31,1,wk inc flu hosp,2026-03-21,quantile,0.3,29
2026-03-14,31,1,wk inc flu hosp,2026-03-21,quantile,0.35,31
2026-03-14,31,1,wk inc flu hosp,2026-03-21,quantile,0.4,33
2026-03-14,31,1,wk inc flu hosp,2026-03-21,quantile,0.45,36
2026-03-14,31,1,wk inc flu hosp,2026-03-21,quantile,0.5,39
2026-03-14,31,1,wk inc flu hosp,2026-03-21,quantile,0.55,41
2026-03-14,31,1,wk inc flu hosp,2026-03-21,quantile,0.6,44
2026-03-14,31,1,wk inc flu hosp,2026-03-21,quantile,0.65,46
2026-03-14,31,1,wk inc flu hosp,2026-03-21,quantile,0.7,50
2026-03-14,31,1,wk inc flu hosp,2026-03-21,quantile,0.75,54
2026-03-14,31,1,wk inc flu hosp,2026-03-21,quantile,0.8,59
2026-03-14,31,1,wk inc flu hosp,2026-03-21,quantile,0.85,64
2026-03-14,31,1,wk inc flu hosp,2026-03-21,quantile,0.9,69
2026-03-14,31,1,wk inc flu hosp,2026-03-21,quantile,0.95,83
2026-03-14,31,1,wk inc flu hosp,2026-03-21,quantile,0.975,94
2026-03-14,31,1,wk inc flu hosp,2026-03-21,quantile,0.99,104
2026-03-14,31,2,wk inc flu hosp,2026-03-28,quantile,0.01,3
2026-03-14,31,2,wk inc flu hosp,2026-03-28,quantile,0.025,5
2026-03-14,31,2,wk inc flu hosp,2026-03-28,quantile,0.05,7
2026-03-14,31,2,wk inc flu hosp,2026-03-28,quantile,0.1,12
2026-03-14,31,2,wk inc flu hosp,2026-03-28,quantile,0.15,16
2026-03-14,31,2,wk inc flu hosp,2026-03-28,quantile,0.2,19
2026-03-14,31,2,wk inc flu hosp,2026-03-28,quantile,0.25,20
2026-03-14,31,2,wk inc flu hosp,2026-03-28,quantile,0.3,22
2026-03-14,31,2,wk inc flu hosp,2026-03-28,quantile,0.35,23
2026-03-14,31,2,wk inc flu hosp,2026-03-28,quantile,0.4,25
2026-03-14,31,2,wk inc flu hosp,2026-03-28,quantile,0.45,26
2026-03-14,31,2,wk inc flu hosp,2026-03-28,quantile,0.5,29
2026-03-14,31,2,wk inc flu hosp,2026-03-28,quantile,0.55,32
2026-03-14,31,2,wk inc flu hosp,2026-03-28,quantile,0.6,34
2026-03-14,31,2,wk inc flu hosp,2026-03-28,quantile,0.65,39
2026-03-14,31,2,wk inc flu hosp,2026-03-28,quantile,0.7,43
2026-03-14,31,2,wk inc flu hosp,2026-03-28,quantile,0.75,47
2026-03-14,31,2,wk inc flu hosp,2026-03-28,quantile,0.8,52
2026-03-14,31,2,wk inc flu hosp,2026-03-28,quantile,0.85,59
2026-03-14,31,2,wk inc flu hosp,2026-03-28,quantile,0.9,68
2026-03-14,31,2,wk inc flu hosp,2026-03-28,quantile,0.95,81
2026-03-14,31,2,wk inc flu hosp,2026-03-28,quantile,0.975,95
2026-03-14,31,2,wk inc flu hosp,2026-03-28,quantile,0.99,105
2026-03-14,31,3,wk inc flu hosp,2026-04-04,quantile,0.01,1
2026-03-14,31,3,wk inc flu hosp,2026-04-04,quantile,0.025,2
2026-03-14,31,3,wk inc flu hosp,2026-04-04,quantile,0.05,4
2026-03-14,31,3,wk inc flu hosp,2026-04-04,quantile,0.1,9
2026-03-14,31,3,wk inc flu hosp,2026-04-04,quantile,0.15,11
2026-03-14,31,3,wk inc flu hosp,2026-04-04,quantile,0.2,12
2026-03-14,31,3,wk inc flu hosp,2026-04-04,quantile,0.25,14
2026-03-14,31,3,wk inc flu hosp,2026-04-04,quantile,0.3,15
2026-03-14,31,3,wk inc flu hosp,2026-04-04,quantile,0.35,16
2026-03-14,31,3,wk inc flu hosp,2026-04-04,quantile,0.4,18
2026-03-14,31,3,wk inc flu hosp,2026-04-04,quantile,0.45,20
2026-03-14,31,3,wk inc flu hosp,2026-04-04,quantile,0.5,23
2026-03-14,31,3,wk inc flu hosp,2026-04-04,quantile,0.55,25
2026-03-14,31,3,wk inc flu hosp,2026-04-04,quantile,0.6,29
2026-03-14,31,3,wk inc flu hosp,2026-04-04,quantile,0.65,32
2026-03-14,31,3,wk inc flu hosp,2026-04-04,quantile,0.7,36
2026-03-14,31,3,wk inc flu hosp,2026-04-04,quantile,0.75,41
2026-03-14,31,3,wk inc flu hosp,2026-04-04,quantile,0.8,46
2026-03-14,31,3,wk inc flu hosp,2026-04-04,quantile,0.85,53
2026-03-14,31,3,wk inc flu hosp,2026-04-04,quantile,0.9,63
2026-03-14,31,3,wk inc flu hosp,2026-04-04,quantile,0.95,79
2026-03-14,31,3,wk inc flu hosp,2026-04-04,quantile,0.975,91
2026-03-14,31,3,wk inc flu hosp,2026-04-04,quantile,0.99,106
2026-03-14,32,0,wk inc flu hosp,2026-03-14,quantile,0.01,14
2026-03-14,32,0,wk inc flu hosp,2026-03-14,quantile,0.025,17
2026-03-14,32,0,wk inc flu hosp,2026-03-14,quantile,0.05,21
2026-03-14,32,0,wk inc flu hosp,2026-03-14,quantile,0.1,26
2026-03-14,32,0,wk inc flu hosp,2026-03-14,quantile,0.15,29
2026-03-14,32,0,wk inc flu hosp,2026-03-14,quantile,0.2,31
2026-03-14,32,0,wk inc flu hosp,2026-03-14,quantile,0.25,33
2026-03-14,32,0,wk inc flu hosp,2026-03-14,quantile,0.3,35
2026-03-14,32,0,wk inc flu hosp,2026-03-14,quantile,0.35,37
2026-03-14,32,0,wk inc flu hosp,2026-03-14,quantile,0.4,39
2026-03-14,32,0,wk inc flu hosp,2026-03-14,quantile,0.45,41
2026-03-14,32,0,wk inc flu hosp,2026-03-14,quantile,0.5,44
2026-03-14,32,0,wk inc flu hosp,2026-03-14,quantile,0.55,46
2026-03-14,32,0,wk inc flu hosp,2026-03-14,quantile,0.6,47
2026-03-14,32,0,wk inc flu hosp,2026-03-14,quantile,0.65,50
2026-03-14,32,0,wk inc flu hosp,2026-03-14,quantile,0.7,52
2026-03-14,32,0,wk inc flu hosp,2026-03-14,quantile,0.75,55
2026-03-14,32,0,wk inc flu hosp,2026-03-14,quantile,0.8,59
2026-03-14,32,0,wk inc flu hosp,2026-03-14,quantile,0.85,63
2026-03-14,32,0,wk inc flu hosp,2026-03-14,quantile,0.9,69
2026-03-14,32,0,wk inc flu hosp,2026-03-14,quantile,0.95,78
2026-03-14,32,0,wk inc flu hosp,2026-03-14,quantile,0.975,86
2026-03-14,32,0,wk inc flu hosp,2026-03-14,quantile,0.99,98
2026-03-14,32,1,wk inc flu hosp,2026-03-21,quantile,0.01,8
2026-03-14,32,1,wk inc flu hosp,2026-03-21,quantile,0.025,12
2026-03-14,32,1,wk inc flu hosp,2026-03-21,quantile,0.05,15
2026-03-14,32,1,wk inc flu hosp,2026-03-21,quantile,0.1,20
2026-03-14,32,1,wk inc flu hosp,2026-03-21,quantile,0.15,22
2026-03-14,32,1,wk inc flu hosp,2026-03-21,quantile,0.2,24
2026-03-14,32,1,wk inc flu hosp,2026-03-21,quantile,0.25,26
2026-03-14,32,1,wk inc flu hosp,2026-03-21,quantile,0.3,28
2026-03-14,32,1,wk inc flu hosp,2026-03-21,quantile,0.35,29
2026-03-14,32,1,wk inc flu hosp,2026-03-21,quantile,0.4,33
2026-03-14,32,1,wk inc flu hosp,2026-03-21,quantile,0.45,35
2026-03-14,32,1,wk inc flu hosp,2026-03-21,quantile,0.5,40
2026-03-14,32,1,wk inc flu hosp,2026-03-21,quantile,0.55,43
2026-03-14,32,1,wk inc flu hosp,2026-03-21,quantile,0.6,46
2026-03-14,32,1,wk inc flu hosp,2026-03-21,quantile,0.65,48
2026-03-14,32,1,wk inc flu hosp,2026-03-21,quantile,0.7,51
2026-03-14,32,1,wk inc flu hosp,2026-03-21,quantile,0.75,55
2026-03-14,32,1,wk inc flu hosp,2026-03-21,quantile,0.8,60
2026-03-14,32,1,wk inc flu hosp,2026-03-21,quantile,0.85,64
2026-03-14,32,1,wk inc flu hosp,2026-03-21,quantile,0.9,72
2026-03-14,32,1,wk inc flu hosp,2026-03-21,quantile,0.95,84
2026-03-14,32,1,wk inc flu hosp,2026-03-21,quantile,0.975,96
2026-03-14,32,1,wk inc flu hosp,2026-03-21,quantile,0.99,109
2026-03-14,32,2,wk inc flu hosp,2026-03-28,quantile,0.01,6
2026-03-14,32,2,wk inc flu hosp,2026-03-28,quantile,0.025,7
2026-03-14,32,2,wk inc flu hosp,2026-03-28,quantile,0.05,11
2026-03-14,32,2,wk inc flu hosp,2026-03-28,quantile,0.1,13
2026-03-14,32,2,wk inc flu hosp,2026-03-28,quantile,0.15,16
2026-03-14,32,2,wk inc flu hosp,2026-03-28,quantile,0.2,17
2026-03-14,32,2,wk inc flu hosp,2026-03-28,quantile,0.25,19
2026-03-14,32,2,wk inc flu hosp,2026-03-28,quantile,0.3,22
2026-03-14,32,2,wk inc flu hosp,2026-03-28,quantile,0.35,24
2026-03-14,32,2,wk inc flu hosp,2026-03-28,quantile,0.4,27
2026-03-14,32,2,wk inc flu hosp,2026-03-28,quantile,0.45,30
2026-03-14,32,2,wk inc flu hosp,2026-03-28,quantile,0.5,34
2026-03-14,32,2,wk inc flu hosp,2026-03-28,quantile,0.55,37
2026-03-14,32,2,wk inc flu hosp,2026-03-28,quantile,0.6,40
2026-03-14,32,2,wk inc flu hosp,2026-03-28,quantile,0.65,43
2026-03-14,32,2,wk inc flu hosp,2026-03-28,quantile,0.7,49
2026-03-14,32,2,wk inc flu hosp,2026-03-28,quantile,0.75,54
2026-03-14,32,2,wk inc flu hosp,2026-03-28,quantile,0.8,58
2026-03-14,32,2,wk inc flu hosp,2026-03-28,quantile,0.85,64
2026-03-14,32,2,wk inc flu hosp,2026-03-28,quantile,0.9,71
2026-03-14,32,2,wk inc flu hosp,2026-03-28,quantile,0.95,85
2026-03-14,32,2,wk inc flu hosp,2026-03-28,quantile,0.975,105
2026-03-14,32,2,wk inc flu hosp,2026-03-28,quantile,0.99,123
2026-03-14,32,3,wk inc flu hosp,2026-04-04,quantile,0.01,3
2026-03-14,32,3,wk inc flu hosp,2026-04-04,quantile,0.025,5
2026-03-14,32,3,wk inc flu hosp,2026-04-04,quantile,0.05,7
2026-03-14,32,3,wk inc flu hosp,2026-04-04,quantile,0.1,8
2026-03-14,32,3,wk inc flu hosp,2026-04-04,quantile,0.15,11
2026-03-14,32,3,wk inc flu hosp,2026-04-04,quantile,0.2,13
2026-03-14,32,3,wk inc flu hosp,2026-04-04,quantile,0.25,14
2026-03-14,32,3,wk inc flu hosp,2026-04-04,quantile,0.3,16
2026-03-14,32,3,wk inc flu hosp,2026-04-04,quantile,0.35,19
2026-03-14,32,3,wk inc flu hosp,2026-04-04,quantile,0.4,22
2026-03-14,32,3,wk inc flu hosp,2026-04-04,quantile,0.45,25
2026-03-14,32,3,wk inc flu hosp,2026-04-04,quantile,0.5,29
2026-03-14,32,3,wk inc flu hosp,2026-04-04,quantile,0.55,32
2026-03-14,32,3,wk inc flu hosp,2026-04-04,quantile,0.6,36
2026-03-14,32,3,wk inc flu hosp,2026-04-04,quantile,0.65,39
2026-03-14,32,3,wk inc flu hosp,2026-04-04,quantile,0.7,43
2026-03-14,32,3,wk inc flu hosp,2026-04-04,quantile,0.75,46
2026-03-14,32,3,wk inc flu hosp,2026-04-04,quantile,0.8,51
2026-03-14,32,3,wk inc flu hosp,2026-04-04,quantile,0.85,59
2026-03-14,32,3,wk inc flu hosp,2026-04-04,quantile,0.9,68
2026-03-14,32,3,wk inc flu hosp,2026-04-04,quantile,0.95,88
2026-03-14,32,3,wk inc flu hosp,2026-04-04,quantile,0.975,106
2026-03-14,32,3,wk inc flu hosp,2026-04-04,quantile,0.99,127
2026-03-14,33,0,wk inc flu hosp,2026-03-14,quantile,0.01,5
2026-03-14,33,0,wk inc flu hosp,2026-03-14,quantile,0.025,6
2026-03-14,33,0,wk inc flu hosp,2026-03-14,quantile,0.05,7
2026-03-14,33,0,wk inc flu hosp,2026-03-14,quantile,0.1,10
2026-03-14,33,0,wk inc flu hosp,2026-03-14,quantile,0.15,12
2026-03-14,33,0,wk inc flu hosp,2026-03-14,quantile,0.2,13
2026-03-14,33,0,wk inc flu hosp,2026-03-14,quantile,0.25,15
2026-03-14,33,0,wk inc flu hosp,2026-03-14,quantile,0.3,16
2026-03-14,33,0,wk inc flu hosp,2026-03-14,quantile,0.35,18
2026-03-14,33,0,wk inc flu hosp,2026-03-14,quantile,0.4,19
2026-03-14,33,0,wk inc flu hosp,2026-03-14,quantile,0.45,21
2026-03-14,33,0,wk inc flu hosp,2026-03-14,quantile,0.5,23
2026-03-14,33,0,wk inc flu hosp,2026-03-14,quantile,0.55,25
2026-03-14,33,0,wk inc flu hosp,2026-03-14,quantile,0.6,26
2026-03-14,33,0,wk inc flu hosp,2026-03-14,quantile,0.65,27
2026-03-14,33,0,wk inc flu hosp,2026-03-14,quantile,0.7,29
2026-03-14,33,0,wk inc flu hosp,2026-03-14,quantile,0.75,30
2026-03-14,33,0,wk inc flu hosp,2026-03-14,quantile,0.8,32
2026-03-14,33,0,wk inc flu hosp,2026-03-14,quantile,0.85,34
2026-03-14,33,0,wk inc flu hosp,2026-03-14,quantile,0.9,37
2026-03-14,33,0,wk inc flu hosp,2026-03-14,quantile,0.95,42
2026-03-14,33,0,wk inc flu hosp,2026-03-14,quantile,0.975,47
2026-03-14,33,0,wk inc flu hosp,2026-03-14,quantile,0.99,55
2026-03-14,33,1,wk inc flu hosp,2026-03-21,quantile,0.01,2
2026-03-14,33,1,wk inc flu hosp,2026-03-21,quantile,0.025,3
2026-03-14,33,1,wk inc flu hosp,2026-03-21,quantile,0.05,5
2026-03-14,33,1,wk inc flu hosp,2026-03-21,quantile,0.1,6
2026-03-14,33,1,wk inc flu hosp,2026-03-21,quantile,0.15,7
2026-03-14,33,1,wk inc flu hosp,2026-03-21,quantile,0.2,8
2026-03-14,33,1,wk inc flu hosp,2026-03-21,quantile,0.25,10
2026-03-14,33,1,wk inc flu hosp,2026-03-21,quantile,0.3,12
2026-03-14,33,1,wk inc flu hosp,2026-03-21,quantile,0.35,13
2026-03-14,33,1,wk inc flu hosp,2026-03-21,quantile,0.4,15
2026-03-14,33,1,wk inc flu hosp,2026-03-21,quantile,0.45,17
2026-03-14,33,1,wk inc flu hosp,2026-03-21,quantile,0.5,20
2026-03-14,33,1,wk inc flu hosp,2026-03-21,quantile,0.55,21
2026-03-14,33,1,wk inc flu hosp,2026-03-21,quantile,0.6,23
2026-03-14,33,1,wk inc flu hosp,2026-03-21,quantile,0.65,25
2026-03-14,33,1,wk inc flu hosp,2026-03-21,quantile,0.7,27
2026-03-14,33,1,wk inc flu hosp,2026-03-21,quantile,0.75,29
2026-03-14,33,1,wk inc flu hosp,2026-03-21,quantile,0.8,30
2026-03-14,33,1,wk inc flu hosp,2026-03-21,quantile,0.85,33
2026-03-14,33,1,wk inc flu hosp,2026-03-21,quantile,0.9,38
2026-03-14,33,1,wk inc flu hosp,2026-03-21,quantile,0.95,46
2026-03-14,33,1,wk inc flu hosp,2026-03-21,quantile,0.975,54
2026-03-14,33,1,wk inc flu hosp,2026-03-21,quantile,0.99,63
2026-03-14,33,2,wk inc flu hosp,2026-03-28,quantile,0.01,1
2026-03-14,33,2,wk inc flu hosp,2026-03-28,quantile,0.025,1
2026-03-14,33,2,wk inc flu hosp,2026-03-28,quantile,0.05,2
2026-03-14,33,2,wk inc flu hosp,2026-03-28,quantile,0.1,3
2026-03-14,33,2,wk inc flu hosp,2026-03-28,quantile,0.15,4
2026-03-14,33,2,wk inc flu hosp,2026-03-28,quantile,0.2,5
2026-03-14,33,2,wk inc flu hosp,2026-03-28,quantile,0.25,8
2026-03-14,33,2,wk inc flu hosp,2026-03-28,quantile,0.3,9
2026-03-14,33,2,wk inc flu hosp,2026-03-28,quantile,0.35,11
2026-03-14,33,2,wk inc flu hosp,2026-03-28,quantile,0.4,13
2026-03-14,33,2,wk inc flu hosp,2026-03-28,quantile,0.45,13
2026-03-14,33,2,wk inc flu hosp,2026-03-28,quantile,0.5,16
2026-03-14,33,2,wk inc flu hosp,2026-03-28,quantile,0.55,19
2026-03-14,33,2,wk inc flu hosp,2026-03-28,quantile,0.6,20
2026-03-14,33,2,wk inc flu hosp,2026-03-28,quantile,0.65,21
2026-03-14,33,2,wk inc flu hosp,2026-03-28,quantile,0.7,23
2026-03-14,33,2,wk inc flu hosp,2026-03-28,quantile,0.75,25
2026-03-14,33,2,wk inc flu hosp,2026-03-28,quantile,0.8,27
2026-03-14,33,2,wk inc flu hosp,2026-03-28,quantile,0.85,30
2026-03-14,33,2,wk inc flu hosp,2026-03-28,quantile,0.9,36
2026-03-14,33,2,wk inc flu hosp,2026-03-28,quantile,0.95,48
2026-03-14,33,2,wk inc flu hosp,2026-03-28,quantile,0.975,56
2026-03-14,33,2,wk inc flu hosp,2026-03-28,quantile,0.99,70
2026-03-14,33,3,wk inc flu hosp,2026-04-04,quantile,0.01,0
2026-03-14,33,3,wk inc flu hosp,2026-04-04,quantile,0.025,1
2026-03-14,33,3,wk inc flu hosp,2026-04-04,quantile,0.05,1
2026-03-14,33,3,wk inc flu hosp,2026-04-04,quantile,0.1,2
2026-03-14,33,3,wk inc flu hosp,2026-04-04,quantile,0.15,2
2026-03-14,33,3,wk inc flu hosp,2026-04-04,quantile,0.2,3
2026-03-14,33,3,wk inc flu hosp,2026-04-04,quantile,0.25,5
2026-03-14,33,3,wk inc flu hosp,2026-04-04,quantile,0.3,6
2026-03-14,33,3,wk inc flu hosp,2026-04-04,quantile,0.35,8
2026-03-14,33,3,wk inc flu hosp,2026-04-04,quantile,0.4,10
2026-03-14,33,3,wk inc flu hosp,2026-04-04,quantile,0.45,10
2026-03-14,33,3,wk inc flu hosp,2026-04-04,quantile,0.5,14
2026-03-14,33,3,wk inc flu hosp,2026-04-04,quantile,0.55,15
2026-03-14,33,3,wk inc flu hosp,2026-04-04,quantile,0.6,17
2026-03-14,33,3,wk inc flu hosp,2026-04-04,quantile,0.65,19
2026-03-14,33,3,wk inc flu hosp,2026-04-04,quantile,0.7,21
2026-03-14,33,3,wk inc flu hosp,2026-04-04,quantile,0.75,23
2026-03-14,33,3,wk inc flu hosp,2026-04-04,quantile,0.8,25
2026-03-14,33,3,wk inc flu hosp,2026-04-04,quantile,0.85,29
2026-03-14,33,3,wk inc flu hosp,2026-04-04,quantile,0.9,34
2026-03-14,33,3,wk inc flu hosp,2026-04-04,quantile,0.95,42
2026-03-14,33,3,wk inc flu hosp,2026-04-04,quantile,0.975,56
2026-03-14,33,3,wk inc flu hosp,2026-04-04,quantile,0.99,71
2026-03-14,34,0,wk inc flu hosp,2026-03-14,quantile,0.01,57
2026-03-14,34,0,wk inc flu hosp,2026-03-14,quantile,0.025,69
2026-03-14,34,0,wk inc flu hosp,2026-03-14,quantile,0.05,80
2026-03-14,34,0,wk inc flu hosp,2026-03-14,quantile,0.1,96
2026-03-14,34,0,wk inc flu hosp,2026-03-14,quantile,0.15,104
2026-03-14,34,0,wk inc flu hosp,2026-03-14,quantile,0.2,109
2026-03-14,34,0,wk inc flu hosp,2026-03-14,quantile,0.25,116
2026-03-14,34,0,wk inc flu hosp,2026-03-14,quantile,0.3,122
2026-03-14,34,0,wk inc flu hosp,2026-03-14,quantile,0.35,130
2026-03-14,34,0,wk inc flu hosp,2026-03-14,quantile,0.4,136
2026-03-14,34,0,wk inc flu hosp,2026-03-14,quantile,0.45,145
2026-03-14,34,0,wk inc flu hosp,2026-03-14,quantile,0.5,155
2026-03-14,34,0,wk inc flu hosp,2026-03-14,quantile,0.55,164
2026-03-14,34,0,wk inc flu hosp,2026-03-14,quantile,0.6,170
2026-03-14,34,0,wk inc flu hosp,2026-03-14,quantile,0.65,174
2026-03-14,34,0,wk inc flu hosp,2026-03-14,quantile,0.7,181
2026-03-14,34,0,wk inc flu hosp,2026-03-14,quantile,0.75,189
2026-03-14,34,0,wk inc flu hosp,2026-03-14,quantile,0.8,197
2026-03-14,34,0,wk inc flu hosp,2026-03-14,quantile,0.85,210
2026-03-14,34,0,wk inc flu hosp,2026-03-14,quantile,0.9,226
2026-03-14,34,0,wk inc flu hosp,2026-03-14,quantile,0.95,256
2026-03-14,34,0,wk inc flu hosp,2026-03-14,quantile,0.975,282
2026-03-14,34,0,wk inc flu hosp,2026-03-14,quantile,0.99,316
2026-03-14,34,1,wk inc flu hosp,2026-03-21,quantile,0.01,33
2026-03-14,34,1,wk inc flu hosp,2026-03-21,quantile,0.025,41
2026-03-14,34,1,wk inc flu hosp,2026-03-21,quantile,0.05,54
2026-03-14,34,1,wk inc flu hosp,2026-03-21,quantile,0.1,67
2026-03-14,34,1,wk inc flu hosp,2026-03-21,quantile,0.15,75
2026-03-14,34,1,wk inc flu hosp,2026-03-21,quantile,0.2,84
2026-03-14,34,1,wk inc flu hosp,2026-03-21,quantile,0.25,91
2026-03-14,34,1,wk inc flu hosp,2026-03-21,quantile,0.3,99
2026-03-14,34,1,wk inc flu hosp,2026-03-21,quantile,0.35,108
2026-03-14,34,1,wk inc flu hosp,2026-03-21,quantile,0.4,115
2026-03-14,34,1,wk inc flu hosp,2026-03-21,quantile,0.45,121
2026-03-14,34,1,wk inc flu hosp,2026-03-21,quantile,0.5,135
2026-03-14,34,1,wk inc flu hosp,2026-03-21,quantile,0.55,147
2026-03-14,34,1,wk inc flu hosp,2026-03-21,quantile,0.6,156
2026-03-14,34,1,wk inc flu hosp,2026-03-21,quantile,0.65,166
2026-03-14,34,1,wk inc flu hosp,2026-03-21,quantile,0.7,171
2026-03-14,34,1,wk inc flu hosp,2026-03-21,quantile,0.75,181
2026-03-14,34,1,wk inc flu hosp,2026-03-21,quantile,0.8,194
2026-03-14,34,1,wk inc flu hosp,2026-03-21,quantile,0.85,210
2026-03-14,34,1,wk inc flu hosp,2026-03-21,quantile,0.9,234
2026-03-14,34,1,wk inc flu hosp,2026-03-21,quantile,0.95,269
2026-03-14,34,1,wk inc flu hosp,2026-03-21,quantile,0.975,303
2026-03-14,34,1,wk inc flu hosp,2026-03-21,quantile,0.99,370
2026-03-14,34,2,wk inc flu hosp,2026-03-28,quantile,0.01,22
2026-03-14,34,2,wk inc flu hosp,2026-03-28,quantile,0.025,34
2026-03-14,34,2,wk inc flu hosp,2026-03-28,quantile,0.05,38
2026-03-14,34,2,wk inc flu hosp,2026-03-28,quantile,0.1,49
2026-03-14,34,2,wk inc flu hosp,2026-03-28,quantile,0.15,58
2026-03-14,34,2,wk inc flu hosp,2026-03-28,quantile,0.2,66
2026-03-14,34,2,wk inc flu hosp,2026-03-28,quantile,0.25,73
2026-03-14,34,2,wk inc flu hosp,2026-03-28,quantile,0.3,82
2026-03-14,34,2,wk inc flu hosp,2026-03-28,quantile,0.35,92
2026-03-14,34,2,wk inc flu hosp,2026-03-28,quantile,0.4,100
2026-03-14,34,2,wk inc flu hosp,2026-03-28,quantile,0.45,109
2026-03-14,34,2,wk inc flu hosp,2026-03-28,quantile,0.5,114
2026-03-14,34,2,wk inc flu hosp,2026-03-28,quantile,0.55,127
2026-03-14,34,2,wk inc flu hosp,2026-03-28,quantile,0.6,141
2026-03-14,34,2,wk inc flu hosp,2026-03-28,quantile,0.65,150
2026-03-14,34,2,wk inc flu hosp,2026-03-28,quantile,0.7,158
2026-03-14,34,2,wk inc flu hosp,2026-03-28,quantile,0.75,172
2026-03-14,34,2,wk inc flu hosp,2026-03-28,quantile,0.8,184
2026-03-14,34,2,wk inc flu hosp,2026-03-28,quantile,0.85,205
2026-03-14,34,2,wk inc flu hosp,2026-03-28,quantile,0.9,229
2026-03-14,34,2,wk inc flu hosp,2026-03-28,quantile,0.95,269
2026-03-14,34,2,wk inc flu hosp,2026-03-28,quantile,0.975,307
2026-03-14,34,2,wk inc flu hosp,2026-03-28,quantile,0.99,388
2026-03-14,34,3,wk inc flu hosp,2026-04-04,quantile,0.01,16
2026-03-14,34,3,wk inc flu hosp,2026-04-04,quantile,0.025,23
2026-03-14,34,3,wk inc flu hosp,2026-04-04,quantile,0.05,28
2026-03-14,34,3,wk inc flu hosp,2026-04-04,quantile,0.1,36
2026-03-14,34,3,wk inc flu hosp,2026-04-04,quantile,0.15,49
2026-03-14,34,3,wk inc flu hosp,2026-04-04,quantile,0.2,54
2026-03-14,34,3,wk inc flu hosp,2026-04-04,quantile,0.25,56
2026-03-14,34,3,wk inc flu hosp,2026-04-04,quantile,0.3,68
2026-03-14,34,3,wk inc flu hosp,2026-04-04,quantile,0.35,76
2026-03-14,34,3,wk inc flu hosp,2026-04-04,quantile,0.4,86
2026-03-14,34,3,wk inc flu hosp,2026-04-04,quantile,0.45,93
2026-03-14,34,3,wk inc flu hosp,2026-04-04,quantile,0.5,99
2026-03-14,34,3,wk inc flu hosp,2026-04-04,quantile,0.55,111
2026-03-14,34,3,wk inc flu hosp,2026-04-04,quantile,0.6,127
2026-03-14,34,3,wk inc flu hosp,2026-04-04,quantile,0.65,136
2026-03-14,34,3,wk inc flu hosp,2026-04-04,quantile,0.7,143
2026-03-14,34,3,wk inc flu hosp,2026-04-04,quantile,0.75,154
2026-03-14,34,3,wk inc flu hosp,2026-04-04,quantile,0.8,175
2026-03-14,34,3,wk inc flu hosp,2026-04-04,quantile,0.85,201
2026-03-14,34,3,wk inc flu hosp,2026-04-04,quantile,0.9,227
2026-03-14,34,3,wk inc flu hosp,2026-04-04,quantile,0.95,264
2026-03-14,34,3,wk inc flu hosp,2026-04-04,quantile,0.975,317
2026-03-14,34,3,wk inc flu hosp,2026-04-04,quantile,0.99,392
2026-03-14,35,0,wk inc flu hosp,2026-03-14,quantile,0.01,17
2026-03-14,35,0,wk inc flu hosp,2026-03-14,quantile,0.025,21
2026-03-14,35,0,wk inc flu hosp,2026-03-14,quantile,0.05,23
2026-03-14,35,0,wk inc flu hosp,2026-03-14,quantile,0.1,28
2026-03-14,35,0,wk inc flu hosp,2026-03-14,quantile,0.15,31
2026-03-14,35,0,wk inc flu hosp,2026-03-14,quantile,0.2,34
2026-03-14,35,0,wk inc flu hosp,2026-03-14,quantile,0.25,37
2026-03-14,35,0,wk inc flu hosp,2026-03-14,quantile,0.3,40
2026-03-14,35,0,wk inc flu hosp,2026-03-14,quantile,0.35,43
2026-03-14,35,0,wk inc flu hosp,2026-03-14,quantile,0.4,45
2026-03-14,35,0,wk inc flu hosp,2026-03-14,quantile,0.45,49
2026-03-14,35,0,wk inc flu hosp,2026-03-14,quantile,0.5,52
2026-03-14,35,0,wk inc flu hosp,2026-03-14,quantile,0.55,54
2026-03-14,35,0,wk inc flu hosp,2026-03-14,quantile,0.6,56
2026-03-14,35,0,wk inc flu hosp,2026-03-14,quantile,0.65,59
2026-03-14,35,0,wk inc flu hosp,2026-03-14,quantile,0.7,62
2026-03-14,35,0,wk inc flu hosp,2026-03-14,quantile,0.75,66
2026-03-14,35,0,wk inc flu hosp,2026-03-14,quantile,0.8,69
2026-03-14,35,0,wk inc flu hosp,2026-03-14,quantile,0.85,75
2026-03-14,35,0,wk inc flu hosp,2026-03-14,quantile,0.9,81
2026-03-14,35,0,wk inc flu hosp,2026-03-14,quantile,0.95,93
2026-03-14,35,0,wk inc flu hosp,2026-03-14,quantile,0.975,102
2026-03-14,35,0,wk inc flu hosp,2026-03-14,quantile,0.99,115
2026-03-14,35,1,wk inc flu hosp,2026-03-21,quantile,0.01,10
2026-03-14,35,1,wk inc flu hosp,2026-03-21,quantile,0.025,13
2026-03-14,35,1,wk inc flu hosp,2026-03-21,quantile,0.05,16
2026-03-14,35,1,wk inc flu hosp,2026-03-21,quantile,0.1,20
2026-03-14,35,1,wk inc flu hosp,2026-03-21,quantile,0.15,23
2026-03-14,35,1,wk inc flu hosp,2026-03-21,quantile,0.2,24
2026-03-14,35,1,wk inc flu hosp,2026-03-21,quantile,0.25,27
2026-03-14,35,1,wk inc flu hosp,2026-03-21,quantile,0.3,31
2026-03-14,35,1,wk inc flu hosp,2026-03-21,quantile,0.35,34
2026-03-14,35,1,wk inc flu hosp,2026-03-21,quantile,0.4,36
2026-03-14,35,1,wk inc flu hosp,2026-03-21,quantile,0.45,39
2026-03-14,35,1,wk inc flu hosp,2026-03-21,quantile,0.5,42
2026-03-14,35,1,wk inc flu hosp,2026-03-21,quantile,0.55,45
2026-03-14,35,1,wk inc flu hosp,2026-03-21,quantile,0.6,49
2026-03-14,35,1,wk inc flu hosp,2026-03-21,quantile,0.65,52
2026-03-14,35,1,wk inc flu hosp,2026-03-21,quantile,0.7,56
2026-03-14,35,1,wk inc flu hosp,2026-03-21,quantile,0.75,61
2026-03-14,35,1,wk inc flu hosp,2026-03-21,quantile,0.8,67
2026-03-14,35,1,wk inc flu hosp,2026-03-21,quantile,0.85,74
2026-03-14,35,1,wk inc flu hosp,2026-03-21,quantile,0.9,82
2026-03-14,35,1,wk inc flu hosp,2026-03-21,quantile,0.95,93
2026-03-14,35,1,wk inc flu hosp,2026-03-21,quantile,0.975,109
2026-03-14,35,1,wk inc flu hosp,2026-03-21,quantile,0.99,123
2026-03-14,35,2,wk inc flu hosp,2026-03-28,quantile,0.01,5
2026-03-14,35,2,wk inc flu hosp,2026-03-28,quantile,0.025,7
2026-03-14,35,2,wk inc flu hosp,2026-03-28,quantile,0.05,9
2026-03-14,35,2,wk inc flu hosp,2026-03-28,quantile,0.1,12
2026-03-14,35,2,wk inc flu hosp,2026-03-28,quantile,0.15,14
2026-03-14,35,2,wk inc flu hosp,2026-03-28,quantile,0.2,16
2026-03-14,35,2,wk inc flu hosp,2026-03-28,quantile,0.25,19
2026-03-14,35,2,wk inc flu hosp,2026-03-28,quantile,0.3,20
2026-03-14,35,2,wk inc flu hosp,2026-03-28,quantile,0.35,24
2026-03-14,35,2,wk inc flu hosp,2026-03-28,quantile,0.4,27
2026-03-14,35,2,wk inc flu hosp,2026-03-28,quantile,0.45,30
2026-03-14,35,2,wk inc flu hosp,2026-03-28,quantile,0.5,35
2026-03-14,35,2,wk inc flu hosp,2026-03-28,quantile,0.55,40
2026-03-14,35,2,wk inc flu hosp,2026-03-28,quantile,0.6,42
2026-03-14,35,2,wk inc flu hosp,2026-03-28,quantile,0.65,45
2026-03-14,35,2,wk inc flu hosp,2026-03-28,quantile,0.7,49
2026-03-14,35,2,wk inc flu hosp,2026-03-28,quantile,0.75,55
2026-03-14,35,2,wk inc flu hosp,2026-03-28,quantile,0.8,61
2026-03-14,35,2,wk inc flu hosp,2026-03-28,quantile,0.85,69
2026-03-14,35,2,wk inc flu hosp,2026-03-28,quantile,0.9,80
2026-03-14,35,2,wk inc flu hosp,2026-03-28,quantile,0.95,96
2026-03-14,35,2,wk inc flu hosp,2026-03-28,quantile,0.975,109
2026-03-14,35,2,wk inc flu hosp,2026-03-28,quantile,0.99,131
2026-03-14,35,3,wk inc flu hosp,2026-04-04,quantile,0.01,1
2026-03-14,35,3,wk inc flu hosp,2026-04-04,quantile,0.025,3
2026-03-14,35,3,wk inc flu hosp,2026-04-04,quantile,0.05,6
2026-03-14,35,3,wk inc flu hosp,2026-04-04,quantile,0.1,9
2026-03-14,35,3,wk inc flu hosp,2026-04-04,quantile,0.15,10
2026-03-14,35,3,wk inc flu hosp,2026-04-04,quantile,0.2,12
2026-03-14,35,3,wk inc flu hosp,2026-04-04,quantile,0.25,14
2026-03-14,35,3,wk inc flu hosp,2026-04-04,quantile,0.3,15
2026-03-14,35,3,wk inc flu hosp,2026-04-04,quantile,0.35,19
2026-03-14,35,3,wk inc flu hosp,2026-04-04,quantile,0.4,21
2026-03-14,35,3,wk inc flu hosp,2026-04-04,quantile,0.45,25
2026-03-14,35,3,wk inc flu hosp,2026-04-04,quantile,0.5,30
2026-03-14,35,3,wk inc flu hosp,2026-04-04,quantile,0.55,33
2026-03-14,35,3,wk inc flu hosp,2026-04-04,quantile,0.6,35
2026-03-14,35,3,wk inc flu hosp,2026-04-04,quantile,0.65,40
2026-03-14,35,3,wk inc flu hosp,2026-04-04,quantile,0.7,45
2026-03-14,35,3,wk inc flu hosp,2026-04-04,quantile,0.75,49
2026-03-14,35,3,wk inc flu hosp,2026-04-04,quantile,0.8,54
2026-03-14,35,3,wk inc flu hosp,2026-04-04,quantile,0.85,63
2026-03-14,35,3,wk inc flu hosp,2026-04-04,quantile,0.9,76
2026-03-14,35,3,wk inc flu hosp,2026-04-04,quantile,0.95,94
2026-03-14,35,3,wk inc flu hosp,2026-04-04,quantile,0.975,110
2026-03-14,35,3,wk inc flu hosp,2026-04-04,quantile,0.99,132
2026-03-14,36,0,wk inc flu hosp,2026-03-14,quantile,0.01,65
2026-03-14,36,0,wk inc flu hosp,2026-03-14,quantile,0.025,78
2026-03-14,36,0,wk inc flu hosp,2026-03-14,quantile,0.05,91
2026-03-14,36,0,wk inc flu hosp,2026-03-14,quantile,0.1,109
2026-03-14,36,0,wk inc flu hosp,2026-03-14,quantile,0.15,124
2026-03-14,36,0,wk inc flu hosp,2026-03-14,quantile,0.2,132
2026-03-14,36,0,wk inc flu hosp,2026-03-14,quantile,0.25,141
2026-03-14,36,0,wk inc flu hosp,2026-03-14,quantile,0.3,153
2026-03-14,36,0,wk inc flu hosp,2026-03-14,quantile,0.35,162
2026-03-14,36,0,wk inc flu hosp,2026-03-14,quantile,0.4,171
2026-03-14,36,0,wk inc flu hosp,2026-03-14,quantile,0.45,181
2026-03-14,36,0,wk inc flu hosp,2026-03-14,quantile,0.5,198
2026-03-14,36,0,wk inc flu hosp,2026-03-14,quantile,0.55,211
2026-03-14,36,0,wk inc flu hosp,2026-03-14,quantile,0.6,222
2026-03-14,36,0,wk inc flu hosp,2026-03-14,quantile,0.65,231
2026-03-14,36,0,wk inc flu hosp,2026-03-14,quantile,0.7,242
2026-03-14,36,0,wk inc flu hosp,2026-03-14,quantile,0.75,252
2026-03-14,36,0,wk inc flu hosp,2026-03-14,quantile,0.8,269
2026-03-14,36,0,wk inc flu hosp,2026-03-14,quantile,0.85,285
2026-03-14,36,0,wk inc flu hosp,2026-03-14,quantile,0.9,312
2026-03-14,36,0,wk inc flu hosp,2026-03-14,quantile,0.95,354
2026-03-14,36,0,wk inc flu hosp,2026-03-14,quantile,0.975,390
2026-03-14,36,0,wk inc flu hosp,2026-03-14,quantile,0.99,443
2026-03-14,36,1,wk inc flu hosp,2026-03-21,quantile,0.01,32
2026-03-14,36,1,wk inc flu hosp,2026-03-21,quantile,0.025,42
2026-03-14,36,1,wk inc flu hosp,2026-03-21,quantile,0.05,56
2026-03-14,36,1,wk inc flu hosp,2026-03-21,quantile,0.1,72
2026-03-14,36,1,wk inc flu hosp,2026-03-21,quantile,0.15,76
2026-03-14,36,1,wk inc flu hosp,2026-03-21,quantile,0.2,88
2026-03-14,36,1,wk inc flu hosp,2026-03-21,quantile,0.25,99
2026-03-14,36,1,wk inc flu hosp,2026-03-21,quantile,0.3,110
2026-03-14,36,1,wk inc flu hosp,2026-03-21,quantile,0.35,129
2026-03-14,36,1,wk inc flu hosp,2026-03-21,quantile,0.4,142
2026-03-14,36,1,wk inc flu hosp,2026-03-21,quantile,0.45,155
2026-03-14,36,1,wk inc flu hosp,2026-03-21,quantile,0.5,168
2026-03-14,36,1,wk inc flu hosp,2026-03-21,quantile,0.55,175
2026-03-14,36,1,wk inc flu hosp,2026-03-21,quantile,0.6,198
2026-03-14,36,1,wk inc flu hosp,2026-03-21,quantile,0.65,221
2026-03-14,36,1,wk inc flu hosp,2026-03-21,quantile,0.7,235
2026-03-14,36,1,wk inc flu hosp,2026-03-21,quantile,0.75,253
2026-03-14,36,1,wk inc flu hosp,2026-03-21,quantile,0.8,271
2026-03-14,36,1,wk inc flu hosp,2026-03-21,quantile,0.85,296
2026-03-14,36,1,wk inc flu hosp,2026-03-21,quantile,0.9,323
2026-03-14,36,1,wk inc flu hosp,2026-03-21,quantile,0.95,369
2026-03-14,36,1,wk inc flu hosp,2026-03-21,quantile,0.975,438
2026-03-14,36,1,wk inc flu hosp,2026-03-21,quantile,0.99,519
2026-03-14,36,2,wk inc flu hosp,2026-03-28,quantile,0.01,18
2026-03-14,36,2,wk inc flu hosp,2026-03-28,quantile,0.025,31
2026-03-14,36,2,wk inc flu hosp,2026-03-28,quantile,0.05,38
2026-03-14,36,2,wk inc flu hosp,2026-03-28,quantile,0.1,51
2026-03-14,36,2,wk inc flu hosp,2026-03-28,quantile,0.15,61
2026-03-14,36,2,wk inc flu hosp,2026-03-28,quantile,0.2,78
2026-03-14,36,2,wk inc flu hosp,2026-03-28,quantile,0.25,91
2026-03-14,36,2,wk inc flu hosp,2026-03-28,quantile,0.3,108
2026-03-14,36,2,wk inc flu hosp,2026-03-28,quantile,0.35,117
2026-03-14,36,2,wk inc flu hosp,2026-03-28,quantile,0.4,125
2026-03-14,36,2,wk inc flu hosp,2026-03-28,quantile,0.45,140
2026-03-14,36,2,wk inc flu hosp,2026-03-28,quantile,0.5,151
2026-03-14,36,2,wk inc flu hosp,2026-03-28,quantile,0.55,161
2026-03-14,36,2,wk inc flu hosp,2026-03-28,quantile,0.6,189
2026-03-14,36,2,wk inc flu hosp,2026-03-28,quantile,0.65,207
2026-03-14,36,2,wk inc flu hosp,2026-03-28,quantile,0.7,225
2026-03-14,36,2,wk inc flu hosp,2026-03-28,quantile,0.75,245
2026-03-14,36,2,wk inc flu hosp,2026-03-28,quantile,0.8,278
2026-03-14,36,2,wk inc flu hosp,2026-03-28,quantile,0.85,298
2026-03-14,36,2,wk inc flu hosp,2026-03-28,quantile,0.9,328
2026-03-14,36,2,wk inc flu hosp,2026-03-28,quantile,0.95,391
2026-03-14,36,2,wk inc flu hosp,2026-03-28,quantile,0.975,463
2026-03-14,36,2,wk inc flu hosp,2026-03-28,quantile,0.99,554
2026-03-14,36,3,wk inc flu hosp,2026-04-04,quantile,0.01,8
2026-03-14,36,3,wk inc flu hosp,2026-04-04,quantile,0.025,17
2026-03-14,36,3,wk inc flu hosp,2026-04-04,quantile,0.05,22
2026-03-14,36,3,wk inc flu hosp,2026-04-04,quantile,0.1,36
2026-03-14,36,3,wk inc flu hosp,2026-04-04,quantile,0.15,52
2026-03-14,36,3,wk inc flu hosp,2026-04-04,quantile,0.2,58
2026-03-14,36,3,wk inc flu hosp,2026-04-04,quantile,0.25,78
2026-03-14,36,3,wk inc flu hosp,2026-04-04,quantile,0.3,91
2026-03-14,36,3,wk inc flu hosp,2026-04-04,quantile,0.35,95
2026-03-14,36,3,wk inc flu hosp,2026-04-04,quantile,0.4,115
2026-03-14,36,3,wk inc flu hosp,2026-04-04,quantile,0.45,123
2026-03-14,36,3,wk inc flu hosp,2026-04-04,quantile,0.5,138
2026-03-14,36,3,wk inc flu hosp,2026-04-04,quantile,0.55,157
2026-03-14,36,3,wk inc flu hosp,2026-04-04,quantile,0.6,171
2026-03-14,36,3,wk inc flu hosp,2026-04-04,quantile,0.65,188
2026-03-14,36,3,wk inc flu hosp,2026-04-04,quantile,0.7,203
2026-03-14,36,3,wk inc flu hosp,2026-04-04,quantile,0.75,226
2026-03-14,36,3,wk inc flu hosp,2026-04-04,quantile,0.8,253
2026-03-14,36,3,wk inc flu hosp,2026-04-04,quantile,0.85,280
2026-03-14,36,3,wk inc flu hosp,2026-04-04,quantile,0.9,361
2026-03-14,36,3,wk inc flu hosp,2026-04-04,quantile,0.95,409
2026-03-14,36,3,wk inc flu hosp,2026-04-04,quantile,0.975,539
2026-03-14,36,3,wk inc flu hosp,2026-04-04,quantile,0.99,689
2026-03-14,37,0,wk inc flu hosp,2026-03-14,quantile,0.01,48
2026-03-14,37,0,wk inc flu hosp,2026-03-14,quantile,0.025,63
2026-03-14,37,0,wk inc flu hosp,2026-03-14,quantile,0.05,76
2026-03-14,37,0,wk inc flu hosp,2026-03-14,quantile,0.1,91
2026-03-14,37,0,wk inc flu hosp,2026-03-14,quantile,0.15,100
2026-03-14,37,0,wk inc flu hosp,2026-03-14,quantile,0.2,108
2026-03-14,37,0,wk inc flu hosp,2026-03-14,quantile,0.25,113
2026-03-14,37,0,wk inc flu hosp,2026-03-14,quantile,0.3,120
2026-03-14,37,0,wk inc flu hosp,2026-03-14,quantile,0.35,128
2026-03-14,37,0,wk inc flu hosp,2026-03-14,quantile,0.4,135
2026-03-14,37,0,wk inc flu hosp,2026-03-14,quantile,0.45,140
2026-03-14,37,0,wk inc flu hosp,2026-03-14,quantile,0.5,148
2026-03-14,37,0,wk inc flu hosp,2026-03-14,quantile,0.55,159
2026-03-14,37,0,wk inc flu hosp,2026-03-14,quantile,0.6,173
2026-03-14,37,0,wk inc flu hosp,2026-03-14,quantile,0.65,179
2026-03-14,37,0,wk inc flu hosp,2026-03-14,quantile,0.7,186
2026-03-14,37,0,wk inc flu hosp,2026-03-14,quantile,0.75,190
2026-03-14,37,0,wk inc flu hosp,2026-03-14,quantile,0.8,200
2026-03-14,37,0,wk inc flu hosp,2026-03-14,quantile,0.85,217
2026-03-14,37,0,wk inc flu hosp,2026-03-14,quantile,0.9,238
2026-03-14,37,0,wk inc flu hosp,2026-03-14,quantile,0.95,274
2026-03-14,37,0,wk inc flu hosp,2026-03-14,quantile,0.975,314
2026-03-14,37,0,wk inc flu hosp,2026-03-14,quantile,0.99,337
2026-03-14,37,1,wk inc flu hosp,2026-03-21,quantile,0.01,31
2026-03-14,37,1,wk inc flu hosp,2026-03-21,quantile,0.025,35
2026-03-14,37,1,wk inc flu hosp,2026-03-21,quantile,0.05,42
2026-03-14,37,1,wk inc flu hosp,2026-03-21,quantile,0.1,56
2026-03-14,37,1,wk inc flu hosp,2026-03-21,quantile,0.15,66
2026-03-14,37,1,wk inc flu hosp,2026-03-21,quantile,0.2,74
2026-03-14,37,1,wk inc flu hosp,2026-03-21,quantile,0.25,81
2026-03-14,37,1,wk inc flu hosp,2026-03-21,quantile,0.3,90
2026-03-14,37,1,wk inc flu hosp,2026-03-21,quantile,0.35,100
2026-03-14,37,1,wk inc flu hosp,2026-03-21,quantile,0.4,110
2026-03-14,37,1,wk inc flu hosp,2026-03-21,quantile,0.45,115
2026-03-14,37,1,wk inc flu hosp,2026-03-21,quantile,0.5,127
2026-03-14,37,1,wk inc flu hosp,2026-03-21,quantile,0.55,139
2026-03-14,37,1,wk inc flu hosp,2026-03-21,quantile,0.6,147
2026-03-14,37,1,wk inc flu hosp,2026-03-21,quantile,0.65,158
2026-03-14,37,1,wk inc flu hosp,2026-03-21,quantile,0.7,170
2026-03-14,37,1,wk inc flu hosp,2026-03-21,quantile,0.75,177
2026-03-14,37,1,wk inc flu hosp,2026-03-21,quantile,0.8,190
2026-03-14,37,1,wk inc flu hosp,2026-03-21,quantile,0.85,212
2026-03-14,37,1,wk inc flu hosp,2026-03-21,quantile,0.9,246
2026-03-14,37,1,wk inc flu hosp,2026-03-21,quantile,0.95,295
2026-03-14,37,1,wk inc flu hosp,2026-03-21,quantile,0.975,339
2026-03-14,37,1,wk inc flu hosp,2026-03-21,quantile,0.99,392
2026-03-14,37,2,wk inc flu hosp,2026-03-28,quantile,0.01,14
2026-03-14,37,2,wk inc flu hosp,2026-03-28,quantile,0.025,21
2026-03-14,37,2,wk inc flu hosp,2026-03-28,quantile,0.05,26
2026-03-14,37,2,wk inc flu hosp,2026-03-28,quantile,0.1,37
2026-03-14,37,2,wk inc flu hosp,2026-03-28,quantile,0.15,48
2026-03-14,37,2,wk inc flu hosp,2026-03-28,quantile,0.2,57
2026-03-14,37,2,wk inc flu hosp,2026-03-28,quantile,0.25,65
2026-03-14,37,2,wk inc flu hosp,2026-03-28,quantile,0.3,73
2026-03-14,37,2,wk inc flu hosp,2026-03-28,quantile,0.35,80
2026-03-14,37,2,wk inc flu hosp,2026-03-28,quantile,0.4,93
2026-03-14,37,2,wk inc flu hosp,2026-03-28,quantile,0.45,97
2026-03-14,37,2,wk inc flu hosp,2026-03-28,quantile,0.5,104
2026-03-14,37,2,wk inc flu hosp,2026-03-28,quantile,0.55,113
2026-03-14,37,2,wk inc flu hosp,2026-03-28,quantile,0.6,131
2026-03-14,37,2,wk inc flu hosp,2026-03-28,quantile,0.65,143
2026-03-14,37,2,wk inc flu hosp,2026-03-28,quantile,0.7,154
2026-03-14,37,2,wk inc flu hosp,2026-03-28,quantile,0.75,168
2026-03-14,37,2,wk inc flu hosp,2026-03-28,quantile,0.8,184
2026-03-14,37,2,wk inc flu hosp,2026-03-28,quantile,0.85,201
2026-03-14,37,2,wk inc flu hosp,2026-03-28,quantile,0.9,241
2026-03-14,37,2,wk inc flu hosp,2026-03-28,quantile,0.95,292
2026-03-14,37,2,wk inc flu hosp,2026-03-28,quantile,0.975,364
2026-03-14,37,2,wk inc flu hosp,2026-03-28,quantile,0.99,427
2026-03-14,37,3,wk inc flu hosp,2026-04-04,quantile,0.01,8
2026-03-14,37,3,wk inc flu hosp,2026-04-04,quantile,0.025,11
2026-03-14,37,3,wk inc flu hosp,2026-04-04,quantile,0.05,16
2026-03-14,37,3,wk inc flu hosp,2026-04-04,quantile,0.1,23
2026-03-14,37,3,wk inc flu hosp,2026-04-04,quantile,0.15,32
2026-03-14,37,3,wk inc flu hosp,2026-04-04,quantile,0.2,38
2026-03-14,37,3,wk inc flu hosp,2026-04-04,quantile,0.25,49
2026-03-14,37,3,wk inc flu hosp,2026-04-04,quantile,0.3,56
2026-03-14,37,3,wk inc flu hosp,2026-04-04,quantile,0.35,62
2026-03-14,37,3,wk inc flu hosp,2026-04-04,quantile,0.4,73
2026-03-14,37,3,wk inc flu hosp,2026-04-04,quantile,0.45,77
2026-03-14,37,3,wk inc flu hosp,2026-04-04,quantile,0.5,84
2026-03-14,37,3,wk inc flu hosp,2026-04-04,quantile,0.55,96
2026-03-14,37,3,wk inc flu hosp,2026-04-04,quantile,0.6,110
2026-03-14,37,3,wk inc flu hosp,2026-04-04,quantile,0.65,133
2026-03-14,37,3,wk inc flu hosp,2026-04-04,quantile,0.7,148
2026-03-14,37,3,wk inc flu hosp,2026-04-04,quantile,0.75,161
2026-03-14,37,3,wk inc flu hosp,2026-04-04,quantile,0.8,177
2026-03-14,37,3,wk inc flu hosp,2026-04-04,quantile,0.85,195
2026-03-14,37,3,wk inc flu hosp,2026-04-04,quantile,0.9,230
2026-03-14,37,3,wk inc flu hosp,2026-04-04,quantile,0.95,298
2026-03-14,37,3,wk inc flu hosp,2026-04-04,quantile,0.975,378
2026-03-14,37,3,wk inc flu hosp,2026-04-04,quantile,0.99,473
2026-03-14,38,0,wk inc flu hosp,2026-03-14,quantile,0.01,5
2026-03-14,38,0,wk inc flu hosp,2026-03-14,quantile,0.025,7
2026-03-14,38,0,wk inc flu hosp,2026-03-14,quantile,0.05,8
2026-03-14,38,0,wk inc flu hosp,2026-03-14,quantile,0.1,9
2026-03-14,38,0,wk inc flu hosp,2026-03-14,quantile,0.15,11
2026-03-14,38,0,wk inc flu hosp,2026-03-14,quantile,0.2,13
2026-03-14,38,0,wk inc flu hosp,2026-03-14,quantile,0.25,14
2026-03-14,38,0,wk inc flu hosp,2026-03-14,quantile,0.3,16
2026-03-14,38,0,wk inc flu hosp,2026-03-14,quantile,0.35,18
2026-03-14,38,0,wk inc flu hosp,2026-03-14,quantile,0.4,19
2026-03-14,38,0,wk inc flu hosp,2026-03-14,quantile,0.45,20
2026-03-14,38,0,wk inc flu hosp,2026-03-14,quantile,0.5,23
2026-03-14,38,0,wk inc flu hosp,2026-03-14,quantile,0.55,23
2026-03-14,38,0,wk inc flu hosp,2026-03-14,quantile,0.6,24
2026-03-14,38,0,wk inc flu hosp,2026-03-14,quantile,0.65,26
2026-03-14,38,0,wk inc flu hosp,2026-03-14,quantile,0.7,28
2026-03-14,38,0,wk inc flu hosp,2026-03-14,quantile,0.75,29
2026-03-14,38,0,wk inc flu hosp,2026-03-14,quantile,0.8,30
2026-03-14,38,0,wk inc flu hosp,2026-03-14,quantile,0.85,32
2026-03-14,38,0,wk inc flu hosp,2026-03-14,quantile,0.9,35
2026-03-14,38,0,wk inc flu hosp,2026-03-14,quantile,0.95,40
2026-03-14,38,0,wk inc flu hosp,2026-03-14,quantile,0.975,44
2026-03-14,38,0,wk inc flu hosp,2026-03-14,quantile,0.99,50
2026-03-14,38,1,wk inc flu hosp,2026-03-21,quantile,0.01,4
2026-03-14,38,1,wk inc flu hosp,2026-03-21,quantile,0.025,4
2026-03-14,38,1,wk inc flu hosp,2026-03-21,quantile,0.05,5
2026-03-14,38,1,wk inc flu hosp,2026-03-21,quantile,0.1,7
2026-03-14,38,1,wk inc flu hosp,2026-03-21,quantile,0.15,8
2026-03-14,38,1,wk inc flu hosp,2026-03-21,quantile,0.2,9
2026-03-14,38,1,wk inc flu hosp,2026-03-21,quantile,0.25,11
2026-03-14,38,1,wk inc flu hosp,2026-03-21,quantile,0.3,13
2026-03-14,38,1,wk inc flu hosp,2026-03-21,quantile,0.35,14
2026-03-14,38,1,wk inc flu hosp,2026-03-21,quantile,0.4,16
2026-03-14,38,1,wk inc flu hosp,2026-03-21,quantile,0.45,17
2026-03-14,38,1,wk inc flu hosp,2026-03-21,quantile,0.5,20
2026-03-14,38,1,wk inc flu hosp,2026-03-21,quantile,0.55,21
2026-03-14,38,1,wk inc flu hosp,2026-03-21,quantile,0.6,22
2026-03-14,38,1,wk inc flu hosp,2026-03-21,quantile,0.65,24
2026-03-14,38,1,wk inc flu hosp,2026-03-21,quantile,0.7,26
2026-03-14,38,1,wk inc flu hosp,2026-03-21,quantile,0.75,27
2026-03-14,38,1,wk inc flu hosp,2026-03-21,quantile,0.8,29
2026-03-14,38,1,wk inc flu hosp,2026-03-21,quantile,0.85,32
2026-03-14,38,1,wk inc flu hosp,2026-03-21,quantile,0.9,36
2026-03-14,38,1,wk inc flu hosp,2026-03-21,quantile,0.95,43
2026-03-14,38,1,wk inc flu hosp,2026-03-21,quantile,0.975,49
2026-03-14,38,1,wk inc flu hosp,2026-03-21,quantile,0.99,54
2026-03-14,38,2,wk inc flu hosp,2026-03-28,quantile,0.01,2
2026-03-14,38,2,wk inc flu hosp,2026-03-28,quantile,0.025,3
2026-03-14,38,2,wk inc flu hosp,2026-03-28,quantile,0.05,3
2026-03-14,38,2,wk inc flu hosp,2026-03-28,quantile,0.1,5
2026-03-14,38,2,wk inc flu hosp,2026-03-28,quantile,0.15,6
2026-03-14,38,2,wk inc flu hosp,2026-03-28,quantile,0.2,7
2026-03-14,38,2,wk inc flu hosp,2026-03-28,quantile,0.25,9
2026-03-14,38,2,wk inc flu hosp,2026-03-28,quantile,0.3,10
2026-03-14,38,2,wk inc flu hosp,2026-03-28,quantile,0.35,12
2026-03-14,38,2,wk inc flu hosp,2026-03-28,quantile,0.4,13
2026-03-14,38,2,wk inc flu hosp,2026-03-28,quantile,0.45,15
2026-03-14,38,2,wk inc flu hosp,2026-03-28,quantile,0.5,17
2026-03-14,38,2,wk inc flu hosp,2026-03-28,quantile,0.55,19
2026-03-14,38,2,wk inc flu hosp,2026-03-28,quantile,0.6,21
2026-03-14,38,2,wk inc flu hosp,2026-03-28,quantile,0.65,22
2026-03-14,38,2,wk inc flu hosp,2026-03-28,quantile,0.7,24
2026-03-14,38,2,wk inc flu hosp,2026-03-28,quantile,0.75,25
2026-03-14,38,2,wk inc flu hosp,2026-03-28,quantile,0.8,28
2026-03-14,38,2,wk inc flu hosp,2026-03-28,quantile,0.85,31
2026-03-14,38,2,wk inc flu hosp,2026-03-28,quantile,0.9,35
2026-03-14,38,2,wk inc flu hosp,2026-03-28,quantile,0.95,43
2026-03-14,38,2,wk inc flu hosp,2026-03-28,quantile,0.975,51
2026-03-14,38,2,wk inc flu hosp,2026-03-28,quantile,0.99,57
2026-03-14,38,3,wk inc flu hosp,2026-04-04,quantile,0.01,0
2026-03-14,38,3,wk inc flu hosp,2026-04-04,quantile,0.025,1
2026-03-14,38,3,wk inc flu hosp,2026-04-04,quantile,0.05,2
2026-03-14,38,3,wk inc flu hosp,2026-04-04,quantile,0.1,3
2026-03-14,38,3,wk inc flu hosp,2026-04-04,quantile,0.15,5
2026-03-14,38,3,wk inc flu hosp,2026-04-04,quantile,0.2,5
2026-03-14,38,3,wk inc flu hosp,2026-04-04,quantile,0.25,6
2026-03-14,38,3,wk inc flu hosp,2026-04-04,quantile,0.3,9
2026-03-14,38,3,wk inc flu hosp,2026-04-04,quantile,0.35,10
2026-03-14,38,3,wk inc flu hosp,2026-04-04,quantile,0.4,11
2026-03-14,38,3,wk inc flu hosp,2026-04-04,quantile,0.45,12
2026-03-14,38,3,wk inc flu hosp,2026-04-04,quantile,0.5,14
2026-03-14,38,3,wk inc flu hosp,2026-04-04,quantile,0.55,16
2026-03-14,38,3,wk inc flu hosp,2026-04-04,quantile,0.6,17
2026-03-14,38,3,wk inc flu hosp,2026-04-04,quantile,0.65,19
2026-03-14,38,3,wk inc flu hosp,2026-04-04,quantile,0.7,21
2026-03-14,38,3,wk inc flu hosp,2026-04-04,quantile,0.75,23
2026-03-14,38,3,wk inc flu hosp,2026-04-04,quantile,0.8,25
2026-03-14,38,3,wk inc flu hosp,2026-04-04,quantile,0.85,29
2026-03-14,38,3,wk inc flu hosp,2026-04-04,quantile,0.9,34
2026-03-14,38,3,wk inc flu hosp,2026-04-04,quantile,0.95,42
2026-03-14,38,3,wk inc flu hosp,2026-04-04,quantile,0.975,48
2026-03-14,38,3,wk inc flu hosp,2026-04-04,quantile,0.99,59
2026-03-14,39,0,wk inc flu hosp,2026-03-14,quantile,0.01,185
2026-03-14,39,0,wk inc flu hosp,2026-03-14,quantile,0.025,203
2026-03-14,39,0,wk inc flu hosp,2026-03-14,quantile,0.05,227
2026-03-14,39,0,wk inc flu hosp,2026-03-14,quantile,0.1,259
2026-03-14,39,0,wk inc flu hosp,2026-03-14,quantile,0.15,281
2026-03-14,39,0,wk inc flu hosp,2026-03-14,quantile,0.2,291
2026-03-14,39,0,wk inc flu hosp,2026-03-14,quantile,0.25,305
2026-03-14,39,0,wk inc flu hosp,2026-03-14,quantile,0.3,324
2026-03-14,39,0,wk inc flu hosp,2026-03-14,quantile,0.35,338
2026-03-14,39,0,wk inc flu hosp,2026-03-14,quantile,0.4,351
2026-03-14,39,0,wk inc flu hosp,2026-03-14,quantile,0.45,363
2026-03-14,39,0,wk inc flu hosp,2026-03-14,quantile,0.5,380
2026-03-14,39,0,wk inc flu hosp,2026-03-14,quantile,0.55,395
2026-03-14,39,0,wk inc flu hosp,2026-03-14,quantile,0.6,410
2026-03-14,39,0,wk inc flu hosp,2026-03-14,quantile,0.65,424
2026-03-14,39,0,wk inc flu hosp,2026-03-14,quantile,0.7,440
2026-03-14,39,0,wk inc flu hosp,2026-03-14,quantile,0.75,455
2026-03-14,39,0,wk inc flu hosp,2026-03-14,quantile,0.8,475
2026-03-14,39,0,wk inc flu hosp,2026-03-14,quantile,0.85,500
2026-03-14,39,0,wk inc flu hosp,2026-03-14,quantile,0.9,540
2026-03-14,39,0,wk inc flu hosp,2026-03-14,quantile,0.95,581
2026-03-14,39,0,wk inc flu hosp,2026-03-14,quantile,0.975,620
2026-03-14,39,0,wk inc flu hosp,2026-03-14,quantile,0.99,687
2026-03-14,39,1,wk inc flu hosp,2026-03-21,quantile,0.01,88
2026-03-14,39,1,wk inc flu hosp,2026-03-21,quantile,0.025,109
2026-03-14,39,1,wk inc flu hosp,2026-03-21,quantile,0.05,140
2026-03-14,39,1,wk inc flu hosp,2026-03-21,quantile,0.1,176
2026-03-14,39,1,wk inc flu hosp,2026-03-21,quantile,0.15,193
2026-03-14,39,1,wk inc flu hosp,2026-03-21,quantile,0.2,206
2026-03-14,39,1,wk inc flu hosp,2026-03-21,quantile,0.25,224
2026-03-14,39,1,wk inc flu hosp,2026-03-21,quantile,0.3,240
2026-03-14,39,1,wk inc flu hosp,2026-03-21,quantile,0.35,265
2026-03-14,39,1,wk inc flu hosp,2026-03-21,quantile,0.4,280
2026-03-14,39,1,wk inc flu hosp,2026-03-21,quantile,0.45,299
2026-03-14,39,1,wk inc flu hosp,2026-03-21,quantile,0.5,321
2026-03-14,39,1,wk inc flu hosp,2026-03-21,quantile,0.55,336
2026-03-14,39,1,wk inc flu hosp,2026-03-21,quantile,0.6,352
2026-03-14,39,1,wk inc flu hosp,2026-03-21,quantile,0.65,367
2026-03-14,39,1,wk inc flu hosp,2026-03-21,quantile,0.7,387
2026-03-14,39,1,wk inc flu hosp,2026-03-21,quantile,0.75,412
2026-03-14,39,1,wk inc flu hosp,2026-03-21,quantile,0.8,443
2026-03-14,39,1,wk inc flu hosp,2026-03-21,quantile,0.85,476
2026-03-14,39,1,wk inc flu hosp,2026-03-21,quantile,0.9,521
2026-03-14,39,1,wk inc flu hosp,2026-03-21,quantile,0.95,620
2026-03-14,39,1,wk inc flu hosp,2026-03-21,quantile,0.975,696
2026-03-14,39,1,wk inc flu hosp,2026-03-21,quantile,0.99,779
2026-03-14,39,2,wk inc flu hosp,2026-03-28,quantile,0.01,61
2026-03-14,39,2,wk inc flu hosp,2026-03-28,quantile,0.025,79
2026-03-14,39,2,wk inc flu hosp,2026-03-28,quantile,0.05,104
2026-03-14,39,2,wk inc flu hosp,2026-03-28,quantile,0.1,133
2026-03-14,39,2,wk inc flu hosp,2026-03-28,quantile,0.15,146
2026-03-14,39,2,wk inc flu hosp,2026-03-28,quantile,0.2,157
2026-03-14,39,2,wk inc flu hosp,2026-03-28,quantile,0.25,184
2026-03-14,39,2,wk inc flu hosp,2026-03-28,quantile,0.3,200
2026-03-14,39,2,wk inc flu hosp,2026-03-28,quantile,0.35,213
2026-03-14,39,2,wk inc flu hosp,2026-03-28,quantile,0.4,232
2026-03-14,39,2,wk inc flu hosp,2026-03-28,quantile,0.45,252
2026-03-14,39,2,wk inc flu hosp,2026-03-28,quantile,0.5,270
2026-03-14,39,2,wk inc flu hosp,2026-03-28,quantile,0.55,292
2026-03-14,39,2,wk inc flu hosp,2026-03-28,quantile,0.6,312
2026-03-14,39,2,wk inc flu hosp,2026-03-28,quantile,0.65,329
2026-03-14,39,2,wk inc flu hosp,2026-03-28,quantile,0.7,354
2026-03-14,39,2,wk inc flu hosp,2026-03-28,quantile,0.75,384
2026-03-14,39,2,wk inc flu hosp,2026-03-28,quantile,0.8,420
2026-03-14,39,2,wk inc flu hosp,2026-03-28,quantile,0.85,459
2026-03-14,39,2,wk inc flu hosp,2026-03-28,quantile,0.9,510
2026-03-14,39,2,wk inc flu hosp,2026-03-28,quantile,0.95,617
2026-03-14,39,2,wk inc flu hosp,2026-03-28,quantile,0.975,666
2026-03-14,39,2,wk inc flu hosp,2026-03-28,quantile,0.99,806
2026-03-14,39,3,wk inc flu hosp,2026-04-04,quantile,0.01,34
2026-03-14,39,3,wk inc flu hosp,2026-04-04,quantile,0.025,49
2026-03-14,39,3,wk inc flu hosp,2026-04-04,quantile,0.05,69
2026-03-14,39,3,wk inc flu hosp,2026-04-04,quantile,0.1,92
2026-03-14,39,3,wk inc flu hosp,2026-04-04,quantile,0.15,103
2026-03-14,39,3,wk inc flu hosp,2026-04-04,quantile,0.2,117
2026-03-14,39,3,wk inc flu hosp,2026-04-04,quantile,0.25,132
2026-03-14,39,3,wk inc flu hosp,2026-04-04,quantile,0.3,152
2026-03-14,39,3,wk inc flu hosp,2026-04-04,quantile,0.35,171
2026-03-14,39,3,wk inc flu hosp,2026-04-04,quantile,0.4,188
2026-03-14,39,3,wk inc flu hosp,2026-04-04,quantile,0.45,210
2026-03-14,39,3,wk inc flu hosp,2026-04-04,quantile,0.5,230
2026-03-14,39,3,wk inc flu hosp,2026-04-04,quantile,0.55,250
2026-03-14,39,3,wk inc flu hosp,2026-04-04,quantile,0.6,274
2026-03-14,39,3,wk inc flu hosp,2026-04-04,quantile,0.65,297
2026-03-14,39,3,wk inc flu hosp,2026-04-04,quantile,0.7,320
2026-03-14,39,3,wk inc flu hosp,2026-04-04,quantile,0.75,349
2026-03-14,39,3,wk inc flu hosp,2026-04-04,quantile,0.8,383
2026-03-14,39,3,wk inc flu hosp,2026-04-04,quantile,0.85,410
2026-03-14,39,3,wk inc flu hosp,2026-04-04,quantile,0.9,479
2026-03-14,39,3,wk inc flu hosp,2026-04-04,quantile,0.95,581
2026-03-14,39,3,wk inc flu hosp,2026-04-04,quantile,0.975,666
2026-03-14,39,3,wk inc flu hosp,2026-04-04,quantile,0.99,748
2026-03-14,40,0,wk inc flu hosp,2026-03-14,quantile,0.01,42
2026-03-14,40,0,wk inc flu hosp,2026-03-14,quantile,0.025,49
2026-03-14,40,0,wk inc flu hosp,2026-03-14,quantile,0.05,59
2026-03-14,40,0,wk inc flu hosp,2026-03-14,quantile,0.1,67
2026-03-14,40,0,wk inc flu hosp,2026-03-14,quantile,0.15,73
2026-03-14,40,0,wk inc flu hosp,2026-03-14,quantile,0.2,77
2026-03-14,40,0,wk inc flu hosp,2026-03-14,quantile,0.25,81
2026-03-14,40,0,wk inc flu hosp,2026-03-14,quantile,0.3,85
2026-03-14,40,0,wk inc flu hosp,2026-03-14,quantile,0.35,89
2026-03-14,40,0,wk inc flu hosp,2026-03-14,quantile,0.4,94
2026-03-14,40,0,wk inc flu hosp,2026-03-14,quantile,0.45,100
2026-03-14,40,0,wk inc flu hosp,2026-03-14,quantile,0.5,108
2026-03-14,40,0,wk inc flu hosp,2026-03-14,quantile,0.55,112
2026-03-14,40,0,wk inc flu hosp,2026-03-14,quantile,0.6,118
2026-03-14,40,0,wk inc flu hosp,2026-03-14,quantile,0.65,123
2026-03-14,40,0,wk inc flu hosp,2026-03-14,quantile,0.7,129
2026-03-14,40,0,wk inc flu hosp,2026-03-14,quantile,0.75,138
2026-03-14,40,0,wk inc flu hosp,2026-03-14,quantile,0.8,148
2026-03-14,40,0,wk inc flu hosp,2026-03-14,quantile,0.85,159
2026-03-14,40,0,wk inc flu hosp,2026-03-14,quantile,0.9,167
2026-03-14,40,0,wk inc flu hosp,2026-03-14,quantile,0.95,194
2026-03-14,40,0,wk inc flu hosp,2026-03-14,quantile,0.975,214
2026-03-14,40,0,wk inc flu hosp,2026-03-14,quantile,0.99,233
2026-03-14,40,1,wk inc flu hosp,2026-03-21,quantile,0.01,25
2026-03-14,40,1,wk inc flu hosp,2026-03-21,quantile,0.025,29
2026-03-14,40,1,wk inc flu hosp,2026-03-21,quantile,0.05,36
2026-03-14,40,1,wk inc flu hosp,2026-03-21,quantile,0.1,44
2026-03-14,40,1,wk inc flu hosp,2026-03-21,quantile,0.15,50
2026-03-14,40,1,wk inc flu hosp,2026-03-21,quantile,0.2,56
2026-03-14,40,1,wk inc flu hosp,2026-03-21,quantile,0.25,62
2026-03-14,40,1,wk inc flu hosp,2026-03-21,quantile,0.3,67
2026-03-14,40,1,wk inc flu hosp,2026-03-21,quantile,0.35,72
2026-03-14,40,1,wk inc flu hosp,2026-03-21,quantile,0.4,80
2026-03-14,40,1,wk inc flu hosp,2026-03-21,quantile,0.45,86
2026-03-14,40,1,wk inc flu hosp,2026-03-21,quantile,0.5,94
2026-03-14,40,1,wk inc flu hosp,2026-03-21,quantile,0.55,100
2026-03-14,40,1,wk inc flu hosp,2026-03-21,quantile,0.6,106
2026-03-14,40,1,wk inc flu hosp,2026-03-21,quantile,0.65,115
2026-03-14,40,1,wk inc flu hosp,2026-03-21,quantile,0.7,121
2026-03-14,40,1,wk inc flu hosp,2026-03-21,quantile,0.75,127
2026-03-14,40,1,wk inc flu hosp,2026-03-21,quantile,0.8,137
2026-03-14,40,1,wk inc flu hosp,2026-03-21,quantile,0.85,149
2026-03-14,40,1,wk inc flu hosp,2026-03-21,quantile,0.9,163
2026-03-14,40,1,wk inc flu hosp,2026-03-21,quantile,0.95,189
2026-03-14,40,1,wk inc flu hosp,2026-03-21,quantile,0.975,220
2026-03-14,40,1,wk inc flu hosp,2026-03-21,quantile,0.99,258
2026-03-14,40,2,wk inc flu hosp,2026-03-28,quantile,0.01,17
2026-03-14,40,2,wk inc flu hosp,2026-03-28,quantile,0.025,21
2026-03-14,40,2,wk inc flu hosp,2026-03-28,quantile,0.05,25
2026-03-14,40,2,wk inc flu hosp,2026-03-28,quantile,0.1,33
2026-03-14,40,2,wk inc flu hosp,2026-03-28,quantile,0.15,40
2026-03-14,40,2,wk inc flu hosp,2026-03-28,quantile,0.2,46
2026-03-14,40,2,wk inc flu hosp,2026-03-28,quantile,0.25,49
2026-03-14,40,2,wk inc flu hosp,2026-03-28,quantile,0.3,58
2026-03-14,40,2,wk inc flu hosp,2026-03-28,quantile,0.35,65
2026-03-14,40,2,wk inc flu hosp,2026-03-28,quantile,0.4,70
2026-03-14,40,2,wk inc flu hosp,2026-03-28,quantile,0.45,75
2026-03-14,40,2,wk inc flu hosp,2026-03-28,quantile,0.5,81
2026-03-14,40,2,wk inc flu hosp,2026-03-28,quantile,0.55,86
2026-03-14,40,2,wk inc flu hosp,2026-03-28,quantile,0.6,92
2026-03-14,40,2,wk inc flu hosp,2026-03-28,quantile,0.65,101
2026-03-14,40,2,wk inc flu hosp,2026-03-28,quantile,0.7,108
2026-03-14,40,2,wk inc flu hosp,2026-03-28,quantile,0.75,118
2026-03-14,40,2,wk inc flu hosp,2026-03-28,quantile,0.8,127
2026-03-14,40,2,wk inc flu hosp,2026-03-28,quantile,0.85,141
2026-03-14,40,2,wk inc flu hosp,2026-03-28,quantile,0.9,160
2026-03-14,40,2,wk inc flu hosp,2026-03-28,quantile,0.95,189
2026-03-14,40,2,wk inc flu hosp,2026-03-28,quantile,0.975,221
2026-03-14,40,2,wk inc flu hosp,2026-03-28,quantile,0.99,269
2026-03-14,40,3,wk inc flu hosp,2026-04-04,quantile,0.01,7
2026-03-14,40,3,wk inc flu hosp,2026-04-04,quantile,0.025,13
2026-03-14,40,3,wk inc flu hosp,2026-04-04,quantile,0.05,19
2026-03-14,40,3,wk inc flu hosp,2026-04-04,quantile,0.1,24
2026-03-14,40,3,wk inc flu hosp,2026-04-04,quantile,0.15,31
2026-03-14,40,3,wk inc flu hosp,2026-04-04,quantile,0.2,36
2026-03-14,40,3,wk inc flu hosp,2026-04-04,quantile,0.25,39
2026-03-14,40,3,wk inc flu hosp,2026-04-04,quantile,0.3,46
2026-03-14,40,3,wk inc flu hosp,2026-04-04,quantile,0.35,56
2026-03-14,40,3,wk inc flu hosp,2026-04-04,quantile,0.4,61
2026-03-14,40,3,wk inc flu hosp,2026-04-04,quantile,0.45,66
2026-03-14,40,3,wk inc flu hosp,2026-04-04,quantile,0.5,70
2026-03-14,40,3,wk inc flu hosp,2026-04-04,quantile,0.55,77
2026-03-14,40,3,wk inc flu hosp,2026-04-04,quantile,0.6,85
2026-03-14,40,3,wk inc flu hosp,2026-04-04,quantile,0.65,94
2026-03-14,40,3,wk inc flu hosp,2026-04-04,quantile,0.7,101
2026-03-14,40,3,wk inc flu hosp,2026-04-04,quantile,0.75,114
2026-03-14,40,3,wk inc flu hosp,2026-04-04,quantile,0.8,124
2026-03-14,40,3,wk inc flu hosp,2026-04-04,quantile,0.85,133
2026-03-14,40,3,wk inc flu hosp,2026-04-04,quantile,0.9,156
2026-03-14,40,3,wk inc flu hosp,2026-04-04,quantile,0.95,189
2026-03-14,40,3,wk inc flu hosp,2026-04-04,quantile,0.975,224
2026-03-14,40,3,wk inc flu hosp,2026-04-04,quantile,0.99,278
2026-03-14,41,0,wk inc flu hosp,2026-03-14,quantile,0.01,28
2026-03-14,41,0,wk inc flu hosp,2026-03-14,quantile,0.025,32
2026-03-14,41,0,wk inc flu hosp,2026-03-14,quantile,0.05,36
2026-03-14,41,0,wk inc flu hosp,2026-03-14,quantile,0.1,45
2026-03-14,41,0,wk inc flu hosp,2026-03-14,quantile,0.15,52
2026-03-14,41,0,wk inc flu hosp,2026-03-14,quantile,0.2,58
2026-03-14,41,0,wk inc flu hosp,2026-03-14,quantile,0.25,62
2026-03-14,41,0,wk inc flu hosp,2026-03-14,quantile,0.3,65
2026-03-14,41,0,wk inc flu hosp,2026-03-14,quantile,0.35,69
2026-03-14,41,0,wk inc flu hosp,2026-03-14,quantile,0.4,75
2026-03-14,41,0,wk inc flu hosp,2026-03-14,quantile,0.45,82
2026-03-14,41,0,wk inc flu hosp,2026-03-14,quantile,0.5,88
2026-03-14,41,0,wk inc flu hosp,2026-03-14,quantile,0.55,92
2026-03-14,41,0,wk inc flu hosp,2026-03-14,quantile,0.6,97
2026-03-14,41,0,wk inc flu hosp,2026-03-14,quantile,0.65,103
2026-03-14,41,0,wk inc flu hosp,2026-03-14,quantile,0.7,107
2026-03-14,41,0,wk inc flu hosp,2026-03-14,quantile,0.75,113
2026-03-14,41,0,wk inc flu hosp,2026-03-14,quantile,0.8,119
2026-03-14,41,0,wk inc flu hosp,2026-03-14,quantile,0.85,126
2026-03-14,41,0,wk inc flu hosp,2026-03-14,quantile,0.9,138
2026-03-14,41,0,wk inc flu hosp,2026-03-14,quantile,0.95,152
2026-03-14,41,0,wk inc flu hosp,2026-03-14,quantile,0.975,167
2026-03-14,41,0,wk inc flu hosp,2026-03-14,quantile,0.99,186
2026-03-14,41,1,wk inc flu hosp,2026-03-21,quantile,0.01,12
2026-03-14,41,1,wk inc flu hosp,2026-03-21,quantile,0.025,16
2026-03-14,41,1,wk inc flu hosp,2026-03-21,quantile,0.05,20
2026-03-14,41,1,wk inc flu hosp,2026-03-21,quantile,0.1,28
2026-03-14,41,1,wk inc flu hosp,2026-03-21,quantile,0.15,32
2026-03-14,41,1,wk inc flu hosp,2026-03-21,quantile,0.2,40
2026-03-14,41,1,wk inc flu hosp,2026-03-21,quantile,0.25,45
2026-03-14,41,1,wk inc flu hosp,2026-03-21,quantile,0.3,50
2026-03-14,41,1,wk inc flu hosp,2026-03-21,quantile,0.35,53
2026-03-14,41,1,wk inc flu hosp,2026-03-21,quantile,0.4,57
2026-03-14,41,1,wk inc flu hosp,2026-03-21,quantile,0.45,62
2026-03-14,41,1,wk inc flu hosp,2026-03-21,quantile,0.5,66
2026-03-14,41,1,wk inc flu hosp,2026-03-21,quantile,0.55,70
2026-03-14,41,1,wk inc flu hosp,2026-03-21,quantile,0.6,74
2026-03-14,41,1,wk inc flu hosp,2026-03-21,quantile,0.65,80
2026-03-14,41,1,wk inc flu hosp,2026-03-21,quantile,0.7,85
2026-03-14,41,1,wk inc flu hosp,2026-03-21,quantile,0.75,92
2026-03-14,41,1,wk inc flu hosp,2026-03-21,quantile,0.8,106
2026-03-14,41,1,wk inc flu hosp,2026-03-21,quantile,0.85,116
2026-03-14,41,1,wk inc flu hosp,2026-03-21,quantile,0.9,124
2026-03-14,41,1,wk inc flu hosp,2026-03-21,quantile,0.95,144
2026-03-14,41,1,wk inc flu hosp,2026-03-21,quantile,0.975,164
2026-03-14,41,1,wk inc flu hosp,2026-03-21,quantile,0.99,191
2026-03-14,41,2,wk inc flu hosp,2026-03-28,quantile,0.01,6
2026-03-14,41,2,wk inc flu hosp,2026-03-28,quantile,0.025,9
2026-03-14,41,2,wk inc flu hosp,2026-03-28,quantile,0.05,12
2026-03-14,41,2,wk inc flu hosp,2026-03-28,quantile,0.1,18
2026-03-14,41,2,wk inc flu hosp,2026-03-28,quantile,0.15,22
2026-03-14,41,2,wk inc flu hosp,2026-03-28,quantile,0.2,25
2026-03-14,41,2,wk inc flu hosp,2026-03-28,quantile,0.25,28
2026-03-14,41,2,wk inc flu hosp,2026-03-28,quantile,0.3,31
2026-03-14,41,2,wk inc flu hosp,2026-03-28,quantile,0.35,35
2026-03-14,41,2,wk inc flu hosp,2026-03-28,quantile,0.4,38
2026-03-14,41,2,wk inc flu hosp,2026-03-28,quantile,0.45,42
2026-03-14,41,2,wk inc flu hosp,2026-03-28,quantile,0.5,47
2026-03-14,41,2,wk inc flu hosp,2026-03-28,quantile,0.55,52
2026-03-14,41,2,wk inc flu hosp,2026-03-28,quantile,0.6,58
2026-03-14,41,2,wk inc flu hosp,2026-03-28,quantile,0.65,63
2026-03-14,41,2,wk inc flu hosp,2026-03-28,quantile,0.7,70
2026-03-14,41,2,wk inc flu hosp,2026-03-28,quantile,0.75,78
2026-03-14,41,2,wk inc flu hosp,2026-03-28,quantile,0.8,90
2026-03-14,41,2,wk inc flu hosp,2026-03-28,quantile,0.85,100
2026-03-14,41,2,wk inc flu hosp,2026-03-28,quantile,0.9,109
2026-03-14,41,2,wk inc flu hosp,2026-03-28,quantile,0.95,129
2026-03-14,41,2,wk inc flu hosp,2026-03-28,quantile,0.975,158
2026-03-14,41,2,wk inc flu hosp,2026-03-28,quantile,0.99,203
2026-03-14,41,3,wk inc flu hosp,2026-04-04,quantile,0.01,1
2026-03-14,41,3,wk inc flu hosp,2026-04-04,quantile,0.025,7
2026-03-14,41,3,wk inc flu hosp,2026-04-04,quantile,0.05,7
2026-03-14,41,3,wk inc flu hosp,2026-04-04,quantile,0.1,12
2026-03-14,41,3,wk inc flu hosp,2026-04-04,quantile,0.15,14
2026-03-14,41,3,wk inc flu hosp,2026-04-04,quantile,0.2,17
2026-03-14,41,3,wk inc flu hosp,2026-04-04,quantile,0.25,20
2026-03-14,41,3,wk inc flu hosp,2026-04-04,quantile,0.3,23
2026-03-14,41,3,wk inc flu hosp,2026-04-04,quantile,0.35,26
2026-03-14,41,3,wk inc flu hosp,2026-04-04,quantile,0.4,31
2026-03-14,41,3,wk inc flu hosp,2026-04-04,quantile,0.45,35
2026-03-14,41,3,wk inc flu hosp,2026-04-04,quantile,0.5,37
2026-03-14,41,3,wk inc flu hosp,2026-04-04,quantile,0.55,43
2026-03-14,41,3,wk inc flu hosp,2026-04-04,quantile,0.6,45
2026-03-14,41,3,wk inc flu hosp,2026-04-04,quantile,0.65,50
2026-03-14,41,3,wk inc flu hosp,2026-04-04,quantile,0.7,56
2026-03-14,41,3,wk inc flu hosp,2026-04-04,quantile,0.75,62
2026-03-14,41,3,wk inc flu hosp,2026-04-04,quantile,0.8,76
2026-03-14,41,3,wk inc flu hosp,2026-04-04,quantile,0.85,84
2026-03-14,41,3,wk inc flu hosp,2026-04-04,quantile,0.9,101
2026-03-14,41,3,wk inc flu hosp,2026-04-04,quantile,0.95,122
2026-03-14,41,3,wk inc flu hosp,2026-04-04,quantile,0.975,154
2026-03-14,41,3,wk inc flu hosp,2026-04-04,quantile,0.99,187
2026-03-14,42,0,wk inc flu hosp,2026-03-14,quantile,0.01,396
2026-03-14,42,0,wk inc flu hosp,2026-03-14,quantile,0.025,449
2026-03-14,42,0,wk inc flu hosp,2026-03-14,quantile,0.05,502
2026-03-14,42,0,wk inc flu hosp,2026-03-14,quantile,0.1,551
2026-03-14,42,0,wk inc flu hosp,2026-03-14,quantile,0.15,594
2026-03-14,42,0,wk inc flu hosp,2026-03-14,quantile,0.2,627
2026-03-14,42,0,wk inc flu hosp,2026-03-14,quantile,0.25,658
2026-03-14,42,0,wk inc flu hosp,2026-03-14,quantile,0.3,683
2026-03-14,42,0,wk inc flu hosp,2026-03-14,quantile,0.35,707
2026-03-14,42,0,wk inc flu hosp,2026-03-14,quantile,0.4,727
2026-03-14,42,0,wk inc flu hosp,2026-03-14,quantile,0.45,762
2026-03-14,42,0,wk inc flu hosp,2026-03-14,quantile,0.5,782
2026-03-14,42,0,wk inc flu hosp,2026-03-14,quantile,0.55,815
2026-03-14,42,0,wk inc flu hosp,2026-03-14,quantile,0.6,847
2026-03-14,42,0,wk inc flu hosp,2026-03-14,quantile,0.65,866
2026-03-14,42,0,wk inc flu hosp,2026-03-14,quantile,0.7,878
2026-03-14,42,0,wk inc flu hosp,2026-03-14,quantile,0.75,909
2026-03-14,42,0,wk inc flu hosp,2026-03-14,quantile,0.8,940
2026-03-14,42,0,wk inc flu hosp,2026-03-14,quantile,0.85,983
2026-03-14,42,0,wk inc flu hosp,2026-03-14,quantile,0.9,1043
2026-03-14,42,0,wk inc flu hosp,2026-03-14,quantile,0.95,1122
2026-03-14,42,0,wk inc flu hosp,2026-03-14,quantile,0.975,1224
2026-03-14,42,0,wk inc flu hosp,2026-03-14,quantile,0.99,1369
2026-03-14,42,1,wk inc flu hosp,2026-03-21,quantile,0.01,264
2026-03-14,42,1,wk inc flu hosp,2026-03-21,quantile,0.025,303
2026-03-14,42,1,wk inc flu hosp,2026-03-21,quantile,0.05,354
2026-03-14,42,1,wk inc flu hosp,2026-03-21,quantile,0.1,412
2026-03-14,42,1,wk inc flu hosp,2026-03-21,quantile,0.15,452
2026-03-14,42,1,wk inc flu hosp,2026-03-21,quantile,0.2,486
2026-03-14,42,1,wk inc flu hosp,2026-03-21,quantile,0.25,519
2026-03-14,42,1,wk inc flu hosp,2026-03-21,quantile,0.3,558
2026-03-14,42,1,wk inc flu hosp,2026-03-21,quantile,0.35,588
2026-03-14,42,1,wk inc flu hosp,2026-03-21,quantile,0.4,617
2026-03-14,42,1,wk inc flu hosp,2026-03-21,quantile,0.45,652
2026-03-14,42,1,wk inc flu hosp,2026-03-21,quantile,0.5,682
2026-03-14,42,1,wk inc flu hosp,2026-03-21,quantile,0.55,708
2026-03-14,42,1,wk inc flu hosp,2026-03-21,quantile,0.6,738
2026-03-14,42,1,wk inc flu hosp,2026-03-21,quantile,0.65,772
2026-03-14,42,1,wk inc flu hosp,2026-03-21,quantile,0.7,810
2026-03-14,42,1,wk inc flu hosp,2026-03-21,quantile,0.75,855
2026-03-14,42,1,wk inc flu hosp,2026-03-21,quantile,0.8,902
2026-03-14,42,1,wk inc flu hosp,2026-03-21,quantile,0.85,950
2026-03-14,42,1,wk inc flu hosp,2026-03-21,quantile,0.9,1032
2026-03-14,42,1,wk inc flu hosp,2026-03-21,quantile,0.95,1173
2026-03-14,42,1,wk inc flu hosp,2026-03-21,quantile,0.975,1305
2026-03-14,42,1,wk inc flu hosp,2026-03-21,quantile,0.99,1502
2026-03-14,42,2,wk inc flu hosp,2026-03-28,quantile,0.01,166
2026-03-14,42,2,wk inc flu hosp,2026-03-28,quantile,0.025,210
2026-03-14,42,2,wk inc flu hosp,2026-03-28,quantile,0.05,264
2026-03-14,42,2,wk inc flu hosp,2026-03-28,quantile,0.1,328
2026-03-14,42,2,wk inc flu hosp,2026-03-28,quantile,0.15,367
2026-03-14,42,2,wk inc flu hosp,2026-03-28,quantile,0.2,402
2026-03-14,42,2,wk inc flu hosp,2026-03-28,quantile,0.25,439
2026-03-14,42,2,wk inc flu hosp,2026-03-28,quantile,0.3,471
2026-03-14,42,2,wk inc flu hosp,2026-03-28,quantile,0.35,502
2026-03-14,42,2,wk inc flu hosp,2026-03-28,quantile,0.4,531
2026-03-14,42,2,wk inc flu hosp,2026-03-28,quantile,0.45,559
2026-03-14,42,2,wk inc flu hosp,2026-03-28,quantile,0.5,591
2026-03-14,42,2,wk inc flu hosp,2026-03-28,quantile,0.55,622
2026-03-14,42,2,wk inc flu hosp,2026-03-28,quantile,0.6,667
2026-03-14,42,2,wk inc flu hosp,2026-03-28,quantile,0.65,716
2026-03-14,42,2,wk inc flu hosp,2026-03-28,quantile,0.7,774
2026-03-14,42,2,wk inc flu hosp,2026-03-28,quantile,0.75,802
2026-03-14,42,2,wk inc flu hosp,2026-03-28,quantile,0.8,854
2026-03-14,42,2,wk inc flu hosp,2026-03-28,quantile,0.85,934
2026-03-14,42,2,wk inc flu hosp,2026-03-28,quantile,0.9,1017
2026-03-14,42,2,wk inc flu hosp,2026-03-28,quantile,0.95,1116
2026-03-14,42,2,wk inc flu hosp,2026-03-28,quantile,0.975,1275
2026-03-14,42,2,wk inc flu hosp,2026-03-28,quantile,0.99,1535
2026-03-14,42,3,wk inc flu hosp,2026-04-04,quantile,0.01,119
2026-03-14,42,3,wk inc flu hosp,2026-04-04,quantile,0.025,154
2026-03-14,42,3,wk inc flu hosp,2026-04-04,quantile,0.05,202
2026-03-14,42,3,wk inc flu hosp,2026-04-04,quantile,0.1,251
2026-03-14,42,3,wk inc flu hosp,2026-04-04,quantile,0.15,294
2026-03-14,42,3,wk inc flu hosp,2026-04-04,quantile,0.2,335
2026-03-14,42,3,wk inc flu hosp,2026-04-04,quantile,0.25,368
2026-03-14,42,3,wk inc flu hosp,2026-04-04,quantile,0.3,397
2026-03-14,42,3,wk inc flu hosp,2026-04-04,quantile,0.35,426
2026-03-14,42,3,wk inc flu hosp,2026-04-04,quantile,0.4,459
2026-03-14,42,3,wk inc flu hosp,2026-04-04,quantile,0.45,489
2026-03-14,42,3,wk inc flu hosp,2026-04-04,quantile,0.5,519
2026-03-14,42,3,wk inc flu hosp,2026-04-04,quantile,0.55,560
2026-03-14,42,3,wk inc flu hosp,2026-04-04,quantile,0.6,601
2026-03-14,42,3,wk inc flu hosp,2026-04-04,quantile,0.65,643
2026-03-14,42,3,wk inc flu hosp,2026-04-04,quantile,0.7,692
2026-03-14,42,3,wk inc flu hosp,2026-04-04,quantile,0.75,745
2026-03-14,42,3,wk inc flu hosp,2026-04-04,quantile,0.8,815
2026-03-14,42,3,wk inc flu hosp,2026-04-04,quantile,0.85,880
2026-03-14,42,3,wk inc flu hosp,2026-04-04,quantile,0.9,995
2026-03-14,42,3,wk inc flu hosp,2026-04-04,quantile,0.95,1072
2026-03-14,42,3,wk inc flu hosp,2026-04-04,quantile,0.975,1339
2026-03-14,42,3,wk inc flu hosp,2026-04-04,quantile,0.99,1510
2026-03-14,44,0,wk inc flu hosp,2026-03-14,quantile,0.01,1
2026-03-14,44,0,wk inc flu hosp,2026-03-14,quantile,0.025,2
2026-03-14,44,0,wk inc flu hosp,2026-03-14,quantile,0.05,3
2026-03-14,44,0,wk inc flu hosp,2026-03-14,quantile,0.1,4
2026-03-14,44,0,wk inc flu hosp,2026-03-14,quantile,0.15,5
2026-03-14,44,0,wk inc flu hosp,2026-03-14,quantile,0.2,5
2026-03-14,44,0,wk inc flu hosp,2026-03-14,quantile,0.25,6
2026-03-14,44,0,wk inc flu hosp,2026-03-14,quantile,0.3,7
2026-03-14,44,0,wk inc flu hosp,2026-03-14,quantile,0.35,7
2026-03-14,44,0,wk inc flu hosp,2026-03-14,quantile,0.4,8
2026-03-14,44,0,wk inc flu hosp,2026-03-14,quantile,0.45,9
2026-03-14,44,0,wk inc flu hosp,2026-03-14,quantile,0.5,11
2026-03-14,44,0,wk inc flu hosp,2026-03-14,quantile,0.55,12
2026-03-14,44,0,wk inc flu hosp,2026-03-14,quantile,0.6,13
2026-03-14,44,0,wk inc flu hosp,2026-03-14,quantile,0.65,14
2026-03-14,44,0,wk inc flu hosp,2026-03-14,quantile,0.7,15
2026-03-14,44,0,wk inc flu hosp,2026-03-14,quantile,0.75,16
2026-03-14,44,0,wk inc flu hosp,2026-03-14,quantile,0.8,17
2026-03-14,44,0,wk inc flu hosp,2026-03-14,quantile,0.85,18
2026-03-14,44,0,wk inc flu hosp,2026-03-14,quantile,0.9,21
2026-03-14,44,0,wk inc flu hosp,2026-03-14,quantile,0.95,25
2026-03-14,44,0,wk inc flu hosp,2026-03-14,quantile,0.975,28
2026-03-14,44,0,wk inc flu hosp,2026-03-14,quantile,0.99,33
2026-03-14,44,1,wk inc flu hosp,2026-03-21,quantile,0.01,0
2026-03-14,44,1,wk inc flu hosp,2026-03-21,quantile,0.025,1
2026-03-14,44,1,wk inc flu hosp,2026-03-21,quantile,0.05,2
2026-03-14,44,1,wk inc flu hosp,2026-03-21,quantile,0.1,2
2026-03-14,44,1,wk inc flu hosp,2026-03-21,quantile,0.15,3
2026-03-14,44,1,wk inc flu hosp,2026-03-21,quantile,0.2,4
2026-03-14,44,1,wk inc flu hosp,2026-03-21,quantile,0.25,4
2026-03-14,44,1,wk inc flu hosp,2026-03-21,quantile,0.3,5
2026-03-14,44,1,wk inc flu hosp,2026-03-21,quantile,0.35,6
2026-03-14,44,1,wk inc flu hosp,2026-03-21,quantile,0.4,6
2026-03-14,44,1,wk inc flu hosp,2026-03-21,quantile,0.45,7
2026-03-14,44,1,wk inc flu hosp,2026-03-21,quantile,0.5,9
2026-03-14,44,1,wk inc flu hosp,2026-03-21,quantile,0.55,10
2026-03-14,44,1,wk inc flu hosp,2026-03-21,quantile,0.6,11
2026-03-14,44,1,wk inc flu hosp,2026-03-21,quantile,0.65,13
2026-03-14,44,1,wk inc flu hosp,2026-03-21,quantile,0.7,14
2026-03-14,44,1,wk inc flu hosp,2026-03-21,quantile,0.75,15
2026-03-14,44,1,wk inc flu hosp,2026-03-21,quantile,0.8,17
2026-03-14,44,1,wk inc flu hosp,2026-03-21,quantile,0.85,19
2026-03-14,44,1,wk inc flu hosp,2026-03-21,quantile,0.9,22
2026-03-14,44,1,wk inc flu hosp,2026-03-21,quantile,0.95,27
2026-03-14,44,1,wk inc flu hosp,2026-03-21,quantile,0.975,32
2026-03-14,44,1,wk inc flu hosp,2026-03-21,quantile,0.99,39
2026-03-14,44,2,wk inc flu hosp,2026-03-28,quantile,0.01,0
2026-03-14,44,2,wk inc flu hosp,2026-03-28,quantile,0.025,0
2026-03-14,44,2,wk inc flu hosp,2026-03-28,quantile,0.05,0
2026-03-14,44,2,wk inc flu hosp,2026-03-28,quantile,0.1,2
2026-03-14,44,2,wk inc flu hosp,2026-03-28,quantile,0.15,2
2026-03-14,44,2,wk inc flu hosp,2026-03-28,quantile,0.2,2
2026-03-14,44,2,wk inc flu hosp,2026-03-28,quantile,0.25,3
2026-03-14,44,2,wk inc flu hosp,2026-03-28,quantile,0.3,4
2026-03-14,44,2,wk inc flu hosp,2026-03-28,quantile,0.35,4
2026-03-14,44,2,wk inc flu hosp,2026-03-28,quantile,0.4,5
2026-03-14,44,2,wk inc flu hosp,2026-03-28,quantile,0.45,6
2026-03-14,44,2,wk inc flu hosp,2026-03-28,quantile,0.5,8
2026-03-14,44,2,wk inc flu hosp,2026-03-28,quantile,0.55,8
2026-03-14,44,2,wk inc flu hosp,2026-03-28,quantile,0.6,10
2026-03-14,44,2,wk inc flu hosp,2026-03-28,quantile,0.65,11
2026-03-14,44,2,wk inc flu hosp,2026-03-28,quantile,0.7,13
2026-03-14,44,2,wk inc flu hosp,2026-03-28,quantile,0.75,15
2026-03-14,44,2,wk inc flu hosp,2026-03-28,quantile,0.8,17
2026-03-14,44,2,wk inc flu hosp,2026-03-28,quantile,0.85,19
2026-03-14,44,2,wk inc flu hosp,2026-03-28,quantile,0.9,22
2026-03-14,44,2,wk inc flu hosp,2026-03-28,quantile,0.95,27
2026-03-14,44,2,wk inc flu hosp,2026-03-28,quantile,0.975,34
2026-03-14,44,2,wk inc flu hosp,2026-03-28,quantile,0.99,40
2026-03-14,44,3,wk inc flu hosp,2026-04-04,quantile,0.01,0
2026-03-14,44,3,wk inc flu hosp,2026-04-04,quantile,0.025,0
2026-03-14,44,3,wk inc flu hosp,2026-04-04,quantile,0.05,0
2026-03-14,44,3,wk inc flu hosp,2026-04-04,quantile,0.1,1
2026-03-14,44,3,wk inc flu hosp,2026-04-04,quantile,0.15,1
2026-03-14,44,3,wk inc flu hosp,2026-04-04,quantile,0.2,2
2026-03-14,44,3,wk inc flu hosp,2026-04-04,quantile,0.25,2
2026-03-14,44,3,wk inc flu hosp,2026-04-04,quantile,0.3,3
2026-03-14,44,3,wk inc flu hosp,2026-04-04,quantile,0.35,3
2026-03-14,44,3,wk inc flu hosp,2026-04-04,quantile,0.4,4
2026-03-14,44,3,wk inc flu hosp,2026-04-04,quantile,0.45,5
2026-03-14,44,3,wk inc flu hosp,2026-04-04,quantile,0.5,6
2026-03-14,44,3,wk inc flu hosp,2026-04-04,quantile,0.55,8
2026-03-14,44,3,wk inc flu hosp,2026-04-04,quantile,0.6,9
2026-03-14,44,3,wk inc flu hosp,2026-04-04,quantile,0.65,11
2026-03-14,44,3,wk inc flu hosp,2026-04-04,quantile,0.7,12
2026-03-14,44,3,wk inc flu hosp,2026-04-04,quantile,0.75,14
2026-03-14,44,3,wk inc flu hosp,2026-04-04,quantile,0.8,15
2026-03-14,44,3,wk inc flu hosp,2026-04-04,quantile,0.85,19
2026-03-14,44,3,wk inc flu hosp,2026-04-04,quantile,0.9,23
2026-03-14,44,3,wk inc flu hosp,2026-04-04,quantile,0.95,28
2026-03-14,44,3,wk inc flu hosp,2026-04-04,quantile,0.975,37
2026-03-14,44,3,wk inc flu hosp,2026-04-04,quantile,0.99,45
2026-03-14,45,0,wk inc flu hosp,2026-03-14,quantile,0.01,43
2026-03-14,45,0,wk inc flu hosp,2026-03-14,quantile,0.025,55
2026-03-14,45,0,wk inc flu hosp,2026-03-14,quantile,0.05,64
2026-03-14,45,0,wk inc flu hosp,2026-03-14,quantile,0.1,72
2026-03-14,45,0,wk inc flu hosp,2026-03-14,quantile,0.15,80
2026-03-14,45,0,wk inc flu hosp,2026-03-14,quantile,0.2,89
2026-03-14,45,0,wk inc flu hosp,2026-03-14,quantile,0.25,94
2026-03-14,45,0,wk inc flu hosp,2026-03-14,quantile,0.3,99
2026-03-14,45,0,wk inc flu hosp,2026-03-14,quantile,0.35,102
2026-03-14,45,0,wk inc flu hosp,2026-03-14,quantile,0.4,107
2026-03-14,45,0,wk inc flu hosp,2026-03-14,quantile,0.45,112
2026-03-14,45,0,wk inc flu hosp,2026-03-14,quantile,0.5,119
2026-03-14,45,0,wk inc flu hosp,2026-03-14,quantile,0.55,125
2026-03-14,45,0,wk inc flu hosp,2026-03-14,quantile,0.6,132
2026-03-14,45,0,wk inc flu hosp,2026-03-14,quantile,0.65,138
2026-03-14,45,0,wk inc flu hosp,2026-03-14,quantile,0.7,144
2026-03-14,45,0,wk inc flu hosp,2026-03-14,quantile,0.75,150
2026-03-14,45,0,wk inc flu hosp,2026-03-14,quantile,0.8,157
2026-03-14,45,0,wk inc flu hosp,2026-03-14,quantile,0.85,165
2026-03-14,45,0,wk inc flu hosp,2026-03-14,quantile,0.9,181
2026-03-14,45,0,wk inc flu hosp,2026-03-14,quantile,0.95,201
2026-03-14,45,0,wk inc flu hosp,2026-03-14,quantile,0.975,224
2026-03-14,45,0,wk inc flu hosp,2026-03-14,quantile,0.99,250
2026-03-14,45,1,wk inc flu hosp,2026-03-21,quantile,0.01,26
2026-03-14,45,1,wk inc flu hosp,2026-03-21,quantile,0.025,31
2026-03-14,45,1,wk inc flu hosp,2026-03-21,quantile,0.05,39
2026-03-14,45,1,wk inc flu hosp,2026-03-21,quantile,0.1,49
2026-03-14,45,1,wk inc flu hosp,2026-03-21,quantile,0.15,59
2026-03-14,45,1,wk inc flu hosp,2026-03-21,quantile,0.2,64
2026-03-14,45,1,wk inc flu hosp,2026-03-21,quantile,0.25,70
2026-03-14,45,1,wk inc flu hosp,2026-03-21,quantile,0.3,75
2026-03-14,45,1,wk inc flu hosp,2026-03-21,quantile,0.35,81
2026-03-14,45,1,wk inc flu hosp,2026-03-21,quantile,0.4,89
2026-03-14,45,1,wk inc flu hosp,2026-03-21,quantile,0.45,93
2026-03-14,45,1,wk inc flu hosp,2026-03-21,quantile,0.5,99
2026-03-14,45,1,wk inc flu hosp,2026-03-21,quantile,0.55,105
2026-03-14,45,1,wk inc flu hosp,2026-03-21,quantile,0.6,112
2026-03-14,45,1,wk inc flu hosp,2026-03-21,quantile,0.65,120
2026-03-14,45,1,wk inc flu hosp,2026-03-21,quantile,0.7,130
2026-03-14,45,1,wk inc flu hosp,2026-03-21,quantile,0.75,138
2026-03-14,45,1,wk inc flu hosp,2026-03-21,quantile,0.8,146
2026-03-14,45,1,wk inc flu hosp,2026-03-21,quantile,0.85,157
2026-03-14,45,1,wk inc flu hosp,2026-03-21,quantile,0.9,172
2026-03-14,45,1,wk inc flu hosp,2026-03-21,quantile,0.95,203
2026-03-14,45,1,wk inc flu hosp,2026-03-21,quantile,0.975,228
2026-03-14,45,1,wk inc flu hosp,2026-03-21,quantile,0.99,271
2026-03-14,45,2,wk inc flu hosp,2026-03-28,quantile,0.01,17
2026-03-14,45,2,wk inc flu hosp,2026-03-28,quantile,0.025,24
2026-03-14,45,2,wk inc flu hosp,2026-03-28,quantile,0.05,31
2026-03-14,45,2,wk inc flu hosp,2026-03-28,quantile,0.1,37
2026-03-14,45,2,wk inc flu hosp,2026-03-28,quantile,0.15,44
2026-03-14,45,2,wk inc flu hosp,2026-03-28,quantile,0.2,50
2026-03-14,45,2,wk inc flu hosp,2026-03-28,quantile,0.25,55
2026-03-14,45,2,wk inc flu hosp,2026-03-28,quantile,0.3,61
2026-03-14,45,2,wk inc flu hosp,2026-03-28,quantile,0.35,67
2026-03-14,45,2,wk inc flu hosp,2026-03-28,quantile,0.4,72
2026-03-14,45,2,wk inc flu hosp,2026-03-28,quantile,0.45,77
2026-03-14,45,2,wk inc flu hosp,2026-03-28,quantile,0.5,83
2026-03-14,45,2,wk inc flu hosp,2026-03-28,quantile,0.55,89
2026-03-14,45,2,wk inc flu hosp,2026-03-28,quantile,0.6,97
2026-03-14,45,2,wk inc flu hosp,2026-03-28,quantile,0.65,104
2026-03-14,45,2,wk inc flu hosp,2026-03-28,quantile,0.7,120
2026-03-14,45,2,wk inc flu hosp,2026-03-28,quantile,0.75,127
2026-03-14,45,2,wk inc flu hosp,2026-03-28,quantile,0.8,138
2026-03-14,45,2,wk inc flu hosp,2026-03-28,quantile,0.85,150
2026-03-14,45,2,wk inc flu hosp,2026-03-28,quantile,0.9,173
2026-03-14,45,2,wk inc flu hosp,2026-03-28,quantile,0.95,200
2026-03-14,45,2,wk inc flu hosp,2026-03-28,quantile,0.975,230
2026-03-14,45,2,wk inc flu hosp,2026-03-28,quantile,0.99,281
2026-03-14,45,3,wk inc flu hosp,2026-04-04,quantile,0.01,5
2026-03-14,45,3,wk inc flu hosp,2026-04-04,quantile,0.025,14
2026-03-14,45,3,wk inc flu hosp,2026-04-04,quantile,0.05,20
2026-03-14,45,3,wk inc flu hosp,2026-04-04,quantile,0.1,26
2026-03-14,45,3,wk inc flu hosp,2026-04-04,quantile,0.15,31
2026-03-14,45,3,wk inc flu hosp,2026-04-04,quantile,0.2,37
2026-03-14,45,3,wk inc flu hosp,2026-04-04,quantile,0.25,43
2026-03-14,45,3,wk inc flu hosp,2026-04-04,quantile,0.3,49
2026-03-14,45,3,wk inc flu hosp,2026-04-04,quantile,0.35,56
2026-03-14,45,3,wk inc flu hosp,2026-04-04,quantile,0.4,62
2026-03-14,45,3,wk inc flu hosp,2026-04-04,quantile,0.45,65
2026-03-14,45,3,wk inc flu hosp,2026-04-04,quantile,0.5,72
2026-03-14,45,3,wk inc flu hosp,2026-04-04,quantile,0.55,78
2026-03-14,45,3,wk inc flu hosp,2026-04-04,quantile,0.6,84
2026-03-14,45,3,wk inc flu hosp,2026-04-04,quantile,0.65,91
2026-03-14,45,3,wk inc flu hosp,2026-04-04,quantile,0.7,108
2026-03-14,45,3,wk inc flu hosp,2026-04-04,quantile,0.75,120
2026-03-14,45,3,wk inc flu hosp,2026-04-04,quantile,0.8,133
2026-03-14,45,3,wk inc flu hosp,2026-04-04,quantile,0.85,136
2026-03-14,45,3,wk inc flu hosp,2026-04-04,quantile,0.9,159
2026-03-14,45,3,wk inc flu hosp,2026-04-04,quantile,0.95,198
2026-03-14,45,3,wk inc flu hosp,2026-04-04,quantile,0.975,231
2026-03-14,45,3,wk inc flu hosp,2026-04-04,quantile,0.99,259
2026-03-14,46,0,wk inc flu hosp,2026-03-14,quantile,0.01,12
2026-03-14,46,0,wk inc flu hosp,2026-03-14,quantile,0.025,14
2026-03-14,46,0,wk inc flu hosp,2026-03-14,quantile,0.05,16
2026-03-14,46,0,wk inc flu hosp,2026-03-14,quantile,0.1,19
2026-03-14,46,0,wk inc flu hosp,2026-03-14,quantile,0.15,20
2026-03-14,46,0,wk inc flu hosp,2026-03-14,quantile,0.2,22
2026-03-14,46,0,wk inc flu hosp,2026-03-14,quantile,0.25,24
2026-03-14,46,0,wk inc flu hosp,2026-03-14,quantile,0.3,25
2026-03-14,46,0,wk inc flu hosp,2026-03-14,quantile,0.35,26
2026-03-14,46,0,wk inc flu hosp,2026-03-14,quantile,0.4,28
2026-03-14,46,0,wk inc flu hosp,2026-03-14,quantile,0.45,29
2026-03-14,46,0,wk inc flu hosp,2026-03-14,quantile,0.5,31
2026-03-14,46,0,wk inc flu hosp,2026-03-14,quantile,0.55,32
2026-03-14,46,0,wk inc flu hosp,2026-03-14,quantile,0.6,35
2026-03-14,46,0,wk inc flu hosp,2026-03-14,quantile,0.65,36
2026-03-14,46,0,wk inc flu hosp,2026-03-14,quantile,0.7,39
2026-03-14,46,0,wk inc flu hosp,2026-03-14,quantile,0.75,41
2026-03-14,46,0,wk inc flu hosp,2026-03-14,quantile,0.8,44
2026-03-14,46,0,wk inc flu hosp,2026-03-14,quantile,0.85,46
2026-03-14,46,0,wk inc flu hosp,2026-03-14,quantile,0.9,51
2026-03-14,46,0,wk inc flu hosp,2026-03-14,quantile,0.95,58
2026-03-14,46,0,wk inc flu hosp,2026-03-14,quantile,0.975,63
2026-03-14,46,0,wk inc flu hosp,2026-03-14,quantile,0.99,72
2026-03-14,46,1,wk inc flu hosp,2026-03-21,quantile,0.01,5
2026-03-14,46,1,wk inc flu hosp,2026-03-21,quantile,0.025,7
2026-03-14,46,1,wk inc flu hosp,2026-03-21,quantile,0.05,9
2026-03-14,46,1,wk inc flu hosp,2026-03-21,quantile,0.1,12
2026-03-14,46,1,wk inc flu hosp,2026-03-21,quantile,0.15,14
2026-03-14,46,1,wk inc flu hosp,2026-03-21,quantile,0.2,16
2026-03-14,46,1,wk inc flu hosp,2026-03-21,quantile,0.25,18
2026-03-14,46,1,wk inc flu hosp,2026-03-21,quantile,0.3,20
2026-03-14,46,1,wk inc flu hosp,2026-03-21,quantile,0.35,22
2026-03-14,46,1,wk inc flu hosp,2026-03-21,quantile,0.4,23
2026-03-14,46,1,wk inc flu hosp,2026-03-21,quantile,0.45,24
2026-03-14,46,1,wk inc flu hosp,2026-03-21,quantile,0.5,27
2026-03-14,46,1,wk inc flu hosp,2026-03-21,quantile,0.55,28
2026-03-14,46,1,wk inc flu hosp,2026-03-21,quantile,0.6,29
2026-03-14,46,1,wk inc flu hosp,2026-03-21,quantile,0.65,32
2026-03-14,46,1,wk inc flu hosp,2026-03-21,quantile,0.7,34
2026-03-14,46,1,wk inc flu hosp,2026-03-21,quantile,0.75,36
2026-03-14,46,1,wk inc flu hosp,2026-03-21,quantile,0.8,40
2026-03-14,46,1,wk inc flu hosp,2026-03-21,quantile,0.85,43
2026-03-14,46,1,wk inc flu hosp,2026-03-21,quantile,0.9,49
2026-03-14,46,1,wk inc flu hosp,2026-03-21,quantile,0.95,58
2026-03-14,46,1,wk inc flu hosp,2026-03-21,quantile,0.975,66
2026-03-14,46,1,wk inc flu hosp,2026-03-21,quantile,0.99,70
2026-03-14,46,2,wk inc flu hosp,2026-03-28,quantile,0.01,3
2026-03-14,46,2,wk inc flu hosp,2026-03-28,quantile,0.025,4
2026-03-14,46,2,wk inc flu hosp,2026-03-28,quantile,0.05,6
2026-03-14,46,2,wk inc flu hosp,2026-03-28,quantile,0.1,9
2026-03-14,46,2,wk inc flu hosp,2026-03-28,quantile,0.15,11
2026-03-14,46,2,wk inc flu hosp,2026-03-28,quantile,0.2,12
2026-03-14,46,2,wk inc flu hosp,2026-03-28,quantile,0.25,14
2026-03-14,46,2,wk inc flu hosp,2026-03-28,quantile,0.3,15
2026-03-14,46,2,wk inc flu hosp,2026-03-28,quantile,0.35,17
2026-03-14,46,2,wk inc flu hosp,2026-03-28,quantile,0.4,19
2026-03-14,46,2,wk inc flu hosp,2026-03-28,quantile,0.45,20
2026-03-14,46,2,wk inc flu hosp,2026-03-28,quantile,0.5,21
2026-03-14,46,2,wk inc flu hosp,2026-03-28,quantile,0.55,23
2026-03-14,46,2,wk inc flu hosp,2026-03-28,quantile,0.6,25
2026-03-14,46,2,wk inc flu hosp,2026-03-28,quantile,0.65,29
2026-03-14,46,2,wk inc flu hosp,2026-03-28,quantile,0.7,31
2026-03-14,46,2,wk inc flu hosp,2026-03-28,quantile,0.75,33
2026-03-14,46,2,wk inc flu hosp,2026-03-28,quantile,0.8,37
2026-03-14,46,2,wk inc flu hosp,2026-03-28,quantile,0.85,41
2026-03-14,46,2,wk inc flu hosp,2026-03-28,quantile,0.9,45
2026-03-14,46,2,wk inc flu hosp,2026-03-28,quantile,0.95,57
2026-03-14,46,2,wk inc flu hosp,2026-03-28,quantile,0.975,69
2026-03-14,46,2,wk inc flu hosp,2026-03-28,quantile,0.99,77
2026-03-14,46,3,wk inc flu hosp,2026-04-04,quantile,0.01,1
2026-03-14,46,3,wk inc flu hosp,2026-04-04,quantile,0.025,3
2026-03-14,46,3,wk inc flu hosp,2026-04-04,quantile,0.05,4
2026-03-14,46,3,wk inc flu hosp,2026-04-04,quantile,0.1,7
2026-03-14,46,3,wk inc flu hosp,2026-04-04,quantile,0.15,9
2026-03-14,46,3,wk inc flu hosp,2026-04-04,quantile,0.2,10
2026-03-14,46,3,wk inc flu hosp,2026-04-04,quantile,0.25,12
2026-03-14,46,3,wk inc flu hosp,2026-04-04,quantile,0.3,13
2026-03-14,46,3,wk inc flu hosp,2026-04-04,quantile,0.35,15
2026-03-14,46,3,wk inc flu hosp,2026-04-04,quantile,0.4,17
2026-03-14,46,3,wk inc flu hosp,2026-04-04,quantile,0.45,18
2026-03-14,46,3,wk inc flu hosp,2026-04-04,quantile,0.5,21
2026-03-14,46,3,wk inc flu hosp,2026-04-04,quantile,0.55,22
2026-03-14,46,3,wk inc flu hosp,2026-04-04,quantile,0.6,24
2026-03-14,46,3,wk inc flu hosp,2026-04-04,quantile,0.65,26
2026-03-14,46,3,wk inc flu hosp,2026-04-04,quantile,0.7,29
2026-03-14,46,3,wk inc flu hosp,2026-04-04,quantile,0.75,31
2026-03-14,46,3,wk inc flu hosp,2026-04-04,quantile,0.8,35
2026-03-14,46,3,wk inc flu hosp,2026-04-04,quantile,0.85,40
2026-03-14,46,3,wk inc flu hosp,2026-04-04,quantile,0.9,46
2026-03-14,46,3,wk inc flu hosp,2026-04-04,quantile,0.95,55
2026-03-14,46,3,wk inc flu hosp,2026-04-04,quantile,0.975,69
2026-03-14,46,3,wk inc flu hosp,2026-04-04,quantile,0.99,78
2026-03-14,47,0,wk inc flu hosp,2026-03-14,quantile,0.01,74
2026-03-14,47,0,wk inc flu hosp,2026-03-14,quantile,0.025,88
2026-03-14,47,0,wk inc flu hosp,2026-03-14,quantile,0.05,101
2026-03-14,47,0,wk inc flu hosp,2026-03-14,quantile,0.1,115
2026-03-14,47,0,wk inc flu hosp,2026-03-14,quantile,0.15,126
2026-03-14,47,0,wk inc flu hosp,2026-03-14,quantile,0.2,135
2026-03-14,47,0,wk inc flu hosp,2026-03-14,quantile,0.25,142
2026-03-14,47,0,wk inc flu hosp,2026-03-14,quantile,0.3,149
2026-03-14,47,0,wk inc flu hosp,2026-03-14,quantile,0.35,154
2026-03-14,47,0,wk inc flu hosp,2026-03-14,quantile,0.4,161
2026-03-14,47,0,wk inc flu hosp,2026-03-14,quantile,0.45,168
2026-03-14,47,0,wk inc flu hosp,2026-03-14,quantile,0.5,174
2026-03-14,47,0,wk inc flu hosp,2026-03-14,quantile,0.55,181
2026-03-14,47,0,wk inc flu hosp,2026-03-14,quantile,0.6,189
2026-03-14,47,0,wk inc flu hosp,2026-03-14,quantile,0.65,197
2026-03-14,47,0,wk inc flu hosp,2026-03-14,quantile,0.7,204
2026-03-14,47,0,wk inc flu hosp,2026-03-14,quantile,0.75,212
2026-03-14,47,0,wk inc flu hosp,2026-03-14,quantile,0.8,223
2026-03-14,47,0,wk inc flu hosp,2026-03-14,quantile,0.85,236
2026-03-14,47,0,wk inc flu hosp,2026-03-14,quantile,0.9,251
2026-03-14,47,0,wk inc flu hosp,2026-03-14,quantile,0.95,272
2026-03-14,47,0,wk inc flu hosp,2026-03-14,quantile,0.975,292
2026-03-14,47,0,wk inc flu hosp,2026-03-14,quantile,0.99,320
2026-03-14,47,1,wk inc flu hosp,2026-03-21,quantile,0.01,48
2026-03-14,47,1,wk inc flu hosp,2026-03-21,quantile,0.025,61
2026-03-14,47,1,wk inc flu hosp,2026-03-21,quantile,0.05,72
2026-03-14,47,1,wk inc flu hosp,2026-03-21,quantile,0.1,89
2026-03-14,47,1,wk inc flu hosp,2026-03-21,quantile,0.15,102
2026-03-14,47,1,wk inc flu hosp,2026-03-21,quantile,0.2,109
2026-03-14,47,1,wk inc flu hosp,2026-03-21,quantile,0.25,114
2026-03-14,47,1,wk inc flu hosp,2026-03-21,quantile,0.3,120
2026-03-14,47,1,wk inc flu hosp,2026-03-21,quantile,0.35,129
2026-03-14,47,1,wk inc flu hosp,2026-03-21,quantile,0.4,135
2026-03-14,47,1,wk inc flu hosp,2026-03-21,quantile,0.45,140
2026-03-14,47,1,wk inc flu hosp,2026-03-21,quantile,0.5,147
2026-03-14,47,1,wk inc flu hosp,2026-03-21,quantile,0.55,160
2026-03-14,47,1,wk inc flu hosp,2026-03-21,quantile,0.6,170
2026-03-14,47,1,wk inc flu hosp,2026-03-21,quantile,0.65,179
2026-03-14,47,1,wk inc flu hosp,2026-03-21,quantile,0.7,189
2026-03-14,47,1,wk inc flu hosp,2026-03-21,quantile,0.75,201
2026-03-14,47,1,wk inc flu hosp,2026-03-21,quantile,0.8,212
2026-03-14,47,1,wk inc flu hosp,2026-03-21,quantile,0.85,225
2026-03-14,47,1,wk inc flu hosp,2026-03-21,quantile,0.9,246
2026-03-14,47,1,wk inc flu hosp,2026-03-21,quantile,0.95,276
2026-03-14,47,1,wk inc flu hosp,2026-03-21,quantile,0.975,300
2026-03-14,47,1,wk inc flu hosp,2026-03-21,quantile,0.99,339
2026-03-14,47,2,wk inc flu hosp,2026-03-28,quantile,0.01,30
2026-03-14,47,2,wk inc flu hosp,2026-03-28,quantile,0.025,36
2026-03-14,47,2,wk inc flu hosp,2026-03-28,quantile,0.05,51
2026-03-14,47,2,wk inc flu hosp,2026-03-28,quantile,0.1,66
2026-03-14,47,2,wk inc flu hosp,2026-03-28,quantile,0.15,75
2026-03-14,47,2,wk inc flu hosp,2026-03-28,quantile,0.2,82
2026-03-14,47,2,wk inc flu hosp,2026-03-28,quantile,0.25,92
2026-03-14,47,2,wk inc flu hosp,2026-03-28,quantile,0.3,97
2026-03-14,47,2,wk inc flu hosp,2026-03-28,quantile,0.35,101
2026-03-14,47,2,wk inc flu hosp,2026-03-28,quantile,0.4,107
2026-03-14,47,2,wk inc flu hosp,2026-03-28,quantile,0.45,114
2026-03-14,47,2,wk inc flu hosp,2026-03-28,quantile,0.5,121
2026-03-14,47,2,wk inc flu hosp,2026-03-28,quantile,0.55,133
2026-03-14,47,2,wk inc flu hosp,2026-03-28,quantile,0.6,141
2026-03-14,47,2,wk inc flu hosp,2026-03-28,quantile,0.65,150
2026-03-14,47,2,wk inc flu hosp,2026-03-28,quantile,0.7,160
2026-03-14,47,2,wk inc flu hosp,2026-03-28,quantile,0.75,172
2026-03-14,47,2,wk inc flu hosp,2026-03-28,quantile,0.8,185
2026-03-14,47,2,wk inc flu hosp,2026-03-28,quantile,0.85,203
2026-03-14,47,2,wk inc flu hosp,2026-03-28,quantile,0.9,228
2026-03-14,47,2,wk inc flu hosp,2026-03-28,quantile,0.95,262
2026-03-14,47,2,wk inc flu hosp,2026-03-28,quantile,0.975,298
2026-03-14,47,2,wk inc flu hosp,2026-03-28,quantile,0.99,339
2026-03-14,47,3,wk inc flu hosp,2026-04-04,quantile,0.01,21
2026-03-14,47,3,wk inc flu hosp,2026-04-04,quantile,0.025,27
2026-03-14,47,3,wk inc flu hosp,2026-04-04,quantile,0.05,33
2026-03-14,47,3,wk inc flu hosp,2026-04-04,quantile,0.1,47
2026-03-14,47,3,wk inc flu hosp,2026-04-04,quantile,0.15,55
2026-03-14,47,3,wk inc flu hosp,2026-04-04,quantile,0.2,62
2026-03-14,47,3,wk inc flu hosp,2026-04-04,quantile,0.25,71
2026-03-14,47,3,wk inc flu hosp,2026-04-04,quantile,0.3,78
2026-03-14,47,3,wk inc flu hosp,2026-04-04,quantile,0.35,81
2026-03-14,47,3,wk inc flu hosp,2026-04-04,quantile,0.4,85
2026-03-14,47,3,wk inc flu hosp,2026-04-04,quantile,0.45,94
2026-03-14,47,3,wk inc flu hosp,2026-04-04,quantile,0.5,104
2026-03-14,47,3,wk inc flu hosp,2026-04-04,quantile,0.55,115
2026-03-14,47,3,wk inc flu hosp,2026-04-04,quantile,0.6,123
2026-03-14,47,3,wk inc flu hosp,2026-04-04,quantile,0.65,132
2026-03-14,47,3,wk inc flu hosp,2026-04-04,quantile,0.7,140
2026-03-14,47,3,wk inc flu hosp,2026-04-04,quantile,0.75,147
2026-03-14,47,3,wk inc flu hosp,2026-04-04,quantile,0.8,161
2026-03-14,47,3,wk inc flu hosp,2026-04-04,quantile,0.85,181
2026-03-14,47,3,wk inc flu hosp,2026-04-04,quantile,0.9,206
2026-03-14,47,3,wk inc flu hosp,2026-04-04,quantile,0.95,250
2026-03-14,47,3,wk inc flu hosp,2026-04-04,quantile,0.975,285
2026-03-14,47,3,wk inc flu hosp,2026-04-04,quantile,0.99,336
2026-03-14,48,0,wk inc flu hosp,2026-03-14,quantile,0.01,236
2026-03-14,48,0,wk inc flu hosp,2026-03-14,quantile,0.025,280
2026-03-14,48,0,wk inc flu hosp,2026-03-14,quantile,0.05,316
2026-03-14,48,0,wk inc flu hosp,2026-03-14,quantile,0.1,359
2026-03-14,48,0,wk inc flu hosp,2026-03-14,quantile,0.15,379
2026-03-14,48,0,wk inc flu hosp,2026-03-14,quantile,0.2,403
2026-03-14,48,0,wk inc flu hosp,2026-03-14,quantile,0.25,427
2026-03-14,48,0,wk inc flu hosp,2026-03-14,quantile,0.3,447
2026-03-14,48,0,wk inc flu hosp,2026-03-14,quantile,0.35,469
2026-03-14,48,0,wk inc flu hosp,2026-03-14,quantile,0.4,483
2026-03-14,48,0,wk inc flu hosp,2026-03-14,quantile,0.45,505
2026-03-14,48,0,wk inc flu hosp,2026-03-14,quantile,0.5,523
2026-03-14,48,0,wk inc flu hosp,2026-03-14,quantile,0.55,549
2026-03-14,48,0,wk inc flu hosp,2026-03-14,quantile,0.6,565
2026-03-14,48,0,wk inc flu hosp,2026-03-14,quantile,0.65,587
2026-03-14,48,0,wk inc flu hosp,2026-03-14,quantile,0.7,607
2026-03-14,48,0,wk inc flu hosp,2026-03-14,quantile,0.75,631
2026-03-14,48,0,wk inc flu hosp,2026-03-14,quantile,0.8,663
2026-03-14,48,0,wk inc flu hosp,2026-03-14,quantile,0.85,686
2026-03-14,48,0,wk inc flu hosp,2026-03-14,quantile,0.9,730
2026-03-14,48,0,wk inc flu hosp,2026-03-14,quantile,0.95,794
2026-03-14,48,0,wk inc flu hosp,2026-03-14,quantile,0.975,863
2026-03-14,48,0,wk inc flu hosp,2026-03-14,quantile,0.99,941
2026-03-14,48,1,wk inc flu hosp,2026-03-21,quantile,0.01,127
2026-03-14,48,1,wk inc flu hosp,2026-03-21,quantile,0.025,161
2026-03-14,48,1,wk inc flu hosp,2026-03-21,quantile,0.05,197
2026-03-14,48,1,wk inc flu hosp,2026-03-21,quantile,0.1,251
2026-03-14,48,1,wk inc flu hosp,2026-03-21,quantile,0.15,281
2026-03-14,48,1,wk inc flu hosp,2026-03-21,quantile,0.2,310
2026-03-14,48,1,wk inc flu hosp,2026-03-21,quantile,0.25,339
2026-03-14,48,1,wk inc flu hosp,2026-03-21,quantile,0.3,362
2026-03-14,48,1,wk inc flu hosp,2026-03-21,quantile,0.35,392
2026-03-14,48,1,wk inc flu hosp,2026-03-21,quantile,0.4,415
2026-03-14,48,1,wk inc flu hosp,2026-03-21,quantile,0.45,428
2026-03-14,48,1,wk inc flu hosp,2026-03-21,quantile,0.5,459
2026-03-14,48,1,wk inc flu hosp,2026-03-21,quantile,0.55,477
2026-03-14,48,1,wk inc flu hosp,2026-03-21,quantile,0.6,508
2026-03-14,48,1,wk inc flu hosp,2026-03-21,quantile,0.65,532
2026-03-14,48,1,wk inc flu hosp,2026-03-21,quantile,0.7,554
2026-03-14,48,1,wk inc flu hosp,2026-03-21,quantile,0.75,572
2026-03-14,48,1,wk inc flu hosp,2026-03-21,quantile,0.8,599
2026-03-14,48,1,wk inc flu hosp,2026-03-21,quantile,0.85,629
2026-03-14,48,1,wk inc flu hosp,2026-03-21,quantile,0.9,701
2026-03-14,48,1,wk inc flu hosp,2026-03-21,quantile,0.95,806
2026-03-14,48,1,wk inc flu hosp,2026-03-21,quantile,0.975,903
2026-03-14,48,1,wk inc flu hosp,2026-03-21,quantile,0.99,1035
2026-03-14,48,2,wk inc flu hosp,2026-03-28,quantile,0.01,70
2026-03-14,48,2,wk inc flu hosp,2026-03-28,quantile,0.025,87
2026-03-14,48,2,wk inc flu hosp,2026-03-28,quantile,0.05,125
2026-03-14,48,2,wk inc flu hosp,2026-03-28,quantile,0.1,192
2026-03-14,48,2,wk inc flu hosp,2026-03-28,quantile,0.15,222
2026-03-14,48,2,wk inc flu hosp,2026-03-28,quantile,0.2,255
2026-03-14,48,2,wk inc flu hosp,2026-03-28,quantile,0.25,290
2026-03-14,48,2,wk inc flu hosp,2026-03-28,quantile,0.3,307
2026-03-14,48,2,wk inc flu hosp,2026-03-28,quantile,0.35,331
2026-03-14,48,2,wk inc flu hosp,2026-03-28,quantile,0.4,348
2026-03-14,48,2,wk inc flu hosp,2026-03-28,quantile,0.45,362
2026-03-14,48,2,wk inc flu hosp,2026-03-28,quantile,0.5,402
2026-03-14,48,2,wk inc flu hosp,2026-03-28,quantile,0.55,428
2026-03-14,48,2,wk inc flu hosp,2026-03-28,quantile,0.6,453
2026-03-14,48,2,wk inc flu hosp,2026-03-28,quantile,0.65,482
2026-03-14,48,2,wk inc flu hosp,2026-03-28,quantile,0.7,503
2026-03-14,48,2,wk inc flu hosp,2026-03-28,quantile,0.75,526
2026-03-14,48,2,wk inc flu hosp,2026-03-28,quantile,0.8,548
2026-03-14,48,2,wk inc flu hosp,2026-03-28,quantile,0.85,602
2026-03-14,48,2,wk inc flu hosp,2026-03-28,quantile,0.9,670
2026-03-14,48,2,wk inc flu hosp,2026-03-28,quantile,0.95,791
2026-03-14,48,2,wk inc flu hosp,2026-03-28,quantile,0.975,950
2026-03-14,48,2,wk inc flu hosp,2026-03-28,quantile,0.99,1176
2026-03-14,48,3,wk inc flu hosp,2026-04-04,quantile,0.01,44
2026-03-14,48,3,wk inc flu hosp,2026-04-04,quantile,0.025,64
2026-03-14,48,3,wk inc flu hosp,2026-04-04,quantile,0.05,99
2026-03-14,48,3,wk inc flu hosp,2026-04-04,quantile,0.1,141
2026-03-14,48,3,wk inc flu hosp,2026-04-04,quantile,0.15,174
2026-03-14,48,3,wk inc flu hosp,2026-04-04,quantile,0.2,214
2026-03-14,48,3,wk inc flu hosp,2026-04-04,quantile,0.25,242
2026-03-14,48,3,wk inc flu hosp,2026-04-04,quantile,0.3,262
2026-03-14,48,3,wk inc flu hosp,2026-04-04,quantile,0.35,270
2026-03-14,48,3,wk inc flu hosp,2026-04-04,quantile,0.4,298
2026-03-14,48,3,wk inc flu hosp,2026-04-04,quantile,0.45,322
2026-03-14,48,3,wk inc flu hosp,2026-04-04,quantile,0.5,340
2026-03-14,48,3,wk inc flu hosp,2026-04-04,quantile,0.55,349
2026-03-14,48,3,wk inc flu hosp,2026-04-04,quantile,0.6,377
2026-03-14,48,3,wk inc flu hosp,2026-04-04,quantile,0.65,402
2026-03-14,48,3,wk inc flu hosp,2026-04-04,quantile,0.7,426
2026-03-14,48,3,wk inc flu hosp,2026-04-04,quantile,0.75,459
2026-03-14,48,3,wk inc flu hosp,2026-04-04,quantile,0.8,496
2026-03-14,48,3,wk inc flu hosp,2026-04-04,quantile,0.85,556
2026-03-14,48,3,wk inc flu hosp,2026-04-04,quantile,0.9,632
2026-03-14,48,3,wk inc flu hosp,2026-04-04,quantile,0.95,778
2026-03-14,48,3,wk inc flu hosp,2026-04-04,quantile,0.975,937
2026-03-14,48,3,wk inc flu hosp,2026-04-04,quantile,0.99,1156
2026-03-14,49,0,wk inc flu hosp,2026-03-14,quantile,0.01,3
2026-03-14,49,0,wk inc flu hosp,2026-03-14,quantile,0.025,4
2026-03-14,49,0,wk inc flu hosp,2026-03-14,quantile,0.05,6
2026-03-14,49,0,wk inc flu hosp,2026-03-14,quantile,0.1,8
2026-03-14,49,0,wk inc flu hosp,2026-03-14,quantile,0.15,9
2026-03-14,49,0,wk inc flu hosp,2026-03-14,quantile,0.2,11
2026-03-14,49,0,wk inc flu hosp,2026-03-14,quantile,0.25,11
2026-03-14,49,0,wk inc flu hosp,2026-03-14,quantile,0.3,12
2026-03-14,49,0,wk inc flu hosp,2026-03-14,quantile,0.35,13
2026-03-14,49,0,wk inc flu hosp,2026-03-14,quantile,0.4,14
2026-03-14,49,0,wk inc flu hosp,2026-03-14,quantile,0.45,15
2026-03-14,49,0,wk inc flu hosp,2026-03-14,quantile,0.5,16
2026-03-14,49,0,wk inc flu hosp,2026-03-14,quantile,0.55,18
2026-03-14,49,0,wk inc flu hosp,2026-03-14,quantile,0.6,19
2026-03-14,49,0,wk inc flu hosp,2026-03-14,quantile,0.65,21
2026-03-14,49,0,wk inc flu hosp,2026-03-14,quantile,0.7,23
2026-03-14,49,0,wk inc flu hosp,2026-03-14,quantile,0.75,25
2026-03-14,49,0,wk inc flu hosp,2026-03-14,quantile,0.8,27
2026-03-14,49,0,wk inc flu hosp,2026-03-14,quantile,0.85,31
2026-03-14,49,0,wk inc flu hosp,2026-03-14,quantile,0.9,34
2026-03-14,49,0,wk inc flu hosp,2026-03-14,quantile,0.95,40
2026-03-14,49,0,wk inc flu hosp,2026-03-14,quantile,0.975,45
2026-03-14,49,0,wk inc flu hosp,2026-03-14,quantile,0.99,52
2026-03-14,49,1,wk inc flu hosp,2026-03-21,quantile,0.01,1
2026-03-14,49,1,wk inc flu hosp,2026-03-21,quantile,0.025,2
2026-03-14,49,1,wk inc flu hosp,2026-03-21,quantile,0.05,3
2026-03-14,49,1,wk inc flu hosp,2026-03-21,quantile,0.1,4
2026-03-14,49,1,wk inc flu hosp,2026-03-21,quantile,0.15,6
2026-03-14,49,1,wk inc flu hosp,2026-03-21,quantile,0.2,7
2026-03-14,49,1,wk inc flu hosp,2026-03-21,quantile,0.25,8
2026-03-14,49,1,wk inc flu hosp,2026-03-21,quantile,0.3,9
2026-03-14,49,1,wk inc flu hosp,2026-03-21,quantile,0.35,10
2026-03-14,49,1,wk inc flu hosp,2026-03-21,quantile,0.4,10
2026-03-14,49,1,wk inc flu hosp,2026-03-21,quantile,0.45,11
2026-03-14,49,1,wk inc flu hosp,2026-03-21,quantile,0.5,12
2026-03-14,49,1,wk inc flu hosp,2026-03-21,quantile,0.55,14
2026-03-14,49,1,wk inc flu hosp,2026-03-21,quantile,0.6,16
2026-03-14,49,1,wk inc flu hosp,2026-03-21,quantile,0.65,16
2026-03-14,49,1,wk inc flu hosp,2026-03-21,quantile,0.7,18
2026-03-14,49,1,wk inc flu hosp,2026-03-21,quantile,0.75,20
2026-03-14,49,1,wk inc flu hosp,2026-03-21,quantile,0.8,22
2026-03-14,49,1,wk inc flu hosp,2026-03-21,quantile,0.85,26
2026-03-14,49,1,wk inc flu hosp,2026-03-21,quantile,0.9,31
2026-03-14,49,1,wk inc flu hosp,2026-03-21,quantile,0.95,40
2026-03-14,49,1,wk inc flu hosp,2026-03-21,quantile,0.975,47
2026-03-14,49,1,wk inc flu hosp,2026-03-21,quantile,0.99,59
2026-03-14,49,2,wk inc flu hosp,2026-03-28,quantile,0.01,0
2026-03-14,49,2,wk inc flu hosp,2026-03-28,quantile,0.025,0
2026-03-14,49,2,wk inc flu hosp,2026-03-28,quantile,0.05,2
2026-03-14,49,2,wk inc flu hosp,2026-03-28,quantile,0.1,2
2026-03-14,49,2,wk inc flu hosp,2026-03-28,quantile,0.15,4
2026-03-14,49,2,wk inc flu hosp,2026-03-28,quantile,0.2,5
2026-03-14,49,2,wk inc flu hosp,2026-03-28,quantile,0.25,6
2026-03-14,49,2,wk inc flu hosp,2026-03-28,quantile,0.3,7
2026-03-14,49,2,wk inc flu hosp,2026-03-28,quantile,0.35,8
2026-03-14,49,2,wk inc flu hosp,2026-03-28,quantile,0.4,8
2026-03-14,49,2,wk inc flu hosp,2026-03-28,quantile,0.45,8
2026-03-14,49,2,wk inc flu hosp,2026-03-28,quantile,0.5,10
2026-03-14,49,2,wk inc flu hosp,2026-03-28,quantile,0.55,12
2026-03-14,49,2,wk inc flu hosp,2026-03-28,quantile,0.6,14
2026-03-14,49,2,wk inc flu hosp,2026-03-28,quantile,0.65,15
2026-03-14,49,2,wk inc flu hosp,2026-03-28,quantile,0.7,16
2026-03-14,49,2,wk inc flu hosp,2026-03-28,quantile,0.75,18
2026-03-14,49,2,wk inc flu hosp,2026-03-28,quantile,0.8,20
2026-03-14,49,2,wk inc flu hosp,2026-03-28,quantile,0.85,24
2026-03-14,49,2,wk inc flu hosp,2026-03-28,quantile,0.9,29
2026-03-14,49,2,wk inc flu hosp,2026-03-28,quantile,0.95,42
2026-03-14,49,2,wk inc flu hosp,2026-03-28,quantile,0.975,49
2026-03-14,49,2,wk inc flu hosp,2026-03-28,quantile,0.99,59
2026-03-14,49,3,wk inc flu hosp,2026-04-04,quantile,0.01,0
2026-03-14,49,3,wk inc flu hosp,2026-04-04,quantile,0.025,0
2026-03-14,49,3,wk inc flu hosp,2026-04-04,quantile,0.05,0
2026-03-14,49,3,wk inc flu hosp,2026-04-04,quantile,0.1,1
2026-03-14,49,3,wk inc flu hosp,2026-04-04,quantile,0.15,2
2026-03-14,49,3,wk inc flu hosp,2026-04-04,quantile,0.2,3
2026-03-14,49,3,wk inc flu hosp,2026-04-04,quantile,0.25,4
2026-03-14,49,3,wk inc flu hosp,2026-04-04,quantile,0.3,4
2026-03-14,49,3,wk inc flu hosp,2026-04-04,quantile,0.35,5
2026-03-14,49,3,wk inc flu hosp,2026-04-04,quantile,0.4,6
2026-03-14,49,3,wk inc flu hosp,2026-04-04,quantile,0.45,7
2026-03-14,49,3,wk inc flu hosp,2026-04-04,quantile,0.5,8
2026-03-14,49,3,wk inc flu hosp,2026-04-04,quantile,0.55,9
2026-03-14,49,3,wk inc flu hosp,2026-04-04,quantile,0.6,10
2026-03-14,49,3,wk inc flu hosp,2026-04-04,quantile,0.65,11
2026-03-14,49,3,wk inc flu hosp,2026-04-04,quantile,0.7,12
2026-03-14,49,3,wk inc flu hosp,2026-04-04,quantile,0.75,14
2026-03-14,49,3,wk inc flu hosp,2026-04-04,quantile,0.8,17
2026-03-14,49,3,wk inc flu hosp,2026-04-04,quantile,0.85,20
2026-03-14,49,3,wk inc flu hosp,2026-04-04,quantile,0.9,28
2026-03-14,49,3,wk inc flu hosp,2026-04-04,quantile,0.95,41
2026-03-14,49,3,wk inc flu hosp,2026-04-04,quantile,0.975,49
2026-03-14,49,3,wk inc flu hosp,2026-04-04,quantile,0.99,61
2026-03-14,50,0,wk inc flu hosp,2026-03-14,quantile,0.01,2
2026-03-14,50,0,wk inc flu hosp,2026-03-14,quantile,0.025,3
2026-03-14,50,0,wk inc flu hosp,2026-03-14,quantile,0.05,5
2026-03-14,50,0,wk inc flu hosp,2026-03-14,quantile,0.1,6
2026-03-14,50,0,wk inc flu hosp,2026-03-14,quantile,0.15,7
2026-03-14,50,0,wk inc flu hosp,2026-03-14,quantile,0.2,8
2026-03-14,50,0,wk inc flu hosp,2026-03-14,quantile,0.25,8
2026-03-14,50,0,wk inc flu hosp,2026-03-14,quantile,0.3,9
2026-03-14,50,0,wk inc flu hosp,2026-03-14,quantile,0.35,10
2026-03-14,50,0,wk inc flu hosp,2026-03-14,quantile,0.4,11
2026-03-14,50,0,wk inc flu hosp,2026-03-14,quantile,0.45,12
2026-03-14,50,0,wk inc flu hosp,2026-03-14,quantile,0.5,13
2026-03-14,50,0,wk inc flu hosp,2026-03-14,quantile,0.55,13
2026-03-14,50,0,wk inc flu hosp,2026-03-14,quantile,0.6,14
2026-03-14,50,0,wk inc flu hosp,2026-03-14,quantile,0.65,15
2026-03-14,50,0,wk inc flu hosp,2026-03-14,quantile,0.7,16
2026-03-14,50,0,wk inc flu hosp,2026-03-14,quantile,0.75,16
2026-03-14,50,0,wk inc flu hosp,2026-03-14,quantile,0.8,18
2026-03-14,50,0,wk inc flu hosp,2026-03-14,quantile,0.85,19
2026-03-14,50,0,wk inc flu hosp,2026-03-14,quantile,0.9,21
2026-03-14,50,0,wk inc flu hosp,2026-03-14,quantile,0.95,24
2026-03-14,50,0,wk inc flu hosp,2026-03-14,quantile,0.975,25
2026-03-14,50,0,wk inc flu hosp,2026-03-14,quantile,0.99,30
2026-03-14,50,1,wk inc flu hosp,2026-03-21,quantile,0.01,1
2026-03-14,50,1,wk inc flu hosp,2026-03-21,quantile,0.025,2
2026-03-14,50,1,wk inc flu hosp,2026-03-21,quantile,0.05,3
2026-03-14,50,1,wk inc flu hosp,2026-03-21,quantile,0.1,4
2026-03-14,50,1,wk inc flu hosp,2026-03-21,quantile,0.15,5
2026-03-14,50,1,wk inc flu hosp,2026-03-21,quantile,0.2,6
2026-03-14,50,1,wk inc flu hosp,2026-03-21,quantile,0.25,7
2026-03-14,50,1,wk inc flu hosp,2026-03-21,quantile,0.3,8
2026-03-14,50,1,wk inc flu hosp,2026-03-21,quantile,0.35,8
2026-03-14,50,1,wk inc flu hosp,2026-03-21,quantile,0.4,9
2026-03-14,50,1,wk inc flu hosp,2026-03-21,quantile,0.45,10
2026-03-14,50,1,wk inc flu hosp,2026-03-21,quantile,0.5,11
2026-03-14,50,1,wk inc flu hosp,2026-03-21,quantile,0.55,12
2026-03-14,50,1,wk inc flu hosp,2026-03-21,quantile,0.6,12
2026-03-14,50,1,wk inc flu hosp,2026-03-21,quantile,0.65,14
2026-03-14,50,1,wk inc flu hosp,2026-03-21,quantile,0.7,14
2026-03-14,50,1,wk inc flu hosp,2026-03-21,quantile,0.75,15
2026-03-14,50,1,wk inc flu hosp,2026-03-21,quantile,0.8,17
2026-03-14,50,1,wk inc flu hosp,2026-03-21,quantile,0.85,19
2026-03-14,50,1,wk inc flu hosp,2026-03-21,quantile,0.9,22
2026-03-14,50,1,wk inc flu hosp,2026-03-21,quantile,0.95,27
2026-03-14,50,1,wk inc flu hosp,2026-03-21,quantile,0.975,30
2026-03-14,50,1,wk inc flu hosp,2026-03-21,quantile,0.99,34
2026-03-14,50,2,wk inc flu hosp,2026-03-28,quantile,0.01,0
2026-03-14,50,2,wk inc flu hosp,2026-03-28,quantile,0.025,1
2026-03-14,50,2,wk inc flu hosp,2026-03-28,quantile,0.05,1
2026-03-14,50,2,wk inc flu hosp,2026-03-28,quantile,0.1,3
2026-03-14,50,2,wk inc flu hosp,2026-03-28,quantile,0.15,3
2026-03-14,50,2,wk inc flu hosp,2026-03-28,quantile,0.2,4
2026-03-14,50,2,wk inc flu hosp,2026-03-28,quantile,0.25,5
2026-03-14,50,2,wk inc flu hosp,2026-03-28,quantile,0.3,6
2026-03-14,50,2,wk inc flu hosp,2026-03-28,quantile,0.35,7
2026-03-14,50,2,wk inc flu hosp,2026-03-28,quantile,0.4,8
2026-03-14,50,2,wk inc flu hosp,2026-03-28,quantile,0.45,8
2026-03-14,50,2,wk inc flu hosp,2026-03-28,quantile,0.5,10
2026-03-14,50,2,wk inc flu hosp,2026-03-28,quantile,0.55,11
2026-03-14,50,2,wk inc flu hosp,2026-03-28,quantile,0.6,12
2026-03-14,50,2,wk inc flu hosp,2026-03-28,quantile,0.65,13
2026-03-14,50,2,wk inc flu hosp,2026-03-28,quantile,0.7,14
2026-03-14,50,2,wk inc flu hosp,2026-03-28,quantile,0.75,15
2026-03-14,50,2,wk inc flu hosp,2026-03-28,quantile,0.8,17
2026-03-14,50,2,wk inc flu hosp,2026-03-28,quantile,0.85,19
2026-03-14,50,2,wk inc flu hosp,2026-03-28,quantile,0.9,23
2026-03-14,50,2,wk inc flu hosp,2026-03-28,quantile,0.95,28
2026-03-14,50,2,wk inc flu hosp,2026-03-28,quantile,0.975,34
2026-03-14,50,2,wk inc flu hosp,2026-03-28,quantile,0.99,39
2026-03-14,50,3,wk inc flu hosp,2026-04-04,quantile,0.01,0
2026-03-14,50,3,wk inc flu hosp,2026-04-04,quantile,0.025,0
2026-03-14,50,3,wk inc flu hosp,2026-04-04,quantile,0.05,1
2026-03-14,50,3,wk inc flu hosp,2026-04-04,quantile,0.1,2
2026-03-14,50,3,wk inc flu hosp,2026-04-04,quantile,0.15,2
2026-03-14,50,3,wk inc flu hosp,2026-04-04,quantile,0.2,3
2026-03-14,50,3,wk inc flu hosp,2026-04-04,quantile,0.25,4
2026-03-14,50,3,wk inc flu hosp,2026-04-04,quantile,0.3,5
2026-03-14,50,3,wk inc flu hosp,2026-04-04,quantile,0.35,6
2026-03-14,50,3,wk inc flu hosp,2026-04-04,quantile,0.4,6
2026-03-14,50,3,wk inc flu hosp,2026-04-04,quantile,0.45,7
2026-03-14,50,3,wk inc flu hosp,2026-04-04,quantile,0.5,8
2026-03-14,50,3,wk inc flu hosp,2026-04-04,quantile,0.55,10
2026-03-14,50,3,wk inc flu hosp,2026-04-04,quantile,0.6,12
2026-03-14,50,3,wk inc flu hosp,2026-04-04,quantile,0.65,12
2026-03-14,50,3,wk inc flu hosp,2026-04-04,quantile,0.7,13
2026-03-14,50,3,wk inc flu hosp,2026-04-04,quantile,0.75,15
2026-03-14,50,3,wk inc flu hosp,2026-04-04,quantile,0.8,16
2026-03-14,50,3,wk inc flu hosp,2026-04-04,quantile,0.85,19
2026-03-14,50,3,wk inc flu hosp,2026-04-04,quantile,0.9,23
2026-03-14,50,3,wk inc flu hosp,2026-04-04,quantile,0.95,29
2026-03-14,50,3,wk inc flu hosp,2026-04-04,quantile,0.975,35
2026-03-14,50,3,wk inc flu hosp,2026-04-04,quantile,0.99,42
2026-03-14,51,0,wk inc flu hosp,2026-03-14,quantile,0.01,59
2026-03-14,51,0,wk inc flu hosp,2026-03-14,quantile,0.025,71
2026-03-14,51,0,wk inc flu hosp,2026-03-14,quantile,0.05,81
2026-03-14,51,0,wk inc flu hosp,2026-03-14,quantile,0.1,95
2026-03-14,51,0,wk inc flu hosp,2026-03-14,quantile,0.15,103
2026-03-14,51,0,wk inc flu hosp,2026-03-14,quantile,0.2,111
2026-03-14,51,0,wk inc flu hosp,2026-03-14,quantile,0.25,117
2026-03-14,51,0,wk inc flu hosp,2026-03-14,quantile,0.3,126
2026-03-14,51,0,wk inc flu hosp,2026-03-14,quantile,0.35,132
2026-03-14,51,0,wk inc flu hosp,2026-03-14,quantile,0.4,138
2026-03-14,51,0,wk inc flu hosp,2026-03-14,quantile,0.45,146
2026-03-14,51,0,wk inc flu hosp,2026-03-14,quantile,0.5,155
2026-03-14,51,0,wk inc flu hosp,2026-03-14,quantile,0.55,161
2026-03-14,51,0,wk inc flu hosp,2026-03-14,quantile,0.6,167
2026-03-14,51,0,wk inc flu hosp,2026-03-14,quantile,0.65,175
2026-03-14,51,0,wk inc flu hosp,2026-03-14,quantile,0.7,181
2026-03-14,51,0,wk inc flu hosp,2026-03-14,quantile,0.75,189
2026-03-14,51,0,wk inc flu hosp,2026-03-14,quantile,0.8,202
2026-03-14,51,0,wk inc flu hosp,2026-03-14,quantile,0.85,212
2026-03-14,51,0,wk inc flu hosp,2026-03-14,quantile,0.9,227
2026-03-14,51,0,wk inc flu hosp,2026-03-14,quantile,0.95,253
2026-03-14,51,0,wk inc flu hosp,2026-03-14,quantile,0.975,283
2026-03-14,51,0,wk inc flu hosp,2026-03-14,quantile,0.99,310
2026-03-14,51,1,wk inc flu hosp,2026-03-21,quantile,0.01,38
2026-03-14,51,1,wk inc flu hosp,2026-03-21,quantile,0.025,46
2026-03-14,51,1,wk inc flu hosp,2026-03-21,quantile,0.05,53
2026-03-14,51,1,wk inc flu hosp,2026-03-21,quantile,0.1,65
2026-03-14,51,1,wk inc flu hosp,2026-03-21,quantile,0.15,75
2026-03-14,51,1,wk inc flu hosp,2026-03-21,quantile,0.2,84
2026-03-14,51,1,wk inc flu hosp,2026-03-21,quantile,0.25,93
2026-03-14,51,1,wk inc flu hosp,2026-03-21,quantile,0.3,101
2026-03-14,51,1,wk inc flu hosp,2026-03-21,quantile,0.35,111
2026-03-14,51,1,wk inc flu hosp,2026-03-21,quantile,0.4,118
2026-03-14,51,1,wk inc flu hosp,2026-03-21,quantile,0.45,128
2026-03-14,51,1,wk inc flu hosp,2026-03-21,quantile,0.5,136
2026-03-14,51,1,wk inc flu hosp,2026-03-21,quantile,0.55,145
2026-03-14,51,1,wk inc flu hosp,2026-03-21,quantile,0.6,152
2026-03-14,51,1,wk inc flu hosp,2026-03-21,quantile,0.65,160
2026-03-14,51,1,wk inc flu hosp,2026-03-21,quantile,0.7,168
2026-03-14,51,1,wk inc flu hosp,2026-03-21,quantile,0.75,178
2026-03-14,51,1,wk inc flu hosp,2026-03-21,quantile,0.8,191
2026-03-14,51,1,wk inc flu hosp,2026-03-21,quantile,0.85,209
2026-03-14,51,1,wk inc flu hosp,2026-03-21,quantile,0.9,233
2026-03-14,51,1,wk inc flu hosp,2026-03-21,quantile,0.95,272
2026-03-14,51,1,wk inc flu hosp,2026-03-21,quantile,0.975,314
2026-03-14,51,1,wk inc flu hosp,2026-03-21,quantile,0.99,371
2026-03-14,51,2,wk inc flu hosp,2026-03-28,quantile,0.01,26
2026-03-14,51,2,wk inc flu hosp,2026-03-28,quantile,0.025,29
2026-03-14,51,2,wk inc flu hosp,2026-03-28,quantile,0.05,37
2026-03-14,51,2,wk inc flu hosp,2026-03-28,quantile,0.1,52
2026-03-14,51,2,wk inc flu hosp,2026-03-28,quantile,0.15,60
2026-03-14,51,2,wk inc flu hosp,2026-03-28,quantile,0.2,69
2026-03-14,51,2,wk inc flu hosp,2026-03-28,quantile,0.25,76
2026-03-14,51,2,wk inc flu hosp,2026-03-28,quantile,0.3,85
2026-03-14,51,2,wk inc flu hosp,2026-03-28,quantile,0.35,95
2026-03-14,51,2,wk inc flu hosp,2026-03-28,quantile,0.4,102
2026-03-14,51,2,wk inc flu hosp,2026-03-28,quantile,0.45,107
2026-03-14,51,2,wk inc flu hosp,2026-03-28,quantile,0.5,117
2026-03-14,51,2,wk inc flu hosp,2026-03-28,quantile,0.55,129
2026-03-14,51,2,wk inc flu hosp,2026-03-28,quantile,0.6,138
2026-03-14,51,2,wk inc flu hosp,2026-03-28,quantile,0.65,148
2026-03-14,51,2,wk inc flu hosp,2026-03-28,quantile,0.7,157
2026-03-14,51,2,wk inc flu hosp,2026-03-28,quantile,0.75,168
2026-03-14,51,2,wk inc flu hosp,2026-03-28,quantile,0.8,182
2026-03-14,51,2,wk inc flu hosp,2026-03-28,quantile,0.85,201
2026-03-14,51,2,wk inc flu hosp,2026-03-28,quantile,0.9,227
2026-03-14,51,2,wk inc flu hosp,2026-03-28,quantile,0.95,286
2026-03-14,51,2,wk inc flu hosp,2026-03-28,quantile,0.975,339
2026-03-14,51,2,wk inc flu hosp,2026-03-28,quantile,0.99,397
2026-03-14,51,3,wk inc flu hosp,2026-04-04,quantile,0.01,16
2026-03-14,51,3,wk inc flu hosp,2026-04-04,quantile,0.025,18
2026-03-14,51,3,wk inc flu hosp,2026-04-04,quantile,0.05,25
2026-03-14,51,3,wk inc flu hosp,2026-04-04,quantile,0.1,36
2026-03-14,51,3,wk inc flu hosp,2026-04-04,quantile,0.15,46
2026-03-14,51,3,wk inc flu hosp,2026-04-04,quantile,0.2,53
2026-03-14,51,3,wk inc flu hosp,2026-04-04,quantile,0.25,60
2026-03-14,51,3,wk inc flu hosp,2026-04-04,quantile,0.3,68
2026-03-14,51,3,wk inc flu hosp,2026-04-04,quantile,0.35,75
2026-03-14,51,3,wk inc flu hosp,2026-04-04,quantile,0.4,84
2026-03-14,51,3,wk inc flu hosp,2026-04-04,quantile,0.45,93
2026-03-14,51,3,wk inc flu hosp,2026-04-04,quantile,0.5,100
2026-03-14,51,3,wk inc flu hosp,2026-04-04,quantile,0.55,113
2026-03-14,51,3,wk inc flu hosp,2026-04-04,quantile,0.6,124
2026-03-14,51,3,wk inc flu hosp,2026-04-04,quantile,0.65,134
2026-03-14,51,3,wk inc flu hosp,2026-04-04,quantile,0.7,145
2026-03-14,51,3,wk inc flu hosp,2026-04-04,quantile,0.75,157
2026-03-14,51,3,wk inc flu hosp,2026-04-04,quantile,0.8,178
2026-03-14,51,3,wk inc flu hosp,2026-04-04,quantile,0.85,195
2026-03-14,51,3,wk inc flu hosp,2026-04-04,quantile,0.9,220
2026-03-14,51,3,wk inc flu hosp,2026-04-04,quantile,0.95,288
2026-03-14,51,3,wk inc flu hosp,2026-04-04,quantile,0.975,334
2026-03-14,51,3,wk inc flu hosp,2026-04-04,quantile,0.99,404
2026-03-14,53,0,wk inc flu hosp,2026-03-14,quantile,0.01,57
2026-03-14,53,0,wk inc flu hosp,2026-03-14,quantile,0.025,67
2026-03-14,53,0,wk inc flu hosp,2026-03-14,quantile,0.05,74
2026-03-14,53,0,wk inc flu hosp,2026-03-14,quantile,0.1,88
2026-03-14,53,0,wk inc flu hosp,2026-03-14,quantile,0.15,98
2026-03-14,53,0,wk inc flu hosp,2026-03-14,quantile,0.2,104
2026-03-14,53,0,wk inc flu hosp,2026-03-14,quantile,0.25,109
2026-03-14,53,0,wk inc flu hosp,2026-03-14,quantile,0.3,113
2026-03-14,53,0,wk inc flu hosp,2026-03-14,quantile,0.35,117
2026-03-14,53,0,wk inc flu hosp,2026-03-14,quantile,0.4,121
2026-03-14,53,0,wk inc flu hosp,2026-03-14,quantile,0.45,127
2026-03-14,53,0,wk inc flu hosp,2026-03-14,quantile,0.5,135
2026-03-14,53,0,wk inc flu hosp,2026-03-14,quantile,0.55,140
2026-03-14,53,0,wk inc flu hosp,2026-03-14,quantile,0.6,145
2026-03-14,53,0,wk inc flu hosp,2026-03-14,quantile,0.65,151
2026-03-14,53,0,wk inc flu hosp,2026-03-14,quantile,0.7,156
2026-03-14,53,0,wk inc flu hosp,2026-03-14,quantile,0.75,164
2026-03-14,53,0,wk inc flu hosp,2026-03-14,quantile,0.8,171
2026-03-14,53,0,wk inc flu hosp,2026-03-14,quantile,0.85,177
2026-03-14,53,0,wk inc flu hosp,2026-03-14,quantile,0.9,187
2026-03-14,53,0,wk inc flu hosp,2026-03-14,quantile,0.95,205
2026-03-14,53,0,wk inc flu hosp,2026-03-14,quantile,0.975,218
2026-03-14,53,0,wk inc flu hosp,2026-03-14,quantile,0.99,237
2026-03-14,53,1,wk inc flu hosp,2026-03-21,quantile,0.01,38
2026-03-14,53,1,wk inc flu hosp,2026-03-21,quantile,0.025,48
2026-03-14,53,1,wk inc flu hosp,2026-03-21,quantile,0.05,56
2026-03-14,53,1,wk inc flu hosp,2026-03-21,quantile,0.1,68
2026-03-14,53,1,wk inc flu hosp,2026-03-21,quantile,0.15,78
2026-03-14,53,1,wk inc flu hosp,2026-03-21,quantile,0.2,86
2026-03-14,53,1,wk inc flu hosp,2026-03-21,quantile,0.25,93
2026-03-14,53,1,wk inc flu hosp,2026-03-21,quantile,0.3,97
2026-03-14,53,1,wk inc flu hosp,2026-03-21,quantile,0.35,101
2026-03-14,53,1,wk inc flu hosp,2026-03-21,quantile,0.4,106
2026-03-14,53,1,wk inc flu hosp,2026-03-21,quantile,0.45,113
2026-03-14,53,1,wk inc flu hosp,2026-03-21,quantile,0.5,120
2026-03-14,53,1,wk inc flu hosp,2026-03-21,quantile,0.55,127
2026-03-14,53,1,wk inc flu hosp,2026-03-21,quantile,0.6,131
2026-03-14,53,1,wk inc flu hosp,2026-03-21,quantile,0.65,137
2026-03-14,53,1,wk inc flu hosp,2026-03-21,quantile,0.7,143
2026-03-14,53,1,wk inc flu hosp,2026-03-21,quantile,0.75,152
2026-03-14,53,1,wk inc flu hosp,2026-03-21,quantile,0.8,161
2026-03-14,53,1,wk inc flu hosp,2026-03-21,quantile,0.85,172
2026-03-14,53,1,wk inc flu hosp,2026-03-21,quantile,0.9,185
2026-03-14,53,1,wk inc flu hosp,2026-03-21,quantile,0.95,208
2026-03-14,53,1,wk inc flu hosp,2026-03-21,quantile,0.975,226
2026-03-14,53,1,wk inc flu hosp,2026-03-21,quantile,0.99,247
2026-03-14,53,2,wk inc flu hosp,2026-03-28,quantile,0.01,20
2026-03-14,53,2,wk inc flu hosp,2026-03-28,quantile,0.025,32
2026-03-14,53,2,wk inc flu hosp,2026-03-28,quantile,0.05,41
2026-03-14,53,2,wk inc flu hosp,2026-03-28,quantile,0.1,52
2026-03-14,53,2,wk inc flu hosp,2026-03-28,quantile,0.15,61
2026-03-14,53,2,wk inc flu hosp,2026-03-28,quantile,0.2,66
2026-03-14,53,2,wk inc flu hosp,2026-03-28,quantile,0.25,76
2026-03-14,53,2,wk inc flu hosp,2026-03-28,quantile,0.3,81
2026-03-14,53,2,wk inc flu hosp,2026-03-28,quantile,0.35,85
2026-03-14,53,2,wk inc flu hosp,2026-03-28,quantile,0.4,91
2026-03-14,53,2,wk inc flu hosp,2026-03-28,quantile,0.45,97
2026-03-14,53,2,wk inc flu hosp,2026-03-28,quantile,0.5,105
2026-03-14,53,2,wk inc flu hosp,2026-03-28,quantile,0.55,112
2026-03-14,53,2,wk inc flu hosp,2026-03-28,quantile,0.6,119
2026-03-14,53,2,wk inc flu hosp,2026-03-28,quantile,0.65,126
2026-03-14,53,2,wk inc flu hosp,2026-03-28,quantile,0.7,133
2026-03-14,53,2,wk inc flu hosp,2026-03-28,quantile,0.75,140
2026-03-14,53,2,wk inc flu hosp,2026-03-28,quantile,0.8,153
2026-03-14,53,2,wk inc flu hosp,2026-03-28,quantile,0.85,165
2026-03-14,53,2,wk inc flu hosp,2026-03-28,quantile,0.9,188
2026-03-14,53,2,wk inc flu hosp,2026-03-28,quantile,0.95,215
2026-03-14,53,2,wk inc flu hosp,2026-03-28,quantile,0.975,247
2026-03-14,53,2,wk inc flu hosp,2026-03-28,quantile,0.99,273
2026-03-14,53,3,wk inc flu hosp,2026-04-04,quantile,0.01,14
2026-03-14,53,3,wk inc flu hosp,2026-04-04,quantile,0.025,22
2026-03-14,53,3,wk inc flu hosp,2026-04-04,quantile,0.05,29
2026-03-14,53,3,wk inc flu hosp,2026-04-04,quantile,0.1,37
2026-03-14,53,3,wk inc flu hosp,2026-04-04,quantile,0.15,47
2026-03-14,53,3,wk inc flu hosp,2026-04-04,quantile,0.2,54
2026-03-14,53,3,wk inc flu hosp,2026-04-04,quantile,0.25,60
2026-03-14,53,3,wk inc flu hosp,2026-04-04,quantile,0.3,68
2026-03-14,53,3,wk inc flu hosp,2026-04-04,quantile,0.35,72
2026-03-14,53,3,wk inc flu hosp,2026-04-04,quantile,0.4,76
2026-03-14,53,3,wk inc flu hosp,2026-04-04,quantile,0.45,81
2026-03-14,53,3,wk inc flu hosp,2026-04-04,quantile,0.5,88
2026-03-14,53,3,wk inc flu hosp,2026-04-04,quantile,0.55,94
2026-03-14,53,3,wk inc flu hosp,2026-04-04,quantile,0.6,97
2026-03-14,53,3,wk inc flu hosp,2026-04-04,quantile,0.65,105
2026-03-14,53,3,wk inc flu hosp,2026-04-04,quantile,0.7,112
2026-03-14,53,3,wk inc flu hosp,2026-04-04,quantile,0.75,123
2026-03-14,53,3,wk inc flu hosp,2026-04-04,quantile,0.8,141
2026-03-14,53,3,wk inc flu hosp,2026-04-04,quantile,0.85,161
2026-03-14,53,3,wk inc flu hosp,2026-04-04,quantile,0.9,179
2026-03-14,53,3,wk inc flu hosp,2026-04-04,quantile,0.95,216
2026-03-14,53,3,wk inc flu hosp,2026-04-04,quantile,0.975,254
2026-03-14,53,3,wk inc flu hosp,2026-04-04,quantile,0.99,296
2026-03-14,54,0,wk inc flu hosp,2026-03-14,quantile,0.01,30
2026-03-14,54,0,wk inc flu hosp,2026-03-14,quantile,0.025,37
2026-03-14,54,0,wk inc flu hosp,2026-03-14,quantile,0.05,44
2026-03-14,54,0,wk inc flu hosp,2026-03-14,quantile,0.1,52
2026-03-14,54,0,wk inc flu hosp,2026-03-14,quantile,0.15,58
2026-03-14,54,0,wk inc flu hosp,2026-03-14,quantile,0.2,63
2026-03-14,54,0,wk inc flu hosp,2026-03-14,quantile,0.25,64
2026-03-14,54,0,wk inc flu hosp,2026-03-14,quantile,0.3,69
2026-03-14,54,0,wk inc flu hosp,2026-03-14,quantile,0.35,74
2026-03-14,54,0,wk inc flu hosp,2026-03-14,quantile,0.4,77
2026-03-14,54,0,wk inc flu hosp,2026-03-14,quantile,0.45,81
2026-03-14,54,0,wk inc flu hosp,2026-03-14,quantile,0.5,84
2026-03-14,54,0,wk inc flu hosp,2026-03-14,quantile,0.55,87
2026-03-14,54,0,wk inc flu hosp,2026-03-14,quantile,0.6,89
2026-03-14,54,0,wk inc flu hosp,2026-03-14,quantile,0.65,92
2026-03-14,54,0,wk inc flu hosp,2026-03-14,quantile,0.7,97
2026-03-14,54,0,wk inc flu hosp,2026-03-14,quantile,0.75,103
2026-03-14,54,0,wk inc flu hosp,2026-03-14,quantile,0.8,108
2026-03-14,54,0,wk inc flu hosp,2026-03-14,quantile,0.85,117
2026-03-14,54,0,wk inc flu hosp,2026-03-14,quantile,0.9,127
2026-03-14,54,0,wk inc flu hosp,2026-03-14,quantile,0.95,142
2026-03-14,54,0,wk inc flu hosp,2026-03-14,quantile,0.975,155
2026-03-14,54,0,wk inc flu hosp,2026-03-14,quantile,0.99,177
2026-03-14,54,1,wk inc flu hosp,2026-03-21,quantile,0.01,15
2026-03-14,54,1,wk inc flu hosp,2026-03-21,quantile,0.025,20
2026-03-14,54,1,wk inc flu hosp,2026-03-21,quantile,0.05,26
2026-03-14,54,1,wk inc flu hosp,2026-03-21,quantile,0.1,34
2026-03-14,54,1,wk inc flu hosp,2026-03-21,quantile,0.15,40
2026-03-14,54,1,wk inc flu hosp,2026-03-21,quantile,0.2,45
2026-03-14,54,1,wk inc flu hosp,2026-03-21,quantile,0.25,49
2026-03-14,54,1,wk inc flu hosp,2026-03-21,quantile,0.3,51
2026-03-14,54,1,wk inc flu hosp,2026-03-21,quantile,0.35,55
2026-03-14,54,1,wk inc flu hosp,2026-03-21,quantile,0.4,60
2026-03-14,54,1,wk inc flu hosp,2026-03-21,quantile,0.45,63
2026-03-14,54,1,wk inc flu hosp,2026-03-21,quantile,0.5,69
2026-03-14,54,1,wk inc flu hosp,2026-03-21,quantile,0.55,74
2026-03-14,54,1,wk inc flu hosp,2026-03-21,quantile,0.6,80
2026-03-14,54,1,wk inc flu hosp,2026-03-21,quantile,0.65,84
2026-03-14,54,1,wk inc flu hosp,2026-03-21,quantile,0.7,90
2026-03-14,54,1,wk inc flu hosp,2026-03-21,quantile,0.75,96
2026-03-14,54,1,wk inc flu hosp,2026-03-21,quantile,0.8,102
2026-03-14,54,1,wk inc flu hosp,2026-03-21,quantile,0.85,109
2026-03-14,54,1,wk inc flu hosp,2026-03-21,quantile,0.9,120
2026-03-14,54,1,wk inc flu hosp,2026-03-21,quantile,0.95,141
2026-03-14,54,1,wk inc flu hosp,2026-03-21,quantile,0.975,157
2026-03-14,54,1,wk inc flu hosp,2026-03-21,quantile,0.99,177
2026-03-14,54,2,wk inc flu hosp,2026-03-28,quantile,0.01,9
2026-03-14,54,2,wk inc flu hosp,2026-03-28,quantile,0.025,12
2026-03-14,54,2,wk inc flu hosp,2026-03-28,quantile,0.05,18
2026-03-14,54,2,wk inc flu hosp,2026-03-28,quantile,0.1,26
2026-03-14,54,2,wk inc flu hosp,2026-03-28,quantile,0.15,32
2026-03-14,54,2,wk inc flu hosp,2026-03-28,quantile,0.2,38
2026-03-14,54,2,wk inc flu hosp,2026-03-28,quantile,0.25,41
2026-03-14,54,2,wk inc flu hosp,2026-03-28,quantile,0.3,44
2026-03-14,54,2,wk inc flu hosp,2026-03-28,quantile,0.35,48
2026-03-14,54,2,wk inc flu hosp,2026-03-28,quantile,0.4,52
2026-03-14,54,2,wk inc flu hosp,2026-03-28,quantile,0.45,57
2026-03-14,54,2,wk inc flu hosp,2026-03-28,quantile,0.5,63
2026-03-14,54,2,wk inc flu hosp,2026-03-28,quantile,0.55,67
2026-03-14,54,2,wk inc flu hosp,2026-03-28,quantile,0.6,70
2026-03-14,54,2,wk inc flu hosp,2026-03-28,quantile,0.65,75
2026-03-14,54,2,wk inc flu hosp,2026-03-28,quantile,0.7,80
2026-03-14,54,2,wk inc flu hosp,2026-03-28,quantile,0.75,86
2026-03-14,54,2,wk inc flu hosp,2026-03-28,quantile,0.8,92
2026-03-14,54,2,wk inc flu hosp,2026-03-28,quantile,0.85,99
2026-03-14,54,2,wk inc flu hosp,2026-03-28,quantile,0.9,115
2026-03-14,54,2,wk inc flu hosp,2026-03-28,quantile,0.95,140
2026-03-14,54,2,wk inc flu hosp,2026-03-28,quantile,0.975,168
2026-03-14,54,2,wk inc flu hosp,2026-03-28,quantile,0.99,196
2026-03-14,54,3,wk inc flu hosp,2026-04-04,quantile,0.01,4
2026-03-14,54,3,wk inc flu hosp,2026-04-04,quantile,0.025,6
2026-03-14,54,3,wk inc flu hosp,2026-04-04,quantile,0.05,11
2026-03-14,54,3,wk inc flu hosp,2026-04-04,quantile,0.1,17
2026-03-14,54,3,wk inc flu hosp,2026-04-04,quantile,0.15,22
2026-03-14,54,3,wk inc flu hosp,2026-04-04,quantile,0.2,26
2026-03-14,54,3,wk inc flu hosp,2026-04-04,quantile,0.25,29
2026-03-14,54,3,wk inc flu hosp,2026-04-04,quantile,0.3,32
2026-03-14,54,3,wk inc flu hosp,2026-04-04,quantile,0.35,38
2026-03-14,54,3,wk inc flu hosp,2026-04-04,quantile,0.4,42
2026-03-14,54,3,wk inc flu hosp,2026-04-04,quantile,0.45,46
2026-03-14,54,3,wk inc flu hosp,2026-04-04,quantile,0.5,51
2026-03-14,54,3,wk inc flu hosp,2026-04-04,quantile,0.55,56
2026-03-14,54,3,wk inc flu hosp,2026-04-04,quantile,0.6,60
2026-03-14,54,3,wk inc flu hosp,2026-04-04,quantile,0.65,64
2026-03-14,54,3,wk inc flu hosp,2026-04-04,quantile,0.7,70
2026-03-14,54,3,wk inc flu hosp,2026-04-04,quantile,0.75,77
2026-03-14,54,3,wk inc flu hosp,2026-04-04,quantile,0.8,85
2026-03-14,54,3,wk inc flu hosp,2026-04-04,quantile,0.85,92
2026-03-14,54,3,wk inc flu hosp,2026-04-04,quantile,0.9,103
2026-03-14,54,3,wk inc flu hosp,2026-04-04,quantile,0.95,135
2026-03-14,54,3,wk inc flu hosp,2026-04-04,quantile,0.975,159
2026-03-14,54,3,wk inc flu hosp,2026-04-04,quantile,0.99,186
2026-03-14,55,0,wk inc flu hosp,2026-03-14,quantile,0.01,55
2026-03-14,55,0,wk inc flu hosp,2026-03-14,quantile,0.025,66
2026-03-14,55,0,wk inc flu hosp,2026-03-14,quantile,0.05,76
2026-03-14,55,0,wk inc flu hosp,2026-03-14,quantile,0.1,86
2026-03-14,55,0,wk inc flu hosp,2026-03-14,quantile,0.15,97
2026-03-14,55,0,wk inc flu hosp,2026-03-14,quantile,0.2,105
2026-03-14,55,0,wk inc flu hosp,2026-03-14,quantile,0.25,110
2026-03-14,55,0,wk inc flu hosp,2026-03-14,quantile,0.3,116
2026-03-14,55,0,wk inc flu hosp,2026-03-14,quantile,0.35,124
2026-03-14,55,0,wk inc flu hosp,2026-03-14,quantile,0.4,131
2026-03-14,55,0,wk inc flu hosp,2026-03-14,quantile,0.45,139
2026-03-14,55,0,wk inc flu hosp,2026-03-14,quantile,0.5,145
2026-03-14,55,0,wk inc flu hosp,2026-03-14,quantile,0.55,150
2026-03-14,55,0,wk inc flu hosp,2026-03-14,quantile,0.6,157
2026-03-14,55,0,wk inc flu hosp,2026-03-14,quantile,0.65,164
2026-03-14,55,0,wk inc flu hosp,2026-03-14,quantile,0.7,171
2026-03-14,55,0,wk inc flu hosp,2026-03-14,quantile,0.75,176
2026-03-14,55,0,wk inc flu hosp,2026-03-14,quantile,0.8,184
2026-03-14,55,0,wk inc flu hosp,2026-03-14,quantile,0.85,194
2026-03-14,55,0,wk inc flu hosp,2026-03-14,quantile,0.9,211
2026-03-14,55,0,wk inc flu hosp,2026-03-14,quantile,0.95,235
2026-03-14,55,0,wk inc flu hosp,2026-03-14,quantile,0.975,258
2026-03-14,55,0,wk inc flu hosp,2026-03-14,quantile,0.99,288
2026-03-14,55,1,wk inc flu hosp,2026-03-21,quantile,0.01,32
2026-03-14,55,1,wk inc flu hosp,2026-03-21,quantile,0.025,40
2026-03-14,55,1,wk inc flu hosp,2026-03-21,quantile,0.05,46
2026-03-14,55,1,wk inc flu hosp,2026-03-21,quantile,0.1,57
2026-03-14,55,1,wk inc flu hosp,2026-03-21,quantile,0.15,69
2026-03-14,55,1,wk inc flu hosp,2026-03-21,quantile,0.2,78
2026-03-14,55,1,wk inc flu hosp,2026-03-21,quantile,0.25,84
2026-03-14,55,1,wk inc flu hosp,2026-03-21,quantile,0.3,90
2026-03-14,55,1,wk inc flu hosp,2026-03-21,quantile,0.35,95
2026-03-14,55,1,wk inc flu hosp,2026-03-21,quantile,0.4,105
2026-03-14,55,1,wk inc flu hosp,2026-03-21,quantile,0.45,112
2026-03-14,55,1,wk inc flu hosp,2026-03-21,quantile,0.5,121
2026-03-14,55,1,wk inc flu hosp,2026-03-21,quantile,0.55,130
2026-03-14,55,1,wk inc flu hosp,2026-03-21,quantile,0.6,137
2026-03-14,55,1,wk inc flu hosp,2026-03-21,quantile,0.65,145
2026-03-14,55,1,wk inc flu hosp,2026-03-21,quantile,0.7,153
2026-03-14,55,1,wk inc flu hosp,2026-03-21,quantile,0.75,165
2026-03-14,55,1,wk inc flu hosp,2026-03-21,quantile,0.8,175
2026-03-14,55,1,wk inc flu hosp,2026-03-21,quantile,0.85,189
2026-03-14,55,1,wk inc flu hosp,2026-03-21,quantile,0.9,206
2026-03-14,55,1,wk inc flu hosp,2026-03-21,quantile,0.95,236
2026-03-14,55,1,wk inc flu hosp,2026-03-21,quantile,0.975,275
2026-03-14,55,1,wk inc flu hosp,2026-03-21,quantile,0.99,311
2026-03-14,55,2,wk inc flu hosp,2026-03-28,quantile,0.01,21
2026-03-14,55,2,wk inc flu hosp,2026-03-28,quantile,0.025,24
2026-03-14,55,2,wk inc flu hosp,2026-03-28,quantile,0.05,33
2026-03-14,55,2,wk inc flu hosp,2026-03-28,quantile,0.1,44
2026-03-14,55,2,wk inc flu hosp,2026-03-28,quantile,0.15,53
2026-03-14,55,2,wk inc flu hosp,2026-03-28,quantile,0.2,56
2026-03-14,55,2,wk inc flu hosp,2026-03-28,quantile,0.25,64
2026-03-14,55,2,wk inc flu hosp,2026-03-28,quantile,0.3,72
2026-03-14,55,2,wk inc flu hosp,2026-03-28,quantile,0.35,80
2026-03-14,55,2,wk inc flu hosp,2026-03-28,quantile,0.4,87
2026-03-14,55,2,wk inc flu hosp,2026-03-28,quantile,0.45,93
2026-03-14,55,2,wk inc flu hosp,2026-03-28,quantile,0.5,107
2026-03-14,55,2,wk inc flu hosp,2026-03-28,quantile,0.55,115
2026-03-14,55,2,wk inc flu hosp,2026-03-28,quantile,0.6,123
2026-03-14,55,2,wk inc flu hosp,2026-03-28,quantile,0.65,132
2026-03-14,55,2,wk inc flu hosp,2026-03-28,quantile,0.7,140
2026-03-14,55,2,wk inc flu hosp,2026-03-28,quantile,0.75,153
2026-03-14,55,2,wk inc flu hosp,2026-03-28,quantile,0.8,166
2026-03-14,55,2,wk inc flu hosp,2026-03-28,quantile,0.85,183
2026-03-14,55,2,wk inc flu hosp,2026-03-28,quantile,0.9,211
2026-03-14,55,2,wk inc flu hosp,2026-03-28,quantile,0.95,245
2026-03-14,55,2,wk inc flu hosp,2026-03-28,quantile,0.975,271
2026-03-14,55,2,wk inc flu hosp,2026-03-28,quantile,0.99,319
2026-03-14,55,3,wk inc flu hosp,2026-04-04,quantile,0.01,10
2026-03-14,55,3,wk inc flu hosp,2026-04-04,quantile,0.025,17
2026-03-14,55,3,wk inc flu hosp,2026-04-04,quantile,0.05,25
2026-03-14,55,3,wk inc flu hosp,2026-04-04,quantile,0.1,33
2026-03-14,55,3,wk inc flu hosp,2026-04-04,quantile,0.15,39
2026-03-14,55,3,wk inc flu hosp,2026-04-04,quantile,0.2,44
2026-03-14,55,3,wk inc flu hosp,2026-04-04,quantile,0.25,51
2026-03-14,55,3,wk inc flu hosp,2026-04-04,quantile,0.3,59
2026-03-14,55,3,wk inc flu hosp,2026-04-04,quantile,0.35,67
2026-03-14,55,3,wk inc flu hosp,2026-04-04,quantile,0.4,74
2026-03-14,55,3,wk inc flu hosp,2026-04-04,quantile,0.45,80
2026-03-14,55,3,wk inc flu hosp,2026-04-04,quantile,0.5,90
2026-03-14,55,3,wk inc flu hosp,2026-04-04,quantile,0.55,98
2026-03-14,55,3,wk inc flu hosp,2026-04-04,quantile,0.6,108
2026-03-14,55,3,wk inc flu hosp,2026-04-04,quantile,0.65,118
2026-03-14,55,3,wk inc flu hosp,2026-04-04,quantile,0.7,130
2026-03-14,55,3,wk inc flu hosp,2026-04-04,quantile,0.75,144
2026-03-14,55,3,wk inc flu hosp,2026-04-04,quantile,0.8,158
2026-03-14,55,3,wk inc flu hosp,2026-04-04,quantile,0.85,174
2026-03-14,55,3,wk inc flu hosp,2026-04-04,quantile,0.9,197
2026-03-14,55,3,wk inc flu hosp,2026-04-04,quantile,0.95,251
2026-03-14,55,3,wk inc flu hosp,2026-04-04,quantile,0.975,301
2026-03-14,55,3,wk inc flu hosp,2026-04-04,quantile,0.99,361
2026-03-14,56,0,wk inc flu hosp,2026-03-14,quantile,0.01,1
2026-03-14,56,0,wk inc flu hosp,2026-03-14,quantile,0.025,2
2026-03-14,56,0,wk inc flu hosp,2026-03-14,quantile,0.05,2
2026-03-14,56,0,wk inc flu hosp,2026-03-14,quantile,0.1,3
2026-03-14,56,0,wk inc flu hosp,2026-03-14,quantile,0.15,4
2026-03-14,56,0,wk inc flu hosp,2026-03-14,quantile,0.2,5
2026-03-14,56,0,wk inc flu hosp,2026-03-14,quantile,0.25,5
2026-03-14,56,0,wk inc flu hosp,2026-03-14,quantile,0.3,6
2026-03-14,56,0,wk inc flu hosp,2026-03-14,quantile,0.35,6
2026-03-14,56,0,wk inc flu hosp,2026-03-14,quantile,0.4,7
2026-03-14,56,0,wk inc flu hosp,2026-03-14,quantile,0.45,8
2026-03-14,56,0,wk inc flu hosp,2026-03-14,quantile,0.5,9
2026-03-14,56,0,wk inc flu hosp,2026-03-14,quantile,0.55,9
2026-03-14,56,0,wk inc flu hosp,2026-03-14,quantile,0.6,10
2026-03-14,56,0,wk inc flu hosp,2026-03-14,quantile,0.65,11
2026-03-14,56,0,wk inc flu hosp,2026-03-14,quantile,0.7,12
2026-03-14,56,0,wk inc flu hosp,2026-03-14,quantile,0.75,13
2026-03-14,56,0,wk inc flu hosp,2026-03-14,quantile,0.8,14
2026-03-14,56,0,wk inc flu hosp,2026-03-14,quantile,0.85,15
2026-03-14,56,0,wk inc flu hosp,2026-03-14,quantile,0.9,17
2026-03-14,56,0,wk inc flu hosp,2026-03-14,quantile,0.95,21
2026-03-14,56,0,wk inc flu hosp,2026-03-14,quantile,0.975,24
2026-03-14,56,0,wk inc flu hosp,2026-03-14,quantile,0.99,28
2026-03-14,56,1,wk inc flu hosp,2026-03-21,quantile,0.01,0
2026-03-14,56,1,wk inc flu hosp,2026-03-21,quantile,0.025,1
2026-03-14,56,1,wk inc flu hosp,2026-03-21,quantile,0.05,1
2026-03-14,56,1,wk inc flu hosp,2026-03-21,quantile,0.1,2
2026-03-14,56,1,wk inc flu hosp,2026-03-21,quantile,0.15,2
2026-03-14,56,1,wk inc flu hosp,2026-03-21,quantile,0.2,3
2026-03-14,56,1,wk inc flu hosp,2026-03-21,quantile,0.25,4
2026-03-14,56,1,wk inc flu hosp,2026-03-21,quantile,0.3,4
2026-03-14,56,1,wk inc flu hosp,2026-03-21,quantile,0.35,5
2026-03-14,56,1,wk inc flu hosp,2026-03-21,quantile,0.4,6
2026-03-14,56,1,wk inc flu hosp,2026-03-21,quantile,0.45,6
2026-03-14,56,1,wk inc flu hosp,2026-03-21,quantile,0.5,7
2026-03-14,56,1,wk inc flu hosp,2026-03-21,quantile,0.55,8
2026-03-14,56,1,wk inc flu hosp,2026-03-21,quantile,0.6,9
2026-03-14,56,1,wk inc flu hosp,2026-03-21,quantile,0.65,10
2026-03-14,56,1,wk inc flu hosp,2026-03-21,quantile,0.7,10
2026-03-14,56,1,wk inc flu hosp,2026-03-21,quantile,0.75,12
2026-03-14,56,1,wk inc flu hosp,2026-03-21,quantile,0.8,13
2026-03-14,56,1,wk inc flu hosp,2026-03-21,quantile,0.85,15
2026-03-14,56,1,wk inc flu hosp,2026-03-21,quantile,0.9,17
2026-03-14,56,1,wk inc flu hosp,2026-03-21,quantile,0.95,20
2026-03-14,56,1,wk inc flu hosp,2026-03-21,quantile,0.975,25
2026-03-14,56,1,wk inc flu hosp,2026-03-21,quantile,0.99,29
2026-03-14,56,2,wk inc flu hosp,2026-03-28,quantile,0.01,0
2026-03-14,56,2,wk inc flu hosp,2026-03-28,quantile,0.025,0
2026-03-14,56,2,wk inc flu hosp,2026-03-28,quantile,0.05,1
2026-03-14,56,2,wk inc flu hosp,2026-03-28,quantile,0.1,1
2026-03-14,56,2,wk inc flu hosp,2026-03-28,quantile,0.15,2
2026-03-14,56,2,wk inc flu hosp,2026-03-28,quantile,0.2,3
2026-03-14,56,2,wk inc flu hosp,2026-03-28,quantile,0.25,3
2026-03-14,56,2,wk inc flu hosp,2026-03-28,quantile,0.3,4
2026-03-14,56,2,wk inc flu hosp,2026-03-28,quantile,0.35,5
2026-03-14,56,2,wk inc flu hosp,2026-03-28,quantile,0.4,5
2026-03-14,56,2,wk inc flu hosp,2026-03-28,quantile,0.45,6
2026-03-14,56,2,wk inc flu hosp,2026-03-28,quantile,0.5,7
2026-03-14,56,2,wk inc flu hosp,2026-03-28,quantile,0.55,7
2026-03-14,56,2,wk inc flu hosp,2026-03-28,quantile,0.6,9
2026-03-14,56,2,wk inc flu hosp,2026-03-28,quantile,0.65,10
2026-03-14,56,2,wk inc flu hosp,2026-03-28,quantile,0.7,11
2026-03-14,56,2,wk inc flu hosp,2026-03-28,quantile,0.75,12
2026-03-14,56,2,wk inc flu hosp,2026-03-28,quantile,0.8,13
2026-03-14,56,2,wk inc flu hosp,2026-03-28,quantile,0.85,15
2026-03-14,56,2,wk inc flu hosp,2026-03-28,quantile,0.9,18
2026-03-14,56,2,wk inc flu hosp,2026-03-28,quantile,0.95,23
2026-03-14,56,2,wk inc flu hosp,2026-03-28,quantile,0.975,28
2026-03-14,56,2,wk inc flu hosp,2026-03-28,quantile,0.99,37
2026-03-14,56,3,wk inc flu hosp,2026-04-04,quantile,0.01,0
2026-03-14,56,3,wk inc flu hosp,2026-04-04,quantile,0.025,0
2026-03-14,56,3,wk inc flu hosp,2026-04-04,quantile,0.05,0
2026-03-14,56,3,wk inc flu hosp,2026-04-04,quantile,0.1,1
2026-03-14,56,3,wk inc flu hosp,2026-04-04,quantile,0.15,1
2026-03-14,56,3,wk inc flu hosp,2026-04-04,quantile,0.2,2
2026-03-14,56,3,wk inc flu hosp,2026-04-04,quantile,0.25,2
2026-03-14,56,3,wk inc flu hosp,2026-04-04,quantile,0.3,3
2026-03-14,56,3,wk inc flu hosp,2026-04-04,quantile,0.35,3
2026-03-14,56,3,wk inc flu hosp,2026-04-04,quantile,0.4,4
2026-03-14,56,3,wk inc flu hosp,2026-04-04,quantile,0.45,4
2026-03-14,56,3,wk inc flu hosp,2026-04-04,quantile,0.5,6
2026-03-14,56,3,wk inc flu hosp,2026-04-04,quantile,0.55,6
2026-03-14,56,3,wk inc flu hosp,2026-04-04,quantile,0.6,7
2026-03-14,56,3,wk inc flu hosp,2026-04-04,quantile,0.65,8
2026-03-14,56,3,wk inc flu hosp,2026-04-04,quantile,0.7,9
2026-03-14,56,3,wk inc flu hosp,2026-04-04,quantile,0.75,10
2026-03-14,56,3,wk inc flu hosp,2026-04-04,quantile,0.8,12
2026-03-14,56,3,wk inc flu hosp,2026-04-04,quantile,0.85,14
2026-03-14,56,3,wk inc flu hosp,2026-04-04,quantile,0.9,17
2026-03-14,56,3,wk inc flu hosp,2026-04-04,quantile,0.95,22
2026-03-14,56,3,wk inc flu hosp,2026-04-04,quantile,0.975,27
2026-03-14,56,3,wk inc flu hosp,2026-04-04,quantile,0.99,35
2026-03-14,72,0,wk inc flu hosp,2026-03-14,quantile,0.01,28
2026-03-14,72,0,wk inc flu hosp,2026-03-14,quantile,0.025,34
2026-03-14,72,0,wk inc flu hosp,2026-03-14,quantile,0.05,41
2026-03-14,72,0,wk inc flu hosp,2026-03-14,quantile,0.1,49
2026-03-14,72,0,wk inc flu hosp,2026-03-14,quantile,0.15,55
2026-03-14,72,0,wk inc flu hosp,2026-03-14,quantile,0.2,60
2026-03-14,72,0,wk inc flu hosp,2026-03-14,quantile,0.25,65
2026-03-14,72,0,wk inc flu hosp,2026-03-14,quantile,0.3,68
2026-03-14,72,0,wk inc flu hosp,2026-03-14,quantile,0.35,73
2026-03-14,72,0,wk inc flu hosp,2026-03-14,quantile,0.4,77
2026-03-14,72,0,wk inc flu hosp,2026-03-14,quantile,0.45,82
2026-03-14,72,0,wk inc flu hosp,2026-03-14,quantile,0.5,87
2026-03-14,72,0,wk inc flu hosp,2026-03-14,quantile,0.55,91
2026-03-14,72,0,wk inc flu hosp,2026-03-14,quantile,0.6,96
2026-03-14,72,0,wk inc flu hosp,2026-03-14,quantile,0.65,101
2026-03-14,72,0,wk inc flu hosp,2026-03-14,quantile,0.7,107
2026-03-14,72,0,wk inc flu hosp,2026-03-14,quantile,0.75,114
2026-03-14,72,0,wk inc flu hosp,2026-03-14,quantile,0.8,122
2026-03-14,72,0,wk inc flu hosp,2026-03-14,quantile,0.85,130
2026-03-14,72,0,wk inc flu hosp,2026-03-14,quantile,0.9,141
2026-03-14,72,0,wk inc flu hosp,2026-03-14,quantile,0.95,157
2026-03-14,72,0,wk inc flu hosp,2026-03-14,quantile,0.975,173
2026-03-14,72,0,wk inc flu hosp,2026-03-14,quantile,0.99,202
2026-03-14,72,1,wk inc flu hosp,2026-03-21,quantile,0.01,20
2026-03-14,72,1,wk inc flu hosp,2026-03-21,quantile,0.025,26
2026-03-14,72,1,wk inc flu hosp,2026-03-21,quantile,0.05,32
2026-03-14,72,1,wk inc flu hosp,2026-03-21,quantile,0.1,40
2026-03-14,72,1,wk inc flu hosp,2026-03-21,quantile,0.15,45
2026-03-14,72,1,wk inc flu hosp,2026-03-21,quantile,0.2,50
2026-03-14,72,1,wk inc flu hosp,2026-03-21,quantile,0.25,55
2026-03-14,72,1,wk inc flu hosp,2026-03-21,quantile,0.3,59
2026-03-14,72,1,wk inc flu hosp,2026-03-21,quantile,0.35,64
2026-03-14,72,1,wk inc flu hosp,2026-03-21,quantile,0.4,69
2026-03-14,72,1,wk inc flu hosp,2026-03-21,quantile,0.45,75
2026-03-14,72,1,wk inc flu hosp,2026-03-21,quantile,0.5,79
2026-03-14,72,1,wk inc flu hosp,2026-03-21,quantile,0.55,83
2026-03-14,72,1,wk inc flu hosp,2026-03-21,quantile,0.6,90
2026-03-14,72,1,wk inc flu hosp,2026-03-21,quantile,0.65,95
2026-03-14,72,1,wk inc flu hosp,2026-03-21,quantile,0.7,102
2026-03-14,72,1,wk inc flu hosp,2026-03-21,quantile,0.75,111
2026-03-14,72,1,wk inc flu hosp,2026-03-21,quantile,0.8,121
2026-03-14,72,1,wk inc flu hosp,2026-03-21,quantile,0.85,132
2026-03-14,72,1,wk inc flu hosp,2026-03-21,quantile,0.9,148
2026-03-14,72,1,wk inc flu hosp,2026-03-21,quantile,0.95,175
2026-03-14,72,1,wk inc flu hosp,2026-03-21,quantile,0.975,198
2026-03-14,72,1,wk inc flu hosp,2026-03-21,quantile,0.99,223
2026-03-14,72,2,wk inc flu hosp,2026-03-28,quantile,0.01,14
2026-03-14,72,2,wk inc flu hosp,2026-03-28,quantile,0.025,19
2026-03-14,72,2,wk inc flu hosp,2026-03-28,quantile,0.05,25
2026-03-14,72,2,wk inc flu hosp,2026-03-28,quantile,0.1,33
2026-03-14,72,2,wk inc flu hosp,2026-03-28,quantile,0.15,39
2026-03-14,72,2,wk inc flu hosp,2026-03-28,quantile,0.2,42
2026-03-14,72,2,wk inc flu hosp,2026-03-28,quantile,0.25,48
2026-03-14,72,2,wk inc flu hosp,2026-03-28,quantile,0.3,53
2026-03-14,72,2,wk inc flu hosp,2026-03-28,quantile,0.35,57
2026-03-14,72,2,wk inc flu hosp,2026-03-28,quantile,0.4,63
2026-03-14,72,2,wk inc flu hosp,2026-03-28,quantile,0.45,66
2026-03-14,72,2,wk inc flu hosp,2026-03-28,quantile,0.5,75
2026-03-14,72,2,wk inc flu hosp,2026-03-28,quantile,0.55,81
2026-03-14,72,2,wk inc flu hosp,2026-03-28,quantile,0.6,88
2026-03-14,72,2,wk inc flu hosp,2026-03-28,quantile,0.65,93
2026-03-14,72,2,wk inc flu hosp,2026-03-28,quantile,0.7,104
2026-03-14,72,2,wk inc flu hosp,2026-03-28,quantile,0.75,115
2026-03-14,72,2,wk inc flu hosp,2026-03-28,quantile,0.8,127
2026-03-14,72,2,wk inc flu hosp,2026-03-28,quantile,0.85,140
2026-03-14,72,2,wk inc flu hosp,2026-03-28,quantile,0.9,163
2026-03-14,72,2,wk inc flu hosp,2026-03-28,quantile,0.95,189
2026-03-14,72,2,wk inc flu hosp,2026-03-28,quantile,0.975,215
2026-03-14,72,2,wk inc flu hosp,2026-03-28,quantile,0.99,243
2026-03-14,72,3,wk inc flu hosp,2026-04-04,quantile,0.01,11
2026-03-14,72,3,wk inc flu hosp,2026-04-04,quantile,0.025,16
2026-03-14,72,3,wk inc flu hosp,2026-04-04,quantile,0.05,20
2026-03-14,72,3,wk inc flu hosp,2026-04-04,quantile,0.1,26
2026-03-14,72,3,wk inc flu hosp,2026-04-04,quantile,0.15,31
2026-03-14,72,3,wk inc flu hosp,2026-04-04,quantile,0.2,37
2026-03-14,72,3,wk inc flu hosp,2026-04-04,quantile,0.25,42
2026-03-14,72,3,wk inc flu hosp,2026-04-04,quantile,0.3,49
2026-03-14,72,3,wk inc flu hosp,2026-04-04,quantile,0.35,51
2026-03-14,72,3,wk inc flu hosp,2026-04-04,quantile,0.4,56
2026-03-14,72,3,wk inc flu hosp,2026-04-04,quantile,0.45,58
2026-03-14,72,3,wk inc flu hosp,2026-04-04,quantile,0.5,66
2026-03-14,72,3,wk inc flu hosp,2026-04-04,quantile,0.55,71
2026-03-14,72,3,wk inc flu hosp,2026-04-04,quantile,0.6,80
2026-03-14,72,3,wk inc flu hosp,2026-04-04,quantile,0.65,91
2026-03-14,72,3,wk inc flu hosp,2026-04-04,quantile,0.7,101
2026-03-14,72,3,wk inc flu hosp,2026-04-04,quantile,0.75,111
2026-03-14,72,3,wk inc flu hosp,2026-04-04,quantile,0.8,124
2026-03-14,72,3,wk inc flu hosp,2026-04-04,quantile,0.85,139
2026-03-14,72,3,wk inc flu hosp,2026-04-04,quantile,0.9,163
2026-03-14,72,3,wk inc flu hosp,2026-04-04,quantile,0.95,205
2026-03-14,72,3,wk inc flu hosp,2026-04-04,quantile,0.975,232
2026-03-14,72,3,wk inc flu hosp,2026-04-04,quantile,0.99,266
2026-03-14,US,0,wk inc flu hosp,2026-03-14,quantile,0.01,3711
2026-03-14,US,0,wk inc flu hosp,2026-03-14,quantile,0.025,4404
2026-03-14,US,0,wk inc flu hosp,2026-03-14,quantile,0.05,5198
2026-03-14,US,0,wk inc flu hosp,2026-03-14,quantile,0.1,5868
2026-03-14,US,0,wk inc flu hosp,2026-03-14,quantile,0.15,6196
2026-03-14,US,0,wk inc flu hosp,2026-03-14,quantile,0.2,6524
2026-03-14,US,0,wk inc flu hosp,2026-03-14,quantile,0.25,6866
2026-03-14,US,0,wk inc flu hosp,2026-03-14,quantile,0.3,7049
2026-03-14,US,0,wk inc flu hosp,2026-03-14,quantile,0.35,7338
2026-03-14,US,0,wk inc flu hosp,2026-03-14,quantile,0.4,7589
2026-03-14,US,0,wk inc flu hosp,2026-03-14,quantile,0.45,7792
2026-03-14,US,0,wk inc flu hosp,2026-03-14,quantile,0.5,7978
2026-03-14,US,0,wk inc flu hosp,2026-03-14,quantile,0.55,8268
2026-03-14,US,0,wk inc flu hosp,2026-03-14,quantile,0.6,8548
2026-03-14,US,0,wk inc flu hosp,2026-03-14,quantile,0.65,8787
2026-03-14,US,0,wk inc flu hosp,2026-03-14,quantile,0.7,8953
2026-03-14,US,0,wk inc flu hosp,2026-03-14,quantile,0.75,9242
2026-03-14,US,0,wk inc flu hosp,2026-03-14,quantile,0.8,9633
2026-03-14,US,0,wk inc flu hosp,2026-03-14,quantile,0.85,10027
2026-03-14,US,0,wk inc flu hosp,2026-03-14,quantile,0.9,10807
2026-03-14,US,0,wk inc flu hosp,2026-03-14,quantile,0.95,11932
2026-03-14,US,0,wk inc flu hosp,2026-03-14,quantile,0.975,12696
2026-03-14,US,0,wk inc flu hosp,2026-03-14,quantile,0.99,13582
2026-03-14,US,1,wk inc flu hosp,2026-03-21,quantile,0.01,2424
2026-03-14,US,1,wk inc flu hosp,2026-03-21,quantile,0.025,2792
2026-03-14,US,1,wk inc flu hosp,2026-03-21,quantile,0.05,3434
2026-03-14,US,1,wk inc flu hosp,2026-03-21,quantile,0.1,4318
2026-03-14,US,1,wk inc flu hosp,2026-03-21,quantile,0.15,4829
2026-03-14,US,1,wk inc flu hosp,2026-03-21,quantile,0.2,5241
2026-03-14,US,1,wk inc flu hosp,2026-03-21,quantile,0.25,5588
2026-03-14,US,1,wk inc flu hosp,2026-03-21,quantile,0.3,5831
2026-03-14,US,1,wk inc flu hosp,2026-03-21,quantile,0.35,6042
2026-03-14,US,1,wk inc flu hosp,2026-03-21,quantile,0.4,6284
2026-03-14,US,1,wk inc flu hosp,2026-03-21,quantile,0.45,6515
2026-03-14,US,1,wk inc flu hosp,2026-03-21,quantile,0.5,6790
2026-03-14,US,1,wk inc flu hosp,2026-03-21,quantile,0.55,7356
2026-03-14,US,1,wk inc flu hosp,2026-03-21,quantile,0.6,7609
2026-03-14,US,1,wk inc flu hosp,2026-03-21,quantile,0.65,7913
2026-03-14,US,1,wk inc flu hosp,2026-03-21,quantile,0.7,8172
2026-03-14,US,1,wk inc flu hosp,2026-03-21,quantile,0.75,8456
2026-03-14,US,1,wk inc flu hosp,2026-03-21,quantile,0.8,8936
2026-03-14,US,1,wk inc flu hosp,2026-03-21,quantile,0.85,9389
2026-03-14,US,1,wk inc flu hosp,2026-03-21,quantile,0.9,10302
2026-03-14,US,1,wk inc flu hosp,2026-03-21,quantile,0.95,11308
2026-03-14,US,1,wk inc flu hosp,2026-03-21,quantile,0.975,12625
2026-03-14,US,1,wk inc flu hosp,2026-03-21,quantile,0.99,14344
2026-03-14,US,2,wk inc flu hosp,2026-03-28,quantile,0.01,1562
2026-03-14,US,2,wk inc flu hosp,2026-03-28,quantile,0.025,1896
2026-03-14,US,2,wk inc flu hosp,2026-03-28,quantile,0.05,2364
2026-03-14,US,2,wk inc flu hosp,2026-03-28,quantile,0.1,3155
2026-03-14,US,2,wk inc flu hosp,2026-03-28,quantile,0.15,3732
2026-03-14,US,2,wk inc flu hosp,2026-03-28,quantile,0.2,4191
2026-03-14,US,2,wk inc flu hosp,2026-03-28,quantile,0.25,4527
2026-03-14,US,2,wk inc flu hosp,2026-03-28,quantile,0.3,4759
2026-03-14,US,2,wk inc flu hosp,2026-03-28,quantile,0.35,4968
2026-03-14,US,2,wk inc flu hosp,2026-03-28,quantile,0.4,5211
2026-03-14,US,2,wk inc flu hosp,2026-03-28,quantile,0.45,5467
2026-03-14,US,2,wk inc flu hosp,2026-03-28,quantile,0.5,5693
2026-03-14,US,2,wk inc flu hosp,2026-03-28,quantile,0.55,6055
2026-03-14,US,2,wk inc flu hosp,2026-03-28,quantile,0.6,6349
2026-03-14,US,2,wk inc flu hosp,2026-03-28,quantile,0.65,6662
2026-03-14,US,2,wk inc flu hosp,2026-03-28,quantile,0.7,7023
2026-03-14,US,2,wk inc flu hosp,2026-03-28,quantile,0.75,7441
2026-03-14,US,2,wk inc flu hosp,2026-03-28,quantile,0.8,8192
2026-03-14,US,2,wk inc flu hosp,2026-03-28,quantile,0.85,8846
2026-03-14,US,2,wk inc flu hosp,2026-03-28,quantile,0.9,9702
2026-03-14,US,2,wk inc flu hosp,2026-03-28,quantile,0.95,11076
2026-03-14,US,2,wk inc flu hosp,2026-03-28,quantile,0.975,12430
2026-03-14,US,2,wk inc flu hosp,2026-03-28,quantile,0.99,14437
2026-03-14,US,3,wk inc flu hosp,2026-04-04,quantile,0.01,916
2026-03-14,US,3,wk inc flu hosp,2026-04-04,quantile,0.025,1287
2026-03-14,US,3,wk inc flu hosp,2026-04-04,quantile,0.05,1856
2026-03-14,US,3,wk inc flu hosp,2026-04-04,quantile,0.1,2391
2026-03-14,US,3,wk inc flu hosp,2026-04-04,quantile,0.15,2882
2026-03-14,US,3,wk inc flu hosp,2026-04-04,quantile,0.2,3196
2026-03-14,US,3,wk inc flu hosp,2026-04-04,quantile,0.25,3545
2026-03-14,US,3,wk inc flu hosp,2026-04-04,quantile,0.3,3846
2026-03-14,US,3,wk inc flu hosp,2026-04-04,quantile,0.35,4061
2026-03-14,US,3,wk inc flu hosp,2026-04-04,quantile,0.4,4413
2026-03-14,US,3,wk inc flu hosp,2026-04-04,quantile,0.45,4637
2026-03-14,US,3,wk inc flu hosp,2026-04-04,quantile,0.5,5038
2026-03-14,US,3,wk inc flu hosp,2026-04-04,quantile,0.55,5283
2026-03-14,US,3,wk inc flu hosp,2026-04-04,quantile,0.6,5418
2026-03-14,US,3,wk inc flu hosp,2026-04-04,quantile,0.65,5882
2026-03-14,US,3,wk inc flu hosp,2026-04-04,quantile,0.7,6277
2026-03-14,US,3,wk inc flu hosp,2026-04-04,quantile,0.75,6903
2026-03-14,US,3,wk inc flu hosp,2026-04-04,quantile,0.8,7544
2026-03-14,US,3,wk inc flu hosp,2026-04-04,quantile,0.85,8209
2026-03-14,US,3,wk inc flu hosp,2026-04-04,quantile,0.9,8943
2026-03-14,US,3,wk inc flu hosp,2026-04-04,quantile,0.95,10308
2026-03-14,US,3,wk inc flu hosp,2026-04-04,quantile,0.975,11774
2026-03-14,US,3,wk inc flu hosp,2026-04-04,quantile,0.99,14601
