reference_date,location,horizon,target,target_end_date,output_type,output_type_id,value
2026-01-24,01,0,wk inc flu hosp,2026-01-24,quantile,0.01,68
2026-01-24,01,0,wk inc flu hosp,2026-01-24,quantile,0.025,81
2026-01-24,01,0,wk inc flu hosp,2026-01-24,quantile,0.05,99
2026-01-24,01,0,wk inc flu hosp,2026-01-24,quantile,0.1,110
2026-01-24,01,0,wk inc flu hosp,2026-01-24,quantile,0.15,121
2026-01-24,01,0,wk inc flu hosp,2026-01-24,quantile,0.2,132
2026-01-24,01,0,wk inc flu hosp,2026-01-24,quantile,0.25,137
2026-01-24,01,0,wk inc flu hosp,2026-01-24,quantile,0.3,149
2026-01-24,01,0,wk inc flu hosp,2026-01-24,quantile,0.35,155
2026-01-24,01,0,wk inc flu hosp,2026-01-24,quantile,0.4,160
2026-01-24,01,0,wk inc flu hosp,2026-01-24,quantile,0.45,166
2026-01-24,01,0,wk inc flu hosp,2026-01-24,quantile,0.5,174
2026-01-24,01,0,wk inc flu hosp,2026-01-24,quantile,0.55,184
2026-01-24,01,0,wk inc flu hosp,2026-01-24,quantile,0.6,192
2026-01-24,01,0,wk inc flu hosp,2026-01-24,quantile,0.65,205
2026-01-24,01,0,wk inc flu hosp,2026-01-24,quantile,0.7,216
2026-01-24,01,0,wk inc flu hosp,2026-01-24,quantile,0.75,227
2026-01-24,01,0,wk inc flu hosp,2026-01-24,quantile,0.8,237
2026-01-24,01,0,wk inc flu hosp,2026-01-24,quantile,0.85,246
2026-01-24,01,0,wk inc flu hosp,2026-01-24,quantile,0.9,266
2026-01-24,01,0,wk inc flu hosp,2026-01-24,quantile,0.95,304
2026-01-24,01,0,wk inc flu hosp,2026-01-24,quantile,0.975,332
2026-01-24,01,0,wk inc flu hosp,2026-01-24,quantile,0.99,374
2026-01-24,01,1,wk inc flu hosp,2026-01-31,quantile,0.01,41
2026-01-24,01,1,wk inc flu hosp,2026-01-31,quantile,0.025,55
2026-01-24,01,1,wk inc flu hosp,2026-01-31,quantile,0.05,68
2026-01-24,01,1,wk inc flu hosp,2026-01-31,quantile,0.1,81
2026-01-24,01,1,wk inc flu hosp,2026-01-31,quantile,0.15,89
2026-01-24,01,1,wk inc flu hosp,2026-01-31,quantile,0.2,102
2026-01-24,01,1,wk inc flu hosp,2026-01-31,quantile,0.25,109
2026-01-24,01,1,wk inc flu hosp,2026-01-31,quantile,0.3,123
2026-01-24,01,1,wk inc flu hosp,2026-01-31,quantile,0.35,133
2026-01-24,01,1,wk inc flu hosp,2026-01-31,quantile,0.4,140
2026-01-24,01,1,wk inc flu hosp,2026-01-31,quantile,0.45,151
2026-01-24,01,1,wk inc flu hosp,2026-01-31,quantile,0.5,160
2026-01-24,01,1,wk inc flu hosp,2026-01-31,quantile,0.55,173
2026-01-24,01,1,wk inc flu hosp,2026-01-31,quantile,0.6,184
2026-01-24,01,1,wk inc flu hosp,2026-01-31,quantile,0.65,197
2026-01-24,01,1,wk inc flu hosp,2026-01-31,quantile,0.7,204
2026-01-24,01,1,wk inc flu hosp,2026-01-31,quantile,0.75,217
2026-01-24,01,1,wk inc flu hosp,2026-01-31,quantile,0.8,235
2026-01-24,01,1,wk inc flu hosp,2026-01-31,quantile,0.85,251
2026-01-24,01,1,wk inc flu hosp,2026-01-31,quantile,0.9,286
2026-01-24,01,1,wk inc flu hosp,2026-01-31,quantile,0.95,339
2026-01-24,01,1,wk inc flu hosp,2026-01-31,quantile,0.975,369
2026-01-24,01,1,wk inc flu hosp,2026-01-31,quantile,0.99,431
2026-01-24,01,2,wk inc flu hosp,2026-02-07,quantile,0.01,31
2026-01-24,01,2,wk inc flu hosp,2026-02-07,quantile,0.025,39
2026-01-24,01,2,wk inc flu hosp,2026-02-07,quantile,0.05,46
2026-01-24,01,2,wk inc flu hosp,2026-02-07,quantile,0.1,59
2026-01-24,01,2,wk inc flu hosp,2026-02-07,quantile,0.15,69
2026-01-24,01,2,wk inc flu hosp,2026-02-07,quantile,0.2,80
2026-01-24,01,2,wk inc flu hosp,2026-02-07,quantile,0.25,89
2026-01-24,01,2,wk inc flu hosp,2026-02-07,quantile,0.3,99
2026-01-24,01,2,wk inc flu hosp,2026-02-07,quantile,0.35,107
2026-01-24,01,2,wk inc flu hosp,2026-02-07,quantile,0.4,118
2026-01-24,01,2,wk inc flu hosp,2026-02-07,quantile,0.45,130
2026-01-24,01,2,wk inc flu hosp,2026-02-07,quantile,0.5,143
2026-01-24,01,2,wk inc flu hosp,2026-02-07,quantile,0.55,156
2026-01-24,01,2,wk inc flu hosp,2026-02-07,quantile,0.6,170
2026-01-24,01,2,wk inc flu hosp,2026-02-07,quantile,0.65,181
2026-01-24,01,2,wk inc flu hosp,2026-02-07,quantile,0.7,190
2026-01-24,01,2,wk inc flu hosp,2026-02-07,quantile,0.75,208
2026-01-24,01,2,wk inc flu hosp,2026-02-07,quantile,0.8,225
2026-01-24,01,2,wk inc flu hosp,2026-02-07,quantile,0.85,254
2026-01-24,01,2,wk inc flu hosp,2026-02-07,quantile,0.9,285
2026-01-24,01,2,wk inc flu hosp,2026-02-07,quantile,0.95,357
2026-01-24,01,2,wk inc flu hosp,2026-02-07,quantile,0.975,430
2026-01-24,01,2,wk inc flu hosp,2026-02-07,quantile,0.99,469
2026-01-24,01,3,wk inc flu hosp,2026-02-14,quantile,0.01,21
2026-01-24,01,3,wk inc flu hosp,2026-02-14,quantile,0.025,28
2026-01-24,01,3,wk inc flu hosp,2026-02-14,quantile,0.05,35
2026-01-24,01,3,wk inc flu hosp,2026-02-14,quantile,0.1,47
2026-01-24,01,3,wk inc flu hosp,2026-02-14,quantile,0.15,56
2026-01-24,01,3,wk inc flu hosp,2026-02-14,quantile,0.2,64
2026-01-24,01,3,wk inc flu hosp,2026-02-14,quantile,0.25,72
2026-01-24,01,3,wk inc flu hosp,2026-02-14,quantile,0.3,81
2026-01-24,01,3,wk inc flu hosp,2026-02-14,quantile,0.35,96
2026-01-24,01,3,wk inc flu hosp,2026-02-14,quantile,0.4,109
2026-01-24,01,3,wk inc flu hosp,2026-02-14,quantile,0.45,117
2026-01-24,01,3,wk inc flu hosp,2026-02-14,quantile,0.5,122
2026-01-24,01,3,wk inc flu hosp,2026-02-14,quantile,0.55,143
2026-01-24,01,3,wk inc flu hosp,2026-02-14,quantile,0.6,154
2026-01-24,01,3,wk inc flu hosp,2026-02-14,quantile,0.65,170
2026-01-24,01,3,wk inc flu hosp,2026-02-14,quantile,0.7,185
2026-01-24,01,3,wk inc flu hosp,2026-02-14,quantile,0.75,200
2026-01-24,01,3,wk inc flu hosp,2026-02-14,quantile,0.8,224
2026-01-24,01,3,wk inc flu hosp,2026-02-14,quantile,0.85,252
2026-01-24,01,3,wk inc flu hosp,2026-02-14,quantile,0.9,297
2026-01-24,01,3,wk inc flu hosp,2026-02-14,quantile,0.95,379
2026-01-24,01,3,wk inc flu hosp,2026-02-14,quantile,0.975,449
2026-01-24,01,3,wk inc flu hosp,2026-02-14,quantile,0.99,515
2026-01-24,02,0,wk inc flu hosp,2026-01-24,quantile,0.01,7
2026-01-24,02,0,wk inc flu hosp,2026-01-24,quantile,0.025,9
2026-01-24,02,0,wk inc flu hosp,2026-01-24,quantile,0.05,11
2026-01-24,02,0,wk inc flu hosp,2026-01-24,quantile,0.1,14
2026-01-24,02,0,wk inc flu hosp,2026-01-24,quantile,0.15,15
2026-01-24,02,0,wk inc flu hosp,2026-01-24,quantile,0.2,18
2026-01-24,02,0,wk inc flu hosp,2026-01-24,quantile,0.25,19
2026-01-24,02,0,wk inc flu hosp,2026-01-24,quantile,0.3,21
2026-01-24,02,0,wk inc flu hosp,2026-01-24,quantile,0.35,22
2026-01-24,02,0,wk inc flu hosp,2026-01-24,quantile,0.4,23
2026-01-24,02,0,wk inc flu hosp,2026-01-24,quantile,0.45,26
2026-01-24,02,0,wk inc flu hosp,2026-01-24,quantile,0.5,28
2026-01-24,02,0,wk inc flu hosp,2026-01-24,quantile,0.55,30
2026-01-24,02,0,wk inc flu hosp,2026-01-24,quantile,0.6,32
2026-01-24,02,0,wk inc flu hosp,2026-01-24,quantile,0.65,34
2026-01-24,02,0,wk inc flu hosp,2026-01-24,quantile,0.7,36
2026-01-24,02,0,wk inc flu hosp,2026-01-24,quantile,0.75,38
2026-01-24,02,0,wk inc flu hosp,2026-01-24,quantile,0.8,40
2026-01-24,02,0,wk inc flu hosp,2026-01-24,quantile,0.85,44
2026-01-24,02,0,wk inc flu hosp,2026-01-24,quantile,0.9,48
2026-01-24,02,0,wk inc flu hosp,2026-01-24,quantile,0.95,55
2026-01-24,02,0,wk inc flu hosp,2026-01-24,quantile,0.975,60
2026-01-24,02,0,wk inc flu hosp,2026-01-24,quantile,0.99,68
2026-01-24,02,1,wk inc flu hosp,2026-01-31,quantile,0.01,3
2026-01-24,02,1,wk inc flu hosp,2026-01-31,quantile,0.025,5
2026-01-24,02,1,wk inc flu hosp,2026-01-31,quantile,0.05,7
2026-01-24,02,1,wk inc flu hosp,2026-01-31,quantile,0.1,9
2026-01-24,02,1,wk inc flu hosp,2026-01-31,quantile,0.15,12
2026-01-24,02,1,wk inc flu hosp,2026-01-31,quantile,0.2,14
2026-01-24,02,1,wk inc flu hosp,2026-01-31,quantile,0.25,16
2026-01-24,02,1,wk inc flu hosp,2026-01-31,quantile,0.3,18
2026-01-24,02,1,wk inc flu hosp,2026-01-31,quantile,0.35,19
2026-01-24,02,1,wk inc flu hosp,2026-01-31,quantile,0.4,22
2026-01-24,02,1,wk inc flu hosp,2026-01-31,quantile,0.45,25
2026-01-24,02,1,wk inc flu hosp,2026-01-31,quantile,0.5,28
2026-01-24,02,1,wk inc flu hosp,2026-01-31,quantile,0.55,30
2026-01-24,02,1,wk inc flu hosp,2026-01-31,quantile,0.6,32
2026-01-24,02,1,wk inc flu hosp,2026-01-31,quantile,0.65,34
2026-01-24,02,1,wk inc flu hosp,2026-01-31,quantile,0.7,35
2026-01-24,02,1,wk inc flu hosp,2026-01-31,quantile,0.75,37
2026-01-24,02,1,wk inc flu hosp,2026-01-31,quantile,0.8,40
2026-01-24,02,1,wk inc flu hosp,2026-01-31,quantile,0.85,45
2026-01-24,02,1,wk inc flu hosp,2026-01-31,quantile,0.9,50
2026-01-24,02,1,wk inc flu hosp,2026-01-31,quantile,0.95,59
2026-01-24,02,1,wk inc flu hosp,2026-01-31,quantile,0.975,71
2026-01-24,02,1,wk inc flu hosp,2026-01-31,quantile,0.99,81
2026-01-24,02,2,wk inc flu hosp,2026-02-07,quantile,0.01,2
2026-01-24,02,2,wk inc flu hosp,2026-02-07,quantile,0.025,3
2026-01-24,02,2,wk inc flu hosp,2026-02-07,quantile,0.05,5
2026-01-24,02,2,wk inc flu hosp,2026-02-07,quantile,0.1,7
2026-01-24,02,2,wk inc flu hosp,2026-02-07,quantile,0.15,8
2026-01-24,02,2,wk inc flu hosp,2026-02-07,quantile,0.2,10
2026-01-24,02,2,wk inc flu hosp,2026-02-07,quantile,0.25,11
2026-01-24,02,2,wk inc flu hosp,2026-02-07,quantile,0.3,14
2026-01-24,02,2,wk inc flu hosp,2026-02-07,quantile,0.35,16
2026-01-24,02,2,wk inc flu hosp,2026-02-07,quantile,0.4,20
2026-01-24,02,2,wk inc flu hosp,2026-02-07,quantile,0.45,22
2026-01-24,02,2,wk inc flu hosp,2026-02-07,quantile,0.5,24
2026-01-24,02,2,wk inc flu hosp,2026-02-07,quantile,0.55,26
2026-01-24,02,2,wk inc flu hosp,2026-02-07,quantile,0.6,27
2026-01-24,02,2,wk inc flu hosp,2026-02-07,quantile,0.65,30
2026-01-24,02,2,wk inc flu hosp,2026-02-07,quantile,0.7,33
2026-01-24,02,2,wk inc flu hosp,2026-02-07,quantile,0.75,36
2026-01-24,02,2,wk inc flu hosp,2026-02-07,quantile,0.8,39
2026-01-24,02,2,wk inc flu hosp,2026-02-07,quantile,0.85,44
2026-01-24,02,2,wk inc flu hosp,2026-02-07,quantile,0.9,51
2026-01-24,02,2,wk inc flu hosp,2026-02-07,quantile,0.95,63
2026-01-24,02,2,wk inc flu hosp,2026-02-07,quantile,0.975,74
2026-01-24,02,2,wk inc flu hosp,2026-02-07,quantile,0.99,86
2026-01-24,02,3,wk inc flu hosp,2026-02-14,quantile,0.01,1
2026-01-24,02,3,wk inc flu hosp,2026-02-14,quantile,0.025,2
2026-01-24,02,3,wk inc flu hosp,2026-02-14,quantile,0.05,4
2026-01-24,02,3,wk inc flu hosp,2026-02-14,quantile,0.1,5
2026-01-24,02,3,wk inc flu hosp,2026-02-14,quantile,0.15,7
2026-01-24,02,3,wk inc flu hosp,2026-02-14,quantile,0.2,8
2026-01-24,02,3,wk inc flu hosp,2026-02-14,quantile,0.25,10
2026-01-24,02,3,wk inc flu hosp,2026-02-14,quantile,0.3,12
2026-01-24,02,3,wk inc flu hosp,2026-02-14,quantile,0.35,14
2026-01-24,02,3,wk inc flu hosp,2026-02-14,quantile,0.4,17
2026-01-24,02,3,wk inc flu hosp,2026-02-14,quantile,0.45,20
2026-01-24,02,3,wk inc flu hosp,2026-02-14,quantile,0.5,22
2026-01-24,02,3,wk inc flu hosp,2026-02-14,quantile,0.55,24
2026-01-24,02,3,wk inc flu hosp,2026-02-14,quantile,0.6,27
2026-01-24,02,3,wk inc flu hosp,2026-02-14,quantile,0.65,30
2026-01-24,02,3,wk inc flu hosp,2026-02-14,quantile,0.7,34
2026-01-24,02,3,wk inc flu hosp,2026-02-14,quantile,0.75,37
2026-01-24,02,3,wk inc flu hosp,2026-02-14,quantile,0.8,40
2026-01-24,02,3,wk inc flu hosp,2026-02-14,quantile,0.85,46
2026-01-24,02,3,wk inc flu hosp,2026-02-14,quantile,0.9,51
2026-01-24,02,3,wk inc flu hosp,2026-02-14,quantile,0.95,63
2026-01-24,02,3,wk inc flu hosp,2026-02-14,quantile,0.975,77
2026-01-24,02,3,wk inc flu hosp,2026-02-14,quantile,0.99,88
2026-01-24,04,0,wk inc flu hosp,2026-01-24,quantile,0.01,38
2026-01-24,04,0,wk inc flu hosp,2026-01-24,quantile,0.025,46
2026-01-24,04,0,wk inc flu hosp,2026-01-24,quantile,0.05,64
2026-01-24,04,0,wk inc flu hosp,2026-01-24,quantile,0.1,76
2026-01-24,04,0,wk inc flu hosp,2026-01-24,quantile,0.15,84
2026-01-24,04,0,wk inc flu hosp,2026-01-24,quantile,0.2,102
2026-01-24,04,0,wk inc flu hosp,2026-01-24,quantile,0.25,110
2026-01-24,04,0,wk inc flu hosp,2026-01-24,quantile,0.3,117
2026-01-24,04,0,wk inc flu hosp,2026-01-24,quantile,0.35,122
2026-01-24,04,0,wk inc flu hosp,2026-01-24,quantile,0.4,128
2026-01-24,04,0,wk inc flu hosp,2026-01-24,quantile,0.45,135
2026-01-24,04,0,wk inc flu hosp,2026-01-24,quantile,0.5,144
2026-01-24,04,0,wk inc flu hosp,2026-01-24,quantile,0.55,148
2026-01-24,04,0,wk inc flu hosp,2026-01-24,quantile,0.6,154
2026-01-24,04,0,wk inc flu hosp,2026-01-24,quantile,0.65,162
2026-01-24,04,0,wk inc flu hosp,2026-01-24,quantile,0.7,179
2026-01-24,04,0,wk inc flu hosp,2026-01-24,quantile,0.75,195
2026-01-24,04,0,wk inc flu hosp,2026-01-24,quantile,0.8,210
2026-01-24,04,0,wk inc flu hosp,2026-01-24,quantile,0.85,224
2026-01-24,04,0,wk inc flu hosp,2026-01-24,quantile,0.9,236
2026-01-24,04,0,wk inc flu hosp,2026-01-24,quantile,0.95,269
2026-01-24,04,0,wk inc flu hosp,2026-01-24,quantile,0.975,294
2026-01-24,04,0,wk inc flu hosp,2026-01-24,quantile,0.99,335
2026-01-24,04,1,wk inc flu hosp,2026-01-31,quantile,0.01,28
2026-01-24,04,1,wk inc flu hosp,2026-01-31,quantile,0.025,35
2026-01-24,04,1,wk inc flu hosp,2026-01-31,quantile,0.05,49
2026-01-24,04,1,wk inc flu hosp,2026-01-31,quantile,0.1,67
2026-01-24,04,1,wk inc flu hosp,2026-01-31,quantile,0.15,77
2026-01-24,04,1,wk inc flu hosp,2026-01-31,quantile,0.2,85
2026-01-24,04,1,wk inc flu hosp,2026-01-31,quantile,0.25,94
2026-01-24,04,1,wk inc flu hosp,2026-01-31,quantile,0.3,102
2026-01-24,04,1,wk inc flu hosp,2026-01-31,quantile,0.35,110
2026-01-24,04,1,wk inc flu hosp,2026-01-31,quantile,0.4,124
2026-01-24,04,1,wk inc flu hosp,2026-01-31,quantile,0.45,130
2026-01-24,04,1,wk inc flu hosp,2026-01-31,quantile,0.5,140
2026-01-24,04,1,wk inc flu hosp,2026-01-31,quantile,0.55,148
2026-01-24,04,1,wk inc flu hosp,2026-01-31,quantile,0.6,157
2026-01-24,04,1,wk inc flu hosp,2026-01-31,quantile,0.65,167
2026-01-24,04,1,wk inc flu hosp,2026-01-31,quantile,0.7,178
2026-01-24,04,1,wk inc flu hosp,2026-01-31,quantile,0.75,191
2026-01-24,04,1,wk inc flu hosp,2026-01-31,quantile,0.8,203
2026-01-24,04,1,wk inc flu hosp,2026-01-31,quantile,0.85,223
2026-01-24,04,1,wk inc flu hosp,2026-01-31,quantile,0.9,254
2026-01-24,04,1,wk inc flu hosp,2026-01-31,quantile,0.95,309
2026-01-24,04,1,wk inc flu hosp,2026-01-31,quantile,0.975,361
2026-01-24,04,1,wk inc flu hosp,2026-01-31,quantile,0.99,408
2026-01-24,04,2,wk inc flu hosp,2026-02-07,quantile,0.01,16
2026-01-24,04,2,wk inc flu hosp,2026-02-07,quantile,0.025,23
2026-01-24,04,2,wk inc flu hosp,2026-02-07,quantile,0.05,39
2026-01-24,04,2,wk inc flu hosp,2026-02-07,quantile,0.1,49
2026-01-24,04,2,wk inc flu hosp,2026-02-07,quantile,0.15,56
2026-01-24,04,2,wk inc flu hosp,2026-02-07,quantile,0.2,67
2026-01-24,04,2,wk inc flu hosp,2026-02-07,quantile,0.25,85
2026-01-24,04,2,wk inc flu hosp,2026-02-07,quantile,0.3,94
2026-01-24,04,2,wk inc flu hosp,2026-02-07,quantile,0.35,102
2026-01-24,04,2,wk inc flu hosp,2026-02-07,quantile,0.4,112
2026-01-24,04,2,wk inc flu hosp,2026-02-07,quantile,0.45,121
2026-01-24,04,2,wk inc flu hosp,2026-02-07,quantile,0.5,132
2026-01-24,04,2,wk inc flu hosp,2026-02-07,quantile,0.55,140
2026-01-24,04,2,wk inc flu hosp,2026-02-07,quantile,0.6,152
2026-01-24,04,2,wk inc flu hosp,2026-02-07,quantile,0.65,164
2026-01-24,04,2,wk inc flu hosp,2026-02-07,quantile,0.7,176
2026-01-24,04,2,wk inc flu hosp,2026-02-07,quantile,0.75,190
2026-01-24,04,2,wk inc flu hosp,2026-02-07,quantile,0.8,208
2026-01-24,04,2,wk inc flu hosp,2026-02-07,quantile,0.85,242
2026-01-24,04,2,wk inc flu hosp,2026-02-07,quantile,0.9,286
2026-01-24,04,2,wk inc flu hosp,2026-02-07,quantile,0.95,357
2026-01-24,04,2,wk inc flu hosp,2026-02-07,quantile,0.975,416
2026-01-24,04,2,wk inc flu hosp,2026-02-07,quantile,0.99,499
2026-01-24,04,3,wk inc flu hosp,2026-02-14,quantile,0.01,11
2026-01-24,04,3,wk inc flu hosp,2026-02-14,quantile,0.025,15
2026-01-24,04,3,wk inc flu hosp,2026-02-14,quantile,0.05,29
2026-01-24,04,3,wk inc flu hosp,2026-02-14,quantile,0.1,37
2026-01-24,04,3,wk inc flu hosp,2026-02-14,quantile,0.15,54
2026-01-24,04,3,wk inc flu hosp,2026-02-14,quantile,0.2,61
2026-01-24,04,3,wk inc flu hosp,2026-02-14,quantile,0.25,76
2026-01-24,04,3,wk inc flu hosp,2026-02-14,quantile,0.3,84
2026-01-24,04,3,wk inc flu hosp,2026-02-14,quantile,0.35,96
2026-01-24,04,3,wk inc flu hosp,2026-02-14,quantile,0.4,106
2026-01-24,04,3,wk inc flu hosp,2026-02-14,quantile,0.45,118
2026-01-24,04,3,wk inc flu hosp,2026-02-14,quantile,0.5,130
2026-01-24,04,3,wk inc flu hosp,2026-02-14,quantile,0.55,145
2026-01-24,04,3,wk inc flu hosp,2026-02-14,quantile,0.6,157
2026-01-24,04,3,wk inc flu hosp,2026-02-14,quantile,0.65,171
2026-01-24,04,3,wk inc flu hosp,2026-02-14,quantile,0.7,190
2026-01-24,04,3,wk inc flu hosp,2026-02-14,quantile,0.75,211
2026-01-24,04,3,wk inc flu hosp,2026-02-14,quantile,0.8,244
2026-01-24,04,3,wk inc flu hosp,2026-02-14,quantile,0.85,285
2026-01-24,04,3,wk inc flu hosp,2026-02-14,quantile,0.9,336
2026-01-24,04,3,wk inc flu hosp,2026-02-14,quantile,0.95,413
2026-01-24,04,3,wk inc flu hosp,2026-02-14,quantile,0.975,523
2026-01-24,04,3,wk inc flu hosp,2026-02-14,quantile,0.99,605
2026-01-24,05,0,wk inc flu hosp,2026-01-24,quantile,0.01,26
2026-01-24,05,0,wk inc flu hosp,2026-01-24,quantile,0.025,34
2026-01-24,05,0,wk inc flu hosp,2026-01-24,quantile,0.05,42
2026-01-24,05,0,wk inc flu hosp,2026-01-24,quantile,0.1,55
2026-01-24,05,0,wk inc flu hosp,2026-01-24,quantile,0.15,60
2026-01-24,05,0,wk inc flu hosp,2026-01-24,quantile,0.2,65
2026-01-24,05,0,wk inc flu hosp,2026-01-24,quantile,0.25,69
2026-01-24,05,0,wk inc flu hosp,2026-01-24,quantile,0.3,73
2026-01-24,05,0,wk inc flu hosp,2026-01-24,quantile,0.35,76
2026-01-24,05,0,wk inc flu hosp,2026-01-24,quantile,0.4,79
2026-01-24,05,0,wk inc flu hosp,2026-01-24,quantile,0.45,82
2026-01-24,05,0,wk inc flu hosp,2026-01-24,quantile,0.5,86
2026-01-24,05,0,wk inc flu hosp,2026-01-24,quantile,0.55,91
2026-01-24,05,0,wk inc flu hosp,2026-01-24,quantile,0.6,94
2026-01-24,05,0,wk inc flu hosp,2026-01-24,quantile,0.65,99
2026-01-24,05,0,wk inc flu hosp,2026-01-24,quantile,0.7,105
2026-01-24,05,0,wk inc flu hosp,2026-01-24,quantile,0.75,110
2026-01-24,05,0,wk inc flu hosp,2026-01-24,quantile,0.8,116
2026-01-24,05,0,wk inc flu hosp,2026-01-24,quantile,0.85,124
2026-01-24,05,0,wk inc flu hosp,2026-01-24,quantile,0.9,134
2026-01-24,05,0,wk inc flu hosp,2026-01-24,quantile,0.95,151
2026-01-24,05,0,wk inc flu hosp,2026-01-24,quantile,0.975,175
2026-01-24,05,0,wk inc flu hosp,2026-01-24,quantile,0.99,207
2026-01-24,05,1,wk inc flu hosp,2026-01-31,quantile,0.01,18
2026-01-24,05,1,wk inc flu hosp,2026-01-31,quantile,0.025,23
2026-01-24,05,1,wk inc flu hosp,2026-01-31,quantile,0.05,33
2026-01-24,05,1,wk inc flu hosp,2026-01-31,quantile,0.1,39
2026-01-24,05,1,wk inc flu hosp,2026-01-31,quantile,0.15,45
2026-01-24,05,1,wk inc flu hosp,2026-01-31,quantile,0.2,52
2026-01-24,05,1,wk inc flu hosp,2026-01-31,quantile,0.25,57
2026-01-24,05,1,wk inc flu hosp,2026-01-31,quantile,0.3,62
2026-01-24,05,1,wk inc flu hosp,2026-01-31,quantile,0.35,68
2026-01-24,05,1,wk inc flu hosp,2026-01-31,quantile,0.4,73
2026-01-24,05,1,wk inc flu hosp,2026-01-31,quantile,0.45,77
2026-01-24,05,1,wk inc flu hosp,2026-01-31,quantile,0.5,82
2026-01-24,05,1,wk inc flu hosp,2026-01-31,quantile,0.55,89
2026-01-24,05,1,wk inc flu hosp,2026-01-31,quantile,0.6,94
2026-01-24,05,1,wk inc flu hosp,2026-01-31,quantile,0.65,99
2026-01-24,05,1,wk inc flu hosp,2026-01-31,quantile,0.7,105
2026-01-24,05,1,wk inc flu hosp,2026-01-31,quantile,0.75,112
2026-01-24,05,1,wk inc flu hosp,2026-01-31,quantile,0.8,120
2026-01-24,05,1,wk inc flu hosp,2026-01-31,quantile,0.85,131
2026-01-24,05,1,wk inc flu hosp,2026-01-31,quantile,0.9,148
2026-01-24,05,1,wk inc flu hosp,2026-01-31,quantile,0.95,179
2026-01-24,05,1,wk inc flu hosp,2026-01-31,quantile,0.975,215
2026-01-24,05,1,wk inc flu hosp,2026-01-31,quantile,0.99,263
2026-01-24,05,2,wk inc flu hosp,2026-02-07,quantile,0.01,13
2026-01-24,05,2,wk inc flu hosp,2026-02-07,quantile,0.025,19
2026-01-24,05,2,wk inc flu hosp,2026-02-07,quantile,0.05,24
2026-01-24,05,2,wk inc flu hosp,2026-02-07,quantile,0.1,31
2026-01-24,05,2,wk inc flu hosp,2026-02-07,quantile,0.15,36
2026-01-24,05,2,wk inc flu hosp,2026-02-07,quantile,0.2,44
2026-01-24,05,2,wk inc flu hosp,2026-02-07,quantile,0.25,49
2026-01-24,05,2,wk inc flu hosp,2026-02-07,quantile,0.3,53
2026-01-24,05,2,wk inc flu hosp,2026-02-07,quantile,0.35,59
2026-01-24,05,2,wk inc flu hosp,2026-02-07,quantile,0.4,63
2026-01-24,05,2,wk inc flu hosp,2026-02-07,quantile,0.45,70
2026-01-24,05,2,wk inc flu hosp,2026-02-07,quantile,0.5,77
2026-01-24,05,2,wk inc flu hosp,2026-02-07,quantile,0.55,85
2026-01-24,05,2,wk inc flu hosp,2026-02-07,quantile,0.6,93
2026-01-24,05,2,wk inc flu hosp,2026-02-07,quantile,0.65,101
2026-01-24,05,2,wk inc flu hosp,2026-02-07,quantile,0.7,108
2026-01-24,05,2,wk inc flu hosp,2026-02-07,quantile,0.75,116
2026-01-24,05,2,wk inc flu hosp,2026-02-07,quantile,0.8,128
2026-01-24,05,2,wk inc flu hosp,2026-02-07,quantile,0.85,138
2026-01-24,05,2,wk inc flu hosp,2026-02-07,quantile,0.9,158
2026-01-24,05,2,wk inc flu hosp,2026-02-07,quantile,0.95,200
2026-01-24,05,2,wk inc flu hosp,2026-02-07,quantile,0.975,230
2026-01-24,05,2,wk inc flu hosp,2026-02-07,quantile,0.99,276
2026-01-24,05,3,wk inc flu hosp,2026-02-14,quantile,0.01,9
2026-01-24,05,3,wk inc flu hosp,2026-02-14,quantile,0.025,12
2026-01-24,05,3,wk inc flu hosp,2026-02-14,quantile,0.05,19
2026-01-24,05,3,wk inc flu hosp,2026-02-14,quantile,0.1,26
2026-01-24,05,3,wk inc flu hosp,2026-02-14,quantile,0.15,32
2026-01-24,05,3,wk inc flu hosp,2026-02-14,quantile,0.2,41
2026-01-24,05,3,wk inc flu hosp,2026-02-14,quantile,0.25,46
2026-01-24,05,3,wk inc flu hosp,2026-02-14,quantile,0.3,50
2026-01-24,05,3,wk inc flu hosp,2026-02-14,quantile,0.35,56
2026-01-24,05,3,wk inc flu hosp,2026-02-14,quantile,0.4,63
2026-01-24,05,3,wk inc flu hosp,2026-02-14,quantile,0.45,69
2026-01-24,05,3,wk inc flu hosp,2026-02-14,quantile,0.5,76
2026-01-24,05,3,wk inc flu hosp,2026-02-14,quantile,0.55,83
2026-01-24,05,3,wk inc flu hosp,2026-02-14,quantile,0.6,91
2026-01-24,05,3,wk inc flu hosp,2026-02-14,quantile,0.65,98
2026-01-24,05,3,wk inc flu hosp,2026-02-14,quantile,0.7,105
2026-01-24,05,3,wk inc flu hosp,2026-02-14,quantile,0.75,114
2026-01-24,05,3,wk inc flu hosp,2026-02-14,quantile,0.8,126
2026-01-24,05,3,wk inc flu hosp,2026-02-14,quantile,0.85,136
2026-01-24,05,3,wk inc flu hosp,2026-02-14,quantile,0.9,166
2026-01-24,05,3,wk inc flu hosp,2026-02-14,quantile,0.95,210
2026-01-24,05,3,wk inc flu hosp,2026-02-14,quantile,0.975,249
2026-01-24,05,3,wk inc flu hosp,2026-02-14,quantile,0.99,300
2026-01-24,06,0,wk inc flu hosp,2026-01-24,quantile,0.01,539
2026-01-24,06,0,wk inc flu hosp,2026-01-24,quantile,0.025,648
2026-01-24,06,0,wk inc flu hosp,2026-01-24,quantile,0.05,757
2026-01-24,06,0,wk inc flu hosp,2026-01-24,quantile,0.1,874
2026-01-24,06,0,wk inc flu hosp,2026-01-24,quantile,0.15,953
2026-01-24,06,0,wk inc flu hosp,2026-01-24,quantile,0.2,1017
2026-01-24,06,0,wk inc flu hosp,2026-01-24,quantile,0.25,1070
2026-01-24,06,0,wk inc flu hosp,2026-01-24,quantile,0.3,1117
2026-01-24,06,0,wk inc flu hosp,2026-01-24,quantile,0.35,1145
2026-01-24,06,0,wk inc flu hosp,2026-01-24,quantile,0.4,1197
2026-01-24,06,0,wk inc flu hosp,2026-01-24,quantile,0.45,1239
2026-01-24,06,0,wk inc flu hosp,2026-01-24,quantile,0.5,1284
2026-01-24,06,0,wk inc flu hosp,2026-01-24,quantile,0.55,1344
2026-01-24,06,0,wk inc flu hosp,2026-01-24,quantile,0.6,1378
2026-01-24,06,0,wk inc flu hosp,2026-01-24,quantile,0.65,1414
2026-01-24,06,0,wk inc flu hosp,2026-01-24,quantile,0.7,1439
2026-01-24,06,0,wk inc flu hosp,2026-01-24,quantile,0.75,1493
2026-01-24,06,0,wk inc flu hosp,2026-01-24,quantile,0.8,1555
2026-01-24,06,0,wk inc flu hosp,2026-01-24,quantile,0.85,1624
2026-01-24,06,0,wk inc flu hosp,2026-01-24,quantile,0.9,1716
2026-01-24,06,0,wk inc flu hosp,2026-01-24,quantile,0.95,1910
2026-01-24,06,0,wk inc flu hosp,2026-01-24,quantile,0.975,2060
2026-01-24,06,0,wk inc flu hosp,2026-01-24,quantile,0.99,2327
2026-01-24,06,1,wk inc flu hosp,2026-01-31,quantile,0.01,414
2026-01-24,06,1,wk inc flu hosp,2026-01-31,quantile,0.025,513
2026-01-24,06,1,wk inc flu hosp,2026-01-31,quantile,0.05,629
2026-01-24,06,1,wk inc flu hosp,2026-01-31,quantile,0.1,723
2026-01-24,06,1,wk inc flu hosp,2026-01-31,quantile,0.15,797
2026-01-24,06,1,wk inc flu hosp,2026-01-31,quantile,0.2,876
2026-01-24,06,1,wk inc flu hosp,2026-01-31,quantile,0.25,956
2026-01-24,06,1,wk inc flu hosp,2026-01-31,quantile,0.3,1006
2026-01-24,06,1,wk inc flu hosp,2026-01-31,quantile,0.35,1058
2026-01-24,06,1,wk inc flu hosp,2026-01-31,quantile,0.4,1114
2026-01-24,06,1,wk inc flu hosp,2026-01-31,quantile,0.45,1161
2026-01-24,06,1,wk inc flu hosp,2026-01-31,quantile,0.5,1201
2026-01-24,06,1,wk inc flu hosp,2026-01-31,quantile,0.55,1284
2026-01-24,06,1,wk inc flu hosp,2026-01-31,quantile,0.6,1331
2026-01-24,06,1,wk inc flu hosp,2026-01-31,quantile,0.65,1386
2026-01-24,06,1,wk inc flu hosp,2026-01-31,quantile,0.7,1436
2026-01-24,06,1,wk inc flu hosp,2026-01-31,quantile,0.75,1515
2026-01-24,06,1,wk inc flu hosp,2026-01-31,quantile,0.8,1615
2026-01-24,06,1,wk inc flu hosp,2026-01-31,quantile,0.85,1707
2026-01-24,06,1,wk inc flu hosp,2026-01-31,quantile,0.9,1834
2026-01-24,06,1,wk inc flu hosp,2026-01-31,quantile,0.95,2060
2026-01-24,06,1,wk inc flu hosp,2026-01-31,quantile,0.975,2339
2026-01-24,06,1,wk inc flu hosp,2026-01-31,quantile,0.99,2561
2026-01-24,06,2,wk inc flu hosp,2026-02-07,quantile,0.01,320
2026-01-24,06,2,wk inc flu hosp,2026-02-07,quantile,0.025,451
2026-01-24,06,2,wk inc flu hosp,2026-02-07,quantile,0.05,520
2026-01-24,06,2,wk inc flu hosp,2026-02-07,quantile,0.1,637
2026-01-24,06,2,wk inc flu hosp,2026-02-07,quantile,0.15,689
2026-01-24,06,2,wk inc flu hosp,2026-02-07,quantile,0.2,768
2026-01-24,06,2,wk inc flu hosp,2026-02-07,quantile,0.25,851
2026-01-24,06,2,wk inc flu hosp,2026-02-07,quantile,0.3,908
2026-01-24,06,2,wk inc flu hosp,2026-02-07,quantile,0.35,971
2026-01-24,06,2,wk inc flu hosp,2026-02-07,quantile,0.4,1053
2026-01-24,06,2,wk inc flu hosp,2026-02-07,quantile,0.45,1110
2026-01-24,06,2,wk inc flu hosp,2026-02-07,quantile,0.5,1156
2026-01-24,06,2,wk inc flu hosp,2026-02-07,quantile,0.55,1221
2026-01-24,06,2,wk inc flu hosp,2026-02-07,quantile,0.6,1282
2026-01-24,06,2,wk inc flu hosp,2026-02-07,quantile,0.65,1362
2026-01-24,06,2,wk inc flu hosp,2026-02-07,quantile,0.7,1453
2026-01-24,06,2,wk inc flu hosp,2026-02-07,quantile,0.75,1563
2026-01-24,06,2,wk inc flu hosp,2026-02-07,quantile,0.8,1687
2026-01-24,06,2,wk inc flu hosp,2026-02-07,quantile,0.85,1809
2026-01-24,06,2,wk inc flu hosp,2026-02-07,quantile,0.9,1974
2026-01-24,06,2,wk inc flu hosp,2026-02-07,quantile,0.95,2229
2026-01-24,06,2,wk inc flu hosp,2026-02-07,quantile,0.975,2552
2026-01-24,06,2,wk inc flu hosp,2026-02-07,quantile,0.99,2808
2026-01-24,06,3,wk inc flu hosp,2026-02-14,quantile,0.01,232
2026-01-24,06,3,wk inc flu hosp,2026-02-14,quantile,0.025,366
2026-01-24,06,3,wk inc flu hosp,2026-02-14,quantile,0.05,430
2026-01-24,06,3,wk inc flu hosp,2026-02-14,quantile,0.1,521
2026-01-24,06,3,wk inc flu hosp,2026-02-14,quantile,0.15,599
2026-01-24,06,3,wk inc flu hosp,2026-02-14,quantile,0.2,676
2026-01-24,06,3,wk inc flu hosp,2026-02-14,quantile,0.25,754
2026-01-24,06,3,wk inc flu hosp,2026-02-14,quantile,0.3,811
2026-01-24,06,3,wk inc flu hosp,2026-02-14,quantile,0.35,902
2026-01-24,06,3,wk inc flu hosp,2026-02-14,quantile,0.4,958
2026-01-24,06,3,wk inc flu hosp,2026-02-14,quantile,0.45,1016
2026-01-24,06,3,wk inc flu hosp,2026-02-14,quantile,0.5,1072
2026-01-24,06,3,wk inc flu hosp,2026-02-14,quantile,0.55,1163
2026-01-24,06,3,wk inc flu hosp,2026-02-14,quantile,0.6,1248
2026-01-24,06,3,wk inc flu hosp,2026-02-14,quantile,0.65,1314
2026-01-24,06,3,wk inc flu hosp,2026-02-14,quantile,0.7,1382
2026-01-24,06,3,wk inc flu hosp,2026-02-14,quantile,0.75,1491
2026-01-24,06,3,wk inc flu hosp,2026-02-14,quantile,0.8,1687
2026-01-24,06,3,wk inc flu hosp,2026-02-14,quantile,0.85,1881
2026-01-24,06,3,wk inc flu hosp,2026-02-14,quantile,0.9,2015
2026-01-24,06,3,wk inc flu hosp,2026-02-14,quantile,0.95,2396
2026-01-24,06,3,wk inc flu hosp,2026-02-14,quantile,0.975,2776
2026-01-24,06,3,wk inc flu hosp,2026-02-14,quantile,0.99,3121
2026-01-24,08,0,wk inc flu hosp,2026-01-24,quantile,0.01,81
2026-01-24,08,0,wk inc flu hosp,2026-01-24,quantile,0.025,104
2026-01-24,08,0,wk inc flu hosp,2026-01-24,quantile,0.05,125
2026-01-24,08,0,wk inc flu hosp,2026-01-24,quantile,0.1,138
2026-01-24,08,0,wk inc flu hosp,2026-01-24,quantile,0.15,149
2026-01-24,08,0,wk inc flu hosp,2026-01-24,quantile,0.2,155
2026-01-24,08,0,wk inc flu hosp,2026-01-24,quantile,0.25,160
2026-01-24,08,0,wk inc flu hosp,2026-01-24,quantile,0.3,169
2026-01-24,08,0,wk inc flu hosp,2026-01-24,quantile,0.35,180
2026-01-24,08,0,wk inc flu hosp,2026-01-24,quantile,0.4,198
2026-01-24,08,0,wk inc flu hosp,2026-01-24,quantile,0.45,210
2026-01-24,08,0,wk inc flu hosp,2026-01-24,quantile,0.5,219
2026-01-24,08,0,wk inc flu hosp,2026-01-24,quantile,0.55,229
2026-01-24,08,0,wk inc flu hosp,2026-01-24,quantile,0.6,240
2026-01-24,08,0,wk inc flu hosp,2026-01-24,quantile,0.65,252
2026-01-24,08,0,wk inc flu hosp,2026-01-24,quantile,0.7,264
2026-01-24,08,0,wk inc flu hosp,2026-01-24,quantile,0.75,276
2026-01-24,08,0,wk inc flu hosp,2026-01-24,quantile,0.8,289
2026-01-24,08,0,wk inc flu hosp,2026-01-24,quantile,0.85,309
2026-01-24,08,0,wk inc flu hosp,2026-01-24,quantile,0.9,329
2026-01-24,08,0,wk inc flu hosp,2026-01-24,quantile,0.95,364
2026-01-24,08,0,wk inc flu hosp,2026-01-24,quantile,0.975,391
2026-01-24,08,0,wk inc flu hosp,2026-01-24,quantile,0.99,438
2026-01-24,08,1,wk inc flu hosp,2026-01-31,quantile,0.01,52
2026-01-24,08,1,wk inc flu hosp,2026-01-31,quantile,0.025,64
2026-01-24,08,1,wk inc flu hosp,2026-01-31,quantile,0.05,74
2026-01-24,08,1,wk inc flu hosp,2026-01-31,quantile,0.1,93
2026-01-24,08,1,wk inc flu hosp,2026-01-31,quantile,0.15,104
2026-01-24,08,1,wk inc flu hosp,2026-01-31,quantile,0.2,114
2026-01-24,08,1,wk inc flu hosp,2026-01-31,quantile,0.25,123
2026-01-24,08,1,wk inc flu hosp,2026-01-31,quantile,0.3,132
2026-01-24,08,1,wk inc flu hosp,2026-01-31,quantile,0.35,144
2026-01-24,08,1,wk inc flu hosp,2026-01-31,quantile,0.4,153
2026-01-24,08,1,wk inc flu hosp,2026-01-31,quantile,0.45,162
2026-01-24,08,1,wk inc flu hosp,2026-01-31,quantile,0.5,177
2026-01-24,08,1,wk inc flu hosp,2026-01-31,quantile,0.55,187
2026-01-24,08,1,wk inc flu hosp,2026-01-31,quantile,0.6,204
2026-01-24,08,1,wk inc flu hosp,2026-01-31,quantile,0.65,216
2026-01-24,08,1,wk inc flu hosp,2026-01-31,quantile,0.7,233
2026-01-24,08,1,wk inc flu hosp,2026-01-31,quantile,0.75,251
2026-01-24,08,1,wk inc flu hosp,2026-01-31,quantile,0.8,271
2026-01-24,08,1,wk inc flu hosp,2026-01-31,quantile,0.85,298
2026-01-24,08,1,wk inc flu hosp,2026-01-31,quantile,0.9,332
2026-01-24,08,1,wk inc flu hosp,2026-01-31,quantile,0.95,395
2026-01-24,08,1,wk inc flu hosp,2026-01-31,quantile,0.975,453
2026-01-24,08,1,wk inc flu hosp,2026-01-31,quantile,0.99,501
2026-01-24,08,2,wk inc flu hosp,2026-02-07,quantile,0.01,32
2026-01-24,08,2,wk inc flu hosp,2026-02-07,quantile,0.025,40
2026-01-24,08,2,wk inc flu hosp,2026-02-07,quantile,0.05,49
2026-01-24,08,2,wk inc flu hosp,2026-02-07,quantile,0.1,63
2026-01-24,08,2,wk inc flu hosp,2026-02-07,quantile,0.15,72
2026-01-24,08,2,wk inc flu hosp,2026-02-07,quantile,0.2,79
2026-01-24,08,2,wk inc flu hosp,2026-02-07,quantile,0.25,91
2026-01-24,08,2,wk inc flu hosp,2026-02-07,quantile,0.3,103
2026-01-24,08,2,wk inc flu hosp,2026-02-07,quantile,0.35,112
2026-01-24,08,2,wk inc flu hosp,2026-02-07,quantile,0.4,124
2026-01-24,08,2,wk inc flu hosp,2026-02-07,quantile,0.45,132
2026-01-24,08,2,wk inc flu hosp,2026-02-07,quantile,0.5,142
2026-01-24,08,2,wk inc flu hosp,2026-02-07,quantile,0.55,155
2026-01-24,08,2,wk inc flu hosp,2026-02-07,quantile,0.6,170
2026-01-24,08,2,wk inc flu hosp,2026-02-07,quantile,0.65,187
2026-01-24,08,2,wk inc flu hosp,2026-02-07,quantile,0.7,200
2026-01-24,08,2,wk inc flu hosp,2026-02-07,quantile,0.75,223
2026-01-24,08,2,wk inc flu hosp,2026-02-07,quantile,0.8,260
2026-01-24,08,2,wk inc flu hosp,2026-02-07,quantile,0.85,295
2026-01-24,08,2,wk inc flu hosp,2026-02-07,quantile,0.9,336
2026-01-24,08,2,wk inc flu hosp,2026-02-07,quantile,0.95,405
2026-01-24,08,2,wk inc flu hosp,2026-02-07,quantile,0.975,482
2026-01-24,08,2,wk inc flu hosp,2026-02-07,quantile,0.99,555
2026-01-24,08,3,wk inc flu hosp,2026-02-14,quantile,0.01,22
2026-01-24,08,3,wk inc flu hosp,2026-02-14,quantile,0.025,22
2026-01-24,08,3,wk inc flu hosp,2026-02-14,quantile,0.05,27
2026-01-24,08,3,wk inc flu hosp,2026-02-14,quantile,0.1,42
2026-01-24,08,3,wk inc flu hosp,2026-02-14,quantile,0.15,49
2026-01-24,08,3,wk inc flu hosp,2026-02-14,quantile,0.2,57
2026-01-24,08,3,wk inc flu hosp,2026-02-14,quantile,0.25,72
2026-01-24,08,3,wk inc flu hosp,2026-02-14,quantile,0.3,80
2026-01-24,08,3,wk inc flu hosp,2026-02-14,quantile,0.35,84
2026-01-24,08,3,wk inc flu hosp,2026-02-14,quantile,0.4,95
2026-01-24,08,3,wk inc flu hosp,2026-02-14,quantile,0.45,109
2026-01-24,08,3,wk inc flu hosp,2026-02-14,quantile,0.5,119
2026-01-24,08,3,wk inc flu hosp,2026-02-14,quantile,0.55,131
2026-01-24,08,3,wk inc flu hosp,2026-02-14,quantile,0.6,146
2026-01-24,08,3,wk inc flu hosp,2026-02-14,quantile,0.65,170
2026-01-24,08,3,wk inc flu hosp,2026-02-14,quantile,0.7,180
2026-01-24,08,3,wk inc flu hosp,2026-02-14,quantile,0.75,209
2026-01-24,08,3,wk inc flu hosp,2026-02-14,quantile,0.8,236
2026-01-24,08,3,wk inc flu hosp,2026-02-14,quantile,0.85,270
2026-01-24,08,3,wk inc flu hosp,2026-02-14,quantile,0.9,320
2026-01-24,08,3,wk inc flu hosp,2026-02-14,quantile,0.95,423
2026-01-24,08,3,wk inc flu hosp,2026-02-14,quantile,0.975,483
2026-01-24,08,3,wk inc flu hosp,2026-02-14,quantile,0.99,598
2026-01-24,09,0,wk inc flu hosp,2026-01-24,quantile,0.01,68
2026-01-24,09,0,wk inc flu hosp,2026-01-24,quantile,0.025,81
2026-01-24,09,0,wk inc flu hosp,2026-01-24,quantile,0.05,94
2026-01-24,09,0,wk inc flu hosp,2026-01-24,quantile,0.1,106
2026-01-24,09,0,wk inc flu hosp,2026-01-24,quantile,0.15,115
2026-01-24,09,0,wk inc flu hosp,2026-01-24,quantile,0.2,126
2026-01-24,09,0,wk inc flu hosp,2026-01-24,quantile,0.25,137
2026-01-24,09,0,wk inc flu hosp,2026-01-24,quantile,0.3,145
2026-01-24,09,0,wk inc flu hosp,2026-01-24,quantile,0.35,150
2026-01-24,09,0,wk inc flu hosp,2026-01-24,quantile,0.4,162
2026-01-24,09,0,wk inc flu hosp,2026-01-24,quantile,0.45,171
2026-01-24,09,0,wk inc flu hosp,2026-01-24,quantile,0.5,180
2026-01-24,09,0,wk inc flu hosp,2026-01-24,quantile,0.55,187
2026-01-24,09,0,wk inc flu hosp,2026-01-24,quantile,0.6,195
2026-01-24,09,0,wk inc flu hosp,2026-01-24,quantile,0.65,202
2026-01-24,09,0,wk inc flu hosp,2026-01-24,quantile,0.7,213
2026-01-24,09,0,wk inc flu hosp,2026-01-24,quantile,0.75,224
2026-01-24,09,0,wk inc flu hosp,2026-01-24,quantile,0.8,233
2026-01-24,09,0,wk inc flu hosp,2026-01-24,quantile,0.85,245
2026-01-24,09,0,wk inc flu hosp,2026-01-24,quantile,0.9,260
2026-01-24,09,0,wk inc flu hosp,2026-01-24,quantile,0.95,298
2026-01-24,09,0,wk inc flu hosp,2026-01-24,quantile,0.975,320
2026-01-24,09,0,wk inc flu hosp,2026-01-24,quantile,0.99,373
2026-01-24,09,1,wk inc flu hosp,2026-01-31,quantile,0.01,33
2026-01-24,09,1,wk inc flu hosp,2026-01-31,quantile,0.025,43
2026-01-24,09,1,wk inc flu hosp,2026-01-31,quantile,0.05,52
2026-01-24,09,1,wk inc flu hosp,2026-01-31,quantile,0.1,64
2026-01-24,09,1,wk inc flu hosp,2026-01-31,quantile,0.15,77
2026-01-24,09,1,wk inc flu hosp,2026-01-31,quantile,0.2,86
2026-01-24,09,1,wk inc flu hosp,2026-01-31,quantile,0.25,90
2026-01-24,09,1,wk inc flu hosp,2026-01-31,quantile,0.3,95
2026-01-24,09,1,wk inc flu hosp,2026-01-31,quantile,0.35,105
2026-01-24,09,1,wk inc flu hosp,2026-01-31,quantile,0.4,115
2026-01-24,09,1,wk inc flu hosp,2026-01-31,quantile,0.45,128
2026-01-24,09,1,wk inc flu hosp,2026-01-31,quantile,0.5,139
2026-01-24,09,1,wk inc flu hosp,2026-01-31,quantile,0.55,153
2026-01-24,09,1,wk inc flu hosp,2026-01-31,quantile,0.6,163
2026-01-24,09,1,wk inc flu hosp,2026-01-31,quantile,0.65,174
2026-01-24,09,1,wk inc flu hosp,2026-01-31,quantile,0.7,185
2026-01-24,09,1,wk inc flu hosp,2026-01-31,quantile,0.75,199
2026-01-24,09,1,wk inc flu hosp,2026-01-31,quantile,0.8,220
2026-01-24,09,1,wk inc flu hosp,2026-01-31,quantile,0.85,237
2026-01-24,09,1,wk inc flu hosp,2026-01-31,quantile,0.9,264
2026-01-24,09,1,wk inc flu hosp,2026-01-31,quantile,0.95,303
2026-01-24,09,1,wk inc flu hosp,2026-01-31,quantile,0.975,342
2026-01-24,09,1,wk inc flu hosp,2026-01-31,quantile,0.99,378
2026-01-24,09,2,wk inc flu hosp,2026-02-07,quantile,0.01,21
2026-01-24,09,2,wk inc flu hosp,2026-02-07,quantile,0.025,30
2026-01-24,09,2,wk inc flu hosp,2026-02-07,quantile,0.05,36
2026-01-24,09,2,wk inc flu hosp,2026-02-07,quantile,0.1,46
2026-01-24,09,2,wk inc flu hosp,2026-02-07,quantile,0.15,50
2026-01-24,09,2,wk inc flu hosp,2026-02-07,quantile,0.2,63
2026-01-24,09,2,wk inc flu hosp,2026-02-07,quantile,0.25,63
2026-01-24,09,2,wk inc flu hosp,2026-02-07,quantile,0.3,70
2026-01-24,09,2,wk inc flu hosp,2026-02-07,quantile,0.35,91
2026-01-24,09,2,wk inc flu hosp,2026-02-07,quantile,0.4,99
2026-01-24,09,2,wk inc flu hosp,2026-02-07,quantile,0.45,107
2026-01-24,09,2,wk inc flu hosp,2026-02-07,quantile,0.5,117
2026-01-24,09,2,wk inc flu hosp,2026-02-07,quantile,0.55,128
2026-01-24,09,2,wk inc flu hosp,2026-02-07,quantile,0.6,140
2026-01-24,09,2,wk inc flu hosp,2026-02-07,quantile,0.65,153
2026-01-24,09,2,wk inc flu hosp,2026-02-07,quantile,0.7,167
2026-01-24,09,2,wk inc flu hosp,2026-02-07,quantile,0.75,181
2026-01-24,09,2,wk inc flu hosp,2026-02-07,quantile,0.8,200
2026-01-24,09,2,wk inc flu hosp,2026-02-07,quantile,0.85,230
2026-01-24,09,2,wk inc flu hosp,2026-02-07,quantile,0.9,273
2026-01-24,09,2,wk inc flu hosp,2026-02-07,quantile,0.95,336
2026-01-24,09,2,wk inc flu hosp,2026-02-07,quantile,0.975,401
2026-01-24,09,2,wk inc flu hosp,2026-02-07,quantile,0.99,474
2026-01-24,09,3,wk inc flu hosp,2026-02-14,quantile,0.01,12
2026-01-24,09,3,wk inc flu hosp,2026-02-14,quantile,0.025,19
2026-01-24,09,3,wk inc flu hosp,2026-02-14,quantile,0.05,21
2026-01-24,09,3,wk inc flu hosp,2026-02-14,quantile,0.1,28
2026-01-24,09,3,wk inc flu hosp,2026-02-14,quantile,0.15,34
2026-01-24,09,3,wk inc flu hosp,2026-02-14,quantile,0.2,42
2026-01-24,09,3,wk inc flu hosp,2026-02-14,quantile,0.25,47
2026-01-24,09,3,wk inc flu hosp,2026-02-14,quantile,0.3,52
2026-01-24,09,3,wk inc flu hosp,2026-02-14,quantile,0.35,65
2026-01-24,09,3,wk inc flu hosp,2026-02-14,quantile,0.4,77
2026-01-24,09,3,wk inc flu hosp,2026-02-14,quantile,0.45,84
2026-01-24,09,3,wk inc flu hosp,2026-02-14,quantile,0.5,99
2026-01-24,09,3,wk inc flu hosp,2026-02-14,quantile,0.55,108
2026-01-24,09,3,wk inc flu hosp,2026-02-14,quantile,0.6,126
2026-01-24,09,3,wk inc flu hosp,2026-02-14,quantile,0.65,132
2026-01-24,09,3,wk inc flu hosp,2026-02-14,quantile,0.7,146
2026-01-24,09,3,wk inc flu hosp,2026-02-14,quantile,0.75,160
2026-01-24,09,3,wk inc flu hosp,2026-02-14,quantile,0.8,181
2026-01-24,09,3,wk inc flu hosp,2026-02-14,quantile,0.85,210
2026-01-24,09,3,wk inc flu hosp,2026-02-14,quantile,0.9,250
2026-01-24,09,3,wk inc flu hosp,2026-02-14,quantile,0.95,334
2026-01-24,09,3,wk inc flu hosp,2026-02-14,quantile,0.975,403
2026-01-24,09,3,wk inc flu hosp,2026-02-14,quantile,0.99,523
2026-01-24,10,0,wk inc flu hosp,2026-01-24,quantile,0.01,42
2026-01-24,10,0,wk inc flu hosp,2026-01-24,quantile,0.025,52
2026-01-24,10,0,wk inc flu hosp,2026-01-24,quantile,0.05,60
2026-01-24,10,0,wk inc flu hosp,2026-01-24,quantile,0.1,70
2026-01-24,10,0,wk inc flu hosp,2026-01-24,quantile,0.15,77
2026-01-24,10,0,wk inc flu hosp,2026-01-24,quantile,0.2,83
2026-01-24,10,0,wk inc flu hosp,2026-01-24,quantile,0.25,88
2026-01-24,10,0,wk inc flu hosp,2026-01-24,quantile,0.3,92
2026-01-24,10,0,wk inc flu hosp,2026-01-24,quantile,0.35,97
2026-01-24,10,0,wk inc flu hosp,2026-01-24,quantile,0.4,105
2026-01-24,10,0,wk inc flu hosp,2026-01-24,quantile,0.45,107
2026-01-24,10,0,wk inc flu hosp,2026-01-24,quantile,0.5,113
2026-01-24,10,0,wk inc flu hosp,2026-01-24,quantile,0.55,120
2026-01-24,10,0,wk inc flu hosp,2026-01-24,quantile,0.6,124
2026-01-24,10,0,wk inc flu hosp,2026-01-24,quantile,0.65,131
2026-01-24,10,0,wk inc flu hosp,2026-01-24,quantile,0.7,135
2026-01-24,10,0,wk inc flu hosp,2026-01-24,quantile,0.75,140
2026-01-24,10,0,wk inc flu hosp,2026-01-24,quantile,0.8,147
2026-01-24,10,0,wk inc flu hosp,2026-01-24,quantile,0.85,156
2026-01-24,10,0,wk inc flu hosp,2026-01-24,quantile,0.9,169
2026-01-24,10,0,wk inc flu hosp,2026-01-24,quantile,0.95,185
2026-01-24,10,0,wk inc flu hosp,2026-01-24,quantile,0.975,200
2026-01-24,10,0,wk inc flu hosp,2026-01-24,quantile,0.99,215
2026-01-24,10,1,wk inc flu hosp,2026-01-31,quantile,0.01,27
2026-01-24,10,1,wk inc flu hosp,2026-01-31,quantile,0.025,32
2026-01-24,10,1,wk inc flu hosp,2026-01-31,quantile,0.05,40
2026-01-24,10,1,wk inc flu hosp,2026-01-31,quantile,0.1,48
2026-01-24,10,1,wk inc flu hosp,2026-01-31,quantile,0.15,54
2026-01-24,10,1,wk inc flu hosp,2026-01-31,quantile,0.2,60
2026-01-24,10,1,wk inc flu hosp,2026-01-31,quantile,0.25,67
2026-01-24,10,1,wk inc flu hosp,2026-01-31,quantile,0.3,75
2026-01-24,10,1,wk inc flu hosp,2026-01-31,quantile,0.35,81
2026-01-24,10,1,wk inc flu hosp,2026-01-31,quantile,0.4,85
2026-01-24,10,1,wk inc flu hosp,2026-01-31,quantile,0.45,91
2026-01-24,10,1,wk inc flu hosp,2026-01-31,quantile,0.5,97
2026-01-24,10,1,wk inc flu hosp,2026-01-31,quantile,0.55,104
2026-01-24,10,1,wk inc flu hosp,2026-01-31,quantile,0.6,109
2026-01-24,10,1,wk inc flu hosp,2026-01-31,quantile,0.65,115
2026-01-24,10,1,wk inc flu hosp,2026-01-31,quantile,0.7,122
2026-01-24,10,1,wk inc flu hosp,2026-01-31,quantile,0.75,129
2026-01-24,10,1,wk inc flu hosp,2026-01-31,quantile,0.8,136
2026-01-24,10,1,wk inc flu hosp,2026-01-31,quantile,0.85,143
2026-01-24,10,1,wk inc flu hosp,2026-01-31,quantile,0.9,151
2026-01-24,10,1,wk inc flu hosp,2026-01-31,quantile,0.95,182
2026-01-24,10,1,wk inc flu hosp,2026-01-31,quantile,0.975,210
2026-01-24,10,1,wk inc flu hosp,2026-01-31,quantile,0.99,222
2026-01-24,10,2,wk inc flu hosp,2026-02-07,quantile,0.01,18
2026-01-24,10,2,wk inc flu hosp,2026-02-07,quantile,0.025,22
2026-01-24,10,2,wk inc flu hosp,2026-02-07,quantile,0.05,26
2026-01-24,10,2,wk inc flu hosp,2026-02-07,quantile,0.1,32
2026-01-24,10,2,wk inc flu hosp,2026-02-07,quantile,0.15,41
2026-01-24,10,2,wk inc flu hosp,2026-02-07,quantile,0.2,49
2026-01-24,10,2,wk inc flu hosp,2026-02-07,quantile,0.25,56
2026-01-24,10,2,wk inc flu hosp,2026-02-07,quantile,0.3,60
2026-01-24,10,2,wk inc flu hosp,2026-02-07,quantile,0.35,70
2026-01-24,10,2,wk inc flu hosp,2026-02-07,quantile,0.4,75
2026-01-24,10,2,wk inc flu hosp,2026-02-07,quantile,0.45,80
2026-01-24,10,2,wk inc flu hosp,2026-02-07,quantile,0.5,86
2026-01-24,10,2,wk inc flu hosp,2026-02-07,quantile,0.55,91
2026-01-24,10,2,wk inc flu hosp,2026-02-07,quantile,0.6,100
2026-01-24,10,2,wk inc flu hosp,2026-02-07,quantile,0.65,107
2026-01-24,10,2,wk inc flu hosp,2026-02-07,quantile,0.7,115
2026-01-24,10,2,wk inc flu hosp,2026-02-07,quantile,0.75,125
2026-01-24,10,2,wk inc flu hosp,2026-02-07,quantile,0.8,136
2026-01-24,10,2,wk inc flu hosp,2026-02-07,quantile,0.85,146
2026-01-24,10,2,wk inc flu hosp,2026-02-07,quantile,0.9,163
2026-01-24,10,2,wk inc flu hosp,2026-02-07,quantile,0.95,187
2026-01-24,10,2,wk inc flu hosp,2026-02-07,quantile,0.975,220
2026-01-24,10,2,wk inc flu hosp,2026-02-07,quantile,0.99,248
2026-01-24,10,3,wk inc flu hosp,2026-02-14,quantile,0.01,13
2026-01-24,10,3,wk inc flu hosp,2026-02-14,quantile,0.025,14
2026-01-24,10,3,wk inc flu hosp,2026-02-14,quantile,0.05,20
2026-01-24,10,3,wk inc flu hosp,2026-02-14,quantile,0.1,26
2026-01-24,10,3,wk inc flu hosp,2026-02-14,quantile,0.15,30
2026-01-24,10,3,wk inc flu hosp,2026-02-14,quantile,0.2,38
2026-01-24,10,3,wk inc flu hosp,2026-02-14,quantile,0.25,45
2026-01-24,10,3,wk inc flu hosp,2026-02-14,quantile,0.3,49
2026-01-24,10,3,wk inc flu hosp,2026-02-14,quantile,0.35,59
2026-01-24,10,3,wk inc flu hosp,2026-02-14,quantile,0.4,66
2026-01-24,10,3,wk inc flu hosp,2026-02-14,quantile,0.45,71
2026-01-24,10,3,wk inc flu hosp,2026-02-14,quantile,0.5,74
2026-01-24,10,3,wk inc flu hosp,2026-02-14,quantile,0.55,81
2026-01-24,10,3,wk inc flu hosp,2026-02-14,quantile,0.6,88
2026-01-24,10,3,wk inc flu hosp,2026-02-14,quantile,0.65,98
2026-01-24,10,3,wk inc flu hosp,2026-02-14,quantile,0.7,108
2026-01-24,10,3,wk inc flu hosp,2026-02-14,quantile,0.75,119
2026-01-24,10,3,wk inc flu hosp,2026-02-14,quantile,0.8,133
2026-01-24,10,3,wk inc flu hosp,2026-02-14,quantile,0.85,144
2026-01-24,10,3,wk inc flu hosp,2026-02-14,quantile,0.9,158
2026-01-24,10,3,wk inc flu hosp,2026-02-14,quantile,0.95,190
2026-01-24,10,3,wk inc flu hosp,2026-02-14,quantile,0.975,207
2026-01-24,10,3,wk inc flu hosp,2026-02-14,quantile,0.99,256
2026-01-24,11,0,wk inc flu hosp,2026-01-24,quantile,0.01,7
2026-01-24,11,0,wk inc flu hosp,2026-01-24,quantile,0.025,11
2026-01-24,11,0,wk inc flu hosp,2026-01-24,quantile,0.05,14
2026-01-24,11,0,wk inc flu hosp,2026-01-24,quantile,0.1,17
2026-01-24,11,0,wk inc flu hosp,2026-01-24,quantile,0.15,21
2026-01-24,11,0,wk inc flu hosp,2026-01-24,quantile,0.2,23
2026-01-24,11,0,wk inc flu hosp,2026-01-24,quantile,0.25,26
2026-01-24,11,0,wk inc flu hosp,2026-01-24,quantile,0.3,27
2026-01-24,11,0,wk inc flu hosp,2026-01-24,quantile,0.35,29
2026-01-24,11,0,wk inc flu hosp,2026-01-24,quantile,0.4,30
2026-01-24,11,0,wk inc flu hosp,2026-01-24,quantile,0.45,31
2026-01-24,11,0,wk inc flu hosp,2026-01-24,quantile,0.5,34
2026-01-24,11,0,wk inc flu hosp,2026-01-24,quantile,0.55,36
2026-01-24,11,0,wk inc flu hosp,2026-01-24,quantile,0.6,38
2026-01-24,11,0,wk inc flu hosp,2026-01-24,quantile,0.65,39
2026-01-24,11,0,wk inc flu hosp,2026-01-24,quantile,0.7,42
2026-01-24,11,0,wk inc flu hosp,2026-01-24,quantile,0.75,44
2026-01-24,11,0,wk inc flu hosp,2026-01-24,quantile,0.8,48
2026-01-24,11,0,wk inc flu hosp,2026-01-24,quantile,0.85,51
2026-01-24,11,0,wk inc flu hosp,2026-01-24,quantile,0.9,57
2026-01-24,11,0,wk inc flu hosp,2026-01-24,quantile,0.95,64
2026-01-24,11,0,wk inc flu hosp,2026-01-24,quantile,0.975,70
2026-01-24,11,0,wk inc flu hosp,2026-01-24,quantile,0.99,84
2026-01-24,11,1,wk inc flu hosp,2026-01-31,quantile,0.01,6
2026-01-24,11,1,wk inc flu hosp,2026-01-31,quantile,0.025,7
2026-01-24,11,1,wk inc flu hosp,2026-01-31,quantile,0.05,9
2026-01-24,11,1,wk inc flu hosp,2026-01-31,quantile,0.1,14
2026-01-24,11,1,wk inc flu hosp,2026-01-31,quantile,0.15,17
2026-01-24,11,1,wk inc flu hosp,2026-01-31,quantile,0.2,19
2026-01-24,11,1,wk inc flu hosp,2026-01-31,quantile,0.25,22
2026-01-24,11,1,wk inc flu hosp,2026-01-31,quantile,0.3,24
2026-01-24,11,1,wk inc flu hosp,2026-01-31,quantile,0.35,25
2026-01-24,11,1,wk inc flu hosp,2026-01-31,quantile,0.4,26
2026-01-24,11,1,wk inc flu hosp,2026-01-31,quantile,0.45,28
2026-01-24,11,1,wk inc flu hosp,2026-01-31,quantile,0.5,32
2026-01-24,11,1,wk inc flu hosp,2026-01-31,quantile,0.55,35
2026-01-24,11,1,wk inc flu hosp,2026-01-31,quantile,0.6,37
2026-01-24,11,1,wk inc flu hosp,2026-01-31,quantile,0.65,39
2026-01-24,11,1,wk inc flu hosp,2026-01-31,quantile,0.7,41
2026-01-24,11,1,wk inc flu hosp,2026-01-31,quantile,0.75,43
2026-01-24,11,1,wk inc flu hosp,2026-01-31,quantile,0.8,49
2026-01-24,11,1,wk inc flu hosp,2026-01-31,quantile,0.85,52
2026-01-24,11,1,wk inc flu hosp,2026-01-31,quantile,0.9,59
2026-01-24,11,1,wk inc flu hosp,2026-01-31,quantile,0.95,68
2026-01-24,11,1,wk inc flu hosp,2026-01-31,quantile,0.975,81
2026-01-24,11,1,wk inc flu hosp,2026-01-31,quantile,0.99,96
2026-01-24,11,2,wk inc flu hosp,2026-02-07,quantile,0.01,3
2026-01-24,11,2,wk inc flu hosp,2026-02-07,quantile,0.025,6
2026-01-24,11,2,wk inc flu hosp,2026-02-07,quantile,0.05,7
2026-01-24,11,2,wk inc flu hosp,2026-02-07,quantile,0.1,11
2026-01-24,11,2,wk inc flu hosp,2026-02-07,quantile,0.15,12
2026-01-24,11,2,wk inc flu hosp,2026-02-07,quantile,0.2,14
2026-01-24,11,2,wk inc flu hosp,2026-02-07,quantile,0.25,16
2026-01-24,11,2,wk inc flu hosp,2026-02-07,quantile,0.3,19
2026-01-24,11,2,wk inc flu hosp,2026-02-07,quantile,0.35,22
2026-01-24,11,2,wk inc flu hosp,2026-02-07,quantile,0.4,25
2026-01-24,11,2,wk inc flu hosp,2026-02-07,quantile,0.45,27
2026-01-24,11,2,wk inc flu hosp,2026-02-07,quantile,0.5,30
2026-01-24,11,2,wk inc flu hosp,2026-02-07,quantile,0.55,33
2026-01-24,11,2,wk inc flu hosp,2026-02-07,quantile,0.6,37
2026-01-24,11,2,wk inc flu hosp,2026-02-07,quantile,0.65,40
2026-01-24,11,2,wk inc flu hosp,2026-02-07,quantile,0.7,43
2026-01-24,11,2,wk inc flu hosp,2026-02-07,quantile,0.75,47
2026-01-24,11,2,wk inc flu hosp,2026-02-07,quantile,0.8,51
2026-01-24,11,2,wk inc flu hosp,2026-02-07,quantile,0.85,56
2026-01-24,11,2,wk inc flu hosp,2026-02-07,quantile,0.9,63
2026-01-24,11,2,wk inc flu hosp,2026-02-07,quantile,0.95,79
2026-01-24,11,2,wk inc flu hosp,2026-02-07,quantile,0.975,88
2026-01-24,11,2,wk inc flu hosp,2026-02-07,quantile,0.99,111
2026-01-24,11,3,wk inc flu hosp,2026-02-14,quantile,0.01,1
2026-01-24,11,3,wk inc flu hosp,2026-02-14,quantile,0.025,3
2026-01-24,11,3,wk inc flu hosp,2026-02-14,quantile,0.05,5
2026-01-24,11,3,wk inc flu hosp,2026-02-14,quantile,0.1,7
2026-01-24,11,3,wk inc flu hosp,2026-02-14,quantile,0.15,9
2026-01-24,11,3,wk inc flu hosp,2026-02-14,quantile,0.2,11
2026-01-24,11,3,wk inc flu hosp,2026-02-14,quantile,0.25,13
2026-01-24,11,3,wk inc flu hosp,2026-02-14,quantile,0.3,15
2026-01-24,11,3,wk inc flu hosp,2026-02-14,quantile,0.35,19
2026-01-24,11,3,wk inc flu hosp,2026-02-14,quantile,0.4,21
2026-01-24,11,3,wk inc flu hosp,2026-02-14,quantile,0.45,25
2026-01-24,11,3,wk inc flu hosp,2026-02-14,quantile,0.5,27
2026-01-24,11,3,wk inc flu hosp,2026-02-14,quantile,0.55,29
2026-01-24,11,3,wk inc flu hosp,2026-02-14,quantile,0.6,32
2026-01-24,11,3,wk inc flu hosp,2026-02-14,quantile,0.65,36
2026-01-24,11,3,wk inc flu hosp,2026-02-14,quantile,0.7,38
2026-01-24,11,3,wk inc flu hosp,2026-02-14,quantile,0.75,40
2026-01-24,11,3,wk inc flu hosp,2026-02-14,quantile,0.8,45
2026-01-24,11,3,wk inc flu hosp,2026-02-14,quantile,0.85,52
2026-01-24,11,3,wk inc flu hosp,2026-02-14,quantile,0.9,62
2026-01-24,11,3,wk inc flu hosp,2026-02-14,quantile,0.95,83
2026-01-24,11,3,wk inc flu hosp,2026-02-14,quantile,0.975,96
2026-01-24,11,3,wk inc flu hosp,2026-02-14,quantile,0.99,116
2026-01-24,12,0,wk inc flu hosp,2026-01-24,quantile,0.01,664
2026-01-24,12,0,wk inc flu hosp,2026-01-24,quantile,0.025,793
2026-01-24,12,0,wk inc flu hosp,2026-01-24,quantile,0.05,867
2026-01-24,12,0,wk inc flu hosp,2026-01-24,quantile,0.1,979
2026-01-24,12,0,wk inc flu hosp,2026-01-24,quantile,0.15,1070
2026-01-24,12,0,wk inc flu hosp,2026-01-24,quantile,0.2,1151
2026-01-24,12,0,wk inc flu hosp,2026-01-24,quantile,0.25,1209
2026-01-24,12,0,wk inc flu hosp,2026-01-24,quantile,0.3,1235
2026-01-24,12,0,wk inc flu hosp,2026-01-24,quantile,0.35,1279
2026-01-24,12,0,wk inc flu hosp,2026-01-24,quantile,0.4,1316
2026-01-24,12,0,wk inc flu hosp,2026-01-24,quantile,0.45,1351
2026-01-24,12,0,wk inc flu hosp,2026-01-24,quantile,0.5,1383
2026-01-24,12,0,wk inc flu hosp,2026-01-24,quantile,0.55,1416
2026-01-24,12,0,wk inc flu hosp,2026-01-24,quantile,0.6,1463
2026-01-24,12,0,wk inc flu hosp,2026-01-24,quantile,0.65,1483
2026-01-24,12,0,wk inc flu hosp,2026-01-24,quantile,0.7,1530
2026-01-24,12,0,wk inc flu hosp,2026-01-24,quantile,0.75,1589
2026-01-24,12,0,wk inc flu hosp,2026-01-24,quantile,0.8,1638
2026-01-24,12,0,wk inc flu hosp,2026-01-24,quantile,0.85,1680
2026-01-24,12,0,wk inc flu hosp,2026-01-24,quantile,0.9,1785
2026-01-24,12,0,wk inc flu hosp,2026-01-24,quantile,0.95,1918
2026-01-24,12,0,wk inc flu hosp,2026-01-24,quantile,0.975,2063
2026-01-24,12,0,wk inc flu hosp,2026-01-24,quantile,0.99,2267
2026-01-24,12,1,wk inc flu hosp,2026-01-31,quantile,0.01,479
2026-01-24,12,1,wk inc flu hosp,2026-01-31,quantile,0.025,568
2026-01-24,12,1,wk inc flu hosp,2026-01-31,quantile,0.05,662
2026-01-24,12,1,wk inc flu hosp,2026-01-31,quantile,0.1,805
2026-01-24,12,1,wk inc flu hosp,2026-01-31,quantile,0.15,872
2026-01-24,12,1,wk inc flu hosp,2026-01-31,quantile,0.2,927
2026-01-24,12,1,wk inc flu hosp,2026-01-31,quantile,0.25,1001
2026-01-24,12,1,wk inc flu hosp,2026-01-31,quantile,0.3,1031
2026-01-24,12,1,wk inc flu hosp,2026-01-31,quantile,0.35,1082
2026-01-24,12,1,wk inc flu hosp,2026-01-31,quantile,0.4,1135
2026-01-24,12,1,wk inc flu hosp,2026-01-31,quantile,0.45,1229
2026-01-24,12,1,wk inc flu hosp,2026-01-31,quantile,0.5,1253
2026-01-24,12,1,wk inc flu hosp,2026-01-31,quantile,0.55,1344
2026-01-24,12,1,wk inc flu hosp,2026-01-31,quantile,0.6,1370
2026-01-24,12,1,wk inc flu hosp,2026-01-31,quantile,0.65,1456
2026-01-24,12,1,wk inc flu hosp,2026-01-31,quantile,0.7,1508
2026-01-24,12,1,wk inc flu hosp,2026-01-31,quantile,0.75,1555
2026-01-24,12,1,wk inc flu hosp,2026-01-31,quantile,0.8,1626
2026-01-24,12,1,wk inc flu hosp,2026-01-31,quantile,0.85,1696
2026-01-24,12,1,wk inc flu hosp,2026-01-31,quantile,0.9,1809
2026-01-24,12,1,wk inc flu hosp,2026-01-31,quantile,0.95,1990
2026-01-24,12,1,wk inc flu hosp,2026-01-31,quantile,0.975,2167
2026-01-24,12,1,wk inc flu hosp,2026-01-31,quantile,0.99,2351
2026-01-24,12,2,wk inc flu hosp,2026-02-07,quantile,0.01,355
2026-01-24,12,2,wk inc flu hosp,2026-02-07,quantile,0.025,434
2026-01-24,12,2,wk inc flu hosp,2026-02-07,quantile,0.05,524
2026-01-24,12,2,wk inc flu hosp,2026-02-07,quantile,0.1,667
2026-01-24,12,2,wk inc flu hosp,2026-02-07,quantile,0.15,763
2026-01-24,12,2,wk inc flu hosp,2026-02-07,quantile,0.2,836
2026-01-24,12,2,wk inc flu hosp,2026-02-07,quantile,0.25,887
2026-01-24,12,2,wk inc flu hosp,2026-02-07,quantile,0.3,929
2026-01-24,12,2,wk inc flu hosp,2026-02-07,quantile,0.35,1000
2026-01-24,12,2,wk inc flu hosp,2026-02-07,quantile,0.4,1059
2026-01-24,12,2,wk inc flu hosp,2026-02-07,quantile,0.45,1110
2026-01-24,12,2,wk inc flu hosp,2026-02-07,quantile,0.5,1161
2026-01-24,12,2,wk inc flu hosp,2026-02-07,quantile,0.55,1213
2026-01-24,12,2,wk inc flu hosp,2026-02-07,quantile,0.6,1268
2026-01-24,12,2,wk inc flu hosp,2026-02-07,quantile,0.65,1325
2026-01-24,12,2,wk inc flu hosp,2026-02-07,quantile,0.7,1388
2026-01-24,12,2,wk inc flu hosp,2026-02-07,quantile,0.75,1477
2026-01-24,12,2,wk inc flu hosp,2026-02-07,quantile,0.8,1569
2026-01-24,12,2,wk inc flu hosp,2026-02-07,quantile,0.85,1709
2026-01-24,12,2,wk inc flu hosp,2026-02-07,quantile,0.9,1874
2026-01-24,12,2,wk inc flu hosp,2026-02-07,quantile,0.95,2088
2026-01-24,12,2,wk inc flu hosp,2026-02-07,quantile,0.975,2325
2026-01-24,12,2,wk inc flu hosp,2026-02-07,quantile,0.99,2568
2026-01-24,12,3,wk inc flu hosp,2026-02-14,quantile,0.01,243
2026-01-24,12,3,wk inc flu hosp,2026-02-14,quantile,0.025,320
2026-01-24,12,3,wk inc flu hosp,2026-02-14,quantile,0.05,405
2026-01-24,12,3,wk inc flu hosp,2026-02-14,quantile,0.1,548
2026-01-24,12,3,wk inc flu hosp,2026-02-14,quantile,0.15,610
2026-01-24,12,3,wk inc flu hosp,2026-02-14,quantile,0.2,697
2026-01-24,12,3,wk inc flu hosp,2026-02-14,quantile,0.25,755
2026-01-24,12,3,wk inc flu hosp,2026-02-14,quantile,0.3,816
2026-01-24,12,3,wk inc flu hosp,2026-02-14,quantile,0.35,884
2026-01-24,12,3,wk inc flu hosp,2026-02-14,quantile,0.4,954
2026-01-24,12,3,wk inc flu hosp,2026-02-14,quantile,0.45,1021
2026-01-24,12,3,wk inc flu hosp,2026-02-14,quantile,0.5,1090
2026-01-24,12,3,wk inc flu hosp,2026-02-14,quantile,0.55,1169
2026-01-24,12,3,wk inc flu hosp,2026-02-14,quantile,0.6,1237
2026-01-24,12,3,wk inc flu hosp,2026-02-14,quantile,0.65,1313
2026-01-24,12,3,wk inc flu hosp,2026-02-14,quantile,0.7,1400
2026-01-24,12,3,wk inc flu hosp,2026-02-14,quantile,0.75,1505
2026-01-24,12,3,wk inc flu hosp,2026-02-14,quantile,0.8,1641
2026-01-24,12,3,wk inc flu hosp,2026-02-14,quantile,0.85,1807
2026-01-24,12,3,wk inc flu hosp,2026-02-14,quantile,0.9,1957
2026-01-24,12,3,wk inc flu hosp,2026-02-14,quantile,0.95,2247
2026-01-24,12,3,wk inc flu hosp,2026-02-14,quantile,0.975,2523
2026-01-24,12,3,wk inc flu hosp,2026-02-14,quantile,0.99,3013
2026-01-24,13,0,wk inc flu hosp,2026-01-24,quantile,0.01,92
2026-01-24,13,0,wk inc flu hosp,2026-01-24,quantile,0.025,112
2026-01-24,13,0,wk inc flu hosp,2026-01-24,quantile,0.05,129
2026-01-24,13,0,wk inc flu hosp,2026-01-24,quantile,0.1,149
2026-01-24,13,0,wk inc flu hosp,2026-01-24,quantile,0.15,160
2026-01-24,13,0,wk inc flu hosp,2026-01-24,quantile,0.2,176
2026-01-24,13,0,wk inc flu hosp,2026-01-24,quantile,0.25,189
2026-01-24,13,0,wk inc flu hosp,2026-01-24,quantile,0.3,197
2026-01-24,13,0,wk inc flu hosp,2026-01-24,quantile,0.35,220
2026-01-24,13,0,wk inc flu hosp,2026-01-24,quantile,0.4,236
2026-01-24,13,0,wk inc flu hosp,2026-01-24,quantile,0.45,249
2026-01-24,13,0,wk inc flu hosp,2026-01-24,quantile,0.5,267
2026-01-24,13,0,wk inc flu hosp,2026-01-24,quantile,0.55,278
2026-01-24,13,0,wk inc flu hosp,2026-01-24,quantile,0.6,295
2026-01-24,13,0,wk inc flu hosp,2026-01-24,quantile,0.65,305
2026-01-24,13,0,wk inc flu hosp,2026-01-24,quantile,0.7,316
2026-01-24,13,0,wk inc flu hosp,2026-01-24,quantile,0.75,327
2026-01-24,13,0,wk inc flu hosp,2026-01-24,quantile,0.8,341
2026-01-24,13,0,wk inc flu hosp,2026-01-24,quantile,0.85,365
2026-01-24,13,0,wk inc flu hosp,2026-01-24,quantile,0.9,398
2026-01-24,13,0,wk inc flu hosp,2026-01-24,quantile,0.95,458
2026-01-24,13,0,wk inc flu hosp,2026-01-24,quantile,0.975,520
2026-01-24,13,0,wk inc flu hosp,2026-01-24,quantile,0.99,617
2026-01-24,13,1,wk inc flu hosp,2026-01-31,quantile,0.01,68
2026-01-24,13,1,wk inc flu hosp,2026-01-31,quantile,0.025,75
2026-01-24,13,1,wk inc flu hosp,2026-01-31,quantile,0.05,83
2026-01-24,13,1,wk inc flu hosp,2026-01-31,quantile,0.1,98
2026-01-24,13,1,wk inc flu hosp,2026-01-31,quantile,0.15,115
2026-01-24,13,1,wk inc flu hosp,2026-01-31,quantile,0.2,131
2026-01-24,13,1,wk inc flu hosp,2026-01-31,quantile,0.25,148
2026-01-24,13,1,wk inc flu hosp,2026-01-31,quantile,0.3,161
2026-01-24,13,1,wk inc flu hosp,2026-01-31,quantile,0.35,185
2026-01-24,13,1,wk inc flu hosp,2026-01-31,quantile,0.4,198
2026-01-24,13,1,wk inc flu hosp,2026-01-31,quantile,0.45,205
2026-01-24,13,1,wk inc flu hosp,2026-01-31,quantile,0.5,223
2026-01-24,13,1,wk inc flu hosp,2026-01-31,quantile,0.55,257
2026-01-24,13,1,wk inc flu hosp,2026-01-31,quantile,0.6,276
2026-01-24,13,1,wk inc flu hosp,2026-01-31,quantile,0.65,290
2026-01-24,13,1,wk inc flu hosp,2026-01-31,quantile,0.7,300
2026-01-24,13,1,wk inc flu hosp,2026-01-31,quantile,0.75,314
2026-01-24,13,1,wk inc flu hosp,2026-01-31,quantile,0.8,328
2026-01-24,13,1,wk inc flu hosp,2026-01-31,quantile,0.85,359
2026-01-24,13,1,wk inc flu hosp,2026-01-31,quantile,0.9,421
2026-01-24,13,1,wk inc flu hosp,2026-01-31,quantile,0.95,492
2026-01-24,13,1,wk inc flu hosp,2026-01-31,quantile,0.975,566
2026-01-24,13,1,wk inc flu hosp,2026-01-31,quantile,0.99,669
2026-01-24,13,2,wk inc flu hosp,2026-02-07,quantile,0.01,40
2026-01-24,13,2,wk inc flu hosp,2026-02-07,quantile,0.025,49
2026-01-24,13,2,wk inc flu hosp,2026-02-07,quantile,0.05,54
2026-01-24,13,2,wk inc flu hosp,2026-02-07,quantile,0.1,75
2026-01-24,13,2,wk inc flu hosp,2026-02-07,quantile,0.15,90
2026-01-24,13,2,wk inc flu hosp,2026-02-07,quantile,0.2,100
2026-01-24,13,2,wk inc flu hosp,2026-02-07,quantile,0.25,110
2026-01-24,13,2,wk inc flu hosp,2026-02-07,quantile,0.3,121
2026-01-24,13,2,wk inc flu hosp,2026-02-07,quantile,0.35,136
2026-01-24,13,2,wk inc flu hosp,2026-02-07,quantile,0.4,149
2026-01-24,13,2,wk inc flu hosp,2026-02-07,quantile,0.45,170
2026-01-24,13,2,wk inc flu hosp,2026-02-07,quantile,0.5,192
2026-01-24,13,2,wk inc flu hosp,2026-02-07,quantile,0.55,221
2026-01-24,13,2,wk inc flu hosp,2026-02-07,quantile,0.6,257
2026-01-24,13,2,wk inc flu hosp,2026-02-07,quantile,0.65,281
2026-01-24,13,2,wk inc flu hosp,2026-02-07,quantile,0.7,294
2026-01-24,13,2,wk inc flu hosp,2026-02-07,quantile,0.75,304
2026-01-24,13,2,wk inc flu hosp,2026-02-07,quantile,0.8,334
2026-01-24,13,2,wk inc flu hosp,2026-02-07,quantile,0.85,350
2026-01-24,13,2,wk inc flu hosp,2026-02-07,quantile,0.9,396
2026-01-24,13,2,wk inc flu hosp,2026-02-07,quantile,0.95,501
2026-01-24,13,2,wk inc flu hosp,2026-02-07,quantile,0.975,592
2026-01-24,13,2,wk inc flu hosp,2026-02-07,quantile,0.99,702
2026-01-24,13,3,wk inc flu hosp,2026-02-14,quantile,0.01,28
2026-01-24,13,3,wk inc flu hosp,2026-02-14,quantile,0.025,33
2026-01-24,13,3,wk inc flu hosp,2026-02-14,quantile,0.05,47
2026-01-24,13,3,wk inc flu hosp,2026-02-14,quantile,0.1,62
2026-01-24,13,3,wk inc flu hosp,2026-02-14,quantile,0.15,72
2026-01-24,13,3,wk inc flu hosp,2026-02-14,quantile,0.2,79
2026-01-24,13,3,wk inc flu hosp,2026-02-14,quantile,0.25,85
2026-01-24,13,3,wk inc flu hosp,2026-02-14,quantile,0.3,106
2026-01-24,13,3,wk inc flu hosp,2026-02-14,quantile,0.35,130
2026-01-24,13,3,wk inc flu hosp,2026-02-14,quantile,0.4,141
2026-01-24,13,3,wk inc flu hosp,2026-02-14,quantile,0.45,151
2026-01-24,13,3,wk inc flu hosp,2026-02-14,quantile,0.5,170
2026-01-24,13,3,wk inc flu hosp,2026-02-14,quantile,0.55,204
2026-01-24,13,3,wk inc flu hosp,2026-02-14,quantile,0.6,226
2026-01-24,13,3,wk inc flu hosp,2026-02-14,quantile,0.65,252
2026-01-24,13,3,wk inc flu hosp,2026-02-14,quantile,0.7,273
2026-01-24,13,3,wk inc flu hosp,2026-02-14,quantile,0.75,290
2026-01-24,13,3,wk inc flu hosp,2026-02-14,quantile,0.8,310
2026-01-24,13,3,wk inc flu hosp,2026-02-14,quantile,0.85,343
2026-01-24,13,3,wk inc flu hosp,2026-02-14,quantile,0.9,408
2026-01-24,13,3,wk inc flu hosp,2026-02-14,quantile,0.95,524
2026-01-24,13,3,wk inc flu hosp,2026-02-14,quantile,0.975,648
2026-01-24,13,3,wk inc flu hosp,2026-02-14,quantile,0.99,775
2026-01-24,15,0,wk inc flu hosp,2026-01-24,quantile,0.01,15
2026-01-24,15,0,wk inc flu hosp,2026-01-24,quantile,0.025,20
2026-01-24,15,0,wk inc flu hosp,2026-01-24,quantile,0.05,24
2026-01-24,15,0,wk inc flu hosp,2026-01-24,quantile,0.1,28
2026-01-24,15,0,wk inc flu hosp,2026-01-24,quantile,0.15,31
2026-01-24,15,0,wk inc flu hosp,2026-01-24,quantile,0.2,33
2026-01-24,15,0,wk inc flu hosp,2026-01-24,quantile,0.25,36
2026-01-24,15,0,wk inc flu hosp,2026-01-24,quantile,0.3,40
2026-01-24,15,0,wk inc flu hosp,2026-01-24,quantile,0.35,43
2026-01-24,15,0,wk inc flu hosp,2026-01-24,quantile,0.4,46
2026-01-24,15,0,wk inc flu hosp,2026-01-24,quantile,0.45,47
2026-01-24,15,0,wk inc flu hosp,2026-01-24,quantile,0.5,50
2026-01-24,15,0,wk inc flu hosp,2026-01-24,quantile,0.55,52
2026-01-24,15,0,wk inc flu hosp,2026-01-24,quantile,0.6,54
2026-01-24,15,0,wk inc flu hosp,2026-01-24,quantile,0.65,56
2026-01-24,15,0,wk inc flu hosp,2026-01-24,quantile,0.7,58
2026-01-24,15,0,wk inc flu hosp,2026-01-24,quantile,0.75,61
2026-01-24,15,0,wk inc flu hosp,2026-01-24,quantile,0.8,65
2026-01-24,15,0,wk inc flu hosp,2026-01-24,quantile,0.85,68
2026-01-24,15,0,wk inc flu hosp,2026-01-24,quantile,0.9,72
2026-01-24,15,0,wk inc flu hosp,2026-01-24,quantile,0.95,81
2026-01-24,15,0,wk inc flu hosp,2026-01-24,quantile,0.975,95
2026-01-24,15,0,wk inc flu hosp,2026-01-24,quantile,0.99,105
2026-01-24,15,1,wk inc flu hosp,2026-01-31,quantile,0.01,9
2026-01-24,15,1,wk inc flu hosp,2026-01-31,quantile,0.025,12
2026-01-24,15,1,wk inc flu hosp,2026-01-31,quantile,0.05,16
2026-01-24,15,1,wk inc flu hosp,2026-01-31,quantile,0.1,21
2026-01-24,15,1,wk inc flu hosp,2026-01-31,quantile,0.15,27
2026-01-24,15,1,wk inc flu hosp,2026-01-31,quantile,0.2,30
2026-01-24,15,1,wk inc flu hosp,2026-01-31,quantile,0.25,33
2026-01-24,15,1,wk inc flu hosp,2026-01-31,quantile,0.3,36
2026-01-24,15,1,wk inc flu hosp,2026-01-31,quantile,0.35,38
2026-01-24,15,1,wk inc flu hosp,2026-01-31,quantile,0.4,41
2026-01-24,15,1,wk inc flu hosp,2026-01-31,quantile,0.45,43
2026-01-24,15,1,wk inc flu hosp,2026-01-31,quantile,0.5,46
2026-01-24,15,1,wk inc flu hosp,2026-01-31,quantile,0.55,47
2026-01-24,15,1,wk inc flu hosp,2026-01-31,quantile,0.6,50
2026-01-24,15,1,wk inc flu hosp,2026-01-31,quantile,0.65,54
2026-01-24,15,1,wk inc flu hosp,2026-01-31,quantile,0.7,57
2026-01-24,15,1,wk inc flu hosp,2026-01-31,quantile,0.75,60
2026-01-24,15,1,wk inc flu hosp,2026-01-31,quantile,0.8,62
2026-01-24,15,1,wk inc flu hosp,2026-01-31,quantile,0.85,68
2026-01-24,15,1,wk inc flu hosp,2026-01-31,quantile,0.9,76
2026-01-24,15,1,wk inc flu hosp,2026-01-31,quantile,0.95,84
2026-01-24,15,1,wk inc flu hosp,2026-01-31,quantile,0.975,97
2026-01-24,15,1,wk inc flu hosp,2026-01-31,quantile,0.99,108
2026-01-24,15,2,wk inc flu hosp,2026-02-07,quantile,0.01,7
2026-01-24,15,2,wk inc flu hosp,2026-02-07,quantile,0.025,11
2026-01-24,15,2,wk inc flu hosp,2026-02-07,quantile,0.05,13
2026-01-24,15,2,wk inc flu hosp,2026-02-07,quantile,0.1,17
2026-01-24,15,2,wk inc flu hosp,2026-02-07,quantile,0.15,22
2026-01-24,15,2,wk inc flu hosp,2026-02-07,quantile,0.2,26
2026-01-24,15,2,wk inc flu hosp,2026-02-07,quantile,0.25,30
2026-01-24,15,2,wk inc flu hosp,2026-02-07,quantile,0.3,33
2026-01-24,15,2,wk inc flu hosp,2026-02-07,quantile,0.35,36
2026-01-24,15,2,wk inc flu hosp,2026-02-07,quantile,0.4,38
2026-01-24,15,2,wk inc flu hosp,2026-02-07,quantile,0.45,40
2026-01-24,15,2,wk inc flu hosp,2026-02-07,quantile,0.5,43
2026-01-24,15,2,wk inc flu hosp,2026-02-07,quantile,0.55,45
2026-01-24,15,2,wk inc flu hosp,2026-02-07,quantile,0.6,47
2026-01-24,15,2,wk inc flu hosp,2026-02-07,quantile,0.65,50
2026-01-24,15,2,wk inc flu hosp,2026-02-07,quantile,0.7,54
2026-01-24,15,2,wk inc flu hosp,2026-02-07,quantile,0.75,58
2026-01-24,15,2,wk inc flu hosp,2026-02-07,quantile,0.8,63
2026-01-24,15,2,wk inc flu hosp,2026-02-07,quantile,0.85,70
2026-01-24,15,2,wk inc flu hosp,2026-02-07,quantile,0.9,78
2026-01-24,15,2,wk inc flu hosp,2026-02-07,quantile,0.95,90
2026-01-24,15,2,wk inc flu hosp,2026-02-07,quantile,0.975,107
2026-01-24,15,2,wk inc flu hosp,2026-02-07,quantile,0.99,123
2026-01-24,15,3,wk inc flu hosp,2026-02-14,quantile,0.01,6
2026-01-24,15,3,wk inc flu hosp,2026-02-14,quantile,0.025,8
2026-01-24,15,3,wk inc flu hosp,2026-02-14,quantile,0.05,12
2026-01-24,15,3,wk inc flu hosp,2026-02-14,quantile,0.1,13
2026-01-24,15,3,wk inc flu hosp,2026-02-14,quantile,0.15,17
2026-01-24,15,3,wk inc flu hosp,2026-02-14,quantile,0.2,22
2026-01-24,15,3,wk inc flu hosp,2026-02-14,quantile,0.25,28
2026-01-24,15,3,wk inc flu hosp,2026-02-14,quantile,0.3,30
2026-01-24,15,3,wk inc flu hosp,2026-02-14,quantile,0.35,32
2026-01-24,15,3,wk inc flu hosp,2026-02-14,quantile,0.4,35
2026-01-24,15,3,wk inc flu hosp,2026-02-14,quantile,0.45,37
2026-01-24,15,3,wk inc flu hosp,2026-02-14,quantile,0.5,41
2026-01-24,15,3,wk inc flu hosp,2026-02-14,quantile,0.55,42
2026-01-24,15,3,wk inc flu hosp,2026-02-14,quantile,0.6,45
2026-01-24,15,3,wk inc flu hosp,2026-02-14,quantile,0.65,48
2026-01-24,15,3,wk inc flu hosp,2026-02-14,quantile,0.7,52
2026-01-24,15,3,wk inc flu hosp,2026-02-14,quantile,0.75,56
2026-01-24,15,3,wk inc flu hosp,2026-02-14,quantile,0.8,64
2026-01-24,15,3,wk inc flu hosp,2026-02-14,quantile,0.85,69
2026-01-24,15,3,wk inc flu hosp,2026-02-14,quantile,0.9,78
2026-01-24,15,3,wk inc flu hosp,2026-02-14,quantile,0.95,91
2026-01-24,15,3,wk inc flu hosp,2026-02-14,quantile,0.975,109
2026-01-24,15,3,wk inc flu hosp,2026-02-14,quantile,0.99,129
2026-01-24,16,0,wk inc flu hosp,2026-01-24,quantile,0.01,32
2026-01-24,16,0,wk inc flu hosp,2026-01-24,quantile,0.025,42
2026-01-24,16,0,wk inc flu hosp,2026-01-24,quantile,0.05,52
2026-01-24,16,0,wk inc flu hosp,2026-01-24,quantile,0.1,59
2026-01-24,16,0,wk inc flu hosp,2026-01-24,quantile,0.15,73
2026-01-24,16,0,wk inc flu hosp,2026-01-24,quantile,0.2,76
2026-01-24,16,0,wk inc flu hosp,2026-01-24,quantile,0.25,81
2026-01-24,16,0,wk inc flu hosp,2026-01-24,quantile,0.3,86
2026-01-24,16,0,wk inc flu hosp,2026-01-24,quantile,0.35,89
2026-01-24,16,0,wk inc flu hosp,2026-01-24,quantile,0.4,92
2026-01-24,16,0,wk inc flu hosp,2026-01-24,quantile,0.45,95
2026-01-24,16,0,wk inc flu hosp,2026-01-24,quantile,0.5,101
2026-01-24,16,0,wk inc flu hosp,2026-01-24,quantile,0.55,105
2026-01-24,16,0,wk inc flu hosp,2026-01-24,quantile,0.6,108
2026-01-24,16,0,wk inc flu hosp,2026-01-24,quantile,0.65,112
2026-01-24,16,0,wk inc flu hosp,2026-01-24,quantile,0.7,116
2026-01-24,16,0,wk inc flu hosp,2026-01-24,quantile,0.75,120
2026-01-24,16,0,wk inc flu hosp,2026-01-24,quantile,0.8,125
2026-01-24,16,0,wk inc flu hosp,2026-01-24,quantile,0.85,131
2026-01-24,16,0,wk inc flu hosp,2026-01-24,quantile,0.9,145
2026-01-24,16,0,wk inc flu hosp,2026-01-24,quantile,0.95,158
2026-01-24,16,0,wk inc flu hosp,2026-01-24,quantile,0.975,171
2026-01-24,16,0,wk inc flu hosp,2026-01-24,quantile,0.99,201
2026-01-24,16,1,wk inc flu hosp,2026-01-31,quantile,0.01,22
2026-01-24,16,1,wk inc flu hosp,2026-01-31,quantile,0.025,30
2026-01-24,16,1,wk inc flu hosp,2026-01-31,quantile,0.05,36
2026-01-24,16,1,wk inc flu hosp,2026-01-31,quantile,0.1,46
2026-01-24,16,1,wk inc flu hosp,2026-01-31,quantile,0.15,52
2026-01-24,16,1,wk inc flu hosp,2026-01-31,quantile,0.2,59
2026-01-24,16,1,wk inc flu hosp,2026-01-31,quantile,0.25,66
2026-01-24,16,1,wk inc flu hosp,2026-01-31,quantile,0.3,70
2026-01-24,16,1,wk inc flu hosp,2026-01-31,quantile,0.35,75
2026-01-24,16,1,wk inc flu hosp,2026-01-31,quantile,0.4,79
2026-01-24,16,1,wk inc flu hosp,2026-01-31,quantile,0.45,83
2026-01-24,16,1,wk inc flu hosp,2026-01-31,quantile,0.5,89
2026-01-24,16,1,wk inc flu hosp,2026-01-31,quantile,0.55,95
2026-01-24,16,1,wk inc flu hosp,2026-01-31,quantile,0.6,100
2026-01-24,16,1,wk inc flu hosp,2026-01-31,quantile,0.65,104
2026-01-24,16,1,wk inc flu hosp,2026-01-31,quantile,0.7,108
2026-01-24,16,1,wk inc flu hosp,2026-01-31,quantile,0.75,113
2026-01-24,16,1,wk inc flu hosp,2026-01-31,quantile,0.8,119
2026-01-24,16,1,wk inc flu hosp,2026-01-31,quantile,0.85,128
2026-01-24,16,1,wk inc flu hosp,2026-01-31,quantile,0.9,143
2026-01-24,16,1,wk inc flu hosp,2026-01-31,quantile,0.95,171
2026-01-24,16,1,wk inc flu hosp,2026-01-31,quantile,0.975,199
2026-01-24,16,1,wk inc flu hosp,2026-01-31,quantile,0.99,241
2026-01-24,16,2,wk inc flu hosp,2026-02-07,quantile,0.01,15
2026-01-24,16,2,wk inc flu hosp,2026-02-07,quantile,0.025,21
2026-01-24,16,2,wk inc flu hosp,2026-02-07,quantile,0.05,26
2026-01-24,16,2,wk inc flu hosp,2026-02-07,quantile,0.1,34
2026-01-24,16,2,wk inc flu hosp,2026-02-07,quantile,0.15,42
2026-01-24,16,2,wk inc flu hosp,2026-02-07,quantile,0.2,50
2026-01-24,16,2,wk inc flu hosp,2026-02-07,quantile,0.25,57
2026-01-24,16,2,wk inc flu hosp,2026-02-07,quantile,0.3,63
2026-01-24,16,2,wk inc flu hosp,2026-02-07,quantile,0.35,69
2026-01-24,16,2,wk inc flu hosp,2026-02-07,quantile,0.4,76
2026-01-24,16,2,wk inc flu hosp,2026-02-07,quantile,0.45,80
2026-01-24,16,2,wk inc flu hosp,2026-02-07,quantile,0.5,85
2026-01-24,16,2,wk inc flu hosp,2026-02-07,quantile,0.55,92
2026-01-24,16,2,wk inc flu hosp,2026-02-07,quantile,0.6,98
2026-01-24,16,2,wk inc flu hosp,2026-02-07,quantile,0.65,108
2026-01-24,16,2,wk inc flu hosp,2026-02-07,quantile,0.7,109
2026-01-24,16,2,wk inc flu hosp,2026-02-07,quantile,0.75,116
2026-01-24,16,2,wk inc flu hosp,2026-02-07,quantile,0.8,124
2026-01-24,16,2,wk inc flu hosp,2026-02-07,quantile,0.85,137
2026-01-24,16,2,wk inc flu hosp,2026-02-07,quantile,0.9,154
2026-01-24,16,2,wk inc flu hosp,2026-02-07,quantile,0.95,182
2026-01-24,16,2,wk inc flu hosp,2026-02-07,quantile,0.975,203
2026-01-24,16,2,wk inc flu hosp,2026-02-07,quantile,0.99,253
2026-01-24,16,3,wk inc flu hosp,2026-02-14,quantile,0.01,10
2026-01-24,16,3,wk inc flu hosp,2026-02-14,quantile,0.025,15
2026-01-24,16,3,wk inc flu hosp,2026-02-14,quantile,0.05,23
2026-01-24,16,3,wk inc flu hosp,2026-02-14,quantile,0.1,29
2026-01-24,16,3,wk inc flu hosp,2026-02-14,quantile,0.15,33
2026-01-24,16,3,wk inc flu hosp,2026-02-14,quantile,0.2,42
2026-01-24,16,3,wk inc flu hosp,2026-02-14,quantile,0.25,48
2026-01-24,16,3,wk inc flu hosp,2026-02-14,quantile,0.3,57
2026-01-24,16,3,wk inc flu hosp,2026-02-14,quantile,0.35,61
2026-01-24,16,3,wk inc flu hosp,2026-02-14,quantile,0.4,70
2026-01-24,16,3,wk inc flu hosp,2026-02-14,quantile,0.45,75
2026-01-24,16,3,wk inc flu hosp,2026-02-14,quantile,0.5,82
2026-01-24,16,3,wk inc flu hosp,2026-02-14,quantile,0.55,90
2026-01-24,16,3,wk inc flu hosp,2026-02-14,quantile,0.6,93
2026-01-24,16,3,wk inc flu hosp,2026-02-14,quantile,0.65,100
2026-01-24,16,3,wk inc flu hosp,2026-02-14,quantile,0.7,107
2026-01-24,16,3,wk inc flu hosp,2026-02-14,quantile,0.75,113
2026-01-24,16,3,wk inc flu hosp,2026-02-14,quantile,0.8,123
2026-01-24,16,3,wk inc flu hosp,2026-02-14,quantile,0.85,136
2026-01-24,16,3,wk inc flu hosp,2026-02-14,quantile,0.9,157
2026-01-24,16,3,wk inc flu hosp,2026-02-14,quantile,0.95,187
2026-01-24,16,3,wk inc flu hosp,2026-02-14,quantile,0.975,209
2026-01-24,16,3,wk inc flu hosp,2026-02-14,quantile,0.99,264
2026-01-24,17,0,wk inc flu hosp,2026-01-24,quantile,0.01,273
2026-01-24,17,0,wk inc flu hosp,2026-01-24,quantile,0.025,329
2026-01-24,17,0,wk inc flu hosp,2026-01-24,quantile,0.05,366
2026-01-24,17,0,wk inc flu hosp,2026-01-24,quantile,0.1,418
2026-01-24,17,0,wk inc flu hosp,2026-01-24,quantile,0.15,454
2026-01-24,17,0,wk inc flu hosp,2026-01-24,quantile,0.2,474
2026-01-24,17,0,wk inc flu hosp,2026-01-24,quantile,0.25,492
2026-01-24,17,0,wk inc flu hosp,2026-01-24,quantile,0.3,535
2026-01-24,17,0,wk inc flu hosp,2026-01-24,quantile,0.35,556
2026-01-24,17,0,wk inc flu hosp,2026-01-24,quantile,0.4,576
2026-01-24,17,0,wk inc flu hosp,2026-01-24,quantile,0.45,598
2026-01-24,17,0,wk inc flu hosp,2026-01-24,quantile,0.5,628
2026-01-24,17,0,wk inc flu hosp,2026-01-24,quantile,0.55,652
2026-01-24,17,0,wk inc flu hosp,2026-01-24,quantile,0.6,689
2026-01-24,17,0,wk inc flu hosp,2026-01-24,quantile,0.65,707
2026-01-24,17,0,wk inc flu hosp,2026-01-24,quantile,0.7,726
2026-01-24,17,0,wk inc flu hosp,2026-01-24,quantile,0.75,756
2026-01-24,17,0,wk inc flu hosp,2026-01-24,quantile,0.8,795
2026-01-24,17,0,wk inc flu hosp,2026-01-24,quantile,0.85,847
2026-01-24,17,0,wk inc flu hosp,2026-01-24,quantile,0.9,915
2026-01-24,17,0,wk inc flu hosp,2026-01-24,quantile,0.95,1026
2026-01-24,17,0,wk inc flu hosp,2026-01-24,quantile,0.975,1117
2026-01-24,17,0,wk inc flu hosp,2026-01-24,quantile,0.99,1196
2026-01-24,17,1,wk inc flu hosp,2026-01-31,quantile,0.01,215
2026-01-24,17,1,wk inc flu hosp,2026-01-31,quantile,0.025,251
2026-01-24,17,1,wk inc flu hosp,2026-01-31,quantile,0.05,281
2026-01-24,17,1,wk inc flu hosp,2026-01-31,quantile,0.1,324
2026-01-24,17,1,wk inc flu hosp,2026-01-31,quantile,0.15,335
2026-01-24,17,1,wk inc flu hosp,2026-01-31,quantile,0.2,359
2026-01-24,17,1,wk inc flu hosp,2026-01-31,quantile,0.25,392
2026-01-24,17,1,wk inc flu hosp,2026-01-31,quantile,0.3,435
2026-01-24,17,1,wk inc flu hosp,2026-01-31,quantile,0.35,458
2026-01-24,17,1,wk inc flu hosp,2026-01-31,quantile,0.4,490
2026-01-24,17,1,wk inc flu hosp,2026-01-31,quantile,0.45,531
2026-01-24,17,1,wk inc flu hosp,2026-01-31,quantile,0.5,584
2026-01-24,17,1,wk inc flu hosp,2026-01-31,quantile,0.55,615
2026-01-24,17,1,wk inc flu hosp,2026-01-31,quantile,0.6,627
2026-01-24,17,1,wk inc flu hosp,2026-01-31,quantile,0.65,688
2026-01-24,17,1,wk inc flu hosp,2026-01-31,quantile,0.7,727
2026-01-24,17,1,wk inc flu hosp,2026-01-31,quantile,0.75,758
2026-01-24,17,1,wk inc flu hosp,2026-01-31,quantile,0.8,788
2026-01-24,17,1,wk inc flu hosp,2026-01-31,quantile,0.85,839
2026-01-24,17,1,wk inc flu hosp,2026-01-31,quantile,0.9,915
2026-01-24,17,1,wk inc flu hosp,2026-01-31,quantile,0.95,1077
2026-01-24,17,1,wk inc flu hosp,2026-01-31,quantile,0.975,1182
2026-01-24,17,1,wk inc flu hosp,2026-01-31,quantile,0.99,1373
2026-01-24,17,2,wk inc flu hosp,2026-02-07,quantile,0.01,143
2026-01-24,17,2,wk inc flu hosp,2026-02-07,quantile,0.025,168
2026-01-24,17,2,wk inc flu hosp,2026-02-07,quantile,0.05,202
2026-01-24,17,2,wk inc flu hosp,2026-02-07,quantile,0.1,232
2026-01-24,17,2,wk inc flu hosp,2026-02-07,quantile,0.15,249
2026-01-24,17,2,wk inc flu hosp,2026-02-07,quantile,0.2,313
2026-01-24,17,2,wk inc flu hosp,2026-02-07,quantile,0.25,328
2026-01-24,17,2,wk inc flu hosp,2026-02-07,quantile,0.3,366
2026-01-24,17,2,wk inc flu hosp,2026-02-07,quantile,0.35,422
2026-01-24,17,2,wk inc flu hosp,2026-02-07,quantile,0.4,439
2026-01-24,17,2,wk inc flu hosp,2026-02-07,quantile,0.45,493
2026-01-24,17,2,wk inc flu hosp,2026-02-07,quantile,0.5,550
2026-01-24,17,2,wk inc flu hosp,2026-02-07,quantile,0.55,587
2026-01-24,17,2,wk inc flu hosp,2026-02-07,quantile,0.6,619
2026-01-24,17,2,wk inc flu hosp,2026-02-07,quantile,0.65,650
2026-01-24,17,2,wk inc flu hosp,2026-02-07,quantile,0.7,686
2026-01-24,17,2,wk inc flu hosp,2026-02-07,quantile,0.75,731
2026-01-24,17,2,wk inc flu hosp,2026-02-07,quantile,0.8,788
2026-01-24,17,2,wk inc flu hosp,2026-02-07,quantile,0.85,843
2026-01-24,17,2,wk inc flu hosp,2026-02-07,quantile,0.9,932
2026-01-24,17,2,wk inc flu hosp,2026-02-07,quantile,0.95,1168
2026-01-24,17,2,wk inc flu hosp,2026-02-07,quantile,0.975,1405
2026-01-24,17,2,wk inc flu hosp,2026-02-07,quantile,0.99,1613
2026-01-24,17,3,wk inc flu hosp,2026-02-14,quantile,0.01,96
2026-01-24,17,3,wk inc flu hosp,2026-02-14,quantile,0.025,123
2026-01-24,17,3,wk inc flu hosp,2026-02-14,quantile,0.05,152
2026-01-24,17,3,wk inc flu hosp,2026-02-14,quantile,0.1,185
2026-01-24,17,3,wk inc flu hosp,2026-02-14,quantile,0.15,208
2026-01-24,17,3,wk inc flu hosp,2026-02-14,quantile,0.2,244
2026-01-24,17,3,wk inc flu hosp,2026-02-14,quantile,0.25,268
2026-01-24,17,3,wk inc flu hosp,2026-02-14,quantile,0.3,314
2026-01-24,17,3,wk inc flu hosp,2026-02-14,quantile,0.35,360
2026-01-24,17,3,wk inc flu hosp,2026-02-14,quantile,0.4,385
2026-01-24,17,3,wk inc flu hosp,2026-02-14,quantile,0.45,419
2026-01-24,17,3,wk inc flu hosp,2026-02-14,quantile,0.5,443
2026-01-24,17,3,wk inc flu hosp,2026-02-14,quantile,0.55,507
2026-01-24,17,3,wk inc flu hosp,2026-02-14,quantile,0.6,557
2026-01-24,17,3,wk inc flu hosp,2026-02-14,quantile,0.65,620
2026-01-24,17,3,wk inc flu hosp,2026-02-14,quantile,0.7,682
2026-01-24,17,3,wk inc flu hosp,2026-02-14,quantile,0.75,721
2026-01-24,17,3,wk inc flu hosp,2026-02-14,quantile,0.8,795
2026-01-24,17,3,wk inc flu hosp,2026-02-14,quantile,0.85,849
2026-01-24,17,3,wk inc flu hosp,2026-02-14,quantile,0.9,974
2026-01-24,17,3,wk inc flu hosp,2026-02-14,quantile,0.95,1233
2026-01-24,17,3,wk inc flu hosp,2026-02-14,quantile,0.975,1436
2026-01-24,17,3,wk inc flu hosp,2026-02-14,quantile,0.99,1623
2026-01-24,18,0,wk inc flu hosp,2026-01-24,quantile,0.01,108
2026-01-24,18,0,wk inc flu hosp,2026-01-24,quantile,0.025,132
2026-01-24,18,0,wk inc flu hosp,2026-01-24,quantile,0.05,156
2026-01-24,18,0,wk inc flu hosp,2026-01-24,quantile,0.1,184
2026-01-24,18,0,wk inc flu hosp,2026-01-24,quantile,0.15,206
2026-01-24,18,0,wk inc flu hosp,2026-01-24,quantile,0.2,213
2026-01-24,18,0,wk inc flu hosp,2026-01-24,quantile,0.25,240
2026-01-24,18,0,wk inc flu hosp,2026-01-24,quantile,0.3,255
2026-01-24,18,0,wk inc flu hosp,2026-01-24,quantile,0.35,273
2026-01-24,18,0,wk inc flu hosp,2026-01-24,quantile,0.4,287
2026-01-24,18,0,wk inc flu hosp,2026-01-24,quantile,0.45,295
2026-01-24,18,0,wk inc flu hosp,2026-01-24,quantile,0.5,308
2026-01-24,18,0,wk inc flu hosp,2026-01-24,quantile,0.55,321
2026-01-24,18,0,wk inc flu hosp,2026-01-24,quantile,0.6,328
2026-01-24,18,0,wk inc flu hosp,2026-01-24,quantile,0.65,339
2026-01-24,18,0,wk inc flu hosp,2026-01-24,quantile,0.7,352
2026-01-24,18,0,wk inc flu hosp,2026-01-24,quantile,0.75,364
2026-01-24,18,0,wk inc flu hosp,2026-01-24,quantile,0.8,388
2026-01-24,18,0,wk inc flu hosp,2026-01-24,quantile,0.85,413
2026-01-24,18,0,wk inc flu hosp,2026-01-24,quantile,0.9,447
2026-01-24,18,0,wk inc flu hosp,2026-01-24,quantile,0.95,501
2026-01-24,18,0,wk inc flu hosp,2026-01-24,quantile,0.975,562
2026-01-24,18,0,wk inc flu hosp,2026-01-24,quantile,0.99,640
2026-01-24,18,1,wk inc flu hosp,2026-01-31,quantile,0.01,84
2026-01-24,18,1,wk inc flu hosp,2026-01-31,quantile,0.025,102
2026-01-24,18,1,wk inc flu hosp,2026-01-31,quantile,0.05,126
2026-01-24,18,1,wk inc flu hosp,2026-01-31,quantile,0.1,146
2026-01-24,18,1,wk inc flu hosp,2026-01-31,quantile,0.15,166
2026-01-24,18,1,wk inc flu hosp,2026-01-31,quantile,0.2,185
2026-01-24,18,1,wk inc flu hosp,2026-01-31,quantile,0.25,190
2026-01-24,18,1,wk inc flu hosp,2026-01-31,quantile,0.3,207
2026-01-24,18,1,wk inc flu hosp,2026-01-31,quantile,0.35,224
2026-01-24,18,1,wk inc flu hosp,2026-01-31,quantile,0.4,244
2026-01-24,18,1,wk inc flu hosp,2026-01-31,quantile,0.45,265
2026-01-24,18,1,wk inc flu hosp,2026-01-31,quantile,0.5,286
2026-01-24,18,1,wk inc flu hosp,2026-01-31,quantile,0.55,304
2026-01-24,18,1,wk inc flu hosp,2026-01-31,quantile,0.6,328
2026-01-24,18,1,wk inc flu hosp,2026-01-31,quantile,0.65,346
2026-01-24,18,1,wk inc flu hosp,2026-01-31,quantile,0.7,356
2026-01-24,18,1,wk inc flu hosp,2026-01-31,quantile,0.75,378
2026-01-24,18,1,wk inc flu hosp,2026-01-31,quantile,0.8,405
2026-01-24,18,1,wk inc flu hosp,2026-01-31,quantile,0.85,438
2026-01-24,18,1,wk inc flu hosp,2026-01-31,quantile,0.9,481
2026-01-24,18,1,wk inc flu hosp,2026-01-31,quantile,0.95,603
2026-01-24,18,1,wk inc flu hosp,2026-01-31,quantile,0.975,689
2026-01-24,18,1,wk inc flu hosp,2026-01-31,quantile,0.99,802
2026-01-24,18,2,wk inc flu hosp,2026-02-07,quantile,0.01,53
2026-01-24,18,2,wk inc flu hosp,2026-02-07,quantile,0.025,73
2026-01-24,18,2,wk inc flu hosp,2026-02-07,quantile,0.05,90
2026-01-24,18,2,wk inc flu hosp,2026-02-07,quantile,0.1,110
2026-01-24,18,2,wk inc flu hosp,2026-02-07,quantile,0.15,129
2026-01-24,18,2,wk inc flu hosp,2026-02-07,quantile,0.2,150
2026-01-24,18,2,wk inc flu hosp,2026-02-07,quantile,0.25,160
2026-01-24,18,2,wk inc flu hosp,2026-02-07,quantile,0.3,176
2026-01-24,18,2,wk inc flu hosp,2026-02-07,quantile,0.35,193
2026-01-24,18,2,wk inc flu hosp,2026-02-07,quantile,0.4,211
2026-01-24,18,2,wk inc flu hosp,2026-02-07,quantile,0.45,231
2026-01-24,18,2,wk inc flu hosp,2026-02-07,quantile,0.5,251
2026-01-24,18,2,wk inc flu hosp,2026-02-07,quantile,0.55,287
2026-01-24,18,2,wk inc flu hosp,2026-02-07,quantile,0.6,310
2026-01-24,18,2,wk inc flu hosp,2026-02-07,quantile,0.65,335
2026-01-24,18,2,wk inc flu hosp,2026-02-07,quantile,0.7,355
2026-01-24,18,2,wk inc flu hosp,2026-02-07,quantile,0.75,371
2026-01-24,18,2,wk inc flu hosp,2026-02-07,quantile,0.8,395
2026-01-24,18,2,wk inc flu hosp,2026-02-07,quantile,0.85,434
2026-01-24,18,2,wk inc flu hosp,2026-02-07,quantile,0.9,502
2026-01-24,18,2,wk inc flu hosp,2026-02-07,quantile,0.95,619
2026-01-24,18,2,wk inc flu hosp,2026-02-07,quantile,0.975,761
2026-01-24,18,2,wk inc flu hosp,2026-02-07,quantile,0.99,917
2026-01-24,18,3,wk inc flu hosp,2026-02-14,quantile,0.01,42
2026-01-24,18,3,wk inc flu hosp,2026-02-14,quantile,0.025,51
2026-01-24,18,3,wk inc flu hosp,2026-02-14,quantile,0.05,65
2026-01-24,18,3,wk inc flu hosp,2026-02-14,quantile,0.1,94
2026-01-24,18,3,wk inc flu hosp,2026-02-14,quantile,0.15,111
2026-01-24,18,3,wk inc flu hosp,2026-02-14,quantile,0.2,131
2026-01-24,18,3,wk inc flu hosp,2026-02-14,quantile,0.25,143
2026-01-24,18,3,wk inc flu hosp,2026-02-14,quantile,0.3,156
2026-01-24,18,3,wk inc flu hosp,2026-02-14,quantile,0.35,186
2026-01-24,18,3,wk inc flu hosp,2026-02-14,quantile,0.4,198
2026-01-24,18,3,wk inc flu hosp,2026-02-14,quantile,0.45,215
2026-01-24,18,3,wk inc flu hosp,2026-02-14,quantile,0.5,231
2026-01-24,18,3,wk inc flu hosp,2026-02-14,quantile,0.55,249
2026-01-24,18,3,wk inc flu hosp,2026-02-14,quantile,0.6,291
2026-01-24,18,3,wk inc flu hosp,2026-02-14,quantile,0.65,321
2026-01-24,18,3,wk inc flu hosp,2026-02-14,quantile,0.7,347
2026-01-24,18,3,wk inc flu hosp,2026-02-14,quantile,0.75,372
2026-01-24,18,3,wk inc flu hosp,2026-02-14,quantile,0.8,396
2026-01-24,18,3,wk inc flu hosp,2026-02-14,quantile,0.85,442
2026-01-24,18,3,wk inc flu hosp,2026-02-14,quantile,0.9,544
2026-01-24,18,3,wk inc flu hosp,2026-02-14,quantile,0.95,664
2026-01-24,18,3,wk inc flu hosp,2026-02-14,quantile,0.975,783
2026-01-24,18,3,wk inc flu hosp,2026-02-14,quantile,0.99,987
2026-01-24,19,0,wk inc flu hosp,2026-01-24,quantile,0.01,92
2026-01-24,19,0,wk inc flu hosp,2026-01-24,quantile,0.025,104
2026-01-24,19,0,wk inc flu hosp,2026-01-24,quantile,0.05,122
2026-01-24,19,0,wk inc flu hosp,2026-01-24,quantile,0.1,141
2026-01-24,19,0,wk inc flu hosp,2026-01-24,quantile,0.15,157
2026-01-24,19,0,wk inc flu hosp,2026-01-24,quantile,0.2,167
2026-01-24,19,0,wk inc flu hosp,2026-01-24,quantile,0.25,184
2026-01-24,19,0,wk inc flu hosp,2026-01-24,quantile,0.3,196
2026-01-24,19,0,wk inc flu hosp,2026-01-24,quantile,0.35,204
2026-01-24,19,0,wk inc flu hosp,2026-01-24,quantile,0.4,212
2026-01-24,19,0,wk inc flu hosp,2026-01-24,quantile,0.45,221
2026-01-24,19,0,wk inc flu hosp,2026-01-24,quantile,0.5,231
2026-01-24,19,0,wk inc flu hosp,2026-01-24,quantile,0.55,242
2026-01-24,19,0,wk inc flu hosp,2026-01-24,quantile,0.6,254
2026-01-24,19,0,wk inc flu hosp,2026-01-24,quantile,0.65,264
2026-01-24,19,0,wk inc flu hosp,2026-01-24,quantile,0.7,269
2026-01-24,19,0,wk inc flu hosp,2026-01-24,quantile,0.75,280
2026-01-24,19,0,wk inc flu hosp,2026-01-24,quantile,0.8,294
2026-01-24,19,0,wk inc flu hosp,2026-01-24,quantile,0.85,318
2026-01-24,19,0,wk inc flu hosp,2026-01-24,quantile,0.9,340
2026-01-24,19,0,wk inc flu hosp,2026-01-24,quantile,0.95,366
2026-01-24,19,0,wk inc flu hosp,2026-01-24,quantile,0.975,392
2026-01-24,19,0,wk inc flu hosp,2026-01-24,quantile,0.99,444
2026-01-24,19,1,wk inc flu hosp,2026-01-31,quantile,0.01,54
2026-01-24,19,1,wk inc flu hosp,2026-01-31,quantile,0.025,72
2026-01-24,19,1,wk inc flu hosp,2026-01-31,quantile,0.05,83
2026-01-24,19,1,wk inc flu hosp,2026-01-31,quantile,0.1,100
2026-01-24,19,1,wk inc flu hosp,2026-01-31,quantile,0.15,119
2026-01-24,19,1,wk inc flu hosp,2026-01-31,quantile,0.2,130
2026-01-24,19,1,wk inc flu hosp,2026-01-31,quantile,0.25,140
2026-01-24,19,1,wk inc flu hosp,2026-01-31,quantile,0.3,152
2026-01-24,19,1,wk inc flu hosp,2026-01-31,quantile,0.35,171
2026-01-24,19,1,wk inc flu hosp,2026-01-31,quantile,0.4,183
2026-01-24,19,1,wk inc flu hosp,2026-01-31,quantile,0.45,193
2026-01-24,19,1,wk inc flu hosp,2026-01-31,quantile,0.5,207
2026-01-24,19,1,wk inc flu hosp,2026-01-31,quantile,0.55,220
2026-01-24,19,1,wk inc flu hosp,2026-01-31,quantile,0.6,229
2026-01-24,19,1,wk inc flu hosp,2026-01-31,quantile,0.65,247
2026-01-24,19,1,wk inc flu hosp,2026-01-31,quantile,0.7,263
2026-01-24,19,1,wk inc flu hosp,2026-01-31,quantile,0.75,275
2026-01-24,19,1,wk inc flu hosp,2026-01-31,quantile,0.8,297
2026-01-24,19,1,wk inc flu hosp,2026-01-31,quantile,0.85,319
2026-01-24,19,1,wk inc flu hosp,2026-01-31,quantile,0.9,348
2026-01-24,19,1,wk inc flu hosp,2026-01-31,quantile,0.95,406
2026-01-24,19,1,wk inc flu hosp,2026-01-31,quantile,0.975,443
2026-01-24,19,1,wk inc flu hosp,2026-01-31,quantile,0.99,470
2026-01-24,19,2,wk inc flu hosp,2026-02-07,quantile,0.01,33
2026-01-24,19,2,wk inc flu hosp,2026-02-07,quantile,0.025,44
2026-01-24,19,2,wk inc flu hosp,2026-02-07,quantile,0.05,59
2026-01-24,19,2,wk inc flu hosp,2026-02-07,quantile,0.1,81
2026-01-24,19,2,wk inc flu hosp,2026-02-07,quantile,0.15,94
2026-01-24,19,2,wk inc flu hosp,2026-02-07,quantile,0.2,111
2026-01-24,19,2,wk inc flu hosp,2026-02-07,quantile,0.25,124
2026-01-24,19,2,wk inc flu hosp,2026-02-07,quantile,0.3,135
2026-01-24,19,2,wk inc flu hosp,2026-02-07,quantile,0.35,144
2026-01-24,19,2,wk inc flu hosp,2026-02-07,quantile,0.4,162
2026-01-24,19,2,wk inc flu hosp,2026-02-07,quantile,0.45,175
2026-01-24,19,2,wk inc flu hosp,2026-02-07,quantile,0.5,189
2026-01-24,19,2,wk inc flu hosp,2026-02-07,quantile,0.55,202
2026-01-24,19,2,wk inc flu hosp,2026-02-07,quantile,0.6,218
2026-01-24,19,2,wk inc flu hosp,2026-02-07,quantile,0.65,234
2026-01-24,19,2,wk inc flu hosp,2026-02-07,quantile,0.7,254
2026-01-24,19,2,wk inc flu hosp,2026-02-07,quantile,0.75,270
2026-01-24,19,2,wk inc flu hosp,2026-02-07,quantile,0.8,286
2026-01-24,19,2,wk inc flu hosp,2026-02-07,quantile,0.85,320
2026-01-24,19,2,wk inc flu hosp,2026-02-07,quantile,0.9,349
2026-01-24,19,2,wk inc flu hosp,2026-02-07,quantile,0.95,396
2026-01-24,19,2,wk inc flu hosp,2026-02-07,quantile,0.975,432
2026-01-24,19,2,wk inc flu hosp,2026-02-07,quantile,0.99,468
2026-01-24,19,3,wk inc flu hosp,2026-02-14,quantile,0.01,30
2026-01-24,19,3,wk inc flu hosp,2026-02-14,quantile,0.025,37
2026-01-24,19,3,wk inc flu hosp,2026-02-14,quantile,0.05,45
2026-01-24,19,3,wk inc flu hosp,2026-02-14,quantile,0.1,61
2026-01-24,19,3,wk inc flu hosp,2026-02-14,quantile,0.15,77
2026-01-24,19,3,wk inc flu hosp,2026-02-14,quantile,0.2,88
2026-01-24,19,3,wk inc flu hosp,2026-02-14,quantile,0.25,101
2026-01-24,19,3,wk inc flu hosp,2026-02-14,quantile,0.3,115
2026-01-24,19,3,wk inc flu hosp,2026-02-14,quantile,0.35,127
2026-01-24,19,3,wk inc flu hosp,2026-02-14,quantile,0.4,136
2026-01-24,19,3,wk inc flu hosp,2026-02-14,quantile,0.45,150
2026-01-24,19,3,wk inc flu hosp,2026-02-14,quantile,0.5,173
2026-01-24,19,3,wk inc flu hosp,2026-02-14,quantile,0.55,188
2026-01-24,19,3,wk inc flu hosp,2026-02-14,quantile,0.6,204
2026-01-24,19,3,wk inc flu hosp,2026-02-14,quantile,0.65,226
2026-01-24,19,3,wk inc flu hosp,2026-02-14,quantile,0.7,239
2026-01-24,19,3,wk inc flu hosp,2026-02-14,quantile,0.75,269
2026-01-24,19,3,wk inc flu hosp,2026-02-14,quantile,0.8,284
2026-01-24,19,3,wk inc flu hosp,2026-02-14,quantile,0.85,309
2026-01-24,19,3,wk inc flu hosp,2026-02-14,quantile,0.9,344
2026-01-24,19,3,wk inc flu hosp,2026-02-14,quantile,0.95,396
2026-01-24,19,3,wk inc flu hosp,2026-02-14,quantile,0.975,443
2026-01-24,19,3,wk inc flu hosp,2026-02-14,quantile,0.99,493
2026-01-24,20,0,wk inc flu hosp,2026-01-24,quantile,0.01,67
2026-01-24,20,0,wk inc flu hosp,2026-01-24,quantile,0.025,80
2026-01-24,20,0,wk inc flu hosp,2026-01-24,quantile,0.05,91
2026-01-24,20,0,wk inc flu hosp,2026-01-24,quantile,0.1,101
2026-01-24,20,0,wk inc flu hosp,2026-01-24,quantile,0.15,112
2026-01-24,20,0,wk inc flu hosp,2026-01-24,quantile,0.2,128
2026-01-24,20,0,wk inc flu hosp,2026-01-24,quantile,0.25,136
2026-01-24,20,0,wk inc flu hosp,2026-01-24,quantile,0.3,143
2026-01-24,20,0,wk inc flu hosp,2026-01-24,quantile,0.35,152
2026-01-24,20,0,wk inc flu hosp,2026-01-24,quantile,0.4,160
2026-01-24,20,0,wk inc flu hosp,2026-01-24,quantile,0.45,165
2026-01-24,20,0,wk inc flu hosp,2026-01-24,quantile,0.5,175
2026-01-24,20,0,wk inc flu hosp,2026-01-24,quantile,0.55,185
2026-01-24,20,0,wk inc flu hosp,2026-01-24,quantile,0.6,191
2026-01-24,20,0,wk inc flu hosp,2026-01-24,quantile,0.65,196
2026-01-24,20,0,wk inc flu hosp,2026-01-24,quantile,0.7,205
2026-01-24,20,0,wk inc flu hosp,2026-01-24,quantile,0.75,214
2026-01-24,20,0,wk inc flu hosp,2026-01-24,quantile,0.8,228
2026-01-24,20,0,wk inc flu hosp,2026-01-24,quantile,0.85,240
2026-01-24,20,0,wk inc flu hosp,2026-01-24,quantile,0.9,257
2026-01-24,20,0,wk inc flu hosp,2026-01-24,quantile,0.95,278
2026-01-24,20,0,wk inc flu hosp,2026-01-24,quantile,0.975,300
2026-01-24,20,0,wk inc flu hosp,2026-01-24,quantile,0.99,336
2026-01-24,20,1,wk inc flu hosp,2026-01-31,quantile,0.01,43
2026-01-24,20,1,wk inc flu hosp,2026-01-31,quantile,0.025,55
2026-01-24,20,1,wk inc flu hosp,2026-01-31,quantile,0.05,71
2026-01-24,20,1,wk inc flu hosp,2026-01-31,quantile,0.1,84
2026-01-24,20,1,wk inc flu hosp,2026-01-31,quantile,0.15,95
2026-01-24,20,1,wk inc flu hosp,2026-01-31,quantile,0.2,106
2026-01-24,20,1,wk inc flu hosp,2026-01-31,quantile,0.25,117
2026-01-24,20,1,wk inc flu hosp,2026-01-31,quantile,0.3,125
2026-01-24,20,1,wk inc flu hosp,2026-01-31,quantile,0.35,133
2026-01-24,20,1,wk inc flu hosp,2026-01-31,quantile,0.4,142
2026-01-24,20,1,wk inc flu hosp,2026-01-31,quantile,0.45,152
2026-01-24,20,1,wk inc flu hosp,2026-01-31,quantile,0.5,163
2026-01-24,20,1,wk inc flu hosp,2026-01-31,quantile,0.55,172
2026-01-24,20,1,wk inc flu hosp,2026-01-31,quantile,0.6,181
2026-01-24,20,1,wk inc flu hosp,2026-01-31,quantile,0.65,194
2026-01-24,20,1,wk inc flu hosp,2026-01-31,quantile,0.7,201
2026-01-24,20,1,wk inc flu hosp,2026-01-31,quantile,0.75,215
2026-01-24,20,1,wk inc flu hosp,2026-01-31,quantile,0.8,234
2026-01-24,20,1,wk inc flu hosp,2026-01-31,quantile,0.85,252
2026-01-24,20,1,wk inc flu hosp,2026-01-31,quantile,0.9,280
2026-01-24,20,1,wk inc flu hosp,2026-01-31,quantile,0.95,312
2026-01-24,20,1,wk inc flu hosp,2026-01-31,quantile,0.975,341
2026-01-24,20,1,wk inc flu hosp,2026-01-31,quantile,0.99,391
2026-01-24,20,2,wk inc flu hosp,2026-02-07,quantile,0.01,27
2026-01-24,20,2,wk inc flu hosp,2026-02-07,quantile,0.025,39
2026-01-24,20,2,wk inc flu hosp,2026-02-07,quantile,0.05,53
2026-01-24,20,2,wk inc flu hosp,2026-02-07,quantile,0.1,72
2026-01-24,20,2,wk inc flu hosp,2026-02-07,quantile,0.15,83
2026-01-24,20,2,wk inc flu hosp,2026-02-07,quantile,0.2,91
2026-01-24,20,2,wk inc flu hosp,2026-02-07,quantile,0.25,99
2026-01-24,20,2,wk inc flu hosp,2026-02-07,quantile,0.3,115
2026-01-24,20,2,wk inc flu hosp,2026-02-07,quantile,0.35,124
2026-01-24,20,2,wk inc flu hosp,2026-02-07,quantile,0.4,131
2026-01-24,20,2,wk inc flu hosp,2026-02-07,quantile,0.45,138
2026-01-24,20,2,wk inc flu hosp,2026-02-07,quantile,0.5,146
2026-01-24,20,2,wk inc flu hosp,2026-02-07,quantile,0.55,157
2026-01-24,20,2,wk inc flu hosp,2026-02-07,quantile,0.6,170
2026-01-24,20,2,wk inc flu hosp,2026-02-07,quantile,0.65,181
2026-01-24,20,2,wk inc flu hosp,2026-02-07,quantile,0.7,192
2026-01-24,20,2,wk inc flu hosp,2026-02-07,quantile,0.75,212
2026-01-24,20,2,wk inc flu hosp,2026-02-07,quantile,0.8,231
2026-01-24,20,2,wk inc flu hosp,2026-02-07,quantile,0.85,256
2026-01-24,20,2,wk inc flu hosp,2026-02-07,quantile,0.9,293
2026-01-24,20,2,wk inc flu hosp,2026-02-07,quantile,0.95,335
2026-01-24,20,2,wk inc flu hosp,2026-02-07,quantile,0.975,391
2026-01-24,20,2,wk inc flu hosp,2026-02-07,quantile,0.99,433
2026-01-24,20,3,wk inc flu hosp,2026-02-14,quantile,0.01,26
2026-01-24,20,3,wk inc flu hosp,2026-02-14,quantile,0.025,39
2026-01-24,20,3,wk inc flu hosp,2026-02-14,quantile,0.05,49
2026-01-24,20,3,wk inc flu hosp,2026-02-14,quantile,0.1,62
2026-01-24,20,3,wk inc flu hosp,2026-02-14,quantile,0.15,73
2026-01-24,20,3,wk inc flu hosp,2026-02-14,quantile,0.2,80
2026-01-24,20,3,wk inc flu hosp,2026-02-14,quantile,0.25,88
2026-01-24,20,3,wk inc flu hosp,2026-02-14,quantile,0.3,100
2026-01-24,20,3,wk inc flu hosp,2026-02-14,quantile,0.35,111
2026-01-24,20,3,wk inc flu hosp,2026-02-14,quantile,0.4,119
2026-01-24,20,3,wk inc flu hosp,2026-02-14,quantile,0.45,127
2026-01-24,20,3,wk inc flu hosp,2026-02-14,quantile,0.5,137
2026-01-24,20,3,wk inc flu hosp,2026-02-14,quantile,0.55,147
2026-01-24,20,3,wk inc flu hosp,2026-02-14,quantile,0.6,158
2026-01-24,20,3,wk inc flu hosp,2026-02-14,quantile,0.65,175
2026-01-24,20,3,wk inc flu hosp,2026-02-14,quantile,0.7,188
2026-01-24,20,3,wk inc flu hosp,2026-02-14,quantile,0.75,202
2026-01-24,20,3,wk inc flu hosp,2026-02-14,quantile,0.8,225
2026-01-24,20,3,wk inc flu hosp,2026-02-14,quantile,0.85,247
2026-01-24,20,3,wk inc flu hosp,2026-02-14,quantile,0.9,283
2026-01-24,20,3,wk inc flu hosp,2026-02-14,quantile,0.95,351
2026-01-24,20,3,wk inc flu hosp,2026-02-14,quantile,0.975,387
2026-01-24,20,3,wk inc flu hosp,2026-02-14,quantile,0.99,446
2026-01-24,21,0,wk inc flu hosp,2026-01-24,quantile,0.01,98
2026-01-24,21,0,wk inc flu hosp,2026-01-24,quantile,0.025,128
2026-01-24,21,0,wk inc flu hosp,2026-01-24,quantile,0.05,148
2026-01-24,21,0,wk inc flu hosp,2026-01-24,quantile,0.1,178
2026-01-24,21,0,wk inc flu hosp,2026-01-24,quantile,0.15,194
2026-01-24,21,0,wk inc flu hosp,2026-01-24,quantile,0.2,207
2026-01-24,21,0,wk inc flu hosp,2026-01-24,quantile,0.25,222
2026-01-24,21,0,wk inc flu hosp,2026-01-24,quantile,0.3,238
2026-01-24,21,0,wk inc flu hosp,2026-01-24,quantile,0.35,247
2026-01-24,21,0,wk inc flu hosp,2026-01-24,quantile,0.4,260
2026-01-24,21,0,wk inc flu hosp,2026-01-24,quantile,0.45,269
2026-01-24,21,0,wk inc flu hosp,2026-01-24,quantile,0.5,279
2026-01-24,21,0,wk inc flu hosp,2026-01-24,quantile,0.55,290
2026-01-24,21,0,wk inc flu hosp,2026-01-24,quantile,0.6,308
2026-01-24,21,0,wk inc flu hosp,2026-01-24,quantile,0.65,321
2026-01-24,21,0,wk inc flu hosp,2026-01-24,quantile,0.7,340
2026-01-24,21,0,wk inc flu hosp,2026-01-24,quantile,0.75,354
2026-01-24,21,0,wk inc flu hosp,2026-01-24,quantile,0.8,367
2026-01-24,21,0,wk inc flu hosp,2026-01-24,quantile,0.85,383
2026-01-24,21,0,wk inc flu hosp,2026-01-24,quantile,0.9,397
2026-01-24,21,0,wk inc flu hosp,2026-01-24,quantile,0.95,439
2026-01-24,21,0,wk inc flu hosp,2026-01-24,quantile,0.975,470
2026-01-24,21,0,wk inc flu hosp,2026-01-24,quantile,0.99,535
2026-01-24,21,1,wk inc flu hosp,2026-01-31,quantile,0.01,75
2026-01-24,21,1,wk inc flu hosp,2026-01-31,quantile,0.025,96
2026-01-24,21,1,wk inc flu hosp,2026-01-31,quantile,0.05,119
2026-01-24,21,1,wk inc flu hosp,2026-01-31,quantile,0.1,136
2026-01-24,21,1,wk inc flu hosp,2026-01-31,quantile,0.15,154
2026-01-24,21,1,wk inc flu hosp,2026-01-31,quantile,0.2,179
2026-01-24,21,1,wk inc flu hosp,2026-01-31,quantile,0.25,191
2026-01-24,21,1,wk inc flu hosp,2026-01-31,quantile,0.3,208
2026-01-24,21,1,wk inc flu hosp,2026-01-31,quantile,0.35,216
2026-01-24,21,1,wk inc flu hosp,2026-01-31,quantile,0.4,227
2026-01-24,21,1,wk inc flu hosp,2026-01-31,quantile,0.45,241
2026-01-24,21,1,wk inc flu hosp,2026-01-31,quantile,0.5,260
2026-01-24,21,1,wk inc flu hosp,2026-01-31,quantile,0.55,276
2026-01-24,21,1,wk inc flu hosp,2026-01-31,quantile,0.6,289
2026-01-24,21,1,wk inc flu hosp,2026-01-31,quantile,0.65,309
2026-01-24,21,1,wk inc flu hosp,2026-01-31,quantile,0.7,323
2026-01-24,21,1,wk inc flu hosp,2026-01-31,quantile,0.75,350
2026-01-24,21,1,wk inc flu hosp,2026-01-31,quantile,0.8,384
2026-01-24,21,1,wk inc flu hosp,2026-01-31,quantile,0.85,416
2026-01-24,21,1,wk inc flu hosp,2026-01-31,quantile,0.9,458
2026-01-24,21,1,wk inc flu hosp,2026-01-31,quantile,0.95,511
2026-01-24,21,1,wk inc flu hosp,2026-01-31,quantile,0.975,590
2026-01-24,21,1,wk inc flu hosp,2026-01-31,quantile,0.99,689
2026-01-24,21,2,wk inc flu hosp,2026-02-07,quantile,0.01,46
2026-01-24,21,2,wk inc flu hosp,2026-02-07,quantile,0.025,65
2026-01-24,21,2,wk inc flu hosp,2026-02-07,quantile,0.05,84
2026-01-24,21,2,wk inc flu hosp,2026-02-07,quantile,0.1,112
2026-01-24,21,2,wk inc flu hosp,2026-02-07,quantile,0.15,136
2026-01-24,21,2,wk inc flu hosp,2026-02-07,quantile,0.2,152
2026-01-24,21,2,wk inc flu hosp,2026-02-07,quantile,0.25,169
2026-01-24,21,2,wk inc flu hosp,2026-02-07,quantile,0.3,183
2026-01-24,21,2,wk inc flu hosp,2026-02-07,quantile,0.35,202
2026-01-24,21,2,wk inc flu hosp,2026-02-07,quantile,0.4,215
2026-01-24,21,2,wk inc flu hosp,2026-02-07,quantile,0.45,225
2026-01-24,21,2,wk inc flu hosp,2026-02-07,quantile,0.5,240
2026-01-24,21,2,wk inc flu hosp,2026-02-07,quantile,0.55,259
2026-01-24,21,2,wk inc flu hosp,2026-02-07,quantile,0.6,293
2026-01-24,21,2,wk inc flu hosp,2026-02-07,quantile,0.65,309
2026-01-24,21,2,wk inc flu hosp,2026-02-07,quantile,0.7,333
2026-01-24,21,2,wk inc flu hosp,2026-02-07,quantile,0.75,361
2026-01-24,21,2,wk inc flu hosp,2026-02-07,quantile,0.8,386
2026-01-24,21,2,wk inc flu hosp,2026-02-07,quantile,0.85,423
2026-01-24,21,2,wk inc flu hosp,2026-02-07,quantile,0.9,458
2026-01-24,21,2,wk inc flu hosp,2026-02-07,quantile,0.95,584
2026-01-24,21,2,wk inc flu hosp,2026-02-07,quantile,0.975,643
2026-01-24,21,2,wk inc flu hosp,2026-02-07,quantile,0.99,751
2026-01-24,21,3,wk inc flu hosp,2026-02-14,quantile,0.01,30
2026-01-24,21,3,wk inc flu hosp,2026-02-14,quantile,0.025,44
2026-01-24,21,3,wk inc flu hosp,2026-02-14,quantile,0.05,66
2026-01-24,21,3,wk inc flu hosp,2026-02-14,quantile,0.1,81
2026-01-24,21,3,wk inc flu hosp,2026-02-14,quantile,0.15,97
2026-01-24,21,3,wk inc flu hosp,2026-02-14,quantile,0.2,112
2026-01-24,21,3,wk inc flu hosp,2026-02-14,quantile,0.25,140
2026-01-24,21,3,wk inc flu hosp,2026-02-14,quantile,0.3,155
2026-01-24,21,3,wk inc flu hosp,2026-02-14,quantile,0.35,180
2026-01-24,21,3,wk inc flu hosp,2026-02-14,quantile,0.4,190
2026-01-24,21,3,wk inc flu hosp,2026-02-14,quantile,0.45,214
2026-01-24,21,3,wk inc flu hosp,2026-02-14,quantile,0.5,228
2026-01-24,21,3,wk inc flu hosp,2026-02-14,quantile,0.55,251
2026-01-24,21,3,wk inc flu hosp,2026-02-14,quantile,0.6,285
2026-01-24,21,3,wk inc flu hosp,2026-02-14,quantile,0.65,324
2026-01-24,21,3,wk inc flu hosp,2026-02-14,quantile,0.7,343
2026-01-24,21,3,wk inc flu hosp,2026-02-14,quantile,0.75,376
2026-01-24,21,3,wk inc flu hosp,2026-02-14,quantile,0.8,407
2026-01-24,21,3,wk inc flu hosp,2026-02-14,quantile,0.85,455
2026-01-24,21,3,wk inc flu hosp,2026-02-14,quantile,0.9,474
2026-01-24,21,3,wk inc flu hosp,2026-02-14,quantile,0.95,594
2026-01-24,21,3,wk inc flu hosp,2026-02-14,quantile,0.975,655
2026-01-24,21,3,wk inc flu hosp,2026-02-14,quantile,0.99,790
2026-01-24,22,0,wk inc flu hosp,2026-01-24,quantile,0.01,111
2026-01-24,22,0,wk inc flu hosp,2026-01-24,quantile,0.025,128
2026-01-24,22,0,wk inc flu hosp,2026-01-24,quantile,0.05,145
2026-01-24,22,0,wk inc flu hosp,2026-01-24,quantile,0.1,166
2026-01-24,22,0,wk inc flu hosp,2026-01-24,quantile,0.15,179
2026-01-24,22,0,wk inc flu hosp,2026-01-24,quantile,0.2,196
2026-01-24,22,0,wk inc flu hosp,2026-01-24,quantile,0.25,214
2026-01-24,22,0,wk inc flu hosp,2026-01-24,quantile,0.3,223
2026-01-24,22,0,wk inc flu hosp,2026-01-24,quantile,0.35,227
2026-01-24,22,0,wk inc flu hosp,2026-01-24,quantile,0.4,238
2026-01-24,22,0,wk inc flu hosp,2026-01-24,quantile,0.45,245
2026-01-24,22,0,wk inc flu hosp,2026-01-24,quantile,0.5,257
2026-01-24,22,0,wk inc flu hosp,2026-01-24,quantile,0.55,268
2026-01-24,22,0,wk inc flu hosp,2026-01-24,quantile,0.6,281
2026-01-24,22,0,wk inc flu hosp,2026-01-24,quantile,0.65,292
2026-01-24,22,0,wk inc flu hosp,2026-01-24,quantile,0.7,300
2026-01-24,22,0,wk inc flu hosp,2026-01-24,quantile,0.75,314
2026-01-24,22,0,wk inc flu hosp,2026-01-24,quantile,0.8,328
2026-01-24,22,0,wk inc flu hosp,2026-01-24,quantile,0.85,341
2026-01-24,22,0,wk inc flu hosp,2026-01-24,quantile,0.9,363
2026-01-24,22,0,wk inc flu hosp,2026-01-24,quantile,0.95,401
2026-01-24,22,0,wk inc flu hosp,2026-01-24,quantile,0.975,429
2026-01-24,22,0,wk inc flu hosp,2026-01-24,quantile,0.99,466
2026-01-24,22,1,wk inc flu hosp,2026-01-31,quantile,0.01,80
2026-01-24,22,1,wk inc flu hosp,2026-01-31,quantile,0.025,96
2026-01-24,22,1,wk inc flu hosp,2026-01-31,quantile,0.05,109
2026-01-24,22,1,wk inc flu hosp,2026-01-31,quantile,0.1,130
2026-01-24,22,1,wk inc flu hosp,2026-01-31,quantile,0.15,145
2026-01-24,22,1,wk inc flu hosp,2026-01-31,quantile,0.2,161
2026-01-24,22,1,wk inc flu hosp,2026-01-31,quantile,0.25,169
2026-01-24,22,1,wk inc flu hosp,2026-01-31,quantile,0.3,177
2026-01-24,22,1,wk inc flu hosp,2026-01-31,quantile,0.35,187
2026-01-24,22,1,wk inc flu hosp,2026-01-31,quantile,0.4,197
2026-01-24,22,1,wk inc flu hosp,2026-01-31,quantile,0.45,214
2026-01-24,22,1,wk inc flu hosp,2026-01-31,quantile,0.5,237
2026-01-24,22,1,wk inc flu hosp,2026-01-31,quantile,0.55,248
2026-01-24,22,1,wk inc flu hosp,2026-01-31,quantile,0.6,260
2026-01-24,22,1,wk inc flu hosp,2026-01-31,quantile,0.65,274
2026-01-24,22,1,wk inc flu hosp,2026-01-31,quantile,0.7,288
2026-01-24,22,1,wk inc flu hosp,2026-01-31,quantile,0.75,303
2026-01-24,22,1,wk inc flu hosp,2026-01-31,quantile,0.8,319
2026-01-24,22,1,wk inc flu hosp,2026-01-31,quantile,0.85,331
2026-01-24,22,1,wk inc flu hosp,2026-01-31,quantile,0.9,361
2026-01-24,22,1,wk inc flu hosp,2026-01-31,quantile,0.95,420
2026-01-24,22,1,wk inc flu hosp,2026-01-31,quantile,0.975,471
2026-01-24,22,1,wk inc flu hosp,2026-01-31,quantile,0.99,522
2026-01-24,22,2,wk inc flu hosp,2026-02-07,quantile,0.01,55
2026-01-24,22,2,wk inc flu hosp,2026-02-07,quantile,0.025,73
2026-01-24,22,2,wk inc flu hosp,2026-02-07,quantile,0.05,80
2026-01-24,22,2,wk inc flu hosp,2026-02-07,quantile,0.1,98
2026-01-24,22,2,wk inc flu hosp,2026-02-07,quantile,0.15,111
2026-01-24,22,2,wk inc flu hosp,2026-02-07,quantile,0.2,123
2026-01-24,22,2,wk inc flu hosp,2026-02-07,quantile,0.25,133
2026-01-24,22,2,wk inc flu hosp,2026-02-07,quantile,0.3,143
2026-01-24,22,2,wk inc flu hosp,2026-02-07,quantile,0.35,153
2026-01-24,22,2,wk inc flu hosp,2026-02-07,quantile,0.4,170
2026-01-24,22,2,wk inc flu hosp,2026-02-07,quantile,0.45,183
2026-01-24,22,2,wk inc flu hosp,2026-02-07,quantile,0.5,198
2026-01-24,22,2,wk inc flu hosp,2026-02-07,quantile,0.55,210
2026-01-24,22,2,wk inc flu hosp,2026-02-07,quantile,0.6,230
2026-01-24,22,2,wk inc flu hosp,2026-02-07,quantile,0.65,243
2026-01-24,22,2,wk inc flu hosp,2026-02-07,quantile,0.7,258
2026-01-24,22,2,wk inc flu hosp,2026-02-07,quantile,0.75,282
2026-01-24,22,2,wk inc flu hosp,2026-02-07,quantile,0.8,305
2026-01-24,22,2,wk inc flu hosp,2026-02-07,quantile,0.85,337
2026-01-24,22,2,wk inc flu hosp,2026-02-07,quantile,0.9,365
2026-01-24,22,2,wk inc flu hosp,2026-02-07,quantile,0.95,430
2026-01-24,22,2,wk inc flu hosp,2026-02-07,quantile,0.975,501
2026-01-24,22,2,wk inc flu hosp,2026-02-07,quantile,0.99,594
2026-01-24,22,3,wk inc flu hosp,2026-02-14,quantile,0.01,42
2026-01-24,22,3,wk inc flu hosp,2026-02-14,quantile,0.025,57
2026-01-24,22,3,wk inc flu hosp,2026-02-14,quantile,0.05,65
2026-01-24,22,3,wk inc flu hosp,2026-02-14,quantile,0.1,74
2026-01-24,22,3,wk inc flu hosp,2026-02-14,quantile,0.15,87
2026-01-24,22,3,wk inc flu hosp,2026-02-14,quantile,0.2,104
2026-01-24,22,3,wk inc flu hosp,2026-02-14,quantile,0.25,114
2026-01-24,22,3,wk inc flu hosp,2026-02-14,quantile,0.3,124
2026-01-24,22,3,wk inc flu hosp,2026-02-14,quantile,0.35,135
2026-01-24,22,3,wk inc flu hosp,2026-02-14,quantile,0.4,145
2026-01-24,22,3,wk inc flu hosp,2026-02-14,quantile,0.45,161
2026-01-24,22,3,wk inc flu hosp,2026-02-14,quantile,0.5,181
2026-01-24,22,3,wk inc flu hosp,2026-02-14,quantile,0.55,187
2026-01-24,22,3,wk inc flu hosp,2026-02-14,quantile,0.6,208
2026-01-24,22,3,wk inc flu hosp,2026-02-14,quantile,0.65,229
2026-01-24,22,3,wk inc flu hosp,2026-02-14,quantile,0.7,248
2026-01-24,22,3,wk inc flu hosp,2026-02-14,quantile,0.75,271
2026-01-24,22,3,wk inc flu hosp,2026-02-14,quantile,0.8,296
2026-01-24,22,3,wk inc flu hosp,2026-02-14,quantile,0.85,335
2026-01-24,22,3,wk inc flu hosp,2026-02-14,quantile,0.9,385
2026-01-24,22,3,wk inc flu hosp,2026-02-14,quantile,0.95,441
2026-01-24,22,3,wk inc flu hosp,2026-02-14,quantile,0.975,532
2026-01-24,22,3,wk inc flu hosp,2026-02-14,quantile,0.99,617
2026-01-24,23,0,wk inc flu hosp,2026-01-24,quantile,0.01,40
2026-01-24,23,0,wk inc flu hosp,2026-01-24,quantile,0.025,43
2026-01-24,23,0,wk inc flu hosp,2026-01-24,quantile,0.05,49
2026-01-24,23,0,wk inc flu hosp,2026-01-24,quantile,0.1,57
2026-01-24,23,0,wk inc flu hosp,2026-01-24,quantile,0.15,63
2026-01-24,23,0,wk inc flu hosp,2026-01-24,quantile,0.2,68
2026-01-24,23,0,wk inc flu hosp,2026-01-24,quantile,0.25,74
2026-01-24,23,0,wk inc flu hosp,2026-01-24,quantile,0.3,79
2026-01-24,23,0,wk inc flu hosp,2026-01-24,quantile,0.35,84
2026-01-24,23,0,wk inc flu hosp,2026-01-24,quantile,0.4,90
2026-01-24,23,0,wk inc flu hosp,2026-01-24,quantile,0.45,93
2026-01-24,23,0,wk inc flu hosp,2026-01-24,quantile,0.5,98
2026-01-24,23,0,wk inc flu hosp,2026-01-24,quantile,0.55,102
2026-01-24,23,0,wk inc flu hosp,2026-01-24,quantile,0.6,105
2026-01-24,23,0,wk inc flu hosp,2026-01-24,quantile,0.65,109
2026-01-24,23,0,wk inc flu hosp,2026-01-24,quantile,0.7,116
2026-01-24,23,0,wk inc flu hosp,2026-01-24,quantile,0.75,120
2026-01-24,23,0,wk inc flu hosp,2026-01-24,quantile,0.8,124
2026-01-24,23,0,wk inc flu hosp,2026-01-24,quantile,0.85,129
2026-01-24,23,0,wk inc flu hosp,2026-01-24,quantile,0.9,134
2026-01-24,23,0,wk inc flu hosp,2026-01-24,quantile,0.95,150
2026-01-24,23,0,wk inc flu hosp,2026-01-24,quantile,0.975,167
2026-01-24,23,0,wk inc flu hosp,2026-01-24,quantile,0.99,188
2026-01-24,23,1,wk inc flu hosp,2026-01-31,quantile,0.01,23
2026-01-24,23,1,wk inc flu hosp,2026-01-31,quantile,0.025,30
2026-01-24,23,1,wk inc flu hosp,2026-01-31,quantile,0.05,34
2026-01-24,23,1,wk inc flu hosp,2026-01-31,quantile,0.1,42
2026-01-24,23,1,wk inc flu hosp,2026-01-31,quantile,0.15,49
2026-01-24,23,1,wk inc flu hosp,2026-01-31,quantile,0.2,54
2026-01-24,23,1,wk inc flu hosp,2026-01-31,quantile,0.25,59
2026-01-24,23,1,wk inc flu hosp,2026-01-31,quantile,0.3,66
2026-01-24,23,1,wk inc flu hosp,2026-01-31,quantile,0.35,73
2026-01-24,23,1,wk inc flu hosp,2026-01-31,quantile,0.4,80
2026-01-24,23,1,wk inc flu hosp,2026-01-31,quantile,0.45,87
2026-01-24,23,1,wk inc flu hosp,2026-01-31,quantile,0.5,91
2026-01-24,23,1,wk inc flu hosp,2026-01-31,quantile,0.55,95
2026-01-24,23,1,wk inc flu hosp,2026-01-31,quantile,0.6,99
2026-01-24,23,1,wk inc flu hosp,2026-01-31,quantile,0.65,106
2026-01-24,23,1,wk inc flu hosp,2026-01-31,quantile,0.7,110
2026-01-24,23,1,wk inc flu hosp,2026-01-31,quantile,0.75,114
2026-01-24,23,1,wk inc flu hosp,2026-01-31,quantile,0.8,119
2026-01-24,23,1,wk inc flu hosp,2026-01-31,quantile,0.85,126
2026-01-24,23,1,wk inc flu hosp,2026-01-31,quantile,0.9,142
2026-01-24,23,1,wk inc flu hosp,2026-01-31,quantile,0.95,159
2026-01-24,23,1,wk inc flu hosp,2026-01-31,quantile,0.975,186
2026-01-24,23,1,wk inc flu hosp,2026-01-31,quantile,0.99,213
2026-01-24,23,2,wk inc flu hosp,2026-02-07,quantile,0.01,15
2026-01-24,23,2,wk inc flu hosp,2026-02-07,quantile,0.025,19
2026-01-24,23,2,wk inc flu hosp,2026-02-07,quantile,0.05,23
2026-01-24,23,2,wk inc flu hosp,2026-02-07,quantile,0.1,32
2026-01-24,23,2,wk inc flu hosp,2026-02-07,quantile,0.15,36
2026-01-24,23,2,wk inc flu hosp,2026-02-07,quantile,0.2,44
2026-01-24,23,2,wk inc flu hosp,2026-02-07,quantile,0.25,50
2026-01-24,23,2,wk inc flu hosp,2026-02-07,quantile,0.3,55
2026-01-24,23,2,wk inc flu hosp,2026-02-07,quantile,0.35,61
2026-01-24,23,2,wk inc flu hosp,2026-02-07,quantile,0.4,64
2026-01-24,23,2,wk inc flu hosp,2026-02-07,quantile,0.45,69
2026-01-24,23,2,wk inc flu hosp,2026-02-07,quantile,0.5,77
2026-01-24,23,2,wk inc flu hosp,2026-02-07,quantile,0.55,85
2026-01-24,23,2,wk inc flu hosp,2026-02-07,quantile,0.6,92
2026-01-24,23,2,wk inc flu hosp,2026-02-07,quantile,0.65,100
2026-01-24,23,2,wk inc flu hosp,2026-02-07,quantile,0.7,110
2026-01-24,23,2,wk inc flu hosp,2026-02-07,quantile,0.75,118
2026-01-24,23,2,wk inc flu hosp,2026-02-07,quantile,0.8,122
2026-01-24,23,2,wk inc flu hosp,2026-02-07,quantile,0.85,133
2026-01-24,23,2,wk inc flu hosp,2026-02-07,quantile,0.9,151
2026-01-24,23,2,wk inc flu hosp,2026-02-07,quantile,0.95,179
2026-01-24,23,2,wk inc flu hosp,2026-02-07,quantile,0.975,201
2026-01-24,23,2,wk inc flu hosp,2026-02-07,quantile,0.99,223
2026-01-24,23,3,wk inc flu hosp,2026-02-14,quantile,0.01,11
2026-01-24,23,3,wk inc flu hosp,2026-02-14,quantile,0.025,13
2026-01-24,23,3,wk inc flu hosp,2026-02-14,quantile,0.05,17
2026-01-24,23,3,wk inc flu hosp,2026-02-14,quantile,0.1,23
2026-01-24,23,3,wk inc flu hosp,2026-02-14,quantile,0.15,28
2026-01-24,23,3,wk inc flu hosp,2026-02-14,quantile,0.2,34
2026-01-24,23,3,wk inc flu hosp,2026-02-14,quantile,0.25,38
2026-01-24,23,3,wk inc flu hosp,2026-02-14,quantile,0.3,45
2026-01-24,23,3,wk inc flu hosp,2026-02-14,quantile,0.35,50
2026-01-24,23,3,wk inc flu hosp,2026-02-14,quantile,0.4,56
2026-01-24,23,3,wk inc flu hosp,2026-02-14,quantile,0.45,61
2026-01-24,23,3,wk inc flu hosp,2026-02-14,quantile,0.5,68
2026-01-24,23,3,wk inc flu hosp,2026-02-14,quantile,0.55,78
2026-01-24,23,3,wk inc flu hosp,2026-02-14,quantile,0.6,88
2026-01-24,23,3,wk inc flu hosp,2026-02-14,quantile,0.65,94
2026-01-24,23,3,wk inc flu hosp,2026-02-14,quantile,0.7,104
2026-01-24,23,3,wk inc flu hosp,2026-02-14,quantile,0.75,113
2026-01-24,23,3,wk inc flu hosp,2026-02-14,quantile,0.8,125
2026-01-24,23,3,wk inc flu hosp,2026-02-14,quantile,0.85,140
2026-01-24,23,3,wk inc flu hosp,2026-02-14,quantile,0.9,155
2026-01-24,23,3,wk inc flu hosp,2026-02-14,quantile,0.95,196
2026-01-24,23,3,wk inc flu hosp,2026-02-14,quantile,0.975,226
2026-01-24,23,3,wk inc flu hosp,2026-02-14,quantile,0.99,256
2026-01-24,24,0,wk inc flu hosp,2026-01-24,quantile,0.01,80
2026-01-24,24,0,wk inc flu hosp,2026-01-24,quantile,0.025,97
2026-01-24,24,0,wk inc flu hosp,2026-01-24,quantile,0.05,108
2026-01-24,24,0,wk inc flu hosp,2026-01-24,quantile,0.1,130
2026-01-24,24,0,wk inc flu hosp,2026-01-24,quantile,0.15,144
2026-01-24,24,0,wk inc flu hosp,2026-01-24,quantile,0.2,156
2026-01-24,24,0,wk inc flu hosp,2026-01-24,quantile,0.25,164
2026-01-24,24,0,wk inc flu hosp,2026-01-24,quantile,0.3,171
2026-01-24,24,0,wk inc flu hosp,2026-01-24,quantile,0.35,189
2026-01-24,24,0,wk inc flu hosp,2026-01-24,quantile,0.4,198
2026-01-24,24,0,wk inc flu hosp,2026-01-24,quantile,0.45,210
2026-01-24,24,0,wk inc flu hosp,2026-01-24,quantile,0.5,217
2026-01-24,24,0,wk inc flu hosp,2026-01-24,quantile,0.55,227
2026-01-24,24,0,wk inc flu hosp,2026-01-24,quantile,0.6,238
2026-01-24,24,0,wk inc flu hosp,2026-01-24,quantile,0.65,247
2026-01-24,24,0,wk inc flu hosp,2026-01-24,quantile,0.7,260
2026-01-24,24,0,wk inc flu hosp,2026-01-24,quantile,0.75,276
2026-01-24,24,0,wk inc flu hosp,2026-01-24,quantile,0.8,292
2026-01-24,24,0,wk inc flu hosp,2026-01-24,quantile,0.85,318
2026-01-24,24,0,wk inc flu hosp,2026-01-24,quantile,0.9,344
2026-01-24,24,0,wk inc flu hosp,2026-01-24,quantile,0.95,374
2026-01-24,24,0,wk inc flu hosp,2026-01-24,quantile,0.975,405
2026-01-24,24,0,wk inc flu hosp,2026-01-24,quantile,0.99,462
2026-01-24,24,1,wk inc flu hosp,2026-01-31,quantile,0.01,49
2026-01-24,24,1,wk inc flu hosp,2026-01-31,quantile,0.025,64
2026-01-24,24,1,wk inc flu hosp,2026-01-31,quantile,0.05,72
2026-01-24,24,1,wk inc flu hosp,2026-01-31,quantile,0.1,92
2026-01-24,24,1,wk inc flu hosp,2026-01-31,quantile,0.15,107
2026-01-24,24,1,wk inc flu hosp,2026-01-31,quantile,0.2,126
2026-01-24,24,1,wk inc flu hosp,2026-01-31,quantile,0.25,137
2026-01-24,24,1,wk inc flu hosp,2026-01-31,quantile,0.3,150
2026-01-24,24,1,wk inc flu hosp,2026-01-31,quantile,0.35,162
2026-01-24,24,1,wk inc flu hosp,2026-01-31,quantile,0.4,176
2026-01-24,24,1,wk inc flu hosp,2026-01-31,quantile,0.45,187
2026-01-24,24,1,wk inc flu hosp,2026-01-31,quantile,0.5,201
2026-01-24,24,1,wk inc flu hosp,2026-01-31,quantile,0.55,218
2026-01-24,24,1,wk inc flu hosp,2026-01-31,quantile,0.6,229
2026-01-24,24,1,wk inc flu hosp,2026-01-31,quantile,0.65,244
2026-01-24,24,1,wk inc flu hosp,2026-01-31,quantile,0.7,267
2026-01-24,24,1,wk inc flu hosp,2026-01-31,quantile,0.75,284
2026-01-24,24,1,wk inc flu hosp,2026-01-31,quantile,0.8,301
2026-01-24,24,1,wk inc flu hosp,2026-01-31,quantile,0.85,313
2026-01-24,24,1,wk inc flu hosp,2026-01-31,quantile,0.9,332
2026-01-24,24,1,wk inc flu hosp,2026-01-31,quantile,0.95,392
2026-01-24,24,1,wk inc flu hosp,2026-01-31,quantile,0.975,447
2026-01-24,24,1,wk inc flu hosp,2026-01-31,quantile,0.99,499
2026-01-24,24,2,wk inc flu hosp,2026-02-07,quantile,0.01,34
2026-01-24,24,2,wk inc flu hosp,2026-02-07,quantile,0.025,50
2026-01-24,24,2,wk inc flu hosp,2026-02-07,quantile,0.05,59
2026-01-24,24,2,wk inc flu hosp,2026-02-07,quantile,0.1,71
2026-01-24,24,2,wk inc flu hosp,2026-02-07,quantile,0.15,80
2026-01-24,24,2,wk inc flu hosp,2026-02-07,quantile,0.2,95
2026-01-24,24,2,wk inc flu hosp,2026-02-07,quantile,0.25,105
2026-01-24,24,2,wk inc flu hosp,2026-02-07,quantile,0.3,117
2026-01-24,24,2,wk inc flu hosp,2026-02-07,quantile,0.35,134
2026-01-24,24,2,wk inc flu hosp,2026-02-07,quantile,0.4,145
2026-01-24,24,2,wk inc flu hosp,2026-02-07,quantile,0.45,160
2026-01-24,24,2,wk inc flu hosp,2026-02-07,quantile,0.5,185
2026-01-24,24,2,wk inc flu hosp,2026-02-07,quantile,0.55,199
2026-01-24,24,2,wk inc flu hosp,2026-02-07,quantile,0.6,212
2026-01-24,24,2,wk inc flu hosp,2026-02-07,quantile,0.65,225
2026-01-24,24,2,wk inc flu hosp,2026-02-07,quantile,0.7,241
2026-01-24,24,2,wk inc flu hosp,2026-02-07,quantile,0.75,265
2026-01-24,24,2,wk inc flu hosp,2026-02-07,quantile,0.8,286
2026-01-24,24,2,wk inc flu hosp,2026-02-07,quantile,0.85,312
2026-01-24,24,2,wk inc flu hosp,2026-02-07,quantile,0.9,347
2026-01-24,24,2,wk inc flu hosp,2026-02-07,quantile,0.95,414
2026-01-24,24,2,wk inc flu hosp,2026-02-07,quantile,0.975,523
2026-01-24,24,2,wk inc flu hosp,2026-02-07,quantile,0.99,623
2026-01-24,24,3,wk inc flu hosp,2026-02-14,quantile,0.01,23
2026-01-24,24,3,wk inc flu hosp,2026-02-14,quantile,0.025,32
2026-01-24,24,3,wk inc flu hosp,2026-02-14,quantile,0.05,42
2026-01-24,24,3,wk inc flu hosp,2026-02-14,quantile,0.1,51
2026-01-24,24,3,wk inc flu hosp,2026-02-14,quantile,0.15,59
2026-01-24,24,3,wk inc flu hosp,2026-02-14,quantile,0.2,73
2026-01-24,24,3,wk inc flu hosp,2026-02-14,quantile,0.25,83
2026-01-24,24,3,wk inc flu hosp,2026-02-14,quantile,0.3,93
2026-01-24,24,3,wk inc flu hosp,2026-02-14,quantile,0.35,105
2026-01-24,24,3,wk inc flu hosp,2026-02-14,quantile,0.4,121
2026-01-24,24,3,wk inc flu hosp,2026-02-14,quantile,0.45,133
2026-01-24,24,3,wk inc flu hosp,2026-02-14,quantile,0.5,147
2026-01-24,24,3,wk inc flu hosp,2026-02-14,quantile,0.55,159
2026-01-24,24,3,wk inc flu hosp,2026-02-14,quantile,0.6,177
2026-01-24,24,3,wk inc flu hosp,2026-02-14,quantile,0.65,198
2026-01-24,24,3,wk inc flu hosp,2026-02-14,quantile,0.7,215
2026-01-24,24,3,wk inc flu hosp,2026-02-14,quantile,0.75,234
2026-01-24,24,3,wk inc flu hosp,2026-02-14,quantile,0.8,267
2026-01-24,24,3,wk inc flu hosp,2026-02-14,quantile,0.85,314
2026-01-24,24,3,wk inc flu hosp,2026-02-14,quantile,0.9,382
2026-01-24,24,3,wk inc flu hosp,2026-02-14,quantile,0.95,471
2026-01-24,24,3,wk inc flu hosp,2026-02-14,quantile,0.975,550
2026-01-24,24,3,wk inc flu hosp,2026-02-14,quantile,0.99,634
2026-01-24,25,0,wk inc flu hosp,2026-01-24,quantile,0.01,137
2026-01-24,25,0,wk inc flu hosp,2026-01-24,quantile,0.025,163
2026-01-24,25,0,wk inc flu hosp,2026-01-24,quantile,0.05,191
2026-01-24,25,0,wk inc flu hosp,2026-01-24,quantile,0.1,223
2026-01-24,25,0,wk inc flu hosp,2026-01-24,quantile,0.15,240
2026-01-24,25,0,wk inc flu hosp,2026-01-24,quantile,0.2,254
2026-01-24,25,0,wk inc flu hosp,2026-01-24,quantile,0.25,276
2026-01-24,25,0,wk inc flu hosp,2026-01-24,quantile,0.3,292
2026-01-24,25,0,wk inc flu hosp,2026-01-24,quantile,0.35,313
2026-01-24,25,0,wk inc flu hosp,2026-01-24,quantile,0.4,329
2026-01-24,25,0,wk inc flu hosp,2026-01-24,quantile,0.45,344
2026-01-24,25,0,wk inc flu hosp,2026-01-24,quantile,0.5,359
2026-01-24,25,0,wk inc flu hosp,2026-01-24,quantile,0.55,370
2026-01-24,25,0,wk inc flu hosp,2026-01-24,quantile,0.6,384
2026-01-24,25,0,wk inc flu hosp,2026-01-24,quantile,0.65,410
2026-01-24,25,0,wk inc flu hosp,2026-01-24,quantile,0.7,423
2026-01-24,25,0,wk inc flu hosp,2026-01-24,quantile,0.75,443
2026-01-24,25,0,wk inc flu hosp,2026-01-24,quantile,0.8,459
2026-01-24,25,0,wk inc flu hosp,2026-01-24,quantile,0.85,494
2026-01-24,25,0,wk inc flu hosp,2026-01-24,quantile,0.9,525
2026-01-24,25,0,wk inc flu hosp,2026-01-24,quantile,0.95,592
2026-01-24,25,0,wk inc flu hosp,2026-01-24,quantile,0.975,659
2026-01-24,25,0,wk inc flu hosp,2026-01-24,quantile,0.99,771
2026-01-24,25,1,wk inc flu hosp,2026-01-31,quantile,0.01,93
2026-01-24,25,1,wk inc flu hosp,2026-01-31,quantile,0.025,116
2026-01-24,25,1,wk inc flu hosp,2026-01-31,quantile,0.05,126
2026-01-24,25,1,wk inc flu hosp,2026-01-31,quantile,0.1,157
2026-01-24,25,1,wk inc flu hosp,2026-01-31,quantile,0.15,175
2026-01-24,25,1,wk inc flu hosp,2026-01-31,quantile,0.2,197
2026-01-24,25,1,wk inc flu hosp,2026-01-31,quantile,0.25,209
2026-01-24,25,1,wk inc flu hosp,2026-01-31,quantile,0.3,220
2026-01-24,25,1,wk inc flu hosp,2026-01-31,quantile,0.35,238
2026-01-24,25,1,wk inc flu hosp,2026-01-31,quantile,0.4,265
2026-01-24,25,1,wk inc flu hosp,2026-01-31,quantile,0.45,293
2026-01-24,25,1,wk inc flu hosp,2026-01-31,quantile,0.5,315
2026-01-24,25,1,wk inc flu hosp,2026-01-31,quantile,0.55,334
2026-01-24,25,1,wk inc flu hosp,2026-01-31,quantile,0.6,353
2026-01-24,25,1,wk inc flu hosp,2026-01-31,quantile,0.65,378
2026-01-24,25,1,wk inc flu hosp,2026-01-31,quantile,0.7,407
2026-01-24,25,1,wk inc flu hosp,2026-01-31,quantile,0.75,441
2026-01-24,25,1,wk inc flu hosp,2026-01-31,quantile,0.8,461
2026-01-24,25,1,wk inc flu hosp,2026-01-31,quantile,0.85,489
2026-01-24,25,1,wk inc flu hosp,2026-01-31,quantile,0.9,536
2026-01-24,25,1,wk inc flu hosp,2026-01-31,quantile,0.95,619
2026-01-24,25,1,wk inc flu hosp,2026-01-31,quantile,0.975,688
2026-01-24,25,1,wk inc flu hosp,2026-01-31,quantile,0.99,795
2026-01-24,25,2,wk inc flu hosp,2026-02-07,quantile,0.01,57
2026-01-24,25,2,wk inc flu hosp,2026-02-07,quantile,0.025,68
2026-01-24,25,2,wk inc flu hosp,2026-02-07,quantile,0.05,86
2026-01-24,25,2,wk inc flu hosp,2026-02-07,quantile,0.1,113
2026-01-24,25,2,wk inc flu hosp,2026-02-07,quantile,0.15,131
2026-01-24,25,2,wk inc flu hosp,2026-02-07,quantile,0.2,152
2026-01-24,25,2,wk inc flu hosp,2026-02-07,quantile,0.25,170
2026-01-24,25,2,wk inc flu hosp,2026-02-07,quantile,0.3,181
2026-01-24,25,2,wk inc flu hosp,2026-02-07,quantile,0.35,204
2026-01-24,25,2,wk inc flu hosp,2026-02-07,quantile,0.4,233
2026-01-24,25,2,wk inc flu hosp,2026-02-07,quantile,0.45,257
2026-01-24,25,2,wk inc flu hosp,2026-02-07,quantile,0.5,283
2026-01-24,25,2,wk inc flu hosp,2026-02-07,quantile,0.55,302
2026-01-24,25,2,wk inc flu hosp,2026-02-07,quantile,0.6,328
2026-01-24,25,2,wk inc flu hosp,2026-02-07,quantile,0.65,356
2026-01-24,25,2,wk inc flu hosp,2026-02-07,quantile,0.7,387
2026-01-24,25,2,wk inc flu hosp,2026-02-07,quantile,0.75,424
2026-01-24,25,2,wk inc flu hosp,2026-02-07,quantile,0.8,462
2026-01-24,25,2,wk inc flu hosp,2026-02-07,quantile,0.85,505
2026-01-24,25,2,wk inc flu hosp,2026-02-07,quantile,0.9,555
2026-01-24,25,2,wk inc flu hosp,2026-02-07,quantile,0.95,660
2026-01-24,25,2,wk inc flu hosp,2026-02-07,quantile,0.975,786
2026-01-24,25,2,wk inc flu hosp,2026-02-07,quantile,0.99,946
2026-01-24,25,3,wk inc flu hosp,2026-02-14,quantile,0.01,37
2026-01-24,25,3,wk inc flu hosp,2026-02-14,quantile,0.025,47
2026-01-24,25,3,wk inc flu hosp,2026-02-14,quantile,0.05,61
2026-01-24,25,3,wk inc flu hosp,2026-02-14,quantile,0.1,75
2026-01-24,25,3,wk inc flu hosp,2026-02-14,quantile,0.15,103
2026-01-24,25,3,wk inc flu hosp,2026-02-14,quantile,0.2,122
2026-01-24,25,3,wk inc flu hosp,2026-02-14,quantile,0.25,139
2026-01-24,25,3,wk inc flu hosp,2026-02-14,quantile,0.3,146
2026-01-24,25,3,wk inc flu hosp,2026-02-14,quantile,0.35,169
2026-01-24,25,3,wk inc flu hosp,2026-02-14,quantile,0.4,200
2026-01-24,25,3,wk inc flu hosp,2026-02-14,quantile,0.45,220
2026-01-24,25,3,wk inc flu hosp,2026-02-14,quantile,0.5,244
2026-01-24,25,3,wk inc flu hosp,2026-02-14,quantile,0.55,274
2026-01-24,25,3,wk inc flu hosp,2026-02-14,quantile,0.6,308
2026-01-24,25,3,wk inc flu hosp,2026-02-14,quantile,0.65,346
2026-01-24,25,3,wk inc flu hosp,2026-02-14,quantile,0.7,387
2026-01-24,25,3,wk inc flu hosp,2026-02-14,quantile,0.75,430
2026-01-24,25,3,wk inc flu hosp,2026-02-14,quantile,0.8,470
2026-01-24,25,3,wk inc flu hosp,2026-02-14,quantile,0.85,520
2026-01-24,25,3,wk inc flu hosp,2026-02-14,quantile,0.9,575
2026-01-24,25,3,wk inc flu hosp,2026-02-14,quantile,0.95,712
2026-01-24,25,3,wk inc flu hosp,2026-02-14,quantile,0.975,895
2026-01-24,25,3,wk inc flu hosp,2026-02-14,quantile,0.99,1043
2026-01-24,26,0,wk inc flu hosp,2026-01-24,quantile,0.01,163
2026-01-24,26,0,wk inc flu hosp,2026-01-24,quantile,0.025,189
2026-01-24,26,0,wk inc flu hosp,2026-01-24,quantile,0.05,218
2026-01-24,26,0,wk inc flu hosp,2026-01-24,quantile,0.1,262
2026-01-24,26,0,wk inc flu hosp,2026-01-24,quantile,0.15,294
2026-01-24,26,0,wk inc flu hosp,2026-01-24,quantile,0.2,312
2026-01-24,26,0,wk inc flu hosp,2026-01-24,quantile,0.25,332
2026-01-24,26,0,wk inc flu hosp,2026-01-24,quantile,0.3,356
2026-01-24,26,0,wk inc flu hosp,2026-01-24,quantile,0.35,378
2026-01-24,26,0,wk inc flu hosp,2026-01-24,quantile,0.4,394
2026-01-24,26,0,wk inc flu hosp,2026-01-24,quantile,0.45,419
2026-01-24,26,0,wk inc flu hosp,2026-01-24,quantile,0.5,438
2026-01-24,26,0,wk inc flu hosp,2026-01-24,quantile,0.55,453
2026-01-24,26,0,wk inc flu hosp,2026-01-24,quantile,0.6,470
2026-01-24,26,0,wk inc flu hosp,2026-01-24,quantile,0.65,493
2026-01-24,26,0,wk inc flu hosp,2026-01-24,quantile,0.7,518
2026-01-24,26,0,wk inc flu hosp,2026-01-24,quantile,0.75,542
2026-01-24,26,0,wk inc flu hosp,2026-01-24,quantile,0.8,561
2026-01-24,26,0,wk inc flu hosp,2026-01-24,quantile,0.85,592
2026-01-24,26,0,wk inc flu hosp,2026-01-24,quantile,0.9,625
2026-01-24,26,0,wk inc flu hosp,2026-01-24,quantile,0.95,700
2026-01-24,26,0,wk inc flu hosp,2026-01-24,quantile,0.975,744
2026-01-24,26,0,wk inc flu hosp,2026-01-24,quantile,0.99,858
2026-01-24,26,1,wk inc flu hosp,2026-01-31,quantile,0.01,118
2026-01-24,26,1,wk inc flu hosp,2026-01-31,quantile,0.025,151
2026-01-24,26,1,wk inc flu hosp,2026-01-31,quantile,0.05,187
2026-01-24,26,1,wk inc flu hosp,2026-01-31,quantile,0.1,214
2026-01-24,26,1,wk inc flu hosp,2026-01-31,quantile,0.15,246
2026-01-24,26,1,wk inc flu hosp,2026-01-31,quantile,0.2,275
2026-01-24,26,1,wk inc flu hosp,2026-01-31,quantile,0.25,292
2026-01-24,26,1,wk inc flu hosp,2026-01-31,quantile,0.3,300
2026-01-24,26,1,wk inc flu hosp,2026-01-31,quantile,0.35,326
2026-01-24,26,1,wk inc flu hosp,2026-01-31,quantile,0.4,355
2026-01-24,26,1,wk inc flu hosp,2026-01-31,quantile,0.45,389
2026-01-24,26,1,wk inc flu hosp,2026-01-31,quantile,0.5,409
2026-01-24,26,1,wk inc flu hosp,2026-01-31,quantile,0.55,428
2026-01-24,26,1,wk inc flu hosp,2026-01-31,quantile,0.6,451
2026-01-24,26,1,wk inc flu hosp,2026-01-31,quantile,0.65,477
2026-01-24,26,1,wk inc flu hosp,2026-01-31,quantile,0.7,503
2026-01-24,26,1,wk inc flu hosp,2026-01-31,quantile,0.75,537
2026-01-24,26,1,wk inc flu hosp,2026-01-31,quantile,0.8,567
2026-01-24,26,1,wk inc flu hosp,2026-01-31,quantile,0.85,607
2026-01-24,26,1,wk inc flu hosp,2026-01-31,quantile,0.9,653
2026-01-24,26,1,wk inc flu hosp,2026-01-31,quantile,0.95,768
2026-01-24,26,1,wk inc flu hosp,2026-01-31,quantile,0.975,872
2026-01-24,26,1,wk inc flu hosp,2026-01-31,quantile,0.99,1016
2026-01-24,26,2,wk inc flu hosp,2026-02-07,quantile,0.01,87
2026-01-24,26,2,wk inc flu hosp,2026-02-07,quantile,0.025,122
2026-01-24,26,2,wk inc flu hosp,2026-02-07,quantile,0.05,142
2026-01-24,26,2,wk inc flu hosp,2026-02-07,quantile,0.1,174
2026-01-24,26,2,wk inc flu hosp,2026-02-07,quantile,0.15,197
2026-01-24,26,2,wk inc flu hosp,2026-02-07,quantile,0.2,221
2026-01-24,26,2,wk inc flu hosp,2026-02-07,quantile,0.25,246
2026-01-24,26,2,wk inc flu hosp,2026-02-07,quantile,0.3,267
2026-01-24,26,2,wk inc flu hosp,2026-02-07,quantile,0.35,291
2026-01-24,26,2,wk inc flu hosp,2026-02-07,quantile,0.4,310
2026-01-24,26,2,wk inc flu hosp,2026-02-07,quantile,0.45,332
2026-01-24,26,2,wk inc flu hosp,2026-02-07,quantile,0.5,360
2026-01-24,26,2,wk inc flu hosp,2026-02-07,quantile,0.55,388
2026-01-24,26,2,wk inc flu hosp,2026-02-07,quantile,0.6,417
2026-01-24,26,2,wk inc flu hosp,2026-02-07,quantile,0.65,452
2026-01-24,26,2,wk inc flu hosp,2026-02-07,quantile,0.7,492
2026-01-24,26,2,wk inc flu hosp,2026-02-07,quantile,0.75,547
2026-01-24,26,2,wk inc flu hosp,2026-02-07,quantile,0.8,610
2026-01-24,26,2,wk inc flu hosp,2026-02-07,quantile,0.85,652
2026-01-24,26,2,wk inc flu hosp,2026-02-07,quantile,0.9,717
2026-01-24,26,2,wk inc flu hosp,2026-02-07,quantile,0.95,862
2026-01-24,26,2,wk inc flu hosp,2026-02-07,quantile,0.975,920
2026-01-24,26,2,wk inc flu hosp,2026-02-07,quantile,0.99,1135
2026-01-24,26,3,wk inc flu hosp,2026-02-14,quantile,0.01,66
2026-01-24,26,3,wk inc flu hosp,2026-02-14,quantile,0.025,92
2026-01-24,26,3,wk inc flu hosp,2026-02-14,quantile,0.05,108
2026-01-24,26,3,wk inc flu hosp,2026-02-14,quantile,0.1,136
2026-01-24,26,3,wk inc flu hosp,2026-02-14,quantile,0.15,172
2026-01-24,26,3,wk inc flu hosp,2026-02-14,quantile,0.2,195
2026-01-24,26,3,wk inc flu hosp,2026-02-14,quantile,0.25,215
2026-01-24,26,3,wk inc flu hosp,2026-02-14,quantile,0.3,237
2026-01-24,26,3,wk inc flu hosp,2026-02-14,quantile,0.35,269
2026-01-24,26,3,wk inc flu hosp,2026-02-14,quantile,0.4,292
2026-01-24,26,3,wk inc flu hosp,2026-02-14,quantile,0.45,342
2026-01-24,26,3,wk inc flu hosp,2026-02-14,quantile,0.5,362
2026-01-24,26,3,wk inc flu hosp,2026-02-14,quantile,0.55,384
2026-01-24,26,3,wk inc flu hosp,2026-02-14,quantile,0.6,406
2026-01-24,26,3,wk inc flu hosp,2026-02-14,quantile,0.65,431
2026-01-24,26,3,wk inc flu hosp,2026-02-14,quantile,0.7,471
2026-01-24,26,3,wk inc flu hosp,2026-02-14,quantile,0.75,527
2026-01-24,26,3,wk inc flu hosp,2026-02-14,quantile,0.8,597
2026-01-24,26,3,wk inc flu hosp,2026-02-14,quantile,0.85,678
2026-01-24,26,3,wk inc flu hosp,2026-02-14,quantile,0.9,718
2026-01-24,26,3,wk inc flu hosp,2026-02-14,quantile,0.95,883
2026-01-24,26,3,wk inc flu hosp,2026-02-14,quantile,0.975,1099
2026-01-24,26,3,wk inc flu hosp,2026-02-14,quantile,0.99,1270
2026-01-24,27,0,wk inc flu hosp,2026-01-24,quantile,0.01,117
2026-01-24,27,0,wk inc flu hosp,2026-01-24,quantile,0.025,133
2026-01-24,27,0,wk inc flu hosp,2026-01-24,quantile,0.05,151
2026-01-24,27,0,wk inc flu hosp,2026-01-24,quantile,0.1,183
2026-01-24,27,0,wk inc flu hosp,2026-01-24,quantile,0.15,201
2026-01-24,27,0,wk inc flu hosp,2026-01-24,quantile,0.2,217
2026-01-24,27,0,wk inc flu hosp,2026-01-24,quantile,0.25,234
2026-01-24,27,0,wk inc flu hosp,2026-01-24,quantile,0.3,258
2026-01-24,27,0,wk inc flu hosp,2026-01-24,quantile,0.35,270
2026-01-24,27,0,wk inc flu hosp,2026-01-24,quantile,0.4,279
2026-01-24,27,0,wk inc flu hosp,2026-01-24,quantile,0.45,287
2026-01-24,27,0,wk inc flu hosp,2026-01-24,quantile,0.5,299
2026-01-24,27,0,wk inc flu hosp,2026-01-24,quantile,0.55,314
2026-01-24,27,0,wk inc flu hosp,2026-01-24,quantile,0.6,332
2026-01-24,27,0,wk inc flu hosp,2026-01-24,quantile,0.65,350
2026-01-24,27,0,wk inc flu hosp,2026-01-24,quantile,0.7,365
2026-01-24,27,0,wk inc flu hosp,2026-01-24,quantile,0.75,384
2026-01-24,27,0,wk inc flu hosp,2026-01-24,quantile,0.8,409
2026-01-24,27,0,wk inc flu hosp,2026-01-24,quantile,0.85,442
2026-01-24,27,0,wk inc flu hosp,2026-01-24,quantile,0.9,465
2026-01-24,27,0,wk inc flu hosp,2026-01-24,quantile,0.95,521
2026-01-24,27,0,wk inc flu hosp,2026-01-24,quantile,0.975,549
2026-01-24,27,0,wk inc flu hosp,2026-01-24,quantile,0.99,637
2026-01-24,27,1,wk inc flu hosp,2026-01-31,quantile,0.01,50
2026-01-24,27,1,wk inc flu hosp,2026-01-31,quantile,0.025,68
2026-01-24,27,1,wk inc flu hosp,2026-01-31,quantile,0.05,84
2026-01-24,27,1,wk inc flu hosp,2026-01-31,quantile,0.1,103
2026-01-24,27,1,wk inc flu hosp,2026-01-31,quantile,0.15,119
2026-01-24,27,1,wk inc flu hosp,2026-01-31,quantile,0.2,136
2026-01-24,27,1,wk inc flu hosp,2026-01-31,quantile,0.25,151
2026-01-24,27,1,wk inc flu hosp,2026-01-31,quantile,0.3,166
2026-01-24,27,1,wk inc flu hosp,2026-01-31,quantile,0.35,190
2026-01-24,27,1,wk inc flu hosp,2026-01-31,quantile,0.4,200
2026-01-24,27,1,wk inc flu hosp,2026-01-31,quantile,0.45,215
2026-01-24,27,1,wk inc flu hosp,2026-01-31,quantile,0.5,237
2026-01-24,27,1,wk inc flu hosp,2026-01-31,quantile,0.55,252
2026-01-24,27,1,wk inc flu hosp,2026-01-31,quantile,0.6,261
2026-01-24,27,1,wk inc flu hosp,2026-01-31,quantile,0.65,287
2026-01-24,27,1,wk inc flu hosp,2026-01-31,quantile,0.7,302
2026-01-24,27,1,wk inc flu hosp,2026-01-31,quantile,0.75,330
2026-01-24,27,1,wk inc flu hosp,2026-01-31,quantile,0.8,362
2026-01-24,27,1,wk inc flu hosp,2026-01-31,quantile,0.85,380
2026-01-24,27,1,wk inc flu hosp,2026-01-31,quantile,0.9,415
2026-01-24,27,1,wk inc flu hosp,2026-01-31,quantile,0.95,503
2026-01-24,27,1,wk inc flu hosp,2026-01-31,quantile,0.975,573
2026-01-24,27,1,wk inc flu hosp,2026-01-31,quantile,0.99,650
2026-01-24,27,2,wk inc flu hosp,2026-02-07,quantile,0.01,28
2026-01-24,27,2,wk inc flu hosp,2026-02-07,quantile,0.025,44
2026-01-24,27,2,wk inc flu hosp,2026-02-07,quantile,0.05,49
2026-01-24,27,2,wk inc flu hosp,2026-02-07,quantile,0.1,70
2026-01-24,27,2,wk inc flu hosp,2026-02-07,quantile,0.15,81
2026-01-24,27,2,wk inc flu hosp,2026-02-07,quantile,0.2,94
2026-01-24,27,2,wk inc flu hosp,2026-02-07,quantile,0.25,108
2026-01-24,27,2,wk inc flu hosp,2026-02-07,quantile,0.3,122
2026-01-24,27,2,wk inc flu hosp,2026-02-07,quantile,0.35,136
2026-01-24,27,2,wk inc flu hosp,2026-02-07,quantile,0.4,154
2026-01-24,27,2,wk inc flu hosp,2026-02-07,quantile,0.45,177
2026-01-24,27,2,wk inc flu hosp,2026-02-07,quantile,0.5,189
2026-01-24,27,2,wk inc flu hosp,2026-02-07,quantile,0.55,211
2026-01-24,27,2,wk inc flu hosp,2026-02-07,quantile,0.6,233
2026-01-24,27,2,wk inc flu hosp,2026-02-07,quantile,0.65,249
2026-01-24,27,2,wk inc flu hosp,2026-02-07,quantile,0.7,270
2026-01-24,27,2,wk inc flu hosp,2026-02-07,quantile,0.75,296
2026-01-24,27,2,wk inc flu hosp,2026-02-07,quantile,0.8,334
2026-01-24,27,2,wk inc flu hosp,2026-02-07,quantile,0.85,357
2026-01-24,27,2,wk inc flu hosp,2026-02-07,quantile,0.9,410
2026-01-24,27,2,wk inc flu hosp,2026-02-07,quantile,0.95,538
2026-01-24,27,2,wk inc flu hosp,2026-02-07,quantile,0.975,653
2026-01-24,27,2,wk inc flu hosp,2026-02-07,quantile,0.99,787
2026-01-24,27,3,wk inc flu hosp,2026-02-14,quantile,0.01,18
2026-01-24,27,3,wk inc flu hosp,2026-02-14,quantile,0.025,23
2026-01-24,27,3,wk inc flu hosp,2026-02-14,quantile,0.05,28
2026-01-24,27,3,wk inc flu hosp,2026-02-14,quantile,0.1,44
2026-01-24,27,3,wk inc flu hosp,2026-02-14,quantile,0.15,55
2026-01-24,27,3,wk inc flu hosp,2026-02-14,quantile,0.2,66
2026-01-24,27,3,wk inc flu hosp,2026-02-14,quantile,0.25,75
2026-01-24,27,3,wk inc flu hosp,2026-02-14,quantile,0.3,79
2026-01-24,27,3,wk inc flu hosp,2026-02-14,quantile,0.35,84
2026-01-24,27,3,wk inc flu hosp,2026-02-14,quantile,0.4,94
2026-01-24,27,3,wk inc flu hosp,2026-02-14,quantile,0.45,133
2026-01-24,27,3,wk inc flu hosp,2026-02-14,quantile,0.5,152
2026-01-24,27,3,wk inc flu hosp,2026-02-14,quantile,0.55,171
2026-01-24,27,3,wk inc flu hosp,2026-02-14,quantile,0.6,193
2026-01-24,27,3,wk inc flu hosp,2026-02-14,quantile,0.65,225
2026-01-24,27,3,wk inc flu hosp,2026-02-14,quantile,0.7,250
2026-01-24,27,3,wk inc flu hosp,2026-02-14,quantile,0.75,285
2026-01-24,27,3,wk inc flu hosp,2026-02-14,quantile,0.8,314
2026-01-24,27,3,wk inc flu hosp,2026-02-14,quantile,0.85,345
2026-01-24,27,3,wk inc flu hosp,2026-02-14,quantile,0.9,398
2026-01-24,27,3,wk inc flu hosp,2026-02-14,quantile,0.95,552
2026-01-24,27,3,wk inc flu hosp,2026-02-14,quantile,0.975,696
2026-01-24,27,3,wk inc flu hosp,2026-02-14,quantile,0.99,819
2026-01-24,28,0,wk inc flu hosp,2026-01-24,quantile,0.01,50
2026-01-24,28,0,wk inc flu hosp,2026-01-24,quantile,0.025,60
2026-01-24,28,0,wk inc flu hosp,2026-01-24,quantile,0.05,67
2026-01-24,28,0,wk inc flu hosp,2026-01-24,quantile,0.1,78
2026-01-24,28,0,wk inc flu hosp,2026-01-24,quantile,0.15,86
2026-01-24,28,0,wk inc flu hosp,2026-01-24,quantile,0.2,92
2026-01-24,28,0,wk inc flu hosp,2026-01-24,quantile,0.25,98
2026-01-24,28,0,wk inc flu hosp,2026-01-24,quantile,0.3,105
2026-01-24,28,0,wk inc flu hosp,2026-01-24,quantile,0.35,112
2026-01-24,28,0,wk inc flu hosp,2026-01-24,quantile,0.4,117
2026-01-24,28,0,wk inc flu hosp,2026-01-24,quantile,0.45,123
2026-01-24,28,0,wk inc flu hosp,2026-01-24,quantile,0.5,128
2026-01-24,28,0,wk inc flu hosp,2026-01-24,quantile,0.55,132
2026-01-24,28,0,wk inc flu hosp,2026-01-24,quantile,0.6,135
2026-01-24,28,0,wk inc flu hosp,2026-01-24,quantile,0.65,139
2026-01-24,28,0,wk inc flu hosp,2026-01-24,quantile,0.7,146
2026-01-24,28,0,wk inc flu hosp,2026-01-24,quantile,0.75,153
2026-01-24,28,0,wk inc flu hosp,2026-01-24,quantile,0.8,160
2026-01-24,28,0,wk inc flu hosp,2026-01-24,quantile,0.85,168
2026-01-24,28,0,wk inc flu hosp,2026-01-24,quantile,0.9,185
2026-01-24,28,0,wk inc flu hosp,2026-01-24,quantile,0.95,213
2026-01-24,28,0,wk inc flu hosp,2026-01-24,quantile,0.975,235
2026-01-24,28,0,wk inc flu hosp,2026-01-24,quantile,0.99,271
2026-01-24,28,1,wk inc flu hosp,2026-01-31,quantile,0.01,38
2026-01-24,28,1,wk inc flu hosp,2026-01-31,quantile,0.025,47
2026-01-24,28,1,wk inc flu hosp,2026-01-31,quantile,0.05,54
2026-01-24,28,1,wk inc flu hosp,2026-01-31,quantile,0.1,64
2026-01-24,28,1,wk inc flu hosp,2026-01-31,quantile,0.15,72
2026-01-24,28,1,wk inc flu hosp,2026-01-31,quantile,0.2,81
2026-01-24,28,1,wk inc flu hosp,2026-01-31,quantile,0.25,92
2026-01-24,28,1,wk inc flu hosp,2026-01-31,quantile,0.3,98
2026-01-24,28,1,wk inc flu hosp,2026-01-31,quantile,0.35,102
2026-01-24,28,1,wk inc flu hosp,2026-01-31,quantile,0.4,107
2026-01-24,28,1,wk inc flu hosp,2026-01-31,quantile,0.45,113
2026-01-24,28,1,wk inc flu hosp,2026-01-31,quantile,0.5,119
2026-01-24,28,1,wk inc flu hosp,2026-01-31,quantile,0.55,127
2026-01-24,28,1,wk inc flu hosp,2026-01-31,quantile,0.6,131
2026-01-24,28,1,wk inc flu hosp,2026-01-31,quantile,0.65,142
2026-01-24,28,1,wk inc flu hosp,2026-01-31,quantile,0.7,148
2026-01-24,28,1,wk inc flu hosp,2026-01-31,quantile,0.75,158
2026-01-24,28,1,wk inc flu hosp,2026-01-31,quantile,0.8,164
2026-01-24,28,1,wk inc flu hosp,2026-01-31,quantile,0.85,176
2026-01-24,28,1,wk inc flu hosp,2026-01-31,quantile,0.9,196
2026-01-24,28,1,wk inc flu hosp,2026-01-31,quantile,0.95,239
2026-01-24,28,1,wk inc flu hosp,2026-01-31,quantile,0.975,278
2026-01-24,28,1,wk inc flu hosp,2026-01-31,quantile,0.99,311
2026-01-24,28,2,wk inc flu hosp,2026-02-07,quantile,0.01,29
2026-01-24,28,2,wk inc flu hosp,2026-02-07,quantile,0.025,36
2026-01-24,28,2,wk inc flu hosp,2026-02-07,quantile,0.05,46
2026-01-24,28,2,wk inc flu hosp,2026-02-07,quantile,0.1,57
2026-01-24,28,2,wk inc flu hosp,2026-02-07,quantile,0.15,68
2026-01-24,28,2,wk inc flu hosp,2026-02-07,quantile,0.2,76
2026-01-24,28,2,wk inc flu hosp,2026-02-07,quantile,0.25,86
2026-01-24,28,2,wk inc flu hosp,2026-02-07,quantile,0.3,90
2026-01-24,28,2,wk inc flu hosp,2026-02-07,quantile,0.35,98
2026-01-24,28,2,wk inc flu hosp,2026-02-07,quantile,0.4,103
2026-01-24,28,2,wk inc flu hosp,2026-02-07,quantile,0.45,106
2026-01-24,28,2,wk inc flu hosp,2026-02-07,quantile,0.5,115
2026-01-24,28,2,wk inc flu hosp,2026-02-07,quantile,0.55,125
2026-01-24,28,2,wk inc flu hosp,2026-02-07,quantile,0.6,131
2026-01-24,28,2,wk inc flu hosp,2026-02-07,quantile,0.65,140
2026-01-24,28,2,wk inc flu hosp,2026-02-07,quantile,0.7,147
2026-01-24,28,2,wk inc flu hosp,2026-02-07,quantile,0.75,155
2026-01-24,28,2,wk inc flu hosp,2026-02-07,quantile,0.8,165
2026-01-24,28,2,wk inc flu hosp,2026-02-07,quantile,0.85,181
2026-01-24,28,2,wk inc flu hosp,2026-02-07,quantile,0.9,201
2026-01-24,28,2,wk inc flu hosp,2026-02-07,quantile,0.95,254
2026-01-24,28,2,wk inc flu hosp,2026-02-07,quantile,0.975,311
2026-01-24,28,2,wk inc flu hosp,2026-02-07,quantile,0.99,359
2026-01-24,28,3,wk inc flu hosp,2026-02-14,quantile,0.01,20
2026-01-24,28,3,wk inc flu hosp,2026-02-14,quantile,0.025,28
2026-01-24,28,3,wk inc flu hosp,2026-02-14,quantile,0.05,36
2026-01-24,28,3,wk inc flu hosp,2026-02-14,quantile,0.1,45
2026-01-24,28,3,wk inc flu hosp,2026-02-14,quantile,0.15,58
2026-01-24,28,3,wk inc flu hosp,2026-02-14,quantile,0.2,68
2026-01-24,28,3,wk inc flu hosp,2026-02-14,quantile,0.25,78
2026-01-24,28,3,wk inc flu hosp,2026-02-14,quantile,0.3,83
2026-01-24,28,3,wk inc flu hosp,2026-02-14,quantile,0.35,90
2026-01-24,28,3,wk inc flu hosp,2026-02-14,quantile,0.4,97
2026-01-24,28,3,wk inc flu hosp,2026-02-14,quantile,0.45,103
2026-01-24,28,3,wk inc flu hosp,2026-02-14,quantile,0.5,111
2026-01-24,28,3,wk inc flu hosp,2026-02-14,quantile,0.55,118
2026-01-24,28,3,wk inc flu hosp,2026-02-14,quantile,0.6,123
2026-01-24,28,3,wk inc flu hosp,2026-02-14,quantile,0.65,135
2026-01-24,28,3,wk inc flu hosp,2026-02-14,quantile,0.7,146
2026-01-24,28,3,wk inc flu hosp,2026-02-14,quantile,0.75,154
2026-01-24,28,3,wk inc flu hosp,2026-02-14,quantile,0.8,171
2026-01-24,28,3,wk inc flu hosp,2026-02-14,quantile,0.85,183
2026-01-24,28,3,wk inc flu hosp,2026-02-14,quantile,0.9,205
2026-01-24,28,3,wk inc flu hosp,2026-02-14,quantile,0.95,248
2026-01-24,28,3,wk inc flu hosp,2026-02-14,quantile,0.975,299
2026-01-24,28,3,wk inc flu hosp,2026-02-14,quantile,0.99,354
2026-01-24,29,0,wk inc flu hosp,2026-01-24,quantile,0.01,88
2026-01-24,29,0,wk inc flu hosp,2026-01-24,quantile,0.025,110
2026-01-24,29,0,wk inc flu hosp,2026-01-24,quantile,0.05,129
2026-01-24,29,0,wk inc flu hosp,2026-01-24,quantile,0.1,147
2026-01-24,29,0,wk inc flu hosp,2026-01-24,quantile,0.15,168
2026-01-24,29,0,wk inc flu hosp,2026-01-24,quantile,0.2,179
2026-01-24,29,0,wk inc flu hosp,2026-01-24,quantile,0.25,191
2026-01-24,29,0,wk inc flu hosp,2026-01-24,quantile,0.3,215
2026-01-24,29,0,wk inc flu hosp,2026-01-24,quantile,0.35,227
2026-01-24,29,0,wk inc flu hosp,2026-01-24,quantile,0.4,240
2026-01-24,29,0,wk inc flu hosp,2026-01-24,quantile,0.45,257
2026-01-24,29,0,wk inc flu hosp,2026-01-24,quantile,0.5,266
2026-01-24,29,0,wk inc flu hosp,2026-01-24,quantile,0.55,273
2026-01-24,29,0,wk inc flu hosp,2026-01-24,quantile,0.6,290
2026-01-24,29,0,wk inc flu hosp,2026-01-24,quantile,0.65,299
2026-01-24,29,0,wk inc flu hosp,2026-01-24,quantile,0.7,307
2026-01-24,29,0,wk inc flu hosp,2026-01-24,quantile,0.75,318
2026-01-24,29,0,wk inc flu hosp,2026-01-24,quantile,0.8,333
2026-01-24,29,0,wk inc flu hosp,2026-01-24,quantile,0.85,355
2026-01-24,29,0,wk inc flu hosp,2026-01-24,quantile,0.9,380
2026-01-24,29,0,wk inc flu hosp,2026-01-24,quantile,0.95,449
2026-01-24,29,0,wk inc flu hosp,2026-01-24,quantile,0.975,525
2026-01-24,29,0,wk inc flu hosp,2026-01-24,quantile,0.99,597
2026-01-24,29,1,wk inc flu hosp,2026-01-31,quantile,0.01,63
2026-01-24,29,1,wk inc flu hosp,2026-01-31,quantile,0.025,82
2026-01-24,29,1,wk inc flu hosp,2026-01-31,quantile,0.05,104
2026-01-24,29,1,wk inc flu hosp,2026-01-31,quantile,0.1,128
2026-01-24,29,1,wk inc flu hosp,2026-01-31,quantile,0.15,144
2026-01-24,29,1,wk inc flu hosp,2026-01-31,quantile,0.2,158
2026-01-24,29,1,wk inc flu hosp,2026-01-31,quantile,0.25,175
2026-01-24,29,1,wk inc flu hosp,2026-01-31,quantile,0.3,192
2026-01-24,29,1,wk inc flu hosp,2026-01-31,quantile,0.35,204
2026-01-24,29,1,wk inc flu hosp,2026-01-31,quantile,0.4,217
2026-01-24,29,1,wk inc flu hosp,2026-01-31,quantile,0.45,232
2026-01-24,29,1,wk inc flu hosp,2026-01-31,quantile,0.5,249
2026-01-24,29,1,wk inc flu hosp,2026-01-31,quantile,0.55,261
2026-01-24,29,1,wk inc flu hosp,2026-01-31,quantile,0.6,279
2026-01-24,29,1,wk inc flu hosp,2026-01-31,quantile,0.65,292
2026-01-24,29,1,wk inc flu hosp,2026-01-31,quantile,0.7,304
2026-01-24,29,1,wk inc flu hosp,2026-01-31,quantile,0.75,319
2026-01-24,29,1,wk inc flu hosp,2026-01-31,quantile,0.8,343
2026-01-24,29,1,wk inc flu hosp,2026-01-31,quantile,0.85,373
2026-01-24,29,1,wk inc flu hosp,2026-01-31,quantile,0.9,424
2026-01-24,29,1,wk inc flu hosp,2026-01-31,quantile,0.95,503
2026-01-24,29,1,wk inc flu hosp,2026-01-31,quantile,0.975,592
2026-01-24,29,1,wk inc flu hosp,2026-01-31,quantile,0.99,681
2026-01-24,29,2,wk inc flu hosp,2026-02-07,quantile,0.01,46
2026-01-24,29,2,wk inc flu hosp,2026-02-07,quantile,0.025,63
2026-01-24,29,2,wk inc flu hosp,2026-02-07,quantile,0.05,81
2026-01-24,29,2,wk inc flu hosp,2026-02-07,quantile,0.1,104
2026-01-24,29,2,wk inc flu hosp,2026-02-07,quantile,0.15,122
2026-01-24,29,2,wk inc flu hosp,2026-02-07,quantile,0.2,151
2026-01-24,29,2,wk inc flu hosp,2026-02-07,quantile,0.25,168
2026-01-24,29,2,wk inc flu hosp,2026-02-07,quantile,0.3,188
2026-01-24,29,2,wk inc flu hosp,2026-02-07,quantile,0.35,200
2026-01-24,29,2,wk inc flu hosp,2026-02-07,quantile,0.4,217
2026-01-24,29,2,wk inc flu hosp,2026-02-07,quantile,0.45,232
2026-01-24,29,2,wk inc flu hosp,2026-02-07,quantile,0.5,256
2026-01-24,29,2,wk inc flu hosp,2026-02-07,quantile,0.55,272
2026-01-24,29,2,wk inc flu hosp,2026-02-07,quantile,0.6,288
2026-01-24,29,2,wk inc flu hosp,2026-02-07,quantile,0.65,306
2026-01-24,29,2,wk inc flu hosp,2026-02-07,quantile,0.7,325
2026-01-24,29,2,wk inc flu hosp,2026-02-07,quantile,0.75,346
2026-01-24,29,2,wk inc flu hosp,2026-02-07,quantile,0.8,370
2026-01-24,29,2,wk inc flu hosp,2026-02-07,quantile,0.85,389
2026-01-24,29,2,wk inc flu hosp,2026-02-07,quantile,0.9,440
2026-01-24,29,2,wk inc flu hosp,2026-02-07,quantile,0.95,549
2026-01-24,29,2,wk inc flu hosp,2026-02-07,quantile,0.975,628
2026-01-24,29,2,wk inc flu hosp,2026-02-07,quantile,0.99,717
2026-01-24,29,3,wk inc flu hosp,2026-02-14,quantile,0.01,33
2026-01-24,29,3,wk inc flu hosp,2026-02-14,quantile,0.025,41
2026-01-24,29,3,wk inc flu hosp,2026-02-14,quantile,0.05,70
2026-01-24,29,3,wk inc flu hosp,2026-02-14,quantile,0.1,86
2026-01-24,29,3,wk inc flu hosp,2026-02-14,quantile,0.15,104
2026-01-24,29,3,wk inc flu hosp,2026-02-14,quantile,0.2,128
2026-01-24,29,3,wk inc flu hosp,2026-02-14,quantile,0.25,140
2026-01-24,29,3,wk inc flu hosp,2026-02-14,quantile,0.3,180
2026-01-24,29,3,wk inc flu hosp,2026-02-14,quantile,0.35,195
2026-01-24,29,3,wk inc flu hosp,2026-02-14,quantile,0.4,209
2026-01-24,29,3,wk inc flu hosp,2026-02-14,quantile,0.45,226
2026-01-24,29,3,wk inc flu hosp,2026-02-14,quantile,0.5,249
2026-01-24,29,3,wk inc flu hosp,2026-02-14,quantile,0.55,265
2026-01-24,29,3,wk inc flu hosp,2026-02-14,quantile,0.6,283
2026-01-24,29,3,wk inc flu hosp,2026-02-14,quantile,0.65,302
2026-01-24,29,3,wk inc flu hosp,2026-02-14,quantile,0.7,320
2026-01-24,29,3,wk inc flu hosp,2026-02-14,quantile,0.75,334
2026-01-24,29,3,wk inc flu hosp,2026-02-14,quantile,0.8,364
2026-01-24,29,3,wk inc flu hosp,2026-02-14,quantile,0.85,400
2026-01-24,29,3,wk inc flu hosp,2026-02-14,quantile,0.9,458
2026-01-24,29,3,wk inc flu hosp,2026-02-14,quantile,0.95,579
2026-01-24,29,3,wk inc flu hosp,2026-02-14,quantile,0.975,656
2026-01-24,29,3,wk inc flu hosp,2026-02-14,quantile,0.99,806
2026-01-24,30,0,wk inc flu hosp,2026-01-24,quantile,0.01,24
2026-01-24,30,0,wk inc flu hosp,2026-01-24,quantile,0.025,29
2026-01-24,30,0,wk inc flu hosp,2026-01-24,quantile,0.05,34
2026-01-24,30,0,wk inc flu hosp,2026-01-24,quantile,0.1,41
2026-01-24,30,0,wk inc flu hosp,2026-01-24,quantile,0.15,45
2026-01-24,30,0,wk inc flu hosp,2026-01-24,quantile,0.2,50
2026-01-24,30,0,wk inc flu hosp,2026-01-24,quantile,0.25,53
2026-01-24,30,0,wk inc flu hosp,2026-01-24,quantile,0.3,57
2026-01-24,30,0,wk inc flu hosp,2026-01-24,quantile,0.35,62
2026-01-24,30,0,wk inc flu hosp,2026-01-24,quantile,0.4,65
2026-01-24,30,0,wk inc flu hosp,2026-01-24,quantile,0.45,68
2026-01-24,30,0,wk inc flu hosp,2026-01-24,quantile,0.5,71
2026-01-24,30,0,wk inc flu hosp,2026-01-24,quantile,0.55,74
2026-01-24,30,0,wk inc flu hosp,2026-01-24,quantile,0.6,78
2026-01-24,30,0,wk inc flu hosp,2026-01-24,quantile,0.65,80
2026-01-24,30,0,wk inc flu hosp,2026-01-24,quantile,0.7,83
2026-01-24,30,0,wk inc flu hosp,2026-01-24,quantile,0.75,86
2026-01-24,30,0,wk inc flu hosp,2026-01-24,quantile,0.8,91
2026-01-24,30,0,wk inc flu hosp,2026-01-24,quantile,0.85,98
2026-01-24,30,0,wk inc flu hosp,2026-01-24,quantile,0.9,107
2026-01-24,30,0,wk inc flu hosp,2026-01-24,quantile,0.95,119
2026-01-24,30,0,wk inc flu hosp,2026-01-24,quantile,0.975,128
2026-01-24,30,0,wk inc flu hosp,2026-01-24,quantile,0.99,144
2026-01-24,30,1,wk inc flu hosp,2026-01-31,quantile,0.01,15
2026-01-24,30,1,wk inc flu hosp,2026-01-31,quantile,0.025,19
2026-01-24,30,1,wk inc flu hosp,2026-01-31,quantile,0.05,24
2026-01-24,30,1,wk inc flu hosp,2026-01-31,quantile,0.1,30
2026-01-24,30,1,wk inc flu hosp,2026-01-31,quantile,0.15,37
2026-01-24,30,1,wk inc flu hosp,2026-01-31,quantile,0.2,41
2026-01-24,30,1,wk inc flu hosp,2026-01-31,quantile,0.25,46
2026-01-24,30,1,wk inc flu hosp,2026-01-31,quantile,0.3,48
2026-01-24,30,1,wk inc flu hosp,2026-01-31,quantile,0.35,52
2026-01-24,30,1,wk inc flu hosp,2026-01-31,quantile,0.4,56
2026-01-24,30,1,wk inc flu hosp,2026-01-31,quantile,0.45,60
2026-01-24,30,1,wk inc flu hosp,2026-01-31,quantile,0.5,65
2026-01-24,30,1,wk inc flu hosp,2026-01-31,quantile,0.55,67
2026-01-24,30,1,wk inc flu hosp,2026-01-31,quantile,0.6,71
2026-01-24,30,1,wk inc flu hosp,2026-01-31,quantile,0.65,75
2026-01-24,30,1,wk inc flu hosp,2026-01-31,quantile,0.7,80
2026-01-24,30,1,wk inc flu hosp,2026-01-31,quantile,0.75,85
2026-01-24,30,1,wk inc flu hosp,2026-01-31,quantile,0.8,91
2026-01-24,30,1,wk inc flu hosp,2026-01-31,quantile,0.85,99
2026-01-24,30,1,wk inc flu hosp,2026-01-31,quantile,0.9,109
2026-01-24,30,1,wk inc flu hosp,2026-01-31,quantile,0.95,130
2026-01-24,30,1,wk inc flu hosp,2026-01-31,quantile,0.975,151
2026-01-24,30,1,wk inc flu hosp,2026-01-31,quantile,0.99,168
2026-01-24,30,2,wk inc flu hosp,2026-02-07,quantile,0.01,10
2026-01-24,30,2,wk inc flu hosp,2026-02-07,quantile,0.025,14
2026-01-24,30,2,wk inc flu hosp,2026-02-07,quantile,0.05,19
2026-01-24,30,2,wk inc flu hosp,2026-02-07,quantile,0.1,25
2026-01-24,30,2,wk inc flu hosp,2026-02-07,quantile,0.15,32
2026-01-24,30,2,wk inc flu hosp,2026-02-07,quantile,0.2,34
2026-01-24,30,2,wk inc flu hosp,2026-02-07,quantile,0.25,38
2026-01-24,30,2,wk inc flu hosp,2026-02-07,quantile,0.3,45
2026-01-24,30,2,wk inc flu hosp,2026-02-07,quantile,0.35,48
2026-01-24,30,2,wk inc flu hosp,2026-02-07,quantile,0.4,52
2026-01-24,30,2,wk inc flu hosp,2026-02-07,quantile,0.45,57
2026-01-24,30,2,wk inc flu hosp,2026-02-07,quantile,0.5,61
2026-01-24,30,2,wk inc flu hosp,2026-02-07,quantile,0.55,64
2026-01-24,30,2,wk inc flu hosp,2026-02-07,quantile,0.6,70
2026-01-24,30,2,wk inc flu hosp,2026-02-07,quantile,0.65,75
2026-01-24,30,2,wk inc flu hosp,2026-02-07,quantile,0.7,80
2026-01-24,30,2,wk inc flu hosp,2026-02-07,quantile,0.75,86
2026-01-24,30,2,wk inc flu hosp,2026-02-07,quantile,0.8,92
2026-01-24,30,2,wk inc flu hosp,2026-02-07,quantile,0.85,100
2026-01-24,30,2,wk inc flu hosp,2026-02-07,quantile,0.9,113
2026-01-24,30,2,wk inc flu hosp,2026-02-07,quantile,0.95,142
2026-01-24,30,2,wk inc flu hosp,2026-02-07,quantile,0.975,168
2026-01-24,30,2,wk inc flu hosp,2026-02-07,quantile,0.99,203
2026-01-24,30,3,wk inc flu hosp,2026-02-14,quantile,0.01,7
2026-01-24,30,3,wk inc flu hosp,2026-02-14,quantile,0.025,11
2026-01-24,30,3,wk inc flu hosp,2026-02-14,quantile,0.05,14
2026-01-24,30,3,wk inc flu hosp,2026-02-14,quantile,0.1,19
2026-01-24,30,3,wk inc flu hosp,2026-02-14,quantile,0.15,22
2026-01-24,30,3,wk inc flu hosp,2026-02-14,quantile,0.2,27
2026-01-24,30,3,wk inc flu hosp,2026-02-14,quantile,0.25,30
2026-01-24,30,3,wk inc flu hosp,2026-02-14,quantile,0.3,35
2026-01-24,30,3,wk inc flu hosp,2026-02-14,quantile,0.35,44
2026-01-24,30,3,wk inc flu hosp,2026-02-14,quantile,0.4,47
2026-01-24,30,3,wk inc flu hosp,2026-02-14,quantile,0.45,52
2026-01-24,30,3,wk inc flu hosp,2026-02-14,quantile,0.5,57
2026-01-24,30,3,wk inc flu hosp,2026-02-14,quantile,0.55,59
2026-01-24,30,3,wk inc flu hosp,2026-02-14,quantile,0.6,68
2026-01-24,30,3,wk inc flu hosp,2026-02-14,quantile,0.65,74
2026-01-24,30,3,wk inc flu hosp,2026-02-14,quantile,0.7,78
2026-01-24,30,3,wk inc flu hosp,2026-02-14,quantile,0.75,86
2026-01-24,30,3,wk inc flu hosp,2026-02-14,quantile,0.8,92
2026-01-24,30,3,wk inc flu hosp,2026-02-14,quantile,0.85,100
2026-01-24,30,3,wk inc flu hosp,2026-02-14,quantile,0.9,118
2026-01-24,30,3,wk inc flu hosp,2026-02-14,quantile,0.95,147
2026-01-24,30,3,wk inc flu hosp,2026-02-14,quantile,0.975,177
2026-01-24,30,3,wk inc flu hosp,2026-02-14,quantile,0.99,201
2026-01-24,31,0,wk inc flu hosp,2026-01-24,quantile,0.01,32
2026-01-24,31,0,wk inc flu hosp,2026-01-24,quantile,0.025,36
2026-01-24,31,0,wk inc flu hosp,2026-01-24,quantile,0.05,42
2026-01-24,31,0,wk inc flu hosp,2026-01-24,quantile,0.1,50
2026-01-24,31,0,wk inc flu hosp,2026-01-24,quantile,0.15,54
2026-01-24,31,0,wk inc flu hosp,2026-01-24,quantile,0.2,63
2026-01-24,31,0,wk inc flu hosp,2026-01-24,quantile,0.25,68
2026-01-24,31,0,wk inc flu hosp,2026-01-24,quantile,0.3,73
2026-01-24,31,0,wk inc flu hosp,2026-01-24,quantile,0.35,77
2026-01-24,31,0,wk inc flu hosp,2026-01-24,quantile,0.4,82
2026-01-24,31,0,wk inc flu hosp,2026-01-24,quantile,0.45,85
2026-01-24,31,0,wk inc flu hosp,2026-01-24,quantile,0.5,90
2026-01-24,31,0,wk inc flu hosp,2026-01-24,quantile,0.55,95
2026-01-24,31,0,wk inc flu hosp,2026-01-24,quantile,0.6,100
2026-01-24,31,0,wk inc flu hosp,2026-01-24,quantile,0.65,103
2026-01-24,31,0,wk inc flu hosp,2026-01-24,quantile,0.7,108
2026-01-24,31,0,wk inc flu hosp,2026-01-24,quantile,0.75,114
2026-01-24,31,0,wk inc flu hosp,2026-01-24,quantile,0.8,122
2026-01-24,31,0,wk inc flu hosp,2026-01-24,quantile,0.85,131
2026-01-24,31,0,wk inc flu hosp,2026-01-24,quantile,0.9,140
2026-01-24,31,0,wk inc flu hosp,2026-01-24,quantile,0.95,162
2026-01-24,31,0,wk inc flu hosp,2026-01-24,quantile,0.975,175
2026-01-24,31,0,wk inc flu hosp,2026-01-24,quantile,0.99,190
2026-01-24,31,1,wk inc flu hosp,2026-01-31,quantile,0.01,18
2026-01-24,31,1,wk inc flu hosp,2026-01-31,quantile,0.025,24
2026-01-24,31,1,wk inc flu hosp,2026-01-31,quantile,0.05,30
2026-01-24,31,1,wk inc flu hosp,2026-01-31,quantile,0.1,40
2026-01-24,31,1,wk inc flu hosp,2026-01-31,quantile,0.15,49
2026-01-24,31,1,wk inc flu hosp,2026-01-31,quantile,0.2,55
2026-01-24,31,1,wk inc flu hosp,2026-01-31,quantile,0.25,59
2026-01-24,31,1,wk inc flu hosp,2026-01-31,quantile,0.3,65
2026-01-24,31,1,wk inc flu hosp,2026-01-31,quantile,0.35,72
2026-01-24,31,1,wk inc flu hosp,2026-01-31,quantile,0.4,79
2026-01-24,31,1,wk inc flu hosp,2026-01-31,quantile,0.45,83
2026-01-24,31,1,wk inc flu hosp,2026-01-31,quantile,0.5,87
2026-01-24,31,1,wk inc flu hosp,2026-01-31,quantile,0.55,89
2026-01-24,31,1,wk inc flu hosp,2026-01-31,quantile,0.6,92
2026-01-24,31,1,wk inc flu hosp,2026-01-31,quantile,0.65,99
2026-01-24,31,1,wk inc flu hosp,2026-01-31,quantile,0.7,103
2026-01-24,31,1,wk inc flu hosp,2026-01-31,quantile,0.75,111
2026-01-24,31,1,wk inc flu hosp,2026-01-31,quantile,0.8,120
2026-01-24,31,1,wk inc flu hosp,2026-01-31,quantile,0.85,131
2026-01-24,31,1,wk inc flu hosp,2026-01-31,quantile,0.9,140
2026-01-24,31,1,wk inc flu hosp,2026-01-31,quantile,0.95,167
2026-01-24,31,1,wk inc flu hosp,2026-01-31,quantile,0.975,181
2026-01-24,31,1,wk inc flu hosp,2026-01-31,quantile,0.99,236
2026-01-24,31,2,wk inc flu hosp,2026-02-07,quantile,0.01,15
2026-01-24,31,2,wk inc flu hosp,2026-02-07,quantile,0.025,20
2026-01-24,31,2,wk inc flu hosp,2026-02-07,quantile,0.05,26
2026-01-24,31,2,wk inc flu hosp,2026-02-07,quantile,0.1,33
2026-01-24,31,2,wk inc flu hosp,2026-02-07,quantile,0.15,39
2026-01-24,31,2,wk inc flu hosp,2026-02-07,quantile,0.2,49
2026-01-24,31,2,wk inc flu hosp,2026-02-07,quantile,0.25,53
2026-01-24,31,2,wk inc flu hosp,2026-02-07,quantile,0.3,59
2026-01-24,31,2,wk inc flu hosp,2026-02-07,quantile,0.35,65
2026-01-24,31,2,wk inc flu hosp,2026-02-07,quantile,0.4,69
2026-01-24,31,2,wk inc flu hosp,2026-02-07,quantile,0.45,77
2026-01-24,31,2,wk inc flu hosp,2026-02-07,quantile,0.5,84
2026-01-24,31,2,wk inc flu hosp,2026-02-07,quantile,0.55,91
2026-01-24,31,2,wk inc flu hosp,2026-02-07,quantile,0.6,96
2026-01-24,31,2,wk inc flu hosp,2026-02-07,quantile,0.65,103
2026-01-24,31,2,wk inc flu hosp,2026-02-07,quantile,0.7,108
2026-01-24,31,2,wk inc flu hosp,2026-02-07,quantile,0.75,114
2026-01-24,31,2,wk inc flu hosp,2026-02-07,quantile,0.8,122
2026-01-24,31,2,wk inc flu hosp,2026-02-07,quantile,0.85,131
2026-01-24,31,2,wk inc flu hosp,2026-02-07,quantile,0.9,145
2026-01-24,31,2,wk inc flu hosp,2026-02-07,quantile,0.95,175
2026-01-24,31,2,wk inc flu hosp,2026-02-07,quantile,0.975,207
2026-01-24,31,2,wk inc flu hosp,2026-02-07,quantile,0.99,251
2026-01-24,31,3,wk inc flu hosp,2026-02-14,quantile,0.01,10
2026-01-24,31,3,wk inc flu hosp,2026-02-14,quantile,0.025,16
2026-01-24,31,3,wk inc flu hosp,2026-02-14,quantile,0.05,20
2026-01-24,31,3,wk inc flu hosp,2026-02-14,quantile,0.1,28
2026-01-24,31,3,wk inc flu hosp,2026-02-14,quantile,0.15,33
2026-01-24,31,3,wk inc flu hosp,2026-02-14,quantile,0.2,41
2026-01-24,31,3,wk inc flu hosp,2026-02-14,quantile,0.25,46
2026-01-24,31,3,wk inc flu hosp,2026-02-14,quantile,0.3,52
2026-01-24,31,3,wk inc flu hosp,2026-02-14,quantile,0.35,58
2026-01-24,31,3,wk inc flu hosp,2026-02-14,quantile,0.4,64
2026-01-24,31,3,wk inc flu hosp,2026-02-14,quantile,0.45,70
2026-01-24,31,3,wk inc flu hosp,2026-02-14,quantile,0.5,78
2026-01-24,31,3,wk inc flu hosp,2026-02-14,quantile,0.55,87
2026-01-24,31,3,wk inc flu hosp,2026-02-14,quantile,0.6,93
2026-01-24,31,3,wk inc flu hosp,2026-02-14,quantile,0.65,99
2026-01-24,31,3,wk inc flu hosp,2026-02-14,quantile,0.7,105
2026-01-24,31,3,wk inc flu hosp,2026-02-14,quantile,0.75,110
2026-01-24,31,3,wk inc flu hosp,2026-02-14,quantile,0.8,119
2026-01-24,31,3,wk inc flu hosp,2026-02-14,quantile,0.85,135
2026-01-24,31,3,wk inc flu hosp,2026-02-14,quantile,0.9,152
2026-01-24,31,3,wk inc flu hosp,2026-02-14,quantile,0.95,186
2026-01-24,31,3,wk inc flu hosp,2026-02-14,quantile,0.975,224
2026-01-24,31,3,wk inc flu hosp,2026-02-14,quantile,0.99,275
2026-01-24,32,0,wk inc flu hosp,2026-01-24,quantile,0.01,45
2026-01-24,32,0,wk inc flu hosp,2026-01-24,quantile,0.025,55
2026-01-24,32,0,wk inc flu hosp,2026-01-24,quantile,0.05,62
2026-01-24,32,0,wk inc flu hosp,2026-01-24,quantile,0.1,70
2026-01-24,32,0,wk inc flu hosp,2026-01-24,quantile,0.15,77
2026-01-24,32,0,wk inc flu hosp,2026-01-24,quantile,0.2,87
2026-01-24,32,0,wk inc flu hosp,2026-01-24,quantile,0.25,91
2026-01-24,32,0,wk inc flu hosp,2026-01-24,quantile,0.3,96
2026-01-24,32,0,wk inc flu hosp,2026-01-24,quantile,0.35,102
2026-01-24,32,0,wk inc flu hosp,2026-01-24,quantile,0.4,108
2026-01-24,32,0,wk inc flu hosp,2026-01-24,quantile,0.45,112
2026-01-24,32,0,wk inc flu hosp,2026-01-24,quantile,0.5,118
2026-01-24,32,0,wk inc flu hosp,2026-01-24,quantile,0.55,122
2026-01-24,32,0,wk inc flu hosp,2026-01-24,quantile,0.6,125
2026-01-24,32,0,wk inc flu hosp,2026-01-24,quantile,0.65,130
2026-01-24,32,0,wk inc flu hosp,2026-01-24,quantile,0.7,136
2026-01-24,32,0,wk inc flu hosp,2026-01-24,quantile,0.75,141
2026-01-24,32,0,wk inc flu hosp,2026-01-24,quantile,0.8,147
2026-01-24,32,0,wk inc flu hosp,2026-01-24,quantile,0.85,153
2026-01-24,32,0,wk inc flu hosp,2026-01-24,quantile,0.9,167
2026-01-24,32,0,wk inc flu hosp,2026-01-24,quantile,0.95,184
2026-01-24,32,0,wk inc flu hosp,2026-01-24,quantile,0.975,193
2026-01-24,32,0,wk inc flu hosp,2026-01-24,quantile,0.99,216
2026-01-24,32,1,wk inc flu hosp,2026-01-31,quantile,0.01,26
2026-01-24,32,1,wk inc flu hosp,2026-01-31,quantile,0.025,37
2026-01-24,32,1,wk inc flu hosp,2026-01-31,quantile,0.05,44
2026-01-24,32,1,wk inc flu hosp,2026-01-31,quantile,0.1,55
2026-01-24,32,1,wk inc flu hosp,2026-01-31,quantile,0.15,64
2026-01-24,32,1,wk inc flu hosp,2026-01-31,quantile,0.2,71
2026-01-24,32,1,wk inc flu hosp,2026-01-31,quantile,0.25,76
2026-01-24,32,1,wk inc flu hosp,2026-01-31,quantile,0.3,81
2026-01-24,32,1,wk inc flu hosp,2026-01-31,quantile,0.35,87
2026-01-24,32,1,wk inc flu hosp,2026-01-31,quantile,0.4,91
2026-01-24,32,1,wk inc flu hosp,2026-01-31,quantile,0.45,99
2026-01-24,32,1,wk inc flu hosp,2026-01-31,quantile,0.5,104
2026-01-24,32,1,wk inc flu hosp,2026-01-31,quantile,0.55,110
2026-01-24,32,1,wk inc flu hosp,2026-01-31,quantile,0.6,114
2026-01-24,32,1,wk inc flu hosp,2026-01-31,quantile,0.65,122
2026-01-24,32,1,wk inc flu hosp,2026-01-31,quantile,0.7,130
2026-01-24,32,1,wk inc flu hosp,2026-01-31,quantile,0.75,135
2026-01-24,32,1,wk inc flu hosp,2026-01-31,quantile,0.8,142
2026-01-24,32,1,wk inc flu hosp,2026-01-31,quantile,0.85,155
2026-01-24,32,1,wk inc flu hosp,2026-01-31,quantile,0.9,174
2026-01-24,32,1,wk inc flu hosp,2026-01-31,quantile,0.95,194
2026-01-24,32,1,wk inc flu hosp,2026-01-31,quantile,0.975,214
2026-01-24,32,1,wk inc flu hosp,2026-01-31,quantile,0.99,248
2026-01-24,32,2,wk inc flu hosp,2026-02-07,quantile,0.01,17
2026-01-24,32,2,wk inc flu hosp,2026-02-07,quantile,0.025,25
2026-01-24,32,2,wk inc flu hosp,2026-02-07,quantile,0.05,33
2026-01-24,32,2,wk inc flu hosp,2026-02-07,quantile,0.1,44
2026-01-24,32,2,wk inc flu hosp,2026-02-07,quantile,0.15,51
2026-01-24,32,2,wk inc flu hosp,2026-02-07,quantile,0.2,59
2026-01-24,32,2,wk inc flu hosp,2026-02-07,quantile,0.25,64
2026-01-24,32,2,wk inc flu hosp,2026-02-07,quantile,0.3,70
2026-01-24,32,2,wk inc flu hosp,2026-02-07,quantile,0.35,77
2026-01-24,32,2,wk inc flu hosp,2026-02-07,quantile,0.4,84
2026-01-24,32,2,wk inc flu hosp,2026-02-07,quantile,0.45,88
2026-01-24,32,2,wk inc flu hosp,2026-02-07,quantile,0.5,98
2026-01-24,32,2,wk inc flu hosp,2026-02-07,quantile,0.55,107
2026-01-24,32,2,wk inc flu hosp,2026-02-07,quantile,0.6,110
2026-01-24,32,2,wk inc flu hosp,2026-02-07,quantile,0.65,119
2026-01-24,32,2,wk inc flu hosp,2026-02-07,quantile,0.7,126
2026-01-24,32,2,wk inc flu hosp,2026-02-07,quantile,0.75,136
2026-01-24,32,2,wk inc flu hosp,2026-02-07,quantile,0.8,148
2026-01-24,32,2,wk inc flu hosp,2026-02-07,quantile,0.85,157
2026-01-24,32,2,wk inc flu hosp,2026-02-07,quantile,0.9,174
2026-01-24,32,2,wk inc flu hosp,2026-02-07,quantile,0.95,215
2026-01-24,32,2,wk inc flu hosp,2026-02-07,quantile,0.975,256
2026-01-24,32,2,wk inc flu hosp,2026-02-07,quantile,0.99,285
2026-01-24,32,3,wk inc flu hosp,2026-02-14,quantile,0.01,11
2026-01-24,32,3,wk inc flu hosp,2026-02-14,quantile,0.025,19
2026-01-24,32,3,wk inc flu hosp,2026-02-14,quantile,0.05,26
2026-01-24,32,3,wk inc flu hosp,2026-02-14,quantile,0.1,34
2026-01-24,32,3,wk inc flu hosp,2026-02-14,quantile,0.15,41
2026-01-24,32,3,wk inc flu hosp,2026-02-14,quantile,0.2,46
2026-01-24,32,3,wk inc flu hosp,2026-02-14,quantile,0.25,52
2026-01-24,32,3,wk inc flu hosp,2026-02-14,quantile,0.3,61
2026-01-24,32,3,wk inc flu hosp,2026-02-14,quantile,0.35,69
2026-01-24,32,3,wk inc flu hosp,2026-02-14,quantile,0.4,70
2026-01-24,32,3,wk inc flu hosp,2026-02-14,quantile,0.45,77
2026-01-24,32,3,wk inc flu hosp,2026-02-14,quantile,0.5,86
2026-01-24,32,3,wk inc flu hosp,2026-02-14,quantile,0.55,93
2026-01-24,32,3,wk inc flu hosp,2026-02-14,quantile,0.6,102
2026-01-24,32,3,wk inc flu hosp,2026-02-14,quantile,0.65,110
2026-01-24,32,3,wk inc flu hosp,2026-02-14,quantile,0.7,121
2026-01-24,32,3,wk inc flu hosp,2026-02-14,quantile,0.75,134
2026-01-24,32,3,wk inc flu hosp,2026-02-14,quantile,0.8,149
2026-01-24,32,3,wk inc flu hosp,2026-02-14,quantile,0.85,161
2026-01-24,32,3,wk inc flu hosp,2026-02-14,quantile,0.9,188
2026-01-24,32,3,wk inc flu hosp,2026-02-14,quantile,0.95,228
2026-01-24,32,3,wk inc flu hosp,2026-02-14,quantile,0.975,258
2026-01-24,32,3,wk inc flu hosp,2026-02-14,quantile,0.99,295
2026-01-24,33,0,wk inc flu hosp,2026-01-24,quantile,0.01,52
2026-01-24,33,0,wk inc flu hosp,2026-01-24,quantile,0.025,63
2026-01-24,33,0,wk inc flu hosp,2026-01-24,quantile,0.05,69
2026-01-24,33,0,wk inc flu hosp,2026-01-24,quantile,0.1,76
2026-01-24,33,0,wk inc flu hosp,2026-01-24,quantile,0.15,83
2026-01-24,33,0,wk inc flu hosp,2026-01-24,quantile,0.2,90
2026-01-24,33,0,wk inc flu hosp,2026-01-24,quantile,0.25,99
2026-01-24,33,0,wk inc flu hosp,2026-01-24,quantile,0.3,103
2026-01-24,33,0,wk inc flu hosp,2026-01-24,quantile,0.35,109
2026-01-24,33,0,wk inc flu hosp,2026-01-24,quantile,0.4,113
2026-01-24,33,0,wk inc flu hosp,2026-01-24,quantile,0.45,117
2026-01-24,33,0,wk inc flu hosp,2026-01-24,quantile,0.5,122
2026-01-24,33,0,wk inc flu hosp,2026-01-24,quantile,0.55,129
2026-01-24,33,0,wk inc flu hosp,2026-01-24,quantile,0.6,135
2026-01-24,33,0,wk inc flu hosp,2026-01-24,quantile,0.65,142
2026-01-24,33,0,wk inc flu hosp,2026-01-24,quantile,0.7,149
2026-01-24,33,0,wk inc flu hosp,2026-01-24,quantile,0.75,156
2026-01-24,33,0,wk inc flu hosp,2026-01-24,quantile,0.8,163
2026-01-24,33,0,wk inc flu hosp,2026-01-24,quantile,0.85,170
2026-01-24,33,0,wk inc flu hosp,2026-01-24,quantile,0.9,177
2026-01-24,33,0,wk inc flu hosp,2026-01-24,quantile,0.95,192
2026-01-24,33,0,wk inc flu hosp,2026-01-24,quantile,0.975,203
2026-01-24,33,0,wk inc flu hosp,2026-01-24,quantile,0.99,229
2026-01-24,33,1,wk inc flu hosp,2026-01-31,quantile,0.01,31
2026-01-24,33,1,wk inc flu hosp,2026-01-31,quantile,0.025,43
2026-01-24,33,1,wk inc flu hosp,2026-01-31,quantile,0.05,49
2026-01-24,33,1,wk inc flu hosp,2026-01-31,quantile,0.1,56
2026-01-24,33,1,wk inc flu hosp,2026-01-31,quantile,0.15,60
2026-01-24,33,1,wk inc flu hosp,2026-01-31,quantile,0.2,63
2026-01-24,33,1,wk inc flu hosp,2026-01-31,quantile,0.25,68
2026-01-24,33,1,wk inc flu hosp,2026-01-31,quantile,0.3,76
2026-01-24,33,1,wk inc flu hosp,2026-01-31,quantile,0.35,83
2026-01-24,33,1,wk inc flu hosp,2026-01-31,quantile,0.4,88
2026-01-24,33,1,wk inc flu hosp,2026-01-31,quantile,0.45,96
2026-01-24,33,1,wk inc flu hosp,2026-01-31,quantile,0.5,107
2026-01-24,33,1,wk inc flu hosp,2026-01-31,quantile,0.55,116
2026-01-24,33,1,wk inc flu hosp,2026-01-31,quantile,0.6,120
2026-01-24,33,1,wk inc flu hosp,2026-01-31,quantile,0.65,125
2026-01-24,33,1,wk inc flu hosp,2026-01-31,quantile,0.7,131
2026-01-24,33,1,wk inc flu hosp,2026-01-31,quantile,0.75,140
2026-01-24,33,1,wk inc flu hosp,2026-01-31,quantile,0.8,147
2026-01-24,33,1,wk inc flu hosp,2026-01-31,quantile,0.85,153
2026-01-24,33,1,wk inc flu hosp,2026-01-31,quantile,0.9,163
2026-01-24,33,1,wk inc flu hosp,2026-01-31,quantile,0.95,190
2026-01-24,33,1,wk inc flu hosp,2026-01-31,quantile,0.975,209
2026-01-24,33,1,wk inc flu hosp,2026-01-31,quantile,0.99,236
2026-01-24,33,2,wk inc flu hosp,2026-02-07,quantile,0.01,18
2026-01-24,33,2,wk inc flu hosp,2026-02-07,quantile,0.025,26
2026-01-24,33,2,wk inc flu hosp,2026-02-07,quantile,0.05,30
2026-01-24,33,2,wk inc flu hosp,2026-02-07,quantile,0.1,34
2026-01-24,33,2,wk inc flu hosp,2026-02-07,quantile,0.15,39
2026-01-24,33,2,wk inc flu hosp,2026-02-07,quantile,0.2,43
2026-01-24,33,2,wk inc flu hosp,2026-02-07,quantile,0.25,47
2026-01-24,33,2,wk inc flu hosp,2026-02-07,quantile,0.3,52
2026-01-24,33,2,wk inc flu hosp,2026-02-07,quantile,0.35,64
2026-01-24,33,2,wk inc flu hosp,2026-02-07,quantile,0.4,75
2026-01-24,33,2,wk inc flu hosp,2026-02-07,quantile,0.45,80
2026-01-24,33,2,wk inc flu hosp,2026-02-07,quantile,0.5,94
2026-01-24,33,2,wk inc flu hosp,2026-02-07,quantile,0.55,101
2026-01-24,33,2,wk inc flu hosp,2026-02-07,quantile,0.6,105
2026-01-24,33,2,wk inc flu hosp,2026-02-07,quantile,0.65,109
2026-01-24,33,2,wk inc flu hosp,2026-02-07,quantile,0.7,119
2026-01-24,33,2,wk inc flu hosp,2026-02-07,quantile,0.75,129
2026-01-24,33,2,wk inc flu hosp,2026-02-07,quantile,0.8,135
2026-01-24,33,2,wk inc flu hosp,2026-02-07,quantile,0.85,141
2026-01-24,33,2,wk inc flu hosp,2026-02-07,quantile,0.9,165
2026-01-24,33,2,wk inc flu hosp,2026-02-07,quantile,0.95,183
2026-01-24,33,2,wk inc flu hosp,2026-02-07,quantile,0.975,208
2026-01-24,33,2,wk inc flu hosp,2026-02-07,quantile,0.99,227
2026-01-24,33,3,wk inc flu hosp,2026-02-14,quantile,0.01,12
2026-01-24,33,3,wk inc flu hosp,2026-02-14,quantile,0.025,14
2026-01-24,33,3,wk inc flu hosp,2026-02-14,quantile,0.05,19
2026-01-24,33,3,wk inc flu hosp,2026-02-14,quantile,0.1,25
2026-01-24,33,3,wk inc flu hosp,2026-02-14,quantile,0.15,30
2026-01-24,33,3,wk inc flu hosp,2026-02-14,quantile,0.2,35
2026-01-24,33,3,wk inc flu hosp,2026-02-14,quantile,0.25,41
2026-01-24,33,3,wk inc flu hosp,2026-02-14,quantile,0.3,45
2026-01-24,33,3,wk inc flu hosp,2026-02-14,quantile,0.35,50
2026-01-24,33,3,wk inc flu hosp,2026-02-14,quantile,0.4,61
2026-01-24,33,3,wk inc flu hosp,2026-02-14,quantile,0.45,66
2026-01-24,33,3,wk inc flu hosp,2026-02-14,quantile,0.5,72
2026-01-24,33,3,wk inc flu hosp,2026-02-14,quantile,0.55,81
2026-01-24,33,3,wk inc flu hosp,2026-02-14,quantile,0.6,88
2026-01-24,33,3,wk inc flu hosp,2026-02-14,quantile,0.65,95
2026-01-24,33,3,wk inc flu hosp,2026-02-14,quantile,0.7,104
2026-01-24,33,3,wk inc flu hosp,2026-02-14,quantile,0.75,115
2026-01-24,33,3,wk inc flu hosp,2026-02-14,quantile,0.8,130
2026-01-24,33,3,wk inc flu hosp,2026-02-14,quantile,0.85,140
2026-01-24,33,3,wk inc flu hosp,2026-02-14,quantile,0.9,154
2026-01-24,33,3,wk inc flu hosp,2026-02-14,quantile,0.95,187
2026-01-24,33,3,wk inc flu hosp,2026-02-14,quantile,0.975,212
2026-01-24,33,3,wk inc flu hosp,2026-02-14,quantile,0.99,259
2026-01-24,34,0,wk inc flu hosp,2026-01-24,quantile,0.01,210
2026-01-24,34,0,wk inc flu hosp,2026-01-24,quantile,0.025,240
2026-01-24,34,0,wk inc flu hosp,2026-01-24,quantile,0.05,270
2026-01-24,34,0,wk inc flu hosp,2026-01-24,quantile,0.1,330
2026-01-24,34,0,wk inc flu hosp,2026-01-24,quantile,0.15,352
2026-01-24,34,0,wk inc flu hosp,2026-01-24,quantile,0.2,378
2026-01-24,34,0,wk inc flu hosp,2026-01-24,quantile,0.25,394
2026-01-24,34,0,wk inc flu hosp,2026-01-24,quantile,0.3,421
2026-01-24,34,0,wk inc flu hosp,2026-01-24,quantile,0.35,447
2026-01-24,34,0,wk inc flu hosp,2026-01-24,quantile,0.4,462
2026-01-24,34,0,wk inc flu hosp,2026-01-24,quantile,0.45,487
2026-01-24,34,0,wk inc flu hosp,2026-01-24,quantile,0.5,512
2026-01-24,34,0,wk inc flu hosp,2026-01-24,quantile,0.55,535
2026-01-24,34,0,wk inc flu hosp,2026-01-24,quantile,0.6,557
2026-01-24,34,0,wk inc flu hosp,2026-01-24,quantile,0.65,581
2026-01-24,34,0,wk inc flu hosp,2026-01-24,quantile,0.7,603
2026-01-24,34,0,wk inc flu hosp,2026-01-24,quantile,0.75,628
2026-01-24,34,0,wk inc flu hosp,2026-01-24,quantile,0.8,644
2026-01-24,34,0,wk inc flu hosp,2026-01-24,quantile,0.85,679
2026-01-24,34,0,wk inc flu hosp,2026-01-24,quantile,0.9,732
2026-01-24,34,0,wk inc flu hosp,2026-01-24,quantile,0.95,819
2026-01-24,34,0,wk inc flu hosp,2026-01-24,quantile,0.975,895
2026-01-24,34,0,wk inc flu hosp,2026-01-24,quantile,0.99,1036
2026-01-24,34,1,wk inc flu hosp,2026-01-31,quantile,0.01,130
2026-01-24,34,1,wk inc flu hosp,2026-01-31,quantile,0.025,154
2026-01-24,34,1,wk inc flu hosp,2026-01-31,quantile,0.05,183
2026-01-24,34,1,wk inc flu hosp,2026-01-31,quantile,0.1,213
2026-01-24,34,1,wk inc flu hosp,2026-01-31,quantile,0.15,247
2026-01-24,34,1,wk inc flu hosp,2026-01-31,quantile,0.2,266
2026-01-24,34,1,wk inc flu hosp,2026-01-31,quantile,0.25,302
2026-01-24,34,1,wk inc flu hosp,2026-01-31,quantile,0.3,318
2026-01-24,34,1,wk inc flu hosp,2026-01-31,quantile,0.35,354
2026-01-24,34,1,wk inc flu hosp,2026-01-31,quantile,0.4,377
2026-01-24,34,1,wk inc flu hosp,2026-01-31,quantile,0.45,400
2026-01-24,34,1,wk inc flu hosp,2026-01-31,quantile,0.5,433
2026-01-24,34,1,wk inc flu hosp,2026-01-31,quantile,0.55,464
2026-01-24,34,1,wk inc flu hosp,2026-01-31,quantile,0.6,491
2026-01-24,34,1,wk inc flu hosp,2026-01-31,quantile,0.65,524
2026-01-24,34,1,wk inc flu hosp,2026-01-31,quantile,0.7,556
2026-01-24,34,1,wk inc flu hosp,2026-01-31,quantile,0.75,599
2026-01-24,34,1,wk inc flu hosp,2026-01-31,quantile,0.8,651
2026-01-24,34,1,wk inc flu hosp,2026-01-31,quantile,0.85,718
2026-01-24,34,1,wk inc flu hosp,2026-01-31,quantile,0.9,791
2026-01-24,34,1,wk inc flu hosp,2026-01-31,quantile,0.95,903
2026-01-24,34,1,wk inc flu hosp,2026-01-31,quantile,0.975,961
2026-01-24,34,1,wk inc flu hosp,2026-01-31,quantile,0.99,1069
2026-01-24,34,2,wk inc flu hosp,2026-02-07,quantile,0.01,89
2026-01-24,34,2,wk inc flu hosp,2026-02-07,quantile,0.025,105
2026-01-24,34,2,wk inc flu hosp,2026-02-07,quantile,0.05,124
2026-01-24,34,2,wk inc flu hosp,2026-02-07,quantile,0.1,149
2026-01-24,34,2,wk inc flu hosp,2026-02-07,quantile,0.15,179
2026-01-24,34,2,wk inc flu hosp,2026-02-07,quantile,0.2,195
2026-01-24,34,2,wk inc flu hosp,2026-02-07,quantile,0.25,221
2026-01-24,34,2,wk inc flu hosp,2026-02-07,quantile,0.3,247
2026-01-24,34,2,wk inc flu hosp,2026-02-07,quantile,0.35,274
2026-01-24,34,2,wk inc flu hosp,2026-02-07,quantile,0.4,304
2026-01-24,34,2,wk inc flu hosp,2026-02-07,quantile,0.45,351
2026-01-24,34,2,wk inc flu hosp,2026-02-07,quantile,0.5,373
2026-01-24,34,2,wk inc flu hosp,2026-02-07,quantile,0.55,411
2026-01-24,34,2,wk inc flu hosp,2026-02-07,quantile,0.6,443
2026-01-24,34,2,wk inc flu hosp,2026-02-07,quantile,0.65,475
2026-01-24,34,2,wk inc flu hosp,2026-02-07,quantile,0.7,511
2026-01-24,34,2,wk inc flu hosp,2026-02-07,quantile,0.75,574
2026-01-24,34,2,wk inc flu hosp,2026-02-07,quantile,0.8,623
2026-01-24,34,2,wk inc flu hosp,2026-02-07,quantile,0.85,679
2026-01-24,34,2,wk inc flu hosp,2026-02-07,quantile,0.9,793
2026-01-24,34,2,wk inc flu hosp,2026-02-07,quantile,0.95,933
2026-01-24,34,2,wk inc flu hosp,2026-02-07,quantile,0.975,1104
2026-01-24,34,2,wk inc flu hosp,2026-02-07,quantile,0.99,1398
2026-01-24,34,3,wk inc flu hosp,2026-02-14,quantile,0.01,57
2026-01-24,34,3,wk inc flu hosp,2026-02-14,quantile,0.025,70
2026-01-24,34,3,wk inc flu hosp,2026-02-14,quantile,0.05,98
2026-01-24,34,3,wk inc flu hosp,2026-02-14,quantile,0.1,118
2026-01-24,34,3,wk inc flu hosp,2026-02-14,quantile,0.15,142
2026-01-24,34,3,wk inc flu hosp,2026-02-14,quantile,0.2,165
2026-01-24,34,3,wk inc flu hosp,2026-02-14,quantile,0.25,185
2026-01-24,34,3,wk inc flu hosp,2026-02-14,quantile,0.3,203
2026-01-24,34,3,wk inc flu hosp,2026-02-14,quantile,0.35,221
2026-01-24,34,3,wk inc flu hosp,2026-02-14,quantile,0.4,257
2026-01-24,34,3,wk inc flu hosp,2026-02-14,quantile,0.45,295
2026-01-24,34,3,wk inc flu hosp,2026-02-14,quantile,0.5,320
2026-01-24,34,3,wk inc flu hosp,2026-02-14,quantile,0.55,354
2026-01-24,34,3,wk inc flu hosp,2026-02-14,quantile,0.6,396
2026-01-24,34,3,wk inc flu hosp,2026-02-14,quantile,0.65,436
2026-01-24,34,3,wk inc flu hosp,2026-02-14,quantile,0.7,459
2026-01-24,34,3,wk inc flu hosp,2026-02-14,quantile,0.75,525
2026-01-24,34,3,wk inc flu hosp,2026-02-14,quantile,0.8,590
2026-01-24,34,3,wk inc flu hosp,2026-02-14,quantile,0.85,695
2026-01-24,34,3,wk inc flu hosp,2026-02-14,quantile,0.9,833
2026-01-24,34,3,wk inc flu hosp,2026-02-14,quantile,0.95,985
2026-01-24,34,3,wk inc flu hosp,2026-02-14,quantile,0.975,1129
2026-01-24,34,3,wk inc flu hosp,2026-02-14,quantile,0.99,1378
2026-01-24,35,0,wk inc flu hosp,2026-01-24,quantile,0.01,46
2026-01-24,35,0,wk inc flu hosp,2026-01-24,quantile,0.025,56
2026-01-24,35,0,wk inc flu hosp,2026-01-24,quantile,0.05,67
2026-01-24,35,0,wk inc flu hosp,2026-01-24,quantile,0.1,76
2026-01-24,35,0,wk inc flu hosp,2026-01-24,quantile,0.15,82
2026-01-24,35,0,wk inc flu hosp,2026-01-24,quantile,0.2,95
2026-01-24,35,0,wk inc flu hosp,2026-01-24,quantile,0.25,101
2026-01-24,35,0,wk inc flu hosp,2026-01-24,quantile,0.3,107
2026-01-24,35,0,wk inc flu hosp,2026-01-24,quantile,0.35,113
2026-01-24,35,0,wk inc flu hosp,2026-01-24,quantile,0.4,116
2026-01-24,35,0,wk inc flu hosp,2026-01-24,quantile,0.45,124
2026-01-24,35,0,wk inc flu hosp,2026-01-24,quantile,0.5,129
2026-01-24,35,0,wk inc flu hosp,2026-01-24,quantile,0.55,133
2026-01-24,35,0,wk inc flu hosp,2026-01-24,quantile,0.6,137
2026-01-24,35,0,wk inc flu hosp,2026-01-24,quantile,0.65,143
2026-01-24,35,0,wk inc flu hosp,2026-01-24,quantile,0.7,149
2026-01-24,35,0,wk inc flu hosp,2026-01-24,quantile,0.75,155
2026-01-24,35,0,wk inc flu hosp,2026-01-24,quantile,0.8,158
2026-01-24,35,0,wk inc flu hosp,2026-01-24,quantile,0.85,168
2026-01-24,35,0,wk inc flu hosp,2026-01-24,quantile,0.9,184
2026-01-24,35,0,wk inc flu hosp,2026-01-24,quantile,0.95,205
2026-01-24,35,0,wk inc flu hosp,2026-01-24,quantile,0.975,222
2026-01-24,35,0,wk inc flu hosp,2026-01-24,quantile,0.99,244
2026-01-24,35,1,wk inc flu hosp,2026-01-31,quantile,0.01,30
2026-01-24,35,1,wk inc flu hosp,2026-01-31,quantile,0.025,39
2026-01-24,35,1,wk inc flu hosp,2026-01-31,quantile,0.05,41
2026-01-24,35,1,wk inc flu hosp,2026-01-31,quantile,0.1,50
2026-01-24,35,1,wk inc flu hosp,2026-01-31,quantile,0.15,59
2026-01-24,35,1,wk inc flu hosp,2026-01-31,quantile,0.2,73
2026-01-24,35,1,wk inc flu hosp,2026-01-31,quantile,0.25,79
2026-01-24,35,1,wk inc flu hosp,2026-01-31,quantile,0.3,82
2026-01-24,35,1,wk inc flu hosp,2026-01-31,quantile,0.35,90
2026-01-24,35,1,wk inc flu hosp,2026-01-31,quantile,0.4,96
2026-01-24,35,1,wk inc flu hosp,2026-01-31,quantile,0.45,104
2026-01-24,35,1,wk inc flu hosp,2026-01-31,quantile,0.5,115
2026-01-24,35,1,wk inc flu hosp,2026-01-31,quantile,0.55,118
2026-01-24,35,1,wk inc flu hosp,2026-01-31,quantile,0.6,126
2026-01-24,35,1,wk inc flu hosp,2026-01-31,quantile,0.65,130
2026-01-24,35,1,wk inc flu hosp,2026-01-31,quantile,0.7,140
2026-01-24,35,1,wk inc flu hosp,2026-01-31,quantile,0.75,151
2026-01-24,35,1,wk inc flu hosp,2026-01-31,quantile,0.8,156
2026-01-24,35,1,wk inc flu hosp,2026-01-31,quantile,0.85,168
2026-01-24,35,1,wk inc flu hosp,2026-01-31,quantile,0.9,191
2026-01-24,35,1,wk inc flu hosp,2026-01-31,quantile,0.95,213
2026-01-24,35,1,wk inc flu hosp,2026-01-31,quantile,0.975,252
2026-01-24,35,1,wk inc flu hosp,2026-01-31,quantile,0.99,289
2026-01-24,35,2,wk inc flu hosp,2026-02-07,quantile,0.01,19
2026-01-24,35,2,wk inc flu hosp,2026-02-07,quantile,0.025,25
2026-01-24,35,2,wk inc flu hosp,2026-02-07,quantile,0.05,29
2026-01-24,35,2,wk inc flu hosp,2026-02-07,quantile,0.1,37
2026-01-24,35,2,wk inc flu hosp,2026-02-07,quantile,0.15,43
2026-01-24,35,2,wk inc flu hosp,2026-02-07,quantile,0.2,56
2026-01-24,35,2,wk inc flu hosp,2026-02-07,quantile,0.25,62
2026-01-24,35,2,wk inc flu hosp,2026-02-07,quantile,0.3,67
2026-01-24,35,2,wk inc flu hosp,2026-02-07,quantile,0.35,73
2026-01-24,35,2,wk inc flu hosp,2026-02-07,quantile,0.4,82
2026-01-24,35,2,wk inc flu hosp,2026-02-07,quantile,0.45,90
2026-01-24,35,2,wk inc flu hosp,2026-02-07,quantile,0.5,100
2026-01-24,35,2,wk inc flu hosp,2026-02-07,quantile,0.55,109
2026-01-24,35,2,wk inc flu hosp,2026-02-07,quantile,0.6,122
2026-01-24,35,2,wk inc flu hosp,2026-02-07,quantile,0.65,131
2026-01-24,35,2,wk inc flu hosp,2026-02-07,quantile,0.7,135
2026-01-24,35,2,wk inc flu hosp,2026-02-07,quantile,0.75,145
2026-01-24,35,2,wk inc flu hosp,2026-02-07,quantile,0.8,160
2026-01-24,35,2,wk inc flu hosp,2026-02-07,quantile,0.85,176
2026-01-24,35,2,wk inc flu hosp,2026-02-07,quantile,0.9,202
2026-01-24,35,2,wk inc flu hosp,2026-02-07,quantile,0.95,240
2026-01-24,35,2,wk inc flu hosp,2026-02-07,quantile,0.975,269
2026-01-24,35,2,wk inc flu hosp,2026-02-07,quantile,0.99,301
2026-01-24,35,3,wk inc flu hosp,2026-02-14,quantile,0.01,11
2026-01-24,35,3,wk inc flu hosp,2026-02-14,quantile,0.025,15
2026-01-24,35,3,wk inc flu hosp,2026-02-14,quantile,0.05,20
2026-01-24,35,3,wk inc flu hosp,2026-02-14,quantile,0.1,33
2026-01-24,35,3,wk inc flu hosp,2026-02-14,quantile,0.15,38
2026-01-24,35,3,wk inc flu hosp,2026-02-14,quantile,0.2,45
2026-01-24,35,3,wk inc flu hosp,2026-02-14,quantile,0.25,51
2026-01-24,35,3,wk inc flu hosp,2026-02-14,quantile,0.3,58
2026-01-24,35,3,wk inc flu hosp,2026-02-14,quantile,0.35,67
2026-01-24,35,3,wk inc flu hosp,2026-02-14,quantile,0.4,74
2026-01-24,35,3,wk inc flu hosp,2026-02-14,quantile,0.45,83
2026-01-24,35,3,wk inc flu hosp,2026-02-14,quantile,0.5,94
2026-01-24,35,3,wk inc flu hosp,2026-02-14,quantile,0.55,98
2026-01-24,35,3,wk inc flu hosp,2026-02-14,quantile,0.6,116
2026-01-24,35,3,wk inc flu hosp,2026-02-14,quantile,0.65,126
2026-01-24,35,3,wk inc flu hosp,2026-02-14,quantile,0.7,136
2026-01-24,35,3,wk inc flu hosp,2026-02-14,quantile,0.75,149
2026-01-24,35,3,wk inc flu hosp,2026-02-14,quantile,0.8,159
2026-01-24,35,3,wk inc flu hosp,2026-02-14,quantile,0.85,172
2026-01-24,35,3,wk inc flu hosp,2026-02-14,quantile,0.9,203
2026-01-24,35,3,wk inc flu hosp,2026-02-14,quantile,0.95,240
2026-01-24,35,3,wk inc flu hosp,2026-02-14,quantile,0.975,274
2026-01-24,35,3,wk inc flu hosp,2026-02-14,quantile,0.99,323
2026-01-24,36,0,wk inc flu hosp,2026-01-24,quantile,0.01,298
2026-01-24,36,0,wk inc flu hosp,2026-01-24,quantile,0.025,348
2026-01-24,36,0,wk inc flu hosp,2026-01-24,quantile,0.05,409
2026-01-24,36,0,wk inc flu hosp,2026-01-24,quantile,0.1,448
2026-01-24,36,0,wk inc flu hosp,2026-01-24,quantile,0.15,473
2026-01-24,36,0,wk inc flu hosp,2026-01-24,quantile,0.2,477
2026-01-24,36,0,wk inc flu hosp,2026-01-24,quantile,0.25,524
2026-01-24,36,0,wk inc flu hosp,2026-01-24,quantile,0.3,567
2026-01-24,36,0,wk inc flu hosp,2026-01-24,quantile,0.35,615
2026-01-24,36,0,wk inc flu hosp,2026-01-24,quantile,0.4,641
2026-01-24,36,0,wk inc flu hosp,2026-01-24,quantile,0.45,666
2026-01-24,36,0,wk inc flu hosp,2026-01-24,quantile,0.5,692
2026-01-24,36,0,wk inc flu hosp,2026-01-24,quantile,0.55,727
2026-01-24,36,0,wk inc flu hosp,2026-01-24,quantile,0.6,762
2026-01-24,36,0,wk inc flu hosp,2026-01-24,quantile,0.65,788
2026-01-24,36,0,wk inc flu hosp,2026-01-24,quantile,0.7,828
2026-01-24,36,0,wk inc flu hosp,2026-01-24,quantile,0.75,851
2026-01-24,36,0,wk inc flu hosp,2026-01-24,quantile,0.8,886
2026-01-24,36,0,wk inc flu hosp,2026-01-24,quantile,0.85,936
2026-01-24,36,0,wk inc flu hosp,2026-01-24,quantile,0.9,1003
2026-01-24,36,0,wk inc flu hosp,2026-01-24,quantile,0.95,1110
2026-01-24,36,0,wk inc flu hosp,2026-01-24,quantile,0.975,1300
2026-01-24,36,0,wk inc flu hosp,2026-01-24,quantile,0.99,1472
2026-01-24,36,1,wk inc flu hosp,2026-01-31,quantile,0.01,172
2026-01-24,36,1,wk inc flu hosp,2026-01-31,quantile,0.025,208
2026-01-24,36,1,wk inc flu hosp,2026-01-31,quantile,0.05,237
2026-01-24,36,1,wk inc flu hosp,2026-01-31,quantile,0.1,276
2026-01-24,36,1,wk inc flu hosp,2026-01-31,quantile,0.15,323
2026-01-24,36,1,wk inc flu hosp,2026-01-31,quantile,0.2,340
2026-01-24,36,1,wk inc flu hosp,2026-01-31,quantile,0.25,408
2026-01-24,36,1,wk inc flu hosp,2026-01-31,quantile,0.3,441
2026-01-24,36,1,wk inc flu hosp,2026-01-31,quantile,0.35,462
2026-01-24,36,1,wk inc flu hosp,2026-01-31,quantile,0.4,469
2026-01-24,36,1,wk inc flu hosp,2026-01-31,quantile,0.45,499
2026-01-24,36,1,wk inc flu hosp,2026-01-31,quantile,0.5,518
2026-01-24,36,1,wk inc flu hosp,2026-01-31,quantile,0.55,537
2026-01-24,36,1,wk inc flu hosp,2026-01-31,quantile,0.6,587
2026-01-24,36,1,wk inc flu hosp,2026-01-31,quantile,0.65,673
2026-01-24,36,1,wk inc flu hosp,2026-01-31,quantile,0.7,699
2026-01-24,36,1,wk inc flu hosp,2026-01-31,quantile,0.75,741
2026-01-24,36,1,wk inc flu hosp,2026-01-31,quantile,0.8,811
2026-01-24,36,1,wk inc flu hosp,2026-01-31,quantile,0.85,876
2026-01-24,36,1,wk inc flu hosp,2026-01-31,quantile,0.9,1027
2026-01-24,36,1,wk inc flu hosp,2026-01-31,quantile,0.95,1328
2026-01-24,36,1,wk inc flu hosp,2026-01-31,quantile,0.975,1455
2026-01-24,36,1,wk inc flu hosp,2026-01-31,quantile,0.99,1606
2026-01-24,36,2,wk inc flu hosp,2026-02-07,quantile,0.01,72
2026-01-24,36,2,wk inc flu hosp,2026-02-07,quantile,0.025,115
2026-01-24,36,2,wk inc flu hosp,2026-02-07,quantile,0.05,156
2026-01-24,36,2,wk inc flu hosp,2026-02-07,quantile,0.1,199
2026-01-24,36,2,wk inc flu hosp,2026-02-07,quantile,0.15,218
2026-01-24,36,2,wk inc flu hosp,2026-02-07,quantile,0.2,233
2026-01-24,36,2,wk inc flu hosp,2026-02-07,quantile,0.25,257
2026-01-24,36,2,wk inc flu hosp,2026-02-07,quantile,0.3,312
2026-01-24,36,2,wk inc flu hosp,2026-02-07,quantile,0.35,378
2026-01-24,36,2,wk inc flu hosp,2026-02-07,quantile,0.4,397
2026-01-24,36,2,wk inc flu hosp,2026-02-07,quantile,0.45,431
2026-01-24,36,2,wk inc flu hosp,2026-02-07,quantile,0.5,457
2026-01-24,36,2,wk inc flu hosp,2026-02-07,quantile,0.55,497
2026-01-24,36,2,wk inc flu hosp,2026-02-07,quantile,0.6,558
2026-01-24,36,2,wk inc flu hosp,2026-02-07,quantile,0.65,610
2026-01-24,36,2,wk inc flu hosp,2026-02-07,quantile,0.7,666
2026-01-24,36,2,wk inc flu hosp,2026-02-07,quantile,0.75,717
2026-01-24,36,2,wk inc flu hosp,2026-02-07,quantile,0.8,884
2026-01-24,36,2,wk inc flu hosp,2026-02-07,quantile,0.85,957
2026-01-24,36,2,wk inc flu hosp,2026-02-07,quantile,0.9,1172
2026-01-24,36,2,wk inc flu hosp,2026-02-07,quantile,0.95,1427
2026-01-24,36,2,wk inc flu hosp,2026-02-07,quantile,0.975,1695
2026-01-24,36,2,wk inc flu hosp,2026-02-07,quantile,0.99,2015
2026-01-24,36,3,wk inc flu hosp,2026-02-14,quantile,0.01,49
2026-01-24,36,3,wk inc flu hosp,2026-02-14,quantile,0.025,66
2026-01-24,36,3,wk inc flu hosp,2026-02-14,quantile,0.05,97
2026-01-24,36,3,wk inc flu hosp,2026-02-14,quantile,0.1,117
2026-01-24,36,3,wk inc flu hosp,2026-02-14,quantile,0.15,126
2026-01-24,36,3,wk inc flu hosp,2026-02-14,quantile,0.2,152
2026-01-24,36,3,wk inc flu hosp,2026-02-14,quantile,0.25,163
2026-01-24,36,3,wk inc flu hosp,2026-02-14,quantile,0.3,216
2026-01-24,36,3,wk inc flu hosp,2026-02-14,quantile,0.35,251
2026-01-24,36,3,wk inc flu hosp,2026-02-14,quantile,0.4,309
2026-01-24,36,3,wk inc flu hosp,2026-02-14,quantile,0.45,363
2026-01-24,36,3,wk inc flu hosp,2026-02-14,quantile,0.5,394
2026-01-24,36,3,wk inc flu hosp,2026-02-14,quantile,0.55,433
2026-01-24,36,3,wk inc flu hosp,2026-02-14,quantile,0.6,491
2026-01-24,36,3,wk inc flu hosp,2026-02-14,quantile,0.65,553
2026-01-24,36,3,wk inc flu hosp,2026-02-14,quantile,0.7,601
2026-01-24,36,3,wk inc flu hosp,2026-02-14,quantile,0.75,686
2026-01-24,36,3,wk inc flu hosp,2026-02-14,quantile,0.8,794
2026-01-24,36,3,wk inc flu hosp,2026-02-14,quantile,0.85,935
2026-01-24,36,3,wk inc flu hosp,2026-02-14,quantile,0.9,1129
2026-01-24,36,3,wk inc flu hosp,2026-02-14,quantile,0.95,1474
2026-01-24,36,3,wk inc flu hosp,2026-02-14,quantile,0.975,1798
2026-01-24,36,3,wk inc flu hosp,2026-02-14,quantile,0.99,2240
2026-01-24,37,0,wk inc flu hosp,2026-01-24,quantile,0.01,149
2026-01-24,37,0,wk inc flu hosp,2026-01-24,quantile,0.025,169
2026-01-24,37,0,wk inc flu hosp,2026-01-24,quantile,0.05,191
2026-01-24,37,0,wk inc flu hosp,2026-01-24,quantile,0.1,237
2026-01-24,37,0,wk inc flu hosp,2026-01-24,quantile,0.15,259
2026-01-24,37,0,wk inc flu hosp,2026-01-24,quantile,0.2,283
2026-01-24,37,0,wk inc flu hosp,2026-01-24,quantile,0.25,307
2026-01-24,37,0,wk inc flu hosp,2026-01-24,quantile,0.3,326
2026-01-24,37,0,wk inc flu hosp,2026-01-24,quantile,0.35,352
2026-01-24,37,0,wk inc flu hosp,2026-01-24,quantile,0.4,390
2026-01-24,37,0,wk inc flu hosp,2026-01-24,quantile,0.45,401
2026-01-24,37,0,wk inc flu hosp,2026-01-24,quantile,0.5,435
2026-01-24,37,0,wk inc flu hosp,2026-01-24,quantile,0.55,441
2026-01-24,37,0,wk inc flu hosp,2026-01-24,quantile,0.6,457
2026-01-24,37,0,wk inc flu hosp,2026-01-24,quantile,0.65,484
2026-01-24,37,0,wk inc flu hosp,2026-01-24,quantile,0.7,511
2026-01-24,37,0,wk inc flu hosp,2026-01-24,quantile,0.75,550
2026-01-24,37,0,wk inc flu hosp,2026-01-24,quantile,0.8,593
2026-01-24,37,0,wk inc flu hosp,2026-01-24,quantile,0.85,638
2026-01-24,37,0,wk inc flu hosp,2026-01-24,quantile,0.9,738
2026-01-24,37,0,wk inc flu hosp,2026-01-24,quantile,0.95,842
2026-01-24,37,0,wk inc flu hosp,2026-01-24,quantile,0.975,966
2026-01-24,37,0,wk inc flu hosp,2026-01-24,quantile,0.99,1130
2026-01-24,37,1,wk inc flu hosp,2026-01-31,quantile,0.01,78
2026-01-24,37,1,wk inc flu hosp,2026-01-31,quantile,0.025,93
2026-01-24,37,1,wk inc flu hosp,2026-01-31,quantile,0.05,139
2026-01-24,37,1,wk inc flu hosp,2026-01-31,quantile,0.1,161
2026-01-24,37,1,wk inc flu hosp,2026-01-31,quantile,0.15,185
2026-01-24,37,1,wk inc flu hosp,2026-01-31,quantile,0.2,201
2026-01-24,37,1,wk inc flu hosp,2026-01-31,quantile,0.25,207
2026-01-24,37,1,wk inc flu hosp,2026-01-31,quantile,0.3,226
2026-01-24,37,1,wk inc flu hosp,2026-01-31,quantile,0.35,251
2026-01-24,37,1,wk inc flu hosp,2026-01-31,quantile,0.4,284
2026-01-24,37,1,wk inc flu hosp,2026-01-31,quantile,0.45,328
2026-01-24,37,1,wk inc flu hosp,2026-01-31,quantile,0.5,354
2026-01-24,37,1,wk inc flu hosp,2026-01-31,quantile,0.55,393
2026-01-24,37,1,wk inc flu hosp,2026-01-31,quantile,0.6,438
2026-01-24,37,1,wk inc flu hosp,2026-01-31,quantile,0.65,464
2026-01-24,37,1,wk inc flu hosp,2026-01-31,quantile,0.7,498
2026-01-24,37,1,wk inc flu hosp,2026-01-31,quantile,0.75,538
2026-01-24,37,1,wk inc flu hosp,2026-01-31,quantile,0.8,583
2026-01-24,37,1,wk inc flu hosp,2026-01-31,quantile,0.85,631
2026-01-24,37,1,wk inc flu hosp,2026-01-31,quantile,0.9,702
2026-01-24,37,1,wk inc flu hosp,2026-01-31,quantile,0.95,848
2026-01-24,37,1,wk inc flu hosp,2026-01-31,quantile,0.975,938
2026-01-24,37,1,wk inc flu hosp,2026-01-31,quantile,0.99,1184
2026-01-24,37,2,wk inc flu hosp,2026-02-07,quantile,0.01,63
2026-01-24,37,2,wk inc flu hosp,2026-02-07,quantile,0.025,76
2026-01-24,37,2,wk inc flu hosp,2026-02-07,quantile,0.05,84
2026-01-24,37,2,wk inc flu hosp,2026-02-07,quantile,0.1,112
2026-01-24,37,2,wk inc flu hosp,2026-02-07,quantile,0.15,120
2026-01-24,37,2,wk inc flu hosp,2026-02-07,quantile,0.2,146
2026-01-24,37,2,wk inc flu hosp,2026-02-07,quantile,0.25,152
2026-01-24,37,2,wk inc flu hosp,2026-02-07,quantile,0.3,189
2026-01-24,37,2,wk inc flu hosp,2026-02-07,quantile,0.35,223
2026-01-24,37,2,wk inc flu hosp,2026-02-07,quantile,0.4,246
2026-01-24,37,2,wk inc flu hosp,2026-02-07,quantile,0.45,272
2026-01-24,37,2,wk inc flu hosp,2026-02-07,quantile,0.5,330
2026-01-24,37,2,wk inc flu hosp,2026-02-07,quantile,0.55,354
2026-01-24,37,2,wk inc flu hosp,2026-02-07,quantile,0.6,368
2026-01-24,37,2,wk inc flu hosp,2026-02-07,quantile,0.65,385
2026-01-24,37,2,wk inc flu hosp,2026-02-07,quantile,0.7,417
2026-01-24,37,2,wk inc flu hosp,2026-02-07,quantile,0.75,450
2026-01-24,37,2,wk inc flu hosp,2026-02-07,quantile,0.8,481
2026-01-24,37,2,wk inc flu hosp,2026-02-07,quantile,0.85,618
2026-01-24,37,2,wk inc flu hosp,2026-02-07,quantile,0.9,716
2026-01-24,37,2,wk inc flu hosp,2026-02-07,quantile,0.95,873
2026-01-24,37,2,wk inc flu hosp,2026-02-07,quantile,0.975,1016
2026-01-24,37,2,wk inc flu hosp,2026-02-07,quantile,0.99,1226
2026-01-24,37,3,wk inc flu hosp,2026-02-14,quantile,0.01,32
2026-01-24,37,3,wk inc flu hosp,2026-02-14,quantile,0.025,44
2026-01-24,37,3,wk inc flu hosp,2026-02-14,quantile,0.05,51
2026-01-24,37,3,wk inc flu hosp,2026-02-14,quantile,0.1,73
2026-01-24,37,3,wk inc flu hosp,2026-02-14,quantile,0.15,86
2026-01-24,37,3,wk inc flu hosp,2026-02-14,quantile,0.2,101
2026-01-24,37,3,wk inc flu hosp,2026-02-14,quantile,0.25,121
2026-01-24,37,3,wk inc flu hosp,2026-02-14,quantile,0.3,158
2026-01-24,37,3,wk inc flu hosp,2026-02-14,quantile,0.35,199
2026-01-24,37,3,wk inc flu hosp,2026-02-14,quantile,0.4,208
2026-01-24,37,3,wk inc flu hosp,2026-02-14,quantile,0.45,231
2026-01-24,37,3,wk inc flu hosp,2026-02-14,quantile,0.5,270
2026-01-24,37,3,wk inc flu hosp,2026-02-14,quantile,0.55,299
2026-01-24,37,3,wk inc flu hosp,2026-02-14,quantile,0.6,330
2026-01-24,37,3,wk inc flu hosp,2026-02-14,quantile,0.65,359
2026-01-24,37,3,wk inc flu hosp,2026-02-14,quantile,0.7,403
2026-01-24,37,3,wk inc flu hosp,2026-02-14,quantile,0.75,442
2026-01-24,37,3,wk inc flu hosp,2026-02-14,quantile,0.8,524
2026-01-24,37,3,wk inc flu hosp,2026-02-14,quantile,0.85,656
2026-01-24,37,3,wk inc flu hosp,2026-02-14,quantile,0.9,745
2026-01-24,37,3,wk inc flu hosp,2026-02-14,quantile,0.95,877
2026-01-24,37,3,wk inc flu hosp,2026-02-14,quantile,0.975,1013
2026-01-24,37,3,wk inc flu hosp,2026-02-14,quantile,0.99,1241
2026-01-24,38,0,wk inc flu hosp,2026-01-24,quantile,0.01,43
2026-01-24,38,0,wk inc flu hosp,2026-01-24,quantile,0.025,49
2026-01-24,38,0,wk inc flu hosp,2026-01-24,quantile,0.05,56
2026-01-24,38,0,wk inc flu hosp,2026-01-24,quantile,0.1,63
2026-01-24,38,0,wk inc flu hosp,2026-01-24,quantile,0.15,66
2026-01-24,38,0,wk inc flu hosp,2026-01-24,quantile,0.2,71
2026-01-24,38,0,wk inc flu hosp,2026-01-24,quantile,0.25,76
2026-01-24,38,0,wk inc flu hosp,2026-01-24,quantile,0.3,80
2026-01-24,38,0,wk inc flu hosp,2026-01-24,quantile,0.35,84
2026-01-24,38,0,wk inc flu hosp,2026-01-24,quantile,0.4,87
2026-01-24,38,0,wk inc flu hosp,2026-01-24,quantile,0.45,90
2026-01-24,38,0,wk inc flu hosp,2026-01-24,quantile,0.5,94
2026-01-24,38,0,wk inc flu hosp,2026-01-24,quantile,0.55,98
2026-01-24,38,0,wk inc flu hosp,2026-01-24,quantile,0.6,102
2026-01-24,38,0,wk inc flu hosp,2026-01-24,quantile,0.65,107
2026-01-24,38,0,wk inc flu hosp,2026-01-24,quantile,0.7,110
2026-01-24,38,0,wk inc flu hosp,2026-01-24,quantile,0.75,114
2026-01-24,38,0,wk inc flu hosp,2026-01-24,quantile,0.8,118
2026-01-24,38,0,wk inc flu hosp,2026-01-24,quantile,0.85,122
2026-01-24,38,0,wk inc flu hosp,2026-01-24,quantile,0.9,129
2026-01-24,38,0,wk inc flu hosp,2026-01-24,quantile,0.95,136
2026-01-24,38,0,wk inc flu hosp,2026-01-24,quantile,0.975,146
2026-01-24,38,0,wk inc flu hosp,2026-01-24,quantile,0.99,158
2026-01-24,38,1,wk inc flu hosp,2026-01-31,quantile,0.01,26
2026-01-24,38,1,wk inc flu hosp,2026-01-31,quantile,0.025,32
2026-01-24,38,1,wk inc flu hosp,2026-01-31,quantile,0.05,37
2026-01-24,38,1,wk inc flu hosp,2026-01-31,quantile,0.1,43
2026-01-24,38,1,wk inc flu hosp,2026-01-31,quantile,0.15,48
2026-01-24,38,1,wk inc flu hosp,2026-01-31,quantile,0.2,53
2026-01-24,38,1,wk inc flu hosp,2026-01-31,quantile,0.25,59
2026-01-24,38,1,wk inc flu hosp,2026-01-31,quantile,0.3,63
2026-01-24,38,1,wk inc flu hosp,2026-01-31,quantile,0.35,68
2026-01-24,38,1,wk inc flu hosp,2026-01-31,quantile,0.4,73
2026-01-24,38,1,wk inc flu hosp,2026-01-31,quantile,0.45,77
2026-01-24,38,1,wk inc flu hosp,2026-01-31,quantile,0.5,82
2026-01-24,38,1,wk inc flu hosp,2026-01-31,quantile,0.55,86
2026-01-24,38,1,wk inc flu hosp,2026-01-31,quantile,0.6,90
2026-01-24,38,1,wk inc flu hosp,2026-01-31,quantile,0.65,95
2026-01-24,38,1,wk inc flu hosp,2026-01-31,quantile,0.7,99
2026-01-24,38,1,wk inc flu hosp,2026-01-31,quantile,0.75,103
2026-01-24,38,1,wk inc flu hosp,2026-01-31,quantile,0.8,111
2026-01-24,38,1,wk inc flu hosp,2026-01-31,quantile,0.85,115
2026-01-24,38,1,wk inc flu hosp,2026-01-31,quantile,0.9,120
2026-01-24,38,1,wk inc flu hosp,2026-01-31,quantile,0.95,133
2026-01-24,38,1,wk inc flu hosp,2026-01-31,quantile,0.975,146
2026-01-24,38,1,wk inc flu hosp,2026-01-31,quantile,0.99,164
2026-01-24,38,2,wk inc flu hosp,2026-02-07,quantile,0.01,16
2026-01-24,38,2,wk inc flu hosp,2026-02-07,quantile,0.025,19
2026-01-24,38,2,wk inc flu hosp,2026-02-07,quantile,0.05,22
2026-01-24,38,2,wk inc flu hosp,2026-02-07,quantile,0.1,30
2026-01-24,38,2,wk inc flu hosp,2026-02-07,quantile,0.15,35
2026-01-24,38,2,wk inc flu hosp,2026-02-07,quantile,0.2,39
2026-01-24,38,2,wk inc flu hosp,2026-02-07,quantile,0.25,44
2026-01-24,38,2,wk inc flu hosp,2026-02-07,quantile,0.3,55
2026-01-24,38,2,wk inc flu hosp,2026-02-07,quantile,0.35,59
2026-01-24,38,2,wk inc flu hosp,2026-02-07,quantile,0.4,62
2026-01-24,38,2,wk inc flu hosp,2026-02-07,quantile,0.45,68
2026-01-24,38,2,wk inc flu hosp,2026-02-07,quantile,0.5,72
2026-01-24,38,2,wk inc flu hosp,2026-02-07,quantile,0.55,76
2026-01-24,38,2,wk inc flu hosp,2026-02-07,quantile,0.6,79
2026-01-24,38,2,wk inc flu hosp,2026-02-07,quantile,0.65,84
2026-01-24,38,2,wk inc flu hosp,2026-02-07,quantile,0.7,92
2026-01-24,38,2,wk inc flu hosp,2026-02-07,quantile,0.75,100
2026-01-24,38,2,wk inc flu hosp,2026-02-07,quantile,0.8,105
2026-01-24,38,2,wk inc flu hosp,2026-02-07,quantile,0.85,113
2026-01-24,38,2,wk inc flu hosp,2026-02-07,quantile,0.9,124
2026-01-24,38,2,wk inc flu hosp,2026-02-07,quantile,0.95,140
2026-01-24,38,2,wk inc flu hosp,2026-02-07,quantile,0.975,159
2026-01-24,38,2,wk inc flu hosp,2026-02-07,quantile,0.99,182
2026-01-24,38,3,wk inc flu hosp,2026-02-14,quantile,0.01,8
2026-01-24,38,3,wk inc flu hosp,2026-02-14,quantile,0.025,13
2026-01-24,38,3,wk inc flu hosp,2026-02-14,quantile,0.05,17
2026-01-24,38,3,wk inc flu hosp,2026-02-14,quantile,0.1,23
2026-01-24,38,3,wk inc flu hosp,2026-02-14,quantile,0.15,28
2026-01-24,38,3,wk inc flu hosp,2026-02-14,quantile,0.2,32
2026-01-24,38,3,wk inc flu hosp,2026-02-14,quantile,0.25,35
2026-01-24,38,3,wk inc flu hosp,2026-02-14,quantile,0.3,42
2026-01-24,38,3,wk inc flu hosp,2026-02-14,quantile,0.35,43
2026-01-24,38,3,wk inc flu hosp,2026-02-14,quantile,0.4,50
2026-01-24,38,3,wk inc flu hosp,2026-02-14,quantile,0.45,54
2026-01-24,38,3,wk inc flu hosp,2026-02-14,quantile,0.5,58
2026-01-24,38,3,wk inc flu hosp,2026-02-14,quantile,0.55,61
2026-01-24,38,3,wk inc flu hosp,2026-02-14,quantile,0.6,67
2026-01-24,38,3,wk inc flu hosp,2026-02-14,quantile,0.65,73
2026-01-24,38,3,wk inc flu hosp,2026-02-14,quantile,0.7,80
2026-01-24,38,3,wk inc flu hosp,2026-02-14,quantile,0.75,87
2026-01-24,38,3,wk inc flu hosp,2026-02-14,quantile,0.8,93
2026-01-24,38,3,wk inc flu hosp,2026-02-14,quantile,0.85,102
2026-01-24,38,3,wk inc flu hosp,2026-02-14,quantile,0.9,113
2026-01-24,38,3,wk inc flu hosp,2026-02-14,quantile,0.95,136
2026-01-24,38,3,wk inc flu hosp,2026-02-14,quantile,0.975,158
2026-01-24,38,3,wk inc flu hosp,2026-02-14,quantile,0.99,178
2026-01-24,39,0,wk inc flu hosp,2026-01-24,quantile,0.01,245
2026-01-24,39,0,wk inc flu hosp,2026-01-24,quantile,0.025,295
2026-01-24,39,0,wk inc flu hosp,2026-01-24,quantile,0.05,354
2026-01-24,39,0,wk inc flu hosp,2026-01-24,quantile,0.1,421
2026-01-24,39,0,wk inc flu hosp,2026-01-24,quantile,0.15,442
2026-01-24,39,0,wk inc flu hosp,2026-01-24,quantile,0.2,484
2026-01-24,39,0,wk inc flu hosp,2026-01-24,quantile,0.25,516
2026-01-24,39,0,wk inc flu hosp,2026-01-24,quantile,0.3,551
2026-01-24,39,0,wk inc flu hosp,2026-01-24,quantile,0.35,589
2026-01-24,39,0,wk inc flu hosp,2026-01-24,quantile,0.4,615
2026-01-24,39,0,wk inc flu hosp,2026-01-24,quantile,0.45,644
2026-01-24,39,0,wk inc flu hosp,2026-01-24,quantile,0.5,670
2026-01-24,39,0,wk inc flu hosp,2026-01-24,quantile,0.55,705
2026-01-24,39,0,wk inc flu hosp,2026-01-24,quantile,0.6,730
2026-01-24,39,0,wk inc flu hosp,2026-01-24,quantile,0.65,764
2026-01-24,39,0,wk inc flu hosp,2026-01-24,quantile,0.7,789
2026-01-24,39,0,wk inc flu hosp,2026-01-24,quantile,0.75,808
2026-01-24,39,0,wk inc flu hosp,2026-01-24,quantile,0.8,844
2026-01-24,39,0,wk inc flu hosp,2026-01-24,quantile,0.85,901
2026-01-24,39,0,wk inc flu hosp,2026-01-24,quantile,0.9,978
2026-01-24,39,0,wk inc flu hosp,2026-01-24,quantile,0.95,1125
2026-01-24,39,0,wk inc flu hosp,2026-01-24,quantile,0.975,1255
2026-01-24,39,0,wk inc flu hosp,2026-01-24,quantile,0.99,1487
2026-01-24,39,1,wk inc flu hosp,2026-01-31,quantile,0.01,162
2026-01-24,39,1,wk inc flu hosp,2026-01-31,quantile,0.025,205
2026-01-24,39,1,wk inc flu hosp,2026-01-31,quantile,0.05,248
2026-01-24,39,1,wk inc flu hosp,2026-01-31,quantile,0.1,301
2026-01-24,39,1,wk inc flu hosp,2026-01-31,quantile,0.15,338
2026-01-24,39,1,wk inc flu hosp,2026-01-31,quantile,0.2,373
2026-01-24,39,1,wk inc flu hosp,2026-01-31,quantile,0.25,428
2026-01-24,39,1,wk inc flu hosp,2026-01-31,quantile,0.3,450
2026-01-24,39,1,wk inc flu hosp,2026-01-31,quantile,0.35,490
2026-01-24,39,1,wk inc flu hosp,2026-01-31,quantile,0.4,536
2026-01-24,39,1,wk inc flu hosp,2026-01-31,quantile,0.45,565
2026-01-24,39,1,wk inc flu hosp,2026-01-31,quantile,0.5,613
2026-01-24,39,1,wk inc flu hosp,2026-01-31,quantile,0.55,651
2026-01-24,39,1,wk inc flu hosp,2026-01-31,quantile,0.6,672
2026-01-24,39,1,wk inc flu hosp,2026-01-31,quantile,0.65,741
2026-01-24,39,1,wk inc flu hosp,2026-01-31,quantile,0.7,790
2026-01-24,39,1,wk inc flu hosp,2026-01-31,quantile,0.75,815
2026-01-24,39,1,wk inc flu hosp,2026-01-31,quantile,0.8,850
2026-01-24,39,1,wk inc flu hosp,2026-01-31,quantile,0.85,898
2026-01-24,39,1,wk inc flu hosp,2026-01-31,quantile,0.9,972
2026-01-24,39,1,wk inc flu hosp,2026-01-31,quantile,0.95,1165
2026-01-24,39,1,wk inc flu hosp,2026-01-31,quantile,0.975,1390
2026-01-24,39,1,wk inc flu hosp,2026-01-31,quantile,0.99,1608
2026-01-24,39,2,wk inc flu hosp,2026-02-07,quantile,0.01,126
2026-01-24,39,2,wk inc flu hosp,2026-02-07,quantile,0.025,149
2026-01-24,39,2,wk inc flu hosp,2026-02-07,quantile,0.05,175
2026-01-24,39,2,wk inc flu hosp,2026-02-07,quantile,0.1,209
2026-01-24,39,2,wk inc flu hosp,2026-02-07,quantile,0.15,257
2026-01-24,39,2,wk inc flu hosp,2026-02-07,quantile,0.2,295
2026-01-24,39,2,wk inc flu hosp,2026-02-07,quantile,0.25,330
2026-01-24,39,2,wk inc flu hosp,2026-02-07,quantile,0.3,366
2026-01-24,39,2,wk inc flu hosp,2026-02-07,quantile,0.35,404
2026-01-24,39,2,wk inc flu hosp,2026-02-07,quantile,0.4,432
2026-01-24,39,2,wk inc flu hosp,2026-02-07,quantile,0.45,454
2026-01-24,39,2,wk inc flu hosp,2026-02-07,quantile,0.5,475
2026-01-24,39,2,wk inc flu hosp,2026-02-07,quantile,0.55,573
2026-01-24,39,2,wk inc flu hosp,2026-02-07,quantile,0.6,606
2026-01-24,39,2,wk inc flu hosp,2026-02-07,quantile,0.65,646
2026-01-24,39,2,wk inc flu hosp,2026-02-07,quantile,0.7,706
2026-01-24,39,2,wk inc flu hosp,2026-02-07,quantile,0.75,749
2026-01-24,39,2,wk inc flu hosp,2026-02-07,quantile,0.8,848
2026-01-24,39,2,wk inc flu hosp,2026-02-07,quantile,0.85,891
2026-01-24,39,2,wk inc flu hosp,2026-02-07,quantile,0.9,1016
2026-01-24,39,2,wk inc flu hosp,2026-02-07,quantile,0.95,1300
2026-01-24,39,2,wk inc flu hosp,2026-02-07,quantile,0.975,1447
2026-01-24,39,2,wk inc flu hosp,2026-02-07,quantile,0.99,1762
2026-01-24,39,3,wk inc flu hosp,2026-02-14,quantile,0.01,67
2026-01-24,39,3,wk inc flu hosp,2026-02-14,quantile,0.025,90
2026-01-24,39,3,wk inc flu hosp,2026-02-14,quantile,0.05,105
2026-01-24,39,3,wk inc flu hosp,2026-02-14,quantile,0.1,163
2026-01-24,39,3,wk inc flu hosp,2026-02-14,quantile,0.15,207
2026-01-24,39,3,wk inc flu hosp,2026-02-14,quantile,0.2,265
2026-01-24,39,3,wk inc flu hosp,2026-02-14,quantile,0.25,291
2026-01-24,39,3,wk inc flu hosp,2026-02-14,quantile,0.3,308
2026-01-24,39,3,wk inc flu hosp,2026-02-14,quantile,0.35,342
2026-01-24,39,3,wk inc flu hosp,2026-02-14,quantile,0.4,378
2026-01-24,39,3,wk inc flu hosp,2026-02-14,quantile,0.45,421
2026-01-24,39,3,wk inc flu hosp,2026-02-14,quantile,0.5,465
2026-01-24,39,3,wk inc flu hosp,2026-02-14,quantile,0.55,502
2026-01-24,39,3,wk inc flu hosp,2026-02-14,quantile,0.6,585
2026-01-24,39,3,wk inc flu hosp,2026-02-14,quantile,0.65,654
2026-01-24,39,3,wk inc flu hosp,2026-02-14,quantile,0.7,708
2026-01-24,39,3,wk inc flu hosp,2026-02-14,quantile,0.75,817
2026-01-24,39,3,wk inc flu hosp,2026-02-14,quantile,0.8,856
2026-01-24,39,3,wk inc flu hosp,2026-02-14,quantile,0.85,919
2026-01-24,39,3,wk inc flu hosp,2026-02-14,quantile,0.9,1049
2026-01-24,39,3,wk inc flu hosp,2026-02-14,quantile,0.95,1363
2026-01-24,39,3,wk inc flu hosp,2026-02-14,quantile,0.975,1624
2026-01-24,39,3,wk inc flu hosp,2026-02-14,quantile,0.99,1843
2026-01-24,40,0,wk inc flu hosp,2026-01-24,quantile,0.01,40
2026-01-24,40,0,wk inc flu hosp,2026-01-24,quantile,0.025,48
2026-01-24,40,0,wk inc flu hosp,2026-01-24,quantile,0.05,53
2026-01-24,40,0,wk inc flu hosp,2026-01-24,quantile,0.1,67
2026-01-24,40,0,wk inc flu hosp,2026-01-24,quantile,0.15,75
2026-01-24,40,0,wk inc flu hosp,2026-01-24,quantile,0.2,81
2026-01-24,40,0,wk inc flu hosp,2026-01-24,quantile,0.25,86
2026-01-24,40,0,wk inc flu hosp,2026-01-24,quantile,0.3,95
2026-01-24,40,0,wk inc flu hosp,2026-01-24,quantile,0.35,98
2026-01-24,40,0,wk inc flu hosp,2026-01-24,quantile,0.4,102
2026-01-24,40,0,wk inc flu hosp,2026-01-24,quantile,0.45,109
2026-01-24,40,0,wk inc flu hosp,2026-01-24,quantile,0.5,119
2026-01-24,40,0,wk inc flu hosp,2026-01-24,quantile,0.55,126
2026-01-24,40,0,wk inc flu hosp,2026-01-24,quantile,0.6,131
2026-01-24,40,0,wk inc flu hosp,2026-01-24,quantile,0.65,136
2026-01-24,40,0,wk inc flu hosp,2026-01-24,quantile,0.7,142
2026-01-24,40,0,wk inc flu hosp,2026-01-24,quantile,0.75,146
2026-01-24,40,0,wk inc flu hosp,2026-01-24,quantile,0.8,157
2026-01-24,40,0,wk inc flu hosp,2026-01-24,quantile,0.85,167
2026-01-24,40,0,wk inc flu hosp,2026-01-24,quantile,0.9,182
2026-01-24,40,0,wk inc flu hosp,2026-01-24,quantile,0.95,206
2026-01-24,40,0,wk inc flu hosp,2026-01-24,quantile,0.975,233
2026-01-24,40,0,wk inc flu hosp,2026-01-24,quantile,0.99,254
2026-01-24,40,1,wk inc flu hosp,2026-01-31,quantile,0.01,29
2026-01-24,40,1,wk inc flu hosp,2026-01-31,quantile,0.025,37
2026-01-24,40,1,wk inc flu hosp,2026-01-31,quantile,0.05,44
2026-01-24,40,1,wk inc flu hosp,2026-01-31,quantile,0.1,58
2026-01-24,40,1,wk inc flu hosp,2026-01-31,quantile,0.15,68
2026-01-24,40,1,wk inc flu hosp,2026-01-31,quantile,0.2,74
2026-01-24,40,1,wk inc flu hosp,2026-01-31,quantile,0.25,79
2026-01-24,40,1,wk inc flu hosp,2026-01-31,quantile,0.3,90
2026-01-24,40,1,wk inc flu hosp,2026-01-31,quantile,0.35,95
2026-01-24,40,1,wk inc flu hosp,2026-01-31,quantile,0.4,104
2026-01-24,40,1,wk inc flu hosp,2026-01-31,quantile,0.45,111
2026-01-24,40,1,wk inc flu hosp,2026-01-31,quantile,0.5,118
2026-01-24,40,1,wk inc flu hosp,2026-01-31,quantile,0.55,126
2026-01-24,40,1,wk inc flu hosp,2026-01-31,quantile,0.6,134
2026-01-24,40,1,wk inc flu hosp,2026-01-31,quantile,0.65,141
2026-01-24,40,1,wk inc flu hosp,2026-01-31,quantile,0.7,150
2026-01-24,40,1,wk inc flu hosp,2026-01-31,quantile,0.75,160
2026-01-24,40,1,wk inc flu hosp,2026-01-31,quantile,0.8,171
2026-01-24,40,1,wk inc flu hosp,2026-01-31,quantile,0.85,190
2026-01-24,40,1,wk inc flu hosp,2026-01-31,quantile,0.9,206
2026-01-24,40,1,wk inc flu hosp,2026-01-31,quantile,0.95,241
2026-01-24,40,1,wk inc flu hosp,2026-01-31,quantile,0.975,285
2026-01-24,40,1,wk inc flu hosp,2026-01-31,quantile,0.99,339
2026-01-24,40,2,wk inc flu hosp,2026-02-07,quantile,0.01,19
2026-01-24,40,2,wk inc flu hosp,2026-02-07,quantile,0.025,26
2026-01-24,40,2,wk inc flu hosp,2026-02-07,quantile,0.05,39
2026-01-24,40,2,wk inc flu hosp,2026-02-07,quantile,0.1,53
2026-01-24,40,2,wk inc flu hosp,2026-02-07,quantile,0.15,60
2026-01-24,40,2,wk inc flu hosp,2026-02-07,quantile,0.2,68
2026-01-24,40,2,wk inc flu hosp,2026-02-07,quantile,0.25,75
2026-01-24,40,2,wk inc flu hosp,2026-02-07,quantile,0.3,82
2026-01-24,40,2,wk inc flu hosp,2026-02-07,quantile,0.35,90
2026-01-24,40,2,wk inc flu hosp,2026-02-07,quantile,0.4,96
2026-01-24,40,2,wk inc flu hosp,2026-02-07,quantile,0.45,104
2026-01-24,40,2,wk inc flu hosp,2026-02-07,quantile,0.5,113
2026-01-24,40,2,wk inc flu hosp,2026-02-07,quantile,0.55,124
2026-01-24,40,2,wk inc flu hosp,2026-02-07,quantile,0.6,132
2026-01-24,40,2,wk inc flu hosp,2026-02-07,quantile,0.65,141
2026-01-24,40,2,wk inc flu hosp,2026-02-07,quantile,0.7,151
2026-01-24,40,2,wk inc flu hosp,2026-02-07,quantile,0.75,163
2026-01-24,40,2,wk inc flu hosp,2026-02-07,quantile,0.8,178
2026-01-24,40,2,wk inc flu hosp,2026-02-07,quantile,0.85,203
2026-01-24,40,2,wk inc flu hosp,2026-02-07,quantile,0.9,231
2026-01-24,40,2,wk inc flu hosp,2026-02-07,quantile,0.95,283
2026-01-24,40,2,wk inc flu hosp,2026-02-07,quantile,0.975,329
2026-01-24,40,2,wk inc flu hosp,2026-02-07,quantile,0.99,382
2026-01-24,40,3,wk inc flu hosp,2026-02-14,quantile,0.01,10
2026-01-24,40,3,wk inc flu hosp,2026-02-14,quantile,0.025,19
2026-01-24,40,3,wk inc flu hosp,2026-02-14,quantile,0.05,33
2026-01-24,40,3,wk inc flu hosp,2026-02-14,quantile,0.1,44
2026-01-24,40,3,wk inc flu hosp,2026-02-14,quantile,0.15,52
2026-01-24,40,3,wk inc flu hosp,2026-02-14,quantile,0.2,60
2026-01-24,40,3,wk inc flu hosp,2026-02-14,quantile,0.25,68
2026-01-24,40,3,wk inc flu hosp,2026-02-14,quantile,0.3,75
2026-01-24,40,3,wk inc flu hosp,2026-02-14,quantile,0.35,86
2026-01-24,40,3,wk inc flu hosp,2026-02-14,quantile,0.4,94
2026-01-24,40,3,wk inc flu hosp,2026-02-14,quantile,0.45,100
2026-01-24,40,3,wk inc flu hosp,2026-02-14,quantile,0.5,109
2026-01-24,40,3,wk inc flu hosp,2026-02-14,quantile,0.55,121
2026-01-24,40,3,wk inc flu hosp,2026-02-14,quantile,0.6,131
2026-01-24,40,3,wk inc flu hosp,2026-02-14,quantile,0.65,142
2026-01-24,40,3,wk inc flu hosp,2026-02-14,quantile,0.7,154
2026-01-24,40,3,wk inc flu hosp,2026-02-14,quantile,0.75,166
2026-01-24,40,3,wk inc flu hosp,2026-02-14,quantile,0.8,182
2026-01-24,40,3,wk inc flu hosp,2026-02-14,quantile,0.85,210
2026-01-24,40,3,wk inc flu hosp,2026-02-14,quantile,0.9,254
2026-01-24,40,3,wk inc flu hosp,2026-02-14,quantile,0.95,324
2026-01-24,40,3,wk inc flu hosp,2026-02-14,quantile,0.975,371
2026-01-24,40,3,wk inc flu hosp,2026-02-14,quantile,0.99,415
2026-01-24,41,0,wk inc flu hosp,2026-01-24,quantile,0.01,70
2026-01-24,41,0,wk inc flu hosp,2026-01-24,quantile,0.025,83
2026-01-24,41,0,wk inc flu hosp,2026-01-24,quantile,0.05,92
2026-01-24,41,0,wk inc flu hosp,2026-01-24,quantile,0.1,100
2026-01-24,41,0,wk inc flu hosp,2026-01-24,quantile,0.15,113
2026-01-24,41,0,wk inc flu hosp,2026-01-24,quantile,0.2,126
2026-01-24,41,0,wk inc flu hosp,2026-01-24,quantile,0.25,136
2026-01-24,41,0,wk inc flu hosp,2026-01-24,quantile,0.3,141
2026-01-24,41,0,wk inc flu hosp,2026-01-24,quantile,0.35,145
2026-01-24,41,0,wk inc flu hosp,2026-01-24,quantile,0.4,150
2026-01-24,41,0,wk inc flu hosp,2026-01-24,quantile,0.45,154
2026-01-24,41,0,wk inc flu hosp,2026-01-24,quantile,0.5,169
2026-01-24,41,0,wk inc flu hosp,2026-01-24,quantile,0.55,182
2026-01-24,41,0,wk inc flu hosp,2026-01-24,quantile,0.6,187
2026-01-24,41,0,wk inc flu hosp,2026-01-24,quantile,0.65,196
2026-01-24,41,0,wk inc flu hosp,2026-01-24,quantile,0.7,199
2026-01-24,41,0,wk inc flu hosp,2026-01-24,quantile,0.75,203
2026-01-24,41,0,wk inc flu hosp,2026-01-24,quantile,0.8,215
2026-01-24,41,0,wk inc flu hosp,2026-01-24,quantile,0.85,226
2026-01-24,41,0,wk inc flu hosp,2026-01-24,quantile,0.9,246
2026-01-24,41,0,wk inc flu hosp,2026-01-24,quantile,0.95,275
2026-01-24,41,0,wk inc flu hosp,2026-01-24,quantile,0.975,304
2026-01-24,41,0,wk inc flu hosp,2026-01-24,quantile,0.99,338
2026-01-24,41,1,wk inc flu hosp,2026-01-31,quantile,0.01,50
2026-01-24,41,1,wk inc flu hosp,2026-01-31,quantile,0.025,60
2026-01-24,41,1,wk inc flu hosp,2026-01-31,quantile,0.05,71
2026-01-24,41,1,wk inc flu hosp,2026-01-31,quantile,0.1,85
2026-01-24,41,1,wk inc flu hosp,2026-01-31,quantile,0.15,94
2026-01-24,41,1,wk inc flu hosp,2026-01-31,quantile,0.2,108
2026-01-24,41,1,wk inc flu hosp,2026-01-31,quantile,0.25,118
2026-01-24,41,1,wk inc flu hosp,2026-01-31,quantile,0.3,131
2026-01-24,41,1,wk inc flu hosp,2026-01-31,quantile,0.35,139
2026-01-24,41,1,wk inc flu hosp,2026-01-31,quantile,0.4,143
2026-01-24,41,1,wk inc flu hosp,2026-01-31,quantile,0.45,152
2026-01-24,41,1,wk inc flu hosp,2026-01-31,quantile,0.5,172
2026-01-24,41,1,wk inc flu hosp,2026-01-31,quantile,0.55,182
2026-01-24,41,1,wk inc flu hosp,2026-01-31,quantile,0.6,187
2026-01-24,41,1,wk inc flu hosp,2026-01-31,quantile,0.65,199
2026-01-24,41,1,wk inc flu hosp,2026-01-31,quantile,0.7,208
2026-01-24,41,1,wk inc flu hosp,2026-01-31,quantile,0.75,217
2026-01-24,41,1,wk inc flu hosp,2026-01-31,quantile,0.8,227
2026-01-24,41,1,wk inc flu hosp,2026-01-31,quantile,0.85,247
2026-01-24,41,1,wk inc flu hosp,2026-01-31,quantile,0.9,263
2026-01-24,41,1,wk inc flu hosp,2026-01-31,quantile,0.95,297
2026-01-24,41,1,wk inc flu hosp,2026-01-31,quantile,0.975,329
2026-01-24,41,1,wk inc flu hosp,2026-01-31,quantile,0.99,373
2026-01-24,41,2,wk inc flu hosp,2026-02-07,quantile,0.01,34
2026-01-24,41,2,wk inc flu hosp,2026-02-07,quantile,0.025,44
2026-01-24,41,2,wk inc flu hosp,2026-02-07,quantile,0.05,52
2026-01-24,41,2,wk inc flu hosp,2026-02-07,quantile,0.1,67
2026-01-24,41,2,wk inc flu hosp,2026-02-07,quantile,0.15,76
2026-01-24,41,2,wk inc flu hosp,2026-02-07,quantile,0.2,89
2026-01-24,41,2,wk inc flu hosp,2026-02-07,quantile,0.25,99
2026-01-24,41,2,wk inc flu hosp,2026-02-07,quantile,0.3,109
2026-01-24,41,2,wk inc flu hosp,2026-02-07,quantile,0.35,121
2026-01-24,41,2,wk inc flu hosp,2026-02-07,quantile,0.4,132
2026-01-24,41,2,wk inc flu hosp,2026-02-07,quantile,0.45,146
2026-01-24,41,2,wk inc flu hosp,2026-02-07,quantile,0.5,159
2026-01-24,41,2,wk inc flu hosp,2026-02-07,quantile,0.55,174
2026-01-24,41,2,wk inc flu hosp,2026-02-07,quantile,0.6,186
2026-01-24,41,2,wk inc flu hosp,2026-02-07,quantile,0.65,197
2026-01-24,41,2,wk inc flu hosp,2026-02-07,quantile,0.7,212
2026-01-24,41,2,wk inc flu hosp,2026-02-07,quantile,0.75,223
2026-01-24,41,2,wk inc flu hosp,2026-02-07,quantile,0.8,239
2026-01-24,41,2,wk inc flu hosp,2026-02-07,quantile,0.85,260
2026-01-24,41,2,wk inc flu hosp,2026-02-07,quantile,0.9,284
2026-01-24,41,2,wk inc flu hosp,2026-02-07,quantile,0.95,320
2026-01-24,41,2,wk inc flu hosp,2026-02-07,quantile,0.975,353
2026-01-24,41,2,wk inc flu hosp,2026-02-07,quantile,0.99,406
2026-01-24,41,3,wk inc flu hosp,2026-02-14,quantile,0.01,27
2026-01-24,41,3,wk inc flu hosp,2026-02-14,quantile,0.025,37
2026-01-24,41,3,wk inc flu hosp,2026-02-14,quantile,0.05,44
2026-01-24,41,3,wk inc flu hosp,2026-02-14,quantile,0.1,57
2026-01-24,41,3,wk inc flu hosp,2026-02-14,quantile,0.15,69
2026-01-24,41,3,wk inc flu hosp,2026-02-14,quantile,0.2,81
2026-01-24,41,3,wk inc flu hosp,2026-02-14,quantile,0.25,98
2026-01-24,41,3,wk inc flu hosp,2026-02-14,quantile,0.3,109
2026-01-24,41,3,wk inc flu hosp,2026-02-14,quantile,0.35,116
2026-01-24,41,3,wk inc flu hosp,2026-02-14,quantile,0.4,125
2026-01-24,41,3,wk inc flu hosp,2026-02-14,quantile,0.45,143
2026-01-24,41,3,wk inc flu hosp,2026-02-14,quantile,0.5,150
2026-01-24,41,3,wk inc flu hosp,2026-02-14,quantile,0.55,165
2026-01-24,41,3,wk inc flu hosp,2026-02-14,quantile,0.6,179
2026-01-24,41,3,wk inc flu hosp,2026-02-14,quantile,0.65,194
2026-01-24,41,3,wk inc flu hosp,2026-02-14,quantile,0.7,207
2026-01-24,41,3,wk inc flu hosp,2026-02-14,quantile,0.75,222
2026-01-24,41,3,wk inc flu hosp,2026-02-14,quantile,0.8,237
2026-01-24,41,3,wk inc flu hosp,2026-02-14,quantile,0.85,256
2026-01-24,41,3,wk inc flu hosp,2026-02-14,quantile,0.9,280
2026-01-24,41,3,wk inc flu hosp,2026-02-14,quantile,0.95,347
2026-01-24,41,3,wk inc flu hosp,2026-02-14,quantile,0.975,385
2026-01-24,41,3,wk inc flu hosp,2026-02-14,quantile,0.99,455
2026-01-24,42,0,wk inc flu hosp,2026-01-24,quantile,0.01,635
2026-01-24,42,0,wk inc flu hosp,2026-01-24,quantile,0.025,795
2026-01-24,42,0,wk inc flu hosp,2026-01-24,quantile,0.05,892
2026-01-24,42,0,wk inc flu hosp,2026-01-24,quantile,0.1,1015
2026-01-24,42,0,wk inc flu hosp,2026-01-24,quantile,0.15,1088
2026-01-24,42,0,wk inc flu hosp,2026-01-24,quantile,0.2,1188
2026-01-24,42,0,wk inc flu hosp,2026-01-24,quantile,0.25,1242
2026-01-24,42,0,wk inc flu hosp,2026-01-24,quantile,0.3,1305
2026-01-24,42,0,wk inc flu hosp,2026-01-24,quantile,0.35,1367
2026-01-24,42,0,wk inc flu hosp,2026-01-24,quantile,0.4,1436
2026-01-24,42,0,wk inc flu hosp,2026-01-24,quantile,0.45,1459
2026-01-24,42,0,wk inc flu hosp,2026-01-24,quantile,0.5,1517
2026-01-24,42,0,wk inc flu hosp,2026-01-24,quantile,0.55,1553
2026-01-24,42,0,wk inc flu hosp,2026-01-24,quantile,0.6,1626
2026-01-24,42,0,wk inc flu hosp,2026-01-24,quantile,0.65,1709
2026-01-24,42,0,wk inc flu hosp,2026-01-24,quantile,0.7,1756
2026-01-24,42,0,wk inc flu hosp,2026-01-24,quantile,0.75,1812
2026-01-24,42,0,wk inc flu hosp,2026-01-24,quantile,0.8,1871
2026-01-24,42,0,wk inc flu hosp,2026-01-24,quantile,0.85,1991
2026-01-24,42,0,wk inc flu hosp,2026-01-24,quantile,0.9,2264
2026-01-24,42,0,wk inc flu hosp,2026-01-24,quantile,0.95,2376
2026-01-24,42,0,wk inc flu hosp,2026-01-24,quantile,0.975,2631
2026-01-24,42,0,wk inc flu hosp,2026-01-24,quantile,0.99,2853
2026-01-24,42,1,wk inc flu hosp,2026-01-31,quantile,0.01,409
2026-01-24,42,1,wk inc flu hosp,2026-01-31,quantile,0.025,529
2026-01-24,42,1,wk inc flu hosp,2026-01-31,quantile,0.05,613
2026-01-24,42,1,wk inc flu hosp,2026-01-31,quantile,0.1,725
2026-01-24,42,1,wk inc flu hosp,2026-01-31,quantile,0.15,802
2026-01-24,42,1,wk inc flu hosp,2026-01-31,quantile,0.2,885
2026-01-24,42,1,wk inc flu hosp,2026-01-31,quantile,0.25,969
2026-01-24,42,1,wk inc flu hosp,2026-01-31,quantile,0.3,1029
2026-01-24,42,1,wk inc flu hosp,2026-01-31,quantile,0.35,1105
2026-01-24,42,1,wk inc flu hosp,2026-01-31,quantile,0.4,1197
2026-01-24,42,1,wk inc flu hosp,2026-01-31,quantile,0.45,1246
2026-01-24,42,1,wk inc flu hosp,2026-01-31,quantile,0.5,1334
2026-01-24,42,1,wk inc flu hosp,2026-01-31,quantile,0.55,1428
2026-01-24,42,1,wk inc flu hosp,2026-01-31,quantile,0.6,1526
2026-01-24,42,1,wk inc flu hosp,2026-01-31,quantile,0.65,1634
2026-01-24,42,1,wk inc flu hosp,2026-01-31,quantile,0.7,1751
2026-01-24,42,1,wk inc flu hosp,2026-01-31,quantile,0.75,1856
2026-01-24,42,1,wk inc flu hosp,2026-01-31,quantile,0.8,1978
2026-01-24,42,1,wk inc flu hosp,2026-01-31,quantile,0.85,2046
2026-01-24,42,1,wk inc flu hosp,2026-01-31,quantile,0.9,2309
2026-01-24,42,1,wk inc flu hosp,2026-01-31,quantile,0.95,2690
2026-01-24,42,1,wk inc flu hosp,2026-01-31,quantile,0.975,2721
2026-01-24,42,1,wk inc flu hosp,2026-01-31,quantile,0.99,3043
2026-01-24,42,2,wk inc flu hosp,2026-02-07,quantile,0.01,284
2026-01-24,42,2,wk inc flu hosp,2026-02-07,quantile,0.025,356
2026-01-24,42,2,wk inc flu hosp,2026-02-07,quantile,0.05,446
2026-01-24,42,2,wk inc flu hosp,2026-02-07,quantile,0.1,551
2026-01-24,42,2,wk inc flu hosp,2026-02-07,quantile,0.15,629
2026-01-24,42,2,wk inc flu hosp,2026-02-07,quantile,0.2,731
2026-01-24,42,2,wk inc flu hosp,2026-02-07,quantile,0.25,821
2026-01-24,42,2,wk inc flu hosp,2026-02-07,quantile,0.3,879
2026-01-24,42,2,wk inc flu hosp,2026-02-07,quantile,0.35,959
2026-01-24,42,2,wk inc flu hosp,2026-02-07,quantile,0.4,1052
2026-01-24,42,2,wk inc flu hosp,2026-02-07,quantile,0.45,1126
2026-01-24,42,2,wk inc flu hosp,2026-02-07,quantile,0.5,1221
2026-01-24,42,2,wk inc flu hosp,2026-02-07,quantile,0.55,1316
2026-01-24,42,2,wk inc flu hosp,2026-02-07,quantile,0.6,1410
2026-01-24,42,2,wk inc flu hosp,2026-02-07,quantile,0.65,1508
2026-01-24,42,2,wk inc flu hosp,2026-02-07,quantile,0.7,1617
2026-01-24,42,2,wk inc flu hosp,2026-02-07,quantile,0.75,1741
2026-01-24,42,2,wk inc flu hosp,2026-02-07,quantile,0.8,1893
2026-01-24,42,2,wk inc flu hosp,2026-02-07,quantile,0.85,2064
2026-01-24,42,2,wk inc flu hosp,2026-02-07,quantile,0.9,2301
2026-01-24,42,2,wk inc flu hosp,2026-02-07,quantile,0.95,2729
2026-01-24,42,2,wk inc flu hosp,2026-02-07,quantile,0.975,3051
2026-01-24,42,2,wk inc flu hosp,2026-02-07,quantile,0.99,3349
2026-01-24,42,3,wk inc flu hosp,2026-02-14,quantile,0.01,182
2026-01-24,42,3,wk inc flu hosp,2026-02-14,quantile,0.025,225
2026-01-24,42,3,wk inc flu hosp,2026-02-14,quantile,0.05,320
2026-01-24,42,3,wk inc flu hosp,2026-02-14,quantile,0.1,421
2026-01-24,42,3,wk inc flu hosp,2026-02-14,quantile,0.15,482
2026-01-24,42,3,wk inc flu hosp,2026-02-14,quantile,0.2,545
2026-01-24,42,3,wk inc flu hosp,2026-02-14,quantile,0.25,624
2026-01-24,42,3,wk inc flu hosp,2026-02-14,quantile,0.3,688
2026-01-24,42,3,wk inc flu hosp,2026-02-14,quantile,0.35,790
2026-01-24,42,3,wk inc flu hosp,2026-02-14,quantile,0.4,880
2026-01-24,42,3,wk inc flu hosp,2026-02-14,quantile,0.45,1000
2026-01-24,42,3,wk inc flu hosp,2026-02-14,quantile,0.5,1082
2026-01-24,42,3,wk inc flu hosp,2026-02-14,quantile,0.55,1215
2026-01-24,42,3,wk inc flu hosp,2026-02-14,quantile,0.6,1341
2026-01-24,42,3,wk inc flu hosp,2026-02-14,quantile,0.65,1450
2026-01-24,42,3,wk inc flu hosp,2026-02-14,quantile,0.7,1579
2026-01-24,42,3,wk inc flu hosp,2026-02-14,quantile,0.75,1725
2026-01-24,42,3,wk inc flu hosp,2026-02-14,quantile,0.8,1865
2026-01-24,42,3,wk inc flu hosp,2026-02-14,quantile,0.85,2142
2026-01-24,42,3,wk inc flu hosp,2026-02-14,quantile,0.9,2392
2026-01-24,42,3,wk inc flu hosp,2026-02-14,quantile,0.95,2797
2026-01-24,42,3,wk inc flu hosp,2026-02-14,quantile,0.975,3206
2026-01-24,42,3,wk inc flu hosp,2026-02-14,quantile,0.99,3536
2026-01-24,44,0,wk inc flu hosp,2026-01-24,quantile,0.01,18
2026-01-24,44,0,wk inc flu hosp,2026-01-24,quantile,0.025,22
2026-01-24,44,0,wk inc flu hosp,2026-01-24,quantile,0.05,27
2026-01-24,44,0,wk inc flu hosp,2026-01-24,quantile,0.1,32
2026-01-24,44,0,wk inc flu hosp,2026-01-24,quantile,0.15,35
2026-01-24,44,0,wk inc flu hosp,2026-01-24,quantile,0.2,38
2026-01-24,44,0,wk inc flu hosp,2026-01-24,quantile,0.25,42
2026-01-24,44,0,wk inc flu hosp,2026-01-24,quantile,0.3,44
2026-01-24,44,0,wk inc flu hosp,2026-01-24,quantile,0.35,48
2026-01-24,44,0,wk inc flu hosp,2026-01-24,quantile,0.4,51
2026-01-24,44,0,wk inc flu hosp,2026-01-24,quantile,0.45,53
2026-01-24,44,0,wk inc flu hosp,2026-01-24,quantile,0.5,56
2026-01-24,44,0,wk inc flu hosp,2026-01-24,quantile,0.55,59
2026-01-24,44,0,wk inc flu hosp,2026-01-24,quantile,0.6,63
2026-01-24,44,0,wk inc flu hosp,2026-01-24,quantile,0.65,65
2026-01-24,44,0,wk inc flu hosp,2026-01-24,quantile,0.7,69
2026-01-24,44,0,wk inc flu hosp,2026-01-24,quantile,0.75,73
2026-01-24,44,0,wk inc flu hosp,2026-01-24,quantile,0.8,77
2026-01-24,44,0,wk inc flu hosp,2026-01-24,quantile,0.85,82
2026-01-24,44,0,wk inc flu hosp,2026-01-24,quantile,0.9,89
2026-01-24,44,0,wk inc flu hosp,2026-01-24,quantile,0.95,101
2026-01-24,44,0,wk inc flu hosp,2026-01-24,quantile,0.975,108
2026-01-24,44,0,wk inc flu hosp,2026-01-24,quantile,0.99,119
2026-01-24,44,1,wk inc flu hosp,2026-01-31,quantile,0.01,9
2026-01-24,44,1,wk inc flu hosp,2026-01-31,quantile,0.025,12
2026-01-24,44,1,wk inc flu hosp,2026-01-31,quantile,0.05,17
2026-01-24,44,1,wk inc flu hosp,2026-01-31,quantile,0.1,21
2026-01-24,44,1,wk inc flu hosp,2026-01-31,quantile,0.15,23
2026-01-24,44,1,wk inc flu hosp,2026-01-31,quantile,0.2,26
2026-01-24,44,1,wk inc flu hosp,2026-01-31,quantile,0.25,29
2026-01-24,44,1,wk inc flu hosp,2026-01-31,quantile,0.3,33
2026-01-24,44,1,wk inc flu hosp,2026-01-31,quantile,0.35,37
2026-01-24,44,1,wk inc flu hosp,2026-01-31,quantile,0.4,40
2026-01-24,44,1,wk inc flu hosp,2026-01-31,quantile,0.45,44
2026-01-24,44,1,wk inc flu hosp,2026-01-31,quantile,0.5,51
2026-01-24,44,1,wk inc flu hosp,2026-01-31,quantile,0.55,54
2026-01-24,44,1,wk inc flu hosp,2026-01-31,quantile,0.6,58
2026-01-24,44,1,wk inc flu hosp,2026-01-31,quantile,0.65,64
2026-01-24,44,1,wk inc flu hosp,2026-01-31,quantile,0.7,69
2026-01-24,44,1,wk inc flu hosp,2026-01-31,quantile,0.75,75
2026-01-24,44,1,wk inc flu hosp,2026-01-31,quantile,0.8,79
2026-01-24,44,1,wk inc flu hosp,2026-01-31,quantile,0.85,82
2026-01-24,44,1,wk inc flu hosp,2026-01-31,quantile,0.9,92
2026-01-24,44,1,wk inc flu hosp,2026-01-31,quantile,0.95,105
2026-01-24,44,1,wk inc flu hosp,2026-01-31,quantile,0.975,118
2026-01-24,44,1,wk inc flu hosp,2026-01-31,quantile,0.99,138
2026-01-24,44,2,wk inc flu hosp,2026-02-07,quantile,0.01,5
2026-01-24,44,2,wk inc flu hosp,2026-02-07,quantile,0.025,7
2026-01-24,44,2,wk inc flu hosp,2026-02-07,quantile,0.05,10
2026-01-24,44,2,wk inc flu hosp,2026-02-07,quantile,0.1,15
2026-01-24,44,2,wk inc flu hosp,2026-02-07,quantile,0.15,16
2026-01-24,44,2,wk inc flu hosp,2026-02-07,quantile,0.2,20
2026-01-24,44,2,wk inc flu hosp,2026-02-07,quantile,0.25,21
2026-01-24,44,2,wk inc flu hosp,2026-02-07,quantile,0.3,27
2026-01-24,44,2,wk inc flu hosp,2026-02-07,quantile,0.35,30
2026-01-24,44,2,wk inc flu hosp,2026-02-07,quantile,0.4,34
2026-01-24,44,2,wk inc flu hosp,2026-02-07,quantile,0.45,39
2026-01-24,44,2,wk inc flu hosp,2026-02-07,quantile,0.5,45
2026-01-24,44,2,wk inc flu hosp,2026-02-07,quantile,0.55,48
2026-01-24,44,2,wk inc flu hosp,2026-02-07,quantile,0.6,51
2026-01-24,44,2,wk inc flu hosp,2026-02-07,quantile,0.65,56
2026-01-24,44,2,wk inc flu hosp,2026-02-07,quantile,0.7,61
2026-01-24,44,2,wk inc flu hosp,2026-02-07,quantile,0.75,67
2026-01-24,44,2,wk inc flu hosp,2026-02-07,quantile,0.8,75
2026-01-24,44,2,wk inc flu hosp,2026-02-07,quantile,0.85,84
2026-01-24,44,2,wk inc flu hosp,2026-02-07,quantile,0.9,92
2026-01-24,44,2,wk inc flu hosp,2026-02-07,quantile,0.95,108
2026-01-24,44,2,wk inc flu hosp,2026-02-07,quantile,0.975,125
2026-01-24,44,2,wk inc flu hosp,2026-02-07,quantile,0.99,150
2026-01-24,44,3,wk inc flu hosp,2026-02-14,quantile,0.01,3
2026-01-24,44,3,wk inc flu hosp,2026-02-14,quantile,0.025,5
2026-01-24,44,3,wk inc flu hosp,2026-02-14,quantile,0.05,6
2026-01-24,44,3,wk inc flu hosp,2026-02-14,quantile,0.1,9
2026-01-24,44,3,wk inc flu hosp,2026-02-14,quantile,0.15,12
2026-01-24,44,3,wk inc flu hosp,2026-02-14,quantile,0.2,14
2026-01-24,44,3,wk inc flu hosp,2026-02-14,quantile,0.25,18
2026-01-24,44,3,wk inc flu hosp,2026-02-14,quantile,0.3,21
2026-01-24,44,3,wk inc flu hosp,2026-02-14,quantile,0.35,23
2026-01-24,44,3,wk inc flu hosp,2026-02-14,quantile,0.4,26
2026-01-24,44,3,wk inc flu hosp,2026-02-14,quantile,0.45,33
2026-01-24,44,3,wk inc flu hosp,2026-02-14,quantile,0.5,41
2026-01-24,44,3,wk inc flu hosp,2026-02-14,quantile,0.55,42
2026-01-24,44,3,wk inc flu hosp,2026-02-14,quantile,0.6,49
2026-01-24,44,3,wk inc flu hosp,2026-02-14,quantile,0.65,55
2026-01-24,44,3,wk inc flu hosp,2026-02-14,quantile,0.7,56
2026-01-24,44,3,wk inc flu hosp,2026-02-14,quantile,0.75,64
2026-01-24,44,3,wk inc flu hosp,2026-02-14,quantile,0.8,70
2026-01-24,44,3,wk inc flu hosp,2026-02-14,quantile,0.85,78
2026-01-24,44,3,wk inc flu hosp,2026-02-14,quantile,0.9,89
2026-01-24,44,3,wk inc flu hosp,2026-02-14,quantile,0.95,108
2026-01-24,44,3,wk inc flu hosp,2026-02-14,quantile,0.975,127
2026-01-24,44,3,wk inc flu hosp,2026-02-14,quantile,0.99,154
2026-01-24,45,0,wk inc flu hosp,2026-01-24,quantile,0.01,65
2026-01-24,45,0,wk inc flu hosp,2026-01-24,quantile,0.025,82
2026-01-24,45,0,wk inc flu hosp,2026-01-24,quantile,0.05,93
2026-01-24,45,0,wk inc flu hosp,2026-01-24,quantile,0.1,107
2026-01-24,45,0,wk inc flu hosp,2026-01-24,quantile,0.15,117
2026-01-24,45,0,wk inc flu hosp,2026-01-24,quantile,0.2,127
2026-01-24,45,0,wk inc flu hosp,2026-01-24,quantile,0.25,139
2026-01-24,45,0,wk inc flu hosp,2026-01-24,quantile,0.3,149
2026-01-24,45,0,wk inc flu hosp,2026-01-24,quantile,0.35,162
2026-01-24,45,0,wk inc flu hosp,2026-01-24,quantile,0.4,173
2026-01-24,45,0,wk inc flu hosp,2026-01-24,quantile,0.45,183
2026-01-24,45,0,wk inc flu hosp,2026-01-24,quantile,0.5,190
2026-01-24,45,0,wk inc flu hosp,2026-01-24,quantile,0.55,199
2026-01-24,45,0,wk inc flu hosp,2026-01-24,quantile,0.6,208
2026-01-24,45,0,wk inc flu hosp,2026-01-24,quantile,0.65,218
2026-01-24,45,0,wk inc flu hosp,2026-01-24,quantile,0.7,226
2026-01-24,45,0,wk inc flu hosp,2026-01-24,quantile,0.75,238
2026-01-24,45,0,wk inc flu hosp,2026-01-24,quantile,0.8,250
2026-01-24,45,0,wk inc flu hosp,2026-01-24,quantile,0.85,269
2026-01-24,45,0,wk inc flu hosp,2026-01-24,quantile,0.9,291
2026-01-24,45,0,wk inc flu hosp,2026-01-24,quantile,0.95,331
2026-01-24,45,0,wk inc flu hosp,2026-01-24,quantile,0.975,380
2026-01-24,45,0,wk inc flu hosp,2026-01-24,quantile,0.99,427
2026-01-24,45,1,wk inc flu hosp,2026-01-31,quantile,0.01,31
2026-01-24,45,1,wk inc flu hosp,2026-01-31,quantile,0.025,42
2026-01-24,45,1,wk inc flu hosp,2026-01-31,quantile,0.05,53
2026-01-24,45,1,wk inc flu hosp,2026-01-31,quantile,0.1,69
2026-01-24,45,1,wk inc flu hosp,2026-01-31,quantile,0.15,79
2026-01-24,45,1,wk inc flu hosp,2026-01-31,quantile,0.2,91
2026-01-24,45,1,wk inc flu hosp,2026-01-31,quantile,0.25,94
2026-01-24,45,1,wk inc flu hosp,2026-01-31,quantile,0.3,110
2026-01-24,45,1,wk inc flu hosp,2026-01-31,quantile,0.35,124
2026-01-24,45,1,wk inc flu hosp,2026-01-31,quantile,0.4,136
2026-01-24,45,1,wk inc flu hosp,2026-01-31,quantile,0.45,144
2026-01-24,45,1,wk inc flu hosp,2026-01-31,quantile,0.5,157
2026-01-24,45,1,wk inc flu hosp,2026-01-31,quantile,0.55,170
2026-01-24,45,1,wk inc flu hosp,2026-01-31,quantile,0.6,179
2026-01-24,45,1,wk inc flu hosp,2026-01-31,quantile,0.65,192
2026-01-24,45,1,wk inc flu hosp,2026-01-31,quantile,0.7,209
2026-01-24,45,1,wk inc flu hosp,2026-01-31,quantile,0.75,226
2026-01-24,45,1,wk inc flu hosp,2026-01-31,quantile,0.8,244
2026-01-24,45,1,wk inc flu hosp,2026-01-31,quantile,0.85,253
2026-01-24,45,1,wk inc flu hosp,2026-01-31,quantile,0.9,291
2026-01-24,45,1,wk inc flu hosp,2026-01-31,quantile,0.95,338
2026-01-24,45,1,wk inc flu hosp,2026-01-31,quantile,0.975,429
2026-01-24,45,1,wk inc flu hosp,2026-01-31,quantile,0.99,496
2026-01-24,45,2,wk inc flu hosp,2026-02-07,quantile,0.01,23
2026-01-24,45,2,wk inc flu hosp,2026-02-07,quantile,0.025,28
2026-01-24,45,2,wk inc flu hosp,2026-02-07,quantile,0.05,42
2026-01-24,45,2,wk inc flu hosp,2026-02-07,quantile,0.1,55
2026-01-24,45,2,wk inc flu hosp,2026-02-07,quantile,0.15,57
2026-01-24,45,2,wk inc flu hosp,2026-02-07,quantile,0.2,67
2026-01-24,45,2,wk inc flu hosp,2026-02-07,quantile,0.25,70
2026-01-24,45,2,wk inc flu hosp,2026-02-07,quantile,0.3,77
2026-01-24,45,2,wk inc flu hosp,2026-02-07,quantile,0.35,97
2026-01-24,45,2,wk inc flu hosp,2026-02-07,quantile,0.4,109
2026-01-24,45,2,wk inc flu hosp,2026-02-07,quantile,0.45,114
2026-01-24,45,2,wk inc flu hosp,2026-02-07,quantile,0.5,129
2026-01-24,45,2,wk inc flu hosp,2026-02-07,quantile,0.55,147
2026-01-24,45,2,wk inc flu hosp,2026-02-07,quantile,0.6,167
2026-01-24,45,2,wk inc flu hosp,2026-02-07,quantile,0.65,178
2026-01-24,45,2,wk inc flu hosp,2026-02-07,quantile,0.7,196
2026-01-24,45,2,wk inc flu hosp,2026-02-07,quantile,0.75,213
2026-01-24,45,2,wk inc flu hosp,2026-02-07,quantile,0.8,236
2026-01-24,45,2,wk inc flu hosp,2026-02-07,quantile,0.85,265
2026-01-24,45,2,wk inc flu hosp,2026-02-07,quantile,0.9,290
2026-01-24,45,2,wk inc flu hosp,2026-02-07,quantile,0.95,407
2026-01-24,45,2,wk inc flu hosp,2026-02-07,quantile,0.975,458
2026-01-24,45,2,wk inc flu hosp,2026-02-07,quantile,0.99,570
2026-01-24,45,3,wk inc flu hosp,2026-02-14,quantile,0.01,12
2026-01-24,45,3,wk inc flu hosp,2026-02-14,quantile,0.025,13
2026-01-24,45,3,wk inc flu hosp,2026-02-14,quantile,0.05,23
2026-01-24,45,3,wk inc flu hosp,2026-02-14,quantile,0.1,24
2026-01-24,45,3,wk inc flu hosp,2026-02-14,quantile,0.15,39
2026-01-24,45,3,wk inc flu hosp,2026-02-14,quantile,0.2,42
2026-01-24,45,3,wk inc flu hosp,2026-02-14,quantile,0.25,45
2026-01-24,45,3,wk inc flu hosp,2026-02-14,quantile,0.3,62
2026-01-24,45,3,wk inc flu hosp,2026-02-14,quantile,0.35,81
2026-01-24,45,3,wk inc flu hosp,2026-02-14,quantile,0.4,86
2026-01-24,45,3,wk inc flu hosp,2026-02-14,quantile,0.45,99
2026-01-24,45,3,wk inc flu hosp,2026-02-14,quantile,0.5,114
2026-01-24,45,3,wk inc flu hosp,2026-02-14,quantile,0.55,125
2026-01-24,45,3,wk inc flu hosp,2026-02-14,quantile,0.6,151
2026-01-24,45,3,wk inc flu hosp,2026-02-14,quantile,0.65,161
2026-01-24,45,3,wk inc flu hosp,2026-02-14,quantile,0.7,175
2026-01-24,45,3,wk inc flu hosp,2026-02-14,quantile,0.75,201
2026-01-24,45,3,wk inc flu hosp,2026-02-14,quantile,0.8,220
2026-01-24,45,3,wk inc flu hosp,2026-02-14,quantile,0.85,258
2026-01-24,45,3,wk inc flu hosp,2026-02-14,quantile,0.9,311
2026-01-24,45,3,wk inc flu hosp,2026-02-14,quantile,0.95,407
2026-01-24,45,3,wk inc flu hosp,2026-02-14,quantile,0.975,518
2026-01-24,45,3,wk inc flu hosp,2026-02-14,quantile,0.99,584
2026-01-24,46,0,wk inc flu hosp,2026-01-24,quantile,0.01,8
2026-01-24,46,0,wk inc flu hosp,2026-01-24,quantile,0.025,10
2026-01-24,46,0,wk inc flu hosp,2026-01-24,quantile,0.05,13
2026-01-24,46,0,wk inc flu hosp,2026-01-24,quantile,0.1,17
2026-01-24,46,0,wk inc flu hosp,2026-01-24,quantile,0.15,19
2026-01-24,46,0,wk inc flu hosp,2026-01-24,quantile,0.2,21
2026-01-24,46,0,wk inc flu hosp,2026-01-24,quantile,0.25,24
2026-01-24,46,0,wk inc flu hosp,2026-01-24,quantile,0.3,26
2026-01-24,46,0,wk inc flu hosp,2026-01-24,quantile,0.35,29
2026-01-24,46,0,wk inc flu hosp,2026-01-24,quantile,0.4,30
2026-01-24,46,0,wk inc flu hosp,2026-01-24,quantile,0.45,32
2026-01-24,46,0,wk inc flu hosp,2026-01-24,quantile,0.5,35
2026-01-24,46,0,wk inc flu hosp,2026-01-24,quantile,0.55,37
2026-01-24,46,0,wk inc flu hosp,2026-01-24,quantile,0.6,39
2026-01-24,46,0,wk inc flu hosp,2026-01-24,quantile,0.65,42
2026-01-24,46,0,wk inc flu hosp,2026-01-24,quantile,0.7,44
2026-01-24,46,0,wk inc flu hosp,2026-01-24,quantile,0.75,46
2026-01-24,46,0,wk inc flu hosp,2026-01-24,quantile,0.8,49
2026-01-24,46,0,wk inc flu hosp,2026-01-24,quantile,0.85,52
2026-01-24,46,0,wk inc flu hosp,2026-01-24,quantile,0.9,58
2026-01-24,46,0,wk inc flu hosp,2026-01-24,quantile,0.95,64
2026-01-24,46,0,wk inc flu hosp,2026-01-24,quantile,0.975,73
2026-01-24,46,0,wk inc flu hosp,2026-01-24,quantile,0.99,88
2026-01-24,46,1,wk inc flu hosp,2026-01-31,quantile,0.01,5
2026-01-24,46,1,wk inc flu hosp,2026-01-31,quantile,0.025,7
2026-01-24,46,1,wk inc flu hosp,2026-01-31,quantile,0.05,9
2026-01-24,46,1,wk inc flu hosp,2026-01-31,quantile,0.1,13
2026-01-24,46,1,wk inc flu hosp,2026-01-31,quantile,0.15,16
2026-01-24,46,1,wk inc flu hosp,2026-01-31,quantile,0.2,19
2026-01-24,46,1,wk inc flu hosp,2026-01-31,quantile,0.25,22
2026-01-24,46,1,wk inc flu hosp,2026-01-31,quantile,0.3,24
2026-01-24,46,1,wk inc flu hosp,2026-01-31,quantile,0.35,28
2026-01-24,46,1,wk inc flu hosp,2026-01-31,quantile,0.4,31
2026-01-24,46,1,wk inc flu hosp,2026-01-31,quantile,0.45,33
2026-01-24,46,1,wk inc flu hosp,2026-01-31,quantile,0.5,37
2026-01-24,46,1,wk inc flu hosp,2026-01-31,quantile,0.55,39
2026-01-24,46,1,wk inc flu hosp,2026-01-31,quantile,0.6,41
2026-01-24,46,1,wk inc flu hosp,2026-01-31,quantile,0.65,44
2026-01-24,46,1,wk inc flu hosp,2026-01-31,quantile,0.7,47
2026-01-24,46,1,wk inc flu hosp,2026-01-31,quantile,0.75,49
2026-01-24,46,1,wk inc flu hosp,2026-01-31,quantile,0.8,52
2026-01-24,46,1,wk inc flu hosp,2026-01-31,quantile,0.85,56
2026-01-24,46,1,wk inc flu hosp,2026-01-31,quantile,0.9,62
2026-01-24,46,1,wk inc flu hosp,2026-01-31,quantile,0.95,75
2026-01-24,46,1,wk inc flu hosp,2026-01-31,quantile,0.975,90
2026-01-24,46,1,wk inc flu hosp,2026-01-31,quantile,0.99,108
2026-01-24,46,2,wk inc flu hosp,2026-02-07,quantile,0.01,3
2026-01-24,46,2,wk inc flu hosp,2026-02-07,quantile,0.025,5
2026-01-24,46,2,wk inc flu hosp,2026-02-07,quantile,0.05,8
2026-01-24,46,2,wk inc flu hosp,2026-02-07,quantile,0.1,11
2026-01-24,46,2,wk inc flu hosp,2026-02-07,quantile,0.15,14
2026-01-24,46,2,wk inc flu hosp,2026-02-07,quantile,0.2,17
2026-01-24,46,2,wk inc flu hosp,2026-02-07,quantile,0.25,20
2026-01-24,46,2,wk inc flu hosp,2026-02-07,quantile,0.3,23
2026-01-24,46,2,wk inc flu hosp,2026-02-07,quantile,0.35,26
2026-01-24,46,2,wk inc flu hosp,2026-02-07,quantile,0.4,29
2026-01-24,46,2,wk inc flu hosp,2026-02-07,quantile,0.45,31
2026-01-24,46,2,wk inc flu hosp,2026-02-07,quantile,0.5,35
2026-01-24,46,2,wk inc flu hosp,2026-02-07,quantile,0.55,38
2026-01-24,46,2,wk inc flu hosp,2026-02-07,quantile,0.6,41
2026-01-24,46,2,wk inc flu hosp,2026-02-07,quantile,0.65,44
2026-01-24,46,2,wk inc flu hosp,2026-02-07,quantile,0.7,46
2026-01-24,46,2,wk inc flu hosp,2026-02-07,quantile,0.75,48
2026-01-24,46,2,wk inc flu hosp,2026-02-07,quantile,0.8,52
2026-01-24,46,2,wk inc flu hosp,2026-02-07,quantile,0.85,57
2026-01-24,46,2,wk inc flu hosp,2026-02-07,quantile,0.9,65
2026-01-24,46,2,wk inc flu hosp,2026-02-07,quantile,0.95,82
2026-01-24,46,2,wk inc flu hosp,2026-02-07,quantile,0.975,95
2026-01-24,46,2,wk inc flu hosp,2026-02-07,quantile,0.99,110
2026-01-24,46,3,wk inc flu hosp,2026-02-14,quantile,0.01,2
2026-01-24,46,3,wk inc flu hosp,2026-02-14,quantile,0.025,4
2026-01-24,46,3,wk inc flu hosp,2026-02-14,quantile,0.05,6
2026-01-24,46,3,wk inc flu hosp,2026-02-14,quantile,0.1,10
2026-01-24,46,3,wk inc flu hosp,2026-02-14,quantile,0.15,13
2026-01-24,46,3,wk inc flu hosp,2026-02-14,quantile,0.2,15
2026-01-24,46,3,wk inc flu hosp,2026-02-14,quantile,0.25,18
2026-01-24,46,3,wk inc flu hosp,2026-02-14,quantile,0.3,20
2026-01-24,46,3,wk inc flu hosp,2026-02-14,quantile,0.35,23
2026-01-24,46,3,wk inc flu hosp,2026-02-14,quantile,0.4,25
2026-01-24,46,3,wk inc flu hosp,2026-02-14,quantile,0.45,28
2026-01-24,46,3,wk inc flu hosp,2026-02-14,quantile,0.5,31
2026-01-24,46,3,wk inc flu hosp,2026-02-14,quantile,0.55,33
2026-01-24,46,3,wk inc flu hosp,2026-02-14,quantile,0.6,35
2026-01-24,46,3,wk inc flu hosp,2026-02-14,quantile,0.65,38
2026-01-24,46,3,wk inc flu hosp,2026-02-14,quantile,0.7,41
2026-01-24,46,3,wk inc flu hosp,2026-02-14,quantile,0.75,44
2026-01-24,46,3,wk inc flu hosp,2026-02-14,quantile,0.8,50
2026-01-24,46,3,wk inc flu hosp,2026-02-14,quantile,0.85,56
2026-01-24,46,3,wk inc flu hosp,2026-02-14,quantile,0.9,67
2026-01-24,46,3,wk inc flu hosp,2026-02-14,quantile,0.95,84
2026-01-24,46,3,wk inc flu hosp,2026-02-14,quantile,0.975,100
2026-01-24,46,3,wk inc flu hosp,2026-02-14,quantile,0.99,116
2026-01-24,47,0,wk inc flu hosp,2026-01-24,quantile,0.01,112
2026-01-24,47,0,wk inc flu hosp,2026-01-24,quantile,0.025,130
2026-01-24,47,0,wk inc flu hosp,2026-01-24,quantile,0.05,148
2026-01-24,47,0,wk inc flu hosp,2026-01-24,quantile,0.1,168
2026-01-24,47,0,wk inc flu hosp,2026-01-24,quantile,0.15,183
2026-01-24,47,0,wk inc flu hosp,2026-01-24,quantile,0.2,195
2026-01-24,47,0,wk inc flu hosp,2026-01-24,quantile,0.25,209
2026-01-24,47,0,wk inc flu hosp,2026-01-24,quantile,0.3,223
2026-01-24,47,0,wk inc flu hosp,2026-01-24,quantile,0.35,247
2026-01-24,47,0,wk inc flu hosp,2026-01-24,quantile,0.4,256
2026-01-24,47,0,wk inc flu hosp,2026-01-24,quantile,0.45,277
2026-01-24,47,0,wk inc flu hosp,2026-01-24,quantile,0.5,293
2026-01-24,47,0,wk inc flu hosp,2026-01-24,quantile,0.55,303
2026-01-24,47,0,wk inc flu hosp,2026-01-24,quantile,0.6,313
2026-01-24,47,0,wk inc flu hosp,2026-01-24,quantile,0.65,322
2026-01-24,47,0,wk inc flu hosp,2026-01-24,quantile,0.7,333
2026-01-24,47,0,wk inc flu hosp,2026-01-24,quantile,0.75,346
2026-01-24,47,0,wk inc flu hosp,2026-01-24,quantile,0.8,358
2026-01-24,47,0,wk inc flu hosp,2026-01-24,quantile,0.85,380
2026-01-24,47,0,wk inc flu hosp,2026-01-24,quantile,0.9,420
2026-01-24,47,0,wk inc flu hosp,2026-01-24,quantile,0.95,485
2026-01-24,47,0,wk inc flu hosp,2026-01-24,quantile,0.975,520
2026-01-24,47,0,wk inc flu hosp,2026-01-24,quantile,0.99,577
2026-01-24,47,1,wk inc flu hosp,2026-01-31,quantile,0.01,71
2026-01-24,47,1,wk inc flu hosp,2026-01-31,quantile,0.025,101
2026-01-24,47,1,wk inc flu hosp,2026-01-31,quantile,0.05,108
2026-01-24,47,1,wk inc flu hosp,2026-01-31,quantile,0.1,131
2026-01-24,47,1,wk inc flu hosp,2026-01-31,quantile,0.15,144
2026-01-24,47,1,wk inc flu hosp,2026-01-31,quantile,0.2,161
2026-01-24,47,1,wk inc flu hosp,2026-01-31,quantile,0.25,179
2026-01-24,47,1,wk inc flu hosp,2026-01-31,quantile,0.3,186
2026-01-24,47,1,wk inc flu hosp,2026-01-31,quantile,0.35,213
2026-01-24,47,1,wk inc flu hosp,2026-01-31,quantile,0.4,224
2026-01-24,47,1,wk inc flu hosp,2026-01-31,quantile,0.45,241
2026-01-24,47,1,wk inc flu hosp,2026-01-31,quantile,0.5,260
2026-01-24,47,1,wk inc flu hosp,2026-01-31,quantile,0.55,270
2026-01-24,47,1,wk inc flu hosp,2026-01-31,quantile,0.6,286
2026-01-24,47,1,wk inc flu hosp,2026-01-31,quantile,0.65,307
2026-01-24,47,1,wk inc flu hosp,2026-01-31,quantile,0.7,321
2026-01-24,47,1,wk inc flu hosp,2026-01-31,quantile,0.75,343
2026-01-24,47,1,wk inc flu hosp,2026-01-31,quantile,0.8,354
2026-01-24,47,1,wk inc flu hosp,2026-01-31,quantile,0.85,391
2026-01-24,47,1,wk inc flu hosp,2026-01-31,quantile,0.9,438
2026-01-24,47,1,wk inc flu hosp,2026-01-31,quantile,0.95,518
2026-01-24,47,1,wk inc flu hosp,2026-01-31,quantile,0.975,583
2026-01-24,47,1,wk inc flu hosp,2026-01-31,quantile,0.99,669
2026-01-24,47,2,wk inc flu hosp,2026-02-07,quantile,0.01,51
2026-01-24,47,2,wk inc flu hosp,2026-02-07,quantile,0.025,65
2026-01-24,47,2,wk inc flu hosp,2026-02-07,quantile,0.05,85
2026-01-24,47,2,wk inc flu hosp,2026-02-07,quantile,0.1,97
2026-01-24,47,2,wk inc flu hosp,2026-02-07,quantile,0.15,104
2026-01-24,47,2,wk inc flu hosp,2026-02-07,quantile,0.2,126
2026-01-24,47,2,wk inc flu hosp,2026-02-07,quantile,0.25,140
2026-01-24,47,2,wk inc flu hosp,2026-02-07,quantile,0.3,152
2026-01-24,47,2,wk inc flu hosp,2026-02-07,quantile,0.35,175
2026-01-24,47,2,wk inc flu hosp,2026-02-07,quantile,0.4,186
2026-01-24,47,2,wk inc flu hosp,2026-02-07,quantile,0.45,199
2026-01-24,47,2,wk inc flu hosp,2026-02-07,quantile,0.5,211
2026-01-24,47,2,wk inc flu hosp,2026-02-07,quantile,0.55,227
2026-01-24,47,2,wk inc flu hosp,2026-02-07,quantile,0.6,261
2026-01-24,47,2,wk inc flu hosp,2026-02-07,quantile,0.65,291
2026-01-24,47,2,wk inc flu hosp,2026-02-07,quantile,0.7,307
2026-01-24,47,2,wk inc flu hosp,2026-02-07,quantile,0.75,322
2026-01-24,47,2,wk inc flu hosp,2026-02-07,quantile,0.8,344
2026-01-24,47,2,wk inc flu hosp,2026-02-07,quantile,0.85,413
2026-01-24,47,2,wk inc flu hosp,2026-02-07,quantile,0.9,442
2026-01-24,47,2,wk inc flu hosp,2026-02-07,quantile,0.95,534
2026-01-24,47,2,wk inc flu hosp,2026-02-07,quantile,0.975,617
2026-01-24,47,2,wk inc flu hosp,2026-02-07,quantile,0.99,693
2026-01-24,47,3,wk inc flu hosp,2026-02-14,quantile,0.01,34
2026-01-24,47,3,wk inc flu hosp,2026-02-14,quantile,0.025,47
2026-01-24,47,3,wk inc flu hosp,2026-02-14,quantile,0.05,63
2026-01-24,47,3,wk inc flu hosp,2026-02-14,quantile,0.1,79
2026-01-24,47,3,wk inc flu hosp,2026-02-14,quantile,0.15,89
2026-01-24,47,3,wk inc flu hosp,2026-02-14,quantile,0.2,103
2026-01-24,47,3,wk inc flu hosp,2026-02-14,quantile,0.25,118
2026-01-24,47,3,wk inc flu hosp,2026-02-14,quantile,0.3,130
2026-01-24,47,3,wk inc flu hosp,2026-02-14,quantile,0.35,147
2026-01-24,47,3,wk inc flu hosp,2026-02-14,quantile,0.4,159
2026-01-24,47,3,wk inc flu hosp,2026-02-14,quantile,0.45,174
2026-01-24,47,3,wk inc flu hosp,2026-02-14,quantile,0.5,189
2026-01-24,47,3,wk inc flu hosp,2026-02-14,quantile,0.55,205
2026-01-24,47,3,wk inc flu hosp,2026-02-14,quantile,0.6,240
2026-01-24,47,3,wk inc flu hosp,2026-02-14,quantile,0.65,276
2026-01-24,47,3,wk inc flu hosp,2026-02-14,quantile,0.7,299
2026-01-24,47,3,wk inc flu hosp,2026-02-14,quantile,0.75,317
2026-01-24,47,3,wk inc flu hosp,2026-02-14,quantile,0.8,354
2026-01-24,47,3,wk inc flu hosp,2026-02-14,quantile,0.85,384
2026-01-24,47,3,wk inc flu hosp,2026-02-14,quantile,0.9,436
2026-01-24,47,3,wk inc flu hosp,2026-02-14,quantile,0.95,546
2026-01-24,47,3,wk inc flu hosp,2026-02-14,quantile,0.975,663
2026-01-24,47,3,wk inc flu hosp,2026-02-14,quantile,0.99,769
2026-01-24,48,0,wk inc flu hosp,2026-01-24,quantile,0.01,451
2026-01-24,48,0,wk inc flu hosp,2026-01-24,quantile,0.025,536
2026-01-24,48,0,wk inc flu hosp,2026-01-24,quantile,0.05,609
2026-01-24,48,0,wk inc flu hosp,2026-01-24,quantile,0.1,688
2026-01-24,48,0,wk inc flu hosp,2026-01-24,quantile,0.15,750
2026-01-24,48,0,wk inc flu hosp,2026-01-24,quantile,0.2,811
2026-01-24,48,0,wk inc flu hosp,2026-01-24,quantile,0.25,852
2026-01-24,48,0,wk inc flu hosp,2026-01-24,quantile,0.3,890
2026-01-24,48,0,wk inc flu hosp,2026-01-24,quantile,0.35,939
2026-01-24,48,0,wk inc flu hosp,2026-01-24,quantile,0.4,977
2026-01-24,48,0,wk inc flu hosp,2026-01-24,quantile,0.45,1025
2026-01-24,48,0,wk inc flu hosp,2026-01-24,quantile,0.5,1068
2026-01-24,48,0,wk inc flu hosp,2026-01-24,quantile,0.55,1112
2026-01-24,48,0,wk inc flu hosp,2026-01-24,quantile,0.6,1148
2026-01-24,48,0,wk inc flu hosp,2026-01-24,quantile,0.65,1187
2026-01-24,48,0,wk inc flu hosp,2026-01-24,quantile,0.7,1237
2026-01-24,48,0,wk inc flu hosp,2026-01-24,quantile,0.75,1271
2026-01-24,48,0,wk inc flu hosp,2026-01-24,quantile,0.8,1297
2026-01-24,48,0,wk inc flu hosp,2026-01-24,quantile,0.85,1345
2026-01-24,48,0,wk inc flu hosp,2026-01-24,quantile,0.9,1457
2026-01-24,48,0,wk inc flu hosp,2026-01-24,quantile,0.95,1689
2026-01-24,48,0,wk inc flu hosp,2026-01-24,quantile,0.975,1778
2026-01-24,48,0,wk inc flu hosp,2026-01-24,quantile,0.99,2127
2026-01-24,48,1,wk inc flu hosp,2026-01-31,quantile,0.01,351
2026-01-24,48,1,wk inc flu hosp,2026-01-31,quantile,0.025,431
2026-01-24,48,1,wk inc flu hosp,2026-01-31,quantile,0.05,504
2026-01-24,48,1,wk inc flu hosp,2026-01-31,quantile,0.1,555
2026-01-24,48,1,wk inc flu hosp,2026-01-31,quantile,0.15,595
2026-01-24,48,1,wk inc flu hosp,2026-01-31,quantile,0.2,654
2026-01-24,48,1,wk inc flu hosp,2026-01-31,quantile,0.25,704
2026-01-24,48,1,wk inc flu hosp,2026-01-31,quantile,0.3,757
2026-01-24,48,1,wk inc flu hosp,2026-01-31,quantile,0.35,813
2026-01-24,48,1,wk inc flu hosp,2026-01-31,quantile,0.4,857
2026-01-24,48,1,wk inc flu hosp,2026-01-31,quantile,0.45,902
2026-01-24,48,1,wk inc flu hosp,2026-01-31,quantile,0.5,947
2026-01-24,48,1,wk inc flu hosp,2026-01-31,quantile,0.55,1002
2026-01-24,48,1,wk inc flu hosp,2026-01-31,quantile,0.6,1057
2026-01-24,48,1,wk inc flu hosp,2026-01-31,quantile,0.65,1100
2026-01-24,48,1,wk inc flu hosp,2026-01-31,quantile,0.7,1146
2026-01-24,48,1,wk inc flu hosp,2026-01-31,quantile,0.75,1197
2026-01-24,48,1,wk inc flu hosp,2026-01-31,quantile,0.8,1349
2026-01-24,48,1,wk inc flu hosp,2026-01-31,quantile,0.85,1410
2026-01-24,48,1,wk inc flu hosp,2026-01-31,quantile,0.9,1547
2026-01-24,48,1,wk inc flu hosp,2026-01-31,quantile,0.95,1876
2026-01-24,48,1,wk inc flu hosp,2026-01-31,quantile,0.975,2204
2026-01-24,48,1,wk inc flu hosp,2026-01-31,quantile,0.99,2369
2026-01-24,48,2,wk inc flu hosp,2026-02-07,quantile,0.01,218
2026-01-24,48,2,wk inc flu hosp,2026-02-07,quantile,0.025,312
2026-01-24,48,2,wk inc flu hosp,2026-02-07,quantile,0.05,359
2026-01-24,48,2,wk inc flu hosp,2026-02-07,quantile,0.1,438
2026-01-24,48,2,wk inc flu hosp,2026-02-07,quantile,0.15,494
2026-01-24,48,2,wk inc flu hosp,2026-02-07,quantile,0.2,539
2026-01-24,48,2,wk inc flu hosp,2026-02-07,quantile,0.25,583
2026-01-24,48,2,wk inc flu hosp,2026-02-07,quantile,0.3,655
2026-01-24,48,2,wk inc flu hosp,2026-02-07,quantile,0.35,695
2026-01-24,48,2,wk inc flu hosp,2026-02-07,quantile,0.4,749
2026-01-24,48,2,wk inc flu hosp,2026-02-07,quantile,0.45,811
2026-01-24,48,2,wk inc flu hosp,2026-02-07,quantile,0.5,862
2026-01-24,48,2,wk inc flu hosp,2026-02-07,quantile,0.55,923
2026-01-24,48,2,wk inc flu hosp,2026-02-07,quantile,0.6,995
2026-01-24,48,2,wk inc flu hosp,2026-02-07,quantile,0.65,1076
2026-01-24,48,2,wk inc flu hosp,2026-02-07,quantile,0.7,1156
2026-01-24,48,2,wk inc flu hosp,2026-02-07,quantile,0.75,1258
2026-01-24,48,2,wk inc flu hosp,2026-02-07,quantile,0.8,1351
2026-01-24,48,2,wk inc flu hosp,2026-02-07,quantile,0.85,1431
2026-01-24,48,2,wk inc flu hosp,2026-02-07,quantile,0.9,1573
2026-01-24,48,2,wk inc flu hosp,2026-02-07,quantile,0.95,1754
2026-01-24,48,2,wk inc flu hosp,2026-02-07,quantile,0.975,2090
2026-01-24,48,2,wk inc flu hosp,2026-02-07,quantile,0.99,2462
2026-01-24,48,3,wk inc flu hosp,2026-02-14,quantile,0.01,141
2026-01-24,48,3,wk inc flu hosp,2026-02-14,quantile,0.025,203
2026-01-24,48,3,wk inc flu hosp,2026-02-14,quantile,0.05,258
2026-01-24,48,3,wk inc flu hosp,2026-02-14,quantile,0.1,351
2026-01-24,48,3,wk inc flu hosp,2026-02-14,quantile,0.15,398
2026-01-24,48,3,wk inc flu hosp,2026-02-14,quantile,0.2,440
2026-01-24,48,3,wk inc flu hosp,2026-02-14,quantile,0.25,482
2026-01-24,48,3,wk inc flu hosp,2026-02-14,quantile,0.3,543
2026-01-24,48,3,wk inc flu hosp,2026-02-14,quantile,0.35,579
2026-01-24,48,3,wk inc flu hosp,2026-02-14,quantile,0.4,632
2026-01-24,48,3,wk inc flu hosp,2026-02-14,quantile,0.45,707
2026-01-24,48,3,wk inc flu hosp,2026-02-14,quantile,0.5,787
2026-01-24,48,3,wk inc flu hosp,2026-02-14,quantile,0.55,868
2026-01-24,48,3,wk inc flu hosp,2026-02-14,quantile,0.6,910
2026-01-24,48,3,wk inc flu hosp,2026-02-14,quantile,0.65,1039
2026-01-24,48,3,wk inc flu hosp,2026-02-14,quantile,0.7,1119
2026-01-24,48,3,wk inc flu hosp,2026-02-14,quantile,0.75,1228
2026-01-24,48,3,wk inc flu hosp,2026-02-14,quantile,0.8,1317
2026-01-24,48,3,wk inc flu hosp,2026-02-14,quantile,0.85,1421
2026-01-24,48,3,wk inc flu hosp,2026-02-14,quantile,0.9,1597
2026-01-24,48,3,wk inc flu hosp,2026-02-14,quantile,0.95,1848
2026-01-24,48,3,wk inc flu hosp,2026-02-14,quantile,0.975,2438
2026-01-24,48,3,wk inc flu hosp,2026-02-14,quantile,0.99,3123
2026-01-24,49,0,wk inc flu hosp,2026-01-24,quantile,0.01,27
2026-01-24,49,0,wk inc flu hosp,2026-01-24,quantile,0.025,34
2026-01-24,49,0,wk inc flu hosp,2026-01-24,quantile,0.05,43
2026-01-24,49,0,wk inc flu hosp,2026-01-24,quantile,0.1,50
2026-01-24,49,0,wk inc flu hosp,2026-01-24,quantile,0.15,56
2026-01-24,49,0,wk inc flu hosp,2026-01-24,quantile,0.2,61
2026-01-24,49,0,wk inc flu hosp,2026-01-24,quantile,0.25,66
2026-01-24,49,0,wk inc flu hosp,2026-01-24,quantile,0.3,72
2026-01-24,49,0,wk inc flu hosp,2026-01-24,quantile,0.35,77
2026-01-24,49,0,wk inc flu hosp,2026-01-24,quantile,0.4,82
2026-01-24,49,0,wk inc flu hosp,2026-01-24,quantile,0.45,86
2026-01-24,49,0,wk inc flu hosp,2026-01-24,quantile,0.5,90
2026-01-24,49,0,wk inc flu hosp,2026-01-24,quantile,0.55,92
2026-01-24,49,0,wk inc flu hosp,2026-01-24,quantile,0.6,94
2026-01-24,49,0,wk inc flu hosp,2026-01-24,quantile,0.65,96
2026-01-24,49,0,wk inc flu hosp,2026-01-24,quantile,0.7,102
2026-01-24,49,0,wk inc flu hosp,2026-01-24,quantile,0.75,106
2026-01-24,49,0,wk inc flu hosp,2026-01-24,quantile,0.8,112
2026-01-24,49,0,wk inc flu hosp,2026-01-24,quantile,0.85,116
2026-01-24,49,0,wk inc flu hosp,2026-01-24,quantile,0.9,125
2026-01-24,49,0,wk inc flu hosp,2026-01-24,quantile,0.95,139
2026-01-24,49,0,wk inc flu hosp,2026-01-24,quantile,0.975,155
2026-01-24,49,0,wk inc flu hosp,2026-01-24,quantile,0.99,180
2026-01-24,49,1,wk inc flu hosp,2026-01-31,quantile,0.01,16
2026-01-24,49,1,wk inc flu hosp,2026-01-31,quantile,0.025,21
2026-01-24,49,1,wk inc flu hosp,2026-01-31,quantile,0.05,25
2026-01-24,49,1,wk inc flu hosp,2026-01-31,quantile,0.1,36
2026-01-24,49,1,wk inc flu hosp,2026-01-31,quantile,0.15,41
2026-01-24,49,1,wk inc flu hosp,2026-01-31,quantile,0.2,47
2026-01-24,49,1,wk inc flu hosp,2026-01-31,quantile,0.25,50
2026-01-24,49,1,wk inc flu hosp,2026-01-31,quantile,0.3,52
2026-01-24,49,1,wk inc flu hosp,2026-01-31,quantile,0.35,61
2026-01-24,49,1,wk inc flu hosp,2026-01-31,quantile,0.4,67
2026-01-24,49,1,wk inc flu hosp,2026-01-31,quantile,0.45,70
2026-01-24,49,1,wk inc flu hosp,2026-01-31,quantile,0.5,73
2026-01-24,49,1,wk inc flu hosp,2026-01-31,quantile,0.55,80
2026-01-24,49,1,wk inc flu hosp,2026-01-31,quantile,0.6,85
2026-01-24,49,1,wk inc flu hosp,2026-01-31,quantile,0.65,89
2026-01-24,49,1,wk inc flu hosp,2026-01-31,quantile,0.7,96
2026-01-24,49,1,wk inc flu hosp,2026-01-31,quantile,0.75,101
2026-01-24,49,1,wk inc flu hosp,2026-01-31,quantile,0.8,104
2026-01-24,49,1,wk inc flu hosp,2026-01-31,quantile,0.85,111
2026-01-24,49,1,wk inc flu hosp,2026-01-31,quantile,0.9,124
2026-01-24,49,1,wk inc flu hosp,2026-01-31,quantile,0.95,151
2026-01-24,49,1,wk inc flu hosp,2026-01-31,quantile,0.975,173
2026-01-24,49,1,wk inc flu hosp,2026-01-31,quantile,0.99,191
2026-01-24,49,2,wk inc flu hosp,2026-02-07,quantile,0.01,9
2026-01-24,49,2,wk inc flu hosp,2026-02-07,quantile,0.025,14
2026-01-24,49,2,wk inc flu hosp,2026-02-07,quantile,0.05,18
2026-01-24,49,2,wk inc flu hosp,2026-02-07,quantile,0.1,24
2026-01-24,49,2,wk inc flu hosp,2026-02-07,quantile,0.15,32
2026-01-24,49,2,wk inc flu hosp,2026-02-07,quantile,0.2,36
2026-01-24,49,2,wk inc flu hosp,2026-02-07,quantile,0.25,39
2026-01-24,49,2,wk inc flu hosp,2026-02-07,quantile,0.3,39
2026-01-24,49,2,wk inc flu hosp,2026-02-07,quantile,0.35,49
2026-01-24,49,2,wk inc flu hosp,2026-02-07,quantile,0.4,52
2026-01-24,49,2,wk inc flu hosp,2026-02-07,quantile,0.45,57
2026-01-24,49,2,wk inc flu hosp,2026-02-07,quantile,0.5,66
2026-01-24,49,2,wk inc flu hosp,2026-02-07,quantile,0.55,70
2026-01-24,49,2,wk inc flu hosp,2026-02-07,quantile,0.6,77
2026-01-24,49,2,wk inc flu hosp,2026-02-07,quantile,0.65,84
2026-01-24,49,2,wk inc flu hosp,2026-02-07,quantile,0.7,90
2026-01-24,49,2,wk inc flu hosp,2026-02-07,quantile,0.75,98
2026-01-24,49,2,wk inc flu hosp,2026-02-07,quantile,0.8,102
2026-01-24,49,2,wk inc flu hosp,2026-02-07,quantile,0.85,109
2026-01-24,49,2,wk inc flu hosp,2026-02-07,quantile,0.9,122
2026-01-24,49,2,wk inc flu hosp,2026-02-07,quantile,0.95,154
2026-01-24,49,2,wk inc flu hosp,2026-02-07,quantile,0.975,180
2026-01-24,49,2,wk inc flu hosp,2026-02-07,quantile,0.99,210
2026-01-24,49,3,wk inc flu hosp,2026-02-14,quantile,0.01,5
2026-01-24,49,3,wk inc flu hosp,2026-02-14,quantile,0.025,8
2026-01-24,49,3,wk inc flu hosp,2026-02-14,quantile,0.05,12
2026-01-24,49,3,wk inc flu hosp,2026-02-14,quantile,0.1,17
2026-01-24,49,3,wk inc flu hosp,2026-02-14,quantile,0.15,22
2026-01-24,49,3,wk inc flu hosp,2026-02-14,quantile,0.2,28
2026-01-24,49,3,wk inc flu hosp,2026-02-14,quantile,0.25,31
2026-01-24,49,3,wk inc flu hosp,2026-02-14,quantile,0.3,35
2026-01-24,49,3,wk inc flu hosp,2026-02-14,quantile,0.35,38
2026-01-24,49,3,wk inc flu hosp,2026-02-14,quantile,0.4,41
2026-01-24,49,3,wk inc flu hosp,2026-02-14,quantile,0.45,50
2026-01-24,49,3,wk inc flu hosp,2026-02-14,quantile,0.5,60
2026-01-24,49,3,wk inc flu hosp,2026-02-14,quantile,0.55,66
2026-01-24,49,3,wk inc flu hosp,2026-02-14,quantile,0.6,72
2026-01-24,49,3,wk inc flu hosp,2026-02-14,quantile,0.65,77
2026-01-24,49,3,wk inc flu hosp,2026-02-14,quantile,0.7,87
2026-01-24,49,3,wk inc flu hosp,2026-02-14,quantile,0.75,96
2026-01-24,49,3,wk inc flu hosp,2026-02-14,quantile,0.8,104
2026-01-24,49,3,wk inc flu hosp,2026-02-14,quantile,0.85,111
2026-01-24,49,3,wk inc flu hosp,2026-02-14,quantile,0.9,121
2026-01-24,49,3,wk inc flu hosp,2026-02-14,quantile,0.95,161
2026-01-24,49,3,wk inc flu hosp,2026-02-14,quantile,0.975,192
2026-01-24,49,3,wk inc flu hosp,2026-02-14,quantile,0.99,231
2026-01-24,50,0,wk inc flu hosp,2026-01-24,quantile,0.01,7
2026-01-24,50,0,wk inc flu hosp,2026-01-24,quantile,0.025,9
2026-01-24,50,0,wk inc flu hosp,2026-01-24,quantile,0.05,12
2026-01-24,50,0,wk inc flu hosp,2026-01-24,quantile,0.1,15
2026-01-24,50,0,wk inc flu hosp,2026-01-24,quantile,0.15,17
2026-01-24,50,0,wk inc flu hosp,2026-01-24,quantile,0.2,19
2026-01-24,50,0,wk inc flu hosp,2026-01-24,quantile,0.25,21
2026-01-24,50,0,wk inc flu hosp,2026-01-24,quantile,0.3,23
2026-01-24,50,0,wk inc flu hosp,2026-01-24,quantile,0.35,24
2026-01-24,50,0,wk inc flu hosp,2026-01-24,quantile,0.4,26
2026-01-24,50,0,wk inc flu hosp,2026-01-24,quantile,0.45,28
2026-01-24,50,0,wk inc flu hosp,2026-01-24,quantile,0.5,30
2026-01-24,50,0,wk inc flu hosp,2026-01-24,quantile,0.55,31
2026-01-24,50,0,wk inc flu hosp,2026-01-24,quantile,0.6,33
2026-01-24,50,0,wk inc flu hosp,2026-01-24,quantile,0.65,34
2026-01-24,50,0,wk inc flu hosp,2026-01-24,quantile,0.7,36
2026-01-24,50,0,wk inc flu hosp,2026-01-24,quantile,0.75,39
2026-01-24,50,0,wk inc flu hosp,2026-01-24,quantile,0.8,41
2026-01-24,50,0,wk inc flu hosp,2026-01-24,quantile,0.85,44
2026-01-24,50,0,wk inc flu hosp,2026-01-24,quantile,0.9,48
2026-01-24,50,0,wk inc flu hosp,2026-01-24,quantile,0.95,54
2026-01-24,50,0,wk inc flu hosp,2026-01-24,quantile,0.975,58
2026-01-24,50,0,wk inc flu hosp,2026-01-24,quantile,0.99,67
2026-01-24,50,1,wk inc flu hosp,2026-01-31,quantile,0.01,4
2026-01-24,50,1,wk inc flu hosp,2026-01-31,quantile,0.025,7
2026-01-24,50,1,wk inc flu hosp,2026-01-31,quantile,0.05,8
2026-01-24,50,1,wk inc flu hosp,2026-01-31,quantile,0.1,12
2026-01-24,50,1,wk inc flu hosp,2026-01-31,quantile,0.15,15
2026-01-24,50,1,wk inc flu hosp,2026-01-31,quantile,0.2,17
2026-01-24,50,1,wk inc flu hosp,2026-01-31,quantile,0.25,19
2026-01-24,50,1,wk inc flu hosp,2026-01-31,quantile,0.3,21
2026-01-24,50,1,wk inc flu hosp,2026-01-31,quantile,0.35,23
2026-01-24,50,1,wk inc flu hosp,2026-01-31,quantile,0.4,25
2026-01-24,50,1,wk inc flu hosp,2026-01-31,quantile,0.45,26
2026-01-24,50,1,wk inc flu hosp,2026-01-31,quantile,0.5,29
2026-01-24,50,1,wk inc flu hosp,2026-01-31,quantile,0.55,30
2026-01-24,50,1,wk inc flu hosp,2026-01-31,quantile,0.6,32
2026-01-24,50,1,wk inc flu hosp,2026-01-31,quantile,0.65,34
2026-01-24,50,1,wk inc flu hosp,2026-01-31,quantile,0.7,36
2026-01-24,50,1,wk inc flu hosp,2026-01-31,quantile,0.75,38
2026-01-24,50,1,wk inc flu hosp,2026-01-31,quantile,0.8,40
2026-01-24,50,1,wk inc flu hosp,2026-01-31,quantile,0.85,44
2026-01-24,50,1,wk inc flu hosp,2026-01-31,quantile,0.9,49
2026-01-24,50,1,wk inc flu hosp,2026-01-31,quantile,0.95,56
2026-01-24,50,1,wk inc flu hosp,2026-01-31,quantile,0.975,67
2026-01-24,50,1,wk inc flu hosp,2026-01-31,quantile,0.99,76
2026-01-24,50,2,wk inc flu hosp,2026-02-07,quantile,0.01,3
2026-01-24,50,2,wk inc flu hosp,2026-02-07,quantile,0.025,5
2026-01-24,50,2,wk inc flu hosp,2026-02-07,quantile,0.05,7
2026-01-24,50,2,wk inc flu hosp,2026-02-07,quantile,0.1,10
2026-01-24,50,2,wk inc flu hosp,2026-02-07,quantile,0.15,12
2026-01-24,50,2,wk inc flu hosp,2026-02-07,quantile,0.2,15
2026-01-24,50,2,wk inc flu hosp,2026-02-07,quantile,0.25,19
2026-01-24,50,2,wk inc flu hosp,2026-02-07,quantile,0.3,21
2026-01-24,50,2,wk inc flu hosp,2026-02-07,quantile,0.35,23
2026-01-24,50,2,wk inc flu hosp,2026-02-07,quantile,0.4,25
2026-01-24,50,2,wk inc flu hosp,2026-02-07,quantile,0.45,27
2026-01-24,50,2,wk inc flu hosp,2026-02-07,quantile,0.5,30
2026-01-24,50,2,wk inc flu hosp,2026-02-07,quantile,0.55,32
2026-01-24,50,2,wk inc flu hosp,2026-02-07,quantile,0.6,33
2026-01-24,50,2,wk inc flu hosp,2026-02-07,quantile,0.65,34
2026-01-24,50,2,wk inc flu hosp,2026-02-07,quantile,0.7,36
2026-01-24,50,2,wk inc flu hosp,2026-02-07,quantile,0.75,39
2026-01-24,50,2,wk inc flu hosp,2026-02-07,quantile,0.8,42
2026-01-24,50,2,wk inc flu hosp,2026-02-07,quantile,0.85,47
2026-01-24,50,2,wk inc flu hosp,2026-02-07,quantile,0.9,52
2026-01-24,50,2,wk inc flu hosp,2026-02-07,quantile,0.95,61
2026-01-24,50,2,wk inc flu hosp,2026-02-07,quantile,0.975,69
2026-01-24,50,2,wk inc flu hosp,2026-02-07,quantile,0.99,83
2026-01-24,50,3,wk inc flu hosp,2026-02-14,quantile,0.01,2
2026-01-24,50,3,wk inc flu hosp,2026-02-14,quantile,0.025,3
2026-01-24,50,3,wk inc flu hosp,2026-02-14,quantile,0.05,6
2026-01-24,50,3,wk inc flu hosp,2026-02-14,quantile,0.1,9
2026-01-24,50,3,wk inc flu hosp,2026-02-14,quantile,0.15,11
2026-01-24,50,3,wk inc flu hosp,2026-02-14,quantile,0.2,13
2026-01-24,50,3,wk inc flu hosp,2026-02-14,quantile,0.25,14
2026-01-24,50,3,wk inc flu hosp,2026-02-14,quantile,0.3,18
2026-01-24,50,3,wk inc flu hosp,2026-02-14,quantile,0.35,20
2026-01-24,50,3,wk inc flu hosp,2026-02-14,quantile,0.4,22
2026-01-24,50,3,wk inc flu hosp,2026-02-14,quantile,0.45,25
2026-01-24,50,3,wk inc flu hosp,2026-02-14,quantile,0.5,28
2026-01-24,50,3,wk inc flu hosp,2026-02-14,quantile,0.55,30
2026-01-24,50,3,wk inc flu hosp,2026-02-14,quantile,0.6,32
2026-01-24,50,3,wk inc flu hosp,2026-02-14,quantile,0.65,34
2026-01-24,50,3,wk inc flu hosp,2026-02-14,quantile,0.7,36
2026-01-24,50,3,wk inc flu hosp,2026-02-14,quantile,0.75,38
2026-01-24,50,3,wk inc flu hosp,2026-02-14,quantile,0.8,43
2026-01-24,50,3,wk inc flu hosp,2026-02-14,quantile,0.85,46
2026-01-24,50,3,wk inc flu hosp,2026-02-14,quantile,0.9,51
2026-01-24,50,3,wk inc flu hosp,2026-02-14,quantile,0.95,60
2026-01-24,50,3,wk inc flu hosp,2026-02-14,quantile,0.975,72
2026-01-24,50,3,wk inc flu hosp,2026-02-14,quantile,0.99,90
2026-01-24,51,0,wk inc flu hosp,2026-01-24,quantile,0.01,167
2026-01-24,51,0,wk inc flu hosp,2026-01-24,quantile,0.025,196
2026-01-24,51,0,wk inc flu hosp,2026-01-24,quantile,0.05,223
2026-01-24,51,0,wk inc flu hosp,2026-01-24,quantile,0.1,257
2026-01-24,51,0,wk inc flu hosp,2026-01-24,quantile,0.15,279
2026-01-24,51,0,wk inc flu hosp,2026-01-24,quantile,0.2,300
2026-01-24,51,0,wk inc flu hosp,2026-01-24,quantile,0.25,319
2026-01-24,51,0,wk inc flu hosp,2026-01-24,quantile,0.3,338
2026-01-24,51,0,wk inc flu hosp,2026-01-24,quantile,0.35,356
2026-01-24,51,0,wk inc flu hosp,2026-01-24,quantile,0.4,374
2026-01-24,51,0,wk inc flu hosp,2026-01-24,quantile,0.45,383
2026-01-24,51,0,wk inc flu hosp,2026-01-24,quantile,0.5,407
2026-01-24,51,0,wk inc flu hosp,2026-01-24,quantile,0.55,424
2026-01-24,51,0,wk inc flu hosp,2026-01-24,quantile,0.6,441
2026-01-24,51,0,wk inc flu hosp,2026-01-24,quantile,0.65,455
2026-01-24,51,0,wk inc flu hosp,2026-01-24,quantile,0.7,459
2026-01-24,51,0,wk inc flu hosp,2026-01-24,quantile,0.75,477
2026-01-24,51,0,wk inc flu hosp,2026-01-24,quantile,0.8,490
2026-01-24,51,0,wk inc flu hosp,2026-01-24,quantile,0.85,513
2026-01-24,51,0,wk inc flu hosp,2026-01-24,quantile,0.9,542
2026-01-24,51,0,wk inc flu hosp,2026-01-24,quantile,0.95,592
2026-01-24,51,0,wk inc flu hosp,2026-01-24,quantile,0.975,638
2026-01-24,51,0,wk inc flu hosp,2026-01-24,quantile,0.99,761
2026-01-24,51,1,wk inc flu hosp,2026-01-31,quantile,0.01,122
2026-01-24,51,1,wk inc flu hosp,2026-01-31,quantile,0.025,154
2026-01-24,51,1,wk inc flu hosp,2026-01-31,quantile,0.05,180
2026-01-24,51,1,wk inc flu hosp,2026-01-31,quantile,0.1,210
2026-01-24,51,1,wk inc flu hosp,2026-01-31,quantile,0.15,229
2026-01-24,51,1,wk inc flu hosp,2026-01-31,quantile,0.2,241
2026-01-24,51,1,wk inc flu hosp,2026-01-31,quantile,0.25,260
2026-01-24,51,1,wk inc flu hosp,2026-01-31,quantile,0.3,277
2026-01-24,51,1,wk inc flu hosp,2026-01-31,quantile,0.35,293
2026-01-24,51,1,wk inc flu hosp,2026-01-31,quantile,0.4,321
2026-01-24,51,1,wk inc flu hosp,2026-01-31,quantile,0.45,357
2026-01-24,51,1,wk inc flu hosp,2026-01-31,quantile,0.5,377
2026-01-24,51,1,wk inc flu hosp,2026-01-31,quantile,0.55,393
2026-01-24,51,1,wk inc flu hosp,2026-01-31,quantile,0.6,414
2026-01-24,51,1,wk inc flu hosp,2026-01-31,quantile,0.65,440
2026-01-24,51,1,wk inc flu hosp,2026-01-31,quantile,0.7,466
2026-01-24,51,1,wk inc flu hosp,2026-01-31,quantile,0.75,494
2026-01-24,51,1,wk inc flu hosp,2026-01-31,quantile,0.8,510
2026-01-24,51,1,wk inc flu hosp,2026-01-31,quantile,0.85,536
2026-01-24,51,1,wk inc flu hosp,2026-01-31,quantile,0.9,586
2026-01-24,51,1,wk inc flu hosp,2026-01-31,quantile,0.95,647
2026-01-24,51,1,wk inc flu hosp,2026-01-31,quantile,0.975,699
2026-01-24,51,1,wk inc flu hosp,2026-01-31,quantile,0.99,826
2026-01-24,51,2,wk inc flu hosp,2026-02-07,quantile,0.01,89
2026-01-24,51,2,wk inc flu hosp,2026-02-07,quantile,0.025,114
2026-01-24,51,2,wk inc flu hosp,2026-02-07,quantile,0.05,133
2026-01-24,51,2,wk inc flu hosp,2026-02-07,quantile,0.1,155
2026-01-24,51,2,wk inc flu hosp,2026-02-07,quantile,0.15,172
2026-01-24,51,2,wk inc flu hosp,2026-02-07,quantile,0.2,187
2026-01-24,51,2,wk inc flu hosp,2026-02-07,quantile,0.25,203
2026-01-24,51,2,wk inc flu hosp,2026-02-07,quantile,0.3,214
2026-01-24,51,2,wk inc flu hosp,2026-02-07,quantile,0.35,255
2026-01-24,51,2,wk inc flu hosp,2026-02-07,quantile,0.4,291
2026-01-24,51,2,wk inc flu hosp,2026-02-07,quantile,0.45,316
2026-01-24,51,2,wk inc flu hosp,2026-02-07,quantile,0.5,357
2026-01-24,51,2,wk inc flu hosp,2026-02-07,quantile,0.55,368
2026-01-24,51,2,wk inc flu hosp,2026-02-07,quantile,0.6,389
2026-01-24,51,2,wk inc flu hosp,2026-02-07,quantile,0.65,415
2026-01-24,51,2,wk inc flu hosp,2026-02-07,quantile,0.7,441
2026-01-24,51,2,wk inc flu hosp,2026-02-07,quantile,0.75,479
2026-01-24,51,2,wk inc flu hosp,2026-02-07,quantile,0.8,502
2026-01-24,51,2,wk inc flu hosp,2026-02-07,quantile,0.85,535
2026-01-24,51,2,wk inc flu hosp,2026-02-07,quantile,0.9,610
2026-01-24,51,2,wk inc flu hosp,2026-02-07,quantile,0.95,712
2026-01-24,51,2,wk inc flu hosp,2026-02-07,quantile,0.975,846
2026-01-24,51,2,wk inc flu hosp,2026-02-07,quantile,0.99,1047
2026-01-24,51,3,wk inc flu hosp,2026-02-14,quantile,0.01,62
2026-01-24,51,3,wk inc flu hosp,2026-02-14,quantile,0.025,88
2026-01-24,51,3,wk inc flu hosp,2026-02-14,quantile,0.05,103
2026-01-24,51,3,wk inc flu hosp,2026-02-14,quantile,0.1,121
2026-01-24,51,3,wk inc flu hosp,2026-02-14,quantile,0.15,140
2026-01-24,51,3,wk inc flu hosp,2026-02-14,quantile,0.2,156
2026-01-24,51,3,wk inc flu hosp,2026-02-14,quantile,0.25,171
2026-01-24,51,3,wk inc flu hosp,2026-02-14,quantile,0.3,192
2026-01-24,51,3,wk inc flu hosp,2026-02-14,quantile,0.35,214
2026-01-24,51,3,wk inc flu hosp,2026-02-14,quantile,0.4,234
2026-01-24,51,3,wk inc flu hosp,2026-02-14,quantile,0.45,253
2026-01-24,51,3,wk inc flu hosp,2026-02-14,quantile,0.5,290
2026-01-24,51,3,wk inc flu hosp,2026-02-14,quantile,0.55,307
2026-01-24,51,3,wk inc flu hosp,2026-02-14,quantile,0.6,324
2026-01-24,51,3,wk inc flu hosp,2026-02-14,quantile,0.65,357
2026-01-24,51,3,wk inc flu hosp,2026-02-14,quantile,0.7,400
2026-01-24,51,3,wk inc flu hosp,2026-02-14,quantile,0.75,442
2026-01-24,51,3,wk inc flu hosp,2026-02-14,quantile,0.8,499
2026-01-24,51,3,wk inc flu hosp,2026-02-14,quantile,0.85,558
2026-01-24,51,3,wk inc flu hosp,2026-02-14,quantile,0.9,618
2026-01-24,51,3,wk inc flu hosp,2026-02-14,quantile,0.95,720
2026-01-24,51,3,wk inc flu hosp,2026-02-14,quantile,0.975,879
2026-01-24,51,3,wk inc flu hosp,2026-02-14,quantile,0.99,1033
2026-01-24,53,0,wk inc flu hosp,2026-01-24,quantile,0.01,69
2026-01-24,53,0,wk inc flu hosp,2026-01-24,quantile,0.025,83
2026-01-24,53,0,wk inc flu hosp,2026-01-24,quantile,0.05,97
2026-01-24,53,0,wk inc flu hosp,2026-01-24,quantile,0.1,115
2026-01-24,53,0,wk inc flu hosp,2026-01-24,quantile,0.15,129
2026-01-24,53,0,wk inc flu hosp,2026-01-24,quantile,0.2,136
2026-01-24,53,0,wk inc flu hosp,2026-01-24,quantile,0.25,144
2026-01-24,53,0,wk inc flu hosp,2026-01-24,quantile,0.3,152
2026-01-24,53,0,wk inc flu hosp,2026-01-24,quantile,0.35,160
2026-01-24,53,0,wk inc flu hosp,2026-01-24,quantile,0.4,167
2026-01-24,53,0,wk inc flu hosp,2026-01-24,quantile,0.45,175
2026-01-24,53,0,wk inc flu hosp,2026-01-24,quantile,0.5,183
2026-01-24,53,0,wk inc flu hosp,2026-01-24,quantile,0.55,191
2026-01-24,53,0,wk inc flu hosp,2026-01-24,quantile,0.6,198
2026-01-24,53,0,wk inc flu hosp,2026-01-24,quantile,0.65,206
2026-01-24,53,0,wk inc flu hosp,2026-01-24,quantile,0.7,214
2026-01-24,53,0,wk inc flu hosp,2026-01-24,quantile,0.75,222
2026-01-24,53,0,wk inc flu hosp,2026-01-24,quantile,0.8,232
2026-01-24,53,0,wk inc flu hosp,2026-01-24,quantile,0.85,245
2026-01-24,53,0,wk inc flu hosp,2026-01-24,quantile,0.9,261
2026-01-24,53,0,wk inc flu hosp,2026-01-24,quantile,0.95,291
2026-01-24,53,0,wk inc flu hosp,2026-01-24,quantile,0.975,329
2026-01-24,53,0,wk inc flu hosp,2026-01-24,quantile,0.99,352
2026-01-24,53,1,wk inc flu hosp,2026-01-31,quantile,0.01,50
2026-01-24,53,1,wk inc flu hosp,2026-01-31,quantile,0.025,61
2026-01-24,53,1,wk inc flu hosp,2026-01-31,quantile,0.05,81
2026-01-24,53,1,wk inc flu hosp,2026-01-31,quantile,0.1,95
2026-01-24,53,1,wk inc flu hosp,2026-01-31,quantile,0.15,106
2026-01-24,53,1,wk inc flu hosp,2026-01-31,quantile,0.2,125
2026-01-24,53,1,wk inc flu hosp,2026-01-31,quantile,0.25,133
2026-01-24,53,1,wk inc flu hosp,2026-01-31,quantile,0.3,141
2026-01-24,53,1,wk inc flu hosp,2026-01-31,quantile,0.35,147
2026-01-24,53,1,wk inc flu hosp,2026-01-31,quantile,0.4,157
2026-01-24,53,1,wk inc flu hosp,2026-01-31,quantile,0.45,165
2026-01-24,53,1,wk inc flu hosp,2026-01-31,quantile,0.5,176
2026-01-24,53,1,wk inc flu hosp,2026-01-31,quantile,0.55,186
2026-01-24,53,1,wk inc flu hosp,2026-01-31,quantile,0.6,197
2026-01-24,53,1,wk inc flu hosp,2026-01-31,quantile,0.65,209
2026-01-24,53,1,wk inc flu hosp,2026-01-31,quantile,0.7,224
2026-01-24,53,1,wk inc flu hosp,2026-01-31,quantile,0.75,238
2026-01-24,53,1,wk inc flu hosp,2026-01-31,quantile,0.8,249
2026-01-24,53,1,wk inc flu hosp,2026-01-31,quantile,0.85,267
2026-01-24,53,1,wk inc flu hosp,2026-01-31,quantile,0.9,286
2026-01-24,53,1,wk inc flu hosp,2026-01-31,quantile,0.95,323
2026-01-24,53,1,wk inc flu hosp,2026-01-31,quantile,0.975,380
2026-01-24,53,1,wk inc flu hosp,2026-01-31,quantile,0.99,444
2026-01-24,53,2,wk inc flu hosp,2026-02-07,quantile,0.01,30
2026-01-24,53,2,wk inc flu hosp,2026-02-07,quantile,0.025,50
2026-01-24,53,2,wk inc flu hosp,2026-02-07,quantile,0.05,64
2026-01-24,53,2,wk inc flu hosp,2026-02-07,quantile,0.1,77
2026-01-24,53,2,wk inc flu hosp,2026-02-07,quantile,0.15,89
2026-01-24,53,2,wk inc flu hosp,2026-02-07,quantile,0.2,100
2026-01-24,53,2,wk inc flu hosp,2026-02-07,quantile,0.25,112
2026-01-24,53,2,wk inc flu hosp,2026-02-07,quantile,0.3,124
2026-01-24,53,2,wk inc flu hosp,2026-02-07,quantile,0.35,131
2026-01-24,53,2,wk inc flu hosp,2026-02-07,quantile,0.4,141
2026-01-24,53,2,wk inc flu hosp,2026-02-07,quantile,0.45,156
2026-01-24,53,2,wk inc flu hosp,2026-02-07,quantile,0.5,170
2026-01-24,53,2,wk inc flu hosp,2026-02-07,quantile,0.55,177
2026-01-24,53,2,wk inc flu hosp,2026-02-07,quantile,0.6,187
2026-01-24,53,2,wk inc flu hosp,2026-02-07,quantile,0.65,199
2026-01-24,53,2,wk inc flu hosp,2026-02-07,quantile,0.7,213
2026-01-24,53,2,wk inc flu hosp,2026-02-07,quantile,0.75,228
2026-01-24,53,2,wk inc flu hosp,2026-02-07,quantile,0.8,246
2026-01-24,53,2,wk inc flu hosp,2026-02-07,quantile,0.85,266
2026-01-24,53,2,wk inc flu hosp,2026-02-07,quantile,0.9,293
2026-01-24,53,2,wk inc flu hosp,2026-02-07,quantile,0.95,365
2026-01-24,53,2,wk inc flu hosp,2026-02-07,quantile,0.975,426
2026-01-24,53,2,wk inc flu hosp,2026-02-07,quantile,0.99,505
2026-01-24,53,3,wk inc flu hosp,2026-02-14,quantile,0.01,26
2026-01-24,53,3,wk inc flu hosp,2026-02-14,quantile,0.025,41
2026-01-24,53,3,wk inc flu hosp,2026-02-14,quantile,0.05,52
2026-01-24,53,3,wk inc flu hosp,2026-02-14,quantile,0.1,68
2026-01-24,53,3,wk inc flu hosp,2026-02-14,quantile,0.15,80
2026-01-24,53,3,wk inc flu hosp,2026-02-14,quantile,0.2,91
2026-01-24,53,3,wk inc flu hosp,2026-02-14,quantile,0.25,102
2026-01-24,53,3,wk inc flu hosp,2026-02-14,quantile,0.3,113
2026-01-24,53,3,wk inc flu hosp,2026-02-14,quantile,0.35,125
2026-01-24,53,3,wk inc flu hosp,2026-02-14,quantile,0.4,140
2026-01-24,53,3,wk inc flu hosp,2026-02-14,quantile,0.45,153
2026-01-24,53,3,wk inc flu hosp,2026-02-14,quantile,0.5,167
2026-01-24,53,3,wk inc flu hosp,2026-02-14,quantile,0.55,180
2026-01-24,53,3,wk inc flu hosp,2026-02-14,quantile,0.6,191
2026-01-24,53,3,wk inc flu hosp,2026-02-14,quantile,0.65,203
2026-01-24,53,3,wk inc flu hosp,2026-02-14,quantile,0.7,219
2026-01-24,53,3,wk inc flu hosp,2026-02-14,quantile,0.75,233
2026-01-24,53,3,wk inc flu hosp,2026-02-14,quantile,0.8,253
2026-01-24,53,3,wk inc flu hosp,2026-02-14,quantile,0.85,276
2026-01-24,53,3,wk inc flu hosp,2026-02-14,quantile,0.9,327
2026-01-24,53,3,wk inc flu hosp,2026-02-14,quantile,0.95,397
2026-01-24,53,3,wk inc flu hosp,2026-02-14,quantile,0.975,464
2026-01-24,53,3,wk inc flu hosp,2026-02-14,quantile,0.99,553
2026-01-24,54,0,wk inc flu hosp,2026-01-24,quantile,0.01,36
2026-01-24,54,0,wk inc flu hosp,2026-01-24,quantile,0.025,42
2026-01-24,54,0,wk inc flu hosp,2026-01-24,quantile,0.05,52
2026-01-24,54,0,wk inc flu hosp,2026-01-24,quantile,0.1,61
2026-01-24,54,0,wk inc flu hosp,2026-01-24,quantile,0.15,67
2026-01-24,54,0,wk inc flu hosp,2026-01-24,quantile,0.2,75
2026-01-24,54,0,wk inc flu hosp,2026-01-24,quantile,0.25,79
2026-01-24,54,0,wk inc flu hosp,2026-01-24,quantile,0.3,86
2026-01-24,54,0,wk inc flu hosp,2026-01-24,quantile,0.35,91
2026-01-24,54,0,wk inc flu hosp,2026-01-24,quantile,0.4,95
2026-01-24,54,0,wk inc flu hosp,2026-01-24,quantile,0.45,101
2026-01-24,54,0,wk inc flu hosp,2026-01-24,quantile,0.5,110
2026-01-24,54,0,wk inc flu hosp,2026-01-24,quantile,0.55,114
2026-01-24,54,0,wk inc flu hosp,2026-01-24,quantile,0.6,119
2026-01-24,54,0,wk inc flu hosp,2026-01-24,quantile,0.65,125
2026-01-24,54,0,wk inc flu hosp,2026-01-24,quantile,0.7,129
2026-01-24,54,0,wk inc flu hosp,2026-01-24,quantile,0.75,134
2026-01-24,54,0,wk inc flu hosp,2026-01-24,quantile,0.8,141
2026-01-24,54,0,wk inc flu hosp,2026-01-24,quantile,0.85,153
2026-01-24,54,0,wk inc flu hosp,2026-01-24,quantile,0.9,169
2026-01-24,54,0,wk inc flu hosp,2026-01-24,quantile,0.95,191
2026-01-24,54,0,wk inc flu hosp,2026-01-24,quantile,0.975,208
2026-01-24,54,0,wk inc flu hosp,2026-01-24,quantile,0.99,231
2026-01-24,54,1,wk inc flu hosp,2026-01-31,quantile,0.01,18
2026-01-24,54,1,wk inc flu hosp,2026-01-31,quantile,0.025,28
2026-01-24,54,1,wk inc flu hosp,2026-01-31,quantile,0.05,37
2026-01-24,54,1,wk inc flu hosp,2026-01-31,quantile,0.1,46
2026-01-24,54,1,wk inc flu hosp,2026-01-31,quantile,0.15,55
2026-01-24,54,1,wk inc flu hosp,2026-01-31,quantile,0.2,64
2026-01-24,54,1,wk inc flu hosp,2026-01-31,quantile,0.25,72
2026-01-24,54,1,wk inc flu hosp,2026-01-31,quantile,0.3,77
2026-01-24,54,1,wk inc flu hosp,2026-01-31,quantile,0.35,83
2026-01-24,54,1,wk inc flu hosp,2026-01-31,quantile,0.4,89
2026-01-24,54,1,wk inc flu hosp,2026-01-31,quantile,0.45,96
2026-01-24,54,1,wk inc flu hosp,2026-01-31,quantile,0.5,104
2026-01-24,54,1,wk inc flu hosp,2026-01-31,quantile,0.55,115
2026-01-24,54,1,wk inc flu hosp,2026-01-31,quantile,0.6,122
2026-01-24,54,1,wk inc flu hosp,2026-01-31,quantile,0.65,127
2026-01-24,54,1,wk inc flu hosp,2026-01-31,quantile,0.7,131
2026-01-24,54,1,wk inc flu hosp,2026-01-31,quantile,0.75,139
2026-01-24,54,1,wk inc flu hosp,2026-01-31,quantile,0.8,149
2026-01-24,54,1,wk inc flu hosp,2026-01-31,quantile,0.85,161
2026-01-24,54,1,wk inc flu hosp,2026-01-31,quantile,0.9,179
2026-01-24,54,1,wk inc flu hosp,2026-01-31,quantile,0.95,206
2026-01-24,54,1,wk inc flu hosp,2026-01-31,quantile,0.975,221
2026-01-24,54,1,wk inc flu hosp,2026-01-31,quantile,0.99,257
2026-01-24,54,2,wk inc flu hosp,2026-02-07,quantile,0.01,18
2026-01-24,54,2,wk inc flu hosp,2026-02-07,quantile,0.025,22
2026-01-24,54,2,wk inc flu hosp,2026-02-07,quantile,0.05,29
2026-01-24,54,2,wk inc flu hosp,2026-02-07,quantile,0.1,37
2026-01-24,54,2,wk inc flu hosp,2026-02-07,quantile,0.15,43
2026-01-24,54,2,wk inc flu hosp,2026-02-07,quantile,0.2,52
2026-01-24,54,2,wk inc flu hosp,2026-02-07,quantile,0.25,59
2026-01-24,54,2,wk inc flu hosp,2026-02-07,quantile,0.3,65
2026-01-24,54,2,wk inc flu hosp,2026-02-07,quantile,0.35,73
2026-01-24,54,2,wk inc flu hosp,2026-02-07,quantile,0.4,82
2026-01-24,54,2,wk inc flu hosp,2026-02-07,quantile,0.45,91
2026-01-24,54,2,wk inc flu hosp,2026-02-07,quantile,0.5,101
2026-01-24,54,2,wk inc flu hosp,2026-02-07,quantile,0.55,110
2026-01-24,54,2,wk inc flu hosp,2026-02-07,quantile,0.6,116
2026-01-24,54,2,wk inc flu hosp,2026-02-07,quantile,0.65,123
2026-01-24,54,2,wk inc flu hosp,2026-02-07,quantile,0.7,128
2026-01-24,54,2,wk inc flu hosp,2026-02-07,quantile,0.75,136
2026-01-24,54,2,wk inc flu hosp,2026-02-07,quantile,0.8,151
2026-01-24,54,2,wk inc flu hosp,2026-02-07,quantile,0.85,166
2026-01-24,54,2,wk inc flu hosp,2026-02-07,quantile,0.9,195
2026-01-24,54,2,wk inc flu hosp,2026-02-07,quantile,0.95,230
2026-01-24,54,2,wk inc flu hosp,2026-02-07,quantile,0.975,258
2026-01-24,54,2,wk inc flu hosp,2026-02-07,quantile,0.99,297
2026-01-24,54,3,wk inc flu hosp,2026-02-14,quantile,0.01,10
2026-01-24,54,3,wk inc flu hosp,2026-02-14,quantile,0.025,16
2026-01-24,54,3,wk inc flu hosp,2026-02-14,quantile,0.05,23
2026-01-24,54,3,wk inc flu hosp,2026-02-14,quantile,0.1,31
2026-01-24,54,3,wk inc flu hosp,2026-02-14,quantile,0.15,38
2026-01-24,54,3,wk inc flu hosp,2026-02-14,quantile,0.2,48
2026-01-24,54,3,wk inc flu hosp,2026-02-14,quantile,0.25,55
2026-01-24,54,3,wk inc flu hosp,2026-02-14,quantile,0.3,62
2026-01-24,54,3,wk inc flu hosp,2026-02-14,quantile,0.35,67
2026-01-24,54,3,wk inc flu hosp,2026-02-14,quantile,0.4,75
2026-01-24,54,3,wk inc flu hosp,2026-02-14,quantile,0.45,82
2026-01-24,54,3,wk inc flu hosp,2026-02-14,quantile,0.5,90
2026-01-24,54,3,wk inc flu hosp,2026-02-14,quantile,0.55,98
2026-01-24,54,3,wk inc flu hosp,2026-02-14,quantile,0.6,107
2026-01-24,54,3,wk inc flu hosp,2026-02-14,quantile,0.65,115
2026-01-24,54,3,wk inc flu hosp,2026-02-14,quantile,0.7,123
2026-01-24,54,3,wk inc flu hosp,2026-02-14,quantile,0.75,131
2026-01-24,54,3,wk inc flu hosp,2026-02-14,quantile,0.8,146
2026-01-24,54,3,wk inc flu hosp,2026-02-14,quantile,0.85,165
2026-01-24,54,3,wk inc flu hosp,2026-02-14,quantile,0.9,198
2026-01-24,54,3,wk inc flu hosp,2026-02-14,quantile,0.95,243
2026-01-24,54,3,wk inc flu hosp,2026-02-14,quantile,0.975,286
2026-01-24,54,3,wk inc flu hosp,2026-02-14,quantile,0.99,327
2026-01-24,55,0,wk inc flu hosp,2026-01-24,quantile,0.01,136
2026-01-24,55,0,wk inc flu hosp,2026-01-24,quantile,0.025,160
2026-01-24,55,0,wk inc flu hosp,2026-01-24,quantile,0.05,180
2026-01-24,55,0,wk inc flu hosp,2026-01-24,quantile,0.1,213
2026-01-24,55,0,wk inc flu hosp,2026-01-24,quantile,0.15,224
2026-01-24,55,0,wk inc flu hosp,2026-01-24,quantile,0.2,254
2026-01-24,55,0,wk inc flu hosp,2026-01-24,quantile,0.25,271
2026-01-24,55,0,wk inc flu hosp,2026-01-24,quantile,0.3,288
2026-01-24,55,0,wk inc flu hosp,2026-01-24,quantile,0.35,300
2026-01-24,55,0,wk inc flu hosp,2026-01-24,quantile,0.4,310
2026-01-24,55,0,wk inc flu hosp,2026-01-24,quantile,0.45,325
2026-01-24,55,0,wk inc flu hosp,2026-01-24,quantile,0.5,344
2026-01-24,55,0,wk inc flu hosp,2026-01-24,quantile,0.55,362
2026-01-24,55,0,wk inc flu hosp,2026-01-24,quantile,0.6,383
2026-01-24,55,0,wk inc flu hosp,2026-01-24,quantile,0.65,401
2026-01-24,55,0,wk inc flu hosp,2026-01-24,quantile,0.7,421
2026-01-24,55,0,wk inc flu hosp,2026-01-24,quantile,0.75,439
2026-01-24,55,0,wk inc flu hosp,2026-01-24,quantile,0.8,450
2026-01-24,55,0,wk inc flu hosp,2026-01-24,quantile,0.85,471
2026-01-24,55,0,wk inc flu hosp,2026-01-24,quantile,0.9,497
2026-01-24,55,0,wk inc flu hosp,2026-01-24,quantile,0.95,551
2026-01-24,55,0,wk inc flu hosp,2026-01-24,quantile,0.975,588
2026-01-24,55,0,wk inc flu hosp,2026-01-24,quantile,0.99,683
2026-01-24,55,1,wk inc flu hosp,2026-01-31,quantile,0.01,73
2026-01-24,55,1,wk inc flu hosp,2026-01-31,quantile,0.025,91
2026-01-24,55,1,wk inc flu hosp,2026-01-31,quantile,0.05,114
2026-01-24,55,1,wk inc flu hosp,2026-01-31,quantile,0.1,142
2026-01-24,55,1,wk inc flu hosp,2026-01-31,quantile,0.15,162
2026-01-24,55,1,wk inc flu hosp,2026-01-31,quantile,0.2,180
2026-01-24,55,1,wk inc flu hosp,2026-01-31,quantile,0.25,197
2026-01-24,55,1,wk inc flu hosp,2026-01-31,quantile,0.3,207
2026-01-24,55,1,wk inc flu hosp,2026-01-31,quantile,0.35,223
2026-01-24,55,1,wk inc flu hosp,2026-01-31,quantile,0.4,243
2026-01-24,55,1,wk inc flu hosp,2026-01-31,quantile,0.45,274
2026-01-24,55,1,wk inc flu hosp,2026-01-31,quantile,0.5,291
2026-01-24,55,1,wk inc flu hosp,2026-01-31,quantile,0.55,314
2026-01-24,55,1,wk inc flu hosp,2026-01-31,quantile,0.6,339
2026-01-24,55,1,wk inc flu hosp,2026-01-31,quantile,0.65,370
2026-01-24,55,1,wk inc flu hosp,2026-01-31,quantile,0.7,387
2026-01-24,55,1,wk inc flu hosp,2026-01-31,quantile,0.75,395
2026-01-24,55,1,wk inc flu hosp,2026-01-31,quantile,0.8,427
2026-01-24,55,1,wk inc flu hosp,2026-01-31,quantile,0.85,444
2026-01-24,55,1,wk inc flu hosp,2026-01-31,quantile,0.9,472
2026-01-24,55,1,wk inc flu hosp,2026-01-31,quantile,0.95,560
2026-01-24,55,1,wk inc flu hosp,2026-01-31,quantile,0.975,627
2026-01-24,55,1,wk inc flu hosp,2026-01-31,quantile,0.99,754
2026-01-24,55,2,wk inc flu hosp,2026-02-07,quantile,0.01,52
2026-01-24,55,2,wk inc flu hosp,2026-02-07,quantile,0.025,65
2026-01-24,55,2,wk inc flu hosp,2026-02-07,quantile,0.05,84
2026-01-24,55,2,wk inc flu hosp,2026-02-07,quantile,0.1,98
2026-01-24,55,2,wk inc flu hosp,2026-02-07,quantile,0.15,111
2026-01-24,55,2,wk inc flu hosp,2026-02-07,quantile,0.2,125
2026-01-24,55,2,wk inc flu hosp,2026-02-07,quantile,0.25,137
2026-01-24,55,2,wk inc flu hosp,2026-02-07,quantile,0.3,159
2026-01-24,55,2,wk inc flu hosp,2026-02-07,quantile,0.35,174
2026-01-24,55,2,wk inc flu hosp,2026-02-07,quantile,0.4,190
2026-01-24,55,2,wk inc flu hosp,2026-02-07,quantile,0.45,215
2026-01-24,55,2,wk inc flu hosp,2026-02-07,quantile,0.5,239
2026-01-24,55,2,wk inc flu hosp,2026-02-07,quantile,0.55,270
2026-01-24,55,2,wk inc flu hosp,2026-02-07,quantile,0.6,304
2026-01-24,55,2,wk inc flu hosp,2026-02-07,quantile,0.65,334
2026-01-24,55,2,wk inc flu hosp,2026-02-07,quantile,0.7,363
2026-01-24,55,2,wk inc flu hosp,2026-02-07,quantile,0.75,401
2026-01-24,55,2,wk inc flu hosp,2026-02-07,quantile,0.8,445
2026-01-24,55,2,wk inc flu hosp,2026-02-07,quantile,0.85,460
2026-01-24,55,2,wk inc flu hosp,2026-02-07,quantile,0.9,494
2026-01-24,55,2,wk inc flu hosp,2026-02-07,quantile,0.95,635
2026-01-24,55,2,wk inc flu hosp,2026-02-07,quantile,0.975,701
2026-01-24,55,2,wk inc flu hosp,2026-02-07,quantile,0.99,823
2026-01-24,55,3,wk inc flu hosp,2026-02-14,quantile,0.01,25
2026-01-24,55,3,wk inc flu hosp,2026-02-14,quantile,0.025,43
2026-01-24,55,3,wk inc flu hosp,2026-02-14,quantile,0.05,58
2026-01-24,55,3,wk inc flu hosp,2026-02-14,quantile,0.1,75
2026-01-24,55,3,wk inc flu hosp,2026-02-14,quantile,0.15,81
2026-01-24,55,3,wk inc flu hosp,2026-02-14,quantile,0.2,94
2026-01-24,55,3,wk inc flu hosp,2026-02-14,quantile,0.25,111
2026-01-24,55,3,wk inc flu hosp,2026-02-14,quantile,0.3,124
2026-01-24,55,3,wk inc flu hosp,2026-02-14,quantile,0.35,140
2026-01-24,55,3,wk inc flu hosp,2026-02-14,quantile,0.4,162
2026-01-24,55,3,wk inc flu hosp,2026-02-14,quantile,0.45,182
2026-01-24,55,3,wk inc flu hosp,2026-02-14,quantile,0.5,217
2026-01-24,55,3,wk inc flu hosp,2026-02-14,quantile,0.55,247
2026-01-24,55,3,wk inc flu hosp,2026-02-14,quantile,0.6,287
2026-01-24,55,3,wk inc flu hosp,2026-02-14,quantile,0.65,324
2026-01-24,55,3,wk inc flu hosp,2026-02-14,quantile,0.7,347
2026-01-24,55,3,wk inc flu hosp,2026-02-14,quantile,0.75,375
2026-01-24,55,3,wk inc flu hosp,2026-02-14,quantile,0.8,416
2026-01-24,55,3,wk inc flu hosp,2026-02-14,quantile,0.85,458
2026-01-24,55,3,wk inc flu hosp,2026-02-14,quantile,0.9,495
2026-01-24,55,3,wk inc flu hosp,2026-02-14,quantile,0.95,611
2026-01-24,55,3,wk inc flu hosp,2026-02-14,quantile,0.975,711
2026-01-24,55,3,wk inc flu hosp,2026-02-14,quantile,0.99,868
2026-01-24,56,0,wk inc flu hosp,2026-01-24,quantile,0.01,7
2026-01-24,56,0,wk inc flu hosp,2026-01-24,quantile,0.025,9
2026-01-24,56,0,wk inc flu hosp,2026-01-24,quantile,0.05,11
2026-01-24,56,0,wk inc flu hosp,2026-01-24,quantile,0.1,14
2026-01-24,56,0,wk inc flu hosp,2026-01-24,quantile,0.15,16
2026-01-24,56,0,wk inc flu hosp,2026-01-24,quantile,0.2,18
2026-01-24,56,0,wk inc flu hosp,2026-01-24,quantile,0.25,20
2026-01-24,56,0,wk inc flu hosp,2026-01-24,quantile,0.3,22
2026-01-24,56,0,wk inc flu hosp,2026-01-24,quantile,0.35,23
2026-01-24,56,0,wk inc flu hosp,2026-01-24,quantile,0.4,24
2026-01-24,56,0,wk inc flu hosp,2026-01-24,quantile,0.45,25
2026-01-24,56,0,wk inc flu hosp,2026-01-24,quantile,0.5,27
2026-01-24,56,0,wk inc flu hosp,2026-01-24,quantile,0.55,29
2026-01-24,56,0,wk inc flu hosp,2026-01-24,quantile,0.6,30
2026-01-24,56,0,wk inc flu hosp,2026-01-24,quantile,0.65,31
2026-01-24,56,0,wk inc flu hosp,2026-01-24,quantile,0.7,33
2026-01-24,56,0,wk inc flu hosp,2026-01-24,quantile,0.75,35
2026-01-24,56,0,wk inc flu hosp,2026-01-24,quantile,0.8,37
2026-01-24,56,0,wk inc flu hosp,2026-01-24,quantile,0.85,40
2026-01-24,56,0,wk inc flu hosp,2026-01-24,quantile,0.9,45
2026-01-24,56,0,wk inc flu hosp,2026-01-24,quantile,0.95,51
2026-01-24,56,0,wk inc flu hosp,2026-01-24,quantile,0.975,59
2026-01-24,56,0,wk inc flu hosp,2026-01-24,quantile,0.99,66
2026-01-24,56,1,wk inc flu hosp,2026-01-31,quantile,0.01,5
2026-01-24,56,1,wk inc flu hosp,2026-01-31,quantile,0.025,7
2026-01-24,56,1,wk inc flu hosp,2026-01-31,quantile,0.05,9
2026-01-24,56,1,wk inc flu hosp,2026-01-31,quantile,0.1,11
2026-01-24,56,1,wk inc flu hosp,2026-01-31,quantile,0.15,14
2026-01-24,56,1,wk inc flu hosp,2026-01-31,quantile,0.2,16
2026-01-24,56,1,wk inc flu hosp,2026-01-31,quantile,0.25,18
2026-01-24,56,1,wk inc flu hosp,2026-01-31,quantile,0.3,19
2026-01-24,56,1,wk inc flu hosp,2026-01-31,quantile,0.35,21
2026-01-24,56,1,wk inc flu hosp,2026-01-31,quantile,0.4,23
2026-01-24,56,1,wk inc flu hosp,2026-01-31,quantile,0.45,25
2026-01-24,56,1,wk inc flu hosp,2026-01-31,quantile,0.5,27
2026-01-24,56,1,wk inc flu hosp,2026-01-31,quantile,0.55,29
2026-01-24,56,1,wk inc flu hosp,2026-01-31,quantile,0.6,30
2026-01-24,56,1,wk inc flu hosp,2026-01-31,quantile,0.65,32
2026-01-24,56,1,wk inc flu hosp,2026-01-31,quantile,0.7,34
2026-01-24,56,1,wk inc flu hosp,2026-01-31,quantile,0.75,35
2026-01-24,56,1,wk inc flu hosp,2026-01-31,quantile,0.8,38
2026-01-24,56,1,wk inc flu hosp,2026-01-31,quantile,0.85,41
2026-01-24,56,1,wk inc flu hosp,2026-01-31,quantile,0.9,46
2026-01-24,56,1,wk inc flu hosp,2026-01-31,quantile,0.95,54
2026-01-24,56,1,wk inc flu hosp,2026-01-31,quantile,0.975,62
2026-01-24,56,1,wk inc flu hosp,2026-01-31,quantile,0.99,75
2026-01-24,56,2,wk inc flu hosp,2026-02-07,quantile,0.01,4
2026-01-24,56,2,wk inc flu hosp,2026-02-07,quantile,0.025,4
2026-01-24,56,2,wk inc flu hosp,2026-02-07,quantile,0.05,6
2026-01-24,56,2,wk inc flu hosp,2026-02-07,quantile,0.1,10
2026-01-24,56,2,wk inc flu hosp,2026-02-07,quantile,0.15,12
2026-01-24,56,2,wk inc flu hosp,2026-02-07,quantile,0.2,14
2026-01-24,56,2,wk inc flu hosp,2026-02-07,quantile,0.25,15
2026-01-24,56,2,wk inc flu hosp,2026-02-07,quantile,0.3,17
2026-01-24,56,2,wk inc flu hosp,2026-02-07,quantile,0.35,19
2026-01-24,56,2,wk inc flu hosp,2026-02-07,quantile,0.4,21
2026-01-24,56,2,wk inc flu hosp,2026-02-07,quantile,0.45,23
2026-01-24,56,2,wk inc flu hosp,2026-02-07,quantile,0.5,25
2026-01-24,56,2,wk inc flu hosp,2026-02-07,quantile,0.55,27
2026-01-24,56,2,wk inc flu hosp,2026-02-07,quantile,0.6,29
2026-01-24,56,2,wk inc flu hosp,2026-02-07,quantile,0.65,32
2026-01-24,56,2,wk inc flu hosp,2026-02-07,quantile,0.7,34
2026-01-24,56,2,wk inc flu hosp,2026-02-07,quantile,0.75,36
2026-01-24,56,2,wk inc flu hosp,2026-02-07,quantile,0.8,38
2026-01-24,56,2,wk inc flu hosp,2026-02-07,quantile,0.85,42
2026-01-24,56,2,wk inc flu hosp,2026-02-07,quantile,0.9,48
2026-01-24,56,2,wk inc flu hosp,2026-02-07,quantile,0.95,58
2026-01-24,56,2,wk inc flu hosp,2026-02-07,quantile,0.975,67
2026-01-24,56,2,wk inc flu hosp,2026-02-07,quantile,0.99,82
2026-01-24,56,3,wk inc flu hosp,2026-02-14,quantile,0.01,2
2026-01-24,56,3,wk inc flu hosp,2026-02-14,quantile,0.025,4
2026-01-24,56,3,wk inc flu hosp,2026-02-14,quantile,0.05,6
2026-01-24,56,3,wk inc flu hosp,2026-02-14,quantile,0.1,8
2026-01-24,56,3,wk inc flu hosp,2026-02-14,quantile,0.15,9
2026-01-24,56,3,wk inc flu hosp,2026-02-14,quantile,0.2,11
2026-01-24,56,3,wk inc flu hosp,2026-02-14,quantile,0.25,12
2026-01-24,56,3,wk inc flu hosp,2026-02-14,quantile,0.3,14
2026-01-24,56,3,wk inc flu hosp,2026-02-14,quantile,0.35,16
2026-01-24,56,3,wk inc flu hosp,2026-02-14,quantile,0.4,18
2026-01-24,56,3,wk inc flu hosp,2026-02-14,quantile,0.45,21
2026-01-24,56,3,wk inc flu hosp,2026-02-14,quantile,0.5,25
2026-01-24,56,3,wk inc flu hosp,2026-02-14,quantile,0.55,27
2026-01-24,56,3,wk inc flu hosp,2026-02-14,quantile,0.6,29
2026-01-24,56,3,wk inc flu hosp,2026-02-14,quantile,0.65,32
2026-01-24,56,3,wk inc flu hosp,2026-02-14,quantile,0.7,34
2026-01-24,56,3,wk inc flu hosp,2026-02-14,quantile,0.75,36
2026-01-24,56,3,wk inc flu hosp,2026-02-14,quantile,0.8,38
2026-01-24,56,3,wk inc flu hosp,2026-02-14,quantile,0.85,44
2026-01-24,56,3,wk inc flu hosp,2026-02-14,quantile,0.9,49
2026-01-24,56,3,wk inc flu hosp,2026-02-14,quantile,0.95,60
2026-01-24,56,3,wk inc flu hosp,2026-02-14,quantile,0.975,75
2026-01-24,56,3,wk inc flu hosp,2026-02-14,quantile,0.99,92
2026-01-24,72,0,wk inc flu hosp,2026-01-24,quantile,0.01,119
2026-01-24,72,0,wk inc flu hosp,2026-01-24,quantile,0.025,144
2026-01-24,72,0,wk inc flu hosp,2026-01-24,quantile,0.05,171
2026-01-24,72,0,wk inc flu hosp,2026-01-24,quantile,0.1,188
2026-01-24,72,0,wk inc flu hosp,2026-01-24,quantile,0.15,204
2026-01-24,72,0,wk inc flu hosp,2026-01-24,quantile,0.2,215
2026-01-24,72,0,wk inc flu hosp,2026-01-24,quantile,0.25,226
2026-01-24,72,0,wk inc flu hosp,2026-01-24,quantile,0.3,242
2026-01-24,72,0,wk inc flu hosp,2026-01-24,quantile,0.35,252
2026-01-24,72,0,wk inc flu hosp,2026-01-24,quantile,0.4,266
2026-01-24,72,0,wk inc flu hosp,2026-01-24,quantile,0.45,279
2026-01-24,72,0,wk inc flu hosp,2026-01-24,quantile,0.5,290
2026-01-24,72,0,wk inc flu hosp,2026-01-24,quantile,0.55,300
2026-01-24,72,0,wk inc flu hosp,2026-01-24,quantile,0.6,308
2026-01-24,72,0,wk inc flu hosp,2026-01-24,quantile,0.65,320
2026-01-24,72,0,wk inc flu hosp,2026-01-24,quantile,0.7,330
2026-01-24,72,0,wk inc flu hosp,2026-01-24,quantile,0.75,348
2026-01-24,72,0,wk inc flu hosp,2026-01-24,quantile,0.8,360
2026-01-24,72,0,wk inc flu hosp,2026-01-24,quantile,0.85,379
2026-01-24,72,0,wk inc flu hosp,2026-01-24,quantile,0.9,404
2026-01-24,72,0,wk inc flu hosp,2026-01-24,quantile,0.95,438
2026-01-24,72,0,wk inc flu hosp,2026-01-24,quantile,0.975,481
2026-01-24,72,0,wk inc flu hosp,2026-01-24,quantile,0.99,524
2026-01-24,72,1,wk inc flu hosp,2026-01-31,quantile,0.01,90
2026-01-24,72,1,wk inc flu hosp,2026-01-31,quantile,0.025,117
2026-01-24,72,1,wk inc flu hosp,2026-01-31,quantile,0.05,133
2026-01-24,72,1,wk inc flu hosp,2026-01-31,quantile,0.1,161
2026-01-24,72,1,wk inc flu hosp,2026-01-31,quantile,0.15,177
2026-01-24,72,1,wk inc flu hosp,2026-01-31,quantile,0.2,192
2026-01-24,72,1,wk inc flu hosp,2026-01-31,quantile,0.25,207
2026-01-24,72,1,wk inc flu hosp,2026-01-31,quantile,0.3,222
2026-01-24,72,1,wk inc flu hosp,2026-01-31,quantile,0.35,237
2026-01-24,72,1,wk inc flu hosp,2026-01-31,quantile,0.4,248
2026-01-24,72,1,wk inc flu hosp,2026-01-31,quantile,0.45,262
2026-01-24,72,1,wk inc flu hosp,2026-01-31,quantile,0.5,274
2026-01-24,72,1,wk inc flu hosp,2026-01-31,quantile,0.55,285
2026-01-24,72,1,wk inc flu hosp,2026-01-31,quantile,0.6,305
2026-01-24,72,1,wk inc flu hosp,2026-01-31,quantile,0.65,324
2026-01-24,72,1,wk inc flu hosp,2026-01-31,quantile,0.7,339
2026-01-24,72,1,wk inc flu hosp,2026-01-31,quantile,0.75,350
2026-01-24,72,1,wk inc flu hosp,2026-01-31,quantile,0.8,382
2026-01-24,72,1,wk inc flu hosp,2026-01-31,quantile,0.85,402
2026-01-24,72,1,wk inc flu hosp,2026-01-31,quantile,0.9,434
2026-01-24,72,1,wk inc flu hosp,2026-01-31,quantile,0.95,482
2026-01-24,72,1,wk inc flu hosp,2026-01-31,quantile,0.975,568
2026-01-24,72,1,wk inc flu hosp,2026-01-31,quantile,0.99,665
2026-01-24,72,2,wk inc flu hosp,2026-02-07,quantile,0.01,57
2026-01-24,72,2,wk inc flu hosp,2026-02-07,quantile,0.025,79
2026-01-24,72,2,wk inc flu hosp,2026-02-07,quantile,0.05,114
2026-01-24,72,2,wk inc flu hosp,2026-02-07,quantile,0.1,138
2026-01-24,72,2,wk inc flu hosp,2026-02-07,quantile,0.15,153
2026-01-24,72,2,wk inc flu hosp,2026-02-07,quantile,0.2,168
2026-01-24,72,2,wk inc flu hosp,2026-02-07,quantile,0.25,181
2026-01-24,72,2,wk inc flu hosp,2026-02-07,quantile,0.3,196
2026-01-24,72,2,wk inc flu hosp,2026-02-07,quantile,0.35,208
2026-01-24,72,2,wk inc flu hosp,2026-02-07,quantile,0.4,224
2026-01-24,72,2,wk inc flu hosp,2026-02-07,quantile,0.45,239
2026-01-24,72,2,wk inc flu hosp,2026-02-07,quantile,0.5,248
2026-01-24,72,2,wk inc flu hosp,2026-02-07,quantile,0.55,268
2026-01-24,72,2,wk inc flu hosp,2026-02-07,quantile,0.6,289
2026-01-24,72,2,wk inc flu hosp,2026-02-07,quantile,0.65,310
2026-01-24,72,2,wk inc flu hosp,2026-02-07,quantile,0.7,324
2026-01-24,72,2,wk inc flu hosp,2026-02-07,quantile,0.75,339
2026-01-24,72,2,wk inc flu hosp,2026-02-07,quantile,0.8,369
2026-01-24,72,2,wk inc flu hosp,2026-02-07,quantile,0.85,405
2026-01-24,72,2,wk inc flu hosp,2026-02-07,quantile,0.9,456
2026-01-24,72,2,wk inc flu hosp,2026-02-07,quantile,0.95,565
2026-01-24,72,2,wk inc flu hosp,2026-02-07,quantile,0.975,651
2026-01-24,72,2,wk inc flu hosp,2026-02-07,quantile,0.99,754
2026-01-24,72,3,wk inc flu hosp,2026-02-14,quantile,0.01,40
2026-01-24,72,3,wk inc flu hosp,2026-02-14,quantile,0.025,65
2026-01-24,72,3,wk inc flu hosp,2026-02-14,quantile,0.05,95
2026-01-24,72,3,wk inc flu hosp,2026-02-14,quantile,0.1,119
2026-01-24,72,3,wk inc flu hosp,2026-02-14,quantile,0.15,135
2026-01-24,72,3,wk inc flu hosp,2026-02-14,quantile,0.2,149
2026-01-24,72,3,wk inc flu hosp,2026-02-14,quantile,0.25,162
2026-01-24,72,3,wk inc flu hosp,2026-02-14,quantile,0.3,175
2026-01-24,72,3,wk inc flu hosp,2026-02-14,quantile,0.35,188
2026-01-24,72,3,wk inc flu hosp,2026-02-14,quantile,0.4,202
2026-01-24,72,3,wk inc flu hosp,2026-02-14,quantile,0.45,215
2026-01-24,72,3,wk inc flu hosp,2026-02-14,quantile,0.5,231
2026-01-24,72,3,wk inc flu hosp,2026-02-14,quantile,0.55,250
2026-01-24,72,3,wk inc flu hosp,2026-02-14,quantile,0.6,272
2026-01-24,72,3,wk inc flu hosp,2026-02-14,quantile,0.65,296
2026-01-24,72,3,wk inc flu hosp,2026-02-14,quantile,0.7,312
2026-01-24,72,3,wk inc flu hosp,2026-02-14,quantile,0.75,328
2026-01-24,72,3,wk inc flu hosp,2026-02-14,quantile,0.8,367
2026-01-24,72,3,wk inc flu hosp,2026-02-14,quantile,0.85,421
2026-01-24,72,3,wk inc flu hosp,2026-02-14,quantile,0.9,459
2026-01-24,72,3,wk inc flu hosp,2026-02-14,quantile,0.95,578
2026-01-24,72,3,wk inc flu hosp,2026-02-14,quantile,0.975,698
2026-01-24,72,3,wk inc flu hosp,2026-02-14,quantile,0.99,769
2026-01-24,US,0,wk inc flu hosp,2026-01-24,quantile,0.01,7167
2026-01-24,US,0,wk inc flu hosp,2026-01-24,quantile,0.025,8007
2026-01-24,US,0,wk inc flu hosp,2026-01-24,quantile,0.05,9266
2026-01-24,US,0,wk inc flu hosp,2026-01-24,quantile,0.1,10481
2026-01-24,US,0,wk inc flu hosp,2026-01-24,quantile,0.15,11400
2026-01-24,US,0,wk inc flu hosp,2026-01-24,quantile,0.2,12563
2026-01-24,US,0,wk inc flu hosp,2026-01-24,quantile,0.25,12901
2026-01-24,US,0,wk inc flu hosp,2026-01-24,quantile,0.3,13252
2026-01-24,US,0,wk inc flu hosp,2026-01-24,quantile,0.35,13535
2026-01-24,US,0,wk inc flu hosp,2026-01-24,quantile,0.4,14192
2026-01-24,US,0,wk inc flu hosp,2026-01-24,quantile,0.45,14913
2026-01-24,US,0,wk inc flu hosp,2026-01-24,quantile,0.5,16030
2026-01-24,US,0,wk inc flu hosp,2026-01-24,quantile,0.55,16361
2026-01-24,US,0,wk inc flu hosp,2026-01-24,quantile,0.6,16521
2026-01-24,US,0,wk inc flu hosp,2026-01-24,quantile,0.65,16852
2026-01-24,US,0,wk inc flu hosp,2026-01-24,quantile,0.7,17291
2026-01-24,US,0,wk inc flu hosp,2026-01-24,quantile,0.75,17647
2026-01-24,US,0,wk inc flu hosp,2026-01-24,quantile,0.8,18047
2026-01-24,US,0,wk inc flu hosp,2026-01-24,quantile,0.85,18731
2026-01-24,US,0,wk inc flu hosp,2026-01-24,quantile,0.9,20798
2026-01-24,US,0,wk inc flu hosp,2026-01-24,quantile,0.95,22699
2026-01-24,US,0,wk inc flu hosp,2026-01-24,quantile,0.975,24556
2026-01-24,US,0,wk inc flu hosp,2026-01-24,quantile,0.99,27309
2026-01-24,US,1,wk inc flu hosp,2026-01-31,quantile,0.01,5358
2026-01-24,US,1,wk inc flu hosp,2026-01-31,quantile,0.025,6192
2026-01-24,US,1,wk inc flu hosp,2026-01-31,quantile,0.05,6689
2026-01-24,US,1,wk inc flu hosp,2026-01-31,quantile,0.1,7771
2026-01-24,US,1,wk inc flu hosp,2026-01-31,quantile,0.15,8603
2026-01-24,US,1,wk inc flu hosp,2026-01-31,quantile,0.2,9361
2026-01-24,US,1,wk inc flu hosp,2026-01-31,quantile,0.25,9949
2026-01-24,US,1,wk inc flu hosp,2026-01-31,quantile,0.3,10699
2026-01-24,US,1,wk inc flu hosp,2026-01-31,quantile,0.35,11412
2026-01-24,US,1,wk inc flu hosp,2026-01-31,quantile,0.4,12242
2026-01-24,US,1,wk inc flu hosp,2026-01-31,quantile,0.45,13051
2026-01-24,US,1,wk inc flu hosp,2026-01-31,quantile,0.5,13784
2026-01-24,US,1,wk inc flu hosp,2026-01-31,quantile,0.55,14878
2026-01-24,US,1,wk inc flu hosp,2026-01-31,quantile,0.6,15952
2026-01-24,US,1,wk inc flu hosp,2026-01-31,quantile,0.65,16913
2026-01-24,US,1,wk inc flu hosp,2026-01-31,quantile,0.7,18106
2026-01-24,US,1,wk inc flu hosp,2026-01-31,quantile,0.75,19067
2026-01-24,US,1,wk inc flu hosp,2026-01-31,quantile,0.8,19688
2026-01-24,US,1,wk inc flu hosp,2026-01-31,quantile,0.85,21357
2026-01-24,US,1,wk inc flu hosp,2026-01-31,quantile,0.9,22808
2026-01-24,US,1,wk inc flu hosp,2026-01-31,quantile,0.95,27136
2026-01-24,US,1,wk inc flu hosp,2026-01-31,quantile,0.975,28188
2026-01-24,US,1,wk inc flu hosp,2026-01-31,quantile,0.99,32208
2026-01-24,US,2,wk inc flu hosp,2026-02-07,quantile,0.01,3776
2026-01-24,US,2,wk inc flu hosp,2026-02-07,quantile,0.025,4697
2026-01-24,US,2,wk inc flu hosp,2026-02-07,quantile,0.05,5174
2026-01-24,US,2,wk inc flu hosp,2026-02-07,quantile,0.1,6202
2026-01-24,US,2,wk inc flu hosp,2026-02-07,quantile,0.15,6797
2026-01-24,US,2,wk inc flu hosp,2026-02-07,quantile,0.2,7343
2026-01-24,US,2,wk inc flu hosp,2026-02-07,quantile,0.25,7987
2026-01-24,US,2,wk inc flu hosp,2026-02-07,quantile,0.3,8676
2026-01-24,US,2,wk inc flu hosp,2026-02-07,quantile,0.35,9443
2026-01-24,US,2,wk inc flu hosp,2026-02-07,quantile,0.4,10987
2026-01-24,US,2,wk inc flu hosp,2026-02-07,quantile,0.45,11717
2026-01-24,US,2,wk inc flu hosp,2026-02-07,quantile,0.5,12599
2026-01-24,US,2,wk inc flu hosp,2026-02-07,quantile,0.55,13551
2026-01-24,US,2,wk inc flu hosp,2026-02-07,quantile,0.6,14694
2026-01-24,US,2,wk inc flu hosp,2026-02-07,quantile,0.65,15839
2026-01-24,US,2,wk inc flu hosp,2026-02-07,quantile,0.7,17223
2026-01-24,US,2,wk inc flu hosp,2026-02-07,quantile,0.75,18791
2026-01-24,US,2,wk inc flu hosp,2026-02-07,quantile,0.8,20728
2026-01-24,US,2,wk inc flu hosp,2026-02-07,quantile,0.85,22717
2026-01-24,US,2,wk inc flu hosp,2026-02-07,quantile,0.9,26031
2026-01-24,US,2,wk inc flu hosp,2026-02-07,quantile,0.95,28914
2026-01-24,US,2,wk inc flu hosp,2026-02-07,quantile,0.975,32751
2026-01-24,US,2,wk inc flu hosp,2026-02-07,quantile,0.99,36856
2026-01-24,US,3,wk inc flu hosp,2026-02-14,quantile,0.01,2760
2026-01-24,US,3,wk inc flu hosp,2026-02-14,quantile,0.025,3572
2026-01-24,US,3,wk inc flu hosp,2026-02-14,quantile,0.05,4079
2026-01-24,US,3,wk inc flu hosp,2026-02-14,quantile,0.1,4798
2026-01-24,US,3,wk inc flu hosp,2026-02-14,quantile,0.15,5392
2026-01-24,US,3,wk inc flu hosp,2026-02-14,quantile,0.2,6048
2026-01-24,US,3,wk inc flu hosp,2026-02-14,quantile,0.25,6578
2026-01-24,US,3,wk inc flu hosp,2026-02-14,quantile,0.3,7029
2026-01-24,US,3,wk inc flu hosp,2026-02-14,quantile,0.35,8628
2026-01-24,US,3,wk inc flu hosp,2026-02-14,quantile,0.4,9145
2026-01-24,US,3,wk inc flu hosp,2026-02-14,quantile,0.45,10117
2026-01-24,US,3,wk inc flu hosp,2026-02-14,quantile,0.5,11618
2026-01-24,US,3,wk inc flu hosp,2026-02-14,quantile,0.55,13098
2026-01-24,US,3,wk inc flu hosp,2026-02-14,quantile,0.6,14300
2026-01-24,US,3,wk inc flu hosp,2026-02-14,quantile,0.65,15459
2026-01-24,US,3,wk inc flu hosp,2026-02-14,quantile,0.7,16609
2026-01-24,US,3,wk inc flu hosp,2026-02-14,quantile,0.75,17836
2026-01-24,US,3,wk inc flu hosp,2026-02-14,quantile,0.8,20355
2026-01-24,US,3,wk inc flu hosp,2026-02-14,quantile,0.85,23446
2026-01-24,US,3,wk inc flu hosp,2026-02-14,quantile,0.9,25612
2026-01-24,US,3,wk inc flu hosp,2026-02-14,quantile,0.95,29659
2026-01-24,US,3,wk inc flu hosp,2026-02-14,quantile,0.975,34010
2026-01-24,US,3,wk inc flu hosp,2026-02-14,quantile,0.99,38169
