reference_date,location,horizon,target,target_end_date,output_type,output_type_id,value
2026-04-18,01,0,wk inc flu hosp,2026-04-18,quantile,0.01,1
2026-04-18,01,0,wk inc flu hosp,2026-04-18,quantile,0.025,3
2026-04-18,01,0,wk inc flu hosp,2026-04-18,quantile,0.05,8
2026-04-18,01,0,wk inc flu hosp,2026-04-18,quantile,0.1,11
2026-04-18,01,0,wk inc flu hosp,2026-04-18,quantile,0.15,13
2026-04-18,01,0,wk inc flu hosp,2026-04-18,quantile,0.2,14
2026-04-18,01,0,wk inc flu hosp,2026-04-18,quantile,0.25,15
2026-04-18,01,0,wk inc flu hosp,2026-04-18,quantile,0.3,18
2026-04-18,01,0,wk inc flu hosp,2026-04-18,quantile,0.35,19
2026-04-18,01,0,wk inc flu hosp,2026-04-18,quantile,0.4,20
2026-04-18,01,0,wk inc flu hosp,2026-04-18,quantile,0.45,21
2026-04-18,01,0,wk inc flu hosp,2026-04-18,quantile,0.5,23
2026-04-18,01,0,wk inc flu hosp,2026-04-18,quantile,0.55,24
2026-04-18,01,0,wk inc flu hosp,2026-04-18,quantile,0.6,26
2026-04-18,01,0,wk inc flu hosp,2026-04-18,quantile,0.65,28
2026-04-18,01,0,wk inc flu hosp,2026-04-18,quantile,0.7,31
2026-04-18,01,0,wk inc flu hosp,2026-04-18,quantile,0.75,33
2026-04-18,01,0,wk inc flu hosp,2026-04-18,quantile,0.8,36
2026-04-18,01,0,wk inc flu hosp,2026-04-18,quantile,0.85,40
2026-04-18,01,0,wk inc flu hosp,2026-04-18,quantile,0.9,45
2026-04-18,01,0,wk inc flu hosp,2026-04-18,quantile,0.95,53
2026-04-18,01,0,wk inc flu hosp,2026-04-18,quantile,0.975,59
2026-04-18,01,0,wk inc flu hosp,2026-04-18,quantile,0.99,69
2026-04-18,01,1,wk inc flu hosp,2026-04-25,quantile,0.01,0
2026-04-18,01,1,wk inc flu hosp,2026-04-25,quantile,0.025,2
2026-04-18,01,1,wk inc flu hosp,2026-04-25,quantile,0.05,2
2026-04-18,01,1,wk inc flu hosp,2026-04-25,quantile,0.1,4
2026-04-18,01,1,wk inc flu hosp,2026-04-25,quantile,0.15,8
2026-04-18,01,1,wk inc flu hosp,2026-04-25,quantile,0.2,9
2026-04-18,01,1,wk inc flu hosp,2026-04-25,quantile,0.25,11
2026-04-18,01,1,wk inc flu hosp,2026-04-25,quantile,0.3,13
2026-04-18,01,1,wk inc flu hosp,2026-04-25,quantile,0.35,15
2026-04-18,01,1,wk inc flu hosp,2026-04-25,quantile,0.4,17
2026-04-18,01,1,wk inc flu hosp,2026-04-25,quantile,0.45,18
2026-04-18,01,1,wk inc flu hosp,2026-04-25,quantile,0.5,20
2026-04-18,01,1,wk inc flu hosp,2026-04-25,quantile,0.55,22
2026-04-18,01,1,wk inc flu hosp,2026-04-25,quantile,0.6,24
2026-04-18,01,1,wk inc flu hosp,2026-04-25,quantile,0.65,27
2026-04-18,01,1,wk inc flu hosp,2026-04-25,quantile,0.7,30
2026-04-18,01,1,wk inc flu hosp,2026-04-25,quantile,0.75,32
2026-04-18,01,1,wk inc flu hosp,2026-04-25,quantile,0.8,35
2026-04-18,01,1,wk inc flu hosp,2026-04-25,quantile,0.85,39
2026-04-18,01,1,wk inc flu hosp,2026-04-25,quantile,0.9,44
2026-04-18,01,1,wk inc flu hosp,2026-04-25,quantile,0.95,54
2026-04-18,01,1,wk inc flu hosp,2026-04-25,quantile,0.975,63
2026-04-18,01,1,wk inc flu hosp,2026-04-25,quantile,0.99,72
2026-04-18,01,2,wk inc flu hosp,2026-05-02,quantile,0.01,0
2026-04-18,01,2,wk inc flu hosp,2026-05-02,quantile,0.025,0
2026-04-18,01,2,wk inc flu hosp,2026-05-02,quantile,0.05,1
2026-04-18,01,2,wk inc flu hosp,2026-05-02,quantile,0.1,3
2026-04-18,01,2,wk inc flu hosp,2026-05-02,quantile,0.15,5
2026-04-18,01,2,wk inc flu hosp,2026-05-02,quantile,0.2,7
2026-04-18,01,2,wk inc flu hosp,2026-05-02,quantile,0.25,8
2026-04-18,01,2,wk inc flu hosp,2026-05-02,quantile,0.3,10
2026-04-18,01,2,wk inc flu hosp,2026-05-02,quantile,0.35,12
2026-04-18,01,2,wk inc flu hosp,2026-05-02,quantile,0.4,14
2026-04-18,01,2,wk inc flu hosp,2026-05-02,quantile,0.45,14
2026-04-18,01,2,wk inc flu hosp,2026-05-02,quantile,0.5,17
2026-04-18,01,2,wk inc flu hosp,2026-05-02,quantile,0.55,19
2026-04-18,01,2,wk inc flu hosp,2026-05-02,quantile,0.6,21
2026-04-18,01,2,wk inc flu hosp,2026-05-02,quantile,0.65,23
2026-04-18,01,2,wk inc flu hosp,2026-05-02,quantile,0.7,27
2026-04-18,01,2,wk inc flu hosp,2026-05-02,quantile,0.75,30
2026-04-18,01,2,wk inc flu hosp,2026-05-02,quantile,0.8,34
2026-04-18,01,2,wk inc flu hosp,2026-05-02,quantile,0.85,37
2026-04-18,01,2,wk inc flu hosp,2026-05-02,quantile,0.9,41
2026-04-18,01,2,wk inc flu hosp,2026-05-02,quantile,0.95,53
2026-04-18,01,2,wk inc flu hosp,2026-05-02,quantile,0.975,61
2026-04-18,01,2,wk inc flu hosp,2026-05-02,quantile,0.99,74
2026-04-18,01,3,wk inc flu hosp,2026-05-09,quantile,0.01,0
2026-04-18,01,3,wk inc flu hosp,2026-05-09,quantile,0.025,0
2026-04-18,01,3,wk inc flu hosp,2026-05-09,quantile,0.05,0
2026-04-18,01,3,wk inc flu hosp,2026-05-09,quantile,0.1,1
2026-04-18,01,3,wk inc flu hosp,2026-05-09,quantile,0.15,3
2026-04-18,01,3,wk inc flu hosp,2026-05-09,quantile,0.2,5
2026-04-18,01,3,wk inc flu hosp,2026-05-09,quantile,0.25,7
2026-04-18,01,3,wk inc flu hosp,2026-05-09,quantile,0.3,8
2026-04-18,01,3,wk inc flu hosp,2026-05-09,quantile,0.35,10
2026-04-18,01,3,wk inc flu hosp,2026-05-09,quantile,0.4,12
2026-04-18,01,3,wk inc flu hosp,2026-05-09,quantile,0.45,13
2026-04-18,01,3,wk inc flu hosp,2026-05-09,quantile,0.5,15
2026-04-18,01,3,wk inc flu hosp,2026-05-09,quantile,0.55,18
2026-04-18,01,3,wk inc flu hosp,2026-05-09,quantile,0.6,19
2026-04-18,01,3,wk inc flu hosp,2026-05-09,quantile,0.65,22
2026-04-18,01,3,wk inc flu hosp,2026-05-09,quantile,0.7,25
2026-04-18,01,3,wk inc flu hosp,2026-05-09,quantile,0.75,28
2026-04-18,01,3,wk inc flu hosp,2026-05-09,quantile,0.8,33
2026-04-18,01,3,wk inc flu hosp,2026-05-09,quantile,0.85,36
2026-04-18,01,3,wk inc flu hosp,2026-05-09,quantile,0.9,39
2026-04-18,01,3,wk inc flu hosp,2026-05-09,quantile,0.95,49
2026-04-18,01,3,wk inc flu hosp,2026-05-09,quantile,0.975,62
2026-04-18,01,3,wk inc flu hosp,2026-05-09,quantile,0.99,84
2026-04-18,02,0,wk inc flu hosp,2026-04-18,quantile,0.01,1
2026-04-18,02,0,wk inc flu hosp,2026-04-18,quantile,0.025,1
2026-04-18,02,0,wk inc flu hosp,2026-04-18,quantile,0.05,2
2026-04-18,02,0,wk inc flu hosp,2026-04-18,quantile,0.1,2
2026-04-18,02,0,wk inc flu hosp,2026-04-18,quantile,0.15,3
2026-04-18,02,0,wk inc flu hosp,2026-04-18,quantile,0.2,3
2026-04-18,02,0,wk inc flu hosp,2026-04-18,quantile,0.25,4
2026-04-18,02,0,wk inc flu hosp,2026-04-18,quantile,0.3,4
2026-04-18,02,0,wk inc flu hosp,2026-04-18,quantile,0.35,5
2026-04-18,02,0,wk inc flu hosp,2026-04-18,quantile,0.4,6
2026-04-18,02,0,wk inc flu hosp,2026-04-18,quantile,0.45,6
2026-04-18,02,0,wk inc flu hosp,2026-04-18,quantile,0.5,7
2026-04-18,02,0,wk inc flu hosp,2026-04-18,quantile,0.55,7
2026-04-18,02,0,wk inc flu hosp,2026-04-18,quantile,0.6,8
2026-04-18,02,0,wk inc flu hosp,2026-04-18,quantile,0.65,8
2026-04-18,02,0,wk inc flu hosp,2026-04-18,quantile,0.7,9
2026-04-18,02,0,wk inc flu hosp,2026-04-18,quantile,0.75,9
2026-04-18,02,0,wk inc flu hosp,2026-04-18,quantile,0.8,10
2026-04-18,02,0,wk inc flu hosp,2026-04-18,quantile,0.85,11
2026-04-18,02,0,wk inc flu hosp,2026-04-18,quantile,0.9,12
2026-04-18,02,0,wk inc flu hosp,2026-04-18,quantile,0.95,14
2026-04-18,02,0,wk inc flu hosp,2026-04-18,quantile,0.975,17
2026-04-18,02,0,wk inc flu hosp,2026-04-18,quantile,0.99,21
2026-04-18,02,1,wk inc flu hosp,2026-04-25,quantile,0.01,0
2026-04-18,02,1,wk inc flu hosp,2026-04-25,quantile,0.025,1
2026-04-18,02,1,wk inc flu hosp,2026-04-25,quantile,0.05,1
2026-04-18,02,1,wk inc flu hosp,2026-04-25,quantile,0.1,2
2026-04-18,02,1,wk inc flu hosp,2026-04-25,quantile,0.15,2
2026-04-18,02,1,wk inc flu hosp,2026-04-25,quantile,0.2,3
2026-04-18,02,1,wk inc flu hosp,2026-04-25,quantile,0.25,3
2026-04-18,02,1,wk inc flu hosp,2026-04-25,quantile,0.3,3
2026-04-18,02,1,wk inc flu hosp,2026-04-25,quantile,0.35,4
2026-04-18,02,1,wk inc flu hosp,2026-04-25,quantile,0.4,4
2026-04-18,02,1,wk inc flu hosp,2026-04-25,quantile,0.45,5
2026-04-18,02,1,wk inc flu hosp,2026-04-25,quantile,0.5,6
2026-04-18,02,1,wk inc flu hosp,2026-04-25,quantile,0.55,7
2026-04-18,02,1,wk inc flu hosp,2026-04-25,quantile,0.6,7
2026-04-18,02,1,wk inc flu hosp,2026-04-25,quantile,0.65,7
2026-04-18,02,1,wk inc flu hosp,2026-04-25,quantile,0.7,8
2026-04-18,02,1,wk inc flu hosp,2026-04-25,quantile,0.75,9
2026-04-18,02,1,wk inc flu hosp,2026-04-25,quantile,0.8,10
2026-04-18,02,1,wk inc flu hosp,2026-04-25,quantile,0.85,11
2026-04-18,02,1,wk inc flu hosp,2026-04-25,quantile,0.9,12
2026-04-18,02,1,wk inc flu hosp,2026-04-25,quantile,0.95,14
2026-04-18,02,1,wk inc flu hosp,2026-04-25,quantile,0.975,18
2026-04-18,02,1,wk inc flu hosp,2026-04-25,quantile,0.99,20
2026-04-18,02,2,wk inc flu hosp,2026-05-02,quantile,0.01,0
2026-04-18,02,2,wk inc flu hosp,2026-05-02,quantile,0.025,0
2026-04-18,02,2,wk inc flu hosp,2026-05-02,quantile,0.05,1
2026-04-18,02,2,wk inc flu hosp,2026-05-02,quantile,0.1,1
2026-04-18,02,2,wk inc flu hosp,2026-05-02,quantile,0.15,2
2026-04-18,02,2,wk inc flu hosp,2026-05-02,quantile,0.2,2
2026-04-18,02,2,wk inc flu hosp,2026-05-02,quantile,0.25,3
2026-04-18,02,2,wk inc flu hosp,2026-05-02,quantile,0.3,3
2026-04-18,02,2,wk inc flu hosp,2026-05-02,quantile,0.35,3
2026-04-18,02,2,wk inc flu hosp,2026-05-02,quantile,0.4,4
2026-04-18,02,2,wk inc flu hosp,2026-05-02,quantile,0.45,5
2026-04-18,02,2,wk inc flu hosp,2026-05-02,quantile,0.5,5
2026-04-18,02,2,wk inc flu hosp,2026-05-02,quantile,0.55,6
2026-04-18,02,2,wk inc flu hosp,2026-05-02,quantile,0.6,7
2026-04-18,02,2,wk inc flu hosp,2026-05-02,quantile,0.65,7
2026-04-18,02,2,wk inc flu hosp,2026-05-02,quantile,0.7,8
2026-04-18,02,2,wk inc flu hosp,2026-05-02,quantile,0.75,8
2026-04-18,02,2,wk inc flu hosp,2026-05-02,quantile,0.8,9
2026-04-18,02,2,wk inc flu hosp,2026-05-02,quantile,0.85,10
2026-04-18,02,2,wk inc flu hosp,2026-05-02,quantile,0.9,12
2026-04-18,02,2,wk inc flu hosp,2026-05-02,quantile,0.95,14
2026-04-18,02,2,wk inc flu hosp,2026-05-02,quantile,0.975,16
2026-04-18,02,2,wk inc flu hosp,2026-05-02,quantile,0.99,21
2026-04-18,02,3,wk inc flu hosp,2026-05-09,quantile,0.01,0
2026-04-18,02,3,wk inc flu hosp,2026-05-09,quantile,0.025,0
2026-04-18,02,3,wk inc flu hosp,2026-05-09,quantile,0.05,0
2026-04-18,02,3,wk inc flu hosp,2026-05-09,quantile,0.1,1
2026-04-18,02,3,wk inc flu hosp,2026-05-09,quantile,0.15,1
2026-04-18,02,3,wk inc flu hosp,2026-05-09,quantile,0.2,1
2026-04-18,02,3,wk inc flu hosp,2026-05-09,quantile,0.25,2
2026-04-18,02,3,wk inc flu hosp,2026-05-09,quantile,0.3,2
2026-04-18,02,3,wk inc flu hosp,2026-05-09,quantile,0.35,3
2026-04-18,02,3,wk inc flu hosp,2026-05-09,quantile,0.4,3
2026-04-18,02,3,wk inc flu hosp,2026-05-09,quantile,0.45,4
2026-04-18,02,3,wk inc flu hosp,2026-05-09,quantile,0.5,5
2026-04-18,02,3,wk inc flu hosp,2026-05-09,quantile,0.55,5
2026-04-18,02,3,wk inc flu hosp,2026-05-09,quantile,0.6,6
2026-04-18,02,3,wk inc flu hosp,2026-05-09,quantile,0.65,6
2026-04-18,02,3,wk inc flu hosp,2026-05-09,quantile,0.7,7
2026-04-18,02,3,wk inc flu hosp,2026-05-09,quantile,0.75,8
2026-04-18,02,3,wk inc flu hosp,2026-05-09,quantile,0.8,8
2026-04-18,02,3,wk inc flu hosp,2026-05-09,quantile,0.85,10
2026-04-18,02,3,wk inc flu hosp,2026-05-09,quantile,0.9,12
2026-04-18,02,3,wk inc flu hosp,2026-05-09,quantile,0.95,15
2026-04-18,02,3,wk inc flu hosp,2026-05-09,quantile,0.975,16
2026-04-18,02,3,wk inc flu hosp,2026-05-09,quantile,0.99,21
2026-04-18,04,0,wk inc flu hosp,2026-04-18,quantile,0.01,14
2026-04-18,04,0,wk inc flu hosp,2026-04-18,quantile,0.025,19
2026-04-18,04,0,wk inc flu hosp,2026-04-18,quantile,0.05,22
2026-04-18,04,0,wk inc flu hosp,2026-04-18,quantile,0.1,28
2026-04-18,04,0,wk inc flu hosp,2026-04-18,quantile,0.15,32
2026-04-18,04,0,wk inc flu hosp,2026-04-18,quantile,0.2,36
2026-04-18,04,0,wk inc flu hosp,2026-04-18,quantile,0.25,38
2026-04-18,04,0,wk inc flu hosp,2026-04-18,quantile,0.3,41
2026-04-18,04,0,wk inc flu hosp,2026-04-18,quantile,0.35,44
2026-04-18,04,0,wk inc flu hosp,2026-04-18,quantile,0.4,47
2026-04-18,04,0,wk inc flu hosp,2026-04-18,quantile,0.45,50
2026-04-18,04,0,wk inc flu hosp,2026-04-18,quantile,0.5,55
2026-04-18,04,0,wk inc flu hosp,2026-04-18,quantile,0.55,58
2026-04-18,04,0,wk inc flu hosp,2026-04-18,quantile,0.6,62
2026-04-18,04,0,wk inc flu hosp,2026-04-18,quantile,0.65,65
2026-04-18,04,0,wk inc flu hosp,2026-04-18,quantile,0.7,69
2026-04-18,04,0,wk inc flu hosp,2026-04-18,quantile,0.75,74
2026-04-18,04,0,wk inc flu hosp,2026-04-18,quantile,0.8,79
2026-04-18,04,0,wk inc flu hosp,2026-04-18,quantile,0.85,85
2026-04-18,04,0,wk inc flu hosp,2026-04-18,quantile,0.9,95
2026-04-18,04,0,wk inc flu hosp,2026-04-18,quantile,0.95,108
2026-04-18,04,0,wk inc flu hosp,2026-04-18,quantile,0.975,123
2026-04-18,04,0,wk inc flu hosp,2026-04-18,quantile,0.99,140
2026-04-18,04,1,wk inc flu hosp,2026-04-25,quantile,0.01,7
2026-04-18,04,1,wk inc flu hosp,2026-04-25,quantile,0.025,11
2026-04-18,04,1,wk inc flu hosp,2026-04-25,quantile,0.05,14
2026-04-18,04,1,wk inc flu hosp,2026-04-25,quantile,0.1,18
2026-04-18,04,1,wk inc flu hosp,2026-04-25,quantile,0.15,22
2026-04-18,04,1,wk inc flu hosp,2026-04-25,quantile,0.2,25
2026-04-18,04,1,wk inc flu hosp,2026-04-25,quantile,0.25,29
2026-04-18,04,1,wk inc flu hosp,2026-04-25,quantile,0.3,32
2026-04-18,04,1,wk inc flu hosp,2026-04-25,quantile,0.35,35
2026-04-18,04,1,wk inc flu hosp,2026-04-25,quantile,0.4,39
2026-04-18,04,1,wk inc flu hosp,2026-04-25,quantile,0.45,43
2026-04-18,04,1,wk inc flu hosp,2026-04-25,quantile,0.5,48
2026-04-18,04,1,wk inc flu hosp,2026-04-25,quantile,0.55,51
2026-04-18,04,1,wk inc flu hosp,2026-04-25,quantile,0.6,55
2026-04-18,04,1,wk inc flu hosp,2026-04-25,quantile,0.65,59
2026-04-18,04,1,wk inc flu hosp,2026-04-25,quantile,0.7,62
2026-04-18,04,1,wk inc flu hosp,2026-04-25,quantile,0.75,68
2026-04-18,04,1,wk inc flu hosp,2026-04-25,quantile,0.8,72
2026-04-18,04,1,wk inc flu hosp,2026-04-25,quantile,0.85,79
2026-04-18,04,1,wk inc flu hosp,2026-04-25,quantile,0.9,88
2026-04-18,04,1,wk inc flu hosp,2026-04-25,quantile,0.95,103
2026-04-18,04,1,wk inc flu hosp,2026-04-25,quantile,0.975,124
2026-04-18,04,1,wk inc flu hosp,2026-04-25,quantile,0.99,151
2026-04-18,04,2,wk inc flu hosp,2026-05-02,quantile,0.01,4
2026-04-18,04,2,wk inc flu hosp,2026-05-02,quantile,0.025,8
2026-04-18,04,2,wk inc flu hosp,2026-05-02,quantile,0.05,11
2026-04-18,04,2,wk inc flu hosp,2026-05-02,quantile,0.1,14
2026-04-18,04,2,wk inc flu hosp,2026-05-02,quantile,0.15,17
2026-04-18,04,2,wk inc flu hosp,2026-05-02,quantile,0.2,19
2026-04-18,04,2,wk inc flu hosp,2026-05-02,quantile,0.25,21
2026-04-18,04,2,wk inc flu hosp,2026-05-02,quantile,0.3,24
2026-04-18,04,2,wk inc flu hosp,2026-05-02,quantile,0.35,30
2026-04-18,04,2,wk inc flu hosp,2026-05-02,quantile,0.4,33
2026-04-18,04,2,wk inc flu hosp,2026-05-02,quantile,0.45,36
2026-04-18,04,2,wk inc flu hosp,2026-05-02,quantile,0.5,41
2026-04-18,04,2,wk inc flu hosp,2026-05-02,quantile,0.55,44
2026-04-18,04,2,wk inc flu hosp,2026-05-02,quantile,0.6,47
2026-04-18,04,2,wk inc flu hosp,2026-05-02,quantile,0.65,51
2026-04-18,04,2,wk inc flu hosp,2026-05-02,quantile,0.7,56
2026-04-18,04,2,wk inc flu hosp,2026-05-02,quantile,0.75,62
2026-04-18,04,2,wk inc flu hosp,2026-05-02,quantile,0.8,69
2026-04-18,04,2,wk inc flu hosp,2026-05-02,quantile,0.85,78
2026-04-18,04,2,wk inc flu hosp,2026-05-02,quantile,0.9,93
2026-04-18,04,2,wk inc flu hosp,2026-05-02,quantile,0.95,117
2026-04-18,04,2,wk inc flu hosp,2026-05-02,quantile,0.975,137
2026-04-18,04,2,wk inc flu hosp,2026-05-02,quantile,0.99,169
2026-04-18,04,3,wk inc flu hosp,2026-05-09,quantile,0.01,3
2026-04-18,04,3,wk inc flu hosp,2026-05-09,quantile,0.025,6
2026-04-18,04,3,wk inc flu hosp,2026-05-09,quantile,0.05,8
2026-04-18,04,3,wk inc flu hosp,2026-05-09,quantile,0.1,11
2026-04-18,04,3,wk inc flu hosp,2026-05-09,quantile,0.15,13
2026-04-18,04,3,wk inc flu hosp,2026-05-09,quantile,0.2,15
2026-04-18,04,3,wk inc flu hosp,2026-05-09,quantile,0.25,17
2026-04-18,04,3,wk inc flu hosp,2026-05-09,quantile,0.3,23
2026-04-18,04,3,wk inc flu hosp,2026-05-09,quantile,0.35,26
2026-04-18,04,3,wk inc flu hosp,2026-05-09,quantile,0.4,29
2026-04-18,04,3,wk inc flu hosp,2026-05-09,quantile,0.45,32
2026-04-18,04,3,wk inc flu hosp,2026-05-09,quantile,0.5,36
2026-04-18,04,3,wk inc flu hosp,2026-05-09,quantile,0.55,39
2026-04-18,04,3,wk inc flu hosp,2026-05-09,quantile,0.6,43
2026-04-18,04,3,wk inc flu hosp,2026-05-09,quantile,0.65,47
2026-04-18,04,3,wk inc flu hosp,2026-05-09,quantile,0.7,53
2026-04-18,04,3,wk inc flu hosp,2026-05-09,quantile,0.75,60
2026-04-18,04,3,wk inc flu hosp,2026-05-09,quantile,0.8,67
2026-04-18,04,3,wk inc flu hosp,2026-05-09,quantile,0.85,77
2026-04-18,04,3,wk inc flu hosp,2026-05-09,quantile,0.9,86
2026-04-18,04,3,wk inc flu hosp,2026-05-09,quantile,0.95,109
2026-04-18,04,3,wk inc flu hosp,2026-05-09,quantile,0.975,136
2026-04-18,04,3,wk inc flu hosp,2026-05-09,quantile,0.99,177
2026-04-18,05,0,wk inc flu hosp,2026-04-18,quantile,0.01,0
2026-04-18,05,0,wk inc flu hosp,2026-04-18,quantile,0.025,0
2026-04-18,05,0,wk inc flu hosp,2026-04-18,quantile,0.05,0
2026-04-18,05,0,wk inc flu hosp,2026-04-18,quantile,0.1,2
2026-04-18,05,0,wk inc flu hosp,2026-04-18,quantile,0.15,2
2026-04-18,05,0,wk inc flu hosp,2026-04-18,quantile,0.2,3
2026-04-18,05,0,wk inc flu hosp,2026-04-18,quantile,0.25,3
2026-04-18,05,0,wk inc flu hosp,2026-04-18,quantile,0.3,4
2026-04-18,05,0,wk inc flu hosp,2026-04-18,quantile,0.35,5
2026-04-18,05,0,wk inc flu hosp,2026-04-18,quantile,0.4,6
2026-04-18,05,0,wk inc flu hosp,2026-04-18,quantile,0.45,6
2026-04-18,05,0,wk inc flu hosp,2026-04-18,quantile,0.5,8
2026-04-18,05,0,wk inc flu hosp,2026-04-18,quantile,0.55,9
2026-04-18,05,0,wk inc flu hosp,2026-04-18,quantile,0.6,10
2026-04-18,05,0,wk inc flu hosp,2026-04-18,quantile,0.65,11
2026-04-18,05,0,wk inc flu hosp,2026-04-18,quantile,0.7,12
2026-04-18,05,0,wk inc flu hosp,2026-04-18,quantile,0.75,13
2026-04-18,05,0,wk inc flu hosp,2026-04-18,quantile,0.8,15
2026-04-18,05,0,wk inc flu hosp,2026-04-18,quantile,0.85,17
2026-04-18,05,0,wk inc flu hosp,2026-04-18,quantile,0.9,19
2026-04-18,05,0,wk inc flu hosp,2026-04-18,quantile,0.95,24
2026-04-18,05,0,wk inc flu hosp,2026-04-18,quantile,0.975,29
2026-04-18,05,0,wk inc flu hosp,2026-04-18,quantile,0.99,37
2026-04-18,05,1,wk inc flu hosp,2026-04-25,quantile,0.01,0
2026-04-18,05,1,wk inc flu hosp,2026-04-25,quantile,0.025,0
2026-04-18,05,1,wk inc flu hosp,2026-04-25,quantile,0.05,0
2026-04-18,05,1,wk inc flu hosp,2026-04-25,quantile,0.1,0
2026-04-18,05,1,wk inc flu hosp,2026-04-25,quantile,0.15,0
2026-04-18,05,1,wk inc flu hosp,2026-04-25,quantile,0.2,1
2026-04-18,05,1,wk inc flu hosp,2026-04-25,quantile,0.25,2
2026-04-18,05,1,wk inc flu hosp,2026-04-25,quantile,0.3,2
2026-04-18,05,1,wk inc flu hosp,2026-04-25,quantile,0.35,3
2026-04-18,05,1,wk inc flu hosp,2026-04-25,quantile,0.4,4
2026-04-18,05,1,wk inc flu hosp,2026-04-25,quantile,0.45,4
2026-04-18,05,1,wk inc flu hosp,2026-04-25,quantile,0.5,6
2026-04-18,05,1,wk inc flu hosp,2026-04-25,quantile,0.55,6
2026-04-18,05,1,wk inc flu hosp,2026-04-25,quantile,0.6,7
2026-04-18,05,1,wk inc flu hosp,2026-04-25,quantile,0.65,8
2026-04-18,05,1,wk inc flu hosp,2026-04-25,quantile,0.7,10
2026-04-18,05,1,wk inc flu hosp,2026-04-25,quantile,0.75,11
2026-04-18,05,1,wk inc flu hosp,2026-04-25,quantile,0.8,13
2026-04-18,05,1,wk inc flu hosp,2026-04-25,quantile,0.85,14
2026-04-18,05,1,wk inc flu hosp,2026-04-25,quantile,0.9,17
2026-04-18,05,1,wk inc flu hosp,2026-04-25,quantile,0.95,21
2026-04-18,05,1,wk inc flu hosp,2026-04-25,quantile,0.975,27
2026-04-18,05,1,wk inc flu hosp,2026-04-25,quantile,0.99,34
2026-04-18,05,2,wk inc flu hosp,2026-05-02,quantile,0.01,0
2026-04-18,05,2,wk inc flu hosp,2026-05-02,quantile,0.025,0
2026-04-18,05,2,wk inc flu hosp,2026-05-02,quantile,0.05,0
2026-04-18,05,2,wk inc flu hosp,2026-05-02,quantile,0.1,0
2026-04-18,05,2,wk inc flu hosp,2026-05-02,quantile,0.15,0
2026-04-18,05,2,wk inc flu hosp,2026-05-02,quantile,0.2,1
2026-04-18,05,2,wk inc flu hosp,2026-05-02,quantile,0.25,1
2026-04-18,05,2,wk inc flu hosp,2026-05-02,quantile,0.3,2
2026-04-18,05,2,wk inc flu hosp,2026-05-02,quantile,0.35,2
2026-04-18,05,2,wk inc flu hosp,2026-05-02,quantile,0.4,3
2026-04-18,05,2,wk inc flu hosp,2026-05-02,quantile,0.45,3
2026-04-18,05,2,wk inc flu hosp,2026-05-02,quantile,0.5,5
2026-04-18,05,2,wk inc flu hosp,2026-05-02,quantile,0.55,6
2026-04-18,05,2,wk inc flu hosp,2026-05-02,quantile,0.6,7
2026-04-18,05,2,wk inc flu hosp,2026-05-02,quantile,0.65,8
2026-04-18,05,2,wk inc flu hosp,2026-05-02,quantile,0.7,9
2026-04-18,05,2,wk inc flu hosp,2026-05-02,quantile,0.75,10
2026-04-18,05,2,wk inc flu hosp,2026-05-02,quantile,0.8,11
2026-04-18,05,2,wk inc flu hosp,2026-05-02,quantile,0.85,13
2026-04-18,05,2,wk inc flu hosp,2026-05-02,quantile,0.9,16
2026-04-18,05,2,wk inc flu hosp,2026-05-02,quantile,0.95,22
2026-04-18,05,2,wk inc flu hosp,2026-05-02,quantile,0.975,29
2026-04-18,05,2,wk inc flu hosp,2026-05-02,quantile,0.99,40
2026-04-18,05,3,wk inc flu hosp,2026-05-09,quantile,0.01,0
2026-04-18,05,3,wk inc flu hosp,2026-05-09,quantile,0.025,0
2026-04-18,05,3,wk inc flu hosp,2026-05-09,quantile,0.05,0
2026-04-18,05,3,wk inc flu hosp,2026-05-09,quantile,0.1,0
2026-04-18,05,3,wk inc flu hosp,2026-05-09,quantile,0.15,0
2026-04-18,05,3,wk inc flu hosp,2026-05-09,quantile,0.2,0
2026-04-18,05,3,wk inc flu hosp,2026-05-09,quantile,0.25,1
2026-04-18,05,3,wk inc flu hosp,2026-05-09,quantile,0.3,2
2026-04-18,05,3,wk inc flu hosp,2026-05-09,quantile,0.35,2
2026-04-18,05,3,wk inc flu hosp,2026-05-09,quantile,0.4,2
2026-04-18,05,3,wk inc flu hosp,2026-05-09,quantile,0.45,3
2026-04-18,05,3,wk inc flu hosp,2026-05-09,quantile,0.5,4
2026-04-18,05,3,wk inc flu hosp,2026-05-09,quantile,0.55,5
2026-04-18,05,3,wk inc flu hosp,2026-05-09,quantile,0.6,6
2026-04-18,05,3,wk inc flu hosp,2026-05-09,quantile,0.65,7
2026-04-18,05,3,wk inc flu hosp,2026-05-09,quantile,0.7,9
2026-04-18,05,3,wk inc flu hosp,2026-05-09,quantile,0.75,10
2026-04-18,05,3,wk inc flu hosp,2026-05-09,quantile,0.8,11
2026-04-18,05,3,wk inc flu hosp,2026-05-09,quantile,0.85,13
2026-04-18,05,3,wk inc flu hosp,2026-05-09,quantile,0.9,16
2026-04-18,05,3,wk inc flu hosp,2026-05-09,quantile,0.95,21
2026-04-18,05,3,wk inc flu hosp,2026-05-09,quantile,0.975,30
2026-04-18,05,3,wk inc flu hosp,2026-05-09,quantile,0.99,39
2026-04-18,06,0,wk inc flu hosp,2026-04-18,quantile,0.01,64
2026-04-18,06,0,wk inc flu hosp,2026-04-18,quantile,0.025,79
2026-04-18,06,0,wk inc flu hosp,2026-04-18,quantile,0.05,95
2026-04-18,06,0,wk inc flu hosp,2026-04-18,quantile,0.1,116
2026-04-18,06,0,wk inc flu hosp,2026-04-18,quantile,0.15,130
2026-04-18,06,0,wk inc flu hosp,2026-04-18,quantile,0.2,139
2026-04-18,06,0,wk inc flu hosp,2026-04-18,quantile,0.25,148
2026-04-18,06,0,wk inc flu hosp,2026-04-18,quantile,0.3,155
2026-04-18,06,0,wk inc flu hosp,2026-04-18,quantile,0.35,166
2026-04-18,06,0,wk inc flu hosp,2026-04-18,quantile,0.4,176
2026-04-18,06,0,wk inc flu hosp,2026-04-18,quantile,0.45,185
2026-04-18,06,0,wk inc flu hosp,2026-04-18,quantile,0.5,195
2026-04-18,06,0,wk inc flu hosp,2026-04-18,quantile,0.55,207
2026-04-18,06,0,wk inc flu hosp,2026-04-18,quantile,0.6,218
2026-04-18,06,0,wk inc flu hosp,2026-04-18,quantile,0.65,229
2026-04-18,06,0,wk inc flu hosp,2026-04-18,quantile,0.7,241
2026-04-18,06,0,wk inc flu hosp,2026-04-18,quantile,0.75,256
2026-04-18,06,0,wk inc flu hosp,2026-04-18,quantile,0.8,269
2026-04-18,06,0,wk inc flu hosp,2026-04-18,quantile,0.85,280
2026-04-18,06,0,wk inc flu hosp,2026-04-18,quantile,0.9,302
2026-04-18,06,0,wk inc flu hosp,2026-04-18,quantile,0.95,343
2026-04-18,06,0,wk inc flu hosp,2026-04-18,quantile,0.975,384
2026-04-18,06,0,wk inc flu hosp,2026-04-18,quantile,0.99,426
2026-04-18,06,1,wk inc flu hosp,2026-04-25,quantile,0.01,28
2026-04-18,06,1,wk inc flu hosp,2026-04-25,quantile,0.025,32
2026-04-18,06,1,wk inc flu hosp,2026-04-25,quantile,0.05,46
2026-04-18,06,1,wk inc flu hosp,2026-04-25,quantile,0.1,70
2026-04-18,06,1,wk inc flu hosp,2026-04-25,quantile,0.15,86
2026-04-18,06,1,wk inc flu hosp,2026-04-25,quantile,0.2,95
2026-04-18,06,1,wk inc flu hosp,2026-04-25,quantile,0.25,104
2026-04-18,06,1,wk inc flu hosp,2026-04-25,quantile,0.3,111
2026-04-18,06,1,wk inc flu hosp,2026-04-25,quantile,0.35,126
2026-04-18,06,1,wk inc flu hosp,2026-04-25,quantile,0.4,138
2026-04-18,06,1,wk inc flu hosp,2026-04-25,quantile,0.45,146
2026-04-18,06,1,wk inc flu hosp,2026-04-25,quantile,0.5,159
2026-04-18,06,1,wk inc flu hosp,2026-04-25,quantile,0.55,167
2026-04-18,06,1,wk inc flu hosp,2026-04-25,quantile,0.6,180
2026-04-18,06,1,wk inc flu hosp,2026-04-25,quantile,0.65,196
2026-04-18,06,1,wk inc flu hosp,2026-04-25,quantile,0.7,210
2026-04-18,06,1,wk inc flu hosp,2026-04-25,quantile,0.75,218
2026-04-18,06,1,wk inc flu hosp,2026-04-25,quantile,0.8,237
2026-04-18,06,1,wk inc flu hosp,2026-04-25,quantile,0.85,262
2026-04-18,06,1,wk inc flu hosp,2026-04-25,quantile,0.9,287
2026-04-18,06,1,wk inc flu hosp,2026-04-25,quantile,0.95,334
2026-04-18,06,1,wk inc flu hosp,2026-04-25,quantile,0.975,380
2026-04-18,06,1,wk inc flu hosp,2026-04-25,quantile,0.99,437
2026-04-18,06,2,wk inc flu hosp,2026-05-02,quantile,0.01,11
2026-04-18,06,2,wk inc flu hosp,2026-05-02,quantile,0.025,17
2026-04-18,06,2,wk inc flu hosp,2026-05-02,quantile,0.05,25
2026-04-18,06,2,wk inc flu hosp,2026-05-02,quantile,0.1,42
2026-04-18,06,2,wk inc flu hosp,2026-05-02,quantile,0.15,57
2026-04-18,06,2,wk inc flu hosp,2026-05-02,quantile,0.2,72
2026-04-18,06,2,wk inc flu hosp,2026-05-02,quantile,0.25,82
2026-04-18,06,2,wk inc flu hosp,2026-05-02,quantile,0.3,94
2026-04-18,06,2,wk inc flu hosp,2026-05-02,quantile,0.35,102
2026-04-18,06,2,wk inc flu hosp,2026-05-02,quantile,0.4,113
2026-04-18,06,2,wk inc flu hosp,2026-05-02,quantile,0.45,120
2026-04-18,06,2,wk inc flu hosp,2026-05-02,quantile,0.5,132
2026-04-18,06,2,wk inc flu hosp,2026-05-02,quantile,0.55,143
2026-04-18,06,2,wk inc flu hosp,2026-05-02,quantile,0.6,158
2026-04-18,06,2,wk inc flu hosp,2026-05-02,quantile,0.65,171
2026-04-18,06,2,wk inc flu hosp,2026-05-02,quantile,0.7,185
2026-04-18,06,2,wk inc flu hosp,2026-05-02,quantile,0.75,203
2026-04-18,06,2,wk inc flu hosp,2026-05-02,quantile,0.8,222
2026-04-18,06,2,wk inc flu hosp,2026-05-02,quantile,0.85,244
2026-04-18,06,2,wk inc flu hosp,2026-05-02,quantile,0.9,273
2026-04-18,06,2,wk inc flu hosp,2026-05-02,quantile,0.95,329
2026-04-18,06,2,wk inc flu hosp,2026-05-02,quantile,0.975,380
2026-04-18,06,2,wk inc flu hosp,2026-05-02,quantile,0.99,455
2026-04-18,06,3,wk inc flu hosp,2026-05-09,quantile,0.01,6
2026-04-18,06,3,wk inc flu hosp,2026-05-09,quantile,0.025,13
2026-04-18,06,3,wk inc flu hosp,2026-05-09,quantile,0.05,19
2026-04-18,06,3,wk inc flu hosp,2026-05-09,quantile,0.1,31
2026-04-18,06,3,wk inc flu hosp,2026-05-09,quantile,0.15,43
2026-04-18,06,3,wk inc flu hosp,2026-05-09,quantile,0.2,56
2026-04-18,06,3,wk inc flu hosp,2026-05-09,quantile,0.25,63
2026-04-18,06,3,wk inc flu hosp,2026-05-09,quantile,0.3,76
2026-04-18,06,3,wk inc flu hosp,2026-05-09,quantile,0.35,88
2026-04-18,06,3,wk inc flu hosp,2026-05-09,quantile,0.4,95
2026-04-18,06,3,wk inc flu hosp,2026-05-09,quantile,0.45,106
2026-04-18,06,3,wk inc flu hosp,2026-05-09,quantile,0.5,116
2026-04-18,06,3,wk inc flu hosp,2026-05-09,quantile,0.55,129
2026-04-18,06,3,wk inc flu hosp,2026-05-09,quantile,0.6,141
2026-04-18,06,3,wk inc flu hosp,2026-05-09,quantile,0.65,154
2026-04-18,06,3,wk inc flu hosp,2026-05-09,quantile,0.7,171
2026-04-18,06,3,wk inc flu hosp,2026-05-09,quantile,0.75,190
2026-04-18,06,3,wk inc flu hosp,2026-05-09,quantile,0.8,212
2026-04-18,06,3,wk inc flu hosp,2026-05-09,quantile,0.85,234
2026-04-18,06,3,wk inc flu hosp,2026-05-09,quantile,0.9,263
2026-04-18,06,3,wk inc flu hosp,2026-05-09,quantile,0.95,331
2026-04-18,06,3,wk inc flu hosp,2026-05-09,quantile,0.975,428
2026-04-18,06,3,wk inc flu hosp,2026-05-09,quantile,0.99,577
2026-04-18,08,0,wk inc flu hosp,2026-04-18,quantile,0.01,1
2026-04-18,08,0,wk inc flu hosp,2026-04-18,quantile,0.025,3
2026-04-18,08,0,wk inc flu hosp,2026-04-18,quantile,0.05,4
2026-04-18,08,0,wk inc flu hosp,2026-04-18,quantile,0.1,7
2026-04-18,08,0,wk inc flu hosp,2026-04-18,quantile,0.15,9
2026-04-18,08,0,wk inc flu hosp,2026-04-18,quantile,0.2,10
2026-04-18,08,0,wk inc flu hosp,2026-04-18,quantile,0.25,12
2026-04-18,08,0,wk inc flu hosp,2026-04-18,quantile,0.3,13
2026-04-18,08,0,wk inc flu hosp,2026-04-18,quantile,0.35,15
2026-04-18,08,0,wk inc flu hosp,2026-04-18,quantile,0.4,16
2026-04-18,08,0,wk inc flu hosp,2026-04-18,quantile,0.45,18
2026-04-18,08,0,wk inc flu hosp,2026-04-18,quantile,0.5,20
2026-04-18,08,0,wk inc flu hosp,2026-04-18,quantile,0.55,21
2026-04-18,08,0,wk inc flu hosp,2026-04-18,quantile,0.6,23
2026-04-18,08,0,wk inc flu hosp,2026-04-18,quantile,0.65,24
2026-04-18,08,0,wk inc flu hosp,2026-04-18,quantile,0.7,27
2026-04-18,08,0,wk inc flu hosp,2026-04-18,quantile,0.75,29
2026-04-18,08,0,wk inc flu hosp,2026-04-18,quantile,0.8,33
2026-04-18,08,0,wk inc flu hosp,2026-04-18,quantile,0.85,35
2026-04-18,08,0,wk inc flu hosp,2026-04-18,quantile,0.9,41
2026-04-18,08,0,wk inc flu hosp,2026-04-18,quantile,0.95,47
2026-04-18,08,0,wk inc flu hosp,2026-04-18,quantile,0.975,54
2026-04-18,08,0,wk inc flu hosp,2026-04-18,quantile,0.99,60
2026-04-18,08,1,wk inc flu hosp,2026-04-25,quantile,0.01,0
2026-04-18,08,1,wk inc flu hosp,2026-04-25,quantile,0.025,0
2026-04-18,08,1,wk inc flu hosp,2026-04-25,quantile,0.05,1
2026-04-18,08,1,wk inc flu hosp,2026-04-25,quantile,0.1,3
2026-04-18,08,1,wk inc flu hosp,2026-04-25,quantile,0.15,4
2026-04-18,08,1,wk inc flu hosp,2026-04-25,quantile,0.2,6
2026-04-18,08,1,wk inc flu hosp,2026-04-25,quantile,0.25,7
2026-04-18,08,1,wk inc flu hosp,2026-04-25,quantile,0.3,8
2026-04-18,08,1,wk inc flu hosp,2026-04-25,quantile,0.35,10
2026-04-18,08,1,wk inc flu hosp,2026-04-25,quantile,0.4,12
2026-04-18,08,1,wk inc flu hosp,2026-04-25,quantile,0.45,13
2026-04-18,08,1,wk inc flu hosp,2026-04-25,quantile,0.5,14
2026-04-18,08,1,wk inc flu hosp,2026-04-25,quantile,0.55,17
2026-04-18,08,1,wk inc flu hosp,2026-04-25,quantile,0.6,20
2026-04-18,08,1,wk inc flu hosp,2026-04-25,quantile,0.65,21
2026-04-18,08,1,wk inc flu hosp,2026-04-25,quantile,0.7,23
2026-04-18,08,1,wk inc flu hosp,2026-04-25,quantile,0.75,26
2026-04-18,08,1,wk inc flu hosp,2026-04-25,quantile,0.8,29
2026-04-18,08,1,wk inc flu hosp,2026-04-25,quantile,0.85,32
2026-04-18,08,1,wk inc flu hosp,2026-04-25,quantile,0.9,36
2026-04-18,08,1,wk inc flu hosp,2026-04-25,quantile,0.95,43
2026-04-18,08,1,wk inc flu hosp,2026-04-25,quantile,0.975,50
2026-04-18,08,1,wk inc flu hosp,2026-04-25,quantile,0.99,60
2026-04-18,08,2,wk inc flu hosp,2026-05-02,quantile,0.01,0
2026-04-18,08,2,wk inc flu hosp,2026-05-02,quantile,0.025,0
2026-04-18,08,2,wk inc flu hosp,2026-05-02,quantile,0.05,0
2026-04-18,08,2,wk inc flu hosp,2026-05-02,quantile,0.1,1
2026-04-18,08,2,wk inc flu hosp,2026-05-02,quantile,0.15,3
2026-04-18,08,2,wk inc flu hosp,2026-05-02,quantile,0.2,5
2026-04-18,08,2,wk inc flu hosp,2026-05-02,quantile,0.25,6
2026-04-18,08,2,wk inc flu hosp,2026-05-02,quantile,0.3,7
2026-04-18,08,2,wk inc flu hosp,2026-05-02,quantile,0.35,8
2026-04-18,08,2,wk inc flu hosp,2026-05-02,quantile,0.4,9
2026-04-18,08,2,wk inc flu hosp,2026-05-02,quantile,0.45,10
2026-04-18,08,2,wk inc flu hosp,2026-05-02,quantile,0.5,13
2026-04-18,08,2,wk inc flu hosp,2026-05-02,quantile,0.55,15
2026-04-18,08,2,wk inc flu hosp,2026-05-02,quantile,0.6,17
2026-04-18,08,2,wk inc flu hosp,2026-05-02,quantile,0.65,18
2026-04-18,08,2,wk inc flu hosp,2026-05-02,quantile,0.7,21
2026-04-18,08,2,wk inc flu hosp,2026-05-02,quantile,0.75,22
2026-04-18,08,2,wk inc flu hosp,2026-05-02,quantile,0.8,25
2026-04-18,08,2,wk inc flu hosp,2026-05-02,quantile,0.85,29
2026-04-18,08,2,wk inc flu hosp,2026-05-02,quantile,0.9,32
2026-04-18,08,2,wk inc flu hosp,2026-05-02,quantile,0.95,41
2026-04-18,08,2,wk inc flu hosp,2026-05-02,quantile,0.975,51
2026-04-18,08,2,wk inc flu hosp,2026-05-02,quantile,0.99,64
2026-04-18,08,3,wk inc flu hosp,2026-05-09,quantile,0.01,0
2026-04-18,08,3,wk inc flu hosp,2026-05-09,quantile,0.025,0
2026-04-18,08,3,wk inc flu hosp,2026-05-09,quantile,0.05,0
2026-04-18,08,3,wk inc flu hosp,2026-05-09,quantile,0.1,0
2026-04-18,08,3,wk inc flu hosp,2026-05-09,quantile,0.15,2
2026-04-18,08,3,wk inc flu hosp,2026-05-09,quantile,0.2,2
2026-04-18,08,3,wk inc flu hosp,2026-05-09,quantile,0.25,4
2026-04-18,08,3,wk inc flu hosp,2026-05-09,quantile,0.3,5
2026-04-18,08,3,wk inc flu hosp,2026-05-09,quantile,0.35,6
2026-04-18,08,3,wk inc flu hosp,2026-05-09,quantile,0.4,6
2026-04-18,08,3,wk inc flu hosp,2026-05-09,quantile,0.45,8
2026-04-18,08,3,wk inc flu hosp,2026-05-09,quantile,0.5,11
2026-04-18,08,3,wk inc flu hosp,2026-05-09,quantile,0.55,12
2026-04-18,08,3,wk inc flu hosp,2026-05-09,quantile,0.6,14
2026-04-18,08,3,wk inc flu hosp,2026-05-09,quantile,0.65,16
2026-04-18,08,3,wk inc flu hosp,2026-05-09,quantile,0.7,18
2026-04-18,08,3,wk inc flu hosp,2026-05-09,quantile,0.75,20
2026-04-18,08,3,wk inc flu hosp,2026-05-09,quantile,0.8,23
2026-04-18,08,3,wk inc flu hosp,2026-05-09,quantile,0.85,28
2026-04-18,08,3,wk inc flu hosp,2026-05-09,quantile,0.9,32
2026-04-18,08,3,wk inc flu hosp,2026-05-09,quantile,0.95,42
2026-04-18,08,3,wk inc flu hosp,2026-05-09,quantile,0.975,55
2026-04-18,08,3,wk inc flu hosp,2026-05-09,quantile,0.99,71
2026-04-18,09,0,wk inc flu hosp,2026-04-18,quantile,0.01,4
2026-04-18,09,0,wk inc flu hosp,2026-04-18,quantile,0.025,5
2026-04-18,09,0,wk inc flu hosp,2026-04-18,quantile,0.05,7
2026-04-18,09,0,wk inc flu hosp,2026-04-18,quantile,0.1,10
2026-04-18,09,0,wk inc flu hosp,2026-04-18,quantile,0.15,13
2026-04-18,09,0,wk inc flu hosp,2026-04-18,quantile,0.2,15
2026-04-18,09,0,wk inc flu hosp,2026-04-18,quantile,0.25,16
2026-04-18,09,0,wk inc flu hosp,2026-04-18,quantile,0.3,18
2026-04-18,09,0,wk inc flu hosp,2026-04-18,quantile,0.35,19
2026-04-18,09,0,wk inc flu hosp,2026-04-18,quantile,0.4,20
2026-04-18,09,0,wk inc flu hosp,2026-04-18,quantile,0.45,22
2026-04-18,09,0,wk inc flu hosp,2026-04-18,quantile,0.5,24
2026-04-18,09,0,wk inc flu hosp,2026-04-18,quantile,0.55,25
2026-04-18,09,0,wk inc flu hosp,2026-04-18,quantile,0.6,27
2026-04-18,09,0,wk inc flu hosp,2026-04-18,quantile,0.65,28
2026-04-18,09,0,wk inc flu hosp,2026-04-18,quantile,0.7,30
2026-04-18,09,0,wk inc flu hosp,2026-04-18,quantile,0.75,33
2026-04-18,09,0,wk inc flu hosp,2026-04-18,quantile,0.8,35
2026-04-18,09,0,wk inc flu hosp,2026-04-18,quantile,0.85,37
2026-04-18,09,0,wk inc flu hosp,2026-04-18,quantile,0.9,41
2026-04-18,09,0,wk inc flu hosp,2026-04-18,quantile,0.95,49
2026-04-18,09,0,wk inc flu hosp,2026-04-18,quantile,0.975,56
2026-04-18,09,0,wk inc flu hosp,2026-04-18,quantile,0.99,63
2026-04-18,09,1,wk inc flu hosp,2026-04-25,quantile,0.01,1
2026-04-18,09,1,wk inc flu hosp,2026-04-25,quantile,0.025,2
2026-04-18,09,1,wk inc flu hosp,2026-04-25,quantile,0.05,3
2026-04-18,09,1,wk inc flu hosp,2026-04-25,quantile,0.1,5
2026-04-18,09,1,wk inc flu hosp,2026-04-25,quantile,0.15,7
2026-04-18,09,1,wk inc flu hosp,2026-04-25,quantile,0.2,8
2026-04-18,09,1,wk inc flu hosp,2026-04-25,quantile,0.25,10
2026-04-18,09,1,wk inc flu hosp,2026-04-25,quantile,0.3,13
2026-04-18,09,1,wk inc flu hosp,2026-04-25,quantile,0.35,15
2026-04-18,09,1,wk inc flu hosp,2026-04-25,quantile,0.4,16
2026-04-18,09,1,wk inc flu hosp,2026-04-25,quantile,0.45,17
2026-04-18,09,1,wk inc flu hosp,2026-04-25,quantile,0.5,21
2026-04-18,09,1,wk inc flu hosp,2026-04-25,quantile,0.55,23
2026-04-18,09,1,wk inc flu hosp,2026-04-25,quantile,0.6,24
2026-04-18,09,1,wk inc flu hosp,2026-04-25,quantile,0.65,26
2026-04-18,09,1,wk inc flu hosp,2026-04-25,quantile,0.7,28
2026-04-18,09,1,wk inc flu hosp,2026-04-25,quantile,0.75,30
2026-04-18,09,1,wk inc flu hosp,2026-04-25,quantile,0.8,33
2026-04-18,09,1,wk inc flu hosp,2026-04-25,quantile,0.85,36
2026-04-18,09,1,wk inc flu hosp,2026-04-25,quantile,0.9,42
2026-04-18,09,1,wk inc flu hosp,2026-04-25,quantile,0.95,49
2026-04-18,09,1,wk inc flu hosp,2026-04-25,quantile,0.975,65
2026-04-18,09,1,wk inc flu hosp,2026-04-25,quantile,0.99,83
2026-04-18,09,2,wk inc flu hosp,2026-05-02,quantile,0.01,0
2026-04-18,09,2,wk inc flu hosp,2026-05-02,quantile,0.025,2
2026-04-18,09,2,wk inc flu hosp,2026-05-02,quantile,0.05,2
2026-04-18,09,2,wk inc flu hosp,2026-05-02,quantile,0.1,3
2026-04-18,09,2,wk inc flu hosp,2026-05-02,quantile,0.15,5
2026-04-18,09,2,wk inc flu hosp,2026-05-02,quantile,0.2,6
2026-04-18,09,2,wk inc flu hosp,2026-05-02,quantile,0.25,7
2026-04-18,09,2,wk inc flu hosp,2026-05-02,quantile,0.3,10
2026-04-18,09,2,wk inc flu hosp,2026-05-02,quantile,0.35,12
2026-04-18,09,2,wk inc flu hosp,2026-05-02,quantile,0.4,13
2026-04-18,09,2,wk inc flu hosp,2026-05-02,quantile,0.45,14
2026-04-18,09,2,wk inc flu hosp,2026-05-02,quantile,0.5,17
2026-04-18,09,2,wk inc flu hosp,2026-05-02,quantile,0.55,19
2026-04-18,09,2,wk inc flu hosp,2026-05-02,quantile,0.6,21
2026-04-18,09,2,wk inc flu hosp,2026-05-02,quantile,0.65,24
2026-04-18,09,2,wk inc flu hosp,2026-05-02,quantile,0.7,26
2026-04-18,09,2,wk inc flu hosp,2026-05-02,quantile,0.75,29
2026-04-18,09,2,wk inc flu hosp,2026-05-02,quantile,0.8,33
2026-04-18,09,2,wk inc flu hosp,2026-05-02,quantile,0.85,36
2026-04-18,09,2,wk inc flu hosp,2026-05-02,quantile,0.9,43
2026-04-18,09,2,wk inc flu hosp,2026-05-02,quantile,0.95,60
2026-04-18,09,2,wk inc flu hosp,2026-05-02,quantile,0.975,76
2026-04-18,09,2,wk inc flu hosp,2026-05-02,quantile,0.99,91
2026-04-18,09,3,wk inc flu hosp,2026-05-09,quantile,0.01,0
2026-04-18,09,3,wk inc flu hosp,2026-05-09,quantile,0.025,0
2026-04-18,09,3,wk inc flu hosp,2026-05-09,quantile,0.05,2
2026-04-18,09,3,wk inc flu hosp,2026-05-09,quantile,0.1,3
2026-04-18,09,3,wk inc flu hosp,2026-05-09,quantile,0.15,4
2026-04-18,09,3,wk inc flu hosp,2026-05-09,quantile,0.2,5
2026-04-18,09,3,wk inc flu hosp,2026-05-09,quantile,0.25,7
2026-04-18,09,3,wk inc flu hosp,2026-05-09,quantile,0.3,7
2026-04-18,09,3,wk inc flu hosp,2026-05-09,quantile,0.35,9
2026-04-18,09,3,wk inc flu hosp,2026-05-09,quantile,0.4,10
2026-04-18,09,3,wk inc flu hosp,2026-05-09,quantile,0.45,12
2026-04-18,09,3,wk inc flu hosp,2026-05-09,quantile,0.5,15
2026-04-18,09,3,wk inc flu hosp,2026-05-09,quantile,0.55,18
2026-04-18,09,3,wk inc flu hosp,2026-05-09,quantile,0.6,20
2026-04-18,09,3,wk inc flu hosp,2026-05-09,quantile,0.65,21
2026-04-18,09,3,wk inc flu hosp,2026-05-09,quantile,0.7,25
2026-04-18,09,3,wk inc flu hosp,2026-05-09,quantile,0.75,29
2026-04-18,09,3,wk inc flu hosp,2026-05-09,quantile,0.8,32
2026-04-18,09,3,wk inc flu hosp,2026-05-09,quantile,0.85,36
2026-04-18,09,3,wk inc flu hosp,2026-05-09,quantile,0.9,40
2026-04-18,09,3,wk inc flu hosp,2026-05-09,quantile,0.95,51
2026-04-18,09,3,wk inc flu hosp,2026-05-09,quantile,0.975,72
2026-04-18,09,3,wk inc flu hosp,2026-05-09,quantile,0.99,91
2026-04-18,10,0,wk inc flu hosp,2026-04-18,quantile,0.01,0
2026-04-18,10,0,wk inc flu hosp,2026-04-18,quantile,0.025,0
2026-04-18,10,0,wk inc flu hosp,2026-04-18,quantile,0.05,0
2026-04-18,10,0,wk inc flu hosp,2026-04-18,quantile,0.1,1
2026-04-18,10,0,wk inc flu hosp,2026-04-18,quantile,0.15,1
2026-04-18,10,0,wk inc flu hosp,2026-04-18,quantile,0.2,1
2026-04-18,10,0,wk inc flu hosp,2026-04-18,quantile,0.25,2
2026-04-18,10,0,wk inc flu hosp,2026-04-18,quantile,0.3,2
2026-04-18,10,0,wk inc flu hosp,2026-04-18,quantile,0.35,2
2026-04-18,10,0,wk inc flu hosp,2026-04-18,quantile,0.4,3
2026-04-18,10,0,wk inc flu hosp,2026-04-18,quantile,0.45,3
2026-04-18,10,0,wk inc flu hosp,2026-04-18,quantile,0.5,4
2026-04-18,10,0,wk inc flu hosp,2026-04-18,quantile,0.55,5
2026-04-18,10,0,wk inc flu hosp,2026-04-18,quantile,0.6,5
2026-04-18,10,0,wk inc flu hosp,2026-04-18,quantile,0.65,6
2026-04-18,10,0,wk inc flu hosp,2026-04-18,quantile,0.7,7
2026-04-18,10,0,wk inc flu hosp,2026-04-18,quantile,0.75,7
2026-04-18,10,0,wk inc flu hosp,2026-04-18,quantile,0.8,8
2026-04-18,10,0,wk inc flu hosp,2026-04-18,quantile,0.85,10
2026-04-18,10,0,wk inc flu hosp,2026-04-18,quantile,0.9,12
2026-04-18,10,0,wk inc flu hosp,2026-04-18,quantile,0.95,14
2026-04-18,10,0,wk inc flu hosp,2026-04-18,quantile,0.975,17
2026-04-18,10,0,wk inc flu hosp,2026-04-18,quantile,0.99,21
2026-04-18,10,1,wk inc flu hosp,2026-04-25,quantile,0.01,0
2026-04-18,10,1,wk inc flu hosp,2026-04-25,quantile,0.025,0
2026-04-18,10,1,wk inc flu hosp,2026-04-25,quantile,0.05,0
2026-04-18,10,1,wk inc flu hosp,2026-04-25,quantile,0.1,0
2026-04-18,10,1,wk inc flu hosp,2026-04-25,quantile,0.15,0
2026-04-18,10,1,wk inc flu hosp,2026-04-25,quantile,0.2,0
2026-04-18,10,1,wk inc flu hosp,2026-04-25,quantile,0.25,1
2026-04-18,10,1,wk inc flu hosp,2026-04-25,quantile,0.3,1
2026-04-18,10,1,wk inc flu hosp,2026-04-25,quantile,0.35,1
2026-04-18,10,1,wk inc flu hosp,2026-04-25,quantile,0.4,2
2026-04-18,10,1,wk inc flu hosp,2026-04-25,quantile,0.45,2
2026-04-18,10,1,wk inc flu hosp,2026-04-25,quantile,0.5,3
2026-04-18,10,1,wk inc flu hosp,2026-04-25,quantile,0.55,4
2026-04-18,10,1,wk inc flu hosp,2026-04-25,quantile,0.6,5
2026-04-18,10,1,wk inc flu hosp,2026-04-25,quantile,0.65,5
2026-04-18,10,1,wk inc flu hosp,2026-04-25,quantile,0.7,6
2026-04-18,10,1,wk inc flu hosp,2026-04-25,quantile,0.75,7
2026-04-18,10,1,wk inc flu hosp,2026-04-25,quantile,0.8,8
2026-04-18,10,1,wk inc flu hosp,2026-04-25,quantile,0.85,9
2026-04-18,10,1,wk inc flu hosp,2026-04-25,quantile,0.9,10
2026-04-18,10,1,wk inc flu hosp,2026-04-25,quantile,0.95,14
2026-04-18,10,1,wk inc flu hosp,2026-04-25,quantile,0.975,17
2026-04-18,10,1,wk inc flu hosp,2026-04-25,quantile,0.99,23
2026-04-18,10,2,wk inc flu hosp,2026-05-02,quantile,0.01,0
2026-04-18,10,2,wk inc flu hosp,2026-05-02,quantile,0.025,0
2026-04-18,10,2,wk inc flu hosp,2026-05-02,quantile,0.05,0
2026-04-18,10,2,wk inc flu hosp,2026-05-02,quantile,0.1,0
2026-04-18,10,2,wk inc flu hosp,2026-05-02,quantile,0.15,0
2026-04-18,10,2,wk inc flu hosp,2026-05-02,quantile,0.2,0
2026-04-18,10,2,wk inc flu hosp,2026-05-02,quantile,0.25,0
2026-04-18,10,2,wk inc flu hosp,2026-05-02,quantile,0.3,0
2026-04-18,10,2,wk inc flu hosp,2026-05-02,quantile,0.35,1
2026-04-18,10,2,wk inc flu hosp,2026-05-02,quantile,0.4,1
2026-04-18,10,2,wk inc flu hosp,2026-05-02,quantile,0.45,1
2026-04-18,10,2,wk inc flu hosp,2026-05-02,quantile,0.5,3
2026-04-18,10,2,wk inc flu hosp,2026-05-02,quantile,0.55,3
2026-04-18,10,2,wk inc flu hosp,2026-05-02,quantile,0.6,4
2026-04-18,10,2,wk inc flu hosp,2026-05-02,quantile,0.65,4
2026-04-18,10,2,wk inc flu hosp,2026-05-02,quantile,0.7,5
2026-04-18,10,2,wk inc flu hosp,2026-05-02,quantile,0.75,6
2026-04-18,10,2,wk inc flu hosp,2026-05-02,quantile,0.8,7
2026-04-18,10,2,wk inc flu hosp,2026-05-02,quantile,0.85,8
2026-04-18,10,2,wk inc flu hosp,2026-05-02,quantile,0.9,9
2026-04-18,10,2,wk inc flu hosp,2026-05-02,quantile,0.95,12
2026-04-18,10,2,wk inc flu hosp,2026-05-02,quantile,0.975,16
2026-04-18,10,2,wk inc flu hosp,2026-05-02,quantile,0.99,23
2026-04-18,10,3,wk inc flu hosp,2026-05-09,quantile,0.01,0
2026-04-18,10,3,wk inc flu hosp,2026-05-09,quantile,0.025,0
2026-04-18,10,3,wk inc flu hosp,2026-05-09,quantile,0.05,0
2026-04-18,10,3,wk inc flu hosp,2026-05-09,quantile,0.1,0
2026-04-18,10,3,wk inc flu hosp,2026-05-09,quantile,0.15,0
2026-04-18,10,3,wk inc flu hosp,2026-05-09,quantile,0.2,0
2026-04-18,10,3,wk inc flu hosp,2026-05-09,quantile,0.25,0
2026-04-18,10,3,wk inc flu hosp,2026-05-09,quantile,0.3,0
2026-04-18,10,3,wk inc flu hosp,2026-05-09,quantile,0.35,0
2026-04-18,10,3,wk inc flu hosp,2026-05-09,quantile,0.4,1
2026-04-18,10,3,wk inc flu hosp,2026-05-09,quantile,0.45,1
2026-04-18,10,3,wk inc flu hosp,2026-05-09,quantile,0.5,2
2026-04-18,10,3,wk inc flu hosp,2026-05-09,quantile,0.55,3
2026-04-18,10,3,wk inc flu hosp,2026-05-09,quantile,0.6,3
2026-04-18,10,3,wk inc flu hosp,2026-05-09,quantile,0.65,4
2026-04-18,10,3,wk inc flu hosp,2026-05-09,quantile,0.7,4
2026-04-18,10,3,wk inc flu hosp,2026-05-09,quantile,0.75,5
2026-04-18,10,3,wk inc flu hosp,2026-05-09,quantile,0.8,6
2026-04-18,10,3,wk inc flu hosp,2026-05-09,quantile,0.85,7
2026-04-18,10,3,wk inc flu hosp,2026-05-09,quantile,0.9,8
2026-04-18,10,3,wk inc flu hosp,2026-05-09,quantile,0.95,11
2026-04-18,10,3,wk inc flu hosp,2026-05-09,quantile,0.975,15
2026-04-18,10,3,wk inc flu hosp,2026-05-09,quantile,0.99,21
2026-04-18,11,0,wk inc flu hosp,2026-04-18,quantile,0.01,0
2026-04-18,11,0,wk inc flu hosp,2026-04-18,quantile,0.025,0
2026-04-18,11,0,wk inc flu hosp,2026-04-18,quantile,0.05,0
2026-04-18,11,0,wk inc flu hosp,2026-04-18,quantile,0.1,0
2026-04-18,11,0,wk inc flu hosp,2026-04-18,quantile,0.15,0
2026-04-18,11,0,wk inc flu hosp,2026-04-18,quantile,0.2,0
2026-04-18,11,0,wk inc flu hosp,2026-04-18,quantile,0.25,0
2026-04-18,11,0,wk inc flu hosp,2026-04-18,quantile,0.3,0
2026-04-18,11,0,wk inc flu hosp,2026-04-18,quantile,0.35,0
2026-04-18,11,0,wk inc flu hosp,2026-04-18,quantile,0.4,0
2026-04-18,11,0,wk inc flu hosp,2026-04-18,quantile,0.45,0
2026-04-18,11,0,wk inc flu hosp,2026-04-18,quantile,0.5,1
2026-04-18,11,0,wk inc flu hosp,2026-04-18,quantile,0.55,1
2026-04-18,11,0,wk inc flu hosp,2026-04-18,quantile,0.6,2
2026-04-18,11,0,wk inc flu hosp,2026-04-18,quantile,0.65,2
2026-04-18,11,0,wk inc flu hosp,2026-04-18,quantile,0.7,2
2026-04-18,11,0,wk inc flu hosp,2026-04-18,quantile,0.75,2
2026-04-18,11,0,wk inc flu hosp,2026-04-18,quantile,0.8,3
2026-04-18,11,0,wk inc flu hosp,2026-04-18,quantile,0.85,3
2026-04-18,11,0,wk inc flu hosp,2026-04-18,quantile,0.9,4
2026-04-18,11,0,wk inc flu hosp,2026-04-18,quantile,0.95,5
2026-04-18,11,0,wk inc flu hosp,2026-04-18,quantile,0.975,7
2026-04-18,11,0,wk inc flu hosp,2026-04-18,quantile,0.99,9
2026-04-18,11,1,wk inc flu hosp,2026-04-25,quantile,0.01,0
2026-04-18,11,1,wk inc flu hosp,2026-04-25,quantile,0.025,0
2026-04-18,11,1,wk inc flu hosp,2026-04-25,quantile,0.05,0
2026-04-18,11,1,wk inc flu hosp,2026-04-25,quantile,0.1,0
2026-04-18,11,1,wk inc flu hosp,2026-04-25,quantile,0.15,0
2026-04-18,11,1,wk inc flu hosp,2026-04-25,quantile,0.2,0
2026-04-18,11,1,wk inc flu hosp,2026-04-25,quantile,0.25,0
2026-04-18,11,1,wk inc flu hosp,2026-04-25,quantile,0.3,0
2026-04-18,11,1,wk inc flu hosp,2026-04-25,quantile,0.35,0
2026-04-18,11,1,wk inc flu hosp,2026-04-25,quantile,0.4,0
2026-04-18,11,1,wk inc flu hosp,2026-04-25,quantile,0.45,0
2026-04-18,11,1,wk inc flu hosp,2026-04-25,quantile,0.5,1
2026-04-18,11,1,wk inc flu hosp,2026-04-25,quantile,0.55,1
2026-04-18,11,1,wk inc flu hosp,2026-04-25,quantile,0.6,1
2026-04-18,11,1,wk inc flu hosp,2026-04-25,quantile,0.65,2
2026-04-18,11,1,wk inc flu hosp,2026-04-25,quantile,0.7,2
2026-04-18,11,1,wk inc flu hosp,2026-04-25,quantile,0.75,2
2026-04-18,11,1,wk inc flu hosp,2026-04-25,quantile,0.8,2
2026-04-18,11,1,wk inc flu hosp,2026-04-25,quantile,0.85,4
2026-04-18,11,1,wk inc flu hosp,2026-04-25,quantile,0.9,4
2026-04-18,11,1,wk inc flu hosp,2026-04-25,quantile,0.95,7
2026-04-18,11,1,wk inc flu hosp,2026-04-25,quantile,0.975,10
2026-04-18,11,1,wk inc flu hosp,2026-04-25,quantile,0.99,13
2026-04-18,11,2,wk inc flu hosp,2026-05-02,quantile,0.01,0
2026-04-18,11,2,wk inc flu hosp,2026-05-02,quantile,0.025,0
2026-04-18,11,2,wk inc flu hosp,2026-05-02,quantile,0.05,0
2026-04-18,11,2,wk inc flu hosp,2026-05-02,quantile,0.1,0
2026-04-18,11,2,wk inc flu hosp,2026-05-02,quantile,0.15,0
2026-04-18,11,2,wk inc flu hosp,2026-05-02,quantile,0.2,0
2026-04-18,11,2,wk inc flu hosp,2026-05-02,quantile,0.25,0
2026-04-18,11,2,wk inc flu hosp,2026-05-02,quantile,0.3,0
2026-04-18,11,2,wk inc flu hosp,2026-05-02,quantile,0.35,0
2026-04-18,11,2,wk inc flu hosp,2026-05-02,quantile,0.4,0
2026-04-18,11,2,wk inc flu hosp,2026-05-02,quantile,0.45,0
2026-04-18,11,2,wk inc flu hosp,2026-05-02,quantile,0.5,1
2026-04-18,11,2,wk inc flu hosp,2026-05-02,quantile,0.55,1
2026-04-18,11,2,wk inc flu hosp,2026-05-02,quantile,0.6,1
2026-04-18,11,2,wk inc flu hosp,2026-05-02,quantile,0.65,2
2026-04-18,11,2,wk inc flu hosp,2026-05-02,quantile,0.7,2
2026-04-18,11,2,wk inc flu hosp,2026-05-02,quantile,0.75,2
2026-04-18,11,2,wk inc flu hosp,2026-05-02,quantile,0.8,3
2026-04-18,11,2,wk inc flu hosp,2026-05-02,quantile,0.85,3
2026-04-18,11,2,wk inc flu hosp,2026-05-02,quantile,0.9,5
2026-04-18,11,2,wk inc flu hosp,2026-05-02,quantile,0.95,7
2026-04-18,11,2,wk inc flu hosp,2026-05-02,quantile,0.975,10
2026-04-18,11,2,wk inc flu hosp,2026-05-02,quantile,0.99,12
2026-04-18,11,3,wk inc flu hosp,2026-05-09,quantile,0.01,0
2026-04-18,11,3,wk inc flu hosp,2026-05-09,quantile,0.025,0
2026-04-18,11,3,wk inc flu hosp,2026-05-09,quantile,0.05,0
2026-04-18,11,3,wk inc flu hosp,2026-05-09,quantile,0.1,0
2026-04-18,11,3,wk inc flu hosp,2026-05-09,quantile,0.15,0
2026-04-18,11,3,wk inc flu hosp,2026-05-09,quantile,0.2,0
2026-04-18,11,3,wk inc flu hosp,2026-05-09,quantile,0.25,0
2026-04-18,11,3,wk inc flu hosp,2026-05-09,quantile,0.3,0
2026-04-18,11,3,wk inc flu hosp,2026-05-09,quantile,0.35,0
2026-04-18,11,3,wk inc flu hosp,2026-05-09,quantile,0.4,0
2026-04-18,11,3,wk inc flu hosp,2026-05-09,quantile,0.45,0
2026-04-18,11,3,wk inc flu hosp,2026-05-09,quantile,0.5,1
2026-04-18,11,3,wk inc flu hosp,2026-05-09,quantile,0.55,1
2026-04-18,11,3,wk inc flu hosp,2026-05-09,quantile,0.6,1
2026-04-18,11,3,wk inc flu hosp,2026-05-09,quantile,0.65,2
2026-04-18,11,3,wk inc flu hosp,2026-05-09,quantile,0.7,2
2026-04-18,11,3,wk inc flu hosp,2026-05-09,quantile,0.75,2
2026-04-18,11,3,wk inc flu hosp,2026-05-09,quantile,0.8,3
2026-04-18,11,3,wk inc flu hosp,2026-05-09,quantile,0.85,3
2026-04-18,11,3,wk inc flu hosp,2026-05-09,quantile,0.9,6
2026-04-18,11,3,wk inc flu hosp,2026-05-09,quantile,0.95,8
2026-04-18,11,3,wk inc flu hosp,2026-05-09,quantile,0.975,10
2026-04-18,11,3,wk inc flu hosp,2026-05-09,quantile,0.99,13
2026-04-18,12,0,wk inc flu hosp,2026-04-18,quantile,0.01,41
2026-04-18,12,0,wk inc flu hosp,2026-04-18,quantile,0.025,48
2026-04-18,12,0,wk inc flu hosp,2026-04-18,quantile,0.05,58
2026-04-18,12,0,wk inc flu hosp,2026-04-18,quantile,0.1,72
2026-04-18,12,0,wk inc flu hosp,2026-04-18,quantile,0.15,84
2026-04-18,12,0,wk inc flu hosp,2026-04-18,quantile,0.2,89
2026-04-18,12,0,wk inc flu hosp,2026-04-18,quantile,0.25,94
2026-04-18,12,0,wk inc flu hosp,2026-04-18,quantile,0.3,101
2026-04-18,12,0,wk inc flu hosp,2026-04-18,quantile,0.35,106
2026-04-18,12,0,wk inc flu hosp,2026-04-18,quantile,0.4,111
2026-04-18,12,0,wk inc flu hosp,2026-04-18,quantile,0.45,117
2026-04-18,12,0,wk inc flu hosp,2026-04-18,quantile,0.5,126
2026-04-18,12,0,wk inc flu hosp,2026-04-18,quantile,0.55,135
2026-04-18,12,0,wk inc flu hosp,2026-04-18,quantile,0.6,142
2026-04-18,12,0,wk inc flu hosp,2026-04-18,quantile,0.65,151
2026-04-18,12,0,wk inc flu hosp,2026-04-18,quantile,0.7,160
2026-04-18,12,0,wk inc flu hosp,2026-04-18,quantile,0.75,171
2026-04-18,12,0,wk inc flu hosp,2026-04-18,quantile,0.8,183
2026-04-18,12,0,wk inc flu hosp,2026-04-18,quantile,0.85,200
2026-04-18,12,0,wk inc flu hosp,2026-04-18,quantile,0.9,227
2026-04-18,12,0,wk inc flu hosp,2026-04-18,quantile,0.95,277
2026-04-18,12,0,wk inc flu hosp,2026-04-18,quantile,0.975,321
2026-04-18,12,0,wk inc flu hosp,2026-04-18,quantile,0.99,363
2026-04-18,12,1,wk inc flu hosp,2026-04-25,quantile,0.01,20
2026-04-18,12,1,wk inc flu hosp,2026-04-25,quantile,0.025,32
2026-04-18,12,1,wk inc flu hosp,2026-04-25,quantile,0.05,43
2026-04-18,12,1,wk inc flu hosp,2026-04-25,quantile,0.1,57
2026-04-18,12,1,wk inc flu hosp,2026-04-25,quantile,0.15,66
2026-04-18,12,1,wk inc flu hosp,2026-04-25,quantile,0.2,71
2026-04-18,12,1,wk inc flu hosp,2026-04-25,quantile,0.25,77
2026-04-18,12,1,wk inc flu hosp,2026-04-25,quantile,0.3,82
2026-04-18,12,1,wk inc flu hosp,2026-04-25,quantile,0.35,85
2026-04-18,12,1,wk inc flu hosp,2026-04-25,quantile,0.4,92
2026-04-18,12,1,wk inc flu hosp,2026-04-25,quantile,0.45,103
2026-04-18,12,1,wk inc flu hosp,2026-04-25,quantile,0.5,109
2026-04-18,12,1,wk inc flu hosp,2026-04-25,quantile,0.55,119
2026-04-18,12,1,wk inc flu hosp,2026-04-25,quantile,0.6,128
2026-04-18,12,1,wk inc flu hosp,2026-04-25,quantile,0.65,135
2026-04-18,12,1,wk inc flu hosp,2026-04-25,quantile,0.7,146
2026-04-18,12,1,wk inc flu hosp,2026-04-25,quantile,0.75,158
2026-04-18,12,1,wk inc flu hosp,2026-04-25,quantile,0.8,173
2026-04-18,12,1,wk inc flu hosp,2026-04-25,quantile,0.85,203
2026-04-18,12,1,wk inc flu hosp,2026-04-25,quantile,0.9,244
2026-04-18,12,1,wk inc flu hosp,2026-04-25,quantile,0.95,289
2026-04-18,12,1,wk inc flu hosp,2026-04-25,quantile,0.975,323
2026-04-18,12,1,wk inc flu hosp,2026-04-25,quantile,0.99,374
2026-04-18,12,2,wk inc flu hosp,2026-05-02,quantile,0.01,17
2026-04-18,12,2,wk inc flu hosp,2026-05-02,quantile,0.025,21
2026-04-18,12,2,wk inc flu hosp,2026-05-02,quantile,0.05,27
2026-04-18,12,2,wk inc flu hosp,2026-05-02,quantile,0.1,41
2026-04-18,12,2,wk inc flu hosp,2026-05-02,quantile,0.15,50
2026-04-18,12,2,wk inc flu hosp,2026-05-02,quantile,0.2,55
2026-04-18,12,2,wk inc flu hosp,2026-05-02,quantile,0.25,60
2026-04-18,12,2,wk inc flu hosp,2026-05-02,quantile,0.3,66
2026-04-18,12,2,wk inc flu hosp,2026-05-02,quantile,0.35,72
2026-04-18,12,2,wk inc flu hosp,2026-05-02,quantile,0.4,80
2026-04-18,12,2,wk inc flu hosp,2026-05-02,quantile,0.45,86
2026-04-18,12,2,wk inc flu hosp,2026-05-02,quantile,0.5,98
2026-04-18,12,2,wk inc flu hosp,2026-05-02,quantile,0.55,106
2026-04-18,12,2,wk inc flu hosp,2026-05-02,quantile,0.6,118
2026-04-18,12,2,wk inc flu hosp,2026-05-02,quantile,0.65,129
2026-04-18,12,2,wk inc flu hosp,2026-05-02,quantile,0.7,140
2026-04-18,12,2,wk inc flu hosp,2026-05-02,quantile,0.75,162
2026-04-18,12,2,wk inc flu hosp,2026-05-02,quantile,0.8,181
2026-04-18,12,2,wk inc flu hosp,2026-05-02,quantile,0.85,208
2026-04-18,12,2,wk inc flu hosp,2026-05-02,quantile,0.9,248
2026-04-18,12,2,wk inc flu hosp,2026-05-02,quantile,0.95,290
2026-04-18,12,2,wk inc flu hosp,2026-05-02,quantile,0.975,323
2026-04-18,12,2,wk inc flu hosp,2026-05-02,quantile,0.99,402
2026-04-18,12,3,wk inc flu hosp,2026-05-09,quantile,0.01,11
2026-04-18,12,3,wk inc flu hosp,2026-05-09,quantile,0.025,15
2026-04-18,12,3,wk inc flu hosp,2026-05-09,quantile,0.05,22
2026-04-18,12,3,wk inc flu hosp,2026-05-09,quantile,0.1,30
2026-04-18,12,3,wk inc flu hosp,2026-05-09,quantile,0.15,39
2026-04-18,12,3,wk inc flu hosp,2026-05-09,quantile,0.2,46
2026-04-18,12,3,wk inc flu hosp,2026-05-09,quantile,0.25,53
2026-04-18,12,3,wk inc flu hosp,2026-05-09,quantile,0.3,57
2026-04-18,12,3,wk inc flu hosp,2026-05-09,quantile,0.35,64
2026-04-18,12,3,wk inc flu hosp,2026-05-09,quantile,0.4,72
2026-04-18,12,3,wk inc flu hosp,2026-05-09,quantile,0.45,84
2026-04-18,12,3,wk inc flu hosp,2026-05-09,quantile,0.5,91
2026-04-18,12,3,wk inc flu hosp,2026-05-09,quantile,0.55,102
2026-04-18,12,3,wk inc flu hosp,2026-05-09,quantile,0.6,113
2026-04-18,12,3,wk inc flu hosp,2026-05-09,quantile,0.65,126
2026-04-18,12,3,wk inc flu hosp,2026-05-09,quantile,0.7,141
2026-04-18,12,3,wk inc flu hosp,2026-05-09,quantile,0.75,160
2026-04-18,12,3,wk inc flu hosp,2026-05-09,quantile,0.8,185
2026-04-18,12,3,wk inc flu hosp,2026-05-09,quantile,0.85,220
2026-04-18,12,3,wk inc flu hosp,2026-05-09,quantile,0.9,249
2026-04-18,12,3,wk inc flu hosp,2026-05-09,quantile,0.95,303
2026-04-18,12,3,wk inc flu hosp,2026-05-09,quantile,0.975,338
2026-04-18,12,3,wk inc flu hosp,2026-05-09,quantile,0.99,442
2026-04-18,13,0,wk inc flu hosp,2026-04-18,quantile,0.01,6
2026-04-18,13,0,wk inc flu hosp,2026-04-18,quantile,0.025,10
2026-04-18,13,0,wk inc flu hosp,2026-04-18,quantile,0.05,13
2026-04-18,13,0,wk inc flu hosp,2026-04-18,quantile,0.1,17
2026-04-18,13,0,wk inc flu hosp,2026-04-18,quantile,0.15,21
2026-04-18,13,0,wk inc flu hosp,2026-04-18,quantile,0.2,23
2026-04-18,13,0,wk inc flu hosp,2026-04-18,quantile,0.25,26
2026-04-18,13,0,wk inc flu hosp,2026-04-18,quantile,0.3,28
2026-04-18,13,0,wk inc flu hosp,2026-04-18,quantile,0.35,30
2026-04-18,13,0,wk inc flu hosp,2026-04-18,quantile,0.4,33
2026-04-18,13,0,wk inc flu hosp,2026-04-18,quantile,0.45,36
2026-04-18,13,0,wk inc flu hosp,2026-04-18,quantile,0.5,39
2026-04-18,13,0,wk inc flu hosp,2026-04-18,quantile,0.55,42
2026-04-18,13,0,wk inc flu hosp,2026-04-18,quantile,0.6,44
2026-04-18,13,0,wk inc flu hosp,2026-04-18,quantile,0.65,47
2026-04-18,13,0,wk inc flu hosp,2026-04-18,quantile,0.7,50
2026-04-18,13,0,wk inc flu hosp,2026-04-18,quantile,0.75,54
2026-04-18,13,0,wk inc flu hosp,2026-04-18,quantile,0.8,58
2026-04-18,13,0,wk inc flu hosp,2026-04-18,quantile,0.85,63
2026-04-18,13,0,wk inc flu hosp,2026-04-18,quantile,0.9,70
2026-04-18,13,0,wk inc flu hosp,2026-04-18,quantile,0.95,83
2026-04-18,13,0,wk inc flu hosp,2026-04-18,quantile,0.975,94
2026-04-18,13,0,wk inc flu hosp,2026-04-18,quantile,0.99,107
2026-04-18,13,1,wk inc flu hosp,2026-04-25,quantile,0.01,1
2026-04-18,13,1,wk inc flu hosp,2026-04-25,quantile,0.025,2
2026-04-18,13,1,wk inc flu hosp,2026-04-25,quantile,0.05,3
2026-04-18,13,1,wk inc flu hosp,2026-04-25,quantile,0.1,7
2026-04-18,13,1,wk inc flu hosp,2026-04-25,quantile,0.15,11
2026-04-18,13,1,wk inc flu hosp,2026-04-25,quantile,0.2,14
2026-04-18,13,1,wk inc flu hosp,2026-04-25,quantile,0.25,17
2026-04-18,13,1,wk inc flu hosp,2026-04-25,quantile,0.3,20
2026-04-18,13,1,wk inc flu hosp,2026-04-25,quantile,0.35,22
2026-04-18,13,1,wk inc flu hosp,2026-04-25,quantile,0.4,26
2026-04-18,13,1,wk inc flu hosp,2026-04-25,quantile,0.45,28
2026-04-18,13,1,wk inc flu hosp,2026-04-25,quantile,0.5,30
2026-04-18,13,1,wk inc flu hosp,2026-04-25,quantile,0.55,36
2026-04-18,13,1,wk inc flu hosp,2026-04-25,quantile,0.6,38
2026-04-18,13,1,wk inc flu hosp,2026-04-25,quantile,0.65,41
2026-04-18,13,1,wk inc flu hosp,2026-04-25,quantile,0.7,45
2026-04-18,13,1,wk inc flu hosp,2026-04-25,quantile,0.75,50
2026-04-18,13,1,wk inc flu hosp,2026-04-25,quantile,0.8,55
2026-04-18,13,1,wk inc flu hosp,2026-04-25,quantile,0.85,61
2026-04-18,13,1,wk inc flu hosp,2026-04-25,quantile,0.9,68
2026-04-18,13,1,wk inc flu hosp,2026-04-25,quantile,0.95,81
2026-04-18,13,1,wk inc flu hosp,2026-04-25,quantile,0.975,95
2026-04-18,13,1,wk inc flu hosp,2026-04-25,quantile,0.99,113
2026-04-18,13,2,wk inc flu hosp,2026-05-02,quantile,0.01,0
2026-04-18,13,2,wk inc flu hosp,2026-05-02,quantile,0.025,0
2026-04-18,13,2,wk inc flu hosp,2026-05-02,quantile,0.05,0
2026-04-18,13,2,wk inc flu hosp,2026-05-02,quantile,0.1,4
2026-04-18,13,2,wk inc flu hosp,2026-05-02,quantile,0.15,7
2026-04-18,13,2,wk inc flu hosp,2026-05-02,quantile,0.2,10
2026-04-18,13,2,wk inc flu hosp,2026-05-02,quantile,0.25,13
2026-04-18,13,2,wk inc flu hosp,2026-05-02,quantile,0.3,16
2026-04-18,13,2,wk inc flu hosp,2026-05-02,quantile,0.35,19
2026-04-18,13,2,wk inc flu hosp,2026-05-02,quantile,0.4,20
2026-04-18,13,2,wk inc flu hosp,2026-05-02,quantile,0.45,22
2026-04-18,13,2,wk inc flu hosp,2026-05-02,quantile,0.5,27
2026-04-18,13,2,wk inc flu hosp,2026-05-02,quantile,0.55,32
2026-04-18,13,2,wk inc flu hosp,2026-05-02,quantile,0.6,33
2026-04-18,13,2,wk inc flu hosp,2026-05-02,quantile,0.65,37
2026-04-18,13,2,wk inc flu hosp,2026-05-02,quantile,0.7,40
2026-04-18,13,2,wk inc flu hosp,2026-05-02,quantile,0.75,42
2026-04-18,13,2,wk inc flu hosp,2026-05-02,quantile,0.8,46
2026-04-18,13,2,wk inc flu hosp,2026-05-02,quantile,0.85,54
2026-04-18,13,2,wk inc flu hosp,2026-05-02,quantile,0.9,59
2026-04-18,13,2,wk inc flu hosp,2026-05-02,quantile,0.95,74
2026-04-18,13,2,wk inc flu hosp,2026-05-02,quantile,0.975,96
2026-04-18,13,2,wk inc flu hosp,2026-05-02,quantile,0.99,124
2026-04-18,13,3,wk inc flu hosp,2026-05-09,quantile,0.01,0
2026-04-18,13,3,wk inc flu hosp,2026-05-09,quantile,0.025,0
2026-04-18,13,3,wk inc flu hosp,2026-05-09,quantile,0.05,0
2026-04-18,13,3,wk inc flu hosp,2026-05-09,quantile,0.1,3
2026-04-18,13,3,wk inc flu hosp,2026-05-09,quantile,0.15,6
2026-04-18,13,3,wk inc flu hosp,2026-05-09,quantile,0.2,8
2026-04-18,13,3,wk inc flu hosp,2026-05-09,quantile,0.25,11
2026-04-18,13,3,wk inc flu hosp,2026-05-09,quantile,0.3,14
2026-04-18,13,3,wk inc flu hosp,2026-05-09,quantile,0.35,15
2026-04-18,13,3,wk inc flu hosp,2026-05-09,quantile,0.4,17
2026-04-18,13,3,wk inc flu hosp,2026-05-09,quantile,0.45,20
2026-04-18,13,3,wk inc flu hosp,2026-05-09,quantile,0.5,24
2026-04-18,13,3,wk inc flu hosp,2026-05-09,quantile,0.55,28
2026-04-18,13,3,wk inc flu hosp,2026-05-09,quantile,0.6,31
2026-04-18,13,3,wk inc flu hosp,2026-05-09,quantile,0.65,34
2026-04-18,13,3,wk inc flu hosp,2026-05-09,quantile,0.7,38
2026-04-18,13,3,wk inc flu hosp,2026-05-09,quantile,0.75,42
2026-04-18,13,3,wk inc flu hosp,2026-05-09,quantile,0.8,47
2026-04-18,13,3,wk inc flu hosp,2026-05-09,quantile,0.85,53
2026-04-18,13,3,wk inc flu hosp,2026-05-09,quantile,0.9,61
2026-04-18,13,3,wk inc flu hosp,2026-05-09,quantile,0.95,80
2026-04-18,13,3,wk inc flu hosp,2026-05-09,quantile,0.975,108
2026-04-18,13,3,wk inc flu hosp,2026-05-09,quantile,0.99,128
2026-04-18,15,0,wk inc flu hosp,2026-04-18,quantile,0.01,0
2026-04-18,15,0,wk inc flu hosp,2026-04-18,quantile,0.025,0
2026-04-18,15,0,wk inc flu hosp,2026-04-18,quantile,0.05,0
2026-04-18,15,0,wk inc flu hosp,2026-04-18,quantile,0.1,0
2026-04-18,15,0,wk inc flu hosp,2026-04-18,quantile,0.15,0
2026-04-18,15,0,wk inc flu hosp,2026-04-18,quantile,0.2,0
2026-04-18,15,0,wk inc flu hosp,2026-04-18,quantile,0.25,1
2026-04-18,15,0,wk inc flu hosp,2026-04-18,quantile,0.3,1
2026-04-18,15,0,wk inc flu hosp,2026-04-18,quantile,0.35,1
2026-04-18,15,0,wk inc flu hosp,2026-04-18,quantile,0.4,2
2026-04-18,15,0,wk inc flu hosp,2026-04-18,quantile,0.45,2
2026-04-18,15,0,wk inc flu hosp,2026-04-18,quantile,0.5,3
2026-04-18,15,0,wk inc flu hosp,2026-04-18,quantile,0.55,4
2026-04-18,15,0,wk inc flu hosp,2026-04-18,quantile,0.6,4
2026-04-18,15,0,wk inc flu hosp,2026-04-18,quantile,0.65,5
2026-04-18,15,0,wk inc flu hosp,2026-04-18,quantile,0.7,5
2026-04-18,15,0,wk inc flu hosp,2026-04-18,quantile,0.75,6
2026-04-18,15,0,wk inc flu hosp,2026-04-18,quantile,0.8,6
2026-04-18,15,0,wk inc flu hosp,2026-04-18,quantile,0.85,7
2026-04-18,15,0,wk inc flu hosp,2026-04-18,quantile,0.9,8
2026-04-18,15,0,wk inc flu hosp,2026-04-18,quantile,0.95,10
2026-04-18,15,0,wk inc flu hosp,2026-04-18,quantile,0.975,12
2026-04-18,15,0,wk inc flu hosp,2026-04-18,quantile,0.99,15
2026-04-18,15,1,wk inc flu hosp,2026-04-25,quantile,0.01,0
2026-04-18,15,1,wk inc flu hosp,2026-04-25,quantile,0.025,0
2026-04-18,15,1,wk inc flu hosp,2026-04-25,quantile,0.05,0
2026-04-18,15,1,wk inc flu hosp,2026-04-25,quantile,0.1,0
2026-04-18,15,1,wk inc flu hosp,2026-04-25,quantile,0.15,0
2026-04-18,15,1,wk inc flu hosp,2026-04-25,quantile,0.2,0
2026-04-18,15,1,wk inc flu hosp,2026-04-25,quantile,0.25,1
2026-04-18,15,1,wk inc flu hosp,2026-04-25,quantile,0.3,1
2026-04-18,15,1,wk inc flu hosp,2026-04-25,quantile,0.35,1
2026-04-18,15,1,wk inc flu hosp,2026-04-25,quantile,0.4,2
2026-04-18,15,1,wk inc flu hosp,2026-04-25,quantile,0.45,2
2026-04-18,15,1,wk inc flu hosp,2026-04-25,quantile,0.5,3
2026-04-18,15,1,wk inc flu hosp,2026-04-25,quantile,0.55,4
2026-04-18,15,1,wk inc flu hosp,2026-04-25,quantile,0.6,4
2026-04-18,15,1,wk inc flu hosp,2026-04-25,quantile,0.65,4
2026-04-18,15,1,wk inc flu hosp,2026-04-25,quantile,0.7,5
2026-04-18,15,1,wk inc flu hosp,2026-04-25,quantile,0.75,6
2026-04-18,15,1,wk inc flu hosp,2026-04-25,quantile,0.8,7
2026-04-18,15,1,wk inc flu hosp,2026-04-25,quantile,0.85,8
2026-04-18,15,1,wk inc flu hosp,2026-04-25,quantile,0.9,10
2026-04-18,15,1,wk inc flu hosp,2026-04-25,quantile,0.95,13
2026-04-18,15,1,wk inc flu hosp,2026-04-25,quantile,0.975,17
2026-04-18,15,1,wk inc flu hosp,2026-04-25,quantile,0.99,22
2026-04-18,15,2,wk inc flu hosp,2026-05-02,quantile,0.01,0
2026-04-18,15,2,wk inc flu hosp,2026-05-02,quantile,0.025,0
2026-04-18,15,2,wk inc flu hosp,2026-05-02,quantile,0.05,0
2026-04-18,15,2,wk inc flu hosp,2026-05-02,quantile,0.1,0
2026-04-18,15,2,wk inc flu hosp,2026-05-02,quantile,0.15,0
2026-04-18,15,2,wk inc flu hosp,2026-05-02,quantile,0.2,0
2026-04-18,15,2,wk inc flu hosp,2026-05-02,quantile,0.25,1
2026-04-18,15,2,wk inc flu hosp,2026-05-02,quantile,0.3,1
2026-04-18,15,2,wk inc flu hosp,2026-05-02,quantile,0.35,1
2026-04-18,15,2,wk inc flu hosp,2026-05-02,quantile,0.4,2
2026-04-18,15,2,wk inc flu hosp,2026-05-02,quantile,0.45,2
2026-04-18,15,2,wk inc flu hosp,2026-05-02,quantile,0.5,3
2026-04-18,15,2,wk inc flu hosp,2026-05-02,quantile,0.55,4
2026-04-18,15,2,wk inc flu hosp,2026-05-02,quantile,0.6,4
2026-04-18,15,2,wk inc flu hosp,2026-05-02,quantile,0.65,5
2026-04-18,15,2,wk inc flu hosp,2026-05-02,quantile,0.7,5
2026-04-18,15,2,wk inc flu hosp,2026-05-02,quantile,0.75,6
2026-04-18,15,2,wk inc flu hosp,2026-05-02,quantile,0.8,6
2026-04-18,15,2,wk inc flu hosp,2026-05-02,quantile,0.85,8
2026-04-18,15,2,wk inc flu hosp,2026-05-02,quantile,0.9,10
2026-04-18,15,2,wk inc flu hosp,2026-05-02,quantile,0.95,14
2026-04-18,15,2,wk inc flu hosp,2026-05-02,quantile,0.975,18
2026-04-18,15,2,wk inc flu hosp,2026-05-02,quantile,0.99,24
2026-04-18,15,3,wk inc flu hosp,2026-05-09,quantile,0.01,0
2026-04-18,15,3,wk inc flu hosp,2026-05-09,quantile,0.025,0
2026-04-18,15,3,wk inc flu hosp,2026-05-09,quantile,0.05,0
2026-04-18,15,3,wk inc flu hosp,2026-05-09,quantile,0.1,0
2026-04-18,15,3,wk inc flu hosp,2026-05-09,quantile,0.15,0
2026-04-18,15,3,wk inc flu hosp,2026-05-09,quantile,0.2,0
2026-04-18,15,3,wk inc flu hosp,2026-05-09,quantile,0.25,1
2026-04-18,15,3,wk inc flu hosp,2026-05-09,quantile,0.3,1
2026-04-18,15,3,wk inc flu hosp,2026-05-09,quantile,0.35,1
2026-04-18,15,3,wk inc flu hosp,2026-05-09,quantile,0.4,1
2026-04-18,15,3,wk inc flu hosp,2026-05-09,quantile,0.45,2
2026-04-18,15,3,wk inc flu hosp,2026-05-09,quantile,0.5,3
2026-04-18,15,3,wk inc flu hosp,2026-05-09,quantile,0.55,3
2026-04-18,15,3,wk inc flu hosp,2026-05-09,quantile,0.6,4
2026-04-18,15,3,wk inc flu hosp,2026-05-09,quantile,0.65,4
2026-04-18,15,3,wk inc flu hosp,2026-05-09,quantile,0.7,5
2026-04-18,15,3,wk inc flu hosp,2026-05-09,quantile,0.75,5
2026-04-18,15,3,wk inc flu hosp,2026-05-09,quantile,0.8,7
2026-04-18,15,3,wk inc flu hosp,2026-05-09,quantile,0.85,8
2026-04-18,15,3,wk inc flu hosp,2026-05-09,quantile,0.9,10
2026-04-18,15,3,wk inc flu hosp,2026-05-09,quantile,0.95,14
2026-04-18,15,3,wk inc flu hosp,2026-05-09,quantile,0.975,20
2026-04-18,15,3,wk inc flu hosp,2026-05-09,quantile,0.99,25
2026-04-18,16,0,wk inc flu hosp,2026-04-18,quantile,0.01,1
2026-04-18,16,0,wk inc flu hosp,2026-04-18,quantile,0.025,2
2026-04-18,16,0,wk inc flu hosp,2026-04-18,quantile,0.05,2
2026-04-18,16,0,wk inc flu hosp,2026-04-18,quantile,0.1,3
2026-04-18,16,0,wk inc flu hosp,2026-04-18,quantile,0.15,4
2026-04-18,16,0,wk inc flu hosp,2026-04-18,quantile,0.2,5
2026-04-18,16,0,wk inc flu hosp,2026-04-18,quantile,0.25,6
2026-04-18,16,0,wk inc flu hosp,2026-04-18,quantile,0.3,7
2026-04-18,16,0,wk inc flu hosp,2026-04-18,quantile,0.35,8
2026-04-18,16,0,wk inc flu hosp,2026-04-18,quantile,0.4,9
2026-04-18,16,0,wk inc flu hosp,2026-04-18,quantile,0.45,9
2026-04-18,16,0,wk inc flu hosp,2026-04-18,quantile,0.5,11
2026-04-18,16,0,wk inc flu hosp,2026-04-18,quantile,0.55,11
2026-04-18,16,0,wk inc flu hosp,2026-04-18,quantile,0.6,12
2026-04-18,16,0,wk inc flu hosp,2026-04-18,quantile,0.65,13
2026-04-18,16,0,wk inc flu hosp,2026-04-18,quantile,0.7,14
2026-04-18,16,0,wk inc flu hosp,2026-04-18,quantile,0.75,15
2026-04-18,16,0,wk inc flu hosp,2026-04-18,quantile,0.8,16
2026-04-18,16,0,wk inc flu hosp,2026-04-18,quantile,0.85,19
2026-04-18,16,0,wk inc flu hosp,2026-04-18,quantile,0.9,21
2026-04-18,16,0,wk inc flu hosp,2026-04-18,quantile,0.95,25
2026-04-18,16,0,wk inc flu hosp,2026-04-18,quantile,0.975,32
2026-04-18,16,0,wk inc flu hosp,2026-04-18,quantile,0.99,37
2026-04-18,16,1,wk inc flu hosp,2026-04-25,quantile,0.01,0
2026-04-18,16,1,wk inc flu hosp,2026-04-25,quantile,0.025,0
2026-04-18,16,1,wk inc flu hosp,2026-04-25,quantile,0.05,0
2026-04-18,16,1,wk inc flu hosp,2026-04-25,quantile,0.1,1
2026-04-18,16,1,wk inc flu hosp,2026-04-25,quantile,0.15,2
2026-04-18,16,1,wk inc flu hosp,2026-04-25,quantile,0.2,3
2026-04-18,16,1,wk inc flu hosp,2026-04-25,quantile,0.25,4
2026-04-18,16,1,wk inc flu hosp,2026-04-25,quantile,0.3,5
2026-04-18,16,1,wk inc flu hosp,2026-04-25,quantile,0.35,5
2026-04-18,16,1,wk inc flu hosp,2026-04-25,quantile,0.4,6
2026-04-18,16,1,wk inc flu hosp,2026-04-25,quantile,0.45,7
2026-04-18,16,1,wk inc flu hosp,2026-04-25,quantile,0.5,8
2026-04-18,16,1,wk inc flu hosp,2026-04-25,quantile,0.55,8
2026-04-18,16,1,wk inc flu hosp,2026-04-25,quantile,0.6,10
2026-04-18,16,1,wk inc flu hosp,2026-04-25,quantile,0.65,11
2026-04-18,16,1,wk inc flu hosp,2026-04-25,quantile,0.7,12
2026-04-18,16,1,wk inc flu hosp,2026-04-25,quantile,0.75,13
2026-04-18,16,1,wk inc flu hosp,2026-04-25,quantile,0.8,15
2026-04-18,16,1,wk inc flu hosp,2026-04-25,quantile,0.85,17
2026-04-18,16,1,wk inc flu hosp,2026-04-25,quantile,0.9,20
2026-04-18,16,1,wk inc flu hosp,2026-04-25,quantile,0.95,25
2026-04-18,16,1,wk inc flu hosp,2026-04-25,quantile,0.975,30
2026-04-18,16,1,wk inc flu hosp,2026-04-25,quantile,0.99,38
2026-04-18,16,2,wk inc flu hosp,2026-05-02,quantile,0.01,0
2026-04-18,16,2,wk inc flu hosp,2026-05-02,quantile,0.025,0
2026-04-18,16,2,wk inc flu hosp,2026-05-02,quantile,0.05,0
2026-04-18,16,2,wk inc flu hosp,2026-05-02,quantile,0.1,0
2026-04-18,16,2,wk inc flu hosp,2026-05-02,quantile,0.15,1
2026-04-18,16,2,wk inc flu hosp,2026-05-02,quantile,0.2,1
2026-04-18,16,2,wk inc flu hosp,2026-05-02,quantile,0.25,2
2026-04-18,16,2,wk inc flu hosp,2026-05-02,quantile,0.3,3
2026-04-18,16,2,wk inc flu hosp,2026-05-02,quantile,0.35,3
2026-04-18,16,2,wk inc flu hosp,2026-05-02,quantile,0.4,4
2026-04-18,16,2,wk inc flu hosp,2026-05-02,quantile,0.45,5
2026-04-18,16,2,wk inc flu hosp,2026-05-02,quantile,0.5,6
2026-04-18,16,2,wk inc flu hosp,2026-05-02,quantile,0.55,7
2026-04-18,16,2,wk inc flu hosp,2026-05-02,quantile,0.6,8
2026-04-18,16,2,wk inc flu hosp,2026-05-02,quantile,0.65,9
2026-04-18,16,2,wk inc flu hosp,2026-05-02,quantile,0.7,10
2026-04-18,16,2,wk inc flu hosp,2026-05-02,quantile,0.75,12
2026-04-18,16,2,wk inc flu hosp,2026-05-02,quantile,0.8,14
2026-04-18,16,2,wk inc flu hosp,2026-05-02,quantile,0.85,16
2026-04-18,16,2,wk inc flu hosp,2026-05-02,quantile,0.9,20
2026-04-18,16,2,wk inc flu hosp,2026-05-02,quantile,0.95,25
2026-04-18,16,2,wk inc flu hosp,2026-05-02,quantile,0.975,31
2026-04-18,16,2,wk inc flu hosp,2026-05-02,quantile,0.99,39
2026-04-18,16,3,wk inc flu hosp,2026-05-09,quantile,0.01,0
2026-04-18,16,3,wk inc flu hosp,2026-05-09,quantile,0.025,0
2026-04-18,16,3,wk inc flu hosp,2026-05-09,quantile,0.05,0
2026-04-18,16,3,wk inc flu hosp,2026-05-09,quantile,0.1,0
2026-04-18,16,3,wk inc flu hosp,2026-05-09,quantile,0.15,0
2026-04-18,16,3,wk inc flu hosp,2026-05-09,quantile,0.2,1
2026-04-18,16,3,wk inc flu hosp,2026-05-09,quantile,0.25,1
2026-04-18,16,3,wk inc flu hosp,2026-05-09,quantile,0.3,2
2026-04-18,16,3,wk inc flu hosp,2026-05-09,quantile,0.35,2
2026-04-18,16,3,wk inc flu hosp,2026-05-09,quantile,0.4,3
2026-04-18,16,3,wk inc flu hosp,2026-05-09,quantile,0.45,4
2026-04-18,16,3,wk inc flu hosp,2026-05-09,quantile,0.5,5
2026-04-18,16,3,wk inc flu hosp,2026-05-09,quantile,0.55,6
2026-04-18,16,3,wk inc flu hosp,2026-05-09,quantile,0.6,7
2026-04-18,16,3,wk inc flu hosp,2026-05-09,quantile,0.65,7
2026-04-18,16,3,wk inc flu hosp,2026-05-09,quantile,0.7,9
2026-04-18,16,3,wk inc flu hosp,2026-05-09,quantile,0.75,10
2026-04-18,16,3,wk inc flu hosp,2026-05-09,quantile,0.8,13
2026-04-18,16,3,wk inc flu hosp,2026-05-09,quantile,0.85,15
2026-04-18,16,3,wk inc flu hosp,2026-05-09,quantile,0.9,19
2026-04-18,16,3,wk inc flu hosp,2026-05-09,quantile,0.95,24
2026-04-18,16,3,wk inc flu hosp,2026-05-09,quantile,0.975,32
2026-04-18,16,3,wk inc flu hosp,2026-05-09,quantile,0.99,43
2026-04-18,17,0,wk inc flu hosp,2026-04-18,quantile,0.01,8
2026-04-18,17,0,wk inc flu hosp,2026-04-18,quantile,0.025,10
2026-04-18,17,0,wk inc flu hosp,2026-04-18,quantile,0.05,14
2026-04-18,17,0,wk inc flu hosp,2026-04-18,quantile,0.1,20
2026-04-18,17,0,wk inc flu hosp,2026-04-18,quantile,0.15,24
2026-04-18,17,0,wk inc flu hosp,2026-04-18,quantile,0.2,28
2026-04-18,17,0,wk inc flu hosp,2026-04-18,quantile,0.25,31
2026-04-18,17,0,wk inc flu hosp,2026-04-18,quantile,0.3,35
2026-04-18,17,0,wk inc flu hosp,2026-04-18,quantile,0.35,37
2026-04-18,17,0,wk inc flu hosp,2026-04-18,quantile,0.4,42
2026-04-18,17,0,wk inc flu hosp,2026-04-18,quantile,0.45,48
2026-04-18,17,0,wk inc flu hosp,2026-04-18,quantile,0.5,51
2026-04-18,17,0,wk inc flu hosp,2026-04-18,quantile,0.55,54
2026-04-18,17,0,wk inc flu hosp,2026-04-18,quantile,0.6,59
2026-04-18,17,0,wk inc flu hosp,2026-04-18,quantile,0.65,60
2026-04-18,17,0,wk inc flu hosp,2026-04-18,quantile,0.7,64
2026-04-18,17,0,wk inc flu hosp,2026-04-18,quantile,0.75,72
2026-04-18,17,0,wk inc flu hosp,2026-04-18,quantile,0.8,79
2026-04-18,17,0,wk inc flu hosp,2026-04-18,quantile,0.85,88
2026-04-18,17,0,wk inc flu hosp,2026-04-18,quantile,0.9,102
2026-04-18,17,0,wk inc flu hosp,2026-04-18,quantile,0.95,111
2026-04-18,17,0,wk inc flu hosp,2026-04-18,quantile,0.975,125
2026-04-18,17,0,wk inc flu hosp,2026-04-18,quantile,0.99,149
2026-04-18,17,1,wk inc flu hosp,2026-04-25,quantile,0.01,5
2026-04-18,17,1,wk inc flu hosp,2026-04-25,quantile,0.025,5
2026-04-18,17,1,wk inc flu hosp,2026-04-25,quantile,0.05,7
2026-04-18,17,1,wk inc flu hosp,2026-04-25,quantile,0.1,10
2026-04-18,17,1,wk inc flu hosp,2026-04-25,quantile,0.15,15
2026-04-18,17,1,wk inc flu hosp,2026-04-25,quantile,0.2,17
2026-04-18,17,1,wk inc flu hosp,2026-04-25,quantile,0.25,20
2026-04-18,17,1,wk inc flu hosp,2026-04-25,quantile,0.3,22
2026-04-18,17,1,wk inc flu hosp,2026-04-25,quantile,0.35,27
2026-04-18,17,1,wk inc flu hosp,2026-04-25,quantile,0.4,30
2026-04-18,17,1,wk inc flu hosp,2026-04-25,quantile,0.45,36
2026-04-18,17,1,wk inc flu hosp,2026-04-25,quantile,0.5,42
2026-04-18,17,1,wk inc flu hosp,2026-04-25,quantile,0.55,47
2026-04-18,17,1,wk inc flu hosp,2026-04-25,quantile,0.6,52
2026-04-18,17,1,wk inc flu hosp,2026-04-25,quantile,0.65,56
2026-04-18,17,1,wk inc flu hosp,2026-04-25,quantile,0.7,63
2026-04-18,17,1,wk inc flu hosp,2026-04-25,quantile,0.75,71
2026-04-18,17,1,wk inc flu hosp,2026-04-25,quantile,0.8,81
2026-04-18,17,1,wk inc flu hosp,2026-04-25,quantile,0.85,95
2026-04-18,17,1,wk inc flu hosp,2026-04-25,quantile,0.9,111
2026-04-18,17,1,wk inc flu hosp,2026-04-25,quantile,0.95,135
2026-04-18,17,1,wk inc flu hosp,2026-04-25,quantile,0.975,155
2026-04-18,17,1,wk inc flu hosp,2026-04-25,quantile,0.99,184
2026-04-18,17,2,wk inc flu hosp,2026-05-02,quantile,0.01,0
2026-04-18,17,2,wk inc flu hosp,2026-05-02,quantile,0.025,1
2026-04-18,17,2,wk inc flu hosp,2026-05-02,quantile,0.05,1
2026-04-18,17,2,wk inc flu hosp,2026-05-02,quantile,0.1,6
2026-04-18,17,2,wk inc flu hosp,2026-05-02,quantile,0.15,9
2026-04-18,17,2,wk inc flu hosp,2026-05-02,quantile,0.2,12
2026-04-18,17,2,wk inc flu hosp,2026-05-02,quantile,0.25,16
2026-04-18,17,2,wk inc flu hosp,2026-05-02,quantile,0.3,19
2026-04-18,17,2,wk inc flu hosp,2026-05-02,quantile,0.35,21
2026-04-18,17,2,wk inc flu hosp,2026-05-02,quantile,0.4,26
2026-04-18,17,2,wk inc flu hosp,2026-05-02,quantile,0.45,30
2026-04-18,17,2,wk inc flu hosp,2026-05-02,quantile,0.5,35
2026-04-18,17,2,wk inc flu hosp,2026-05-02,quantile,0.55,40
2026-04-18,17,2,wk inc flu hosp,2026-05-02,quantile,0.6,44
2026-04-18,17,2,wk inc flu hosp,2026-05-02,quantile,0.65,50
2026-04-18,17,2,wk inc flu hosp,2026-05-02,quantile,0.7,56
2026-04-18,17,2,wk inc flu hosp,2026-05-02,quantile,0.75,61
2026-04-18,17,2,wk inc flu hosp,2026-05-02,quantile,0.8,70
2026-04-18,17,2,wk inc flu hosp,2026-05-02,quantile,0.85,83
2026-04-18,17,2,wk inc flu hosp,2026-05-02,quantile,0.9,99
2026-04-18,17,2,wk inc flu hosp,2026-05-02,quantile,0.95,123
2026-04-18,17,2,wk inc flu hosp,2026-05-02,quantile,0.975,144
2026-04-18,17,2,wk inc flu hosp,2026-05-02,quantile,0.99,171
2026-04-18,17,3,wk inc flu hosp,2026-05-09,quantile,0.01,0
2026-04-18,17,3,wk inc flu hosp,2026-05-09,quantile,0.025,0
2026-04-18,17,3,wk inc flu hosp,2026-05-09,quantile,0.05,1
2026-04-18,17,3,wk inc flu hosp,2026-05-09,quantile,0.1,2
2026-04-18,17,3,wk inc flu hosp,2026-05-09,quantile,0.15,7
2026-04-18,17,3,wk inc flu hosp,2026-05-09,quantile,0.2,8
2026-04-18,17,3,wk inc flu hosp,2026-05-09,quantile,0.25,10
2026-04-18,17,3,wk inc flu hosp,2026-05-09,quantile,0.3,13
2026-04-18,17,3,wk inc flu hosp,2026-05-09,quantile,0.35,17
2026-04-18,17,3,wk inc flu hosp,2026-05-09,quantile,0.4,19
2026-04-18,17,3,wk inc flu hosp,2026-05-09,quantile,0.45,25
2026-04-18,17,3,wk inc flu hosp,2026-05-09,quantile,0.5,30
2026-04-18,17,3,wk inc flu hosp,2026-05-09,quantile,0.55,33
2026-04-18,17,3,wk inc flu hosp,2026-05-09,quantile,0.6,41
2026-04-18,17,3,wk inc flu hosp,2026-05-09,quantile,0.65,46
2026-04-18,17,3,wk inc flu hosp,2026-05-09,quantile,0.7,50
2026-04-18,17,3,wk inc flu hosp,2026-05-09,quantile,0.75,59
2026-04-18,17,3,wk inc flu hosp,2026-05-09,quantile,0.8,70
2026-04-18,17,3,wk inc flu hosp,2026-05-09,quantile,0.85,83
2026-04-18,17,3,wk inc flu hosp,2026-05-09,quantile,0.9,98
2026-04-18,17,3,wk inc flu hosp,2026-05-09,quantile,0.95,120
2026-04-18,17,3,wk inc flu hosp,2026-05-09,quantile,0.975,150
2026-04-18,17,3,wk inc flu hosp,2026-05-09,quantile,0.99,202
2026-04-18,18,0,wk inc flu hosp,2026-04-18,quantile,0.01,3
2026-04-18,18,0,wk inc flu hosp,2026-04-18,quantile,0.025,6
2026-04-18,18,0,wk inc flu hosp,2026-04-18,quantile,0.05,7
2026-04-18,18,0,wk inc flu hosp,2026-04-18,quantile,0.1,9
2026-04-18,18,0,wk inc flu hosp,2026-04-18,quantile,0.15,11
2026-04-18,18,0,wk inc flu hosp,2026-04-18,quantile,0.2,13
2026-04-18,18,0,wk inc flu hosp,2026-04-18,quantile,0.25,15
2026-04-18,18,0,wk inc flu hosp,2026-04-18,quantile,0.3,16
2026-04-18,18,0,wk inc flu hosp,2026-04-18,quantile,0.35,19
2026-04-18,18,0,wk inc flu hosp,2026-04-18,quantile,0.4,21
2026-04-18,18,0,wk inc flu hosp,2026-04-18,quantile,0.45,23
2026-04-18,18,0,wk inc flu hosp,2026-04-18,quantile,0.5,24
2026-04-18,18,0,wk inc flu hosp,2026-04-18,quantile,0.55,27
2026-04-18,18,0,wk inc flu hosp,2026-04-18,quantile,0.6,28
2026-04-18,18,0,wk inc flu hosp,2026-04-18,quantile,0.65,30
2026-04-18,18,0,wk inc flu hosp,2026-04-18,quantile,0.7,34
2026-04-18,18,0,wk inc flu hosp,2026-04-18,quantile,0.75,37
2026-04-18,18,0,wk inc flu hosp,2026-04-18,quantile,0.8,40
2026-04-18,18,0,wk inc flu hosp,2026-04-18,quantile,0.85,45
2026-04-18,18,0,wk inc flu hosp,2026-04-18,quantile,0.9,51
2026-04-18,18,0,wk inc flu hosp,2026-04-18,quantile,0.95,63
2026-04-18,18,0,wk inc flu hosp,2026-04-18,quantile,0.975,73
2026-04-18,18,0,wk inc flu hosp,2026-04-18,quantile,0.99,87
2026-04-18,18,1,wk inc flu hosp,2026-04-25,quantile,0.01,0
2026-04-18,18,1,wk inc flu hosp,2026-04-25,quantile,0.025,0
2026-04-18,18,1,wk inc flu hosp,2026-04-25,quantile,0.05,2
2026-04-18,18,1,wk inc flu hosp,2026-04-25,quantile,0.1,5
2026-04-18,18,1,wk inc flu hosp,2026-04-25,quantile,0.15,7
2026-04-18,18,1,wk inc flu hosp,2026-04-25,quantile,0.2,8
2026-04-18,18,1,wk inc flu hosp,2026-04-25,quantile,0.25,10
2026-04-18,18,1,wk inc flu hosp,2026-04-25,quantile,0.3,12
2026-04-18,18,1,wk inc flu hosp,2026-04-25,quantile,0.35,13
2026-04-18,18,1,wk inc flu hosp,2026-04-25,quantile,0.4,15
2026-04-18,18,1,wk inc flu hosp,2026-04-25,quantile,0.45,17
2026-04-18,18,1,wk inc flu hosp,2026-04-25,quantile,0.5,19
2026-04-18,18,1,wk inc flu hosp,2026-04-25,quantile,0.55,21
2026-04-18,18,1,wk inc flu hosp,2026-04-25,quantile,0.6,23
2026-04-18,18,1,wk inc flu hosp,2026-04-25,quantile,0.65,26
2026-04-18,18,1,wk inc flu hosp,2026-04-25,quantile,0.7,29
2026-04-18,18,1,wk inc flu hosp,2026-04-25,quantile,0.75,34
2026-04-18,18,1,wk inc flu hosp,2026-04-25,quantile,0.8,37
2026-04-18,18,1,wk inc flu hosp,2026-04-25,quantile,0.85,42
2026-04-18,18,1,wk inc flu hosp,2026-04-25,quantile,0.9,53
2026-04-18,18,1,wk inc flu hosp,2026-04-25,quantile,0.95,65
2026-04-18,18,1,wk inc flu hosp,2026-04-25,quantile,0.975,80
2026-04-18,18,1,wk inc flu hosp,2026-04-25,quantile,0.99,110
2026-04-18,18,2,wk inc flu hosp,2026-05-02,quantile,0.01,0
2026-04-18,18,2,wk inc flu hosp,2026-05-02,quantile,0.025,0
2026-04-18,18,2,wk inc flu hosp,2026-05-02,quantile,0.05,0
2026-04-18,18,2,wk inc flu hosp,2026-05-02,quantile,0.1,0
2026-04-18,18,2,wk inc flu hosp,2026-05-02,quantile,0.15,3
2026-04-18,18,2,wk inc flu hosp,2026-05-02,quantile,0.2,5
2026-04-18,18,2,wk inc flu hosp,2026-05-02,quantile,0.25,6
2026-04-18,18,2,wk inc flu hosp,2026-05-02,quantile,0.3,9
2026-04-18,18,2,wk inc flu hosp,2026-05-02,quantile,0.35,10
2026-04-18,18,2,wk inc flu hosp,2026-05-02,quantile,0.4,11
2026-04-18,18,2,wk inc flu hosp,2026-05-02,quantile,0.45,12
2026-04-18,18,2,wk inc flu hosp,2026-05-02,quantile,0.5,14
2026-04-18,18,2,wk inc flu hosp,2026-05-02,quantile,0.55,16
2026-04-18,18,2,wk inc flu hosp,2026-05-02,quantile,0.6,19
2026-04-18,18,2,wk inc flu hosp,2026-05-02,quantile,0.65,21
2026-04-18,18,2,wk inc flu hosp,2026-05-02,quantile,0.7,25
2026-04-18,18,2,wk inc flu hosp,2026-05-02,quantile,0.75,29
2026-04-18,18,2,wk inc flu hosp,2026-05-02,quantile,0.8,34
2026-04-18,18,2,wk inc flu hosp,2026-05-02,quantile,0.85,37
2026-04-18,18,2,wk inc flu hosp,2026-05-02,quantile,0.9,43
2026-04-18,18,2,wk inc flu hosp,2026-05-02,quantile,0.95,59
2026-04-18,18,2,wk inc flu hosp,2026-05-02,quantile,0.975,73
2026-04-18,18,2,wk inc flu hosp,2026-05-02,quantile,0.99,95
2026-04-18,18,3,wk inc flu hosp,2026-05-09,quantile,0.01,0
2026-04-18,18,3,wk inc flu hosp,2026-05-09,quantile,0.025,0
2026-04-18,18,3,wk inc flu hosp,2026-05-09,quantile,0.05,0
2026-04-18,18,3,wk inc flu hosp,2026-05-09,quantile,0.1,0
2026-04-18,18,3,wk inc flu hosp,2026-05-09,quantile,0.15,1
2026-04-18,18,3,wk inc flu hosp,2026-05-09,quantile,0.2,3
2026-04-18,18,3,wk inc flu hosp,2026-05-09,quantile,0.25,4
2026-04-18,18,3,wk inc flu hosp,2026-05-09,quantile,0.3,6
2026-04-18,18,3,wk inc flu hosp,2026-05-09,quantile,0.35,8
2026-04-18,18,3,wk inc flu hosp,2026-05-09,quantile,0.4,9
2026-04-18,18,3,wk inc flu hosp,2026-05-09,quantile,0.45,10
2026-04-18,18,3,wk inc flu hosp,2026-05-09,quantile,0.5,12
2026-04-18,18,3,wk inc flu hosp,2026-05-09,quantile,0.55,14
2026-04-18,18,3,wk inc flu hosp,2026-05-09,quantile,0.6,16
2026-04-18,18,3,wk inc flu hosp,2026-05-09,quantile,0.65,18
2026-04-18,18,3,wk inc flu hosp,2026-05-09,quantile,0.7,20
2026-04-18,18,3,wk inc flu hosp,2026-05-09,quantile,0.75,23
2026-04-18,18,3,wk inc flu hosp,2026-05-09,quantile,0.8,28
2026-04-18,18,3,wk inc flu hosp,2026-05-09,quantile,0.85,33
2026-04-18,18,3,wk inc flu hosp,2026-05-09,quantile,0.9,41
2026-04-18,18,3,wk inc flu hosp,2026-05-09,quantile,0.95,53
2026-04-18,18,3,wk inc flu hosp,2026-05-09,quantile,0.975,73
2026-04-18,18,3,wk inc flu hosp,2026-05-09,quantile,0.99,103
2026-04-18,19,0,wk inc flu hosp,2026-04-18,quantile,0.01,1
2026-04-18,19,0,wk inc flu hosp,2026-04-18,quantile,0.025,2
2026-04-18,19,0,wk inc flu hosp,2026-04-18,quantile,0.05,2
2026-04-18,19,0,wk inc flu hosp,2026-04-18,quantile,0.1,3
2026-04-18,19,0,wk inc flu hosp,2026-04-18,quantile,0.15,5
2026-04-18,19,0,wk inc flu hosp,2026-04-18,quantile,0.2,5
2026-04-18,19,0,wk inc flu hosp,2026-04-18,quantile,0.25,7
2026-04-18,19,0,wk inc flu hosp,2026-04-18,quantile,0.3,8
2026-04-18,19,0,wk inc flu hosp,2026-04-18,quantile,0.35,9
2026-04-18,19,0,wk inc flu hosp,2026-04-18,quantile,0.4,10
2026-04-18,19,0,wk inc flu hosp,2026-04-18,quantile,0.45,11
2026-04-18,19,0,wk inc flu hosp,2026-04-18,quantile,0.5,12
2026-04-18,19,0,wk inc flu hosp,2026-04-18,quantile,0.55,14
2026-04-18,19,0,wk inc flu hosp,2026-04-18,quantile,0.6,15
2026-04-18,19,0,wk inc flu hosp,2026-04-18,quantile,0.65,16
2026-04-18,19,0,wk inc flu hosp,2026-04-18,quantile,0.7,17
2026-04-18,19,0,wk inc flu hosp,2026-04-18,quantile,0.75,18
2026-04-18,19,0,wk inc flu hosp,2026-04-18,quantile,0.8,21
2026-04-18,19,0,wk inc flu hosp,2026-04-18,quantile,0.85,23
2026-04-18,19,0,wk inc flu hosp,2026-04-18,quantile,0.9,25
2026-04-18,19,0,wk inc flu hosp,2026-04-18,quantile,0.95,28
2026-04-18,19,0,wk inc flu hosp,2026-04-18,quantile,0.975,32
2026-04-18,19,0,wk inc flu hosp,2026-04-18,quantile,0.99,39
2026-04-18,19,1,wk inc flu hosp,2026-04-25,quantile,0.01,0
2026-04-18,19,1,wk inc flu hosp,2026-04-25,quantile,0.025,0
2026-04-18,19,1,wk inc flu hosp,2026-04-25,quantile,0.05,1
2026-04-18,19,1,wk inc flu hosp,2026-04-25,quantile,0.1,2
2026-04-18,19,1,wk inc flu hosp,2026-04-25,quantile,0.15,2
2026-04-18,19,1,wk inc flu hosp,2026-04-25,quantile,0.2,3
2026-04-18,19,1,wk inc flu hosp,2026-04-25,quantile,0.25,4
2026-04-18,19,1,wk inc flu hosp,2026-04-25,quantile,0.3,5
2026-04-18,19,1,wk inc flu hosp,2026-04-25,quantile,0.35,6
2026-04-18,19,1,wk inc flu hosp,2026-04-25,quantile,0.4,7
2026-04-18,19,1,wk inc flu hosp,2026-04-25,quantile,0.45,7
2026-04-18,19,1,wk inc flu hosp,2026-04-25,quantile,0.5,9
2026-04-18,19,1,wk inc flu hosp,2026-04-25,quantile,0.55,10
2026-04-18,19,1,wk inc flu hosp,2026-04-25,quantile,0.6,12
2026-04-18,19,1,wk inc flu hosp,2026-04-25,quantile,0.65,13
2026-04-18,19,1,wk inc flu hosp,2026-04-25,quantile,0.7,14
2026-04-18,19,1,wk inc flu hosp,2026-04-25,quantile,0.75,16
2026-04-18,19,1,wk inc flu hosp,2026-04-25,quantile,0.8,18
2026-04-18,19,1,wk inc flu hosp,2026-04-25,quantile,0.85,21
2026-04-18,19,1,wk inc flu hosp,2026-04-25,quantile,0.9,23
2026-04-18,19,1,wk inc flu hosp,2026-04-25,quantile,0.95,31
2026-04-18,19,1,wk inc flu hosp,2026-04-25,quantile,0.975,37
2026-04-18,19,1,wk inc flu hosp,2026-04-25,quantile,0.99,47
2026-04-18,19,2,wk inc flu hosp,2026-05-02,quantile,0.01,0
2026-04-18,19,2,wk inc flu hosp,2026-05-02,quantile,0.025,0
2026-04-18,19,2,wk inc flu hosp,2026-05-02,quantile,0.05,0
2026-04-18,19,2,wk inc flu hosp,2026-05-02,quantile,0.1,0
2026-04-18,19,2,wk inc flu hosp,2026-05-02,quantile,0.15,1
2026-04-18,19,2,wk inc flu hosp,2026-05-02,quantile,0.2,2
2026-04-18,19,2,wk inc flu hosp,2026-05-02,quantile,0.25,2
2026-04-18,19,2,wk inc flu hosp,2026-05-02,quantile,0.3,3
2026-04-18,19,2,wk inc flu hosp,2026-05-02,quantile,0.35,4
2026-04-18,19,2,wk inc flu hosp,2026-05-02,quantile,0.4,4
2026-04-18,19,2,wk inc flu hosp,2026-05-02,quantile,0.45,5
2026-04-18,19,2,wk inc flu hosp,2026-05-02,quantile,0.5,7
2026-04-18,19,2,wk inc flu hosp,2026-05-02,quantile,0.55,8
2026-04-18,19,2,wk inc flu hosp,2026-05-02,quantile,0.6,9
2026-04-18,19,2,wk inc flu hosp,2026-05-02,quantile,0.65,11
2026-04-18,19,2,wk inc flu hosp,2026-05-02,quantile,0.7,12
2026-04-18,19,2,wk inc flu hosp,2026-05-02,quantile,0.75,14
2026-04-18,19,2,wk inc flu hosp,2026-05-02,quantile,0.8,16
2026-04-18,19,2,wk inc flu hosp,2026-05-02,quantile,0.85,18
2026-04-18,19,2,wk inc flu hosp,2026-05-02,quantile,0.9,21
2026-04-18,19,2,wk inc flu hosp,2026-05-02,quantile,0.95,26
2026-04-18,19,2,wk inc flu hosp,2026-05-02,quantile,0.975,37
2026-04-18,19,2,wk inc flu hosp,2026-05-02,quantile,0.99,44
2026-04-18,19,3,wk inc flu hosp,2026-05-09,quantile,0.01,0
2026-04-18,19,3,wk inc flu hosp,2026-05-09,quantile,0.025,0
2026-04-18,19,3,wk inc flu hosp,2026-05-09,quantile,0.05,0
2026-04-18,19,3,wk inc flu hosp,2026-05-09,quantile,0.1,0
2026-04-18,19,3,wk inc flu hosp,2026-05-09,quantile,0.15,0
2026-04-18,19,3,wk inc flu hosp,2026-05-09,quantile,0.2,1
2026-04-18,19,3,wk inc flu hosp,2026-05-09,quantile,0.25,2
2026-04-18,19,3,wk inc flu hosp,2026-05-09,quantile,0.3,2
2026-04-18,19,3,wk inc flu hosp,2026-05-09,quantile,0.35,3
2026-04-18,19,3,wk inc flu hosp,2026-05-09,quantile,0.4,3
2026-04-18,19,3,wk inc flu hosp,2026-05-09,quantile,0.45,3
2026-04-18,19,3,wk inc flu hosp,2026-05-09,quantile,0.5,6
2026-04-18,19,3,wk inc flu hosp,2026-05-09,quantile,0.55,6
2026-04-18,19,3,wk inc flu hosp,2026-05-09,quantile,0.6,8
2026-04-18,19,3,wk inc flu hosp,2026-05-09,quantile,0.65,9
2026-04-18,19,3,wk inc flu hosp,2026-05-09,quantile,0.7,10
2026-04-18,19,3,wk inc flu hosp,2026-05-09,quantile,0.75,12
2026-04-18,19,3,wk inc flu hosp,2026-05-09,quantile,0.8,14
2026-04-18,19,3,wk inc flu hosp,2026-05-09,quantile,0.85,16
2026-04-18,19,3,wk inc flu hosp,2026-05-09,quantile,0.9,19
2026-04-18,19,3,wk inc flu hosp,2026-05-09,quantile,0.95,26
2026-04-18,19,3,wk inc flu hosp,2026-05-09,quantile,0.975,35
2026-04-18,19,3,wk inc flu hosp,2026-05-09,quantile,0.99,47
2026-04-18,20,0,wk inc flu hosp,2026-04-18,quantile,0.01,0
2026-04-18,20,0,wk inc flu hosp,2026-04-18,quantile,0.025,0
2026-04-18,20,0,wk inc flu hosp,2026-04-18,quantile,0.05,1
2026-04-18,20,0,wk inc flu hosp,2026-04-18,quantile,0.1,1
2026-04-18,20,0,wk inc flu hosp,2026-04-18,quantile,0.15,1
2026-04-18,20,0,wk inc flu hosp,2026-04-18,quantile,0.2,2
2026-04-18,20,0,wk inc flu hosp,2026-04-18,quantile,0.25,2
2026-04-18,20,0,wk inc flu hosp,2026-04-18,quantile,0.3,3
2026-04-18,20,0,wk inc flu hosp,2026-04-18,quantile,0.35,4
2026-04-18,20,0,wk inc flu hosp,2026-04-18,quantile,0.4,5
2026-04-18,20,0,wk inc flu hosp,2026-04-18,quantile,0.45,5
2026-04-18,20,0,wk inc flu hosp,2026-04-18,quantile,0.5,7
2026-04-18,20,0,wk inc flu hosp,2026-04-18,quantile,0.55,7
2026-04-18,20,0,wk inc flu hosp,2026-04-18,quantile,0.6,8
2026-04-18,20,0,wk inc flu hosp,2026-04-18,quantile,0.65,9
2026-04-18,20,0,wk inc flu hosp,2026-04-18,quantile,0.7,10
2026-04-18,20,0,wk inc flu hosp,2026-04-18,quantile,0.75,11
2026-04-18,20,0,wk inc flu hosp,2026-04-18,quantile,0.8,13
2026-04-18,20,0,wk inc flu hosp,2026-04-18,quantile,0.85,14
2026-04-18,20,0,wk inc flu hosp,2026-04-18,quantile,0.9,17
2026-04-18,20,0,wk inc flu hosp,2026-04-18,quantile,0.95,20
2026-04-18,20,0,wk inc flu hosp,2026-04-18,quantile,0.975,23
2026-04-18,20,0,wk inc flu hosp,2026-04-18,quantile,0.99,30
2026-04-18,20,1,wk inc flu hosp,2026-04-25,quantile,0.01,0
2026-04-18,20,1,wk inc flu hosp,2026-04-25,quantile,0.025,0
2026-04-18,20,1,wk inc flu hosp,2026-04-25,quantile,0.05,0
2026-04-18,20,1,wk inc flu hosp,2026-04-25,quantile,0.1,0
2026-04-18,20,1,wk inc flu hosp,2026-04-25,quantile,0.15,1
2026-04-18,20,1,wk inc flu hosp,2026-04-25,quantile,0.2,1
2026-04-18,20,1,wk inc flu hosp,2026-04-25,quantile,0.25,1
2026-04-18,20,1,wk inc flu hosp,2026-04-25,quantile,0.3,2
2026-04-18,20,1,wk inc flu hosp,2026-04-25,quantile,0.35,2
2026-04-18,20,1,wk inc flu hosp,2026-04-25,quantile,0.4,3
2026-04-18,20,1,wk inc flu hosp,2026-04-25,quantile,0.45,3
2026-04-18,20,1,wk inc flu hosp,2026-04-25,quantile,0.5,5
2026-04-18,20,1,wk inc flu hosp,2026-04-25,quantile,0.55,6
2026-04-18,20,1,wk inc flu hosp,2026-04-25,quantile,0.6,6
2026-04-18,20,1,wk inc flu hosp,2026-04-25,quantile,0.65,7
2026-04-18,20,1,wk inc flu hosp,2026-04-25,quantile,0.7,8
2026-04-18,20,1,wk inc flu hosp,2026-04-25,quantile,0.75,9
2026-04-18,20,1,wk inc flu hosp,2026-04-25,quantile,0.8,11
2026-04-18,20,1,wk inc flu hosp,2026-04-25,quantile,0.85,12
2026-04-18,20,1,wk inc flu hosp,2026-04-25,quantile,0.9,14
2026-04-18,20,1,wk inc flu hosp,2026-04-25,quantile,0.95,20
2026-04-18,20,1,wk inc flu hosp,2026-04-25,quantile,0.975,23
2026-04-18,20,1,wk inc flu hosp,2026-04-25,quantile,0.99,28
2026-04-18,20,2,wk inc flu hosp,2026-05-02,quantile,0.01,0
2026-04-18,20,2,wk inc flu hosp,2026-05-02,quantile,0.025,0
2026-04-18,20,2,wk inc flu hosp,2026-05-02,quantile,0.05,0
2026-04-18,20,2,wk inc flu hosp,2026-05-02,quantile,0.1,0
2026-04-18,20,2,wk inc flu hosp,2026-05-02,quantile,0.15,0
2026-04-18,20,2,wk inc flu hosp,2026-05-02,quantile,0.2,0
2026-04-18,20,2,wk inc flu hosp,2026-05-02,quantile,0.25,1
2026-04-18,20,2,wk inc flu hosp,2026-05-02,quantile,0.3,1
2026-04-18,20,2,wk inc flu hosp,2026-05-02,quantile,0.35,2
2026-04-18,20,2,wk inc flu hosp,2026-05-02,quantile,0.4,2
2026-04-18,20,2,wk inc flu hosp,2026-05-02,quantile,0.45,3
2026-04-18,20,2,wk inc flu hosp,2026-05-02,quantile,0.5,4
2026-04-18,20,2,wk inc flu hosp,2026-05-02,quantile,0.55,5
2026-04-18,20,2,wk inc flu hosp,2026-05-02,quantile,0.6,6
2026-04-18,20,2,wk inc flu hosp,2026-05-02,quantile,0.65,6
2026-04-18,20,2,wk inc flu hosp,2026-05-02,quantile,0.7,7
2026-04-18,20,2,wk inc flu hosp,2026-05-02,quantile,0.75,8
2026-04-18,20,2,wk inc flu hosp,2026-05-02,quantile,0.8,10
2026-04-18,20,2,wk inc flu hosp,2026-05-02,quantile,0.85,11
2026-04-18,20,2,wk inc flu hosp,2026-05-02,quantile,0.9,13
2026-04-18,20,2,wk inc flu hosp,2026-05-02,quantile,0.95,17
2026-04-18,20,2,wk inc flu hosp,2026-05-02,quantile,0.975,24
2026-04-18,20,2,wk inc flu hosp,2026-05-02,quantile,0.99,31
2026-04-18,20,3,wk inc flu hosp,2026-05-09,quantile,0.01,0
2026-04-18,20,3,wk inc flu hosp,2026-05-09,quantile,0.025,0
2026-04-18,20,3,wk inc flu hosp,2026-05-09,quantile,0.05,0
2026-04-18,20,3,wk inc flu hosp,2026-05-09,quantile,0.1,0
2026-04-18,20,3,wk inc flu hosp,2026-05-09,quantile,0.15,0
2026-04-18,20,3,wk inc flu hosp,2026-05-09,quantile,0.2,0
2026-04-18,20,3,wk inc flu hosp,2026-05-09,quantile,0.25,0
2026-04-18,20,3,wk inc flu hosp,2026-05-09,quantile,0.3,1
2026-04-18,20,3,wk inc flu hosp,2026-05-09,quantile,0.35,1
2026-04-18,20,3,wk inc flu hosp,2026-05-09,quantile,0.4,2
2026-04-18,20,3,wk inc flu hosp,2026-05-09,quantile,0.45,2
2026-04-18,20,3,wk inc flu hosp,2026-05-09,quantile,0.5,4
2026-04-18,20,3,wk inc flu hosp,2026-05-09,quantile,0.55,5
2026-04-18,20,3,wk inc flu hosp,2026-05-09,quantile,0.6,5
2026-04-18,20,3,wk inc flu hosp,2026-05-09,quantile,0.65,5
2026-04-18,20,3,wk inc flu hosp,2026-05-09,quantile,0.7,6
2026-04-18,20,3,wk inc flu hosp,2026-05-09,quantile,0.75,7
2026-04-18,20,3,wk inc flu hosp,2026-05-09,quantile,0.8,9
2026-04-18,20,3,wk inc flu hosp,2026-05-09,quantile,0.85,10
2026-04-18,20,3,wk inc flu hosp,2026-05-09,quantile,0.9,12
2026-04-18,20,3,wk inc flu hosp,2026-05-09,quantile,0.95,16
2026-04-18,20,3,wk inc flu hosp,2026-05-09,quantile,0.975,24
2026-04-18,20,3,wk inc flu hosp,2026-05-09,quantile,0.99,33
2026-04-18,21,0,wk inc flu hosp,2026-04-18,quantile,0.01,0
2026-04-18,21,0,wk inc flu hosp,2026-04-18,quantile,0.025,2
2026-04-18,21,0,wk inc flu hosp,2026-04-18,quantile,0.05,5
2026-04-18,21,0,wk inc flu hosp,2026-04-18,quantile,0.1,7
2026-04-18,21,0,wk inc flu hosp,2026-04-18,quantile,0.15,8
2026-04-18,21,0,wk inc flu hosp,2026-04-18,quantile,0.2,9
2026-04-18,21,0,wk inc flu hosp,2026-04-18,quantile,0.25,11
2026-04-18,21,0,wk inc flu hosp,2026-04-18,quantile,0.3,13
2026-04-18,21,0,wk inc flu hosp,2026-04-18,quantile,0.35,14
2026-04-18,21,0,wk inc flu hosp,2026-04-18,quantile,0.4,15
2026-04-18,21,0,wk inc flu hosp,2026-04-18,quantile,0.45,17
2026-04-18,21,0,wk inc flu hosp,2026-04-18,quantile,0.5,19
2026-04-18,21,0,wk inc flu hosp,2026-04-18,quantile,0.55,20
2026-04-18,21,0,wk inc flu hosp,2026-04-18,quantile,0.6,21
2026-04-18,21,0,wk inc flu hosp,2026-04-18,quantile,0.65,25
2026-04-18,21,0,wk inc flu hosp,2026-04-18,quantile,0.7,27
2026-04-18,21,0,wk inc flu hosp,2026-04-18,quantile,0.75,28
2026-04-18,21,0,wk inc flu hosp,2026-04-18,quantile,0.8,32
2026-04-18,21,0,wk inc flu hosp,2026-04-18,quantile,0.85,36
2026-04-18,21,0,wk inc flu hosp,2026-04-18,quantile,0.9,42
2026-04-18,21,0,wk inc flu hosp,2026-04-18,quantile,0.95,51
2026-04-18,21,0,wk inc flu hosp,2026-04-18,quantile,0.975,61
2026-04-18,21,0,wk inc flu hosp,2026-04-18,quantile,0.99,70
2026-04-18,21,1,wk inc flu hosp,2026-04-25,quantile,0.01,0
2026-04-18,21,1,wk inc flu hosp,2026-04-25,quantile,0.025,0
2026-04-18,21,1,wk inc flu hosp,2026-04-25,quantile,0.05,0
2026-04-18,21,1,wk inc flu hosp,2026-04-25,quantile,0.1,1
2026-04-18,21,1,wk inc flu hosp,2026-04-25,quantile,0.15,3
2026-04-18,21,1,wk inc flu hosp,2026-04-25,quantile,0.2,4
2026-04-18,21,1,wk inc flu hosp,2026-04-25,quantile,0.25,5
2026-04-18,21,1,wk inc flu hosp,2026-04-25,quantile,0.3,7
2026-04-18,21,1,wk inc flu hosp,2026-04-25,quantile,0.35,8
2026-04-18,21,1,wk inc flu hosp,2026-04-25,quantile,0.4,10
2026-04-18,21,1,wk inc flu hosp,2026-04-25,quantile,0.45,12
2026-04-18,21,1,wk inc flu hosp,2026-04-25,quantile,0.5,14
2026-04-18,21,1,wk inc flu hosp,2026-04-25,quantile,0.55,15
2026-04-18,21,1,wk inc flu hosp,2026-04-25,quantile,0.6,16
2026-04-18,21,1,wk inc flu hosp,2026-04-25,quantile,0.65,18
2026-04-18,21,1,wk inc flu hosp,2026-04-25,quantile,0.7,20
2026-04-18,21,1,wk inc flu hosp,2026-04-25,quantile,0.75,23
2026-04-18,21,1,wk inc flu hosp,2026-04-25,quantile,0.8,28
2026-04-18,21,1,wk inc flu hosp,2026-04-25,quantile,0.85,30
2026-04-18,21,1,wk inc flu hosp,2026-04-25,quantile,0.9,39
2026-04-18,21,1,wk inc flu hosp,2026-04-25,quantile,0.95,47
2026-04-18,21,1,wk inc flu hosp,2026-04-25,quantile,0.975,59
2026-04-18,21,1,wk inc flu hosp,2026-04-25,quantile,0.99,72
2026-04-18,21,2,wk inc flu hosp,2026-05-02,quantile,0.01,0
2026-04-18,21,2,wk inc flu hosp,2026-05-02,quantile,0.025,0
2026-04-18,21,2,wk inc flu hosp,2026-05-02,quantile,0.05,0
2026-04-18,21,2,wk inc flu hosp,2026-05-02,quantile,0.1,0
2026-04-18,21,2,wk inc flu hosp,2026-05-02,quantile,0.15,2
2026-04-18,21,2,wk inc flu hosp,2026-05-02,quantile,0.2,3
2026-04-18,21,2,wk inc flu hosp,2026-05-02,quantile,0.25,4
2026-04-18,21,2,wk inc flu hosp,2026-05-02,quantile,0.3,4
2026-04-18,21,2,wk inc flu hosp,2026-05-02,quantile,0.35,5
2026-04-18,21,2,wk inc flu hosp,2026-05-02,quantile,0.4,7
2026-04-18,21,2,wk inc flu hosp,2026-05-02,quantile,0.45,7
2026-04-18,21,2,wk inc flu hosp,2026-05-02,quantile,0.5,10
2026-04-18,21,2,wk inc flu hosp,2026-05-02,quantile,0.55,11
2026-04-18,21,2,wk inc flu hosp,2026-05-02,quantile,0.6,14
2026-04-18,21,2,wk inc flu hosp,2026-05-02,quantile,0.65,16
2026-04-18,21,2,wk inc flu hosp,2026-05-02,quantile,0.7,18
2026-04-18,21,2,wk inc flu hosp,2026-05-02,quantile,0.75,21
2026-04-18,21,2,wk inc flu hosp,2026-05-02,quantile,0.8,23
2026-04-18,21,2,wk inc flu hosp,2026-05-02,quantile,0.85,26
2026-04-18,21,2,wk inc flu hosp,2026-05-02,quantile,0.9,31
2026-04-18,21,2,wk inc flu hosp,2026-05-02,quantile,0.95,43
2026-04-18,21,2,wk inc flu hosp,2026-05-02,quantile,0.975,53
2026-04-18,21,2,wk inc flu hosp,2026-05-02,quantile,0.99,82
2026-04-18,21,3,wk inc flu hosp,2026-05-09,quantile,0.01,0
2026-04-18,21,3,wk inc flu hosp,2026-05-09,quantile,0.025,0
2026-04-18,21,3,wk inc flu hosp,2026-05-09,quantile,0.05,0
2026-04-18,21,3,wk inc flu hosp,2026-05-09,quantile,0.1,0
2026-04-18,21,3,wk inc flu hosp,2026-05-09,quantile,0.15,0
2026-04-18,21,3,wk inc flu hosp,2026-05-09,quantile,0.2,1
2026-04-18,21,3,wk inc flu hosp,2026-05-09,quantile,0.25,2
2026-04-18,21,3,wk inc flu hosp,2026-05-09,quantile,0.3,4
2026-04-18,21,3,wk inc flu hosp,2026-05-09,quantile,0.35,5
2026-04-18,21,3,wk inc flu hosp,2026-05-09,quantile,0.4,7
2026-04-18,21,3,wk inc flu hosp,2026-05-09,quantile,0.45,8
2026-04-18,21,3,wk inc flu hosp,2026-05-09,quantile,0.5,9
2026-04-18,21,3,wk inc flu hosp,2026-05-09,quantile,0.55,11
2026-04-18,21,3,wk inc flu hosp,2026-05-09,quantile,0.6,13
2026-04-18,21,3,wk inc flu hosp,2026-05-09,quantile,0.65,15
2026-04-18,21,3,wk inc flu hosp,2026-05-09,quantile,0.7,17
2026-04-18,21,3,wk inc flu hosp,2026-05-09,quantile,0.75,18
2026-04-18,21,3,wk inc flu hosp,2026-05-09,quantile,0.8,20
2026-04-18,21,3,wk inc flu hosp,2026-05-09,quantile,0.85,23
2026-04-18,21,3,wk inc flu hosp,2026-05-09,quantile,0.9,27
2026-04-18,21,3,wk inc flu hosp,2026-05-09,quantile,0.95,40
2026-04-18,21,3,wk inc flu hosp,2026-05-09,quantile,0.975,53
2026-04-18,21,3,wk inc flu hosp,2026-05-09,quantile,0.99,70
2026-04-18,22,0,wk inc flu hosp,2026-04-18,quantile,0.01,2
2026-04-18,22,0,wk inc flu hosp,2026-04-18,quantile,0.025,4
2026-04-18,22,0,wk inc flu hosp,2026-04-18,quantile,0.05,6
2026-04-18,22,0,wk inc flu hosp,2026-04-18,quantile,0.1,8
2026-04-18,22,0,wk inc flu hosp,2026-04-18,quantile,0.15,10
2026-04-18,22,0,wk inc flu hosp,2026-04-18,quantile,0.2,12
2026-04-18,22,0,wk inc flu hosp,2026-04-18,quantile,0.25,13
2026-04-18,22,0,wk inc flu hosp,2026-04-18,quantile,0.3,14
2026-04-18,22,0,wk inc flu hosp,2026-04-18,quantile,0.35,15
2026-04-18,22,0,wk inc flu hosp,2026-04-18,quantile,0.4,17
2026-04-18,22,0,wk inc flu hosp,2026-04-18,quantile,0.45,18
2026-04-18,22,0,wk inc flu hosp,2026-04-18,quantile,0.5,20
2026-04-18,22,0,wk inc flu hosp,2026-04-18,quantile,0.55,22
2026-04-18,22,0,wk inc flu hosp,2026-04-18,quantile,0.6,24
2026-04-18,22,0,wk inc flu hosp,2026-04-18,quantile,0.65,25
2026-04-18,22,0,wk inc flu hosp,2026-04-18,quantile,0.7,28
2026-04-18,22,0,wk inc flu hosp,2026-04-18,quantile,0.75,30
2026-04-18,22,0,wk inc flu hosp,2026-04-18,quantile,0.8,32
2026-04-18,22,0,wk inc flu hosp,2026-04-18,quantile,0.85,35
2026-04-18,22,0,wk inc flu hosp,2026-04-18,quantile,0.9,39
2026-04-18,22,0,wk inc flu hosp,2026-04-18,quantile,0.95,47
2026-04-18,22,0,wk inc flu hosp,2026-04-18,quantile,0.975,55
2026-04-18,22,0,wk inc flu hosp,2026-04-18,quantile,0.99,67
2026-04-18,22,1,wk inc flu hosp,2026-04-25,quantile,0.01,0
2026-04-18,22,1,wk inc flu hosp,2026-04-25,quantile,0.025,1
2026-04-18,22,1,wk inc flu hosp,2026-04-25,quantile,0.05,2
2026-04-18,22,1,wk inc flu hosp,2026-04-25,quantile,0.1,4
2026-04-18,22,1,wk inc flu hosp,2026-04-25,quantile,0.15,7
2026-04-18,22,1,wk inc flu hosp,2026-04-25,quantile,0.2,9
2026-04-18,22,1,wk inc flu hosp,2026-04-25,quantile,0.25,10
2026-04-18,22,1,wk inc flu hosp,2026-04-25,quantile,0.3,11
2026-04-18,22,1,wk inc flu hosp,2026-04-25,quantile,0.35,12
2026-04-18,22,1,wk inc flu hosp,2026-04-25,quantile,0.4,14
2026-04-18,22,1,wk inc flu hosp,2026-04-25,quantile,0.45,15
2026-04-18,22,1,wk inc flu hosp,2026-04-25,quantile,0.5,18
2026-04-18,22,1,wk inc flu hosp,2026-04-25,quantile,0.55,21
2026-04-18,22,1,wk inc flu hosp,2026-04-25,quantile,0.6,23
2026-04-18,22,1,wk inc flu hosp,2026-04-25,quantile,0.65,24
2026-04-18,22,1,wk inc flu hosp,2026-04-25,quantile,0.7,28
2026-04-18,22,1,wk inc flu hosp,2026-04-25,quantile,0.75,30
2026-04-18,22,1,wk inc flu hosp,2026-04-25,quantile,0.8,32
2026-04-18,22,1,wk inc flu hosp,2026-04-25,quantile,0.85,35
2026-04-18,22,1,wk inc flu hosp,2026-04-25,quantile,0.9,39
2026-04-18,22,1,wk inc flu hosp,2026-04-25,quantile,0.95,50
2026-04-18,22,1,wk inc flu hosp,2026-04-25,quantile,0.975,61
2026-04-18,22,1,wk inc flu hosp,2026-04-25,quantile,0.99,78
2026-04-18,22,2,wk inc flu hosp,2026-05-02,quantile,0.01,0
2026-04-18,22,2,wk inc flu hosp,2026-05-02,quantile,0.025,0
2026-04-18,22,2,wk inc flu hosp,2026-05-02,quantile,0.05,1
2026-04-18,22,2,wk inc flu hosp,2026-05-02,quantile,0.1,3
2026-04-18,22,2,wk inc flu hosp,2026-05-02,quantile,0.15,4
2026-04-18,22,2,wk inc flu hosp,2026-05-02,quantile,0.2,5
2026-04-18,22,2,wk inc flu hosp,2026-05-02,quantile,0.25,7
2026-04-18,22,2,wk inc flu hosp,2026-05-02,quantile,0.3,8
2026-04-18,22,2,wk inc flu hosp,2026-05-02,quantile,0.35,10
2026-04-18,22,2,wk inc flu hosp,2026-05-02,quantile,0.4,11
2026-04-18,22,2,wk inc flu hosp,2026-05-02,quantile,0.45,12
2026-04-18,22,2,wk inc flu hosp,2026-05-02,quantile,0.5,14
2026-04-18,22,2,wk inc flu hosp,2026-05-02,quantile,0.55,16
2026-04-18,22,2,wk inc flu hosp,2026-05-02,quantile,0.6,20
2026-04-18,22,2,wk inc flu hosp,2026-05-02,quantile,0.65,23
2026-04-18,22,2,wk inc flu hosp,2026-05-02,quantile,0.7,24
2026-04-18,22,2,wk inc flu hosp,2026-05-02,quantile,0.75,26
2026-04-18,22,2,wk inc flu hosp,2026-05-02,quantile,0.8,28
2026-04-18,22,2,wk inc flu hosp,2026-05-02,quantile,0.85,33
2026-04-18,22,2,wk inc flu hosp,2026-05-02,quantile,0.9,41
2026-04-18,22,2,wk inc flu hosp,2026-05-02,quantile,0.95,50
2026-04-18,22,2,wk inc flu hosp,2026-05-02,quantile,0.975,59
2026-04-18,22,2,wk inc flu hosp,2026-05-02,quantile,0.99,73
2026-04-18,22,3,wk inc flu hosp,2026-05-09,quantile,0.01,0
2026-04-18,22,3,wk inc flu hosp,2026-05-09,quantile,0.025,0
2026-04-18,22,3,wk inc flu hosp,2026-05-09,quantile,0.05,0
2026-04-18,22,3,wk inc flu hosp,2026-05-09,quantile,0.1,2
2026-04-18,22,3,wk inc flu hosp,2026-05-09,quantile,0.15,3
2026-04-18,22,3,wk inc flu hosp,2026-05-09,quantile,0.2,5
2026-04-18,22,3,wk inc flu hosp,2026-05-09,quantile,0.25,6
2026-04-18,22,3,wk inc flu hosp,2026-05-09,quantile,0.3,7
2026-04-18,22,3,wk inc flu hosp,2026-05-09,quantile,0.35,8
2026-04-18,22,3,wk inc flu hosp,2026-05-09,quantile,0.4,9
2026-04-18,22,3,wk inc flu hosp,2026-05-09,quantile,0.45,11
2026-04-18,22,3,wk inc flu hosp,2026-05-09,quantile,0.5,13
2026-04-18,22,3,wk inc flu hosp,2026-05-09,quantile,0.55,15
2026-04-18,22,3,wk inc flu hosp,2026-05-09,quantile,0.6,17
2026-04-18,22,3,wk inc flu hosp,2026-05-09,quantile,0.65,21
2026-04-18,22,3,wk inc flu hosp,2026-05-09,quantile,0.7,23
2026-04-18,22,3,wk inc flu hosp,2026-05-09,quantile,0.75,25
2026-04-18,22,3,wk inc flu hosp,2026-05-09,quantile,0.8,28
2026-04-18,22,3,wk inc flu hosp,2026-05-09,quantile,0.85,33
2026-04-18,22,3,wk inc flu hosp,2026-05-09,quantile,0.9,38
2026-04-18,22,3,wk inc flu hosp,2026-05-09,quantile,0.95,50
2026-04-18,22,3,wk inc flu hosp,2026-05-09,quantile,0.975,60
2026-04-18,22,3,wk inc flu hosp,2026-05-09,quantile,0.99,81
2026-04-18,23,0,wk inc flu hosp,2026-04-18,quantile,0.01,0
2026-04-18,23,0,wk inc flu hosp,2026-04-18,quantile,0.025,0
2026-04-18,23,0,wk inc flu hosp,2026-04-18,quantile,0.05,0
2026-04-18,23,0,wk inc flu hosp,2026-04-18,quantile,0.1,0
2026-04-18,23,0,wk inc flu hosp,2026-04-18,quantile,0.15,0
2026-04-18,23,0,wk inc flu hosp,2026-04-18,quantile,0.2,1
2026-04-18,23,0,wk inc flu hosp,2026-04-18,quantile,0.25,1
2026-04-18,23,0,wk inc flu hosp,2026-04-18,quantile,0.3,1
2026-04-18,23,0,wk inc flu hosp,2026-04-18,quantile,0.35,2
2026-04-18,23,0,wk inc flu hosp,2026-04-18,quantile,0.4,2
2026-04-18,23,0,wk inc flu hosp,2026-04-18,quantile,0.45,2
2026-04-18,23,0,wk inc flu hosp,2026-04-18,quantile,0.5,3
2026-04-18,23,0,wk inc flu hosp,2026-04-18,quantile,0.55,4
2026-04-18,23,0,wk inc flu hosp,2026-04-18,quantile,0.6,4
2026-04-18,23,0,wk inc flu hosp,2026-04-18,quantile,0.65,5
2026-04-18,23,0,wk inc flu hosp,2026-04-18,quantile,0.7,5
2026-04-18,23,0,wk inc flu hosp,2026-04-18,quantile,0.75,6
2026-04-18,23,0,wk inc flu hosp,2026-04-18,quantile,0.8,7
2026-04-18,23,0,wk inc flu hosp,2026-04-18,quantile,0.85,7
2026-04-18,23,0,wk inc flu hosp,2026-04-18,quantile,0.9,9
2026-04-18,23,0,wk inc flu hosp,2026-04-18,quantile,0.95,12
2026-04-18,23,0,wk inc flu hosp,2026-04-18,quantile,0.975,14
2026-04-18,23,0,wk inc flu hosp,2026-04-18,quantile,0.99,18
2026-04-18,23,1,wk inc flu hosp,2026-04-25,quantile,0.01,0
2026-04-18,23,1,wk inc flu hosp,2026-04-25,quantile,0.025,0
2026-04-18,23,1,wk inc flu hosp,2026-04-25,quantile,0.05,0
2026-04-18,23,1,wk inc flu hosp,2026-04-25,quantile,0.1,0
2026-04-18,23,1,wk inc flu hosp,2026-04-25,quantile,0.15,0
2026-04-18,23,1,wk inc flu hosp,2026-04-25,quantile,0.2,0
2026-04-18,23,1,wk inc flu hosp,2026-04-25,quantile,0.25,0
2026-04-18,23,1,wk inc flu hosp,2026-04-25,quantile,0.3,1
2026-04-18,23,1,wk inc flu hosp,2026-04-25,quantile,0.35,1
2026-04-18,23,1,wk inc flu hosp,2026-04-25,quantile,0.4,1
2026-04-18,23,1,wk inc flu hosp,2026-04-25,quantile,0.45,2
2026-04-18,23,1,wk inc flu hosp,2026-04-25,quantile,0.5,2
2026-04-18,23,1,wk inc flu hosp,2026-04-25,quantile,0.55,3
2026-04-18,23,1,wk inc flu hosp,2026-04-25,quantile,0.6,3
2026-04-18,23,1,wk inc flu hosp,2026-04-25,quantile,0.65,4
2026-04-18,23,1,wk inc flu hosp,2026-04-25,quantile,0.7,5
2026-04-18,23,1,wk inc flu hosp,2026-04-25,quantile,0.75,5
2026-04-18,23,1,wk inc flu hosp,2026-04-25,quantile,0.8,6
2026-04-18,23,1,wk inc flu hosp,2026-04-25,quantile,0.85,7
2026-04-18,23,1,wk inc flu hosp,2026-04-25,quantile,0.9,9
2026-04-18,23,1,wk inc flu hosp,2026-04-25,quantile,0.95,12
2026-04-18,23,1,wk inc flu hosp,2026-04-25,quantile,0.975,15
2026-04-18,23,1,wk inc flu hosp,2026-04-25,quantile,0.99,21
2026-04-18,23,2,wk inc flu hosp,2026-05-02,quantile,0.01,0
2026-04-18,23,2,wk inc flu hosp,2026-05-02,quantile,0.025,0
2026-04-18,23,2,wk inc flu hosp,2026-05-02,quantile,0.05,0
2026-04-18,23,2,wk inc flu hosp,2026-05-02,quantile,0.1,0
2026-04-18,23,2,wk inc flu hosp,2026-05-02,quantile,0.15,0
2026-04-18,23,2,wk inc flu hosp,2026-05-02,quantile,0.2,0
2026-04-18,23,2,wk inc flu hosp,2026-05-02,quantile,0.25,0
2026-04-18,23,2,wk inc flu hosp,2026-05-02,quantile,0.3,0
2026-04-18,23,2,wk inc flu hosp,2026-05-02,quantile,0.35,1
2026-04-18,23,2,wk inc flu hosp,2026-05-02,quantile,0.4,1
2026-04-18,23,2,wk inc flu hosp,2026-05-02,quantile,0.45,1
2026-04-18,23,2,wk inc flu hosp,2026-05-02,quantile,0.5,2
2026-04-18,23,2,wk inc flu hosp,2026-05-02,quantile,0.55,2
2026-04-18,23,2,wk inc flu hosp,2026-05-02,quantile,0.6,2
2026-04-18,23,2,wk inc flu hosp,2026-05-02,quantile,0.65,3
2026-04-18,23,2,wk inc flu hosp,2026-05-02,quantile,0.7,4
2026-04-18,23,2,wk inc flu hosp,2026-05-02,quantile,0.75,4
2026-04-18,23,2,wk inc flu hosp,2026-05-02,quantile,0.8,5
2026-04-18,23,2,wk inc flu hosp,2026-05-02,quantile,0.85,7
2026-04-18,23,2,wk inc flu hosp,2026-05-02,quantile,0.9,8
2026-04-18,23,2,wk inc flu hosp,2026-05-02,quantile,0.95,11
2026-04-18,23,2,wk inc flu hosp,2026-05-02,quantile,0.975,14
2026-04-18,23,2,wk inc flu hosp,2026-05-02,quantile,0.99,20
2026-04-18,23,3,wk inc flu hosp,2026-05-09,quantile,0.01,0
2026-04-18,23,3,wk inc flu hosp,2026-05-09,quantile,0.025,0
2026-04-18,23,3,wk inc flu hosp,2026-05-09,quantile,0.05,0
2026-04-18,23,3,wk inc flu hosp,2026-05-09,quantile,0.1,0
2026-04-18,23,3,wk inc flu hosp,2026-05-09,quantile,0.15,0
2026-04-18,23,3,wk inc flu hosp,2026-05-09,quantile,0.2,0
2026-04-18,23,3,wk inc flu hosp,2026-05-09,quantile,0.25,0
2026-04-18,23,3,wk inc flu hosp,2026-05-09,quantile,0.3,0
2026-04-18,23,3,wk inc flu hosp,2026-05-09,quantile,0.35,0
2026-04-18,23,3,wk inc flu hosp,2026-05-09,quantile,0.4,1
2026-04-18,23,3,wk inc flu hosp,2026-05-09,quantile,0.45,1
2026-04-18,23,3,wk inc flu hosp,2026-05-09,quantile,0.5,2
2026-04-18,23,3,wk inc flu hosp,2026-05-09,quantile,0.55,2
2026-04-18,23,3,wk inc flu hosp,2026-05-09,quantile,0.6,2
2026-04-18,23,3,wk inc flu hosp,2026-05-09,quantile,0.65,2
2026-04-18,23,3,wk inc flu hosp,2026-05-09,quantile,0.7,3
2026-04-18,23,3,wk inc flu hosp,2026-05-09,quantile,0.75,4
2026-04-18,23,3,wk inc flu hosp,2026-05-09,quantile,0.8,5
2026-04-18,23,3,wk inc flu hosp,2026-05-09,quantile,0.85,6
2026-04-18,23,3,wk inc flu hosp,2026-05-09,quantile,0.9,8
2026-04-18,23,3,wk inc flu hosp,2026-05-09,quantile,0.95,11
2026-04-18,23,3,wk inc flu hosp,2026-05-09,quantile,0.975,14
2026-04-18,23,3,wk inc flu hosp,2026-05-09,quantile,0.99,23
2026-04-18,24,0,wk inc flu hosp,2026-04-18,quantile,0.01,0
2026-04-18,24,0,wk inc flu hosp,2026-04-18,quantile,0.025,0
2026-04-18,24,0,wk inc flu hosp,2026-04-18,quantile,0.05,0
2026-04-18,24,0,wk inc flu hosp,2026-04-18,quantile,0.1,0
2026-04-18,24,0,wk inc flu hosp,2026-04-18,quantile,0.15,1
2026-04-18,24,0,wk inc flu hosp,2026-04-18,quantile,0.2,2
2026-04-18,24,0,wk inc flu hosp,2026-04-18,quantile,0.25,3
2026-04-18,24,0,wk inc flu hosp,2026-04-18,quantile,0.3,5
2026-04-18,24,0,wk inc flu hosp,2026-04-18,quantile,0.35,5
2026-04-18,24,0,wk inc flu hosp,2026-04-18,quantile,0.4,6
2026-04-18,24,0,wk inc flu hosp,2026-04-18,quantile,0.45,7
2026-04-18,24,0,wk inc flu hosp,2026-04-18,quantile,0.5,8
2026-04-18,24,0,wk inc flu hosp,2026-04-18,quantile,0.55,9
2026-04-18,24,0,wk inc flu hosp,2026-04-18,quantile,0.6,9
2026-04-18,24,0,wk inc flu hosp,2026-04-18,quantile,0.65,11
2026-04-18,24,0,wk inc flu hosp,2026-04-18,quantile,0.7,11
2026-04-18,24,0,wk inc flu hosp,2026-04-18,quantile,0.75,12
2026-04-18,24,0,wk inc flu hosp,2026-04-18,quantile,0.8,14
2026-04-18,24,0,wk inc flu hosp,2026-04-18,quantile,0.85,16
2026-04-18,24,0,wk inc flu hosp,2026-04-18,quantile,0.9,20
2026-04-18,24,0,wk inc flu hosp,2026-04-18,quantile,0.95,28
2026-04-18,24,0,wk inc flu hosp,2026-04-18,quantile,0.975,36
2026-04-18,24,0,wk inc flu hosp,2026-04-18,quantile,0.99,45
2026-04-18,24,1,wk inc flu hosp,2026-04-25,quantile,0.01,0
2026-04-18,24,1,wk inc flu hosp,2026-04-25,quantile,0.025,0
2026-04-18,24,1,wk inc flu hosp,2026-04-25,quantile,0.05,0
2026-04-18,24,1,wk inc flu hosp,2026-04-25,quantile,0.1,0
2026-04-18,24,1,wk inc flu hosp,2026-04-25,quantile,0.15,0
2026-04-18,24,1,wk inc flu hosp,2026-04-25,quantile,0.2,1
2026-04-18,24,1,wk inc flu hosp,2026-04-25,quantile,0.25,2
2026-04-18,24,1,wk inc flu hosp,2026-04-25,quantile,0.3,3
2026-04-18,24,1,wk inc flu hosp,2026-04-25,quantile,0.35,3
2026-04-18,24,1,wk inc flu hosp,2026-04-25,quantile,0.4,4
2026-04-18,24,1,wk inc flu hosp,2026-04-25,quantile,0.45,5
2026-04-18,24,1,wk inc flu hosp,2026-04-25,quantile,0.5,7
2026-04-18,24,1,wk inc flu hosp,2026-04-25,quantile,0.55,7
2026-04-18,24,1,wk inc flu hosp,2026-04-25,quantile,0.6,8
2026-04-18,24,1,wk inc flu hosp,2026-04-25,quantile,0.65,10
2026-04-18,24,1,wk inc flu hosp,2026-04-25,quantile,0.7,11
2026-04-18,24,1,wk inc flu hosp,2026-04-25,quantile,0.75,13
2026-04-18,24,1,wk inc flu hosp,2026-04-25,quantile,0.8,15
2026-04-18,24,1,wk inc flu hosp,2026-04-25,quantile,0.85,18
2026-04-18,24,1,wk inc flu hosp,2026-04-25,quantile,0.9,22
2026-04-18,24,1,wk inc flu hosp,2026-04-25,quantile,0.95,32
2026-04-18,24,1,wk inc flu hosp,2026-04-25,quantile,0.975,43
2026-04-18,24,1,wk inc flu hosp,2026-04-25,quantile,0.99,51
2026-04-18,24,2,wk inc flu hosp,2026-05-02,quantile,0.01,0
2026-04-18,24,2,wk inc flu hosp,2026-05-02,quantile,0.025,0
2026-04-18,24,2,wk inc flu hosp,2026-05-02,quantile,0.05,0
2026-04-18,24,2,wk inc flu hosp,2026-05-02,quantile,0.1,0
2026-04-18,24,2,wk inc flu hosp,2026-05-02,quantile,0.15,0
2026-04-18,24,2,wk inc flu hosp,2026-05-02,quantile,0.2,1
2026-04-18,24,2,wk inc flu hosp,2026-05-02,quantile,0.25,2
2026-04-18,24,2,wk inc flu hosp,2026-05-02,quantile,0.3,3
2026-04-18,24,2,wk inc flu hosp,2026-05-02,quantile,0.35,3
2026-04-18,24,2,wk inc flu hosp,2026-05-02,quantile,0.4,4
2026-04-18,24,2,wk inc flu hosp,2026-05-02,quantile,0.45,5
2026-04-18,24,2,wk inc flu hosp,2026-05-02,quantile,0.5,6
2026-04-18,24,2,wk inc flu hosp,2026-05-02,quantile,0.55,7
2026-04-18,24,2,wk inc flu hosp,2026-05-02,quantile,0.6,8
2026-04-18,24,2,wk inc flu hosp,2026-05-02,quantile,0.65,9
2026-04-18,24,2,wk inc flu hosp,2026-05-02,quantile,0.7,10
2026-04-18,24,2,wk inc flu hosp,2026-05-02,quantile,0.75,13
2026-04-18,24,2,wk inc flu hosp,2026-05-02,quantile,0.8,17
2026-04-18,24,2,wk inc flu hosp,2026-05-02,quantile,0.85,20
2026-04-18,24,2,wk inc flu hosp,2026-05-02,quantile,0.9,24
2026-04-18,24,2,wk inc flu hosp,2026-05-02,quantile,0.95,29
2026-04-18,24,2,wk inc flu hosp,2026-05-02,quantile,0.975,39
2026-04-18,24,2,wk inc flu hosp,2026-05-02,quantile,0.99,52
2026-04-18,24,3,wk inc flu hosp,2026-05-09,quantile,0.01,0
2026-04-18,24,3,wk inc flu hosp,2026-05-09,quantile,0.025,0
2026-04-18,24,3,wk inc flu hosp,2026-05-09,quantile,0.05,0
2026-04-18,24,3,wk inc flu hosp,2026-05-09,quantile,0.1,0
2026-04-18,24,3,wk inc flu hosp,2026-05-09,quantile,0.15,0
2026-04-18,24,3,wk inc flu hosp,2026-05-09,quantile,0.2,1
2026-04-18,24,3,wk inc flu hosp,2026-05-09,quantile,0.25,2
2026-04-18,24,3,wk inc flu hosp,2026-05-09,quantile,0.3,2
2026-04-18,24,3,wk inc flu hosp,2026-05-09,quantile,0.35,3
2026-04-18,24,3,wk inc flu hosp,2026-05-09,quantile,0.4,3
2026-04-18,24,3,wk inc flu hosp,2026-05-09,quantile,0.45,4
2026-04-18,24,3,wk inc flu hosp,2026-05-09,quantile,0.5,5
2026-04-18,24,3,wk inc flu hosp,2026-05-09,quantile,0.55,6
2026-04-18,24,3,wk inc flu hosp,2026-05-09,quantile,0.6,7
2026-04-18,24,3,wk inc flu hosp,2026-05-09,quantile,0.65,9
2026-04-18,24,3,wk inc flu hosp,2026-05-09,quantile,0.7,11
2026-04-18,24,3,wk inc flu hosp,2026-05-09,quantile,0.75,14
2026-04-18,24,3,wk inc flu hosp,2026-05-09,quantile,0.8,16
2026-04-18,24,3,wk inc flu hosp,2026-05-09,quantile,0.85,18
2026-04-18,24,3,wk inc flu hosp,2026-05-09,quantile,0.9,23
2026-04-18,24,3,wk inc flu hosp,2026-05-09,quantile,0.95,31
2026-04-18,24,3,wk inc flu hosp,2026-05-09,quantile,0.975,44
2026-04-18,24,3,wk inc flu hosp,2026-05-09,quantile,0.99,57
2026-04-18,25,0,wk inc flu hosp,2026-04-18,quantile,0.01,6
2026-04-18,25,0,wk inc flu hosp,2026-04-18,quantile,0.025,9
2026-04-18,25,0,wk inc flu hosp,2026-04-18,quantile,0.05,13
2026-04-18,25,0,wk inc flu hosp,2026-04-18,quantile,0.1,16
2026-04-18,25,0,wk inc flu hosp,2026-04-18,quantile,0.15,19
2026-04-18,25,0,wk inc flu hosp,2026-04-18,quantile,0.2,23
2026-04-18,25,0,wk inc flu hosp,2026-04-18,quantile,0.25,27
2026-04-18,25,0,wk inc flu hosp,2026-04-18,quantile,0.3,29
2026-04-18,25,0,wk inc flu hosp,2026-04-18,quantile,0.35,31
2026-04-18,25,0,wk inc flu hosp,2026-04-18,quantile,0.4,35
2026-04-18,25,0,wk inc flu hosp,2026-04-18,quantile,0.45,36
2026-04-18,25,0,wk inc flu hosp,2026-04-18,quantile,0.5,37
2026-04-18,25,0,wk inc flu hosp,2026-04-18,quantile,0.55,39
2026-04-18,25,0,wk inc flu hosp,2026-04-18,quantile,0.6,41
2026-04-18,25,0,wk inc flu hosp,2026-04-18,quantile,0.65,44
2026-04-18,25,0,wk inc flu hosp,2026-04-18,quantile,0.7,46
2026-04-18,25,0,wk inc flu hosp,2026-04-18,quantile,0.75,50
2026-04-18,25,0,wk inc flu hosp,2026-04-18,quantile,0.8,52
2026-04-18,25,0,wk inc flu hosp,2026-04-18,quantile,0.85,56
2026-04-18,25,0,wk inc flu hosp,2026-04-18,quantile,0.9,63
2026-04-18,25,0,wk inc flu hosp,2026-04-18,quantile,0.95,71
2026-04-18,25,0,wk inc flu hosp,2026-04-18,quantile,0.975,78
2026-04-18,25,0,wk inc flu hosp,2026-04-18,quantile,0.99,87
2026-04-18,25,1,wk inc flu hosp,2026-04-25,quantile,0.01,2
2026-04-18,25,1,wk inc flu hosp,2026-04-25,quantile,0.025,4
2026-04-18,25,1,wk inc flu hosp,2026-04-25,quantile,0.05,7
2026-04-18,25,1,wk inc flu hosp,2026-04-25,quantile,0.1,8
2026-04-18,25,1,wk inc flu hosp,2026-04-25,quantile,0.15,11
2026-04-18,25,1,wk inc flu hosp,2026-04-25,quantile,0.2,15
2026-04-18,25,1,wk inc flu hosp,2026-04-25,quantile,0.25,18
2026-04-18,25,1,wk inc flu hosp,2026-04-25,quantile,0.3,21
2026-04-18,25,1,wk inc flu hosp,2026-04-25,quantile,0.35,24
2026-04-18,25,1,wk inc flu hosp,2026-04-25,quantile,0.4,28
2026-04-18,25,1,wk inc flu hosp,2026-04-25,quantile,0.45,29
2026-04-18,25,1,wk inc flu hosp,2026-04-25,quantile,0.5,31
2026-04-18,25,1,wk inc flu hosp,2026-04-25,quantile,0.55,34
2026-04-18,25,1,wk inc flu hosp,2026-04-25,quantile,0.6,36
2026-04-18,25,1,wk inc flu hosp,2026-04-25,quantile,0.65,39
2026-04-18,25,1,wk inc flu hosp,2026-04-25,quantile,0.7,43
2026-04-18,25,1,wk inc flu hosp,2026-04-25,quantile,0.75,47
2026-04-18,25,1,wk inc flu hosp,2026-04-25,quantile,0.8,50
2026-04-18,25,1,wk inc flu hosp,2026-04-25,quantile,0.85,55
2026-04-18,25,1,wk inc flu hosp,2026-04-25,quantile,0.9,61
2026-04-18,25,1,wk inc flu hosp,2026-04-25,quantile,0.95,72
2026-04-18,25,1,wk inc flu hosp,2026-04-25,quantile,0.975,82
2026-04-18,25,1,wk inc flu hosp,2026-04-25,quantile,0.99,102
2026-04-18,25,2,wk inc flu hosp,2026-05-02,quantile,0.01,1
2026-04-18,25,2,wk inc flu hosp,2026-05-02,quantile,0.025,2
2026-04-18,25,2,wk inc flu hosp,2026-05-02,quantile,0.05,4
2026-04-18,25,2,wk inc flu hosp,2026-05-02,quantile,0.1,7
2026-04-18,25,2,wk inc flu hosp,2026-05-02,quantile,0.15,10
2026-04-18,25,2,wk inc flu hosp,2026-05-02,quantile,0.2,12
2026-04-18,25,2,wk inc flu hosp,2026-05-02,quantile,0.25,14
2026-04-18,25,2,wk inc flu hosp,2026-05-02,quantile,0.3,16
2026-04-18,25,2,wk inc flu hosp,2026-05-02,quantile,0.35,19
2026-04-18,25,2,wk inc flu hosp,2026-05-02,quantile,0.4,20
2026-04-18,25,2,wk inc flu hosp,2026-05-02,quantile,0.45,23
2026-04-18,25,2,wk inc flu hosp,2026-05-02,quantile,0.5,26
2026-04-18,25,2,wk inc flu hosp,2026-05-02,quantile,0.55,28
2026-04-18,25,2,wk inc flu hosp,2026-05-02,quantile,0.6,33
2026-04-18,25,2,wk inc flu hosp,2026-05-02,quantile,0.65,34
2026-04-18,25,2,wk inc flu hosp,2026-05-02,quantile,0.7,36
2026-04-18,25,2,wk inc flu hosp,2026-05-02,quantile,0.75,42
2026-04-18,25,2,wk inc flu hosp,2026-05-02,quantile,0.8,45
2026-04-18,25,2,wk inc flu hosp,2026-05-02,quantile,0.85,51
2026-04-18,25,2,wk inc flu hosp,2026-05-02,quantile,0.9,59
2026-04-18,25,2,wk inc flu hosp,2026-05-02,quantile,0.95,73
2026-04-18,25,2,wk inc flu hosp,2026-05-02,quantile,0.975,85
2026-04-18,25,2,wk inc flu hosp,2026-05-02,quantile,0.99,108
2026-04-18,25,3,wk inc flu hosp,2026-05-09,quantile,0.01,0
2026-04-18,25,3,wk inc flu hosp,2026-05-09,quantile,0.025,0
2026-04-18,25,3,wk inc flu hosp,2026-05-09,quantile,0.05,2
2026-04-18,25,3,wk inc flu hosp,2026-05-09,quantile,0.1,4
2026-04-18,25,3,wk inc flu hosp,2026-05-09,quantile,0.15,7
2026-04-18,25,3,wk inc flu hosp,2026-05-09,quantile,0.2,8
2026-04-18,25,3,wk inc flu hosp,2026-05-09,quantile,0.25,11
2026-04-18,25,3,wk inc flu hosp,2026-05-09,quantile,0.3,13
2026-04-18,25,3,wk inc flu hosp,2026-05-09,quantile,0.35,14
2026-04-18,25,3,wk inc flu hosp,2026-05-09,quantile,0.4,16
2026-04-18,25,3,wk inc flu hosp,2026-05-09,quantile,0.45,19
2026-04-18,25,3,wk inc flu hosp,2026-05-09,quantile,0.5,22
2026-04-18,25,3,wk inc flu hosp,2026-05-09,quantile,0.55,25
2026-04-18,25,3,wk inc flu hosp,2026-05-09,quantile,0.6,28
2026-04-18,25,3,wk inc flu hosp,2026-05-09,quantile,0.65,30
2026-04-18,25,3,wk inc flu hosp,2026-05-09,quantile,0.7,33
2026-04-18,25,3,wk inc flu hosp,2026-05-09,quantile,0.75,38
2026-04-18,25,3,wk inc flu hosp,2026-05-09,quantile,0.8,41
2026-04-18,25,3,wk inc flu hosp,2026-05-09,quantile,0.85,45
2026-04-18,25,3,wk inc flu hosp,2026-05-09,quantile,0.9,52
2026-04-18,25,3,wk inc flu hosp,2026-05-09,quantile,0.95,69
2026-04-18,25,3,wk inc flu hosp,2026-05-09,quantile,0.975,87
2026-04-18,25,3,wk inc flu hosp,2026-05-09,quantile,0.99,109
2026-04-18,26,0,wk inc flu hosp,2026-04-18,quantile,0.01,14
2026-04-18,26,0,wk inc flu hosp,2026-04-18,quantile,0.025,18
2026-04-18,26,0,wk inc flu hosp,2026-04-18,quantile,0.05,24
2026-04-18,26,0,wk inc flu hosp,2026-04-18,quantile,0.1,31
2026-04-18,26,0,wk inc flu hosp,2026-04-18,quantile,0.15,36
2026-04-18,26,0,wk inc flu hosp,2026-04-18,quantile,0.2,39
2026-04-18,26,0,wk inc flu hosp,2026-04-18,quantile,0.25,42
2026-04-18,26,0,wk inc flu hosp,2026-04-18,quantile,0.3,46
2026-04-18,26,0,wk inc flu hosp,2026-04-18,quantile,0.35,48
2026-04-18,26,0,wk inc flu hosp,2026-04-18,quantile,0.4,51
2026-04-18,26,0,wk inc flu hosp,2026-04-18,quantile,0.45,53
2026-04-18,26,0,wk inc flu hosp,2026-04-18,quantile,0.5,57
2026-04-18,26,0,wk inc flu hosp,2026-04-18,quantile,0.55,60
2026-04-18,26,0,wk inc flu hosp,2026-04-18,quantile,0.6,64
2026-04-18,26,0,wk inc flu hosp,2026-04-18,quantile,0.65,69
2026-04-18,26,0,wk inc flu hosp,2026-04-18,quantile,0.7,73
2026-04-18,26,0,wk inc flu hosp,2026-04-18,quantile,0.75,77
2026-04-18,26,0,wk inc flu hosp,2026-04-18,quantile,0.8,82
2026-04-18,26,0,wk inc flu hosp,2026-04-18,quantile,0.85,87
2026-04-18,26,0,wk inc flu hosp,2026-04-18,quantile,0.9,95
2026-04-18,26,0,wk inc flu hosp,2026-04-18,quantile,0.95,112
2026-04-18,26,0,wk inc flu hosp,2026-04-18,quantile,0.975,127
2026-04-18,26,0,wk inc flu hosp,2026-04-18,quantile,0.99,143
2026-04-18,26,1,wk inc flu hosp,2026-04-25,quantile,0.01,6
2026-04-18,26,1,wk inc flu hosp,2026-04-25,quantile,0.025,8
2026-04-18,26,1,wk inc flu hosp,2026-04-25,quantile,0.05,10
2026-04-18,26,1,wk inc flu hosp,2026-04-25,quantile,0.1,15
2026-04-18,26,1,wk inc flu hosp,2026-04-25,quantile,0.15,21
2026-04-18,26,1,wk inc flu hosp,2026-04-25,quantile,0.2,25
2026-04-18,26,1,wk inc flu hosp,2026-04-25,quantile,0.25,28
2026-04-18,26,1,wk inc flu hosp,2026-04-25,quantile,0.3,30
2026-04-18,26,1,wk inc flu hosp,2026-04-25,quantile,0.35,34
2026-04-18,26,1,wk inc flu hosp,2026-04-25,quantile,0.4,37
2026-04-18,26,1,wk inc flu hosp,2026-04-25,quantile,0.45,42
2026-04-18,26,1,wk inc flu hosp,2026-04-25,quantile,0.5,46
2026-04-18,26,1,wk inc flu hosp,2026-04-25,quantile,0.55,49
2026-04-18,26,1,wk inc flu hosp,2026-04-25,quantile,0.6,54
2026-04-18,26,1,wk inc flu hosp,2026-04-25,quantile,0.65,58
2026-04-18,26,1,wk inc flu hosp,2026-04-25,quantile,0.7,62
2026-04-18,26,1,wk inc flu hosp,2026-04-25,quantile,0.75,70
2026-04-18,26,1,wk inc flu hosp,2026-04-25,quantile,0.8,75
2026-04-18,26,1,wk inc flu hosp,2026-04-25,quantile,0.85,81
2026-04-18,26,1,wk inc flu hosp,2026-04-25,quantile,0.9,91
2026-04-18,26,1,wk inc flu hosp,2026-04-25,quantile,0.95,109
2026-04-18,26,1,wk inc flu hosp,2026-04-25,quantile,0.975,136
2026-04-18,26,1,wk inc flu hosp,2026-04-25,quantile,0.99,153
2026-04-18,26,2,wk inc flu hosp,2026-05-02,quantile,0.01,1
2026-04-18,26,2,wk inc flu hosp,2026-05-02,quantile,0.025,2
2026-04-18,26,2,wk inc flu hosp,2026-05-02,quantile,0.05,4
2026-04-18,26,2,wk inc flu hosp,2026-05-02,quantile,0.1,7
2026-04-18,26,2,wk inc flu hosp,2026-05-02,quantile,0.15,12
2026-04-18,26,2,wk inc flu hosp,2026-05-02,quantile,0.2,14
2026-04-18,26,2,wk inc flu hosp,2026-05-02,quantile,0.25,17
2026-04-18,26,2,wk inc flu hosp,2026-05-02,quantile,0.3,25
2026-04-18,26,2,wk inc flu hosp,2026-05-02,quantile,0.35,28
2026-04-18,26,2,wk inc flu hosp,2026-05-02,quantile,0.4,32
2026-04-18,26,2,wk inc flu hosp,2026-05-02,quantile,0.45,34
2026-04-18,26,2,wk inc flu hosp,2026-05-02,quantile,0.5,41
2026-04-18,26,2,wk inc flu hosp,2026-05-02,quantile,0.55,44
2026-04-18,26,2,wk inc flu hosp,2026-05-02,quantile,0.6,48
2026-04-18,26,2,wk inc flu hosp,2026-05-02,quantile,0.65,52
2026-04-18,26,2,wk inc flu hosp,2026-05-02,quantile,0.7,56
2026-04-18,26,2,wk inc flu hosp,2026-05-02,quantile,0.75,60
2026-04-18,26,2,wk inc flu hosp,2026-05-02,quantile,0.8,66
2026-04-18,26,2,wk inc flu hosp,2026-05-02,quantile,0.85,73
2026-04-18,26,2,wk inc flu hosp,2026-05-02,quantile,0.9,84
2026-04-18,26,2,wk inc flu hosp,2026-05-02,quantile,0.95,117
2026-04-18,26,2,wk inc flu hosp,2026-05-02,quantile,0.975,156
2026-04-18,26,2,wk inc flu hosp,2026-05-02,quantile,0.99,202
2026-04-18,26,3,wk inc flu hosp,2026-05-09,quantile,0.01,0
2026-04-18,26,3,wk inc flu hosp,2026-05-09,quantile,0.025,1
2026-04-18,26,3,wk inc flu hosp,2026-05-09,quantile,0.05,2
2026-04-18,26,3,wk inc flu hosp,2026-05-09,quantile,0.1,4
2026-04-18,26,3,wk inc flu hosp,2026-05-09,quantile,0.15,6
2026-04-18,26,3,wk inc flu hosp,2026-05-09,quantile,0.2,10
2026-04-18,26,3,wk inc flu hosp,2026-05-09,quantile,0.25,16
2026-04-18,26,3,wk inc flu hosp,2026-05-09,quantile,0.3,18
2026-04-18,26,3,wk inc flu hosp,2026-05-09,quantile,0.35,23
2026-04-18,26,3,wk inc flu hosp,2026-05-09,quantile,0.4,26
2026-04-18,26,3,wk inc flu hosp,2026-05-09,quantile,0.45,28
2026-04-18,26,3,wk inc flu hosp,2026-05-09,quantile,0.5,33
2026-04-18,26,3,wk inc flu hosp,2026-05-09,quantile,0.55,38
2026-04-18,26,3,wk inc flu hosp,2026-05-09,quantile,0.6,41
2026-04-18,26,3,wk inc flu hosp,2026-05-09,quantile,0.65,44
2026-04-18,26,3,wk inc flu hosp,2026-05-09,quantile,0.7,52
2026-04-18,26,3,wk inc flu hosp,2026-05-09,quantile,0.75,57
2026-04-18,26,3,wk inc flu hosp,2026-05-09,quantile,0.8,62
2026-04-18,26,3,wk inc flu hosp,2026-05-09,quantile,0.85,67
2026-04-18,26,3,wk inc flu hosp,2026-05-09,quantile,0.9,75
2026-04-18,26,3,wk inc flu hosp,2026-05-09,quantile,0.95,97
2026-04-18,26,3,wk inc flu hosp,2026-05-09,quantile,0.975,134
2026-04-18,26,3,wk inc flu hosp,2026-05-09,quantile,0.99,178
2026-04-18,27,0,wk inc flu hosp,2026-04-18,quantile,0.01,1
2026-04-18,27,0,wk inc flu hosp,2026-04-18,quantile,0.025,2
2026-04-18,27,0,wk inc flu hosp,2026-04-18,quantile,0.05,3
2026-04-18,27,0,wk inc flu hosp,2026-04-18,quantile,0.1,5
2026-04-18,27,0,wk inc flu hosp,2026-04-18,quantile,0.15,7
2026-04-18,27,0,wk inc flu hosp,2026-04-18,quantile,0.2,9
2026-04-18,27,0,wk inc flu hosp,2026-04-18,quantile,0.25,11
2026-04-18,27,0,wk inc flu hosp,2026-04-18,quantile,0.3,13
2026-04-18,27,0,wk inc flu hosp,2026-04-18,quantile,0.35,13
2026-04-18,27,0,wk inc flu hosp,2026-04-18,quantile,0.4,14
2026-04-18,27,0,wk inc flu hosp,2026-04-18,quantile,0.45,16
2026-04-18,27,0,wk inc flu hosp,2026-04-18,quantile,0.5,19
2026-04-18,27,0,wk inc flu hosp,2026-04-18,quantile,0.55,21
2026-04-18,27,0,wk inc flu hosp,2026-04-18,quantile,0.6,22
2026-04-18,27,0,wk inc flu hosp,2026-04-18,quantile,0.65,24
2026-04-18,27,0,wk inc flu hosp,2026-04-18,quantile,0.7,27
2026-04-18,27,0,wk inc flu hosp,2026-04-18,quantile,0.75,30
2026-04-18,27,0,wk inc flu hosp,2026-04-18,quantile,0.8,33
2026-04-18,27,0,wk inc flu hosp,2026-04-18,quantile,0.85,37
2026-04-18,27,0,wk inc flu hosp,2026-04-18,quantile,0.9,43
2026-04-18,27,0,wk inc flu hosp,2026-04-18,quantile,0.95,51
2026-04-18,27,0,wk inc flu hosp,2026-04-18,quantile,0.975,61
2026-04-18,27,0,wk inc flu hosp,2026-04-18,quantile,0.99,70
2026-04-18,27,1,wk inc flu hosp,2026-04-25,quantile,0.01,0
2026-04-18,27,1,wk inc flu hosp,2026-04-25,quantile,0.025,0
2026-04-18,27,1,wk inc flu hosp,2026-04-25,quantile,0.05,1
2026-04-18,27,1,wk inc flu hosp,2026-04-25,quantile,0.1,2
2026-04-18,27,1,wk inc flu hosp,2026-04-25,quantile,0.15,4
2026-04-18,27,1,wk inc flu hosp,2026-04-25,quantile,0.2,5
2026-04-18,27,1,wk inc flu hosp,2026-04-25,quantile,0.25,6
2026-04-18,27,1,wk inc flu hosp,2026-04-25,quantile,0.3,7
2026-04-18,27,1,wk inc flu hosp,2026-04-25,quantile,0.35,9
2026-04-18,27,1,wk inc flu hosp,2026-04-25,quantile,0.4,10
2026-04-18,27,1,wk inc flu hosp,2026-04-25,quantile,0.45,12
2026-04-18,27,1,wk inc flu hosp,2026-04-25,quantile,0.5,14
2026-04-18,27,1,wk inc flu hosp,2026-04-25,quantile,0.55,17
2026-04-18,27,1,wk inc flu hosp,2026-04-25,quantile,0.6,19
2026-04-18,27,1,wk inc flu hosp,2026-04-25,quantile,0.65,21
2026-04-18,27,1,wk inc flu hosp,2026-04-25,quantile,0.7,24
2026-04-18,27,1,wk inc flu hosp,2026-04-25,quantile,0.75,26
2026-04-18,27,1,wk inc flu hosp,2026-04-25,quantile,0.8,29
2026-04-18,27,1,wk inc flu hosp,2026-04-25,quantile,0.85,33
2026-04-18,27,1,wk inc flu hosp,2026-04-25,quantile,0.9,42
2026-04-18,27,1,wk inc flu hosp,2026-04-25,quantile,0.95,57
2026-04-18,27,1,wk inc flu hosp,2026-04-25,quantile,0.975,70
2026-04-18,27,1,wk inc flu hosp,2026-04-25,quantile,0.99,91
2026-04-18,27,2,wk inc flu hosp,2026-05-02,quantile,0.01,0
2026-04-18,27,2,wk inc flu hosp,2026-05-02,quantile,0.025,0
2026-04-18,27,2,wk inc flu hosp,2026-05-02,quantile,0.05,0
2026-04-18,27,2,wk inc flu hosp,2026-05-02,quantile,0.1,0
2026-04-18,27,2,wk inc flu hosp,2026-05-02,quantile,0.15,2
2026-04-18,27,2,wk inc flu hosp,2026-05-02,quantile,0.2,3
2026-04-18,27,2,wk inc flu hosp,2026-05-02,quantile,0.25,4
2026-04-18,27,2,wk inc flu hosp,2026-05-02,quantile,0.3,5
2026-04-18,27,2,wk inc flu hosp,2026-05-02,quantile,0.35,6
2026-04-18,27,2,wk inc flu hosp,2026-05-02,quantile,0.4,7
2026-04-18,27,2,wk inc flu hosp,2026-05-02,quantile,0.45,8
2026-04-18,27,2,wk inc flu hosp,2026-05-02,quantile,0.5,12
2026-04-18,27,2,wk inc flu hosp,2026-05-02,quantile,0.55,14
2026-04-18,27,2,wk inc flu hosp,2026-05-02,quantile,0.6,16
2026-04-18,27,2,wk inc flu hosp,2026-05-02,quantile,0.65,18
2026-04-18,27,2,wk inc flu hosp,2026-05-02,quantile,0.7,20
2026-04-18,27,2,wk inc flu hosp,2026-05-02,quantile,0.75,22
2026-04-18,27,2,wk inc flu hosp,2026-05-02,quantile,0.8,26
2026-04-18,27,2,wk inc flu hosp,2026-05-02,quantile,0.85,30
2026-04-18,27,2,wk inc flu hosp,2026-05-02,quantile,0.9,39
2026-04-18,27,2,wk inc flu hosp,2026-05-02,quantile,0.95,53
2026-04-18,27,2,wk inc flu hosp,2026-05-02,quantile,0.975,78
2026-04-18,27,2,wk inc flu hosp,2026-05-02,quantile,0.99,97
2026-04-18,27,3,wk inc flu hosp,2026-05-09,quantile,0.01,0
2026-04-18,27,3,wk inc flu hosp,2026-05-09,quantile,0.025,0
2026-04-18,27,3,wk inc flu hosp,2026-05-09,quantile,0.05,0
2026-04-18,27,3,wk inc flu hosp,2026-05-09,quantile,0.1,0
2026-04-18,27,3,wk inc flu hosp,2026-05-09,quantile,0.15,2
2026-04-18,27,3,wk inc flu hosp,2026-05-09,quantile,0.2,2
2026-04-18,27,3,wk inc flu hosp,2026-05-09,quantile,0.25,3
2026-04-18,27,3,wk inc flu hosp,2026-05-09,quantile,0.3,4
2026-04-18,27,3,wk inc flu hosp,2026-05-09,quantile,0.35,4
2026-04-18,27,3,wk inc flu hosp,2026-05-09,quantile,0.4,5
2026-04-18,27,3,wk inc flu hosp,2026-05-09,quantile,0.45,6
2026-04-18,27,3,wk inc flu hosp,2026-05-09,quantile,0.5,8
2026-04-18,27,3,wk inc flu hosp,2026-05-09,quantile,0.55,11
2026-04-18,27,3,wk inc flu hosp,2026-05-09,quantile,0.6,14
2026-04-18,27,3,wk inc flu hosp,2026-05-09,quantile,0.65,15
2026-04-18,27,3,wk inc flu hosp,2026-05-09,quantile,0.7,17
2026-04-18,27,3,wk inc flu hosp,2026-05-09,quantile,0.75,20
2026-04-18,27,3,wk inc flu hosp,2026-05-09,quantile,0.8,24
2026-04-18,27,3,wk inc flu hosp,2026-05-09,quantile,0.85,29
2026-04-18,27,3,wk inc flu hosp,2026-05-09,quantile,0.9,35
2026-04-18,27,3,wk inc flu hosp,2026-05-09,quantile,0.95,49
2026-04-18,27,3,wk inc flu hosp,2026-05-09,quantile,0.975,77
2026-04-18,27,3,wk inc flu hosp,2026-05-09,quantile,0.99,93
2026-04-18,28,0,wk inc flu hosp,2026-04-18,quantile,0.01,1
2026-04-18,28,0,wk inc flu hosp,2026-04-18,quantile,0.025,2
2026-04-18,28,0,wk inc flu hosp,2026-04-18,quantile,0.05,3
2026-04-18,28,0,wk inc flu hosp,2026-04-18,quantile,0.1,5
2026-04-18,28,0,wk inc flu hosp,2026-04-18,quantile,0.15,6
2026-04-18,28,0,wk inc flu hosp,2026-04-18,quantile,0.2,7
2026-04-18,28,0,wk inc flu hosp,2026-04-18,quantile,0.25,8
2026-04-18,28,0,wk inc flu hosp,2026-04-18,quantile,0.3,9
2026-04-18,28,0,wk inc flu hosp,2026-04-18,quantile,0.35,9
2026-04-18,28,0,wk inc flu hosp,2026-04-18,quantile,0.4,10
2026-04-18,28,0,wk inc flu hosp,2026-04-18,quantile,0.45,11
2026-04-18,28,0,wk inc flu hosp,2026-04-18,quantile,0.5,13
2026-04-18,28,0,wk inc flu hosp,2026-04-18,quantile,0.55,15
2026-04-18,28,0,wk inc flu hosp,2026-04-18,quantile,0.6,17
2026-04-18,28,0,wk inc flu hosp,2026-04-18,quantile,0.65,17
2026-04-18,28,0,wk inc flu hosp,2026-04-18,quantile,0.7,18
2026-04-18,28,0,wk inc flu hosp,2026-04-18,quantile,0.75,20
2026-04-18,28,0,wk inc flu hosp,2026-04-18,quantile,0.8,22
2026-04-18,28,0,wk inc flu hosp,2026-04-18,quantile,0.85,25
2026-04-18,28,0,wk inc flu hosp,2026-04-18,quantile,0.9,27
2026-04-18,28,0,wk inc flu hosp,2026-04-18,quantile,0.95,34
2026-04-18,28,0,wk inc flu hosp,2026-04-18,quantile,0.975,40
2026-04-18,28,0,wk inc flu hosp,2026-04-18,quantile,0.99,47
2026-04-18,28,1,wk inc flu hosp,2026-04-25,quantile,0.01,0
2026-04-18,28,1,wk inc flu hosp,2026-04-25,quantile,0.025,0
2026-04-18,28,1,wk inc flu hosp,2026-04-25,quantile,0.05,1
2026-04-18,28,1,wk inc flu hosp,2026-04-25,quantile,0.1,2
2026-04-18,28,1,wk inc flu hosp,2026-04-25,quantile,0.15,4
2026-04-18,28,1,wk inc flu hosp,2026-04-25,quantile,0.2,5
2026-04-18,28,1,wk inc flu hosp,2026-04-25,quantile,0.25,6
2026-04-18,28,1,wk inc flu hosp,2026-04-25,quantile,0.3,7
2026-04-18,28,1,wk inc flu hosp,2026-04-25,quantile,0.35,8
2026-04-18,28,1,wk inc flu hosp,2026-04-25,quantile,0.4,9
2026-04-18,28,1,wk inc flu hosp,2026-04-25,quantile,0.45,10
2026-04-18,28,1,wk inc flu hosp,2026-04-25,quantile,0.5,12
2026-04-18,28,1,wk inc flu hosp,2026-04-25,quantile,0.55,13
2026-04-18,28,1,wk inc flu hosp,2026-04-25,quantile,0.6,15
2026-04-18,28,1,wk inc flu hosp,2026-04-25,quantile,0.65,17
2026-04-18,28,1,wk inc flu hosp,2026-04-25,quantile,0.7,18
2026-04-18,28,1,wk inc flu hosp,2026-04-25,quantile,0.75,20
2026-04-18,28,1,wk inc flu hosp,2026-04-25,quantile,0.8,21
2026-04-18,28,1,wk inc flu hosp,2026-04-25,quantile,0.85,24
2026-04-18,28,1,wk inc flu hosp,2026-04-25,quantile,0.9,29
2026-04-18,28,1,wk inc flu hosp,2026-04-25,quantile,0.95,35
2026-04-18,28,1,wk inc flu hosp,2026-04-25,quantile,0.975,44
2026-04-18,28,1,wk inc flu hosp,2026-04-25,quantile,0.99,53
2026-04-18,28,2,wk inc flu hosp,2026-05-02,quantile,0.01,0
2026-04-18,28,2,wk inc flu hosp,2026-05-02,quantile,0.025,0
2026-04-18,28,2,wk inc flu hosp,2026-05-02,quantile,0.05,0
2026-04-18,28,2,wk inc flu hosp,2026-05-02,quantile,0.1,0
2026-04-18,28,2,wk inc flu hosp,2026-05-02,quantile,0.15,1
2026-04-18,28,2,wk inc flu hosp,2026-05-02,quantile,0.2,3
2026-04-18,28,2,wk inc flu hosp,2026-05-02,quantile,0.25,4
2026-04-18,28,2,wk inc flu hosp,2026-05-02,quantile,0.3,5
2026-04-18,28,2,wk inc flu hosp,2026-05-02,quantile,0.35,6
2026-04-18,28,2,wk inc flu hosp,2026-05-02,quantile,0.4,7
2026-04-18,28,2,wk inc flu hosp,2026-05-02,quantile,0.45,8
2026-04-18,28,2,wk inc flu hosp,2026-05-02,quantile,0.5,10
2026-04-18,28,2,wk inc flu hosp,2026-05-02,quantile,0.55,11
2026-04-18,28,2,wk inc flu hosp,2026-05-02,quantile,0.6,13
2026-04-18,28,2,wk inc flu hosp,2026-05-02,quantile,0.65,15
2026-04-18,28,2,wk inc flu hosp,2026-05-02,quantile,0.7,17
2026-04-18,28,2,wk inc flu hosp,2026-05-02,quantile,0.75,20
2026-04-18,28,2,wk inc flu hosp,2026-05-02,quantile,0.8,22
2026-04-18,28,2,wk inc flu hosp,2026-05-02,quantile,0.85,24
2026-04-18,28,2,wk inc flu hosp,2026-05-02,quantile,0.9,30
2026-04-18,28,2,wk inc flu hosp,2026-05-02,quantile,0.95,38
2026-04-18,28,2,wk inc flu hosp,2026-05-02,quantile,0.975,49
2026-04-18,28,2,wk inc flu hosp,2026-05-02,quantile,0.99,63
2026-04-18,28,3,wk inc flu hosp,2026-05-09,quantile,0.01,0
2026-04-18,28,3,wk inc flu hosp,2026-05-09,quantile,0.025,0
2026-04-18,28,3,wk inc flu hosp,2026-05-09,quantile,0.05,0
2026-04-18,28,3,wk inc flu hosp,2026-05-09,quantile,0.1,0
2026-04-18,28,3,wk inc flu hosp,2026-05-09,quantile,0.15,1
2026-04-18,28,3,wk inc flu hosp,2026-05-09,quantile,0.2,2
2026-04-18,28,3,wk inc flu hosp,2026-05-09,quantile,0.25,3
2026-04-18,28,3,wk inc flu hosp,2026-05-09,quantile,0.3,4
2026-04-18,28,3,wk inc flu hosp,2026-05-09,quantile,0.35,5
2026-04-18,28,3,wk inc flu hosp,2026-05-09,quantile,0.4,6
2026-04-18,28,3,wk inc flu hosp,2026-05-09,quantile,0.45,8
2026-04-18,28,3,wk inc flu hosp,2026-05-09,quantile,0.5,9
2026-04-18,28,3,wk inc flu hosp,2026-05-09,quantile,0.55,11
2026-04-18,28,3,wk inc flu hosp,2026-05-09,quantile,0.6,11
2026-04-18,28,3,wk inc flu hosp,2026-05-09,quantile,0.65,13
2026-04-18,28,3,wk inc flu hosp,2026-05-09,quantile,0.7,16
2026-04-18,28,3,wk inc flu hosp,2026-05-09,quantile,0.75,18
2026-04-18,28,3,wk inc flu hosp,2026-05-09,quantile,0.8,21
2026-04-18,28,3,wk inc flu hosp,2026-05-09,quantile,0.85,24
2026-04-18,28,3,wk inc flu hosp,2026-05-09,quantile,0.9,29
2026-04-18,28,3,wk inc flu hosp,2026-05-09,quantile,0.95,39
2026-04-18,28,3,wk inc flu hosp,2026-05-09,quantile,0.975,50
2026-04-18,28,3,wk inc flu hosp,2026-05-09,quantile,0.99,67
2026-04-18,29,0,wk inc flu hosp,2026-04-18,quantile,0.01,5
2026-04-18,29,0,wk inc flu hosp,2026-04-18,quantile,0.025,8
2026-04-18,29,0,wk inc flu hosp,2026-04-18,quantile,0.05,10
2026-04-18,29,0,wk inc flu hosp,2026-04-18,quantile,0.1,13
2026-04-18,29,0,wk inc flu hosp,2026-04-18,quantile,0.15,15
2026-04-18,29,0,wk inc flu hosp,2026-04-18,quantile,0.2,17
2026-04-18,29,0,wk inc flu hosp,2026-04-18,quantile,0.25,19
2026-04-18,29,0,wk inc flu hosp,2026-04-18,quantile,0.3,21
2026-04-18,29,0,wk inc flu hosp,2026-04-18,quantile,0.35,22
2026-04-18,29,0,wk inc flu hosp,2026-04-18,quantile,0.4,23
2026-04-18,29,0,wk inc flu hosp,2026-04-18,quantile,0.45,26
2026-04-18,29,0,wk inc flu hosp,2026-04-18,quantile,0.5,28
2026-04-18,29,0,wk inc flu hosp,2026-04-18,quantile,0.55,30
2026-04-18,29,0,wk inc flu hosp,2026-04-18,quantile,0.6,33
2026-04-18,29,0,wk inc flu hosp,2026-04-18,quantile,0.65,37
2026-04-18,29,0,wk inc flu hosp,2026-04-18,quantile,0.7,39
2026-04-18,29,0,wk inc flu hosp,2026-04-18,quantile,0.75,42
2026-04-18,29,0,wk inc flu hosp,2026-04-18,quantile,0.8,45
2026-04-18,29,0,wk inc flu hosp,2026-04-18,quantile,0.85,49
2026-04-18,29,0,wk inc flu hosp,2026-04-18,quantile,0.9,56
2026-04-18,29,0,wk inc flu hosp,2026-04-18,quantile,0.95,63
2026-04-18,29,0,wk inc flu hosp,2026-04-18,quantile,0.975,72
2026-04-18,29,0,wk inc flu hosp,2026-04-18,quantile,0.99,84
2026-04-18,29,1,wk inc flu hosp,2026-04-25,quantile,0.01,1
2026-04-18,29,1,wk inc flu hosp,2026-04-25,quantile,0.025,2
2026-04-18,29,1,wk inc flu hosp,2026-04-25,quantile,0.05,3
2026-04-18,29,1,wk inc flu hosp,2026-04-25,quantile,0.1,5
2026-04-18,29,1,wk inc flu hosp,2026-04-25,quantile,0.15,8
2026-04-18,29,1,wk inc flu hosp,2026-04-25,quantile,0.2,10
2026-04-18,29,1,wk inc flu hosp,2026-04-25,quantile,0.25,14
2026-04-18,29,1,wk inc flu hosp,2026-04-25,quantile,0.3,15
2026-04-18,29,1,wk inc flu hosp,2026-04-25,quantile,0.35,17
2026-04-18,29,1,wk inc flu hosp,2026-04-25,quantile,0.4,19
2026-04-18,29,1,wk inc flu hosp,2026-04-25,quantile,0.45,20
2026-04-18,29,1,wk inc flu hosp,2026-04-25,quantile,0.5,24
2026-04-18,29,1,wk inc flu hosp,2026-04-25,quantile,0.55,26
2026-04-18,29,1,wk inc flu hosp,2026-04-25,quantile,0.6,30
2026-04-18,29,1,wk inc flu hosp,2026-04-25,quantile,0.65,33
2026-04-18,29,1,wk inc flu hosp,2026-04-25,quantile,0.7,36
2026-04-18,29,1,wk inc flu hosp,2026-04-25,quantile,0.75,41
2026-04-18,29,1,wk inc flu hosp,2026-04-25,quantile,0.8,45
2026-04-18,29,1,wk inc flu hosp,2026-04-25,quantile,0.85,52
2026-04-18,29,1,wk inc flu hosp,2026-04-25,quantile,0.9,60
2026-04-18,29,1,wk inc flu hosp,2026-04-25,quantile,0.95,77
2026-04-18,29,1,wk inc flu hosp,2026-04-25,quantile,0.975,91
2026-04-18,29,1,wk inc flu hosp,2026-04-25,quantile,0.99,125
2026-04-18,29,2,wk inc flu hosp,2026-05-02,quantile,0.01,0
2026-04-18,29,2,wk inc flu hosp,2026-05-02,quantile,0.025,0
2026-04-18,29,2,wk inc flu hosp,2026-05-02,quantile,0.05,0
2026-04-18,29,2,wk inc flu hosp,2026-05-02,quantile,0.1,3
2026-04-18,29,2,wk inc flu hosp,2026-05-02,quantile,0.15,5
2026-04-18,29,2,wk inc flu hosp,2026-05-02,quantile,0.2,7
2026-04-18,29,2,wk inc flu hosp,2026-05-02,quantile,0.25,9
2026-04-18,29,2,wk inc flu hosp,2026-05-02,quantile,0.3,12
2026-04-18,29,2,wk inc flu hosp,2026-05-02,quantile,0.35,14
2026-04-18,29,2,wk inc flu hosp,2026-05-02,quantile,0.4,15
2026-04-18,29,2,wk inc flu hosp,2026-05-02,quantile,0.45,17
2026-04-18,29,2,wk inc flu hosp,2026-05-02,quantile,0.5,20
2026-04-18,29,2,wk inc flu hosp,2026-05-02,quantile,0.55,22
2026-04-18,29,2,wk inc flu hosp,2026-05-02,quantile,0.6,24
2026-04-18,29,2,wk inc flu hosp,2026-05-02,quantile,0.65,27
2026-04-18,29,2,wk inc flu hosp,2026-05-02,quantile,0.7,31
2026-04-18,29,2,wk inc flu hosp,2026-05-02,quantile,0.75,34
2026-04-18,29,2,wk inc flu hosp,2026-05-02,quantile,0.8,40
2026-04-18,29,2,wk inc flu hosp,2026-05-02,quantile,0.85,46
2026-04-18,29,2,wk inc flu hosp,2026-05-02,quantile,0.9,53
2026-04-18,29,2,wk inc flu hosp,2026-05-02,quantile,0.95,62
2026-04-18,29,2,wk inc flu hosp,2026-05-02,quantile,0.975,84
2026-04-18,29,2,wk inc flu hosp,2026-05-02,quantile,0.99,125
2026-04-18,29,3,wk inc flu hosp,2026-05-09,quantile,0.01,0
2026-04-18,29,3,wk inc flu hosp,2026-05-09,quantile,0.025,0
2026-04-18,29,3,wk inc flu hosp,2026-05-09,quantile,0.05,0
2026-04-18,29,3,wk inc flu hosp,2026-05-09,quantile,0.1,2
2026-04-18,29,3,wk inc flu hosp,2026-05-09,quantile,0.15,3
2026-04-18,29,3,wk inc flu hosp,2026-05-09,quantile,0.2,4
2026-04-18,29,3,wk inc flu hosp,2026-05-09,quantile,0.25,7
2026-04-18,29,3,wk inc flu hosp,2026-05-09,quantile,0.3,10
2026-04-18,29,3,wk inc flu hosp,2026-05-09,quantile,0.35,11
2026-04-18,29,3,wk inc flu hosp,2026-05-09,quantile,0.4,11
2026-04-18,29,3,wk inc flu hosp,2026-05-09,quantile,0.45,13
2026-04-18,29,3,wk inc flu hosp,2026-05-09,quantile,0.5,16
2026-04-18,29,3,wk inc flu hosp,2026-05-09,quantile,0.55,19
2026-04-18,29,3,wk inc flu hosp,2026-05-09,quantile,0.6,21
2026-04-18,29,3,wk inc flu hosp,2026-05-09,quantile,0.65,25
2026-04-18,29,3,wk inc flu hosp,2026-05-09,quantile,0.7,28
2026-04-18,29,3,wk inc flu hosp,2026-05-09,quantile,0.75,31
2026-04-18,29,3,wk inc flu hosp,2026-05-09,quantile,0.8,35
2026-04-18,29,3,wk inc flu hosp,2026-05-09,quantile,0.85,40
2026-04-18,29,3,wk inc flu hosp,2026-05-09,quantile,0.9,46
2026-04-18,29,3,wk inc flu hosp,2026-05-09,quantile,0.95,55
2026-04-18,29,3,wk inc flu hosp,2026-05-09,quantile,0.975,76
2026-04-18,29,3,wk inc flu hosp,2026-05-09,quantile,0.99,125
2026-04-18,30,0,wk inc flu hosp,2026-04-18,quantile,0.01,0
2026-04-18,30,0,wk inc flu hosp,2026-04-18,quantile,0.025,1
2026-04-18,30,0,wk inc flu hosp,2026-04-18,quantile,0.05,1
2026-04-18,30,0,wk inc flu hosp,2026-04-18,quantile,0.1,2
2026-04-18,30,0,wk inc flu hosp,2026-04-18,quantile,0.15,3
2026-04-18,30,0,wk inc flu hosp,2026-04-18,quantile,0.2,4
2026-04-18,30,0,wk inc flu hosp,2026-04-18,quantile,0.25,4
2026-04-18,30,0,wk inc flu hosp,2026-04-18,quantile,0.3,4
2026-04-18,30,0,wk inc flu hosp,2026-04-18,quantile,0.35,5
2026-04-18,30,0,wk inc flu hosp,2026-04-18,quantile,0.4,5
2026-04-18,30,0,wk inc flu hosp,2026-04-18,quantile,0.45,6
2026-04-18,30,0,wk inc flu hosp,2026-04-18,quantile,0.5,7
2026-04-18,30,0,wk inc flu hosp,2026-04-18,quantile,0.55,8
2026-04-18,30,0,wk inc flu hosp,2026-04-18,quantile,0.6,8
2026-04-18,30,0,wk inc flu hosp,2026-04-18,quantile,0.65,9
2026-04-18,30,0,wk inc flu hosp,2026-04-18,quantile,0.7,10
2026-04-18,30,0,wk inc flu hosp,2026-04-18,quantile,0.75,11
2026-04-18,30,0,wk inc flu hosp,2026-04-18,quantile,0.8,12
2026-04-18,30,0,wk inc flu hosp,2026-04-18,quantile,0.85,13
2026-04-18,30,0,wk inc flu hosp,2026-04-18,quantile,0.9,14
2026-04-18,30,0,wk inc flu hosp,2026-04-18,quantile,0.95,17
2026-04-18,30,0,wk inc flu hosp,2026-04-18,quantile,0.975,20
2026-04-18,30,0,wk inc flu hosp,2026-04-18,quantile,0.99,24
2026-04-18,30,1,wk inc flu hosp,2026-04-25,quantile,0.01,0
2026-04-18,30,1,wk inc flu hosp,2026-04-25,quantile,0.025,0
2026-04-18,30,1,wk inc flu hosp,2026-04-25,quantile,0.05,0
2026-04-18,30,1,wk inc flu hosp,2026-04-25,quantile,0.1,1
2026-04-18,30,1,wk inc flu hosp,2026-04-25,quantile,0.15,1
2026-04-18,30,1,wk inc flu hosp,2026-04-25,quantile,0.2,1
2026-04-18,30,1,wk inc flu hosp,2026-04-25,quantile,0.25,2
2026-04-18,30,1,wk inc flu hosp,2026-04-25,quantile,0.3,3
2026-04-18,30,1,wk inc flu hosp,2026-04-25,quantile,0.35,3
2026-04-18,30,1,wk inc flu hosp,2026-04-25,quantile,0.4,3
2026-04-18,30,1,wk inc flu hosp,2026-04-25,quantile,0.45,4
2026-04-18,30,1,wk inc flu hosp,2026-04-25,quantile,0.5,6
2026-04-18,30,1,wk inc flu hosp,2026-04-25,quantile,0.55,6
2026-04-18,30,1,wk inc flu hosp,2026-04-25,quantile,0.6,7
2026-04-18,30,1,wk inc flu hosp,2026-04-25,quantile,0.65,8
2026-04-18,30,1,wk inc flu hosp,2026-04-25,quantile,0.7,9
2026-04-18,30,1,wk inc flu hosp,2026-04-25,quantile,0.75,9
2026-04-18,30,1,wk inc flu hosp,2026-04-25,quantile,0.8,10
2026-04-18,30,1,wk inc flu hosp,2026-04-25,quantile,0.85,12
2026-04-18,30,1,wk inc flu hosp,2026-04-25,quantile,0.9,14
2026-04-18,30,1,wk inc flu hosp,2026-04-25,quantile,0.95,18
2026-04-18,30,1,wk inc flu hosp,2026-04-25,quantile,0.975,21
2026-04-18,30,1,wk inc flu hosp,2026-04-25,quantile,0.99,26
2026-04-18,30,2,wk inc flu hosp,2026-05-02,quantile,0.01,0
2026-04-18,30,2,wk inc flu hosp,2026-05-02,quantile,0.025,0
2026-04-18,30,2,wk inc flu hosp,2026-05-02,quantile,0.05,0
2026-04-18,30,2,wk inc flu hosp,2026-05-02,quantile,0.1,0
2026-04-18,30,2,wk inc flu hosp,2026-05-02,quantile,0.15,0
2026-04-18,30,2,wk inc flu hosp,2026-05-02,quantile,0.2,1
2026-04-18,30,2,wk inc flu hosp,2026-05-02,quantile,0.25,1
2026-04-18,30,2,wk inc flu hosp,2026-05-02,quantile,0.3,2
2026-04-18,30,2,wk inc flu hosp,2026-05-02,quantile,0.35,2
2026-04-18,30,2,wk inc flu hosp,2026-05-02,quantile,0.4,2
2026-04-18,30,2,wk inc flu hosp,2026-05-02,quantile,0.45,3
2026-04-18,30,2,wk inc flu hosp,2026-05-02,quantile,0.5,4
2026-04-18,30,2,wk inc flu hosp,2026-05-02,quantile,0.55,5
2026-04-18,30,2,wk inc flu hosp,2026-05-02,quantile,0.6,6
2026-04-18,30,2,wk inc flu hosp,2026-05-02,quantile,0.65,7
2026-04-18,30,2,wk inc flu hosp,2026-05-02,quantile,0.7,8
2026-04-18,30,2,wk inc flu hosp,2026-05-02,quantile,0.75,8
2026-04-18,30,2,wk inc flu hosp,2026-05-02,quantile,0.8,10
2026-04-18,30,2,wk inc flu hosp,2026-05-02,quantile,0.85,11
2026-04-18,30,2,wk inc flu hosp,2026-05-02,quantile,0.9,14
2026-04-18,30,2,wk inc flu hosp,2026-05-02,quantile,0.95,18
2026-04-18,30,2,wk inc flu hosp,2026-05-02,quantile,0.975,22
2026-04-18,30,2,wk inc flu hosp,2026-05-02,quantile,0.99,26
2026-04-18,30,3,wk inc flu hosp,2026-05-09,quantile,0.01,0
2026-04-18,30,3,wk inc flu hosp,2026-05-09,quantile,0.025,0
2026-04-18,30,3,wk inc flu hosp,2026-05-09,quantile,0.05,0
2026-04-18,30,3,wk inc flu hosp,2026-05-09,quantile,0.1,0
2026-04-18,30,3,wk inc flu hosp,2026-05-09,quantile,0.15,0
2026-04-18,30,3,wk inc flu hosp,2026-05-09,quantile,0.2,0
2026-04-18,30,3,wk inc flu hosp,2026-05-09,quantile,0.25,1
2026-04-18,30,3,wk inc flu hosp,2026-05-09,quantile,0.3,1
2026-04-18,30,3,wk inc flu hosp,2026-05-09,quantile,0.35,1
2026-04-18,30,3,wk inc flu hosp,2026-05-09,quantile,0.4,2
2026-04-18,30,3,wk inc flu hosp,2026-05-09,quantile,0.45,2
2026-04-18,30,3,wk inc flu hosp,2026-05-09,quantile,0.5,3
2026-04-18,30,3,wk inc flu hosp,2026-05-09,quantile,0.55,4
2026-04-18,30,3,wk inc flu hosp,2026-05-09,quantile,0.6,5
2026-04-18,30,3,wk inc flu hosp,2026-05-09,quantile,0.65,6
2026-04-18,30,3,wk inc flu hosp,2026-05-09,quantile,0.7,7
2026-04-18,30,3,wk inc flu hosp,2026-05-09,quantile,0.75,8
2026-04-18,30,3,wk inc flu hosp,2026-05-09,quantile,0.8,9
2026-04-18,30,3,wk inc flu hosp,2026-05-09,quantile,0.85,11
2026-04-18,30,3,wk inc flu hosp,2026-05-09,quantile,0.9,13
2026-04-18,30,3,wk inc flu hosp,2026-05-09,quantile,0.95,17
2026-04-18,30,3,wk inc flu hosp,2026-05-09,quantile,0.975,21
2026-04-18,30,3,wk inc flu hosp,2026-05-09,quantile,0.99,26
2026-04-18,31,0,wk inc flu hosp,2026-04-18,quantile,0.01,0
2026-04-18,31,0,wk inc flu hosp,2026-04-18,quantile,0.025,0
2026-04-18,31,0,wk inc flu hosp,2026-04-18,quantile,0.05,0
2026-04-18,31,0,wk inc flu hosp,2026-04-18,quantile,0.1,0
2026-04-18,31,0,wk inc flu hosp,2026-04-18,quantile,0.15,1
2026-04-18,31,0,wk inc flu hosp,2026-04-18,quantile,0.2,1
2026-04-18,31,0,wk inc flu hosp,2026-04-18,quantile,0.25,2
2026-04-18,31,0,wk inc flu hosp,2026-04-18,quantile,0.3,2
2026-04-18,31,0,wk inc flu hosp,2026-04-18,quantile,0.35,3
2026-04-18,31,0,wk inc flu hosp,2026-04-18,quantile,0.4,4
2026-04-18,31,0,wk inc flu hosp,2026-04-18,quantile,0.45,4
2026-04-18,31,0,wk inc flu hosp,2026-04-18,quantile,0.5,4
2026-04-18,31,0,wk inc flu hosp,2026-04-18,quantile,0.55,5
2026-04-18,31,0,wk inc flu hosp,2026-04-18,quantile,0.6,6
2026-04-18,31,0,wk inc flu hosp,2026-04-18,quantile,0.65,7
2026-04-18,31,0,wk inc flu hosp,2026-04-18,quantile,0.7,8
2026-04-18,31,0,wk inc flu hosp,2026-04-18,quantile,0.75,9
2026-04-18,31,0,wk inc flu hosp,2026-04-18,quantile,0.8,11
2026-04-18,31,0,wk inc flu hosp,2026-04-18,quantile,0.85,11
2026-04-18,31,0,wk inc flu hosp,2026-04-18,quantile,0.9,13
2026-04-18,31,0,wk inc flu hosp,2026-04-18,quantile,0.95,16
2026-04-18,31,0,wk inc flu hosp,2026-04-18,quantile,0.975,19
2026-04-18,31,0,wk inc flu hosp,2026-04-18,quantile,0.99,25
2026-04-18,31,1,wk inc flu hosp,2026-04-25,quantile,0.01,0
2026-04-18,31,1,wk inc flu hosp,2026-04-25,quantile,0.025,0
2026-04-18,31,1,wk inc flu hosp,2026-04-25,quantile,0.05,0
2026-04-18,31,1,wk inc flu hosp,2026-04-25,quantile,0.1,0
2026-04-18,31,1,wk inc flu hosp,2026-04-25,quantile,0.15,0
2026-04-18,31,1,wk inc flu hosp,2026-04-25,quantile,0.2,1
2026-04-18,31,1,wk inc flu hosp,2026-04-25,quantile,0.25,1
2026-04-18,31,1,wk inc flu hosp,2026-04-25,quantile,0.3,1
2026-04-18,31,1,wk inc flu hosp,2026-04-25,quantile,0.35,2
2026-04-18,31,1,wk inc flu hosp,2026-04-25,quantile,0.4,2
2026-04-18,31,1,wk inc flu hosp,2026-04-25,quantile,0.45,2
2026-04-18,31,1,wk inc flu hosp,2026-04-25,quantile,0.5,3
2026-04-18,31,1,wk inc flu hosp,2026-04-25,quantile,0.55,4
2026-04-18,31,1,wk inc flu hosp,2026-04-25,quantile,0.6,4
2026-04-18,31,1,wk inc flu hosp,2026-04-25,quantile,0.65,5
2026-04-18,31,1,wk inc flu hosp,2026-04-25,quantile,0.7,6
2026-04-18,31,1,wk inc flu hosp,2026-04-25,quantile,0.75,6
2026-04-18,31,1,wk inc flu hosp,2026-04-25,quantile,0.8,7
2026-04-18,31,1,wk inc flu hosp,2026-04-25,quantile,0.85,9
2026-04-18,31,1,wk inc flu hosp,2026-04-25,quantile,0.9,11
2026-04-18,31,1,wk inc flu hosp,2026-04-25,quantile,0.95,14
2026-04-18,31,1,wk inc flu hosp,2026-04-25,quantile,0.975,19
2026-04-18,31,1,wk inc flu hosp,2026-04-25,quantile,0.99,23
2026-04-18,31,2,wk inc flu hosp,2026-05-02,quantile,0.01,0
2026-04-18,31,2,wk inc flu hosp,2026-05-02,quantile,0.025,0
2026-04-18,31,2,wk inc flu hosp,2026-05-02,quantile,0.05,0
2026-04-18,31,2,wk inc flu hosp,2026-05-02,quantile,0.1,0
2026-04-18,31,2,wk inc flu hosp,2026-05-02,quantile,0.15,0
2026-04-18,31,2,wk inc flu hosp,2026-05-02,quantile,0.2,0
2026-04-18,31,2,wk inc flu hosp,2026-05-02,quantile,0.25,0
2026-04-18,31,2,wk inc flu hosp,2026-05-02,quantile,0.3,1
2026-04-18,31,2,wk inc flu hosp,2026-05-02,quantile,0.35,1
2026-04-18,31,2,wk inc flu hosp,2026-05-02,quantile,0.4,1
2026-04-18,31,2,wk inc flu hosp,2026-05-02,quantile,0.45,2
2026-04-18,31,2,wk inc flu hosp,2026-05-02,quantile,0.5,3
2026-04-18,31,2,wk inc flu hosp,2026-05-02,quantile,0.55,3
2026-04-18,31,2,wk inc flu hosp,2026-05-02,quantile,0.6,3
2026-04-18,31,2,wk inc flu hosp,2026-05-02,quantile,0.65,4
2026-04-18,31,2,wk inc flu hosp,2026-05-02,quantile,0.7,4
2026-04-18,31,2,wk inc flu hosp,2026-05-02,quantile,0.75,5
2026-04-18,31,2,wk inc flu hosp,2026-05-02,quantile,0.8,6
2026-04-18,31,2,wk inc flu hosp,2026-05-02,quantile,0.85,7
2026-04-18,31,2,wk inc flu hosp,2026-05-02,quantile,0.9,11
2026-04-18,31,2,wk inc flu hosp,2026-05-02,quantile,0.95,14
2026-04-18,31,2,wk inc flu hosp,2026-05-02,quantile,0.975,18
2026-04-18,31,2,wk inc flu hosp,2026-05-02,quantile,0.99,23
2026-04-18,31,3,wk inc flu hosp,2026-05-09,quantile,0.01,0
2026-04-18,31,3,wk inc flu hosp,2026-05-09,quantile,0.025,0
2026-04-18,31,3,wk inc flu hosp,2026-05-09,quantile,0.05,0
2026-04-18,31,3,wk inc flu hosp,2026-05-09,quantile,0.1,0
2026-04-18,31,3,wk inc flu hosp,2026-05-09,quantile,0.15,0
2026-04-18,31,3,wk inc flu hosp,2026-05-09,quantile,0.2,0
2026-04-18,31,3,wk inc flu hosp,2026-05-09,quantile,0.25,0
2026-04-18,31,3,wk inc flu hosp,2026-05-09,quantile,0.3,1
2026-04-18,31,3,wk inc flu hosp,2026-05-09,quantile,0.35,1
2026-04-18,31,3,wk inc flu hosp,2026-05-09,quantile,0.4,1
2026-04-18,31,3,wk inc flu hosp,2026-05-09,quantile,0.45,1
2026-04-18,31,3,wk inc flu hosp,2026-05-09,quantile,0.5,2
2026-04-18,31,3,wk inc flu hosp,2026-05-09,quantile,0.55,3
2026-04-18,31,3,wk inc flu hosp,2026-05-09,quantile,0.6,3
2026-04-18,31,3,wk inc flu hosp,2026-05-09,quantile,0.65,3
2026-04-18,31,3,wk inc flu hosp,2026-05-09,quantile,0.7,4
2026-04-18,31,3,wk inc flu hosp,2026-05-09,quantile,0.75,5
2026-04-18,31,3,wk inc flu hosp,2026-05-09,quantile,0.8,6
2026-04-18,31,3,wk inc flu hosp,2026-05-09,quantile,0.85,8
2026-04-18,31,3,wk inc flu hosp,2026-05-09,quantile,0.9,10
2026-04-18,31,3,wk inc flu hosp,2026-05-09,quantile,0.95,14
2026-04-18,31,3,wk inc flu hosp,2026-05-09,quantile,0.975,21
2026-04-18,31,3,wk inc flu hosp,2026-05-09,quantile,0.99,24
2026-04-18,32,0,wk inc flu hosp,2026-04-18,quantile,0.01,3
2026-04-18,32,0,wk inc flu hosp,2026-04-18,quantile,0.025,4
2026-04-18,32,0,wk inc flu hosp,2026-04-18,quantile,0.05,6
2026-04-18,32,0,wk inc flu hosp,2026-04-18,quantile,0.1,8
2026-04-18,32,0,wk inc flu hosp,2026-04-18,quantile,0.15,10
2026-04-18,32,0,wk inc flu hosp,2026-04-18,quantile,0.2,11
2026-04-18,32,0,wk inc flu hosp,2026-04-18,quantile,0.25,12
2026-04-18,32,0,wk inc flu hosp,2026-04-18,quantile,0.3,13
2026-04-18,32,0,wk inc flu hosp,2026-04-18,quantile,0.35,14
2026-04-18,32,0,wk inc flu hosp,2026-04-18,quantile,0.4,15
2026-04-18,32,0,wk inc flu hosp,2026-04-18,quantile,0.45,17
2026-04-18,32,0,wk inc flu hosp,2026-04-18,quantile,0.5,18
2026-04-18,32,0,wk inc flu hosp,2026-04-18,quantile,0.55,20
2026-04-18,32,0,wk inc flu hosp,2026-04-18,quantile,0.6,21
2026-04-18,32,0,wk inc flu hosp,2026-04-18,quantile,0.65,22
2026-04-18,32,0,wk inc flu hosp,2026-04-18,quantile,0.7,23
2026-04-18,32,0,wk inc flu hosp,2026-04-18,quantile,0.75,25
2026-04-18,32,0,wk inc flu hosp,2026-04-18,quantile,0.8,27
2026-04-18,32,0,wk inc flu hosp,2026-04-18,quantile,0.85,29
2026-04-18,32,0,wk inc flu hosp,2026-04-18,quantile,0.9,32
2026-04-18,32,0,wk inc flu hosp,2026-04-18,quantile,0.95,36
2026-04-18,32,0,wk inc flu hosp,2026-04-18,quantile,0.975,40
2026-04-18,32,0,wk inc flu hosp,2026-04-18,quantile,0.99,46
2026-04-18,32,1,wk inc flu hosp,2026-04-25,quantile,0.01,1
2026-04-18,32,1,wk inc flu hosp,2026-04-25,quantile,0.025,1
2026-04-18,32,1,wk inc flu hosp,2026-04-25,quantile,0.05,2
2026-04-18,32,1,wk inc flu hosp,2026-04-25,quantile,0.1,5
2026-04-18,32,1,wk inc flu hosp,2026-04-25,quantile,0.15,7
2026-04-18,32,1,wk inc flu hosp,2026-04-25,quantile,0.2,8
2026-04-18,32,1,wk inc flu hosp,2026-04-25,quantile,0.25,9
2026-04-18,32,1,wk inc flu hosp,2026-04-25,quantile,0.3,10
2026-04-18,32,1,wk inc flu hosp,2026-04-25,quantile,0.35,12
2026-04-18,32,1,wk inc flu hosp,2026-04-25,quantile,0.4,12
2026-04-18,32,1,wk inc flu hosp,2026-04-25,quantile,0.45,13
2026-04-18,32,1,wk inc flu hosp,2026-04-25,quantile,0.5,15
2026-04-18,32,1,wk inc flu hosp,2026-04-25,quantile,0.55,16
2026-04-18,32,1,wk inc flu hosp,2026-04-25,quantile,0.6,18
2026-04-18,32,1,wk inc flu hosp,2026-04-25,quantile,0.65,19
2026-04-18,32,1,wk inc flu hosp,2026-04-25,quantile,0.7,21
2026-04-18,32,1,wk inc flu hosp,2026-04-25,quantile,0.75,22
2026-04-18,32,1,wk inc flu hosp,2026-04-25,quantile,0.8,24
2026-04-18,32,1,wk inc flu hosp,2026-04-25,quantile,0.85,26
2026-04-18,32,1,wk inc flu hosp,2026-04-25,quantile,0.9,29
2026-04-18,32,1,wk inc flu hosp,2026-04-25,quantile,0.95,34
2026-04-18,32,1,wk inc flu hosp,2026-04-25,quantile,0.975,39
2026-04-18,32,1,wk inc flu hosp,2026-04-25,quantile,0.99,47
2026-04-18,32,2,wk inc flu hosp,2026-05-02,quantile,0.01,0
2026-04-18,32,2,wk inc flu hosp,2026-05-02,quantile,0.025,0
2026-04-18,32,2,wk inc flu hosp,2026-05-02,quantile,0.05,1
2026-04-18,32,2,wk inc flu hosp,2026-05-02,quantile,0.1,3
2026-04-18,32,2,wk inc flu hosp,2026-05-02,quantile,0.15,4
2026-04-18,32,2,wk inc flu hosp,2026-05-02,quantile,0.2,5
2026-04-18,32,2,wk inc flu hosp,2026-05-02,quantile,0.25,7
2026-04-18,32,2,wk inc flu hosp,2026-05-02,quantile,0.3,8
2026-04-18,32,2,wk inc flu hosp,2026-05-02,quantile,0.35,9
2026-04-18,32,2,wk inc flu hosp,2026-05-02,quantile,0.4,10
2026-04-18,32,2,wk inc flu hosp,2026-05-02,quantile,0.45,11
2026-04-18,32,2,wk inc flu hosp,2026-05-02,quantile,0.5,13
2026-04-18,32,2,wk inc flu hosp,2026-05-02,quantile,0.55,14
2026-04-18,32,2,wk inc flu hosp,2026-05-02,quantile,0.6,15
2026-04-18,32,2,wk inc flu hosp,2026-05-02,quantile,0.65,18
2026-04-18,32,2,wk inc flu hosp,2026-05-02,quantile,0.7,19
2026-04-18,32,2,wk inc flu hosp,2026-05-02,quantile,0.75,20
2026-04-18,32,2,wk inc flu hosp,2026-05-02,quantile,0.8,21
2026-04-18,32,2,wk inc flu hosp,2026-05-02,quantile,0.85,24
2026-04-18,32,2,wk inc flu hosp,2026-05-02,quantile,0.9,28
2026-04-18,32,2,wk inc flu hosp,2026-05-02,quantile,0.95,33
2026-04-18,32,2,wk inc flu hosp,2026-05-02,quantile,0.975,39
2026-04-18,32,2,wk inc flu hosp,2026-05-02,quantile,0.99,49
2026-04-18,32,3,wk inc flu hosp,2026-05-09,quantile,0.01,0
2026-04-18,32,3,wk inc flu hosp,2026-05-09,quantile,0.025,0
2026-04-18,32,3,wk inc flu hosp,2026-05-09,quantile,0.05,0
2026-04-18,32,3,wk inc flu hosp,2026-05-09,quantile,0.1,2
2026-04-18,32,3,wk inc flu hosp,2026-05-09,quantile,0.15,2
2026-04-18,32,3,wk inc flu hosp,2026-05-09,quantile,0.2,4
2026-04-18,32,3,wk inc flu hosp,2026-05-09,quantile,0.25,5
2026-04-18,32,3,wk inc flu hosp,2026-05-09,quantile,0.3,6
2026-04-18,32,3,wk inc flu hosp,2026-05-09,quantile,0.35,7
2026-04-18,32,3,wk inc flu hosp,2026-05-09,quantile,0.4,8
2026-04-18,32,3,wk inc flu hosp,2026-05-09,quantile,0.45,9
2026-04-18,32,3,wk inc flu hosp,2026-05-09,quantile,0.5,11
2026-04-18,32,3,wk inc flu hosp,2026-05-09,quantile,0.55,12
2026-04-18,32,3,wk inc flu hosp,2026-05-09,quantile,0.6,14
2026-04-18,32,3,wk inc flu hosp,2026-05-09,quantile,0.65,15
2026-04-18,32,3,wk inc flu hosp,2026-05-09,quantile,0.7,17
2026-04-18,32,3,wk inc flu hosp,2026-05-09,quantile,0.75,19
2026-04-18,32,3,wk inc flu hosp,2026-05-09,quantile,0.8,21
2026-04-18,32,3,wk inc flu hosp,2026-05-09,quantile,0.85,23
2026-04-18,32,3,wk inc flu hosp,2026-05-09,quantile,0.9,27
2026-04-18,32,3,wk inc flu hosp,2026-05-09,quantile,0.95,34
2026-04-18,32,3,wk inc flu hosp,2026-05-09,quantile,0.975,40
2026-04-18,32,3,wk inc flu hosp,2026-05-09,quantile,0.99,49
2026-04-18,33,0,wk inc flu hosp,2026-04-18,quantile,0.01,0
2026-04-18,33,0,wk inc flu hosp,2026-04-18,quantile,0.025,0
2026-04-18,33,0,wk inc flu hosp,2026-04-18,quantile,0.05,1
2026-04-18,33,0,wk inc flu hosp,2026-04-18,quantile,0.1,1
2026-04-18,33,0,wk inc flu hosp,2026-04-18,quantile,0.15,2
2026-04-18,33,0,wk inc flu hosp,2026-04-18,quantile,0.2,2
2026-04-18,33,0,wk inc flu hosp,2026-04-18,quantile,0.25,3
2026-04-18,33,0,wk inc flu hosp,2026-04-18,quantile,0.3,3
2026-04-18,33,0,wk inc flu hosp,2026-04-18,quantile,0.35,4
2026-04-18,33,0,wk inc flu hosp,2026-04-18,quantile,0.4,4
2026-04-18,33,0,wk inc flu hosp,2026-04-18,quantile,0.45,5
2026-04-18,33,0,wk inc flu hosp,2026-04-18,quantile,0.5,5
2026-04-18,33,0,wk inc flu hosp,2026-04-18,quantile,0.55,6
2026-04-18,33,0,wk inc flu hosp,2026-04-18,quantile,0.6,7
2026-04-18,33,0,wk inc flu hosp,2026-04-18,quantile,0.65,7
2026-04-18,33,0,wk inc flu hosp,2026-04-18,quantile,0.7,8
2026-04-18,33,0,wk inc flu hosp,2026-04-18,quantile,0.75,9
2026-04-18,33,0,wk inc flu hosp,2026-04-18,quantile,0.8,10
2026-04-18,33,0,wk inc flu hosp,2026-04-18,quantile,0.85,12
2026-04-18,33,0,wk inc flu hosp,2026-04-18,quantile,0.9,14
2026-04-18,33,0,wk inc flu hosp,2026-04-18,quantile,0.95,16
2026-04-18,33,0,wk inc flu hosp,2026-04-18,quantile,0.975,20
2026-04-18,33,0,wk inc flu hosp,2026-04-18,quantile,0.99,23
2026-04-18,33,1,wk inc flu hosp,2026-04-25,quantile,0.01,0
2026-04-18,33,1,wk inc flu hosp,2026-04-25,quantile,0.025,0
2026-04-18,33,1,wk inc flu hosp,2026-04-25,quantile,0.05,0
2026-04-18,33,1,wk inc flu hosp,2026-04-25,quantile,0.1,0
2026-04-18,33,1,wk inc flu hosp,2026-04-25,quantile,0.15,1
2026-04-18,33,1,wk inc flu hosp,2026-04-25,quantile,0.2,1
2026-04-18,33,1,wk inc flu hosp,2026-04-25,quantile,0.25,2
2026-04-18,33,1,wk inc flu hosp,2026-04-25,quantile,0.3,2
2026-04-18,33,1,wk inc flu hosp,2026-04-25,quantile,0.35,2
2026-04-18,33,1,wk inc flu hosp,2026-04-25,quantile,0.4,3
2026-04-18,33,1,wk inc flu hosp,2026-04-25,quantile,0.45,3
2026-04-18,33,1,wk inc flu hosp,2026-04-25,quantile,0.5,4
2026-04-18,33,1,wk inc flu hosp,2026-04-25,quantile,0.55,5
2026-04-18,33,1,wk inc flu hosp,2026-04-25,quantile,0.6,5
2026-04-18,33,1,wk inc flu hosp,2026-04-25,quantile,0.65,6
2026-04-18,33,1,wk inc flu hosp,2026-04-25,quantile,0.7,7
2026-04-18,33,1,wk inc flu hosp,2026-04-25,quantile,0.75,7
2026-04-18,33,1,wk inc flu hosp,2026-04-25,quantile,0.8,9
2026-04-18,33,1,wk inc flu hosp,2026-04-25,quantile,0.85,10
2026-04-18,33,1,wk inc flu hosp,2026-04-25,quantile,0.9,12
2026-04-18,33,1,wk inc flu hosp,2026-04-25,quantile,0.95,16
2026-04-18,33,1,wk inc flu hosp,2026-04-25,quantile,0.975,22
2026-04-18,33,1,wk inc flu hosp,2026-04-25,quantile,0.99,26
2026-04-18,33,2,wk inc flu hosp,2026-05-02,quantile,0.01,0
2026-04-18,33,2,wk inc flu hosp,2026-05-02,quantile,0.025,0
2026-04-18,33,2,wk inc flu hosp,2026-05-02,quantile,0.05,0
2026-04-18,33,2,wk inc flu hosp,2026-05-02,quantile,0.1,0
2026-04-18,33,2,wk inc flu hosp,2026-05-02,quantile,0.15,0
2026-04-18,33,2,wk inc flu hosp,2026-05-02,quantile,0.2,1
2026-04-18,33,2,wk inc flu hosp,2026-05-02,quantile,0.25,1
2026-04-18,33,2,wk inc flu hosp,2026-05-02,quantile,0.3,1
2026-04-18,33,2,wk inc flu hosp,2026-05-02,quantile,0.35,2
2026-04-18,33,2,wk inc flu hosp,2026-05-02,quantile,0.4,2
2026-04-18,33,2,wk inc flu hosp,2026-05-02,quantile,0.45,2
2026-04-18,33,2,wk inc flu hosp,2026-05-02,quantile,0.5,3
2026-04-18,33,2,wk inc flu hosp,2026-05-02,quantile,0.55,4
2026-04-18,33,2,wk inc flu hosp,2026-05-02,quantile,0.6,5
2026-04-18,33,2,wk inc flu hosp,2026-05-02,quantile,0.65,6
2026-04-18,33,2,wk inc flu hosp,2026-05-02,quantile,0.7,6
2026-04-18,33,2,wk inc flu hosp,2026-05-02,quantile,0.75,7
2026-04-18,33,2,wk inc flu hosp,2026-05-02,quantile,0.8,8
2026-04-18,33,2,wk inc flu hosp,2026-05-02,quantile,0.85,9
2026-04-18,33,2,wk inc flu hosp,2026-05-02,quantile,0.9,11
2026-04-18,33,2,wk inc flu hosp,2026-05-02,quantile,0.95,15
2026-04-18,33,2,wk inc flu hosp,2026-05-02,quantile,0.975,21
2026-04-18,33,2,wk inc flu hosp,2026-05-02,quantile,0.99,26
2026-04-18,33,3,wk inc flu hosp,2026-05-09,quantile,0.01,0
2026-04-18,33,3,wk inc flu hosp,2026-05-09,quantile,0.025,0
2026-04-18,33,3,wk inc flu hosp,2026-05-09,quantile,0.05,0
2026-04-18,33,3,wk inc flu hosp,2026-05-09,quantile,0.1,0
2026-04-18,33,3,wk inc flu hosp,2026-05-09,quantile,0.15,0
2026-04-18,33,3,wk inc flu hosp,2026-05-09,quantile,0.2,0
2026-04-18,33,3,wk inc flu hosp,2026-05-09,quantile,0.25,0
2026-04-18,33,3,wk inc flu hosp,2026-05-09,quantile,0.3,1
2026-04-18,33,3,wk inc flu hosp,2026-05-09,quantile,0.35,1
2026-04-18,33,3,wk inc flu hosp,2026-05-09,quantile,0.4,1
2026-04-18,33,3,wk inc flu hosp,2026-05-09,quantile,0.45,1
2026-04-18,33,3,wk inc flu hosp,2026-05-09,quantile,0.5,3
2026-04-18,33,3,wk inc flu hosp,2026-05-09,quantile,0.55,4
2026-04-18,33,3,wk inc flu hosp,2026-05-09,quantile,0.6,4
2026-04-18,33,3,wk inc flu hosp,2026-05-09,quantile,0.65,5
2026-04-18,33,3,wk inc flu hosp,2026-05-09,quantile,0.7,6
2026-04-18,33,3,wk inc flu hosp,2026-05-09,quantile,0.75,6
2026-04-18,33,3,wk inc flu hosp,2026-05-09,quantile,0.8,7
2026-04-18,33,3,wk inc flu hosp,2026-05-09,quantile,0.85,9
2026-04-18,33,3,wk inc flu hosp,2026-05-09,quantile,0.9,11
2026-04-18,33,3,wk inc flu hosp,2026-05-09,quantile,0.95,15
2026-04-18,33,3,wk inc flu hosp,2026-05-09,quantile,0.975,20
2026-04-18,33,3,wk inc flu hosp,2026-05-09,quantile,0.99,26
2026-04-18,34,0,wk inc flu hosp,2026-04-18,quantile,0.01,8
2026-04-18,34,0,wk inc flu hosp,2026-04-18,quantile,0.025,12
2026-04-18,34,0,wk inc flu hosp,2026-04-18,quantile,0.05,16
2026-04-18,34,0,wk inc flu hosp,2026-04-18,quantile,0.1,20
2026-04-18,34,0,wk inc flu hosp,2026-04-18,quantile,0.15,24
2026-04-18,34,0,wk inc flu hosp,2026-04-18,quantile,0.2,27
2026-04-18,34,0,wk inc flu hosp,2026-04-18,quantile,0.25,30
2026-04-18,34,0,wk inc flu hosp,2026-04-18,quantile,0.3,32
2026-04-18,34,0,wk inc flu hosp,2026-04-18,quantile,0.35,35
2026-04-18,34,0,wk inc flu hosp,2026-04-18,quantile,0.4,37
2026-04-18,34,0,wk inc flu hosp,2026-04-18,quantile,0.45,39
2026-04-18,34,0,wk inc flu hosp,2026-04-18,quantile,0.5,43
2026-04-18,34,0,wk inc flu hosp,2026-04-18,quantile,0.55,46
2026-04-18,34,0,wk inc flu hosp,2026-04-18,quantile,0.6,49
2026-04-18,34,0,wk inc flu hosp,2026-04-18,quantile,0.65,52
2026-04-18,34,0,wk inc flu hosp,2026-04-18,quantile,0.7,55
2026-04-18,34,0,wk inc flu hosp,2026-04-18,quantile,0.75,59
2026-04-18,34,0,wk inc flu hosp,2026-04-18,quantile,0.8,64
2026-04-18,34,0,wk inc flu hosp,2026-04-18,quantile,0.85,71
2026-04-18,34,0,wk inc flu hosp,2026-04-18,quantile,0.9,81
2026-04-18,34,0,wk inc flu hosp,2026-04-18,quantile,0.95,92
2026-04-18,34,0,wk inc flu hosp,2026-04-18,quantile,0.975,108
2026-04-18,34,0,wk inc flu hosp,2026-04-18,quantile,0.99,125
2026-04-18,34,1,wk inc flu hosp,2026-04-25,quantile,0.01,0
2026-04-18,34,1,wk inc flu hosp,2026-04-25,quantile,0.025,2
2026-04-18,34,1,wk inc flu hosp,2026-04-25,quantile,0.05,4
2026-04-18,34,1,wk inc flu hosp,2026-04-25,quantile,0.1,9
2026-04-18,34,1,wk inc flu hosp,2026-04-25,quantile,0.15,12
2026-04-18,34,1,wk inc flu hosp,2026-04-25,quantile,0.2,16
2026-04-18,34,1,wk inc flu hosp,2026-04-25,quantile,0.25,18
2026-04-18,34,1,wk inc flu hosp,2026-04-25,quantile,0.3,21
2026-04-18,34,1,wk inc flu hosp,2026-04-25,quantile,0.35,23
2026-04-18,34,1,wk inc flu hosp,2026-04-25,quantile,0.4,27
2026-04-18,34,1,wk inc flu hosp,2026-04-25,quantile,0.45,29
2026-04-18,34,1,wk inc flu hosp,2026-04-25,quantile,0.5,34
2026-04-18,34,1,wk inc flu hosp,2026-04-25,quantile,0.55,39
2026-04-18,34,1,wk inc flu hosp,2026-04-25,quantile,0.6,42
2026-04-18,34,1,wk inc flu hosp,2026-04-25,quantile,0.65,46
2026-04-18,34,1,wk inc flu hosp,2026-04-25,quantile,0.7,51
2026-04-18,34,1,wk inc flu hosp,2026-04-25,quantile,0.75,56
2026-04-18,34,1,wk inc flu hosp,2026-04-25,quantile,0.8,62
2026-04-18,34,1,wk inc flu hosp,2026-04-25,quantile,0.85,71
2026-04-18,34,1,wk inc flu hosp,2026-04-25,quantile,0.9,84
2026-04-18,34,1,wk inc flu hosp,2026-04-25,quantile,0.95,105
2026-04-18,34,1,wk inc flu hosp,2026-04-25,quantile,0.975,128
2026-04-18,34,1,wk inc flu hosp,2026-04-25,quantile,0.99,158
2026-04-18,34,2,wk inc flu hosp,2026-05-02,quantile,0.01,0
2026-04-18,34,2,wk inc flu hosp,2026-05-02,quantile,0.025,0
2026-04-18,34,2,wk inc flu hosp,2026-05-02,quantile,0.05,0
2026-04-18,34,2,wk inc flu hosp,2026-05-02,quantile,0.1,2
2026-04-18,34,2,wk inc flu hosp,2026-05-02,quantile,0.15,6
2026-04-18,34,2,wk inc flu hosp,2026-05-02,quantile,0.2,10
2026-04-18,34,2,wk inc flu hosp,2026-05-02,quantile,0.25,13
2026-04-18,34,2,wk inc flu hosp,2026-05-02,quantile,0.3,16
2026-04-18,34,2,wk inc flu hosp,2026-05-02,quantile,0.35,18
2026-04-18,34,2,wk inc flu hosp,2026-05-02,quantile,0.4,20
2026-04-18,34,2,wk inc flu hosp,2026-05-02,quantile,0.45,23
2026-04-18,34,2,wk inc flu hosp,2026-05-02,quantile,0.5,28
2026-04-18,34,2,wk inc flu hosp,2026-05-02,quantile,0.55,32
2026-04-18,34,2,wk inc flu hosp,2026-05-02,quantile,0.6,36
2026-04-18,34,2,wk inc flu hosp,2026-05-02,quantile,0.65,41
2026-04-18,34,2,wk inc flu hosp,2026-05-02,quantile,0.7,44
2026-04-18,34,2,wk inc flu hosp,2026-05-02,quantile,0.75,50
2026-04-18,34,2,wk inc flu hosp,2026-05-02,quantile,0.8,58
2026-04-18,34,2,wk inc flu hosp,2026-05-02,quantile,0.85,65
2026-04-18,34,2,wk inc flu hosp,2026-05-02,quantile,0.9,81
2026-04-18,34,2,wk inc flu hosp,2026-05-02,quantile,0.95,105
2026-04-18,34,2,wk inc flu hosp,2026-05-02,quantile,0.975,138
2026-04-18,34,2,wk inc flu hosp,2026-05-02,quantile,0.99,182
2026-04-18,34,3,wk inc flu hosp,2026-05-09,quantile,0.01,0
2026-04-18,34,3,wk inc flu hosp,2026-05-09,quantile,0.025,0
2026-04-18,34,3,wk inc flu hosp,2026-05-09,quantile,0.05,0
2026-04-18,34,3,wk inc flu hosp,2026-05-09,quantile,0.1,2
2026-04-18,34,3,wk inc flu hosp,2026-05-09,quantile,0.15,3
2026-04-18,34,3,wk inc flu hosp,2026-05-09,quantile,0.2,7
2026-04-18,34,3,wk inc flu hosp,2026-05-09,quantile,0.25,9
2026-04-18,34,3,wk inc flu hosp,2026-05-09,quantile,0.3,12
2026-04-18,34,3,wk inc flu hosp,2026-05-09,quantile,0.35,15
2026-04-18,34,3,wk inc flu hosp,2026-05-09,quantile,0.4,18
2026-04-18,34,3,wk inc flu hosp,2026-05-09,quantile,0.45,20
2026-04-18,34,3,wk inc flu hosp,2026-05-09,quantile,0.5,23
2026-04-18,34,3,wk inc flu hosp,2026-05-09,quantile,0.55,28
2026-04-18,34,3,wk inc flu hosp,2026-05-09,quantile,0.6,32
2026-04-18,34,3,wk inc flu hosp,2026-05-09,quantile,0.65,36
2026-04-18,34,3,wk inc flu hosp,2026-05-09,quantile,0.7,42
2026-04-18,34,3,wk inc flu hosp,2026-05-09,quantile,0.75,46
2026-04-18,34,3,wk inc flu hosp,2026-05-09,quantile,0.8,53
2026-04-18,34,3,wk inc flu hosp,2026-05-09,quantile,0.85,65
2026-04-18,34,3,wk inc flu hosp,2026-05-09,quantile,0.9,87
2026-04-18,34,3,wk inc flu hosp,2026-05-09,quantile,0.95,115
2026-04-18,34,3,wk inc flu hosp,2026-05-09,quantile,0.975,152
2026-04-18,34,3,wk inc flu hosp,2026-05-09,quantile,0.99,189
2026-04-18,35,0,wk inc flu hosp,2026-04-18,quantile,0.01,0
2026-04-18,35,0,wk inc flu hosp,2026-04-18,quantile,0.025,0
2026-04-18,35,0,wk inc flu hosp,2026-04-18,quantile,0.05,1
2026-04-18,35,0,wk inc flu hosp,2026-04-18,quantile,0.1,1
2026-04-18,35,0,wk inc flu hosp,2026-04-18,quantile,0.15,2
2026-04-18,35,0,wk inc flu hosp,2026-04-18,quantile,0.2,3
2026-04-18,35,0,wk inc flu hosp,2026-04-18,quantile,0.25,3
2026-04-18,35,0,wk inc flu hosp,2026-04-18,quantile,0.3,4
2026-04-18,35,0,wk inc flu hosp,2026-04-18,quantile,0.35,5
2026-04-18,35,0,wk inc flu hosp,2026-04-18,quantile,0.4,5
2026-04-18,35,0,wk inc flu hosp,2026-04-18,quantile,0.45,6
2026-04-18,35,0,wk inc flu hosp,2026-04-18,quantile,0.5,7
2026-04-18,35,0,wk inc flu hosp,2026-04-18,quantile,0.55,8
2026-04-18,35,0,wk inc flu hosp,2026-04-18,quantile,0.6,9
2026-04-18,35,0,wk inc flu hosp,2026-04-18,quantile,0.65,10
2026-04-18,35,0,wk inc flu hosp,2026-04-18,quantile,0.7,11
2026-04-18,35,0,wk inc flu hosp,2026-04-18,quantile,0.75,11
2026-04-18,35,0,wk inc flu hosp,2026-04-18,quantile,0.8,13
2026-04-18,35,0,wk inc flu hosp,2026-04-18,quantile,0.85,14
2026-04-18,35,0,wk inc flu hosp,2026-04-18,quantile,0.9,15
2026-04-18,35,0,wk inc flu hosp,2026-04-18,quantile,0.95,19
2026-04-18,35,0,wk inc flu hosp,2026-04-18,quantile,0.975,25
2026-04-18,35,0,wk inc flu hosp,2026-04-18,quantile,0.99,32
2026-04-18,35,1,wk inc flu hosp,2026-04-25,quantile,0.01,0
2026-04-18,35,1,wk inc flu hosp,2026-04-25,quantile,0.025,0
2026-04-18,35,1,wk inc flu hosp,2026-04-25,quantile,0.05,0
2026-04-18,35,1,wk inc flu hosp,2026-04-25,quantile,0.1,0
2026-04-18,35,1,wk inc flu hosp,2026-04-25,quantile,0.15,1
2026-04-18,35,1,wk inc flu hosp,2026-04-25,quantile,0.2,1
2026-04-18,35,1,wk inc flu hosp,2026-04-25,quantile,0.25,2
2026-04-18,35,1,wk inc flu hosp,2026-04-25,quantile,0.3,2
2026-04-18,35,1,wk inc flu hosp,2026-04-25,quantile,0.35,3
2026-04-18,35,1,wk inc flu hosp,2026-04-25,quantile,0.4,4
2026-04-18,35,1,wk inc flu hosp,2026-04-25,quantile,0.45,4
2026-04-18,35,1,wk inc flu hosp,2026-04-25,quantile,0.5,6
2026-04-18,35,1,wk inc flu hosp,2026-04-25,quantile,0.55,7
2026-04-18,35,1,wk inc flu hosp,2026-04-25,quantile,0.6,8
2026-04-18,35,1,wk inc flu hosp,2026-04-25,quantile,0.65,8
2026-04-18,35,1,wk inc flu hosp,2026-04-25,quantile,0.7,9
2026-04-18,35,1,wk inc flu hosp,2026-04-25,quantile,0.75,10
2026-04-18,35,1,wk inc flu hosp,2026-04-25,quantile,0.8,11
2026-04-18,35,1,wk inc flu hosp,2026-04-25,quantile,0.85,13
2026-04-18,35,1,wk inc flu hosp,2026-04-25,quantile,0.9,15
2026-04-18,35,1,wk inc flu hosp,2026-04-25,quantile,0.95,21
2026-04-18,35,1,wk inc flu hosp,2026-04-25,quantile,0.975,26
2026-04-18,35,1,wk inc flu hosp,2026-04-25,quantile,0.99,34
2026-04-18,35,2,wk inc flu hosp,2026-05-02,quantile,0.01,0
2026-04-18,35,2,wk inc flu hosp,2026-05-02,quantile,0.025,0
2026-04-18,35,2,wk inc flu hosp,2026-05-02,quantile,0.05,0
2026-04-18,35,2,wk inc flu hosp,2026-05-02,quantile,0.1,0
2026-04-18,35,2,wk inc flu hosp,2026-05-02,quantile,0.15,1
2026-04-18,35,2,wk inc flu hosp,2026-05-02,quantile,0.2,1
2026-04-18,35,2,wk inc flu hosp,2026-05-02,quantile,0.25,2
2026-04-18,35,2,wk inc flu hosp,2026-05-02,quantile,0.3,2
2026-04-18,35,2,wk inc flu hosp,2026-05-02,quantile,0.35,3
2026-04-18,35,2,wk inc flu hosp,2026-05-02,quantile,0.4,3
2026-04-18,35,2,wk inc flu hosp,2026-05-02,quantile,0.45,4
2026-04-18,35,2,wk inc flu hosp,2026-05-02,quantile,0.5,5
2026-04-18,35,2,wk inc flu hosp,2026-05-02,quantile,0.55,6
2026-04-18,35,2,wk inc flu hosp,2026-05-02,quantile,0.6,7
2026-04-18,35,2,wk inc flu hosp,2026-05-02,quantile,0.65,8
2026-04-18,35,2,wk inc flu hosp,2026-05-02,quantile,0.7,8
2026-04-18,35,2,wk inc flu hosp,2026-05-02,quantile,0.75,8
2026-04-18,35,2,wk inc flu hosp,2026-05-02,quantile,0.8,10
2026-04-18,35,2,wk inc flu hosp,2026-05-02,quantile,0.85,12
2026-04-18,35,2,wk inc flu hosp,2026-05-02,quantile,0.9,16
2026-04-18,35,2,wk inc flu hosp,2026-05-02,quantile,0.95,22
2026-04-18,35,2,wk inc flu hosp,2026-05-02,quantile,0.975,30
2026-04-18,35,2,wk inc flu hosp,2026-05-02,quantile,0.99,42
2026-04-18,35,3,wk inc flu hosp,2026-05-09,quantile,0.01,0
2026-04-18,35,3,wk inc flu hosp,2026-05-09,quantile,0.025,0
2026-04-18,35,3,wk inc flu hosp,2026-05-09,quantile,0.05,0
2026-04-18,35,3,wk inc flu hosp,2026-05-09,quantile,0.1,0
2026-04-18,35,3,wk inc flu hosp,2026-05-09,quantile,0.15,0
2026-04-18,35,3,wk inc flu hosp,2026-05-09,quantile,0.2,1
2026-04-18,35,3,wk inc flu hosp,2026-05-09,quantile,0.25,1
2026-04-18,35,3,wk inc flu hosp,2026-05-09,quantile,0.3,2
2026-04-18,35,3,wk inc flu hosp,2026-05-09,quantile,0.35,2
2026-04-18,35,3,wk inc flu hosp,2026-05-09,quantile,0.4,3
2026-04-18,35,3,wk inc flu hosp,2026-05-09,quantile,0.45,3
2026-04-18,35,3,wk inc flu hosp,2026-05-09,quantile,0.5,4
2026-04-18,35,3,wk inc flu hosp,2026-05-09,quantile,0.55,5
2026-04-18,35,3,wk inc flu hosp,2026-05-09,quantile,0.6,6
2026-04-18,35,3,wk inc flu hosp,2026-05-09,quantile,0.65,6
2026-04-18,35,3,wk inc flu hosp,2026-05-09,quantile,0.7,8
2026-04-18,35,3,wk inc flu hosp,2026-05-09,quantile,0.75,8
2026-04-18,35,3,wk inc flu hosp,2026-05-09,quantile,0.8,9
2026-04-18,35,3,wk inc flu hosp,2026-05-09,quantile,0.85,11
2026-04-18,35,3,wk inc flu hosp,2026-05-09,quantile,0.9,14
2026-04-18,35,3,wk inc flu hosp,2026-05-09,quantile,0.95,23
2026-04-18,35,3,wk inc flu hosp,2026-05-09,quantile,0.975,28
2026-04-18,35,3,wk inc flu hosp,2026-05-09,quantile,0.99,39
2026-04-18,36,0,wk inc flu hosp,2026-04-18,quantile,0.01,25
2026-04-18,36,0,wk inc flu hosp,2026-04-18,quantile,0.025,30
2026-04-18,36,0,wk inc flu hosp,2026-04-18,quantile,0.05,43
2026-04-18,36,0,wk inc flu hosp,2026-04-18,quantile,0.1,53
2026-04-18,36,0,wk inc flu hosp,2026-04-18,quantile,0.15,60
2026-04-18,36,0,wk inc flu hosp,2026-04-18,quantile,0.2,67
2026-04-18,36,0,wk inc flu hosp,2026-04-18,quantile,0.25,72
2026-04-18,36,0,wk inc flu hosp,2026-04-18,quantile,0.3,80
2026-04-18,36,0,wk inc flu hosp,2026-04-18,quantile,0.35,89
2026-04-18,36,0,wk inc flu hosp,2026-04-18,quantile,0.4,96
2026-04-18,36,0,wk inc flu hosp,2026-04-18,quantile,0.45,101
2026-04-18,36,0,wk inc flu hosp,2026-04-18,quantile,0.5,108
2026-04-18,36,0,wk inc flu hosp,2026-04-18,quantile,0.55,115
2026-04-18,36,0,wk inc flu hosp,2026-04-18,quantile,0.6,120
2026-04-18,36,0,wk inc flu hosp,2026-04-18,quantile,0.65,127
2026-04-18,36,0,wk inc flu hosp,2026-04-18,quantile,0.7,136
2026-04-18,36,0,wk inc flu hosp,2026-04-18,quantile,0.75,142
2026-04-18,36,0,wk inc flu hosp,2026-04-18,quantile,0.8,151
2026-04-18,36,0,wk inc flu hosp,2026-04-18,quantile,0.85,166
2026-04-18,36,0,wk inc flu hosp,2026-04-18,quantile,0.9,183
2026-04-18,36,0,wk inc flu hosp,2026-04-18,quantile,0.95,206
2026-04-18,36,0,wk inc flu hosp,2026-04-18,quantile,0.975,226
2026-04-18,36,0,wk inc flu hosp,2026-04-18,quantile,0.99,266
2026-04-18,36,1,wk inc flu hosp,2026-04-25,quantile,0.01,12
2026-04-18,36,1,wk inc flu hosp,2026-04-25,quantile,0.025,15
2026-04-18,36,1,wk inc flu hosp,2026-04-25,quantile,0.05,16
2026-04-18,36,1,wk inc flu hosp,2026-04-25,quantile,0.1,29
2026-04-18,36,1,wk inc flu hosp,2026-04-25,quantile,0.15,35
2026-04-18,36,1,wk inc flu hosp,2026-04-25,quantile,0.2,46
2026-04-18,36,1,wk inc flu hosp,2026-04-25,quantile,0.25,53
2026-04-18,36,1,wk inc flu hosp,2026-04-25,quantile,0.3,60
2026-04-18,36,1,wk inc flu hosp,2026-04-25,quantile,0.35,66
2026-04-18,36,1,wk inc flu hosp,2026-04-25,quantile,0.4,72
2026-04-18,36,1,wk inc flu hosp,2026-04-25,quantile,0.45,79
2026-04-18,36,1,wk inc flu hosp,2026-04-25,quantile,0.5,89
2026-04-18,36,1,wk inc flu hosp,2026-04-25,quantile,0.55,99
2026-04-18,36,1,wk inc flu hosp,2026-04-25,quantile,0.6,104
2026-04-18,36,1,wk inc flu hosp,2026-04-25,quantile,0.65,110
2026-04-18,36,1,wk inc flu hosp,2026-04-25,quantile,0.7,123
2026-04-18,36,1,wk inc flu hosp,2026-04-25,quantile,0.75,135
2026-04-18,36,1,wk inc flu hosp,2026-04-25,quantile,0.8,142
2026-04-18,36,1,wk inc flu hosp,2026-04-25,quantile,0.85,158
2026-04-18,36,1,wk inc flu hosp,2026-04-25,quantile,0.9,181
2026-04-18,36,1,wk inc flu hosp,2026-04-25,quantile,0.95,209
2026-04-18,36,1,wk inc flu hosp,2026-04-25,quantile,0.975,240
2026-04-18,36,1,wk inc flu hosp,2026-04-25,quantile,0.99,296
2026-04-18,36,2,wk inc flu hosp,2026-05-02,quantile,0.01,4
2026-04-18,36,2,wk inc flu hosp,2026-05-02,quantile,0.025,7
2026-04-18,36,2,wk inc flu hosp,2026-05-02,quantile,0.05,10
2026-04-18,36,2,wk inc flu hosp,2026-05-02,quantile,0.1,22
2026-04-18,36,2,wk inc flu hosp,2026-05-02,quantile,0.15,27
2026-04-18,36,2,wk inc flu hosp,2026-05-02,quantile,0.2,34
2026-04-18,36,2,wk inc flu hosp,2026-05-02,quantile,0.25,38
2026-04-18,36,2,wk inc flu hosp,2026-05-02,quantile,0.3,44
2026-04-18,36,2,wk inc flu hosp,2026-05-02,quantile,0.35,50
2026-04-18,36,2,wk inc flu hosp,2026-05-02,quantile,0.4,58
2026-04-18,36,2,wk inc flu hosp,2026-05-02,quantile,0.45,64
2026-04-18,36,2,wk inc flu hosp,2026-05-02,quantile,0.5,73
2026-04-18,36,2,wk inc flu hosp,2026-05-02,quantile,0.55,81
2026-04-18,36,2,wk inc flu hosp,2026-05-02,quantile,0.6,90
2026-04-18,36,2,wk inc flu hosp,2026-05-02,quantile,0.65,98
2026-04-18,36,2,wk inc flu hosp,2026-05-02,quantile,0.7,109
2026-04-18,36,2,wk inc flu hosp,2026-05-02,quantile,0.75,119
2026-04-18,36,2,wk inc flu hosp,2026-05-02,quantile,0.8,131
2026-04-18,36,2,wk inc flu hosp,2026-05-02,quantile,0.85,143
2026-04-18,36,2,wk inc flu hosp,2026-05-02,quantile,0.9,160
2026-04-18,36,2,wk inc flu hosp,2026-05-02,quantile,0.95,196
2026-04-18,36,2,wk inc flu hosp,2026-05-02,quantile,0.975,233
2026-04-18,36,2,wk inc flu hosp,2026-05-02,quantile,0.99,289
2026-04-18,36,3,wk inc flu hosp,2026-05-09,quantile,0.01,0
2026-04-18,36,3,wk inc flu hosp,2026-05-09,quantile,0.025,0
2026-04-18,36,3,wk inc flu hosp,2026-05-09,quantile,0.05,2
2026-04-18,36,3,wk inc flu hosp,2026-05-09,quantile,0.1,9
2026-04-18,36,3,wk inc flu hosp,2026-05-09,quantile,0.15,19
2026-04-18,36,3,wk inc flu hosp,2026-05-09,quantile,0.2,22
2026-04-18,36,3,wk inc flu hosp,2026-05-09,quantile,0.25,26
2026-04-18,36,3,wk inc flu hosp,2026-05-09,quantile,0.3,32
2026-04-18,36,3,wk inc flu hosp,2026-05-09,quantile,0.35,38
2026-04-18,36,3,wk inc flu hosp,2026-05-09,quantile,0.4,44
2026-04-18,36,3,wk inc flu hosp,2026-05-09,quantile,0.45,50
2026-04-18,36,3,wk inc flu hosp,2026-05-09,quantile,0.5,60
2026-04-18,36,3,wk inc flu hosp,2026-05-09,quantile,0.55,68
2026-04-18,36,3,wk inc flu hosp,2026-05-09,quantile,0.6,78
2026-04-18,36,3,wk inc flu hosp,2026-05-09,quantile,0.65,86
2026-04-18,36,3,wk inc flu hosp,2026-05-09,quantile,0.7,98
2026-04-18,36,3,wk inc flu hosp,2026-05-09,quantile,0.75,106
2026-04-18,36,3,wk inc flu hosp,2026-05-09,quantile,0.8,119
2026-04-18,36,3,wk inc flu hosp,2026-05-09,quantile,0.85,126
2026-04-18,36,3,wk inc flu hosp,2026-05-09,quantile,0.9,144
2026-04-18,36,3,wk inc flu hosp,2026-05-09,quantile,0.95,178
2026-04-18,36,3,wk inc flu hosp,2026-05-09,quantile,0.975,216
2026-04-18,36,3,wk inc flu hosp,2026-05-09,quantile,0.99,301
2026-04-18,37,0,wk inc flu hosp,2026-04-18,quantile,0.01,1
2026-04-18,37,0,wk inc flu hosp,2026-04-18,quantile,0.025,3
2026-04-18,37,0,wk inc flu hosp,2026-04-18,quantile,0.05,5
2026-04-18,37,0,wk inc flu hosp,2026-04-18,quantile,0.1,8
2026-04-18,37,0,wk inc flu hosp,2026-04-18,quantile,0.15,9
2026-04-18,37,0,wk inc flu hosp,2026-04-18,quantile,0.2,10
2026-04-18,37,0,wk inc flu hosp,2026-04-18,quantile,0.25,12
2026-04-18,37,0,wk inc flu hosp,2026-04-18,quantile,0.3,14
2026-04-18,37,0,wk inc flu hosp,2026-04-18,quantile,0.35,17
2026-04-18,37,0,wk inc flu hosp,2026-04-18,quantile,0.4,19
2026-04-18,37,0,wk inc flu hosp,2026-04-18,quantile,0.45,20
2026-04-18,37,0,wk inc flu hosp,2026-04-18,quantile,0.5,22
2026-04-18,37,0,wk inc flu hosp,2026-04-18,quantile,0.55,24
2026-04-18,37,0,wk inc flu hosp,2026-04-18,quantile,0.6,26
2026-04-18,37,0,wk inc flu hosp,2026-04-18,quantile,0.65,27
2026-04-18,37,0,wk inc flu hosp,2026-04-18,quantile,0.7,29
2026-04-18,37,0,wk inc flu hosp,2026-04-18,quantile,0.75,32
2026-04-18,37,0,wk inc flu hosp,2026-04-18,quantile,0.8,35
2026-04-18,37,0,wk inc flu hosp,2026-04-18,quantile,0.85,39
2026-04-18,37,0,wk inc flu hosp,2026-04-18,quantile,0.9,45
2026-04-18,37,0,wk inc flu hosp,2026-04-18,quantile,0.95,57
2026-04-18,37,0,wk inc flu hosp,2026-04-18,quantile,0.975,71
2026-04-18,37,0,wk inc flu hosp,2026-04-18,quantile,0.99,82
2026-04-18,37,1,wk inc flu hosp,2026-04-25,quantile,0.01,0
2026-04-18,37,1,wk inc flu hosp,2026-04-25,quantile,0.025,0
2026-04-18,37,1,wk inc flu hosp,2026-04-25,quantile,0.05,0
2026-04-18,37,1,wk inc flu hosp,2026-04-25,quantile,0.1,2
2026-04-18,37,1,wk inc flu hosp,2026-04-25,quantile,0.15,5
2026-04-18,37,1,wk inc flu hosp,2026-04-25,quantile,0.2,7
2026-04-18,37,1,wk inc flu hosp,2026-04-25,quantile,0.25,8
2026-04-18,37,1,wk inc flu hosp,2026-04-25,quantile,0.3,10
2026-04-18,37,1,wk inc flu hosp,2026-04-25,quantile,0.35,13
2026-04-18,37,1,wk inc flu hosp,2026-04-25,quantile,0.4,15
2026-04-18,37,1,wk inc flu hosp,2026-04-25,quantile,0.45,16
2026-04-18,37,1,wk inc flu hosp,2026-04-25,quantile,0.5,19
2026-04-18,37,1,wk inc flu hosp,2026-04-25,quantile,0.55,21
2026-04-18,37,1,wk inc flu hosp,2026-04-25,quantile,0.6,23
2026-04-18,37,1,wk inc flu hosp,2026-04-25,quantile,0.65,25
2026-04-18,37,1,wk inc flu hosp,2026-04-25,quantile,0.7,28
2026-04-18,37,1,wk inc flu hosp,2026-04-25,quantile,0.75,30
2026-04-18,37,1,wk inc flu hosp,2026-04-25,quantile,0.8,33
2026-04-18,37,1,wk inc flu hosp,2026-04-25,quantile,0.85,39
2026-04-18,37,1,wk inc flu hosp,2026-04-25,quantile,0.9,47
2026-04-18,37,1,wk inc flu hosp,2026-04-25,quantile,0.95,60
2026-04-18,37,1,wk inc flu hosp,2026-04-25,quantile,0.975,75
2026-04-18,37,1,wk inc flu hosp,2026-04-25,quantile,0.99,112
2026-04-18,37,2,wk inc flu hosp,2026-05-02,quantile,0.01,0
2026-04-18,37,2,wk inc flu hosp,2026-05-02,quantile,0.025,0
2026-04-18,37,2,wk inc flu hosp,2026-05-02,quantile,0.05,0
2026-04-18,37,2,wk inc flu hosp,2026-05-02,quantile,0.1,1
2026-04-18,37,2,wk inc flu hosp,2026-05-02,quantile,0.15,3
2026-04-18,37,2,wk inc flu hosp,2026-05-02,quantile,0.2,5
2026-04-18,37,2,wk inc flu hosp,2026-05-02,quantile,0.25,6
2026-04-18,37,2,wk inc flu hosp,2026-05-02,quantile,0.3,8
2026-04-18,37,2,wk inc flu hosp,2026-05-02,quantile,0.35,10
2026-04-18,37,2,wk inc flu hosp,2026-05-02,quantile,0.4,12
2026-04-18,37,2,wk inc flu hosp,2026-05-02,quantile,0.45,14
2026-04-18,37,2,wk inc flu hosp,2026-05-02,quantile,0.5,16
2026-04-18,37,2,wk inc flu hosp,2026-05-02,quantile,0.55,18
2026-04-18,37,2,wk inc flu hosp,2026-05-02,quantile,0.6,20
2026-04-18,37,2,wk inc flu hosp,2026-05-02,quantile,0.65,22
2026-04-18,37,2,wk inc flu hosp,2026-05-02,quantile,0.7,25
2026-04-18,37,2,wk inc flu hosp,2026-05-02,quantile,0.75,27
2026-04-18,37,2,wk inc flu hosp,2026-05-02,quantile,0.8,31
2026-04-18,37,2,wk inc flu hosp,2026-05-02,quantile,0.85,37
2026-04-18,37,2,wk inc flu hosp,2026-05-02,quantile,0.9,46
2026-04-18,37,2,wk inc flu hosp,2026-05-02,quantile,0.95,61
2026-04-18,37,2,wk inc flu hosp,2026-05-02,quantile,0.975,86
2026-04-18,37,2,wk inc flu hosp,2026-05-02,quantile,0.99,117
2026-04-18,37,3,wk inc flu hosp,2026-05-09,quantile,0.01,0
2026-04-18,37,3,wk inc flu hosp,2026-05-09,quantile,0.025,0
2026-04-18,37,3,wk inc flu hosp,2026-05-09,quantile,0.05,0
2026-04-18,37,3,wk inc flu hosp,2026-05-09,quantile,0.1,1
2026-04-18,37,3,wk inc flu hosp,2026-05-09,quantile,0.15,2
2026-04-18,37,3,wk inc flu hosp,2026-05-09,quantile,0.2,4
2026-04-18,37,3,wk inc flu hosp,2026-05-09,quantile,0.25,5
2026-04-18,37,3,wk inc flu hosp,2026-05-09,quantile,0.3,7
2026-04-18,37,3,wk inc flu hosp,2026-05-09,quantile,0.35,10
2026-04-18,37,3,wk inc flu hosp,2026-05-09,quantile,0.4,12
2026-04-18,37,3,wk inc flu hosp,2026-05-09,quantile,0.45,13
2026-04-18,37,3,wk inc flu hosp,2026-05-09,quantile,0.5,14
2026-04-18,37,3,wk inc flu hosp,2026-05-09,quantile,0.55,16
2026-04-18,37,3,wk inc flu hosp,2026-05-09,quantile,0.6,19
2026-04-18,37,3,wk inc flu hosp,2026-05-09,quantile,0.65,21
2026-04-18,37,3,wk inc flu hosp,2026-05-09,quantile,0.7,24
2026-04-18,37,3,wk inc flu hosp,2026-05-09,quantile,0.75,27
2026-04-18,37,3,wk inc flu hosp,2026-05-09,quantile,0.8,33
2026-04-18,37,3,wk inc flu hosp,2026-05-09,quantile,0.85,40
2026-04-18,37,3,wk inc flu hosp,2026-05-09,quantile,0.9,50
2026-04-18,37,3,wk inc flu hosp,2026-05-09,quantile,0.95,70
2026-04-18,37,3,wk inc flu hosp,2026-05-09,quantile,0.975,90
2026-04-18,37,3,wk inc flu hosp,2026-05-09,quantile,0.99,120
2026-04-18,38,0,wk inc flu hosp,2026-04-18,quantile,0.01,1
2026-04-18,38,0,wk inc flu hosp,2026-04-18,quantile,0.025,1
2026-04-18,38,0,wk inc flu hosp,2026-04-18,quantile,0.05,2
2026-04-18,38,0,wk inc flu hosp,2026-04-18,quantile,0.1,3
2026-04-18,38,0,wk inc flu hosp,2026-04-18,quantile,0.15,4
2026-04-18,38,0,wk inc flu hosp,2026-04-18,quantile,0.2,4
2026-04-18,38,0,wk inc flu hosp,2026-04-18,quantile,0.25,5
2026-04-18,38,0,wk inc flu hosp,2026-04-18,quantile,0.3,5
2026-04-18,38,0,wk inc flu hosp,2026-04-18,quantile,0.35,6
2026-04-18,38,0,wk inc flu hosp,2026-04-18,quantile,0.4,6
2026-04-18,38,0,wk inc flu hosp,2026-04-18,quantile,0.45,7
2026-04-18,38,0,wk inc flu hosp,2026-04-18,quantile,0.5,8
2026-04-18,38,0,wk inc flu hosp,2026-04-18,quantile,0.55,9
2026-04-18,38,0,wk inc flu hosp,2026-04-18,quantile,0.6,9
2026-04-18,38,0,wk inc flu hosp,2026-04-18,quantile,0.65,10
2026-04-18,38,0,wk inc flu hosp,2026-04-18,quantile,0.7,11
2026-04-18,38,0,wk inc flu hosp,2026-04-18,quantile,0.75,12
2026-04-18,38,0,wk inc flu hosp,2026-04-18,quantile,0.8,13
2026-04-18,38,0,wk inc flu hosp,2026-04-18,quantile,0.85,14
2026-04-18,38,0,wk inc flu hosp,2026-04-18,quantile,0.9,15
2026-04-18,38,0,wk inc flu hosp,2026-04-18,quantile,0.95,18
2026-04-18,38,0,wk inc flu hosp,2026-04-18,quantile,0.975,20
2026-04-18,38,0,wk inc flu hosp,2026-04-18,quantile,0.99,23
2026-04-18,38,1,wk inc flu hosp,2026-04-25,quantile,0.01,0
2026-04-18,38,1,wk inc flu hosp,2026-04-25,quantile,0.025,1
2026-04-18,38,1,wk inc flu hosp,2026-04-25,quantile,0.05,1
2026-04-18,38,1,wk inc flu hosp,2026-04-25,quantile,0.1,2
2026-04-18,38,1,wk inc flu hosp,2026-04-25,quantile,0.15,2
2026-04-18,38,1,wk inc flu hosp,2026-04-25,quantile,0.2,2
2026-04-18,38,1,wk inc flu hosp,2026-04-25,quantile,0.25,3
2026-04-18,38,1,wk inc flu hosp,2026-04-25,quantile,0.3,3
2026-04-18,38,1,wk inc flu hosp,2026-04-25,quantile,0.35,4
2026-04-18,38,1,wk inc flu hosp,2026-04-25,quantile,0.4,4
2026-04-18,38,1,wk inc flu hosp,2026-04-25,quantile,0.45,5
2026-04-18,38,1,wk inc flu hosp,2026-04-25,quantile,0.5,6
2026-04-18,38,1,wk inc flu hosp,2026-04-25,quantile,0.55,7
2026-04-18,38,1,wk inc flu hosp,2026-04-25,quantile,0.6,8
2026-04-18,38,1,wk inc flu hosp,2026-04-25,quantile,0.65,9
2026-04-18,38,1,wk inc flu hosp,2026-04-25,quantile,0.7,10
2026-04-18,38,1,wk inc flu hosp,2026-04-25,quantile,0.75,11
2026-04-18,38,1,wk inc flu hosp,2026-04-25,quantile,0.8,11
2026-04-18,38,1,wk inc flu hosp,2026-04-25,quantile,0.85,13
2026-04-18,38,1,wk inc flu hosp,2026-04-25,quantile,0.9,14
2026-04-18,38,1,wk inc flu hosp,2026-04-25,quantile,0.95,17
2026-04-18,38,1,wk inc flu hosp,2026-04-25,quantile,0.975,21
2026-04-18,38,1,wk inc flu hosp,2026-04-25,quantile,0.99,25
2026-04-18,38,2,wk inc flu hosp,2026-05-02,quantile,0.01,0
2026-04-18,38,2,wk inc flu hosp,2026-05-02,quantile,0.025,0
2026-04-18,38,2,wk inc flu hosp,2026-05-02,quantile,0.05,0
2026-04-18,38,2,wk inc flu hosp,2026-05-02,quantile,0.1,0
2026-04-18,38,2,wk inc flu hosp,2026-05-02,quantile,0.15,1
2026-04-18,38,2,wk inc flu hosp,2026-05-02,quantile,0.2,2
2026-04-18,38,2,wk inc flu hosp,2026-05-02,quantile,0.25,2
2026-04-18,38,2,wk inc flu hosp,2026-05-02,quantile,0.3,2
2026-04-18,38,2,wk inc flu hosp,2026-05-02,quantile,0.35,3
2026-04-18,38,2,wk inc flu hosp,2026-05-02,quantile,0.4,3
2026-04-18,38,2,wk inc flu hosp,2026-05-02,quantile,0.45,4
2026-04-18,38,2,wk inc flu hosp,2026-05-02,quantile,0.5,5
2026-04-18,38,2,wk inc flu hosp,2026-05-02,quantile,0.55,6
2026-04-18,38,2,wk inc flu hosp,2026-05-02,quantile,0.6,6
2026-04-18,38,2,wk inc flu hosp,2026-05-02,quantile,0.65,7
2026-04-18,38,2,wk inc flu hosp,2026-05-02,quantile,0.7,8
2026-04-18,38,2,wk inc flu hosp,2026-05-02,quantile,0.75,9
2026-04-18,38,2,wk inc flu hosp,2026-05-02,quantile,0.8,10
2026-04-18,38,2,wk inc flu hosp,2026-05-02,quantile,0.85,12
2026-04-18,38,2,wk inc flu hosp,2026-05-02,quantile,0.9,14
2026-04-18,38,2,wk inc flu hosp,2026-05-02,quantile,0.95,17
2026-04-18,38,2,wk inc flu hosp,2026-05-02,quantile,0.975,20
2026-04-18,38,2,wk inc flu hosp,2026-05-02,quantile,0.99,28
2026-04-18,38,3,wk inc flu hosp,2026-05-09,quantile,0.01,0
2026-04-18,38,3,wk inc flu hosp,2026-05-09,quantile,0.025,0
2026-04-18,38,3,wk inc flu hosp,2026-05-09,quantile,0.05,0
2026-04-18,38,3,wk inc flu hosp,2026-05-09,quantile,0.1,0
2026-04-18,38,3,wk inc flu hosp,2026-05-09,quantile,0.15,1
2026-04-18,38,3,wk inc flu hosp,2026-05-09,quantile,0.2,1
2026-04-18,38,3,wk inc flu hosp,2026-05-09,quantile,0.25,2
2026-04-18,38,3,wk inc flu hosp,2026-05-09,quantile,0.3,2
2026-04-18,38,3,wk inc flu hosp,2026-05-09,quantile,0.35,2
2026-04-18,38,3,wk inc flu hosp,2026-05-09,quantile,0.4,3
2026-04-18,38,3,wk inc flu hosp,2026-05-09,quantile,0.45,4
2026-04-18,38,3,wk inc flu hosp,2026-05-09,quantile,0.5,5
2026-04-18,38,3,wk inc flu hosp,2026-05-09,quantile,0.55,5
2026-04-18,38,3,wk inc flu hosp,2026-05-09,quantile,0.6,6
2026-04-18,38,3,wk inc flu hosp,2026-05-09,quantile,0.65,7
2026-04-18,38,3,wk inc flu hosp,2026-05-09,quantile,0.7,8
2026-04-18,38,3,wk inc flu hosp,2026-05-09,quantile,0.75,8
2026-04-18,38,3,wk inc flu hosp,2026-05-09,quantile,0.8,9
2026-04-18,38,3,wk inc flu hosp,2026-05-09,quantile,0.85,11
2026-04-18,38,3,wk inc flu hosp,2026-05-09,quantile,0.9,13
2026-04-18,38,3,wk inc flu hosp,2026-05-09,quantile,0.95,15
2026-04-18,38,3,wk inc flu hosp,2026-05-09,quantile,0.975,18
2026-04-18,38,3,wk inc flu hosp,2026-05-09,quantile,0.99,25
2026-04-18,39,0,wk inc flu hosp,2026-04-18,quantile,0.01,3
2026-04-18,39,0,wk inc flu hosp,2026-04-18,quantile,0.025,4
2026-04-18,39,0,wk inc flu hosp,2026-04-18,quantile,0.05,5
2026-04-18,39,0,wk inc flu hosp,2026-04-18,quantile,0.1,7
2026-04-18,39,0,wk inc flu hosp,2026-04-18,quantile,0.15,11
2026-04-18,39,0,wk inc flu hosp,2026-04-18,quantile,0.2,14
2026-04-18,39,0,wk inc flu hosp,2026-04-18,quantile,0.25,16
2026-04-18,39,0,wk inc flu hosp,2026-04-18,quantile,0.3,18
2026-04-18,39,0,wk inc flu hosp,2026-04-18,quantile,0.35,21
2026-04-18,39,0,wk inc flu hosp,2026-04-18,quantile,0.4,23
2026-04-18,39,0,wk inc flu hosp,2026-04-18,quantile,0.45,26
2026-04-18,39,0,wk inc flu hosp,2026-04-18,quantile,0.5,29
2026-04-18,39,0,wk inc flu hosp,2026-04-18,quantile,0.55,32
2026-04-18,39,0,wk inc flu hosp,2026-04-18,quantile,0.6,35
2026-04-18,39,0,wk inc flu hosp,2026-04-18,quantile,0.65,37
2026-04-18,39,0,wk inc flu hosp,2026-04-18,quantile,0.7,39
2026-04-18,39,0,wk inc flu hosp,2026-04-18,quantile,0.75,45
2026-04-18,39,0,wk inc flu hosp,2026-04-18,quantile,0.8,53
2026-04-18,39,0,wk inc flu hosp,2026-04-18,quantile,0.85,58
2026-04-18,39,0,wk inc flu hosp,2026-04-18,quantile,0.9,70
2026-04-18,39,0,wk inc flu hosp,2026-04-18,quantile,0.95,91
2026-04-18,39,0,wk inc flu hosp,2026-04-18,quantile,0.975,112
2026-04-18,39,0,wk inc flu hosp,2026-04-18,quantile,0.99,140
2026-04-18,39,1,wk inc flu hosp,2026-04-25,quantile,0.01,0
2026-04-18,39,1,wk inc flu hosp,2026-04-25,quantile,0.025,0
2026-04-18,39,1,wk inc flu hosp,2026-04-25,quantile,0.05,0
2026-04-18,39,1,wk inc flu hosp,2026-04-25,quantile,0.1,2
2026-04-18,39,1,wk inc flu hosp,2026-04-25,quantile,0.15,4
2026-04-18,39,1,wk inc flu hosp,2026-04-25,quantile,0.2,6
2026-04-18,39,1,wk inc flu hosp,2026-04-25,quantile,0.25,10
2026-04-18,39,1,wk inc flu hosp,2026-04-25,quantile,0.3,12
2026-04-18,39,1,wk inc flu hosp,2026-04-25,quantile,0.35,15
2026-04-18,39,1,wk inc flu hosp,2026-04-25,quantile,0.4,16
2026-04-18,39,1,wk inc flu hosp,2026-04-25,quantile,0.45,19
2026-04-18,39,1,wk inc flu hosp,2026-04-25,quantile,0.5,23
2026-04-18,39,1,wk inc flu hosp,2026-04-25,quantile,0.55,24
2026-04-18,39,1,wk inc flu hosp,2026-04-25,quantile,0.6,28
2026-04-18,39,1,wk inc flu hosp,2026-04-25,quantile,0.65,30
2026-04-18,39,1,wk inc flu hosp,2026-04-25,quantile,0.7,36
2026-04-18,39,1,wk inc flu hosp,2026-04-25,quantile,0.75,44
2026-04-18,39,1,wk inc flu hosp,2026-04-25,quantile,0.8,54
2026-04-18,39,1,wk inc flu hosp,2026-04-25,quantile,0.85,63
2026-04-18,39,1,wk inc flu hosp,2026-04-25,quantile,0.9,77
2026-04-18,39,1,wk inc flu hosp,2026-04-25,quantile,0.95,103
2026-04-18,39,1,wk inc flu hosp,2026-04-25,quantile,0.975,128
2026-04-18,39,1,wk inc flu hosp,2026-04-25,quantile,0.99,175
2026-04-18,39,2,wk inc flu hosp,2026-05-02,quantile,0.01,0
2026-04-18,39,2,wk inc flu hosp,2026-05-02,quantile,0.025,1
2026-04-18,39,2,wk inc flu hosp,2026-05-02,quantile,0.05,2
2026-04-18,39,2,wk inc flu hosp,2026-05-02,quantile,0.1,3
2026-04-18,39,2,wk inc flu hosp,2026-05-02,quantile,0.15,5
2026-04-18,39,2,wk inc flu hosp,2026-05-02,quantile,0.2,7
2026-04-18,39,2,wk inc flu hosp,2026-05-02,quantile,0.25,8
2026-04-18,39,2,wk inc flu hosp,2026-05-02,quantile,0.3,10
2026-04-18,39,2,wk inc flu hosp,2026-05-02,quantile,0.35,11
2026-04-18,39,2,wk inc flu hosp,2026-05-02,quantile,0.4,13
2026-04-18,39,2,wk inc flu hosp,2026-05-02,quantile,0.45,15
2026-04-18,39,2,wk inc flu hosp,2026-05-02,quantile,0.5,20
2026-04-18,39,2,wk inc flu hosp,2026-05-02,quantile,0.55,22
2026-04-18,39,2,wk inc flu hosp,2026-05-02,quantile,0.6,24
2026-04-18,39,2,wk inc flu hosp,2026-05-02,quantile,0.65,28
2026-04-18,39,2,wk inc flu hosp,2026-05-02,quantile,0.7,30
2026-04-18,39,2,wk inc flu hosp,2026-05-02,quantile,0.75,36
2026-04-18,39,2,wk inc flu hosp,2026-05-02,quantile,0.8,49
2026-04-18,39,2,wk inc flu hosp,2026-05-02,quantile,0.85,61
2026-04-18,39,2,wk inc flu hosp,2026-05-02,quantile,0.9,73
2026-04-18,39,2,wk inc flu hosp,2026-05-02,quantile,0.95,113
2026-04-18,39,2,wk inc flu hosp,2026-05-02,quantile,0.975,154
2026-04-18,39,2,wk inc flu hosp,2026-05-02,quantile,0.99,190
2026-04-18,39,3,wk inc flu hosp,2026-05-09,quantile,0.01,0
2026-04-18,39,3,wk inc flu hosp,2026-05-09,quantile,0.025,0
2026-04-18,39,3,wk inc flu hosp,2026-05-09,quantile,0.05,0
2026-04-18,39,3,wk inc flu hosp,2026-05-09,quantile,0.1,2
2026-04-18,39,3,wk inc flu hosp,2026-05-09,quantile,0.15,3
2026-04-18,39,3,wk inc flu hosp,2026-05-09,quantile,0.2,5
2026-04-18,39,3,wk inc flu hosp,2026-05-09,quantile,0.25,6
2026-04-18,39,3,wk inc flu hosp,2026-05-09,quantile,0.3,7
2026-04-18,39,3,wk inc flu hosp,2026-05-09,quantile,0.35,8
2026-04-18,39,3,wk inc flu hosp,2026-05-09,quantile,0.4,11
2026-04-18,39,3,wk inc flu hosp,2026-05-09,quantile,0.45,13
2026-04-18,39,3,wk inc flu hosp,2026-05-09,quantile,0.5,15
2026-04-18,39,3,wk inc flu hosp,2026-05-09,quantile,0.55,20
2026-04-18,39,3,wk inc flu hosp,2026-05-09,quantile,0.6,22
2026-04-18,39,3,wk inc flu hosp,2026-05-09,quantile,0.65,24
2026-04-18,39,3,wk inc flu hosp,2026-05-09,quantile,0.7,25
2026-04-18,39,3,wk inc flu hosp,2026-05-09,quantile,0.75,30
2026-04-18,39,3,wk inc flu hosp,2026-05-09,quantile,0.8,37
2026-04-18,39,3,wk inc flu hosp,2026-05-09,quantile,0.85,53
2026-04-18,39,3,wk inc flu hosp,2026-05-09,quantile,0.9,67
2026-04-18,39,3,wk inc flu hosp,2026-05-09,quantile,0.95,116
2026-04-18,39,3,wk inc flu hosp,2026-05-09,quantile,0.975,155
2026-04-18,39,3,wk inc flu hosp,2026-05-09,quantile,0.99,209
2026-04-18,40,0,wk inc flu hosp,2026-04-18,quantile,0.01,0
2026-04-18,40,0,wk inc flu hosp,2026-04-18,quantile,0.025,0
2026-04-18,40,0,wk inc flu hosp,2026-04-18,quantile,0.05,1
2026-04-18,40,0,wk inc flu hosp,2026-04-18,quantile,0.1,2
2026-04-18,40,0,wk inc flu hosp,2026-04-18,quantile,0.15,3
2026-04-18,40,0,wk inc flu hosp,2026-04-18,quantile,0.2,4
2026-04-18,40,0,wk inc flu hosp,2026-04-18,quantile,0.25,5
2026-04-18,40,0,wk inc flu hosp,2026-04-18,quantile,0.3,5
2026-04-18,40,0,wk inc flu hosp,2026-04-18,quantile,0.35,6
2026-04-18,40,0,wk inc flu hosp,2026-04-18,quantile,0.4,6
2026-04-18,40,0,wk inc flu hosp,2026-04-18,quantile,0.45,7
2026-04-18,40,0,wk inc flu hosp,2026-04-18,quantile,0.5,10
2026-04-18,40,0,wk inc flu hosp,2026-04-18,quantile,0.55,10
2026-04-18,40,0,wk inc flu hosp,2026-04-18,quantile,0.6,12
2026-04-18,40,0,wk inc flu hosp,2026-04-18,quantile,0.65,13
2026-04-18,40,0,wk inc flu hosp,2026-04-18,quantile,0.7,14
2026-04-18,40,0,wk inc flu hosp,2026-04-18,quantile,0.75,17
2026-04-18,40,0,wk inc flu hosp,2026-04-18,quantile,0.8,19
2026-04-18,40,0,wk inc flu hosp,2026-04-18,quantile,0.85,22
2026-04-18,40,0,wk inc flu hosp,2026-04-18,quantile,0.9,26
2026-04-18,40,0,wk inc flu hosp,2026-04-18,quantile,0.95,32
2026-04-18,40,0,wk inc flu hosp,2026-04-18,quantile,0.975,37
2026-04-18,40,0,wk inc flu hosp,2026-04-18,quantile,0.99,44
2026-04-18,40,1,wk inc flu hosp,2026-04-25,quantile,0.01,0
2026-04-18,40,1,wk inc flu hosp,2026-04-25,quantile,0.025,0
2026-04-18,40,1,wk inc flu hosp,2026-04-25,quantile,0.05,0
2026-04-18,40,1,wk inc flu hosp,2026-04-25,quantile,0.1,0
2026-04-18,40,1,wk inc flu hosp,2026-04-25,quantile,0.15,1
2026-04-18,40,1,wk inc flu hosp,2026-04-25,quantile,0.2,2
2026-04-18,40,1,wk inc flu hosp,2026-04-25,quantile,0.25,2
2026-04-18,40,1,wk inc flu hosp,2026-04-25,quantile,0.3,3
2026-04-18,40,1,wk inc flu hosp,2026-04-25,quantile,0.35,4
2026-04-18,40,1,wk inc flu hosp,2026-04-25,quantile,0.4,5
2026-04-18,40,1,wk inc flu hosp,2026-04-25,quantile,0.45,6
2026-04-18,40,1,wk inc flu hosp,2026-04-25,quantile,0.5,9
2026-04-18,40,1,wk inc flu hosp,2026-04-25,quantile,0.55,10
2026-04-18,40,1,wk inc flu hosp,2026-04-25,quantile,0.6,11
2026-04-18,40,1,wk inc flu hosp,2026-04-25,quantile,0.65,13
2026-04-18,40,1,wk inc flu hosp,2026-04-25,quantile,0.7,14
2026-04-18,40,1,wk inc flu hosp,2026-04-25,quantile,0.75,16
2026-04-18,40,1,wk inc flu hosp,2026-04-25,quantile,0.8,19
2026-04-18,40,1,wk inc flu hosp,2026-04-25,quantile,0.85,22
2026-04-18,40,1,wk inc flu hosp,2026-04-25,quantile,0.9,27
2026-04-18,40,1,wk inc flu hosp,2026-04-25,quantile,0.95,32
2026-04-18,40,1,wk inc flu hosp,2026-04-25,quantile,0.975,39
2026-04-18,40,1,wk inc flu hosp,2026-04-25,quantile,0.99,53
2026-04-18,40,2,wk inc flu hosp,2026-05-02,quantile,0.01,0
2026-04-18,40,2,wk inc flu hosp,2026-05-02,quantile,0.025,0
2026-04-18,40,2,wk inc flu hosp,2026-05-02,quantile,0.05,0
2026-04-18,40,2,wk inc flu hosp,2026-05-02,quantile,0.1,0
2026-04-18,40,2,wk inc flu hosp,2026-05-02,quantile,0.15,1
2026-04-18,40,2,wk inc flu hosp,2026-05-02,quantile,0.2,1
2026-04-18,40,2,wk inc flu hosp,2026-05-02,quantile,0.25,2
2026-04-18,40,2,wk inc flu hosp,2026-05-02,quantile,0.3,2
2026-04-18,40,2,wk inc flu hosp,2026-05-02,quantile,0.35,3
2026-04-18,40,2,wk inc flu hosp,2026-05-02,quantile,0.4,4
2026-04-18,40,2,wk inc flu hosp,2026-05-02,quantile,0.45,6
2026-04-18,40,2,wk inc flu hosp,2026-05-02,quantile,0.5,8
2026-04-18,40,2,wk inc flu hosp,2026-05-02,quantile,0.55,9
2026-04-18,40,2,wk inc flu hosp,2026-05-02,quantile,0.6,9
2026-04-18,40,2,wk inc flu hosp,2026-05-02,quantile,0.65,12
2026-04-18,40,2,wk inc flu hosp,2026-05-02,quantile,0.7,14
2026-04-18,40,2,wk inc flu hosp,2026-05-02,quantile,0.75,16
2026-04-18,40,2,wk inc flu hosp,2026-05-02,quantile,0.8,17
2026-04-18,40,2,wk inc flu hosp,2026-05-02,quantile,0.85,21
2026-04-18,40,2,wk inc flu hosp,2026-05-02,quantile,0.9,24
2026-04-18,40,2,wk inc flu hosp,2026-05-02,quantile,0.95,31
2026-04-18,40,2,wk inc flu hosp,2026-05-02,quantile,0.975,41
2026-04-18,40,2,wk inc flu hosp,2026-05-02,quantile,0.99,59
2026-04-18,40,3,wk inc flu hosp,2026-05-09,quantile,0.01,0
2026-04-18,40,3,wk inc flu hosp,2026-05-09,quantile,0.025,0
2026-04-18,40,3,wk inc flu hosp,2026-05-09,quantile,0.05,0
2026-04-18,40,3,wk inc flu hosp,2026-05-09,quantile,0.1,0
2026-04-18,40,3,wk inc flu hosp,2026-05-09,quantile,0.15,1
2026-04-18,40,3,wk inc flu hosp,2026-05-09,quantile,0.2,1
2026-04-18,40,3,wk inc flu hosp,2026-05-09,quantile,0.25,1
2026-04-18,40,3,wk inc flu hosp,2026-05-09,quantile,0.3,2
2026-04-18,40,3,wk inc flu hosp,2026-05-09,quantile,0.35,3
2026-04-18,40,3,wk inc flu hosp,2026-05-09,quantile,0.4,4
2026-04-18,40,3,wk inc flu hosp,2026-05-09,quantile,0.45,5
2026-04-18,40,3,wk inc flu hosp,2026-05-09,quantile,0.5,7
2026-04-18,40,3,wk inc flu hosp,2026-05-09,quantile,0.55,9
2026-04-18,40,3,wk inc flu hosp,2026-05-09,quantile,0.6,10
2026-04-18,40,3,wk inc flu hosp,2026-05-09,quantile,0.65,12
2026-04-18,40,3,wk inc flu hosp,2026-05-09,quantile,0.7,14
2026-04-18,40,3,wk inc flu hosp,2026-05-09,quantile,0.75,16
2026-04-18,40,3,wk inc flu hosp,2026-05-09,quantile,0.8,18
2026-04-18,40,3,wk inc flu hosp,2026-05-09,quantile,0.85,20
2026-04-18,40,3,wk inc flu hosp,2026-05-09,quantile,0.9,23
2026-04-18,40,3,wk inc flu hosp,2026-05-09,quantile,0.95,31
2026-04-18,40,3,wk inc flu hosp,2026-05-09,quantile,0.975,41
2026-04-18,40,3,wk inc flu hosp,2026-05-09,quantile,0.99,56
2026-04-18,41,0,wk inc flu hosp,2026-04-18,quantile,0.01,0
2026-04-18,41,0,wk inc flu hosp,2026-04-18,quantile,0.025,0
2026-04-18,41,0,wk inc flu hosp,2026-04-18,quantile,0.05,0
2026-04-18,41,0,wk inc flu hosp,2026-04-18,quantile,0.1,0
2026-04-18,41,0,wk inc flu hosp,2026-04-18,quantile,0.15,1
2026-04-18,41,0,wk inc flu hosp,2026-04-18,quantile,0.2,1
2026-04-18,41,0,wk inc flu hosp,2026-04-18,quantile,0.25,2
2026-04-18,41,0,wk inc flu hosp,2026-04-18,quantile,0.3,2
2026-04-18,41,0,wk inc flu hosp,2026-04-18,quantile,0.35,3
2026-04-18,41,0,wk inc flu hosp,2026-04-18,quantile,0.4,3
2026-04-18,41,0,wk inc flu hosp,2026-04-18,quantile,0.45,4
2026-04-18,41,0,wk inc flu hosp,2026-04-18,quantile,0.5,6
2026-04-18,41,0,wk inc flu hosp,2026-04-18,quantile,0.55,6
2026-04-18,41,0,wk inc flu hosp,2026-04-18,quantile,0.6,7
2026-04-18,41,0,wk inc flu hosp,2026-04-18,quantile,0.65,8
2026-04-18,41,0,wk inc flu hosp,2026-04-18,quantile,0.7,9
2026-04-18,41,0,wk inc flu hosp,2026-04-18,quantile,0.75,9
2026-04-18,41,0,wk inc flu hosp,2026-04-18,quantile,0.8,12
2026-04-18,41,0,wk inc flu hosp,2026-04-18,quantile,0.85,14
2026-04-18,41,0,wk inc flu hosp,2026-04-18,quantile,0.9,18
2026-04-18,41,0,wk inc flu hosp,2026-04-18,quantile,0.95,23
2026-04-18,41,0,wk inc flu hosp,2026-04-18,quantile,0.975,28
2026-04-18,41,0,wk inc flu hosp,2026-04-18,quantile,0.99,35
2026-04-18,41,1,wk inc flu hosp,2026-04-25,quantile,0.01,0
2026-04-18,41,1,wk inc flu hosp,2026-04-25,quantile,0.025,0
2026-04-18,41,1,wk inc flu hosp,2026-04-25,quantile,0.05,0
2026-04-18,41,1,wk inc flu hosp,2026-04-25,quantile,0.1,0
2026-04-18,41,1,wk inc flu hosp,2026-04-25,quantile,0.15,0
2026-04-18,41,1,wk inc flu hosp,2026-04-25,quantile,0.2,1
2026-04-18,41,1,wk inc flu hosp,2026-04-25,quantile,0.25,1
2026-04-18,41,1,wk inc flu hosp,2026-04-25,quantile,0.3,2
2026-04-18,41,1,wk inc flu hosp,2026-04-25,quantile,0.35,2
2026-04-18,41,1,wk inc flu hosp,2026-04-25,quantile,0.4,2
2026-04-18,41,1,wk inc flu hosp,2026-04-25,quantile,0.45,3
2026-04-18,41,1,wk inc flu hosp,2026-04-25,quantile,0.5,4
2026-04-18,41,1,wk inc flu hosp,2026-04-25,quantile,0.55,5
2026-04-18,41,1,wk inc flu hosp,2026-04-25,quantile,0.6,6
2026-04-18,41,1,wk inc flu hosp,2026-04-25,quantile,0.65,6
2026-04-18,41,1,wk inc flu hosp,2026-04-25,quantile,0.7,7
2026-04-18,41,1,wk inc flu hosp,2026-04-25,quantile,0.75,8
2026-04-18,41,1,wk inc flu hosp,2026-04-25,quantile,0.8,10
2026-04-18,41,1,wk inc flu hosp,2026-04-25,quantile,0.85,12
2026-04-18,41,1,wk inc flu hosp,2026-04-25,quantile,0.9,14
2026-04-18,41,1,wk inc flu hosp,2026-04-25,quantile,0.95,21
2026-04-18,41,1,wk inc flu hosp,2026-04-25,quantile,0.975,27
2026-04-18,41,1,wk inc flu hosp,2026-04-25,quantile,0.99,36
2026-04-18,41,2,wk inc flu hosp,2026-05-02,quantile,0.01,0
2026-04-18,41,2,wk inc flu hosp,2026-05-02,quantile,0.025,0
2026-04-18,41,2,wk inc flu hosp,2026-05-02,quantile,0.05,0
2026-04-18,41,2,wk inc flu hosp,2026-05-02,quantile,0.1,0
2026-04-18,41,2,wk inc flu hosp,2026-05-02,quantile,0.15,0
2026-04-18,41,2,wk inc flu hosp,2026-05-02,quantile,0.2,0
2026-04-18,41,2,wk inc flu hosp,2026-05-02,quantile,0.25,0
2026-04-18,41,2,wk inc flu hosp,2026-05-02,quantile,0.3,0
2026-04-18,41,2,wk inc flu hosp,2026-05-02,quantile,0.35,1
2026-04-18,41,2,wk inc flu hosp,2026-05-02,quantile,0.4,2
2026-04-18,41,2,wk inc flu hosp,2026-05-02,quantile,0.45,3
2026-04-18,41,2,wk inc flu hosp,2026-05-02,quantile,0.5,4
2026-04-18,41,2,wk inc flu hosp,2026-05-02,quantile,0.55,5
2026-04-18,41,2,wk inc flu hosp,2026-05-02,quantile,0.6,6
2026-04-18,41,2,wk inc flu hosp,2026-05-02,quantile,0.65,7
2026-04-18,41,2,wk inc flu hosp,2026-05-02,quantile,0.7,7
2026-04-18,41,2,wk inc flu hosp,2026-05-02,quantile,0.75,8
2026-04-18,41,2,wk inc flu hosp,2026-05-02,quantile,0.8,9
2026-04-18,41,2,wk inc flu hosp,2026-05-02,quantile,0.85,12
2026-04-18,41,2,wk inc flu hosp,2026-05-02,quantile,0.9,17
2026-04-18,41,2,wk inc flu hosp,2026-05-02,quantile,0.95,23
2026-04-18,41,2,wk inc flu hosp,2026-05-02,quantile,0.975,30
2026-04-18,41,2,wk inc flu hosp,2026-05-02,quantile,0.99,40
2026-04-18,41,3,wk inc flu hosp,2026-05-09,quantile,0.01,0
2026-04-18,41,3,wk inc flu hosp,2026-05-09,quantile,0.025,0
2026-04-18,41,3,wk inc flu hosp,2026-05-09,quantile,0.05,0
2026-04-18,41,3,wk inc flu hosp,2026-05-09,quantile,0.1,0
2026-04-18,41,3,wk inc flu hosp,2026-05-09,quantile,0.15,0
2026-04-18,41,3,wk inc flu hosp,2026-05-09,quantile,0.2,0
2026-04-18,41,3,wk inc flu hosp,2026-05-09,quantile,0.25,0
2026-04-18,41,3,wk inc flu hosp,2026-05-09,quantile,0.3,0
2026-04-18,41,3,wk inc flu hosp,2026-05-09,quantile,0.35,1
2026-04-18,41,3,wk inc flu hosp,2026-05-09,quantile,0.4,2
2026-04-18,41,3,wk inc flu hosp,2026-05-09,quantile,0.45,2
2026-04-18,41,3,wk inc flu hosp,2026-05-09,quantile,0.5,4
2026-04-18,41,3,wk inc flu hosp,2026-05-09,quantile,0.55,4
2026-04-18,41,3,wk inc flu hosp,2026-05-09,quantile,0.6,5
2026-04-18,41,3,wk inc flu hosp,2026-05-09,quantile,0.65,6
2026-04-18,41,3,wk inc flu hosp,2026-05-09,quantile,0.7,7
2026-04-18,41,3,wk inc flu hosp,2026-05-09,quantile,0.75,7
2026-04-18,41,3,wk inc flu hosp,2026-05-09,quantile,0.8,9
2026-04-18,41,3,wk inc flu hosp,2026-05-09,quantile,0.85,11
2026-04-18,41,3,wk inc flu hosp,2026-05-09,quantile,0.9,18
2026-04-18,41,3,wk inc flu hosp,2026-05-09,quantile,0.95,24
2026-04-18,41,3,wk inc flu hosp,2026-05-09,quantile,0.975,36
2026-04-18,41,3,wk inc flu hosp,2026-05-09,quantile,0.99,49
2026-04-18,42,0,wk inc flu hosp,2026-04-18,quantile,0.01,80
2026-04-18,42,0,wk inc flu hosp,2026-04-18,quantile,0.025,94
2026-04-18,42,0,wk inc flu hosp,2026-04-18,quantile,0.05,106
2026-04-18,42,0,wk inc flu hosp,2026-04-18,quantile,0.1,119
2026-04-18,42,0,wk inc flu hosp,2026-04-18,quantile,0.15,129
2026-04-18,42,0,wk inc flu hosp,2026-04-18,quantile,0.2,140
2026-04-18,42,0,wk inc flu hosp,2026-04-18,quantile,0.25,148
2026-04-18,42,0,wk inc flu hosp,2026-04-18,quantile,0.3,159
2026-04-18,42,0,wk inc flu hosp,2026-04-18,quantile,0.35,170
2026-04-18,42,0,wk inc flu hosp,2026-04-18,quantile,0.4,175
2026-04-18,42,0,wk inc flu hosp,2026-04-18,quantile,0.45,182
2026-04-18,42,0,wk inc flu hosp,2026-04-18,quantile,0.5,192
2026-04-18,42,0,wk inc flu hosp,2026-04-18,quantile,0.55,200
2026-04-18,42,0,wk inc flu hosp,2026-04-18,quantile,0.6,214
2026-04-18,42,0,wk inc flu hosp,2026-04-18,quantile,0.65,221
2026-04-18,42,0,wk inc flu hosp,2026-04-18,quantile,0.7,231
2026-04-18,42,0,wk inc flu hosp,2026-04-18,quantile,0.75,243
2026-04-18,42,0,wk inc flu hosp,2026-04-18,quantile,0.8,264
2026-04-18,42,0,wk inc flu hosp,2026-04-18,quantile,0.85,284
2026-04-18,42,0,wk inc flu hosp,2026-04-18,quantile,0.9,312
2026-04-18,42,0,wk inc flu hosp,2026-04-18,quantile,0.95,340
2026-04-18,42,0,wk inc flu hosp,2026-04-18,quantile,0.975,382
2026-04-18,42,0,wk inc flu hosp,2026-04-18,quantile,0.99,418
2026-04-18,42,1,wk inc flu hosp,2026-04-25,quantile,0.01,34
2026-04-18,42,1,wk inc flu hosp,2026-04-25,quantile,0.025,45
2026-04-18,42,1,wk inc flu hosp,2026-04-25,quantile,0.05,63
2026-04-18,42,1,wk inc flu hosp,2026-04-25,quantile,0.1,83
2026-04-18,42,1,wk inc flu hosp,2026-04-25,quantile,0.15,92
2026-04-18,42,1,wk inc flu hosp,2026-04-25,quantile,0.2,100
2026-04-18,42,1,wk inc flu hosp,2026-04-25,quantile,0.25,109
2026-04-18,42,1,wk inc flu hosp,2026-04-25,quantile,0.3,121
2026-04-18,42,1,wk inc flu hosp,2026-04-25,quantile,0.35,126
2026-04-18,42,1,wk inc flu hosp,2026-04-25,quantile,0.4,137
2026-04-18,42,1,wk inc flu hosp,2026-04-25,quantile,0.45,144
2026-04-18,42,1,wk inc flu hosp,2026-04-25,quantile,0.5,158
2026-04-18,42,1,wk inc flu hosp,2026-04-25,quantile,0.55,170
2026-04-18,42,1,wk inc flu hosp,2026-04-25,quantile,0.6,179
2026-04-18,42,1,wk inc flu hosp,2026-04-25,quantile,0.65,188
2026-04-18,42,1,wk inc flu hosp,2026-04-25,quantile,0.7,197
2026-04-18,42,1,wk inc flu hosp,2026-04-25,quantile,0.75,208
2026-04-18,42,1,wk inc flu hosp,2026-04-25,quantile,0.8,226
2026-04-18,42,1,wk inc flu hosp,2026-04-25,quantile,0.85,255
2026-04-18,42,1,wk inc flu hosp,2026-04-25,quantile,0.9,280
2026-04-18,42,1,wk inc flu hosp,2026-04-25,quantile,0.95,336
2026-04-18,42,1,wk inc flu hosp,2026-04-25,quantile,0.975,410
2026-04-18,42,1,wk inc flu hosp,2026-04-25,quantile,0.99,469
2026-04-18,42,2,wk inc flu hosp,2026-05-02,quantile,0.01,16
2026-04-18,42,2,wk inc flu hosp,2026-05-02,quantile,0.025,22
2026-04-18,42,2,wk inc flu hosp,2026-05-02,quantile,0.05,33
2026-04-18,42,2,wk inc flu hosp,2026-05-02,quantile,0.1,51
2026-04-18,42,2,wk inc flu hosp,2026-05-02,quantile,0.15,62
2026-04-18,42,2,wk inc flu hosp,2026-05-02,quantile,0.2,70
2026-04-18,42,2,wk inc flu hosp,2026-05-02,quantile,0.25,78
2026-04-18,42,2,wk inc flu hosp,2026-05-02,quantile,0.3,89
2026-04-18,42,2,wk inc flu hosp,2026-05-02,quantile,0.35,97
2026-04-18,42,2,wk inc flu hosp,2026-05-02,quantile,0.4,109
2026-04-18,42,2,wk inc flu hosp,2026-05-02,quantile,0.45,121
2026-04-18,42,2,wk inc flu hosp,2026-05-02,quantile,0.5,133
2026-04-18,42,2,wk inc flu hosp,2026-05-02,quantile,0.55,143
2026-04-18,42,2,wk inc flu hosp,2026-05-02,quantile,0.6,152
2026-04-18,42,2,wk inc flu hosp,2026-05-02,quantile,0.65,163
2026-04-18,42,2,wk inc flu hosp,2026-05-02,quantile,0.7,172
2026-04-18,42,2,wk inc flu hosp,2026-05-02,quantile,0.75,188
2026-04-18,42,2,wk inc flu hosp,2026-05-02,quantile,0.8,204
2026-04-18,42,2,wk inc flu hosp,2026-05-02,quantile,0.85,223
2026-04-18,42,2,wk inc flu hosp,2026-05-02,quantile,0.9,257
2026-04-18,42,2,wk inc flu hosp,2026-05-02,quantile,0.95,323
2026-04-18,42,2,wk inc flu hosp,2026-05-02,quantile,0.975,368
2026-04-18,42,2,wk inc flu hosp,2026-05-02,quantile,0.99,442
2026-04-18,42,3,wk inc flu hosp,2026-05-09,quantile,0.01,12
2026-04-18,42,3,wk inc flu hosp,2026-05-09,quantile,0.025,18
2026-04-18,42,3,wk inc flu hosp,2026-05-09,quantile,0.05,22
2026-04-18,42,3,wk inc flu hosp,2026-05-09,quantile,0.1,35
2026-04-18,42,3,wk inc flu hosp,2026-05-09,quantile,0.15,47
2026-04-18,42,3,wk inc flu hosp,2026-05-09,quantile,0.2,52
2026-04-18,42,3,wk inc flu hosp,2026-05-09,quantile,0.25,61
2026-04-18,42,3,wk inc flu hosp,2026-05-09,quantile,0.3,69
2026-04-18,42,3,wk inc flu hosp,2026-05-09,quantile,0.35,79
2026-04-18,42,3,wk inc flu hosp,2026-05-09,quantile,0.4,94
2026-04-18,42,3,wk inc flu hosp,2026-05-09,quantile,0.45,104
2026-04-18,42,3,wk inc flu hosp,2026-05-09,quantile,0.5,114
2026-04-18,42,3,wk inc flu hosp,2026-05-09,quantile,0.55,124
2026-04-18,42,3,wk inc flu hosp,2026-05-09,quantile,0.6,135
2026-04-18,42,3,wk inc flu hosp,2026-05-09,quantile,0.65,149
2026-04-18,42,3,wk inc flu hosp,2026-05-09,quantile,0.7,161
2026-04-18,42,3,wk inc flu hosp,2026-05-09,quantile,0.75,179
2026-04-18,42,3,wk inc flu hosp,2026-05-09,quantile,0.8,202
2026-04-18,42,3,wk inc flu hosp,2026-05-09,quantile,0.85,230
2026-04-18,42,3,wk inc flu hosp,2026-05-09,quantile,0.9,259
2026-04-18,42,3,wk inc flu hosp,2026-05-09,quantile,0.95,313
2026-04-18,42,3,wk inc flu hosp,2026-05-09,quantile,0.975,365
2026-04-18,42,3,wk inc flu hosp,2026-05-09,quantile,0.99,430
2026-04-18,44,0,wk inc flu hosp,2026-04-18,quantile,0.01,1
2026-04-18,44,0,wk inc flu hosp,2026-04-18,quantile,0.025,2
2026-04-18,44,0,wk inc flu hosp,2026-04-18,quantile,0.05,3
2026-04-18,44,0,wk inc flu hosp,2026-04-18,quantile,0.1,5
2026-04-18,44,0,wk inc flu hosp,2026-04-18,quantile,0.15,6
2026-04-18,44,0,wk inc flu hosp,2026-04-18,quantile,0.2,7
2026-04-18,44,0,wk inc flu hosp,2026-04-18,quantile,0.25,8
2026-04-18,44,0,wk inc flu hosp,2026-04-18,quantile,0.3,9
2026-04-18,44,0,wk inc flu hosp,2026-04-18,quantile,0.35,10
2026-04-18,44,0,wk inc flu hosp,2026-04-18,quantile,0.4,10
2026-04-18,44,0,wk inc flu hosp,2026-04-18,quantile,0.45,12
2026-04-18,44,0,wk inc flu hosp,2026-04-18,quantile,0.5,14
2026-04-18,44,0,wk inc flu hosp,2026-04-18,quantile,0.55,15
2026-04-18,44,0,wk inc flu hosp,2026-04-18,quantile,0.6,16
2026-04-18,44,0,wk inc flu hosp,2026-04-18,quantile,0.65,16
2026-04-18,44,0,wk inc flu hosp,2026-04-18,quantile,0.7,17
2026-04-18,44,0,wk inc flu hosp,2026-04-18,quantile,0.75,19
2026-04-18,44,0,wk inc flu hosp,2026-04-18,quantile,0.8,20
2026-04-18,44,0,wk inc flu hosp,2026-04-18,quantile,0.85,22
2026-04-18,44,0,wk inc flu hosp,2026-04-18,quantile,0.9,24
2026-04-18,44,0,wk inc flu hosp,2026-04-18,quantile,0.95,29
2026-04-18,44,0,wk inc flu hosp,2026-04-18,quantile,0.975,33
2026-04-18,44,0,wk inc flu hosp,2026-04-18,quantile,0.99,40
2026-04-18,44,1,wk inc flu hosp,2026-04-25,quantile,0.01,0
2026-04-18,44,1,wk inc flu hosp,2026-04-25,quantile,0.025,1
2026-04-18,44,1,wk inc flu hosp,2026-04-25,quantile,0.05,2
2026-04-18,44,1,wk inc flu hosp,2026-04-25,quantile,0.1,3
2026-04-18,44,1,wk inc flu hosp,2026-04-25,quantile,0.15,4
2026-04-18,44,1,wk inc flu hosp,2026-04-25,quantile,0.2,5
2026-04-18,44,1,wk inc flu hosp,2026-04-25,quantile,0.25,6
2026-04-18,44,1,wk inc flu hosp,2026-04-25,quantile,0.3,6
2026-04-18,44,1,wk inc flu hosp,2026-04-25,quantile,0.35,7
2026-04-18,44,1,wk inc flu hosp,2026-04-25,quantile,0.4,8
2026-04-18,44,1,wk inc flu hosp,2026-04-25,quantile,0.45,10
2026-04-18,44,1,wk inc flu hosp,2026-04-25,quantile,0.5,12
2026-04-18,44,1,wk inc flu hosp,2026-04-25,quantile,0.55,13
2026-04-18,44,1,wk inc flu hosp,2026-04-25,quantile,0.6,14
2026-04-18,44,1,wk inc flu hosp,2026-04-25,quantile,0.65,14
2026-04-18,44,1,wk inc flu hosp,2026-04-25,quantile,0.7,16
2026-04-18,44,1,wk inc flu hosp,2026-04-25,quantile,0.75,17
2026-04-18,44,1,wk inc flu hosp,2026-04-25,quantile,0.8,18
2026-04-18,44,1,wk inc flu hosp,2026-04-25,quantile,0.85,20
2026-04-18,44,1,wk inc flu hosp,2026-04-25,quantile,0.9,23
2026-04-18,44,1,wk inc flu hosp,2026-04-25,quantile,0.95,29
2026-04-18,44,1,wk inc flu hosp,2026-04-25,quantile,0.975,34
2026-04-18,44,1,wk inc flu hosp,2026-04-25,quantile,0.99,38
2026-04-18,44,2,wk inc flu hosp,2026-05-02,quantile,0.01,0
2026-04-18,44,2,wk inc flu hosp,2026-05-02,quantile,0.025,0
2026-04-18,44,2,wk inc flu hosp,2026-05-02,quantile,0.05,0
2026-04-18,44,2,wk inc flu hosp,2026-05-02,quantile,0.1,1
2026-04-18,44,2,wk inc flu hosp,2026-05-02,quantile,0.15,2
2026-04-18,44,2,wk inc flu hosp,2026-05-02,quantile,0.2,2
2026-04-18,44,2,wk inc flu hosp,2026-05-02,quantile,0.25,3
2026-04-18,44,2,wk inc flu hosp,2026-05-02,quantile,0.3,4
2026-04-18,44,2,wk inc flu hosp,2026-05-02,quantile,0.35,5
2026-04-18,44,2,wk inc flu hosp,2026-05-02,quantile,0.4,6
2026-04-18,44,2,wk inc flu hosp,2026-05-02,quantile,0.45,8
2026-04-18,44,2,wk inc flu hosp,2026-05-02,quantile,0.5,9
2026-04-18,44,2,wk inc flu hosp,2026-05-02,quantile,0.55,11
2026-04-18,44,2,wk inc flu hosp,2026-05-02,quantile,0.6,12
2026-04-18,44,2,wk inc flu hosp,2026-05-02,quantile,0.65,14
2026-04-18,44,2,wk inc flu hosp,2026-05-02,quantile,0.7,15
2026-04-18,44,2,wk inc flu hosp,2026-05-02,quantile,0.75,16
2026-04-18,44,2,wk inc flu hosp,2026-05-02,quantile,0.8,18
2026-04-18,44,2,wk inc flu hosp,2026-05-02,quantile,0.85,21
2026-04-18,44,2,wk inc flu hosp,2026-05-02,quantile,0.9,24
2026-04-18,44,2,wk inc flu hosp,2026-05-02,quantile,0.95,30
2026-04-18,44,2,wk inc flu hosp,2026-05-02,quantile,0.975,37
2026-04-18,44,2,wk inc flu hosp,2026-05-02,quantile,0.99,47
2026-04-18,44,3,wk inc flu hosp,2026-05-09,quantile,0.01,0
2026-04-18,44,3,wk inc flu hosp,2026-05-09,quantile,0.025,0
2026-04-18,44,3,wk inc flu hosp,2026-05-09,quantile,0.05,0
2026-04-18,44,3,wk inc flu hosp,2026-05-09,quantile,0.1,0
2026-04-18,44,3,wk inc flu hosp,2026-05-09,quantile,0.15,1
2026-04-18,44,3,wk inc flu hosp,2026-05-09,quantile,0.2,2
2026-04-18,44,3,wk inc flu hosp,2026-05-09,quantile,0.25,3
2026-04-18,44,3,wk inc flu hosp,2026-05-09,quantile,0.3,3
2026-04-18,44,3,wk inc flu hosp,2026-05-09,quantile,0.35,4
2026-04-18,44,3,wk inc flu hosp,2026-05-09,quantile,0.4,5
2026-04-18,44,3,wk inc flu hosp,2026-05-09,quantile,0.45,6
2026-04-18,44,3,wk inc flu hosp,2026-05-09,quantile,0.5,7
2026-04-18,44,3,wk inc flu hosp,2026-05-09,quantile,0.55,9
2026-04-18,44,3,wk inc flu hosp,2026-05-09,quantile,0.6,10
2026-04-18,44,3,wk inc flu hosp,2026-05-09,quantile,0.65,12
2026-04-18,44,3,wk inc flu hosp,2026-05-09,quantile,0.7,13
2026-04-18,44,3,wk inc flu hosp,2026-05-09,quantile,0.75,15
2026-04-18,44,3,wk inc flu hosp,2026-05-09,quantile,0.8,17
2026-04-18,44,3,wk inc flu hosp,2026-05-09,quantile,0.85,19
2026-04-18,44,3,wk inc flu hosp,2026-05-09,quantile,0.9,23
2026-04-18,44,3,wk inc flu hosp,2026-05-09,quantile,0.95,30
2026-04-18,44,3,wk inc flu hosp,2026-05-09,quantile,0.975,36
2026-04-18,44,3,wk inc flu hosp,2026-05-09,quantile,0.99,43
2026-04-18,45,0,wk inc flu hosp,2026-04-18,quantile,0.01,0
2026-04-18,45,0,wk inc flu hosp,2026-04-18,quantile,0.025,0
2026-04-18,45,0,wk inc flu hosp,2026-04-18,quantile,0.05,1
2026-04-18,45,0,wk inc flu hosp,2026-04-18,quantile,0.1,2
2026-04-18,45,0,wk inc flu hosp,2026-04-18,quantile,0.15,3
2026-04-18,45,0,wk inc flu hosp,2026-04-18,quantile,0.2,5
2026-04-18,45,0,wk inc flu hosp,2026-04-18,quantile,0.25,5
2026-04-18,45,0,wk inc flu hosp,2026-04-18,quantile,0.3,6
2026-04-18,45,0,wk inc flu hosp,2026-04-18,quantile,0.35,7
2026-04-18,45,0,wk inc flu hosp,2026-04-18,quantile,0.4,8
2026-04-18,45,0,wk inc flu hosp,2026-04-18,quantile,0.45,9
2026-04-18,45,0,wk inc flu hosp,2026-04-18,quantile,0.5,10
2026-04-18,45,0,wk inc flu hosp,2026-04-18,quantile,0.55,11
2026-04-18,45,0,wk inc flu hosp,2026-04-18,quantile,0.6,12
2026-04-18,45,0,wk inc flu hosp,2026-04-18,quantile,0.65,13
2026-04-18,45,0,wk inc flu hosp,2026-04-18,quantile,0.7,14
2026-04-18,45,0,wk inc flu hosp,2026-04-18,quantile,0.75,15
2026-04-18,45,0,wk inc flu hosp,2026-04-18,quantile,0.8,17
2026-04-18,45,0,wk inc flu hosp,2026-04-18,quantile,0.85,20
2026-04-18,45,0,wk inc flu hosp,2026-04-18,quantile,0.9,25
2026-04-18,45,0,wk inc flu hosp,2026-04-18,quantile,0.95,32
2026-04-18,45,0,wk inc flu hosp,2026-04-18,quantile,0.975,39
2026-04-18,45,0,wk inc flu hosp,2026-04-18,quantile,0.99,47
2026-04-18,45,1,wk inc flu hosp,2026-04-25,quantile,0.01,0
2026-04-18,45,1,wk inc flu hosp,2026-04-25,quantile,0.025,0
2026-04-18,45,1,wk inc flu hosp,2026-04-25,quantile,0.05,0
2026-04-18,45,1,wk inc flu hosp,2026-04-25,quantile,0.1,0
2026-04-18,45,1,wk inc flu hosp,2026-04-25,quantile,0.15,1
2026-04-18,45,1,wk inc flu hosp,2026-04-25,quantile,0.2,3
2026-04-18,45,1,wk inc flu hosp,2026-04-25,quantile,0.25,4
2026-04-18,45,1,wk inc flu hosp,2026-04-25,quantile,0.3,5
2026-04-18,45,1,wk inc flu hosp,2026-04-25,quantile,0.35,5
2026-04-18,45,1,wk inc flu hosp,2026-04-25,quantile,0.4,6
2026-04-18,45,1,wk inc flu hosp,2026-04-25,quantile,0.45,8
2026-04-18,45,1,wk inc flu hosp,2026-04-25,quantile,0.5,9
2026-04-18,45,1,wk inc flu hosp,2026-04-25,quantile,0.55,10
2026-04-18,45,1,wk inc flu hosp,2026-04-25,quantile,0.6,12
2026-04-18,45,1,wk inc flu hosp,2026-04-25,quantile,0.65,13
2026-04-18,45,1,wk inc flu hosp,2026-04-25,quantile,0.7,15
2026-04-18,45,1,wk inc flu hosp,2026-04-25,quantile,0.75,17
2026-04-18,45,1,wk inc flu hosp,2026-04-25,quantile,0.8,20
2026-04-18,45,1,wk inc flu hosp,2026-04-25,quantile,0.85,23
2026-04-18,45,1,wk inc flu hosp,2026-04-25,quantile,0.9,29
2026-04-18,45,1,wk inc flu hosp,2026-04-25,quantile,0.95,37
2026-04-18,45,1,wk inc flu hosp,2026-04-25,quantile,0.975,41
2026-04-18,45,1,wk inc flu hosp,2026-04-25,quantile,0.99,50
2026-04-18,45,2,wk inc flu hosp,2026-05-02,quantile,0.01,0
2026-04-18,45,2,wk inc flu hosp,2026-05-02,quantile,0.025,0
2026-04-18,45,2,wk inc flu hosp,2026-05-02,quantile,0.05,0
2026-04-18,45,2,wk inc flu hosp,2026-05-02,quantile,0.1,1
2026-04-18,45,2,wk inc flu hosp,2026-05-02,quantile,0.15,1
2026-04-18,45,2,wk inc flu hosp,2026-05-02,quantile,0.2,2
2026-04-18,45,2,wk inc flu hosp,2026-05-02,quantile,0.25,3
2026-04-18,45,2,wk inc flu hosp,2026-05-02,quantile,0.3,4
2026-04-18,45,2,wk inc flu hosp,2026-05-02,quantile,0.35,4
2026-04-18,45,2,wk inc flu hosp,2026-05-02,quantile,0.4,5
2026-04-18,45,2,wk inc flu hosp,2026-05-02,quantile,0.45,6
2026-04-18,45,2,wk inc flu hosp,2026-05-02,quantile,0.5,8
2026-04-18,45,2,wk inc flu hosp,2026-05-02,quantile,0.55,9
2026-04-18,45,2,wk inc flu hosp,2026-05-02,quantile,0.6,11
2026-04-18,45,2,wk inc flu hosp,2026-05-02,quantile,0.65,12
2026-04-18,45,2,wk inc flu hosp,2026-05-02,quantile,0.7,13
2026-04-18,45,2,wk inc flu hosp,2026-05-02,quantile,0.75,15
2026-04-18,45,2,wk inc flu hosp,2026-05-02,quantile,0.8,17
2026-04-18,45,2,wk inc flu hosp,2026-05-02,quantile,0.85,23
2026-04-18,45,2,wk inc flu hosp,2026-05-02,quantile,0.9,27
2026-04-18,45,2,wk inc flu hosp,2026-05-02,quantile,0.95,35
2026-04-18,45,2,wk inc flu hosp,2026-05-02,quantile,0.975,40
2026-04-18,45,2,wk inc flu hosp,2026-05-02,quantile,0.99,48
2026-04-18,45,3,wk inc flu hosp,2026-05-09,quantile,0.01,0
2026-04-18,45,3,wk inc flu hosp,2026-05-09,quantile,0.025,0
2026-04-18,45,3,wk inc flu hosp,2026-05-09,quantile,0.05,0
2026-04-18,45,3,wk inc flu hosp,2026-05-09,quantile,0.1,0
2026-04-18,45,3,wk inc flu hosp,2026-05-09,quantile,0.15,0
2026-04-18,45,3,wk inc flu hosp,2026-05-09,quantile,0.2,1
2026-04-18,45,3,wk inc flu hosp,2026-05-09,quantile,0.25,2
2026-04-18,45,3,wk inc flu hosp,2026-05-09,quantile,0.3,3
2026-04-18,45,3,wk inc flu hosp,2026-05-09,quantile,0.35,4
2026-04-18,45,3,wk inc flu hosp,2026-05-09,quantile,0.4,5
2026-04-18,45,3,wk inc flu hosp,2026-05-09,quantile,0.45,6
2026-04-18,45,3,wk inc flu hosp,2026-05-09,quantile,0.5,7
2026-04-18,45,3,wk inc flu hosp,2026-05-09,quantile,0.55,9
2026-04-18,45,3,wk inc flu hosp,2026-05-09,quantile,0.6,10
2026-04-18,45,3,wk inc flu hosp,2026-05-09,quantile,0.65,11
2026-04-18,45,3,wk inc flu hosp,2026-05-09,quantile,0.7,12
2026-04-18,45,3,wk inc flu hosp,2026-05-09,quantile,0.75,13
2026-04-18,45,3,wk inc flu hosp,2026-05-09,quantile,0.8,17
2026-04-18,45,3,wk inc flu hosp,2026-05-09,quantile,0.85,21
2026-04-18,45,3,wk inc flu hosp,2026-05-09,quantile,0.9,25
2026-04-18,45,3,wk inc flu hosp,2026-05-09,quantile,0.95,33
2026-04-18,45,3,wk inc flu hosp,2026-05-09,quantile,0.975,42
2026-04-18,45,3,wk inc flu hosp,2026-05-09,quantile,0.99,57
2026-04-18,46,0,wk inc flu hosp,2026-04-18,quantile,0.01,1
2026-04-18,46,0,wk inc flu hosp,2026-04-18,quantile,0.025,1
2026-04-18,46,0,wk inc flu hosp,2026-04-18,quantile,0.05,2
2026-04-18,46,0,wk inc flu hosp,2026-04-18,quantile,0.1,3
2026-04-18,46,0,wk inc flu hosp,2026-04-18,quantile,0.15,3
2026-04-18,46,0,wk inc flu hosp,2026-04-18,quantile,0.2,4
2026-04-18,46,0,wk inc flu hosp,2026-04-18,quantile,0.25,4
2026-04-18,46,0,wk inc flu hosp,2026-04-18,quantile,0.3,5
2026-04-18,46,0,wk inc flu hosp,2026-04-18,quantile,0.35,5
2026-04-18,46,0,wk inc flu hosp,2026-04-18,quantile,0.4,6
2026-04-18,46,0,wk inc flu hosp,2026-04-18,quantile,0.45,6
2026-04-18,46,0,wk inc flu hosp,2026-04-18,quantile,0.5,7
2026-04-18,46,0,wk inc flu hosp,2026-04-18,quantile,0.55,8
2026-04-18,46,0,wk inc flu hosp,2026-04-18,quantile,0.6,8
2026-04-18,46,0,wk inc flu hosp,2026-04-18,quantile,0.65,9
2026-04-18,46,0,wk inc flu hosp,2026-04-18,quantile,0.7,10
2026-04-18,46,0,wk inc flu hosp,2026-04-18,quantile,0.75,11
2026-04-18,46,0,wk inc flu hosp,2026-04-18,quantile,0.8,12
2026-04-18,46,0,wk inc flu hosp,2026-04-18,quantile,0.85,13
2026-04-18,46,0,wk inc flu hosp,2026-04-18,quantile,0.9,15
2026-04-18,46,0,wk inc flu hosp,2026-04-18,quantile,0.95,17
2026-04-18,46,0,wk inc flu hosp,2026-04-18,quantile,0.975,20
2026-04-18,46,0,wk inc flu hosp,2026-04-18,quantile,0.99,24
2026-04-18,46,1,wk inc flu hosp,2026-04-25,quantile,0.01,0
2026-04-18,46,1,wk inc flu hosp,2026-04-25,quantile,0.025,0
2026-04-18,46,1,wk inc flu hosp,2026-04-25,quantile,0.05,1
2026-04-18,46,1,wk inc flu hosp,2026-04-25,quantile,0.1,1
2026-04-18,46,1,wk inc flu hosp,2026-04-25,quantile,0.15,2
2026-04-18,46,1,wk inc flu hosp,2026-04-25,quantile,0.2,2
2026-04-18,46,1,wk inc flu hosp,2026-04-25,quantile,0.25,3
2026-04-18,46,1,wk inc flu hosp,2026-04-25,quantile,0.3,3
2026-04-18,46,1,wk inc flu hosp,2026-04-25,quantile,0.35,4
2026-04-18,46,1,wk inc flu hosp,2026-04-25,quantile,0.4,5
2026-04-18,46,1,wk inc flu hosp,2026-04-25,quantile,0.45,5
2026-04-18,46,1,wk inc flu hosp,2026-04-25,quantile,0.5,6
2026-04-18,46,1,wk inc flu hosp,2026-04-25,quantile,0.55,7
2026-04-18,46,1,wk inc flu hosp,2026-04-25,quantile,0.6,8
2026-04-18,46,1,wk inc flu hosp,2026-04-25,quantile,0.65,8
2026-04-18,46,1,wk inc flu hosp,2026-04-25,quantile,0.7,9
2026-04-18,46,1,wk inc flu hosp,2026-04-25,quantile,0.75,10
2026-04-18,46,1,wk inc flu hosp,2026-04-25,quantile,0.8,11
2026-04-18,46,1,wk inc flu hosp,2026-04-25,quantile,0.85,13
2026-04-18,46,1,wk inc flu hosp,2026-04-25,quantile,0.9,14
2026-04-18,46,1,wk inc flu hosp,2026-04-25,quantile,0.95,16
2026-04-18,46,1,wk inc flu hosp,2026-04-25,quantile,0.975,20
2026-04-18,46,1,wk inc flu hosp,2026-04-25,quantile,0.99,25
2026-04-18,46,2,wk inc flu hosp,2026-05-02,quantile,0.01,0
2026-04-18,46,2,wk inc flu hosp,2026-05-02,quantile,0.025,0
2026-04-18,46,2,wk inc flu hosp,2026-05-02,quantile,0.05,0
2026-04-18,46,2,wk inc flu hosp,2026-05-02,quantile,0.1,0
2026-04-18,46,2,wk inc flu hosp,2026-05-02,quantile,0.15,1
2026-04-18,46,2,wk inc flu hosp,2026-05-02,quantile,0.2,1
2026-04-18,46,2,wk inc flu hosp,2026-05-02,quantile,0.25,2
2026-04-18,46,2,wk inc flu hosp,2026-05-02,quantile,0.3,2
2026-04-18,46,2,wk inc flu hosp,2026-05-02,quantile,0.35,3
2026-04-18,46,2,wk inc flu hosp,2026-05-02,quantile,0.4,3
2026-04-18,46,2,wk inc flu hosp,2026-05-02,quantile,0.45,4
2026-04-18,46,2,wk inc flu hosp,2026-05-02,quantile,0.5,5
2026-04-18,46,2,wk inc flu hosp,2026-05-02,quantile,0.55,6
2026-04-18,46,2,wk inc flu hosp,2026-05-02,quantile,0.6,7
2026-04-18,46,2,wk inc flu hosp,2026-05-02,quantile,0.65,8
2026-04-18,46,2,wk inc flu hosp,2026-05-02,quantile,0.7,9
2026-04-18,46,2,wk inc flu hosp,2026-05-02,quantile,0.75,10
2026-04-18,46,2,wk inc flu hosp,2026-05-02,quantile,0.8,11
2026-04-18,46,2,wk inc flu hosp,2026-05-02,quantile,0.85,12
2026-04-18,46,2,wk inc flu hosp,2026-05-02,quantile,0.9,15
2026-04-18,46,2,wk inc flu hosp,2026-05-02,quantile,0.95,18
2026-04-18,46,2,wk inc flu hosp,2026-05-02,quantile,0.975,22
2026-04-18,46,2,wk inc flu hosp,2026-05-02,quantile,0.99,29
2026-04-18,46,3,wk inc flu hosp,2026-05-09,quantile,0.01,0
2026-04-18,46,3,wk inc flu hosp,2026-05-09,quantile,0.025,0
2026-04-18,46,3,wk inc flu hosp,2026-05-09,quantile,0.05,0
2026-04-18,46,3,wk inc flu hosp,2026-05-09,quantile,0.1,0
2026-04-18,46,3,wk inc flu hosp,2026-05-09,quantile,0.15,1
2026-04-18,46,3,wk inc flu hosp,2026-05-09,quantile,0.2,1
2026-04-18,46,3,wk inc flu hosp,2026-05-09,quantile,0.25,1
2026-04-18,46,3,wk inc flu hosp,2026-05-09,quantile,0.3,2
2026-04-18,46,3,wk inc flu hosp,2026-05-09,quantile,0.35,2
2026-04-18,46,3,wk inc flu hosp,2026-05-09,quantile,0.4,2
2026-04-18,46,3,wk inc flu hosp,2026-05-09,quantile,0.45,3
2026-04-18,46,3,wk inc flu hosp,2026-05-09,quantile,0.5,4
2026-04-18,46,3,wk inc flu hosp,2026-05-09,quantile,0.55,5
2026-04-18,46,3,wk inc flu hosp,2026-05-09,quantile,0.6,5
2026-04-18,46,3,wk inc flu hosp,2026-05-09,quantile,0.65,7
2026-04-18,46,3,wk inc flu hosp,2026-05-09,quantile,0.7,7
2026-04-18,46,3,wk inc flu hosp,2026-05-09,quantile,0.75,8
2026-04-18,46,3,wk inc flu hosp,2026-05-09,quantile,0.8,10
2026-04-18,46,3,wk inc flu hosp,2026-05-09,quantile,0.85,10
2026-04-18,46,3,wk inc flu hosp,2026-05-09,quantile,0.9,13
2026-04-18,46,3,wk inc flu hosp,2026-05-09,quantile,0.95,17
2026-04-18,46,3,wk inc flu hosp,2026-05-09,quantile,0.975,22
2026-04-18,46,3,wk inc flu hosp,2026-05-09,quantile,0.99,30
2026-04-18,47,0,wk inc flu hosp,2026-04-18,quantile,0.01,11
2026-04-18,47,0,wk inc flu hosp,2026-04-18,quantile,0.025,14
2026-04-18,47,0,wk inc flu hosp,2026-04-18,quantile,0.05,17
2026-04-18,47,0,wk inc flu hosp,2026-04-18,quantile,0.1,21
2026-04-18,47,0,wk inc flu hosp,2026-04-18,quantile,0.15,25
2026-04-18,47,0,wk inc flu hosp,2026-04-18,quantile,0.2,28
2026-04-18,47,0,wk inc flu hosp,2026-04-18,quantile,0.25,30
2026-04-18,47,0,wk inc flu hosp,2026-04-18,quantile,0.3,33
2026-04-18,47,0,wk inc flu hosp,2026-04-18,quantile,0.35,35
2026-04-18,47,0,wk inc flu hosp,2026-04-18,quantile,0.4,36
2026-04-18,47,0,wk inc flu hosp,2026-04-18,quantile,0.45,39
2026-04-18,47,0,wk inc flu hosp,2026-04-18,quantile,0.5,42
2026-04-18,47,0,wk inc flu hosp,2026-04-18,quantile,0.55,45
2026-04-18,47,0,wk inc flu hosp,2026-04-18,quantile,0.6,49
2026-04-18,47,0,wk inc flu hosp,2026-04-18,quantile,0.65,50
2026-04-18,47,0,wk inc flu hosp,2026-04-18,quantile,0.7,54
2026-04-18,47,0,wk inc flu hosp,2026-04-18,quantile,0.75,57
2026-04-18,47,0,wk inc flu hosp,2026-04-18,quantile,0.8,61
2026-04-18,47,0,wk inc flu hosp,2026-04-18,quantile,0.85,65
2026-04-18,47,0,wk inc flu hosp,2026-04-18,quantile,0.9,70
2026-04-18,47,0,wk inc flu hosp,2026-04-18,quantile,0.95,82
2026-04-18,47,0,wk inc flu hosp,2026-04-18,quantile,0.975,89
2026-04-18,47,0,wk inc flu hosp,2026-04-18,quantile,0.99,101
2026-04-18,47,1,wk inc flu hosp,2026-04-25,quantile,0.01,3
2026-04-18,47,1,wk inc flu hosp,2026-04-25,quantile,0.025,5
2026-04-18,47,1,wk inc flu hosp,2026-04-25,quantile,0.05,7
2026-04-18,47,1,wk inc flu hosp,2026-04-25,quantile,0.1,13
2026-04-18,47,1,wk inc flu hosp,2026-04-25,quantile,0.15,15
2026-04-18,47,1,wk inc flu hosp,2026-04-25,quantile,0.2,20
2026-04-18,47,1,wk inc flu hosp,2026-04-25,quantile,0.25,22
2026-04-18,47,1,wk inc flu hosp,2026-04-25,quantile,0.3,25
2026-04-18,47,1,wk inc flu hosp,2026-04-25,quantile,0.35,28
2026-04-18,47,1,wk inc flu hosp,2026-04-25,quantile,0.4,29
2026-04-18,47,1,wk inc flu hosp,2026-04-25,quantile,0.45,31
2026-04-18,47,1,wk inc flu hosp,2026-04-25,quantile,0.5,33
2026-04-18,47,1,wk inc flu hosp,2026-04-25,quantile,0.55,38
2026-04-18,47,1,wk inc flu hosp,2026-04-25,quantile,0.6,41
2026-04-18,47,1,wk inc flu hosp,2026-04-25,quantile,0.65,42
2026-04-18,47,1,wk inc flu hosp,2026-04-25,quantile,0.7,45
2026-04-18,47,1,wk inc flu hosp,2026-04-25,quantile,0.75,50
2026-04-18,47,1,wk inc flu hosp,2026-04-25,quantile,0.8,54
2026-04-18,47,1,wk inc flu hosp,2026-04-25,quantile,0.85,58
2026-04-18,47,1,wk inc flu hosp,2026-04-25,quantile,0.9,63
2026-04-18,47,1,wk inc flu hosp,2026-04-25,quantile,0.95,74
2026-04-18,47,1,wk inc flu hosp,2026-04-25,quantile,0.975,86
2026-04-18,47,1,wk inc flu hosp,2026-04-25,quantile,0.99,104
2026-04-18,47,2,wk inc flu hosp,2026-05-02,quantile,0.01,1
2026-04-18,47,2,wk inc flu hosp,2026-05-02,quantile,0.025,2
2026-04-18,47,2,wk inc flu hosp,2026-05-02,quantile,0.05,4
2026-04-18,47,2,wk inc flu hosp,2026-05-02,quantile,0.1,7
2026-04-18,47,2,wk inc flu hosp,2026-05-02,quantile,0.15,10
2026-04-18,47,2,wk inc flu hosp,2026-05-02,quantile,0.2,12
2026-04-18,47,2,wk inc flu hosp,2026-05-02,quantile,0.25,14
2026-04-18,47,2,wk inc flu hosp,2026-05-02,quantile,0.3,20
2026-04-18,47,2,wk inc flu hosp,2026-05-02,quantile,0.35,21
2026-04-18,47,2,wk inc flu hosp,2026-05-02,quantile,0.4,24
2026-04-18,47,2,wk inc flu hosp,2026-05-02,quantile,0.45,26
2026-04-18,47,2,wk inc flu hosp,2026-05-02,quantile,0.5,29
2026-04-18,47,2,wk inc flu hosp,2026-05-02,quantile,0.55,32
2026-04-18,47,2,wk inc flu hosp,2026-05-02,quantile,0.6,34
2026-04-18,47,2,wk inc flu hosp,2026-05-02,quantile,0.65,36
2026-04-18,47,2,wk inc flu hosp,2026-05-02,quantile,0.7,43
2026-04-18,47,2,wk inc flu hosp,2026-05-02,quantile,0.75,47
2026-04-18,47,2,wk inc flu hosp,2026-05-02,quantile,0.8,49
2026-04-18,47,2,wk inc flu hosp,2026-05-02,quantile,0.85,52
2026-04-18,47,2,wk inc flu hosp,2026-05-02,quantile,0.9,58
2026-04-18,47,2,wk inc flu hosp,2026-05-02,quantile,0.95,67
2026-04-18,47,2,wk inc flu hosp,2026-05-02,quantile,0.975,80
2026-04-18,47,2,wk inc flu hosp,2026-05-02,quantile,0.99,107
2026-04-18,47,3,wk inc flu hosp,2026-05-09,quantile,0.01,0
2026-04-18,47,3,wk inc flu hosp,2026-05-09,quantile,0.025,1
2026-04-18,47,3,wk inc flu hosp,2026-05-09,quantile,0.05,2
2026-04-18,47,3,wk inc flu hosp,2026-05-09,quantile,0.1,6
2026-04-18,47,3,wk inc flu hosp,2026-05-09,quantile,0.15,7
2026-04-18,47,3,wk inc flu hosp,2026-05-09,quantile,0.2,9
2026-04-18,47,3,wk inc flu hosp,2026-05-09,quantile,0.25,13
2026-04-18,47,3,wk inc flu hosp,2026-05-09,quantile,0.3,15
2026-04-18,47,3,wk inc flu hosp,2026-05-09,quantile,0.35,18
2026-04-18,47,3,wk inc flu hosp,2026-05-09,quantile,0.4,20
2026-04-18,47,3,wk inc flu hosp,2026-05-09,quantile,0.45,22
2026-04-18,47,3,wk inc flu hosp,2026-05-09,quantile,0.5,26
2026-04-18,47,3,wk inc flu hosp,2026-05-09,quantile,0.55,29
2026-04-18,47,3,wk inc flu hosp,2026-05-09,quantile,0.6,34
2026-04-18,47,3,wk inc flu hosp,2026-05-09,quantile,0.65,37
2026-04-18,47,3,wk inc flu hosp,2026-05-09,quantile,0.7,40
2026-04-18,47,3,wk inc flu hosp,2026-05-09,quantile,0.75,45
2026-04-18,47,3,wk inc flu hosp,2026-05-09,quantile,0.8,47
2026-04-18,47,3,wk inc flu hosp,2026-05-09,quantile,0.85,52
2026-04-18,47,3,wk inc flu hosp,2026-05-09,quantile,0.9,57
2026-04-18,47,3,wk inc flu hosp,2026-05-09,quantile,0.95,71
2026-04-18,47,3,wk inc flu hosp,2026-05-09,quantile,0.975,88
2026-04-18,47,3,wk inc flu hosp,2026-05-09,quantile,0.99,114
2026-04-18,48,0,wk inc flu hosp,2026-04-18,quantile,0.01,22
2026-04-18,48,0,wk inc flu hosp,2026-04-18,quantile,0.025,28
2026-04-18,48,0,wk inc flu hosp,2026-04-18,quantile,0.05,37
2026-04-18,48,0,wk inc flu hosp,2026-04-18,quantile,0.1,48
2026-04-18,48,0,wk inc flu hosp,2026-04-18,quantile,0.15,56
2026-04-18,48,0,wk inc flu hosp,2026-04-18,quantile,0.2,65
2026-04-18,48,0,wk inc flu hosp,2026-04-18,quantile,0.25,74
2026-04-18,48,0,wk inc flu hosp,2026-04-18,quantile,0.3,82
2026-04-18,48,0,wk inc flu hosp,2026-04-18,quantile,0.35,89
2026-04-18,48,0,wk inc flu hosp,2026-04-18,quantile,0.4,95
2026-04-18,48,0,wk inc flu hosp,2026-04-18,quantile,0.45,101
2026-04-18,48,0,wk inc flu hosp,2026-04-18,quantile,0.5,111
2026-04-18,48,0,wk inc flu hosp,2026-04-18,quantile,0.55,121
2026-04-18,48,0,wk inc flu hosp,2026-04-18,quantile,0.6,128
2026-04-18,48,0,wk inc flu hosp,2026-04-18,quantile,0.65,133
2026-04-18,48,0,wk inc flu hosp,2026-04-18,quantile,0.7,141
2026-04-18,48,0,wk inc flu hosp,2026-04-18,quantile,0.75,156
2026-04-18,48,0,wk inc flu hosp,2026-04-18,quantile,0.8,165
2026-04-18,48,0,wk inc flu hosp,2026-04-18,quantile,0.85,178
2026-04-18,48,0,wk inc flu hosp,2026-04-18,quantile,0.9,192
2026-04-18,48,0,wk inc flu hosp,2026-04-18,quantile,0.95,234
2026-04-18,48,0,wk inc flu hosp,2026-04-18,quantile,0.975,273
2026-04-18,48,0,wk inc flu hosp,2026-04-18,quantile,0.99,301
2026-04-18,48,1,wk inc flu hosp,2026-04-25,quantile,0.01,8
2026-04-18,48,1,wk inc flu hosp,2026-04-25,quantile,0.025,15
2026-04-18,48,1,wk inc flu hosp,2026-04-25,quantile,0.05,21
2026-04-18,48,1,wk inc flu hosp,2026-04-25,quantile,0.1,31
2026-04-18,48,1,wk inc flu hosp,2026-04-25,quantile,0.15,40
2026-04-18,48,1,wk inc flu hosp,2026-04-25,quantile,0.2,46
2026-04-18,48,1,wk inc flu hosp,2026-04-25,quantile,0.25,55
2026-04-18,48,1,wk inc flu hosp,2026-04-25,quantile,0.3,64
2026-04-18,48,1,wk inc flu hosp,2026-04-25,quantile,0.35,72
2026-04-18,48,1,wk inc flu hosp,2026-04-25,quantile,0.4,78
2026-04-18,48,1,wk inc flu hosp,2026-04-25,quantile,0.45,83
2026-04-18,48,1,wk inc flu hosp,2026-04-25,quantile,0.5,93
2026-04-18,48,1,wk inc flu hosp,2026-04-25,quantile,0.55,103
2026-04-18,48,1,wk inc flu hosp,2026-04-25,quantile,0.6,112
2026-04-18,48,1,wk inc flu hosp,2026-04-25,quantile,0.65,124
2026-04-18,48,1,wk inc flu hosp,2026-04-25,quantile,0.7,136
2026-04-18,48,1,wk inc flu hosp,2026-04-25,quantile,0.75,140
2026-04-18,48,1,wk inc flu hosp,2026-04-25,quantile,0.8,149
2026-04-18,48,1,wk inc flu hosp,2026-04-25,quantile,0.85,170
2026-04-18,48,1,wk inc flu hosp,2026-04-25,quantile,0.9,191
2026-04-18,48,1,wk inc flu hosp,2026-04-25,quantile,0.95,228
2026-04-18,48,1,wk inc flu hosp,2026-04-25,quantile,0.975,261
2026-04-18,48,1,wk inc flu hosp,2026-04-25,quantile,0.99,295
2026-04-18,48,2,wk inc flu hosp,2026-05-02,quantile,0.01,3
2026-04-18,48,2,wk inc flu hosp,2026-05-02,quantile,0.025,8
2026-04-18,48,2,wk inc flu hosp,2026-05-02,quantile,0.05,12
2026-04-18,48,2,wk inc flu hosp,2026-05-02,quantile,0.1,19
2026-04-18,48,2,wk inc flu hosp,2026-05-02,quantile,0.15,25
2026-04-18,48,2,wk inc flu hosp,2026-05-02,quantile,0.2,35
2026-04-18,48,2,wk inc flu hosp,2026-05-02,quantile,0.25,42
2026-04-18,48,2,wk inc flu hosp,2026-05-02,quantile,0.3,49
2026-04-18,48,2,wk inc flu hosp,2026-05-02,quantile,0.35,58
2026-04-18,48,2,wk inc flu hosp,2026-05-02,quantile,0.4,64
2026-04-18,48,2,wk inc flu hosp,2026-05-02,quantile,0.45,68
2026-04-18,48,2,wk inc flu hosp,2026-05-02,quantile,0.5,79
2026-04-18,48,2,wk inc flu hosp,2026-05-02,quantile,0.55,95
2026-04-18,48,2,wk inc flu hosp,2026-05-02,quantile,0.6,103
2026-04-18,48,2,wk inc flu hosp,2026-05-02,quantile,0.65,110
2026-04-18,48,2,wk inc flu hosp,2026-05-02,quantile,0.7,118
2026-04-18,48,2,wk inc flu hosp,2026-05-02,quantile,0.75,129
2026-04-18,48,2,wk inc flu hosp,2026-05-02,quantile,0.8,148
2026-04-18,48,2,wk inc flu hosp,2026-05-02,quantile,0.85,165
2026-04-18,48,2,wk inc flu hosp,2026-05-02,quantile,0.9,180
2026-04-18,48,2,wk inc flu hosp,2026-05-02,quantile,0.95,208
2026-04-18,48,2,wk inc flu hosp,2026-05-02,quantile,0.975,249
2026-04-18,48,2,wk inc flu hosp,2026-05-02,quantile,0.99,323
2026-04-18,48,3,wk inc flu hosp,2026-05-09,quantile,0.01,1
2026-04-18,48,3,wk inc flu hosp,2026-05-09,quantile,0.025,7
2026-04-18,48,3,wk inc flu hosp,2026-05-09,quantile,0.05,8
2026-04-18,48,3,wk inc flu hosp,2026-05-09,quantile,0.1,14
2026-04-18,48,3,wk inc flu hosp,2026-05-09,quantile,0.15,19
2026-04-18,48,3,wk inc flu hosp,2026-05-09,quantile,0.2,25
2026-04-18,48,3,wk inc flu hosp,2026-05-09,quantile,0.25,35
2026-04-18,48,3,wk inc flu hosp,2026-05-09,quantile,0.3,42
2026-04-18,48,3,wk inc flu hosp,2026-05-09,quantile,0.35,50
2026-04-18,48,3,wk inc flu hosp,2026-05-09,quantile,0.4,55
2026-04-18,48,3,wk inc flu hosp,2026-05-09,quantile,0.45,64
2026-04-18,48,3,wk inc flu hosp,2026-05-09,quantile,0.5,72
2026-04-18,48,3,wk inc flu hosp,2026-05-09,quantile,0.55,80
2026-04-18,48,3,wk inc flu hosp,2026-05-09,quantile,0.6,89
2026-04-18,48,3,wk inc flu hosp,2026-05-09,quantile,0.65,102
2026-04-18,48,3,wk inc flu hosp,2026-05-09,quantile,0.7,112
2026-04-18,48,3,wk inc flu hosp,2026-05-09,quantile,0.75,124
2026-04-18,48,3,wk inc flu hosp,2026-05-09,quantile,0.8,139
2026-04-18,48,3,wk inc flu hosp,2026-05-09,quantile,0.85,166
2026-04-18,48,3,wk inc flu hosp,2026-05-09,quantile,0.9,186
2026-04-18,48,3,wk inc flu hosp,2026-05-09,quantile,0.95,219
2026-04-18,48,3,wk inc flu hosp,2026-05-09,quantile,0.975,254
2026-04-18,48,3,wk inc flu hosp,2026-05-09,quantile,0.99,335
2026-04-18,49,0,wk inc flu hosp,2026-04-18,quantile,0.01,0
2026-04-18,49,0,wk inc flu hosp,2026-04-18,quantile,0.025,0
2026-04-18,49,0,wk inc flu hosp,2026-04-18,quantile,0.05,0
2026-04-18,49,0,wk inc flu hosp,2026-04-18,quantile,0.1,1
2026-04-18,49,0,wk inc flu hosp,2026-04-18,quantile,0.15,2
2026-04-18,49,0,wk inc flu hosp,2026-04-18,quantile,0.2,2
2026-04-18,49,0,wk inc flu hosp,2026-04-18,quantile,0.25,3
2026-04-18,49,0,wk inc flu hosp,2026-04-18,quantile,0.3,3
2026-04-18,49,0,wk inc flu hosp,2026-04-18,quantile,0.35,3
2026-04-18,49,0,wk inc flu hosp,2026-04-18,quantile,0.4,4
2026-04-18,49,0,wk inc flu hosp,2026-04-18,quantile,0.45,5
2026-04-18,49,0,wk inc flu hosp,2026-04-18,quantile,0.5,5
2026-04-18,49,0,wk inc flu hosp,2026-04-18,quantile,0.55,6
2026-04-18,49,0,wk inc flu hosp,2026-04-18,quantile,0.6,6
2026-04-18,49,0,wk inc flu hosp,2026-04-18,quantile,0.65,7
2026-04-18,49,0,wk inc flu hosp,2026-04-18,quantile,0.7,8
2026-04-18,49,0,wk inc flu hosp,2026-04-18,quantile,0.75,9
2026-04-18,49,0,wk inc flu hosp,2026-04-18,quantile,0.8,10
2026-04-18,49,0,wk inc flu hosp,2026-04-18,quantile,0.85,11
2026-04-18,49,0,wk inc flu hosp,2026-04-18,quantile,0.9,13
2026-04-18,49,0,wk inc flu hosp,2026-04-18,quantile,0.95,17
2026-04-18,49,0,wk inc flu hosp,2026-04-18,quantile,0.975,20
2026-04-18,49,0,wk inc flu hosp,2026-04-18,quantile,0.99,25
2026-04-18,49,1,wk inc flu hosp,2026-04-25,quantile,0.01,0
2026-04-18,49,1,wk inc flu hosp,2026-04-25,quantile,0.025,0
2026-04-18,49,1,wk inc flu hosp,2026-04-25,quantile,0.05,0
2026-04-18,49,1,wk inc flu hosp,2026-04-25,quantile,0.1,0
2026-04-18,49,1,wk inc flu hosp,2026-04-25,quantile,0.15,0
2026-04-18,49,1,wk inc flu hosp,2026-04-25,quantile,0.2,1
2026-04-18,49,1,wk inc flu hosp,2026-04-25,quantile,0.25,1
2026-04-18,49,1,wk inc flu hosp,2026-04-25,quantile,0.3,2
2026-04-18,49,1,wk inc flu hosp,2026-04-25,quantile,0.35,2
2026-04-18,49,1,wk inc flu hosp,2026-04-25,quantile,0.4,3
2026-04-18,49,1,wk inc flu hosp,2026-04-25,quantile,0.45,4
2026-04-18,49,1,wk inc flu hosp,2026-04-25,quantile,0.5,4
2026-04-18,49,1,wk inc flu hosp,2026-04-25,quantile,0.55,5
2026-04-18,49,1,wk inc flu hosp,2026-04-25,quantile,0.6,5
2026-04-18,49,1,wk inc flu hosp,2026-04-25,quantile,0.65,6
2026-04-18,49,1,wk inc flu hosp,2026-04-25,quantile,0.7,7
2026-04-18,49,1,wk inc flu hosp,2026-04-25,quantile,0.75,8
2026-04-18,49,1,wk inc flu hosp,2026-04-25,quantile,0.8,9
2026-04-18,49,1,wk inc flu hosp,2026-04-25,quantile,0.85,10
2026-04-18,49,1,wk inc flu hosp,2026-04-25,quantile,0.9,12
2026-04-18,49,1,wk inc flu hosp,2026-04-25,quantile,0.95,15
2026-04-18,49,1,wk inc flu hosp,2026-04-25,quantile,0.975,20
2026-04-18,49,1,wk inc flu hosp,2026-04-25,quantile,0.99,28
2026-04-18,49,2,wk inc flu hosp,2026-05-02,quantile,0.01,0
2026-04-18,49,2,wk inc flu hosp,2026-05-02,quantile,0.025,0
2026-04-18,49,2,wk inc flu hosp,2026-05-02,quantile,0.05,0
2026-04-18,49,2,wk inc flu hosp,2026-05-02,quantile,0.1,0
2026-04-18,49,2,wk inc flu hosp,2026-05-02,quantile,0.15,0
2026-04-18,49,2,wk inc flu hosp,2026-05-02,quantile,0.2,1
2026-04-18,49,2,wk inc flu hosp,2026-05-02,quantile,0.25,1
2026-04-18,49,2,wk inc flu hosp,2026-05-02,quantile,0.3,1
2026-04-18,49,2,wk inc flu hosp,2026-05-02,quantile,0.35,2
2026-04-18,49,2,wk inc flu hosp,2026-05-02,quantile,0.4,2
2026-04-18,49,2,wk inc flu hosp,2026-05-02,quantile,0.45,2
2026-04-18,49,2,wk inc flu hosp,2026-05-02,quantile,0.5,4
2026-04-18,49,2,wk inc flu hosp,2026-05-02,quantile,0.55,5
2026-04-18,49,2,wk inc flu hosp,2026-05-02,quantile,0.6,5
2026-04-18,49,2,wk inc flu hosp,2026-05-02,quantile,0.65,6
2026-04-18,49,2,wk inc flu hosp,2026-05-02,quantile,0.7,6
2026-04-18,49,2,wk inc flu hosp,2026-05-02,quantile,0.75,7
2026-04-18,49,2,wk inc flu hosp,2026-05-02,quantile,0.8,8
2026-04-18,49,2,wk inc flu hosp,2026-05-02,quantile,0.85,9
2026-04-18,49,2,wk inc flu hosp,2026-05-02,quantile,0.9,11
2026-04-18,49,2,wk inc flu hosp,2026-05-02,quantile,0.95,14
2026-04-18,49,2,wk inc flu hosp,2026-05-02,quantile,0.975,18
2026-04-18,49,2,wk inc flu hosp,2026-05-02,quantile,0.99,24
2026-04-18,49,3,wk inc flu hosp,2026-05-09,quantile,0.01,0
2026-04-18,49,3,wk inc flu hosp,2026-05-09,quantile,0.025,0
2026-04-18,49,3,wk inc flu hosp,2026-05-09,quantile,0.05,0
2026-04-18,49,3,wk inc flu hosp,2026-05-09,quantile,0.1,0
2026-04-18,49,3,wk inc flu hosp,2026-05-09,quantile,0.15,0
2026-04-18,49,3,wk inc flu hosp,2026-05-09,quantile,0.2,0
2026-04-18,49,3,wk inc flu hosp,2026-05-09,quantile,0.25,1
2026-04-18,49,3,wk inc flu hosp,2026-05-09,quantile,0.3,1
2026-04-18,49,3,wk inc flu hosp,2026-05-09,quantile,0.35,1
2026-04-18,49,3,wk inc flu hosp,2026-05-09,quantile,0.4,2
2026-04-18,49,3,wk inc flu hosp,2026-05-09,quantile,0.45,2
2026-04-18,49,3,wk inc flu hosp,2026-05-09,quantile,0.5,3
2026-04-18,49,3,wk inc flu hosp,2026-05-09,quantile,0.55,4
2026-04-18,49,3,wk inc flu hosp,2026-05-09,quantile,0.6,5
2026-04-18,49,3,wk inc flu hosp,2026-05-09,quantile,0.65,5
2026-04-18,49,3,wk inc flu hosp,2026-05-09,quantile,0.7,6
2026-04-18,49,3,wk inc flu hosp,2026-05-09,quantile,0.75,7
2026-04-18,49,3,wk inc flu hosp,2026-05-09,quantile,0.8,7
2026-04-18,49,3,wk inc flu hosp,2026-05-09,quantile,0.85,8
2026-04-18,49,3,wk inc flu hosp,2026-05-09,quantile,0.9,11
2026-04-18,49,3,wk inc flu hosp,2026-05-09,quantile,0.95,14
2026-04-18,49,3,wk inc flu hosp,2026-05-09,quantile,0.975,20
2026-04-18,49,3,wk inc flu hosp,2026-05-09,quantile,0.99,24
2026-04-18,50,0,wk inc flu hosp,2026-04-18,quantile,0.01,0
2026-04-18,50,0,wk inc flu hosp,2026-04-18,quantile,0.025,0
2026-04-18,50,0,wk inc flu hosp,2026-04-18,quantile,0.05,0
2026-04-18,50,0,wk inc flu hosp,2026-04-18,quantile,0.1,0
2026-04-18,50,0,wk inc flu hosp,2026-04-18,quantile,0.15,0
2026-04-18,50,0,wk inc flu hosp,2026-04-18,quantile,0.2,1
2026-04-18,50,0,wk inc flu hosp,2026-04-18,quantile,0.25,1
2026-04-18,50,0,wk inc flu hosp,2026-04-18,quantile,0.3,1
2026-04-18,50,0,wk inc flu hosp,2026-04-18,quantile,0.35,1
2026-04-18,50,0,wk inc flu hosp,2026-04-18,quantile,0.4,2
2026-04-18,50,0,wk inc flu hosp,2026-04-18,quantile,0.45,2
2026-04-18,50,0,wk inc flu hosp,2026-04-18,quantile,0.5,3
2026-04-18,50,0,wk inc flu hosp,2026-04-18,quantile,0.55,3
2026-04-18,50,0,wk inc flu hosp,2026-04-18,quantile,0.6,3
2026-04-18,50,0,wk inc flu hosp,2026-04-18,quantile,0.65,4
2026-04-18,50,0,wk inc flu hosp,2026-04-18,quantile,0.7,4
2026-04-18,50,0,wk inc flu hosp,2026-04-18,quantile,0.75,5
2026-04-18,50,0,wk inc flu hosp,2026-04-18,quantile,0.8,5
2026-04-18,50,0,wk inc flu hosp,2026-04-18,quantile,0.85,6
2026-04-18,50,0,wk inc flu hosp,2026-04-18,quantile,0.9,7
2026-04-18,50,0,wk inc flu hosp,2026-04-18,quantile,0.95,9
2026-04-18,50,0,wk inc flu hosp,2026-04-18,quantile,0.975,10
2026-04-18,50,0,wk inc flu hosp,2026-04-18,quantile,0.99,12
2026-04-18,50,1,wk inc flu hosp,2026-04-25,quantile,0.01,0
2026-04-18,50,1,wk inc flu hosp,2026-04-25,quantile,0.025,0
2026-04-18,50,1,wk inc flu hosp,2026-04-25,quantile,0.05,0
2026-04-18,50,1,wk inc flu hosp,2026-04-25,quantile,0.1,0
2026-04-18,50,1,wk inc flu hosp,2026-04-25,quantile,0.15,0
2026-04-18,50,1,wk inc flu hosp,2026-04-25,quantile,0.2,0
2026-04-18,50,1,wk inc flu hosp,2026-04-25,quantile,0.25,0
2026-04-18,50,1,wk inc flu hosp,2026-04-25,quantile,0.3,1
2026-04-18,50,1,wk inc flu hosp,2026-04-25,quantile,0.35,1
2026-04-18,50,1,wk inc flu hosp,2026-04-25,quantile,0.4,1
2026-04-18,50,1,wk inc flu hosp,2026-04-25,quantile,0.45,1
2026-04-18,50,1,wk inc flu hosp,2026-04-25,quantile,0.5,2
2026-04-18,50,1,wk inc flu hosp,2026-04-25,quantile,0.55,2
2026-04-18,50,1,wk inc flu hosp,2026-04-25,quantile,0.6,3
2026-04-18,50,1,wk inc flu hosp,2026-04-25,quantile,0.65,3
2026-04-18,50,1,wk inc flu hosp,2026-04-25,quantile,0.7,3
2026-04-18,50,1,wk inc flu hosp,2026-04-25,quantile,0.75,4
2026-04-18,50,1,wk inc flu hosp,2026-04-25,quantile,0.8,5
2026-04-18,50,1,wk inc flu hosp,2026-04-25,quantile,0.85,5
2026-04-18,50,1,wk inc flu hosp,2026-04-25,quantile,0.9,6
2026-04-18,50,1,wk inc flu hosp,2026-04-25,quantile,0.95,7
2026-04-18,50,1,wk inc flu hosp,2026-04-25,quantile,0.975,9
2026-04-18,50,1,wk inc flu hosp,2026-04-25,quantile,0.99,12
2026-04-18,50,2,wk inc flu hosp,2026-05-02,quantile,0.01,0
2026-04-18,50,2,wk inc flu hosp,2026-05-02,quantile,0.025,0
2026-04-18,50,2,wk inc flu hosp,2026-05-02,quantile,0.05,0
2026-04-18,50,2,wk inc flu hosp,2026-05-02,quantile,0.1,0
2026-04-18,50,2,wk inc flu hosp,2026-05-02,quantile,0.15,0
2026-04-18,50,2,wk inc flu hosp,2026-05-02,quantile,0.2,0
2026-04-18,50,2,wk inc flu hosp,2026-05-02,quantile,0.25,0
2026-04-18,50,2,wk inc flu hosp,2026-05-02,quantile,0.3,0
2026-04-18,50,2,wk inc flu hosp,2026-05-02,quantile,0.35,0
2026-04-18,50,2,wk inc flu hosp,2026-05-02,quantile,0.4,1
2026-04-18,50,2,wk inc flu hosp,2026-05-02,quantile,0.45,1
2026-04-18,50,2,wk inc flu hosp,2026-05-02,quantile,0.5,1
2026-04-18,50,2,wk inc flu hosp,2026-05-02,quantile,0.55,2
2026-04-18,50,2,wk inc flu hosp,2026-05-02,quantile,0.6,2
2026-04-18,50,2,wk inc flu hosp,2026-05-02,quantile,0.65,3
2026-04-18,50,2,wk inc flu hosp,2026-05-02,quantile,0.7,3
2026-04-18,50,2,wk inc flu hosp,2026-05-02,quantile,0.75,3
2026-04-18,50,2,wk inc flu hosp,2026-05-02,quantile,0.8,4
2026-04-18,50,2,wk inc flu hosp,2026-05-02,quantile,0.85,5
2026-04-18,50,2,wk inc flu hosp,2026-05-02,quantile,0.9,6
2026-04-18,50,2,wk inc flu hosp,2026-05-02,quantile,0.95,9
2026-04-18,50,2,wk inc flu hosp,2026-05-02,quantile,0.975,11
2026-04-18,50,2,wk inc flu hosp,2026-05-02,quantile,0.99,15
2026-04-18,50,3,wk inc flu hosp,2026-05-09,quantile,0.01,0
2026-04-18,50,3,wk inc flu hosp,2026-05-09,quantile,0.025,0
2026-04-18,50,3,wk inc flu hosp,2026-05-09,quantile,0.05,0
2026-04-18,50,3,wk inc flu hosp,2026-05-09,quantile,0.1,0
2026-04-18,50,3,wk inc flu hosp,2026-05-09,quantile,0.15,0
2026-04-18,50,3,wk inc flu hosp,2026-05-09,quantile,0.2,0
2026-04-18,50,3,wk inc flu hosp,2026-05-09,quantile,0.25,0
2026-04-18,50,3,wk inc flu hosp,2026-05-09,quantile,0.3,0
2026-04-18,50,3,wk inc flu hosp,2026-05-09,quantile,0.35,0
2026-04-18,50,3,wk inc flu hosp,2026-05-09,quantile,0.4,0
2026-04-18,50,3,wk inc flu hosp,2026-05-09,quantile,0.45,0
2026-04-18,50,3,wk inc flu hosp,2026-05-09,quantile,0.5,1
2026-04-18,50,3,wk inc flu hosp,2026-05-09,quantile,0.55,1
2026-04-18,50,3,wk inc flu hosp,2026-05-09,quantile,0.6,2
2026-04-18,50,3,wk inc flu hosp,2026-05-09,quantile,0.65,2
2026-04-18,50,3,wk inc flu hosp,2026-05-09,quantile,0.7,3
2026-04-18,50,3,wk inc flu hosp,2026-05-09,quantile,0.75,3
2026-04-18,50,3,wk inc flu hosp,2026-05-09,quantile,0.8,4
2026-04-18,50,3,wk inc flu hosp,2026-05-09,quantile,0.85,5
2026-04-18,50,3,wk inc flu hosp,2026-05-09,quantile,0.9,6
2026-04-18,50,3,wk inc flu hosp,2026-05-09,quantile,0.95,8
2026-04-18,50,3,wk inc flu hosp,2026-05-09,quantile,0.975,11
2026-04-18,50,3,wk inc flu hosp,2026-05-09,quantile,0.99,15
2026-04-18,51,0,wk inc flu hosp,2026-04-18,quantile,0.01,1
2026-04-18,51,0,wk inc flu hosp,2026-04-18,quantile,0.025,2
2026-04-18,51,0,wk inc flu hosp,2026-04-18,quantile,0.05,4
2026-04-18,51,0,wk inc flu hosp,2026-04-18,quantile,0.1,7
2026-04-18,51,0,wk inc flu hosp,2026-04-18,quantile,0.15,8
2026-04-18,51,0,wk inc flu hosp,2026-04-18,quantile,0.2,9
2026-04-18,51,0,wk inc flu hosp,2026-04-18,quantile,0.25,10
2026-04-18,51,0,wk inc flu hosp,2026-04-18,quantile,0.3,12
2026-04-18,51,0,wk inc flu hosp,2026-04-18,quantile,0.35,13
2026-04-18,51,0,wk inc flu hosp,2026-04-18,quantile,0.4,14
2026-04-18,51,0,wk inc flu hosp,2026-04-18,quantile,0.45,15
2026-04-18,51,0,wk inc flu hosp,2026-04-18,quantile,0.5,17
2026-04-18,51,0,wk inc flu hosp,2026-04-18,quantile,0.55,19
2026-04-18,51,0,wk inc flu hosp,2026-04-18,quantile,0.6,20
2026-04-18,51,0,wk inc flu hosp,2026-04-18,quantile,0.65,22
2026-04-18,51,0,wk inc flu hosp,2026-04-18,quantile,0.7,24
2026-04-18,51,0,wk inc flu hosp,2026-04-18,quantile,0.75,25
2026-04-18,51,0,wk inc flu hosp,2026-04-18,quantile,0.8,28
2026-04-18,51,0,wk inc flu hosp,2026-04-18,quantile,0.85,32
2026-04-18,51,0,wk inc flu hosp,2026-04-18,quantile,0.9,37
2026-04-18,51,0,wk inc flu hosp,2026-04-18,quantile,0.95,46
2026-04-18,51,0,wk inc flu hosp,2026-04-18,quantile,0.975,59
2026-04-18,51,0,wk inc flu hosp,2026-04-18,quantile,0.99,70
2026-04-18,51,1,wk inc flu hosp,2026-04-25,quantile,0.01,0
2026-04-18,51,1,wk inc flu hosp,2026-04-25,quantile,0.025,0
2026-04-18,51,1,wk inc flu hosp,2026-04-25,quantile,0.05,1
2026-04-18,51,1,wk inc flu hosp,2026-04-25,quantile,0.1,3
2026-04-18,51,1,wk inc flu hosp,2026-04-25,quantile,0.15,5
2026-04-18,51,1,wk inc flu hosp,2026-04-25,quantile,0.2,7
2026-04-18,51,1,wk inc flu hosp,2026-04-25,quantile,0.25,8
2026-04-18,51,1,wk inc flu hosp,2026-04-25,quantile,0.3,9
2026-04-18,51,1,wk inc flu hosp,2026-04-25,quantile,0.35,10
2026-04-18,51,1,wk inc flu hosp,2026-04-25,quantile,0.4,11
2026-04-18,51,1,wk inc flu hosp,2026-04-25,quantile,0.45,12
2026-04-18,51,1,wk inc flu hosp,2026-04-25,quantile,0.5,15
2026-04-18,51,1,wk inc flu hosp,2026-04-25,quantile,0.55,16
2026-04-18,51,1,wk inc flu hosp,2026-04-25,quantile,0.6,18
2026-04-18,51,1,wk inc flu hosp,2026-04-25,quantile,0.65,19
2026-04-18,51,1,wk inc flu hosp,2026-04-25,quantile,0.7,22
2026-04-18,51,1,wk inc flu hosp,2026-04-25,quantile,0.75,25
2026-04-18,51,1,wk inc flu hosp,2026-04-25,quantile,0.8,27
2026-04-18,51,1,wk inc flu hosp,2026-04-25,quantile,0.85,31
2026-04-18,51,1,wk inc flu hosp,2026-04-25,quantile,0.9,40
2026-04-18,51,1,wk inc flu hosp,2026-04-25,quantile,0.95,49
2026-04-18,51,1,wk inc flu hosp,2026-04-25,quantile,0.975,61
2026-04-18,51,1,wk inc flu hosp,2026-04-25,quantile,0.99,78
2026-04-18,51,2,wk inc flu hosp,2026-05-02,quantile,0.01,0
2026-04-18,51,2,wk inc flu hosp,2026-05-02,quantile,0.025,0
2026-04-18,51,2,wk inc flu hosp,2026-05-02,quantile,0.05,1
2026-04-18,51,2,wk inc flu hosp,2026-05-02,quantile,0.1,2
2026-04-18,51,2,wk inc flu hosp,2026-05-02,quantile,0.15,3
2026-04-18,51,2,wk inc flu hosp,2026-05-02,quantile,0.2,5
2026-04-18,51,2,wk inc flu hosp,2026-05-02,quantile,0.25,6
2026-04-18,51,2,wk inc flu hosp,2026-05-02,quantile,0.3,7
2026-04-18,51,2,wk inc flu hosp,2026-05-02,quantile,0.35,8
2026-04-18,51,2,wk inc flu hosp,2026-05-02,quantile,0.4,9
2026-04-18,51,2,wk inc flu hosp,2026-05-02,quantile,0.45,10
2026-04-18,51,2,wk inc flu hosp,2026-05-02,quantile,0.5,14
2026-04-18,51,2,wk inc flu hosp,2026-05-02,quantile,0.55,15
2026-04-18,51,2,wk inc flu hosp,2026-05-02,quantile,0.6,17
2026-04-18,51,2,wk inc flu hosp,2026-05-02,quantile,0.65,18
2026-04-18,51,2,wk inc flu hosp,2026-05-02,quantile,0.7,20
2026-04-18,51,2,wk inc flu hosp,2026-05-02,quantile,0.75,21
2026-04-18,51,2,wk inc flu hosp,2026-05-02,quantile,0.8,24
2026-04-18,51,2,wk inc flu hosp,2026-05-02,quantile,0.85,28
2026-04-18,51,2,wk inc flu hosp,2026-05-02,quantile,0.9,35
2026-04-18,51,2,wk inc flu hosp,2026-05-02,quantile,0.95,50
2026-04-18,51,2,wk inc flu hosp,2026-05-02,quantile,0.975,66
2026-04-18,51,2,wk inc flu hosp,2026-05-02,quantile,0.99,89
2026-04-18,51,3,wk inc flu hosp,2026-05-09,quantile,0.01,0
2026-04-18,51,3,wk inc flu hosp,2026-05-09,quantile,0.025,0
2026-04-18,51,3,wk inc flu hosp,2026-05-09,quantile,0.05,0
2026-04-18,51,3,wk inc flu hosp,2026-05-09,quantile,0.1,1
2026-04-18,51,3,wk inc flu hosp,2026-05-09,quantile,0.15,2
2026-04-18,51,3,wk inc flu hosp,2026-05-09,quantile,0.2,4
2026-04-18,51,3,wk inc flu hosp,2026-05-09,quantile,0.25,5
2026-04-18,51,3,wk inc flu hosp,2026-05-09,quantile,0.3,6
2026-04-18,51,3,wk inc flu hosp,2026-05-09,quantile,0.35,7
2026-04-18,51,3,wk inc flu hosp,2026-05-09,quantile,0.4,8
2026-04-18,51,3,wk inc flu hosp,2026-05-09,quantile,0.45,10
2026-04-18,51,3,wk inc flu hosp,2026-05-09,quantile,0.5,13
2026-04-18,51,3,wk inc flu hosp,2026-05-09,quantile,0.55,14
2026-04-18,51,3,wk inc flu hosp,2026-05-09,quantile,0.6,14
2026-04-18,51,3,wk inc flu hosp,2026-05-09,quantile,0.65,17
2026-04-18,51,3,wk inc flu hosp,2026-05-09,quantile,0.7,18
2026-04-18,51,3,wk inc flu hosp,2026-05-09,quantile,0.75,20
2026-04-18,51,3,wk inc flu hosp,2026-05-09,quantile,0.8,22
2026-04-18,51,3,wk inc flu hosp,2026-05-09,quantile,0.85,26
2026-04-18,51,3,wk inc flu hosp,2026-05-09,quantile,0.9,34
2026-04-18,51,3,wk inc flu hosp,2026-05-09,quantile,0.95,61
2026-04-18,51,3,wk inc flu hosp,2026-05-09,quantile,0.975,93
2026-04-18,51,3,wk inc flu hosp,2026-05-09,quantile,0.99,102
2026-04-18,53,0,wk inc flu hosp,2026-04-18,quantile,0.01,7
2026-04-18,53,0,wk inc flu hosp,2026-04-18,quantile,0.025,8
2026-04-18,53,0,wk inc flu hosp,2026-04-18,quantile,0.05,11
2026-04-18,53,0,wk inc flu hosp,2026-04-18,quantile,0.1,13
2026-04-18,53,0,wk inc flu hosp,2026-04-18,quantile,0.15,16
2026-04-18,53,0,wk inc flu hosp,2026-04-18,quantile,0.2,17
2026-04-18,53,0,wk inc flu hosp,2026-04-18,quantile,0.25,19
2026-04-18,53,0,wk inc flu hosp,2026-04-18,quantile,0.3,21
2026-04-18,53,0,wk inc flu hosp,2026-04-18,quantile,0.35,23
2026-04-18,53,0,wk inc flu hosp,2026-04-18,quantile,0.4,24
2026-04-18,53,0,wk inc flu hosp,2026-04-18,quantile,0.45,25
2026-04-18,53,0,wk inc flu hosp,2026-04-18,quantile,0.5,27
2026-04-18,53,0,wk inc flu hosp,2026-04-18,quantile,0.55,30
2026-04-18,53,0,wk inc flu hosp,2026-04-18,quantile,0.6,32
2026-04-18,53,0,wk inc flu hosp,2026-04-18,quantile,0.65,34
2026-04-18,53,0,wk inc flu hosp,2026-04-18,quantile,0.7,36
2026-04-18,53,0,wk inc flu hosp,2026-04-18,quantile,0.75,38
2026-04-18,53,0,wk inc flu hosp,2026-04-18,quantile,0.8,41
2026-04-18,53,0,wk inc flu hosp,2026-04-18,quantile,0.85,43
2026-04-18,53,0,wk inc flu hosp,2026-04-18,quantile,0.9,48
2026-04-18,53,0,wk inc flu hosp,2026-04-18,quantile,0.95,56
2026-04-18,53,0,wk inc flu hosp,2026-04-18,quantile,0.975,64
2026-04-18,53,0,wk inc flu hosp,2026-04-18,quantile,0.99,73
2026-04-18,53,1,wk inc flu hosp,2026-04-25,quantile,0.01,2
2026-04-18,53,1,wk inc flu hosp,2026-04-25,quantile,0.025,3
2026-04-18,53,1,wk inc flu hosp,2026-04-25,quantile,0.05,4
2026-04-18,53,1,wk inc flu hosp,2026-04-25,quantile,0.1,8
2026-04-18,53,1,wk inc flu hosp,2026-04-25,quantile,0.15,10
2026-04-18,53,1,wk inc flu hosp,2026-04-25,quantile,0.2,12
2026-04-18,53,1,wk inc flu hosp,2026-04-25,quantile,0.25,14
2026-04-18,53,1,wk inc flu hosp,2026-04-25,quantile,0.3,16
2026-04-18,53,1,wk inc flu hosp,2026-04-25,quantile,0.35,18
2026-04-18,53,1,wk inc flu hosp,2026-04-25,quantile,0.4,20
2026-04-18,53,1,wk inc flu hosp,2026-04-25,quantile,0.45,21
2026-04-18,53,1,wk inc flu hosp,2026-04-25,quantile,0.5,24
2026-04-18,53,1,wk inc flu hosp,2026-04-25,quantile,0.55,26
2026-04-18,53,1,wk inc flu hosp,2026-04-25,quantile,0.6,28
2026-04-18,53,1,wk inc flu hosp,2026-04-25,quantile,0.65,31
2026-04-18,53,1,wk inc flu hosp,2026-04-25,quantile,0.7,32
2026-04-18,53,1,wk inc flu hosp,2026-04-25,quantile,0.75,35
2026-04-18,53,1,wk inc flu hosp,2026-04-25,quantile,0.8,38
2026-04-18,53,1,wk inc flu hosp,2026-04-25,quantile,0.85,42
2026-04-18,53,1,wk inc flu hosp,2026-04-25,quantile,0.9,46
2026-04-18,53,1,wk inc flu hosp,2026-04-25,quantile,0.95,55
2026-04-18,53,1,wk inc flu hosp,2026-04-25,quantile,0.975,63
2026-04-18,53,1,wk inc flu hosp,2026-04-25,quantile,0.99,75
2026-04-18,53,2,wk inc flu hosp,2026-05-02,quantile,0.01,1
2026-04-18,53,2,wk inc flu hosp,2026-05-02,quantile,0.025,2
2026-04-18,53,2,wk inc flu hosp,2026-05-02,quantile,0.05,4
2026-04-18,53,2,wk inc flu hosp,2026-05-02,quantile,0.1,5
2026-04-18,53,2,wk inc flu hosp,2026-05-02,quantile,0.15,6
2026-04-18,53,2,wk inc flu hosp,2026-05-02,quantile,0.2,8
2026-04-18,53,2,wk inc flu hosp,2026-05-02,quantile,0.25,10
2026-04-18,53,2,wk inc flu hosp,2026-05-02,quantile,0.3,12
2026-04-18,53,2,wk inc flu hosp,2026-05-02,quantile,0.35,15
2026-04-18,53,2,wk inc flu hosp,2026-05-02,quantile,0.4,16
2026-04-18,53,2,wk inc flu hosp,2026-05-02,quantile,0.45,17
2026-04-18,53,2,wk inc flu hosp,2026-05-02,quantile,0.5,20
2026-04-18,53,2,wk inc flu hosp,2026-05-02,quantile,0.55,22
2026-04-18,53,2,wk inc flu hosp,2026-05-02,quantile,0.6,24
2026-04-18,53,2,wk inc flu hosp,2026-05-02,quantile,0.65,26
2026-04-18,53,2,wk inc flu hosp,2026-05-02,quantile,0.7,29
2026-04-18,53,2,wk inc flu hosp,2026-05-02,quantile,0.75,31
2026-04-18,53,2,wk inc flu hosp,2026-05-02,quantile,0.8,34
2026-04-18,53,2,wk inc flu hosp,2026-05-02,quantile,0.85,38
2026-04-18,53,2,wk inc flu hosp,2026-05-02,quantile,0.9,44
2026-04-18,53,2,wk inc flu hosp,2026-05-02,quantile,0.95,53
2026-04-18,53,2,wk inc flu hosp,2026-05-02,quantile,0.975,63
2026-04-18,53,2,wk inc flu hosp,2026-05-02,quantile,0.99,78
2026-04-18,53,3,wk inc flu hosp,2026-05-09,quantile,0.01,0
2026-04-18,53,3,wk inc flu hosp,2026-05-09,quantile,0.025,0
2026-04-18,53,3,wk inc flu hosp,2026-05-09,quantile,0.05,0
2026-04-18,53,3,wk inc flu hosp,2026-05-09,quantile,0.1,2
2026-04-18,53,3,wk inc flu hosp,2026-05-09,quantile,0.15,4
2026-04-18,53,3,wk inc flu hosp,2026-05-09,quantile,0.2,6
2026-04-18,53,3,wk inc flu hosp,2026-05-09,quantile,0.25,8
2026-04-18,53,3,wk inc flu hosp,2026-05-09,quantile,0.3,10
2026-04-18,53,3,wk inc flu hosp,2026-05-09,quantile,0.35,12
2026-04-18,53,3,wk inc flu hosp,2026-05-09,quantile,0.4,14
2026-04-18,53,3,wk inc flu hosp,2026-05-09,quantile,0.45,15
2026-04-18,53,3,wk inc flu hosp,2026-05-09,quantile,0.5,18
2026-04-18,53,3,wk inc flu hosp,2026-05-09,quantile,0.55,19
2026-04-18,53,3,wk inc flu hosp,2026-05-09,quantile,0.6,21
2026-04-18,53,3,wk inc flu hosp,2026-05-09,quantile,0.65,24
2026-04-18,53,3,wk inc flu hosp,2026-05-09,quantile,0.7,27
2026-04-18,53,3,wk inc flu hosp,2026-05-09,quantile,0.75,29
2026-04-18,53,3,wk inc flu hosp,2026-05-09,quantile,0.8,33
2026-04-18,53,3,wk inc flu hosp,2026-05-09,quantile,0.85,36
2026-04-18,53,3,wk inc flu hosp,2026-05-09,quantile,0.9,42
2026-04-18,53,3,wk inc flu hosp,2026-05-09,quantile,0.95,53
2026-04-18,53,3,wk inc flu hosp,2026-05-09,quantile,0.975,65
2026-04-18,53,3,wk inc flu hosp,2026-05-09,quantile,0.99,84
2026-04-18,54,0,wk inc flu hosp,2026-04-18,quantile,0.01,0
2026-04-18,54,0,wk inc flu hosp,2026-04-18,quantile,0.025,1
2026-04-18,54,0,wk inc flu hosp,2026-04-18,quantile,0.05,1
2026-04-18,54,0,wk inc flu hosp,2026-04-18,quantile,0.1,2
2026-04-18,54,0,wk inc flu hosp,2026-04-18,quantile,0.15,3
2026-04-18,54,0,wk inc flu hosp,2026-04-18,quantile,0.2,4
2026-04-18,54,0,wk inc flu hosp,2026-04-18,quantile,0.25,4
2026-04-18,54,0,wk inc flu hosp,2026-04-18,quantile,0.3,4
2026-04-18,54,0,wk inc flu hosp,2026-04-18,quantile,0.35,5
2026-04-18,54,0,wk inc flu hosp,2026-04-18,quantile,0.4,6
2026-04-18,54,0,wk inc flu hosp,2026-04-18,quantile,0.45,6
2026-04-18,54,0,wk inc flu hosp,2026-04-18,quantile,0.5,8
2026-04-18,54,0,wk inc flu hosp,2026-04-18,quantile,0.55,9
2026-04-18,54,0,wk inc flu hosp,2026-04-18,quantile,0.6,9
2026-04-18,54,0,wk inc flu hosp,2026-04-18,quantile,0.65,11
2026-04-18,54,0,wk inc flu hosp,2026-04-18,quantile,0.7,12
2026-04-18,54,0,wk inc flu hosp,2026-04-18,quantile,0.75,13
2026-04-18,54,0,wk inc flu hosp,2026-04-18,quantile,0.8,15
2026-04-18,54,0,wk inc flu hosp,2026-04-18,quantile,0.85,17
2026-04-18,54,0,wk inc flu hosp,2026-04-18,quantile,0.9,20
2026-04-18,54,0,wk inc flu hosp,2026-04-18,quantile,0.95,26
2026-04-18,54,0,wk inc flu hosp,2026-04-18,quantile,0.975,30
2026-04-18,54,0,wk inc flu hosp,2026-04-18,quantile,0.99,37
2026-04-18,54,1,wk inc flu hosp,2026-04-25,quantile,0.01,0
2026-04-18,54,1,wk inc flu hosp,2026-04-25,quantile,0.025,0
2026-04-18,54,1,wk inc flu hosp,2026-04-25,quantile,0.05,0
2026-04-18,54,1,wk inc flu hosp,2026-04-25,quantile,0.1,0
2026-04-18,54,1,wk inc flu hosp,2026-04-25,quantile,0.15,1
2026-04-18,54,1,wk inc flu hosp,2026-04-25,quantile,0.2,1
2026-04-18,54,1,wk inc flu hosp,2026-04-25,quantile,0.25,2
2026-04-18,54,1,wk inc flu hosp,2026-04-25,quantile,0.3,3
2026-04-18,54,1,wk inc flu hosp,2026-04-25,quantile,0.35,3
2026-04-18,54,1,wk inc flu hosp,2026-04-25,quantile,0.4,4
2026-04-18,54,1,wk inc flu hosp,2026-04-25,quantile,0.45,4
2026-04-18,54,1,wk inc flu hosp,2026-04-25,quantile,0.5,6
2026-04-18,54,1,wk inc flu hosp,2026-04-25,quantile,0.55,6
2026-04-18,54,1,wk inc flu hosp,2026-04-25,quantile,0.6,7
2026-04-18,54,1,wk inc flu hosp,2026-04-25,quantile,0.65,8
2026-04-18,54,1,wk inc flu hosp,2026-04-25,quantile,0.7,9
2026-04-18,54,1,wk inc flu hosp,2026-04-25,quantile,0.75,10
2026-04-18,54,1,wk inc flu hosp,2026-04-25,quantile,0.8,13
2026-04-18,54,1,wk inc flu hosp,2026-04-25,quantile,0.85,14
2026-04-18,54,1,wk inc flu hosp,2026-04-25,quantile,0.9,17
2026-04-18,54,1,wk inc flu hosp,2026-04-25,quantile,0.95,23
2026-04-18,54,1,wk inc flu hosp,2026-04-25,quantile,0.975,30
2026-04-18,54,1,wk inc flu hosp,2026-04-25,quantile,0.99,41
2026-04-18,54,2,wk inc flu hosp,2026-05-02,quantile,0.01,0
2026-04-18,54,2,wk inc flu hosp,2026-05-02,quantile,0.025,0
2026-04-18,54,2,wk inc flu hosp,2026-05-02,quantile,0.05,0
2026-04-18,54,2,wk inc flu hosp,2026-05-02,quantile,0.1,0
2026-04-18,54,2,wk inc flu hosp,2026-05-02,quantile,0.15,0
2026-04-18,54,2,wk inc flu hosp,2026-05-02,quantile,0.2,1
2026-04-18,54,2,wk inc flu hosp,2026-05-02,quantile,0.25,1
2026-04-18,54,2,wk inc flu hosp,2026-05-02,quantile,0.3,2
2026-04-18,54,2,wk inc flu hosp,2026-05-02,quantile,0.35,2
2026-04-18,54,2,wk inc flu hosp,2026-05-02,quantile,0.4,2
2026-04-18,54,2,wk inc flu hosp,2026-05-02,quantile,0.45,3
2026-04-18,54,2,wk inc flu hosp,2026-05-02,quantile,0.5,4
2026-04-18,54,2,wk inc flu hosp,2026-05-02,quantile,0.55,5
2026-04-18,54,2,wk inc flu hosp,2026-05-02,quantile,0.6,6
2026-04-18,54,2,wk inc flu hosp,2026-05-02,quantile,0.65,7
2026-04-18,54,2,wk inc flu hosp,2026-05-02,quantile,0.7,7
2026-04-18,54,2,wk inc flu hosp,2026-05-02,quantile,0.75,9
2026-04-18,54,2,wk inc flu hosp,2026-05-02,quantile,0.8,10
2026-04-18,54,2,wk inc flu hosp,2026-05-02,quantile,0.85,12
2026-04-18,54,2,wk inc flu hosp,2026-05-02,quantile,0.9,14
2026-04-18,54,2,wk inc flu hosp,2026-05-02,quantile,0.95,21
2026-04-18,54,2,wk inc flu hosp,2026-05-02,quantile,0.975,28
2026-04-18,54,2,wk inc flu hosp,2026-05-02,quantile,0.99,39
2026-04-18,54,3,wk inc flu hosp,2026-05-09,quantile,0.01,0
2026-04-18,54,3,wk inc flu hosp,2026-05-09,quantile,0.025,0
2026-04-18,54,3,wk inc flu hosp,2026-05-09,quantile,0.05,0
2026-04-18,54,3,wk inc flu hosp,2026-05-09,quantile,0.1,0
2026-04-18,54,3,wk inc flu hosp,2026-05-09,quantile,0.15,0
2026-04-18,54,3,wk inc flu hosp,2026-05-09,quantile,0.2,0
2026-04-18,54,3,wk inc flu hosp,2026-05-09,quantile,0.25,1
2026-04-18,54,3,wk inc flu hosp,2026-05-09,quantile,0.3,1
2026-04-18,54,3,wk inc flu hosp,2026-05-09,quantile,0.35,1
2026-04-18,54,3,wk inc flu hosp,2026-05-09,quantile,0.4,1
2026-04-18,54,3,wk inc flu hosp,2026-05-09,quantile,0.45,2
2026-04-18,54,3,wk inc flu hosp,2026-05-09,quantile,0.5,3
2026-04-18,54,3,wk inc flu hosp,2026-05-09,quantile,0.55,4
2026-04-18,54,3,wk inc flu hosp,2026-05-09,quantile,0.6,5
2026-04-18,54,3,wk inc flu hosp,2026-05-09,quantile,0.65,5
2026-04-18,54,3,wk inc flu hosp,2026-05-09,quantile,0.7,7
2026-04-18,54,3,wk inc flu hosp,2026-05-09,quantile,0.75,7
2026-04-18,54,3,wk inc flu hosp,2026-05-09,quantile,0.8,9
2026-04-18,54,3,wk inc flu hosp,2026-05-09,quantile,0.85,11
2026-04-18,54,3,wk inc flu hosp,2026-05-09,quantile,0.9,14
2026-04-18,54,3,wk inc flu hosp,2026-05-09,quantile,0.95,18
2026-04-18,54,3,wk inc flu hosp,2026-05-09,quantile,0.975,30
2026-04-18,54,3,wk inc flu hosp,2026-05-09,quantile,0.99,43
2026-04-18,55,0,wk inc flu hosp,2026-04-18,quantile,0.01,5
2026-04-18,55,0,wk inc flu hosp,2026-04-18,quantile,0.025,8
2026-04-18,55,0,wk inc flu hosp,2026-04-18,quantile,0.05,9
2026-04-18,55,0,wk inc flu hosp,2026-04-18,quantile,0.1,12
2026-04-18,55,0,wk inc flu hosp,2026-04-18,quantile,0.15,14
2026-04-18,55,0,wk inc flu hosp,2026-04-18,quantile,0.2,17
2026-04-18,55,0,wk inc flu hosp,2026-04-18,quantile,0.25,19
2026-04-18,55,0,wk inc flu hosp,2026-04-18,quantile,0.3,21
2026-04-18,55,0,wk inc flu hosp,2026-04-18,quantile,0.35,22
2026-04-18,55,0,wk inc flu hosp,2026-04-18,quantile,0.4,24
2026-04-18,55,0,wk inc flu hosp,2026-04-18,quantile,0.45,26
2026-04-18,55,0,wk inc flu hosp,2026-04-18,quantile,0.5,29
2026-04-18,55,0,wk inc flu hosp,2026-04-18,quantile,0.55,32
2026-04-18,55,0,wk inc flu hosp,2026-04-18,quantile,0.6,34
2026-04-18,55,0,wk inc flu hosp,2026-04-18,quantile,0.65,37
2026-04-18,55,0,wk inc flu hosp,2026-04-18,quantile,0.7,39
2026-04-18,55,0,wk inc flu hosp,2026-04-18,quantile,0.75,41
2026-04-18,55,0,wk inc flu hosp,2026-04-18,quantile,0.8,46
2026-04-18,55,0,wk inc flu hosp,2026-04-18,quantile,0.85,50
2026-04-18,55,0,wk inc flu hosp,2026-04-18,quantile,0.9,55
2026-04-18,55,0,wk inc flu hosp,2026-04-18,quantile,0.95,65
2026-04-18,55,0,wk inc flu hosp,2026-04-18,quantile,0.975,74
2026-04-18,55,0,wk inc flu hosp,2026-04-18,quantile,0.99,85
2026-04-18,55,1,wk inc flu hosp,2026-04-25,quantile,0.01,1
2026-04-18,55,1,wk inc flu hosp,2026-04-25,quantile,0.025,1
2026-04-18,55,1,wk inc flu hosp,2026-04-25,quantile,0.05,2
2026-04-18,55,1,wk inc flu hosp,2026-04-25,quantile,0.1,4
2026-04-18,55,1,wk inc flu hosp,2026-04-25,quantile,0.15,6
2026-04-18,55,1,wk inc flu hosp,2026-04-25,quantile,0.2,8
2026-04-18,55,1,wk inc flu hosp,2026-04-25,quantile,0.25,12
2026-04-18,55,1,wk inc flu hosp,2026-04-25,quantile,0.3,13
2026-04-18,55,1,wk inc flu hosp,2026-04-25,quantile,0.35,15
2026-04-18,55,1,wk inc flu hosp,2026-04-25,quantile,0.4,17
2026-04-18,55,1,wk inc flu hosp,2026-04-25,quantile,0.45,19
2026-04-18,55,1,wk inc flu hosp,2026-04-25,quantile,0.5,21
2026-04-18,55,1,wk inc flu hosp,2026-04-25,quantile,0.55,25
2026-04-18,55,1,wk inc flu hosp,2026-04-25,quantile,0.6,28
2026-04-18,55,1,wk inc flu hosp,2026-04-25,quantile,0.65,30
2026-04-18,55,1,wk inc flu hosp,2026-04-25,quantile,0.7,33
2026-04-18,55,1,wk inc flu hosp,2026-04-25,quantile,0.75,35
2026-04-18,55,1,wk inc flu hosp,2026-04-25,quantile,0.8,40
2026-04-18,55,1,wk inc flu hosp,2026-04-25,quantile,0.85,44
2026-04-18,55,1,wk inc flu hosp,2026-04-25,quantile,0.9,51
2026-04-18,55,1,wk inc flu hosp,2026-04-25,quantile,0.95,64
2026-04-18,55,1,wk inc flu hosp,2026-04-25,quantile,0.975,77
2026-04-18,55,1,wk inc flu hosp,2026-04-25,quantile,0.99,92
2026-04-18,55,2,wk inc flu hosp,2026-05-02,quantile,0.01,0
2026-04-18,55,2,wk inc flu hosp,2026-05-02,quantile,0.025,0
2026-04-18,55,2,wk inc flu hosp,2026-05-02,quantile,0.05,1
2026-04-18,55,2,wk inc flu hosp,2026-05-02,quantile,0.1,2
2026-04-18,55,2,wk inc flu hosp,2026-05-02,quantile,0.15,4
2026-04-18,55,2,wk inc flu hosp,2026-05-02,quantile,0.2,5
2026-04-18,55,2,wk inc flu hosp,2026-05-02,quantile,0.25,7
2026-04-18,55,2,wk inc flu hosp,2026-05-02,quantile,0.3,7
2026-04-18,55,2,wk inc flu hosp,2026-05-02,quantile,0.35,11
2026-04-18,55,2,wk inc flu hosp,2026-05-02,quantile,0.4,12
2026-04-18,55,2,wk inc flu hosp,2026-05-02,quantile,0.45,14
2026-04-18,55,2,wk inc flu hosp,2026-05-02,quantile,0.5,16
2026-04-18,55,2,wk inc flu hosp,2026-05-02,quantile,0.55,20
2026-04-18,55,2,wk inc flu hosp,2026-05-02,quantile,0.6,23
2026-04-18,55,2,wk inc flu hosp,2026-05-02,quantile,0.65,26
2026-04-18,55,2,wk inc flu hosp,2026-05-02,quantile,0.7,28
2026-04-18,55,2,wk inc flu hosp,2026-05-02,quantile,0.75,30
2026-04-18,55,2,wk inc flu hosp,2026-05-02,quantile,0.8,34
2026-04-18,55,2,wk inc flu hosp,2026-05-02,quantile,0.85,38
2026-04-18,55,2,wk inc flu hosp,2026-05-02,quantile,0.9,45
2026-04-18,55,2,wk inc flu hosp,2026-05-02,quantile,0.95,59
2026-04-18,55,2,wk inc flu hosp,2026-05-02,quantile,0.975,75
2026-04-18,55,2,wk inc flu hosp,2026-05-02,quantile,0.99,90
2026-04-18,55,3,wk inc flu hosp,2026-05-09,quantile,0.01,0
2026-04-18,55,3,wk inc flu hosp,2026-05-09,quantile,0.025,0
2026-04-18,55,3,wk inc flu hosp,2026-05-09,quantile,0.05,0
2026-04-18,55,3,wk inc flu hosp,2026-05-09,quantile,0.1,1
2026-04-18,55,3,wk inc flu hosp,2026-05-09,quantile,0.15,2
2026-04-18,55,3,wk inc flu hosp,2026-05-09,quantile,0.2,3
2026-04-18,55,3,wk inc flu hosp,2026-05-09,quantile,0.25,5
2026-04-18,55,3,wk inc flu hosp,2026-05-09,quantile,0.3,6
2026-04-18,55,3,wk inc flu hosp,2026-05-09,quantile,0.35,7
2026-04-18,55,3,wk inc flu hosp,2026-05-09,quantile,0.4,9
2026-04-18,55,3,wk inc flu hosp,2026-05-09,quantile,0.45,11
2026-04-18,55,3,wk inc flu hosp,2026-05-09,quantile,0.5,14
2026-04-18,55,3,wk inc flu hosp,2026-05-09,quantile,0.55,17
2026-04-18,55,3,wk inc flu hosp,2026-05-09,quantile,0.6,19
2026-04-18,55,3,wk inc flu hosp,2026-05-09,quantile,0.65,22
2026-04-18,55,3,wk inc flu hosp,2026-05-09,quantile,0.7,25
2026-04-18,55,3,wk inc flu hosp,2026-05-09,quantile,0.75,28
2026-04-18,55,3,wk inc flu hosp,2026-05-09,quantile,0.8,31
2026-04-18,55,3,wk inc flu hosp,2026-05-09,quantile,0.85,35
2026-04-18,55,3,wk inc flu hosp,2026-05-09,quantile,0.9,41
2026-04-18,55,3,wk inc flu hosp,2026-05-09,quantile,0.95,67
2026-04-18,55,3,wk inc flu hosp,2026-05-09,quantile,0.975,85
2026-04-18,55,3,wk inc flu hosp,2026-05-09,quantile,0.99,110
2026-04-18,56,0,wk inc flu hosp,2026-04-18,quantile,0.01,0
2026-04-18,56,0,wk inc flu hosp,2026-04-18,quantile,0.025,1
2026-04-18,56,0,wk inc flu hosp,2026-04-18,quantile,0.05,1
2026-04-18,56,0,wk inc flu hosp,2026-04-18,quantile,0.1,2
2026-04-18,56,0,wk inc flu hosp,2026-04-18,quantile,0.15,3
2026-04-18,56,0,wk inc flu hosp,2026-04-18,quantile,0.2,3
2026-04-18,56,0,wk inc flu hosp,2026-04-18,quantile,0.25,4
2026-04-18,56,0,wk inc flu hosp,2026-04-18,quantile,0.3,4
2026-04-18,56,0,wk inc flu hosp,2026-04-18,quantile,0.35,5
2026-04-18,56,0,wk inc flu hosp,2026-04-18,quantile,0.4,5
2026-04-18,56,0,wk inc flu hosp,2026-04-18,quantile,0.45,6
2026-04-18,56,0,wk inc flu hosp,2026-04-18,quantile,0.5,7
2026-04-18,56,0,wk inc flu hosp,2026-04-18,quantile,0.55,7
2026-04-18,56,0,wk inc flu hosp,2026-04-18,quantile,0.6,8
2026-04-18,56,0,wk inc flu hosp,2026-04-18,quantile,0.65,9
2026-04-18,56,0,wk inc flu hosp,2026-04-18,quantile,0.7,9
2026-04-18,56,0,wk inc flu hosp,2026-04-18,quantile,0.75,10
2026-04-18,56,0,wk inc flu hosp,2026-04-18,quantile,0.8,11
2026-04-18,56,0,wk inc flu hosp,2026-04-18,quantile,0.85,12
2026-04-18,56,0,wk inc flu hosp,2026-04-18,quantile,0.9,14
2026-04-18,56,0,wk inc flu hosp,2026-04-18,quantile,0.95,17
2026-04-18,56,0,wk inc flu hosp,2026-04-18,quantile,0.975,19
2026-04-18,56,0,wk inc flu hosp,2026-04-18,quantile,0.99,21
2026-04-18,56,1,wk inc flu hosp,2026-04-25,quantile,0.01,0
2026-04-18,56,1,wk inc flu hosp,2026-04-25,quantile,0.025,0
2026-04-18,56,1,wk inc flu hosp,2026-04-25,quantile,0.05,1
2026-04-18,56,1,wk inc flu hosp,2026-04-25,quantile,0.1,1
2026-04-18,56,1,wk inc flu hosp,2026-04-25,quantile,0.15,2
2026-04-18,56,1,wk inc flu hosp,2026-04-25,quantile,0.2,2
2026-04-18,56,1,wk inc flu hosp,2026-04-25,quantile,0.25,3
2026-04-18,56,1,wk inc flu hosp,2026-04-25,quantile,0.3,3
2026-04-18,56,1,wk inc flu hosp,2026-04-25,quantile,0.35,4
2026-04-18,56,1,wk inc flu hosp,2026-04-25,quantile,0.4,4
2026-04-18,56,1,wk inc flu hosp,2026-04-25,quantile,0.45,5
2026-04-18,56,1,wk inc flu hosp,2026-04-25,quantile,0.5,6
2026-04-18,56,1,wk inc flu hosp,2026-04-25,quantile,0.55,6
2026-04-18,56,1,wk inc flu hosp,2026-04-25,quantile,0.6,7
2026-04-18,56,1,wk inc flu hosp,2026-04-25,quantile,0.65,8
2026-04-18,56,1,wk inc flu hosp,2026-04-25,quantile,0.7,9
2026-04-18,56,1,wk inc flu hosp,2026-04-25,quantile,0.75,10
2026-04-18,56,1,wk inc flu hosp,2026-04-25,quantile,0.8,11
2026-04-18,56,1,wk inc flu hosp,2026-04-25,quantile,0.85,12
2026-04-18,56,1,wk inc flu hosp,2026-04-25,quantile,0.9,14
2026-04-18,56,1,wk inc flu hosp,2026-04-25,quantile,0.95,17
2026-04-18,56,1,wk inc flu hosp,2026-04-25,quantile,0.975,20
2026-04-18,56,1,wk inc flu hosp,2026-04-25,quantile,0.99,25
2026-04-18,56,2,wk inc flu hosp,2026-05-02,quantile,0.01,0
2026-04-18,56,2,wk inc flu hosp,2026-05-02,quantile,0.025,0
2026-04-18,56,2,wk inc flu hosp,2026-05-02,quantile,0.05,0
2026-04-18,56,2,wk inc flu hosp,2026-05-02,quantile,0.1,1
2026-04-18,56,2,wk inc flu hosp,2026-05-02,quantile,0.15,1
2026-04-18,56,2,wk inc flu hosp,2026-05-02,quantile,0.2,1
2026-04-18,56,2,wk inc flu hosp,2026-05-02,quantile,0.25,2
2026-04-18,56,2,wk inc flu hosp,2026-05-02,quantile,0.3,2
2026-04-18,56,2,wk inc flu hosp,2026-05-02,quantile,0.35,3
2026-04-18,56,2,wk inc flu hosp,2026-05-02,quantile,0.4,3
2026-04-18,56,2,wk inc flu hosp,2026-05-02,quantile,0.45,4
2026-04-18,56,2,wk inc flu hosp,2026-05-02,quantile,0.5,5
2026-04-18,56,2,wk inc flu hosp,2026-05-02,quantile,0.55,6
2026-04-18,56,2,wk inc flu hosp,2026-05-02,quantile,0.6,6
2026-04-18,56,2,wk inc flu hosp,2026-05-02,quantile,0.65,7
2026-04-18,56,2,wk inc flu hosp,2026-05-02,quantile,0.7,8
2026-04-18,56,2,wk inc flu hosp,2026-05-02,quantile,0.75,8
2026-04-18,56,2,wk inc flu hosp,2026-05-02,quantile,0.8,10
2026-04-18,56,2,wk inc flu hosp,2026-05-02,quantile,0.85,12
2026-04-18,56,2,wk inc flu hosp,2026-05-02,quantile,0.9,14
2026-04-18,56,2,wk inc flu hosp,2026-05-02,quantile,0.95,17
2026-04-18,56,2,wk inc flu hosp,2026-05-02,quantile,0.975,21
2026-04-18,56,2,wk inc flu hosp,2026-05-02,quantile,0.99,26
2026-04-18,56,3,wk inc flu hosp,2026-05-09,quantile,0.01,0
2026-04-18,56,3,wk inc flu hosp,2026-05-09,quantile,0.025,0
2026-04-18,56,3,wk inc flu hosp,2026-05-09,quantile,0.05,0
2026-04-18,56,3,wk inc flu hosp,2026-05-09,quantile,0.1,0
2026-04-18,56,3,wk inc flu hosp,2026-05-09,quantile,0.15,0
2026-04-18,56,3,wk inc flu hosp,2026-05-09,quantile,0.2,1
2026-04-18,56,3,wk inc flu hosp,2026-05-09,quantile,0.25,1
2026-04-18,56,3,wk inc flu hosp,2026-05-09,quantile,0.3,2
2026-04-18,56,3,wk inc flu hosp,2026-05-09,quantile,0.35,2
2026-04-18,56,3,wk inc flu hosp,2026-05-09,quantile,0.4,3
2026-04-18,56,3,wk inc flu hosp,2026-05-09,quantile,0.45,3
2026-04-18,56,3,wk inc flu hosp,2026-05-09,quantile,0.5,4
2026-04-18,56,3,wk inc flu hosp,2026-05-09,quantile,0.55,5
2026-04-18,56,3,wk inc flu hosp,2026-05-09,quantile,0.6,5
2026-04-18,56,3,wk inc flu hosp,2026-05-09,quantile,0.65,6
2026-04-18,56,3,wk inc flu hosp,2026-05-09,quantile,0.7,7
2026-04-18,56,3,wk inc flu hosp,2026-05-09,quantile,0.75,8
2026-04-18,56,3,wk inc flu hosp,2026-05-09,quantile,0.8,9
2026-04-18,56,3,wk inc flu hosp,2026-05-09,quantile,0.85,11
2026-04-18,56,3,wk inc flu hosp,2026-05-09,quantile,0.9,13
2026-04-18,56,3,wk inc flu hosp,2026-05-09,quantile,0.95,17
2026-04-18,56,3,wk inc flu hosp,2026-05-09,quantile,0.975,23
2026-04-18,56,3,wk inc flu hosp,2026-05-09,quantile,0.99,27
2026-04-18,72,0,wk inc flu hosp,2026-04-18,quantile,0.01,20
2026-04-18,72,0,wk inc flu hosp,2026-04-18,quantile,0.025,25
2026-04-18,72,0,wk inc flu hosp,2026-04-18,quantile,0.05,29
2026-04-18,72,0,wk inc flu hosp,2026-04-18,quantile,0.1,35
2026-04-18,72,0,wk inc flu hosp,2026-04-18,quantile,0.15,39
2026-04-18,72,0,wk inc flu hosp,2026-04-18,quantile,0.2,43
2026-04-18,72,0,wk inc flu hosp,2026-04-18,quantile,0.25,47
2026-04-18,72,0,wk inc flu hosp,2026-04-18,quantile,0.3,50
2026-04-18,72,0,wk inc flu hosp,2026-04-18,quantile,0.35,54
2026-04-18,72,0,wk inc flu hosp,2026-04-18,quantile,0.4,56
2026-04-18,72,0,wk inc flu hosp,2026-04-18,quantile,0.45,61
2026-04-18,72,0,wk inc flu hosp,2026-04-18,quantile,0.5,65
2026-04-18,72,0,wk inc flu hosp,2026-04-18,quantile,0.55,70
2026-04-18,72,0,wk inc flu hosp,2026-04-18,quantile,0.6,74
2026-04-18,72,0,wk inc flu hosp,2026-04-18,quantile,0.65,78
2026-04-18,72,0,wk inc flu hosp,2026-04-18,quantile,0.7,83
2026-04-18,72,0,wk inc flu hosp,2026-04-18,quantile,0.75,87
2026-04-18,72,0,wk inc flu hosp,2026-04-18,quantile,0.8,93
2026-04-18,72,0,wk inc flu hosp,2026-04-18,quantile,0.85,100
2026-04-18,72,0,wk inc flu hosp,2026-04-18,quantile,0.9,109
2026-04-18,72,0,wk inc flu hosp,2026-04-18,quantile,0.95,126
2026-04-18,72,0,wk inc flu hosp,2026-04-18,quantile,0.975,142
2026-04-18,72,0,wk inc flu hosp,2026-04-18,quantile,0.99,162
2026-04-18,72,1,wk inc flu hosp,2026-04-25,quantile,0.01,14
2026-04-18,72,1,wk inc flu hosp,2026-04-25,quantile,0.025,17
2026-04-18,72,1,wk inc flu hosp,2026-04-25,quantile,0.05,21
2026-04-18,72,1,wk inc flu hosp,2026-04-25,quantile,0.1,29
2026-04-18,72,1,wk inc flu hosp,2026-04-25,quantile,0.15,34
2026-04-18,72,1,wk inc flu hosp,2026-04-25,quantile,0.2,38
2026-04-18,72,1,wk inc flu hosp,2026-04-25,quantile,0.25,43
2026-04-18,72,1,wk inc flu hosp,2026-04-25,quantile,0.3,47
2026-04-18,72,1,wk inc flu hosp,2026-04-25,quantile,0.35,49
2026-04-18,72,1,wk inc flu hosp,2026-04-25,quantile,0.4,51
2026-04-18,72,1,wk inc flu hosp,2026-04-25,quantile,0.45,56
2026-04-18,72,1,wk inc flu hosp,2026-04-25,quantile,0.5,62
2026-04-18,72,1,wk inc flu hosp,2026-04-25,quantile,0.55,66
2026-04-18,72,1,wk inc flu hosp,2026-04-25,quantile,0.6,70
2026-04-18,72,1,wk inc flu hosp,2026-04-25,quantile,0.65,75
2026-04-18,72,1,wk inc flu hosp,2026-04-25,quantile,0.7,80
2026-04-18,72,1,wk inc flu hosp,2026-04-25,quantile,0.75,88
2026-04-18,72,1,wk inc flu hosp,2026-04-25,quantile,0.8,95
2026-04-18,72,1,wk inc flu hosp,2026-04-25,quantile,0.85,102
2026-04-18,72,1,wk inc flu hosp,2026-04-25,quantile,0.9,114
2026-04-18,72,1,wk inc flu hosp,2026-04-25,quantile,0.95,131
2026-04-18,72,1,wk inc flu hosp,2026-04-25,quantile,0.975,153
2026-04-18,72,1,wk inc flu hosp,2026-04-25,quantile,0.99,178
2026-04-18,72,2,wk inc flu hosp,2026-05-02,quantile,0.01,8
2026-04-18,72,2,wk inc flu hosp,2026-05-02,quantile,0.025,14
2026-04-18,72,2,wk inc flu hosp,2026-05-02,quantile,0.05,17
2026-04-18,72,2,wk inc flu hosp,2026-05-02,quantile,0.1,26
2026-04-18,72,2,wk inc flu hosp,2026-05-02,quantile,0.15,30
2026-04-18,72,2,wk inc flu hosp,2026-05-02,quantile,0.2,35
2026-04-18,72,2,wk inc flu hosp,2026-05-02,quantile,0.25,39
2026-04-18,72,2,wk inc flu hosp,2026-05-02,quantile,0.3,42
2026-04-18,72,2,wk inc flu hosp,2026-05-02,quantile,0.35,46
2026-04-18,72,2,wk inc flu hosp,2026-05-02,quantile,0.4,50
2026-04-18,72,2,wk inc flu hosp,2026-05-02,quantile,0.45,54
2026-04-18,72,2,wk inc flu hosp,2026-05-02,quantile,0.5,59
2026-04-18,72,2,wk inc flu hosp,2026-05-02,quantile,0.55,64
2026-04-18,72,2,wk inc flu hosp,2026-05-02,quantile,0.6,69
2026-04-18,72,2,wk inc flu hosp,2026-05-02,quantile,0.65,74
2026-04-18,72,2,wk inc flu hosp,2026-05-02,quantile,0.7,78
2026-04-18,72,2,wk inc flu hosp,2026-05-02,quantile,0.75,86
2026-04-18,72,2,wk inc flu hosp,2026-05-02,quantile,0.8,94
2026-04-18,72,2,wk inc flu hosp,2026-05-02,quantile,0.85,108
2026-04-18,72,2,wk inc flu hosp,2026-05-02,quantile,0.9,119
2026-04-18,72,2,wk inc flu hosp,2026-05-02,quantile,0.95,143
2026-04-18,72,2,wk inc flu hosp,2026-05-02,quantile,0.975,164
2026-04-18,72,2,wk inc flu hosp,2026-05-02,quantile,0.99,200
2026-04-18,72,3,wk inc flu hosp,2026-05-09,quantile,0.01,6
2026-04-18,72,3,wk inc flu hosp,2026-05-09,quantile,0.025,10
2026-04-18,72,3,wk inc flu hosp,2026-05-09,quantile,0.05,14
2026-04-18,72,3,wk inc flu hosp,2026-05-09,quantile,0.1,22
2026-04-18,72,3,wk inc flu hosp,2026-05-09,quantile,0.15,28
2026-04-18,72,3,wk inc flu hosp,2026-05-09,quantile,0.2,32
2026-04-18,72,3,wk inc flu hosp,2026-05-09,quantile,0.25,36
2026-04-18,72,3,wk inc flu hosp,2026-05-09,quantile,0.3,39
2026-04-18,72,3,wk inc flu hosp,2026-05-09,quantile,0.35,42
2026-04-18,72,3,wk inc flu hosp,2026-05-09,quantile,0.4,45
2026-04-18,72,3,wk inc flu hosp,2026-05-09,quantile,0.45,50
2026-04-18,72,3,wk inc flu hosp,2026-05-09,quantile,0.5,56
2026-04-18,72,3,wk inc flu hosp,2026-05-09,quantile,0.55,61
2026-04-18,72,3,wk inc flu hosp,2026-05-09,quantile,0.6,65
2026-04-18,72,3,wk inc flu hosp,2026-05-09,quantile,0.65,71
2026-04-18,72,3,wk inc flu hosp,2026-05-09,quantile,0.7,78
2026-04-18,72,3,wk inc flu hosp,2026-05-09,quantile,0.75,85
2026-04-18,72,3,wk inc flu hosp,2026-05-09,quantile,0.8,94
2026-04-18,72,3,wk inc flu hosp,2026-05-09,quantile,0.85,107
2026-04-18,72,3,wk inc flu hosp,2026-05-09,quantile,0.9,121
2026-04-18,72,3,wk inc flu hosp,2026-05-09,quantile,0.95,151
2026-04-18,72,3,wk inc flu hosp,2026-05-09,quantile,0.975,184
2026-04-18,72,3,wk inc flu hosp,2026-05-09,quantile,0.99,219
2026-04-18,US,0,wk inc flu hosp,2026-04-18,quantile,0.01,482
2026-04-18,US,0,wk inc flu hosp,2026-04-18,quantile,0.025,616
2026-04-18,US,0,wk inc flu hosp,2026-04-18,quantile,0.05,694
2026-04-18,US,0,wk inc flu hosp,2026-04-18,quantile,0.1,871
2026-04-18,US,0,wk inc flu hosp,2026-04-18,quantile,0.15,1032
2026-04-18,US,0,wk inc flu hosp,2026-04-18,quantile,0.2,1129
2026-04-18,US,0,wk inc flu hosp,2026-04-18,quantile,0.25,1220
2026-04-18,US,0,wk inc flu hosp,2026-04-18,quantile,0.3,1309
2026-04-18,US,0,wk inc flu hosp,2026-04-18,quantile,0.35,1388
2026-04-18,US,0,wk inc flu hosp,2026-04-18,quantile,0.4,1454
2026-04-18,US,0,wk inc flu hosp,2026-04-18,quantile,0.45,1530
2026-04-18,US,0,wk inc flu hosp,2026-04-18,quantile,0.5,1600
2026-04-18,US,0,wk inc flu hosp,2026-04-18,quantile,0.55,1661
2026-04-18,US,0,wk inc flu hosp,2026-04-18,quantile,0.6,1730
2026-04-18,US,0,wk inc flu hosp,2026-04-18,quantile,0.65,1785
2026-04-18,US,0,wk inc flu hosp,2026-04-18,quantile,0.7,1884
2026-04-18,US,0,wk inc flu hosp,2026-04-18,quantile,0.75,1976
2026-04-18,US,0,wk inc flu hosp,2026-04-18,quantile,0.8,2079
2026-04-18,US,0,wk inc flu hosp,2026-04-18,quantile,0.85,2200
2026-04-18,US,0,wk inc flu hosp,2026-04-18,quantile,0.9,2435
2026-04-18,US,0,wk inc flu hosp,2026-04-18,quantile,0.95,2698
2026-04-18,US,0,wk inc flu hosp,2026-04-18,quantile,0.975,2939
2026-04-18,US,0,wk inc flu hosp,2026-04-18,quantile,0.99,3387
2026-04-18,US,1,wk inc flu hosp,2026-04-25,quantile,0.01,291
2026-04-18,US,1,wk inc flu hosp,2026-04-25,quantile,0.025,391
2026-04-18,US,1,wk inc flu hosp,2026-04-25,quantile,0.05,472
2026-04-18,US,1,wk inc flu hosp,2026-04-25,quantile,0.1,566
2026-04-18,US,1,wk inc flu hosp,2026-04-25,quantile,0.15,655
2026-04-18,US,1,wk inc flu hosp,2026-04-25,quantile,0.2,791
2026-04-18,US,1,wk inc flu hosp,2026-04-25,quantile,0.25,898
2026-04-18,US,1,wk inc flu hosp,2026-04-25,quantile,0.3,976
2026-04-18,US,1,wk inc flu hosp,2026-04-25,quantile,0.35,1060
2026-04-18,US,1,wk inc flu hosp,2026-04-25,quantile,0.4,1163
2026-04-18,US,1,wk inc flu hosp,2026-04-25,quantile,0.45,1267
2026-04-18,US,1,wk inc flu hosp,2026-04-25,quantile,0.5,1334
2026-04-18,US,1,wk inc flu hosp,2026-04-25,quantile,0.55,1459
2026-04-18,US,1,wk inc flu hosp,2026-04-25,quantile,0.6,1525
2026-04-18,US,1,wk inc flu hosp,2026-04-25,quantile,0.65,1599
2026-04-18,US,1,wk inc flu hosp,2026-04-25,quantile,0.7,1718
2026-04-18,US,1,wk inc flu hosp,2026-04-25,quantile,0.75,1839
2026-04-18,US,1,wk inc flu hosp,2026-04-25,quantile,0.8,1963
2026-04-18,US,1,wk inc flu hosp,2026-04-25,quantile,0.85,2060
2026-04-18,US,1,wk inc flu hosp,2026-04-25,quantile,0.9,2259
2026-04-18,US,1,wk inc flu hosp,2026-04-25,quantile,0.95,2595
2026-04-18,US,1,wk inc flu hosp,2026-04-25,quantile,0.975,2948
2026-04-18,US,1,wk inc flu hosp,2026-04-25,quantile,0.99,3486
2026-04-18,US,2,wk inc flu hosp,2026-05-02,quantile,0.01,27
2026-04-18,US,2,wk inc flu hosp,2026-05-02,quantile,0.025,128
2026-04-18,US,2,wk inc flu hosp,2026-05-02,quantile,0.05,295
2026-04-18,US,2,wk inc flu hosp,2026-05-02,quantile,0.1,388
2026-04-18,US,2,wk inc flu hosp,2026-05-02,quantile,0.15,435
2026-04-18,US,2,wk inc flu hosp,2026-05-02,quantile,0.2,475
2026-04-18,US,2,wk inc flu hosp,2026-05-02,quantile,0.25,513
2026-04-18,US,2,wk inc flu hosp,2026-05-02,quantile,0.3,588
2026-04-18,US,2,wk inc flu hosp,2026-05-02,quantile,0.35,758
2026-04-18,US,2,wk inc flu hosp,2026-05-02,quantile,0.4,893
2026-04-18,US,2,wk inc flu hosp,2026-05-02,quantile,0.45,1018
2026-04-18,US,2,wk inc flu hosp,2026-05-02,quantile,0.5,1108
2026-04-18,US,2,wk inc flu hosp,2026-05-02,quantile,0.55,1226
2026-04-18,US,2,wk inc flu hosp,2026-05-02,quantile,0.6,1302
2026-04-18,US,2,wk inc flu hosp,2026-05-02,quantile,0.65,1432
2026-04-18,US,2,wk inc flu hosp,2026-05-02,quantile,0.7,1552
2026-04-18,US,2,wk inc flu hosp,2026-05-02,quantile,0.75,1637
2026-04-18,US,2,wk inc flu hosp,2026-05-02,quantile,0.8,1766
2026-04-18,US,2,wk inc flu hosp,2026-05-02,quantile,0.85,1903
2026-04-18,US,2,wk inc flu hosp,2026-05-02,quantile,0.9,2002
2026-04-18,US,2,wk inc flu hosp,2026-05-02,quantile,0.95,2327
2026-04-18,US,2,wk inc flu hosp,2026-05-02,quantile,0.975,2666
2026-04-18,US,2,wk inc flu hosp,2026-05-02,quantile,0.99,3272
2026-04-18,US,3,wk inc flu hosp,2026-05-09,quantile,0.01,11
2026-04-18,US,3,wk inc flu hosp,2026-05-09,quantile,0.025,55
2026-04-18,US,3,wk inc flu hosp,2026-05-09,quantile,0.05,124
2026-04-18,US,3,wk inc flu hosp,2026-05-09,quantile,0.1,235
2026-04-18,US,3,wk inc flu hosp,2026-05-09,quantile,0.15,316
2026-04-18,US,3,wk inc flu hosp,2026-05-09,quantile,0.2,397
2026-04-18,US,3,wk inc flu hosp,2026-05-09,quantile,0.25,463
2026-04-18,US,3,wk inc flu hosp,2026-05-09,quantile,0.3,561
2026-04-18,US,3,wk inc flu hosp,2026-05-09,quantile,0.35,648
2026-04-18,US,3,wk inc flu hosp,2026-05-09,quantile,0.4,766
2026-04-18,US,3,wk inc flu hosp,2026-05-09,quantile,0.45,840
2026-04-18,US,3,wk inc flu hosp,2026-05-09,quantile,0.5,963
2026-04-18,US,3,wk inc flu hosp,2026-05-09,quantile,0.55,1053
2026-04-18,US,3,wk inc flu hosp,2026-05-09,quantile,0.6,1158
2026-04-18,US,3,wk inc flu hosp,2026-05-09,quantile,0.65,1281
2026-04-18,US,3,wk inc flu hosp,2026-05-09,quantile,0.7,1412
2026-04-18,US,3,wk inc flu hosp,2026-05-09,quantile,0.75,1551
2026-04-18,US,3,wk inc flu hosp,2026-05-09,quantile,0.8,1656
2026-04-18,US,3,wk inc flu hosp,2026-05-09,quantile,0.85,1744
2026-04-18,US,3,wk inc flu hosp,2026-05-09,quantile,0.9,1953
2026-04-18,US,3,wk inc flu hosp,2026-05-09,quantile,0.95,2369
2026-04-18,US,3,wk inc flu hosp,2026-05-09,quantile,0.975,2743
2026-04-18,US,3,wk inc flu hosp,2026-05-09,quantile,0.99,3524
